idx,x,y,z,u,v,ok,confidence,std_u,std_v,timestamp,n_valid,image_path,overlay_path,mask_path
0,0.02,0.0,0.0,588.4777070063694,29.421178343949045,1,0.0,0.05548702072034171,0.04602122210822436,1777949627.1903398,5,/Users/kimsumin/projects/RGMC/data/map/robot14/images/0000.png,/Users/kimsumin/projects/RGMC/data/map/robot14/overlays/0000_overlay.png,/Users/kimsumin/projects/RGMC/data/map/robot14/masks/0000_mask.png
1,0.049375,0.0,0.0,587.9243986254296,42.227495908346974,1,0.0,0.23660701117782346,0.2901350771473863,1777949638.1329658,5,/Users/kimsumin/projects/RGMC/data/map/robot14/images/0001.png,/Users/kimsumin/projects/RGMC/data/map/robot14/overlays/0001_overlay.png,/Users/kimsumin/projects/RGMC/data/map/robot14/masks/0001_mask.png
2,0.07875,0.0,0.0,587.6689075630252,56.31680672268907,1,0.0,0.041004198311275934,0.07067694241913293,1777949648.8919964,5,/Users/kimsumin/projects/RGMC/data/map/robot14/images/0002.png,/Users/kimsumin/projects/RGMC/data/map/robot14/overlays/0002_overlay.png,/Users/kimsumin/projects/RGMC/data/map/robot14/masks/0002_mask.png
3,0.108125,0.0,0.0,587.9797406807131,69.79407051282051,1,0.0,0.0475466467685045,0.0627857012034055,1777949660.5685642,5,/Users/kimsumin/projects/RGMC/data/map/robot14/images/0003.png,/Users/kimsumin/projects/RGMC/data/map/robot14/overlays/0003_overlay.png,/Users/kimsumin/projects/RGMC/data/map/robot14/masks/0003_mask.png
4,0.13749999999999998,0.0,0.0,586.8392999204455,82.65470494417863,1,0.0,0.3096664274563226,0.14058489675915165,1777949672.3450983,5,/Users/kimsumin/projects/RGMC/data/map/robot14/images/0004.png,/Users/kimsumin/projects/RGMC/data/map/robot14/overlays/0004_overlay.png,/Users/kimsumin/projects/RGMC/data/map/robot14/masks/0004_mask.png
5,0.16687499999999997,0.0,0.0,587.2204526404023,96.72841575859178,1,0.0,0.027837396270657715,0.04305383224346884,1777949683.1900282,5,/Users/kimsumin/projects/RGMC/data/map/robot14/images/0005.png,/Users/kimsumin/projects/RGMC/data/map/robot14/overlays/0005_overlay.png,/Users/kimsumin/projects/RGMC/data/map/robot14/masks/0005_mask.png
6,0.19624999999999998,0.0,0.0,586.4173228346457,109.72677165354331,1,0.0,0.44306089805503684,0.026641715209452875,1777949695.1880395,5,/Users/kimsumin/projects/RGMC/data/map/robot14/images/0006.png,/Users/kimsumin/projects/RGMC/data/map/robot14/overlays/0006_overlay.png,/Users/kimsumin/projects/RGMC/data/map/robot14/masks/0006_mask.png
7,0.225625,0.0,0.0,586.0780082987552,123.47531380753138,1,0.0,0.039804753081544214,0.2716260495763102,1777949705.8991992,5,/Users/kimsumin/projects/RGMC/data/map/robot14/images/0007.png,/Users/kimsumin/projects/RGMC/data/map/robot14/overlays/0007_overlay.png,/Users/kimsumin/projects/RGMC/data/map/robot14/masks/0007_mask.png
8,0.255,0.0,0.0,585.8375304630382,136.48976248976248,1,0.0,0.04320880814902935,0.018080594547558646,1777949718.0106444,5,/Users/kimsumin/projects/RGMC/data/map/robot14/images/0008.png,/Users/kimsumin/projects/RGMC/data/map/robot14/overlays/0008_overlay.png,/Users/kimsumin/projects/RGMC/data/map/robot14/masks/0008_mask.png
9,0.284375,0.0,0.0,585.7321711568939,149.6288906624102,1,0.0,0.03145407375009872,0.04129865936810681,1777949729.0916765,5,/Users/kimsumin/projects/RGMC/data/map/robot14/images/0009.png,/Users/kimsumin/projects/RGMC/data/map/robot14/overlays/0009_overlay.png,/Users/kimsumin/projects/RGMC/data/map/robot14/masks/0009_mask.png
10,0.31375,0.0,0.0,585.3357903357903,162.62571662571662,1,0.0,0.02034771344666825,0.08608893432392316,1777949739.8158467,5,/Users/kimsumin/projects/RGMC/data/map/robot14/images/0010.png,/Users/kimsumin/projects/RGMC/data/map/robot14/overlays/0010_overlay.png,/Users/kimsumin/projects/RGMC/data/map/robot14/masks/0010_mask.png
11,0.343125,0.0,0.0,585.4773462783171,176.60731707317072,1,0.0,0.0397160718268714,0.0655368949765158,1777949750.55508,5,/Users/kimsumin/projects/RGMC/data/map/robot14/images/0011.png,/Users/kimsumin/projects/RGMC/data/map/robot14/overlays/0011_overlay.png,/Users/kimsumin/projects/RGMC/data/map/robot14/masks/0011_mask.png
12,0.3725,0.0,0.0,585.3562300319488,189.66266986410872,1,0.0,0.015682543354660673,0.07502005378963583,1777949760.909358,5,/Users/kimsumin/projects/RGMC/data/map/robot14/images/0012.png,/Users/kimsumin/projects/RGMC/data/map/robot14/overlays/0012_overlay.png,/Users/kimsumin/projects/RGMC/data/map/robot14/masks/0012_mask.png
13,0.401875,0.0,0.0,585.1954765751211,202.46677471636954,1,0.0,0.07016408601814143,0.0602203982023642,1777949771.7007143,5,/Users/kimsumin/projects/RGMC/data/map/robot14/images/0013.png,/Users/kimsumin/projects/RGMC/data/map/robot14/overlays/0013_overlay.png,/Users/kimsumin/projects/RGMC/data/map/robot14/masks/0013_mask.png
14,0.43125,0.0,0.0,585.0578778135048,216.76442307692307,1,0.0,0.014486783638336276,0.04640782224380188,1777949782.5550861,5,/Users/kimsumin/projects/RGMC/data/map/robot14/images/0014.png,/Users/kimsumin/projects/RGMC/data/map/robot14/overlays/0014_overlay.png,/Users/kimsumin/projects/RGMC/data/map/robot14/masks/0014_mask.png
15,0.460625,0.0,0.0,585.0296,229.4112,1,0.0,0.04340598100849296,0.06962512775501617,1777949793.0873668,5,/Users/kimsumin/projects/RGMC/data/map/robot14/images/0015.png,/Users/kimsumin/projects/RGMC/data/map/robot14/overlays/0015_overlay.png,/Users/kimsumin/projects/RGMC/data/map/robot14/masks/0015_mask.png
16,0.49,0.0,0.0,584.4761133603239,242.57154340836013,1,0.0,0.07550952369114389,0.09865926019308219,1777949803.917467,5,/Users/kimsumin/projects/RGMC/data/map/robot14/images/0016.png,/Users/kimsumin/projects/RGMC/data/map/robot14/overlays/0016_overlay.png,/Users/kimsumin/projects/RGMC/data/map/robot14/masks/0016_mask.png
17,0.5193749999999999,0.0,0.0,584.3271812080537,256.3899581589958,1,0.0,0.10273821535055959,0.05767170598160467,1777949814.5668976,5,/Users/kimsumin/projects/RGMC/data/map/robot14/images/0017.png,/Users/kimsumin/projects/RGMC/data/map/robot14/overlays/0017_overlay.png,/Users/kimsumin/projects/RGMC/data/map/robot14/masks/0017_mask.png
18,0.54875,0.0,0.0,584.2979423868313,269.2475328947368,1,0.0,0.21973835945905604,0.04533864964906976,1777949825.326351,5,/Users/kimsumin/projects/RGMC/data/map/robot14/images/0018.png,/Users/kimsumin/projects/RGMC/data/map/robot14/overlays/0018_overlay.png,/Users/kimsumin/projects/RGMC/data/map/robot14/masks/0018_mask.png
19,0.578125,0.0,0.0,584.5411572942136,282.23145884270576,1,0.0,0.06094607564690985,0.03270991915394642,1777949835.7862089,5,/Users/kimsumin/projects/RGMC/data/map/robot14/images/0019.png,/Users/kimsumin/projects/RGMC/data/map/robot14/overlays/0019_overlay.png,/Users/kimsumin/projects/RGMC/data/map/robot14/masks/0019_mask.png
20,0.6074999999999999,0.0,0.0,584.5411954765751,295.53715670436185,1,0.0,0.27297053616864675,0.3020764876533164,1777949846.4137952,5,/Users/kimsumin/projects/RGMC/data/map/robot14/images/0020.png,/Users/kimsumin/projects/RGMC/data/map/robot14/overlays/0020_overlay.png,/Users/kimsumin/projects/RGMC/data/map/robot14/masks/0020_mask.png
21,0.636875,0.0,0.0,584.2716049382716,308.99835119538335,1,0.0,0.046876266612391734,0.034296750203418686,1777949857.1812377,5,/Users/kimsumin/projects/RGMC/data/map/robot14/images/0021.png,/Users/kimsumin/projects/RGMC/data/map/robot14/overlays/0021_overlay.png,/Users/kimsumin/projects/RGMC/data/map/robot14/masks/0021_mask.png
22,0.66625,0.0,0.0,583.6760797342192,322.34442595673875,1,0.0,0.006156515446580344,0.027900043994966376,1777949868.4534676,5,/Users/kimsumin/projects/RGMC/data/map/robot14/images/0022.png,/Users/kimsumin/projects/RGMC/data/map/robot14/overlays/0022_overlay.png,/Users/kimsumin/projects/RGMC/data/map/robot14/masks/0022_mask.png
23,0.6956249999999999,0.0,0.0,583.6757215619695,335.29966044142617,1,0.0,0.033633955639055226,0.31121328656381253,1777949879.1855223,5,/Users/kimsumin/projects/RGMC/data/map/robot14/images/0023.png,/Users/kimsumin/projects/RGMC/data/map/robot14/overlays/0023_overlay.png,/Users/kimsumin/projects/RGMC/data/map/robot14/masks/0023_mask.png
24,0.725,0.0,0.0,583.5531732418525,349.04288164665525,1,0.0,0.0795750021844324,0.0476368944590439,1777949890.1556857,5,/Users/kimsumin/projects/RGMC/data/map/robot14/images/0024.png,/Users/kimsumin/projects/RGMC/data/map/robot14/overlays/0024_overlay.png,/Users/kimsumin/projects/RGMC/data/map/robot14/masks/0024_mask.png
25,0.754375,0.0,0.0,583.7019641332195,361.9812765957447,1,0.0,0.04085341055103794,0.03426592674254696,1777949901.0029442,5,/Users/kimsumin/projects/RGMC/data/map/robot14/images/0025.png,/Users/kimsumin/projects/RGMC/data/map/robot14/overlays/0025_overlay.png,/Users/kimsumin/projects/RGMC/data/map/robot14/masks/0025_mask.png
26,0.78375,0.0,0.0,583.783759929391,375.663139329806,1,0.0,0.05996378676217441,0.20172600509224706,1777949911.8628674,5,/Users/kimsumin/projects/RGMC/data/map/robot14/images/0026.png,/Users/kimsumin/projects/RGMC/data/map/robot14/overlays/0026_overlay.png,/Users/kimsumin/projects/RGMC/data/map/robot14/masks/0026_mask.png
27,0.813125,0.0,0.0,583.737552742616,389.2956081081081,1,0.0,0.05219128424754535,0.006563641220107844,1777949923.0189307,5,/Users/kimsumin/projects/RGMC/data/map/robot14/images/0027.png,/Users/kimsumin/projects/RGMC/data/map/robot14/overlays/0027_overlay.png,/Users/kimsumin/projects/RGMC/data/map/robot14/masks/0027_mask.png
28,0.8425,0.0,0.0,583.7973199329983,402.4070351758794,1,0.0,0.06114601970245431,0.047144790188427266,1777949933.6579504,5,/Users/kimsumin/projects/RGMC/data/map/robot14/images/0028.png,/Users/kimsumin/projects/RGMC/data/map/robot14/overlays/0028_overlay.png,/Users/kimsumin/projects/RGMC/data/map/robot14/masks/0028_mask.png
29,0.871875,0.0,0.0,583.5521885521886,416.5832628909552,1,0.0,0.024417409254376146,0.0490237503584579,1777949944.944701,5,/Users/kimsumin/projects/RGMC/data/map/robot14/images/0029.png,/Users/kimsumin/projects/RGMC/data/map/robot14/overlays/0029_overlay.png,/Users/kimsumin/projects/RGMC/data/map/robot14/masks/0029_mask.png
30,0.90125,0.0,0.0,583.6554903604359,429.42797319933,1,0.0,0.04022167583749565,0.020185481887296682,1777949956.4264286,5,/Users/kimsumin/projects/RGMC/data/map/robot14/images/0030.png,/Users/kimsumin/projects/RGMC/data/map/robot14/overlays/0030_overlay.png,/Users/kimsumin/projects/RGMC/data/map/robot14/masks/0030_mask.png
31,0.9306249999999999,0.0,0.0,583.7744052502051,442.81435643564356,1,0.0,0.049129218892077005,0.0296620293010857,1777949969.2039008,5,/Users/kimsumin/projects/RGMC/data/map/robot14/images/0031.png,/Users/kimsumin/projects/RGMC/data/map/robot14/overlays/0031_overlay.png,/Users/kimsumin/projects/RGMC/data/map/robot14/masks/0031_mask.png
32,0.96,0.0,0.0,583.733794295592,456.22039757994816,1,0.0,0.2154651445836216,0.04618307993864443,1777949980.258209,5,/Users/kimsumin/projects/RGMC/data/map/robot14/images/0032.png,/Users/kimsumin/projects/RGMC/data/map/robot14/overlays/0032_overlay.png,/Users/kimsumin/projects/RGMC/data/map/robot14/masks/0032_mask.png
33,0.96,0.03125,0.0,568.8034782608696,455.7236614853195,1,0.0,0.06894813869640365,0.02660621479904406,1777949991.1246643,5,/Users/kimsumin/projects/RGMC/data/map/robot14/images/0033.png,/Users/kimsumin/projects/RGMC/data/map/robot14/overlays/0033_overlay.png,/Users/kimsumin/projects/RGMC/data/map/robot14/masks/0033_mask.png
34,0.9306249999999999,0.03125,0.0,568.8212560386473,443.06645316253,1,0.0,0.08162865957964835,0.4106097260802032,1777950001.9658868,5,/Users/kimsumin/projects/RGMC/data/map/robot14/images/0034.png,/Users/kimsumin/projects/RGMC/data/map/robot14/overlays/0034_overlay.png,/Users/kimsumin/projects/RGMC/data/map/robot14/masks/0034_mask.png
35,0.90125,0.03125,0.0,568.839445802771,429.50692746536265,1,0.0,0.04410237990773764,0.036426448905563694,1777950013.5733232,5,/Users/kimsumin/projects/RGMC/data/map/robot14/images/0035.png,/Users/kimsumin/projects/RGMC/data/map/robot14/overlays/0035_overlay.png,/Users/kimsumin/projects/RGMC/data/map/robot14/masks/0035_mask.png
36,0.871875,0.03125,0.0,568.7698675496689,416.7756622516556,1,0.0,0.032859384470335845,0.023174570229268523,1777950023.789587,5,/Users/kimsumin/projects/RGMC/data/map/robot14/images/0036.png,/Users/kimsumin/projects/RGMC/data/map/robot14/overlays/0036_overlay.png,/Users/kimsumin/projects/RGMC/data/map/robot14/masks/0036_mask.png
37,0.8425,0.03125,0.0,568.8709942481512,402.7633525061627,1,0.0,0.06666716787586087,0.265275139621317,1777950033.9824066,5,/Users/kimsumin/projects/RGMC/data/map/robot14/images/0037.png,/Users/kimsumin/projects/RGMC/data/map/robot14/overlays/0037_overlay.png,/Users/kimsumin/projects/RGMC/data/map/robot14/masks/0037_mask.png
38,0.813125,0.03125,0.0,569.1618497109827,389.06905158069884,1,0.0,0.06794342782966166,0.05289305598774634,1777950044.1407096,5,/Users/kimsumin/projects/RGMC/data/map/robot14/images/0038.png,/Users/kimsumin/projects/RGMC/data/map/robot14/overlays/0038_overlay.png,/Users/kimsumin/projects/RGMC/data/map/robot14/masks/0038_mask.png
39,0.78375,0.03125,0.0,569.0500417014179,376.5373754152824,1,0.0,0.03616323438392192,0.048509047145755296,1777950054.2698185,5,/Users/kimsumin/projects/RGMC/data/map/robot14/images/0039.png,/Users/kimsumin/projects/RGMC/data/map/robot14/overlays/0039_overlay.png,/Users/kimsumin/projects/RGMC/data/map/robot14/masks/0039_mask.png
40,0.754375,0.03125,0.0,568.9723154362416,362.181589958159,1,0.0,0.06336281807112094,0.04213355612505402,1777950064.5207696,5,/Users/kimsumin/projects/RGMC/data/map/robot14/images/0040.png,/Users/kimsumin/projects/RGMC/data/map/robot14/overlays/0040_overlay.png,/Users/kimsumin/projects/RGMC/data/map/robot14/masks/0040_mask.png
41,0.725,0.03125,0.0,569.0862068965517,349.30932896890346,1,0.0,0.01981609469770462,0.03863603791252763,1777950074.791618,5,/Users/kimsumin/projects/RGMC/data/map/robot14/images/0041.png,/Users/kimsumin/projects/RGMC/data/map/robot14/overlays/0041_overlay.png,/Users/kimsumin/projects/RGMC/data/map/robot14/masks/0041_mask.png
42,0.6956249999999999,0.03125,0.0,568.9613120269133,336.2718855218855,1,0.0,0.20210301347334786,0.05491804258321183,1777950084.9104645,5,/Users/kimsumin/projects/RGMC/data/map/robot14/images/0042.png,/Users/kimsumin/projects/RGMC/data/map/robot14/overlays/0042_overlay.png,/Users/kimsumin/projects/RGMC/data/map/robot14/masks/0042_mask.png
43,0.66625,0.03125,0.0,568.9459459459459,322.50532350532353,1,0.0,0.05961836993960578,0.06363935131295376,1777950095.7613912,5,/Users/kimsumin/projects/RGMC/data/map/robot14/images/0043.png,/Users/kimsumin/projects/RGMC/data/map/robot14/overlays/0043_overlay.png,/Users/kimsumin/projects/RGMC/data/map/robot14/masks/0043_mask.png
44,0.636875,0.03125,0.0,569.4326923076923,309.43303929430635,1,0.0,0.020745736810897416,0.039076975486388735,1777950106.512697,5,/Users/kimsumin/projects/RGMC/data/map/robot14/images/0044.png,/Users/kimsumin/projects/RGMC/data/map/robot14/overlays/0044_overlay.png,/Users/kimsumin/projects/RGMC/data/map/robot14/masks/0044_mask.png
45,0.6074999999999999,0.03125,0.0,569.6765188834154,296.2733224222586,1,0.0,0.05028425828309032,0.022986853233443193,1777950119.2270641,5,/Users/kimsumin/projects/RGMC/data/map/robot14/images/0045.png,/Users/kimsumin/projects/RGMC/data/map/robot14/overlays/0045_overlay.png,/Users/kimsumin/projects/RGMC/data/map/robot14/masks/0045_mask.png
46,0.578125,0.03125,0.0,569.6114239742558,282.312091503268,1,0.0,0.12303010035837565,0.028845181921724052,1777950130.5791013,5,/Users/kimsumin/projects/RGMC/data/map/robot14/images/0046.png,/Users/kimsumin/projects/RGMC/data/map/robot14/overlays/0046_overlay.png,/Users/kimsumin/projects/RGMC/data/map/robot14/masks/0046_mask.png
47,0.54875,0.03125,0.0,569.7775138558986,269.6273734177215,1,0.0,0.024346639175789903,0.04074279180849645,1777950142.150975,5,/Users/kimsumin/projects/RGMC/data/map/robot14/images/0047.png,/Users/kimsumin/projects/RGMC/data/map/robot14/overlays/0047_overlay.png,/Users/kimsumin/projects/RGMC/data/map/robot14/masks/0047_mask.png
48,0.5193749999999999,0.03125,0.0,569.9714285714285,256.6341463414634,1,0.0,0.03215329622690538,0.06956587135457977,1777950154.2350686,5,/Users/kimsumin/projects/RGMC/data/map/robot14/images/0048.png,/Users/kimsumin/projects/RGMC/data/map/robot14/overlays/0048_overlay.png,/Users/kimsumin/projects/RGMC/data/map/robot14/masks/0048_mask.png
49,0.49,0.03125,0.0,570.0333062550772,242.60519902518277,1,0.0,0.023522499705912636,0.028733921007959885,1777950165.4553397,5,/Users/kimsumin/projects/RGMC/data/map/robot14/images/0049.png,/Users/kimsumin/projects/RGMC/data/map/robot14/overlays/0049_overlay.png,/Users/kimsumin/projects/RGMC/data/map/robot14/masks/0049_mask.png
50,0.460625,0.03125,0.0,570.1586424625099,229.84156862745098,1,0.0,0.06812013269897864,0.03292407468441754,1777950176.663102,5,/Users/kimsumin/projects/RGMC/data/map/robot14/images/0050.png,/Users/kimsumin/projects/RGMC/data/map/robot14/overlays/0050_overlay.png,/Users/kimsumin/projects/RGMC/data/map/robot14/masks/0050_mask.png
51,0.43125,0.03125,0.0,570.2353896103896,216.69004893964112,1,0.0,0.07113053339304155,0.07097062390294422,1777950188.4628048,5,/Users/kimsumin/projects/RGMC/data/map/robot14/images/0051.png,/Users/kimsumin/projects/RGMC/data/map/robot14/overlays/0051_overlay.png,/Users/kimsumin/projects/RGMC/data/map/robot14/masks/0051_mask.png
52,0.401875,0.03125,0.0,571.1399176954733,202.8103874690849,1,0.0,0.2937636418119453,0.07807314415135003,1777950199.812694,5,/Users/kimsumin/projects/RGMC/data/map/robot14/images/0052.png,/Users/kimsumin/projects/RGMC/data/map/robot14/overlays/0052_overlay.png,/Users/kimsumin/projects/RGMC/data/map/robot14/masks/0052_mask.png
53,0.3725,0.03125,0.0,571.3142389525368,189.8474855729596,1,0.0,0.06302655541969521,0.03771043463403942,1777950210.8039796,5,/Users/kimsumin/projects/RGMC/data/map/robot14/images/0053.png,/Users/kimsumin/projects/RGMC/data/map/robot14/overlays/0053_overlay.png,/Users/kimsumin/projects/RGMC/data/map/robot14/masks/0053_mask.png
54,0.343125,0.03125,0.0,571.1799163179917,176.86901763224182,1,0.0,0.034715063853180586,0.05561646786780288,1777950221.316718,5,/Users/kimsumin/projects/RGMC/data/map/robot14/images/0054.png,/Users/kimsumin/projects/RGMC/data/map/robot14/overlays/0054_overlay.png,/Users/kimsumin/projects/RGMC/data/map/robot14/masks/0054_mask.png
55,0.31375,0.03125,0.0,571.3403361344538,163.1416735708368,1,0.0,0.04359299391015909,0.21267342099921338,1777950232.7750585,5,/Users/kimsumin/projects/RGMC/data/map/robot14/images/0055.png,/Users/kimsumin/projects/RGMC/data/map/robot14/overlays/0055_overlay.png,/Users/kimsumin/projects/RGMC/data/map/robot14/masks/0055_mask.png
56,0.284375,0.03125,0.0,571.5299500831946,150.08153078202994,1,0.0,0.012087760785443448,0.011769055372730736,1777950243.6262467,5,/Users/kimsumin/projects/RGMC/data/map/robot14/images/0056.png,/Users/kimsumin/projects/RGMC/data/map/robot14/overlays/0056_overlay.png,/Users/kimsumin/projects/RGMC/data/map/robot14/masks/0056_mask.png
57,0.255,0.03125,0.0,571.7410256410257,136.63729683490163,1,0.0,0.013738313618812602,0.005017887242745126,1777950254.6163006,5,/Users/kimsumin/projects/RGMC/data/map/robot14/images/0057.png,/Users/kimsumin/projects/RGMC/data/map/robot14/overlays/0057_overlay.png,/Users/kimsumin/projects/RGMC/data/map/robot14/masks/0057_mask.png
58,0.225625,0.03125,0.0,571.7613344739093,123.94077253218884,1,0.0,0.16180970443806722,0.11504353546984047,1777950266.1475773,5,/Users/kimsumin/projects/RGMC/data/map/robot14/images/0058.png,/Users/kimsumin/projects/RGMC/data/map/robot14/overlays/0058_overlay.png,/Users/kimsumin/projects/RGMC/data/map/robot14/masks/0058_mask.png
59,0.19624999999999998,0.03125,0.0,572.5628019323672,109.8671497584541,1,0.0,0.06761276347347943,0.052759274168180444,1777950277.5920458,5,/Users/kimsumin/projects/RGMC/data/map/robot14/images/0059.png,/Users/kimsumin/projects/RGMC/data/map/robot14/overlays/0059_overlay.png,/Users/kimsumin/projects/RGMC/data/map/robot14/masks/0059_mask.png
60,0.16687499999999997,0.03125,0.0,572.9383116883117,96.99919028340081,1,0.0,0.017070330976784384,0.033614556695594495,1777950289.2242508,5,/Users/kimsumin/projects/RGMC/data/map/robot14/images/0060.png,/Users/kimsumin/projects/RGMC/data/map/robot14/overlays/0060_overlay.png,/Users/kimsumin/projects/RGMC/data/map/robot14/masks/0060_mask.png
61,0.13749999999999998,0.03125,0.0,573.0978792822186,83.95963756177925,1,0.0,0.06864250585971624,0.04317025802315105,1777950300.664613,5,/Users/kimsumin/projects/RGMC/data/map/robot14/images/0061.png,/Users/kimsumin/projects/RGMC/data/map/robot14/overlays/0061_overlay.png,/Users/kimsumin/projects/RGMC/data/map/robot14/masks/0061_mask.png
62,0.108125,0.03125,0.0,573.1381526104418,69.94150641025641,1,0.0,0.05260944398287322,0.05614821902875234,1777950312.0295486,5,/Users/kimsumin/projects/RGMC/data/map/robot14/images/0062.png,/Users/kimsumin/projects/RGMC/data/map/robot14/overlays/0062_overlay.png,/Users/kimsumin/projects/RGMC/data/map/robot14/masks/0062_mask.png
63,0.07875,0.03125,0.0,573.4548387096775,56.72968624296058,1,0.0,0.09555678272018191,0.05888821555209011,1777950323.2602465,5,/Users/kimsumin/projects/RGMC/data/map/robot14/images/0063.png,/Users/kimsumin/projects/RGMC/data/map/robot14/overlays/0063_overlay.png,/Users/kimsumin/projects/RGMC/data/map/robot14/masks/0063_mask.png
64,0.049375,0.03125,0.0,573.5788604459125,43.68125516102395,1,0.0,0.09843435521950361,0.40357869422750214,1777950334.3091364,5,/Users/kimsumin/projects/RGMC/data/map/robot14/images/0064.png,/Users/kimsumin/projects/RGMC/data/map/robot14/overlays/0064_overlay.png,/Users/kimsumin/projects/RGMC/data/map/robot14/masks/0064_mask.png
65,0.02,0.03125,0.0,573.790259230165,29.39904610492846,1,0.0,0.04746078092005989,0.054392132058127374,1777950345.80142,5,/Users/kimsumin/projects/RGMC/data/map/robot14/images/0065.png,/Users/kimsumin/projects/RGMC/data/map/robot14/overlays/0065_overlay.png,/Users/kimsumin/projects/RGMC/data/map/robot14/masks/0065_mask.png
66,0.02,0.0625,0.0,559.4256026600166,29.2643391521197,1,0.0,0.04495730005998675,0.056777164979436676,1777950356.8396475,5,/Users/kimsumin/projects/RGMC/data/map/robot14/images/0066.png,/Users/kimsumin/projects/RGMC/data/map/robot14/overlays/0066_overlay.png,/Users/kimsumin/projects/RGMC/data/map/robot14/masks/0066_mask.png
67,0.049375,0.0625,0.0,559.2601156069364,42.59950454170107,1,0.0,0.09577131783384404,0.1546376850487831,1777950368.382547,5,/Users/kimsumin/projects/RGMC/data/map/robot14/images/0067.png,/Users/kimsumin/projects/RGMC/data/map/robot14/overlays/0067_overlay.png,/Users/kimsumin/projects/RGMC/data/map/robot14/masks/0067_mask.png
68,0.07875,0.0625,0.0,558.9864176570459,56.482612383375745,1,0.0,0.31823532888212125,0.10121325769000795,1777950379.118517,5,/Users/kimsumin/projects/RGMC/data/map/robot14/images/0068.png,/Users/kimsumin/projects/RGMC/data/map/robot14/overlays/0068_overlay.png,/Users/kimsumin/projects/RGMC/data/map/robot14/masks/0068_mask.png
69,0.108125,0.0625,0.0,558.1804995970991,69.39161966156325,1,0.0,0.02425619971617405,0.02661791108047666,1777950389.8938901,5,/Users/kimsumin/projects/RGMC/data/map/robot14/images/0069.png,/Users/kimsumin/projects/RGMC/data/map/robot14/overlays/0069_overlay.png,/Users/kimsumin/projects/RGMC/data/map/robot14/masks/0069_mask.png
70,0.13749999999999998,0.0625,0.0,558.0259197324415,83.56950294860994,1,0.0,0.22837994290919483,0.059277402681165034,1777950400.3635073,5,/Users/kimsumin/projects/RGMC/data/map/robot14/images/0070.png,/Users/kimsumin/projects/RGMC/data/map/robot14/overlays/0070_overlay.png,/Users/kimsumin/projects/RGMC/data/map/robot14/masks/0070_mask.png
71,0.16687499999999997,0.0625,0.0,557.6436688311688,96.50611246943765,1,0.0,0.028444779283052904,0.03227634586360067,1777950413.1320484,5,/Users/kimsumin/projects/RGMC/data/map/robot14/images/0071.png,/Users/kimsumin/projects/RGMC/data/map/robot14/overlays/0071_overlay.png,/Users/kimsumin/projects/RGMC/data/map/robot14/masks/0071_mask.png
72,0.19624999999999998,0.0625,0.0,557.5635048231511,109.52893890675242,1,0.0,0.05659784511222615,0.05369989019488771,1777950423.6124866,5,/Users/kimsumin/projects/RGMC/data/map/robot14/images/0072.png,/Users/kimsumin/projects/RGMC/data/map/robot14/overlays/0072_overlay.png,/Users/kimsumin/projects/RGMC/data/map/robot14/masks/0072_mask.png
73,0.225625,0.0625,0.0,557.3796610169492,123.15785054575987,1,0.0,0.06499444162645349,0.03842492497297195,1777950436.2113874,5,/Users/kimsumin/projects/RGMC/data/map/robot14/images/0073.png,/Users/kimsumin/projects/RGMC/data/map/robot14/overlays/0073_overlay.png,/Users/kimsumin/projects/RGMC/data/map/robot14/masks/0073_mask.png
74,0.255,0.0625,0.0,557.1146443514644,136.04388185654008,1,0.0,0.08864875671458619,0.08777917250639418,1777950446.8710763,5,/Users/kimsumin/projects/RGMC/data/map/robot14/images/0074.png,/Users/kimsumin/projects/RGMC/data/map/robot14/overlays/0074_overlay.png,/Users/kimsumin/projects/RGMC/data/map/robot14/masks/0074_mask.png
75,0.284375,0.0625,0.0,556.8576051779935,149.48214285714286,1,0.0,0.04475421295470792,0.010234032227505626,1777950457.9822218,5,/Users/kimsumin/projects/RGMC/data/map/robot14/images/0075.png,/Users/kimsumin/projects/RGMC/data/map/robot14/overlays/0075_overlay.png,/Users/kimsumin/projects/RGMC/data/map/robot14/masks/0075_mask.png
76,0.31375,0.0625,0.0,556.6095551894564,162.2174629324547,1,0.0,0.18800697774775715,0.07648216478274793,1777950468.70266,5,/Users/kimsumin/projects/RGMC/data/map/robot14/images/0076.png,/Users/kimsumin/projects/RGMC/data/map/robot14/overlays/0076_overlay.png,/Users/kimsumin/projects/RGMC/data/map/robot14/masks/0076_mask.png
77,0.343125,0.0625,0.0,555.9033898305084,176.35338983050846,1,0.0,0.30491000364390375,0.034572770299140534,1777950479.4869654,5,/Users/kimsumin/projects/RGMC/data/map/robot14/images/0077.png,/Users/kimsumin/projects/RGMC/data/map/robot14/overlays/0077_overlay.png,/Users/kimsumin/projects/RGMC/data/map/robot14/masks/0077_mask.png
78,0.3725,0.0625,0.0,556.6856906534326,189.22944078947367,1,0.0,0.0611969389812787,0.06249173054566654,1777950490.7355022,5,/Users/kimsumin/projects/RGMC/data/map/robot14/images/0078.png,/Users/kimsumin/projects/RGMC/data/map/robot14/overlays/0078_overlay.png,/Users/kimsumin/projects/RGMC/data/map/robot14/masks/0078_mask.png
79,0.401875,0.0625,0.0,556.0210614995788,202.2449494949495,1,0.0,0.1902156317235586,0.04270394108149226,1777950502.492931,5,/Users/kimsumin/projects/RGMC/data/map/robot14/images/0079.png,/Users/kimsumin/projects/RGMC/data/map/robot14/overlays/0079_overlay.png,/Users/kimsumin/projects/RGMC/data/map/robot14/masks/0079_mask.png
80,0.43125,0.0625,0.0,555.7861952861953,216.39478114478115,1,0.0,0.009845796056044263,0.041017411492185345,1777950514.7835622,5,/Users/kimsumin/projects/RGMC/data/map/robot14/images/0080.png,/Users/kimsumin/projects/RGMC/data/map/robot14/overlays/0080_overlay.png,/Users/kimsumin/projects/RGMC/data/map/robot14/masks/0080_mask.png
81,0.460625,0.0625,0.0,555.7944630872483,229.2175,1,0.0,0.15037430858153958,0.034455946344218766,1777950525.8406165,5,/Users/kimsumin/projects/RGMC/data/map/robot14/images/0081.png,/Users/kimsumin/projects/RGMC/data/map/robot14/overlays/0081_overlay.png,/Users/kimsumin/projects/RGMC/data/map/robot14/masks/0081_mask.png
82,0.49,0.0625,0.0,555.4970809007506,242.29441201000833,1,0.0,0.05411416060760995,0.05043913945505069,1777950537.9228644,5,/Users/kimsumin/projects/RGMC/data/map/robot14/images/0082.png,/Users/kimsumin/projects/RGMC/data/map/robot14/overlays/0082_overlay.png,/Users/kimsumin/projects/RGMC/data/map/robot14/masks/0082_mask.png
83,0.5193749999999999,0.0625,0.0,555.5090460526316,255.26333059885152,1,0.0,0.015301886227898477,0.4367314592188604,1777950550.8476527,5,/Users/kimsumin/projects/RGMC/data/map/robot14/images/0083.png,/Users/kimsumin/projects/RGMC/data/map/robot14/overlays/0083_overlay.png,/Users/kimsumin/projects/RGMC/data/map/robot14/masks/0083_mask.png
84,0.54875,0.0625,0.0,555.569153394803,268.88777219430483,1,0.0,0.009803584904347604,0.013446741543560006,1777950561.5908902,5,/Users/kimsumin/projects/RGMC/data/map/robot14/images/0084.png,/Users/kimsumin/projects/RGMC/data/map/robot14/overlays/0084_overlay.png,/Users/kimsumin/projects/RGMC/data/map/robot14/masks/0084_mask.png
85,0.578125,0.0625,0.0,555.3514190317195,281.7679465776294,1,0.0,0.03175370081760852,0.06318574342774953,1777950572.4610357,5,/Users/kimsumin/projects/RGMC/data/map/robot14/images/0085.png,/Users/kimsumin/projects/RGMC/data/map/robot14/overlays/0085_overlay.png,/Users/kimsumin/projects/RGMC/data/map/robot14/masks/0085_mask.png
86,0.6074999999999999,0.0625,0.0,555.1978114478114,294.5460636515913,1,0.0,0.02260914318266897,0.040964197736217386,1777950583.3904998,5,/Users/kimsumin/projects/RGMC/data/map/robot14/images/0086.png,/Users/kimsumin/projects/RGMC/data/map/robot14/overlays/0086_overlay.png,/Users/kimsumin/projects/RGMC/data/map/robot14/masks/0086_mask.png
87,0.636875,0.0625,0.0,554.5122349102774,308.85073409461666,1,0.0,0.06779801242295488,0.02607969766731305,1777950594.1513774,5,/Users/kimsumin/projects/RGMC/data/map/robot14/images/0087.png,/Users/kimsumin/projects/RGMC/data/map/robot14/overlays/0087_overlay.png,/Users/kimsumin/projects/RGMC/data/map/robot14/masks/0087_mask.png
88,0.66625,0.0625,0.0,555.1519524617996,321.8642917726887,1,0.0,0.021240407514985852,0.02976497720311637,1777950604.8975034,5,/Users/kimsumin/projects/RGMC/data/map/robot14/images/0088.png,/Users/kimsumin/projects/RGMC/data/map/robot14/overlays/0088_overlay.png,/Users/kimsumin/projects/RGMC/data/map/robot14/masks/0088_mask.png
89,0.6956249999999999,0.0625,0.0,554.194577352472,334.8079191238416,1,0.0,0.3836200452162573,0.057642206525531585,1777950615.680903,5,/Users/kimsumin/projects/RGMC/data/map/robot14/images/0089.png,/Users/kimsumin/projects/RGMC/data/map/robot14/overlays/0089_overlay.png,/Users/kimsumin/projects/RGMC/data/map/robot14/masks/0089_mask.png
90,0.725,0.0625,0.0,554.3355102040816,348.8782894736842,1,0.0,0.08152523749119124,0.05948067730838494,1777950626.9091976,5,/Users/kimsumin/projects/RGMC/data/map/robot14/images/0090.png,/Users/kimsumin/projects/RGMC/data/map/robot14/overlays/0090_overlay.png,/Users/kimsumin/projects/RGMC/data/map/robot14/masks/0090_mask.png
91,0.754375,0.0625,0.0,554.1337737407101,361.62704918032784,1,0.0,0.09276687020847402,0.04750160797770517,1777950637.6718273,5,/Users/kimsumin/projects/RGMC/data/map/robot14/images/0091.png,/Users/kimsumin/projects/RGMC/data/map/robot14/overlays/0091_overlay.png,/Users/kimsumin/projects/RGMC/data/map/robot14/masks/0091_mask.png
92,0.78375,0.0625,0.0,554.2607287449392,375.0262112787927,1,0.0,0.039090512396396465,0.3839070964008012,1777950648.5313497,5,/Users/kimsumin/projects/RGMC/data/map/robot14/images/0092.png,/Users/kimsumin/projects/RGMC/data/map/robot14/overlays/0092_overlay.png,/Users/kimsumin/projects/RGMC/data/map/robot14/masks/0092_mask.png
93,0.813125,0.0625,0.0,554.2401673640168,388.86778242677826,1,0.0,0.013255489056476832,0.01941939700550833,1777950659.389863,5,/Users/kimsumin/projects/RGMC/data/map/robot14/images/0093.png,/Users/kimsumin/projects/RGMC/data/map/robot14/overlays/0093_overlay.png,/Users/kimsumin/projects/RGMC/data/map/robot14/masks/0093_mask.png
94,0.8425,0.0625,0.0,554.0509607351713,401.8648874061718,1,0.0,0.02007650932314935,0.045396124458662354,1777950670.2256396,5,/Users/kimsumin/projects/RGMC/data/map/robot14/images/0094.png,/Users/kimsumin/projects/RGMC/data/map/robot14/overlays/0094_overlay.png,/Users/kimsumin/projects/RGMC/data/map/robot14/masks/0094_mask.png
95,0.871875,0.0625,0.0,554.005709624796,415.2739837398374,1,0.0,0.38639522216600747,0.3859479818648181,1777950681.188984,5,/Users/kimsumin/projects/RGMC/data/map/robot14/images/0095.png,/Users/kimsumin/projects/RGMC/data/map/robot14/overlays/0095_overlay.png,/Users/kimsumin/projects/RGMC/data/map/robot14/masks/0095_mask.png
96,0.90125,0.0625,0.0,554.0640599001664,428.95590682196337,1,0.0,0.04651321679051912,0.06555832598583625,1777950691.9356446,5,/Users/kimsumin/projects/RGMC/data/map/robot14/images/0096.png,/Users/kimsumin/projects/RGMC/data/map/robot14/overlays/0096_overlay.png,/Users/kimsumin/projects/RGMC/data/map/robot14/masks/0096_mask.png
97,0.9306249999999999,0.0625,0.0,553.9632107023411,441.89157631359467,1,0.0,0.3755402116517113,0.06664142144610904,1777950702.7899835,5,/Users/kimsumin/projects/RGMC/data/map/robot14/images/0097.png,/Users/kimsumin/projects/RGMC/data/map/robot14/overlays/0097_overlay.png,/Users/kimsumin/projects/RGMC/data/map/robot14/masks/0097_mask.png
98,0.96,0.0625,0.0,553.7469586374696,455.334407735697,1,0.0,0.05792706708320271,0.08886590672227708,1777950713.774106,5,/Users/kimsumin/projects/RGMC/data/map/robot14/images/0098.png,/Users/kimsumin/projects/RGMC/data/map/robot14/overlays/0098_overlay.png,/Users/kimsumin/projects/RGMC/data/map/robot14/masks/0098_mask.png
99,0.96,0.09375,0.0,539.6926229508197,455.0960591133005,1,0.0,0.08447116685884744,0.09890896059389567,1777950724.7324438,5,/Users/kimsumin/projects/RGMC/data/map/robot14/images/0099.png,/Users/kimsumin/projects/RGMC/data/map/robot14/overlays/0099_overlay.png,/Users/kimsumin/projects/RGMC/data/map/robot14/masks/0099_mask.png
100,0.9306249999999999,0.09375,0.0,539.8676222596964,441.9588926174497,1,0.0,0.05192539535420543,0.06015488031968817,1777950735.478254,5,/Users/kimsumin/projects/RGMC/data/map/robot14/images/0100.png,/Users/kimsumin/projects/RGMC/data/map/robot14/overlays/0100_overlay.png,/Users/kimsumin/projects/RGMC/data/map/robot14/masks/0100_mask.png
101,0.90125,0.09375,0.0,539.802732707088,429.0945485519591,1,0.0,0.022577548929894217,0.02247717450966188,1777950747.24093,5,/Users/kimsumin/projects/RGMC/data/map/robot14/images/0101.png,/Users/kimsumin/projects/RGMC/data/map/robot14/overlays/0101_overlay.png,/Users/kimsumin/projects/RGMC/data/map/robot14/masks/0101_mask.png
102,0.871875,0.09375,0.0,539.7077435470442,416.10928013876844,1,0.0,0.010728395010877795,0.3441357965022321,1777950758.1705718,5,/Users/kimsumin/projects/RGMC/data/map/robot14/images/0102.png,/Users/kimsumin/projects/RGMC/data/map/robot14/overlays/0102_overlay.png,/Users/kimsumin/projects/RGMC/data/map/robot14/masks/0102_mask.png
103,0.8425,0.09375,0.0,539.8994932432432,402.1024555461473,1,0.0,0.02594253570889181,0.041067892443222356,1777950768.943632,5,/Users/kimsumin/projects/RGMC/data/map/robot14/images/0103.png,/Users/kimsumin/projects/RGMC/data/map/robot14/overlays/0103_overlay.png,/Users/kimsumin/projects/RGMC/data/map/robot14/masks/0103_mask.png
104,0.813125,0.09375,0.0,540.43776106934,389.1333333333333,1,0.0,0.03175848435763054,0.12102631046331742,1777950779.8259168,5,/Users/kimsumin/projects/RGMC/data/map/robot14/images/0104.png,/Users/kimsumin/projects/RGMC/data/map/robot14/overlays/0104_overlay.png,/Users/kimsumin/projects/RGMC/data/map/robot14/masks/0104_mask.png
105,0.78375,0.09375,0.0,539.9387923904053,375.97162510748063,1,0.0,0.1299572392988918,0.41888003937237217,1777950790.5467193,5,/Users/kimsumin/projects/RGMC/data/map/robot14/images/0105.png,/Users/kimsumin/projects/RGMC/data/map/robot14/overlays/0105_overlay.png,/Users/kimsumin/projects/RGMC/data/map/robot14/masks/0105_mask.png
106,0.754375,0.09375,0.0,540.2090680100756,361.8992443324937,1,0.0,0.22570247227422033,0.05862218882467608,1777950801.5069535,5,/Users/kimsumin/projects/RGMC/data/map/robot14/images/0106.png,/Users/kimsumin/projects/RGMC/data/map/robot14/overlays/0106_overlay.png,/Users/kimsumin/projects/RGMC/data/map/robot14/masks/0106_mask.png
107,0.725,0.09375,0.0,540.6344086021505,349.01736972704714,1,0.0,0.26118840768835583,0.048344807850649124,1777950812.255981,5,/Users/kimsumin/projects/RGMC/data/map/robot14/images/0107.png,/Users/kimsumin/projects/RGMC/data/map/robot14/overlays/0107_overlay.png,/Users/kimsumin/projects/RGMC/data/map/robot14/masks/0107_mask.png
108,0.6956249999999999,0.09375,0.0,539.9966804979254,335.2301324503311,1,0.0,0.049046838755257297,0.03642436216684213,1777950823.72113,5,/Users/kimsumin/projects/RGMC/data/map/robot14/images/0108.png,/Users/kimsumin/projects/RGMC/data/map/robot14/overlays/0108_overlay.png,/Users/kimsumin/projects/RGMC/data/map/robot14/masks/0108_mask.png
109,0.66625,0.09375,0.0,540.6109324758843,322.19388576025744,1,0.0,0.04018929690294795,0.019733770358202424,1777950834.6949737,5,/Users/kimsumin/projects/RGMC/data/map/robot14/images/0109.png,/Users/kimsumin/projects/RGMC/data/map/robot14/overlays/0109_overlay.png,/Users/kimsumin/projects/RGMC/data/map/robot14/masks/0109_mask.png
110,0.636875,0.09375,0.0,540.6059113300493,309.1264367816092,1,0.0,0.05694824898237042,0.02821420070037087,1777950845.4324107,5,/Users/kimsumin/projects/RGMC/data/map/robot14/images/0110.png,/Users/kimsumin/projects/RGMC/data/map/robot14/overlays/0110_overlay.png,/Users/kimsumin/projects/RGMC/data/map/robot14/masks/0110_mask.png
111,0.6074999999999999,0.09375,0.0,540.071733561059,295.97684391080617,1,0.0,0.03164436611115313,0.29135620354291414,1777950856.1840289,5,/Users/kimsumin/projects/RGMC/data/map/robot14/images/0111.png,/Users/kimsumin/projects/RGMC/data/map/robot14/overlays/0111_overlay.png,/Users/kimsumin/projects/RGMC/data/map/robot14/masks/0111_mask.png
112,0.578125,0.09375,0.0,541.0385852090033,282.0864995957963,1,0.0,0.05448670734902857,0.03037332147076656,1777950867.2445319,5,/Users/kimsumin/projects/RGMC/data/map/robot14/images/0112.png,/Users/kimsumin/projects/RGMC/data/map/robot14/overlays/0112_overlay.png,/Users/kimsumin/projects/RGMC/data/map/robot14/masks/0112_mask.png
113,0.54875,0.09375,0.0,540.9657422512234,269.060162601626,1,0.0,0.07944953274594313,0.04059522937085087,1777950878.498309,5,/Users/kimsumin/projects/RGMC/data/map/robot14/images/0113.png,/Users/kimsumin/projects/RGMC/data/map/robot14/overlays/0113_overlay.png,/Users/kimsumin/projects/RGMC/data/map/robot14/masks/0113_mask.png
114,0.5193749999999999,0.09375,0.0,541.1481481481482,256.2262895174709,1,0.0,0.04023754680619891,0.04221480725825862,1777950890.9808009,5,/Users/kimsumin/projects/RGMC/data/map/robot14/images/0114.png,/Users/kimsumin/projects/RGMC/data/map/robot14/overlays/0114_overlay.png,/Users/kimsumin/projects/RGMC/data/map/robot14/masks/0114_mask.png
115,0.49,0.09375,0.0,541.2800324675325,242.29321486268174,1,0.0,0.02486374205404545,0.045271377029134766,1777950901.764585,5,/Users/kimsumin/projects/RGMC/data/map/robot14/images/0115.png,/Users/kimsumin/projects/RGMC/data/map/robot14/overlays/0115_overlay.png,/Users/kimsumin/projects/RGMC/data/map/robot14/masks/0115_mask.png
116,0.460625,0.09375,0.0,541.4869706840391,229.4549147034931,1,0.0,0.02467347045514993,0.030835504822071362,1777950912.4180958,5,/Users/kimsumin/projects/RGMC/data/map/robot14/images/0116.png,/Users/kimsumin/projects/RGMC/data/map/robot14/overlays/0116_overlay.png,/Users/kimsumin/projects/RGMC/data/map/robot14/masks/0116_mask.png
117,0.43125,0.09375,0.0,541.3428338762214,216.44967532467533,1,0.0,0.08447728919012301,0.07914410152647154,1777950922.7435234,5,/Users/kimsumin/projects/RGMC/data/map/robot14/images/0117.png,/Users/kimsumin/projects/RGMC/data/map/robot14/overlays/0117_overlay.png,/Users/kimsumin/projects/RGMC/data/map/robot14/masks/0117_mask.png
118,0.401875,0.09375,0.0,541.6189320388349,202.3055780113177,1,0.0,0.029715934725837726,0.03614457179390494,1777950934.114894,5,/Users/kimsumin/projects/RGMC/data/map/robot14/images/0118.png,/Users/kimsumin/projects/RGMC/data/map/robot14/overlays/0118_overlay.png,/Users/kimsumin/projects/RGMC/data/map/robot14/masks/0118_mask.png
119,0.3725,0.09375,0.0,541.6556982343499,189.6285028022418,1,0.0,0.06877159184145909,0.04702257296234654,1777950945.404921,5,/Users/kimsumin/projects/RGMC/data/map/robot14/images/0119.png,/Users/kimsumin/projects/RGMC/data/map/robot14/overlays/0119_overlay.png,/Users/kimsumin/projects/RGMC/data/map/robot14/masks/0119_mask.png
120,0.343125,0.09375,0.0,541.9154471544715,176.58631921824104,1,0.0,0.03700240169863332,0.029312249519549763,1777950956.1274266,5,/Users/kimsumin/projects/RGMC/data/map/robot14/images/0120.png,/Users/kimsumin/projects/RGMC/data/map/robot14/overlays/0120_overlay.png,/Users/kimsumin/projects/RGMC/data/map/robot14/masks/0120_mask.png
121,0.31375,0.09375,0.0,542.1444713478612,162.2776432606941,1,0.0,0.07409348754070012,0.023216800060608223,1777950966.8797228,5,/Users/kimsumin/projects/RGMC/data/map/robot14/images/0121.png,/Users/kimsumin/projects/RGMC/data/map/robot14/overlays/0121_overlay.png,/Users/kimsumin/projects/RGMC/data/map/robot14/masks/0121_mask.png
122,0.284375,0.09375,0.0,542.8788381742738,149.59434746467164,1,0.0,0.40490613740549597,0.036464339612411314,1777950977.6274502,5,/Users/kimsumin/projects/RGMC/data/map/robot14/images/0122.png,/Users/kimsumin/projects/RGMC/data/map/robot14/overlays/0122_overlay.png,/Users/kimsumin/projects/RGMC/data/map/robot14/masks/0122_mask.png
123,0.255,0.09375,0.0,543.222972972973,136.66992665036676,1,0.0,0.3536450700601375,0.08026719793350495,1777950988.3837442,5,/Users/kimsumin/projects/RGMC/data/map/robot14/images/0123.png,/Users/kimsumin/projects/RGMC/data/map/robot14/overlays/0123_overlay.png,/Users/kimsumin/projects/RGMC/data/map/robot14/masks/0123_mask.png
124,0.225625,0.09375,0.0,543.3250214961307,123.62596732588135,1,0.0,0.025032015215241163,0.07695365597902651,1777950999.2315378,5,/Users/kimsumin/projects/RGMC/data/map/robot14/images/0124.png,/Users/kimsumin/projects/RGMC/data/map/robot14/overlays/0124_overlay.png,/Users/kimsumin/projects/RGMC/data/map/robot14/masks/0124_mask.png
125,0.19624999999999998,0.09375,0.0,543.6732673267327,109.66720386784851,1,0.0,0.2512831200041714,0.02914274833281803,1777951010.1899815,5,/Users/kimsumin/projects/RGMC/data/map/robot14/images/0125.png,/Users/kimsumin/projects/RGMC/data/map/robot14/overlays/0125_overlay.png,/Users/kimsumin/projects/RGMC/data/map/robot14/masks/0125_mask.png
126,0.16687499999999997,0.09375,0.0,543.8135593220339,96.7516891891892,1,0.0,0.037457705083789025,0.0416361723110107,1777951021.0605376,5,/Users/kimsumin/projects/RGMC/data/map/robot14/images/0126.png,/Users/kimsumin/projects/RGMC/data/map/robot14/overlays/0126_overlay.png,/Users/kimsumin/projects/RGMC/data/map/robot14/masks/0126_mask.png
127,0.13749999999999998,0.09375,0.0,543.598445595855,83.73153779322328,1,0.0,0.03657099786129901,0.3965373358641456,1777951031.9101062,5,/Users/kimsumin/projects/RGMC/data/map/robot14/images/0127.png,/Users/kimsumin/projects/RGMC/data/map/robot14/overlays/0127_overlay.png,/Users/kimsumin/projects/RGMC/data/map/robot14/masks/0127_mask.png
128,0.108125,0.09375,0.0,544.3778135048232,69.52922337870297,1,0.0,0.02940880731145721,0.07292605373762963,1777951043.0631208,5,/Users/kimsumin/projects/RGMC/data/map/robot14/images/0128.png,/Users/kimsumin/projects/RGMC/data/map/robot14/overlays/0128_overlay.png,/Users/kimsumin/projects/RGMC/data/map/robot14/masks/0128_mask.png
129,0.07875,0.09375,0.0,544.5322976287816,56.58972267536705,1,0.0,0.0634895577307181,0.061277923800091824,1777951053.8212416,5,/Users/kimsumin/projects/RGMC/data/map/robot14/images/0129.png,/Users/kimsumin/projects/RGMC/data/map/robot14/overlays/0129_overlay.png,/Users/kimsumin/projects/RGMC/data/map/robot14/masks/0129_mask.png
130,0.049375,0.09375,0.0,544.5363558597091,42.61436829066887,1,0.0,0.04051416377490983,0.30788317737708265,1777951065.4938488,5,/Users/kimsumin/projects/RGMC/data/map/robot14/images/0130.png,/Users/kimsumin/projects/RGMC/data/map/robot14/overlays/0130_overlay.png,/Users/kimsumin/projects/RGMC/data/map/robot14/masks/0130_mask.png
131,0.02,0.09375,0.0,544.838996763754,29.3915857605178,1,0.0,0.03129784349034295,0.06162673945690193,1777951076.6426508,5,/Users/kimsumin/projects/RGMC/data/map/robot14/images/0131.png,/Users/kimsumin/projects/RGMC/data/map/robot14/overlays/0131_overlay.png,/Users/kimsumin/projects/RGMC/data/map/robot14/masks/0131_mask.png
132,0.02,0.125,0.0,530.0055821371611,29.5207336523126,1,0.0,0.02963405536916878,0.02678316539554149,1777951087.5091593,5,/Users/kimsumin/projects/RGMC/data/map/robot14/images/0132.png,/Users/kimsumin/projects/RGMC/data/map/robot14/overlays/0132_overlay.png,/Users/kimsumin/projects/RGMC/data/map/robot14/masks/0132_mask.png
133,0.049375,0.125,0.0,529.8323793949305,42.12,1,0.0,0.35150984573599364,0.04135709720342505,1777951098.2539499,5,/Users/kimsumin/projects/RGMC/data/map/robot14/images/0133.png,/Users/kimsumin/projects/RGMC/data/map/robot14/overlays/0133_overlay.png,/Users/kimsumin/projects/RGMC/data/map/robot14/masks/0133_mask.png
134,0.07875,0.125,0.0,529.7216828478964,56.26517571884984,1,0.0,0.07257951275301058,0.27035900094100973,1777951109.0281367,5,/Users/kimsumin/projects/RGMC/data/map/robot14/images/0134.png,/Users/kimsumin/projects/RGMC/data/map/robot14/overlays/0134_overlay.png,/Users/kimsumin/projects/RGMC/data/map/robot14/masks/0134_mask.png
135,0.108125,0.125,0.0,529.5808764940239,69.4361873990307,1,0.0,0.068013153220297,0.06420763770831749,1777951120.3710132,5,/Users/kimsumin/projects/RGMC/data/map/robot14/images/0135.png,/Users/kimsumin/projects/RGMC/data/map/robot14/overlays/0135_overlay.png,/Users/kimsumin/projects/RGMC/data/map/robot14/masks/0135_mask.png
136,0.13749999999999998,0.125,0.0,529.0638641875505,82.10734463276836,1,0.0,0.013874750337539836,0.03363700710880355,1777951131.6412838,5,/Users/kimsumin/projects/RGMC/data/map/robot14/images/0136.png,/Users/kimsumin/projects/RGMC/data/map/robot14/overlays/0136_overlay.png,/Users/kimsumin/projects/RGMC/data/map/robot14/masks/0136_mask.png
137,0.16687499999999997,0.125,0.0,529.160554197229,96.32844335778321,1,0.0,0.03125834462565867,0.05451006180917945,1777951142.593004,5,/Users/kimsumin/projects/RGMC/data/map/robot14/images/0137.png,/Users/kimsumin/projects/RGMC/data/map/robot14/overlays/0137_overlay.png,/Users/kimsumin/projects/RGMC/data/map/robot14/masks/0137_mask.png
138,0.19624999999999998,0.125,0.0,528.8313253012049,109.16867469879519,1,0.0,0.05408949300610431,0.00441633472796796,1777951153.5649443,5,/Users/kimsumin/projects/RGMC/data/map/robot14/images/0138.png,/Users/kimsumin/projects/RGMC/data/map/robot14/overlays/0138_overlay.png,/Users/kimsumin/projects/RGMC/data/map/robot14/masks/0138_mask.png
139,0.225625,0.125,0.0,528.6532456861133,122.36363636363636,1,0.0,0.04649655698241601,0.07830035741549196,1777951164.3267038,5,/Users/kimsumin/projects/RGMC/data/map/robot14/images/0139.png,/Users/kimsumin/projects/RGMC/data/map/robot14/overlays/0139_overlay.png,/Users/kimsumin/projects/RGMC/data/map/robot14/masks/0139_mask.png
140,0.255,0.125,0.0,528.3894389438943,136.06105610561056,1,0.0,0.08149096931517232,0.07153334351402242,1777951175.0570872,5,/Users/kimsumin/projects/RGMC/data/map/robot14/images/0140.png,/Users/kimsumin/projects/RGMC/data/map/robot14/overlays/0140_overlay.png,/Users/kimsumin/projects/RGMC/data/map/robot14/masks/0140_mask.png
141,0.284375,0.125,0.0,528.3813008130081,149.21551020408162,1,0.0,0.035442789699143246,0.055312937347491084,1777951185.702461,5,/Users/kimsumin/projects/RGMC/data/map/robot14/images/0141.png,/Users/kimsumin/projects/RGMC/data/map/robot14/overlays/0141_overlay.png,/Users/kimsumin/projects/RGMC/data/map/robot14/masks/0141_mask.png
142,0.31375,0.125,0.0,527.6263463131731,162.013256006628,1,0.0,0.0570662829684929,0.04774397898431948,1777951196.3533912,5,/Users/kimsumin/projects/RGMC/data/map/robot14/images/0142.png,/Users/kimsumin/projects/RGMC/data/map/robot14/overlays/0142_overlay.png,/Users/kimsumin/projects/RGMC/data/map/robot14/masks/0142_mask.png
143,0.343125,0.125,0.0,527.658978583196,175.4003281378179,1,0.0,0.028673993955247234,0.09644377268538207,1777951207.2226248,5,/Users/kimsumin/projects/RGMC/data/map/robot14/images/0143.png,/Users/kimsumin/projects/RGMC/data/map/robot14/overlays/0143_overlay.png,/Users/kimsumin/projects/RGMC/data/map/robot14/masks/0143_mask.png
144,0.3725,0.125,0.0,527.5814345991561,189.04388185654008,1,0.0,0.05812814607902205,0.07343107839899098,1777951217.9855907,5,/Users/kimsumin/projects/RGMC/data/map/robot14/images/0144.png,/Users/kimsumin/projects/RGMC/data/map/robot14/overlays/0144_overlay.png,/Users/kimsumin/projects/RGMC/data/map/robot14/masks/0144_mask.png
145,0.401875,0.125,0.0,527.3657522859518,202.1737323358271,1,0.0,0.04336883012840385,0.054823564531538437,1777951228.7305663,5,/Users/kimsumin/projects/RGMC/data/map/robot14/images/0145.png,/Users/kimsumin/projects/RGMC/data/map/robot14/overlays/0145_overlay.png,/Users/kimsumin/projects/RGMC/data/map/robot14/masks/0145_mask.png
146,0.43125,0.125,0.0,527.3479758828596,215.20217209690895,1,0.0,0.03737442570187553,0.3680430375972572,1777951239.4732525,5,/Users/kimsumin/projects/RGMC/data/map/robot14/images/0146.png,/Users/kimsumin/projects/RGMC/data/map/robot14/overlays/0146_overlay.png,/Users/kimsumin/projects/RGMC/data/map/robot14/masks/0146_mask.png
147,0.460625,0.125,0.0,527.3822033898305,228.79077711357814,1,0.0,0.06483134707879565,0.021458291595697773,1777951250.327605,5,/Users/kimsumin/projects/RGMC/data/map/robot14/images/0147.png,/Users/kimsumin/projects/RGMC/data/map/robot14/overlays/0147_overlay.png,/Users/kimsumin/projects/RGMC/data/map/robot14/masks/0147_mask.png
148,0.49,0.125,0.0,527.1798501248959,242.2158908507223,1,0.0,0.3843775756838329,0.08675566130443889,1777951261.0870397,5,/Users/kimsumin/projects/RGMC/data/map/robot14/images/0148.png,/Users/kimsumin/projects/RGMC/data/map/robot14/overlays/0148_overlay.png,/Users/kimsumin/projects/RGMC/data/map/robot14/masks/0148_mask.png
149,0.5193749999999999,0.125,0.0,527.1567476948868,255.0418410041841,1,0.0,0.04088847975472729,0.06597814606290388,1777951272.1403184,5,/Users/kimsumin/projects/RGMC/data/map/robot14/images/0149.png,/Users/kimsumin/projects/RGMC/data/map/robot14/overlays/0149_overlay.png,/Users/kimsumin/projects/RGMC/data/map/robot14/masks/0149_mask.png
150,0.54875,0.125,0.0,526.3802469135802,268.6355060034305,1,0.0,0.4264342154125104,0.06788494441693373,1777951282.983263,5,/Users/kimsumin/projects/RGMC/data/map/robot14/images/0150.png,/Users/kimsumin/projects/RGMC/data/map/robot14/overlays/0150_overlay.png,/Users/kimsumin/projects/RGMC/data/map/robot14/masks/0150_mask.png
151,0.578125,0.125,0.0,526.2742066720912,281.8526570048309,1,0.0,0.30334733872537956,0.07672833075459508,1777951293.9396732,5,/Users/kimsumin/projects/RGMC/data/map/robot14/images/0151.png,/Users/kimsumin/projects/RGMC/data/map/robot14/overlays/0151_overlay.png,/Users/kimsumin/projects/RGMC/data/map/robot14/masks/0151_mask.png
152,0.6074999999999999,0.125,0.0,526.0234059725585,294.44632768361583,1,0.0,0.03638193839394518,0.04507620471520624,1777951304.905255,5,/Users/kimsumin/projects/RGMC/data/map/robot14/images/0152.png,/Users/kimsumin/projects/RGMC/data/map/robot14/overlays/0152_overlay.png,/Users/kimsumin/projects/RGMC/data/map/robot14/masks/0152_mask.png
153,0.636875,0.125,0.0,525.9850993377484,308.84888521882743,1,0.0,0.07513007190765392,0.05350000944030014,1777951315.9619517,5,/Users/kimsumin/projects/RGMC/data/map/robot14/images/0153.png,/Users/kimsumin/projects/RGMC/data/map/robot14/overlays/0153_overlay.png,/Users/kimsumin/projects/RGMC/data/map/robot14/masks/0153_mask.png
154,0.66625,0.125,0.0,525.9462102689487,321.7090464547677,1,0.0,0.05497572235730062,0.06798885798587988,1777951326.415183,5,/Users/kimsumin/projects/RGMC/data/map/robot14/images/0154.png,/Users/kimsumin/projects/RGMC/data/map/robot14/overlays/0154_overlay.png,/Users/kimsumin/projects/RGMC/data/map/robot14/masks/0154_mask.png
155,0.6956249999999999,0.125,0.0,525.7239709443099,334.53603238866395,1,0.0,0.03543916081147566,0.1364350153001189,1777951337.0341513,5,/Users/kimsumin/projects/RGMC/data/map/robot14/images/0155.png,/Users/kimsumin/projects/RGMC/data/map/robot14/overlays/0155_overlay.png,/Users/kimsumin/projects/RGMC/data/map/robot14/masks/0155_mask.png
156,0.725,0.125,0.0,525.7294605809128,348.75041459369817,1,0.0,0.0201341178436975,0.03435300058477562,1777951348.0261626,5,/Users/kimsumin/projects/RGMC/data/map/robot14/images/0156.png,/Users/kimsumin/projects/RGMC/data/map/robot14/overlays/0156_overlay.png,/Users/kimsumin/projects/RGMC/data/map/robot14/masks/0156_mask.png
157,0.754375,0.125,0.0,525.827922077922,361.64250814332246,1,0.0,0.04461741529101505,0.017085590022103563,1777951358.7634776,5,/Users/kimsumin/projects/RGMC/data/map/robot14/images/0157.png,/Users/kimsumin/projects/RGMC/data/map/robot14/overlays/0157_overlay.png,/Users/kimsumin/projects/RGMC/data/map/robot14/masks/0157_mask.png
158,0.78375,0.125,0.0,525.670482420278,374.31398201144725,1,0.0,0.02265970486450249,0.041245338770942164,1777951370.5087385,5,/Users/kimsumin/projects/RGMC/data/map/robot14/images/0158.png,/Users/kimsumin/projects/RGMC/data/map/robot14/overlays/0158_overlay.png,/Users/kimsumin/projects/RGMC/data/map/robot14/masks/0158_mask.png
159,0.813125,0.125,0.0,525.6666666666666,389.0254098360656,1,0.0,0.04862697500169245,0.05019278376481632,1777951382.221977,5,/Users/kimsumin/projects/RGMC/data/map/robot14/images/0159.png,/Users/kimsumin/projects/RGMC/data/map/robot14/overlays/0159_overlay.png,/Users/kimsumin/projects/RGMC/data/map/robot14/masks/0159_mask.png
160,0.8425,0.125,0.0,525.8249185667753,401.62969004893966,1,0.0,0.04243586420565471,0.046643341165056786,1777951393.2726636,5,/Users/kimsumin/projects/RGMC/data/map/robot14/images/0160.png,/Users/kimsumin/projects/RGMC/data/map/robot14/overlays/0160_overlay.png,/Users/kimsumin/projects/RGMC/data/map/robot14/masks/0160_mask.png
161,0.871875,0.125,0.0,525.4835720303286,414.2758620689655,1,0.0,0.03395457932920356,0.34025888056698134,1777951404.234085,5,/Users/kimsumin/projects/RGMC/data/map/robot14/images/0161.png,/Users/kimsumin/projects/RGMC/data/map/robot14/overlays/0161_overlay.png,/Users/kimsumin/projects/RGMC/data/map/robot14/masks/0161_mask.png
162,0.90125,0.125,0.0,525.0766638584668,428.49957877000844,1,0.0,0.01187141239695229,0.010347591196645958,1777951415.3109252,5,/Users/kimsumin/projects/RGMC/data/map/robot14/images/0162.png,/Users/kimsumin/projects/RGMC/data/map/robot14/overlays/0162_overlay.png,/Users/kimsumin/projects/RGMC/data/map/robot14/masks/0162_mask.png
163,0.9306249999999999,0.125,0.0,525.407980456026,441.9755102040816,1,0.0,0.09309996221840708,0.040271700787041016,1777951427.087369,5,/Users/kimsumin/projects/RGMC/data/map/robot14/images/0163.png,/Users/kimsumin/projects/RGMC/data/map/robot14/overlays/0163_overlay.png,/Users/kimsumin/projects/RGMC/data/map/robot14/masks/0163_mask.png
164,0.96,0.125,0.0,524.9911003236246,454.95775792038995,1,0.0,0.05275863126454032,0.19664306437031892,1777951439.9674892,5,/Users/kimsumin/projects/RGMC/data/map/robot14/images/0164.png,/Users/kimsumin/projects/RGMC/data/map/robot14/overlays/0164_overlay.png,/Users/kimsumin/projects/RGMC/data/map/robot14/masks/0164_mask.png
165,0.96,0.15625,0.0,511.08828522920203,454.22920203735146,1,0.0,0.48135476884630923,0.07162055853131488,1777951450.9266098,5,/Users/kimsumin/projects/RGMC/data/map/robot14/images/0165.png,/Users/kimsumin/projects/RGMC/data/map/robot14/overlays/0165_overlay.png,/Users/kimsumin/projects/RGMC/data/map/robot14/masks/0165_mask.png
166,0.9306249999999999,0.15625,0.0,511.15903413821815,441.94254787676937,1,0.0,0.015594139613989318,0.021514045324835303,1777951461.6926472,5,/Users/kimsumin/projects/RGMC/data/map/robot14/images/0166.png,/Users/kimsumin/projects/RGMC/data/map/robot14/overlays/0166_overlay.png,/Users/kimsumin/projects/RGMC/data/map/robot14/masks/0166_mask.png
167,0.90125,0.15625,0.0,511.2076595744681,428.6740425531915,1,0.0,0.03544221301763521,0.04969371452991441,1777951472.4356813,5,/Users/kimsumin/projects/RGMC/data/map/robot14/images/0167.png,/Users/kimsumin/projects/RGMC/data/map/robot14/overlays/0167_overlay.png,/Users/kimsumin/projects/RGMC/data/map/robot14/masks/0167_mask.png
168,0.871875,0.15625,0.0,511.04867634500425,414.52274678111587,1,0.0,0.3757534471197822,0.07872538752241741,1777951483.4829438,5,/Users/kimsumin/projects/RGMC/data/map/robot14/images/0168.png,/Users/kimsumin/projects/RGMC/data/map/robot14/overlays/0168_overlay.png,/Users/kimsumin/projects/RGMC/data/map/robot14/masks/0168_mask.png
169,0.8425,0.15625,0.0,511.4260355029586,401.76174496644296,1,0.0,0.04972825450996049,0.016133105524699636,1777951494.2464638,5,/Users/kimsumin/projects/RGMC/data/map/robot14/images/0169.png,/Users/kimsumin/projects/RGMC/data/map/robot14/overlays/0169_overlay.png,/Users/kimsumin/projects/RGMC/data/map/robot14/masks/0169_mask.png
170,0.813125,0.15625,0.0,511.43433476394847,388.81030042918457,1,0.0,0.03274623021853131,0.027602345532323325,1777951505.0924811,5,/Users/kimsumin/projects/RGMC/data/map/robot14/images/0170.png,/Users/kimsumin/projects/RGMC/data/map/robot14/overlays/0170_overlay.png,/Users/kimsumin/projects/RGMC/data/map/robot14/masks/0170_mask.png
171,0.78375,0.15625,0.0,511.4560810810811,374.68,1,0.0,0.05066462563417963,0.061299118632708,1777951515.8554006,5,/Users/kimsumin/projects/RGMC/data/map/robot14/images/0171.png,/Users/kimsumin/projects/RGMC/data/map/robot14/overlays/0171_overlay.png,/Users/kimsumin/projects/RGMC/data/map/robot14/masks/0171_mask.png
172,0.754375,0.15625,0.0,511.4870509607352,361.7786131996658,1,0.0,0.013078554042894543,0.01929495502344906,1777951526.7037158,5,/Users/kimsumin/projects/RGMC/data/map/robot14/images/0172.png,/Users/kimsumin/projects/RGMC/data/map/robot14/overlays/0172_overlay.png,/Users/kimsumin/projects/RGMC/data/map/robot14/masks/0172_mask.png
173,0.725,0.15625,0.0,511.61538461538464,348.694087403599,1,0.0,0.025399728468635467,0.018570690259524916,1777951537.4549713,5,/Users/kimsumin/projects/RGMC/data/map/robot14/images/0173.png,/Users/kimsumin/projects/RGMC/data/map/robot14/overlays/0173_overlay.png,/Users/kimsumin/projects/RGMC/data/map/robot14/masks/0173_mask.png
174,0.6956249999999999,0.15625,0.0,511.5780201342282,334.6599326599327,1,0.0,0.012720879201285255,0.048966128508881254,1777951548.202,5,/Users/kimsumin/projects/RGMC/data/map/robot14/images/0174.png,/Users/kimsumin/projects/RGMC/data/map/robot14/overlays/0174_overlay.png,/Users/kimsumin/projects/RGMC/data/map/robot14/masks/0174_mask.png
175,0.66625,0.15625,0.0,511.50125313283206,322.0956375838926,1,0.0,0.044147164878203686,0.0402145526699856,1777951559.0707161,5,/Users/kimsumin/projects/RGMC/data/map/robot14/images/0175.png,/Users/kimsumin/projects/RGMC/data/map/robot14/overlays/0175_overlay.png,/Users/kimsumin/projects/RGMC/data/map/robot14/masks/0175_mask.png
176,0.636875,0.15625,0.0,511.6338147833475,308.8620981387479,1,0.0,0.016906689333867186,0.025337564729785624,1777951570.0166645,5,/Users/kimsumin/projects/RGMC/data/map/robot14/images/0176.png,/Users/kimsumin/projects/RGMC/data/map/robot14/overlays/0176_overlay.png,/Users/kimsumin/projects/RGMC/data/map/robot14/masks/0176_mask.png
177,0.6074999999999999,0.15625,0.0,511.7281144781145,294.7218487394958,1,0.0,0.048582210521458204,0.07260662508711473,1777951581.0673656,5,/Users/kimsumin/projects/RGMC/data/map/robot14/images/0177.png,/Users/kimsumin/projects/RGMC/data/map/robot14/overlays/0177_overlay.png,/Users/kimsumin/projects/RGMC/data/map/robot14/masks/0177_mask.png
178,0.578125,0.15625,0.0,511.7983122362869,281.9714285714286,1,0.0,0.026659964985640997,0.051467030658227664,1777951591.825348,5,/Users/kimsumin/projects/RGMC/data/map/robot14/images/0178.png,/Users/kimsumin/projects/RGMC/data/map/robot14/overlays/0178_overlay.png,/Users/kimsumin/projects/RGMC/data/map/robot14/masks/0178_mask.png
179,0.54875,0.15625,0.0,511.9540816326531,268.84232365145226,1,0.0,0.24934573376198987,0.0615391306960513,1777951603.4955664,5,/Users/kimsumin/projects/RGMC/data/map/robot14/images/0179.png,/Users/kimsumin/projects/RGMC/data/map/robot14/overlays/0179_overlay.png,/Users/kimsumin/projects/RGMC/data/map/robot14/masks/0179_mask.png
180,0.5193749999999999,0.15625,0.0,512.7124394184168,255.24392220421393,1,0.0,0.060201949616885186,0.45872536251333706,1777951614.25498,5,/Users/kimsumin/projects/RGMC/data/map/robot14/images/0180.png,/Users/kimsumin/projects/RGMC/data/map/robot14/overlays/0180_overlay.png,/Users/kimsumin/projects/RGMC/data/map/robot14/masks/0180_mask.png
181,0.49,0.15625,0.0,512.650542118432,242.13294797687863,1,0.0,0.03534545826093674,0.07447912980801208,1777951625.2117257,5,/Users/kimsumin/projects/RGMC/data/map/robot14/images/0181.png,/Users/kimsumin/projects/RGMC/data/map/robot14/overlays/0181_overlay.png,/Users/kimsumin/projects/RGMC/data/map/robot14/masks/0181_mask.png
182,0.460625,0.15625,0.0,512.7800829875519,229.08864954432477,1,0.0,0.05291394731430771,0.030889849824382892,1777951636.229336,5,/Users/kimsumin/projects/RGMC/data/map/robot14/images/0182.png,/Users/kimsumin/projects/RGMC/data/map/robot14/overlays/0182_overlay.png,/Users/kimsumin/projects/RGMC/data/map/robot14/masks/0182_mask.png
183,0.43125,0.15625,0.0,512.8490725126476,216.04380791912385,1,0.0,0.012484979805941373,0.02675808859609157,1777951646.9513369,5,/Users/kimsumin/projects/RGMC/data/map/robot14/images/0183.png,/Users/kimsumin/projects/RGMC/data/map/robot14/overlays/0183_overlay.png,/Users/kimsumin/projects/RGMC/data/map/robot14/masks/0183_mask.png
184,0.401875,0.15625,0.0,512.995840266223,202.0166251039069,1,0.0,0.029881783051495393,0.05463566020534405,1777951658.3943648,5,/Users/kimsumin/projects/RGMC/data/map/robot14/images/0184.png,/Users/kimsumin/projects/RGMC/data/map/robot14/overlays/0184_overlay.png,/Users/kimsumin/projects/RGMC/data/map/robot14/masks/0184_mask.png
185,0.3725,0.15625,0.0,513.0131470829909,189.32491856677524,1,0.0,0.0509272647784848,0.025103448550081498,1777951669.4488578,5,/Users/kimsumin/projects/RGMC/data/map/robot14/images/0185.png,/Users/kimsumin/projects/RGMC/data/map/robot14/overlays/0185_overlay.png,/Users/kimsumin/projects/RGMC/data/map/robot14/masks/0185_mask.png
186,0.343125,0.15625,0.0,513.2901080631754,176.4623745819398,1,0.0,0.03826125590897267,0.03718229919487864,1777951680.204171,5,/Users/kimsumin/projects/RGMC/data/map/robot14/images/0186.png,/Users/kimsumin/projects/RGMC/data/map/robot14/overlays/0186_overlay.png,/Users/kimsumin/projects/RGMC/data/map/robot14/masks/0186_mask.png
187,0.31375,0.15625,0.0,513.1711057304277,162.2600969305331,1,0.0,0.022562551007783267,0.05669776645328578,1777951691.3719993,5,/Users/kimsumin/projects/RGMC/data/map/robot14/images/0187.png,/Users/kimsumin/projects/RGMC/data/map/robot14/overlays/0187_overlay.png,/Users/kimsumin/projects/RGMC/data/map/robot14/masks/0187_mask.png
188,0.284375,0.15625,0.0,513.6077963404932,149.64851881505203,1,0.0,0.05044998035336385,0.07311071091830038,1777951702.3126016,5,/Users/kimsumin/projects/RGMC/data/map/robot14/images/0188.png,/Users/kimsumin/projects/RGMC/data/map/robot14/overlays/0188_overlay.png,/Users/kimsumin/projects/RGMC/data/map/robot14/masks/0188_mask.png
189,0.255,0.15625,0.0,513.6913779210314,136.44077356970186,1,0.0,0.036719814507343886,0.03601036873836384,1777951714.1937635,5,/Users/kimsumin/projects/RGMC/data/map/robot14/images/0189.png,/Users/kimsumin/projects/RGMC/data/map/robot14/overlays/0189_overlay.png,/Users/kimsumin/projects/RGMC/data/map/robot14/masks/0189_mask.png
190,0.225625,0.15625,0.0,513.8337388483374,122.57723577235772,1,0.0,0.3629543520294324,0.09344385155069808,1777951725.144734,5,/Users/kimsumin/projects/RGMC/data/map/robot14/images/0190.png,/Users/kimsumin/projects/RGMC/data/map/robot14/overlays/0190_overlay.png,/Users/kimsumin/projects/RGMC/data/map/robot14/masks/0190_mask.png
191,0.19624999999999998,0.15625,0.0,514.0127084988086,109.87926926131851,1,0.0,0.049990415893414165,0.052568131533362344,1777951736.2143753,5,/Users/kimsumin/projects/RGMC/data/map/robot14/images/0191.png,/Users/kimsumin/projects/RGMC/data/map/robot14/overlays/0191_overlay.png,/Users/kimsumin/projects/RGMC/data/map/robot14/masks/0191_mask.png
192,0.16687499999999997,0.15625,0.0,514.9663582842725,96.44839255499154,1,0.0,0.05386753024848898,0.08829714439908827,1777951747.0689635,5,/Users/kimsumin/projects/RGMC/data/map/robot14/images/0192.png,/Users/kimsumin/projects/RGMC/data/map/robot14/overlays/0192_overlay.png,/Users/kimsumin/projects/RGMC/data/map/robot14/masks/0192_mask.png
193,0.13749999999999998,0.15625,0.0,515.0830618892509,82.91176470588235,1,0.0,0.07877476063877024,0.06535599204395166,1777951758.0196674,5,/Users/kimsumin/projects/RGMC/data/map/robot14/images/0193.png,/Users/kimsumin/projects/RGMC/data/map/robot14/overlays/0193_overlay.png,/Users/kimsumin/projects/RGMC/data/map/robot14/masks/0193_mask.png
194,0.108125,0.15625,0.0,515.6074688796681,69.67385892116182,1,0.0,0.07745317854824879,0.04937840755641022,1777951768.9874644,5,/Users/kimsumin/projects/RGMC/data/map/robot14/images/0194.png,/Users/kimsumin/projects/RGMC/data/map/robot14/overlays/0194_overlay.png,/Users/kimsumin/projects/RGMC/data/map/robot14/masks/0194_mask.png
195,0.07875,0.15625,0.0,515.5738255033557,56.38,1,0.0,0.04702498464842121,0.07307375758709389,1777951779.7323976,5,/Users/kimsumin/projects/RGMC/data/map/robot14/images/0195.png,/Users/kimsumin/projects/RGMC/data/map/robot14/overlays/0195_overlay.png,/Users/kimsumin/projects/RGMC/data/map/robot14/masks/0195_mask.png
196,0.049375,0.15625,0.0,515.7380373073804,42.80113636363637,1,0.0,0.09485193667923825,0.0920648880915475,1777951790.6970322,5,/Users/kimsumin/projects/RGMC/data/map/robot14/images/0196.png,/Users/kimsumin/projects/RGMC/data/map/robot14/overlays/0196_overlay.png,/Users/kimsumin/projects/RGMC/data/map/robot14/masks/0196_mask.png
197,0.02,0.15625,0.0,516.0016515276631,29.123669123669124,1,0.0,0.08334385441043818,0.044323611796374,1777951801.748974,5,/Users/kimsumin/projects/RGMC/data/map/robot14/images/0197.png,/Users/kimsumin/projects/RGMC/data/map/robot14/overlays/0197_overlay.png,/Users/kimsumin/projects/RGMC/data/map/robot14/masks/0197_mask.png
198,0.02,0.1875,0.0,501.2539808917197,29.11164274322169,1,0.0,0.04782140851792005,0.025207029233341748,1777951812.8000703,5,/Users/kimsumin/projects/RGMC/data/map/robot14/images/0198.png,/Users/kimsumin/projects/RGMC/data/map/robot14/overlays/0198_overlay.png,/Users/kimsumin/projects/RGMC/data/map/robot14/masks/0198_mask.png
199,0.049375,0.1875,0.0,501.1589825119237,42.091633466135455,1,0.0,0.03494897627449345,0.009206642248186547,1777951823.7563186,5,/Users/kimsumin/projects/RGMC/data/map/robot14/images/0199.png,/Users/kimsumin/projects/RGMC/data/map/robot14/overlays/0199_overlay.png,/Users/kimsumin/projects/RGMC/data/map/robot14/masks/0199_mask.png
200,0.07875,0.1875,0.0,501.186320754717,55.448707909162096,1,0.0,0.036174891580140346,0.04591035235822104,1777951834.718173,5,/Users/kimsumin/projects/RGMC/data/map/robot14/images/0200.png,/Users/kimsumin/projects/RGMC/data/map/robot14/overlays/0200_overlay.png,/Users/kimsumin/projects/RGMC/data/map/robot14/masks/0200_mask.png
201,0.108125,0.1875,0.0,501.00161420500405,69.22087378640776,1,0.0,0.048379387553438485,0.045926320183207414,1777951845.5710719,5,/Users/kimsumin/projects/RGMC/data/map/robot14/images/0201.png,/Users/kimsumin/projects/RGMC/data/map/robot14/overlays/0201_overlay.png,/Users/kimsumin/projects/RGMC/data/map/robot14/masks/0201_mask.png
202,0.13749999999999998,0.1875,0.0,500.6091127098321,82.32054356514789,1,0.0,0.02534392959043352,0.039962864521153905,1777951856.3303277,5,/Users/kimsumin/projects/RGMC/data/map/robot14/images/0202.png,/Users/kimsumin/projects/RGMC/data/map/robot14/overlays/0202_overlay.png,/Users/kimsumin/projects/RGMC/data/map/robot14/masks/0202_mask.png
203,0.16687499999999997,0.1875,0.0,500.27557755775575,96.12268907563025,1,0.0,0.23599859024170708,0.46924806794431767,1777951866.992661,5,/Users/kimsumin/projects/RGMC/data/map/robot14/images/0203.png,/Users/kimsumin/projects/RGMC/data/map/robot14/overlays/0203_overlay.png,/Users/kimsumin/projects/RGMC/data/map/robot14/masks/0203_mask.png
204,0.19624999999999998,0.1875,0.0,500.18500407497964,109.16964285714286,1,0.0,0.056831227024079216,0.052243930643633134,1777951877.7245748,5,/Users/kimsumin/projects/RGMC/data/map/robot14/images/0204.png,/Users/kimsumin/projects/RGMC/data/map/robot14/overlays/0204_overlay.png,/Users/kimsumin/projects/RGMC/data/map/robot14/masks/0204_mask.png
205,0.225625,0.1875,0.0,499.45371900826444,121.97073578595318,1,0.0,0.13796610998519382,0.07979109361252577,1777951888.480492,5,/Users/kimsumin/projects/RGMC/data/map/robot14/images/0205.png,/Users/kimsumin/projects/RGMC/data/map/robot14/overlays/0205_overlay.png,/Users/kimsumin/projects/RGMC/data/map/robot14/masks/0205_mask.png
206,0.255,0.1875,0.0,499.5557461406518,135.93373493975903,1,0.0,0.038785154196975175,0.12435218084124972,1777951899.3315313,5,/Users/kimsumin/projects/RGMC/data/map/robot14/images/0206.png,/Users/kimsumin/projects/RGMC/data/map/robot14/overlays/0206_overlay.png,/Users/kimsumin/projects/RGMC/data/map/robot14/masks/0206_mask.png
207,0.284375,0.1875,0.0,499.4404958677686,149.22809917355372,1,0.0,0.024663683639559085,0.07025624189884135,1777951910.195096,5,/Users/kimsumin/projects/RGMC/data/map/robot14/images/0207.png,/Users/kimsumin/projects/RGMC/data/map/robot14/overlays/0207_overlay.png,/Users/kimsumin/projects/RGMC/data/map/robot14/masks/0207_mask.png
208,0.31375,0.1875,0.0,499.2344013490725,161.97913188647746,1,0.0,0.024611242356390665,0.065463458927876,1777951921.9623172,5,/Users/kimsumin/projects/RGMC/data/map/robot14/images/0208.png,/Users/kimsumin/projects/RGMC/data/map/robot14/overlays/0208_overlay.png,/Users/kimsumin/projects/RGMC/data/map/robot14/masks/0208_mask.png
209,0.343125,0.1875,0.0,499.1491442542787,175.05119735755574,1,0.0,0.039641570368439114,0.060242796826445,1777951932.92635,5,/Users/kimsumin/projects/RGMC/data/map/robot14/images/0209.png,/Users/kimsumin/projects/RGMC/data/map/robot14/overlays/0209_overlay.png,/Users/kimsumin/projects/RGMC/data/map/robot14/masks/0209_mask.png
210,0.3725,0.1875,0.0,499.1227467811159,189.0034188034188,1,0.0,0.03243996243880571,0.07945401477989188,1777951944.6166844,5,/Users/kimsumin/projects/RGMC/data/map/robot14/images/0210.png,/Users/kimsumin/projects/RGMC/data/map/robot14/overlays/0210_overlay.png,/Users/kimsumin/projects/RGMC/data/map/robot14/masks/0210_mask.png
211,0.401875,0.1875,0.0,498.25690376569037,201.72017167381975,1,0.0,0.23773829172187694,0.03929201925420667,1777951955.3423274,5,/Users/kimsumin/projects/RGMC/data/map/robot14/images/0211.png,/Users/kimsumin/projects/RGMC/data/map/robot14/overlays/0211_overlay.png,/Users/kimsumin/projects/RGMC/data/map/robot14/masks/0211_mask.png
212,0.43125,0.1875,0.0,498.28315703824245,215.46309314586995,1,0.0,0.266664242667256,0.38016417518299,1777951966.298128,5,/Users/kimsumin/projects/RGMC/data/map/robot14/images/0212.png,/Users/kimsumin/projects/RGMC/data/map/robot14/overlays/0212_overlay.png,/Users/kimsumin/projects/RGMC/data/map/robot14/masks/0212_mask.png
213,0.460625,0.1875,0.0,498.12305168170633,228.70467596390483,1,0.0,0.07346865692612463,0.06386706305128402,1777951977.3629675,5,/Users/kimsumin/projects/RGMC/data/map/robot14/images/0213.png,/Users/kimsumin/projects/RGMC/data/map/robot14/overlays/0213_overlay.png,/Users/kimsumin/projects/RGMC/data/map/robot14/masks/0213_mask.png
214,0.49,0.1875,0.0,497.8494623655914,241.98761354252684,1,0.0,0.07625638086886308,0.06896480338503591,1777951988.5500214,5,/Users/kimsumin/projects/RGMC/data/map/robot14/images/0214.png,/Users/kimsumin/projects/RGMC/data/map/robot14/overlays/0214_overlay.png,/Users/kimsumin/projects/RGMC/data/map/robot14/masks/0214_mask.png
215,0.5193749999999999,0.1875,0.0,498.1338775510204,254.8230452674897,1,0.0,0.055414526455624,0.01190825990157162,1777951999.3730206,5,/Users/kimsumin/projects/RGMC/data/map/robot14/images/0215.png,/Users/kimsumin/projects/RGMC/data/map/robot14/overlays/0215_overlay.png,/Users/kimsumin/projects/RGMC/data/map/robot14/masks/0215_mask.png
216,0.54875,0.1875,0.0,497.8418410041841,268.54476987447697,1,0.0,0.0338053875075781,0.010879979302506698,1777952011.3714643,5,/Users/kimsumin/projects/RGMC/data/map/robot14/images/0216.png,/Users/kimsumin/projects/RGMC/data/map/robot14/overlays/0216_overlay.png,/Users/kimsumin/projects/RGMC/data/map/robot14/masks/0216_mask.png
217,0.578125,0.1875,0.0,497.52782462057337,281.5642978003384,1,0.0,0.03439573563749297,0.03600262200198866,1777952022.1056812,5,/Users/kimsumin/projects/RGMC/data/map/robot14/images/0217.png,/Users/kimsumin/projects/RGMC/data/map/robot14/overlays/0217_overlay.png,/Users/kimsumin/projects/RGMC/data/map/robot14/masks/0217_mask.png
218,0.6074999999999999,0.1875,0.0,497.4176182707993,294.5477551020408,1,0.0,0.024336201389191087,0.030219383419390733,1777952032.856207,5,/Users/kimsumin/projects/RGMC/data/map/robot14/images/0218.png,/Users/kimsumin/projects/RGMC/data/map/robot14/overlays/0218_overlay.png,/Users/kimsumin/projects/RGMC/data/map/robot14/masks/0218_mask.png
219,0.636875,0.1875,0.0,497.219696969697,308.3754208754209,1,0.0,0.0471444398207801,0.07336208518238088,1777952043.6133487,5,/Users/kimsumin/projects/RGMC/data/map/robot14/images/0219.png,/Users/kimsumin/projects/RGMC/data/map/robot14/overlays/0219_overlay.png,/Users/kimsumin/projects/RGMC/data/map/robot14/masks/0219_mask.png
220,0.66625,0.1875,0.0,497.1938178780284,321.33222591362124,1,0.0,0.02152099430431763,0.030989258457889145,1777952054.381808,5,/Users/kimsumin/projects/RGMC/data/map/robot14/images/0220.png,/Users/kimsumin/projects/RGMC/data/map/robot14/overlays/0220_overlay.png,/Users/kimsumin/projects/RGMC/data/map/robot14/masks/0220_mask.png
221,0.6956249999999999,0.1875,0.0,497.0569105691057,334.34715447154474,1,0.0,0.04229136978410577,0.04467494908910702,1777952065.2456276,5,/Users/kimsumin/projects/RGMC/data/map/robot14/images/0221.png,/Users/kimsumin/projects/RGMC/data/map/robot14/overlays/0221_overlay.png,/Users/kimsumin/projects/RGMC/data/map/robot14/masks/0221_mask.png
222,0.725,0.1875,0.0,496.9625,348.4398998330551,1,0.0,0.028162283375078607,0.030185112071031882,1777952076.183826,5,/Users/kimsumin/projects/RGMC/data/map/robot14/images/0222.png,/Users/kimsumin/projects/RGMC/data/map/robot14/overlays/0222_overlay.png,/Users/kimsumin/projects/RGMC/data/map/robot14/masks/0222_mask.png
223,0.754375,0.1875,0.0,496.8964374482187,361.2082644628099,1,0.0,0.010905436967580681,0.020286164047754185,1777952087.0263772,5,/Users/kimsumin/projects/RGMC/data/map/robot14/images/0223.png,/Users/kimsumin/projects/RGMC/data/map/robot14/overlays/0223_overlay.png,/Users/kimsumin/projects/RGMC/data/map/robot14/masks/0223_mask.png
224,0.78375,0.1875,0.0,497.0187755102041,374.3784893267652,1,0.0,0.0546962090635213,0.046475624338537594,1777952097.988001,5,/Users/kimsumin/projects/RGMC/data/map/robot14/images/0224.png,/Users/kimsumin/projects/RGMC/data/map/robot14/overlays/0224_overlay.png,/Users/kimsumin/projects/RGMC/data/map/robot14/masks/0224_mask.png
225,0.813125,0.1875,0.0,496.99916943521595,388.5173841059603,1,0.0,0.04741799936065574,0.03431438011153402,1777952108.8424082,5,/Users/kimsumin/projects/RGMC/data/map/robot14/images/0225.png,/Users/kimsumin/projects/RGMC/data/map/robot14/overlays/0225_overlay.png,/Users/kimsumin/projects/RGMC/data/map/robot14/masks/0225_mask.png
226,0.8425,0.1875,0.0,496.94379194630875,401.1430962343096,1,0.0,0.12458795160378407,0.03489868816982755,1777952119.799008,5,/Users/kimsumin/projects/RGMC/data/map/robot14/images/0226.png,/Users/kimsumin/projects/RGMC/data/map/robot14/overlays/0226_overlay.png,/Users/kimsumin/projects/RGMC/data/map/robot14/masks/0226_mask.png
227,0.871875,0.1875,0.0,496.2918454935622,414.080686695279,1,0.0,0.018118077998900795,0.053223542846584045,1777952130.551082,5,/Users/kimsumin/projects/RGMC/data/map/robot14/images/0227.png,/Users/kimsumin/projects/RGMC/data/map/robot14/overlays/0227_overlay.png,/Users/kimsumin/projects/RGMC/data/map/robot14/masks/0227_mask.png
228,0.90125,0.1875,0.0,496.0523156089194,428.2568728522337,1,0.0,0.1259974255577458,0.05520359027602759,1777952141.5065498,5,/Users/kimsumin/projects/RGMC/data/map/robot14/images/0228.png,/Users/kimsumin/projects/RGMC/data/map/robot14/overlays/0228_overlay.png,/Users/kimsumin/projects/RGMC/data/map/robot14/masks/0228_mask.png
229,0.9306249999999999,0.1875,0.0,496.0201850294365,441.49184339314843,1,0.0,0.18107676030497466,0.0775464684348967,1777952152.4686494,5,/Users/kimsumin/projects/RGMC/data/map/robot14/images/0229.png,/Users/kimsumin/projects/RGMC/data/map/robot14/overlays/0229_overlay.png,/Users/kimsumin/projects/RGMC/data/map/robot14/masks/0229_mask.png
230,0.96,0.1875,0.0,496.0974576271187,454.09881756756755,1,0.0,0.06759246109968783,0.04239587002405785,1777952163.2191396,5,/Users/kimsumin/projects/RGMC/data/map/robot14/images/0230.png,/Users/kimsumin/projects/RGMC/data/map/robot14/overlays/0230_overlay.png,/Users/kimsumin/projects/RGMC/data/map/robot14/masks/0230_mask.png
231,0.96,0.21875,0.0,481.66967213114754,454.26147540983607,1,0.0,0.04860864817504278,0.05674260025284997,1777952174.4784377,5,/Users/kimsumin/projects/RGMC/data/map/robot14/images/0231.png,/Users/kimsumin/projects/RGMC/data/map/robot14/overlays/0231_overlay.png,/Users/kimsumin/projects/RGMC/data/map/robot14/masks/0231_mask.png
232,0.9306249999999999,0.21875,0.0,481.4080824088748,441.3925985518906,1,0.0,0.059058607287907315,0.06358311708772445,1777952186.566601,5,/Users/kimsumin/projects/RGMC/data/map/robot14/images/0232.png,/Users/kimsumin/projects/RGMC/data/map/robot14/overlays/0232_overlay.png,/Users/kimsumin/projects/RGMC/data/map/robot14/masks/0232_mask.png
233,0.90125,0.21875,0.0,481.5785054575987,428.38035264483625,1,0.0,0.04205824817066486,0.37627126856785764,1777952197.3296914,5,/Users/kimsumin/projects/RGMC/data/map/robot14/images/0233.png,/Users/kimsumin/projects/RGMC/data/map/robot14/overlays/0233_overlay.png,/Users/kimsumin/projects/RGMC/data/map/robot14/masks/0233_mask.png
234,0.871875,0.21875,0.0,482.08132780082985,414.60596026490066,1,0.0,0.04702797818628749,0.0998484668327618,1777952208.1727757,5,/Users/kimsumin/projects/RGMC/data/map/robot14/images/0234.png,/Users/kimsumin/projects/RGMC/data/map/robot14/overlays/0234_overlay.png,/Users/kimsumin/projects/RGMC/data/map/robot14/masks/0234_mask.png
235,0.8425,0.21875,0.0,482.07890365448503,401.36850783182194,1,0.0,0.029871573671710363,0.03846563598880978,1777952219.1385508,5,/Users/kimsumin/projects/RGMC/data/map/robot14/images/0235.png,/Users/kimsumin/projects/RGMC/data/map/robot14/overlays/0235_overlay.png,/Users/kimsumin/projects/RGMC/data/map/robot14/masks/0235_mask.png
236,0.813125,0.21875,0.0,482.4776748104465,388.407750631845,1,0.0,0.034255632066106184,0.056148297505289185,1777952229.9928286,5,/Users/kimsumin/projects/RGMC/data/map/robot14/images/0236.png,/Users/kimsumin/projects/RGMC/data/map/robot14/overlays/0236_overlay.png,/Users/kimsumin/projects/RGMC/data/map/robot14/masks/0236_mask.png
237,0.78375,0.21875,0.0,482.18785425101214,374.417004048583,1,0.0,0.008298546310250529,0.05884418773803668,1777952242.1701198,5,/Users/kimsumin/projects/RGMC/data/map/robot14/images/0237.png,/Users/kimsumin/projects/RGMC/data/map/robot14/overlays/0237_overlay.png,/Users/kimsumin/projects/RGMC/data/map/robot14/masks/0237_mask.png
238,0.754375,0.21875,0.0,482.29093931837076,361.31753948462176,1,0.0,0.06274028223242549,0.031214790746955476,1777952252.916969,5,/Users/kimsumin/projects/RGMC/data/map/robot14/images/0238.png,/Users/kimsumin/projects/RGMC/data/map/robot14/overlays/0238_overlay.png,/Users/kimsumin/projects/RGMC/data/map/robot14/masks/0238_mask.png
239,0.725,0.21875,0.0,482.32274247491637,348.503355704698,1,0.0,0.019026962789154805,0.01667335552930153,1777952264.4977152,5,/Users/kimsumin/projects/RGMC/data/map/robot14/images/0239.png,/Users/kimsumin/projects/RGMC/data/map/robot14/overlays/0239_overlay.png,/Users/kimsumin/projects/RGMC/data/map/robot14/masks/0239_mask.png
240,0.6956249999999999,0.21875,0.0,483.1311336717428,334.48384353741494,1,0.0,0.3599597879412147,0.06652382574435513,1777952276.0599055,5,/Users/kimsumin/projects/RGMC/data/map/robot14/images/0240.png,/Users/kimsumin/projects/RGMC/data/map/robot14/overlays/0240_overlay.png,/Users/kimsumin/projects/RGMC/data/map/robot14/masks/0240_mask.png
241,0.66625,0.21875,0.0,483.01572052401747,321.4759825327511,1,0.0,0.033830898626705186,0.044328053980463494,1777952286.7209153,5,/Users/kimsumin/projects/RGMC/data/map/robot14/images/0241.png,/Users/kimsumin/projects/RGMC/data/map/robot14/overlays/0241_overlay.png,/Users/kimsumin/projects/RGMC/data/map/robot14/masks/0241_mask.png
242,0.636875,0.21875,0.0,483.20448662640206,308.7299396031061,1,0.0,0.05112373736410034,0.03588905790410741,1777952297.6645653,5,/Users/kimsumin/projects/RGMC/data/map/robot14/images/0242.png,/Users/kimsumin/projects/RGMC/data/map/robot14/overlays/0242_overlay.png,/Users/kimsumin/projects/RGMC/data/map/robot14/masks/0242_mask.png
243,0.6074999999999999,0.21875,0.0,483.3231031543052,294.4220338983051,1,0.0,0.055231344430575965,0.04200768664579067,1777952308.4152784,5,/Users/kimsumin/projects/RGMC/data/map/robot14/images/0243.png,/Users/kimsumin/projects/RGMC/data/map/robot14/overlays/0243_overlay.png,/Users/kimsumin/projects/RGMC/data/map/robot14/masks/0243_mask.png
244,0.578125,0.21875,0.0,483.4585115483319,281.66494845360825,1,0.0,0.024742026011483956,0.04462472979845348,1777952319.173163,5,/Users/kimsumin/projects/RGMC/data/map/robot14/images/0244.png,/Users/kimsumin/projects/RGMC/data/map/robot14/overlays/0244_overlay.png,/Users/kimsumin/projects/RGMC/data/map/robot14/masks/0244_mask.png
245,0.54875,0.21875,0.0,483.74717636837534,268.5951346655082,1,0.0,0.04763936668385171,0.0465491474348964,1777952329.942162,5,/Users/kimsumin/projects/RGMC/data/map/robot14/images/0245.png,/Users/kimsumin/projects/RGMC/data/map/robot14/overlays/0245_overlay.png,/Users/kimsumin/projects/RGMC/data/map/robot14/masks/0245_mask.png
246,0.5193749999999999,0.21875,0.0,483.6640959725793,255.48436103663985,1,0.0,0.05415357968022873,0.39049047091959377,1777952340.6736321,5,/Users/kimsumin/projects/RGMC/data/map/robot14/images/0246.png,/Users/kimsumin/projects/RGMC/data/map/robot14/overlays/0246_overlay.png,/Users/kimsumin/projects/RGMC/data/map/robot14/masks/0246_mask.png
247,0.49,0.21875,0.0,483.70017182130584,241.76516464471405,1,0.0,0.04136843188180881,0.06018293930694275,1777952351.5347748,5,/Users/kimsumin/projects/RGMC/data/map/robot14/images/0247.png,/Users/kimsumin/projects/RGMC/data/map/robot14/overlays/0247_overlay.png,/Users/kimsumin/projects/RGMC/data/map/robot14/masks/0247_mask.png
248,0.460625,0.21875,0.0,483.80719794344475,228.7876712328767,1,0.0,0.030379003201548845,0.02441539212641999,1777952362.2789044,5,/Users/kimsumin/projects/RGMC/data/map/robot14/images/0248.png,/Users/kimsumin/projects/RGMC/data/map/robot14/overlays/0248_overlay.png,/Users/kimsumin/projects/RGMC/data/map/robot14/masks/0248_mask.png
249,0.43125,0.21875,0.0,483.74780316344464,215.54920913884007,1,0.0,0.01163278983570914,0.012560943305454996,1777952373.0312338,5,/Users/kimsumin/projects/RGMC/data/map/robot14/images/0249.png,/Users/kimsumin/projects/RGMC/data/map/robot14/overlays/0249_overlay.png,/Users/kimsumin/projects/RGMC/data/map/robot14/masks/0249_mask.png
250,0.401875,0.21875,0.0,483.88698630136986,201.81849315068493,1,0.0,0.020473181591809362,0.013970978596089492,1777952383.7864616,5,/Users/kimsumin/projects/RGMC/data/map/robot14/images/0250.png,/Users/kimsumin/projects/RGMC/data/map/robot14/overlays/0250_overlay.png,/Users/kimsumin/projects/RGMC/data/map/robot14/masks/0250_mask.png
251,0.3725,0.21875,0.0,484.355,189.29278523489933,1,0.0,0.04841632432946534,0.04711533625252824,1777952394.6564312,5,/Users/kimsumin/projects/RGMC/data/map/robot14/images/0251.png,/Users/kimsumin/projects/RGMC/data/map/robot14/overlays/0251_overlay.png,/Users/kimsumin/projects/RGMC/data/map/robot14/masks/0251_mask.png
252,0.343125,0.21875,0.0,483.9896907216495,176.12285223367698,1,0.0,0.05039220683386152,0.12308466448508486,1777952405.3951287,5,/Users/kimsumin/projects/RGMC/data/map/robot14/images/0252.png,/Users/kimsumin/projects/RGMC/data/map/robot14/overlays/0252_overlay.png,/Users/kimsumin/projects/RGMC/data/map/robot14/masks/0252_mask.png
253,0.31375,0.21875,0.0,484.74135090609553,162.10790774299835,1,0.0,0.30194858402452346,0.0415931035856771,1777952416.0393283,5,/Users/kimsumin/projects/RGMC/data/map/robot14/images/0253.png,/Users/kimsumin/projects/RGMC/data/map/robot14/overlays/0253_overlay.png,/Users/kimsumin/projects/RGMC/data/map/robot14/masks/0253_mask.png
254,0.284375,0.21875,0.0,484.88,149.25306122448978,1,0.0,0.02320930073390291,0.03568820084422467,1777952426.8920178,5,/Users/kimsumin/projects/RGMC/data/map/robot14/images/0254.png,/Users/kimsumin/projects/RGMC/data/map/robot14/overlays/0254_overlay.png,/Users/kimsumin/projects/RGMC/data/map/robot14/masks/0254_mask.png
255,0.255,0.21875,0.0,485.29219143576825,136.22902684563758,1,0.0,0.020828087351746603,0.05350737441016604,1777952437.8566844,5,/Users/kimsumin/projects/RGMC/data/map/robot14/images/0255.png,/Users/kimsumin/projects/RGMC/data/map/robot14/overlays/0255_overlay.png,/Users/kimsumin/projects/RGMC/data/map/robot14/masks/0255_mask.png
256,0.225625,0.21875,0.0,485.2941646682654,122.46532258064516,1,0.0,0.023428174992647547,0.3788883130325894,1777952448.6085095,5,/Users/kimsumin/projects/RGMC/data/map/robot14/images/0256.png,/Users/kimsumin/projects/RGMC/data/map/robot14/overlays/0256_overlay.png,/Users/kimsumin/projects/RGMC/data/map/robot14/masks/0256_mask.png
257,0.19624999999999998,0.21875,0.0,485.5244195356285,109.4009623095429,1,0.0,0.03813731834045591,0.08097295928529084,1777952459.3547792,5,/Users/kimsumin/projects/RGMC/data/map/robot14/images/0257.png,/Users/kimsumin/projects/RGMC/data/map/robot14/overlays/0257_overlay.png,/Users/kimsumin/projects/RGMC/data/map/robot14/masks/0257_mask.png
258,0.16687499999999997,0.21875,0.0,485.7990353697749,96.61323763955343,1,0.0,0.04830877641946941,0.06995765947554237,1777952470.2336843,5,/Users/kimsumin/projects/RGMC/data/map/robot14/images/0258.png,/Users/kimsumin/projects/RGMC/data/map/robot14/overlays/0258_overlay.png,/Users/kimsumin/projects/RGMC/data/map/robot14/masks/0258_mask.png
259,0.13749999999999998,0.21875,0.0,485.97084318360913,82.66196078431372,1,0.0,0.11127960126708722,0.05952227190591078,1777952480.9866948,5,/Users/kimsumin/projects/RGMC/data/map/robot14/images/0259.png,/Users/kimsumin/projects/RGMC/data/map/robot14/overlays/0259_overlay.png,/Users/kimsumin/projects/RGMC/data/map/robot14/masks/0259_mask.png
260,0.108125,0.21875,0.0,486.9659468438538,69.29069767441861,1,0.0,0.2864696749290277,0.050040048605150884,1777952492.5610573,5,/Users/kimsumin/projects/RGMC/data/map/robot14/images/0260.png,/Users/kimsumin/projects/RGMC/data/map/robot14/overlays/0260_overlay.png,/Users/kimsumin/projects/RGMC/data/map/robot14/masks/0260_mask.png
261,0.07875,0.21875,0.0,487.38266557645136,55.68923327895595,1,0.0,0.09191292439518685,0.1213696131435759,1777952503.3011196,5,/Users/kimsumin/projects/RGMC/data/map/robot14/images/0261.png,/Users/kimsumin/projects/RGMC/data/map/robot14/overlays/0261_overlay.png,/Users/kimsumin/projects/RGMC/data/map/robot14/masks/0261_mask.png
262,0.049375,0.21875,0.0,487.2916321458161,42.32724252491694,1,0.0,0.045852697395119456,0.12376374703439091,1777952514.2622397,5,/Users/kimsumin/projects/RGMC/data/map/robot14/images/0262.png,/Users/kimsumin/projects/RGMC/data/map/robot14/overlays/0262_overlay.png,/Users/kimsumin/projects/RGMC/data/map/robot14/masks/0262_mask.png
263,0.02,0.21875,0.0,487.3207236842105,29.080099091659786,1,0.0,0.034286672150132265,0.04970195635766383,1777952524.8945591,5,/Users/kimsumin/projects/RGMC/data/map/robot14/images/0263.png,/Users/kimsumin/projects/RGMC/data/map/robot14/overlays/0263_overlay.png,/Users/kimsumin/projects/RGMC/data/map/robot14/masks/0263_mask.png
264,0.02,0.25,0.0,472.78466557911906,29.060096153846153,1,0.0,0.041525089866731375,0.09316721666091705,1777952536.2559886,5,/Users/kimsumin/projects/RGMC/data/map/robot14/images/0264.png,/Users/kimsumin/projects/RGMC/data/map/robot14/overlays/0264_overlay.png,/Users/kimsumin/projects/RGMC/data/map/robot14/masks/0264_mask.png
265,0.049375,0.25,0.0,472.4064777327935,42.16883116883117,1,0.0,0.19893148970590652,0.052197537713646436,1777952547.1229582,5,/Users/kimsumin/projects/RGMC/data/map/robot14/images/0265.png,/Users/kimsumin/projects/RGMC/data/map/robot14/overlays/0265_overlay.png,/Users/kimsumin/projects/RGMC/data/map/robot14/masks/0265_mask.png
266,0.07875,0.25,0.0,472.5890196078431,55.38941548183254,1,0.0,0.04931267336996736,0.03222567649963082,1777952557.863815,5,/Users/kimsumin/projects/RGMC/data/map/robot14/images/0266.png,/Users/kimsumin/projects/RGMC/data/map/robot14/overlays/0266_overlay.png,/Users/kimsumin/projects/RGMC/data/map/robot14/masks/0266_mask.png
267,0.108125,0.25,0.0,472.3226065969429,69.16077170418006,1,0.0,0.01676277875697016,0.03336071051506252,1777952569.8498683,5,/Users/kimsumin/projects/RGMC/data/map/robot14/images/0267.png,/Users/kimsumin/projects/RGMC/data/map/robot14/overlays/0267_overlay.png,/Users/kimsumin/projects/RGMC/data/map/robot14/masks/0267_mask.png
268,0.13749999999999998,0.25,0.0,471.6884297520661,82.27438016528926,1,0.0,0.029337695731477733,0.025682623162317418,1777952580.9055796,5,/Users/kimsumin/projects/RGMC/data/map/robot14/images/0268.png,/Users/kimsumin/projects/RGMC/data/map/robot14/overlays/0268_overlay.png,/Users/kimsumin/projects/RGMC/data/map/robot14/masks/0268_mask.png
269,0.16687499999999997,0.25,0.0,471.6270316509837,96.4054747647562,1,0.0,0.03075723519359944,0.08238784693565872,1777952591.6798012,5,/Users/kimsumin/projects/RGMC/data/map/robot14/images/0269.png,/Users/kimsumin/projects/RGMC/data/map/robot14/overlays/0269_overlay.png,/Users/kimsumin/projects/RGMC/data/map/robot14/masks/0269_mask.png
270,0.19624999999999998,0.25,0.0,471.4279766860949,108.96924355777223,1,0.0,0.0484232435674753,0.07245838380744318,1777952602.5175967,5,/Users/kimsumin/projects/RGMC/data/map/robot14/images/0270.png,/Users/kimsumin/projects/RGMC/data/map/robot14/overlays/0270_overlay.png,/Users/kimsumin/projects/RGMC/data/map/robot14/masks/0270_mask.png
271,0.225625,0.25,0.0,471.16680497925313,122.1125,1,0.0,0.03313139785024413,0.04027278617493154,1777952613.2834222,5,/Users/kimsumin/projects/RGMC/data/map/robot14/images/0271.png,/Users/kimsumin/projects/RGMC/data/map/robot14/overlays/0271_overlay.png,/Users/kimsumin/projects/RGMC/data/map/robot14/masks/0271_mask.png
272,0.255,0.25,0.0,471.2113617376775,135.71279373368145,1,0.0,0.05176154933072729,0.37094200197666694,1777952624.228673,5,/Users/kimsumin/projects/RGMC/data/map/robot14/images/0272.png,/Users/kimsumin/projects/RGMC/data/map/robot14/overlays/0272_overlay.png,/Users/kimsumin/projects/RGMC/data/map/robot14/masks/0272_mask.png
273,0.284375,0.25,0.0,470.9549702633815,148.69694397283533,1,0.0,0.013881471486005055,0.04632487459802488,1777952635.386097,5,/Users/kimsumin/projects/RGMC/data/map/robot14/images/0273.png,/Users/kimsumin/projects/RGMC/data/map/robot14/overlays/0273_overlay.png,/Users/kimsumin/projects/RGMC/data/map/robot14/masks/0273_mask.png
274,0.31375,0.25,0.0,469.96305220883534,161.97531847133757,1,0.0,0.0845823844017968,0.03833345768376219,1777952646.1334014,5,/Users/kimsumin/projects/RGMC/data/map/robot14/images/0274.png,/Users/kimsumin/projects/RGMC/data/map/robot14/overlays/0274_overlay.png,/Users/kimsumin/projects/RGMC/data/map/robot14/masks/0274_mask.png
275,0.343125,0.25,0.0,470.8710771840543,174.54091300602929,1,0.0,0.36191720648247355,0.13345073671091826,1777952656.9036584,5,/Users/kimsumin/projects/RGMC/data/map/robot14/images/0275.png,/Users/kimsumin/projects/RGMC/data/map/robot14/overlays/0275_overlay.png,/Users/kimsumin/projects/RGMC/data/map/robot14/masks/0275_mask.png
276,0.3725,0.25,0.0,470.7823070251518,188.71763683753258,1,0.0,0.4132108192351758,0.03997767195184393,1777952667.6509423,5,/Users/kimsumin/projects/RGMC/data/map/robot14/images/0276.png,/Users/kimsumin/projects/RGMC/data/map/robot14/overlays/0276_overlay.png,/Users/kimsumin/projects/RGMC/data/map/robot14/masks/0276_mask.png
277,0.401875,0.25,0.0,470.0587262200165,201.65438165438167,1,0.0,0.07056580581887782,0.08178404101339047,1777952678.3124197,5,/Users/kimsumin/projects/RGMC/data/map/robot14/images/0277.png,/Users/kimsumin/projects/RGMC/data/map/robot14/overlays/0277_overlay.png,/Users/kimsumin/projects/RGMC/data/map/robot14/masks/0277_mask.png
278,0.43125,0.25,0.0,470.5104166666667,215.17367949865712,1,0.0,0.4449937475208291,0.3609712511916057,1777952689.0457792,5,/Users/kimsumin/projects/RGMC/data/map/robot14/images/0278.png,/Users/kimsumin/projects/RGMC/data/map/robot14/overlays/0278_overlay.png,/Users/kimsumin/projects/RGMC/data/map/robot14/masks/0278_mask.png
279,0.460625,0.25,0.0,469.46264855687605,228.1675170068027,1,0.0,0.04778896248000324,0.025789695185181708,1777952699.8959985,5,/Users/kimsumin/projects/RGMC/data/map/robot14/images/0279.png,/Users/kimsumin/projects/RGMC/data/map/robot14/overlays/0279_overlay.png,/Users/kimsumin/projects/RGMC/data/map/robot14/masks/0279_mask.png
280,0.49,0.25,0.0,469.4156275976725,241.4765045342127,1,0.0,0.031405523981753836,0.07782702560838589,1777952710.7453465,5,/Users/kimsumin/projects/RGMC/data/map/robot14/images/0280.png,/Users/kimsumin/projects/RGMC/data/map/robot14/overlays/0280_overlay.png,/Users/kimsumin/projects/RGMC/data/map/robot14/masks/0280_mask.png
281,0.5193749999999999,0.25,0.0,469.3249791144528,254.3565505804312,1,0.0,0.03555209203153523,0.033615609801603066,1777952721.5021203,5,/Users/kimsumin/projects/RGMC/data/map/robot14/images/0281.png,/Users/kimsumin/projects/RGMC/data/map/robot14/overlays/0281_overlay.png,/Users/kimsumin/projects/RGMC/data/map/robot14/masks/0281_mask.png
282,0.54875,0.25,0.0,469.09511568123395,267.9657240788346,1,0.0,0.040199346276252,0.022535019533878365,1777952732.2563403,5,/Users/kimsumin/projects/RGMC/data/map/robot14/images/0282.png,/Users/kimsumin/projects/RGMC/data/map/robot14/overlays/0282_overlay.png,/Users/kimsumin/projects/RGMC/data/map/robot14/masks/0282_mask.png
283,0.578125,0.25,0.0,468.9643463497453,281.0432937181664,1,0.0,0.04747249063861601,0.040802939806583546,1777952744.5465405,5,/Users/kimsumin/projects/RGMC/data/map/robot14/images/0283.png,/Users/kimsumin/projects/RGMC/data/map/robot14/overlays/0283_overlay.png,/Users/kimsumin/projects/RGMC/data/map/robot14/masks/0283_mask.png
284,0.6074999999999999,0.25,0.0,468.92487479131887,293.98668885191347,1,0.0,0.07141905511871861,0.017616029796991506,1777952756.0179098,5,/Users/kimsumin/projects/RGMC/data/map/robot14/images/0284.png,/Users/kimsumin/projects/RGMC/data/map/robot14/overlays/0284_overlay.png,/Users/kimsumin/projects/RGMC/data/map/robot14/masks/0284_mask.png
285,0.636875,0.25,0.0,468.7185929648241,308.472712006717,1,0.0,0.26793145324912104,0.07959407792000085,1777952767.0640512,5,/Users/kimsumin/projects/RGMC/data/map/robot14/images/0285.png,/Users/kimsumin/projects/RGMC/data/map/robot14/overlays/0285_overlay.png,/Users/kimsumin/projects/RGMC/data/map/robot14/masks/0285_mask.png
286,0.66625,0.25,0.0,468.2696917808219,321.1383966244726,1,0.0,0.22183238620805737,0.07494088831471639,1777952778.2490928,5,/Users/kimsumin/projects/RGMC/data/map/robot14/images/0286.png,/Users/kimsumin/projects/RGMC/data/map/robot14/overlays/0286_overlay.png,/Users/kimsumin/projects/RGMC/data/map/robot14/masks/0286_mask.png
287,0.6956249999999999,0.25,0.0,467.9130434782609,334.10869565217394,1,0.0,0.017304147621835055,0.03495168678505948,1777952788.9909937,5,/Users/kimsumin/projects/RGMC/data/map/robot14/images/0287.png,/Users/kimsumin/projects/RGMC/data/map/robot14/overlays/0287_overlay.png,/Users/kimsumin/projects/RGMC/data/map/robot14/masks/0287_mask.png
288,0.725,0.25,0.0,468.06760316066726,347.65845070422534,1,0.0,0.03278721446119351,0.3423957534209111,1777952799.9714162,5,/Users/kimsumin/projects/RGMC/data/map/robot14/images/0288.png,/Users/kimsumin/projects/RGMC/data/map/robot14/overlays/0288_overlay.png,/Users/kimsumin/projects/RGMC/data/map/robot14/masks/0288_mask.png
289,0.754375,0.25,0.0,468.0161427357689,360.6997433704021,1,0.0,0.16101054158586814,0.021485395838740422,1777952810.6973195,5,/Users/kimsumin/projects/RGMC/data/map/robot14/images/0289.png,/Users/kimsumin/projects/RGMC/data/map/robot14/overlays/0289_overlay.png,/Users/kimsumin/projects/RGMC/data/map/robot14/masks/0289_mask.png
290,0.78375,0.25,0.0,468.360435875943,373.72506286672257,1,0.0,0.04415121085766651,0.024751755871092313,1777952821.3595598,5,/Users/kimsumin/projects/RGMC/data/map/robot14/images/0290.png,/Users/kimsumin/projects/RGMC/data/map/robot14/overlays/0290_overlay.png,/Users/kimsumin/projects/RGMC/data/map/robot14/masks/0290_mask.png
291,0.813125,0.25,0.0,468.15951972555746,388.05055698371893,1,0.0,0.036649624641363725,0.23465582507345387,1777952832.064756,5,/Users/kimsumin/projects/RGMC/data/map/robot14/images/0291.png,/Users/kimsumin/projects/RGMC/data/map/robot14/overlays/0291_overlay.png,/Users/kimsumin/projects/RGMC/data/map/robot14/masks/0291_mask.png
292,0.8425,0.25,0.0,467.8237774030354,401.0092905405405,1,0.0,0.029577892011456258,0.024229406785037433,1777952843.6622093,5,/Users/kimsumin/projects/RGMC/data/map/robot14/images/0292.png,/Users/kimsumin/projects/RGMC/data/map/robot14/overlays/0292_overlay.png,/Users/kimsumin/projects/RGMC/data/map/robot14/masks/0292_mask.png
293,0.871875,0.25,0.0,467.87129551227775,413.93575655114114,1,0.0,0.025485604471850023,0.04760453054655219,1777952854.5200186,5,/Users/kimsumin/projects/RGMC/data/map/robot14/images/0293.png,/Users/kimsumin/projects/RGMC/data/map/robot14/overlays/0293_overlay.png,/Users/kimsumin/projects/RGMC/data/map/robot14/masks/0293_mask.png
294,0.90125,0.25,0.0,467.8241042345277,427.10676446617765,1,0.0,0.38568420831241773,0.03868684428167549,1777952865.381485,5,/Users/kimsumin/projects/RGMC/data/map/robot14/images/0294.png,/Users/kimsumin/projects/RGMC/data/map/robot14/overlays/0294_overlay.png,/Users/kimsumin/projects/RGMC/data/map/robot14/masks/0294_mask.png
295,0.9306249999999999,0.25,0.0,467.765391014975,441.12312811980036,1,0.0,0.05758436848697227,0.03814527457830795,1777952876.5574877,5,/Users/kimsumin/projects/RGMC/data/map/robot14/images/0295.png,/Users/kimsumin/projects/RGMC/data/map/robot14/overlays/0295_overlay.png,/Users/kimsumin/projects/RGMC/data/map/robot14/masks/0295_mask.png
296,0.96,0.25,0.0,466.6011058451817,454.1129541864139,1,0.0,0.0580075335111918,0.03639726268156229,1777952887.391512,5,/Users/kimsumin/projects/RGMC/data/map/robot14/images/0296.png,/Users/kimsumin/projects/RGMC/data/map/robot14/overlays/0296_overlay.png,/Users/kimsumin/projects/RGMC/data/map/robot14/masks/0296_mask.png
297,0.96,0.28125,0.0,453.4317998385795,453.5181598062954,1,0.0,0.03348819254509397,0.01217979697895782,1777952898.2421582,5,/Users/kimsumin/projects/RGMC/data/map/robot14/images/0297.png,/Users/kimsumin/projects/RGMC/data/map/robot14/overlays/0297_overlay.png,/Users/kimsumin/projects/RGMC/data/map/robot14/masks/0297_mask.png
298,0.9306249999999999,0.28125,0.0,453.2828999211978,441.0850556438792,1,0.0,0.04639726774700018,0.028744348456826947,1777952909.016338,5,/Users/kimsumin/projects/RGMC/data/map/robot14/images/0298.png,/Users/kimsumin/projects/RGMC/data/map/robot14/overlays/0298_overlay.png,/Users/kimsumin/projects/RGMC/data/map/robot14/masks/0298_mask.png
299,0.90125,0.28125,0.0,453.26682887266827,428.1520325203252,1,0.0,0.05639762631351468,0.4853355587080919,1777952919.881471,5,/Users/kimsumin/projects/RGMC/data/map/robot14/images/0299.png,/Users/kimsumin/projects/RGMC/data/map/robot14/overlays/0299_overlay.png,/Users/kimsumin/projects/RGMC/data/map/robot14/masks/0299_mask.png
300,0.871875,0.28125,0.0,453.4160063391442,414.0339920948617,1,0.0,0.05059544713666942,0.04303039795032571,1777952930.9394038,5,/Users/kimsumin/projects/RGMC/data/map/robot14/images/0300.png,/Users/kimsumin/projects/RGMC/data/map/robot14/overlays/0300_overlay.png,/Users/kimsumin/projects/RGMC/data/map/robot14/masks/0300_mask.png
301,0.8425,0.28125,0.0,453.45327102803736,401.5272585669782,1,0.0,0.06034763392622033,0.03697243824268265,1777952941.5589437,5,/Users/kimsumin/projects/RGMC/data/map/robot14/images/0301.png,/Users/kimsumin/projects/RGMC/data/map/robot14/overlays/0301_overlay.png,/Users/kimsumin/projects/RGMC/data/map/robot14/masks/0301_mask.png
302,0.813125,0.28125,0.0,453.7131011608624,387.08280757097793,1,0.0,0.06379339361222204,0.32188247119653784,1777952952.6290061,5,/Users/kimsumin/projects/RGMC/data/map/robot14/images/0302.png,/Users/kimsumin/projects/RGMC/data/map/robot14/overlays/0302_overlay.png,/Users/kimsumin/projects/RGMC/data/map/robot14/masks/0302_mask.png
303,0.78375,0.28125,0.0,453.43928280358597,374.0314769975787,1,0.0,0.04600158466604887,0.027613125267396368,1777952963.4814105,5,/Users/kimsumin/projects/RGMC/data/map/robot14/images/0303.png,/Users/kimsumin/projects/RGMC/data/map/robot14/overlays/0303_overlay.png,/Users/kimsumin/projects/RGMC/data/map/robot14/masks/0303_mask.png
304,0.754375,0.28125,0.0,453.8206168831169,361.2082994304312,1,0.0,0.03372861974650998,0.05171381803222169,1777952974.2250257,5,/Users/kimsumin/projects/RGMC/data/map/robot14/images/0304.png,/Users/kimsumin/projects/RGMC/data/map/robot14/overlays/0304_overlay.png,/Users/kimsumin/projects/RGMC/data/map/robot14/masks/0304_mask.png
305,0.725,0.28125,0.0,453.6737830913749,347.88898377455166,1,0.0,0.08735100734304609,0.05115621317859083,1777952984.9885995,5,/Users/kimsumin/projects/RGMC/data/map/robot14/images/0305.png,/Users/kimsumin/projects/RGMC/data/map/robot14/overlays/0305_overlay.png,/Users/kimsumin/projects/RGMC/data/map/robot14/masks/0305_mask.png
306,0.6956249999999999,0.28125,0.0,453.92088091354,334.1126530612245,1,0.0,0.01285863626075341,0.037775837523624574,1777952995.7343724,5,/Users/kimsumin/projects/RGMC/data/map/robot14/images/0306.png,/Users/kimsumin/projects/RGMC/data/map/robot14/overlays/0306_overlay.png,/Users/kimsumin/projects/RGMC/data/map/robot14/masks/0306_mask.png
307,0.66625,0.28125,0.0,453.9580592105263,321.5238486842105,1,0.0,0.3204155892180661,0.05336311924023999,1777953006.6934319,5,/Users/kimsumin/projects/RGMC/data/map/robot14/images/0307.png,/Users/kimsumin/projects/RGMC/data/map/robot14/overlays/0307_overlay.png,/Users/kimsumin/projects/RGMC/data/map/robot14/masks/0307_mask.png
308,0.636875,0.28125,0.0,454.76781002638523,308.26020408163265,1,0.0,0.38940282602070364,0.061140209946270715,1777953017.5384612,5,/Users/kimsumin/projects/RGMC/data/map/robot14/images/0308.png,/Users/kimsumin/projects/RGMC/data/map/robot14/overlays/0308_overlay.png,/Users/kimsumin/projects/RGMC/data/map/robot14/masks/0308_mask.png
309,0.6074999999999999,0.28125,0.0,454.78008658008656,293.97582037996546,1,0.0,0.24619720938144082,0.08176856613185723,1777953028.5004063,5,/Users/kimsumin/projects/RGMC/data/map/robot14/images/0309.png,/Users/kimsumin/projects/RGMC/data/map/robot14/overlays/0309_overlay.png,/Users/kimsumin/projects/RGMC/data/map/robot14/masks/0309_mask.png
310,0.578125,0.28125,0.0,455.08,281.3339130434783,1,0.0,0.03640088581528129,0.05286268675585938,1777953039.3476326,5,/Users/kimsumin/projects/RGMC/data/map/robot14/images/0310.png,/Users/kimsumin/projects/RGMC/data/map/robot14/overlays/0310_overlay.png,/Users/kimsumin/projects/RGMC/data/map/robot14/masks/0310_mask.png
311,0.54875,0.28125,0.0,455.0612788632327,267.8340807174888,1,0.0,0.04069175079308714,0.0816014467080527,1777953050.2077196,5,/Users/kimsumin/projects/RGMC/data/map/robot14/images/0311.png,/Users/kimsumin/projects/RGMC/data/map/robot14/overlays/0311_overlay.png,/Users/kimsumin/projects/RGMC/data/map/robot14/masks/0311_mask.png
312,0.5193749999999999,0.28125,0.0,455.16333622936577,254.30146425495263,1,0.0,0.05104994075071874,0.05360424195673184,1777953060.9580586,5,/Users/kimsumin/projects/RGMC/data/map/robot14/images/0312.png,/Users/kimsumin/projects/RGMC/data/map/robot14/overlays/0312_overlay.png,/Users/kimsumin/projects/RGMC/data/map/robot14/masks/0312_mask.png
313,0.49,0.28125,0.0,455.1892361111111,241.24221453287197,1,0.0,0.03885968696289296,0.07290456562939522,1777953071.8105638,5,/Users/kimsumin/projects/RGMC/data/map/robot14/images/0313.png,/Users/kimsumin/projects/RGMC/data/map/robot14/overlays/0313_overlay.png,/Users/kimsumin/projects/RGMC/data/map/robot14/masks/0313_mask.png
314,0.460625,0.28125,0.0,455.16890080428954,228.3,1,0.0,0.05929603045480602,0.04624992018039627,1777953082.886659,5,/Users/kimsumin/projects/RGMC/data/map/robot14/images/0314.png,/Users/kimsumin/projects/RGMC/data/map/robot14/overlays/0314_overlay.png,/Users/kimsumin/projects/RGMC/data/map/robot14/masks/0314_mask.png
315,0.43125,0.28125,0.0,455.1313131313131,215.2250922509225,1,0.0,0.020097239564502295,0.051114366296298064,1777953093.624043,5,/Users/kimsumin/projects/RGMC/data/map/robot14/images/0315.png,/Users/kimsumin/projects/RGMC/data/map/robot14/overlays/0315_overlay.png,/Users/kimsumin/projects/RGMC/data/map/robot14/masks/0315_mask.png
316,0.401875,0.28125,0.0,455.6442141623489,201.53540587219345,1,0.0,0.03604217260475635,0.019358013401500885,1777953104.480319,5,/Users/kimsumin/projects/RGMC/data/map/robot14/images/0316.png,/Users/kimsumin/projects/RGMC/data/map/robot14/overlays/0316_overlay.png,/Users/kimsumin/projects/RGMC/data/map/robot14/masks/0316_mask.png
317,0.3725,0.28125,0.0,455.523768366465,189.01555747623163,1,0.0,0.02494717192211025,0.05192132336014566,1777953115.2312229,5,/Users/kimsumin/projects/RGMC/data/map/robot14/images/0317.png,/Users/kimsumin/projects/RGMC/data/map/robot14/overlays/0317_overlay.png,/Users/kimsumin/projects/RGMC/data/map/robot14/masks/0317_mask.png
318,0.343125,0.28125,0.0,455.9268907563025,175.2102177554439,1,0.0,0.05213014621238258,0.034456163341800156,1777953126.1844404,5,/Users/kimsumin/projects/RGMC/data/map/robot14/images/0318.png,/Users/kimsumin/projects/RGMC/data/map/robot14/overlays/0318_overlay.png,/Users/kimsumin/projects/RGMC/data/map/robot14/masks/0318_mask.png
319,0.31375,0.28125,0.0,455.9203084832905,161.73429541595925,1,0.0,0.22164601701497694,0.03021704685972411,1777953137.1812544,5,/Users/kimsumin/projects/RGMC/data/map/robot14/images/0319.png,/Users/kimsumin/projects/RGMC/data/map/robot14/overlays/0319_overlay.png,/Users/kimsumin/projects/RGMC/data/map/robot14/masks/0319_mask.png
320,0.284375,0.28125,0.0,456.4843234323432,148.8488852188274,1,0.0,0.07564418025974126,0.05902775891428912,1777953148.1979694,5,/Users/kimsumin/projects/RGMC/data/map/robot14/images/0320.png,/Users/kimsumin/projects/RGMC/data/map/robot14/overlays/0320_overlay.png,/Users/kimsumin/projects/RGMC/data/map/robot14/masks/0320_mask.png
321,0.255,0.28125,0.0,456.5863787375415,136.06534325889166,1,0.0,0.07749439742528762,0.05319094585419383,1777953158.9614074,5,/Users/kimsumin/projects/RGMC/data/map/robot14/images/0321.png,/Users/kimsumin/projects/RGMC/data/map/robot14/overlays/0321_overlay.png,/Users/kimsumin/projects/RGMC/data/map/robot14/masks/0321_mask.png
322,0.225625,0.28125,0.0,456.8974145120934,122.18444995864351,1,0.0,0.03415199661745355,0.06153382826486176,1777953169.7082183,5,/Users/kimsumin/projects/RGMC/data/map/robot14/images/0322.png,/Users/kimsumin/projects/RGMC/data/map/robot14/overlays/0322_overlay.png,/Users/kimsumin/projects/RGMC/data/map/robot14/masks/0322_mask.png
323,0.19624999999999998,0.28125,0.0,457.08440514469453,109.44578313253012,1,0.0,0.0599753062476029,0.0523212875035297,1777953180.559957,5,/Users/kimsumin/projects/RGMC/data/map/robot14/images/0323.png,/Users/kimsumin/projects/RGMC/data/map/robot14/overlays/0323_overlay.png,/Users/kimsumin/projects/RGMC/data/map/robot14/masks/0323_mask.png
324,0.16687499999999997,0.28125,0.0,457.3441033925687,96.32491856677524,1,0.0,0.056484199128956934,0.06803463958910426,1777953191.333942,5,/Users/kimsumin/projects/RGMC/data/map/robot14/images/0324.png,/Users/kimsumin/projects/RGMC/data/map/robot14/overlays/0324_overlay.png,/Users/kimsumin/projects/RGMC/data/map/robot14/masks/0324_mask.png
325,0.13749999999999998,0.28125,0.0,457.24547600314713,82.8835027365129,1,0.0,0.06594687686585822,0.07789408852165262,1777953202.1678698,5,/Users/kimsumin/projects/RGMC/data/map/robot14/images/0325.png,/Users/kimsumin/projects/RGMC/data/map/robot14/overlays/0325_overlay.png,/Users/kimsumin/projects/RGMC/data/map/robot14/masks/0325_mask.png
326,0.108125,0.28125,0.0,457.7602523659306,69.44637223974763,1,0.0,0.05300639080630029,0.039042037701623046,1777953212.918987,5,/Users/kimsumin/projects/RGMC/data/map/robot14/images/0326.png,/Users/kimsumin/projects/RGMC/data/map/robot14/overlays/0326_overlay.png,/Users/kimsumin/projects/RGMC/data/map/robot14/masks/0326_mask.png
327,0.07875,0.28125,0.0,457.92219679633865,55.49696048632219,1,0.0,0.05960679586181952,0.05257582126022408,1777953223.6759174,5,/Users/kimsumin/projects/RGMC/data/map/robot14/images/0327.png,/Users/kimsumin/projects/RGMC/data/map/robot14/overlays/0327_overlay.png,/Users/kimsumin/projects/RGMC/data/map/robot14/masks/0327_mask.png
328,0.049375,0.28125,0.0,457.9647435897436,41.975160256410255,1,0.0,0.044424355358866165,0.046094411018341774,1777953234.5538096,5,/Users/kimsumin/projects/RGMC/data/map/robot14/images/0328.png,/Users/kimsumin/projects/RGMC/data/map/robot14/overlays/0328_overlay.png,/Users/kimsumin/projects/RGMC/data/map/robot14/masks/0328_mask.png
329,0.02,0.28125,0.0,458.20111287758345,29.07974481658692,1,0.0,0.05641012447112722,0.06146402898042097,1777953245.6071887,5,/Users/kimsumin/projects/RGMC/data/map/robot14/images/0329.png,/Users/kimsumin/projects/RGMC/data/map/robot14/overlays/0329_overlay.png,/Users/kimsumin/projects/RGMC/data/map/robot14/masks/0329_mask.png
330,0.02,0.3125,0.0,444.5141430948419,28.419435215946844,1,0.0,0.04643623867672161,0.04406182901012213,1777953256.4437337,5,/Users/kimsumin/projects/RGMC/data/map/robot14/images/0330.png,/Users/kimsumin/projects/RGMC/data/map/robot14/overlays/0330_overlay.png,/Users/kimsumin/projects/RGMC/data/map/robot14/masks/0330_mask.png
331,0.049375,0.3125,0.0,443.91777408637876,41.50041152263375,1,0.0,0.05202246571551142,0.052295292930324935,1777953267.191425,5,/Users/kimsumin/projects/RGMC/data/map/robot14/images/0331.png,/Users/kimsumin/projects/RGMC/data/map/robot14/overlays/0331_overlay.png,/Users/kimsumin/projects/RGMC/data/map/robot14/masks/0331_mask.png
332,0.07875,0.3125,0.0,443.61786600496276,54.296144380639866,1,0.0,0.04725356148598081,0.12191878626740471,1777953278.0581894,5,/Users/kimsumin/projects/RGMC/data/map/robot14/images/0332.png,/Users/kimsumin/projects/RGMC/data/map/robot14/overlays/0332_overlay.png,/Users/kimsumin/projects/RGMC/data/map/robot14/masks/0332_mask.png
333,0.108125,0.3125,0.0,443.47284878863826,68.88471177944862,1,0.0,5.684341886080802e-14,0.0,1777953288.823377,5,/Users/kimsumin/projects/RGMC/data/map/robot14/images/0333.png,/Users/kimsumin/projects/RGMC/data/map/robot14/overlays/0333_overlay.png,/Users/kimsumin/projects/RGMC/data/map/robot14/masks/0333_mask.png
334,0.13749999999999998,0.3125,0.0,443.18760469011727,81.94891122278057,1,0.0,0.06799812510978161,0.05482728732979802,1777953299.8539886,5,/Users/kimsumin/projects/RGMC/data/map/robot14/images/0334.png,/Users/kimsumin/projects/RGMC/data/map/robot14/overlays/0334_overlay.png,/Users/kimsumin/projects/RGMC/data/map/robot14/masks/0334_mask.png
335,0.16687499999999997,0.3125,0.0,443.2391482391482,94.98113207547169,1,0.0,0.04725368483458355,0.0807835255323719,1777953310.506701,5,/Users/kimsumin/projects/RGMC/data/map/robot14/images/0335.png,/Users/kimsumin/projects/RGMC/data/map/robot14/overlays/0335_overlay.png,/Users/kimsumin/projects/RGMC/data/map/robot14/masks/0335_mask.png
336,0.19624999999999998,0.3125,0.0,442.1640127388535,109.02926829268293,1,0.0,0.08395375929272615,0.032687995354754654,1777953321.423656,5,/Users/kimsumin/projects/RGMC/data/map/robot14/images/0336.png,/Users/kimsumin/projects/RGMC/data/map/robot14/overlays/0336_overlay.png,/Users/kimsumin/projects/RGMC/data/map/robot14/masks/0336_mask.png
337,0.225625,0.3125,0.0,442.1388888888889,121.6438467807661,1,0.0,0.09946107233558923,0.08297034291574885,1777953332.218852,5,/Users/kimsumin/projects/RGMC/data/map/robot14/images/0337.png,/Users/kimsumin/projects/RGMC/data/map/robot14/overlays/0337_overlay.png,/Users/kimsumin/projects/RGMC/data/map/robot14/masks/0337_mask.png
338,0.255,0.3125,0.0,442.10445344129556,134.52373158756137,1,0.0,0.0935439638143124,0.05007338333340077,1777953344.4306889,5,/Users/kimsumin/projects/RGMC/data/map/robot14/images/0338.png,/Users/kimsumin/projects/RGMC/data/map/robot14/overlays/0338_overlay.png,/Users/kimsumin/projects/RGMC/data/map/robot14/masks/0338_mask.png
339,0.284375,0.3125,0.0,442.05115511551156,148.6369582992641,1,0.0,0.3223572505091063,0.09469113179357104,1777953355.2494524,5,/Users/kimsumin/projects/RGMC/data/map/robot14/images/0339.png,/Users/kimsumin/projects/RGMC/data/map/robot14/overlays/0339_overlay.png,/Users/kimsumin/projects/RGMC/data/map/robot14/masks/0339_mask.png
340,0.31375,0.3125,0.0,441.57385398981324,161.26395939086294,1,0.0,0.06552539867154676,0.06388355596138946,1777953365.8256576,5,/Users/kimsumin/projects/RGMC/data/map/robot14/images/0340.png,/Users/kimsumin/projects/RGMC/data/map/robot14/overlays/0340_overlay.png,/Users/kimsumin/projects/RGMC/data/map/robot14/masks/0340_mask.png
341,0.343125,0.3125,0.0,441.665,174.37882547559968,1,0.0,0.06132249842914255,0.03821372267222114,1777953376.6728556,5,/Users/kimsumin/projects/RGMC/data/map/robot14/images/0341.png,/Users/kimsumin/projects/RGMC/data/map/robot14/overlays/0341_overlay.png,/Users/kimsumin/projects/RGMC/data/map/robot14/masks/0341_mask.png
342,0.3725,0.3125,0.0,441.13448275862066,188.26157804459692,1,0.0,0.07795055298173277,0.06431879427089734,1777953387.9288023,5,/Users/kimsumin/projects/RGMC/data/map/robot14/images/0342.png,/Users/kimsumin/projects/RGMC/data/map/robot14/overlays/0342_overlay.png,/Users/kimsumin/projects/RGMC/data/map/robot14/masks/0342_mask.png
343,0.401875,0.3125,0.0,441.1544502617801,201.4263295553618,1,0.0,0.10423494552176946,0.08043194588547649,1777953398.8783317,5,/Users/kimsumin/projects/RGMC/data/map/robot14/images/0343.png,/Users/kimsumin/projects/RGMC/data/map/robot14/overlays/0343_overlay.png,/Users/kimsumin/projects/RGMC/data/map/robot14/masks/0343_mask.png
344,0.43125,0.3125,0.0,440.93702770780857,214.376677852349,1,0.0,0.06839701062853652,0.051114561163985085,1777953410.0357256,5,/Users/kimsumin/projects/RGMC/data/map/robot14/images/0344.png,/Users/kimsumin/projects/RGMC/data/map/robot14/overlays/0344_overlay.png,/Users/kimsumin/projects/RGMC/data/map/robot14/masks/0344_mask.png
345,0.460625,0.3125,0.0,441.1753303964758,228.05152838427946,1,0.0,0.07035675508007913,0.09385171379290823,1777953420.994858,5,/Users/kimsumin/projects/RGMC/data/map/robot14/images/0345.png,/Users/kimsumin/projects/RGMC/data/map/robot14/overlays/0345_overlay.png,/Users/kimsumin/projects/RGMC/data/map/robot14/masks/0345_mask.png
346,0.49,0.3125,0.0,440.8845822566753,240.97996515679444,1,0.0,0.09141121180281604,0.050740416688786386,1777953431.8513079,5,/Users/kimsumin/projects/RGMC/data/map/robot14/images/0346.png,/Users/kimsumin/projects/RGMC/data/map/robot14/overlays/0346_overlay.png,/Users/kimsumin/projects/RGMC/data/map/robot14/masks/0346_mask.png
347,0.5193749999999999,0.3125,0.0,440.3272410791993,253.98867595818814,1,0.0,0.04195171680928865,0.07678767085504723,1777953442.7073367,5,/Users/kimsumin/projects/RGMC/data/map/robot14/images/0347.png,/Users/kimsumin/projects/RGMC/data/map/robot14/overlays/0347_overlay.png,/Users/kimsumin/projects/RGMC/data/map/robot14/masks/0347_mask.png
348,0.54875,0.3125,0.0,440.5685234305924,267.43889384478143,1,0.0,0.2202129484010823,0.07311023341980602,1777953453.4639132,5,/Users/kimsumin/projects/RGMC/data/map/robot14/images/0348.png,/Users/kimsumin/projects/RGMC/data/map/robot14/overlays/0348_overlay.png,/Users/kimsumin/projects/RGMC/data/map/robot14/masks/0348_mask.png
349,0.578125,0.3125,0.0,440.33632286995515,280.8589174800355,1,0.0,0.26572687220894176,0.03724311252839085,1777953464.209509,5,/Users/kimsumin/projects/RGMC/data/map/robot14/images/0349.png,/Users/kimsumin/projects/RGMC/data/map/robot14/overlays/0349_overlay.png,/Users/kimsumin/projects/RGMC/data/map/robot14/masks/0349_mask.png
350,0.6074999999999999,0.3125,0.0,440.16419213973796,293.7384481255449,1,0.0,0.021134135283450584,0.0806977365430338,1777953474.9690523,5,/Users/kimsumin/projects/RGMC/data/map/robot14/images/0350.png,/Users/kimsumin/projects/RGMC/data/map/robot14/overlays/0350_overlay.png,/Users/kimsumin/projects/RGMC/data/map/robot14/masks/0350_mask.png
351,0.636875,0.3125,0.0,440.1295336787565,306.87737478411054,1,0.0,0.05707285424941064,0.3314751177783689,1777953485.7099552,5,/Users/kimsumin/projects/RGMC/data/map/robot14/images/0351.png,/Users/kimsumin/projects/RGMC/data/map/robot14/overlays/0351_overlay.png,/Users/kimsumin/projects/RGMC/data/map/robot14/masks/0351_mask.png
352,0.66625,0.3125,0.0,439.9333910034602,320.978595890411,1,0.0,0.04156790696804613,0.04217630789907326,1777953496.467581,5,/Users/kimsumin/projects/RGMC/data/map/robot14/images/0352.png,/Users/kimsumin/projects/RGMC/data/map/robot14/overlays/0352_overlay.png,/Users/kimsumin/projects/RGMC/data/map/robot14/masks/0352_mask.png
353,0.6956249999999999,0.3125,0.0,440.0101694915254,333.7338983050847,1,0.0,0.03332462235215453,0.038089250188002015,1777953507.211923,5,/Users/kimsumin/projects/RGMC/data/map/robot14/images/0353.png,/Users/kimsumin/projects/RGMC/data/map/robot14/overlays/0353_overlay.png,/Users/kimsumin/projects/RGMC/data/map/robot14/masks/0353_mask.png
354,0.725,0.3125,0.0,439.7638655462185,346.372268907563,1,0.0,0.05327628209430398,0.08294972359087535,1777953518.1748698,5,/Users/kimsumin/projects/RGMC/data/map/robot14/images/0354.png,/Users/kimsumin/projects/RGMC/data/map/robot14/overlays/0354_overlay.png,/Users/kimsumin/projects/RGMC/data/map/robot14/masks/0354_mask.png
355,0.754375,0.3125,0.0,439.6323024054983,360.320966350302,1,0.0,0.02961377055220057,0.04927126355922734,1777953528.9266357,5,/Users/kimsumin/projects/RGMC/data/map/robot14/images/0355.png,/Users/kimsumin/projects/RGMC/data/map/robot14/overlays/0355_overlay.png,/Users/kimsumin/projects/RGMC/data/map/robot14/masks/0355_mask.png
356,0.78375,0.3125,0.0,439.7362637362637,373.3477157360406,1,0.0,0.011221626918809076,0.024077287450085756,1777953539.5731647,5,/Users/kimsumin/projects/RGMC/data/map/robot14/images/0356.png,/Users/kimsumin/projects/RGMC/data/map/robot14/overlays/0356_overlay.png,/Users/kimsumin/projects/RGMC/data/map/robot14/masks/0356_mask.png
357,0.813125,0.3125,0.0,439.6390977443609,386.20283806343906,1,0.0,0.05091237058536761,0.03433570753441704,1777953550.3345308,5,/Users/kimsumin/projects/RGMC/data/map/robot14/images/0357.png,/Users/kimsumin/projects/RGMC/data/map/robot14/overlays/0357_overlay.png,/Users/kimsumin/projects/RGMC/data/map/robot14/masks/0357_mask.png
358,0.8425,0.3125,0.0,439.363184079602,400.9825581395349,1,0.0,0.2654113402728127,0.04836487735964035,1777953561.28333,5,/Users/kimsumin/projects/RGMC/data/map/robot14/images/0358.png,/Users/kimsumin/projects/RGMC/data/map/robot14/overlays/0358_overlay.png,/Users/kimsumin/projects/RGMC/data/map/robot14/masks/0358_mask.png
359,0.871875,0.3125,0.0,439.6559934318555,413.5012285012285,1,0.0,0.06726820277724957,0.023411271530434027,1777953572.2655606,5,/Users/kimsumin/projects/RGMC/data/map/robot14/images/0359.png,/Users/kimsumin/projects/RGMC/data/map/robot14/overlays/0359_overlay.png,/Users/kimsumin/projects/RGMC/data/map/robot14/masks/0359_mask.png
360,0.90125,0.3125,0.0,439.6628664495114,426.4552117263844,1,0.0,0.038561752931336596,0.04560682250350718,1777953582.9910038,5,/Users/kimsumin/projects/RGMC/data/map/robot14/images/0360.png,/Users/kimsumin/projects/RGMC/data/map/robot14/overlays/0360_overlay.png,/Users/kimsumin/projects/RGMC/data/map/robot14/masks/0360_mask.png
361,0.9306249999999999,0.3125,0.0,438.456333595594,440.9268292682927,1,0.0,0.35507635558560263,0.05056656492958008,1777953594.1527677,5,/Users/kimsumin/projects/RGMC/data/map/robot14/images/0361.png,/Users/kimsumin/projects/RGMC/data/map/robot14/overlays/0361_overlay.png,/Users/kimsumin/projects/RGMC/data/map/robot14/masks/0361_mask.png
362,0.96,0.3125,0.0,438.44,453.46425702811246,1,0.0,0.04306007799139652,0.04855375859212854,1777953604.917593,5,/Users/kimsumin/projects/RGMC/data/map/robot14/images/0362.png,/Users/kimsumin/projects/RGMC/data/map/robot14/overlays/0362_overlay.png,/Users/kimsumin/projects/RGMC/data/map/robot14/masks/0362_mask.png
363,0.96,0.34375,0.0,425.1717089125102,453.5,1,0.0,0.04694009332599607,0.028103200709874095,1777953615.9876862,5,/Users/kimsumin/projects/RGMC/data/map/robot14/images/0363.png,/Users/kimsumin/projects/RGMC/data/map/robot14/overlays/0363_overlay.png,/Users/kimsumin/projects/RGMC/data/map/robot14/masks/0363_mask.png
364,0.9306249999999999,0.34375,0.0,424.86038961038963,440.81475409836065,1,0.0,0.016475444716154638,0.046653617632568985,1777953626.8400466,5,/Users/kimsumin/projects/RGMC/data/map/robot14/images/0364.png,/Users/kimsumin/projects/RGMC/data/map/robot14/overlays/0364_overlay.png,/Users/kimsumin/projects/RGMC/data/map/robot14/masks/0364_mask.png
365,0.90125,0.34375,0.0,424.96016597510373,427.82169890664426,1,0.0,0.038740537510565616,0.053664098609699125,1777953637.493124,5,/Users/kimsumin/projects/RGMC/data/map/robot14/images/0365.png,/Users/kimsumin/projects/RGMC/data/map/robot14/overlays/0365_overlay.png,/Users/kimsumin/projects/RGMC/data/map/robot14/masks/0365_mask.png
366,0.871875,0.34375,0.0,425.13727055067835,413.70710295291303,1,0.0,0.02582418614178428,0.02803480133892143,1777953648.5478377,5,/Users/kimsumin/projects/RGMC/data/map/robot14/images/0366.png,/Users/kimsumin/projects/RGMC/data/map/robot14/overlays/0366_overlay.png,/Users/kimsumin/projects/RGMC/data/map/robot14/masks/0366_mask.png
367,0.8425,0.34375,0.0,424.62118780096307,401.1194867682438,1,0.0,0.09096889885539558,0.06969787382146163,1777953659.4868042,5,/Users/kimsumin/projects/RGMC/data/map/robot14/images/0367.png,/Users/kimsumin/projects/RGMC/data/map/robot14/overlays/0367_overlay.png,/Users/kimsumin/projects/RGMC/data/map/robot14/masks/0367_mask.png
368,0.813125,0.34375,0.0,425.0914285714286,386.54755996691483,1,0.0,0.04344473229972926,0.07193650117761015,1777953670.1378348,5,/Users/kimsumin/projects/RGMC/data/map/robot14/images/0368.png,/Users/kimsumin/projects/RGMC/data/map/robot14/overlays/0368_overlay.png,/Users/kimsumin/projects/RGMC/data/map/robot14/masks/0368_mask.png
369,0.78375,0.34375,0.0,425.2532679738562,373.7549019607843,1,0.0,0.03288130858361187,0.022971507377415972,1777953682.2714663,5,/Users/kimsumin/projects/RGMC/data/map/robot14/images/0369.png,/Users/kimsumin/projects/RGMC/data/map/robot14/overlays/0369_overlay.png,/Users/kimsumin/projects/RGMC/data/map/robot14/masks/0369_mask.png
370,0.754375,0.34375,0.0,425.26855713094244,360.6238532110092,1,0.0,0.029455617967183562,0.013936238789034732,1777953692.9798565,5,/Users/kimsumin/projects/RGMC/data/map/robot14/images/0370.png,/Users/kimsumin/projects/RGMC/data/map/robot14/overlays/0370_overlay.png,/Users/kimsumin/projects/RGMC/data/map/robot14/masks/0370_mask.png
371,0.725,0.34375,0.0,425.3069481090589,347.32425307557116,1,0.0,0.06868287043920596,0.03261037540601298,1777953704.033527,5,/Users/kimsumin/projects/RGMC/data/map/robot14/images/0371.png,/Users/kimsumin/projects/RGMC/data/map/robot14/overlays/0371_overlay.png,/Users/kimsumin/projects/RGMC/data/map/robot14/masks/0371_mask.png
372,0.6956249999999999,0.34375,0.0,425.48,333.90661157024795,1,0.0,0.07146554713290201,0.05660067025473479,1777953714.8991947,5,/Users/kimsumin/projects/RGMC/data/map/robot14/images/0372.png,/Users/kimsumin/projects/RGMC/data/map/robot14/overlays/0372_overlay.png,/Users/kimsumin/projects/RGMC/data/map/robot14/masks/0372_mask.png
373,0.66625,0.34375,0.0,425.47408666100256,320.7587085811385,1,0.0,0.04441289066033937,0.04114441580299646,1777953725.6353438,5,/Users/kimsumin/projects/RGMC/data/map/robot14/images/0373.png,/Users/kimsumin/projects/RGMC/data/map/robot14/overlays/0373_overlay.png,/Users/kimsumin/projects/RGMC/data/map/robot14/masks/0373_mask.png
374,0.636875,0.34375,0.0,425.7537379067722,307.6420404573439,1,0.0,0.03881764783307235,0.3500894585859123,1777953736.2031608,5,/Users/kimsumin/projects/RGMC/data/map/robot14/images/0374.png,/Users/kimsumin/projects/RGMC/data/map/robot14/overlays/0374_overlay.png,/Users/kimsumin/projects/RGMC/data/map/robot14/masks/0374_mask.png
375,0.6074999999999999,0.34375,0.0,426.77595155709344,293.826724137931,1,0.0,0.030556411807338726,0.029129148643235413,1777953746.9567497,5,/Users/kimsumin/projects/RGMC/data/map/robot14/images/0375.png,/Users/kimsumin/projects/RGMC/data/map/robot14/overlays/0375_overlay.png,/Users/kimsumin/projects/RGMC/data/map/robot14/masks/0375_mask.png
376,0.578125,0.34375,0.0,425.9166666666667,280.8032786885246,1,0.0,0.056462877046173025,0.045036016198721884,1777953758.0115492,5,/Users/kimsumin/projects/RGMC/data/map/robot14/images/0376.png,/Users/kimsumin/projects/RGMC/data/map/robot14/overlays/0376_overlay.png,/Users/kimsumin/projects/RGMC/data/map/robot14/masks/0376_mask.png
377,0.54875,0.34375,0.0,426.62465501379944,267.25390984360627,1,0.0,0.02119354588462617,0.014139512598255658,1777953769.0667195,5,/Users/kimsumin/projects/RGMC/data/map/robot14/images/0377.png,/Users/kimsumin/projects/RGMC/data/map/robot14/overlays/0377_overlay.png,/Users/kimsumin/projects/RGMC/data/map/robot14/masks/0377_mask.png
378,0.5193749999999999,0.34375,0.0,426.9772925764192,253.83814523184603,1,0.0,0.09022826198916063,0.0407165121057537,1777953780.0103405,5,/Users/kimsumin/projects/RGMC/data/map/robot14/images/0378.png,/Users/kimsumin/projects/RGMC/data/map/robot14/overlays/0378_overlay.png,/Users/kimsumin/projects/RGMC/data/map/robot14/masks/0378_mask.png
379,0.49,0.34375,0.0,426.7426796805679,240.79659498207886,1,0.0,0.03914126165570378,0.038164062514565736,1777953790.7681065,5,/Users/kimsumin/projects/RGMC/data/map/robot14/images/0379.png,/Users/kimsumin/projects/RGMC/data/map/robot14/overlays/0379_overlay.png,/Users/kimsumin/projects/RGMC/data/map/robot14/masks/0379_mask.png
380,0.460625,0.34375,0.0,426.9122807017544,227.90493601462524,1,0.0,0.029707097605789497,0.07615856425699985,1777953801.6227458,5,/Users/kimsumin/projects/RGMC/data/map/robot14/images/0380.png,/Users/kimsumin/projects/RGMC/data/map/robot14/overlays/0380_overlay.png,/Users/kimsumin/projects/RGMC/data/map/robot14/masks/0380_mask.png
381,0.43125,0.34375,0.0,426.47408666100256,214.31734960767218,1,0.0,0.31015787118974825,0.04552213866126449,1777953812.4693897,5,/Users/kimsumin/projects/RGMC/data/map/robot14/images/0381.png,/Users/kimsumin/projects/RGMC/data/map/robot14/overlays/0381_overlay.png,/Users/kimsumin/projects/RGMC/data/map/robot14/masks/0381_mask.png
382,0.401875,0.34375,0.0,427.11879432624113,201.42109929078015,1,0.0,0.02670683777944463,0.050697932230634554,1777953823.22138,5,/Users/kimsumin/projects/RGMC/data/map/robot14/images/0382.png,/Users/kimsumin/projects/RGMC/data/map/robot14/overlays/0382_overlay.png,/Users/kimsumin/projects/RGMC/data/map/robot14/masks/0382_mask.png
383,0.3725,0.34375,0.0,427.41021126760563,188.41549295774647,1,0.0,0.02717568268891259,0.0370775270692611,1777953833.9794667,5,/Users/kimsumin/projects/RGMC/data/map/robot14/images/0383.png,/Users/kimsumin/projects/RGMC/data/map/robot14/overlays/0383_overlay.png,/Users/kimsumin/projects/RGMC/data/map/robot14/masks/0383_mask.png
384,0.343125,0.34375,0.0,427.53620689655173,174.44482758620688,1,0.0,0.03172758373734266,0.024856739070554322,1777953844.7332394,5,/Users/kimsumin/projects/RGMC/data/map/robot14/images/0384.png,/Users/kimsumin/projects/RGMC/data/map/robot14/overlays/0384_overlay.png,/Users/kimsumin/projects/RGMC/data/map/robot14/masks/0384_mask.png
385,0.31375,0.34375,0.0,427.4204355108878,161.246632996633,1,0.0,0.020734550842457063,0.04530124179150301,1777953855.6804342,5,/Users/kimsumin/projects/RGMC/data/map/robot14/images/0385.png,/Users/kimsumin/projects/RGMC/data/map/robot14/overlays/0385_overlay.png,/Users/kimsumin/projects/RGMC/data/map/robot14/masks/0385_mask.png
386,0.284375,0.34375,0.0,427.7630008525149,148.88139931740614,1,0.0,0.04235678208071481,0.07521009263299168,1777953866.5515673,5,/Users/kimsumin/projects/RGMC/data/map/robot14/images/0386.png,/Users/kimsumin/projects/RGMC/data/map/robot14/overlays/0386_overlay.png,/Users/kimsumin/projects/RGMC/data/map/robot14/masks/0386_mask.png
387,0.255,0.34375,0.0,427.7758186397985,134.80723905723906,1,0.0,0.0919458425325831,0.07307641751781224,1777953877.5976095,5,/Users/kimsumin/projects/RGMC/data/map/robot14/images/0387.png,/Users/kimsumin/projects/RGMC/data/map/robot14/overlays/0387_overlay.png,/Users/kimsumin/projects/RGMC/data/map/robot14/masks/0387_mask.png
388,0.225625,0.34375,0.0,428.0016906170752,121.96280642434489,1,0.0,0.030717264858418535,0.022047452332409817,1777953888.5671313,5,/Users/kimsumin/projects/RGMC/data/map/robot14/images/0388.png,/Users/kimsumin/projects/RGMC/data/map/robot14/overlays/0388_overlay.png,/Users/kimsumin/projects/RGMC/data/map/robot14/masks/0388_mask.png
389,0.19624999999999998,0.34375,0.0,428.58014646053704,108.94476504534212,1,0.0,0.03349620030027047,0.051771235313425513,1777953899.4391997,5,/Users/kimsumin/projects/RGMC/data/map/robot14/images/0389.png,/Users/kimsumin/projects/RGMC/data/map/robot14/overlays/0389_overlay.png,/Users/kimsumin/projects/RGMC/data/map/robot14/masks/0389_mask.png
390,0.16687499999999997,0.34375,0.0,428.81617021276594,95.64139693356047,1,0.0,0.03462338143967744,0.01884900202767578,1777953910.4731686,5,/Users/kimsumin/projects/RGMC/data/map/robot14/images/0390.png,/Users/kimsumin/projects/RGMC/data/map/robot14/overlays/0390_overlay.png,/Users/kimsumin/projects/RGMC/data/map/robot14/masks/0390_mask.png
391,0.13749999999999998,0.34375,0.0,429.0016155088853,82.20900321543408,1,0.0,0.06526939669807658,0.03515668320470312,1777953921.3261728,5,/Users/kimsumin/projects/RGMC/data/map/robot14/images/0391.png,/Users/kimsumin/projects/RGMC/data/map/robot14/overlays/0391_overlay.png,/Users/kimsumin/projects/RGMC/data/map/robot14/masks/0391_mask.png
392,0.108125,0.34375,0.0,429.2330888345558,68.830081300813,1,0.0,0.022079246546476375,0.04769711628793915,1777953932.1922877,5,/Users/kimsumin/projects/RGMC/data/map/robot14/images/0392.png,/Users/kimsumin/projects/RGMC/data/map/robot14/overlays/0392_overlay.png,/Users/kimsumin/projects/RGMC/data/map/robot14/masks/0392_mask.png
393,0.07875,0.34375,0.0,429.6102106969206,54.77158999192898,1,0.0,0.08351735001828905,0.1286844515509076,1777953943.0302494,5,/Users/kimsumin/projects/RGMC/data/map/robot14/images/0393.png,/Users/kimsumin/projects/RGMC/data/map/robot14/overlays/0393_overlay.png,/Users/kimsumin/projects/RGMC/data/map/robot14/masks/0393_mask.png
394,0.049375,0.34375,0.0,429.61146496815286,41.71974522292994,1,0.0,0.035349285900331505,0.019105822342328962,1777953953.7751973,5,/Users/kimsumin/projects/RGMC/data/map/robot14/images/0394.png,/Users/kimsumin/projects/RGMC/data/map/robot14/overlays/0394_overlay.png,/Users/kimsumin/projects/RGMC/data/map/robot14/masks/0394_mask.png
395,0.02,0.34375,0.0,429.5514469453376,28.459871589085072,1,0.0,0.011087406877856832,0.041179085890570954,1777953964.5484686,5,/Users/kimsumin/projects/RGMC/data/map/robot14/images/0395.png,/Users/kimsumin/projects/RGMC/data/map/robot14/overlays/0395_overlay.png,/Users/kimsumin/projects/RGMC/data/map/robot14/masks/0395_mask.png
396,0.02,0.375,0.0,415.3344262295082,28.445901639344264,1,0.0,0.01871088048871926,0.027172067095845933,1777953975.6963809,5,/Users/kimsumin/projects/RGMC/data/map/robot14/images/0396.png,/Users/kimsumin/projects/RGMC/data/map/robot14/overlays/0396_overlay.png,/Users/kimsumin/projects/RGMC/data/map/robot14/masks/0396_mask.png
397,0.049375,0.375,0.0,415.3530377668309,41.61165845648604,1,0.0,0.03862149899071724,0.03462282223759935,1777953986.3523397,5,/Users/kimsumin/projects/RGMC/data/map/robot14/images/0397.png,/Users/kimsumin/projects/RGMC/data/map/robot14/overlays/0397_overlay.png,/Users/kimsumin/projects/RGMC/data/map/robot14/masks/0397_mask.png
398,0.07875,0.375,0.0,415.4473029045643,54.45150501672241,1,0.0,0.44340407389697284,0.09177658694864337,1777953998.6416054,5,/Users/kimsumin/projects/RGMC/data/map/robot14/images/0398.png,/Users/kimsumin/projects/RGMC/data/map/robot14/overlays/0398_overlay.png,/Users/kimsumin/projects/RGMC/data/map/robot14/masks/0398_mask.png
399,0.108125,0.375,0.0,415.1624579124579,68.50886075949367,1,0.0,0.019148098516071792,0.04198115813181165,1777954009.593893,5,/Users/kimsumin/projects/RGMC/data/map/robot14/images/0399.png,/Users/kimsumin/projects/RGMC/data/map/robot14/overlays/0399_overlay.png,/Users/kimsumin/projects/RGMC/data/map/robot14/masks/0399_mask.png
400,0.13749999999999998,0.375,0.0,414.95282224094353,81.55433866891323,1,0.0,0.0319439806930968,0.040964843163415574,1777954020.4503517,5,/Users/kimsumin/projects/RGMC/data/map/robot14/images/0400.png,/Users/kimsumin/projects/RGMC/data/map/robot14/overlays/0400_overlay.png,/Users/kimsumin/projects/RGMC/data/map/robot14/masks/0400_mask.png
401,0.16687499999999997,0.375,0.0,414.9157351676698,94.34307824591573,1,0.0,0.03748432604414996,0.039121410676636735,1777954031.2206,5,/Users/kimsumin/projects/RGMC/data/map/robot14/images/0401.png,/Users/kimsumin/projects/RGMC/data/map/robot14/overlays/0401_overlay.png,/Users/kimsumin/projects/RGMC/data/map/robot14/masks/0401_mask.png
402,0.19624999999999998,0.375,0.0,413.8736492103076,108.39152119700748,1,0.0,0.01255021912969513,0.053229957681401104,1777954042.0195193,5,/Users/kimsumin/projects/RGMC/data/map/robot14/images/0402.png,/Users/kimsumin/projects/RGMC/data/map/robot14/overlays/0402_overlay.png,/Users/kimsumin/projects/RGMC/data/map/robot14/masks/0402_mask.png
403,0.225625,0.375,0.0,414.51893287435456,121.45743766122098,1,0.0,0.040093256481626725,0.06440981544643246,1777954053.024948,5,/Users/kimsumin/projects/RGMC/data/map/robot14/images/0403.png,/Users/kimsumin/projects/RGMC/data/map/robot14/overlays/0403_overlay.png,/Users/kimsumin/projects/RGMC/data/map/robot14/masks/0403_mask.png
404,0.255,0.375,0.0,413.4690338563171,133.96265560165975,1,0.0,0.12778617914878782,0.058805028004386924,1777954063.7681742,5,/Users/kimsumin/projects/RGMC/data/map/robot14/images/0404.png,/Users/kimsumin/projects/RGMC/data/map/robot14/overlays/0404_overlay.png,/Users/kimsumin/projects/RGMC/data/map/robot14/masks/0404_mask.png
405,0.284375,0.375,0.0,413.3789649415693,148.24541484716158,1,0.0,0.469036934030801,0.032106442686252096,1777954074.5302908,5,/Users/kimsumin/projects/RGMC/data/map/robot14/images/0405.png,/Users/kimsumin/projects/RGMC/data/map/robot14/overlays/0405_overlay.png,/Users/kimsumin/projects/RGMC/data/map/robot14/masks/0405_mask.png
406,0.31375,0.375,0.0,413.3781725888325,161.36294416243655,1,0.0,0.031769592749737716,0.04491570124732434,1777954085.4667363,5,/Users/kimsumin/projects/RGMC/data/map/robot14/images/0406.png,/Users/kimsumin/projects/RGMC/data/map/robot14/overlays/0406_overlay.png,/Users/kimsumin/projects/RGMC/data/map/robot14/masks/0406_mask.png
407,0.343125,0.375,0.0,412.9108658743633,173.93875838926175,1,0.0,0.3755967274482477,0.036511396340685336,1777954096.2219353,5,/Users/kimsumin/projects/RGMC/data/map/robot14/images/0407.png,/Users/kimsumin/projects/RGMC/data/map/robot14/overlays/0407_overlay.png,/Users/kimsumin/projects/RGMC/data/map/robot14/masks/0407_mask.png
408,0.3725,0.375,0.0,412.9400352733686,187.65523306948108,1,0.0,0.054241252690833665,0.06734270135763638,1777954107.3884807,5,/Users/kimsumin/projects/RGMC/data/map/robot14/images/0408.png,/Users/kimsumin/projects/RGMC/data/map/robot14/overlays/0408_overlay.png,/Users/kimsumin/projects/RGMC/data/map/robot14/masks/0408_mask.png
409,0.401875,0.375,0.0,413.0861456483126,200.8589174800355,1,0.0,0.32037904593459016,0.03589906164462897,1777954118.1411421,5,/Users/kimsumin/projects/RGMC/data/map/robot14/images/0409.png,/Users/kimsumin/projects/RGMC/data/map/robot14/overlays/0409_overlay.png,/Users/kimsumin/projects/RGMC/data/map/robot14/masks/0409_mask.png
410,0.43125,0.375,0.0,412.16519434628975,213.85250219490783,1,0.0,0.06549926011215856,0.04280730872896731,1777954129.0215087,5,/Users/kimsumin/projects/RGMC/data/map/robot14/images/0410.png,/Users/kimsumin/projects/RGMC/data/map/robot14/overlays/0410_overlay.png,/Users/kimsumin/projects/RGMC/data/map/robot14/masks/0410_mask.png
411,0.460625,0.375,0.0,412.1450589301904,226.63177570093458,1,0.0,0.21830601412937264,0.13420659504904223,1777954139.9508271,5,/Users/kimsumin/projects/RGMC/data/map/robot14/images/0411.png,/Users/kimsumin/projects/RGMC/data/map/robot14/overlays/0411_overlay.png,/Users/kimsumin/projects/RGMC/data/map/robot14/masks/0411_mask.png
412,0.49,0.375,0.0,412.2849162011173,240.38270469181234,1,0.0,0.03623333984999723,0.10695408155476573,1777954151.1028275,5,/Users/kimsumin/projects/RGMC/data/map/robot14/images/0412.png,/Users/kimsumin/projects/RGMC/data/map/robot14/overlays/0412_overlay.png,/Users/kimsumin/projects/RGMC/data/map/robot14/masks/0412_mask.png
413,0.5193749999999999,0.375,0.0,411.8404255319149,253.52347209920285,1,0.0,0.03367157351711127,0.01975625337840699,1777954162.0643194,5,/Users/kimsumin/projects/RGMC/data/map/robot14/images/0413.png,/Users/kimsumin/projects/RGMC/data/map/robot14/overlays/0413_overlay.png,/Users/kimsumin/projects/RGMC/data/map/robot14/masks/0413_mask.png
414,0.54875,0.375,0.0,411.87364620938627,266.15176151761517,1,0.0,0.06774460803963633,0.43032991245108065,1777954173.331261,5,/Users/kimsumin/projects/RGMC/data/map/robot14/images/0414.png,/Users/kimsumin/projects/RGMC/data/map/robot14/overlays/0414_overlay.png,/Users/kimsumin/projects/RGMC/data/map/robot14/masks/0414_mask.png
415,0.578125,0.375,0.0,411.88560885608854,279.83921933085503,1,0.0,0.0630651636924322,0.09037368639552859,1777954184.079228,5,/Users/kimsumin/projects/RGMC/data/map/robot14/images/0415.png,/Users/kimsumin/projects/RGMC/data/map/robot14/overlays/0415_overlay.png,/Users/kimsumin/projects/RGMC/data/map/robot14/masks/0415_mask.png
416,0.6074999999999999,0.375,0.0,411.90517998244076,293.1304347826087,1,0.0,0.049168544945638055,0.08489953632183117,1777954194.9369717,5,/Users/kimsumin/projects/RGMC/data/map/robot14/images/0416.png,/Users/kimsumin/projects/RGMC/data/map/robot14/overlays/0416_overlay.png,/Users/kimsumin/projects/RGMC/data/map/robot14/masks/0416_mask.png
417,0.636875,0.375,0.0,411.485614646905,306.47294938917975,1,0.0,0.07246767538754692,0.10862200349071274,1777954206.3159888,5,/Users/kimsumin/projects/RGMC/data/map/robot14/images/0417.png,/Users/kimsumin/projects/RGMC/data/map/robot14/overlays/0417_overlay.png,/Users/kimsumin/projects/RGMC/data/map/robot14/masks/0417_mask.png
418,0.66625,0.375,0.0,411.46774193548384,320.13697403760074,1,0.0,0.05251982665033553,0.023109975688849094,1777954217.2541516,5,/Users/kimsumin/projects/RGMC/data/map/robot14/images/0418.png,/Users/kimsumin/projects/RGMC/data/map/robot14/overlays/0418_overlay.png,/Users/kimsumin/projects/RGMC/data/map/robot14/masks/0418_mask.png
419,0.6956249999999999,0.375,0.0,411.53373702422147,333.4423407917384,1,0.0,0.3227239809235796,0.08825180999378425,1777954227.9103358,5,/Users/kimsumin/projects/RGMC/data/map/robot14/images/0419.png,/Users/kimsumin/projects/RGMC/data/map/robot14/overlays/0419_overlay.png,/Users/kimsumin/projects/RGMC/data/map/robot14/masks/0419_mask.png
420,0.725,0.375,0.0,411.48115687992987,346.0517090271691,1,0.0,0.04939501747232418,0.07537980905116524,1777954238.875109,5,/Users/kimsumin/projects/RGMC/data/map/robot14/images/0420.png,/Users/kimsumin/projects/RGMC/data/map/robot14/overlays/0420_overlay.png,/Users/kimsumin/projects/RGMC/data/map/robot14/masks/0420_mask.png
421,0.754375,0.375,0.0,410.5180412371134,360.1421232876712,1,0.0,0.057549788043814,0.03066271790157178,1777954249.616403,5,/Users/kimsumin/projects/RGMC/data/map/robot14/images/0421.png,/Users/kimsumin/projects/RGMC/data/map/robot14/overlays/0421_overlay.png,/Users/kimsumin/projects/RGMC/data/map/robot14/masks/0421_mask.png
422,0.78375,0.375,0.0,410.4057142857143,373.48163265306124,1,0.0,0.05814966900129823,0.042948408419167985,1777954260.6792185,5,/Users/kimsumin/projects/RGMC/data/map/robot14/images/0422.png,/Users/kimsumin/projects/RGMC/data/map/robot14/overlays/0422_overlay.png,/Users/kimsumin/projects/RGMC/data/map/robot14/masks/0422_mask.png
423,0.813125,0.375,0.0,410.1755663430421,386.3838056680162,1,0.0,0.14758005523275564,0.07096776279771663,1777954271.538259,5,/Users/kimsumin/projects/RGMC/data/map/robot14/images/0423.png,/Users/kimsumin/projects/RGMC/data/map/robot14/overlays/0423_overlay.png,/Users/kimsumin/projects/RGMC/data/map/robot14/masks/0423_mask.png
424,0.8425,0.375,0.0,409.98638911128904,400.5225080385852,1,0.0,0.04953187515707642,0.06187410533386792,1777954282.3866246,5,/Users/kimsumin/projects/RGMC/data/map/robot14/images/0424.png,/Users/kimsumin/projects/RGMC/data/map/robot14/overlays/0424_overlay.png,/Users/kimsumin/projects/RGMC/data/map/robot14/masks/0424_mask.png
425,0.871875,0.375,0.0,410.20062695924764,413.62787015043546,1,0.0,0.07815938906886062,0.039731041893297195,1777954293.7516444,5,/Users/kimsumin/projects/RGMC/data/map/robot14/images/0425.png,/Users/kimsumin/projects/RGMC/data/map/robot14/overlays/0425_overlay.png,/Users/kimsumin/projects/RGMC/data/map/robot14/masks/0425_mask.png
426,0.90125,0.375,0.0,410.3222222222222,426.1634920634921,1,0.0,0.06251194230509778,0.05174540442165642,1777954304.5092137,5,/Users/kimsumin/projects/RGMC/data/map/robot14/images/0426.png,/Users/kimsumin/projects/RGMC/data/map/robot14/overlays/0426_overlay.png,/Users/kimsumin/projects/RGMC/data/map/robot14/masks/0426_mask.png
427,0.9306249999999999,0.375,0.0,409.8830548926014,440.55733761026465,1,0.0,0.039585854545035076,0.06415523113536792,1777954315.27025,5,/Users/kimsumin/projects/RGMC/data/map/robot14/images/0427.png,/Users/kimsumin/projects/RGMC/data/map/robot14/overlays/0427_overlay.png,/Users/kimsumin/projects/RGMC/data/map/robot14/masks/0427_mask.png
428,0.96,0.375,0.0,410.12109061748197,453.2677857713829,1,0.0,0.0520393158320794,0.0512089709575562,1777954326.216667,5,/Users/kimsumin/projects/RGMC/data/map/robot14/images/0428.png,/Users/kimsumin/projects/RGMC/data/map/robot14/overlays/0428_overlay.png,/Users/kimsumin/projects/RGMC/data/map/robot14/masks/0428_mask.png
429,0.96,0.40625,0.0,396.56929460580915,453.0356846473029,1,0.0,0.03514965466316389,0.02520417191677185,1777954336.96175,5,/Users/kimsumin/projects/RGMC/data/map/robot14/images/0429.png,/Users/kimsumin/projects/RGMC/data/map/robot14/overlays/0429_overlay.png,/Users/kimsumin/projects/RGMC/data/map/robot14/masks/0429_mask.png
430,0.9306249999999999,0.40625,0.0,395.94338051623646,440.47960033305577,1,0.0,0.00863065545485534,0.01045643640339423,1777954347.7193918,5,/Users/kimsumin/projects/RGMC/data/map/robot14/images/0430.png,/Users/kimsumin/projects/RGMC/data/map/robot14/overlays/0430_overlay.png,/Users/kimsumin/projects/RGMC/data/map/robot14/masks/0430_mask.png
431,0.90125,0.40625,0.0,396.1710743801653,426.2204789430223,1,0.0,0.028054979757234755,0.028286964531668925,1777954358.7940307,5,/Users/kimsumin/projects/RGMC/data/map/robot14/images/0431.png,/Users/kimsumin/projects/RGMC/data/map/robot14/overlays/0431_overlay.png,/Users/kimsumin/projects/RGMC/data/map/robot14/masks/0431_mask.png
432,0.871875,0.40625,0.0,396.2451882845188,413.49328859060404,1,0.0,0.14669574148923006,0.07899775898591348,1777954369.5409026,5,/Users/kimsumin/projects/RGMC/data/map/robot14/images/0432.png,/Users/kimsumin/projects/RGMC/data/map/robot14/overlays/0432_overlay.png,/Users/kimsumin/projects/RGMC/data/map/robot14/masks/0432_mask.png
433,0.8425,0.40625,0.0,396.09787928221857,400.4567699836868,1,0.0,0.03535027128187925,0.4509084484515943,1777954380.2824588,5,/Users/kimsumin/projects/RGMC/data/map/robot14/images/0433.png,/Users/kimsumin/projects/RGMC/data/map/robot14/overlays/0433_overlay.png,/Users/kimsumin/projects/RGMC/data/map/robot14/masks/0433_mask.png
434,0.813125,0.40625,0.0,396.8187702265372,386.23114355231144,1,0.0,0.022246974955863953,0.03497911665875179,1777954391.336275,5,/Users/kimsumin/projects/RGMC/data/map/robot14/images/0434.png,/Users/kimsumin/projects/RGMC/data/map/robot14/overlays/0434_overlay.png,/Users/kimsumin/projects/RGMC/data/map/robot14/masks/0434_mask.png
435,0.78375,0.40625,0.0,396.7219917012448,373.2323064113239,1,0.0,0.06446668378301298,0.04740588530711517,1777954402.090557,5,/Users/kimsumin/projects/RGMC/data/map/robot14/images/0435.png,/Users/kimsumin/projects/RGMC/data/map/robot14/overlays/0435_overlay.png,/Users/kimsumin/projects/RGMC/data/map/robot14/masks/0435_mask.png
436,0.754375,0.40625,0.0,396.4503816793893,360.323155216285,1,0.0,0.04465872240901077,0.07387576085634173,1777954413.0516644,5,/Users/kimsumin/projects/RGMC/data/map/robot14/images/0436.png,/Users/kimsumin/projects/RGMC/data/map/robot14/overlays/0436_overlay.png,/Users/kimsumin/projects/RGMC/data/map/robot14/masks/0436_mask.png
437,0.725,0.40625,0.0,396.3502183406114,346.32227074235806,1,0.0,0.1926631942776547,0.4391363834323208,1777954424.2068455,5,/Users/kimsumin/projects/RGMC/data/map/robot14/images/0437.png,/Users/kimsumin/projects/RGMC/data/map/robot14/overlays/0437_overlay.png,/Users/kimsumin/projects/RGMC/data/map/robot14/masks/0437_mask.png
438,0.6956249999999999,0.40625,0.0,396.2825342465753,333.3878424657534,1,0.0,0.042931598887622144,0.04573169002502191,1777954435.1747186,5,/Users/kimsumin/projects/RGMC/data/map/robot14/images/0438.png,/Users/kimsumin/projects/RGMC/data/map/robot14/overlays/0438_overlay.png,/Users/kimsumin/projects/RGMC/data/map/robot14/masks/0438_mask.png
439,0.66625,0.40625,0.0,396.5264986967854,320.36206896551727,1,0.0,0.13455678678648428,0.0787051882136603,1777954445.918429,5,/Users/kimsumin/projects/RGMC/data/map/robot14/images/0439.png,/Users/kimsumin/projects/RGMC/data/map/robot14/overlays/0439_overlay.png,/Users/kimsumin/projects/RGMC/data/map/robot14/masks/0439_mask.png
440,0.636875,0.40625,0.0,397.2696917808219,306.39811643835617,1,0.0,0.047700888241278924,0.05988934247396405,1777954456.8712456,5,/Users/kimsumin/projects/RGMC/data/map/robot14/images/0440.png,/Users/kimsumin/projects/RGMC/data/map/robot14/overlays/0440_overlay.png,/Users/kimsumin/projects/RGMC/data/map/robot14/masks/0440_mask.png
441,0.6074999999999999,0.40625,0.0,396.83917878528655,293.4106529209622,1,0.0,0.05282510084785912,0.060901760670849146,1777954467.7539394,5,/Users/kimsumin/projects/RGMC/data/map/robot14/images/0441.png,/Users/kimsumin/projects/RGMC/data/map/robot14/overlays/0441_overlay.png,/Users/kimsumin/projects/RGMC/data/map/robot14/masks/0441_mask.png
442,0.578125,0.40625,0.0,397.5558534405719,280.3740053050398,1,0.0,0.04180091970362386,0.05692977024806088,1777954479.6203363,5,/Users/kimsumin/projects/RGMC/data/map/robot14/images/0442.png,/Users/kimsumin/projects/RGMC/data/map/robot14/overlays/0442_overlay.png,/Users/kimsumin/projects/RGMC/data/map/robot14/masks/0442_mask.png
443,0.54875,0.40625,0.0,398.15277777777777,267.0613382899628,1,0.0,0.054239124107369543,0.03266723669863681,1777954490.5589278,5,/Users/kimsumin/projects/RGMC/data/map/robot14/images/0443.png,/Users/kimsumin/projects/RGMC/data/map/robot14/overlays/0443_overlay.png,/Users/kimsumin/projects/RGMC/data/map/robot14/masks/0443_mask.png
444,0.5193749999999999,0.40625,0.0,398.49068322981367,253.48389982110913,1,0.0,0.3053790747859751,0.09806155340579746,1777954501.3457398,5,/Users/kimsumin/projects/RGMC/data/map/robot14/images/0444.png,/Users/kimsumin/projects/RGMC/data/map/robot14/overlays/0444_overlay.png,/Users/kimsumin/projects/RGMC/data/map/robot14/masks/0444_mask.png
445,0.49,0.40625,0.0,398.6007226738934,240.35772357723576,1,0.0,0.042869404680142,0.05478879400098451,1777954513.7047486,5,/Users/kimsumin/projects/RGMC/data/map/robot14/images/0445.png,/Users/kimsumin/projects/RGMC/data/map/robot14/overlays/0445_overlay.png,/Users/kimsumin/projects/RGMC/data/map/robot14/masks/0445_mask.png
446,0.460625,0.40625,0.0,398.50457038391227,227.48994515539306,1,0.0,0.05592453162097741,0.08210106656448615,1777954525.0760367,5,/Users/kimsumin/projects/RGMC/data/map/robot14/images/0446.png,/Users/kimsumin/projects/RGMC/data/map/robot14/overlays/0446_overlay.png,/Users/kimsumin/projects/RGMC/data/map/robot14/masks/0446_mask.png
447,0.43125,0.40625,0.0,398.7286212914485,213.83128295254832,1,0.0,0.051028838529472716,0.05025926151549955,1777954536.1274507,5,/Users/kimsumin/projects/RGMC/data/map/robot14/images/0447.png,/Users/kimsumin/projects/RGMC/data/map/robot14/overlays/0447_overlay.png,/Users/kimsumin/projects/RGMC/data/map/robot14/masks/0447_mask.png
448,0.401875,0.40625,0.0,399.0579455662862,201.0377524143986,1,0.0,0.015551531993587202,0.03849707127026285,1777954547.613873,5,/Users/kimsumin/projects/RGMC/data/map/robot14/images/0448.png,/Users/kimsumin/projects/RGMC/data/map/robot14/overlays/0448_overlay.png,/Users/kimsumin/projects/RGMC/data/map/robot14/masks/0448_mask.png
449,0.3725,0.40625,0.0,399.0203539823009,188.22065313327448,1,0.0,0.06492115167608281,0.3576037628327605,1777954558.4531662,5,/Users/kimsumin/projects/RGMC/data/map/robot14/images/0449.png,/Users/kimsumin/projects/RGMC/data/map/robot14/overlays/0449_overlay.png,/Users/kimsumin/projects/RGMC/data/map/robot14/masks/0449_mask.png
450,0.343125,0.40625,0.0,399.1557659208262,174.442721791559,1,0.0,0.039979777946126546,0.0354506805220109,1777954569.4359167,5,/Users/kimsumin/projects/RGMC/data/map/robot14/images/0450.png,/Users/kimsumin/projects/RGMC/data/map/robot14/overlays/0450_overlay.png,/Users/kimsumin/projects/RGMC/data/map/robot14/masks/0450_mask.png
451,0.31375,0.40625,0.0,399.0829840737636,161.4018456375839,1,0.0,0.027596725115907685,0.07547323599510224,1777954580.176695,5,/Users/kimsumin/projects/RGMC/data/map/robot14/images/0451.png,/Users/kimsumin/projects/RGMC/data/map/robot14/overlays/0451_overlay.png,/Users/kimsumin/projects/RGMC/data/map/robot14/masks/0451_mask.png
452,0.284375,0.40625,0.0,399.301918265221,148.7154811715481,1,0.0,0.04638039730562348,0.05801726249360473,1777954590.830688,5,/Users/kimsumin/projects/RGMC/data/map/robot14/images/0452.png,/Users/kimsumin/projects/RGMC/data/map/robot14/overlays/0452_overlay.png,/Users/kimsumin/projects/RGMC/data/map/robot14/masks/0452_mask.png
453,0.255,0.40625,0.0,399.4759493670886,134.62763268744735,1,0.0,0.019753061139189083,0.15275461510842123,1777954601.6780975,5,/Users/kimsumin/projects/RGMC/data/map/robot14/images/0453.png,/Users/kimsumin/projects/RGMC/data/map/robot14/overlays/0453_overlay.png,/Users/kimsumin/projects/RGMC/data/map/robot14/masks/0453_mask.png
454,0.225625,0.40625,0.0,399.42821576763487,121.92448132780083,1,0.0,0.060005076176783786,0.05298414695521545,1777954612.6254275,5,/Users/kimsumin/projects/RGMC/data/map/robot14/images/0454.png,/Users/kimsumin/projects/RGMC/data/map/robot14/overlays/0454_overlay.png,/Users/kimsumin/projects/RGMC/data/map/robot14/masks/0454_mask.png
455,0.19624999999999998,0.40625,0.0,399.5273338940286,108.66358284272498,1,0.0,0.03890911098334803,0.05615614892993224,1777954623.4942255,5,/Users/kimsumin/projects/RGMC/data/map/robot14/images/0455.png,/Users/kimsumin/projects/RGMC/data/map/robot14/overlays/0455_overlay.png,/Users/kimsumin/projects/RGMC/data/map/robot14/masks/0455_mask.png
456,0.16687499999999997,0.40625,0.0,399.7664233576642,95.14274128142742,1,0.0,0.03463173667788452,0.1846266557911643,1777954634.2409592,5,/Users/kimsumin/projects/RGMC/data/map/robot14/images/0456.png,/Users/kimsumin/projects/RGMC/data/map/robot14/overlays/0456_overlay.png,/Users/kimsumin/projects/RGMC/data/map/robot14/masks/0456_mask.png
457,0.13749999999999998,0.40625,0.0,399.8087027914614,82.03673469387755,1,0.0,0.19551664887404627,0.04824429839487928,1777954644.9810975,5,/Users/kimsumin/projects/RGMC/data/map/robot14/images/0457.png,/Users/kimsumin/projects/RGMC/data/map/robot14/overlays/0457_overlay.png,/Users/kimsumin/projects/RGMC/data/map/robot14/masks/0457_mask.png
458,0.108125,0.40625,0.0,400.40934730056404,68.87935222672064,1,0.0,0.01338679431698795,0.06492305297589453,1777954656.049972,5,/Users/kimsumin/projects/RGMC/data/map/robot14/images/0458.png,/Users/kimsumin/projects/RGMC/data/map/robot14/overlays/0458_overlay.png,/Users/kimsumin/projects/RGMC/data/map/robot14/masks/0458_mask.png
459,0.07875,0.40625,0.0,400.4321689683184,54.58813972380179,1,0.0,0.15189054069482186,0.15621530445226733,1777954666.8952632,5,/Users/kimsumin/projects/RGMC/data/map/robot14/images/0459.png,/Users/kimsumin/projects/RGMC/data/map/robot14/overlays/0459_overlay.png,/Users/kimsumin/projects/RGMC/data/map/robot14/masks/0459_mask.png
460,0.049375,0.40625,0.0,400.7079646017699,41.786806114239745,1,0.0,0.10433952997533757,0.03129807741286644,1777954677.6544182,5,/Users/kimsumin/projects/RGMC/data/map/robot14/images/0460.png,/Users/kimsumin/projects/RGMC/data/map/robot14/overlays/0460_overlay.png,/Users/kimsumin/projects/RGMC/data/map/robot14/masks/0460_mask.png
461,0.02,0.40625,0.0,400.9042638777152,28.455271565495206,1,0.0,0.03736303364113591,0.13615501770072846,1777954688.3975496,5,/Users/kimsumin/projects/RGMC/data/map/robot14/images/0461.png,/Users/kimsumin/projects/RGMC/data/map/robot14/overlays/0461_overlay.png,/Users/kimsumin/projects/RGMC/data/map/robot14/masks/0461_mask.png
462,0.02,0.4375,0.0,387.2765780730897,28.170141784820682,1,0.0,0.2598593663346309,0.4125359832139738,1777954699.253481,5,/Users/kimsumin/projects/RGMC/data/map/robot14/images/0462.png,/Users/kimsumin/projects/RGMC/data/map/robot14/overlays/0462_overlay.png,/Users/kimsumin/projects/RGMC/data/map/robot14/masks/0462_mask.png
463,0.049375,0.4375,0.0,387.0635451505017,41.21558872305141,1,0.0,0.04126951186828941,0.017689333148790027,1777954710.3098912,5,/Users/kimsumin/projects/RGMC/data/map/robot14/images/0463.png,/Users/kimsumin/projects/RGMC/data/map/robot14/overlays/0463_overlay.png,/Users/kimsumin/projects/RGMC/data/map/robot14/masks/0463_mask.png
464,0.07875,0.4375,0.0,386.0071599045346,54.33438237608183,1,0.0,0.10457233210419761,0.10316612254934367,1777954721.0995228,5,/Users/kimsumin/projects/RGMC/data/map/robot14/images/0464.png,/Users/kimsumin/projects/RGMC/data/map/robot14/overlays/0464_overlay.png,/Users/kimsumin/projects/RGMC/data/map/robot14/masks/0464_mask.png
465,0.108125,0.4375,0.0,385.78413736713003,68.47673469387755,1,0.0,0.040975986697294645,0.034625070862261985,1777954731.8167593,5,/Users/kimsumin/projects/RGMC/data/map/robot14/images/0465.png,/Users/kimsumin/projects/RGMC/data/map/robot14/overlays/0465_overlay.png,/Users/kimsumin/projects/RGMC/data/map/robot14/masks/0465_mask.png
466,0.13749999999999998,0.4375,0.0,385.5008,81.34407735697019,1,0.0,0.08167581018367479,0.061180258758520956,1777954742.8783104,5,/Users/kimsumin/projects/RGMC/data/map/robot14/images/0466.png,/Users/kimsumin/projects/RGMC/data/map/robot14/overlays/0466_overlay.png,/Users/kimsumin/projects/RGMC/data/map/robot14/masks/0466_mask.png
467,0.16687499999999997,0.4375,0.0,385.67118914604947,94.25302175664787,1,0.0,0.07565606548035413,0.05548311062850473,1777954753.729697,5,/Users/kimsumin/projects/RGMC/data/map/robot14/images/0467.png,/Users/kimsumin/projects/RGMC/data/map/robot14/overlays/0467_overlay.png,/Users/kimsumin/projects/RGMC/data/map/robot14/masks/0467_mask.png
468,0.19624999999999998,0.4375,0.0,385.24629324546953,108.6845140032949,1,0.0,0.05824066549195275,0.12250934100743312,1777954764.4966395,5,/Users/kimsumin/projects/RGMC/data/map/robot14/images/0468.png,/Users/kimsumin/projects/RGMC/data/map/robot14/overlays/0468_overlay.png,/Users/kimsumin/projects/RGMC/data/map/robot14/masks/0468_mask.png
469,0.225625,0.4375,0.0,385.23593618807723,121.53098827470687,1,0.0,0.05280142642157727,0.04642322321111152,1777954776.6712034,5,/Users/kimsumin/projects/RGMC/data/map/robot14/images/0469.png,/Users/kimsumin/projects/RGMC/data/map/robot14/overlays/0469_overlay.png,/Users/kimsumin/projects/RGMC/data/map/robot14/masks/0469_mask.png
470,0.255,0.4375,0.0,385.01957585644374,134.15798045602605,1,0.0,0.014059832605516931,0.027038668593503744,1777954787.4180706,5,/Users/kimsumin/projects/RGMC/data/map/robot14/images/0470.png,/Users/kimsumin/projects/RGMC/data/map/robot14/overlays/0470_overlay.png,/Users/kimsumin/projects/RGMC/data/map/robot14/masks/0470_mask.png
471,0.284375,0.4375,0.0,384.7827121332276,147.2620744259699,1,0.0,0.04886876458557902,0.11707532486584543,1777954798.2857928,5,/Users/kimsumin/projects/RGMC/data/map/robot14/images/0471.png,/Users/kimsumin/projects/RGMC/data/map/robot14/overlays/0471_overlay.png,/Users/kimsumin/projects/RGMC/data/map/robot14/masks/0471_mask.png
472,0.31375,0.4375,0.0,384.50621375310686,161.22322899505767,1,0.0,0.07102689791691706,0.09014153728688322,1777954809.2380145,5,/Users/kimsumin/projects/RGMC/data/map/robot14/images/0472.png,/Users/kimsumin/projects/RGMC/data/map/robot14/overlays/0472_overlay.png,/Users/kimsumin/projects/RGMC/data/map/robot14/masks/0472_mask.png
473,0.343125,0.4375,0.0,384.6061615320566,174.03565505804312,1,0.0,0.06802058076635138,0.05292337740684797,1777954819.9797366,5,/Users/kimsumin/projects/RGMC/data/map/robot14/images/0473.png,/Users/kimsumin/projects/RGMC/data/map/robot14/overlays/0473_overlay.png,/Users/kimsumin/projects/RGMC/data/map/robot14/masks/0473_mask.png
474,0.3725,0.4375,0.0,384.41716738197425,187.10285714285715,1,0.0,0.061156479726430645,0.3412713020830865,1777954831.1490452,5,/Users/kimsumin/projects/RGMC/data/map/robot14/images/0474.png,/Users/kimsumin/projects/RGMC/data/map/robot14/overlays/0474_overlay.png,/Users/kimsumin/projects/RGMC/data/map/robot14/masks/0474_mask.png
475,0.401875,0.4375,0.0,384.4336206896552,200.76145203111494,1,0.0,0.0700708243135016,0.03846951427149062,1777954841.9118571,5,/Users/kimsumin/projects/RGMC/data/map/robot14/images/0475.png,/Users/kimsumin/projects/RGMC/data/map/robot14/overlays/0475_overlay.png,/Users/kimsumin/projects/RGMC/data/map/robot14/masks/0475_mask.png
476,0.43125,0.4375,0.0,384.0992234685073,213.44017094017093,1,0.0,0.0414751113254149,0.0380217258131131,1777954852.877776,5,/Users/kimsumin/projects/RGMC/data/map/robot14/images/0476.png,/Users/kimsumin/projects/RGMC/data/map/robot14/overlays/0476_overlay.png,/Users/kimsumin/projects/RGMC/data/map/robot14/masks/0476_mask.png
477,0.460625,0.4375,0.0,383.92426850258175,226.31428571428572,1,0.0,0.07027405965294603,0.06820846477439736,1777954863.6149762,5,/Users/kimsumin/projects/RGMC/data/map/robot14/images/0477.png,/Users/kimsumin/projects/RGMC/data/map/robot14/overlays/0477_overlay.png,/Users/kimsumin/projects/RGMC/data/map/robot14/masks/0477_mask.png
478,0.49,0.4375,0.0,383.77244444444443,240.00622775800713,1,0.0,0.026812048765812644,0.12506860214221346,1777954874.368046,5,/Users/kimsumin/projects/RGMC/data/map/robot14/images/0478.png,/Users/kimsumin/projects/RGMC/data/map/robot14/overlays/0478_overlay.png,/Users/kimsumin/projects/RGMC/data/map/robot14/masks/0478_mask.png
479,0.5193749999999999,0.4375,0.0,383.8436960276338,253.3126079447323,1,0.0,0.049446557299335156,0.015528795290438125,1777954885.634022,5,/Users/kimsumin/projects/RGMC/data/map/robot14/images/0479.png,/Users/kimsumin/projects/RGMC/data/map/robot14/overlays/0479_overlay.png,/Users/kimsumin/projects/RGMC/data/map/robot14/masks/0479_mask.png
480,0.54875,0.4375,0.0,383.633875106929,265.96829477292204,1,0.0,0.04220574365440492,0.06111224298182416,1777954896.3801153,5,/Users/kimsumin/projects/RGMC/data/map/robot14/images/0480.png,/Users/kimsumin/projects/RGMC/data/map/robot14/overlays/0480_overlay.png,/Users/kimsumin/projects/RGMC/data/map/robot14/masks/0480_mask.png
481,0.578125,0.4375,0.0,383.7886550777676,279.6770356816102,1,0.0,0.036696413716807236,0.02757427304484835,1777954907.2257693,5,/Users/kimsumin/projects/RGMC/data/map/robot14/images/0481.png,/Users/kimsumin/projects/RGMC/data/map/robot14/overlays/0481_overlay.png,/Users/kimsumin/projects/RGMC/data/map/robot14/masks/0481_mask.png
482,0.6074999999999999,0.4375,0.0,383.45957820738136,292.89103690685414,1,0.0,0.03882725844834514,0.09039794832525819,1777954917.8959117,5,/Users/kimsumin/projects/RGMC/data/map/robot14/images/0482.png,/Users/kimsumin/projects/RGMC/data/map/robot14/overlays/0482_overlay.png,/Users/kimsumin/projects/RGMC/data/map/robot14/masks/0482_mask.png
483,0.636875,0.4375,0.0,383.3382608695652,306.12,1,0.0,0.05060136474734019,0.058532418788618645,1777954929.0513053,5,/Users/kimsumin/projects/RGMC/data/map/robot14/images/0483.png,/Users/kimsumin/projects/RGMC/data/map/robot14/overlays/0483_overlay.png,/Users/kimsumin/projects/RGMC/data/map/robot14/masks/0483_mask.png
484,0.66625,0.4375,0.0,382.99547920434,319.87003610108303,1,0.0,0.2691460292877316,0.4266684000583975,1777954939.8157115,5,/Users/kimsumin/projects/RGMC/data/map/robot14/images/0484.png,/Users/kimsumin/projects/RGMC/data/map/robot14/overlays/0484_overlay.png,/Users/kimsumin/projects/RGMC/data/map/robot14/masks/0484_mask.png
485,0.6956249999999999,0.4375,0.0,382.40947546531305,332.97161936560934,1,0.0,0.3186923521940188,0.048053518841410056,1777954950.4548757,5,/Users/kimsumin/projects/RGMC/data/map/robot14/images/0485.png,/Users/kimsumin/projects/RGMC/data/map/robot14/overlays/0485_overlay.png,/Users/kimsumin/projects/RGMC/data/map/robot14/masks/0485_mask.png
486,0.725,0.4375,0.0,382.17816091954023,346.1023102310231,1,0.0,0.06625438060223722,0.062333309218661176,1777954960.9833755,5,/Users/kimsumin/projects/RGMC/data/map/robot14/images/0486.png,/Users/kimsumin/projects/RGMC/data/map/robot14/overlays/0486_overlay.png,/Users/kimsumin/projects/RGMC/data/map/robot14/masks/0486_mask.png
487,0.754375,0.4375,0.0,382.10361842105266,358.5903814262023,1,0.0,0.053690931784811165,0.028947893943408538,1777954972.0519285,5,/Users/kimsumin/projects/RGMC/data/map/robot14/images/0487.png,/Users/kimsumin/projects/RGMC/data/map/robot14/overlays/0487_overlay.png,/Users/kimsumin/projects/RGMC/data/map/robot14/masks/0487_mask.png
488,0.78375,0.4375,0.0,382.075959933222,372.9021558872305,1,0.0,0.08636965334364463,0.03852133565756611,1777954982.8141785,5,/Users/kimsumin/projects/RGMC/data/map/robot14/images/0488.png,/Users/kimsumin/projects/RGMC/data/map/robot14/overlays/0488_overlay.png,/Users/kimsumin/projects/RGMC/data/map/robot14/masks/0488_mask.png
489,0.813125,0.4375,0.0,382.6394779771615,385.92077607113987,1,0.0,0.022703150954110553,0.027368324458197497,1777954993.553953,5,/Users/kimsumin/projects/RGMC/data/map/robot14/images/0489.png,/Users/kimsumin/projects/RGMC/data/map/robot14/overlays/0489_overlay.png,/Users/kimsumin/projects/RGMC/data/map/robot14/masks/0489_mask.png
490,0.8425,0.4375,0.0,381.983771251932,399.24249422632795,1,0.0,0.040369869974417605,0.03065214252168248,1777955004.8277884,5,/Users/kimsumin/projects/RGMC/data/map/robot14/images/0490.png,/Users/kimsumin/projects/RGMC/data/map/robot14/overlays/0490_overlay.png,/Users/kimsumin/projects/RGMC/data/map/robot14/masks/0490_mask.png
491,0.871875,0.4375,0.0,382.12743506493507,412.97402597402595,1,0.0,0.021182067852353857,0.06093861787972808,1777955015.492068,5,/Users/kimsumin/projects/RGMC/data/map/robot14/images/0491.png,/Users/kimsumin/projects/RGMC/data/map/robot14/overlays/0491_overlay.png,/Users/kimsumin/projects/RGMC/data/map/robot14/masks/0491_mask.png
492,0.90125,0.4375,0.0,382.2006472491909,426.0089141004862,1,0.0,0.07205495028808699,0.049010641104531946,1777955027.040357,5,/Users/kimsumin/projects/RGMC/data/map/robot14/images/0492.png,/Users/kimsumin/projects/RGMC/data/map/robot14/overlays/0492_overlay.png,/Users/kimsumin/projects/RGMC/data/map/robot14/masks/0492_mask.png
493,0.9306249999999999,0.4375,0.0,381.6067588325653,439.40352220520674,1,0.0,0.01279036956401132,0.31844635354919465,1777955037.8956928,5,/Users/kimsumin/projects/RGMC/data/map/robot14/images/0493.png,/Users/kimsumin/projects/RGMC/data/map/robot14/overlays/0493_overlay.png,/Users/kimsumin/projects/RGMC/data/map/robot14/masks/0493_mask.png
494,0.96,0.4375,0.0,381.8570247933884,452.8802642444261,1,0.0,0.03495230857453209,0.04222591117125644,1777955048.8576202,5,/Users/kimsumin/projects/RGMC/data/map/robot14/images/0494.png,/Users/kimsumin/projects/RGMC/data/map/robot14/overlays/0494_overlay.png,/Users/kimsumin/projects/RGMC/data/map/robot14/masks/0494_mask.png
495,0.96,0.46875,0.0,367.8768054375531,452.98889837745514,1,0.0,0.0490387513532675,0.03983635969814408,1777955059.5146294,5,/Users/kimsumin/projects/RGMC/data/map/robot14/images/0495.png,/Users/kimsumin/projects/RGMC/data/map/robot14/overlays/0495_overlay.png,/Users/kimsumin/projects/RGMC/data/map/robot14/masks/0495_mask.png
496,0.9306249999999999,0.46875,0.0,367.8499580888516,440.35708298407377,1,0.0,0.025892669884570067,0.026682936156114508,1777955070.5609872,5,/Users/kimsumin/projects/RGMC/data/map/robot14/images/0496.png,/Users/kimsumin/projects/RGMC/data/map/robot14/overlays/0496_overlay.png,/Users/kimsumin/projects/RGMC/data/map/robot14/masks/0496_mask.png
497,0.90125,0.46875,0.0,368.004942339374,426.4291598023064,1,0.0,0.024584674878747,0.07079054656740573,1777955081.833753,5,/Users/kimsumin/projects/RGMC/data/map/robot14/images/0497.png,/Users/kimsumin/projects/RGMC/data/map/robot14/overlays/0497_overlay.png,/Users/kimsumin/projects/RGMC/data/map/robot14/masks/0497_mask.png
498,0.871875,0.46875,0.0,368.06655433866894,413.11754827875734,1,0.0,0.04597789088772439,0.034895897367413636,1777955092.672542,5,/Users/kimsumin/projects/RGMC/data/map/robot14/images/0498.png,/Users/kimsumin/projects/RGMC/data/map/robot14/overlays/0498_overlay.png,/Users/kimsumin/projects/RGMC/data/map/robot14/masks/0498_mask.png
499,0.8425,0.46875,0.0,368.30553261767136,400.51070840197696,1,0.0,0.0387276592791768,0.0339425988924588,1777955104.6771984,5,/Users/kimsumin/projects/RGMC/data/map/robot14/images/0499.png,/Users/kimsumin/projects/RGMC/data/map/robot14/overlays/0499_overlay.png,/Users/kimsumin/projects/RGMC/data/map/robot14/masks/0499_mask.png
500,0.813125,0.46875,0.0,368.13120269133725,386.2053872053872,1,0.0,0.0483082795071942,0.05590772300241607,1777955115.8233714,5,/Users/kimsumin/projects/RGMC/data/map/robot14/images/0500.png,/Users/kimsumin/projects/RGMC/data/map/robot14/overlays/0500_overlay.png,/Users/kimsumin/projects/RGMC/data/map/robot14/masks/0500_mask.png
501,0.78375,0.46875,0.0,368.1285591026747,373.0,1,0.0,0.028904285160292285,0.024598015166562095,1777955126.5750737,5,/Users/kimsumin/projects/RGMC/data/map/robot14/images/0501.png,/Users/kimsumin/projects/RGMC/data/map/robot14/overlays/0501_overlay.png,/Users/kimsumin/projects/RGMC/data/map/robot14/masks/0501_mask.png
502,0.754375,0.46875,0.0,368.28706083976004,359.9622317596567,1,0.0,0.031151924200922325,0.0855158414719062,1777955137.5382867,5,/Users/kimsumin/projects/RGMC/data/map/robot14/images/0502.png,/Users/kimsumin/projects/RGMC/data/map/robot14/overlays/0502_overlay.png,/Users/kimsumin/projects/RGMC/data/map/robot14/masks/0502_mask.png
503,0.725,0.46875,0.0,367.81964436917866,346.31897265948635,1,0.0,0.18928843707778437,0.14016162255478068,1777955148.8214653,5,/Users/kimsumin/projects/RGMC/data/map/robot14/images/0503.png,/Users/kimsumin/projects/RGMC/data/map/robot14/overlays/0503_overlay.png,/Users/kimsumin/projects/RGMC/data/map/robot14/masks/0503_mask.png
504,0.6956249999999999,0.46875,0.0,368.2336134453781,333.02092050209205,1,0.0,0.017987316431195426,0.020781827362641628,1777955160.0133092,5,/Users/kimsumin/projects/RGMC/data/map/robot14/images/0504.png,/Users/kimsumin/projects/RGMC/data/map/robot14/overlays/0504_overlay.png,/Users/kimsumin/projects/RGMC/data/map/robot14/masks/0504_mask.png
505,0.66625,0.46875,0.0,368.1311053984576,320.13807890222984,1,0.0,0.17595572741568596,0.38589277072634287,1777955171.0384543,5,/Users/kimsumin/projects/RGMC/data/map/robot14/images/0505.png,/Users/kimsumin/projects/RGMC/data/map/robot14/overlays/0505_overlay.png,/Users/kimsumin/projects/RGMC/data/map/robot14/masks/0505_mask.png
506,0.636875,0.46875,0.0,368.34953111679454,306.19537275064266,1,0.0,0.15149467424804033,0.06073457810735706,1777955181.8708866,5,/Users/kimsumin/projects/RGMC/data/map/robot14/images/0506.png,/Users/kimsumin/projects/RGMC/data/map/robot14/overlays/0506_overlay.png,/Users/kimsumin/projects/RGMC/data/map/robot14/masks/0506_mask.png
507,0.6074999999999999,0.46875,0.0,368.82447257383967,293.21988205560234,1,0.0,0.010783639834046559,0.04704541993607316,1777955192.6160645,5,/Users/kimsumin/projects/RGMC/data/map/robot14/images/0507.png,/Users/kimsumin/projects/RGMC/data/map/robot14/overlays/0507_overlay.png,/Users/kimsumin/projects/RGMC/data/map/robot14/masks/0507_mask.png
508,0.578125,0.46875,0.0,369.6195939982348,279.980479148181,1,0.0,0.08670079457600341,0.046420535675497136,1777955203.390707,5,/Users/kimsumin/projects/RGMC/data/map/robot14/images/0508.png,/Users/kimsumin/projects/RGMC/data/map/robot14/overlays/0508_overlay.png,/Users/kimsumin/projects/RGMC/data/map/robot14/masks/0508_mask.png
509,0.54875,0.46875,0.0,369.59862187769164,265.92672413793105,1,0.0,0.041013591766824675,0.033230139657686605,1777955214.224865,5,/Users/kimsumin/projects/RGMC/data/map/robot14/images/0509.png,/Users/kimsumin/projects/RGMC/data/map/robot14/overlays/0509_overlay.png,/Users/kimsumin/projects/RGMC/data/map/robot14/masks/0509_mask.png
510,0.5193749999999999,0.46875,0.0,369.7525337837838,253.41385135135135,1,0.0,0.10367820977885016,0.034161094757028075,1777955224.9775105,5,/Users/kimsumin/projects/RGMC/data/map/robot14/images/0510.png,/Users/kimsumin/projects/RGMC/data/map/robot14/overlays/0510_overlay.png,/Users/kimsumin/projects/RGMC/data/map/robot14/masks/0510_mask.png
511,0.49,0.46875,0.0,369.50425894378196,240.17235494880546,1,0.0,0.09387813906015849,0.09604443319008246,1777955235.9553542,5,/Users/kimsumin/projects/RGMC/data/map/robot14/images/0511.png,/Users/kimsumin/projects/RGMC/data/map/robot14/overlays/0511_overlay.png,/Users/kimsumin/projects/RGMC/data/map/robot14/masks/0511_mask.png
512,0.460625,0.46875,0.0,369.90653432588914,226.50454921422664,1,0.0,0.04349543279296886,0.06323709713400708,1777955246.707809,5,/Users/kimsumin/projects/RGMC/data/map/robot14/images/0512.png,/Users/kimsumin/projects/RGMC/data/map/robot14/overlays/0512_overlay.png,/Users/kimsumin/projects/RGMC/data/map/robot14/masks/0512_mask.png
513,0.43125,0.46875,0.0,369.8762214983713,213.7292181069959,1,0.0,0.08461401389722165,0.057939645022217365,1777955257.5478039,5,/Users/kimsumin/projects/RGMC/data/map/robot14/images/0513.png,/Users/kimsumin/projects/RGMC/data/map/robot14/overlays/0513_overlay.png,/Users/kimsumin/projects/RGMC/data/map/robot14/masks/0513_mask.png
514,0.401875,0.46875,0.0,370.98617113223855,200.90439276485787,1,0.0,0.03934766807707413,0.025336315865343403,1777955268.4146469,5,/Users/kimsumin/projects/RGMC/data/map/robot14/images/0514.png,/Users/kimsumin/projects/RGMC/data/map/robot14/overlays/0514_overlay.png,/Users/kimsumin/projects/RGMC/data/map/robot14/masks/0514_mask.png
515,0.3725,0.46875,0.0,370.9686727122836,187.32260726072607,1,0.0,0.2994292419089983,0.09791725746417042,1777955279.1560323,5,/Users/kimsumin/projects/RGMC/data/map/robot14/images/0515.png,/Users/kimsumin/projects/RGMC/data/map/robot14/overlays/0515_overlay.png,/Users/kimsumin/projects/RGMC/data/map/robot14/masks/0515_mask.png
516,0.343125,0.46875,0.0,371.1603694374475,173.86481947942906,1,0.0,0.02957235455530045,0.026998259188931638,1777955290.30895,5,/Users/kimsumin/projects/RGMC/data/map/robot14/images/0516.png,/Users/kimsumin/projects/RGMC/data/map/robot14/overlays/0516_overlay.png,/Users/kimsumin/projects/RGMC/data/map/robot14/masks/0516_mask.png
517,0.31375,0.46875,0.0,371.0108877721943,161.214405360134,1,0.0,0.02893888696028968,0.01847095155463778,1777955301.3951204,5,/Users/kimsumin/projects/RGMC/data/map/robot14/images/0517.png,/Users/kimsumin/projects/RGMC/data/map/robot14/overlays/0517_overlay.png,/Users/kimsumin/projects/RGMC/data/map/robot14/masks/0517_mask.png
518,0.284375,0.46875,0.0,371.31297071129706,148.73723849372385,1,0.0,0.027944388544549507,0.10004588906232946,1777955312.330293,5,/Users/kimsumin/projects/RGMC/data/map/robot14/images/0518.png,/Users/kimsumin/projects/RGMC/data/map/robot14/overlays/0518_overlay.png,/Users/kimsumin/projects/RGMC/data/map/robot14/masks/0518_mask.png
519,0.255,0.46875,0.0,371.4365145228216,134.4094684385382,1,0.0,0.013018951604730641,0.02421575114250808,1777955323.0783255,5,/Users/kimsumin/projects/RGMC/data/map/robot14/images/0519.png,/Users/kimsumin/projects/RGMC/data/map/robot14/overlays/0519_overlay.png,/Users/kimsumin/projects/RGMC/data/map/robot14/masks/0519_mask.png
520,0.225625,0.46875,0.0,371.4608256107835,121.78096040438079,1,0.0,0.05116904875452795,0.04362019369772449,1777955334.0323398,5,/Users/kimsumin/projects/RGMC/data/map/robot14/images/0520.png,/Users/kimsumin/projects/RGMC/data/map/robot14/overlays/0520_overlay.png,/Users/kimsumin/projects/RGMC/data/map/robot14/masks/0520_mask.png
521,0.19624999999999998,0.46875,0.0,371.7231025854879,109.15776293823038,1,0.0,0.05358595353930222,0.07249504761505611,1777955345.1075082,5,/Users/kimsumin/projects/RGMC/data/map/robot14/images/0521.png,/Users/kimsumin/projects/RGMC/data/map/robot14/overlays/0521_overlay.png,/Users/kimsumin/projects/RGMC/data/map/robot14/masks/0521_mask.png
522,0.16687499999999997,0.46875,0.0,371.5126050420168,94.82029950083195,1,0.0,0.05402299800830796,0.09612026639324459,1777955355.9561095,5,/Users/kimsumin/projects/RGMC/data/map/robot14/images/0522.png,/Users/kimsumin/projects/RGMC/data/map/robot14/overlays/0522_overlay.png,/Users/kimsumin/projects/RGMC/data/map/robot14/masks/0522_mask.png
523,0.13749999999999998,0.46875,0.0,371.8596201486375,82.00658436213992,1,0.0,0.026328353208709833,0.10046635455947898,1777955367.4972198,5,/Users/kimsumin/projects/RGMC/data/map/robot14/images/0523.png,/Users/kimsumin/projects/RGMC/data/map/robot14/overlays/0523_overlay.png,/Users/kimsumin/projects/RGMC/data/map/robot14/masks/0523_mask.png
524,0.108125,0.46875,0.0,371.9436026936027,68.59747899159665,1,0.0,0.026816987372101385,0.07934372539261558,1777955378.5190969,5,/Users/kimsumin/projects/RGMC/data/map/robot14/images/0524.png,/Users/kimsumin/projects/RGMC/data/map/robot14/overlays/0524_overlay.png,/Users/kimsumin/projects/RGMC/data/map/robot14/masks/0524_mask.png
525,0.07875,0.46875,0.0,372.10290456431534,54.44315352697095,1,0.0,0.17942224022335346,0.06555072749170392,1777955389.2215974,5,/Users/kimsumin/projects/RGMC/data/map/robot14/images/0525.png,/Users/kimsumin/projects/RGMC/data/map/robot14/overlays/0525_overlay.png,/Users/kimsumin/projects/RGMC/data/map/robot14/masks/0525_mask.png
526,0.049375,0.46875,0.0,372.7150837988827,41.452513966480446,1,0.0,0.05847302937793794,0.0719224063787452,1777955400.280513,5,/Users/kimsumin/projects/RGMC/data/map/robot14/images/0526.png,/Users/kimsumin/projects/RGMC/data/map/robot14/overlays/0526_overlay.png,/Users/kimsumin/projects/RGMC/data/map/robot14/masks/0526_mask.png
527,0.02,0.46875,0.0,372.7856567284448,28.01314708299096,1,0.0,0.05441691058918094,0.5626544470366068,1777955413.1860652,5,/Users/kimsumin/projects/RGMC/data/map/robot14/images/0527.png,/Users/kimsumin/projects/RGMC/data/map/robot14/overlays/0527_overlay.png,/Users/kimsumin/projects/RGMC/data/map/robot14/masks/0527_mask.png
528,0.02,0.5,0.0,359.24484748557296,28.1110183639399,1,0.0,0.04091730179531933,0.35959686879175384,1777955424.0614386,5,/Users/kimsumin/projects/RGMC/data/map/robot14/images/0528.png,/Users/kimsumin/projects/RGMC/data/map/robot14/overlays/0528_overlay.png,/Users/kimsumin/projects/RGMC/data/map/robot14/masks/0528_mask.png
529,0.049375,0.5,0.0,358.5795918367347,41.24734693877551,1,0.0,0.2531072886025539,0.11529361515792502,1777955434.8049731,5,/Users/kimsumin/projects/RGMC/data/map/robot14/images/0529.png,/Users/kimsumin/projects/RGMC/data/map/robot14/overlays/0529_overlay.png,/Users/kimsumin/projects/RGMC/data/map/robot14/masks/0529_mask.png
530,0.07875,0.5,0.0,358.0793401413983,54.34406912804399,1,0.0,0.3830292794174858,0.0670428384215653,1777955445.6550267,5,/Users/kimsumin/projects/RGMC/data/map/robot14/images/0530.png,/Users/kimsumin/projects/RGMC/data/map/robot14/overlays/0530_overlay.png,/Users/kimsumin/projects/RGMC/data/map/robot14/masks/0530_mask.png
531,0.108125,0.5,0.0,357.9660876757651,68.10964550700741,1,0.0,0.361489552764109,0.052991376809775406,1777955456.626283,5,/Users/kimsumin/projects/RGMC/data/map/robot14/images/0531.png,/Users/kimsumin/projects/RGMC/data/map/robot14/overlays/0531_overlay.png,/Users/kimsumin/projects/RGMC/data/map/robot14/masks/0531_mask.png
532,0.13749999999999998,0.5,0.0,357.7212460063898,81.27438540840603,1,0.0,0.08158623715917887,0.07042159615193272,1777955467.3806105,5,/Users/kimsumin/projects/RGMC/data/map/robot14/images/0532.png,/Users/kimsumin/projects/RGMC/data/map/robot14/overlays/0532_overlay.png,/Users/kimsumin/projects/RGMC/data/map/robot14/masks/0532_mask.png
533,0.16687499999999997,0.5,0.0,357.7992,94.4192,1,0.0,0.03723591324962533,0.01990287978181075,1777955478.2130413,5,/Users/kimsumin/projects/RGMC/data/map/robot14/images/0533.png,/Users/kimsumin/projects/RGMC/data/map/robot14/overlays/0533_overlay.png,/Users/kimsumin/projects/RGMC/data/map/robot14/masks/0533_mask.png
534,0.19624999999999998,0.5,0.0,357.4847233691164,108.17369727047146,1,0.0,0.018442836578984396,0.04343514302194313,1777955488.9681935,5,/Users/kimsumin/projects/RGMC/data/map/robot14/images/0534.png,/Users/kimsumin/projects/RGMC/data/map/robot14/overlays/0534_overlay.png,/Users/kimsumin/projects/RGMC/data/map/robot14/masks/0534_mask.png
535,0.225625,0.5,0.0,357.5315024232633,121.56674660271783,1,0.0,0.03595652535635601,0.021388724320115418,1777955499.7355297,5,/Users/kimsumin/projects/RGMC/data/map/robot14/images/0535.png,/Users/kimsumin/projects/RGMC/data/map/robot14/overlays/0535_overlay.png,/Users/kimsumin/projects/RGMC/data/map/robot14/masks/0535_mask.png
536,0.255,0.5,0.0,357.19344262295084,133.99674267100977,1,0.0,0.04848319683320737,0.05367724857963213,1777955510.6729157,5,/Users/kimsumin/projects/RGMC/data/map/robot14/images/0536.png,/Users/kimsumin/projects/RGMC/data/map/robot14/overlays/0536_overlay.png,/Users/kimsumin/projects/RGMC/data/map/robot14/masks/0536_mask.png
537,0.284375,0.5,0.0,356.9944838455477,147.27330173775673,1,0.0,0.04321926846355486,0.411173783031196,1777955521.5254707,5,/Users/kimsumin/projects/RGMC/data/map/robot14/images/0537.png,/Users/kimsumin/projects/RGMC/data/map/robot14/overlays/0537_overlay.png,/Users/kimsumin/projects/RGMC/data/map/robot14/masks/0537_mask.png
538,0.31375,0.5,0.0,356.6248,160.27366746221162,1,0.0,0.06152265981932016,0.035115855013676554,1777955532.4818604,5,/Users/kimsumin/projects/RGMC/data/map/robot14/images/0538.png,/Users/kimsumin/projects/RGMC/data/map/robot14/overlays/0538_overlay.png,/Users/kimsumin/projects/RGMC/data/map/robot14/masks/0538_mask.png
539,0.343125,0.5,0.0,356.1532056619484,173.69109075770191,1,0.0,0.02979004331521658,0.03367334415740849,1777955543.3552952,5,/Users/kimsumin/projects/RGMC/data/map/robot14/images/0539.png,/Users/kimsumin/projects/RGMC/data/map/robot14/overlays/0539_overlay.png,/Users/kimsumin/projects/RGMC/data/map/robot14/masks/0539_mask.png
540,0.3725,0.5,0.0,356.01003344481603,186.51044277360066,1,0.0,0.00985259188082123,0.03910125633513547,1777955553.9847863,5,/Users/kimsumin/projects/RGMC/data/map/robot14/images/0540.png,/Users/kimsumin/projects/RGMC/data/map/robot14/overlays/0540_overlay.png,/Users/kimsumin/projects/RGMC/data/map/robot14/masks/0540_mask.png
541,0.401875,0.5,0.0,356.10590277777777,199.3148614609572,1,0.0,0.06148552666267806,0.34090492725187443,1777955564.7393858,5,/Users/kimsumin/projects/RGMC/data/map/robot14/images/0541.png,/Users/kimsumin/projects/RGMC/data/map/robot14/overlays/0541_overlay.png,/Users/kimsumin/projects/RGMC/data/map/robot14/masks/0541_mask.png
542,0.43125,0.5,0.0,355.8474576271187,213.31382527565734,1,0.0,0.05827411043515282,0.03949299784756467,1777955575.5979133,5,/Users/kimsumin/projects/RGMC/data/map/robot14/images/0542.png,/Users/kimsumin/projects/RGMC/data/map/robot14/overlays/0542_overlay.png,/Users/kimsumin/projects/RGMC/data/map/robot14/masks/0542_mask.png
543,0.460625,0.5,0.0,355.9056444818871,226.12131423757373,1,0.0,0.015524106093101626,0.03218308008151054,1777955587.4933393,5,/Users/kimsumin/projects/RGMC/data/map/robot14/images/0543.png,/Users/kimsumin/projects/RGMC/data/map/robot14/overlays/0543_overlay.png,/Users/kimsumin/projects/RGMC/data/map/robot14/masks/0543_mask.png
544,0.49,0.5,0.0,355.6413916146298,239.56467439785905,1,0.0,0.01187557714935663,0.010081686609180532,1777955598.3301408,5,/Users/kimsumin/projects/RGMC/data/map/robot14/images/0544.png,/Users/kimsumin/projects/RGMC/data/map/robot14/overlays/0544_overlay.png,/Users/kimsumin/projects/RGMC/data/map/robot14/masks/0544_mask.png
545,0.5193749999999999,0.5,0.0,355.71268334771355,252.68507333908542,1,0.0,0.06468991020460221,0.07852558445181038,1777955609.177212,5,/Users/kimsumin/projects/RGMC/data/map/robot14/images/0545.png,/Users/kimsumin/projects/RGMC/data/map/robot14/overlays/0545_overlay.png,/Users/kimsumin/projects/RGMC/data/map/robot14/masks/0545_mask.png
546,0.54875,0.5,0.0,355.3367433930094,265.6402387041773,1,0.0,0.04195354260840047,0.051809899416110944,1777955620.5692835,5,/Users/kimsumin/projects/RGMC/data/map/robot14/images/0546.png,/Users/kimsumin/projects/RGMC/data/map/robot14/overlays/0546_overlay.png,/Users/kimsumin/projects/RGMC/data/map/robot14/masks/0546_mask.png
547,0.578125,0.5,0.0,355.51162790697674,278.6448275862069,1,0.0,0.014300179868402159,0.3185014279101401,1777955631.6056528,5,/Users/kimsumin/projects/RGMC/data/map/robot14/images/0547.png,/Users/kimsumin/projects/RGMC/data/map/robot14/overlays/0547_overlay.png,/Users/kimsumin/projects/RGMC/data/map/robot14/masks/0547_mask.png
548,0.6074999999999999,0.5,0.0,355.3059829059829,292.6208082545142,1,0.0,0.07094166950865452,0.0627780126225097,1777955642.4711351,5,/Users/kimsumin/projects/RGMC/data/map/robot14/images/0548.png,/Users/kimsumin/projects/RGMC/data/map/robot14/overlays/0548_overlay.png,/Users/kimsumin/projects/RGMC/data/map/robot14/masks/0548_mask.png
549,0.636875,0.5,0.0,354.89112227805697,305.59045226130655,1,0.0,0.02168037050762973,0.020793918379143194,1777955653.3174994,5,/Users/kimsumin/projects/RGMC/data/map/robot14/images/0549.png,/Users/kimsumin/projects/RGMC/data/map/robot14/overlays/0549_overlay.png,/Users/kimsumin/projects/RGMC/data/map/robot14/masks/0549_mask.png
550,0.66625,0.5,0.0,354.8123476848091,319.17384240454913,1,0.0,0.311809617596592,0.06137755957017686,1777955664.2792487,5,/Users/kimsumin/projects/RGMC/data/map/robot14/images/0550.png,/Users/kimsumin/projects/RGMC/data/map/robot14/overlays/0550_overlay.png,/Users/kimsumin/projects/RGMC/data/map/robot14/masks/0550_mask.png
551,0.6956249999999999,0.5,0.0,354.08951612903223,332.6483870967742,1,0.0,0.36128987419054265,0.07853635681453841,1777955675.127962,5,/Users/kimsumin/projects/RGMC/data/map/robot14/images/0551.png,/Users/kimsumin/projects/RGMC/data/map/robot14/overlays/0551_overlay.png,/Users/kimsumin/projects/RGMC/data/map/robot14/masks/0551_mask.png
552,0.725,0.5,0.0,353.6848436246993,345.52737520128824,1,0.0,0.03262338108514273,0.04309347799530522,1777955685.877239,5,/Users/kimsumin/projects/RGMC/data/map/robot14/images/0552.png,/Users/kimsumin/projects/RGMC/data/map/robot14/overlays/0552_overlay.png,/Users/kimsumin/projects/RGMC/data/map/robot14/masks/0552_mask.png
553,0.754375,0.5,0.0,354.12632436837816,358.2009844134536,1,0.0,0.037340120978837835,0.04713656121518684,1777955696.627045,5,/Users/kimsumin/projects/RGMC/data/map/robot14/images/0553.png,/Users/kimsumin/projects/RGMC/data/map/robot14/overlays/0553_overlay.png,/Users/kimsumin/projects/RGMC/data/map/robot14/masks/0553_mask.png
554,0.78375,0.5,0.0,354.0066945606695,372.41244813278007,1,0.0,0.06761710149367957,0.03422127726867335,1777955707.6157224,5,/Users/kimsumin/projects/RGMC/data/map/robot14/images/0554.png,/Users/kimsumin/projects/RGMC/data/map/robot14/overlays/0554_overlay.png,/Users/kimsumin/projects/RGMC/data/map/robot14/masks/0554_mask.png
555,0.813125,0.5,0.0,354.3183707398171,385.44712739383846,1,0.0,0.2648223159262962,0.04313978813557874,1777955718.4529579,5,/Users/kimsumin/projects/RGMC/data/map/robot14/images/0555.png,/Users/kimsumin/projects/RGMC/data/map/robot14/overlays/0555_overlay.png,/Users/kimsumin/projects/RGMC/data/map/robot14/masks/0555_mask.png
556,0.8425,0.5,0.0,353.8335974643423,398.8781847133758,1,0.0,0.04978127509969989,0.0644329993292947,1777955729.300572,5,/Users/kimsumin/projects/RGMC/data/map/robot14/images/0556.png,/Users/kimsumin/projects/RGMC/data/map/robot14/overlays/0556_overlay.png,/Users/kimsumin/projects/RGMC/data/map/robot14/masks/0556_mask.png
557,0.871875,0.5,0.0,353.9959644874899,412.8579499596449,1,0.0,0.09606136744810942,0.04110043745462389,1777955740.1568754,5,/Users/kimsumin/projects/RGMC/data/map/robot14/images/0557.png,/Users/kimsumin/projects/RGMC/data/map/robot14/overlays/0557_overlay.png,/Users/kimsumin/projects/RGMC/data/map/robot14/masks/0557_mask.png
558,0.90125,0.5,0.0,353.79485116653257,425.7004830917874,1,0.0,0.04332687644948811,0.047071056140940426,1777955751.0010428,5,/Users/kimsumin/projects/RGMC/data/map/robot14/images/0558.png,/Users/kimsumin/projects/RGMC/data/map/robot14/overlays/0558_overlay.png,/Users/kimsumin/projects/RGMC/data/map/robot14/masks/0558_mask.png
559,0.9306249999999999,0.5,0.0,353.6687548942835,438.97858842188737,1,0.0,0.06521407209896321,0.0714973203432938,1777955761.7583034,5,/Users/kimsumin/projects/RGMC/data/map/robot14/images/0559.png,/Users/kimsumin/projects/RGMC/data/map/robot14/overlays/0559_overlay.png,/Users/kimsumin/projects/RGMC/data/map/robot14/masks/0559_mask.png
560,0.96,0.5,0.0,353.47630718954247,452.6444805194805,1,0.0,0.06896517810144141,0.055144905882463416,1777955772.8151667,5,/Users/kimsumin/projects/RGMC/data/map/robot14/images/0560.png,/Users/kimsumin/projects/RGMC/data/map/robot14/overlays/0560_overlay.png,/Users/kimsumin/projects/RGMC/data/map/robot14/masks/0560_mask.png
561,0.96,0.53125,0.0,339.83037974683543,452.6379746835443,1,0.0,0.04992196819690946,0.03947808534826251,1777955783.570637,5,/Users/kimsumin/projects/RGMC/data/map/robot14/images/0561.png,/Users/kimsumin/projects/RGMC/data/map/robot14/overlays/0561_overlay.png,/Users/kimsumin/projects/RGMC/data/map/robot14/masks/0561_mask.png
562,0.9306249999999999,0.53125,0.0,339.61219512195123,439.1569105691057,1,0.0,0.009117309234755832,0.3871620417841725,1777955794.3251138,5,/Users/kimsumin/projects/RGMC/data/map/robot14/images/0562.png,/Users/kimsumin/projects/RGMC/data/map/robot14/overlays/0562_overlay.png,/Users/kimsumin/projects/RGMC/data/map/robot14/masks/0562_mask.png
563,0.90125,0.53125,0.0,339.6381578947368,425.82207578253707,1,0.0,0.039348540600422956,0.10993163954092922,1777955805.4042988,5,/Users/kimsumin/projects/RGMC/data/map/robot14/images/0563.png,/Users/kimsumin/projects/RGMC/data/map/robot14/overlays/0563_overlay.png,/Users/kimsumin/projects/RGMC/data/map/robot14/masks/0563_mask.png
564,0.871875,0.53125,0.0,339.8735244519393,412.77974683544306,1,0.0,0.03486298107766827,0.03345161073177161,1777955816.3543105,5,/Users/kimsumin/projects/RGMC/data/map/robot14/images/0564.png,/Users/kimsumin/projects/RGMC/data/map/robot14/overlays/0564_overlay.png,/Users/kimsumin/projects/RGMC/data/map/robot14/masks/0564_mask.png
565,0.8425,0.53125,0.0,339.57362459546925,399.1394779771615,1,0.0,0.05715496435326396,0.4411967043569792,1777955826.9895666,5,/Users/kimsumin/projects/RGMC/data/map/robot14/images/0565.png,/Users/kimsumin/projects/RGMC/data/map/robot14/overlays/0565_overlay.png,/Users/kimsumin/projects/RGMC/data/map/robot14/masks/0565_mask.png
566,0.813125,0.53125,0.0,339.9882747068677,385.7337228714524,1,0.0,0.0354347949084646,0.054439404867720774,1777955837.737113,5,/Users/kimsumin/projects/RGMC/data/map/robot14/images/0566.png,/Users/kimsumin/projects/RGMC/data/map/robot14/overlays/0566_overlay.png,/Users/kimsumin/projects/RGMC/data/map/robot14/masks/0566_mask.png
567,0.78375,0.53125,0.0,339.96649916247907,372.6641541038526,1,0.0,0.042687944805026065,0.04618899303516709,1777955848.5993447,5,/Users/kimsumin/projects/RGMC/data/map/robot14/images/0567.png,/Users/kimsumin/projects/RGMC/data/map/robot14/overlays/0567_overlay.png,/Users/kimsumin/projects/RGMC/data/map/robot14/masks/0567_mask.png
568,0.754375,0.53125,0.0,339.88289036544853,358.4941666666667,1,0.0,0.042896462906647954,0.10066719082621378,1777955859.5631146,5,/Users/kimsumin/projects/RGMC/data/map/robot14/images/0568.png,/Users/kimsumin/projects/RGMC/data/map/robot14/overlays/0568_overlay.png,/Users/kimsumin/projects/RGMC/data/map/robot14/masks/0568_mask.png
569,0.725,0.53125,0.0,339.7952302631579,345.7318070318888,1,0.0,0.08294655265431158,0.06254334035545049,1777955871.341706,5,/Users/kimsumin/projects/RGMC/data/map/robot14/images/0569.png,/Users/kimsumin/projects/RGMC/data/map/robot14/overlays/0569_overlay.png,/Users/kimsumin/projects/RGMC/data/map/robot14/masks/0569_mask.png
570,0.6956249999999999,0.53125,0.0,340.35964198535396,332.92477514309076,1,0.0,0.23737514412551872,0.05179016227270508,1777955882.090586,5,/Users/kimsumin/projects/RGMC/data/map/robot14/images/0570.png,/Users/kimsumin/projects/RGMC/data/map/robot14/overlays/0570_overlay.png,/Users/kimsumin/projects/RGMC/data/map/robot14/masks/0570_mask.png
571,0.66625,0.53125,0.0,339.67537608867775,319.4295942720764,1,0.0,0.03744858847167019,0.37046586534458126,1777955893.3700173,5,/Users/kimsumin/projects/RGMC/data/map/robot14/images/0571.png,/Users/kimsumin/projects/RGMC/data/map/robot14/overlays/0571_overlay.png,/Users/kimsumin/projects/RGMC/data/map/robot14/masks/0571_mask.png
572,0.636875,0.53125,0.0,340.37996820349764,306.45425616547334,1,0.0,0.13284849244052432,0.07539375269354512,1777955904.0417507,5,/Users/kimsumin/projects/RGMC/data/map/robot14/images/0572.png,/Users/kimsumin/projects/RGMC/data/map/robot14/overlays/0572_overlay.png,/Users/kimsumin/projects/RGMC/data/map/robot14/masks/0572_mask.png
573,0.6074999999999999,0.53125,0.0,340.641852770885,293.35515548281506,1,0.0,0.03508523905068167,0.07710951472177836,1777955914.6374998,5,/Users/kimsumin/projects/RGMC/data/map/robot14/images/0573.png,/Users/kimsumin/projects/RGMC/data/map/robot14/overlays/0573_overlay.png,/Users/kimsumin/projects/RGMC/data/map/robot14/masks/0573_mask.png
574,0.578125,0.53125,0.0,340.4857881136951,278.92931937172773,1,0.0,0.1405582557468793,0.4189417286871288,1777955926.6196392,5,/Users/kimsumin/projects/RGMC/data/map/robot14/images/0574.png,/Users/kimsumin/projects/RGMC/data/map/robot14/overlays/0574_overlay.png,/Users/kimsumin/projects/RGMC/data/map/robot14/masks/0574_mask.png
575,0.54875,0.53125,0.0,340.875,265.9038142620232,1,0.0,0.056052915651834935,0.038563097980044446,1777955937.5868192,5,/Users/kimsumin/projects/RGMC/data/map/robot14/images/0575.png,/Users/kimsumin/projects/RGMC/data/map/robot14/overlays/0575_overlay.png,/Users/kimsumin/projects/RGMC/data/map/robot14/masks/0575_mask.png
576,0.5193749999999999,0.53125,0.0,342.1,253.10053380782918,1,0.0,0.05751799767983598,0.0693233429349637,1777955948.8456395,5,/Users/kimsumin/projects/RGMC/data/map/robot14/images/0576.png,/Users/kimsumin/projects/RGMC/data/map/robot14/overlays/0576_overlay.png,/Users/kimsumin/projects/RGMC/data/map/robot14/masks/0576_mask.png
577,0.49,0.53125,0.0,341.4785591766724,239.8452278589854,1,0.0,0.05138426128619969,0.09321698042988069,1777955960.721239,5,/Users/kimsumin/projects/RGMC/data/map/robot14/images/0577.png,/Users/kimsumin/projects/RGMC/data/map/robot14/overlays/0577_overlay.png,/Users/kimsumin/projects/RGMC/data/map/robot14/masks/0577_mask.png
578,0.460625,0.53125,0.0,341.75535420098845,226.1136738056013,1,0.0,0.06342768326343942,0.03444977616425003,1777955972.6003637,5,/Users/kimsumin/projects/RGMC/data/map/robot14/images/0578.png,/Users/kimsumin/projects/RGMC/data/map/robot14/overlays/0578_overlay.png,/Users/kimsumin/projects/RGMC/data/map/robot14/masks/0578_mask.png
579,0.43125,0.53125,0.0,342.5360205831904,213.56346483704974,1,0.0,0.032882792300381714,0.06078837363763396,1777955983.4634638,5,/Users/kimsumin/projects/RGMC/data/map/robot14/images/0579.png,/Users/kimsumin/projects/RGMC/data/map/robot14/overlays/0579_overlay.png,/Users/kimsumin/projects/RGMC/data/map/robot14/masks/0579_mask.png
580,0.401875,0.53125,0.0,342.0275,200.45552784704904,1,0.0,0.38953125535517963,0.06236795278431601,1777955994.3092809,5,/Users/kimsumin/projects/RGMC/data/map/robot14/images/0580.png,/Users/kimsumin/projects/RGMC/data/map/robot14/overlays/0580_overlay.png,/Users/kimsumin/projects/RGMC/data/map/robot14/masks/0580_mask.png
581,0.3725,0.53125,0.0,342.79899497487435,186.33361344537815,1,0.0,0.02619395659490494,0.026331049325082425,1777956005.0569985,5,/Users/kimsumin/projects/RGMC/data/map/robot14/images/0581.png,/Users/kimsumin/projects/RGMC/data/map/robot14/overlays/0581_overlay.png,/Users/kimsumin/projects/RGMC/data/map/robot14/masks/0581_mask.png
582,0.343125,0.53125,0.0,343.0346869712352,173.77493606138108,1,0.0,0.0162779312869603,0.030318120882726896,1777956015.9209423,5,/Users/kimsumin/projects/RGMC/data/map/robot14/images/0582.png,/Users/kimsumin/projects/RGMC/data/map/robot14/overlays/0582_overlay.png,/Users/kimsumin/projects/RGMC/data/map/robot14/masks/0582_mask.png
583,0.31375,0.53125,0.0,343.04657070279427,161.1863829787234,1,0.0,0.03622512083596578,0.02886647528733134,1777956026.66658,5,/Users/kimsumin/projects/RGMC/data/map/robot14/images/0583.png,/Users/kimsumin/projects/RGMC/data/map/robot14/overlays/0583_overlay.png,/Users/kimsumin/projects/RGMC/data/map/robot14/masks/0583_mask.png
584,0.284375,0.53125,0.0,343.2135112593828,147.43606036536934,1,0.0,0.03845234276960502,0.3356446291479384,1777956037.5162435,5,/Users/kimsumin/projects/RGMC/data/map/robot14/images/0584.png,/Users/kimsumin/projects/RGMC/data/map/robot14/overlays/0584_overlay.png,/Users/kimsumin/projects/RGMC/data/map/robot14/masks/0584_mask.png
585,0.255,0.53125,0.0,343.4420529801325,134.18084227910816,1,0.0,0.0534643140285027,0.030894155001685943,1777956048.3915272,5,/Users/kimsumin/projects/RGMC/data/map/robot14/images/0585.png,/Users/kimsumin/projects/RGMC/data/map/robot14/overlays/0585_overlay.png,/Users/kimsumin/projects/RGMC/data/map/robot14/masks/0585_mask.png
586,0.225625,0.53125,0.0,343.59652029826015,121.34631317315659,1,0.0,0.04790036805517043,0.03478652997450595,1777956059.1286225,5,/Users/kimsumin/projects/RGMC/data/map/robot14/images/0586.png,/Users/kimsumin/projects/RGMC/data/map/robot14/overlays/0586_overlay.png,/Users/kimsumin/projects/RGMC/data/map/robot14/masks/0586_mask.png
587,0.19624999999999998,0.53125,0.0,343.5492839090143,108.51471825063078,1,0.0,0.04258134268827843,0.046758765382343546,1777956069.8733346,5,/Users/kimsumin/projects/RGMC/data/map/robot14/images/0587.png,/Users/kimsumin/projects/RGMC/data/map/robot14/overlays/0587_overlay.png,/Users/kimsumin/projects/RGMC/data/map/robot14/masks/0587_mask.png
588,0.16687499999999997,0.53125,0.0,343.9196062346185,94.3424092409241,1,0.0,0.07001808758709603,0.039512960077162096,1777956080.743273,5,/Users/kimsumin/projects/RGMC/data/map/robot14/images/0588.png,/Users/kimsumin/projects/RGMC/data/map/robot14/overlays/0588_overlay.png,/Users/kimsumin/projects/RGMC/data/map/robot14/masks/0588_mask.png
589,0.13749999999999998,0.53125,0.0,343.6795716639209,81.29485049833887,1,0.0,0.06887069785822447,0.08190516257870815,1777956091.5844424,5,/Users/kimsumin/projects/RGMC/data/map/robot14/images/0589.png,/Users/kimsumin/projects/RGMC/data/map/robot14/overlays/0589_overlay.png,/Users/kimsumin/projects/RGMC/data/map/robot14/masks/0589_mask.png
590,0.108125,0.53125,0.0,343.80539656582175,68.56521739130434,1,0.0,0.04919277143106158,0.15648808601091915,1777956102.4426053,5,/Users/kimsumin/projects/RGMC/data/map/robot14/images/0590.png,/Users/kimsumin/projects/RGMC/data/map/robot14/overlays/0590_overlay.png,/Users/kimsumin/projects/RGMC/data/map/robot14/masks/0590_mask.png
591,0.07875,0.53125,0.0,344.3058176100629,54.081761006289305,1,0.0,0.03781654544657288,0.041158188704322675,1777956113.3963978,5,/Users/kimsumin/projects/RGMC/data/map/robot14/images/0591.png,/Users/kimsumin/projects/RGMC/data/map/robot14/overlays/0591_overlay.png,/Users/kimsumin/projects/RGMC/data/map/robot14/masks/0591_mask.png
592,0.049375,0.53125,0.0,344.2837510105093,41.295602605863195,1,0.0,0.020964375477624534,0.053544251171302154,1777956124.1533887,5,/Users/kimsumin/projects/RGMC/data/map/robot14/images/0592.png,/Users/kimsumin/projects/RGMC/data/map/robot14/overlays/0592_overlay.png,/Users/kimsumin/projects/RGMC/data/map/robot14/masks/0592_mask.png
593,0.02,0.53125,0.0,344.531007751938,27.411271896420413,1,0.0,0.09332935503591298,0.10224664966157931,1777956135.0051458,5,/Users/kimsumin/projects/RGMC/data/map/robot14/images/0593.png,/Users/kimsumin/projects/RGMC/data/map/robot14/overlays/0593_overlay.png,/Users/kimsumin/projects/RGMC/data/map/robot14/masks/0593_mask.png
594,0.02,0.5625,0.0,330.8882402001668,26.482615894039736,1,0.0,0.0451083124821683,0.1119610834329303,1777956145.9674673,5,/Users/kimsumin/projects/RGMC/data/map/robot14/images/0594.png,/Users/kimsumin/projects/RGMC/data/map/robot14/overlays/0594_overlay.png,/Users/kimsumin/projects/RGMC/data/map/robot14/masks/0594_mask.png
595,0.049375,0.5625,0.0,330.9825291181364,40.81281198003328,1,0.0,0.07257428577722692,0.14628940643589405,1777956156.9232528,5,/Users/kimsumin/projects/RGMC/data/map/robot14/images/0595.png,/Users/kimsumin/projects/RGMC/data/map/robot14/overlays/0595_overlay.png,/Users/kimsumin/projects/RGMC/data/map/robot14/masks/0595_mask.png
596,0.07875,0.5625,0.0,329.78509119746235,53.70048309178744,1,0.0,0.0377517508218817,0.100683445603861,1777956167.9046993,5,/Users/kimsumin/projects/RGMC/data/map/robot14/images/0596.png,/Users/kimsumin/projects/RGMC/data/map/robot14/overlays/0596_overlay.png,/Users/kimsumin/projects/RGMC/data/map/robot14/masks/0596_mask.png
597,0.108125,0.5625,0.0,329.7934528448948,67.1924882629108,1,0.0,0.04669002864303453,0.05717494473830937,1777956178.649524,5,/Users/kimsumin/projects/RGMC/data/map/robot14/images/0597.png,/Users/kimsumin/projects/RGMC/data/map/robot14/overlays/0597_overlay.png,/Users/kimsumin/projects/RGMC/data/map/robot14/masks/0597_mask.png
598,0.13749999999999998,0.5625,0.0,329.4674698795181,80.55854430379746,1,0.0,0.04487189692138469,0.03578758249562976,1777956189.5110292,5,/Users/kimsumin/projects/RGMC/data/map/robot14/images/0598.png,/Users/kimsumin/projects/RGMC/data/map/robot14/overlays/0598_overlay.png,/Users/kimsumin/projects/RGMC/data/map/robot14/masks/0598_mask.png
599,0.16687499999999997,0.5625,0.0,329.61404893449094,93.92762645914397,1,0.0,0.0279845469599301,0.08782739278806719,1777956200.2411,5,/Users/kimsumin/projects/RGMC/data/map/robot14/images/0599.png,/Users/kimsumin/projects/RGMC/data/map/robot14/overlays/0599_overlay.png,/Users/kimsumin/projects/RGMC/data/map/robot14/masks/0599_mask.png
600,0.19624999999999998,0.5625,0.0,329.26363636363635,108.20181968569065,1,0.0,0.11945199024926802,0.06875117915068363,1777956211.193093,5,/Users/kimsumin/projects/RGMC/data/map/robot14/images/0600.png,/Users/kimsumin/projects/RGMC/data/map/robot14/overlays/0600_overlay.png,/Users/kimsumin/projects/RGMC/data/map/robot14/masks/0600_mask.png
601,0.225625,0.5625,0.0,329.12540716612375,121.12832929782083,1,0.0,0.05350929237964746,0.060082443348480515,1777956221.9768677,5,/Users/kimsumin/projects/RGMC/data/map/robot14/images/0601.png,/Users/kimsumin/projects/RGMC/data/map/robot14/overlays/0601_overlay.png,/Users/kimsumin/projects/RGMC/data/map/robot14/masks/0601_mask.png
602,0.255,0.5625,0.0,329.22570281124496,133.72306464485234,1,0.0,0.04016504555908498,0.0581802121505523,1777956233.491235,5,/Users/kimsumin/projects/RGMC/data/map/robot14/images/0602.png,/Users/kimsumin/projects/RGMC/data/map/robot14/overlays/0602_overlay.png,/Users/kimsumin/projects/RGMC/data/map/robot14/masks/0602_mask.png
603,0.284375,0.5625,0.0,328.7520325203252,147.08872901678657,1,0.0,0.08716263536954336,0.105509519276982,1777956244.262109,5,/Users/kimsumin/projects/RGMC/data/map/robot14/images/0603.png,/Users/kimsumin/projects/RGMC/data/map/robot14/overlays/0603_overlay.png,/Users/kimsumin/projects/RGMC/data/map/robot14/masks/0603_mask.png
604,0.31375,0.5625,0.0,328.8107438016529,160.78034682080926,1,0.0,0.06690262882983772,0.3729308463935783,1777956255.219709,5,/Users/kimsumin/projects/RGMC/data/map/robot14/images/0604.png,/Users/kimsumin/projects/RGMC/data/map/robot14/overlays/0604_overlay.png,/Users/kimsumin/projects/RGMC/data/map/robot14/masks/0604_mask.png
605,0.343125,0.5625,0.0,328.6685950413223,173.48979591836735,1,0.0,0.1563518045946578,0.06641419524280144,1777956266.0786316,5,/Users/kimsumin/projects/RGMC/data/map/robot14/images/0605.png,/Users/kimsumin/projects/RGMC/data/map/robot14/overlays/0605_overlay.png,/Users/kimsumin/projects/RGMC/data/map/robot14/masks/0605_mask.png
606,0.3725,0.5625,0.0,327.97966101694914,186.05877413937867,1,0.0,0.04881746560983595,0.07210048263572029,1777956276.7298863,5,/Users/kimsumin/projects/RGMC/data/map/robot14/images/0606.png,/Users/kimsumin/projects/RGMC/data/map/robot14/overlays/0606_overlay.png,/Users/kimsumin/projects/RGMC/data/map/robot14/masks/0606_mask.png
607,0.401875,0.5625,0.0,327.94177215189876,198.90801687763712,1,0.0,0.05572949891535607,0.40281135460449524,1777956287.5784357,5,/Users/kimsumin/projects/RGMC/data/map/robot14/images/0607.png,/Users/kimsumin/projects/RGMC/data/map/robot14/overlays/0607_overlay.png,/Users/kimsumin/projects/RGMC/data/map/robot14/masks/0607_mask.png
608,0.43125,0.5625,0.0,327.9372349448685,213.01778154106688,1,0.0,0.056895717916588213,0.054723170789601594,1777956298.5458517,5,/Users/kimsumin/projects/RGMC/data/map/robot14/images/0608.png,/Users/kimsumin/projects/RGMC/data/map/robot14/overlays/0608_overlay.png,/Users/kimsumin/projects/RGMC/data/map/robot14/masks/0608_mask.png
609,0.460625,0.5625,0.0,327.78159931212383,225.85726569217542,1,0.0,0.035588962322823596,0.049780350224947034,1777956309.421451,5,/Users/kimsumin/projects/RGMC/data/map/robot14/images/0609.png,/Users/kimsumin/projects/RGMC/data/map/robot14/overlays/0609_overlay.png,/Users/kimsumin/projects/RGMC/data/map/robot14/masks/0609_mask.png
610,0.49,0.5625,0.0,327.86614853195164,238.86724137931034,1,0.0,0.09784590269820168,0.005409764063649137,1777956320.3497255,5,/Users/kimsumin/projects/RGMC/data/map/robot14/images/0610.png,/Users/kimsumin/projects/RGMC/data/map/robot14/overlays/0610_overlay.png,/Users/kimsumin/projects/RGMC/data/map/robot14/masks/0610_mask.png
611,0.5193749999999999,0.5625,0.0,327.7149009474591,252.68992248062017,1,0.0,0.016043720953091166,0.043722496482835396,1777956331.20139,5,/Users/kimsumin/projects/RGMC/data/map/robot14/images/0611.png,/Users/kimsumin/projects/RGMC/data/map/robot14/overlays/0611_overlay.png,/Users/kimsumin/projects/RGMC/data/map/robot14/masks/0611_mask.png
612,0.54875,0.5625,0.0,327.3353242320819,265.47472150814053,1,0.0,0.039735094255710555,0.0784271807049039,1777956341.9550104,5,/Users/kimsumin/projects/RGMC/data/map/robot14/images/0612.png,/Users/kimsumin/projects/RGMC/data/map/robot14/overlays/0612_overlay.png,/Users/kimsumin/projects/RGMC/data/map/robot14/masks/0612_mask.png
613,0.578125,0.5625,0.0,327.2973661852167,278.38912489379777,1,0.0,0.02706190060232976,0.046666631164312036,1777956352.7193053,5,/Users/kimsumin/projects/RGMC/data/map/robot14/images/0613.png,/Users/kimsumin/projects/RGMC/data/map/robot14/overlays/0613_overlay.png,/Users/kimsumin/projects/RGMC/data/map/robot14/masks/0613_mask.png
614,0.6074999999999999,0.5625,0.0,327.31189427312773,291.98683055311676,1,0.0,0.021928169524403806,0.09404610396630743,1777956363.3535702,5,/Users/kimsumin/projects/RGMC/data/map/robot14/images/0614.png,/Users/kimsumin/projects/RGMC/data/map/robot14/overlays/0614_overlay.png,/Users/kimsumin/projects/RGMC/data/map/robot14/masks/0614_mask.png
615,0.636875,0.5625,0.0,327.0516236469609,305.49377593361,1,0.0,0.05104436566518209,0.05450038281171615,1777956374.109708,5,/Users/kimsumin/projects/RGMC/data/map/robot14/images/0615.png,/Users/kimsumin/projects/RGMC/data/map/robot14/overlays/0615_overlay.png,/Users/kimsumin/projects/RGMC/data/map/robot14/masks/0615_mask.png
616,0.66625,0.5625,0.0,326.8840579710145,318.76585365853657,1,0.0,0.03896399433585347,0.06020944595516086,1777956384.870435,5,/Users/kimsumin/projects/RGMC/data/map/robot14/images/0616.png,/Users/kimsumin/projects/RGMC/data/map/robot14/overlays/0616_overlay.png,/Users/kimsumin/projects/RGMC/data/map/robot14/masks/0616_mask.png
617,0.6956249999999999,0.5625,0.0,326.94057724957554,332.48896434634975,1,0.0,0.30322711496149546,0.07082892742343601,1777956395.7124417,5,/Users/kimsumin/projects/RGMC/data/map/robot14/images/0617.png,/Users/kimsumin/projects/RGMC/data/map/robot14/overlays/0617_overlay.png,/Users/kimsumin/projects/RGMC/data/map/robot14/masks/0617_mask.png
618,0.725,0.5625,0.0,326.4230769230769,345.24749163879596,1,0.0,0.21008473346590348,0.051600209921083405,1777956406.3789628,5,/Users/kimsumin/projects/RGMC/data/map/robot14/images/0618.png,/Users/kimsumin/projects/RGMC/data/map/robot14/overlays/0618_overlay.png,/Users/kimsumin/projects/RGMC/data/map/robot14/masks/0618_mask.png
619,0.754375,0.5625,0.0,326.76430401366355,357.71287940935196,1,0.0,0.42892171879094426,0.07406507808062897,1777956417.2199671,5,/Users/kimsumin/projects/RGMC/data/map/robot14/images/0619.png,/Users/kimsumin/projects/RGMC/data/map/robot14/overlays/0619_overlay.png,/Users/kimsumin/projects/RGMC/data/map/robot14/masks/0619_mask.png
620,0.78375,0.5625,0.0,325.7440677966102,372.21016949152545,1,0.0,0.01546496905132551,0.04237118704731841,1777956429.09757,5,/Users/kimsumin/projects/RGMC/data/map/robot14/images/0620.png,/Users/kimsumin/projects/RGMC/data/map/robot14/overlays/0620_overlay.png,/Users/kimsumin/projects/RGMC/data/map/robot14/masks/0620_mask.png
621,0.813125,0.5625,0.0,326.06584362139915,385.3010752688172,1,0.0,0.08159494132344229,0.02607934358249571,1777956440.5723174,5,/Users/kimsumin/projects/RGMC/data/map/robot14/images/0621.png,/Users/kimsumin/projects/RGMC/data/map/robot14/overlays/0621_overlay.png,/Users/kimsumin/projects/RGMC/data/map/robot14/masks/0621_mask.png
622,0.8425,0.5625,0.0,325.4896825396825,398.7164536741214,1,0.0,0.03510352211496555,0.030917625788031255,1777956451.6489136,5,/Users/kimsumin/projects/RGMC/data/map/robot14/images/0622.png,/Users/kimsumin/projects/RGMC/data/map/robot14/overlays/0622_overlay.png,/Users/kimsumin/projects/RGMC/data/map/robot14/masks/0622_mask.png
623,0.871875,0.5625,0.0,325.5103220478943,412.4847986852917,1,0.0,0.036390626521361345,0.07817543671251433,1777956462.3771243,5,/Users/kimsumin/projects/RGMC/data/map/robot14/images/0623.png,/Users/kimsumin/projects/RGMC/data/map/robot14/overlays/0623_overlay.png,/Users/kimsumin/projects/RGMC/data/map/robot14/masks/0623_mask.png
624,0.90125,0.5625,0.0,325.4573268921095,425.7260940032415,1,0.0,0.0594908791316706,0.03534733128778302,1777956473.3514664,5,/Users/kimsumin/projects/RGMC/data/map/robot14/images/0624.png,/Users/kimsumin/projects/RGMC/data/map/robot14/overlays/0624_overlay.png,/Users/kimsumin/projects/RGMC/data/map/robot14/masks/0624_mask.png
625,0.9306249999999999,0.5625,0.0,325.3627065302911,439.1286274509804,1,0.0,0.035730771181396344,0.028560749705206005,1777956484.0962243,5,/Users/kimsumin/projects/RGMC/data/map/robot14/images/0625.png,/Users/kimsumin/projects/RGMC/data/map/robot14/overlays/0625_overlay.png,/Users/kimsumin/projects/RGMC/data/map/robot14/masks/0625_mask.png
626,0.96,0.5625,0.0,325.0901432181971,452.77842809364546,1,0.0,0.24118703990493756,0.046788617641691954,1777956495.8625252,5,/Users/kimsumin/projects/RGMC/data/map/robot14/images/0626.png,/Users/kimsumin/projects/RGMC/data/map/robot14/overlays/0626_overlay.png,/Users/kimsumin/projects/RGMC/data/map/robot14/masks/0626_mask.png
627,0.96,0.59375,0.0,311.4554883318928,452.6810717372515,1,0.0,0.036810893774362544,0.0492706929485857,1777956506.8235052,5,/Users/kimsumin/projects/RGMC/data/map/robot14/images/0627.png,/Users/kimsumin/projects/RGMC/data/map/robot14/overlays/0627_overlay.png,/Users/kimsumin/projects/RGMC/data/map/robot14/masks/0627_mask.png
628,0.9306249999999999,0.59375,0.0,311.1890343698854,439.2569558101473,1,0.0,0.07020610877289653,0.037618814791748376,1777956517.6886141,5,/Users/kimsumin/projects/RGMC/data/map/robot14/images/0628.png,/Users/kimsumin/projects/RGMC/data/map/robot14/overlays/0628_overlay.png,/Users/kimsumin/projects/RGMC/data/map/robot14/masks/0628_mask.png
629,0.90125,0.59375,0.0,311.43116240725476,425.7155812036274,1,0.0,0.05140576086026368,0.03798012603866107,1777956528.4331186,5,/Users/kimsumin/projects/RGMC/data/map/robot14/images/0629.png,/Users/kimsumin/projects/RGMC/data/map/robot14/overlays/0629_overlay.png,/Users/kimsumin/projects/RGMC/data/map/robot14/masks/0629_mask.png
630,0.871875,0.59375,0.0,311.51198630136986,412.7191780821918,1,0.0,0.04006826159703558,0.05219493442440959,1777956539.0979977,5,/Users/kimsumin/projects/RGMC/data/map/robot14/images/0630.png,/Users/kimsumin/projects/RGMC/data/map/robot14/overlays/0630_overlay.png,/Users/kimsumin/projects/RGMC/data/map/robot14/masks/0630_mask.png
631,0.8425,0.59375,0.0,311.3238636363636,399.3274193548387,1,0.0,0.054736610710707796,0.06694082648053724,1777956550.1505764,5,/Users/kimsumin/projects/RGMC/data/map/robot14/images/0631.png,/Users/kimsumin/projects/RGMC/data/map/robot14/overlays/0631_overlay.png,/Users/kimsumin/projects/RGMC/data/map/robot14/masks/0631_mask.png
632,0.813125,0.59375,0.0,311.59585062240666,385.71177944862154,1,0.0,0.0937842614385176,0.05028394609625543,1777956560.891007,5,/Users/kimsumin/projects/RGMC/data/map/robot14/images/0632.png,/Users/kimsumin/projects/RGMC/data/map/robot14/overlays/0632_overlay.png,/Users/kimsumin/projects/RGMC/data/map/robot14/masks/0632_mask.png
633,0.78375,0.59375,0.0,311.6936316695353,372.56401384083046,1,0.0,0.039136162129151025,0.04406351269690712,1777956571.7810514,5,/Users/kimsumin/projects/RGMC/data/map/robot14/images/0633.png,/Users/kimsumin/projects/RGMC/data/map/robot14/overlays/0633_overlay.png,/Users/kimsumin/projects/RGMC/data/map/robot14/masks/0633_mask.png
634,0.754375,0.59375,0.0,311.8928270042194,358.00333611342785,1,0.0,0.16111528201305877,0.051993799842943146,1777956582.703903,5,/Users/kimsumin/projects/RGMC/data/map/robot14/images/0634.png,/Users/kimsumin/projects/RGMC/data/map/robot14/overlays/0634_overlay.png,/Users/kimsumin/projects/RGMC/data/map/robot14/masks/0634_mask.png
635,0.725,0.59375,0.0,312.3191489361702,345.35983606557375,1,0.0,0.21260293364784583,0.08397447052566091,1777956593.4549892,5,/Users/kimsumin/projects/RGMC/data/map/robot14/images/0635.png,/Users/kimsumin/projects/RGMC/data/map/robot14/overlays/0635_overlay.png,/Users/kimsumin/projects/RGMC/data/map/robot14/masks/0635_mask.png
636,0.6956249999999999,0.59375,0.0,312.3113673805601,332.4806265457543,1,0.0,0.011683907567673051,0.034308081198384646,1777956604.4013693,5,/Users/kimsumin/projects/RGMC/data/map/robot14/images/0636.png,/Users/kimsumin/projects/RGMC/data/map/robot14/overlays/0636_overlay.png,/Users/kimsumin/projects/RGMC/data/map/robot14/masks/0636_mask.png
637,0.66625,0.59375,0.0,312.3725328947368,318.8632,1,0.0,0.03838511434680679,0.25299162615378157,1777956615.162542,5,/Users/kimsumin/projects/RGMC/data/map/robot14/images/0637.png,/Users/kimsumin/projects/RGMC/data/map/robot14/overlays/0637_overlay.png,/Users/kimsumin/projects/RGMC/data/map/robot14/masks/0637_mask.png
638,0.636875,0.59375,0.0,312.7582236842105,305.64102564102564,1,0.0,0.05312817029299579,0.06743125373344816,1777956625.9063315,5,/Users/kimsumin/projects/RGMC/data/map/robot14/images/0638.png,/Users/kimsumin/projects/RGMC/data/map/robot14/overlays/0638_overlay.png,/Users/kimsumin/projects/RGMC/data/map/robot14/masks/0638_mask.png
639,0.6074999999999999,0.59375,0.0,312.8767576509512,292.8675496688742,1,0.0,0.10249904762866825,0.05151318569107882,1777956636.6727893,5,/Users/kimsumin/projects/RGMC/data/map/robot14/images/0639.png,/Users/kimsumin/projects/RGMC/data/map/robot14/overlays/0639_overlay.png,/Users/kimsumin/projects/RGMC/data/map/robot14/masks/0639_mask.png
640,0.578125,0.59375,0.0,313.33805162364695,278.6136552872606,1,0.0,0.057624466839008924,0.40338973838618963,1777956647.421751,5,/Users/kimsumin/projects/RGMC/data/map/robot14/images/0640.png,/Users/kimsumin/projects/RGMC/data/map/robot14/overlays/0640_overlay.png,/Users/kimsumin/projects/RGMC/data/map/robot14/masks/0640_mask.png
641,0.54875,0.59375,0.0,313.3066115702479,265.99178981937604,1,0.0,0.055299859163413644,0.06884240020409621,1777956658.060304,5,/Users/kimsumin/projects/RGMC/data/map/robot14/images/0641.png,/Users/kimsumin/projects/RGMC/data/map/robot14/overlays/0641_overlay.png,/Users/kimsumin/projects/RGMC/data/map/robot14/masks/0641_mask.png
642,0.5193749999999999,0.59375,0.0,313.49467649467647,252.97364085667215,1,0.0,0.04619897374474419,0.06022959190032267,1777956668.724597,5,/Users/kimsumin/projects/RGMC/data/map/robot14/images/0642.png,/Users/kimsumin/projects/RGMC/data/map/robot14/overlays/0642_overlay.png,/Users/kimsumin/projects/RGMC/data/map/robot14/masks/0642_mask.png
643,0.49,0.59375,0.0,313.7073170731707,239.09121909633419,1,0.0,0.062015920886029585,0.045885207371301806,1777956679.464453,5,/Users/kimsumin/projects/RGMC/data/map/robot14/images/0643.png,/Users/kimsumin/projects/RGMC/data/map/robot14/overlays/0643_overlay.png,/Users/kimsumin/projects/RGMC/data/map/robot14/masks/0643_mask.png
644,0.460625,0.59375,0.0,313.6996644295302,226.1546218487395,1,0.0,0.0639195146549232,0.09471608575009938,1777956690.220534,5,/Users/kimsumin/projects/RGMC/data/map/robot14/images/0644.png,/Users/kimsumin/projects/RGMC/data/map/robot14/overlays/0644_overlay.png,/Users/kimsumin/projects/RGMC/data/map/robot14/masks/0644_mask.png
645,0.43125,0.59375,0.0,313.7667493796526,213.27791563275434,1,0.0,0.07619132994652271,0.03559343462793584,1777956700.9692657,5,/Users/kimsumin/projects/RGMC/data/map/robot14/images/0645.png,/Users/kimsumin/projects/RGMC/data/map/robot14/overlays/0645_overlay.png,/Users/kimsumin/projects/RGMC/data/map/robot14/masks/0645_mask.png
646,0.401875,0.59375,0.0,314.13281919451583,200.11475409836066,1,0.0,0.3133831950582555,0.06545476081965344,1777956711.8254292,5,/Users/kimsumin/projects/RGMC/data/map/robot14/images/0646.png,/Users/kimsumin/projects/RGMC/data/map/robot14/overlays/0646_overlay.png,/Users/kimsumin/projects/RGMC/data/map/robot14/masks/0646_mask.png
647,0.3725,0.59375,0.0,314.1436829066887,186.45102880658436,1,0.0,0.024792341635185015,0.04022684754072216,1777956722.4824255,5,/Users/kimsumin/projects/RGMC/data/map/robot14/images/0647.png,/Users/kimsumin/projects/RGMC/data/map/robot14/overlays/0647_overlay.png,/Users/kimsumin/projects/RGMC/data/map/robot14/masks/0647_mask.png
648,0.343125,0.59375,0.0,314.36919315403424,173.69763651181745,1,0.0,0.3210730645438148,0.06547765624315573,1777956733.3558571,5,/Users/kimsumin/projects/RGMC/data/map/robot14/images/0648.png,/Users/kimsumin/projects/RGMC/data/map/robot14/overlays/0648_overlay.png,/Users/kimsumin/projects/RGMC/data/map/robot14/masks/0648_mask.png
649,0.31375,0.59375,0.0,315.0042553191489,160.92576791808872,1,0.0,0.048878942782259,0.03958323589700412,1777956744.8082352,5,/Users/kimsumin/projects/RGMC/data/map/robot14/images/0649.png,/Users/kimsumin/projects/RGMC/data/map/robot14/overlays/0649_overlay.png,/Users/kimsumin/projects/RGMC/data/map/robot14/masks/0649_mask.png
650,0.284375,0.59375,0.0,314.4101592115239,147.5957284515637,1,0.0,0.04155999691555264,0.34213414065166015,1777956755.7483435,5,/Users/kimsumin/projects/RGMC/data/map/robot14/images/0650.png,/Users/kimsumin/projects/RGMC/data/map/robot14/overlays/0650_overlay.png,/Users/kimsumin/projects/RGMC/data/map/robot14/masks/0650_mask.png
651,0.255,0.59375,0.0,314.3461231015188,133.9928684627575,1,0.0,0.03183802179888012,0.041463083206063615,1777956767.3205256,5,/Users/kimsumin/projects/RGMC/data/map/robot14/images/0651.png,/Users/kimsumin/projects/RGMC/data/map/robot14/overlays/0651_overlay.png,/Users/kimsumin/projects/RGMC/data/map/robot14/masks/0651_mask.png
652,0.225625,0.59375,0.0,314.68247588424435,121.07473598700244,1,0.0,0.10440369682161262,0.041821652521865704,1777956778.0807855,5,/Users/kimsumin/projects/RGMC/data/map/robot14/images/0652.png,/Users/kimsumin/projects/RGMC/data/map/robot14/overlays/0652_overlay.png,/Users/kimsumin/projects/RGMC/data/map/robot14/masks/0652_mask.png
653,0.19624999999999998,0.59375,0.0,315.374681393373,107.08144416456759,1,0.0,0.05473998869690832,0.32146680132285066,1777956789.8555434,5,/Users/kimsumin/projects/RGMC/data/map/robot14/images/0653.png,/Users/kimsumin/projects/RGMC/data/map/robot14/overlays/0653_overlay.png,/Users/kimsumin/projects/RGMC/data/map/robot14/masks/0653_mask.png
654,0.16687499999999997,0.59375,0.0,315.477140482128,93.69742310889443,1,0.0,0.05818304764001039,0.05117051329843486,1777956801.0282478,5,/Users/kimsumin/projects/RGMC/data/map/robot14/images/0654.png,/Users/kimsumin/projects/RGMC/data/map/robot14/overlays/0654_overlay.png,/Users/kimsumin/projects/RGMC/data/map/robot14/masks/0654_mask.png
655,0.13749999999999998,0.59375,0.0,315.64106844741235,80.8489932885906,1,0.0,0.0668367932695918,0.0923223983160061,1777956811.6605282,5,/Users/kimsumin/projects/RGMC/data/map/robot14/images/0655.png,/Users/kimsumin/projects/RGMC/data/map/robot14/overlays/0655_overlay.png,/Users/kimsumin/projects/RGMC/data/map/robot14/masks/0655_mask.png
656,0.108125,0.59375,0.0,315.6166242578456,66.58184902459712,1,0.0,0.051395949770665195,0.13538844127406674,1777956822.741534,5,/Users/kimsumin/projects/RGMC/data/map/robot14/images/0656.png,/Users/kimsumin/projects/RGMC/data/map/robot14/overlays/0656_overlay.png,/Users/kimsumin/projects/RGMC/data/map/robot14/masks/0656_mask.png
657,0.07875,0.59375,0.0,316.3193069306931,53.765853658536585,1,0.0,0.05026949451213258,0.06627425793531551,1777956833.614502,5,/Users/kimsumin/projects/RGMC/data/map/robot14/images/0657.png,/Users/kimsumin/projects/RGMC/data/map/robot14/overlays/0657_overlay.png,/Users/kimsumin/projects/RGMC/data/map/robot14/masks/0657_mask.png
658,0.049375,0.59375,0.0,316.659626320065,40.793327908868996,1,0.0,0.05935558406641819,0.08967055207194238,1777956844.3061812,5,/Users/kimsumin/projects/RGMC/data/map/robot14/images/0658.png,/Users/kimsumin/projects/RGMC/data/map/robot14/overlays/0658_overlay.png,/Users/kimsumin/projects/RGMC/data/map/robot14/masks/0658_mask.png
659,0.02,0.59375,0.0,316.72461413484973,26.202274573517464,1,0.0,0.03746334591000028,0.04357021123115597,1777956855.0769844,5,/Users/kimsumin/projects/RGMC/data/map/robot14/images/0659.png,/Users/kimsumin/projects/RGMC/data/map/robot14/overlays/0659_overlay.png,/Users/kimsumin/projects/RGMC/data/map/robot14/masks/0659_mask.png
660,0.02,0.625,0.0,302.90429042904293,26.259493670886076,1,0.0,0.26906743172673486,0.05386912023431453,1777956865.862694,5,/Users/kimsumin/projects/RGMC/data/map/robot14/images/0660.png,/Users/kimsumin/projects/RGMC/data/map/robot14/overlays/0660_overlay.png,/Users/kimsumin/projects/RGMC/data/map/robot14/masks/0660_mask.png
661,0.049375,0.625,0.0,301.85273159144896,39.004,1,0.0,0.08242529178828475,0.3950253149205915,1777956876.963258,5,/Users/kimsumin/projects/RGMC/data/map/robot14/images/0661.png,/Users/kimsumin/projects/RGMC/data/map/robot14/overlays/0661_overlay.png,/Users/kimsumin/projects/RGMC/data/map/robot14/masks/0661_mask.png
662,0.07875,0.625,0.0,301.5,53.30110935023772,1,0.0,0.042972525304145734,0.08134628285326047,1777956887.5398974,5,/Users/kimsumin/projects/RGMC/data/map/robot14/images/0662.png,/Users/kimsumin/projects/RGMC/data/map/robot14/overlays/0662_overlay.png,/Users/kimsumin/projects/RGMC/data/map/robot14/masks/0662_mask.png
663,0.108125,0.625,0.0,301.50917797286513,66.26017557861134,1,0.0,0.04705638312691423,0.08672980657102126,1777956898.5009997,5,/Users/kimsumin/projects/RGMC/data/map/robot14/images/0663.png,/Users/kimsumin/projects/RGMC/data/map/robot14/overlays/0663_overlay.png,/Users/kimsumin/projects/RGMC/data/map/robot14/masks/0663_mask.png
664,0.13749999999999998,0.625,0.0,301.5934693877551,80.0359231411863,1,0.0,0.07391436067506439,0.3026737251423817,1777956909.248316,5,/Users/kimsumin/projects/RGMC/data/map/robot14/images/0664.png,/Users/kimsumin/projects/RGMC/data/map/robot14/overlays/0664_overlay.png,/Users/kimsumin/projects/RGMC/data/map/robot14/masks/0664_mask.png
665,0.16687499999999997,0.625,0.0,301.20064987814783,93.34698795180722,1,0.0,0.08451881884340035,0.06925241718912299,1777956920.0120087,5,/Users/kimsumin/projects/RGMC/data/map/robot14/images/0665.png,/Users/kimsumin/projects/RGMC/data/map/robot14/overlays/0665_overlay.png,/Users/kimsumin/projects/RGMC/data/map/robot14/masks/0665_mask.png
666,0.19624999999999998,0.625,0.0,300.8719931271478,106.31902834008098,1,0.0,0.062357974595492215,0.36066839578961996,1777956930.9665568,5,/Users/kimsumin/projects/RGMC/data/map/robot14/images/0666.png,/Users/kimsumin/projects/RGMC/data/map/robot14/overlays/0666_overlay.png,/Users/kimsumin/projects/RGMC/data/map/robot14/masks/0666_mask.png
667,0.225625,0.625,0.0,300.74650205761316,120.23025768911056,1,0.0,0.31223409524859264,0.14118571210302258,1777956941.7209446,5,/Users/kimsumin/projects/RGMC/data/map/robot14/images/0667.png,/Users/kimsumin/projects/RGMC/data/map/robot14/overlays/0667_overlay.png,/Users/kimsumin/projects/RGMC/data/map/robot14/masks/0667_mask.png
668,0.255,0.625,0.0,300.8239095315024,133.28269699431357,1,0.0,0.04589641435812778,0.061564361708965544,1777956952.474752,5,/Users/kimsumin/projects/RGMC/data/map/robot14/images/0668.png,/Users/kimsumin/projects/RGMC/data/map/robot14/overlays/0668_overlay.png,/Users/kimsumin/projects/RGMC/data/map/robot14/masks/0668_mask.png
669,0.284375,0.625,0.0,300.3042414355628,146.41694352159467,1,0.0,0.2647221407467317,0.06678082473638466,1777956963.2551916,5,/Users/kimsumin/projects/RGMC/data/map/robot14/images/0669.png,/Users/kimsumin/projects/RGMC/data/map/robot14/overlays/0669_overlay.png,/Users/kimsumin/projects/RGMC/data/map/robot14/masks/0669_mask.png
670,0.31375,0.625,0.0,300.5453100158982,159.70331447049313,1,0.0,0.2330516755336275,0.08236189290755902,1777956974.1766088,5,/Users/kimsumin/projects/RGMC/data/map/robot14/images/0670.png,/Users/kimsumin/projects/RGMC/data/map/robot14/overlays/0670_overlay.png,/Users/kimsumin/projects/RGMC/data/map/robot14/masks/0670_mask.png
671,0.343125,0.625,0.0,299.8950930626058,173.06974789915967,1,0.0,0.06611591813518529,0.034098912890081025,1777956984.9432907,5,/Users/kimsumin/projects/RGMC/data/map/robot14/images/0671.png,/Users/kimsumin/projects/RGMC/data/map/robot14/overlays/0671_overlay.png,/Users/kimsumin/projects/RGMC/data/map/robot14/masks/0671_mask.png
672,0.3725,0.625,0.0,299.89857502095555,185.82229673093042,1,0.0,0.029688344103309824,0.05041706343171494,1777956995.8849535,5,/Users/kimsumin/projects/RGMC/data/map/robot14/images/0672.png,/Users/kimsumin/projects/RGMC/data/map/robot14/overlays/0672_overlay.png,/Users/kimsumin/projects/RGMC/data/map/robot14/masks/0672_mask.png
673,0.401875,0.625,0.0,299.9303313508921,198.4574829931973,1,0.0,0.031108701397742796,0.07388089962478865,1777957007.5616128,5,/Users/kimsumin/projects/RGMC/data/map/robot14/images/0673.png,/Users/kimsumin/projects/RGMC/data/map/robot14/overlays/0673_overlay.png,/Users/kimsumin/projects/RGMC/data/map/robot14/masks/0673_mask.png
674,0.43125,0.625,0.0,299.7078260869565,212.67595818815332,1,0.0,0.014680184086500804,0.055588247155691044,1777957018.4158351,5,/Users/kimsumin/projects/RGMC/data/map/robot14/images/0674.png,/Users/kimsumin/projects/RGMC/data/map/robot14/overlays/0674_overlay.png,/Users/kimsumin/projects/RGMC/data/map/robot14/masks/0674_mask.png
675,0.460625,0.625,0.0,299.65148861646236,225.47312775330397,1,0.0,0.05407753656548185,0.059977290746420005,1777957029.169847,5,/Users/kimsumin/projects/RGMC/data/map/robot14/images/0675.png,/Users/kimsumin/projects/RGMC/data/map/robot14/overlays/0675_overlay.png,/Users/kimsumin/projects/RGMC/data/map/robot14/masks/0675_mask.png
676,0.49,0.625,0.0,299.7612068965517,238.24114088159033,1,0.0,0.036356486509195325,0.06303893954716268,1777957040.0301392,5,/Users/kimsumin/projects/RGMC/data/map/robot14/images/0676.png,/Users/kimsumin/projects/RGMC/data/map/robot14/overlays/0676_overlay.png,/Users/kimsumin/projects/RGMC/data/map/robot14/masks/0676_mask.png
677,0.5193749999999999,0.625,0.0,299.75318761384335,251.9016393442623,1,0.0,0.0645334049401721,0.03915721217621705,1777957050.8723838,5,/Users/kimsumin/projects/RGMC/data/map/robot14/images/0677.png,/Users/kimsumin/projects/RGMC/data/map/robot14/overlays/0677_overlay.png,/Users/kimsumin/projects/RGMC/data/map/robot14/masks/0677_mask.png
678,0.54875,0.625,0.0,299.47202797202794,265.0949477351916,1,0.0,0.09375713595920288,0.045040705384425256,1777957061.7410212,5,/Users/kimsumin/projects/RGMC/data/map/robot14/images/0678.png,/Users/kimsumin/projects/RGMC/data/map/robot14/overlays/0678_overlay.png,/Users/kimsumin/projects/RGMC/data/map/robot14/masks/0678_mask.png
679,0.578125,0.625,0.0,299.24531516183987,278.31234042553194,1,0.0,0.03502014326155163,0.028289368775868778,1777957072.7794015,5,/Users/kimsumin/projects/RGMC/data/map/robot14/images/0679.png,/Users/kimsumin/projects/RGMC/data/map/robot14/overlays/0679_overlay.png,/Users/kimsumin/projects/RGMC/data/map/robot14/masks/0679_mask.png
680,0.6074999999999999,0.625,0.0,299.1743679163034,292.03923278116827,1,0.0,0.008024213025036206,0.04864024370120616,1777957083.6347635,5,/Users/kimsumin/projects/RGMC/data/map/robot14/images/0680.png,/Users/kimsumin/projects/RGMC/data/map/robot14/overlays/0680_overlay.png,/Users/kimsumin/projects/RGMC/data/map/robot14/masks/0680_mask.png
681,0.636875,0.625,0.0,298.97652975691534,305.23245984784444,1,0.0,0.043703902562574094,0.05729175114226175,1777957094.8990421,5,/Users/kimsumin/projects/RGMC/data/map/robot14/images/0681.png,/Users/kimsumin/projects/RGMC/data/map/robot14/overlays/0681_overlay.png,/Users/kimsumin/projects/RGMC/data/map/robot14/masks/0681_mask.png
682,0.66625,0.625,0.0,298.9824120603015,317.9036850921273,1,0.0,0.02165490252324853,0.03878313543508325,1777957105.8704157,5,/Users/kimsumin/projects/RGMC/data/map/robot14/images/0682.png,/Users/kimsumin/projects/RGMC/data/map/robot14/overlays/0682_overlay.png,/Users/kimsumin/projects/RGMC/data/map/robot14/masks/0682_mask.png
683,0.6956249999999999,0.625,0.0,298.21153846153845,331.80602006688963,1,0.0,0.010748591856598405,0.06917211817287401,1777957117.664344,5,/Users/kimsumin/projects/RGMC/data/map/robot14/images/0683.png,/Users/kimsumin/projects/RGMC/data/map/robot14/overlays/0683_overlay.png,/Users/kimsumin/projects/RGMC/data/map/robot14/masks/0683_mask.png
684,0.725,0.625,0.0,298.0491666666667,344.865,1,0.0,0.39284648221944524,0.030533178363303992,1777957128.4972744,5,/Users/kimsumin/projects/RGMC/data/map/robot14/images/0684.png,/Users/kimsumin/projects/RGMC/data/map/robot14/overlays/0684_overlay.png,/Users/kimsumin/projects/RGMC/data/map/robot14/masks/0684_mask.png
685,0.754375,0.625,0.0,297.7563996696945,357.8306922435363,1,0.0,0.058859666897643735,0.03836242497569946,1777957139.7502174,5,/Users/kimsumin/projects/RGMC/data/map/robot14/images/0685.png,/Users/kimsumin/projects/RGMC/data/map/robot14/overlays/0685_overlay.png,/Users/kimsumin/projects/RGMC/data/map/robot14/masks/0685_mask.png
686,0.78375,0.625,0.0,297.733164983165,371.9436026936027,1,0.0,0.059557891145014114,0.06838002237190761,1777957151.228665,5,/Users/kimsumin/projects/RGMC/data/map/robot14/images/0686.png,/Users/kimsumin/projects/RGMC/data/map/robot14/overlays/0686_overlay.png,/Users/kimsumin/projects/RGMC/data/map/robot14/masks/0686_mask.png
687,0.813125,0.625,0.0,297.49244966442956,385.14900662251654,1,0.0,0.09215041221661795,0.09905328387820855,1777957162.0810251,5,/Users/kimsumin/projects/RGMC/data/map/robot14/images/0687.png,/Users/kimsumin/projects/RGMC/data/map/robot14/overlays/0687_overlay.png,/Users/kimsumin/projects/RGMC/data/map/robot14/masks/0687_mask.png
688,0.8425,0.625,0.0,297.2344262295082,398.10938775510203,1,0.0,0.03395650333846604,0.06288555516166093,1777957172.7358084,5,/Users/kimsumin/projects/RGMC/data/map/robot14/images/0688.png,/Users/kimsumin/projects/RGMC/data/map/robot14/overlays/0688_overlay.png,/Users/kimsumin/projects/RGMC/data/map/robot14/masks/0688_mask.png
689,0.871875,0.625,0.0,297.0573566084788,412.283693843594,1,0.0,0.036822274147819446,0.03693060405854086,1777957183.476244,5,/Users/kimsumin/projects/RGMC/data/map/robot14/images/0689.png,/Users/kimsumin/projects/RGMC/data/map/robot14/overlays/0689_overlay.png,/Users/kimsumin/projects/RGMC/data/map/robot14/masks/0689_mask.png
690,0.90125,0.625,0.0,296.97004991680535,425.39689034369883,1,0.0,0.0662867655837231,0.056927824991536105,1777957194.3324409,5,/Users/kimsumin/projects/RGMC/data/map/robot14/images/0690.png,/Users/kimsumin/projects/RGMC/data/map/robot14/overlays/0690_overlay.png,/Users/kimsumin/projects/RGMC/data/map/robot14/masks/0690_mask.png
691,0.9306249999999999,0.625,0.0,296.90230341540905,438.7535885167464,1,0.0,0.06233119742359552,0.15733005408644232,1777957205.0904446,5,/Users/kimsumin/projects/RGMC/data/map/robot14/images/0691.png,/Users/kimsumin/projects/RGMC/data/map/robot14/overlays/0691_overlay.png,/Users/kimsumin/projects/RGMC/data/map/robot14/masks/0691_mask.png
692,0.96,0.625,0.0,296.73338940285953,452.4233700254022,1,0.0,0.04058543643107961,0.011629588564406039,1777957215.8359082,5,/Users/kimsumin/projects/RGMC/data/map/robot14/images/0692.png,/Users/kimsumin/projects/RGMC/data/map/robot14/overlays/0692_overlay.png,/Users/kimsumin/projects/RGMC/data/map/robot14/masks/0692_mask.png
693,0.96,0.65625,0.0,283.1862489120975,452.42123585726716,1,0.0,0.033028029175499574,0.03194356449829541,1777957226.598722,5,/Users/kimsumin/projects/RGMC/data/map/robot14/images/0693.png,/Users/kimsumin/projects/RGMC/data/map/robot14/overlays/0693_overlay.png,/Users/kimsumin/projects/RGMC/data/map/robot14/masks/0693_mask.png
694,0.9306249999999999,0.65625,0.0,283.11595394736844,438.879767827529,1,0.0,0.05348758712928293,0.08736156820616443,1777957237.4375613,5,/Users/kimsumin/projects/RGMC/data/map/robot14/images/0694.png,/Users/kimsumin/projects/RGMC/data/map/robot14/overlays/0694_overlay.png,/Users/kimsumin/projects/RGMC/data/map/robot14/masks/0694_mask.png
695,0.90125,0.65625,0.0,283.0319516407599,425.5280414150129,1,0.0,0.02475716682364699,0.050833774157460876,1777957248.396272,5,/Users/kimsumin/projects/RGMC/data/map/robot14/images/0695.png,/Users/kimsumin/projects/RGMC/data/map/robot14/overlays/0695_overlay.png,/Users/kimsumin/projects/RGMC/data/map/robot14/masks/0695_mask.png
696,0.871875,0.65625,0.0,283.2221261884183,412.53408110440034,1,0.0,0.021442073223556422,0.011801715037441854,1777957259.1576831,5,/Users/kimsumin/projects/RGMC/data/map/robot14/images/0696.png,/Users/kimsumin/projects/RGMC/data/map/robot14/overlays/0696_overlay.png,/Users/kimsumin/projects/RGMC/data/map/robot14/masks/0696_mask.png
697,0.8425,0.65625,0.0,283.1570945945946,399.0428931875526,1,0.0,0.03630629849578991,0.08005461519824794,1777957270.1053977,5,/Users/kimsumin/projects/RGMC/data/map/robot14/images/0697.png,/Users/kimsumin/projects/RGMC/data/map/robot14/overlays/0697_overlay.png,/Users/kimsumin/projects/RGMC/data/map/robot14/masks/0697_mask.png
698,0.813125,0.65625,0.0,283.20740103270225,385.53912295786756,1,0.0,0.05361356072182648,0.037806700935500856,1777957281.072632,5,/Users/kimsumin/projects/RGMC/data/map/robot14/images/0698.png,/Users/kimsumin/projects/RGMC/data/map/robot14/overlays/0698_overlay.png,/Users/kimsumin/projects/RGMC/data/map/robot14/masks/0698_mask.png
699,0.78375,0.65625,0.0,283.49076517150394,372.6042216358839,1,0.0,0.04464014833199991,0.05765740523973492,1777957291.8273046,5,/Users/kimsumin/projects/RGMC/data/map/robot14/images/0699.png,/Users/kimsumin/projects/RGMC/data/map/robot14/overlays/0699_overlay.png,/Users/kimsumin/projects/RGMC/data/map/robot14/masks/0699_mask.png
700,0.754375,0.65625,0.0,283.6876617773943,358.13126079447323,1,0.0,0.03237237042939386,0.05242201109469986,1777957302.885484,5,/Users/kimsumin/projects/RGMC/data/map/robot14/images/0700.png,/Users/kimsumin/projects/RGMC/data/map/robot14/overlays/0700_overlay.png,/Users/kimsumin/projects/RGMC/data/map/robot14/masks/0700_mask.png
701,0.725,0.65625,0.0,283.83910034602076,345.17391304347825,1,0.0,0.04809427844634144,0.06758684087255656,1777957314.2591205,5,/Users/kimsumin/projects/RGMC/data/map/robot14/images/0701.png,/Users/kimsumin/projects/RGMC/data/map/robot14/overlays/0701_overlay.png,/Users/kimsumin/projects/RGMC/data/map/robot14/masks/0701_mask.png
702,0.6956249999999999,0.65625,0.0,284.1266261925412,332.4137033824805,1,0.0,0.07120128860222279,0.06282878161926354,1777957325.5093994,5,/Users/kimsumin/projects/RGMC/data/map/robot14/images/0702.png,/Users/kimsumin/projects/RGMC/data/map/robot14/overlays/0702_overlay.png,/Users/kimsumin/projects/RGMC/data/map/robot14/masks/0702_mask.png
703,0.66625,0.65625,0.0,284.01262626262627,318.1457455770851,1,0.0,0.09057016443241575,0.18002652708132108,1777957336.2763195,5,/Users/kimsumin/projects/RGMC/data/map/robot14/images/0703.png,/Users/kimsumin/projects/RGMC/data/map/robot14/overlays/0703_overlay.png,/Users/kimsumin/projects/RGMC/data/map/robot14/masks/0703_mask.png
704,0.636875,0.65625,0.0,284.6515151515151,305.266835016835,1,0.0,0.14290680854770646,0.03340914928954808,1777957348.8591208,5,/Users/kimsumin/projects/RGMC/data/map/robot14/images/0704.png,/Users/kimsumin/projects/RGMC/data/map/robot14/overlays/0704_overlay.png,/Users/kimsumin/projects/RGMC/data/map/robot14/masks/0704_mask.png
705,0.6074999999999999,0.65625,0.0,284.82945736434107,292.2568259385666,1,0.0,0.20846235332595303,0.031718674378585804,1777957360.4221501,5,/Users/kimsumin/projects/RGMC/data/map/robot14/images/0705.png,/Users/kimsumin/projects/RGMC/data/map/robot14/overlays/0705_overlay.png,/Users/kimsumin/projects/RGMC/data/map/robot14/masks/0705_mask.png
706,0.578125,0.65625,0.0,284.80550918196997,279.2895419187554,1,0.0,0.00505260462125758,0.37731237862741746,1777957371.0781827,5,/Users/kimsumin/projects/RGMC/data/map/robot14/images/0706.png,/Users/kimsumin/projects/RGMC/data/map/robot14/overlays/0706_overlay.png,/Users/kimsumin/projects/RGMC/data/map/robot14/masks/0706_mask.png
707,0.54875,0.65625,0.0,285.2456140350877,265.3341687552214,1,0.0,0.28507171140103116,0.021369716840558443,1777957381.8228385,5,/Users/kimsumin/projects/RGMC/data/map/robot14/images/0707.png,/Users/kimsumin/projects/RGMC/data/map/robot14/overlays/0707_overlay.png,/Users/kimsumin/projects/RGMC/data/map/robot14/masks/0707_mask.png
708,0.5193749999999999,0.65625,0.0,285.37735849056605,252.3923076923077,1,0.0,0.06848817477628698,0.05029353981796038,1777957392.6104417,5,/Users/kimsumin/projects/RGMC/data/map/robot14/images/0708.png,/Users/kimsumin/projects/RGMC/data/map/robot14/overlays/0708_overlay.png,/Users/kimsumin/projects/RGMC/data/map/robot14/masks/0708_mask.png
709,0.49,0.65625,0.0,285.2162162162162,238.61570945945945,1,0.0,0.07495983548244248,0.07377578882515674,1777957403.6439896,5,/Users/kimsumin/projects/RGMC/data/map/robot14/images/0709.png,/Users/kimsumin/projects/RGMC/data/map/robot14/overlays/0709_overlay.png,/Users/kimsumin/projects/RGMC/data/map/robot14/masks/0709_mask.png
710,0.460625,0.65625,0.0,285.32775919732444,225.63597972972974,1,0.0,0.046712657440132824,0.05257174603694962,1777957414.490702,5,/Users/kimsumin/projects/RGMC/data/map/robot14/images/0710.png,/Users/kimsumin/projects/RGMC/data/map/robot14/overlays/0710_overlay.png,/Users/kimsumin/projects/RGMC/data/map/robot14/masks/0710_mask.png
711,0.43125,0.65625,0.0,285.5390428211587,213.10842368640533,1,0.0,0.06097399783369424,0.07673056011565971,1777957425.5757227,5,/Users/kimsumin/projects/RGMC/data/map/robot14/images/0711.png,/Users/kimsumin/projects/RGMC/data/map/robot14/overlays/0711_overlay.png,/Users/kimsumin/projects/RGMC/data/map/robot14/masks/0711_mask.png
712,0.401875,0.65625,0.0,286.1850258175559,199.80360205831903,1,0.0,0.05535326138211664,0.3457748216485906,1777957436.425322,5,/Users/kimsumin/projects/RGMC/data/map/robot14/images/0712.png,/Users/kimsumin/projects/RGMC/data/map/robot14/overlays/0712_overlay.png,/Users/kimsumin/projects/RGMC/data/map/robot14/masks/0712_mask.png
713,0.3725,0.65625,0.0,286.22022838499186,186.14099429502852,1,0.0,0.0901913376914306,0.07329725021420726,1777957447.1665175,5,/Users/kimsumin/projects/RGMC/data/map/robot14/images/0713.png,/Users/kimsumin/projects/RGMC/data/map/robot14/overlays/0713_overlay.png,/Users/kimsumin/projects/RGMC/data/map/robot14/masks/0713_mask.png
714,0.343125,0.65625,0.0,286.21276595744683,173.38970588235293,1,0.0,0.4014478425734712,0.011244621165413044,1777957457.9128559,5,/Users/kimsumin/projects/RGMC/data/map/robot14/images/0714.png,/Users/kimsumin/projects/RGMC/data/map/robot14/overlays/0714_overlay.png,/Users/kimsumin/projects/RGMC/data/map/robot14/masks/0714_mask.png
715,0.31375,0.65625,0.0,286.19966159052456,160.27118644067798,1,0.0,0.06178324265386728,0.06188464099445806,1777957468.6726139,5,/Users/kimsumin/projects/RGMC/data/map/robot14/images/0715.png,/Users/kimsumin/projects/RGMC/data/map/robot14/overlays/0715_overlay.png,/Users/kimsumin/projects/RGMC/data/map/robot14/masks/0715_mask.png
716,0.284375,0.65625,0.0,286.90575479566303,146.17602682313495,1,0.0,0.055114472370025154,0.06491018996566485,1777957479.4153874,5,/Users/kimsumin/projects/RGMC/data/map/robot14/images/0716.png,/Users/kimsumin/projects/RGMC/data/map/robot14/overlays/0716_overlay.png,/Users/kimsumin/projects/RGMC/data/map/robot14/masks/0716_mask.png
717,0.255,0.65625,0.0,286.09090909090907,133.09313725490196,1,0.0,0.08180172199804404,0.04713282630116601,1777957490.3964229,5,/Users/kimsumin/projects/RGMC/data/map/robot14/images/0717.png,/Users/kimsumin/projects/RGMC/data/map/robot14/overlays/0717_overlay.png,/Users/kimsumin/projects/RGMC/data/map/robot14/masks/0717_mask.png
718,0.225625,0.65625,0.0,285.99917830731306,120.56384742951907,1,0.0,0.05423000974277843,0.1482336295323406,1777957501.3269823,5,/Users/kimsumin/projects/RGMC/data/map/robot14/images/0718.png,/Users/kimsumin/projects/RGMC/data/map/robot14/overlays/0718_overlay.png,/Users/kimsumin/projects/RGMC/data/map/robot14/masks/0718_mask.png
719,0.19624999999999998,0.65625,0.0,285.98765432098764,107.26616915422886,1,0.0,0.06877357117680229,0.46646120635416205,1777957514.1265142,5,/Users/kimsumin/projects/RGMC/data/map/robot14/images/0719.png,/Users/kimsumin/projects/RGMC/data/map/robot14/overlays/0719_overlay.png,/Users/kimsumin/projects/RGMC/data/map/robot14/masks/0719_mask.png
720,0.16687499999999997,0.65625,0.0,286.19422150882826,93.76605868358446,1,0.0,0.04932779402387674,0.04305964561504284,1777957524.9667873,5,/Users/kimsumin/projects/RGMC/data/map/robot14/images/0720.png,/Users/kimsumin/projects/RGMC/data/map/robot14/overlays/0720_overlay.png,/Users/kimsumin/projects/RGMC/data/map/robot14/masks/0720_mask.png
721,0.13749999999999998,0.65625,0.0,286.0534412955466,80.49592833876221,1,0.0,0.047000299812201454,0.10207324736470481,1777957536.2459435,5,/Users/kimsumin/projects/RGMC/data/map/robot14/images/0721.png,/Users/kimsumin/projects/RGMC/data/map/robot14/overlays/0721_overlay.png,/Users/kimsumin/projects/RGMC/data/map/robot14/masks/0721_mask.png
722,0.108125,0.65625,0.0,287.1855241264559,66.62,1,0.0,0.37436585526703764,0.10291892252180272,1777957547.6352286,5,/Users/kimsumin/projects/RGMC/data/map/robot14/images/0722.png,/Users/kimsumin/projects/RGMC/data/map/robot14/overlays/0722_overlay.png,/Users/kimsumin/projects/RGMC/data/map/robot14/masks/0722_mask.png
723,0.07875,0.65625,0.0,287.2759197324415,52.87248322147651,1,0.0,0.02775799679791445,0.12213088296091262,1777957558.3605733,5,/Users/kimsumin/projects/RGMC/data/map/robot14/images/0723.png,/Users/kimsumin/projects/RGMC/data/map/robot14/overlays/0723_overlay.png,/Users/kimsumin/projects/RGMC/data/map/robot14/masks/0723_mask.png
724,0.049375,0.65625,0.0,287.2194513715711,38.85166666666667,1,0.0,0.04496706023820665,0.16626227647176384,1777957570.4424138,5,/Users/kimsumin/projects/RGMC/data/map/robot14/images/0724.png,/Users/kimsumin/projects/RGMC/data/map/robot14/overlays/0724_overlay.png,/Users/kimsumin/projects/RGMC/data/map/robot14/masks/0724_mask.png
725,0.02,0.65625,0.0,287.77916666666664,25.92468619246862,1,0.0,0.06858102490042019,0.06714886421998986,1777957581.4092596,5,/Users/kimsumin/projects/RGMC/data/map/robot14/images/0725.png,/Users/kimsumin/projects/RGMC/data/map/robot14/overlays/0725_overlay.png,/Users/kimsumin/projects/RGMC/data/map/robot14/masks/0725_mask.png
726,0.02,0.6875,0.0,272.8814229249012,26.055905511811023,1,0.0,0.08177022970083343,0.18479292188231267,1777957592.6632166,5,/Users/kimsumin/projects/RGMC/data/map/robot14/images/0726.png,/Users/kimsumin/projects/RGMC/data/map/robot14/overlays/0726_overlay.png,/Users/kimsumin/projects/RGMC/data/map/robot14/masks/0726_mask.png
727,0.049375,0.6875,0.0,272.6425702811245,38.29477911646586,1,0.0,0.043290593469644346,0.05389481348357927,1777957604.34805,5,/Users/kimsumin/projects/RGMC/data/map/robot14/images/0727.png,/Users/kimsumin/projects/RGMC/data/map/robot14/overlays/0727_overlay.png,/Users/kimsumin/projects/RGMC/data/map/robot14/masks/0727_mask.png
728,0.07875,0.6875,0.0,272.29638554216865,52.85291766586731,1,0.0,0.09953042192210872,0.09555696122456818,1777957615.716504,5,/Users/kimsumin/projects/RGMC/data/map/robot14/images/0728.png,/Users/kimsumin/projects/RGMC/data/map/robot14/overlays/0728_overlay.png,/Users/kimsumin/projects/RGMC/data/map/robot14/masks/0728_mask.png
729,0.108125,0.6875,0.0,272.40483619344775,65.98449612403101,1,0.0,0.11386655146858002,0.07076252385552192,1777957627.078267,5,/Users/kimsumin/projects/RGMC/data/map/robot14/images/0729.png,/Users/kimsumin/projects/RGMC/data/map/robot14/overlays/0729_overlay.png,/Users/kimsumin/projects/RGMC/data/map/robot14/masks/0729_mask.png
730,0.13749999999999998,0.6875,0.0,272.45498392282957,78.76125401929261,1,0.0,0.260872863714861,0.1503659975027006,1777957638.338467,5,/Users/kimsumin/projects/RGMC/data/map/robot14/images/0730.png,/Users/kimsumin/projects/RGMC/data/map/robot14/overlays/0730_overlay.png,/Users/kimsumin/projects/RGMC/data/map/robot14/masks/0730_mask.png
731,0.16687499999999997,0.6875,0.0,272.3586321934946,92.8910149750416,1,0.0,0.173933859923379,0.07059208733159446,1777957649.0858204,5,/Users/kimsumin/projects/RGMC/data/map/robot14/images/0731.png,/Users/kimsumin/projects/RGMC/data/map/robot14/overlays/0731_overlay.png,/Users/kimsumin/projects/RGMC/data/map/robot14/masks/0731_mask.png
732,0.19624999999999998,0.6875,0.0,272.3551251008878,105.95339652448658,1,0.0,0.31640607689463507,0.08604268591941983,1777957660.045847,5,/Users/kimsumin/projects/RGMC/data/map/robot14/images/0732.png,/Users/kimsumin/projects/RGMC/data/map/robot14/overlays/0732_overlay.png,/Users/kimsumin/projects/RGMC/data/map/robot14/masks/0732_mask.png
733,0.225625,0.6875,0.0,272.1175,118.69237147595356,1,0.0,0.05451651473880863,0.2870346204858655,1777957671.583165,5,/Users/kimsumin/projects/RGMC/data/map/robot14/images/0733.png,/Users/kimsumin/projects/RGMC/data/map/robot14/overlays/0733_overlay.png,/Users/kimsumin/projects/RGMC/data/map/robot14/masks/0733_mask.png
734,0.255,0.6875,0.0,271.68123393316193,132.46101113967438,1,0.0,0.20383830874629044,0.07597082217369941,1777957682.479197,5,/Users/kimsumin/projects/RGMC/data/map/robot14/images/0734.png,/Users/kimsumin/projects/RGMC/data/map/robot14/overlays/0734_overlay.png,/Users/kimsumin/projects/RGMC/data/map/robot14/masks/0734_mask.png
735,0.284375,0.6875,0.0,271.79692832764505,145.60033869602032,1,0.0,0.0499908989641235,0.06383639024324204,1777957694.7718894,5,/Users/kimsumin/projects/RGMC/data/map/robot14/images/0735.png,/Users/kimsumin/projects/RGMC/data/map/robot14/overlays/0735_overlay.png,/Users/kimsumin/projects/RGMC/data/map/robot14/masks/0735_mask.png
736,0.31375,0.6875,0.0,271.464586846543,158.25400843881857,1,0.0,0.04495737498573605,0.03792865340858693,1777957706.867369,5,/Users/kimsumin/projects/RGMC/data/map/robot14/images/0736.png,/Users/kimsumin/projects/RGMC/data/map/robot14/overlays/0736_overlay.png,/Users/kimsumin/projects/RGMC/data/map/robot14/masks/0736_mask.png
737,0.343125,0.6875,0.0,271.622754491018,172.4824034334764,1,0.0,0.020704161780398373,0.0729192182637062,1777957717.82032,5,/Users/kimsumin/projects/RGMC/data/map/robot14/images/0737.png,/Users/kimsumin/projects/RGMC/data/map/robot14/overlays/0737_overlay.png,/Users/kimsumin/projects/RGMC/data/map/robot14/masks/0737_mask.png
738,0.3725,0.6875,0.0,271.58910034602076,185.28595890410958,1,0.0,0.06422064847996388,0.05710793609680965,1777957728.761691,5,/Users/kimsumin/projects/RGMC/data/map/robot14/images/0738.png,/Users/kimsumin/projects/RGMC/data/map/robot14/overlays/0738_overlay.png,/Users/kimsumin/projects/RGMC/data/map/robot14/masks/0738_mask.png
739,0.401875,0.6875,0.0,271.5071729957806,198.4458653026428,1,0.0,0.08336365045668609,0.05045106300507119,1777957739.8212354,5,/Users/kimsumin/projects/RGMC/data/map/robot14/images/0739.png,/Users/kimsumin/projects/RGMC/data/map/robot14/overlays/0739_overlay.png,/Users/kimsumin/projects/RGMC/data/map/robot14/masks/0739_mask.png
740,0.43125,0.6875,0.0,271.5122985581001,212.59459459459458,1,0.0,0.015700587609312266,0.03939398823942846,1777957750.5853794,5,/Users/kimsumin/projects/RGMC/data/map/robot14/images/0740.png,/Users/kimsumin/projects/RGMC/data/map/robot14/overlays/0740_overlay.png,/Users/kimsumin/projects/RGMC/data/map/robot14/masks/0740_mask.png
741,0.460625,0.6875,0.0,271.0613961312027,225.15811606391927,1,0.0,0.040000141893899305,0.056522344609583795,1777957761.3321157,5,/Users/kimsumin/projects/RGMC/data/map/robot14/images/0741.png,/Users/kimsumin/projects/RGMC/data/map/robot14/overlays/0741_overlay.png,/Users/kimsumin/projects/RGMC/data/map/robot14/masks/0741_mask.png
742,0.49,0.6875,0.0,271.1149619611158,237.90870667793746,1,0.0,0.0475809489137058,0.05547890570368741,1777957772.4778364,5,/Users/kimsumin/projects/RGMC/data/map/robot14/images/0742.png,/Users/kimsumin/projects/RGMC/data/map/robot14/overlays/0742_overlay.png,/Users/kimsumin/projects/RGMC/data/map/robot14/masks/0742_mask.png
743,0.5193749999999999,0.6875,0.0,271.14772727272725,251.8909090909091,1,0.0,0.06869954151206198,0.07859330509171503,1777957783.246849,5,/Users/kimsumin/projects/RGMC/data/map/robot14/images/0743.png,/Users/kimsumin/projects/RGMC/data/map/robot14/overlays/0743_overlay.png,/Users/kimsumin/projects/RGMC/data/map/robot14/masks/0743_mask.png
744,0.54875,0.6875,0.0,271.1022222222222,264.69217081850536,1,0.0,0.03476488722542939,0.030974565380165506,1777957794.091487,5,/Users/kimsumin/projects/RGMC/data/map/robot14/images/0744.png,/Users/kimsumin/projects/RGMC/data/map/robot14/overlays/0744_overlay.png,/Users/kimsumin/projects/RGMC/data/map/robot14/masks/0744_mask.png
745,0.578125,0.6875,0.0,270.7512998266898,277.9272097053726,1,0.0,0.4391178593497549,0.05272576545785547,1777957804.9563696,5,/Users/kimsumin/projects/RGMC/data/map/robot14/images/0745.png,/Users/kimsumin/projects/RGMC/data/map/robot14/overlays/0745_overlay.png,/Users/kimsumin/projects/RGMC/data/map/robot14/masks/0745_mask.png
746,0.6074999999999999,0.6875,0.0,270.94262295081967,290.93806921675775,1,0.0,0.033048687762219024,0.17272577021266855,1777957815.8032744,5,/Users/kimsumin/projects/RGMC/data/map/robot14/images/0746.png,/Users/kimsumin/projects/RGMC/data/map/robot14/overlays/0746_overlay.png,/Users/kimsumin/projects/RGMC/data/map/robot14/masks/0746_mask.png
747,0.636875,0.6875,0.0,270.6704055220017,304.7156357388316,1,0.0,0.3495579805421576,0.07593881304422319,1777957826.5512755,5,/Users/kimsumin/projects/RGMC/data/map/robot14/images/0747.png,/Users/kimsumin/projects/RGMC/data/map/robot14/overlays/0747_overlay.png,/Users/kimsumin/projects/RGMC/data/map/robot14/masks/0747_mask.png
748,0.66625,0.6875,0.0,269.6655844155844,317.58113848768056,1,0.0,0.388502420462257,0.0664450017779992,1777957837.3446956,5,/Users/kimsumin/projects/RGMC/data/map/robot14/images/0748.png,/Users/kimsumin/projects/RGMC/data/map/robot14/overlays/0748_overlay.png,/Users/kimsumin/projects/RGMC/data/map/robot14/masks/0748_mask.png
749,0.6956249999999999,0.6875,0.0,270.40701754385964,331.8491228070175,1,0.0,0.46579195736684414,0.07093045800207252,1777957848.1592467,5,/Users/kimsumin/projects/RGMC/data/map/robot14/images/0749.png,/Users/kimsumin/projects/RGMC/data/map/robot14/overlays/0749_overlay.png,/Users/kimsumin/projects/RGMC/data/map/robot14/masks/0749_mask.png
750,0.725,0.6875,0.0,270.4539069359087,344.8033362598771,1,0.0,0.03450624747383276,0.03287157540750243,1777957859.2356627,5,/Users/kimsumin/projects/RGMC/data/map/robot14/images/0750.png,/Users/kimsumin/projects/RGMC/data/map/robot14/overlays/0750_overlay.png,/Users/kimsumin/projects/RGMC/data/map/robot14/masks/0750_mask.png
751,0.754375,0.6875,0.0,269.24601175482786,357.7037037037037,1,0.0,0.3789596219745652,0.01891769037687192,1777957870.0725594,5,/Users/kimsumin/projects/RGMC/data/map/robot14/images/0751.png,/Users/kimsumin/projects/RGMC/data/map/robot14/overlays/0751_overlay.png,/Users/kimsumin/projects/RGMC/data/map/robot14/masks/0751_mask.png
752,0.78375,0.6875,0.0,269.3062283737024,372.0506872852234,1,0.0,0.024915850608487798,0.03658823204448791,1777957881.1105337,5,/Users/kimsumin/projects/RGMC/data/map/robot14/images/0752.png,/Users/kimsumin/projects/RGMC/data/map/robot14/overlays/0752_overlay.png,/Users/kimsumin/projects/RGMC/data/map/robot14/masks/0752_mask.png
753,0.813125,0.6875,0.0,269.06638655462183,385.23825503355704,1,0.0,0.05155264588068472,0.06124535426184319,1777957892.0974653,5,/Users/kimsumin/projects/RGMC/data/map/robot14/images/0753.png,/Users/kimsumin/projects/RGMC/data/map/robot14/overlays/0753_overlay.png,/Users/kimsumin/projects/RGMC/data/map/robot14/masks/0753_mask.png
754,0.8425,0.6875,0.0,268.7018121911038,398.39700996677743,1,0.0,0.023652820489497656,0.07363392716539817,1777957902.8383734,5,/Users/kimsumin/projects/RGMC/data/map/robot14/images/0754.png,/Users/kimsumin/projects/RGMC/data/map/robot14/overlays/0754_overlay.png,/Users/kimsumin/projects/RGMC/data/map/robot14/masks/0754_mask.png
755,0.871875,0.6875,0.0,268.34507042253523,412.35972461273667,1,0.0,0.1963667059791712,0.34553001951424556,1777957913.800075,5,/Users/kimsumin/projects/RGMC/data/map/robot14/images/0755.png,/Users/kimsumin/projects/RGMC/data/map/robot14/overlays/0755_overlay.png,/Users/kimsumin/projects/RGMC/data/map/robot14/masks/0755_mask.png
756,0.90125,0.6875,0.0,268.25491873396066,425.20555073720726,1,0.0,0.0466745926289101,0.07773727738418405,1777957924.7851512,5,/Users/kimsumin/projects/RGMC/data/map/robot14/images/0756.png,/Users/kimsumin/projects/RGMC/data/map/robot14/overlays/0756_overlay.png,/Users/kimsumin/projects/RGMC/data/map/robot14/masks/0756_mask.png
757,0.9306249999999999,0.6875,0.0,268.02629346904155,438.17950889077053,1,0.0,0.1762239193105091,0.02912435955039073,1777957937.5468833,5,/Users/kimsumin/projects/RGMC/data/map/robot14/images/0757.png,/Users/kimsumin/projects/RGMC/data/map/robot14/overlays/0757_overlay.png,/Users/kimsumin/projects/RGMC/data/map/robot14/masks/0757_mask.png
758,0.96,0.6875,0.0,268.1298245614035,452.5223880597015,1,0.0,0.020952730142104248,0.06698833471387902,1777957951.0732284,5,/Users/kimsumin/projects/RGMC/data/map/robot14/images/0758.png,/Users/kimsumin/projects/RGMC/data/map/robot14/overlays/0758_overlay.png,/Users/kimsumin/projects/RGMC/data/map/robot14/masks/0758_mask.png
759,0.96,0.71875,0.0,254.53968253968253,452.36267605633805,1,0.0,0.02918483231268043,0.01861166868719891,1777957962.2452736,5,/Users/kimsumin/projects/RGMC/data/map/robot14/images/0759.png,/Users/kimsumin/projects/RGMC/data/map/robot14/overlays/0759_overlay.png,/Users/kimsumin/projects/RGMC/data/map/robot14/masks/0759_mask.png
760,0.9306249999999999,0.71875,0.0,253.84921292460646,438.41927512355846,1,0.0,0.039678779046206765,0.032518292777305266,1777957973.1247947,5,/Users/kimsumin/projects/RGMC/data/map/robot14/images/0760.png,/Users/kimsumin/projects/RGMC/data/map/robot14/overlays/0760_overlay.png,/Users/kimsumin/projects/RGMC/data/map/robot14/masks/0760_mask.png
761,0.90125,0.71875,0.0,254.70247229326515,425.5612682090831,1,0.0,0.04453072134874943,0.03243649642778766,1777957985.1729815,5,/Users/kimsumin/projects/RGMC/data/map/robot14/images/0761.png,/Users/kimsumin/projects/RGMC/data/map/robot14/overlays/0761_overlay.png,/Users/kimsumin/projects/RGMC/data/map/robot14/masks/0761_mask.png
762,0.871875,0.71875,0.0,254.83175965665237,412.70042918454936,1,0.0,0.03262160545152065,0.06509251188392781,1777957996.4373858,5,/Users/kimsumin/projects/RGMC/data/map/robot14/images/0762.png,/Users/kimsumin/projects/RGMC/data/map/robot14/overlays/0762_overlay.png,/Users/kimsumin/projects/RGMC/data/map/robot14/masks/0762_mask.png
763,0.8425,0.71875,0.0,254.72997522708505,398.8946502057613,1,0.0,0.056433664176975804,0.20042031469497856,1777958008.5348675,5,/Users/kimsumin/projects/RGMC/data/map/robot14/images/0763.png,/Users/kimsumin/projects/RGMC/data/map/robot14/overlays/0763_overlay.png,/Users/kimsumin/projects/RGMC/data/map/robot14/masks/0763_mask.png
764,0.813125,0.71875,0.0,254.98560541913633,385.61896697713803,1,0.0,0.04932504915977944,0.05107410766076861,1777958019.2665572,5,/Users/kimsumin/projects/RGMC/data/map/robot14/images/0764.png,/Users/kimsumin/projects/RGMC/data/map/robot14/overlays/0764_overlay.png,/Users/kimsumin/projects/RGMC/data/map/robot14/masks/0764_mask.png
765,0.78375,0.71875,0.0,255.07218309859155,372.2794376098418,1,0.0,0.028255200577779756,0.05786714605923096,1777958029.9300673,5,/Users/kimsumin/projects/RGMC/data/map/robot14/images/0765.png,/Users/kimsumin/projects/RGMC/data/map/robot14/overlays/0765_overlay.png,/Users/kimsumin/projects/RGMC/data/map/robot14/masks/0765_mask.png
766,0.754375,0.71875,0.0,255.18127147766322,357.85395189003435,1,0.0,0.04755312768134814,0.0636586200928973,1777958040.6775856,5,/Users/kimsumin/projects/RGMC/data/map/robot14/images/0766.png,/Users/kimsumin/projects/RGMC/data/map/robot14/overlays/0766_overlay.png,/Users/kimsumin/projects/RGMC/data/map/robot14/masks/0766_mask.png
767,0.725,0.71875,0.0,255.5615114235501,344.9550173010381,1,0.0,0.026678381825381438,0.06849100180883468,1777958051.4207287,5,/Users/kimsumin/projects/RGMC/data/map/robot14/images/0767.png,/Users/kimsumin/projects/RGMC/data/map/robot14/overlays/0767_overlay.png,/Users/kimsumin/projects/RGMC/data/map/robot14/masks/0767_mask.png
768,0.6956249999999999,0.71875,0.0,255.02443280977312,331.4379947229551,1,0.0,0.24468737242857533,0.09793874206477243,1777958062.286141,5,/Users/kimsumin/projects/RGMC/data/map/robot14/images/0768.png,/Users/kimsumin/projects/RGMC/data/map/robot14/overlays/0768_overlay.png,/Users/kimsumin/projects/RGMC/data/map/robot14/masks/0768_mask.png
769,0.66625,0.71875,0.0,255.61101549053356,318.07112253641816,1,0.0,0.020420164593509683,0.03131842355603098,1777958073.2331016,5,/Users/kimsumin/projects/RGMC/data/map/robot14/images/0769.png,/Users/kimsumin/projects/RGMC/data/map/robot14/overlays/0769_overlay.png,/Users/kimsumin/projects/RGMC/data/map/robot14/masks/0769_mask.png
770,0.636875,0.71875,0.0,255.74064403829416,305.1575282854656,1,0.0,0.02638021063064684,0.040913756385824326,1777958083.9836223,5,/Users/kimsumin/projects/RGMC/data/map/robot14/images/0770.png,/Users/kimsumin/projects/RGMC/data/map/robot14/overlays/0770_overlay.png,/Users/kimsumin/projects/RGMC/data/map/robot14/masks/0770_mask.png
771,0.6074999999999999,0.71875,0.0,256.0201096892139,291.5729927007299,1,0.0,0.05222864051720897,0.05212903067478334,1777958094.95025,5,/Users/kimsumin/projects/RGMC/data/map/robot14/images/0771.png,/Users/kimsumin/projects/RGMC/data/map/robot14/overlays/0771_overlay.png,/Users/kimsumin/projects/RGMC/data/map/robot14/masks/0771_mask.png
772,0.578125,0.71875,0.0,255.58457493426818,278.2315789473684,1,0.0,0.11102632425588298,0.03056930827623879,1777958105.6916292,5,/Users/kimsumin/projects/RGMC/data/map/robot14/images/0772.png,/Users/kimsumin/projects/RGMC/data/map/robot14/overlays/0772_overlay.png,/Users/kimsumin/projects/RGMC/data/map/robot14/masks/0772_mask.png
773,0.54875,0.71875,0.0,256.6946160635481,264.9742679680568,1,0.0,0.1619676851303576,0.10226755592350788,1777958116.4519117,5,/Users/kimsumin/projects/RGMC/data/map/robot14/images/0773.png,/Users/kimsumin/projects/RGMC/data/map/robot14/overlays/0773_overlay.png,/Users/kimsumin/projects/RGMC/data/map/robot14/masks/0773_mask.png
774,0.5193749999999999,0.71875,0.0,255.92347826086956,252.26846220677672,1,0.0,0.03423938462650383,0.2800651235593019,1777958127.2148693,5,/Users/kimsumin/projects/RGMC/data/map/robot14/images/0774.png,/Users/kimsumin/projects/RGMC/data/map/robot14/overlays/0774_overlay.png,/Users/kimsumin/projects/RGMC/data/map/robot14/masks/0774_mask.png
775,0.49,0.71875,0.0,256.4121679520137,238.45609548167093,1,0.0,0.08654104273284517,0.07544561733920686,1777958138.0474148,5,/Users/kimsumin/projects/RGMC/data/map/robot14/images/0775.png,/Users/kimsumin/projects/RGMC/data/map/robot14/overlays/0775_overlay.png,/Users/kimsumin/projects/RGMC/data/map/robot14/masks/0775_mask.png
776,0.460625,0.71875,0.0,256.6637089618456,225.35847382431234,1,0.0,0.11362747494438552,0.09756642889698137,1777958149.1060255,5,/Users/kimsumin/projects/RGMC/data/map/robot14/images/0776.png,/Users/kimsumin/projects/RGMC/data/map/robot14/overlays/0776_overlay.png,/Users/kimsumin/projects/RGMC/data/map/robot14/masks/0776_mask.png
777,0.43125,0.71875,0.0,256.715162138475,212.30967169476486,1,0.0,0.06640897784589257,0.06889852276276912,1777958160.158643,5,/Users/kimsumin/projects/RGMC/data/map/robot14/images/0777.png,/Users/kimsumin/projects/RGMC/data/map/robot14/overlays/0777_overlay.png,/Users/kimsumin/projects/RGMC/data/map/robot14/masks/0777_mask.png
778,0.401875,0.71875,0.0,257.8128606760099,198.44224422442244,1,0.0,0.0877146632809988,0.07443951646966379,1777958171.2267,5,/Users/kimsumin/projects/RGMC/data/map/robot14/images/0778.png,/Users/kimsumin/projects/RGMC/data/map/robot14/overlays/0778_overlay.png,/Users/kimsumin/projects/RGMC/data/map/robot14/masks/0778_mask.png
779,0.3725,0.71875,0.0,257.3986135181976,185.4373356704645,1,0.0,0.1035846666937585,0.07123268513473982,1777958182.4895966,5,/Users/kimsumin/projects/RGMC/data/map/robot14/images/0779.png,/Users/kimsumin/projects/RGMC/data/map/robot14/overlays/0779_overlay.png,/Users/kimsumin/projects/RGMC/data/map/robot14/masks/0779_mask.png
780,0.343125,0.71875,0.0,257.428219852338,172.78671041837572,1,0.0,0.0689569287151797,0.05557070390516534,1777958193.9824057,5,/Users/kimsumin/projects/RGMC/data/map/robot14/images/0780.png,/Users/kimsumin/projects/RGMC/data/map/robot14/overlays/0780_overlay.png,/Users/kimsumin/projects/RGMC/data/map/robot14/masks/0780_mask.png
781,0.31375,0.71875,0.0,257.47639484978544,158.71807628524047,1,0.0,0.030676335802130857,0.35586086422093605,1777958204.8841846,5,/Users/kimsumin/projects/RGMC/data/map/robot14/images/0781.png,/Users/kimsumin/projects/RGMC/data/map/robot14/overlays/0781_overlay.png,/Users/kimsumin/projects/RGMC/data/map/robot14/masks/0781_mask.png
782,0.284375,0.71875,0.0,257.68950930626056,146.13028764805415,1,0.0,0.09161644111682284,0.077485626007067,1777958215.9887516,5,/Users/kimsumin/projects/RGMC/data/map/robot14/images/0782.png,/Users/kimsumin/projects/RGMC/data/map/robot14/overlays/0782_overlay.png,/Users/kimsumin/projects/RGMC/data/map/robot14/masks/0782_mask.png
783,0.255,0.71875,0.0,258.0819536423841,132.87520661157023,1,0.0,0.05402856563020507,0.0471861491658692,1777958226.7291653,5,/Users/kimsumin/projects/RGMC/data/map/robot14/images/0783.png,/Users/kimsumin/projects/RGMC/data/map/robot14/overlays/0783_overlay.png,/Users/kimsumin/projects/RGMC/data/map/robot14/masks/0783_mask.png
784,0.225625,0.71875,0.0,258.0800681431005,119.70865467009426,1,0.0,0.06193702504320064,0.07624899721716231,1777958237.577601,5,/Users/kimsumin/projects/RGMC/data/map/robot14/images/0784.png,/Users/kimsumin/projects/RGMC/data/map/robot14/overlays/0784_overlay.png,/Users/kimsumin/projects/RGMC/data/map/robot14/masks/0784_mask.png
785,0.19624999999999998,0.71875,0.0,257.98605414273993,106.08477366255144,1,0.0,0.049498898798907724,0.36356130676680254,1777958248.751953,5,/Users/kimsumin/projects/RGMC/data/map/robot14/images/0785.png,/Users/kimsumin/projects/RGMC/data/map/robot14/overlays/0785_overlay.png,/Users/kimsumin/projects/RGMC/data/map/robot14/masks/0785_mask.png
786,0.16687499999999997,0.71875,0.0,257.9519469759735,93.04564315352697,1,0.0,0.07888681825366281,0.10288038315280984,1777958259.7135193,5,/Users/kimsumin/projects/RGMC/data/map/robot14/images/0786.png,/Users/kimsumin/projects/RGMC/data/map/robot14/overlays/0786_overlay.png,/Users/kimsumin/projects/RGMC/data/map/robot14/masks/0786_mask.png
787,0.13749999999999998,0.71875,0.0,257.8866498740554,79.6528365791702,1,0.0,0.04246853263263617,0.08775396855288518,1777958271.685543,5,/Users/kimsumin/projects/RGMC/data/map/robot14/images/0787.png,/Users/kimsumin/projects/RGMC/data/map/robot14/overlays/0787_overlay.png,/Users/kimsumin/projects/RGMC/data/map/robot14/masks/0787_mask.png
788,0.108125,0.71875,0.0,257.85084202085005,66.00882117080994,1,0.0,0.07460756524228172,0.08914359563427322,1777958282.5373657,5,/Users/kimsumin/projects/RGMC/data/map/robot14/images/0788.png,/Users/kimsumin/projects/RGMC/data/map/robot14/overlays/0788_overlay.png,/Users/kimsumin/projects/RGMC/data/map/robot14/masks/0788_mask.png
789,0.07875,0.71875,0.0,257.7657370517928,53.06613545816733,1,0.0,0.05565854000659274,0.057451721581636396,1777958293.5196574,5,/Users/kimsumin/projects/RGMC/data/map/robot14/images/0789.png,/Users/kimsumin/projects/RGMC/data/map/robot14/overlays/0789_overlay.png,/Users/kimsumin/projects/RGMC/data/map/robot14/masks/0789_mask.png
790,0.049375,0.71875,0.0,258.3155737704918,38.65052461662631,1,0.0,0.04645817853323706,0.09686721897371564,1777958304.3519979,5,/Users/kimsumin/projects/RGMC/data/map/robot14/images/0790.png,/Users/kimsumin/projects/RGMC/data/map/robot14/overlays/0790_overlay.png,/Users/kimsumin/projects/RGMC/data/map/robot14/masks/0790_mask.png
791,0.02,0.71875,0.0,259.206228956229,25.579526226734348,1,0.0,0.07807824588966726,0.07975460604886346,1777958315.326595,5,/Users/kimsumin/projects/RGMC/data/map/robot14/images/0791.png,/Users/kimsumin/projects/RGMC/data/map/robot14/overlays/0791_overlay.png,/Users/kimsumin/projects/RGMC/data/map/robot14/masks/0791_mask.png
792,0.02,0.75,0.0,244.7657004830918,25.592413236481033,1,0.0,0.027665988817125734,0.05695591816882374,1777958326.2612534,5,/Users/kimsumin/projects/RGMC/data/map/robot14/images/0792.png,/Users/kimsumin/projects/RGMC/data/map/robot14/overlays/0792_overlay.png,/Users/kimsumin/projects/RGMC/data/map/robot14/masks/0792_mask.png
793,0.049375,0.75,0.0,244.33279742765274,38.317524115755624,1,0.0,0.06445377986977484,0.047937015943319734,1777958337.012068,5,/Users/kimsumin/projects/RGMC/data/map/robot14/images/0793.png,/Users/kimsumin/projects/RGMC/data/map/robot14/overlays/0793_overlay.png,/Users/kimsumin/projects/RGMC/data/map/robot14/masks/0793_mask.png
794,0.07875,0.75,0.0,244.3398058252427,52.44189852700491,1,0.0,0.07511251315121766,0.327398573156388,1777958347.6678596,5,/Users/kimsumin/projects/RGMC/data/map/robot14/images/0794.png,/Users/kimsumin/projects/RGMC/data/map/robot14/overlays/0794_overlay.png,/Users/kimsumin/projects/RGMC/data/map/robot14/masks/0794_mask.png
795,0.108125,0.75,0.0,244.3336032388664,65.02019386106623,1,0.0,0.02062024030105626,0.025300297131699297,1777958358.4211495,5,/Users/kimsumin/projects/RGMC/data/map/robot14/images/0795.png,/Users/kimsumin/projects/RGMC/data/map/robot14/overlays/0795_overlay.png,/Users/kimsumin/projects/RGMC/data/map/robot14/masks/0795_mask.png
796,0.13749999999999998,0.75,0.0,243.664147774979,78.20990764063812,1,0.0,0.2839797795783861,0.1102349611688445,1777958369.1858077,5,/Users/kimsumin/projects/RGMC/data/map/robot14/images/0796.png,/Users/kimsumin/projects/RGMC/data/map/robot14/overlays/0796_overlay.png,/Users/kimsumin/projects/RGMC/data/map/robot14/masks/0796_mask.png
797,0.16687499999999997,0.75,0.0,243.57431838170623,92.14818101153504,1,0.0,0.038701261362532886,0.06866960502605408,1777958379.931184,5,/Users/kimsumin/projects/RGMC/data/map/robot14/images/0797.png,/Users/kimsumin/projects/RGMC/data/map/robot14/overlays/0797_overlay.png,/Users/kimsumin/projects/RGMC/data/map/robot14/masks/0797_mask.png
798,0.19624999999999998,0.75,0.0,243.52875536480687,105.1265930331351,1,0.0,0.05370959648271912,0.03868985059342032,1777958390.6776404,5,/Users/kimsumin/projects/RGMC/data/map/robot14/images/0798.png,/Users/kimsumin/projects/RGMC/data/map/robot14/overlays/0798_overlay.png,/Users/kimsumin/projects/RGMC/data/map/robot14/masks/0798_mask.png
799,0.225625,0.75,0.0,243.7688399661304,118.06492411467116,1,0.0,0.03794478709260109,0.041801738154543924,1777958401.5430443,5,/Users/kimsumin/projects/RGMC/data/map/robot14/images/0799.png,/Users/kimsumin/projects/RGMC/data/map/robot14/overlays/0799_overlay.png,/Users/kimsumin/projects/RGMC/data/map/robot14/masks/0799_mask.png
800,0.255,0.75,0.0,243.65535248041775,132.03225806451613,1,0.0,0.03170481879114534,0.06555537105105992,1777958412.2764716,5,/Users/kimsumin/projects/RGMC/data/map/robot14/images/0800.png,/Users/kimsumin/projects/RGMC/data/map/robot14/overlays/0800_overlay.png,/Users/kimsumin/projects/RGMC/data/map/robot14/masks/0800_mask.png
801,0.284375,0.75,0.0,243.48418277680142,145.34649122807016,1,0.0,0.047520524036798614,0.06624198168432166,1777958423.0336874,5,/Users/kimsumin/projects/RGMC/data/map/robot14/images/0801.png,/Users/kimsumin/projects/RGMC/data/map/robot14/overlays/0801_overlay.png,/Users/kimsumin/projects/RGMC/data/map/robot14/masks/0801_mask.png
802,0.31375,0.75,0.0,243.326198630137,157.78387650085764,1,0.0,0.023336951206664836,0.05357831015154063,1777958434.3970673,5,/Users/kimsumin/projects/RGMC/data/map/robot14/images/0802.png,/Users/kimsumin/projects/RGMC/data/map/robot14/overlays/0802_overlay.png,/Users/kimsumin/projects/RGMC/data/map/robot14/masks/0802_mask.png
803,0.343125,0.75,0.0,243.10071942446044,171.6248872858431,1,0.0,0.03381461032356042,0.10559695004004856,1777958445.366746,5,/Users/kimsumin/projects/RGMC/data/map/robot14/images/0803.png,/Users/kimsumin/projects/RGMC/data/map/robot14/overlays/0803_overlay.png,/Users/kimsumin/projects/RGMC/data/map/robot14/masks/0803_mask.png
804,0.3725,0.75,0.0,243.06026200873362,184.89759572573465,1,0.0,0.03412393699618803,0.07618195487554578,1777958456.1030617,5,/Users/kimsumin/projects/RGMC/data/map/robot14/images/0804.png,/Users/kimsumin/projects/RGMC/data/map/robot14/overlays/0804_overlay.png,/Users/kimsumin/projects/RGMC/data/map/robot14/masks/0804_mask.png
805,0.401875,0.75,0.0,243.12864493996568,197.9142857142857,1,0.0,0.06749326770147084,0.0641717009793759,1777958467.6790948,5,/Users/kimsumin/projects/RGMC/data/map/robot14/images/0805.png,/Users/kimsumin/projects/RGMC/data/map/robot14/overlays/0805_overlay.png,/Users/kimsumin/projects/RGMC/data/map/robot14/masks/0805_mask.png
806,0.43125,0.75,0.0,242.72241379310344,210.77221742881795,1,0.0,0.04612580825331767,0.056879645016972846,1777958478.832202,5,/Users/kimsumin/projects/RGMC/data/map/robot14/images/0806.png,/Users/kimsumin/projects/RGMC/data/map/robot14/overlays/0806_overlay.png,/Users/kimsumin/projects/RGMC/data/map/robot14/masks/0806_mask.png
807,0.460625,0.75,0.0,242.87608318890815,224.92670157068062,1,0.0,0.06905216493621416,0.0808665090233401,1777958489.7945428,5,/Users/kimsumin/projects/RGMC/data/map/robot14/images/0807.png,/Users/kimsumin/projects/RGMC/data/map/robot14/overlays/0807_overlay.png,/Users/kimsumin/projects/RGMC/data/map/robot14/masks/0807_mask.png
808,0.49,0.75,0.0,242.00651996740015,237.81499592502038,1,0.0,0.49833218583680344,0.08782435235205983,1777958500.5398526,5,/Users/kimsumin/projects/RGMC/data/map/robot14/images/0808.png,/Users/kimsumin/projects/RGMC/data/map/robot14/overlays/0808_overlay.png,/Users/kimsumin/projects/RGMC/data/map/robot14/masks/0808_mask.png
809,0.5193749999999999,0.75,0.0,242.80244755244755,250.75573192239858,1,0.0,0.07120981555171556,0.030762465311553192,1777958511.2941103,5,/Users/kimsumin/projects/RGMC/data/map/robot14/images/0809.png,/Users/kimsumin/projects/RGMC/data/map/robot14/overlays/0809_overlay.png,/Users/kimsumin/projects/RGMC/data/map/robot14/masks/0809_mask.png
810,0.54875,0.75,0.0,242.79038112522687,264.1361161524501,1,0.0,0.07392587996677331,0.05903180467808217,1777958521.9497058,5,/Users/kimsumin/projects/RGMC/data/map/robot14/images/0810.png,/Users/kimsumin/projects/RGMC/data/map/robot14/overlays/0810_overlay.png,/Users/kimsumin/projects/RGMC/data/map/robot14/masks/0810_mask.png
811,0.578125,0.75,0.0,241.45711906744378,277.5437293729373,1,0.0,0.06807453859333665,0.12584230420317352,1777958532.7987337,5,/Users/kimsumin/projects/RGMC/data/map/robot14/images/0811.png,/Users/kimsumin/projects/RGMC/data/map/robot14/overlays/0811_overlay.png,/Users/kimsumin/projects/RGMC/data/map/robot14/masks/0811_mask.png
812,0.6074999999999999,0.75,0.0,241.37966985230236,291.40521739130435,1,0.0,0.031462586301534236,0.021470009430186603,1777958543.655352,5,/Users/kimsumin/projects/RGMC/data/map/robot14/images/0812.png,/Users/kimsumin/projects/RGMC/data/map/robot14/overlays/0812_overlay.png,/Users/kimsumin/projects/RGMC/data/map/robot14/masks/0812_mask.png
813,0.636875,0.75,0.0,241.1563025210084,304.6204869857263,1,0.0,0.0581105920169826,0.03345322868768747,1777958554.6214294,5,/Users/kimsumin/projects/RGMC/data/map/robot14/images/0813.png,/Users/kimsumin/projects/RGMC/data/map/robot14/overlays/0813_overlay.png,/Users/kimsumin/projects/RGMC/data/map/robot14/masks/0813_mask.png
814,0.66625,0.75,0.0,241.37772194304858,317.6543933054393,1,0.0,0.09921562209113675,0.043907961767385664,1777958565.668618,5,/Users/kimsumin/projects/RGMC/data/map/robot14/images/0814.png,/Users/kimsumin/projects/RGMC/data/map/robot14/overlays/0814_overlay.png,/Users/kimsumin/projects/RGMC/data/map/robot14/masks/0814_mask.png
815,0.6956249999999999,0.75,0.0,241.33275713050995,331.36260869565217,1,0.0,0.03142288360576996,0.028856542121623183,1777958576.427953,5,/Users/kimsumin/projects/RGMC/data/map/robot14/images/0815.png,/Users/kimsumin/projects/RGMC/data/map/robot14/overlays/0815_overlay.png,/Users/kimsumin/projects/RGMC/data/map/robot14/masks/0815_mask.png
816,0.725,0.75,0.0,241.0,344.6424914675768,1,0.0,0.06292788090281813,0.08246444817087596,1777958587.2876966,5,/Users/kimsumin/projects/RGMC/data/map/robot14/images/0816.png,/Users/kimsumin/projects/RGMC/data/map/robot14/overlays/0816_overlay.png,/Users/kimsumin/projects/RGMC/data/map/robot14/masks/0816_mask.png
817,0.754375,0.75,0.0,240.83828382838283,357.7415359207267,1,0.0,0.07598619936516007,0.03204925778838478,1777958598.0615625,5,/Users/kimsumin/projects/RGMC/data/map/robot14/images/0817.png,/Users/kimsumin/projects/RGMC/data/map/robot14/overlays/0817_overlay.png,/Users/kimsumin/projects/RGMC/data/map/robot14/masks/0817_mask.png
818,0.78375,0.75,0.0,240.5971283783784,371.72331340734416,1,0.0,0.05179344307509665,0.10031877515618112,1777958609.0935,5,/Users/kimsumin/projects/RGMC/data/map/robot14/images/0818.png,/Users/kimsumin/projects/RGMC/data/map/robot14/overlays/0818_overlay.png,/Users/kimsumin/projects/RGMC/data/map/robot14/masks/0818_mask.png
819,0.813125,0.75,0.0,240.38674496644296,384.9521812080537,1,0.0,0.07094379873034169,0.05434260360997737,1777958619.7375584,5,/Users/kimsumin/projects/RGMC/data/map/robot14/images/0819.png,/Users/kimsumin/projects/RGMC/data/map/robot14/overlays/0819_overlay.png,/Users/kimsumin/projects/RGMC/data/map/robot14/masks/0819_mask.png
820,0.8425,0.75,0.0,240.45816072908036,397.9766860949209,1,0.0,0.07793990812697926,0.029388404077843155,1777958630.4912665,5,/Users/kimsumin/projects/RGMC/data/map/robot14/images/0820.png,/Users/kimsumin/projects/RGMC/data/map/robot14/overlays/0820_overlay.png,/Users/kimsumin/projects/RGMC/data/map/robot14/masks/0820_mask.png
821,0.871875,0.75,0.0,240.37113402061857,412.0204953031597,1,0.0,0.19430908495876656,0.06434390047330016,1777958641.5469933,5,/Users/kimsumin/projects/RGMC/data/map/robot14/images/0821.png,/Users/kimsumin/projects/RGMC/data/map/robot14/overlays/0821_overlay.png,/Users/kimsumin/projects/RGMC/data/map/robot14/masks/0821_mask.png
822,0.90125,0.75,0.0,239.84503424657535,425.27497865072587,1,0.0,0.07676176420604218,0.07290429019306577,1777958652.3030114,5,/Users/kimsumin/projects/RGMC/data/map/robot14/images/0822.png,/Users/kimsumin/projects/RGMC/data/map/robot14/overlays/0822_overlay.png,/Users/kimsumin/projects/RGMC/data/map/robot14/masks/0822_mask.png
823,0.9306249999999999,0.75,0.0,240.08270042194093,438.0142378559464,1,0.0,0.21681038497995608,0.023650566185914972,1777958663.069689,5,/Users/kimsumin/projects/RGMC/data/map/robot14/images/0823.png,/Users/kimsumin/projects/RGMC/data/map/robot14/overlays/0823_overlay.png,/Users/kimsumin/projects/RGMC/data/map/robot14/masks/0823_mask.png
824,0.96,0.75,0.0,239.77120141342755,452.36266666666666,1,0.0,0.04232118393663735,0.09166810717286378,1777958674.3232982,5,/Users/kimsumin/projects/RGMC/data/map/robot14/images/0824.png,/Users/kimsumin/projects/RGMC/data/map/robot14/overlays/0824_overlay.png,/Users/kimsumin/projects/RGMC/data/map/robot14/masks/0824_mask.png
825,0.96,0.78125,0.0,225.63189143341816,451.89228159457167,1,0.0,0.04976387942563228,0.03296516713673097,1777958685.0710711,5,/Users/kimsumin/projects/RGMC/data/map/robot14/images/0825.png,/Users/kimsumin/projects/RGMC/data/map/robot14/overlays/0825_overlay.png,/Users/kimsumin/projects/RGMC/data/map/robot14/masks/0825_mask.png
826,0.9306249999999999,0.78125,0.0,225.57514216084485,438.30625507717303,1,0.0,0.03413434692631689,0.011117800107474072,1777958695.8374422,5,/Users/kimsumin/projects/RGMC/data/map/robot14/images/0826.png,/Users/kimsumin/projects/RGMC/data/map/robot14/overlays/0826_overlay.png,/Users/kimsumin/projects/RGMC/data/map/robot14/masks/0826_mask.png
827,0.90125,0.78125,0.0,225.54970760233917,425.3574432296047,1,0.0,0.09298972871279385,0.049984233395609715,1777958706.596556,5,/Users/kimsumin/projects/RGMC/data/map/robot14/images/0827.png,/Users/kimsumin/projects/RGMC/data/map/robot14/overlays/0827_overlay.png,/Users/kimsumin/projects/RGMC/data/map/robot14/masks/0827_mask.png
828,0.871875,0.78125,0.0,225.65246449456976,412.4661654135338,1,0.0,0.07513122804250584,0.028018337796596727,1777958717.3060436,5,/Users/kimsumin/projects/RGMC/data/map/robot14/images/0828.png,/Users/kimsumin/projects/RGMC/data/map/robot14/overlays/0828_overlay.png,/Users/kimsumin/projects/RGMC/data/map/robot14/masks/0828_mask.png
829,0.8425,0.78125,0.0,225.75784392598553,398.55023923444975,1,0.0,0.0602824997652348,0.16745153665485407,1777958728.0786707,5,/Users/kimsumin/projects/RGMC/data/map/robot14/images/0829.png,/Users/kimsumin/projects/RGMC/data/map/robot14/overlays/0829_overlay.png,/Users/kimsumin/projects/RGMC/data/map/robot14/masks/0829_mask.png
830,0.813125,0.78125,0.0,225.6109243697479,385.22240802675583,1,0.0,0.0542457361848231,0.05712470791884424,1777958739.2389085,5,/Users/kimsumin/projects/RGMC/data/map/robot14/images/0830.png,/Users/kimsumin/projects/RGMC/data/map/robot14/overlays/0830_overlay.png,/Users/kimsumin/projects/RGMC/data/map/robot14/masks/0830_mask.png
831,0.78375,0.78125,0.0,225.95162635529607,372.0798668885191,1,0.0,0.07422813334830067,0.14975122412458378,1777958749.991403,5,/Users/kimsumin/projects/RGMC/data/map/robot14/images/0831.png,/Users/kimsumin/projects/RGMC/data/map/robot14/overlays/0831_overlay.png,/Users/kimsumin/projects/RGMC/data/map/robot14/masks/0831_mask.png
832,0.754375,0.78125,0.0,226.0064620355412,358.108239095315,1,0.0,0.06816622416535575,0.0544746955257811,1777958760.7480726,5,/Users/kimsumin/projects/RGMC/data/map/robot14/images/0832.png,/Users/kimsumin/projects/RGMC/data/map/robot14/overlays/0832_overlay.png,/Users/kimsumin/projects/RGMC/data/map/robot14/masks/0832_mask.png
833,0.725,0.78125,0.0,226.53191489361703,345.1336170212766,1,0.0,0.05571033219251826,0.05003673178419244,1777958772.6278281,5,/Users/kimsumin/projects/RGMC/data/map/robot14/images/0833.png,/Users/kimsumin/projects/RGMC/data/map/robot14/overlays/0833_overlay.png,/Users/kimsumin/projects/RGMC/data/map/robot14/masks/0833_mask.png
834,0.6956249999999999,0.78125,0.0,226.1884176182708,332.1941422594142,1,0.0,0.01411167585753548,0.30016045457177676,1777958783.3741853,5,/Users/kimsumin/projects/RGMC/data/map/robot14/images/0834.png,/Users/kimsumin/projects/RGMC/data/map/robot14/overlays/0834_overlay.png,/Users/kimsumin/projects/RGMC/data/map/robot14/masks/0834_mask.png
835,0.66625,0.78125,0.0,226.81632653061226,317.78401360544217,1,0.0,0.05702439376049848,0.04122593208229053,1777958794.6453032,5,/Users/kimsumin/projects/RGMC/data/map/robot14/images/0835.png,/Users/kimsumin/projects/RGMC/data/map/robot14/overlays/0835_overlay.png,/Users/kimsumin/projects/RGMC/data/map/robot14/masks/0835_mask.png
836,0.636875,0.78125,0.0,227.03376623376624,304.57439446366783,1,0.0,0.024715927842058758,0.10367672940942449,1777958806.2346902,5,/Users/kimsumin/projects/RGMC/data/map/robot14/images/0836.png,/Users/kimsumin/projects/RGMC/data/map/robot14/overlays/0836_overlay.png,/Users/kimsumin/projects/RGMC/data/map/robot14/masks/0836_mask.png
837,0.6074999999999999,0.78125,0.0,227.30366972477063,291.1651376146789,1,0.0,0.04134780267045705,0.19005536211489227,1777958817.0726671,5,/Users/kimsumin/projects/RGMC/data/map/robot14/images/0837.png,/Users/kimsumin/projects/RGMC/data/map/robot14/overlays/0837_overlay.png,/Users/kimsumin/projects/RGMC/data/map/robot14/masks/0837_mask.png
838,0.578125,0.78125,0.0,227.26333907056798,277.8835202761001,1,0.0,0.04065824215884563,0.04009698601198583,1777958828.1529949,5,/Users/kimsumin/projects/RGMC/data/map/robot14/images/0838.png,/Users/kimsumin/projects/RGMC/data/map/robot14/overlays/0838_overlay.png,/Users/kimsumin/projects/RGMC/data/map/robot14/masks/0838_mask.png
839,0.54875,0.78125,0.0,227.46394439617723,264.8149435273675,1,0.0,0.08507461970395645,0.10373824071664886,1777958839.1782973,5,/Users/kimsumin/projects/RGMC/data/map/robot14/images/0839.png,/Users/kimsumin/projects/RGMC/data/map/robot14/overlays/0839_overlay.png,/Users/kimsumin/projects/RGMC/data/map/robot14/masks/0839_mask.png
840,0.5193749999999999,0.78125,0.0,227.38237885462556,251.97321428571428,1,0.0,0.021093131628127197,0.39224905426745094,1777958851.6762078,5,/Users/kimsumin/projects/RGMC/data/map/robot14/images/0840.png,/Users/kimsumin/projects/RGMC/data/map/robot14/overlays/0840_overlay.png,/Users/kimsumin/projects/RGMC/data/map/robot14/masks/0840_mask.png
841,0.49,0.78125,0.0,227.4862385321101,238.41569282136894,1,0.0,0.037608873275605775,0.029153470564352687,1777958863.4488633,5,/Users/kimsumin/projects/RGMC/data/map/robot14/images/0841.png,/Users/kimsumin/projects/RGMC/data/map/robot14/overlays/0841_overlay.png,/Users/kimsumin/projects/RGMC/data/map/robot14/masks/0841_mask.png
842,0.460625,0.78125,0.0,227.59899749373434,225.40840336134454,1,0.0,0.04165064254911234,0.0660956764561862,1777958874.4131272,5,/Users/kimsumin/projects/RGMC/data/map/robot14/images/0842.png,/Users/kimsumin/projects/RGMC/data/map/robot14/overlays/0842_overlay.png,/Users/kimsumin/projects/RGMC/data/map/robot14/masks/0842_mask.png
843,0.43125,0.78125,0.0,227.68651778329198,211.90961380443713,1,0.0,0.0531441273424889,0.3294200762135476,1777958885.1687224,5,/Users/kimsumin/projects/RGMC/data/map/robot14/images/0843.png,/Users/kimsumin/projects/RGMC/data/map/robot14/overlays/0843_overlay.png,/Users/kimsumin/projects/RGMC/data/map/robot14/masks/0843_mask.png
844,0.401875,0.78125,0.0,228.03875968992247,197.9580479452055,1,0.0,0.13475162734893417,0.0668056467426038,1777958896.0085685,5,/Users/kimsumin/projects/RGMC/data/map/robot14/images/0844.png,/Users/kimsumin/projects/RGMC/data/map/robot14/overlays/0844_overlay.png,/Users/kimsumin/projects/RGMC/data/map/robot14/masks/0844_mask.png
845,0.3725,0.78125,0.0,228.12139737991265,185.16943231441047,1,0.0,0.058649325391104394,0.04633452863266999,1777958906.774767,5,/Users/kimsumin/projects/RGMC/data/map/robot14/images/0845.png,/Users/kimsumin/projects/RGMC/data/map/robot14/overlays/0845_overlay.png,/Users/kimsumin/projects/RGMC/data/map/robot14/masks/0845_mask.png
846,0.343125,0.78125,0.0,228.36462093862815,172.14236706689536,1,0.0,0.3009765329975022,0.14288191272240225,1777958917.5341508,5,/Users/kimsumin/projects/RGMC/data/map/robot14/images/0846.png,/Users/kimsumin/projects/RGMC/data/map/robot14/overlays/0846_overlay.png,/Users/kimsumin/projects/RGMC/data/map/robot14/masks/0846_mask.png
847,0.31375,0.78125,0.0,228.3530950305144,158.0261551874455,1,0.0,0.12357966107405545,0.04440297584322817,1777958928.2700608,5,/Users/kimsumin/projects/RGMC/data/map/robot14/images/0847.png,/Users/kimsumin/projects/RGMC/data/map/robot14/overlays/0847_overlay.png,/Users/kimsumin/projects/RGMC/data/map/robot14/masks/0847_mask.png
848,0.284375,0.78125,0.0,228.49688334817452,145.4238646482636,1,0.0,0.02079992309931542,0.04405817126732452,1777958939.0285385,5,/Users/kimsumin/projects/RGMC/data/map/robot14/images/0848.png,/Users/kimsumin/projects/RGMC/data/map/robot14/overlays/0848_overlay.png,/Users/kimsumin/projects/RGMC/data/map/robot14/masks/0848_mask.png
849,0.255,0.78125,0.0,229.52148272957035,132.3288250211327,1,0.0,0.037186966475834284,0.07992649703899404,1777958949.9822512,5,/Users/kimsumin/projects/RGMC/data/map/robot14/images/0849.png,/Users/kimsumin/projects/RGMC/data/map/robot14/overlays/0849_overlay.png,/Users/kimsumin/projects/RGMC/data/map/robot14/masks/0849_mask.png
850,0.225625,0.78125,0.0,229.34750613246115,118.25549227013832,1,0.0,0.08546284625929179,0.08849327545590646,1777958960.935701,5,/Users/kimsumin/projects/RGMC/data/map/robot14/images/0850.png,/Users/kimsumin/projects/RGMC/data/map/robot14/overlays/0850_overlay.png,/Users/kimsumin/projects/RGMC/data/map/robot14/masks/0850_mask.png
851,0.19624999999999998,0.78125,0.0,229.2757774140753,105.32324058919804,1,0.0,0.06295135702431948,0.039016220783378894,1777958971.7816973,5,/Users/kimsumin/projects/RGMC/data/map/robot14/images/0851.png,/Users/kimsumin/projects/RGMC/data/map/robot14/overlays/0851_overlay.png,/Users/kimsumin/projects/RGMC/data/map/robot14/masks/0851_mask.png
852,0.16687499999999997,0.78125,0.0,229.72689425478768,92.36317991631799,1,0.0,0.06682499450701525,0.043948555669853784,1777958982.5401416,5,/Users/kimsumin/projects/RGMC/data/map/robot14/images/0852.png,/Users/kimsumin/projects/RGMC/data/map/robot14/overlays/0852_overlay.png,/Users/kimsumin/projects/RGMC/data/map/robot14/masks/0852_mask.png
853,0.13749999999999998,0.78125,0.0,229.55118755118755,78.0827129859388,1,0.0,0.027368760451518603,0.04568130716377619,1777958993.2952716,5,/Users/kimsumin/projects/RGMC/data/map/robot14/images/0853.png,/Users/kimsumin/projects/RGMC/data/map/robot14/overlays/0853_overlay.png,/Users/kimsumin/projects/RGMC/data/map/robot14/masks/0853_mask.png
854,0.108125,0.78125,0.0,229.94330320460148,65.39655172413794,1,0.0,0.053130598330165216,0.05978867374000393,1777959004.1463938,5,/Users/kimsumin/projects/RGMC/data/map/robot14/images/0854.png,/Users/kimsumin/projects/RGMC/data/map/robot14/overlays/0854_overlay.png,/Users/kimsumin/projects/RGMC/data/map/robot14/masks/0854_mask.png
855,0.07875,0.78125,0.0,229.94269102990035,52.23904052936311,1,0.0,0.021816316551658728,0.04117484348444544,1777959014.9102638,5,/Users/kimsumin/projects/RGMC/data/map/robot14/images/0855.png,/Users/kimsumin/projects/RGMC/data/map/robot14/overlays/0855_overlay.png,/Users/kimsumin/projects/RGMC/data/map/robot14/masks/0855_mask.png
856,0.049375,0.78125,0.0,229.82233088834556,38.27205882352941,1,0.0,0.05034011562411011,0.03801937585083869,1777959025.6531215,5,/Users/kimsumin/projects/RGMC/data/map/robot14/images/0856.png,/Users/kimsumin/projects/RGMC/data/map/robot14/overlays/0856_overlay.png,/Users/kimsumin/projects/RGMC/data/map/robot14/masks/0856_mask.png
857,0.02,0.78125,0.0,230.17154471544714,25.420325203252034,1,0.0,0.03842237999888595,0.055560426544366076,1777959036.5151062,5,/Users/kimsumin/projects/RGMC/data/map/robot14/images/0857.png,/Users/kimsumin/projects/RGMC/data/map/robot14/overlays/0857_overlay.png,/Users/kimsumin/projects/RGMC/data/map/robot14/masks/0857_mask.png
858,0.02,0.8125,0.0,216.57748776508973,24.918500407497962,1,0.0,0.07255891496569043,0.043339114742787156,1777959047.3910544,5,/Users/kimsumin/projects/RGMC/data/map/robot14/images/0858.png,/Users/kimsumin/projects/RGMC/data/map/robot14/overlays/0858_overlay.png,/Users/kimsumin/projects/RGMC/data/map/robot14/masks/0858_mask.png
859,0.049375,0.8125,0.0,216.02233250620347,37.385442514474775,1,0.0,0.03793312754870337,0.011193135517582055,1777959059.5468106,5,/Users/kimsumin/projects/RGMC/data/map/robot14/images/0859.png,/Users/kimsumin/projects/RGMC/data/map/robot14/overlays/0859_overlay.png,/Users/kimsumin/projects/RGMC/data/map/robot14/masks/0859_mask.png
860,0.07875,0.8125,0.0,215.64107142857142,51.324057450628366,1,0.0,0.23468092826309844,0.06802069114113835,1777959070.3174026,5,/Users/kimsumin/projects/RGMC/data/map/robot14/images/0860.png,/Users/kimsumin/projects/RGMC/data/map/robot14/overlays/0860_overlay.png,/Users/kimsumin/projects/RGMC/data/map/robot14/masks/0860_mask.png
861,0.108125,0.8125,0.0,215.44645941278065,64.57986111111111,1,0.0,0.0498170198129228,0.06761765941224385,1777959081.0554717,5,/Users/kimsumin/projects/RGMC/data/map/robot14/images/0861.png,/Users/kimsumin/projects/RGMC/data/map/robot14/overlays/0861_overlay.png,/Users/kimsumin/projects/RGMC/data/map/robot14/masks/0861_mask.png
862,0.13749999999999998,0.8125,0.0,215.25255972696246,77.56488549618321,1,0.0,0.010333806249239902,0.0660133766724963,1777959092.1200404,5,/Users/kimsumin/projects/RGMC/data/map/robot14/images/0862.png,/Users/kimsumin/projects/RGMC/data/map/robot14/overlays/0862_overlay.png,/Users/kimsumin/projects/RGMC/data/map/robot14/masks/0862_mask.png
863,0.16687499999999997,0.8125,0.0,215.5273200346921,91.73894189071986,1,0.0,0.2833232203693422,0.02897509346359782,1777959103.7855964,5,/Users/kimsumin/projects/RGMC/data/map/robot14/images/0863.png,/Users/kimsumin/projects/RGMC/data/map/robot14/overlays/0863_overlay.png,/Users/kimsumin/projects/RGMC/data/map/robot14/masks/0863_mask.png
864,0.19624999999999998,0.8125,0.0,215.3708154506438,104.54163090128755,1,0.0,0.005639581168927735,0.03349331439644622,1777959115.5554743,5,/Users/kimsumin/projects/RGMC/data/map/robot14/images/0864.png,/Users/kimsumin/projects/RGMC/data/map/robot14/overlays/0864_overlay.png,/Users/kimsumin/projects/RGMC/data/map/robot14/masks/0864_mask.png
865,0.225625,0.8125,0.0,215.21289228159458,117.6776929601357,1,0.0,0.05635123122843524,0.0688509160076679,1777959126.221295,5,/Users/kimsumin/projects/RGMC/data/map/robot14/images/0865.png,/Users/kimsumin/projects/RGMC/data/map/robot14/overlays/0865_overlay.png,/Users/kimsumin/projects/RGMC/data/map/robot14/masks/0865_mask.png
866,0.255,0.8125,0.0,215.40864960282437,131.79808529155787,1,0.0,0.023865848908835335,0.03656149920036089,1777959136.9667587,5,/Users/kimsumin/projects/RGMC/data/map/robot14/images/0866.png,/Users/kimsumin/projects/RGMC/data/map/robot14/overlays/0866_overlay.png,/Users/kimsumin/projects/RGMC/data/map/robot14/masks/0866_mask.png
867,0.284375,0.8125,0.0,215.11247803163445,144.78745644599303,1,0.0,0.02840564169049347,0.07973547043300688,1777959147.7098215,5,/Users/kimsumin/projects/RGMC/data/map/robot14/images/0867.png,/Users/kimsumin/projects/RGMC/data/map/robot14/overlays/0867_overlay.png,/Users/kimsumin/projects/RGMC/data/map/robot14/masks/0867_mask.png
868,0.31375,0.8125,0.0,214.8299198575245,157.48843416370107,1,0.0,0.05637332515608368,0.0499714034742207,1777959158.4694848,5,/Users/kimsumin/projects/RGMC/data/map/robot14/images/0868.png,/Users/kimsumin/projects/RGMC/data/map/robot14/overlays/0868_overlay.png,/Users/kimsumin/projects/RGMC/data/map/robot14/masks/0868_mask.png
869,0.343125,0.8125,0.0,215.00727272727272,171.73236889692586,1,0.0,0.03763620824510887,0.11163196458723347,1777959169.221373,5,/Users/kimsumin/projects/RGMC/data/map/robot14/images/0869.png,/Users/kimsumin/projects/RGMC/data/map/robot14/overlays/0869_overlay.png,/Users/kimsumin/projects/RGMC/data/map/robot14/masks/0869_mask.png
870,0.3725,0.8125,0.0,214.84007029876977,184.76693051890942,1,0.0,0.07378522240069438,0.07337268089246513,1777959180.0670679,5,/Users/kimsumin/projects/RGMC/data/map/robot14/images/0870.png,/Users/kimsumin/projects/RGMC/data/map/robot14/overlays/0870_overlay.png,/Users/kimsumin/projects/RGMC/data/map/robot14/masks/0870_mask.png
871,0.401875,0.8125,0.0,214.62260869565216,197.38260869565218,1,0.0,0.049028968892497686,0.03218254038464265,1777959190.8319585,5,/Users/kimsumin/projects/RGMC/data/map/robot14/images/0871.png,/Users/kimsumin/projects/RGMC/data/map/robot14/overlays/0871_overlay.png,/Users/kimsumin/projects/RGMC/data/map/robot14/masks/0871_mask.png
872,0.43125,0.8125,0.0,214.18365627632687,210.86267902274642,1,0.0,0.4210503666052929,0.17885499180949077,1777959201.5836682,5,/Users/kimsumin/projects/RGMC/data/map/robot14/images/0872.png,/Users/kimsumin/projects/RGMC/data/map/robot14/overlays/0872_overlay.png,/Users/kimsumin/projects/RGMC/data/map/robot14/masks/0872_mask.png
873,0.460625,0.8125,0.0,213.87241379310345,224.9750430292599,1,0.0,0.026768923423714317,0.08873409710619873,1777959212.451922,5,/Users/kimsumin/projects/RGMC/data/map/robot14/images/0873.png,/Users/kimsumin/projects/RGMC/data/map/robot14/overlays/0873_overlay.png,/Users/kimsumin/projects/RGMC/data/map/robot14/masks/0873_mask.png
874,0.49,0.8125,0.0,212.84979591836733,237.81199351701784,1,0.0,0.042924899776921446,0.06151452877466606,1777959223.2043228,5,/Users/kimsumin/projects/RGMC/data/map/robot14/images/0874.png,/Users/kimsumin/projects/RGMC/data/map/robot14/overlays/0874_overlay.png,/Users/kimsumin/projects/RGMC/data/map/robot14/masks/0874_mask.png
875,0.5193749999999999,0.8125,0.0,212.86097152428812,250.93667763157896,1,0.0,0.0452915615226661,0.0691492246424264,1777959234.0353966,5,/Users/kimsumin/projects/RGMC/data/map/robot14/images/0875.png,/Users/kimsumin/projects/RGMC/data/map/robot14/overlays/0875_overlay.png,/Users/kimsumin/projects/RGMC/data/map/robot14/masks/0875_mask.png
876,0.54875,0.8125,0.0,213.2014072119613,264.4575221238938,1,0.0,0.06624593522798486,0.06520759264930771,1777959244.8091145,5,/Users/kimsumin/projects/RGMC/data/map/robot14/images/0876.png,/Users/kimsumin/projects/RGMC/data/map/robot14/overlays/0876_overlay.png,/Users/kimsumin/projects/RGMC/data/map/robot14/masks/0876_mask.png
877,0.578125,0.8125,0.0,213.12938230383972,277.6759259259259,1,0.0,0.0715665628020243,0.02511925242716668,1777959255.5536137,5,/Users/kimsumin/projects/RGMC/data/map/robot14/images/0877.png,/Users/kimsumin/projects/RGMC/data/map/robot14/overlays/0877_overlay.png,/Users/kimsumin/projects/RGMC/data/map/robot14/masks/0877_mask.png
878,0.6074999999999999,0.8125,0.0,213.0359649122807,291.44473684210527,1,0.0,0.04954162462524232,0.04444524471718562,1777959266.305165,5,/Users/kimsumin/projects/RGMC/data/map/robot14/images/0878.png,/Users/kimsumin/projects/RGMC/data/map/robot14/overlays/0878_overlay.png,/Users/kimsumin/projects/RGMC/data/map/robot14/masks/0878_mask.png
879,0.636875,0.8125,0.0,212.3859332732191,304.1929666366096,1,0.0,0.20695793453414763,0.10859533243623382,1777959277.2702851,5,/Users/kimsumin/projects/RGMC/data/map/robot14/images/0879.png,/Users/kimsumin/projects/RGMC/data/map/robot14/overlays/0879_overlay.png,/Users/kimsumin/projects/RGMC/data/map/robot14/masks/0879_mask.png
880,0.66625,0.8125,0.0,212.10989932885906,317.71057046979865,1,0.0,0.27554302025941607,0.056545431516117774,1777959288.3245966,5,/Users/kimsumin/projects/RGMC/data/map/robot14/images/0880.png,/Users/kimsumin/projects/RGMC/data/map/robot14/overlays/0880_overlay.png,/Users/kimsumin/projects/RGMC/data/map/robot14/masks/0880_mask.png
881,0.6956249999999999,0.8125,0.0,212.6414309484193,330.7077435470441,1,0.0,0.03178320854126682,0.2960637539853613,1777959299.363736,5,/Users/kimsumin/projects/RGMC/data/map/robot14/images/0881.png,/Users/kimsumin/projects/RGMC/data/map/robot14/overlays/0881_overlay.png,/Users/kimsumin/projects/RGMC/data/map/robot14/masks/0881_mask.png
882,0.725,0.8125,0.0,212.0103986135182,344.5982683982684,1,0.0,0.06865039683694095,0.05212630505900235,1777959310.5296254,5,/Users/kimsumin/projects/RGMC/data/map/robot14/images/0882.png,/Users/kimsumin/projects/RGMC/data/map/robot14/overlays/0882_overlay.png,/Users/kimsumin/projects/RGMC/data/map/robot14/masks/0882_mask.png
883,0.754375,0.8125,0.0,211.84398976982098,357.51200686106347,1,0.0,0.04296826289279681,0.05437556351714731,1777959321.1938074,5,/Users/kimsumin/projects/RGMC/data/map/robot14/images/0883.png,/Users/kimsumin/projects/RGMC/data/map/robot14/overlays/0883_overlay.png,/Users/kimsumin/projects/RGMC/data/map/robot14/masks/0883_mask.png
884,0.78375,0.8125,0.0,211.69880546075086,370.54953429297206,1,0.0,0.03413261328624387,0.06604201231818246,1777959332.347868,5,/Users/kimsumin/projects/RGMC/data/map/robot14/images/0884.png,/Users/kimsumin/projects/RGMC/data/map/robot14/overlays/0884_overlay.png,/Users/kimsumin/projects/RGMC/data/map/robot14/masks/0884_mask.png
885,0.813125,0.8125,0.0,211.51194539249147,384.685593220339,1,0.0,0.06294198499067251,0.04293984346189227,1777959343.2019455,5,/Users/kimsumin/projects/RGMC/data/map/robot14/images/0885.png,/Users/kimsumin/projects/RGMC/data/map/robot14/overlays/0885_overlay.png,/Users/kimsumin/projects/RGMC/data/map/robot14/masks/0885_mask.png
886,0.8425,0.8125,0.0,211.51166666666666,397.84054283290925,1,0.0,0.03523249425418866,0.08675721113656212,1777959354.1668022,5,/Users/kimsumin/projects/RGMC/data/map/robot14/images/0886.png,/Users/kimsumin/projects/RGMC/data/map/robot14/overlays/0886_overlay.png,/Users/kimsumin/projects/RGMC/data/map/robot14/masks/0886_mask.png
887,0.871875,0.8125,0.0,211.52341137123747,411.0067057837385,1,0.0,0.04417226237649624,0.08352230077723043,1777959365.9490745,5,/Users/kimsumin/projects/RGMC/data/map/robot14/images/0887.png,/Users/kimsumin/projects/RGMC/data/map/robot14/overlays/0887_overlay.png,/Users/kimsumin/projects/RGMC/data/map/robot14/masks/0887_mask.png
888,0.90125,0.8125,0.0,211.49409780775716,424.8109243697479,1,0.0,0.024657879690800476,0.051803240302011264,1777959377.8064628,5,/Users/kimsumin/projects/RGMC/data/map/robot14/images/0888.png,/Users/kimsumin/projects/RGMC/data/map/robot14/overlays/0888_overlay.png,/Users/kimsumin/projects/RGMC/data/map/robot14/masks/0888_mask.png
889,0.9306249999999999,0.8125,0.0,211.53742640874685,437.8869198312236,1,0.0,0.013263953019816126,0.028998167153860808,1777959388.5548315,5,/Users/kimsumin/projects/RGMC/data/map/robot14/images/0889.png,/Users/kimsumin/projects/RGMC/data/map/robot14/overlays/0889_overlay.png,/Users/kimsumin/projects/RGMC/data/map/robot14/masks/0889_mask.png
890,0.96,0.8125,0.0,211.51156812339332,450.7140410958904,1,0.0,0.08400907596089432,0.08285747532421772,1777959399.407873,5,/Users/kimsumin/projects/RGMC/data/map/robot14/images/0890.png,/Users/kimsumin/projects/RGMC/data/map/robot14/overlays/0890_overlay.png,/Users/kimsumin/projects/RGMC/data/map/robot14/masks/0890_mask.png
891,0.96,0.84375,0.0,197.16996699669966,450.6592409240924,1,0.0,0.03917586977737026,0.05319186602911476,1777959410.1867795,5,/Users/kimsumin/projects/RGMC/data/map/robot14/images/0891.png,/Users/kimsumin/projects/RGMC/data/map/robot14/overlays/0891_overlay.png,/Users/kimsumin/projects/RGMC/data/map/robot14/masks/0891_mask.png
892,0.9306249999999999,0.84375,0.0,197.08971193415638,438.0591133004926,1,0.0,0.04367846969332861,0.022830051402114155,1777959421.1514716,5,/Users/kimsumin/projects/RGMC/data/map/robot14/images/0892.png,/Users/kimsumin/projects/RGMC/data/map/robot14/overlays/0892_overlay.png,/Users/kimsumin/projects/RGMC/data/map/robot14/masks/0892_mask.png
893,0.90125,0.84375,0.0,197.0,425.1315359477124,1,0.0,0.0944039662482555,0.0906834653709745,1777959432.3871505,5,/Users/kimsumin/projects/RGMC/data/map/robot14/images/0893.png,/Users/kimsumin/projects/RGMC/data/map/robot14/overlays/0893_overlay.png,/Users/kimsumin/projects/RGMC/data/map/robot14/masks/0893_mask.png
894,0.871875,0.84375,0.0,197.3014154870941,412.20482930890927,1,0.0,0.03728093427125605,0.049057751266624566,1777959443.5668964,5,/Users/kimsumin/projects/RGMC/data/map/robot14/images/0894.png,/Users/kimsumin/projects/RGMC/data/map/robot14/overlays/0894_overlay.png,/Users/kimsumin/projects/RGMC/data/map/robot14/masks/0894_mask.png
895,0.8425,0.84375,0.0,197.21434460016488,398.13625103220477,1,0.0,0.038740153415440154,0.01944596344404837,1777959454.4156787,5,/Users/kimsumin/projects/RGMC/data/map/robot14/images/0895.png,/Users/kimsumin/projects/RGMC/data/map/robot14/overlays/0895_overlay.png,/Users/kimsumin/projects/RGMC/data/map/robot14/masks/0895_mask.png
896,0.813125,0.84375,0.0,197.65922249793218,385.42100909842844,1,0.0,0.03884632459108437,0.0269752296522623,1777959465.2606034,5,/Users/kimsumin/projects/RGMC/data/map/robot14/images/0896.png,/Users/kimsumin/projects/RGMC/data/map/robot14/overlays/0896_overlay.png,/Users/kimsumin/projects/RGMC/data/map/robot14/masks/0896_mask.png
897,0.78375,0.84375,0.0,198.48340807174887,372.31728288908,1,0.0,0.3209356532833063,0.020343138518794143,1777959476.1117246,5,/Users/kimsumin/projects/RGMC/data/map/robot14/images/0897.png,/Users/kimsumin/projects/RGMC/data/map/robot14/overlays/0897_overlay.png,/Users/kimsumin/projects/RGMC/data/map/robot14/masks/0897_mask.png
898,0.754375,0.84375,0.0,197.83208020050125,358.13876843018215,1,0.0,0.3095706458539045,0.024629571118593447,1777959486.862753,5,/Users/kimsumin/projects/RGMC/data/map/robot14/images/0898.png,/Users/kimsumin/projects/RGMC/data/map/robot14/overlays/0898_overlay.png,/Users/kimsumin/projects/RGMC/data/map/robot14/masks/0898_mask.png
899,0.725,0.84375,0.0,198.61310043668124,344.9694323144105,1,0.0,0.03865709995152866,0.0498974512112606,1777959497.6169422,5,/Users/kimsumin/projects/RGMC/data/map/robot14/images/0899.png,/Users/kimsumin/projects/RGMC/data/map/robot14/overlays/0899_overlay.png,/Users/kimsumin/projects/RGMC/data/map/robot14/masks/0899_mask.png
900,0.6956249999999999,0.84375,0.0,198.85498220640568,331.7161921708185,1,0.0,0.05796681549127792,0.06536714812690936,1777959508.3656366,5,/Users/kimsumin/projects/RGMC/data/map/robot14/images/0900.png,/Users/kimsumin/projects/RGMC/data/map/robot14/overlays/0900_overlay.png,/Users/kimsumin/projects/RGMC/data/map/robot14/masks/0900_mask.png
901,0.66625,0.84375,0.0,198.8629173989455,317.86561954624784,1,0.0,0.020095538928204402,0.07288246040210554,1777959519.426419,5,/Users/kimsumin/projects/RGMC/data/map/robot14/images/0901.png,/Users/kimsumin/projects/RGMC/data/map/robot14/overlays/0901_overlay.png,/Users/kimsumin/projects/RGMC/data/map/robot14/masks/0901_mask.png
902,0.636875,0.84375,0.0,199.13143872113676,304.69669937555756,1,0.0,0.03569265277719106,0.032561499548702695,1777959530.3792317,5,/Users/kimsumin/projects/RGMC/data/map/robot14/images/0902.png,/Users/kimsumin/projects/RGMC/data/map/robot14/overlays/0902_overlay.png,/Users/kimsumin/projects/RGMC/data/map/robot14/masks/0902_mask.png
903,0.6074999999999999,0.84375,0.0,199.1793427230047,291.03092783505156,1,0.0,0.0355124783904071,0.2705660533581701,1777959541.1333487,5,/Users/kimsumin/projects/RGMC/data/map/robot14/images/0903.png,/Users/kimsumin/projects/RGMC/data/map/robot14/overlays/0903_overlay.png,/Users/kimsumin/projects/RGMC/data/map/robot14/masks/0903_mask.png
904,0.578125,0.84375,0.0,199.34124890061565,277.76232394366195,1,0.0,0.014913251804458431,0.05177977205549928,1777959551.896367,5,/Users/kimsumin/projects/RGMC/data/map/robot14/images/0904.png,/Users/kimsumin/projects/RGMC/data/map/robot14/overlays/0904_overlay.png,/Users/kimsumin/projects/RGMC/data/map/robot14/masks/0904_mask.png
905,0.54875,0.84375,0.0,199.32399299474605,264.90166812993857,1,0.0,0.030211557681568336,0.09089890309205814,1777959562.6474698,5,/Users/kimsumin/projects/RGMC/data/map/robot14/images/0905.png,/Users/kimsumin/projects/RGMC/data/map/robot14/overlays/0905_overlay.png,/Users/kimsumin/projects/RGMC/data/map/robot14/masks/0905_mask.png
906,0.5193749999999999,0.84375,0.0,199.22326775021386,250.71562766865927,1,0.0,0.03264341549522105,0.02048606744922654,1777959573.6270747,5,/Users/kimsumin/projects/RGMC/data/map/robot14/images/0906.png,/Users/kimsumin/projects/RGMC/data/map/robot14/overlays/0906_overlay.png,/Users/kimsumin/projects/RGMC/data/map/robot14/masks/0906_mask.png
907,0.49,0.84375,0.0,199.05777400169924,237.85131690739166,1,0.0,0.024800230619758428,0.03247607273611535,1777959584.3533194,5,/Users/kimsumin/projects/RGMC/data/map/robot14/images/0907.png,/Users/kimsumin/projects/RGMC/data/map/robot14/overlays/0907_overlay.png,/Users/kimsumin/projects/RGMC/data/map/robot14/masks/0907_mask.png
908,0.460625,0.84375,0.0,199.44396551724137,225.0593803786575,1,0.0,0.03527574051107984,0.06898002459072718,1777959596.4270847,5,/Users/kimsumin/projects/RGMC/data/map/robot14/images/0908.png,/Users/kimsumin/projects/RGMC/data/map/robot14/overlays/0908_overlay.png,/Users/kimsumin/projects/RGMC/data/map/robot14/masks/0908_mask.png
909,0.43125,0.84375,0.0,199.5462256149279,211.04156064461407,1,0.0,0.06221701785173901,0.09607094109426487,1777959607.3938234,5,/Users/kimsumin/projects/RGMC/data/map/robot14/images/0909.png,/Users/kimsumin/projects/RGMC/data/map/robot14/overlays/0909_overlay.png,/Users/kimsumin/projects/RGMC/data/map/robot14/masks/0909_mask.png
910,0.401875,0.84375,0.0,199.70568278201867,197.71525423728812,1,0.0,0.028859908029228307,0.043724768430742106,1777959618.0370507,5,/Users/kimsumin/projects/RGMC/data/map/robot14/images/0910.png,/Users/kimsumin/projects/RGMC/data/map/robot14/overlays/0910_overlay.png,/Users/kimsumin/projects/RGMC/data/map/robot14/masks/0910_mask.png
911,0.3725,0.84375,0.0,200.1326803205699,185.06826241134752,1,0.0,0.022928131189436176,0.02532864831800613,1777959629.1271033,5,/Users/kimsumin/projects/RGMC/data/map/robot14/images/0911.png,/Users/kimsumin/projects/RGMC/data/map/robot14/overlays/0911_overlay.png,/Users/kimsumin/projects/RGMC/data/map/robot14/masks/0911_mask.png
912,0.343125,0.84375,0.0,200.21914132379248,172.05429864253395,1,0.0,0.030881502935645552,0.09462314934570883,1777959639.8480284,5,/Users/kimsumin/projects/RGMC/data/map/robot14/images/0912.png,/Users/kimsumin/projects/RGMC/data/map/robot14/overlays/0912_overlay.png,/Users/kimsumin/projects/RGMC/data/map/robot14/masks/0912_mask.png
913,0.31375,0.84375,0.0,200.11302847282138,157.84769364664925,1,0.0,0.10439893272736428,0.017177454961275214,1777959651.6337514,5,/Users/kimsumin/projects/RGMC/data/map/robot14/images/0913.png,/Users/kimsumin/projects/RGMC/data/map/robot14/overlays/0913_overlay.png,/Users/kimsumin/projects/RGMC/data/map/robot14/masks/0913_mask.png
914,0.284375,0.84375,0.0,200.34044444444444,144.8785460992908,1,0.0,0.18197797248412637,0.045813805804497496,1777959662.3738027,5,/Users/kimsumin/projects/RGMC/data/map/robot14/images/0914.png,/Users/kimsumin/projects/RGMC/data/map/robot14/overlays/0914_overlay.png,/Users/kimsumin/projects/RGMC/data/map/robot14/masks/0914_mask.png
915,0.255,0.84375,0.0,200.65991189427314,132.01989150090415,1,0.0,0.17090671652480718,0.1448602967668245,1777959673.2364728,5,/Users/kimsumin/projects/RGMC/data/map/robot14/images/0915.png,/Users/kimsumin/projects/RGMC/data/map/robot14/overlays/0915_overlay.png,/Users/kimsumin/projects/RGMC/data/map/robot14/masks/0915_mask.png
916,0.225625,0.84375,0.0,200.904052936311,117.9049959049959,1,0.0,0.0888508982554989,0.10121370800071558,1777959685.727917,5,/Users/kimsumin/projects/RGMC/data/map/robot14/images/0916.png,/Users/kimsumin/projects/RGMC/data/map/robot14/overlays/0916_overlay.png,/Users/kimsumin/projects/RGMC/data/map/robot14/masks/0916_mask.png
917,0.19624999999999998,0.84375,0.0,201.14285714285714,105.01924686192469,1,0.0,0.057692492387931144,0.01865722505825564,1777959696.9965527,5,/Users/kimsumin/projects/RGMC/data/map/robot14/images/0917.png,/Users/kimsumin/projects/RGMC/data/map/robot14/overlays/0917_overlay.png,/Users/kimsumin/projects/RGMC/data/map/robot14/masks/0917_mask.png
918,0.16687499999999997,0.84375,0.0,201.07859531772576,91.59644670050761,1,0.0,0.0735388876411565,0.06524349232067148,1777959707.7428415,5,/Users/kimsumin/projects/RGMC/data/map/robot14/images/0918.png,/Users/kimsumin/projects/RGMC/data/map/robot14/overlays/0918_overlay.png,/Users/kimsumin/projects/RGMC/data/map/robot14/masks/0918_mask.png
919,0.13749999999999998,0.84375,0.0,201.45843828715365,77.67812238055323,1,0.0,0.06711935246511865,0.09805608276355955,1777959718.864567,5,/Users/kimsumin/projects/RGMC/data/map/robot14/images/0919.png,/Users/kimsumin/projects/RGMC/data/map/robot14/overlays/0919_overlay.png,/Users/kimsumin/projects/RGMC/data/map/robot14/masks/0919_mask.png
920,0.108125,0.84375,0.0,201.67394957983194,64.79411764705883,1,0.0,0.07920787936299835,0.0539792547202275,1777959729.6752784,5,/Users/kimsumin/projects/RGMC/data/map/robot14/images/0920.png,/Users/kimsumin/projects/RGMC/data/map/robot14/overlays/0920_overlay.png,/Users/kimsumin/projects/RGMC/data/map/robot14/masks/0920_mask.png
921,0.07875,0.84375,0.0,202.3584745762712,50.8069594034797,1,0.0,0.26179096834926024,0.3358068640609328,1777959740.4009168,5,/Users/kimsumin/projects/RGMC/data/map/robot14/images/0921.png,/Users/kimsumin/projects/RGMC/data/map/robot14/overlays/0921_overlay.png,/Users/kimsumin/projects/RGMC/data/map/robot14/masks/0921_mask.png
922,0.049375,0.84375,0.0,202.83474576271186,37.62033898305085,1,0.0,0.01409526337145932,0.03226414085462812,1777959751.1540155,5,/Users/kimsumin/projects/RGMC/data/map/robot14/images/0922.png,/Users/kimsumin/projects/RGMC/data/map/robot14/overlays/0922_overlay.png,/Users/kimsumin/projects/RGMC/data/map/robot14/masks/0922_mask.png
923,0.02,0.84375,0.0,202.86598812553012,24.658163265306122,1,0.0,0.03555488182787911,0.10447601306105771,1777959762.2301676,5,/Users/kimsumin/projects/RGMC/data/map/robot14/images/0923.png,/Users/kimsumin/projects/RGMC/data/map/robot14/overlays/0923_overlay.png,/Users/kimsumin/projects/RGMC/data/map/robot14/masks/0923_mask.png
924,0.02,0.875,0.0,188.31996658312448,24.19295302013423,1,0.0,0.08201847104508629,0.03460880327306462,1777959773.0698621,5,/Users/kimsumin/projects/RGMC/data/map/robot14/images/0924.png,/Users/kimsumin/projects/RGMC/data/map/robot14/overlays/0924_overlay.png,/Users/kimsumin/projects/RGMC/data/map/robot14/masks/0924_mask.png
925,0.049375,0.875,0.0,187.44810126582277,37.19983136593592,1,0.0,0.03813224551639796,0.04757836006915124,1777959783.7205307,5,/Users/kimsumin/projects/RGMC/data/map/robot14/images/0925.png,/Users/kimsumin/projects/RGMC/data/map/robot14/overlays/0925_overlay.png,/Users/kimsumin/projects/RGMC/data/map/robot14/masks/0925_mask.png
926,0.07875,0.875,0.0,187.29421915444348,50.09490940465919,1,0.0,0.0429521081107692,0.04972785048964372,1777959794.574302,5,/Users/kimsumin/projects/RGMC/data/map/robot14/images/0926.png,/Users/kimsumin/projects/RGMC/data/map/robot14/overlays/0926_overlay.png,/Users/kimsumin/projects/RGMC/data/map/robot14/masks/0926_mask.png
927,0.108125,0.875,0.0,187.05570060922543,64.08747855917667,1,0.0,0.051096669945308884,0.07045418995675329,1777959805.3537378,5,/Users/kimsumin/projects/RGMC/data/map/robot14/images/0927.png,/Users/kimsumin/projects/RGMC/data/map/robot14/overlays/0927_overlay.png,/Users/kimsumin/projects/RGMC/data/map/robot14/masks/0927_mask.png
928,0.13749999999999998,0.875,0.0,187.31596925704525,77.1753635585971,1,0.0,0.027260863083430568,0.02376141760250767,1777959816.1809218,5,/Users/kimsumin/projects/RGMC/data/map/robot14/images/0928.png,/Users/kimsumin/projects/RGMC/data/map/robot14/overlays/0928_overlay.png,/Users/kimsumin/projects/RGMC/data/map/robot14/masks/0928_mask.png
929,0.16687499999999997,0.875,0.0,186.9874326750449,90.87612208258528,1,0.0,0.03752426038564254,0.030251930691343114,1777959826.9270227,5,/Users/kimsumin/projects/RGMC/data/map/robot14/images/0929.png,/Users/kimsumin/projects/RGMC/data/map/robot14/overlays/0929_overlay.png,/Users/kimsumin/projects/RGMC/data/map/robot14/masks/0929_mask.png
930,0.19624999999999998,0.875,0.0,187.05908289241623,104.04553415061297,1,0.0,0.011900038797855988,0.06489371901955292,1777959837.7199423,5,/Users/kimsumin/projects/RGMC/data/map/robot14/images/0930.png,/Users/kimsumin/projects/RGMC/data/map/robot14/overlays/0930_overlay.png,/Users/kimsumin/projects/RGMC/data/map/robot14/masks/0930_mask.png
931,0.225625,0.875,0.0,186.28239202657807,117.26328903654485,1,0.0,0.37543273706366515,0.06752308058321574,1777959848.652613,5,/Users/kimsumin/projects/RGMC/data/map/robot14/images/0931.png,/Users/kimsumin/projects/RGMC/data/map/robot14/overlays/0931_overlay.png,/Users/kimsumin/projects/RGMC/data/map/robot14/masks/0931_mask.png
932,0.255,0.875,0.0,186.71546961325967,131.11694290976058,1,0.0,0.02294885242630463,0.050423508142130966,1777959859.737539,5,/Users/kimsumin/projects/RGMC/data/map/robot14/images/0932.png,/Users/kimsumin/projects/RGMC/data/map/robot14/overlays/0932_overlay.png,/Users/kimsumin/projects/RGMC/data/map/robot14/masks/0932_mask.png
933,0.284375,0.875,0.0,185.86147186147187,144.38371040723982,1,0.0,0.2976585410229559,0.027933230815956944,1777959870.4600434,5,/Users/kimsumin/projects/RGMC/data/map/robot14/images/0933.png,/Users/kimsumin/projects/RGMC/data/map/robot14/overlays/0933_overlay.png,/Users/kimsumin/projects/RGMC/data/map/robot14/masks/0933_mask.png
934,0.31375,0.875,0.0,185.78662150719728,157.2468085106383,1,0.0,0.3733394675876353,0.03277891121148232,1777959881.2112117,5,/Users/kimsumin/projects/RGMC/data/map/robot14/images/0934.png,/Users/kimsumin/projects/RGMC/data/map/robot14/overlays/0934_overlay.png,/Users/kimsumin/projects/RGMC/data/map/robot14/masks/0934_mask.png
935,0.343125,0.875,0.0,185.52667231160035,170.12787723785166,1,0.0,0.3351629438035521,0.020595485871110673,1777959891.8546443,5,/Users/kimsumin/projects/RGMC/data/map/robot14/images/0935.png,/Users/kimsumin/projects/RGMC/data/map/robot14/overlays/0935_overlay.png,/Users/kimsumin/projects/RGMC/data/map/robot14/masks/0935_mask.png
936,0.3725,0.875,0.0,185.64415584415585,184.67532467532467,1,0.0,0.21279037615943064,0.09195180055246256,1777959902.9136896,5,/Users/kimsumin/projects/RGMC/data/map/robot14/images/0936.png,/Users/kimsumin/projects/RGMC/data/map/robot14/overlays/0936_overlay.png,/Users/kimsumin/projects/RGMC/data/map/robot14/masks/0936_mask.png
937,0.401875,0.875,0.0,185.0561609388097,197.27204030226702,1,0.0,0.058313958152217425,0.046496709370262616,1777959913.8707335,5,/Users/kimsumin/projects/RGMC/data/map/robot14/images/0937.png,/Users/kimsumin/projects/RGMC/data/map/robot14/overlays/0937_overlay.png,/Users/kimsumin/projects/RGMC/data/map/robot14/masks/0937_mask.png
938,0.43125,0.875,0.0,184.4975369458128,210.49218106995886,1,0.0,0.14000060684128693,0.13590034679151622,1777959924.6201298,5,/Users/kimsumin/projects/RGMC/data/map/robot14/images/0938.png,/Users/kimsumin/projects/RGMC/data/map/robot14/overlays/0938_overlay.png,/Users/kimsumin/projects/RGMC/data/map/robot14/masks/0938_mask.png
939,0.460625,0.875,0.0,184.31781045751634,223.8816225165563,1,0.0,0.11432593765589896,0.055305574050613995,1777959936.510216,5,/Users/kimsumin/projects/RGMC/data/map/robot14/images/0939.png,/Users/kimsumin/projects/RGMC/data/map/robot14/overlays/0939_overlay.png,/Users/kimsumin/projects/RGMC/data/map/robot14/masks/0939_mask.png
940,0.49,0.875,0.0,184.3724832214765,237.20922570016475,1,0.0,0.06774469493068015,0.03871301983339631,1777959948.069997,5,/Users/kimsumin/projects/RGMC/data/map/robot14/images/0940.png,/Users/kimsumin/projects/RGMC/data/map/robot14/overlays/0940_overlay.png,/Users/kimsumin/projects/RGMC/data/map/robot14/masks/0940_mask.png
941,0.5193749999999999,0.875,0.0,183.89414802065406,250.30841924398626,1,0.0,0.03581673315769562,0.06765591586498744,1777959958.8985322,5,/Users/kimsumin/projects/RGMC/data/map/robot14/images/0941.png,/Users/kimsumin/projects/RGMC/data/map/robot14/overlays/0941_overlay.png,/Users/kimsumin/projects/RGMC/data/map/robot14/masks/0941_mask.png
942,0.54875,0.875,0.0,184.22323049001815,263.0820105820106,1,0.0,0.06040110427219052,0.32602431301196527,1777959970.3956187,5,/Users/kimsumin/projects/RGMC/data/map/robot14/images/0942.png,/Users/kimsumin/projects/RGMC/data/map/robot14/overlays/0942_overlay.png,/Users/kimsumin/projects/RGMC/data/map/robot14/masks/0942_mask.png
943,0.578125,0.875,0.0,184.0642919200695,277.0260642919201,1,0.0,0.02692935879480146,0.03961324266952127,1777959981.169016,5,/Users/kimsumin/projects/RGMC/data/map/robot14/images/0943.png,/Users/kimsumin/projects/RGMC/data/map/robot14/overlays/0943_overlay.png,/Users/kimsumin/projects/RGMC/data/map/robot14/masks/0943_mask.png
944,0.6074999999999999,0.875,0.0,184.2533215234721,290.03808680248005,1,0.0,0.1709567090271381,0.054698917588343256,1777959992.2097068,5,/Users/kimsumin/projects/RGMC/data/map/robot14/images/0944.png,/Users/kimsumin/projects/RGMC/data/map/robot14/overlays/0944_overlay.png,/Users/kimsumin/projects/RGMC/data/map/robot14/masks/0944_mask.png
945,0.636875,0.875,0.0,184.4377758164166,303.82190560997327,1,0.0,0.1655709300015476,0.07630314838910639,1777960003.389115,5,/Users/kimsumin/projects/RGMC/data/map/robot14/images/0945.png,/Users/kimsumin/projects/RGMC/data/map/robot14/overlays/0945_overlay.png,/Users/kimsumin/projects/RGMC/data/map/robot14/masks/0945_mask.png
946,0.66625,0.875,0.0,183.98462852263023,317.26900085397097,1,0.0,0.2364337626727777,0.06920645531381822,1777960014.2159374,5,/Users/kimsumin/projects/RGMC/data/map/robot14/images/0946.png,/Users/kimsumin/projects/RGMC/data/map/robot14/overlays/0946_overlay.png,/Users/kimsumin/projects/RGMC/data/map/robot14/masks/0946_mask.png
947,0.6956249999999999,0.875,0.0,183.79163108454313,330.14017094017095,1,0.0,0.03721167722621835,0.021683615236901776,1777960024.9886484,5,/Users/kimsumin/projects/RGMC/data/map/robot14/images/0947.png,/Users/kimsumin/projects/RGMC/data/map/robot14/overlays/0947_overlay.png,/Users/kimsumin/projects/RGMC/data/map/robot14/masks/0947_mask.png
948,0.725,0.875,0.0,183.55035335689047,344.24028268551234,1,0.0,0.04345199327614459,0.06692375256342244,1777960035.833396,5,/Users/kimsumin/projects/RGMC/data/map/robot14/images/0948.png,/Users/kimsumin/projects/RGMC/data/map/robot14/overlays/0948_overlay.png,/Users/kimsumin/projects/RGMC/data/map/robot14/masks/0948_mask.png
949,0.754375,0.875,0.0,183.54852686308493,357.41007819287574,1,0.0,0.04549111800254349,0.057642637157817714,1777960047.0171404,5,/Users/kimsumin/projects/RGMC/data/map/robot14/images/0949.png,/Users/kimsumin/projects/RGMC/data/map/robot14/overlays/0949_overlay.png,/Users/kimsumin/projects/RGMC/data/map/robot14/masks/0949_mask.png
950,0.78375,0.875,0.0,183.44877222692634,370.76291278577474,1,0.0,0.03469791991670134,0.4525512082352243,1777960057.770517,5,/Users/kimsumin/projects/RGMC/data/map/robot14/images/0950.png,/Users/kimsumin/projects/RGMC/data/map/robot14/overlays/0950_overlay.png,/Users/kimsumin/projects/RGMC/data/map/robot14/masks/0950_mask.png
951,0.813125,0.875,0.0,183.39137785291632,385.0915197313182,1,0.0,0.02508493588851316,0.02817675735514004,1777960068.5040748,5,/Users/kimsumin/projects/RGMC/data/map/robot14/images/0951.png,/Users/kimsumin/projects/RGMC/data/map/robot14/overlays/0951_overlay.png,/Users/kimsumin/projects/RGMC/data/map/robot14/masks/0951_mask.png
952,0.8425,0.875,0.0,183.3915254237288,397.7491525423729,1,0.0,0.02403308032546559,0.02498066818885508,1777960079.2412443,5,/Users/kimsumin/projects/RGMC/data/map/robot14/images/0952.png,/Users/kimsumin/projects/RGMC/data/map/robot14/overlays/0952_overlay.png,/Users/kimsumin/projects/RGMC/data/map/robot14/masks/0952_mask.png
953,0.871875,0.875,0.0,183.4028144239226,411.66225749559084,1,0.0,0.03429780642803142,0.028941834208927906,1777960090.3053174,5,/Users/kimsumin/projects/RGMC/data/map/robot14/images/0953.png,/Users/kimsumin/projects/RGMC/data/map/robot14/overlays/0953_overlay.png,/Users/kimsumin/projects/RGMC/data/map/robot14/masks/0953_mask.png
954,0.90125,0.875,0.0,183.1955969517358,424.8392857142857,1,0.0,0.007671052842465007,0.03858351530871243,1777960101.1719427,5,/Users/kimsumin/projects/RGMC/data/map/robot14/images/0954.png,/Users/kimsumin/projects/RGMC/data/map/robot14/overlays/0954_overlay.png,/Users/kimsumin/projects/RGMC/data/map/robot14/masks/0954_mask.png
955,0.9306249999999999,0.875,0.0,183.1,437.6456896551724,1,0.0,0.05240703200961347,0.04929996763072085,1777960112.0245273,5,/Users/kimsumin/projects/RGMC/data/map/robot14/images/0955.png,/Users/kimsumin/projects/RGMC/data/map/robot14/overlays/0955_overlay.png,/Users/kimsumin/projects/RGMC/data/map/robot14/masks/0955_mask.png
956,0.96,0.875,0.0,183.06609442060085,451.29348795718107,1,0.0,0.022923926071456012,0.4304981615326077,1777960122.9982047,5,/Users/kimsumin/projects/RGMC/data/map/robot14/images/0956.png,/Users/kimsumin/projects/RGMC/data/map/robot14/overlays/0956_overlay.png,/Users/kimsumin/projects/RGMC/data/map/robot14/masks/0956_mask.png
957,0.96,0.90625,0.0,168.79232693911592,450.56296914095077,1,0.0,0.2520692225626475,0.1226695363436517,1777960133.9545052,5,/Users/kimsumin/projects/RGMC/data/map/robot14/images/0957.png,/Users/kimsumin/projects/RGMC/data/map/robot14/overlays/0957_overlay.png,/Users/kimsumin/projects/RGMC/data/map/robot14/masks/0957_mask.png
958,0.9306249999999999,0.90625,0.0,168.55012427506213,437.7398508699254,1,0.0,0.09695105216668456,0.08119939231951868,1777960145.0076532,5,/Users/kimsumin/projects/RGMC/data/map/robot14/images/0958.png,/Users/kimsumin/projects/RGMC/data/map/robot14/overlays/0958_overlay.png,/Users/kimsumin/projects/RGMC/data/map/robot14/masks/0958_mask.png
959,0.90125,0.90625,0.0,168.0529010238908,425.1075085324232,1,0.0,0.024438332783890723,0.012653086655748942,1777960155.8407943,5,/Users/kimsumin/projects/RGMC/data/map/robot14/images/0959.png,/Users/kimsumin/projects/RGMC/data/map/robot14/overlays/0959_overlay.png,/Users/kimsumin/projects/RGMC/data/map/robot14/masks/0959_mask.png
960,0.871875,0.90625,0.0,169.0144680851064,411.99399141630903,1,0.0,0.078379486315284,0.009820798804315243,1777960167.3189976,5,/Users/kimsumin/projects/RGMC/data/map/robot14/images/0960.png,/Users/kimsumin/projects/RGMC/data/map/robot14/overlays/0960_overlay.png,/Users/kimsumin/projects/RGMC/data/map/robot14/masks/0960_mask.png
961,0.8425,0.90625,0.0,169.1081967213115,398.030679933665,1,0.0,0.0309963468932679,0.03356396020224369,1777960178.9870777,5,/Users/kimsumin/projects/RGMC/data/map/robot14/images/0961.png,/Users/kimsumin/projects/RGMC/data/map/robot14/overlays/0961_overlay.png,/Users/kimsumin/projects/RGMC/data/map/robot14/masks/0961_mask.png
962,0.813125,0.90625,0.0,168.77268942547877,385.28309741881765,1,0.0,0.06692207338177777,0.09660844184410906,1777960189.6420898,5,/Users/kimsumin/projects/RGMC/data/map/robot14/images/0962.png,/Users/kimsumin/projects/RGMC/data/map/robot14/overlays/0962_overlay.png,/Users/kimsumin/projects/RGMC/data/map/robot14/masks/0962_mask.png
963,0.78375,0.90625,0.0,169.1872852233677,371.8946917808219,1,0.0,0.03450781299016051,0.0711262356531195,1777960201.4073431,5,/Users/kimsumin/projects/RGMC/data/map/robot14/images/0963.png,/Users/kimsumin/projects/RGMC/data/map/robot14/overlays/0963_overlay.png,/Users/kimsumin/projects/RGMC/data/map/robot14/masks/0963_mask.png
964,0.754375,0.90625,0.0,169.10844370860926,357.71252059308074,1,0.0,0.01601000875118826,0.05204286095984602,1777960212.985743,5,/Users/kimsumin/projects/RGMC/data/map/robot14/images/0964.png,/Users/kimsumin/projects/RGMC/data/map/robot14/overlays/0964_overlay.png,/Users/kimsumin/projects/RGMC/data/map/robot14/masks/0964_mask.png
965,0.725,0.90625,0.0,169.3234295415959,344.5334462320068,1,0.0,0.031904185616115376,0.04391454491149824,1777960223.7278254,5,/Users/kimsumin/projects/RGMC/data/map/robot14/images/0965.png,/Users/kimsumin/projects/RGMC/data/map/robot14/overlays/0965_overlay.png,/Users/kimsumin/projects/RGMC/data/map/robot14/masks/0965_mask.png
966,0.6956249999999999,0.90625,0.0,170.4003623188406,330.30888697152716,1,0.0,0.32539836485074664,0.450642136341258,1777960234.8016937,5,/Users/kimsumin/projects/RGMC/data/map/robot14/images/0966.png,/Users/kimsumin/projects/RGMC/data/map/robot14/overlays/0966_overlay.png,/Users/kimsumin/projects/RGMC/data/map/robot14/masks/0966_mask.png
967,0.66625,0.90625,0.0,170.55017301038063,317.481449525453,1,0.0,0.014380153461610192,0.03208295204699949,1777960245.6432924,5,/Users/kimsumin/projects/RGMC/data/map/robot14/images/0967.png,/Users/kimsumin/projects/RGMC/data/map/robot14/overlays/0967_overlay.png,/Users/kimsumin/projects/RGMC/data/map/robot14/masks/0967_mask.png
968,0.636875,0.90625,0.0,170.6439600363306,304.29936880072137,1,0.0,0.028935298538598855,0.0736385925512611,1777960257.1373584,5,/Users/kimsumin/projects/RGMC/data/map/robot14/images/0968.png,/Users/kimsumin/projects/RGMC/data/map/robot14/overlays/0968_overlay.png,/Users/kimsumin/projects/RGMC/data/map/robot14/masks/0968_mask.png
969,0.6074999999999999,0.90625,0.0,170.74888691006234,290.4835262689225,1,0.0,0.037084986075002754,0.29284892373452137,1777960267.9749885,5,/Users/kimsumin/projects/RGMC/data/map/robot14/images/0969.png,/Users/kimsumin/projects/RGMC/data/map/robot14/overlays/0969_overlay.png,/Users/kimsumin/projects/RGMC/data/map/robot14/masks/0969_mask.png
970,0.578125,0.90625,0.0,170.76131322094054,277.31095406360424,1,0.0,0.2877146666499796,0.10248465565630867,1777960278.8352702,5,/Users/kimsumin/projects/RGMC/data/map/robot14/images/0970.png,/Users/kimsumin/projects/RGMC/data/map/robot14/overlays/0970_overlay.png,/Users/kimsumin/projects/RGMC/data/map/robot14/masks/0970_mask.png
971,0.54875,0.90625,0.0,170.6888273314866,263.7537037037037,1,0.0,0.024551929413698218,0.06630502192528369,1777960289.7006023,5,/Users/kimsumin/projects/RGMC/data/map/robot14/images/0971.png,/Users/kimsumin/projects/RGMC/data/map/robot14/overlays/0971_overlay.png,/Users/kimsumin/projects/RGMC/data/map/robot14/masks/0971_mask.png
972,0.5193749999999999,0.90625,0.0,170.66367713004485,250.13786929274843,1,0.0,0.017058197225341763,0.016170739224228937,1777960300.305823,5,/Users/kimsumin/projects/RGMC/data/map/robot14/images/0972.png,/Users/kimsumin/projects/RGMC/data/map/robot14/overlays/0972_overlay.png,/Users/kimsumin/projects/RGMC/data/map/robot14/masks/0972_mask.png
973,0.49,0.90625,0.0,170.9277108433735,237.3591065292096,1,0.0,0.029743114537978673,0.04587082666860807,1777960310.7232234,5,/Users/kimsumin/projects/RGMC/data/map/robot14/images/0973.png,/Users/kimsumin/projects/RGMC/data/map/robot14/overlays/0973_overlay.png,/Users/kimsumin/projects/RGMC/data/map/robot14/masks/0973_mask.png
974,0.460625,0.90625,0.0,170.94664371772805,224.557278208441,1,0.0,0.06815907034835378,0.09939496851444994,1777960321.24091,5,/Users/kimsumin/projects/RGMC/data/map/robot14/images/0974.png,/Users/kimsumin/projects/RGMC/data/map/robot14/overlays/0974_overlay.png,/Users/kimsumin/projects/RGMC/data/map/robot14/masks/0974_mask.png
975,0.43125,0.90625,0.0,171.08149405772497,211.04584040747028,1,0.0,0.030331257462624443,0.17650872423584918,1777960331.9985569,5,/Users/kimsumin/projects/RGMC/data/map/robot14/images/0975.png,/Users/kimsumin/projects/RGMC/data/map/robot14/overlays/0975_overlay.png,/Users/kimsumin/projects/RGMC/data/map/robot14/masks/0975_mask.png
976,0.401875,0.90625,0.0,171.35099913119026,197.57080799304953,1,0.0,0.030012852498943723,0.040605725551579375,1777960342.6812341,5,/Users/kimsumin/projects/RGMC/data/map/robot14/images/0976.png,/Users/kimsumin/projects/RGMC/data/map/robot14/overlays/0976_overlay.png,/Users/kimsumin/projects/RGMC/data/map/robot14/masks/0976_mask.png
977,0.3725,0.90625,0.0,171.5249343832021,184.69656992084433,1,0.0,0.034054738217693364,0.06026003036346722,1777960353.2715373,5,/Users/kimsumin/projects/RGMC/data/map/robot14/images/0977.png,/Users/kimsumin/projects/RGMC/data/map/robot14/overlays/0977_overlay.png,/Users/kimsumin/projects/RGMC/data/map/robot14/masks/0977_mask.png
978,0.343125,0.90625,0.0,171.73996350364965,171.35127737226279,1,0.0,0.10887672646494112,0.07708369179698439,1777960364.020573,5,/Users/kimsumin/projects/RGMC/data/map/robot14/images/0978.png,/Users/kimsumin/projects/RGMC/data/map/robot14/overlays/0978_overlay.png,/Users/kimsumin/projects/RGMC/data/map/robot14/masks/0978_mask.png
979,0.31375,0.90625,0.0,171.75904677846427,157.74715660542432,1,0.0,0.07574687787523807,0.06768568845720914,1777960374.6914759,5,/Users/kimsumin/projects/RGMC/data/map/robot14/images/0979.png,/Users/kimsumin/projects/RGMC/data/map/robot14/overlays/0979_overlay.png,/Users/kimsumin/projects/RGMC/data/map/robot14/masks/0979_mask.png
980,0.284375,0.90625,0.0,171.93942054433714,144.76424189307625,1,0.0,0.05547274641956181,0.04979400168965917,1777960385.3138394,5,/Users/kimsumin/projects/RGMC/data/map/robot14/images/0980.png,/Users/kimsumin/projects/RGMC/data/map/robot14/overlays/0980_overlay.png,/Users/kimsumin/projects/RGMC/data/map/robot14/masks/0980_mask.png
981,0.255,0.90625,0.0,171.77318640955005,131.38108356290175,1,0.0,0.02708603046750728,0.014207585933009364,1777960395.966417,5,/Users/kimsumin/projects/RGMC/data/map/robot14/images/0981.png,/Users/kimsumin/projects/RGMC/data/map/robot14/overlays/0981_overlay.png,/Users/kimsumin/projects/RGMC/data/map/robot14/masks/0981_mask.png
982,0.225625,0.90625,0.0,171.9905172413793,117.68879310344828,1,0.0,0.011502335426021604,0.049454244691295834,1777960406.847863,5,/Users/kimsumin/projects/RGMC/data/map/robot14/images/0982.png,/Users/kimsumin/projects/RGMC/data/map/robot14/overlays/0982_overlay.png,/Users/kimsumin/projects/RGMC/data/map/robot14/masks/0982_mask.png
983,0.19624999999999998,0.90625,0.0,172.08010563380282,104.46038732394366,1,0.0,0.05995194130380786,0.04222388613638408,1777960417.5854542,5,/Users/kimsumin/projects/RGMC/data/map/robot14/images/0983.png,/Users/kimsumin/projects/RGMC/data/map/robot14/overlays/0983_overlay.png,/Users/kimsumin/projects/RGMC/data/map/robot14/masks/0983_mask.png
984,0.16687499999999997,0.90625,0.0,172.06486486486486,91.26348920863309,1,0.0,0.01845519494355436,0.03987878749218849,1777960428.3271232,5,/Users/kimsumin/projects/RGMC/data/map/robot14/images/0984.png,/Users/kimsumin/projects/RGMC/data/map/robot14/overlays/0984_overlay.png,/Users/kimsumin/projects/RGMC/data/map/robot14/masks/0984_mask.png
985,0.13749999999999998,0.90625,0.0,172.43345008756566,77.36828193832599,1,0.0,0.3474779138016577,0.06345304566636259,1777960438.9743524,5,/Users/kimsumin/projects/RGMC/data/map/robot14/images/0985.png,/Users/kimsumin/projects/RGMC/data/map/robot14/overlays/0985_overlay.png,/Users/kimsumin/projects/RGMC/data/map/robot14/masks/0985_mask.png
986,0.108125,0.90625,0.0,172.24622222222223,64.18488888888889,1,0.0,0.03181713178648809,0.06487794105292871,1777960450.5454695,5,/Users/kimsumin/projects/RGMC/data/map/robot14/images/0986.png,/Users/kimsumin/projects/RGMC/data/map/robot14/overlays/0986_overlay.png,/Users/kimsumin/projects/RGMC/data/map/robot14/masks/0986_mask.png
987,0.07875,0.90625,0.0,173.0703642384106,49.9406430338005,1,0.0,0.03447722814617185,0.03796938445369299,1777960461.5103633,5,/Users/kimsumin/projects/RGMC/data/map/robot14/images/0987.png,/Users/kimsumin/projects/RGMC/data/map/robot14/overlays/0987_overlay.png,/Users/kimsumin/projects/RGMC/data/map/robot14/masks/0987_mask.png
988,0.049375,0.90625,0.0,173.2660472972973,36.958088851634535,1,0.0,0.045466838303046424,0.028088913000567536,1777960472.5646803,5,/Users/kimsumin/projects/RGMC/data/map/robot14/images/0988.png,/Users/kimsumin/projects/RGMC/data/map/robot14/overlays/0988_overlay.png,/Users/kimsumin/projects/RGMC/data/map/robot14/masks/0988_mask.png
989,0.02,0.90625,0.0,173.64367816091954,23.032840722495894,1,0.0,0.04377031089240595,0.3390155576647941,1777960484.7505882,5,/Users/kimsumin/projects/RGMC/data/map/robot14/images/0989.png,/Users/kimsumin/projects/RGMC/data/map/robot14/overlays/0989_overlay.png,/Users/kimsumin/projects/RGMC/data/map/robot14/masks/0989_mask.png
990,0.02,0.9375,0.0,159.1606086221471,22.540842648323302,1,0.0,0.0718366501895994,0.09126920374634924,1777960495.5031812,5,/Users/kimsumin/projects/RGMC/data/map/robot14/images/0990.png,/Users/kimsumin/projects/RGMC/data/map/robot14/overlays/0990_overlay.png,/Users/kimsumin/projects/RGMC/data/map/robot14/masks/0990_mask.png
991,0.049375,0.9375,0.0,159.07510917030567,36.56956521739131,1,0.0,0.019496675195121806,0.06488218372036522,1777960506.5619965,5,/Users/kimsumin/projects/RGMC/data/map/robot14/images/0991.png,/Users/kimsumin/projects/RGMC/data/map/robot14/overlays/0991_overlay.png,/Users/kimsumin/projects/RGMC/data/map/robot14/masks/0991_mask.png
992,0.07875,0.9375,0.0,158.83391003460207,49.48487467588591,1,0.0,0.016868925913022713,0.030121198821566813,1777960517.4095495,5,/Users/kimsumin/projects/RGMC/data/map/robot14/images/0992.png,/Users/kimsumin/projects/RGMC/data/map/robot14/overlays/0992_overlay.png,/Users/kimsumin/projects/RGMC/data/map/robot14/masks/0992_mask.png
993,0.108125,0.9375,0.0,158.6465590484282,62.26820908311911,1,0.0,0.028122686238673165,0.09755630531158067,1777960528.1638675,5,/Users/kimsumin/projects/RGMC/data/map/robot14/images/0993.png,/Users/kimsumin/projects/RGMC/data/map/robot14/overlays/0993_overlay.png,/Users/kimsumin/projects/RGMC/data/map/robot14/masks/0993_mask.png
994,0.13749999999999998,0.9375,0.0,158.71774193548387,76.53755656108598,1,0.0,0.027012298093858265,0.1296145449893907,1777960539.633284,5,/Users/kimsumin/projects/RGMC/data/map/robot14/images/0994.png,/Users/kimsumin/projects/RGMC/data/map/robot14/overlays/0994_overlay.png,/Users/kimsumin/projects/RGMC/data/map/robot14/masks/0994_mask.png
995,0.16687499999999997,0.9375,0.0,158.75261324041813,89.87346221441125,1,0.0,0.03982239628252168,0.04555147234425913,1777960550.3871915,5,/Users/kimsumin/projects/RGMC/data/map/robot14/images/0995.png,/Users/kimsumin/projects/RGMC/data/map/robot14/overlays/0995_overlay.png,/Users/kimsumin/projects/RGMC/data/map/robot14/masks/0995_mask.png
996,0.19624999999999998,0.9375,0.0,158.06689834926152,103.55306298533219,1,0.0,0.24327959571276092,0.11240921030089107,1777960561.3459313,5,/Users/kimsumin/projects/RGMC/data/map/robot14/images/0996.png,/Users/kimsumin/projects/RGMC/data/map/robot14/overlays/0996_overlay.png,/Users/kimsumin/projects/RGMC/data/map/robot14/masks/0996_mask.png
997,0.225625,0.9375,0.0,158.2648888888889,116.92437722419929,1,0.0,0.08276509254781592,0.0556007347203977,1777960572.2017596,5,/Users/kimsumin/projects/RGMC/data/map/robot14/images/0997.png,/Users/kimsumin/projects/RGMC/data/map/robot14/overlays/0997_overlay.png,/Users/kimsumin/projects/RGMC/data/map/robot14/masks/0997_mask.png
998,0.255,0.9375,0.0,157.4005080440305,129.753367003367,1,0.0,0.046222676314244836,0.03402427355806483,1777960582.9490464,5,/Users/kimsumin/projects/RGMC/data/map/robot14/images/0998.png,/Users/kimsumin/projects/RGMC/data/map/robot14/overlays/0998_overlay.png,/Users/kimsumin/projects/RGMC/data/map/robot14/masks/0998_mask.png
999,0.284375,0.9375,0.0,157.48323301805675,143.71810344827585,1,0.0,0.08803108579951434,0.03561710712234576,1777960593.701709,5,/Users/kimsumin/projects/RGMC/data/map/robot14/images/0999.png,/Users/kimsumin/projects/RGMC/data/map/robot14/overlays/0999_overlay.png,/Users/kimsumin/projects/RGMC/data/map/robot14/masks/0999_mask.png
1000,0.31375,0.9375,0.0,157.98297491039426,156.98382749326146,1,0.0,0.06915371950513044,0.06475962026744364,1777960604.4659982,5,/Users/kimsumin/projects/RGMC/data/map/robot14/images/1000.png,/Users/kimsumin/projects/RGMC/data/map/robot14/overlays/1000_overlay.png,/Users/kimsumin/projects/RGMC/data/map/robot14/masks/1000_mask.png
1001,0.343125,0.9375,0.0,157.2409948542024,169.86262798634812,1,0.0,0.3296735338330241,0.08846710648812633,1777960615.2096243,5,/Users/kimsumin/projects/RGMC/data/map/robot14/images/1001.png,/Users/kimsumin/projects/RGMC/data/map/robot14/overlays/1001_overlay.png,/Users/kimsumin/projects/RGMC/data/map/robot14/masks/1001_mask.png
1002,0.3725,0.9375,0.0,156.2309688581315,184.11525423728813,1,0.0,0.2218832575850533,0.06441588512002021,1777960626.1718378,5,/Users/kimsumin/projects/RGMC/data/map/robot14/images/1002.png,/Users/kimsumin/projects/RGMC/data/map/robot14/overlays/1002_overlay.png,/Users/kimsumin/projects/RGMC/data/map/robot14/masks/1002_mask.png
1003,0.401875,0.9375,0.0,156.2069264069264,197.21006944444446,1,0.0,0.24967254585124118,0.028601146390206528,1777960636.925507,5,/Users/kimsumin/projects/RGMC/data/map/robot14/images/1003.png,/Users/kimsumin/projects/RGMC/data/map/robot14/overlays/1003_overlay.png,/Users/kimsumin/projects/RGMC/data/map/robot14/masks/1003_mask.png
1004,0.43125,0.9375,0.0,156.40322580645162,210.15587734241907,1,0.0,0.10967412025491473,0.017919117708637196,1777960647.7781765,5,/Users/kimsumin/projects/RGMC/data/map/robot14/images/1004.png,/Users/kimsumin/projects/RGMC/data/map/robot14/overlays/1004_overlay.png,/Users/kimsumin/projects/RGMC/data/map/robot14/masks/1004_mask.png
1005,0.460625,0.9375,0.0,155.7457337883959,223.17062818336163,1,0.0,0.09052678592309188,0.07679572588905662,1777960658.5380292,5,/Users/kimsumin/projects/RGMC/data/map/robot14/images/1005.png,/Users/kimsumin/projects/RGMC/data/map/robot14/overlays/1005_overlay.png,/Users/kimsumin/projects/RGMC/data/map/robot14/masks/1005_mask.png
1006,0.49,0.9375,0.0,155.96346644010197,237.05097706032285,1,0.0,0.02670393772848104,0.022190253452955472,1777960669.3799129,5,/Users/kimsumin/projects/RGMC/data/map/robot14/images/1006.png,/Users/kimsumin/projects/RGMC/data/map/robot14/overlays/1006_overlay.png,/Users/kimsumin/projects/RGMC/data/map/robot14/masks/1006_mask.png
1007,0.5193749999999999,0.9375,0.0,155.8698224852071,249.7527706734868,1,0.0,0.03163389379938105,0.05656266813265571,1777960680.047069,5,/Users/kimsumin/projects/RGMC/data/map/robot14/images/1007.png,/Users/kimsumin/projects/RGMC/data/map/robot14/overlays/1007_overlay.png,/Users/kimsumin/projects/RGMC/data/map/robot14/masks/1007_mask.png
1008,0.54875,0.9375,0.0,155.8375325803649,262.764960971379,1,0.0,0.023002181136024816,0.32136193326456103,1777960690.8979924,5,/Users/kimsumin/projects/RGMC/data/map/robot14/images/1008.png,/Users/kimsumin/projects/RGMC/data/map/robot14/overlays/1008_overlay.png,/Users/kimsumin/projects/RGMC/data/map/robot14/masks/1008_mask.png
1009,0.578125,0.9375,0.0,155.80569948186528,276.9229437229437,1,0.0,0.024593760314626636,0.05188983270594043,1777960701.686964,5,/Users/kimsumin/projects/RGMC/data/map/robot14/images/1009.png,/Users/kimsumin/projects/RGMC/data/map/robot14/overlays/1009_overlay.png,/Users/kimsumin/projects/RGMC/data/map/robot14/masks/1009_mask.png
1010,0.6074999999999999,0.9375,0.0,155.7214101461737,290.0181818181818,1,0.0,0.048905609828616275,0.07530226705434091,1777960712.3847082,5,/Users/kimsumin/projects/RGMC/data/map/robot14/images/1010.png,/Users/kimsumin/projects/RGMC/data/map/robot14/overlays/1010_overlay.png,/Users/kimsumin/projects/RGMC/data/map/robot14/masks/1010_mask.png
1011,0.636875,0.9375,0.0,155.68425681618294,303.06742556917686,1,0.0,0.038570447640658846,0.3742032929943305,1777960723.7609863,5,/Users/kimsumin/projects/RGMC/data/map/robot14/images/1011.png,/Users/kimsumin/projects/RGMC/data/map/robot14/overlays/1011_overlay.png,/Users/kimsumin/projects/RGMC/data/map/robot14/masks/1011_mask.png
1012,0.66625,0.9375,0.0,155.51475694444446,317.1590319792567,1,0.0,0.030659788787714894,0.054713875829017856,1777960734.610634,5,/Users/kimsumin/projects/RGMC/data/map/robot14/images/1012.png,/Users/kimsumin/projects/RGMC/data/map/robot14/overlays/1012_overlay.png,/Users/kimsumin/projects/RGMC/data/map/robot14/masks/1012_mask.png
1013,0.6956249999999999,0.9375,0.0,155.28793103448277,330.0379965457686,1,0.0,0.03505536354725175,0.050287097995890505,1777960745.5741222,5,/Users/kimsumin/projects/RGMC/data/map/robot14/images/1013.png,/Users/kimsumin/projects/RGMC/data/map/robot14/overlays/1013_overlay.png,/Users/kimsumin/projects/RGMC/data/map/robot14/masks/1013_mask.png
1014,0.725,0.9375,0.0,155.23348017621146,344.00704845814977,1,0.0,0.03819597463358216,0.04254469109267815,1777960756.5849574,5,/Users/kimsumin/projects/RGMC/data/map/robot14/images/1014.png,/Users/kimsumin/projects/RGMC/data/map/robot14/overlays/1014_overlay.png,/Users/kimsumin/projects/RGMC/data/map/robot14/masks/1014_mask.png
1015,0.754375,0.9375,0.0,155.23043852106622,357.3542562338779,1,0.0,0.08077499086574147,0.05672772508891529,1777960767.267805,5,/Users/kimsumin/projects/RGMC/data/map/robot14/images/1015.png,/Users/kimsumin/projects/RGMC/data/map/robot14/overlays/1015_overlay.png,/Users/kimsumin/projects/RGMC/data/map/robot14/masks/1015_mask.png
1016,0.78375,0.9375,0.0,155.0298380221654,370.4535379369139,1,0.0,0.023238159973472682,0.06248818361281425,1777960778.2225342,5,/Users/kimsumin/projects/RGMC/data/map/robot14/images/1016.png,/Users/kimsumin/projects/RGMC/data/map/robot14/overlays/1016_overlay.png,/Users/kimsumin/projects/RGMC/data/map/robot14/masks/1016_mask.png
1017,0.813125,0.9375,0.0,154.99052540913007,384.48445595854923,1,0.0,0.04323301794137668,0.006870287485083489,1777960789.001737,5,/Users/kimsumin/projects/RGMC/data/map/robot14/images/1017.png,/Users/kimsumin/projects/RGMC/data/map/robot14/overlays/1017_overlay.png,/Users/kimsumin/projects/RGMC/data/map/robot14/masks/1017_mask.png
1018,0.8425,0.9375,0.0,155.1012658227848,397.5308016877637,1,0.0,0.07999203611089512,0.036036612796777896,1777960799.934305,5,/Users/kimsumin/projects/RGMC/data/map/robot14/images/1018.png,/Users/kimsumin/projects/RGMC/data/map/robot14/overlays/1018_overlay.png,/Users/kimsumin/projects/RGMC/data/map/robot14/masks/1018_mask.png
1019,0.871875,0.9375,0.0,155.04249783174328,410.33564614050306,1,0.0,0.025754739294665173,0.02930212752740594,1777960810.9992132,5,/Users/kimsumin/projects/RGMC/data/map/robot14/images/1019.png,/Users/kimsumin/projects/RGMC/data/map/robot14/overlays/1019_overlay.png,/Users/kimsumin/projects/RGMC/data/map/robot14/masks/1019_mask.png
1020,0.90125,0.9375,0.0,154.8077922077922,424.6155844155844,1,0.0,0.022994439215780777,0.01724337072493754,1777960821.8474514,5,/Users/kimsumin/projects/RGMC/data/map/robot14/images/1020.png,/Users/kimsumin/projects/RGMC/data/map/robot14/overlays/1020_overlay.png,/Users/kimsumin/projects/RGMC/data/map/robot14/masks/1020_mask.png
1021,0.9306249999999999,0.9375,0.0,155.01799485861181,437.67694944301627,1,0.0,0.07167394557450493,0.07255830168090209,1777960833.6611514,5,/Users/kimsumin/projects/RGMC/data/map/robot14/images/1021.png,/Users/kimsumin/projects/RGMC/data/map/robot14/overlays/1021_overlay.png,/Users/kimsumin/projects/RGMC/data/map/robot14/masks/1021_mask.png
1022,0.96,0.9375,0.0,154.6917808219178,450.26569217540845,1,0.0,0.015881579713769127,0.030806134591073533,1777960844.3979018,5,/Users/kimsumin/projects/RGMC/data/map/robot14/images/1022.png,/Users/kimsumin/projects/RGMC/data/map/robot14/overlays/1022_overlay.png,/Users/kimsumin/projects/RGMC/data/map/robot14/masks/1022_mask.png
1023,0.96,0.96875,0.0,139.82675814751286,450.36277873070327,1,0.0,0.02937595955776135,0.04581791451744706,1777960856.0532205,5,/Users/kimsumin/projects/RGMC/data/map/robot14/images/1023.png,/Users/kimsumin/projects/RGMC/data/map/robot14/overlays/1023_overlay.png,/Users/kimsumin/projects/RGMC/data/map/robot14/masks/1023_mask.png
1024,0.9306249999999999,0.96875,0.0,139.7760814249364,437.9372349448685,1,0.0,0.01361212679518567,0.08326195761190378,1777960866.9019532,5,/Users/kimsumin/projects/RGMC/data/map/robot14/images/1024.png,/Users/kimsumin/projects/RGMC/data/map/robot14/overlays/1024_overlay.png,/Users/kimsumin/projects/RGMC/data/map/robot14/masks/1024_mask.png
1025,0.90125,0.96875,0.0,139.88189655172414,424.7087294727744,1,0.0,0.011047176679194453,0.03901855161562825,1777960877.5529804,5,/Users/kimsumin/projects/RGMC/data/map/robot14/images/1025.png,/Users/kimsumin/projects/RGMC/data/map/robot14/overlays/1025_overlay.png,/Users/kimsumin/projects/RGMC/data/map/robot14/masks/1025_mask.png
1026,0.871875,0.96875,0.0,140.0171526586621,410.6890034364261,1,0.0,0.16228340993036788,0.02513416453331696,1777960888.319145,5,/Users/kimsumin/projects/RGMC/data/map/robot14/images/1026.png,/Users/kimsumin/projects/RGMC/data/map/robot14/overlays/1026_overlay.png,/Users/kimsumin/projects/RGMC/data/map/robot14/masks/1026_mask.png
1027,0.8425,0.96875,0.0,140.00513259195893,397.9795046968403,1,0.0,0.03249136014872177,0.07400444246112747,1777960899.1621933,5,/Users/kimsumin/projects/RGMC/data/map/robot14/images/1027.png,/Users/kimsumin/projects/RGMC/data/map/robot14/overlays/1027_overlay.png,/Users/kimsumin/projects/RGMC/data/map/robot14/masks/1027_mask.png
1028,0.813125,0.96875,0.0,140.08913412563666,385.02546689303904,1,0.0,0.042020694683284655,0.03827092392568928,1777960910.328887,5,/Users/kimsumin/projects/RGMC/data/map/robot14/images/1028.png,/Users/kimsumin/projects/RGMC/data/map/robot14/overlays/1028_overlay.png,/Users/kimsumin/projects/RGMC/data/map/robot14/masks/1028_mask.png
1029,0.78375,0.96875,0.0,140.1773231031543,370.6290598290598,1,0.0,0.22094842170946835,0.03689344251054048,1777960921.1915438,5,/Users/kimsumin/projects/RGMC/data/map/robot14/images/1029.png,/Users/kimsumin/projects/RGMC/data/map/robot14/overlays/1029_overlay.png,/Users/kimsumin/projects/RGMC/data/map/robot14/masks/1029_mask.png
1030,0.754375,0.96875,0.0,140.24933920704845,357.55441302485,1,0.0,0.2606868877216686,0.06717164743189916,1777960931.9375792,5,/Users/kimsumin/projects/RGMC/data/map/robot14/images/1030.png,/Users/kimsumin/projects/RGMC/data/map/robot14/overlays/1030_overlay.png,/Users/kimsumin/projects/RGMC/data/map/robot14/masks/1030_mask.png
1031,0.725,0.96875,0.0,140.90488431876608,344.5552699228792,1,0.0,0.057795939579854655,0.046308710378833134,1777960942.6848903,5,/Users/kimsumin/projects/RGMC/data/map/robot14/images/1031.png,/Users/kimsumin/projects/RGMC/data/map/robot14/overlays/1031_overlay.png,/Users/kimsumin/projects/RGMC/data/map/robot14/masks/1031_mask.png
1032,0.6956249999999999,0.96875,0.0,141.2625550660793,330.36309523809524,1,0.0,0.03685581069851062,0.44045056016624956,1777960953.4484448,5,/Users/kimsumin/projects/RGMC/data/map/robot14/images/1032.png,/Users/kimsumin/projects/RGMC/data/map/robot14/overlays/1032_overlay.png,/Users/kimsumin/projects/RGMC/data/map/robot14/masks/1032_mask.png
1033,0.66625,0.96875,0.0,142.01512455516016,317.3559471365639,1,0.0,0.4720786231000748,0.0544782285516696,1777960964.289216,5,/Users/kimsumin/projects/RGMC/data/map/robot14/images/1033.png,/Users/kimsumin/projects/RGMC/data/map/robot14/overlays/1033_overlay.png,/Users/kimsumin/projects/RGMC/data/map/robot14/masks/1033_mask.png
1034,0.636875,0.96875,0.0,141.50308370044053,303.7735682819383,1,0.0,0.06482317482562869,0.06299354181325813,1777960975.4607875,5,/Users/kimsumin/projects/RGMC/data/map/robot14/images/1034.png,/Users/kimsumin/projects/RGMC/data/map/robot14/overlays/1034_overlay.png,/Users/kimsumin/projects/RGMC/data/map/robot14/masks/1034_mask.png
1035,0.6074999999999999,0.96875,0.0,142.2661934338953,290.18534863195055,1,0.0,0.04815551031264979,0.04334316675164636,1777960986.2864366,5,/Users/kimsumin/projects/RGMC/data/map/robot14/images/1035.png,/Users/kimsumin/projects/RGMC/data/map/robot14/overlays/1035_overlay.png,/Users/kimsumin/projects/RGMC/data/map/robot14/masks/1035_mask.png
1036,0.578125,0.96875,0.0,142.4972972972973,276.99910714285716,1,0.0,0.029047351062701034,0.025041056647675537,1777960997.1572142,5,/Users/kimsumin/projects/RGMC/data/map/robot14/images/1036.png,/Users/kimsumin/projects/RGMC/data/map/robot14/overlays/1036_overlay.png,/Users/kimsumin/projects/RGMC/data/map/robot14/masks/1036_mask.png
1037,0.54875,0.96875,0.0,142.02319357716325,263.74241030358786,1,0.0,0.3255540779234346,0.29367118466659,1777961008.013909,5,/Users/kimsumin/projects/RGMC/data/map/robot14/images/1037.png,/Users/kimsumin/projects/RGMC/data/map/robot14/overlays/1037_overlay.png,/Users/kimsumin/projects/RGMC/data/map/robot14/masks/1037_mask.png
1038,0.5193749999999999,0.96875,0.0,142.48321554770317,250.05207413945277,1,0.0,0.04950181022756965,0.0488758061891461,1777961018.868762,5,/Users/kimsumin/projects/RGMC/data/map/robot14/images/1038.png,/Users/kimsumin/projects/RGMC/data/map/robot14/overlays/1038_overlay.png,/Users/kimsumin/projects/RGMC/data/map/robot14/masks/1038_mask.png
1039,0.49,0.96875,0.0,142.64827586206897,237.37185056472632,1,0.0,0.057272315478491646,0.03195687191986113,1777961029.953376,5,/Users/kimsumin/projects/RGMC/data/map/robot14/images/1039.png,/Users/kimsumin/projects/RGMC/data/map/robot14/overlays/1039_overlay.png,/Users/kimsumin/projects/RGMC/data/map/robot14/masks/1039_mask.png
1040,0.460625,0.96875,0.0,142.72750210260725,223.77104377104376,1,0.0,0.046366222379244086,0.07531575117136016,1777961040.5825496,5,/Users/kimsumin/projects/RGMC/data/map/robot14/images/1040.png,/Users/kimsumin/projects/RGMC/data/map/robot14/overlays/1040_overlay.png,/Users/kimsumin/projects/RGMC/data/map/robot14/masks/1040_mask.png
1041,0.43125,0.96875,0.0,142.87914893617022,210.52595744680852,1,0.0,0.019695606163100118,0.03354535651310215,1777961051.2253234,5,/Users/kimsumin/projects/RGMC/data/map/robot14/images/1041.png,/Users/kimsumin/projects/RGMC/data/map/robot14/overlays/1041_overlay.png,/Users/kimsumin/projects/RGMC/data/map/robot14/masks/1041_mask.png
1042,0.401875,0.96875,0.0,142.9169520547945,197.71330472103006,1,0.0,0.033132445745793104,0.031876444197467414,1777961062.0634117,5,/Users/kimsumin/projects/RGMC/data/map/robot14/images/1042.png,/Users/kimsumin/projects/RGMC/data/map/robot14/overlays/1042_overlay.png,/Users/kimsumin/projects/RGMC/data/map/robot14/masks/1042_mask.png
1043,0.3725,0.96875,0.0,142.93787234042554,184.83544303797467,1,0.0,0.05758930787069297,0.01605441224181414,1777961072.9360847,5,/Users/kimsumin/projects/RGMC/data/map/robot14/images/1043.png,/Users/kimsumin/projects/RGMC/data/map/robot14/overlays/1043_overlay.png,/Users/kimsumin/projects/RGMC/data/map/robot14/masks/1043_mask.png
1044,0.343125,0.96875,0.0,143.23444544634805,171.0592459605027,1,0.0,0.02923119628534556,0.03397545237502631,1777961084.2100968,5,/Users/kimsumin/projects/RGMC/data/map/robot14/images/1044.png,/Users/kimsumin/projects/RGMC/data/map/robot14/overlays/1044_overlay.png,/Users/kimsumin/projects/RGMC/data/map/robot14/masks/1044_mask.png
1045,0.31375,0.96875,0.0,143.28283712784588,157.17425569176882,1,0.0,0.04634702405388809,0.06607871283212993,1777961095.0634184,5,/Users/kimsumin/projects/RGMC/data/map/robot14/images/1045.png,/Users/kimsumin/projects/RGMC/data/map/robot14/overlays/1045_overlay.png,/Users/kimsumin/projects/RGMC/data/map/robot14/masks/1045_mask.png
1046,0.284375,0.96875,0.0,143.24245038826575,144.39036973344798,1,0.0,0.06975896225924208,0.06854951326621549,1777961105.9148707,5,/Users/kimsumin/projects/RGMC/data/map/robot14/images/1046.png,/Users/kimsumin/projects/RGMC/data/map/robot14/overlays/1046_overlay.png,/Users/kimsumin/projects/RGMC/data/map/robot14/masks/1046_mask.png
1047,0.255,0.96875,0.0,143.22698268003646,131.10027347310847,1,0.0,0.05055562133975245,0.3223148844263791,1777961117.4148269,5,/Users/kimsumin/projects/RGMC/data/map/robot14/images/1047.png,/Users/kimsumin/projects/RGMC/data/map/robot14/overlays/1047_overlay.png,/Users/kimsumin/projects/RGMC/data/map/robot14/masks/1047_mask.png
1048,0.225625,0.96875,0.0,143.5655233069481,117.01222707423581,1,0.0,0.06648316669391824,0.04665514959803401,1777961128.1346319,5,/Users/kimsumin/projects/RGMC/data/map/robot14/images/1048.png,/Users/kimsumin/projects/RGMC/data/map/robot14/overlays/1048_overlay.png,/Users/kimsumin/projects/RGMC/data/map/robot14/masks/1048_mask.png
1049,0.19624999999999998,0.96875,0.0,143.75089285714284,104.12455197132617,1,0.0,0.031403672317334,0.02794777438438303,1777961139.0900836,5,/Users/kimsumin/projects/RGMC/data/map/robot14/images/1049.png,/Users/kimsumin/projects/RGMC/data/map/robot14/overlays/1049_overlay.png,/Users/kimsumin/projects/RGMC/data/map/robot14/masks/1049_mask.png
1050,0.16687499999999997,0.96875,0.0,143.52245250431778,90.08362068965518,1,0.0,0.030480848920506804,0.4578516436877928,1777961149.9407809,5,/Users/kimsumin/projects/RGMC/data/map/robot14/images/1050.png,/Users/kimsumin/projects/RGMC/data/map/robot14/overlays/1050_overlay.png,/Users/kimsumin/projects/RGMC/data/map/robot14/masks/1050_mask.png
1051,0.13749999999999998,0.96875,0.0,143.80721830985917,77.14235500878735,1,0.0,0.06537046520217753,0.05945074986960396,1777961160.7096903,5,/Users/kimsumin/projects/RGMC/data/map/robot14/images/1051.png,/Users/kimsumin/projects/RGMC/data/map/robot14/overlays/1051_overlay.png,/Users/kimsumin/projects/RGMC/data/map/robot14/masks/1051_mask.png
1052,0.108125,0.96875,0.0,143.59594251901945,62.9002557544757,1,0.0,0.04185444822444899,0.17429698592763604,1777961171.8643787,5,/Users/kimsumin/projects/RGMC/data/map/robot14/images/1052.png,/Users/kimsumin/projects/RGMC/data/map/robot14/overlays/1052_overlay.png,/Users/kimsumin/projects/RGMC/data/map/robot14/masks/1052_mask.png
1053,0.07875,0.96875,0.0,143.92832764505118,49.69283276450512,1,0.0,0.027694954551944994,0.039419932521479156,1777961182.6020231,5,/Users/kimsumin/projects/RGMC/data/map/robot14/images/1053.png,/Users/kimsumin/projects/RGMC/data/map/robot14/overlays/1053_overlay.png,/Users/kimsumin/projects/RGMC/data/map/robot14/masks/1053_mask.png
1054,0.049375,0.96875,0.0,144.26909722222223,36.701647875108414,1,0.0,0.03338887490337929,0.035181529178106116,1777961193.2585807,5,/Users/kimsumin/projects/RGMC/data/map/robot14/images/1054.png,/Users/kimsumin/projects/RGMC/data/map/robot14/overlays/1054_overlay.png,/Users/kimsumin/projects/RGMC/data/map/robot14/masks/1054_mask.png
1055,0.02,0.96875,0.0,145.20678246484698,22.34829592684954,1,0.0,0.05115441379489152,0.04895405164263747,1777961204.0055487,5,/Users/kimsumin/projects/RGMC/data/map/robot14/images/1055.png,/Users/kimsumin/projects/RGMC/data/map/robot14/overlays/1055_overlay.png,/Users/kimsumin/projects/RGMC/data/map/robot14/masks/1055_mask.png
1056,0.02,1.0,0.0,130.94826123833758,21.96572407883462,1,0.0,0.03389200763097406,0.05923489461518955,1777961214.6570504,5,/Users/kimsumin/projects/RGMC/data/map/robot14/images/1056.png,/Users/kimsumin/projects/RGMC/data/map/robot14/overlays/1056_overlay.png,/Users/kimsumin/projects/RGMC/data/map/robot14/masks/1056_mask.png
1057,0.049375,1.0,0.0,130.51760563380282,36.08531222515391,1,0.0,0.24358692065147716,0.07409548303430183,1777961225.4084215,5,/Users/kimsumin/projects/RGMC/data/map/robot14/images/1057.png,/Users/kimsumin/projects/RGMC/data/map/robot14/overlays/1057_overlay.png,/Users/kimsumin/projects/RGMC/data/map/robot14/masks/1057_mask.png
1058,0.07875,1.0,0.0,129.79163179916318,49.149913344887345,1,0.0,0.3450516141487543,0.07067587167601143,1777961236.0538776,5,/Users/kimsumin/projects/RGMC/data/map/robot14/images/1058.png,/Users/kimsumin/projects/RGMC/data/map/robot14/overlays/1058_overlay.png,/Users/kimsumin/projects/RGMC/data/map/robot14/masks/1058_mask.png
1059,0.108125,1.0,0.0,129.51861042183623,62.157506152584084,1,0.0,0.36659318409429503,0.07370523351500559,1777961246.8107407,5,/Users/kimsumin/projects/RGMC/data/map/robot14/images/1059.png,/Users/kimsumin/projects/RGMC/data/map/robot14/overlays/1059_overlay.png,/Users/kimsumin/projects/RGMC/data/map/robot14/masks/1059_mask.png
1060,0.13749999999999998,1.0,0.0,129.39627434377647,76.3704945515507,1,0.0,0.11349496878093947,0.06999401570295984,1777961257.6942844,5,/Users/kimsumin/projects/RGMC/data/map/robot14/images/1060.png,/Users/kimsumin/projects/RGMC/data/map/robot14/overlays/1060_overlay.png,/Users/kimsumin/projects/RGMC/data/map/robot14/masks/1060_mask.png
1061,0.16687499999999997,1.0,0.0,129.172096908939,89.37071129707113,1,0.0,0.0354775093445539,0.05152938461013015,1777961268.6288507,5,/Users/kimsumin/projects/RGMC/data/map/robot14/images/1061.png,/Users/kimsumin/projects/RGMC/data/map/robot14/overlays/1061_overlay.png,/Users/kimsumin/projects/RGMC/data/map/robot14/masks/1061_mask.png
1062,0.19624999999999998,1.0,0.0,129.48419150858174,103.41824751580849,1,0.0,0.30593336311204333,0.037777610062064294,1777961279.4716575,5,/Users/kimsumin/projects/RGMC/data/map/robot14/images/1062.png,/Users/kimsumin/projects/RGMC/data/map/robot14/overlays/1062_overlay.png,/Users/kimsumin/projects/RGMC/data/map/robot14/masks/1062_mask.png
1063,0.225625,1.0,0.0,129.1384350816853,116.69131556319863,1,0.0,0.08854770789007266,0.056181316956495544,1777961290.2207913,5,/Users/kimsumin/projects/RGMC/data/map/robot14/images/1063.png,/Users/kimsumin/projects/RGMC/data/map/robot14/overlays/1063_overlay.png,/Users/kimsumin/projects/RGMC/data/map/robot14/masks/1063_mask.png
1064,0.255,1.0,0.0,128.7963917525773,129.83176771989753,1,0.0,0.039256632168942346,0.0507154874440538,1777961301.1816385,5,/Users/kimsumin/projects/RGMC/data/map/robot14/images/1064.png,/Users/kimsumin/projects/RGMC/data/map/robot14/overlays/1064_overlay.png,/Users/kimsumin/projects/RGMC/data/map/robot14/masks/1064_mask.png
1065,0.284375,1.0,0.0,128.8191757779647,142.8907056798623,1,0.0,0.06606944818729736,0.15228641452244632,1777961312.0403647,5,/Users/kimsumin/projects/RGMC/data/map/robot14/images/1065.png,/Users/kimsumin/projects/RGMC/data/map/robot14/overlays/1065_overlay.png,/Users/kimsumin/projects/RGMC/data/map/robot14/masks/1065_mask.png
1066,0.31375,1.0,0.0,128.5954003407155,156.7872340425532,1,0.0,0.036464094974934434,0.07873243848811358,1777961322.799505,5,/Users/kimsumin/projects/RGMC/data/map/robot14/images/1066.png,/Users/kimsumin/projects/RGMC/data/map/robot14/overlays/1066_overlay.png,/Users/kimsumin/projects/RGMC/data/map/robot14/masks/1066_mask.png
1067,0.343125,1.0,0.0,128.13144329896906,169.88822012037832,1,0.0,0.05413333605146936,0.0349662804767394,1777961334.5659962,5,/Users/kimsumin/projects/RGMC/data/map/robot14/images/1067.png,/Users/kimsumin/projects/RGMC/data/map/robot14/overlays/1067_overlay.png,/Users/kimsumin/projects/RGMC/data/map/robot14/masks/1067_mask.png
1068,0.3725,1.0,0.0,127.94787141615986,184.2322357019064,1,0.0,0.14156878449755433,0.09210924783014429,1777961345.5221753,5,/Users/kimsumin/projects/RGMC/data/map/robot14/images/1068.png,/Users/kimsumin/projects/RGMC/data/map/robot14/overlays/1068_overlay.png,/Users/kimsumin/projects/RGMC/data/map/robot14/masks/1068_mask.png
1069,0.401875,1.0,0.0,128.10041841004184,197.14795918367346,1,0.0,0.17775793610539728,0.04564161746603582,1777961356.4763405,5,/Users/kimsumin/projects/RGMC/data/map/robot14/images/1069.png,/Users/kimsumin/projects/RGMC/data/map/robot14/overlays/1069_overlay.png,/Users/kimsumin/projects/RGMC/data/map/robot14/masks/1069_mask.png
1070,0.43125,1.0,0.0,127.79359730412806,209.90762711864406,1,0.0,0.04768928361691628,0.061876069461715116,1777961367.6424677,5,/Users/kimsumin/projects/RGMC/data/map/robot14/images/1070.png,/Users/kimsumin/projects/RGMC/data/map/robot14/overlays/1070_overlay.png,/Users/kimsumin/projects/RGMC/data/map/robot14/masks/1070_mask.png
1071,0.460625,1.0,0.0,127.56569965870307,222.84215017064847,1,0.0,0.049096768701843575,0.040371613427767045,1777961379.0068727,5,/Users/kimsumin/projects/RGMC/data/map/robot14/images/1071.png,/Users/kimsumin/projects/RGMC/data/map/robot14/overlays/1071_overlay.png,/Users/kimsumin/projects/RGMC/data/map/robot14/masks/1071_mask.png
1072,0.49,1.0,0.0,127.78902229845626,236.8910806174957,1,0.0,0.04536852581197606,0.04577008246226514,1777961389.8765228,5,/Users/kimsumin/projects/RGMC/data/map/robot14/images/1072.png,/Users/kimsumin/projects/RGMC/data/map/robot14/overlays/1072_overlay.png,/Users/kimsumin/projects/RGMC/data/map/robot14/masks/1072_mask.png
1073,0.5193749999999999,1.0,0.0,127.5881841876629,249.70223752151463,1,0.0,0.018752955983087783,0.06066827824223213,1777961400.7294152,5,/Users/kimsumin/projects/RGMC/data/map/robot14/images/1073.png,/Users/kimsumin/projects/RGMC/data/map/robot14/overlays/1073_overlay.png,/Users/kimsumin/projects/RGMC/data/map/robot14/masks/1073_mask.png
1074,0.54875,1.0,0.0,127.46942291128337,262.37327586206897,1,0.0,0.010160074197848394,0.04755790194992776,1777961411.3608007,5,/Users/kimsumin/projects/RGMC/data/map/robot14/images/1074.png,/Users/kimsumin/projects/RGMC/data/map/robot14/overlays/1074_overlay.png,/Users/kimsumin/projects/RGMC/data/map/robot14/masks/1074_mask.png
1075,0.578125,1.0,0.0,127.39115044247788,276.4677276746242,1,0.0,0.029501916108487285,0.028845601206372976,1777961422.1560807,5,/Users/kimsumin/projects/RGMC/data/map/robot14/images/1075.png,/Users/kimsumin/projects/RGMC/data/map/robot14/overlays/1075_overlay.png,/Users/kimsumin/projects/RGMC/data/map/robot14/masks/1075_mask.png
1076,0.6074999999999999,1.0,0.0,127.37964601769912,289.3137598597721,1,0.0,0.08280987987575765,0.036345155750581094,1777961433.1015325,5,/Users/kimsumin/projects/RGMC/data/map/robot14/images/1076.png,/Users/kimsumin/projects/RGMC/data/map/robot14/overlays/1076_overlay.png,/Users/kimsumin/projects/RGMC/data/map/robot14/masks/1076_mask.png
1077,0.636875,1.0,0.0,127.21645021645021,302.42497831743276,1,0.0,0.037976825443030326,0.038922005620345076,1777961443.82273,5,/Users/kimsumin/projects/RGMC/data/map/robot14/images/1077.png,/Users/kimsumin/projects/RGMC/data/map/robot14/overlays/1077_overlay.png,/Users/kimsumin/projects/RGMC/data/map/robot14/masks/1077_mask.png
1078,0.66625,1.0,0.0,126.95815170008719,316.6551724137931,1,0.0,0.061598149755049285,0.0629319468075346,1777961454.5902243,5,/Users/kimsumin/projects/RGMC/data/map/robot14/images/1078.png,/Users/kimsumin/projects/RGMC/data/map/robot14/overlays/1078_overlay.png,/Users/kimsumin/projects/RGMC/data/map/robot14/masks/1078_mask.png
1079,0.6956249999999999,1.0,0.0,127.18409680207434,329.72255834053584,1,0.0,0.02757298929625485,0.0712358650228622,1777961465.5366108,5,/Users/kimsumin/projects/RGMC/data/map/robot14/images/1079.png,/Users/kimsumin/projects/RGMC/data/map/robot14/overlays/1079_overlay.png,/Users/kimsumin/projects/RGMC/data/map/robot14/masks/1079_mask.png
1080,0.725,1.0,0.0,126.82176520994001,343.10051546391753,1,0.0,0.030299902653711158,0.3175208191966964,1777961476.3108234,5,/Users/kimsumin/projects/RGMC/data/map/robot14/images/1080.png,/Users/kimsumin/projects/RGMC/data/map/robot14/overlays/1080_overlay.png,/Users/kimsumin/projects/RGMC/data/map/robot14/masks/1080_mask.png
1081,0.754375,1.0,0.0,126.89450741063644,356.9156414762742,1,0.0,0.027156938027355207,0.015546654397014067,1777961487.0528858,5,/Users/kimsumin/projects/RGMC/data/map/robot14/images/1081.png,/Users/kimsumin/projects/RGMC/data/map/robot14/overlays/1081_overlay.png,/Users/kimsumin/projects/RGMC/data/map/robot14/masks/1081_mask.png
1082,0.78375,1.0,0.0,126.91176470588235,370.21178479931683,1,0.0,0.06208495279134307,0.034179092238514355,1777961497.8064485,5,/Users/kimsumin/projects/RGMC/data/map/robot14/images/1082.png,/Users/kimsumin/projects/RGMC/data/map/robot14/overlays/1082_overlay.png,/Users/kimsumin/projects/RGMC/data/map/robot14/masks/1082_mask.png
1083,0.813125,1.0,0.0,126.67119796091758,383.47161936560934,1,0.0,0.046383871531231566,0.04800443534166931,1777961508.543493,5,/Users/kimsumin/projects/RGMC/data/map/robot14/images/1083.png,/Users/kimsumin/projects/RGMC/data/map/robot14/overlays/1083_overlay.png,/Users/kimsumin/projects/RGMC/data/map/robot14/masks/1083_mask.png
1084,0.8425,1.0,0.0,126.5741710296684,397.1679790026247,1,0.0,0.03911868382095959,0.03378083302277377,1777961519.3019195,5,/Users/kimsumin/projects/RGMC/data/map/robot14/images/1084.png,/Users/kimsumin/projects/RGMC/data/map/robot14/overlays/1084_overlay.png,/Users/kimsumin/projects/RGMC/data/map/robot14/masks/1084_mask.png
1085,0.871875,1.0,0.0,126.83490971625108,410.1396743787489,1,0.0,0.058683296890164695,0.04520057156165061,1777961530.058481,5,/Users/kimsumin/projects/RGMC/data/map/robot14/images/1085.png,/Users/kimsumin/projects/RGMC/data/map/robot14/overlays/1085_overlay.png,/Users/kimsumin/projects/RGMC/data/map/robot14/masks/1085_mask.png
1086,0.90125,1.0,0.0,125.94420963651733,424.1411665257819,1,0.0,0.3753102133056464,0.08044751872173554,1777961540.8040442,5,/Users/kimsumin/projects/RGMC/data/map/robot14/images/1086.png,/Users/kimsumin/projects/RGMC/data/map/robot14/overlays/1086_overlay.png,/Users/kimsumin/projects/RGMC/data/map/robot14/masks/1086_mask.png
1087,0.9306249999999999,1.0,0.0,125.63010204081633,437.519864750634,1,0.0,0.3153235818062923,0.05766555396280519,1777961551.6564424,5,/Users/kimsumin/projects/RGMC/data/map/robot14/images/1087.png,/Users/kimsumin/projects/RGMC/data/map/robot14/overlays/1087_overlay.png,/Users/kimsumin/projects/RGMC/data/map/robot14/masks/1087_mask.png
1088,0.96,1.0,0.0,125.60949208992507,450.30266552020635,1,0.0,0.4233028259325295,0.09008604434725667,1777961562.6109605,5,/Users/kimsumin/projects/RGMC/data/map/robot14/images/1088.png,/Users/kimsumin/projects/RGMC/data/map/robot14/overlays/1088_overlay.png,/Users/kimsumin/projects/RGMC/data/map/robot14/masks/1088_mask.png
