idx,x,y,z,u,v,ok,confidence,std_u,std_v,timestamp,n_valid,image_path,overlay_path,mask_path
0,0.08,0.0,0.0,584.7924957362137,68.9847801578354,1,0.0,0.0382473464054331,0.0641881864962824,1775900359.4785829,5,C:\Users\PC\Desktop\RGMC_2026\RGMC\RGMC\data\map\robot25\images\0000.png,C:\Users\PC\Desktop\RGMC_2026\RGMC\RGMC\data\map\robot25\overlays\0000_overlay.png,C:\Users\PC\Desktop\RGMC_2026\RGMC\RGMC\data\map\robot25\masks\0000_mask.png
1,0.10875,0.0,0.0,584.723366686286,82.19835197174808,1,0.0,0.0439507427924921,0.0591865247646802,1775900372.2734616,5,C:\Users\PC\Desktop\RGMC_2026\RGMC\RGMC\data\map\robot25\images\0001.png,C:\Users\PC\Desktop\RGMC_2026\RGMC\RGMC\data\map\robot25\overlays\0001_overlay.png,C:\Users\PC\Desktop\RGMC_2026\RGMC\RGMC\data\map\robot25\masks\0001_mask.png
2,0.1375,0.0,0.0,584.566765578635,94.83442136498516,1,0.0,0.0279704234759359,0.0264615553077678,1775900384.9722102,5,C:\Users\PC\Desktop\RGMC_2026\RGMC\RGMC\data\map\robot25\images\0002.png,C:\Users\PC\Desktop\RGMC_2026\RGMC\RGMC\data\map\robot25\overlays\0002_overlay.png,C:\Users\PC\Desktop\RGMC_2026\RGMC\RGMC\data\map\robot25\masks\0002_mask.png
3,0.16625,0.0,0.0,584.2890484739677,107.4877024595081,1,0.0,0.0493763527995335,0.0162532861193379,1775900397.690398,5,C:\Users\PC\Desktop\RGMC_2026\RGMC\RGMC\data\map\robot25\images\0003.png,C:\Users\PC\Desktop\RGMC_2026\RGMC\RGMC\data\map\robot25\overlays\0003_overlay.png,C:\Users\PC\Desktop\RGMC_2026\RGMC\RGMC\data\map\robot25\masks\0003_mask.png
4,0.195,0.0,0.0,582.472027972028,119.86938775510204,1,0.0,0.0046228562868482,0.0127182979077263,1775900410.7730086,5,C:\Users\PC\Desktop\RGMC_2026\RGMC\RGMC\data\map\robot25\images\0004.png,C:\Users\PC\Desktop\RGMC_2026\RGMC\RGMC\data\map\robot25\overlays\0004_overlay.png,C:\Users\PC\Desktop\RGMC_2026\RGMC\RGMC\data\map\robot25\masks\0004_mask.png
5,0.22375,0.0,0.0,582.3298671288272,132.42641946697566,1,0.0,0.030482437356701,0.4078465042345776,1775900423.7868223,5,C:\Users\PC\Desktop\RGMC_2026\RGMC\RGMC\data\map\robot25\images\0005.png,C:\Users\PC\Desktop\RGMC_2026\RGMC\RGMC\data\map\robot25\overlays\0005_overlay.png,C:\Users\PC\Desktop\RGMC_2026\RGMC\RGMC\data\map\robot25\masks\0005_mask.png
6,0.2525,0.0,0.0,582.1853396901073,145.83949880668257,1,0.0,0.0191711563259679,0.0782079297566121,1775900436.7339206,5,C:\Users\PC\Desktop\RGMC_2026\RGMC\RGMC\data\map\robot25\images\0006.png,C:\Users\PC\Desktop\RGMC_2026\RGMC\RGMC\data\map\robot25\overlays\0006_overlay.png,C:\Users\PC\Desktop\RGMC_2026\RGMC\RGMC\data\map\robot25\masks\0006_mask.png
7,0.28125,0.0,0.0,581.9688235294118,158.4537963507946,1,0.0,0.0096521128003834,0.0375107931659894,1775900449.5869477,5,C:\Users\PC\Desktop\RGMC_2026\RGMC\RGMC\data\map\robot25\images\0007.png,C:\Users\PC\Desktop\RGMC_2026\RGMC\RGMC\data\map\robot25\overlays\0007_overlay.png,C:\Users\PC\Desktop\RGMC_2026\RGMC\RGMC\data\map\robot25\masks\0007_mask.png
8,0.31,0.0,0.0,581.579953650058,171.15179606025492,1,0.0,0.0167514218689503,0.0598012972758845,1775900462.594093,5,C:\Users\PC\Desktop\RGMC_2026\RGMC\RGMC\data\map\robot25\images\0008.png,C:\Users\PC\Desktop\RGMC_2026\RGMC\RGMC\data\map\robot25\overlays\0008_overlay.png,C:\Users\PC\Desktop\RGMC_2026\RGMC\RGMC\data\map\robot25\masks\0008_mask.png
9,0.33875,0.0,0.0,581.5301418439716,183.5493537015276,1,0.0,0.014063106896329,0.0335633395726235,1775900474.7819648,5,C:\Users\PC\Desktop\RGMC_2026\RGMC\RGMC\data\map\robot25\images\0009.png,C:\Users\PC\Desktop\RGMC_2026\RGMC\RGMC\data\map\robot25\overlays\0009_overlay.png,C:\Users\PC\Desktop\RGMC_2026\RGMC\RGMC\data\map\robot25\masks\0009_mask.png
10,0.3675,0.0,0.0,581.3609022556391,196.34297281665704,1,0.0,0.0133758182986639,0.0173276947921408,1775900487.0124547,5,C:\Users\PC\Desktop\RGMC_2026\RGMC\RGMC\data\map\robot25\images\0010.png,C:\Users\PC\Desktop\RGMC_2026\RGMC\RGMC\data\map\robot25\overlays\0010_overlay.png,C:\Users\PC\Desktop\RGMC_2026\RGMC\RGMC\data\map\robot25\masks\0010_mask.png
11,0.39625,0.0,0.0,581.2720238095238,209.67480643240023,1,0.0,0.0467904026788904,0.051890169579713,1775900498.581033,5,C:\Users\PC\Desktop\RGMC_2026\RGMC\RGMC\data\map\robot25\images\0011.png,C:\Users\PC\Desktop\RGMC_2026\RGMC\RGMC\data\map\robot25\overlays\0011_overlay.png,C:\Users\PC\Desktop\RGMC_2026\RGMC\RGMC\data\map\robot25\masks\0011_mask.png
12,0.425,0.0,0.0,580.8839446782922,222.51834034876728,1,0.0,0.0342500356503994,0.0261521327035645,1775900510.7184126,5,C:\Users\PC\Desktop\RGMC_2026\RGMC\RGMC\data\map\robot25\images\0012.png,C:\Users\PC\Desktop\RGMC_2026\RGMC\RGMC\data\map\robot25\overlays\0012_overlay.png,C:\Users\PC\Desktop\RGMC_2026\RGMC\RGMC\data\map\robot25\masks\0012_mask.png
13,0.45375,0.0,0.0,579.5069124423964,235.14458525345623,1,0.0,0.0559551353180304,0.0621012337507338,1775900522.896834,5,C:\Users\PC\Desktop\RGMC_2026\RGMC\RGMC\data\map\robot25\images\0013.png,C:\Users\PC\Desktop\RGMC_2026\RGMC\RGMC\data\map\robot25\overlays\0013_overlay.png,C:\Users\PC\Desktop\RGMC_2026\RGMC\RGMC\data\map\robot25\masks\0013_mask.png
14,0.4825,0.0,0.0,578.4097968936678,247.43470483005368,1,0.0,0.0495575337944562,0.0553125768316632,1775900535.5299726,5,C:\Users\PC\Desktop\RGMC_2026\RGMC\RGMC\data\map\robot25\images\0014.png,C:\Users\PC\Desktop\RGMC_2026\RGMC\RGMC\data\map\robot25\overlays\0014_overlay.png,C:\Users\PC\Desktop\RGMC_2026\RGMC\RGMC\data\map\robot25\masks\0014_mask.png
15,0.51125,0.0,0.0,578.3998822143699,259.72330383480823,1,0.0,0.0453784335698385,0.0417471087573926,1775900548.721124,5,C:\Users\PC\Desktop\RGMC_2026\RGMC\RGMC\data\map\robot25\images\0015.png,C:\Users\PC\Desktop\RGMC_2026\RGMC\RGMC\data\map\robot25\overlays\0015_overlay.png,C:\Users\PC\Desktop\RGMC_2026\RGMC\RGMC\data\map\robot25\masks\0015_mask.png
16,0.54,0.0,0.0,577.9371568029286,273.2355447352404,1,0.0,0.0132793417432895,0.0516193428551488,1775900561.6150284,5,C:\Users\PC\Desktop\RGMC_2026\RGMC\RGMC\data\map\robot25\images\0016.png,C:\Users\PC\Desktop\RGMC_2026\RGMC\RGMC\data\map\robot25\overlays\0016_overlay.png,C:\Users\PC\Desktop\RGMC_2026\RGMC\RGMC\data\map\robot25\masks\0016_mask.png
17,0.56875,0.0,0.0,577.9001218026797,285.4756394640682,1,0.0,0.0292473585979124,0.0331962467721328,1775900574.9326446,5,C:\Users\PC\Desktop\RGMC_2026\RGMC\RGMC\data\map\robot25\images\0017.png,C:\Users\PC\Desktop\RGMC_2026\RGMC\RGMC\data\map\robot25\overlays\0017_overlay.png,C:\Users\PC\Desktop\RGMC_2026\RGMC\RGMC\data\map\robot25\masks\0017_mask.png
18,0.5975,0.0,0.0,578.010455104551,297.45802469135805,1,0.0,0.0364327504272602,0.1035625513193558,1775900587.619392,5,C:\Users\PC\Desktop\RGMC_2026\RGMC\RGMC\data\map\robot25\images\0018.png,C:\Users\PC\Desktop\RGMC_2026\RGMC\RGMC\data\map\robot25\overlays\0018_overlay.png,C:\Users\PC\Desktop\RGMC_2026\RGMC\RGMC\data\map\robot25\masks\0018_mask.png
19,0.62625,0.0,0.0,578.1434650455927,310.6474514563107,1,0.0,0.0245102415846194,0.1768531872401145,1775900601.1365314,5,C:\Users\PC\Desktop\RGMC_2026\RGMC\RGMC\data\map\robot25\images\0019.png,C:\Users\PC\Desktop\RGMC_2026\RGMC\RGMC\data\map\robot25\overlays\0019_overlay.png,C:\Users\PC\Desktop\RGMC_2026\RGMC\RGMC\data\map\robot25\masks\0019_mask.png
20,0.655,0.0,0.0,577.9176829268292,323.3814747105424,1,0.0,0.0165698099150829,0.0195331079944173,1775900614.361945,5,C:\Users\PC\Desktop\RGMC_2026\RGMC\RGMC\data\map\robot25\images\0020.png,C:\Users\PC\Desktop\RGMC_2026\RGMC\RGMC\data\map\robot25\overlays\0020_overlay.png,C:\Users\PC\Desktop\RGMC_2026\RGMC\RGMC\data\map\robot25\masks\0020_mask.png
21,0.68375,0.0,0.0,577.7461491065927,337.06777572396794,1,0.0,0.034658997399251,0.0363961252504445,1775900627.7803442,5,C:\Users\PC\Desktop\RGMC_2026\RGMC\RGMC\data\map\robot25\images\0021.png,C:\Users\PC\Desktop\RGMC_2026\RGMC\RGMC\data\map\robot25\overlays\0021_overlay.png,C:\Users\PC\Desktop\RGMC_2026\RGMC\RGMC\data\map\robot25\masks\0021_mask.png
22,0.7125,0.0,0.0,577.7077399380805,349.2937888198758,1,0.0,0.0332358511935077,0.0587907559772247,1775900641.2988822,5,C:\Users\PC\Desktop\RGMC_2026\RGMC\RGMC\data\map\robot25\images\0022.png,C:\Users\PC\Desktop\RGMC_2026\RGMC\RGMC\data\map\robot25\overlays\0022_overlay.png,C:\Users\PC\Desktop\RGMC_2026\RGMC\RGMC\data\map\robot25\masks\0022_mask.png
23,0.74125,0.0,0.0,577.4476489028214,361.8057644110276,1,0.0,0.0179092130956325,0.0535789315775477,1775900655.0005496,5,C:\Users\PC\Desktop\RGMC_2026\RGMC\RGMC\data\map\robot25\images\0023.png,C:\Users\PC\Desktop\RGMC_2026\RGMC\RGMC\data\map\robot25\overlays\0023_overlay.png,C:\Users\PC\Desktop\RGMC_2026\RGMC\RGMC\data\map\robot25\masks\0023_mask.png
24,0.77,0.0,0.0,577.1920489296637,374.8104814137721,1,0.0,0.0488336199963084,0.0780551871724958,1775900667.9075625,5,C:\Users\PC\Desktop\RGMC_2026\RGMC\RGMC\data\map\robot25\images\0024.png,C:\Users\PC\Desktop\RGMC_2026\RGMC\RGMC\data\map\robot25\overlays\0024_overlay.png,C:\Users\PC\Desktop\RGMC_2026\RGMC\RGMC\data\map\robot25\masks\0024_mask.png
25,0.79875,0.0,0.0,577.1425076452599,387.6394142769982,1,0.0,0.0242529460855251,0.0473637851721443,1775900681.4202027,5,C:\Users\PC\Desktop\RGMC_2026\RGMC\RGMC\data\map\robot25\images\0025.png,C:\Users\PC\Desktop\RGMC_2026\RGMC\RGMC\data\map\robot25\overlays\0025_overlay.png,C:\Users\PC\Desktop\RGMC_2026\RGMC\RGMC\data\map\robot25\masks\0025_mask.png
26,0.8275,0.0,0.0,576.6656050955414,400.8980891719745,1,0.0,0.0481167155710908,0.0639141420378796,1775900694.4344292,5,C:\Users\PC\Desktop\RGMC_2026\RGMC\RGMC\data\map\robot25\images\0026.png,C:\Users\PC\Desktop\RGMC_2026\RGMC\RGMC\data\map\robot25\overlays\0026_overlay.png,C:\Users\PC\Desktop\RGMC_2026\RGMC\RGMC\data\map\robot25\masks\0026_mask.png
27,0.85625,0.0,0.0,575.9669046073977,413.3897202342225,1,0.0,0.2536576696346495,0.0233280573602349,1775900707.329198,5,C:\Users\PC\Desktop\RGMC_2026\RGMC\RGMC\data\map\robot25\images\0027.png,C:\Users\PC\Desktop\RGMC_2026\RGMC\RGMC\data\map\robot25\overlays\0027_overlay.png,C:\Users\PC\Desktop\RGMC_2026\RGMC\RGMC\data\map\robot25\masks\0027_mask.png
28,0.885,0.0,0.0,575.8318936877076,425.3740863787376,1,0.0,0.0191232355069891,0.0183762627717751,1775900720.5422204,5,C:\Users\PC\Desktop\RGMC_2026\RGMC\RGMC\data\map\robot25\images\0028.png,C:\Users\PC\Desktop\RGMC_2026\RGMC\RGMC\data\map\robot25\overlays\0028_overlay.png,C:\Users\PC\Desktop\RGMC_2026\RGMC\RGMC\data\map\robot25\masks\0028_mask.png
29,0.91375,0.0,0.0,575.719387755102,438.4373795761079,1,0.0,0.0333280161389841,0.0809934608446803,1775900733.663556,5,C:\Users\PC\Desktop\RGMC_2026\RGMC\RGMC\data\map\robot25\images\0029.png,C:\Users\PC\Desktop\RGMC_2026\RGMC\RGMC\data\map\robot25\overlays\0029_overlay.png,C:\Users\PC\Desktop\RGMC_2026\RGMC\RGMC\data\map\robot25\masks\0029_mask.png
30,0.9425,0.0,0.0,574.6353361094586,451.528256989887,1,0.0,0.025575806965712,0.0238108141074023,1775900758.6692634,5,C:\Users\PC\Desktop\RGMC_2026\RGMC\RGMC\data\map\robot25\images\0030.png,C:\Users\PC\Desktop\RGMC_2026\RGMC\RGMC\data\map\robot25\overlays\0030_overlay.png,C:\Users\PC\Desktop\RGMC_2026\RGMC\RGMC\data\map\robot25\masks\0030_mask.png
31,0.97125,0.0,0.0,574.0603448275862,461.5702066999288,1,0.0,0.0116804434944653,0.0280042059417109,1775900822.3414814,5,C:\Users\PC\Desktop\RGMC_2026\RGMC\RGMC\data\map\robot25\images\0031.png,C:\Users\PC\Desktop\RGMC_2026\RGMC\RGMC\data\map\robot25\overlays\0031_overlay.png,C:\Users\PC\Desktop\RGMC_2026\RGMC\RGMC\data\map\robot25\masks\0031_mask.png
34,0.97125,0.03125,0.0,561.3646209386281,461.9083694083694,1,0.0,0.0309429704570065,0.0232290352615209,1775900896.0997038,5,C:\Users\PC\Desktop\RGMC_2026\RGMC\RGMC\data\map\robot25\images\0034.png,C:\Users\PC\Desktop\RGMC_2026\RGMC\RGMC\data\map\robot25\overlays\0034_overlay.png,C:\Users\PC\Desktop\RGMC_2026\RGMC\RGMC\data\map\robot25\masks\0034_mask.png
35,0.9425,0.03125,0.0,561.4221668742217,452.56094527363183,1,0.0,0.0076373204784871,0.0337338138631903,1775900908.2388904,5,C:\Users\PC\Desktop\RGMC_2026\RGMC\RGMC\data\map\robot25\images\0035.png,C:\Users\PC\Desktop\RGMC_2026\RGMC\RGMC\data\map\robot25\overlays\0035_overlay.png,C:\Users\PC\Desktop\RGMC_2026\RGMC\RGMC\data\map\robot25\masks\0035_mask.png
36,0.91375,0.03125,0.0,561.5558949297496,438.6363636363636,1,0.0,0.0389421784914738,0.0423664133295832,1775900920.8399258,5,C:\Users\PC\Desktop\RGMC_2026\RGMC\RGMC\data\map\robot25\images\0036.png,C:\Users\PC\Desktop\RGMC_2026\RGMC\RGMC\data\map\robot25\overlays\0036_overlay.png,C:\Users\PC\Desktop\RGMC_2026\RGMC\RGMC\data\map\robot25\masks\0036_mask.png
37,0.885,0.03125,0.0,561.846062052506,426.3648325358852,1,0.0,0.0134831176567426,0.0471062848721835,1775900933.4287074,5,C:\Users\PC\Desktop\RGMC_2026\RGMC\RGMC\data\map\robot25\images\0037.png,C:\Users\PC\Desktop\RGMC_2026\RGMC\RGMC\data\map\robot25\overlays\0037_overlay.png,C:\Users\PC\Desktop\RGMC_2026\RGMC\RGMC\data\map\robot25\masks\0037_mask.png
38,0.85625,0.03125,0.0,561.7776397515528,413.2937888198758,1,0.0,0.0309957516017495,0.0282473604824042,1775900945.9173462,5,C:\Users\PC\Desktop\RGMC_2026\RGMC\RGMC\data\map\robot25\images\0038.png,C:\Users\PC\Desktop\RGMC_2026\RGMC\RGMC\data\map\robot25\overlays\0038_overlay.png,C:\Users\PC\Desktop\RGMC_2026\RGMC\RGMC\data\map\robot25\masks\0038_mask.png
39,0.8275,0.03125,0.0,561.8712074303405,400.8736059479554,1,0.0,0.0270271644129905,0.0512593456065321,1775900959.140983,5,C:\Users\PC\Desktop\RGMC_2026\RGMC\RGMC\data\map\robot25\images\0039.png,C:\Users\PC\Desktop\RGMC_2026\RGMC\RGMC\data\map\robot25\overlays\0039_overlay.png,C:\Users\PC\Desktop\RGMC_2026\RGMC\RGMC\data\map\robot25\masks\0039_mask.png
40,0.79875,0.03125,0.0,562.2673926194798,387.5917874396136,1,0.0,0.0197335729630029,0.0621367754090124,1775900972.2321975,5,C:\Users\PC\Desktop\RGMC_2026\RGMC\RGMC\data\map\robot25\images\0040.png,C:\Users\PC\Desktop\RGMC_2026\RGMC\RGMC\data\map\robot25\overlays\0040_overlay.png,C:\Users\PC\Desktop\RGMC_2026\RGMC\RGMC\data\map\robot25\masks\0040_mask.png
41,0.77,0.03125,0.0,562.6537295330503,374.869775893398,1,0.0,0.0156468002836215,0.0528483611762916,1775900984.8309026,5,C:\Users\PC\Desktop\RGMC_2026\RGMC\RGMC\data\map\robot25\images\0041.png,C:\Users\PC\Desktop\RGMC_2026\RGMC\RGMC\data\map\robot25\overlays\0041_overlay.png,C:\Users\PC\Desktop\RGMC_2026\RGMC\RGMC\data\map\robot25\masks\0041_mask.png
42,0.74125,0.03125,0.0,562.6445820433437,361.9640866873065,1,0.0,0.0344739515163391,0.0197737360720316,1775900997.736418,5,C:\Users\PC\Desktop\RGMC_2026\RGMC\RGMC\data\map\robot25\images\0042.png,C:\Users\PC\Desktop\RGMC_2026\RGMC\RGMC\data\map\robot25\overlays\0042_overlay.png,C:\Users\PC\Desktop\RGMC_2026\RGMC\RGMC\data\map\robot25\masks\0042_mask.png
43,0.7125,0.03125,0.0,562.9011882426516,349.5675,1,0.0,0.0184855387614998,0.0301544649062162,1775901010.74408,5,C:\Users\PC\Desktop\RGMC_2026\RGMC\RGMC\data\map\robot25\images\0043.png,C:\Users\PC\Desktop\RGMC_2026\RGMC\RGMC\data\map\robot25\overlays\0043_overlay.png,C:\Users\PC\Desktop\RGMC_2026\RGMC\RGMC\data\map\robot25\masks\0043_mask.png
44,0.68375,0.03125,0.0,562.8217821782179,337.1576019777503,1,0.0,0.0218739383251529,0.0242026920049532,1775901023.7506049,5,C:\Users\PC\Desktop\RGMC_2026\RGMC\RGMC\data\map\robot25\images\0044.png,C:\Users\PC\Desktop\RGMC_2026\RGMC\RGMC\data\map\robot25\overlays\0044_overlay.png,C:\Users\PC\Desktop\RGMC_2026\RGMC\RGMC\data\map\robot25\masks\0044_mask.png
45,0.655,0.03125,0.0,563.0244798041616,323.8551430310408,1,0.0,0.0375993533269108,0.2784410912766565,1775901036.4438615,5,C:\Users\PC\Desktop\RGMC_2026\RGMC\RGMC\data\map\robot25\images\0045.png,C:\Users\PC\Desktop\RGMC_2026\RGMC\RGMC\data\map\robot25\overlays\0045_overlay.png,C:\Users\PC\Desktop\RGMC_2026\RGMC\RGMC\data\map\robot25\masks\0045_mask.png
46,0.62625,0.03125,0.0,565.0425531914893,311.05757575757576,1,0.0,0.0229196927789921,0.0458910546202814,1775901049.016276,5,C:\Users\PC\Desktop\RGMC_2026\RGMC\RGMC\data\map\robot25\images\0046.png,C:\Users\PC\Desktop\RGMC_2026\RGMC\RGMC\data\map\robot25\overlays\0046_overlay.png,C:\Users\PC\Desktop\RGMC_2026\RGMC\RGMC\data\map\robot25\masks\0046_mask.png
47,0.5975,0.03125,0.0,565.2161505768063,298.238905775076,1,0.0,0.0243671343731993,0.0592139794316687,1775901061.43219,5,C:\Users\PC\Desktop\RGMC_2026\RGMC\RGMC\data\map\robot25\images\0047.png,C:\Users\PC\Desktop\RGMC_2026\RGMC\RGMC\data\map\robot25\overlays\0047_overlay.png,C:\Users\PC\Desktop\RGMC_2026\RGMC\RGMC\data\map\robot25\masks\0047_mask.png
48,0.56875,0.03125,0.0,565.4253012048192,285.76050420168065,1,0.0,0.0299614764936335,0.0207812305736525,1775901073.868973,5,C:\Users\PC\Desktop\RGMC_2026\RGMC\RGMC\data\map\robot25\images\0048.png,C:\Users\PC\Desktop\RGMC_2026\RGMC\RGMC\data\map\robot25\overlays\0048_overlay.png,C:\Users\PC\Desktop\RGMC_2026\RGMC\RGMC\data\map\robot25\masks\0048_mask.png
49,0.54,0.03125,0.0,565.5300375469336,273.009375,1,0.0,0.0337144296647226,0.0507890918227864,1775901086.608189,5,C:\Users\PC\Desktop\RGMC_2026\RGMC\RGMC\data\map\robot25\images\0049.png,C:\Users\PC\Desktop\RGMC_2026\RGMC\RGMC\data\map\robot25\overlays\0049_overlay.png,C:\Users\PC\Desktop\RGMC_2026\RGMC\RGMC\data\map\robot25\masks\0049_mask.png
50,0.51125,0.03125,0.0,565.7137702946483,261.2260974143115,1,0.0,0.0094655549640755,0.0135902243476073,1775901099.8479698,5,C:\Users\PC\Desktop\RGMC_2026\RGMC\RGMC\data\map\robot25\images\0050.png,C:\Users\PC\Desktop\RGMC_2026\RGMC\RGMC\data\map\robot25\overlays\0050_overlay.png,C:\Users\PC\Desktop\RGMC_2026\RGMC\RGMC\data\map\robot25\masks\0050_mask.png
51,0.4825,0.03125,0.0,565.8216184288245,247.9332545776728,1,0.0,0.0171589740161446,0.0325971307869178,1775901112.9575975,5,C:\Users\PC\Desktop\RGMC_2026\RGMC\RGMC\data\map\robot25\images\0051.png,C:\Users\PC\Desktop\RGMC_2026\RGMC\RGMC\data\map\robot25\overlays\0051_overlay.png,C:\Users\PC\Desktop\RGMC_2026\RGMC\RGMC\data\map\robot25\masks\0051_mask.png
52,0.45375,0.03125,0.0,566.0510263929618,235.43460410557185,1,0.0,0.0227718689604588,0.076856318109009,1775901126.5522704,5,C:\Users\PC\Desktop\RGMC_2026\RGMC\RGMC\data\map\robot25\images\0052.png,C:\Users\PC\Desktop\RGMC_2026\RGMC\RGMC\data\map\robot25\overlays\0052_overlay.png,C:\Users\PC\Desktop\RGMC_2026\RGMC\RGMC\data\map\robot25\masks\0052_mask.png
53,0.425,0.03125,0.0,566.2887981330222,222.6534422403734,1,0.0,0.0176370017693181,0.0540096855570129,1775901139.862908,5,C:\Users\PC\Desktop\RGMC_2026\RGMC\RGMC\data\map\robot25\images\0053.png,C:\Users\PC\Desktop\RGMC_2026\RGMC\RGMC\data\map\robot25\overlays\0053_overlay.png,C:\Users\PC\Desktop\RGMC_2026\RGMC\RGMC\data\map\robot25\masks\0053_mask.png
54,0.39625,0.03125,0.0,566.2530120481928,209.6421686746988,1,0.0,0.0114941971007387,0.0305611819587551,1775901152.6638863,5,C:\Users\PC\Desktop\RGMC_2026\RGMC\RGMC\data\map\robot25\images\0054.png,C:\Users\PC\Desktop\RGMC_2026\RGMC\RGMC\data\map\robot25\overlays\0054_overlay.png,C:\Users\PC\Desktop\RGMC_2026\RGMC\RGMC\data\map\robot25\masks\0054_mask.png
55,0.3675,0.03125,0.0,566.9761211415259,197.20731707317077,1,0.0,0.043884333103013,0.0159397724449158,1775901165.766961,5,C:\Users\PC\Desktop\RGMC_2026\RGMC\RGMC\data\map\robot25\images\0055.png,C:\Users\PC\Desktop\RGMC_2026\RGMC\RGMC\data\map\robot25\overlays\0055_overlay.png,C:\Users\PC\Desktop\RGMC_2026\RGMC\RGMC\data\map\robot25\masks\0055_mask.png
56,0.33875,0.03125,0.0,567.2034383954154,183.7808924485126,1,0.0,0.0309745465987218,0.022689483441167,1775901179.1930373,5,C:\Users\PC\Desktop\RGMC_2026\RGMC\RGMC\data\map\robot25\images\0056.png,C:\Users\PC\Desktop\RGMC_2026\RGMC\RGMC\data\map\robot25\overlays\0056_overlay.png,C:\Users\PC\Desktop\RGMC_2026\RGMC\RGMC\data\map\robot25\masks\0056_mask.png
57,0.31,0.03125,0.0,568.4,171.59646017699114,1,0.0,0.0413958774596393,0.0187151638953551,1775901191.6723895,5,C:\Users\PC\Desktop\RGMC_2026\RGMC\RGMC\data\map\robot25\images\0057.png,C:\Users\PC\Desktop\RGMC_2026\RGMC\RGMC\data\map\robot25\overlays\0057_overlay.png,C:\Users\PC\Desktop\RGMC_2026\RGMC\RGMC\data\map\robot25\masks\0057_mask.png
58,0.28125,0.03125,0.0,568.5703218116806,158.9004767580453,1,0.0,0.0184515992462412,0.0244693521753613,1775901204.7814696,5,C:\Users\PC\Desktop\RGMC_2026\RGMC\RGMC\data\map\robot25\images\0058.png,C:\Users\PC\Desktop\RGMC_2026\RGMC\RGMC\data\map\robot25\overlays\0058_overlay.png,C:\Users\PC\Desktop\RGMC_2026\RGMC\RGMC\data\map\robot25\masks\0058_mask.png
59,0.2525,0.03125,0.0,568.8965724594107,145.98611111111111,1,0.0,0.0413120634550235,0.0577385480593749,1775901217.690718,5,C:\Users\PC\Desktop\RGMC_2026\RGMC\RGMC\data\map\robot25\images\0059.png,C:\Users\PC\Desktop\RGMC_2026\RGMC\RGMC\data\map\robot25\overlays\0059_overlay.png,C:\Users\PC\Desktop\RGMC_2026\RGMC\RGMC\data\map\robot25\masks\0059_mask.png
60,0.22375,0.03125,0.0,569.0886610373944,133.6001199040767,1,0.0,0.0077706999201484,0.1144917740969508,1775901230.5203044,5,C:\Users\PC\Desktop\RGMC_2026\RGMC\RGMC\data\map\robot25\images\0060.png,C:\Users\PC\Desktop\RGMC_2026\RGMC\RGMC\data\map\robot25\overlays\0060_overlay.png,C:\Users\PC\Desktop\RGMC_2026\RGMC\RGMC\data\map\robot25\masks\0060_mask.png
61,0.195,0.03125,0.0,569.1483644859813,120.11637426900585,1,0.0,0.0206383819898687,0.033100084316171,1775901243.9044166,5,C:\Users\PC\Desktop\RGMC_2026\RGMC\RGMC\data\map\robot25\images\0061.png,C:\Users\PC\Desktop\RGMC_2026\RGMC\RGMC\data\map\robot25\overlays\0061_overlay.png,C:\Users\PC\Desktop\RGMC_2026\RGMC\RGMC\data\map\robot25\masks\0061_mask.png
62,0.16625,0.03125,0.0,569.507835171213,107.54371742906774,1,0.0,0.0164764465399738,0.0413931527858625,1775901256.7993538,5,C:\Users\PC\Desktop\RGMC_2026\RGMC\RGMC\data\map\robot25\images\0062.png,C:\Users\PC\Desktop\RGMC_2026\RGMC\RGMC\data\map\robot25\overlays\0062_overlay.png,C:\Users\PC\Desktop\RGMC_2026\RGMC\RGMC\data\map\robot25\masks\0062_mask.png
63,0.1375,0.03125,0.0,569.4152785755313,95.22043628013778,1,0.0,0.0163074057967963,0.0149587345410982,1775901269.9184213,5,C:\Users\PC\Desktop\RGMC_2026\RGMC\RGMC\data\map\robot25\images\0063.png,C:\Users\PC\Desktop\RGMC_2026\RGMC\RGMC\data\map\robot25\overlays\0063_overlay.png,C:\Users\PC\Desktop\RGMC_2026\RGMC\RGMC\data\map\robot25\masks\0063_mask.png
64,0.10875,0.03125,0.0,569.8228438228439,82.38542274052479,1,0.0,0.0072071481921254,0.013066321371453,1775901282.6087632,5,C:\Users\PC\Desktop\RGMC_2026\RGMC\RGMC\data\map\robot25\images\0064.png,C:\Users\PC\Desktop\RGMC_2026\RGMC\RGMC\data\map\robot25\overlays\0064_overlay.png,C:\Users\PC\Desktop\RGMC_2026\RGMC\RGMC\data\map\robot25\masks\0064_mask.png
65,0.08,0.03125,0.0,569.7060146149522,69.26610169491525,1,0.0,0.0438585418411879,0.0709653784732171,1775901295.4346054,5,C:\Users\PC\Desktop\RGMC_2026\RGMC\RGMC\data\map\robot25\images\0065.png,C:\Users\PC\Desktop\RGMC_2026\RGMC\RGMC\data\map\robot25\overlays\0065_overlay.png,C:\Users\PC\Desktop\RGMC_2026\RGMC\RGMC\data\map\robot25\masks\0065_mask.png
66,0.08,0.0625,0.0,556.8407281001138,68.87201365187714,1,0.0,0.0191874217501507,0.0522483965786143,1775901308.0190532,5,C:\Users\PC\Desktop\RGMC_2026\RGMC\RGMC\data\map\robot25\images\0066.png,C:\Users\PC\Desktop\RGMC_2026\RGMC\RGMC\data\map\robot25\overlays\0066_overlay.png,C:\Users\PC\Desktop\RGMC_2026\RGMC\RGMC\data\map\robot25\masks\0066_mask.png
67,0.10875,0.0625,0.0,556.5956444967628,82.19277845777233,1,0.0,0.4097745157224983,0.0631214194780936,1775901320.5223,5,C:\Users\PC\Desktop\RGMC_2026\RGMC\RGMC\data\map\robot25\images\0067.png,C:\Users\PC\Desktop\RGMC_2026\RGMC\RGMC\data\map\robot25\overlays\0067_overlay.png,C:\Users\PC\Desktop\RGMC_2026\RGMC\RGMC\data\map\robot25\masks\0067_mask.png
68,0.1375,0.0625,0.0,554.3621590249564,94.43626882966396,1,0.0,0.0192996707718823,0.0439859567548443,1775901333.3991497,5,C:\Users\PC\Desktop\RGMC_2026\RGMC\RGMC\data\map\robot25\images\0068.png,C:\Users\PC\Desktop\RGMC_2026\RGMC\RGMC\data\map\robot25\overlays\0068_overlay.png,C:\Users\PC\Desktop\RGMC_2026\RGMC\RGMC\data\map\robot25\masks\0068_mask.png
69,0.16625,0.0625,0.0,554.9427288040426,106.98147108366086,1,0.0,0.2446460143741933,0.0612983959436222,1775901346.536426,5,C:\Users\PC\Desktop\RGMC_2026\RGMC\RGMC\data\map\robot25\images\0069.png,C:\Users\PC\Desktop\RGMC_2026\RGMC\RGMC\data\map\robot25\overlays\0069_overlay.png,C:\Users\PC\Desktop\RGMC_2026\RGMC\RGMC\data\map\robot25\masks\0069_mask.png
70,0.195,0.0625,0.0,554.0630681818182,119.5631067961165,1,0.0,0.0255828624432262,0.0750354786629071,1775901359.4139163,5,C:\Users\PC\Desktop\RGMC_2026\RGMC\RGMC\data\map\robot25\images\0070.png,C:\Users\PC\Desktop\RGMC_2026\RGMC\RGMC\data\map\robot25\overlays\0070_overlay.png,C:\Users\PC\Desktop\RGMC_2026\RGMC\RGMC\data\map\robot25\masks\0070_mask.png
71,0.22375,0.0625,0.0,554.170731707317,132.25725900116143,1,0.0,0.0452966968045381,0.0836972914251138,1775901372.3192754,5,C:\Users\PC\Desktop\RGMC_2026\RGMC\RGMC\data\map\robot25\images\0071.png,C:\Users\PC\Desktop\RGMC_2026\RGMC\RGMC\data\map\robot25\overlays\0071_overlay.png,C:\Users\PC\Desktop\RGMC_2026\RGMC\RGMC\data\map\robot25\masks\0071_mask.png
72,0.2525,0.0625,0.0,553.8648967551622,145.74157303370785,1,0.0,0.01662611628843,0.0589233765771236,1775901385.117864,5,C:\Users\PC\Desktop\RGMC_2026\RGMC\RGMC\data\map\robot25\images\0072.png,C:\Users\PC\Desktop\RGMC_2026\RGMC\RGMC\data\map\robot25\overlays\0072_overlay.png,C:\Users\PC\Desktop\RGMC_2026\RGMC\RGMC\data\map\robot25\masks\0072_mask.png
73,0.28125,0.0625,0.0,553.6222616933096,158.2775147928994,1,0.0,0.0209036532881791,0.0409764833947074,1775901397.9157605,5,C:\Users\PC\Desktop\RGMC_2026\RGMC\RGMC\data\map\robot25\images\0073.png,C:\Users\PC\Desktop\RGMC_2026\RGMC\RGMC\data\map\robot25\overlays\0073_overlay.png,C:\Users\PC\Desktop\RGMC_2026\RGMC\RGMC\data\map\robot25\masks\0073_mask.png
74,0.31,0.0625,0.0,553.5464098073555,170.69652327637007,1,0.0,0.0470323709428451,0.0591810051988696,1775901410.7222145,5,C:\Users\PC\Desktop\RGMC_2026\RGMC\RGMC\data\map\robot25\images\0074.png,C:\Users\PC\Desktop\RGMC_2026\RGMC\RGMC\data\map\robot25\overlays\0074_overlay.png,C:\Users\PC\Desktop\RGMC_2026\RGMC\RGMC\data\map\robot25\masks\0074_mask.png
75,0.33875,0.0625,0.0,553.2878876535985,183.6134502923977,1,0.0,0.0271981459305799,0.0143269711692413,1775901423.301562,5,C:\Users\PC\Desktop\RGMC_2026\RGMC\RGMC\data\map\robot25\images\0075.png,C:\Users\PC\Desktop\RGMC_2026\RGMC\RGMC\data\map\robot25\overlays\0075_overlay.png,C:\Users\PC\Desktop\RGMC_2026\RGMC\RGMC\data\map\robot25\masks\0075_mask.png
76,0.3675,0.0625,0.0,553.1890780974751,196.05149210064369,1,0.0,0.0342391536099866,0.0313484233593189,1775901436.7318113,5,C:\Users\PC\Desktop\RGMC_2026\RGMC\RGMC\data\map\robot25\images\0076.png,C:\Users\PC\Desktop\RGMC_2026\RGMC\RGMC\data\map\robot25\overlays\0076_overlay.png,C:\Users\PC\Desktop\RGMC_2026\RGMC\RGMC\data\map\robot25\masks\0076_mask.png
77,0.39625,0.0625,0.0,552.9939467312348,209.17554479418885,1,0.0,0.0226488364150369,0.0972491743430245,1775901449.419663,5,C:\Users\PC\Desktop\RGMC_2026\RGMC\RGMC\data\map\robot25\images\0077.png,C:\Users\PC\Desktop\RGMC_2026\RGMC\RGMC\data\map\robot25\overlays\0077_overlay.png,C:\Users\PC\Desktop\RGMC_2026\RGMC\RGMC\data\map\robot25\masks\0077_mask.png
78,0.425,0.0625,0.0,552.7577380952381,222.5809523809524,1,0.0,0.0363786295353777,0.0511911019534324,1775901462.110222,5,C:\Users\PC\Desktop\RGMC_2026\RGMC\RGMC\data\map\robot25\images\0078.png,C:\Users\PC\Desktop\RGMC_2026\RGMC\RGMC\data\map\robot25\overlays\0078_overlay.png,C:\Users\PC\Desktop\RGMC_2026\RGMC\RGMC\data\map\robot25\masks\0078_mask.png
79,0.45375,0.0625,0.0,552.5127427184466,234.8558394160584,1,0.0,0.0278880765067051,0.0436390857017417,1775901475.3935704,5,C:\Users\PC\Desktop\RGMC_2026\RGMC\RGMC\data\map\robot25\images\0079.png,C:\Users\PC\Desktop\RGMC_2026\RGMC\RGMC\data\map\robot25\overlays\0079_overlay.png,C:\Users\PC\Desktop\RGMC_2026\RGMC\RGMC\data\map\robot25\masks\0079_mask.png
80,0.4825,0.0625,0.0,550.6555423122766,247.43384982121572,1,0.0,0.0076116397377771,0.0340968522653681,1775901489.0437949,5,C:\Users\PC\Desktop\RGMC_2026\RGMC\RGMC\data\map\robot25\images\0080.png,C:\Users\PC\Desktop\RGMC_2026\RGMC\RGMC\data\map\robot25\overlays\0080_overlay.png,C:\Users\PC\Desktop\RGMC_2026\RGMC\RGMC\data\map\robot25\masks\0080_mask.png
81,0.51125,0.0625,0.0,551.7268637532134,260.79780361757105,1,0.0,0.0378904016537695,0.3199293019587763,1775901501.851461,5,C:\Users\PC\Desktop\RGMC_2026\RGMC\RGMC\data\map\robot25\images\0081.png,C:\Users\PC\Desktop\RGMC_2026\RGMC\RGMC\data\map\robot25\overlays\0081_overlay.png,C:\Users\PC\Desktop\RGMC_2026\RGMC\RGMC\data\map\robot25\masks\0081_mask.png
82,0.54,0.0625,0.0,550.5241886099204,273.0404164115126,1,0.0,0.0156238951982614,0.017097840261554,1775901515.161084,5,C:\Users\PC\Desktop\RGMC_2026\RGMC\RGMC\data\map\robot25\images\0082.png,C:\Users\PC\Desktop\RGMC_2026\RGMC\RGMC\data\map\robot25\overlays\0082_overlay.png,C:\Users\PC\Desktop\RGMC_2026\RGMC\RGMC\data\map\robot25\masks\0082_mask.png
83,0.56875,0.0625,0.0,550.3365442504515,285.5,1,0.0,0.0331856872438683,0.0385167887579868,1775901527.887353,5,C:\Users\PC\Desktop\RGMC_2026\RGMC\RGMC\data\map\robot25\images\0083.png,C:\Users\PC\Desktop\RGMC_2026\RGMC\RGMC\data\map\robot25\overlays\0083_overlay.png,C:\Users\PC\Desktop\RGMC_2026\RGMC\RGMC\data\map\robot25\masks\0083_mask.png
84,0.5975,0.0625,0.0,550.3763769889841,297.88044144696505,1,0.0,0.0106283961016366,0.0542880979996135,1775901540.8892798,5,C:\Users\PC\Desktop\RGMC_2026\RGMC\RGMC\data\map\robot25\images\0084.png,C:\Users\PC\Desktop\RGMC_2026\RGMC\RGMC\data\map\robot25\overlays\0084_overlay.png,C:\Users\PC\Desktop\RGMC_2026\RGMC\RGMC\data\map\robot25\masks\0084_mask.png
85,0.62625,0.0625,0.0,550.009696969697,310.3620481927711,1,0.0,0.0406184008660348,0.108620867823993,1775901553.8033435,5,C:\Users\PC\Desktop\RGMC_2026\RGMC\RGMC\data\map\robot25\images\0085.png,C:\Users\PC\Desktop\RGMC_2026\RGMC\RGMC\data\map\robot25\overlays\0085_overlay.png,C:\Users\PC\Desktop\RGMC_2026\RGMC\RGMC\data\map\robot25\masks\0085_mask.png
86,0.655,0.0625,0.0,550.040606060606,323.1660606060606,1,0.0,0.0043374704019214,0.0668006947323899,1775901566.9924552,5,C:\Users\PC\Desktop\RGMC_2026\RGMC\RGMC\data\map\robot25\images\0086.png,C:\Users\PC\Desktop\RGMC_2026\RGMC\RGMC\data\map\robot25\overlays\0086_overlay.png,C:\Users\PC\Desktop\RGMC_2026\RGMC\RGMC\data\map\robot25\masks\0086_mask.png
87,0.68375,0.0625,0.0,549.6096096096096,335.74174174174175,1,0.0,0.0156149691108913,0.0667287446852946,1775901579.8720884,5,C:\Users\PC\Desktop\RGMC_2026\RGMC\RGMC\data\map\robot25\images\0087.png,C:\Users\PC\Desktop\RGMC_2026\RGMC\RGMC\data\map\robot25\overlays\0087_overlay.png,C:\Users\PC\Desktop\RGMC_2026\RGMC\RGMC\data\map\robot25\masks\0087_mask.png
88,0.7125,0.0625,0.0,549.6492949110975,349.1811505507956,1,0.0,0.0265673732363103,0.0253615674849985,1775901594.518515,5,C:\Users\PC\Desktop\RGMC_2026\RGMC\RGMC\data\map\robot25\images\0088.png,C:\Users\PC\Desktop\RGMC_2026\RGMC\RGMC\data\map\robot25\overlays\0088_overlay.png,C:\Users\PC\Desktop\RGMC_2026\RGMC\RGMC\data\map\robot25\masks\0088_mask.png
89,0.74125,0.0625,0.0,548.295978905735,361.65589980224127,1,0.0,0.3586762256215231,0.0562284251347097,1775901609.2560277,5,C:\Users\PC\Desktop\RGMC_2026\RGMC\RGMC\data\map\robot25\images\0089.png,C:\Users\PC\Desktop\RGMC_2026\RGMC\RGMC\data\map\robot25\overlays\0089_overlay.png,C:\Users\PC\Desktop\RGMC_2026\RGMC\RGMC\data\map\robot25\masks\0089_mask.png
90,0.77,0.0625,0.0,549.2103030303031,374.78337378640776,1,0.0,0.0256745040769875,0.0245945146121445,1775901621.8600445,5,C:\Users\PC\Desktop\RGMC_2026\RGMC\RGMC\data\map\robot25\images\0090.png,C:\Users\PC\Desktop\RGMC_2026\RGMC\RGMC\data\map\robot25\overlays\0090_overlay.png,C:\Users\PC\Desktop\RGMC_2026\RGMC\RGMC\data\map\robot25\masks\0090_mask.png
91,0.79875,0.0625,0.0,549.0725167580744,387.136419001218,1,0.0,0.3586803010102042,0.10540476211949,1775901635.1818385,5,C:\Users\PC\Desktop\RGMC_2026\RGMC\RGMC\data\map\robot25\images\0091.png,C:\Users\PC\Desktop\RGMC_2026\RGMC\RGMC\data\map\robot25\overlays\0091_overlay.png,C:\Users\PC\Desktop\RGMC_2026\RGMC\RGMC\data\map\robot25\masks\0091_mask.png
92,0.8275,0.0625,0.0,547.9648020113136,400.566875,1,0.0,0.4087823769666817,0.4709017221540044,1775901647.670565,5,C:\Users\PC\Desktop\RGMC_2026\RGMC\RGMC\data\map\robot25\images\0092.png,C:\Users\PC\Desktop\RGMC_2026\RGMC\RGMC\data\map\robot25\overlays\0092_overlay.png,C:\Users\PC\Desktop\RGMC_2026\RGMC\RGMC\data\map\robot25\masks\0092_mask.png
93,0.85625,0.0625,0.0,547.8439119170985,413.219482862297,1,0.0,0.1864990799631616,0.0204682416818503,1775901660.7721586,5,C:\Users\PC\Desktop\RGMC_2026\RGMC\RGMC\data\map\robot25\images\0093.png,C:\Users\PC\Desktop\RGMC_2026\RGMC\RGMC\data\map\robot25\overlays\0093_overlay.png,C:\Users\PC\Desktop\RGMC_2026\RGMC\RGMC\data\map\robot25\masks\0093_mask.png
94,0.885,0.0625,0.0,546.7144615384616,425.6264615384615,1,0.0,0.5308122454068116,0.1820071144999577,1775901673.3652313,5,C:\Users\PC\Desktop\RGMC_2026\RGMC\RGMC\data\map\robot25\images\0094.png,C:\Users\PC\Desktop\RGMC_2026\RGMC\RGMC\data\map\robot25\overlays\0094_overlay.png,C:\Users\PC\Desktop\RGMC_2026\RGMC\RGMC\data\map\robot25\masks\0094_mask.png
95,0.91375,0.0625,0.0,546.5036231884058,438.31340579710144,1,0.0,0.0055430193245083,0.015684932458814,1775901686.4726856,5,C:\Users\PC\Desktop\RGMC_2026\RGMC\RGMC\data\map\robot25\images\0095.png,C:\Users\PC\Desktop\RGMC_2026\RGMC\RGMC\data\map\robot25\overlays\0095_overlay.png,C:\Users\PC\Desktop\RGMC_2026\RGMC\RGMC\data\map\robot25\masks\0095_mask.png
96,0.9425,0.0625,0.0,546.2442977190876,451.0174069627851,1,0.0,0.0064642239444471,0.0118524425351386,1775901699.9141748,5,C:\Users\PC\Desktop\RGMC_2026\RGMC\RGMC\data\map\robot25\images\0096.png,C:\Users\PC\Desktop\RGMC_2026\RGMC\RGMC\data\map\robot25\overlays\0096_overlay.png,C:\Users\PC\Desktop\RGMC_2026\RGMC\RGMC\data\map\robot25\masks\0096_mask.png
97,0.97125,0.0625,0.0,545.7448907681465,461.5863284002819,1,0.0,0.0,5.684341886080803e-14,1775901712.6904342,5,C:\Users\PC\Desktop\RGMC_2026\RGMC\RGMC\data\map\robot25\images\0097.png,C:\Users\PC\Desktop\RGMC_2026\RGMC\RGMC\data\map\robot25\overlays\0097_overlay.png,C:\Users\PC\Desktop\RGMC_2026\RGMC\RGMC\data\map\robot25\masks\0097_mask.png
100,0.97125,0.09375,0.0,533.1461154668567,461.7298645759088,1,0.0,0.0,0.0,1775901752.1223357,5,C:\Users\PC\Desktop\RGMC_2026\RGMC\RGMC\data\map\robot25\images\0100.png,C:\Users\PC\Desktop\RGMC_2026\RGMC\RGMC\data\map\robot25\overlays\0100_overlay.png,C:\Users\PC\Desktop\RGMC_2026\RGMC\RGMC\data\map\robot25\masks\0100_mask.png
101,0.9425,0.09375,0.0,533.257639304973,451.101745936183,1,0.0,0.0519388955470215,0.0271969626392328,1775901765.627889,5,C:\Users\PC\Desktop\RGMC_2026\RGMC\RGMC\data\map\robot25\images\0101.png,C:\Users\PC\Desktop\RGMC_2026\RGMC\RGMC\data\map\robot25\overlays\0101_overlay.png,C:\Users\PC\Desktop\RGMC_2026\RGMC\RGMC\data\map\robot25\masks\0101_mask.png
102,0.91375,0.09375,0.0,533.4365942028985,438.713768115942,1,0.0,0.0341495830117086,0.0266191714924174,1775901778.4294071,5,C:\Users\PC\Desktop\RGMC_2026\RGMC\RGMC\data\map\robot25\images\0102.png,C:\Users\PC\Desktop\RGMC_2026\RGMC\RGMC\data\map\robot25\overlays\0102_overlay.png,C:\Users\PC\Desktop\RGMC_2026\RGMC\RGMC\data\map\robot25\masks\0102_mask.png
103,0.885,0.09375,0.0,533.7463904582548,425.2748282323548,1,0.0,0.0284955958838756,0.1064125176536151,1775901791.2534423,5,C:\Users\PC\Desktop\RGMC_2026\RGMC\RGMC\data\map\robot25\images\0103.png,C:\Users\PC\Desktop\RGMC_2026\RGMC\RGMC\data\map\robot25\overlays\0103_overlay.png,C:\Users\PC\Desktop\RGMC_2026\RGMC\RGMC\data\map\robot25\masks\0103_mask.png
104,0.85625,0.09375,0.0,534.0356265356265,413.3097725875845,1,0.0,0.0123549292979901,0.0372956260713935,1775901804.0289729,5,C:\Users\PC\Desktop\RGMC_2026\RGMC\RGMC\data\map\robot25\images\0104.png,C:\Users\PC\Desktop\RGMC_2026\RGMC\RGMC\data\map\robot25\overlays\0104_overlay.png,C:\Users\PC\Desktop\RGMC_2026\RGMC\RGMC\data\map\robot25\masks\0104_mask.png
105,0.8275,0.09375,0.0,534.0092478421701,400.91336633663366,1,0.0,0.0540407199540629,0.026958385741233,1775901817.3305378,5,C:\Users\PC\Desktop\RGMC_2026\RGMC\RGMC\data\map\robot25\images\0105.png,C:\Users\PC\Desktop\RGMC_2026\RGMC\RGMC\data\map\robot25\overlays\0105_overlay.png,C:\Users\PC\Desktop\RGMC_2026\RGMC\RGMC\data\map\robot25\masks\0105_mask.png
106,0.79875,0.09375,0.0,534.4518377693282,387.549815498155,1,0.0,0.0380357963346228,0.3388793136906473,1775901830.756593,5,C:\Users\PC\Desktop\RGMC_2026\RGMC\RGMC\data\map\robot25\images\0106.png,C:\Users\PC\Desktop\RGMC_2026\RGMC\RGMC\data\map\robot25\overlays\0106_overlay.png,C:\Users\PC\Desktop\RGMC_2026\RGMC\RGMC\data\map\robot25\masks\0106_mask.png
107,0.77,0.09375,0.0,534.4431610942249,374.80364741641336,1,0.0,0.030486499883808,0.0456226126679262,1775901843.9879167,5,C:\Users\PC\Desktop\RGMC_2026\RGMC\RGMC\data\map\robot25\images\0107.png,C:\Users\PC\Desktop\RGMC_2026\RGMC\RGMC\data\map\robot25\overlays\0107_overlay.png,C:\Users\PC\Desktop\RGMC_2026\RGMC\RGMC\data\map\robot25\masks\0107_mask.png
108,0.74125,0.09375,0.0,534.498743718593,361.6030150753769,1,0.0,0.0234347916758463,0.1665177864677845,1775901856.8736062,5,C:\Users\PC\Desktop\RGMC_2026\RGMC\RGMC\data\map\robot25\images\0108.png,C:\Users\PC\Desktop\RGMC_2026\RGMC\RGMC\data\map\robot25\overlays\0108_overlay.png,C:\Users\PC\Desktop\RGMC_2026\RGMC\RGMC\data\map\robot25\masks\0108_mask.png
109,0.7125,0.09375,0.0,535.5937702790396,349.22582738481503,1,0.0,0.0352465946800016,0.0348586527042465,1775901870.0869968,5,C:\Users\PC\Desktop\RGMC_2026\RGMC\RGMC\data\map\robot25\images\0109.png,C:\Users\PC\Desktop\RGMC_2026\RGMC\RGMC\data\map\robot25\overlays\0109_overlay.png,C:\Users\PC\Desktop\RGMC_2026\RGMC\RGMC\data\map\robot25\masks\0109_mask.png
110,0.68375,0.09375,0.0,535.5719921104536,336.8458005249344,1,0.0,0.0199401251856291,0.0307693897633673,1775901883.4935737,5,C:\Users\PC\Desktop\RGMC_2026\RGMC\RGMC\data\map\robot25\images\0110.png,C:\Users\PC\Desktop\RGMC_2026\RGMC\RGMC\data\map\robot25\overlays\0110_overlay.png,C:\Users\PC\Desktop\RGMC_2026\RGMC\RGMC\data\map\robot25\masks\0110_mask.png
111,0.655,0.09375,0.0,536.9638922888616,323.45927740355177,1,0.0,0.038661791566748,0.0438439431502605,1775901900.2804835,5,C:\Users\PC\Desktop\RGMC_2026\RGMC\RGMC\data\map\robot25\images\0111.png,C:\Users\PC\Desktop\RGMC_2026\RGMC\RGMC\data\map\robot25\overlays\0111_overlay.png,C:\Users\PC\Desktop\RGMC_2026\RGMC\RGMC\data\map\robot25\masks\0111_mask.png
112,0.62625,0.09375,0.0,536.9698067632851,310.8084592145015,1,0.0,0.0450484420308123,0.0784914430610909,1775901913.1878986,5,C:\Users\PC\Desktop\RGMC_2026\RGMC\RGMC\data\map\robot25\images\0112.png,C:\Users\PC\Desktop\RGMC_2026\RGMC\RGMC\data\map\robot25\overlays\0112_overlay.png,C:\Users\PC\Desktop\RGMC_2026\RGMC\RGMC\data\map\robot25\masks\0112_mask.png
113,0.5975,0.09375,0.0,537.3894230769231,298.3207207207207,1,0.0,0.0083659586414849,0.0161468732235457,1775901926.1941106,5,C:\Users\PC\Desktop\RGMC_2026\RGMC\RGMC\data\map\robot25\images\0113.png,C:\Users\PC\Desktop\RGMC_2026\RGMC\RGMC\data\map\robot25\overlays\0113_overlay.png,C:\Users\PC\Desktop\RGMC_2026\RGMC\RGMC\data\map\robot25\masks\0113_mask.png
114,0.56875,0.09375,0.0,537.4321578003586,285.4542737597131,1,0.0,0.0195567236010841,0.0157421309920768,1775901939.201539,5,C:\Users\PC\Desktop\RGMC_2026\RGMC\RGMC\data\map\robot25\images\0114.png,C:\Users\PC\Desktop\RGMC_2026\RGMC\RGMC\data\map\robot25\overlays\0114_overlay.png,C:\Users\PC\Desktop\RGMC_2026\RGMC\RGMC\data\map\robot25\masks\0114_mask.png
115,0.54,0.09375,0.0,537.5773630343167,273.2305839855509,1,0.0,0.0211360640399609,0.0394737870416892,1775901952.00151,5,C:\Users\PC\Desktop\RGMC_2026\RGMC\RGMC\data\map\robot25\images\0115.png,C:\Users\PC\Desktop\RGMC_2026\RGMC\RGMC\data\map\robot25\overlays\0115_overlay.png,C:\Users\PC\Desktop\RGMC_2026\RGMC\RGMC\data\map\robot25\masks\0115_mask.png
116,0.51125,0.09375,0.0,537.5427553444181,260.00178465199286,1,0.0,0.0134774052026097,0.0429516191083725,1775901964.799723,5,C:\Users\PC\Desktop\RGMC_2026\RGMC\RGMC\data\map\robot25\images\0116.png,C:\Users\PC\Desktop\RGMC_2026\RGMC\RGMC\data\map\robot25\overlays\0116_overlay.png,C:\Users\PC\Desktop\RGMC_2026\RGMC\RGMC\data\map\robot25\masks\0116_mask.png
117,0.4825,0.09375,0.0,537.6731448763251,247.3578575632725,1,0.0,0.024907331291658,0.0228435168922223,1775901977.6944883,5,C:\Users\PC\Desktop\RGMC_2026\RGMC\RGMC\data\map\robot25\images\0117.png,C:\Users\PC\Desktop\RGMC_2026\RGMC\RGMC\data\map\robot25\overlays\0117_overlay.png,C:\Users\PC\Desktop\RGMC_2026\RGMC\RGMC\data\map\robot25\masks\0117_mask.png
118,0.45375,0.09375,0.0,537.8368794326241,235.14479905437352,1,0.0,0.0125006144545264,0.0310413091084617,1775901990.829455,5,C:\Users\PC\Desktop\RGMC_2026\RGMC\RGMC\data\map\robot25\images\0118.png,C:\Users\PC\Desktop\RGMC_2026\RGMC\RGMC\data\map\robot25\overlays\0118_overlay.png,C:\Users\PC\Desktop\RGMC_2026\RGMC\RGMC\data\map\robot25\masks\0118_mask.png
119,0.425,0.09375,0.0,537.9152744630071,222.5332541567696,1,0.0,0.0753749798426776,0.0505336343603815,1775902003.9600608,5,C:\Users\PC\Desktop\RGMC_2026\RGMC\RGMC\data\map\robot25\images\0119.png,C:\Users\PC\Desktop\RGMC_2026\RGMC\RGMC\data\map\robot25\overlays\0119_overlay.png,C:\Users\PC\Desktop\RGMC_2026\RGMC\RGMC\data\map\robot25\masks\0119_mask.png
120,0.39625,0.09375,0.0,538.0136014192785,209.84728773584905,1,0.0,0.010375253194586,0.0346546870432144,1775902016.9412692,5,C:\Users\PC\Desktop\RGMC_2026\RGMC\RGMC\data\map\robot25\images\0120.png,C:\Users\PC\Desktop\RGMC_2026\RGMC\RGMC\data\map\robot25\overlays\0120_overlay.png,C:\Users\PC\Desktop\RGMC_2026\RGMC\RGMC\data\map\robot25\masks\0120_mask.png
121,0.3675,0.09375,0.0,538.4341040462427,196.06416184971096,1,0.0,0.2834038146902511,0.0264446314280741,1775902030.0311327,5,C:\Users\PC\Desktop\RGMC_2026\RGMC\RGMC\data\map\robot25\images\0121.png,C:\Users\PC\Desktop\RGMC_2026\RGMC\RGMC\data\map\robot25\overlays\0121_overlay.png,C:\Users\PC\Desktop\RGMC_2026\RGMC\RGMC\data\map\robot25\masks\0121_mask.png
122,0.33875,0.09375,0.0,538.535860058309,183.59780092592592,1,0.0,0.0273906670199457,0.0582541549501141,1775902042.52154,5,C:\Users\PC\Desktop\RGMC_2026\RGMC\RGMC\data\map\robot25\images\0122.png,C:\Users\PC\Desktop\RGMC_2026\RGMC\RGMC\data\map\robot25\overlays\0122_overlay.png,C:\Users\PC\Desktop\RGMC_2026\RGMC\RGMC\data\map\robot25\masks\0122_mask.png
123,0.31,0.09375,0.0,539.5603971318257,171.14136413641364,1,0.0,0.0262962512938777,0.0274880624196667,1775902055.336323,5,C:\Users\PC\Desktop\RGMC_2026\RGMC\RGMC\data\map\robot25\images\0123.png,C:\Users\PC\Desktop\RGMC_2026\RGMC\RGMC\data\map\robot25\overlays\0123_overlay.png,C:\Users\PC\Desktop\RGMC_2026\RGMC\RGMC\data\map\robot25\masks\0123_mask.png
124,0.28125,0.09375,0.0,540.906990521327,158.34063981042655,1,0.0,0.0156405940486498,0.0520055786271022,1775902067.808792,5,C:\Users\PC\Desktop\RGMC_2026\RGMC\RGMC\data\map\robot25\images\0124.png,C:\Users\PC\Desktop\RGMC_2026\RGMC\RGMC\data\map\robot25\overlays\0124_overlay.png,C:\Users\PC\Desktop\RGMC_2026\RGMC\RGMC\data\map\robot25\masks\0124_mask.png
125,0.2525,0.09375,0.0,541.073027090695,145.72025912838637,1,0.0,0.014515150123827,0.0476683432611767,1775902080.7236905,5,C:\Users\PC\Desktop\RGMC_2026\RGMC\RGMC\data\map\robot25\images\0125.png,C:\Users\PC\Desktop\RGMC_2026\RGMC\RGMC\data\map\robot25\overlays\0125_overlay.png,C:\Users\PC\Desktop\RGMC_2026\RGMC\RGMC\data\map\robot25\masks\0125_mask.png
126,0.22375,0.09375,0.0,541.333525014376,131.9891304347826,1,0.0,0.0199476141302559,0.0484644490960379,1775902093.2071223,5,C:\Users\PC\Desktop\RGMC_2026\RGMC\RGMC\data\map\robot25\images\0126.png,C:\Users\PC\Desktop\RGMC_2026\RGMC\RGMC\data\map\robot25\overlays\0126_overlay.png,C:\Users\PC\Desktop\RGMC_2026\RGMC\RGMC\data\map\robot25\masks\0126_mask.png
127,0.195,0.09375,0.0,541.4423856398379,119.49651972157773,1,0.0,0.0474013273387328,0.0500396317467674,1775902106.1431873,5,C:\Users\PC\Desktop\RGMC_2026\RGMC\RGMC\data\map\robot25\images\0127.png,C:\Users\PC\Desktop\RGMC_2026\RGMC\RGMC\data\map\robot25\overlays\0127_overlay.png,C:\Users\PC\Desktop\RGMC_2026\RGMC\RGMC\data\map\robot25\masks\0127_mask.png
128,0.16625,0.09375,0.0,541.5181765724178,107.05478662053056,1,0.0,0.0393664967111211,0.068240323539501,1775902119.1133933,5,C:\Users\PC\Desktop\RGMC_2026\RGMC\RGMC\data\map\robot25\images\0128.png,C:\Users\PC\Desktop\RGMC_2026\RGMC\RGMC\data\map\robot25\overlays\0128_overlay.png,C:\Users\PC\Desktop\RGMC_2026\RGMC\RGMC\data\map\robot25\masks\0128_mask.png
129,0.1375,0.09375,0.0,541.6942675159236,94.48986682107702,1,0.0,0.0249047427740709,0.0462370530064915,1775902131.810856,5,C:\Users\PC\Desktop\RGMC_2026\RGMC\RGMC\data\map\robot25\images\0129.png,C:\Users\PC\Desktop\RGMC_2026\RGMC\RGMC\data\map\robot25\overlays\0129_overlay.png,C:\Users\PC\Desktop\RGMC_2026\RGMC\RGMC\data\map\robot25\masks\0129_mask.png
130,0.10875,0.09375,0.0,541.7950530035336,82.20364920541495,1,0.0,0.0267432164745976,0.0251931923498481,1775902144.3013508,5,C:\Users\PC\Desktop\RGMC_2026\RGMC\RGMC\data\map\robot25\images\0130.png,C:\Users\PC\Desktop\RGMC_2026\RGMC\RGMC\data\map\robot25\overlays\0130_overlay.png,C:\Users\PC\Desktop\RGMC_2026\RGMC\RGMC\data\map\robot25\masks\0130_mask.png
131,0.08,0.09375,0.0,541.9508852084523,68.78697886921759,1,0.0,0.0251352342639679,0.0655406202598371,1775902157.228434,5,C:\Users\PC\Desktop\RGMC_2026\RGMC\RGMC\data\map\robot25\images\0131.png,C:\Users\PC\Desktop\RGMC_2026\RGMC\RGMC\data\map\robot25\overlays\0131_overlay.png,C:\Users\PC\Desktop\RGMC_2026\RGMC\RGMC\data\map\robot25\masks\0131_mask.png
132,0.08,0.125,0.0,528.5993111366246,68.72445464982778,1,0.0,0.0435808528292968,0.0824364269281523,1775902169.524726,5,C:\Users\PC\Desktop\RGMC_2026\RGMC\RGMC\data\map\robot25\images\0132.png,C:\Users\PC\Desktop\RGMC_2026\RGMC\RGMC\data\map\robot25\overlays\0132_overlay.png,C:\Users\PC\Desktop\RGMC_2026\RGMC\RGMC\data\map\robot25\masks\0132_mask.png
133,0.10875,0.125,0.0,528.4453584018802,81.58756038647343,1,0.0,0.0388152054612135,0.3093294686820218,1775902182.401455,5,C:\Users\PC\Desktop\RGMC_2026\RGMC\RGMC\data\map\robot25\images\0133.png,C:\Users\PC\Desktop\RGMC_2026\RGMC\RGMC\data\map\robot25\overlays\0133_overlay.png,C:\Users\PC\Desktop\RGMC_2026\RGMC\RGMC\data\map\robot25\masks\0133_mask.png
134,0.1375,0.125,0.0,527.2610169491526,94.1864406779661,1,0.0,0.5383920968906927,0.0511677399425292,1775902195.1007757,5,C:\Users\PC\Desktop\RGMC_2026\RGMC\RGMC\data\map\robot25\images\0134.png,C:\Users\PC\Desktop\RGMC_2026\RGMC\RGMC\data\map\robot25\overlays\0134_overlay.png,C:\Users\PC\Desktop\RGMC_2026\RGMC\RGMC\data\map\robot25\masks\0134_mask.png
135,0.16625,0.125,0.0,526.7297762478486,106.77953216374269,1,0.0,0.2116044436208669,0.0164707588934717,1775902207.7165809,5,C:\Users\PC\Desktop\RGMC_2026\RGMC\RGMC\data\map\robot25\images\0135.png,C:\Users\PC\Desktop\RGMC_2026\RGMC\RGMC\data\map\robot25\overlays\0135_overlay.png,C:\Users\PC\Desktop\RGMC_2026\RGMC\RGMC\data\map\robot25\masks\0135_mask.png
136,0.195,0.125,0.0,526.3391608391609,119.1493848857645,1,0.0,0.0250627118555791,0.0622711754235398,1775902220.5951414,5,C:\Users\PC\Desktop\RGMC_2026\RGMC\RGMC\data\map\robot25\images\0136.png,C:\Users\PC\Desktop\RGMC_2026\RGMC\RGMC\data\map\robot25\overlays\0136_overlay.png,C:\Users\PC\Desktop\RGMC_2026\RGMC\RGMC\data\map\robot25\masks\0136_mask.png
137,0.22375,0.125,0.0,526.2142857142857,131.93325727324586,1,0.0,0.1726126599013129,0.0199089490323935,1775902233.7115104,5,C:\Users\PC\Desktop\RGMC_2026\RGMC\RGMC\data\map\robot25\images\0137.png,C:\Users\PC\Desktop\RGMC_2026\RGMC\RGMC\data\map\robot25\overlays\0137_overlay.png,C:\Users\PC\Desktop\RGMC_2026\RGMC\RGMC\data\map\robot25\masks\0137_mask.png
138,0.2525,0.125,0.0,525.9696048632219,144.95206310679612,1,0.0,0.0436230621846597,0.0388001795996845,1775902316.1363876,5,C:\Users\PC\Desktop\RGMC_2026\RGMC\RGMC\data\map\robot25\images\0138.png,C:\Users\PC\Desktop\RGMC_2026\RGMC\RGMC\data\map\robot25\overlays\0138_overlay.png,C:\Users\PC\Desktop\RGMC_2026\RGMC\RGMC\data\map\robot25\masks\0138_mask.png
139,0.28125,0.125,0.0,525.8156956004756,157.74910820451842,1,0.0,0.0235588019281966,0.0792345185203339,1775902329.1516478,5,C:\Users\PC\Desktop\RGMC_2026\RGMC\RGMC\data\map\robot25\images\0139.png,C:\Users\PC\Desktop\RGMC_2026\RGMC\RGMC\data\map\robot25\overlays\0139_overlay.png,C:\Users\PC\Desktop\RGMC_2026\RGMC\RGMC\data\map\robot25\masks\0139_mask.png
140,0.31,0.125,0.0,525.3391608391609,170.68113425925927,1,0.0,0.045014070474983,0.0441137002632356,1775902342.6707473,5,C:\Users\PC\Desktop\RGMC_2026\RGMC\RGMC\data\map\robot25\images\0140.png,C:\Users\PC\Desktop\RGMC_2026\RGMC\RGMC\data\map\robot25\overlays\0140_overlay.png,C:\Users\PC\Desktop\RGMC_2026\RGMC\RGMC\data\map\robot25\masks\0140_mask.png
141,0.33875,0.125,0.0,525.3219741480611,183.12146226415092,1,0.0,0.0158640340745488,0.0367351264387719,1775902364.6723592,5,C:\Users\PC\Desktop\RGMC_2026\RGMC\RGMC\data\map\robot25\images\0141.png,C:\Users\PC\Desktop\RGMC_2026\RGMC\RGMC\data\map\robot25\overlays\0141_overlay.png,C:\Users\PC\Desktop\RGMC_2026\RGMC\RGMC\data\map\robot25\masks\0141_mask.png
142,0.3675,0.125,0.0,524.9491725768321,195.78900709219857,1,0.0,0.0363518287864775,0.0499517931541386,1775902377.2841475,5,C:\Users\PC\Desktop\RGMC_2026\RGMC\RGMC\data\map\robot25\images\0142.png,C:\Users\PC\Desktop\RGMC_2026\RGMC\RGMC\data\map\robot25\overlays\0142_overlay.png,C:\Users\PC\Desktop\RGMC_2026\RGMC\RGMC\data\map\robot25\masks\0142_mask.png
143,0.39625,0.125,0.0,522.8403519798869,208.68387909319895,1,0.0,0.4290119043566283,0.2436420408472889,1775902390.0691922,5,C:\Users\PC\Desktop\RGMC_2026\RGMC\RGMC\data\map\robot25\images\0143.png,C:\Users\PC\Desktop\RGMC_2026\RGMC\RGMC\data\map\robot25\overlays\0143_overlay.png,C:\Users\PC\Desktop\RGMC_2026\RGMC\RGMC\data\map\robot25\masks\0143_mask.png
144,0.425,0.125,0.0,523.8546144121366,221.91276864728192,1,0.0,0.0198121622497946,0.1020039609443606,1775902402.768709,5,C:\Users\PC\Desktop\RGMC_2026\RGMC\RGMC\data\map\robot25\images\0144.png,C:\Users\PC\Desktop\RGMC_2026\RGMC\RGMC\data\map\robot25\overlays\0144_overlay.png,C:\Users\PC\Desktop\RGMC_2026\RGMC\RGMC\data\map\robot25\masks\0144_mask.png
145,0.45375,0.125,0.0,522.5649851632047,234.46286393345216,1,0.0,0.0070974376761047,0.0205870556447861,1775902415.6622224,5,C:\Users\PC\Desktop\RGMC_2026\RGMC\RGMC\data\map\robot25\images\0145.png,C:\Users\PC\Desktop\RGMC_2026\RGMC\RGMC\data\map\robot25\overlays\0145_overlay.png,C:\Users\PC\Desktop\RGMC_2026\RGMC\RGMC\data\map\robot25\masks\0145_mask.png
146,0.4825,0.125,0.0,523.4556677890012,246.87542087542087,1,0.0,0.3870157866084509,0.0170311950395328,1775902429.0805757,5,C:\Users\PC\Desktop\RGMC_2026\RGMC\RGMC\data\map\robot25\images\0146.png,C:\Users\PC\Desktop\RGMC_2026\RGMC\RGMC\data\map\robot25\overlays\0146_overlay.png,C:\Users\PC\Desktop\RGMC_2026\RGMC\RGMC\data\map\robot25\masks\0146_mask.png
147,0.51125,0.125,0.0,523.3702672605791,259.22271468144044,1,0.0,0.037826735325485,0.0415925190726676,1775902442.1011317,5,C:\Users\PC\Desktop\RGMC_2026\RGMC\RGMC\data\map\robot25\images\0147.png,C:\Users\PC\Desktop\RGMC_2026\RGMC\RGMC\data\map\robot25\overlays\0147_overlay.png,C:\Users\PC\Desktop\RGMC_2026\RGMC\RGMC\data\map\robot25\masks\0147_mask.png
148,0.54,0.125,0.0,523.2463687150838,271.83752093802343,1,0.0,0.0167298203666339,0.3955684963105355,1775902454.7873385,5,C:\Users\PC\Desktop\RGMC_2026\RGMC\RGMC\data\map\robot25\images\0148.png,C:\Users\PC\Desktop\RGMC_2026\RGMC\RGMC\data\map\robot25\overlays\0148_overlay.png,C:\Users\PC\Desktop\RGMC_2026\RGMC\RGMC\data\map\robot25\masks\0148_mask.png
149,0.56875,0.125,0.0,522.2406060606061,285.2260606060606,1,0.0,0.0238394801472621,0.0185765666746491,1775902467.685335,5,C:\Users\PC\Desktop\RGMC_2026\RGMC\RGMC\data\map\robot25\images\0149.png,C:\Users\PC\Desktop\RGMC_2026\RGMC\RGMC\data\map\robot25\overlays\0149_overlay.png,C:\Users\PC\Desktop\RGMC_2026\RGMC\RGMC\data\map\robot25\masks\0149_mask.png
150,0.5975,0.125,0.0,522.1599756690997,297.78567091681845,1,0.0,0.0336066002562207,0.0384409993768252,1775902480.9052663,5,C:\Users\PC\Desktop\RGMC_2026\RGMC\RGMC\data\map\robot25\images\0150.png,C:\Users\PC\Desktop\RGMC_2026\RGMC\RGMC\data\map\robot25\overlays\0150_overlay.png,C:\Users\PC\Desktop\RGMC_2026\RGMC\RGMC\data\map\robot25\masks\0150_mask.png
151,0.62625,0.125,0.0,522.0083432657926,310.4326579261025,1,0.0,0.0212184362352444,0.0482958637079462,1775902493.4395869,5,C:\Users\PC\Desktop\RGMC_2026\RGMC\RGMC\data\map\robot25\images\0151.png,C:\Users\PC\Desktop\RGMC_2026\RGMC\RGMC\data\map\robot25\overlays\0151_overlay.png,C:\Users\PC\Desktop\RGMC_2026\RGMC\RGMC\data\map\robot25\masks\0151_mask.png
152,0.655,0.125,0.0,521.8649635036496,323.05234327449784,1,0.0,0.0267021639766504,0.0413166273561828,1775902506.702874,5,C:\Users\PC\Desktop\RGMC_2026\RGMC\RGMC\data\map\robot25\images\0152.png,C:\Users\PC\Desktop\RGMC_2026\RGMC\RGMC\data\map\robot25\overlays\0152_overlay.png,C:\Users\PC\Desktop\RGMC_2026\RGMC\RGMC\data\map\robot25\masks\0152_mask.png
153,0.68375,0.125,0.0,521.5710886377157,335.6422182468694,1,0.0,0.0137795074824906,0.0679940142374856,1775902520.1203103,5,C:\Users\PC\Desktop\RGMC_2026\RGMC\RGMC\data\map\robot25\images\0153.png,C:\Users\PC\Desktop\RGMC_2026\RGMC\RGMC\data\map\robot25\overlays\0153_overlay.png,C:\Users\PC\Desktop\RGMC_2026\RGMC\RGMC\data\map\robot25\masks\0153_mask.png
154,0.7125,0.125,0.0,521.4731920199501,348.89863184079604,1,0.0,0.0311531529368458,0.027114660708802,1775902533.5225365,5,C:\Users\PC\Desktop\RGMC_2026\RGMC\RGMC\data\map\robot25\images\0154.png,C:\Users\PC\Desktop\RGMC_2026\RGMC\RGMC\data\map\robot25\overlays\0154_overlay.png,C:\Users\PC\Desktop\RGMC_2026\RGMC\RGMC\data\map\robot25\masks\0154_mask.png
155,0.74125,0.125,0.0,521.3939580764488,361.42283950617286,1,0.0,0.0470599113283078,0.0771968394915931,1775902546.638128,5,C:\Users\PC\Desktop\RGMC_2026\RGMC\RGMC\data\map\robot25\images\0155.png,C:\Users\PC\Desktop\RGMC_2026\RGMC\RGMC\data\map\robot25\overlays\0155_overlay.png,C:\Users\PC\Desktop\RGMC_2026\RGMC\RGMC\data\map\robot25\masks\0155_mask.png
156,0.77,0.125,0.0,521.0768285187462,374.0848186846957,1,0.0,0.0395869923666803,0.0490477085347607,1775902559.7777867,5,C:\Users\PC\Desktop\RGMC_2026\RGMC\RGMC\data\map\robot25\images\0156.png,C:\Users\PC\Desktop\RGMC_2026\RGMC\RGMC\data\map\robot25\overlays\0156_overlay.png,C:\Users\PC\Desktop\RGMC_2026\RGMC\RGMC\data\map\robot25\masks\0156_mask.png
157,0.79875,0.125,0.0,521.0304692260817,387.1290519877676,1,0.0,0.0443379204741849,0.017948687403931,1775902572.849496,5,C:\Users\PC\Desktop\RGMC_2026\RGMC\RGMC\data\map\robot25\images\0157.png,C:\Users\PC\Desktop\RGMC_2026\RGMC\RGMC\data\map\robot25\overlays\0157_overlay.png,C:\Users\PC\Desktop\RGMC_2026\RGMC\RGMC\data\map\robot25\masks\0157_mask.png
158,0.8275,0.125,0.0,520.8012158054711,399.8280680437424,1,0.0,0.0295252623521612,0.0455987904043895,1775902585.4472969,5,C:\Users\PC\Desktop\RGMC_2026\RGMC\RGMC\data\map\robot25\images\0158.png,C:\Users\PC\Desktop\RGMC_2026\RGMC\RGMC\data\map\robot25\overlays\0158_overlay.png,C:\Users\PC\Desktop\RGMC_2026\RGMC\RGMC\data\map\robot25\masks\0158_mask.png
159,0.85625,0.125,0.0,520.6633039092055,412.8190416141236,1,0.0,0.0427123505045447,0.0418968076104378,1775902598.2458186,5,C:\Users\PC\Desktop\RGMC_2026\RGMC\RGMC\data\map\robot25\images\0159.png,C:\Users\PC\Desktop\RGMC_2026\RGMC\RGMC\data\map\robot25\overlays\0159_overlay.png,C:\Users\PC\Desktop\RGMC_2026\RGMC\RGMC\data\map\robot25\masks\0159_mask.png
160,0.885,0.125,0.0,519.552544613351,425.53434610303833,1,0.0,0.0068513653494193,0.2029611820895709,1775902611.4571085,5,C:\Users\PC\Desktop\RGMC_2026\RGMC\RGMC\data\map\robot25\images\0160.png,C:\Users\PC\Desktop\RGMC_2026\RGMC\RGMC\data\map\robot25\overlays\0160_overlay.png,C:\Users\PC\Desktop\RGMC_2026\RGMC\RGMC\data\map\robot25\masks\0160_mask.png
161,0.91375,0.125,0.0,519.50805931657,438.2854406130268,1,0.0,0.0151674898597436,0.1412948408650197,1775902624.2521646,5,C:\Users\PC\Desktop\RGMC_2026\RGMC\RGMC\data\map\robot25\images\0161.png,C:\Users\PC\Desktop\RGMC_2026\RGMC\RGMC\data\map\robot25\overlays\0161_overlay.png,C:\Users\PC\Desktop\RGMC_2026\RGMC\RGMC\data\map\robot25\masks\0161_mask.png
162,0.9425,0.125,0.0,518.3288508557457,450.88814180929097,1,0.0,0.4914914325535633,0.0519104660419113,1775902637.0607064,5,C:\Users\PC\Desktop\RGMC_2026\RGMC\RGMC\data\map\robot25\images\0162.png,C:\Users\PC\Desktop\RGMC_2026\RGMC\RGMC\data\map\robot25\overlays\0162_overlay.png,C:\Users\PC\Desktop\RGMC_2026\RGMC\RGMC\data\map\robot25\masks\0162_mask.png
163,0.97125,0.125,0.0,517.9486652977413,460.4883241758242,1,0.0,0.0396967898619564,0.442877673303208,1775902649.750754,5,C:\Users\PC\Desktop\RGMC_2026\RGMC\RGMC\data\map\robot25\images\0163.png,C:\Users\PC\Desktop\RGMC_2026\RGMC\RGMC\data\map\robot25\overlays\0163_overlay.png,C:\Users\PC\Desktop\RGMC_2026\RGMC\RGMC\data\map\robot25\masks\0163_mask.png
166,0.97125,0.15625,0.0,505.1559829059829,461.7200854700855,1,0.0,0.0328116591984374,0.0186333170903586,1775902688.968647,5,C:\Users\PC\Desktop\RGMC_2026\RGMC\RGMC\data\map\robot25\images\0166.png,C:\Users\PC\Desktop\RGMC_2026\RGMC\RGMC\data\map\robot25\overlays\0166_overlay.png,C:\Users\PC\Desktop\RGMC_2026\RGMC\RGMC\data\map\robot25\masks\0166_mask.png
167,0.9425,0.15625,0.0,505.0971882640587,451.160417947142,1,0.0,0.0292676017236137,0.0444689199832638,1775902701.682312,5,C:\Users\PC\Desktop\RGMC_2026\RGMC\RGMC\data\map\robot25\images\0167.png,C:\Users\PC\Desktop\RGMC_2026\RGMC\RGMC\data\map\robot25\overlays\0167_overlay.png,C:\Users\PC\Desktop\RGMC_2026\RGMC\RGMC\data\map\robot25\masks\0167_mask.png
168,0.91375,0.15625,0.0,505.372178157413,438.40558591378266,1,0.0,0.0293349395856903,0.0249508447162874,1775902714.4698832,5,C:\Users\PC\Desktop\RGMC_2026\RGMC\RGMC\data\map\robot25\images\0168.png,C:\Users\PC\Desktop\RGMC_2026\RGMC\RGMC\data\map\robot25\overlays\0168_overlay.png,C:\Users\PC\Desktop\RGMC_2026\RGMC\RGMC\data\map\robot25\masks\0168_mask.png
169,0.885,0.15625,0.0,505.3969849246231,425.5515075376885,1,0.0,0.0295407044345777,0.0482777457520874,1775902727.0613048,5,C:\Users\PC\Desktop\RGMC_2026\RGMC\RGMC\data\map\robot25\images\0169.png,C:\Users\PC\Desktop\RGMC_2026\RGMC\RGMC\data\map\robot25\overlays\0169_overlay.png,C:\Users\PC\Desktop\RGMC_2026\RGMC\RGMC\data\map\robot25\masks\0169_mask.png
170,0.85625,0.15625,0.0,505.77433628318585,413.0050505050505,1,0.0,0.0175538101061022,0.0385276260566395,1775902739.7581725,5,C:\Users\PC\Desktop\RGMC_2026\RGMC\RGMC\data\map\robot25\images\0170.png,C:\Users\PC\Desktop\RGMC_2026\RGMC\RGMC\data\map\robot25\overlays\0170_overlay.png,C:\Users\PC\Desktop\RGMC_2026\RGMC\RGMC\data\map\robot25\masks\0170_mask.png
171,0.8275,0.15625,0.0,506.0098340503995,400.7707437000615,1,0.0,0.0265786402740131,0.0239322757004656,1775902752.7936077,5,C:\Users\PC\Desktop\RGMC_2026\RGMC\RGMC\data\map\robot25\images\0171.png,C:\Users\PC\Desktop\RGMC_2026\RGMC\RGMC\data\map\robot25\overlays\0171_overlay.png,C:\Users\PC\Desktop\RGMC_2026\RGMC\RGMC\data\map\robot25\masks\0171_mask.png
172,0.79875,0.15625,0.0,506.1727053140097,387.3192261185006,1,0.0,0.0703034755942399,0.0534838917178122,1775902765.9810216,5,C:\Users\PC\Desktop\RGMC_2026\RGMC\RGMC\data\map\robot25\images\0172.png,C:\Users\PC\Desktop\RGMC_2026\RGMC\RGMC\data\map\robot25\overlays\0172_overlay.png,C:\Users\PC\Desktop\RGMC_2026\RGMC\RGMC\data\map\robot25\masks\0172_mask.png
173,0.77,0.15625,0.0,506.3193846153846,374.2436923076923,1,0.0,0.0264626384488949,0.0522665141538923,1775902778.497471,5,C:\Users\PC\Desktop\RGMC_2026\RGMC\RGMC\data\map\robot25\images\0173.png,C:\Users\PC\Desktop\RGMC_2026\RGMC\RGMC\data\map\robot25\overlays\0173_overlay.png,C:\Users\PC\Desktop\RGMC_2026\RGMC\RGMC\data\map\robot25\masks\0173_mask.png
174,0.74125,0.15625,0.0,506.3707377557346,361.575682382134,1,0.0,0.0521412582167667,0.0458690869487423,1775902791.3710597,5,C:\Users\PC\Desktop\RGMC_2026\RGMC\RGMC\data\map\robot25\images\0174.png,C:\Users\PC\Desktop\RGMC_2026\RGMC\RGMC\data\map\robot25\overlays\0174_overlay.png,C:\Users\PC\Desktop\RGMC_2026\RGMC\RGMC\data\map\robot25\masks\0174_mask.png
175,0.7125,0.15625,0.0,506.4086088583905,349.1848370927318,1,0.0,0.0415524426233945,0.050697534419403,1775902804.2918837,5,C:\Users\PC\Desktop\RGMC_2026\RGMC\RGMC\data\map\robot25\images\0175.png,C:\Users\PC\Desktop\RGMC_2026\RGMC\RGMC\data\map\robot25\overlays\0175_overlay.png,C:\Users\PC\Desktop\RGMC_2026\RGMC\RGMC\data\map\robot25\masks\0175_mask.png
176,0.68375,0.15625,0.0,506.6057810578106,336.758282208589,1,0.0,0.0223061905951116,0.0388661327167295,1775902817.0479376,5,C:\Users\PC\Desktop\RGMC_2026\RGMC\RGMC\data\map\robot25\images\0176.png,C:\Users\PC\Desktop\RGMC_2026\RGMC\RGMC\data\map\robot25\overlays\0176_overlay.png,C:\Users\PC\Desktop\RGMC_2026\RGMC\RGMC\data\map\robot25\masks\0176_mask.png
177,0.655,0.15625,0.0,507.9730195177957,323.39380022962115,1,0.0,0.0327868316260772,0.0361781595116912,1775902829.6661396,5,C:\Users\PC\Desktop\RGMC_2026\RGMC\RGMC\data\map\robot25\images\0177.png,C:\Users\PC\Desktop\RGMC_2026\RGMC\RGMC\data\map\robot25\overlays\0177_overlay.png,C:\Users\PC\Desktop\RGMC_2026\RGMC\RGMC\data\map\robot25\masks\0177_mask.png
178,0.62625,0.15625,0.0,508.1135718341851,310.95549295774646,1,0.0,0.0579381444808364,0.0913484104883539,1775902842.5648513,5,C:\Users\PC\Desktop\RGMC_2026\RGMC\RGMC\data\map\robot25\images\0178.png,C:\Users\PC\Desktop\RGMC_2026\RGMC\RGMC\data\map\robot25\overlays\0178_overlay.png,C:\Users\PC\Desktop\RGMC_2026\RGMC\RGMC\data\map\robot25\masks\0178_mask.png
179,0.5975,0.15625,0.0,509.4210847044485,297.98415600243754,1,0.0,0.0264227489437492,0.0495629759450225,1775902855.6842816,5,C:\Users\PC\Desktop\RGMC_2026\RGMC\RGMC\data\map\robot25\images\0179.png,C:\Users\PC\Desktop\RGMC_2026\RGMC\RGMC\data\map\robot25\overlays\0179_overlay.png,C:\Users\PC\Desktop\RGMC_2026\RGMC\RGMC\data\map\robot25\masks\0179_mask.png
180,0.56875,0.15625,0.0,509.3689552238806,285.35880597014926,1,0.0,0.0346280820406231,0.0404988080497149,1775902868.3824708,5,C:\Users\PC\Desktop\RGMC_2026\RGMC\RGMC\data\map\robot25\images\0180.png,C:\Users\PC\Desktop\RGMC_2026\RGMC\RGMC\data\map\robot25\overlays\0180_overlay.png,C:\Users\PC\Desktop\RGMC_2026\RGMC\RGMC\data\map\robot25\masks\0180_mask.png
181,0.54,0.15625,0.0,509.7936117936118,272.84671980380136,1,0.0,0.0419866128790668,0.0444648657413663,1775902881.275344,5,C:\Users\PC\Desktop\RGMC_2026\RGMC\RGMC\data\map\robot25\images\0181.png,C:\Users\PC\Desktop\RGMC_2026\RGMC\RGMC\data\map\robot25\overlays\0181_overlay.png,C:\Users\PC\Desktop\RGMC_2026\RGMC\RGMC\data\map\robot25\masks\0181_mask.png
182,0.51125,0.15625,0.0,509.83352668213456,259.4675628287551,1,0.0,0.0130404089707137,0.0582695338601151,1775902894.082569,5,C:\Users\PC\Desktop\RGMC_2026\RGMC\RGMC\data\map\robot25\images\0182.png,C:\Users\PC\Desktop\RGMC_2026\RGMC\RGMC\data\map\robot25\overlays\0182_overlay.png,C:\Users\PC\Desktop\RGMC_2026\RGMC\RGMC\data\map\robot25\masks\0182_mask.png
183,0.4825,0.15625,0.0,510.03269118505546,246.89550496205487,1,0.0,0.0375849717631714,0.0393011392102359,1775902906.6846066,5,C:\Users\PC\Desktop\RGMC_2026\RGMC\RGMC\data\map\robot25\images\0183.png,C:\Users\PC\Desktop\RGMC_2026\RGMC\RGMC\data\map\robot25\overlays\0183_overlay.png,C:\Users\PC\Desktop\RGMC_2026\RGMC\RGMC\data\map\robot25\masks\0183_mask.png
184,0.45375,0.15625,0.0,510.33194029850745,234.1214841412328,1,0.0,0.0505100163622133,0.0451958753787552,1775902919.5018246,5,C:\Users\PC\Desktop\RGMC_2026\RGMC\RGMC\data\map\robot25\images\0184.png,C:\Users\PC\Desktop\RGMC_2026\RGMC\RGMC\data\map\robot25\overlays\0184_overlay.png,C:\Users\PC\Desktop\RGMC_2026\RGMC\RGMC\data\map\robot25\masks\0184_mask.png
185,0.425,0.15625,0.0,510.08898305084745,221.62772397094432,1,0.0,0.023659692495351,0.1422019373306461,1775902932.6805196,5,C:\Users\PC\Desktop\RGMC_2026\RGMC\RGMC\data\map\robot25\images\0185.png,C:\Users\PC\Desktop\RGMC_2026\RGMC\RGMC\data\map\robot25\overlays\0185_overlay.png,C:\Users\PC\Desktop\RGMC_2026\RGMC\RGMC\data\map\robot25\masks\0185_mask.png
186,0.39625,0.15625,0.0,510.1913425345044,208.6257088846881,1,0.0,0.0336316442606459,0.1607783597840439,1775902945.4795325,5,C:\Users\PC\Desktop\RGMC_2026\RGMC\RGMC\data\map\robot25\images\0186.png,C:\Users\PC\Desktop\RGMC_2026\RGMC\RGMC\data\map\robot25\overlays\0186_overlay.png,C:\Users\PC\Desktop\RGMC_2026\RGMC\RGMC\data\map\robot25\masks\0186_mask.png
187,0.3675,0.15625,0.0,510.53041362530416,195.98357664233575,1,0.0,0.4587010352829379,0.05395864012226,1775902958.2932746,5,C:\Users\PC\Desktop\RGMC_2026\RGMC\RGMC\data\map\robot25\images\0187.png,C:\Users\PC\Desktop\RGMC_2026\RGMC\RGMC\data\map\robot25\overlays\0187_overlay.png,C:\Users\PC\Desktop\RGMC_2026\RGMC\RGMC\data\map\robot25\masks\0187_mask.png
188,0.33875,0.15625,0.0,511.59347553324966,183.4018808777429,1,0.0,0.043311849667104,0.0629393607196766,1775902971.3953884,5,C:\Users\PC\Desktop\RGMC_2026\RGMC\RGMC\data\map\robot25\images\0188.png,C:\Users\PC\Desktop\RGMC_2026\RGMC\RGMC\data\map\robot25\overlays\0188_overlay.png,C:\Users\PC\Desktop\RGMC_2026\RGMC\RGMC\data\map\robot25\masks\0188_mask.png
189,0.31,0.15625,0.0,512.233950617284,170.62944785276073,1,0.0,0.0286157596968064,0.0280653572196814,1775902984.4139462,5,C:\Users\PC\Desktop\RGMC_2026\RGMC\RGMC\data\map\robot25\images\0189.png,C:\Users\PC\Desktop\RGMC_2026\RGMC\RGMC\data\map\robot25\overlays\0189_overlay.png,C:\Users\PC\Desktop\RGMC_2026\RGMC\RGMC\data\map\robot25\masks\0189_mask.png
190,0.28125,0.15625,0.0,512.7073608617594,158.0568181818182,1,0.0,0.0565654111794635,0.0302702696999237,1775902997.2486122,5,C:\Users\PC\Desktop\RGMC_2026\RGMC\RGMC\data\map\robot25\images\0190.png,C:\Users\PC\Desktop\RGMC_2026\RGMC\RGMC\data\map\robot25\overlays\0190_overlay.png,C:\Users\PC\Desktop\RGMC_2026\RGMC\RGMC\data\map\robot25\masks\0190_mask.png
191,0.2525,0.15625,0.0,512.7590214067278,144.93885114268068,1,0.0,0.0326018255292463,0.1300476574395237,1775903010.5091648,5,C:\Users\PC\Desktop\RGMC_2026\RGMC\RGMC\data\map\robot25\images\0191.png,C:\Users\PC\Desktop\RGMC_2026\RGMC\RGMC\data\map\robot25\overlays\0191_overlay.png,C:\Users\PC\Desktop\RGMC_2026\RGMC\RGMC\data\map\robot25\masks\0191_mask.png
192,0.22375,0.15625,0.0,513.0329605650383,131.7900293255132,1,0.0,0.0494422211128419,0.0208988001388406,1775903023.511521,5,C:\Users\PC\Desktop\RGMC_2026\RGMC\RGMC\data\map\robot25\images\0192.png,C:\Users\PC\Desktop\RGMC_2026\RGMC\RGMC\data\map\robot25\overlays\0192_overlay.png,C:\Users\PC\Desktop\RGMC_2026\RGMC\RGMC\data\map\robot25\masks\0192_mask.png
193,0.195,0.15625,0.0,513.1493055555555,119.22312138728324,1,0.0,0.0236304465738574,0.044266013987559,1775903036.0152235,5,C:\Users\PC\Desktop\RGMC_2026\RGMC\RGMC\data\map\robot25\images\0193.png,C:\Users\PC\Desktop\RGMC_2026\RGMC\RGMC\data\map\robot25\overlays\0193_overlay.png,C:\Users\PC\Desktop\RGMC_2026\RGMC\RGMC\data\map\robot25\masks\0193_mask.png
194,0.16625,0.15625,0.0,513.3076923076923,106.64373177842566,1,0.0,0.0550699301562646,0.0284787768123331,1775903048.6162486,5,C:\Users\PC\Desktop\RGMC_2026\RGMC\RGMC\data\map\robot25\images\0194.png,C:\Users\PC\Desktop\RGMC_2026\RGMC\RGMC\data\map\robot25\overlays\0194_overlay.png,C:\Users\PC\Desktop\RGMC_2026\RGMC\RGMC\data\map\robot25\masks\0194_mask.png
195,0.1375,0.15625,0.0,513.311123986095,94.37405906195715,1,0.0,0.0155461541737006,0.0415041316170465,1775903061.5303488,5,C:\Users\PC\Desktop\RGMC_2026\RGMC\RGMC\data\map\robot25\images\0195.png,C:\Users\PC\Desktop\RGMC_2026\RGMC\RGMC\data\map\robot25\overlays\0195_overlay.png,C:\Users\PC\Desktop\RGMC_2026\RGMC\RGMC\data\map\robot25\masks\0195_mask.png
196,0.10875,0.15625,0.0,513.7003567181927,81.75917159763314,1,0.0,0.0220980868163779,0.101359179502123,1775903074.3012426,5,C:\Users\PC\Desktop\RGMC_2026\RGMC\RGMC\data\map\robot25\images\0196.png,C:\Users\PC\Desktop\RGMC_2026\RGMC\RGMC\data\map\robot25\overlays\0196_overlay.png,C:\Users\PC\Desktop\RGMC_2026\RGMC\RGMC\data\map\robot25\masks\0196_mask.png
197,0.08,0.15625,0.0,513.7373619988379,68.37116386797915,1,0.0,0.0507194326656553,0.0923891421868346,1775903087.3825288,5,C:\Users\PC\Desktop\RGMC_2026\RGMC\RGMC\data\map\robot25\images\0197.png,C:\Users\PC\Desktop\RGMC_2026\RGMC\RGMC\data\map\robot25\overlays\0197_overlay.png,C:\Users\PC\Desktop\RGMC_2026\RGMC\RGMC\data\map\robot25\masks\0197_mask.png
198,0.08,0.1875,0.0,500.8843217850852,68.09736070381231,1,0.0,0.042997016118256,0.0557152661288473,1775903100.6274588,5,C:\Users\PC\Desktop\RGMC_2026\RGMC\RGMC\data\map\robot25\images\0198.png,C:\Users\PC\Desktop\RGMC_2026\RGMC\RGMC\data\map\robot25\overlays\0198_overlay.png,C:\Users\PC\Desktop\RGMC_2026\RGMC\RGMC\data\map\robot25\masks\0198_mask.png
199,0.10875,0.1875,0.0,500.5601879036993,80.55783910745743,1,0.0,0.464314735203477,0.0830942241994022,1775903113.7173386,5,C:\Users\PC\Desktop\RGMC_2026\RGMC\RGMC\data\map\robot25\images\0199.png,C:\Users\PC\Desktop\RGMC_2026\RGMC\RGMC\data\map\robot25\overlays\0199_overlay.png,C:\Users\PC\Desktop\RGMC_2026\RGMC\RGMC\data\map\robot25\masks\0199_mask.png
200,0.1375,0.1875,0.0,498.3447501403706,93.61078546307152,1,0.0,0.0482212206633667,0.4617519832496454,1775903126.6230042,5,C:\Users\PC\Desktop\RGMC_2026\RGMC\RGMC\data\map\robot25\images\0200.png,C:\Users\PC\Desktop\RGMC_2026\RGMC\RGMC\data\map\robot25\overlays\0200_overlay.png,C:\Users\PC\Desktop\RGMC_2026\RGMC\RGMC\data\map\robot25\masks\0200_mask.png
201,0.16625,0.1875,0.0,498.1915753029429,106.45585689555683,1,0.0,0.0059956000236295,0.0246916604975674,1775903139.7324483,5,C:\Users\PC\Desktop\RGMC_2026\RGMC\RGMC\data\map\robot25\images\0201.png,C:\Users\PC\Desktop\RGMC_2026\RGMC\RGMC\data\map\robot25\overlays\0201_overlay.png,C:\Users\PC\Desktop\RGMC_2026\RGMC\RGMC\data\map\robot25\masks\0201_mask.png
202,0.195,0.1875,0.0,498.0550724637681,118.9292343387471,1,0.0,0.0236619299006576,0.0483796529372069,1775903152.3264208,5,C:\Users\PC\Desktop\RGMC_2026\RGMC\RGMC\data\map\robot25\images\0202.png,C:\Users\PC\Desktop\RGMC_2026\RGMC\RGMC\data\map\robot25\overlays\0202_overlay.png,C:\Users\PC\Desktop\RGMC_2026\RGMC\RGMC\data\map\robot25\masks\0202_mask.png
203,0.22375,0.1875,0.0,498.1803944315545,131.34568616097278,1,0.0,0.0318926596854024,0.039557519199315,1775903165.5655942,5,C:\Users\PC\Desktop\RGMC_2026\RGMC\RGMC\data\map\robot25\images\0203.png,C:\Users\PC\Desktop\RGMC_2026\RGMC\RGMC\data\map\robot25\overlays\0203_overlay.png,C:\Users\PC\Desktop\RGMC_2026\RGMC\RGMC\data\map\robot25\masks\0203_mask.png
204,0.2525,0.1875,0.0,497.6954779622209,144.07630522088354,1,0.0,0.0194687988838621,0.0821539686454624,1775903179.071308,5,C:\Users\PC\Desktop\RGMC_2026\RGMC\RGMC\data\map\robot25\images\0204.png,C:\Users\PC\Desktop\RGMC_2026\RGMC\RGMC\data\map\robot25\overlays\0204_overlay.png,C:\Users\PC\Desktop\RGMC_2026\RGMC\RGMC\data\map\robot25\masks\0204_mask.png
205,0.28125,0.1875,0.0,497.57064887810793,157.70770163735597,1,0.0,0.0266760441643896,0.0148925327767184,1775903191.8811195,5,C:\Users\PC\Desktop\RGMC_2026\RGMC\RGMC\data\map\robot25\images\0205.png,C:\Users\PC\Desktop\RGMC_2026\RGMC\RGMC\data\map\robot25\overlays\0205_overlay.png,C:\Users\PC\Desktop\RGMC_2026\RGMC\RGMC\data\map\robot25\masks\0205_mask.png
206,0.31,0.1875,0.0,497.3088849135361,170.46163069544363,1,0.0,0.0383272764823084,0.0259020967576438,1775903204.7566962,5,C:\Users\PC\Desktop\RGMC_2026\RGMC\RGMC\data\map\robot25\images\0206.png,C:\Users\PC\Desktop\RGMC_2026\RGMC\RGMC\data\map\robot25\overlays\0206_overlay.png,C:\Users\PC\Desktop\RGMC_2026\RGMC\RGMC\data\map\robot25\masks\0206_mask.png
207,0.33875,0.1875,0.0,497.03937007874015,182.87075242718447,1,0.0,0.0401933109375246,0.0206986330839503,1775903217.2498014,5,C:\Users\PC\Desktop\RGMC_2026\RGMC\RGMC\data\map\robot25\images\0207.png,C:\Users\PC\Desktop\RGMC_2026\RGMC\RGMC\data\map\robot25\overlays\0207_overlay.png,C:\Users\PC\Desktop\RGMC_2026\RGMC\RGMC\data\map\robot25\masks\0207_mask.png
208,0.3675,0.1875,0.0,496.9933292904791,195.36060606060607,1,0.0,0.0332036253314564,0.0128183153585001,1775903230.058212,5,C:\Users\PC\Desktop\RGMC_2026\RGMC\RGMC\data\map\robot25\images\0208.png,C:\Users\PC\Desktop\RGMC_2026\RGMC\RGMC\data\map\robot25\overlays\0208_overlay.png,C:\Users\PC\Desktop\RGMC_2026\RGMC\RGMC\data\map\robot25\masks\0208_mask.png
209,0.39625,0.1875,0.0,496.8581952117864,208.76044226044223,1,0.0,0.0322560881913469,0.3508327580329945,1775903243.0664122,5,C:\Users\PC\Desktop\RGMC_2026\RGMC\RGMC\data\map\robot25\images\0209.png,C:\Users\PC\Desktop\RGMC_2026\RGMC\RGMC\data\map\robot25\overlays\0209_overlay.png,C:\Users\PC\Desktop\RGMC_2026\RGMC\RGMC\data\map\robot25\masks\0209_mask.png
210,0.425,0.1875,0.0,497.02486355366887,221.24016938898973,1,0.0,0.0093232600640564,0.0185377628881653,1775903256.1642723,5,C:\Users\PC\Desktop\RGMC_2026\RGMC\RGMC\data\map\robot25\images\0210.png,C:\Users\PC\Desktop\RGMC_2026\RGMC\RGMC\data\map\robot25\overlays\0210_overlay.png,C:\Users\PC\Desktop\RGMC_2026\RGMC\RGMC\data\map\robot25\masks\0210_mask.png
211,0.45375,0.1875,0.0,496.8841536614646,234.00240384615384,1,0.0,0.0186756977212757,0.0319801904243387,1775903268.8549016,5,C:\Users\PC\Desktop\RGMC_2026\RGMC\RGMC\data\map\robot25\images\0211.png,C:\Users\PC\Desktop\RGMC_2026\RGMC\RGMC\data\map\robot25\overlays\0211_overlay.png,C:\Users\PC\Desktop\RGMC_2026\RGMC\RGMC\data\map\robot25\masks\0211_mask.png
212,0.4825,0.1875,0.0,496.6786355475763,246.61101137043687,1,0.0,0.0286115642379516,0.0385348352971552,1775903281.4589188,5,C:\Users\PC\Desktop\RGMC_2026\RGMC\RGMC\data\map\robot25\images\0212.png,C:\Users\PC\Desktop\RGMC_2026\RGMC\RGMC\data\map\robot25\overlays\0212_overlay.png,C:\Users\PC\Desktop\RGMC_2026\RGMC\RGMC\data\map\robot25\masks\0212_mask.png
213,0.51125,0.1875,0.0,496.2584407612032,259.1351186853317,1,0.0,0.075315619310931,0.0236967938559655,1775903295.0971627,5,C:\Users\PC\Desktop\RGMC_2026\RGMC\RGMC\data\map\robot25\images\0213.png,C:\Users\PC\Desktop\RGMC_2026\RGMC\RGMC\data\map\robot25\overlays\0213_overlay.png,C:\Users\PC\Desktop\RGMC_2026\RGMC\RGMC\data\map\robot25\masks\0213_mask.png
214,0.54,0.1875,0.0,494.5256257449345,271.8635280095352,1,0.0,0.2658978773661698,0.0450177446331791,1775903308.1869762,5,C:\Users\PC\Desktop\RGMC_2026\RGMC\RGMC\data\map\robot25\images\0214.png,C:\Users\PC\Desktop\RGMC_2026\RGMC\RGMC\data\map\robot25\overlays\0214_overlay.png,C:\Users\PC\Desktop\RGMC_2026\RGMC\RGMC\data\map\robot25\masks\0214_mask.png
215,0.56875,0.1875,0.0,495.0476474091721,284.9337708830549,1,0.0,0.1041816699397987,0.0636285765666441,1775903321.4157236,5,C:\Users\PC\Desktop\RGMC_2026\RGMC\RGMC\data\map\robot25\images\0215.png,C:\Users\PC\Desktop\RGMC_2026\RGMC\RGMC\data\map\robot25\overlays\0215_overlay.png,C:\Users\PC\Desktop\RGMC_2026\RGMC\RGMC\data\map\robot25\masks\0215_mask.png
216,0.5975,0.1875,0.0,494.3629675045984,297.5966850828729,1,0.0,0.0393921613768254,0.0553277885497352,1775903334.39776,5,C:\Users\PC\Desktop\RGMC_2026\RGMC\RGMC\data\map\robot25\images\0216.png,C:\Users\PC\Desktop\RGMC_2026\RGMC\RGMC\data\map\robot25\overlays\0216_overlay.png,C:\Users\PC\Desktop\RGMC_2026\RGMC\RGMC\data\map\robot25\masks\0216_mask.png
217,0.62625,0.1875,0.0,494.2073677956031,310.4610814022579,1,0.0,0.0508137433606417,0.0427872326964602,1775903347.096608,5,C:\Users\PC\Desktop\RGMC_2026\RGMC\RGMC\data\map\robot25\images\0217.png,C:\Users\PC\Desktop\RGMC_2026\RGMC\RGMC\data\map\robot25\overlays\0217_overlay.png,C:\Users\PC\Desktop\RGMC_2026\RGMC\RGMC\data\map\robot25\masks\0217_mask.png
218,0.655,0.1875,0.0,494.0545890821836,323.1264988009592,1,0.0,0.0247771074059692,0.0519362187101877,1775903361.3284762,5,C:\Users\PC\Desktop\RGMC_2026\RGMC\RGMC\data\map\robot25\images\0218.png,C:\Users\PC\Desktop\RGMC_2026\RGMC\RGMC\data\map\robot25\overlays\0218_overlay.png,C:\Users\PC\Desktop\RGMC_2026\RGMC\RGMC\data\map\robot25\masks\0218_mask.png
219,0.68375,0.1875,0.0,493.6194209891435,335.7592033796017,1,0.0,0.0148834332013124,0.0312182626986469,1775903374.0228405,5,C:\Users\PC\Desktop\RGMC_2026\RGMC\RGMC\data\map\robot25\images\0219.png,C:\Users\PC\Desktop\RGMC_2026\RGMC\RGMC\data\map\robot25\overlays\0219_overlay.png,C:\Users\PC\Desktop\RGMC_2026\RGMC\RGMC\data\map\robot25\masks\0219_mask.png
220,0.7125,0.1875,0.0,493.4888613861386,348.85493827160496,1,0.0,0.021795740950735,0.0346372158915249,1775903386.5247831,5,C:\Users\PC\Desktop\RGMC_2026\RGMC\RGMC\data\map\robot25\images\0220.png,C:\Users\PC\Desktop\RGMC_2026\RGMC\RGMC\data\map\robot25\overlays\0220_overlay.png,C:\Users\PC\Desktop\RGMC_2026\RGMC\RGMC\data\map\robot25\masks\0220_mask.png
221,0.74125,0.1875,0.0,493.33626097867,361.0276035131744,1,0.0,0.0275288895492395,0.0750703033429985,1775903399.3320582,5,C:\Users\PC\Desktop\RGMC_2026\RGMC\RGMC\data\map\robot25\images\0221.png,C:\Users\PC\Desktop\RGMC_2026\RGMC\RGMC\data\map\robot25\overlays\0221_overlay.png,C:\Users\PC\Desktop\RGMC_2026\RGMC\RGMC\data\map\robot25\masks\0221_mask.png
222,0.77,0.1875,0.0,493.0545567265964,373.7267080745341,1,0.0,0.0275006920848235,0.0341394250975626,1775903411.8189163,5,C:\Users\PC\Desktop\RGMC_2026\RGMC\RGMC\data\map\robot25\images\0222.png,C:\Users\PC\Desktop\RGMC_2026\RGMC\RGMC\data\map\robot25\overlays\0222_overlay.png,C:\Users\PC\Desktop\RGMC_2026\RGMC\RGMC\data\map\robot25\masks\0222_mask.png
223,0.79875,0.1875,0.0,491.9450904392765,386.6040051679586,1,0.0,0.0106712101273094,0.0258737975434798,1775903424.8196683,5,C:\Users\PC\Desktop\RGMC_2026\RGMC\RGMC\data\map\robot25\images\0223.png,C:\Users\PC\Desktop\RGMC_2026\RGMC\RGMC\data\map\robot25\overlays\0223_overlay.png,C:\Users\PC\Desktop\RGMC_2026\RGMC\RGMC\data\map\robot25\masks\0223_mask.png
224,0.8275,0.1875,0.0,492.7759036144578,399.2210843373494,1,0.0,0.024874636833884,0.0478854449151142,1775903437.6182923,5,C:\Users\PC\Desktop\RGMC_2026\RGMC\RGMC\data\map\robot25\images\0224.png,C:\Users\PC\Desktop\RGMC_2026\RGMC\RGMC\data\map\robot25\overlays\0224_overlay.png,C:\Users\PC\Desktop\RGMC_2026\RGMC\RGMC\data\map\robot25\masks\0224_mask.png
225,0.85625,0.1875,0.0,491.6624751819987,412.4789473684211,1,0.0,0.5193826974884447,0.1014343625857651,1775903451.2591648,5,C:\Users\PC\Desktop\RGMC_2026\RGMC\RGMC\data\map\robot25\images\0225.png,C:\Users\PC\Desktop\RGMC_2026\RGMC\RGMC\data\map\robot25\overlays\0225_overlay.png,C:\Users\PC\Desktop\RGMC_2026\RGMC\RGMC\data\map\robot25\masks\0225_mask.png
226,0.885,0.1875,0.0,490.4681508967223,425.0724458204334,1,0.0,0.0229370287289884,0.0585949787275909,1775903463.8302412,5,C:\Users\PC\Desktop\RGMC_2026\RGMC\RGMC\data\map\robot25\images\0226.png,C:\Users\PC\Desktop\RGMC_2026\RGMC\RGMC\data\map\robot25\overlays\0226_overlay.png,C:\Users\PC\Desktop\RGMC_2026\RGMC\RGMC\data\map\robot25\masks\0226_mask.png
227,0.91375,0.1875,0.0,490.2904820766378,437.8116121062384,1,0.0,0.0299137221316327,0.0591832312196131,1775903477.0401344,5,C:\Users\PC\Desktop\RGMC_2026\RGMC\RGMC\data\map\robot25\images\0227.png,C:\Users\PC\Desktop\RGMC_2026\RGMC\RGMC\data\map\robot25\overlays\0227_overlay.png,C:\Users\PC\Desktop\RGMC_2026\RGMC\RGMC\data\map\robot25\masks\0227_mask.png
228,0.9425,0.1875,0.0,490.1980792316927,450.7123205741627,1,0.0,0.024384688705455,0.0371654095521189,1775903490.145726,5,C:\Users\PC\Desktop\RGMC_2026\RGMC\RGMC\data\map\robot25\images\0228.png,C:\Users\PC\Desktop\RGMC_2026\RGMC\RGMC\data\map\robot25\overlays\0228_overlay.png,C:\Users\PC\Desktop\RGMC_2026\RGMC\RGMC\data\map\robot25\masks\0228_mask.png
229,0.97125,0.1875,0.0,489.8441734417344,460.3143245078072,1,0.0,0.0430019692738986,0.0302964943229802,1775903502.8501954,5,C:\Users\PC\Desktop\RGMC_2026\RGMC\RGMC\data\map\robot25\images\0229.png,C:\Users\PC\Desktop\RGMC_2026\RGMC\RGMC\data\map\robot25\overlays\0229_overlay.png,C:\Users\PC\Desktop\RGMC_2026\RGMC\RGMC\data\map\robot25\masks\0229_mask.png
232,0.97125,0.21875,0.0,476.6834136269787,460.4294562973159,1,0.0,0.0457043549684801,0.0418459495635452,1775903540.7361765,5,C:\Users\PC\Desktop\RGMC_2026\RGMC\RGMC\data\map\robot25\images\0232.png,C:\Users\PC\Desktop\RGMC_2026\RGMC\RGMC\data\map\robot25\overlays\0232_overlay.png,C:\Users\PC\Desktop\RGMC_2026\RGMC\RGMC\data\map\robot25\masks\0232_mask.png
233,0.9425,0.21875,0.0,476.9699017199017,450.96746470227134,1,0.0,0.0380587406162389,0.0176994478946292,1775903553.7424784,5,C:\Users\PC\Desktop\RGMC_2026\RGMC\RGMC\data\map\robot25\images\0233.png,C:\Users\PC\Desktop\RGMC_2026\RGMC\RGMC\data\map\robot25\overlays\0233_overlay.png,C:\Users\PC\Desktop\RGMC_2026\RGMC\RGMC\data\map\robot25\masks\0233_mask.png
234,0.91375,0.21875,0.0,477.2568472306756,438.2918192918193,1,0.0,0.0575661588520887,0.0270668828827684,1775903566.4357352,5,C:\Users\PC\Desktop\RGMC_2026\RGMC\RGMC\data\map\robot25\images\0234.png,C:\Users\PC\Desktop\RGMC_2026\RGMC\RGMC\data\map\robot25\overlays\0234_overlay.png,C:\Users\PC\Desktop\RGMC_2026\RGMC\RGMC\data\map\robot25\masks\0234_mask.png
235,0.885,0.21875,0.0,477.5251889168766,425.1724573594441,1,0.0,0.0228525664575315,0.1928830326420343,1775903578.830288,5,C:\Users\PC\Desktop\RGMC_2026\RGMC\RGMC\data\map\robot25\images\0235.png,C:\Users\PC\Desktop\RGMC_2026\RGMC\RGMC\data\map\robot25\overlays\0235_overlay.png,C:\Users\PC\Desktop\RGMC_2026\RGMC\RGMC\data\map\robot25\masks\0235_mask.png
236,0.85625,0.21875,0.0,477.8034825870647,412.7251243781095,1,0.0,0.0590458263171656,0.0267776774884512,1775903597.0362146,5,C:\Users\PC\Desktop\RGMC_2026\RGMC\RGMC\data\map\robot25\images\0236.png,C:\Users\PC\Desktop\RGMC_2026\RGMC\RGMC\data\map\robot25\overlays\0236_overlay.png,C:\Users\PC\Desktop\RGMC_2026\RGMC\RGMC\data\map\robot25\masks\0236_mask.png
237,0.8275,0.21875,0.0,477.9674306393245,399.6467751657625,1,0.0,0.015632189243189,0.0157343609059129,1775903609.651651,5,C:\Users\PC\Desktop\RGMC_2026\RGMC\RGMC\data\map\robot25\images\0237.png,C:\Users\PC\Desktop\RGMC_2026\RGMC\RGMC\data\map\robot25\overlays\0237_overlay.png,C:\Users\PC\Desktop\RGMC_2026\RGMC\RGMC\data\map\robot25\masks\0237_mask.png
238,0.79875,0.21875,0.0,478.2640586797066,386.8095238095238,1,0.0,0.0345051666712681,0.0329030322256058,1775903622.1729474,5,C:\Users\PC\Desktop\RGMC_2026\RGMC\RGMC\data\map\robot25\images\0238.png,C:\Users\PC\Desktop\RGMC_2026\RGMC\RGMC\data\map\robot25\overlays\0238_overlay.png,C:\Users\PC\Desktop\RGMC_2026\RGMC\RGMC\data\map\robot25\masks\0238_mask.png
239,0.77,0.21875,0.0,478.313200498132,374.0654613466334,1,0.0,0.0543519743929441,0.0416799314695318,1775903636.062898,5,C:\Users\PC\Desktop\RGMC_2026\RGMC\RGMC\data\map\robot25\images\0239.png,C:\Users\PC\Desktop\RGMC_2026\RGMC\RGMC\data\map\robot25\overlays\0239_overlay.png,C:\Users\PC\Desktop\RGMC_2026\RGMC\RGMC\data\map\robot25\masks\0239_mask.png
240,0.74125,0.21875,0.0,478.3681560730019,361.4682190056639,1,0.0,0.0266621700938513,0.1630312720569951,1775903648.780238,5,C:\Users\PC\Desktop\RGMC_2026\RGMC\RGMC\data\map\robot25\images\0240.png,C:\Users\PC\Desktop\RGMC_2026\RGMC\RGMC\data\map\robot25\overlays\0240_overlay.png,C:\Users\PC\Desktop\RGMC_2026\RGMC\RGMC\data\map\robot25\masks\0240_mask.png
241,0.7125,0.21875,0.0,479.66905071521455,349.11003236245955,1,0.0,0.0325301515852754,0.0552064081688598,1775903661.6880434,5,C:\Users\PC\Desktop\RGMC_2026\RGMC\RGMC\data\map\robot25\images\0241.png,C:\Users\PC\Desktop\RGMC_2026\RGMC\RGMC\data\map\robot25\overlays\0241_overlay.png,C:\Users\PC\Desktop\RGMC_2026\RGMC\RGMC\data\map\robot25\masks\0241_mask.png
242,0.68375,0.21875,0.0,480.2501529051988,335.9665246500304,1,0.0,0.3895149517644265,0.0310346617073564,1775903674.8996353,5,C:\Users\PC\Desktop\RGMC_2026\RGMC\RGMC\data\map\robot25\images\0242.png,C:\Users\PC\Desktop\RGMC_2026\RGMC\RGMC\data\map\robot25\overlays\0242_overlay.png,C:\Users\PC\Desktop\RGMC_2026\RGMC\RGMC\data\map\robot25\masks\0242_mask.png
243,0.655,0.21875,0.0,480.7043795620438,323.39074863055384,1,0.0,0.0306796549341635,0.0209911097084061,1775903687.7817645,5,C:\Users\PC\Desktop\RGMC_2026\RGMC\RGMC\data\map\robot25\images\0243.png,C:\Users\PC\Desktop\RGMC_2026\RGMC\RGMC\data\map\robot25\overlays\0243_overlay.png,C:\Users\PC\Desktop\RGMC_2026\RGMC\RGMC\data\map\robot25\masks\0243_mask.png
244,0.62625,0.21875,0.0,480.9957627118644,310.3485851896448,1,0.0,0.024136036262264,0.0841883262644808,1775903701.0959532,5,C:\Users\PC\Desktop\RGMC_2026\RGMC\RGMC\data\map\robot25\images\0244.png,C:\Users\PC\Desktop\RGMC_2026\RGMC\RGMC\data\map\robot25\overlays\0244_overlay.png,C:\Users\PC\Desktop\RGMC_2026\RGMC\RGMC\data\map\robot25\masks\0244_mask.png
245,0.5975,0.21875,0.0,481.09703337453647,297.64764267990074,1,0.0,0.0381718135651896,0.0991630078218488,1775903714.1312203,5,C:\Users\PC\Desktop\RGMC_2026\RGMC\RGMC\data\map\robot25\images\0245.png,C:\Users\PC\Desktop\RGMC_2026\RGMC\RGMC\data\map\robot25\overlays\0245_overlay.png,C:\Users\PC\Desktop\RGMC_2026\RGMC\RGMC\data\map\robot25\masks\0245_mask.png
246,0.56875,0.21875,0.0,481.3276283618582,285.27339449541284,1,0.0,0.0311664637380045,0.0246083447661782,1775903727.2087865,5,C:\Users\PC\Desktop\RGMC_2026\RGMC\RGMC\data\map\robot25\images\0246.png,C:\Users\PC\Desktop\RGMC_2026\RGMC\RGMC\data\map\robot25\overlays\0246_overlay.png,C:\Users\PC\Desktop\RGMC_2026\RGMC\RGMC\data\map\robot25\masks\0246_mask.png
247,0.54,0.21875,0.0,481.46947243627744,271.95150798344173,1,0.0,0.0524115980064831,0.4248600365398434,1775903740.009082,5,C:\Users\PC\Desktop\RGMC_2026\RGMC\RGMC\data\map\robot25\images\0247.png,C:\Users\PC\Desktop\RGMC_2026\RGMC\RGMC\data\map\robot25\overlays\0247_overlay.png,C:\Users\PC\Desktop\RGMC_2026\RGMC\RGMC\data\map\robot25\masks\0247_mask.png
248,0.51125,0.21875,0.0,481.5631704410012,259.37485101311086,1,0.0,0.0409296531156004,0.0655174577830001,1775903753.021325,5,C:\Users\PC\Desktop\RGMC_2026\RGMC\RGMC\data\map\robot25\images\0248.png,C:\Users\PC\Desktop\RGMC_2026\RGMC\RGMC\data\map\robot25\overlays\0248_overlay.png,C:\Users\PC\Desktop\RGMC_2026\RGMC\RGMC\data\map\robot25\masks\0248_mask.png
249,0.4825,0.21875,0.0,481.7545615067687,246.79434295816145,1,0.0,0.0423577673785422,0.0628017816128257,1775903765.5988846,5,C:\Users\PC\Desktop\RGMC_2026\RGMC\RGMC\data\map\robot25\images\0249.png,C:\Users\PC\Desktop\RGMC_2026\RGMC\RGMC\data\map\robot25\overlays\0249_overlay.png,C:\Users\PC\Desktop\RGMC_2026\RGMC\RGMC\data\map\robot25\masks\0249_mask.png
250,0.45375,0.21875,0.0,481.985798816568,234.09187907528155,1,0.0,0.022429768337915,0.0275986528487583,1775903777.8918009,5,C:\Users\PC\Desktop\RGMC_2026\RGMC\RGMC\data\map\robot25\images\0250.png,C:\Users\PC\Desktop\RGMC_2026\RGMC\RGMC\data\map\robot25\overlays\0250_overlay.png,C:\Users\PC\Desktop\RGMC_2026\RGMC\RGMC\data\map\robot25\masks\0250_mask.png
251,0.425,0.21875,0.0,481.9914738124239,221.1845310596833,1,0.0,0.0341146093163952,0.0276309114773619,1775903790.9979088,5,C:\Users\PC\Desktop\RGMC_2026\RGMC\RGMC\data\map\robot25\images\0251.png,C:\Users\PC\Desktop\RGMC_2026\RGMC\RGMC\data\map\robot25\overlays\0251_overlay.png,C:\Users\PC\Desktop\RGMC_2026\RGMC\RGMC\data\map\robot25\masks\0251_mask.png
252,0.39625,0.21875,0.0,482.3992628992629,208.93630179344464,1,0.0,0.0077349603154727,0.0120636925296783,1775903803.8094208,5,C:\Users\PC\Desktop\RGMC_2026\RGMC\RGMC\data\map\robot25\images\0252.png,C:\Users\PC\Desktop\RGMC_2026\RGMC\RGMC\data\map\robot25\overlays\0252_overlay.png,C:\Users\PC\Desktop\RGMC_2026\RGMC\RGMC\data\map\robot25\masks\0252_mask.png
253,0.3675,0.21875,0.0,483.47582697201017,195.1883322764743,1,0.0,0.2816757160836953,0.0455081670564913,1775903816.604349,5,C:\Users\PC\Desktop\RGMC_2026\RGMC\RGMC\data\map\robot25\images\0253.png,C:\Users\PC\Desktop\RGMC_2026\RGMC\RGMC\data\map\robot25\overlays\0253_overlay.png,C:\Users\PC\Desktop\RGMC_2026\RGMC\RGMC\data\map\robot25\masks\0253_mask.png
254,0.33875,0.21875,0.0,483.5547588005216,182.7779960707269,1,0.0,0.0382379680668057,0.0671953785887709,1775903829.299689,5,C:\Users\PC\Desktop\RGMC_2026\RGMC\RGMC\data\map\robot25\images\0254.png,C:\Users\PC\Desktop\RGMC_2026\RGMC\RGMC\data\map\robot25\overlays\0254_overlay.png,C:\Users\PC\Desktop\RGMC_2026\RGMC\RGMC\data\map\robot25\masks\0254_mask.png
255,0.31,0.21875,0.0,483.55548469387753,170.2867222578576,1,0.0,0.0387067206330989,0.0243815572097603,1775903842.4025197,5,C:\Users\PC\Desktop\RGMC_2026\RGMC\RGMC\data\map\robot25\images\0255.png,C:\Users\PC\Desktop\RGMC_2026\RGMC\RGMC\data\map\robot25\overlays\0255_overlay.png,C:\Users\PC\Desktop\RGMC_2026\RGMC\RGMC\data\map\robot25\masks\0255_mask.png
256,0.28125,0.21875,0.0,483.79370179948586,157.47245625405054,1,0.0,0.3141367012549625,0.0668762174475363,1775903856.043871,5,C:\Users\PC\Desktop\RGMC_2026\RGMC\RGMC\data\map\robot25\images\0256.png,C:\Users\PC\Desktop\RGMC_2026\RGMC\RGMC\data\map\robot25\overlays\0256_overlay.png,C:\Users\PC\Desktop\RGMC_2026\RGMC\RGMC\data\map\robot25\masks\0256_mask.png
257,0.2525,0.21875,0.0,484.9886769964243,143.79595478881618,1,0.0,0.0321297914000754,0.0788476072152312,1775903868.9232423,5,C:\Users\PC\Desktop\RGMC_2026\RGMC\RGMC\data\map\robot25\images\0257.png,C:\Users\PC\Desktop\RGMC_2026\RGMC\RGMC\data\map\robot25\overlays\0257_overlay.png,C:\Users\PC\Desktop\RGMC_2026\RGMC\RGMC\data\map\robot25\masks\0257_mask.png
258,0.22375,0.21875,0.0,485.16217798594846,131.62822014051525,1,0.0,0.0206608603570744,0.0429860982069265,1775903881.9464233,5,C:\Users\PC\Desktop\RGMC_2026\RGMC\RGMC\data\map\robot25\images\0258.png,C:\Users\PC\Desktop\RGMC_2026\RGMC\RGMC\data\map\robot25\overlays\0258_overlay.png,C:\Users\PC\Desktop\RGMC_2026\RGMC\RGMC\data\map\robot25\masks\0258_mask.png
259,0.195,0.21875,0.0,485.4199645599528,119.03248670998228,1,0.0,0.0312534239510441,0.0594912297674615,1775903894.8366506,5,C:\Users\PC\Desktop\RGMC_2026\RGMC\RGMC\data\map\robot25\images\0259.png,C:\Users\PC\Desktop\RGMC_2026\RGMC\RGMC\data\map\robot25\overlays\0259_overlay.png,C:\Users\PC\Desktop\RGMC_2026\RGMC\RGMC\data\map\robot25\masks\0259_mask.png
260,0.16625,0.21875,0.0,485.4236192714454,106.6535756154748,1,0.0,0.015324015599952,0.0358757379610649,1775903907.2444046,5,C:\Users\PC\Desktop\RGMC_2026\RGMC\RGMC\data\map\robot25\images\0260.png,C:\Users\PC\Desktop\RGMC_2026\RGMC\RGMC\data\map\robot25\overlays\0260_overlay.png,C:\Users\PC\Desktop\RGMC_2026\RGMC\RGMC\data\map\robot25\masks\0260_mask.png
261,0.1375,0.21875,0.0,485.75637225844696,93.9922940130409,1,0.0,0.0376428161054168,0.0564204999971706,1775903920.044423,5,C:\Users\PC\Desktop\RGMC_2026\RGMC\RGMC\data\map\robot25\images\0261.png,C:\Users\PC\Desktop\RGMC_2026\RGMC\RGMC\data\map\robot25\overlays\0261_overlay.png,C:\Users\PC\Desktop\RGMC_2026\RGMC\RGMC\data\map\robot25\masks\0261_mask.png
262,0.10875,0.21875,0.0,485.8850029638412,80.45781710914454,1,0.0,0.0367897976108044,0.0936903047623588,1775903933.955803,5,C:\Users\PC\Desktop\RGMC_2026\RGMC\RGMC\data\map\robot25\images\0262.png,C:\Users\PC\Desktop\RGMC_2026\RGMC\RGMC\data\map\robot25\overlays\0262_overlay.png,C:\Users\PC\Desktop\RGMC_2026\RGMC\RGMC\data\map\robot25\masks\0262_mask.png
263,0.08,0.21875,0.0,485.98599766627774,68.2746806039489,1,0.0,0.0250401944994744,0.0123759617374525,1775903947.0654664,5,C:\Users\PC\Desktop\RGMC_2026\RGMC\RGMC\data\map\robot25\images\0263.png,C:\Users\PC\Desktop\RGMC_2026\RGMC\RGMC\data\map\robot25\overlays\0263_overlay.png,C:\Users\PC\Desktop\RGMC_2026\RGMC\RGMC\data\map\robot25\masks\0263_mask.png
264,0.08,0.25,0.0,472.8288770053476,68.08451536643027,1,0.0,0.0631076675683974,0.0372735189956828,1775903959.858376,5,C:\Users\PC\Desktop\RGMC_2026\RGMC\RGMC\data\map\robot25\images\0264.png,C:\Users\PC\Desktop\RGMC_2026\RGMC\RGMC\data\map\robot25\overlays\0264_overlay.png,C:\Users\PC\Desktop\RGMC_2026\RGMC\RGMC\data\map\robot25\masks\0264_mask.png
265,0.10875,0.25,0.0,472.4552505966587,79.71702637889689,1,0.0,0.0432354033071489,0.1329899616464671,1775903972.9832225,5,C:\Users\PC\Desktop\RGMC_2026\RGMC\RGMC\data\map\robot25\images\0265.png,C:\Users\PC\Desktop\RGMC_2026\RGMC\RGMC\data\map\robot25\overlays\0265_overlay.png,C:\Users\PC\Desktop\RGMC_2026\RGMC\RGMC\data\map\robot25\masks\0265_mask.png
266,0.1375,0.25,0.0,472.2155477031802,93.03880070546737,1,0.0,0.0274277628331944,0.0446062051735468,1775903985.9746938,5,C:\Users\PC\Desktop\RGMC_2026\RGMC\RGMC\data\map\robot25\images\0266.png,C:\Users\PC\Desktop\RGMC_2026\RGMC\RGMC\data\map\robot25\overlays\0266_overlay.png,C:\Users\PC\Desktop\RGMC_2026\RGMC\RGMC\data\map\robot25\masks\0266_mask.png
267,0.16625,0.25,0.0,471.5223974763407,105.94826498422712,1,0.0,0.4025817139656037,0.0948584664317213,1775903999.2794335,5,C:\Users\PC\Desktop\RGMC_2026\RGMC\RGMC\data\map\robot25\images\0267.png,C:\Users\PC\Desktop\RGMC_2026\RGMC\RGMC\data\map\robot25\overlays\0267_overlay.png,C:\Users\PC\Desktop\RGMC_2026\RGMC\RGMC\data\map\robot25\masks\0267_mask.png
268,0.195,0.25,0.0,470.2956674473068,118.74063231850116,1,0.0,0.0176818433945104,0.0643283088916301,1775904011.8695488,5,C:\Users\PC\Desktop\RGMC_2026\RGMC\RGMC\data\map\robot25\images\0268.png,C:\Users\PC\Desktop\RGMC_2026\RGMC\RGMC\data\map\robot25\overlays\0268_overlay.png,C:\Users\PC\Desktop\RGMC_2026\RGMC\RGMC\data\map\robot25\masks\0268_mask.png
269,0.22375,0.25,0.0,470.1116959064328,131.45285215366707,1,0.0,0.0342223620436412,0.0362393322812838,1775904025.059523,5,C:\Users\PC\Desktop\RGMC_2026\RGMC\RGMC\data\map\robot25\images\0269.png,C:\Users\PC\Desktop\RGMC_2026\RGMC\RGMC\data\map\robot25\overlays\0269_overlay.png,C:\Users\PC\Desktop\RGMC_2026\RGMC\RGMC\data\map\robot25\masks\0269_mask.png
270,0.2525,0.25,0.0,469.9259478672986,143.76571767497035,1,0.0,0.0284324557365561,0.0369665487842976,1775904037.7800162,5,C:\Users\PC\Desktop\RGMC_2026\RGMC\RGMC\data\map\robot25\images\0270.png,C:\Users\PC\Desktop\RGMC_2026\RGMC\RGMC\data\map\robot25\overlays\0270_overlay.png,C:\Users\PC\Desktop\RGMC_2026\RGMC\RGMC\data\map\robot25\masks\0270_mask.png
271,0.28125,0.25,0.0,469.6831501831502,157.0561317876754,1,0.0,0.0386459021820243,0.3228336047125101,1775904050.263655,5,C:\Users\PC\Desktop\RGMC_2026\RGMC\RGMC\data\map\robot25\images\0271.png,C:\Users\PC\Desktop\RGMC_2026\RGMC\RGMC\data\map\robot25\overlays\0271_overlay.png,C:\Users\PC\Desktop\RGMC_2026\RGMC\RGMC\data\map\robot25\masks\0271_mask.png
272,0.31,0.25,0.0,469.6724673710379,169.73449131513647,1,0.0,0.0092153380446006,0.032878096090665,1775904063.3036814,5,C:\Users\PC\Desktop\RGMC_2026\RGMC\RGMC\data\map\robot25\images\0272.png,C:\Users\PC\Desktop\RGMC_2026\RGMC\RGMC\data\map\robot25\overlays\0272_overlay.png,C:\Users\PC\Desktop\RGMC_2026\RGMC\RGMC\data\map\robot25\masks\0272_mask.png
273,0.33875,0.25,0.0,469.6031649421789,182.5203895313451,1,0.0,0.0166347922397675,0.0730569999696219,1775904076.2833123,5,C:\Users\PC\Desktop\RGMC_2026\RGMC\RGMC\data\map\robot25\images\0273.png,C:\Users\PC\Desktop\RGMC_2026\RGMC\RGMC\data\map\robot25\overlays\0273_overlay.png,C:\Users\PC\Desktop\RGMC_2026\RGMC\RGMC\data\map\robot25\masks\0273_mask.png
274,0.3675,0.25,0.0,469.2693236714976,194.85983009708735,1,0.0,0.0385413010224301,0.0469317576924796,1775904089.083141,5,C:\Users\PC\Desktop\RGMC_2026\RGMC\RGMC\data\map\robot25\images\0274.png,C:\Users\PC\Desktop\RGMC_2026\RGMC\RGMC\data\map\robot25\overlays\0274_overlay.png,C:\Users\PC\Desktop\RGMC_2026\RGMC\RGMC\data\map\robot25\masks\0274_mask.png
275,0.39625,0.25,0.0,469.1531966224367,207.4007263922518,1,0.0,0.0357141182405883,0.0448065532190803,1775904101.6835413,5,C:\Users\PC\Desktop\RGMC_2026\RGMC\RGMC\data\map\robot25\images\0275.png,C:\Users\PC\Desktop\RGMC_2026\RGMC\RGMC\data\map\robot25\overlays\0275_overlay.png,C:\Users\PC\Desktop\RGMC_2026\RGMC\RGMC\data\map\robot25\masks\0275_mask.png
276,0.425,0.25,0.0,468.998125,221.02093596059115,1,0.0,0.0136769207199948,0.1956054492646587,1775904114.7570417,5,C:\Users\PC\Desktop\RGMC_2026\RGMC\RGMC\data\map\robot25\images\0276.png,C:\Users\PC\Desktop\RGMC_2026\RGMC\RGMC\data\map\robot25\overlays\0276_overlay.png,C:\Users\PC\Desktop\RGMC_2026\RGMC\RGMC\data\map\robot25\masks\0276_mask.png
277,0.45375,0.25,0.0,468.756157635468,233.5628078817734,1,0.0,0.3500227042940019,0.0706071390434575,1775904128.0092273,5,C:\Users\PC\Desktop\RGMC_2026\RGMC\RGMC\data\map\robot25\images\0277.png,C:\Users\PC\Desktop\RGMC_2026\RGMC\RGMC\data\map\robot25\overlays\0277_overlay.png,C:\Users\PC\Desktop\RGMC_2026\RGMC\RGMC\data\map\robot25\masks\0277_mask.png
278,0.4825,0.25,0.0,467.7656050955414,246.387898089172,1,0.0,0.0237746086705608,0.0253651351743323,1775904140.6115923,5,C:\Users\PC\Desktop\RGMC_2026\RGMC\RGMC\data\map\robot25\images\0278.png,C:\Users\PC\Desktop\RGMC_2026\RGMC\RGMC\data\map\robot25\overlays\0278_overlay.png,C:\Users\PC\Desktop\RGMC_2026\RGMC\RGMC\data\map\robot25\masks\0278_mask.png
279,0.51125,0.25,0.0,468.2208663819402,259.058572300183,1,0.0,0.0513804338783073,0.0136190787992431,1775904153.5988092,5,C:\Users\PC\Desktop\RGMC_2026\RGMC\RGMC\data\map\robot25\images\0279.png,C:\Users\PC\Desktop\RGMC_2026\RGMC\RGMC\data\map\robot25\overlays\0279_overlay.png,C:\Users\PC\Desktop\RGMC_2026\RGMC\RGMC\data\map\robot25\masks\0279_mask.png
280,0.54,0.25,0.0,467.4624060150376,271.49874686716794,1,0.0,0.0057295295523791,0.0199742576846273,1775904166.29362,5,C:\Users\PC\Desktop\RGMC_2026\RGMC\RGMC\data\map\robot25\images\0280.png,C:\Users\PC\Desktop\RGMC_2026\RGMC\RGMC\data\map\robot25\overlays\0280_overlay.png,C:\Users\PC\Desktop\RGMC_2026\RGMC\RGMC\data\map\robot25\masks\0280_mask.png
281,0.56875,0.25,0.0,466.1522633744856,284.9600737100737,1,0.0,0.0315570777562816,0.3507824912748374,1775904178.7886586,5,C:\Users\PC\Desktop\RGMC_2026\RGMC\RGMC\data\map\robot25\images\0281.png,C:\Users\PC\Desktop\RGMC_2026\RGMC\RGMC\data\map\robot25\overlays\0281_overlay.png,C:\Users\PC\Desktop\RGMC_2026\RGMC\RGMC\data\map\robot25\masks\0281_mask.png
282,0.5975,0.25,0.0,466.0757855822551,297.0858024691358,1,0.0,0.051966485505376,0.1581630897771589,1775904191.2974324,5,C:\Users\PC\Desktop\RGMC_2026\RGMC\RGMC\data\map\robot25\images\0282.png,C:\Users\PC\Desktop\RGMC_2026\RGMC\RGMC\data\map\robot25\overlays\0282_overlay.png,C:\Users\PC\Desktop\RGMC_2026\RGMC\RGMC\data\map\robot25\masks\0282_mask.png
283,0.62625,0.25,0.0,465.9534180278282,310.070303030303,1,0.0,0.0083809892485243,0.069403208757666,1775904204.0739343,5,C:\Users\PC\Desktop\RGMC_2026\RGMC\RGMC\data\map\robot25\images\0283.png,C:\Users\PC\Desktop\RGMC_2026\RGMC\RGMC\data\map\robot25\overlays\0283_overlay.png,C:\Users\PC\Desktop\RGMC_2026\RGMC\RGMC\data\map\robot25\masks\0283_mask.png
284,0.655,0.25,0.0,465.9114149821641,323.1953543776057,1,0.0,0.0419327834978406,0.0288310416091177,1775904217.3347497,5,C:\Users\PC\Desktop\RGMC_2026\RGMC\RGMC\data\map\robot25\images\0284.png,C:\Users\PC\Desktop\RGMC_2026\RGMC\RGMC\data\map\robot25\overlays\0284_overlay.png,C:\Users\PC\Desktop\RGMC_2026\RGMC\RGMC\data\map\robot25\masks\0284_mask.png
285,0.68375,0.25,0.0,465.7236450268017,335.32975551580205,1,0.0,0.0203981883380995,0.0164635941600037,1775904230.814732,5,C:\Users\PC\Desktop\RGMC_2026\RGMC\RGMC\data\map\robot25\images\0285.png,C:\Users\PC\Desktop\RGMC_2026\RGMC\RGMC\data\map\robot25\overlays\0285_overlay.png,C:\Users\PC\Desktop\RGMC_2026\RGMC\RGMC\data\map\robot25\masks\0285_mask.png
286,0.7125,0.25,0.0,465.3626582278481,348.683879093199,1,0.0,0.060440387079453,0.0229153735458684,1775904243.5047529,5,C:\Users\PC\Desktop\RGMC_2026\RGMC\RGMC\data\map\robot25\images\0286.png,C:\Users\PC\Desktop\RGMC_2026\RGMC\RGMC\data\map\robot25\overlays\0286_overlay.png,C:\Users\PC\Desktop\RGMC_2026\RGMC\RGMC\data\map\robot25\masks\0286_mask.png
287,0.74125,0.25,0.0,465.0119798234553,361.1475204017577,1,0.0,0.0577481153590609,0.1894278614813822,1775904256.5040703,5,C:\Users\PC\Desktop\RGMC_2026\RGMC\RGMC\data\map\robot25\images\0287.png,C:\Users\PC\Desktop\RGMC_2026\RGMC\RGMC\data\map\robot25\overlays\0287_overlay.png,C:\Users\PC\Desktop\RGMC_2026\RGMC\RGMC\data\map\robot25\masks\0287_mask.png
288,0.77,0.25,0.0,465.14680050188207,373.5570890840653,1,0.0,0.0407125403468012,0.0590171748286162,1775904269.4145217,5,C:\Users\PC\Desktop\RGMC_2026\RGMC\RGMC\data\map\robot25\images\0288.png,C:\Users\PC\Desktop\RGMC_2026\RGMC\RGMC\data\map\robot25\overlays\0288_overlay.png,C:\Users\PC\Desktop\RGMC_2026\RGMC\RGMC\data\map\robot25\masks\0288_mask.png
289,0.79875,0.25,0.0,464.8904109589041,386.43808338518977,1,0.0,0.0582021148909801,0.0601104862005202,1775904282.4199932,5,C:\Users\PC\Desktop\RGMC_2026\RGMC\RGMC\data\map\robot25\images\0289.png,C:\Users\PC\Desktop\RGMC_2026\RGMC\RGMC\data\map\robot25\overlays\0289_overlay.png,C:\Users\PC\Desktop\RGMC_2026\RGMC\RGMC\data\map\robot25\masks\0289_mask.png
290,0.8275,0.25,0.0,464.873786407767,398.98847786537294,1,0.0,0.0413457427084098,0.043640178458874,1775904294.9122255,5,C:\Users\PC\Desktop\RGMC_2026\RGMC\RGMC\data\map\robot25\images\0290.png,C:\Users\PC\Desktop\RGMC_2026\RGMC\RGMC\data\map\robot25\overlays\0290_overlay.png,C:\Users\PC\Desktop\RGMC_2026\RGMC\RGMC\data\map\robot25\masks\0290_mask.png
291,0.85625,0.25,0.0,463.8407894736842,412.6868421052632,1,0.0,0.027165891710063,0.0405062449438439,1775904307.8089163,5,C:\Users\PC\Desktop\RGMC_2026\RGMC\RGMC\data\map\robot25\images\0291.png,C:\Users\PC\Desktop\RGMC_2026\RGMC\RGMC\data\map\robot25\overlays\0291_overlay.png,C:\Users\PC\Desktop\RGMC_2026\RGMC\RGMC\data\map\robot25\masks\0291_mask.png
292,0.885,0.25,0.0,463.62992125984255,425.17705570291776,1,0.0,0.0471065324541035,0.0459089708034296,1775904321.018742,5,C:\Users\PC\Desktop\RGMC_2026\RGMC\RGMC\data\map\robot25\images\0292.png,C:\Users\PC\Desktop\RGMC_2026\RGMC\RGMC\data\map\robot25\overlays\0292_overlay.png,C:\Users\PC\Desktop\RGMC_2026\RGMC\RGMC\data\map\robot25\masks\0292_mask.png
293,0.91375,0.25,0.0,462.253164556962,437.7027677496992,1,0.0,0.034331806461111,0.0261563155185344,1775904333.9178898,5,C:\Users\PC\Desktop\RGMC_2026\RGMC\RGMC\data\map\robot25\images\0293.png,C:\Users\PC\Desktop\RGMC_2026\RGMC\RGMC\data\map\robot25\overlays\0293_overlay.png,C:\Users\PC\Desktop\RGMC_2026\RGMC\RGMC\data\map\robot25\masks\0293_mask.png
294,0.9425,0.25,0.0,462.25923682616593,450.5445184736523,1,0.0,0.0113483954462861,0.0461932784762526,1775904346.920656,5,C:\Users\PC\Desktop\RGMC_2026\RGMC\RGMC\data\map\robot25\images\0294.png,C:\Users\PC\Desktop\RGMC_2026\RGMC\RGMC\data\map\robot25\overlays\0294_overlay.png,C:\Users\PC\Desktop\RGMC_2026\RGMC\RGMC\data\map\robot25\masks\0294_mask.png
295,0.97125,0.25,0.0,461.7400265957447,460.4281914893617,1,0.0,0.0200928757014916,0.025107693694724,1775904359.5252037,5,C:\Users\PC\Desktop\RGMC_2026\RGMC\RGMC\data\map\robot25\images\0295.png,C:\Users\PC\Desktop\RGMC_2026\RGMC\RGMC\data\map\robot25\overlays\0295_overlay.png,C:\Users\PC\Desktop\RGMC_2026\RGMC\RGMC\data\map\robot25\masks\0295_mask.png
298,0.97125,0.28125,0.0,449.1913333333333,460.446,1,0.0,0.0581191091167642,0.0380972967018744,1775904397.9233615,5,C:\Users\PC\Desktop\RGMC_2026\RGMC\RGMC\data\map\robot25\images\0298.png,C:\Users\PC\Desktop\RGMC_2026\RGMC\RGMC\data\map\robot25\overlays\0298_overlay.png,C:\Users\PC\Desktop\RGMC_2026\RGMC\RGMC\data\map\robot25\masks\0298_mask.png
299,0.9425,0.28125,0.0,449.10963052695337,450.6610066707095,1,0.0,0.0463021452162714,0.0536361634733457,1775904411.137544,5,C:\Users\PC\Desktop\RGMC_2026\RGMC\RGMC\data\map\robot25\images\0299.png,C:\Users\PC\Desktop\RGMC_2026\RGMC\RGMC\data\map\robot25\overlays\0299_overlay.png,C:\Users\PC\Desktop\RGMC_2026\RGMC\RGMC\data\map\robot25\masks\0299_mask.png
300,0.91375,0.28125,0.0,449.27647783251234,437.7429099876695,1,0.0,0.0113381890308145,0.0097614004972496,1775904423.927562,5,C:\Users\PC\Desktop\RGMC_2026\RGMC\RGMC\data\map\robot25\images\0300.png,C:\Users\PC\Desktop\RGMC_2026\RGMC\RGMC\data\map\robot25\overlays\0300_overlay.png,C:\Users\PC\Desktop\RGMC_2026\RGMC\RGMC\data\map\robot25\masks\0300_mask.png
301,0.885,0.28125,0.0,449.36926889714994,425.2218091697646,1,0.0,0.0330472902347865,0.0153070475166497,1775904436.8388665,5,C:\Users\PC\Desktop\RGMC_2026\RGMC\RGMC\data\map\robot25\images\0301.png,C:\Users\PC\Desktop\RGMC_2026\RGMC\RGMC\data\map\robot25\overlays\0301_overlay.png,C:\Users\PC\Desktop\RGMC_2026\RGMC\RGMC\data\map\robot25\masks\0301_mask.png
302,0.85625,0.28125,0.0,449.7526545908807,412.755625,1,0.0,0.0408324711908906,0.0307489823673892,1775904449.9560266,5,C:\Users\PC\Desktop\RGMC_2026\RGMC\RGMC\data\map\robot25\images\0302.png,C:\Users\PC\Desktop\RGMC_2026\RGMC\RGMC\data\map\robot25\overlays\0302_overlay.png,C:\Users\PC\Desktop\RGMC_2026\RGMC\RGMC\data\map\robot25\masks\0302_mask.png
303,0.8275,0.28125,0.0,450.0356930398572,399.1362284354551,1,0.0,0.0090604114152761,0.0214293036424419,1775904463.354334,5,C:\Users\PC\Desktop\RGMC_2026\RGMC\RGMC\data\map\robot25\images\0303.png,C:\Users\PC\Desktop\RGMC_2026\RGMC\RGMC\data\map\robot25\overlays\0303_overlay.png,C:\Users\PC\Desktop\RGMC_2026\RGMC\RGMC\data\map\robot25\masks\0303_mask.png
304,0.79875,0.28125,0.0,450.2985166872682,386.4122373300371,1,0.0,0.0262557582562643,0.0231424235852724,1775904477.0907588,5,C:\Users\PC\Desktop\RGMC_2026\RGMC\RGMC\data\map\robot25\images\0304.png,C:\Users\PC\Desktop\RGMC_2026\RGMC\RGMC\data\map\robot25\overlays\0304_overlay.png,C:\Users\PC\Desktop\RGMC_2026\RGMC\RGMC\data\map\robot25\masks\0304_mask.png
305,0.77,0.28125,0.0,450.25295950155765,373.71915685058894,1,0.0,0.0116334878522983,0.0566296560804322,1775904490.311281,5,C:\Users\PC\Desktop\RGMC_2026\RGMC\RGMC\data\map\robot25\images\0305.png,C:\Users\PC\Desktop\RGMC_2026\RGMC\RGMC\data\map\robot25\overlays\0305_overlay.png,C:\Users\PC\Desktop\RGMC_2026\RGMC\RGMC\data\map\robot25\masks\0305_mask.png
306,0.74125,0.28125,0.0,450.2426108374384,361.179677819083,1,0.0,0.045554886296329,0.0303308034592297,1775904503.6032317,5,C:\Users\PC\Desktop\RGMC_2026\RGMC\RGMC\data\map\robot25\images\0306.png,C:\Users\PC\Desktop\RGMC_2026\RGMC\RGMC\data\map\robot25\overlays\0306_overlay.png,C:\Users\PC\Desktop\RGMC_2026\RGMC\RGMC\data\map\robot25\masks\0306_mask.png
307,0.7125,0.28125,0.0,450.5261216963737,349.03267570900124,1,0.0,0.0256790964706376,0.0219936173008591,1775904517.3131926,5,C:\Users\PC\Desktop\RGMC_2026\RGMC\RGMC\data\map\robot25\images\0307.png,C:\Users\PC\Desktop\RGMC_2026\RGMC\RGMC\data\map\robot25\overlays\0307_overlay.png,C:\Users\PC\Desktop\RGMC_2026\RGMC\RGMC\data\map\robot25\masks\0307_mask.png
308,0.68375,0.28125,0.0,451.42049272116463,335.79719887955184,1,0.0,0.0306377264374516,0.0378486830804793,1775904530.593285,5,C:\Users\PC\Desktop\RGMC_2026\RGMC\RGMC\data\map\robot25\images\0308.png,C:\Users\PC\Desktop\RGMC_2026\RGMC\RGMC\data\map\robot25\overlays\0308_overlay.png,C:\Users\PC\Desktop\RGMC_2026\RGMC\RGMC\data\map\robot25\masks\0308_mask.png
309,0.655,0.28125,0.0,452.7265625,323.22281959378734,1,0.0,0.017176336411782,0.0497259603376635,1775904544.6611447,5,C:\Users\PC\Desktop\RGMC_2026\RGMC\RGMC\data\map\robot25\images\0309.png,C:\Users\PC\Desktop\RGMC_2026\RGMC\RGMC\data\map\robot25\overlays\0309_overlay.png,C:\Users\PC\Desktop\RGMC_2026\RGMC\RGMC\data\map\robot25\masks\0309_mask.png
310,0.62625,0.28125,0.0,452.9074969770254,310.45229468599035,1,0.0,0.0117228094164992,0.0438200029788288,1775904559.0110986,5,C:\Users\PC\Desktop\RGMC_2026\RGMC\RGMC\data\map\robot25\images\0310.png,C:\Users\PC\Desktop\RGMC_2026\RGMC\RGMC\data\map\robot25\overlays\0310_overlay.png,C:\Users\PC\Desktop\RGMC_2026\RGMC\RGMC\data\map\robot25\masks\0310_mask.png
311,0.5975,0.28125,0.0,453.0898315658141,297.5482076637824,1,0.0,0.021351505703591,0.1009316516677258,1775904572.7557518,5,C:\Users\PC\Desktop\RGMC_2026\RGMC\RGMC\data\map\robot25\images\0311.png,C:\Users\PC\Desktop\RGMC_2026\RGMC\RGMC\data\map\robot25\overlays\0311_overlay.png,C:\Users\PC\Desktop\RGMC_2026\RGMC\RGMC\data\map\robot25\masks\0311_mask.png
312,0.56875,0.28125,0.0,453.2928743961353,285.18455971049457,1,0.0,0.0267006915965862,0.0374721061867852,1775904585.9452536,5,C:\Users\PC\Desktop\RGMC_2026\RGMC\RGMC\data\map\robot25\images\0312.png,C:\Users\PC\Desktop\RGMC_2026\RGMC\RGMC\data\map\robot25\overlays\0312_overlay.png,C:\Users\PC\Desktop\RGMC_2026\RGMC\RGMC\data\map\robot25\masks\0312_mask.png
313,0.54,0.28125,0.0,453.4280532043531,271.7212817412334,1,0.0,0.0338759352151237,0.0180205476159175,1775904599.1665933,5,C:\Users\PC\Desktop\RGMC_2026\RGMC\RGMC\data\map\robot25\images\0313.png,C:\Users\PC\Desktop\RGMC_2026\RGMC\RGMC\data\map\robot25\overlays\0313_overlay.png,C:\Users\PC\Desktop\RGMC_2026\RGMC\RGMC\data\map\robot25\masks\0313_mask.png
314,0.51125,0.28125,0.0,453.6079714455681,258.9910394265233,1,0.0,0.0201363599183533,0.056601379378984,1775904612.5743897,5,C:\Users\PC\Desktop\RGMC_2026\RGMC\RGMC\data\map\robot25\images\0314.png,C:\Users\PC\Desktop\RGMC_2026\RGMC\RGMC\data\map\robot25\overlays\0314_overlay.png,C:\Users\PC\Desktop\RGMC_2026\RGMC\RGMC\data\map\robot25\masks\0314_mask.png
315,0.4825,0.28125,0.0,453.6374549819928,246.6644657863145,1,0.0,0.0269229857040219,0.0605702077901949,1775904625.553722,5,C:\Users\PC\Desktop\RGMC_2026\RGMC\RGMC\data\map\robot25\images\0315.png,C:\Users\PC\Desktop\RGMC_2026\RGMC\RGMC\data\map\robot25\overlays\0315_overlay.png,C:\Users\PC\Desktop\RGMC_2026\RGMC\RGMC\data\map\robot25\masks\0315_mask.png
316,0.45375,0.28125,0.0,454.0061462814997,233.9295343137255,1,0.0,0.0120964026795468,0.0974259163284625,1775904638.7720482,5,C:\Users\PC\Desktop\RGMC_2026\RGMC\RGMC\data\map\robot25\images\0316.png,C:\Users\PC\Desktop\RGMC_2026\RGMC\RGMC\data\map\robot25\overlays\0316_overlay.png,C:\Users\PC\Desktop\RGMC_2026\RGMC\RGMC\data\map\robot25\masks\0316_mask.png
317,0.425,0.28125,0.0,454.1653543307087,221.20169594185344,1,0.0,0.0036119891697418,0.0057011342125645,1775904651.6782336,5,C:\Users\PC\Desktop\RGMC_2026\RGMC\RGMC\data\map\robot25\images\0317.png,C:\Users\PC\Desktop\RGMC_2026\RGMC\RGMC\data\map\robot25\overlays\0317_overlay.png,C:\Users\PC\Desktop\RGMC_2026\RGMC\RGMC\data\map\robot25\masks\0317_mask.png
318,0.39625,0.28125,0.0,454.3219013237064,207.88072289156628,1,0.0,0.018348557149245,0.35916292077188,1775904665.492902,5,C:\Users\PC\Desktop\RGMC_2026\RGMC\RGMC\data\map\robot25\images\0318.png,C:\Users\PC\Desktop\RGMC_2026\RGMC\RGMC\data\map\robot25\overlays\0318_overlay.png,C:\Users\PC\Desktop\RGMC_2026\RGMC\RGMC\data\map\robot25\masks\0318_mask.png
319,0.3675,0.28125,0.0,455.5368020304568,195.31705770450225,1,0.0,0.0146645792139117,0.0354390901115216,1775904678.2936058,5,C:\Users\PC\Desktop\RGMC_2026\RGMC\RGMC\data\map\robot25\images\0319.png,C:\Users\PC\Desktop\RGMC_2026\RGMC\RGMC\data\map\robot25\overlays\0319_overlay.png,C:\Users\PC\Desktop\RGMC_2026\RGMC\RGMC\data\map\robot25\masks\0319_mask.png
320,0.33875,0.28125,0.0,456.0192786069652,182.8100313479624,1,0.0,0.0746476028105549,0.0320514644099352,1775904691.200346,5,C:\Users\PC\Desktop\RGMC_2026\RGMC\RGMC\data\map\robot25\images\0320.png,C:\Users\PC\Desktop\RGMC_2026\RGMC\RGMC\data\map\robot25\overlays\0320_overlay.png,C:\Users\PC\Desktop\RGMC_2026\RGMC\RGMC\data\map\robot25\masks\0320_mask.png
321,0.31,0.28125,0.0,456.2662460567824,170.35899053627762,1,0.0,0.0382833226969485,0.069733235157371,1775904704.4109435,5,C:\Users\PC\Desktop\RGMC_2026\RGMC\RGMC\data\map\robot25\images\0321.png,C:\Users\PC\Desktop\RGMC_2026\RGMC\RGMC\data\map\robot25\overlays\0321_overlay.png,C:\Users\PC\Desktop\RGMC_2026\RGMC\RGMC\data\map\robot25\masks\0321_mask.png
322,0.28125,0.28125,0.0,456.5021806853583,157.3906542056075,1,0.0,0.0222346499109344,0.0125391099968762,1775904717.7349496,5,C:\Users\PC\Desktop\RGMC_2026\RGMC\RGMC\data\map\robot25\images\0322.png,C:\Users\PC\Desktop\RGMC_2026\RGMC\RGMC\data\map\robot25\overlays\0322_overlay.png,C:\Users\PC\Desktop\RGMC_2026\RGMC\RGMC\data\map\robot25\masks\0322_mask.png
323,0.2525,0.28125,0.0,456.386959171237,144.16533986527864,1,0.0,0.0621859126365858,0.0237127394173592,1775904730.716538,5,C:\Users\PC\Desktop\RGMC_2026\RGMC\RGMC\data\map\robot25\images\0323.png,C:\Users\PC\Desktop\RGMC_2026\RGMC\RGMC\data\map\robot25\overlays\0323_overlay.png,C:\Users\PC\Desktop\RGMC_2026\RGMC\RGMC\data\map\robot25\masks\0323_mask.png
324,0.22375,0.28125,0.0,457.0223295111648,131.6066265060241,1,0.0,0.0473866079718034,0.0343552723142417,1775904743.2125258,5,C:\Users\PC\Desktop\RGMC_2026\RGMC\RGMC\data\map\robot25\images\0324.png,C:\Users\PC\Desktop\RGMC_2026\RGMC\RGMC\data\map\robot25\overlays\0324_overlay.png,C:\Users\PC\Desktop\RGMC_2026\RGMC\RGMC\data\map\robot25\masks\0324_mask.png
325,0.195,0.28125,0.0,457.10274372446,118.9375364856976,1,0.0,0.0174619193879312,0.0278012496317033,1775904756.429609,5,C:\Users\PC\Desktop\RGMC_2026\RGMC\RGMC\data\map\robot25\images\0325.png,C:\Users\PC\Desktop\RGMC_2026\RGMC\RGMC\data\map\robot25\overlays\0325_overlay.png,C:\Users\PC\Desktop\RGMC_2026\RGMC\RGMC\data\map\robot25\masks\0325_mask.png
326,0.16625,0.28125,0.0,457.56389214536927,106.48827667057444,1,0.0,0.0512114462672804,0.0600517969077178,1775904769.2443452,5,C:\Users\PC\Desktop\RGMC_2026\RGMC\RGMC\data\map\robot25\images\0326.png,C:\Users\PC\Desktop\RGMC_2026\RGMC\RGMC\data\map\robot25\overlays\0326_overlay.png,C:\Users\PC\Desktop\RGMC_2026\RGMC\RGMC\data\map\robot25\masks\0326_mask.png
327,0.1375,0.28125,0.0,457.5681818181818,93.79761904761904,1,0.0,0.0279545989271534,0.0788315252766147,1775904782.344499,5,C:\Users\PC\Desktop\RGMC_2026\RGMC\RGMC\data\map\robot25\images\0327.png,C:\Users\PC\Desktop\RGMC_2026\RGMC\RGMC\data\map\robot25\overlays\0327_overlay.png,C:\Users\PC\Desktop\RGMC_2026\RGMC\RGMC\data\map\robot25\masks\0327_mask.png
328,0.10875,0.28125,0.0,457.8820160366552,80.6282932416953,1,0.0,0.0260688813903044,0.0558417211378737,1775904795.7465253,5,C:\Users\PC\Desktop\RGMC_2026\RGMC\RGMC\data\map\robot25\images\0328.png,C:\Users\PC\Desktop\RGMC_2026\RGMC\RGMC\data\map\robot25\overlays\0328_overlay.png,C:\Users\PC\Desktop\RGMC_2026\RGMC\RGMC\data\map\robot25\masks\0328_mask.png
329,0.08,0.28125,0.0,458.1962941517082,67.69936526255049,1,0.0,0.0145729204847096,0.0185244215895796,1775904808.8628535,5,C:\Users\PC\Desktop\RGMC_2026\RGMC\RGMC\data\map\robot25\images\0329.png,C:\Users\PC\Desktop\RGMC_2026\RGMC\RGMC\data\map\robot25\overlays\0329_overlay.png,C:\Users\PC\Desktop\RGMC_2026\RGMC\RGMC\data\map\robot25\masks\0329_mask.png
330,0.08,0.3125,0.0,445.040369088812,67.37716262975779,1,0.0,0.0229475546432868,0.0205396269687451,1775904821.961352,5,C:\Users\PC\Desktop\RGMC_2026\RGMC\RGMC\data\map\robot25\images\0330.png,C:\Users\PC\Desktop\RGMC_2026\RGMC\RGMC\data\map\robot25\overlays\0330_overlay.png,C:\Users\PC\Desktop\RGMC_2026\RGMC\RGMC\data\map\robot25\masks\0330_mask.png
331,0.10875,0.3125,0.0,444.7909836065574,79.60339777387229,1,0.0,0.041166050902952,0.0508920794111141,1775904834.9288838,5,C:\Users\PC\Desktop\RGMC_2026\RGMC\RGMC\data\map\robot25\images\0331.png,C:\Users\PC\Desktop\RGMC_2026\RGMC\RGMC\data\map\robot25\overlays\0331_overlay.png,C:\Users\PC\Desktop\RGMC_2026\RGMC\RGMC\data\map\robot25\masks\0331_mask.png
332,0.1375,0.3125,0.0,443.54478976234,92.08746177370033,1,0.0,0.0414377947008332,0.0358959173021262,1775904847.9669657,5,C:\Users\PC\Desktop\RGMC_2026\RGMC\RGMC\data\map\robot25\images\0332.png,C:\Users\PC\Desktop\RGMC_2026\RGMC\RGMC\data\map\robot25\overlays\0332_overlay.png,C:\Users\PC\Desktop\RGMC_2026\RGMC\RGMC\data\map\robot25\masks\0332_mask.png
333,0.16625,0.3125,0.0,443.5514250309789,106.1276332094176,1,0.0,0.0173369101086455,0.0282858339000041,1775904861.5846584,5,C:\Users\PC\Desktop\RGMC_2026\RGMC\RGMC\data\map\robot25\images\0333.png,C:\Users\PC\Desktop\RGMC_2026\RGMC\RGMC\data\map\robot25\overlays\0333_overlay.png,C:\Users\PC\Desktop\RGMC_2026\RGMC\RGMC\data\map\robot25\masks\0333_mask.png
334,0.195,0.3125,0.0,442.3594029850746,118.43164179104478,1,0.0,0.009868572460975,0.0320703659861417,1775904874.8012314,5,C:\Users\PC\Desktop\RGMC_2026\RGMC\RGMC\data\map\robot25\images\0334.png,C:\Users\PC\Desktop\RGMC_2026\RGMC\RGMC\data\map\robot25\overlays\0334_overlay.png,C:\Users\PC\Desktop\RGMC_2026\RGMC\RGMC\data\map\robot25\masks\0334_mask.png
335,0.22375,0.3125,0.0,442.25928143712576,131.1885782272457,1,0.0,0.3867316128983812,0.0655751577851723,1775904888.1128683,5,C:\Users\PC\Desktop\RGMC_2026\RGMC\RGMC\data\map\robot25\images\0335.png,C:\Users\PC\Desktop\RGMC_2026\RGMC\RGMC\data\map\robot25\overlays\0335_overlay.png,C:\Users\PC\Desktop\RGMC_2026\RGMC\RGMC\data\map\robot25\masks\0335_mask.png
336,0.2525,0.3125,0.0,441.7924080664294,143.85287081339712,1,0.0,0.0343138458099588,0.0922556385708613,1775904900.9074953,5,C:\Users\PC\Desktop\RGMC_2026\RGMC\RGMC\data\map\robot25\images\0336.png,C:\Users\PC\Desktop\RGMC_2026\RGMC\RGMC\data\map\robot25\overlays\0336_overlay.png,C:\Users\PC\Desktop\RGMC_2026\RGMC\RGMC\data\map\robot25\masks\0336_mask.png
337,0.28125,0.3125,0.0,441.90362953692113,156.34322033898306,1,0.0,0.0269912857053179,0.4089654777713267,1775904913.9635894,5,C:\Users\PC\Desktop\RGMC_2026\RGMC\RGMC\data\map\robot25\images\0337.png,C:\Users\PC\Desktop\RGMC_2026\RGMC\RGMC\data\map\robot25\overlays\0337_overlay.png,C:\Users\PC\Desktop\RGMC_2026\RGMC\RGMC\data\map\robot25\masks\0337_mask.png
338,0.31,0.3125,0.0,441.67388613861385,170.0408415841584,1,0.0,0.0278965448209815,0.0268939678216246,1775904926.8220153,5,C:\Users\PC\Desktop\RGMC_2026\RGMC\RGMC\data\map\robot25\images\0338.png,C:\Users\PC\Desktop\RGMC_2026\RGMC\RGMC\data\map\robot25\overlays\0338_overlay.png,C:\Users\PC\Desktop\RGMC_2026\RGMC\RGMC\data\map\robot25\masks\0338_mask.png
339,0.33875,0.3125,0.0,441.6219512195122,182.3329260843005,1,0.0,0.0136944108106197,0.0409534050218755,1775904940.327907,5,C:\Users\PC\Desktop\RGMC_2026\RGMC\RGMC\data\map\robot25\images\0339.png,C:\Users\PC\Desktop\RGMC_2026\RGMC\RGMC\data\map\robot25\overlays\0339_overlay.png,C:\Users\PC\Desktop\RGMC_2026\RGMC\RGMC\data\map\robot25\masks\0339_mask.png
340,0.3675,0.3125,0.0,441.1356139279169,195.01098901098905,1,0.0,0.033492982460964,0.0471971085211119,1775904953.749724,5,C:\Users\PC\Desktop\RGMC_2026\RGMC\RGMC\data\map\robot25\images\0340.png,C:\Users\PC\Desktop\RGMC_2026\RGMC\RGMC\data\map\robot25\overlays\0340_overlay.png,C:\Users\PC\Desktop\RGMC_2026\RGMC\RGMC\data\map\robot25\masks\0340_mask.png
341,0.39625,0.3125,0.0,441.03855421686745,207.5372050816697,1,0.0,0.0229574237032455,0.062186726279686,1775904966.572786,5,C:\Users\PC\Desktop\RGMC_2026\RGMC\RGMC\data\map\robot25\images\0341.png,C:\Users\PC\Desktop\RGMC_2026\RGMC\RGMC\data\map\robot25\overlays\0341_overlay.png,C:\Users\PC\Desktop\RGMC_2026\RGMC\RGMC\data\map\robot25\masks\0341_mask.png
342,0.425,0.3125,0.0,440.8231631382316,221.11145703611456,1,0.0,0.0177435690324423,0.023372153828749,1775904979.8660536,5,C:\Users\PC\Desktop\RGMC_2026\RGMC\RGMC\data\map\robot25\images\0342.png,C:\Users\PC\Desktop\RGMC_2026\RGMC\RGMC\data\map\robot25\overlays\0342_overlay.png,C:\Users\PC\Desktop\RGMC_2026\RGMC\RGMC\data\map\robot25\masks\0342_mask.png
343,0.45375,0.3125,0.0,439.7793548387097,233.84,1,0.0,0.0284409036942144,0.0465246850972708,1775904992.9012375,5,C:\Users\PC\Desktop\RGMC_2026\RGMC\RGMC\data\map\robot25\images\0343.png,C:\Users\PC\Desktop\RGMC_2026\RGMC\RGMC\data\map\robot25\overlays\0343_overlay.png,C:\Users\PC\Desktop\RGMC_2026\RGMC\RGMC\data\map\robot25\masks\0343_mask.png
344,0.4825,0.3125,0.0,440.4851784633999,246.57592256503327,1,0.0,0.0571870338407032,0.0374656025020797,1775905006.0743325,5,C:\Users\PC\Desktop\RGMC_2026\RGMC\RGMC\data\map\robot25\images\0344.png,C:\Users\PC\Desktop\RGMC_2026\RGMC\RGMC\data\map\robot25\overlays\0344_overlay.png,C:\Users\PC\Desktop\RGMC_2026\RGMC\RGMC\data\map\robot25\masks\0344_mask.png
345,0.51125,0.3125,0.0,439.7036098796707,258.8502842703727,1,0.0,0.0299513978705464,0.0292911068818852,1775905019.2933846,5,C:\Users\PC\Desktop\RGMC_2026\RGMC\RGMC\data\map\robot25\images\0345.png,C:\Users\PC\Desktop\RGMC_2026\RGMC\RGMC\data\map\robot25\overlays\0345_overlay.png,C:\Users\PC\Desktop\RGMC_2026\RGMC\RGMC\data\map\robot25\masks\0345_mask.png
346,0.54,0.3125,0.0,438.436754176611,271.4319749216301,1,0.0,0.4087924150385652,0.0378806662416808,1775905032.190833,5,C:\Users\PC\Desktop\RGMC_2026\RGMC\RGMC\data\map\robot25\images\0346.png,C:\Users\PC\Desktop\RGMC_2026\RGMC\RGMC\data\map\robot25\overlays\0346_overlay.png,C:\Users\PC\Desktop\RGMC_2026\RGMC\RGMC\data\map\robot25\masks\0346_mask.png
347,0.56875,0.3125,0.0,438.3418336369156,284.82077764277034,1,0.0,0.019878018330681,0.0205283716175842,1775905045.3073287,5,C:\Users\PC\Desktop\RGMC_2026\RGMC\RGMC\data\map\robot25\images\0347.png,C:\Users\PC\Desktop\RGMC_2026\RGMC\RGMC\data\map\robot25\overlays\0347_overlay.png,C:\Users\PC\Desktop\RGMC_2026\RGMC\RGMC\data\map\robot25\masks\0347_mask.png
348,0.5975,0.3125,0.0,438.0998128509045,296.7707165109034,1,0.0,0.0206657368529472,0.0349733620833981,1775905058.090402,5,C:\Users\PC\Desktop\RGMC_2026\RGMC\RGMC\data\map\robot25\images\0348.png,C:\Users\PC\Desktop\RGMC_2026\RGMC\RGMC\data\map\robot25\overlays\0348_overlay.png,C:\Users\PC\Desktop\RGMC_2026\RGMC\RGMC\data\map\robot25\masks\0348_mask.png
349,0.62625,0.3125,0.0,437.9218009478673,309.8214074512123,1,0.0,0.0307098392558464,0.0249942321189346,1775905071.203001,5,C:\Users\PC\Desktop\RGMC_2026\RGMC\RGMC\data\map\robot25\images\0349.png,C:\Users\PC\Desktop\RGMC_2026\RGMC\RGMC\data\map\robot25\overlays\0349_overlay.png,C:\Users\PC\Desktop\RGMC_2026\RGMC\RGMC\data\map\robot25\masks\0349_mask.png
350,0.655,0.3125,0.0,437.7905445840814,322.714371257485,1,0.0,0.0244031786325159,0.0334564689346793,1775905084.3290088,5,C:\Users\PC\Desktop\RGMC_2026\RGMC\RGMC\data\map\robot25\images\0350.png,C:\Users\PC\Desktop\RGMC_2026\RGMC\RGMC\data\map\robot25\overlays\0350_overlay.png,C:\Users\PC\Desktop\RGMC_2026\RGMC\RGMC\data\map\robot25\masks\0350_mask.png
351,0.68375,0.3125,0.0,437.4490876986463,335.3585680751174,1,0.0,0.0297626758812328,0.0549061396924067,1775905097.7380514,5,C:\Users\PC\Desktop\RGMC_2026\RGMC\RGMC\data\map\robot25\images\0351.png,C:\Users\PC\Desktop\RGMC_2026\RGMC\RGMC\data\map\robot25\overlays\0351_overlay.png,C:\Users\PC\Desktop\RGMC_2026\RGMC\RGMC\data\map\robot25\masks\0351_mask.png
352,0.7125,0.3125,0.0,437.4705532421178,347.94348602022603,1,0.0,0.0356145193940133,0.0248635180317101,1775905111.2474468,5,C:\Users\PC\Desktop\RGMC_2026\RGMC\RGMC\data\map\robot25\images\0352.png,C:\Users\PC\Desktop\RGMC_2026\RGMC\RGMC\data\map\robot25\overlays\0352_overlay.png,C:\Users\PC\Desktop\RGMC_2026\RGMC\RGMC\data\map\robot25\masks\0352_mask.png
353,0.74125,0.3125,0.0,437.2496871088861,360.9173967459324,1,0.0,0.0536867389420777,0.0460645380686663,1775905124.167955,5,C:\Users\PC\Desktop\RGMC_2026\RGMC\RGMC\data\map\robot25\images\0353.png,C:\Users\PC\Desktop\RGMC_2026\RGMC\RGMC\data\map\robot25\overlays\0353_overlay.png,C:\Users\PC\Desktop\RGMC_2026\RGMC\RGMC\data\map\robot25\masks\0353_mask.png
354,0.77,0.3125,0.0,437.0785891089109,373.67017326732673,1,0.0,0.0195737408720834,0.0387666192132613,1775905137.7933292,5,C:\Users\PC\Desktop\RGMC_2026\RGMC\RGMC\data\map\robot25\images\0354.png,C:\Users\PC\Desktop\RGMC_2026\RGMC\RGMC\data\map\robot25\overlays\0354_overlay.png,C:\Users\PC\Desktop\RGMC_2026\RGMC\RGMC\data\map\robot25\masks\0354_mask.png
355,0.79875,0.3125,0.0,436.9523514851485,385.9749541844838,1,0.0,0.049809467306502,0.0753714354871995,1775905151.08297,5,C:\Users\PC\Desktop\RGMC_2026\RGMC\RGMC\data\map\robot25\images\0355.png,C:\Users\PC\Desktop\RGMC_2026\RGMC\RGMC\data\map\robot25\overlays\0355_overlay.png,C:\Users\PC\Desktop\RGMC_2026\RGMC\RGMC\data\map\robot25\masks\0355_mask.png
356,0.8275,0.3125,0.0,436.6956257594168,398.8950242718447,1,0.0,0.0521201300022541,0.0712196284069048,1775905164.5085723,5,C:\Users\PC\Desktop\RGMC_2026\RGMC\RGMC\data\map\robot25\images\0356.png,C:\Users\PC\Desktop\RGMC_2026\RGMC\RGMC\data\map\robot25\overlays\0356_overlay.png,C:\Users\PC\Desktop\RGMC_2026\RGMC\RGMC\data\map\robot25\masks\0356_mask.png
357,0.85625,0.3125,0.0,435.8924327704816,411.6020025031289,1,0.0,0.0200865408069902,0.0304575396724098,1775905177.705747,5,C:\Users\PC\Desktop\RGMC_2026\RGMC\RGMC\data\map\robot25\images\0357.png,C:\Users\PC\Desktop\RGMC_2026\RGMC\RGMC\data\map\robot25\overlays\0357_overlay.png,C:\Users\PC\Desktop\RGMC_2026\RGMC\RGMC\data\map\robot25\masks\0357_mask.png
358,0.885,0.3125,0.0,435.688703465982,424.9987121699936,1,0.0,0.0166812365761697,0.0523455532256664,1775905192.0362132,5,C:\Users\PC\Desktop\RGMC_2026\RGMC\RGMC\data\map\robot25\images\0358.png,C:\Users\PC\Desktop\RGMC_2026\RGMC\RGMC\data\map\robot25\overlays\0358_overlay.png,C:\Users\PC\Desktop\RGMC_2026\RGMC\RGMC\data\map\robot25\masks\0358_mask.png
359,0.91375,0.3125,0.0,434.23655256723714,437.2481662591687,1,0.0,0.469459606235997,0.0450918805744193,1775905205.046389,5,C:\Users\PC\Desktop\RGMC_2026\RGMC\RGMC\data\map\robot25\images\0359.png,C:\Users\PC\Desktop\RGMC_2026\RGMC\RGMC\data\map\robot25\overlays\0359_overlay.png,C:\Users\PC\Desktop\RGMC_2026\RGMC\RGMC\data\map\robot25\masks\0359_mask.png
360,0.9425,0.3125,0.0,434.1523414344992,450.18869047619046,1,0.0,0.0411602332061125,0.0244072222482763,1775905217.9403915,5,C:\Users\PC\Desktop\RGMC_2026\RGMC\RGMC\data\map\robot25\images\0360.png,C:\Users\PC\Desktop\RGMC_2026\RGMC\RGMC\data\map\robot25\overlays\0360_overlay.png,C:\Users\PC\Desktop\RGMC_2026\RGMC\RGMC\data\map\robot25\masks\0360_mask.png
361,0.97125,0.3125,0.0,433.7246566383257,460.0755208333333,1,0.0,0.079468578434524,0.0603202827560718,1775905230.6377418,5,C:\Users\PC\Desktop\RGMC_2026\RGMC\RGMC\data\map\robot25\images\0361.png,C:\Users\PC\Desktop\RGMC_2026\RGMC\RGMC\data\map\robot25\overlays\0361_overlay.png,C:\Users\PC\Desktop\RGMC_2026\RGMC\RGMC\data\map\robot25\masks\0361_mask.png
364,0.97125,0.34375,0.0,420.83935742971886,459.9259012016021,1,0.0,0.0492207149748213,0.0729660718907802,1775905270.062867,5,C:\Users\PC\Desktop\RGMC_2026\RGMC\RGMC\data\map\robot25\images\0364.png,C:\Users\PC\Desktop\RGMC_2026\RGMC\RGMC\data\map\robot25\overlays\0364_overlay.png,C:\Users\PC\Desktop\RGMC_2026\RGMC\RGMC\data\map\robot25\masks\0364_mask.png
365,0.9425,0.34375,0.0,421.4228707564026,450.2401668653159,1,0.0,0.0166301007327709,0.0340894074198392,1775905282.9783976,5,C:\Users\PC\Desktop\RGMC_2026\RGMC\RGMC\data\map\robot25\images\0365.png,C:\Users\PC\Desktop\RGMC_2026\RGMC\RGMC\data\map\robot25\overlays\0365_overlay.png,C:\Users\PC\Desktop\RGMC_2026\RGMC\RGMC\data\map\robot25\masks\0365_mask.png
366,0.91375,0.34375,0.0,421.3688915375447,437.5750893921335,1,0.0,0.0253644401781979,0.0391155729449723,1775905295.9837806,5,C:\Users\PC\Desktop\RGMC_2026\RGMC\RGMC\data\map\robot25\images\0366.png,C:\Users\PC\Desktop\RGMC_2026\RGMC\RGMC\data\map\robot25\overlays\0366_overlay.png,C:\Users\PC\Desktop\RGMC_2026\RGMC\RGMC\data\map\robot25\masks\0366_mask.png
367,0.885,0.34375,0.0,421.7015479876161,424.809553349876,1,0.0,0.0681531681587093,0.0303042098109814,1775905308.9014122,5,C:\Users\PC\Desktop\RGMC_2026\RGMC\RGMC\data\map\robot25\images\0367.png,C:\Users\PC\Desktop\RGMC_2026\RGMC\RGMC\data\map\robot25\overlays\0367_overlay.png,C:\Users\PC\Desktop\RGMC_2026\RGMC\RGMC\data\map\robot25\masks\0367_mask.png
368,0.85625,0.34375,0.0,422.12953995157386,412.73377804730137,1,0.0,0.0590047143000707,0.0248642587234298,1775905321.9788258,5,C:\Users\PC\Desktop\RGMC_2026\RGMC\RGMC\data\map\robot25\images\0368.png,C:\Users\PC\Desktop\RGMC_2026\RGMC\RGMC\data\map\robot25\overlays\0368_overlay.png,C:\Users\PC\Desktop\RGMC_2026\RGMC\RGMC\data\map\robot25\masks\0368_mask.png
369,0.8275,0.34375,0.0,422.2498530276308,399.2876470588236,1,0.0,0.0187374217015087,0.0372464937889556,1775905335.0216978,5,C:\Users\PC\Desktop\RGMC_2026\RGMC\RGMC\data\map\robot25\images\0369.png,C:\Users\PC\Desktop\RGMC_2026\RGMC\RGMC\data\map\robot25\overlays\0369_overlay.png,C:\Users\PC\Desktop\RGMC_2026\RGMC\RGMC\data\map\robot25\masks\0369_mask.png
370,0.79875,0.34375,0.0,422.4578020643594,386.37704918032784,1,0.0,0.0302250106577916,0.0379775708101942,1775905347.7784996,5,C:\Users\PC\Desktop\RGMC_2026\RGMC\RGMC\data\map\robot25\images\0370.png,C:\Users\PC\Desktop\RGMC_2026\RGMC\RGMC\data\map\robot25\overlays\0370_overlay.png,C:\Users\PC\Desktop\RGMC_2026\RGMC\RGMC\data\map\robot25\masks\0370_mask.png
371,0.77,0.34375,0.0,422.3479318734793,373.7153284671533,1,0.0,0.0120792180604152,0.0280041582092879,1775905359.741371,5,C:\Users\PC\Desktop\RGMC_2026\RGMC\RGMC\data\map\robot25\images\0371.png,C:\Users\PC\Desktop\RGMC_2026\RGMC\RGMC\data\map\robot25\overlays\0371_overlay.png,C:\Users\PC\Desktop\RGMC_2026\RGMC\RGMC\data\map\robot25\masks\0371_mask.png
372,0.74125,0.34375,0.0,422.2827715355805,360.940625,1,0.0,0.0330703051883521,0.0409842040421373,1775905371.861691,5,C:\Users\PC\Desktop\RGMC_2026\RGMC\RGMC\data\map\robot25\images\0372.png,C:\Users\PC\Desktop\RGMC_2026\RGMC\RGMC\data\map\robot25\overlays\0372_overlay.png,C:\Users\PC\Desktop\RGMC_2026\RGMC\RGMC\data\map\robot25\masks\0372_mask.png
373,0.7125,0.34375,0.0,422.46073619631903,348.56687116564416,1,0.0,0.0579611801750549,0.0351873037486524,1775905384.0039396,5,C:\Users\PC\Desktop\RGMC_2026\RGMC\RGMC\data\map\robot25\images\0373.png,C:\Users\PC\Desktop\RGMC_2026\RGMC\RGMC\data\map\robot25\overlays\0373_overlay.png,C:\Users\PC\Desktop\RGMC_2026\RGMC\RGMC\data\map\robot25\masks\0373_mask.png
374,0.68375,0.34375,0.0,423.2810383747178,335.45863815419244,1,0.0,0.0573566106107435,0.0421978407502418,1775905396.3881855,5,C:\Users\PC\Desktop\RGMC_2026\RGMC\RGMC\data\map\robot25\images\0374.png,C:\Users\PC\Desktop\RGMC_2026\RGMC\RGMC\data\map\robot25\overlays\0374_overlay.png,C:\Users\PC\Desktop\RGMC_2026\RGMC\RGMC\data\map\robot25\masks\0374_mask.png
375,0.655,0.34375,0.0,424.70083932853714,323.13385354141656,1,0.0,0.0180259079850916,0.0460825300268912,1775905408.5817852,5,C:\Users\PC\Desktop\RGMC_2026\RGMC\RGMC\data\map\robot25\images\0375.png,C:\Users\PC\Desktop\RGMC_2026\RGMC\RGMC\data\map\robot25\overlays\0375_overlay.png,C:\Users\PC\Desktop\RGMC_2026\RGMC\RGMC\data\map\robot25\masks\0375_mask.png
376,0.62625,0.34375,0.0,424.9341950646299,310.7426210153483,1,0.0,0.0489602626205578,0.0565626392353277,1775905421.8223426,5,C:\Users\PC\Desktop\RGMC_2026\RGMC\RGMC\data\map\robot25\images\0376.png,C:\Users\PC\Desktop\RGMC_2026\RGMC\RGMC\data\map\robot25\overlays\0376_overlay.png,C:\Users\PC\Desktop\RGMC_2026\RGMC\RGMC\data\map\robot25\masks\0376_mask.png
377,0.5975,0.34375,0.0,425.0922890103218,297.6842105263158,1,0.0,0.025580690248634,0.0492102085996982,1775905435.5418663,5,C:\Users\PC\Desktop\RGMC_2026\RGMC\RGMC\data\map\robot25\images\0377.png,C:\Users\PC\Desktop\RGMC_2026\RGMC\RGMC\data\map\robot25\overlays\0377_overlay.png,C:\Users\PC\Desktop\RGMC_2026\RGMC\RGMC\data\map\robot25\masks\0377_mask.png
378,0.56875,0.34375,0.0,425.3490338164251,285.227465214761,1,0.0,0.0100337890907417,0.0464352183310136,1775905448.5672576,5,C:\Users\PC\Desktop\RGMC_2026\RGMC\RGMC\data\map\robot25\images\0378.png,C:\Users\PC\Desktop\RGMC_2026\RGMC\RGMC\data\map\robot25\overlays\0378_overlay.png,C:\Users\PC\Desktop\RGMC_2026\RGMC\RGMC\data\map\robot25\masks\0378_mask.png
379,0.54,0.34375,0.0,425.5011737089202,271.79730521382544,1,0.0,0.0221555657088689,0.047225961160769,1775905461.3426373,5,C:\Users\PC\Desktop\RGMC_2026\RGMC\RGMC\data\map\robot25\images\0379.png,C:\Users\PC\Desktop\RGMC_2026\RGMC\RGMC\data\map\robot25\overlays\0379_overlay.png,C:\Users\PC\Desktop\RGMC_2026\RGMC\RGMC\data\map\robot25\masks\0379_mask.png
380,0.51125,0.34375,0.0,425.6200119118523,259.10357142857146,1,0.0,0.0405919699296024,0.0336306452954353,1775905474.4558964,5,C:\Users\PC\Desktop\RGMC_2026\RGMC\RGMC\data\map\robot25\images\0380.png,C:\Users\PC\Desktop\RGMC_2026\RGMC\RGMC\data\map\robot25\overlays\0380_overlay.png,C:\Users\PC\Desktop\RGMC_2026\RGMC\RGMC\data\map\robot25\masks\0380_mask.png
381,0.4825,0.34375,0.0,425.9575866188769,246.41816009557945,1,0.0,0.0255759076316827,0.0299123558643065,1775905487.365425,5,C:\Users\PC\Desktop\RGMC_2026\RGMC\RGMC\data\map\robot25\images\0381.png,C:\Users\PC\Desktop\RGMC_2026\RGMC\RGMC\data\map\robot25\overlays\0381_overlay.png,C:\Users\PC\Desktop\RGMC_2026\RGMC\RGMC\data\map\robot25\masks\0381_mask.png
382,0.45375,0.34375,0.0,425.86415320167566,234.09723889555823,1,0.0,0.0170803818063342,0.0807527308586752,1775905499.8764477,5,C:\Users\PC\Desktop\RGMC_2026\RGMC\RGMC\data\map\robot25\images\0382.png,C:\Users\PC\Desktop\RGMC_2026\RGMC\RGMC\data\map\robot25\overlays\0382_overlay.png,C:\Users\PC\Desktop\RGMC_2026\RGMC\RGMC\data\map\robot25\masks\0382_mask.png
383,0.425,0.34375,0.0,426.15450643776825,221.19091467157764,1,0.0,0.0239159876077565,0.0358197215592741,1775905512.962464,5,C:\Users\PC\Desktop\RGMC_2026\RGMC\RGMC\data\map\robot25\images\0383.png,C:\Users\PC\Desktop\RGMC_2026\RGMC\RGMC\data\map\robot25\overlays\0383_overlay.png,C:\Users\PC\Desktop\RGMC_2026\RGMC\RGMC\data\map\robot25\masks\0383_mask.png
384,0.39625,0.34375,0.0,427.590112640801,207.45460237946148,1,0.0,0.0265383321838345,0.0480204896573892,1775905525.8579433,5,C:\Users\PC\Desktop\RGMC_2026\RGMC\RGMC\data\map\robot25\images\0384.png,C:\Users\PC\Desktop\RGMC_2026\RGMC\RGMC\data\map\robot25\overlays\0384_overlay.png,C:\Users\PC\Desktop\RGMC_2026\RGMC\RGMC\data\map\robot25\masks\0384_mask.png
385,0.3675,0.34375,0.0,427.744215134459,194.99185463659148,1,0.0,0.0328443740754676,0.0359188282649495,1775905538.8575058,5,C:\Users\PC\Desktop\RGMC_2026\RGMC\RGMC\data\map\robot25\images\0385.png,C:\Users\PC\Desktop\RGMC_2026\RGMC\RGMC\data\map\robot25\overlays\0385_overlay.png,C:\Users\PC\Desktop\RGMC_2026\RGMC\RGMC\data\map\robot25\masks\0385_mask.png
386,0.33875,0.34375,0.0,427.89276649746193,182.56356736242884,1,0.0,0.0228011471063567,0.0309443460333312,1775905551.5802069,5,C:\Users\PC\Desktop\RGMC_2026\RGMC\RGMC\data\map\robot25\images\0386.png,C:\Users\PC\Desktop\RGMC_2026\RGMC\RGMC\data\map\robot25\overlays\0386_overlay.png,C:\Users\PC\Desktop\RGMC_2026\RGMC\RGMC\data\map\robot25\masks\0386_mask.png
387,0.31,0.34375,0.0,428.8798780487805,169.875,1,0.0,0.0323912141407044,0.0521886965107071,1775905564.4605794,5,C:\Users\PC\Desktop\RGMC_2026\RGMC\RGMC\data\map\robot25\images\0387.png,C:\Users\PC\Desktop\RGMC_2026\RGMC\RGMC\data\map\robot25\overlays\0387_overlay.png,C:\Users\PC\Desktop\RGMC_2026\RGMC\RGMC\data\map\robot25\masks\0387_mask.png
388,0.28125,0.34375,0.0,428.8838071693449,157.0210396039604,1,0.0,0.0312509719294586,0.4400929926358338,1775905576.908522,5,C:\Users\PC\Desktop\RGMC_2026\RGMC\RGMC\data\map\robot25\images\0388.png,C:\Users\PC\Desktop\RGMC_2026\RGMC\RGMC\data\map\robot25\overlays\0388_overlay.png,C:\Users\PC\Desktop\RGMC_2026\RGMC\RGMC\data\map\robot25\masks\0388_mask.png
389,0.2525,0.34375,0.0,429.0732153752288,143.98102815177478,1,0.0,0.037611727461965,0.0485716427144204,1775905587.5654068,5,C:\Users\PC\Desktop\RGMC_2026\RGMC\RGMC\data\map\robot25\images\0389.png,C:\Users\PC\Desktop\RGMC_2026\RGMC\RGMC\data\map\robot25\overlays\0389_overlay.png,C:\Users\PC\Desktop\RGMC_2026\RGMC\RGMC\data\map\robot25\masks\0389_mask.png
390,0.22375,0.34375,0.0,429.28836930455634,131.3740321620012,1,0.0,0.0115590074305659,0.0869142379488567,1775905598.1577098,5,C:\Users\PC\Desktop\RGMC_2026\RGMC\RGMC\data\map\robot25\images\0390.png,C:\Users\PC\Desktop\RGMC_2026\RGMC\RGMC\data\map\robot25\overlays\0390_overlay.png,C:\Users\PC\Desktop\RGMC_2026\RGMC\RGMC\data\map\robot25\masks\0390_mask.png
391,0.195,0.34375,0.0,429.5543159130945,118.82063305978896,1,0.0,0.0376276244723252,0.0723487035233918,1775905614.341384,5,C:\Users\PC\Desktop\RGMC_2026\RGMC\RGMC\data\map\robot25\images\0391.png,C:\Users\PC\Desktop\RGMC_2026\RGMC\RGMC\data\map\robot25\overlays\0391_overlay.png,C:\Users\PC\Desktop\RGMC_2026\RGMC\RGMC\data\map\robot25\masks\0391_mask.png
392,0.16625,0.34375,0.0,429.6692771084337,105.99096929560504,1,0.0,0.0371693268569825,0.0722459638215374,1775905625.4887114,5,C:\Users\PC\Desktop\RGMC_2026\RGMC\RGMC\data\map\robot25\images\0392.png,C:\Users\PC\Desktop\RGMC_2026\RGMC\RGMC\data\map\robot25\overlays\0392_overlay.png,C:\Users\PC\Desktop\RGMC_2026\RGMC\RGMC\data\map\robot25\masks\0392_mask.png
393,0.1375,0.34375,0.0,429.703596287703,93.07958687727825,1,0.0,0.019535591751993,0.2979097730477953,1775905636.6013565,5,C:\Users\PC\Desktop\RGMC_2026\RGMC\RGMC\data\map\robot25\images\0393.png,C:\Users\PC\Desktop\RGMC_2026\RGMC\RGMC\data\map\robot25\overlays\0393_overlay.png,C:\Users\PC\Desktop\RGMC_2026\RGMC\RGMC\data\map\robot25\masks\0393_mask.png
394,0.10875,0.34375,0.0,429.8298368298368,79.79312354312354,1,0.0,0.0336626243832383,0.0686987173097527,1775905648.0398076,5,C:\Users\PC\Desktop\RGMC_2026\RGMC\RGMC\data\map\robot25\images\0394.png,C:\Users\PC\Desktop\RGMC_2026\RGMC\RGMC\data\map\robot25\overlays\0394_overlay.png,C:\Users\PC\Desktop\RGMC_2026\RGMC\RGMC\data\map\robot25\masks\0394_mask.png
395,0.08,0.34375,0.0,429.9747851002865,67.64525298465037,1,0.0,0.0246134901755922,0.0157640329240031,1775905662.9638236,5,C:\Users\PC\Desktop\RGMC_2026\RGMC\RGMC\data\map\robot25\images\0395.png,C:\Users\PC\Desktop\RGMC_2026\RGMC\RGMC\data\map\robot25\overlays\0395_overlay.png,C:\Users\PC\Desktop\RGMC_2026\RGMC\RGMC\data\map\robot25\masks\0395_mask.png
396,0.08,0.375,0.0,417.06646884273,67.34937611408199,1,0.0,0.0194494508168333,0.0239765072938545,1775905676.1389527,5,C:\Users\PC\Desktop\RGMC_2026\RGMC\RGMC\data\map\robot25\images\0396.png,C:\Users\PC\Desktop\RGMC_2026\RGMC\RGMC\data\map\robot25\overlays\0396_overlay.png,C:\Users\PC\Desktop\RGMC_2026\RGMC\RGMC\data\map\robot25\masks\0396_mask.png
397,0.10875,0.375,0.0,416.24028690974296,79.66288105200239,1,0.0,0.0227896332381511,0.0294301820639732,1775905687.5348506,5,C:\Users\PC\Desktop\RGMC_2026\RGMC\RGMC\data\map\robot25\images\0397.png,C:\Users\PC\Desktop\RGMC_2026\RGMC\RGMC\data\map\robot25\overlays\0397_overlay.png,C:\Users\PC\Desktop\RGMC_2026\RGMC\RGMC\data\map\robot25\masks\0397_mask.png
398,0.1375,0.375,0.0,416.111243307555,92.29720071471114,1,0.0,0.0836062662589955,0.0638162656477993,1775905698.622135,5,C:\Users\PC\Desktop\RGMC_2026\RGMC\RGMC\data\map\robot25\images\0398.png,C:\Users\PC\Desktop\RGMC_2026\RGMC\RGMC\data\map\robot25\overlays\0398_overlay.png,C:\Users\PC\Desktop\RGMC_2026\RGMC\RGMC\data\map\robot25\masks\0398_mask.png
399,0.16625,0.375,0.0,415.5511811023622,105.10781344639612,1,0.0,0.0387201533499836,0.0738887403228305,1775905710.0358255,5,C:\Users\PC\Desktop\RGMC_2026\RGMC\RGMC\data\map\robot25\images\0399.png,C:\Users\PC\Desktop\RGMC_2026\RGMC\RGMC\data\map\robot25\overlays\0399_overlay.png,C:\Users\PC\Desktop\RGMC_2026\RGMC\RGMC\data\map\robot25\masks\0399_mask.png
400,0.195,0.375,0.0,415.3993769470405,118.52568922305764,1,0.0,0.0172029718219974,0.0503996379959723,1775905721.7628734,5,C:\Users\PC\Desktop\RGMC_2026\RGMC\RGMC\data\map\robot25\images\0400.png,C:\Users\PC\Desktop\RGMC_2026\RGMC\RGMC\data\map\robot25\overlays\0400_overlay.png,C:\Users\PC\Desktop\RGMC_2026\RGMC\RGMC\data\map\robot25\masks\0400_mask.png
401,0.22375,0.375,0.0,415.4007561436673,131.1216300940439,1,0.0,0.020750467191329,0.0844272680450305,1775905732.6473787,5,C:\Users\PC\Desktop\RGMC_2026\RGMC\RGMC\data\map\robot25\images\0401.png,C:\Users\PC\Desktop\RGMC_2026\RGMC\RGMC\data\map\robot25\overlays\0401_overlay.png,C:\Users\PC\Desktop\RGMC_2026\RGMC\RGMC\data\map\robot25\masks\0401_mask.png
402,0.2525,0.375,0.0,414.1219366407651,143.67782426778243,1,0.0,0.0258419916404232,0.0681658971768386,1775905743.824925,5,C:\Users\PC\Desktop\RGMC_2026\RGMC\RGMC\data\map\robot25\images\0402.png,C:\Users\PC\Desktop\RGMC_2026\RGMC\RGMC\data\map\robot25\overlays\0402_overlay.png,C:\Users\PC\Desktop\RGMC_2026\RGMC\RGMC\data\map\robot25\masks\0402_mask.png
403,0.28125,0.375,0.0,415.1899752475247,156.1243811881188,1,0.0,0.4708334109589689,0.0605407627562992,1775905755.9840643,5,C:\Users\PC\Desktop\RGMC_2026\RGMC\RGMC\data\map\robot25\images\0403.png,C:\Users\PC\Desktop\RGMC_2026\RGMC\RGMC\data\map\robot25\overlays\0403_overlay.png,C:\Users\PC\Desktop\RGMC_2026\RGMC\RGMC\data\map\robot25\masks\0403_mask.png
404,0.31,0.375,0.0,413.940704138357,169.36402966625462,1,0.0,0.0262731962800185,0.0329367412931234,1775905766.9362686,5,C:\Users\PC\Desktop\RGMC_2026\RGMC\RGMC\data\map\robot25\images\0404.png,C:\Users\PC\Desktop\RGMC_2026\RGMC\RGMC\data\map\robot25\overlays\0404_overlay.png,C:\Users\PC\Desktop\RGMC_2026\RGMC\RGMC\data\map\robot25\masks\0404_mask.png
405,0.33875,0.375,0.0,413.8906906906907,182.1802290536468,1,0.0,0.0241041053648528,0.0495619955392742,1775905777.9450295,5,C:\Users\PC\Desktop\RGMC_2026\RGMC\RGMC\data\map\robot25\images\0405.png,C:\Users\PC\Desktop\RGMC_2026\RGMC\RGMC\data\map\robot25\overlays\0405_overlay.png,C:\Users\PC\Desktop\RGMC_2026\RGMC\RGMC\data\map\robot25\masks\0405_mask.png
406,0.3675,0.375,0.0,413.714200477327,194.7833133253301,1,0.0,0.0124372508813997,0.0541892223096197,1775905788.876762,5,C:\Users\PC\Desktop\RGMC_2026\RGMC\RGMC\data\map\robot25\images\0406.png,C:\Users\PC\Desktop\RGMC_2026\RGMC\RGMC\data\map\robot25\overlays\0406_overlay.png,C:\Users\PC\Desktop\RGMC_2026\RGMC\RGMC\data\map\robot25\masks\0406_mask.png
407,0.39625,0.375,0.0,413.5857740585774,207.35765550239236,1,0.0,0.0132640527451849,0.0313997246386408,1775905799.4654536,5,C:\Users\PC\Desktop\RGMC_2026\RGMC\RGMC\data\map\robot25\images\0407.png,C:\Users\PC\Desktop\RGMC_2026\RGMC\RGMC\data\map\robot25\overlays\0407_overlay.png,C:\Users\PC\Desktop\RGMC_2026\RGMC\RGMC\data\map\robot25\masks\0407_mask.png
408,0.425,0.375,0.0,413.2089460784314,221.13541666666663,1,0.0,0.042339903166243,0.0295212037526247,1775905810.5208733,5,C:\Users\PC\Desktop\RGMC_2026\RGMC\RGMC\data\map\robot25\images\0408.png,C:\Users\PC\Desktop\RGMC_2026\RGMC\RGMC\data\map\robot25\overlays\0408_overlay.png,C:\Users\PC\Desktop\RGMC_2026\RGMC\RGMC\data\map\robot25\masks\0408_mask.png
409,0.45375,0.375,0.0,413.15569230769233,233.17683302526183,1,0.0,0.0144674288582703,0.0375617762795109,1775905821.1073864,5,C:\Users\PC\Desktop\RGMC_2026\RGMC\RGMC\data\map\robot25\images\0409.png,C:\Users\PC\Desktop\RGMC_2026\RGMC\RGMC\data\map\robot25\overlays\0409_overlay.png,C:\Users\PC\Desktop\RGMC_2026\RGMC\RGMC\data\map\robot25\masks\0409_mask.png
410,0.4825,0.375,0.0,412.68914776210914,246.31174603174605,1,0.0,0.389777674703933,0.0926301708082389,1775905831.8527696,5,C:\Users\PC\Desktop\RGMC_2026\RGMC\RGMC\data\map\robot25\images\0410.png,C:\Users\PC\Desktop\RGMC_2026\RGMC\RGMC\data\map\robot25\overlays\0410_overlay.png,C:\Users\PC\Desktop\RGMC_2026\RGMC\RGMC\data\map\robot25\masks\0410_mask.png
411,0.51125,0.375,0.0,412.49848942598186,258.6031457955233,1,0.0,0.0308460294755446,0.0393696102797241,1775905842.5768075,5,C:\Users\PC\Desktop\RGMC_2026\RGMC\RGMC\data\map\robot25\images\0411.png,C:\Users\PC\Desktop\RGMC_2026\RGMC\RGMC\data\map\robot25\overlays\0411_overlay.png,C:\Users\PC\Desktop\RGMC_2026\RGMC\RGMC\data\map\robot25\masks\0411_mask.png
412,0.54,0.375,0.0,411.6537013801757,271.14680050188207,1,0.0,0.0282351694670714,0.0349585268950187,1775905853.1984572,5,C:\Users\PC\Desktop\RGMC_2026\RGMC\RGMC\data\map\robot25\images\0412.png,C:\Users\PC\Desktop\RGMC_2026\RGMC\RGMC\data\map\robot25\overlays\0412_overlay.png,C:\Users\PC\Desktop\RGMC_2026\RGMC\RGMC\data\map\robot25\masks\0412_mask.png
413,0.56875,0.375,0.0,410.01940035273367,283.84077555816685,1,0.0,0.0439854612009469,0.0471623205057047,1775905863.8207836,5,C:\Users\PC\Desktop\RGMC_2026\RGMC\RGMC\data\map\robot25\images\0413.png,C:\Users\PC\Desktop\RGMC_2026\RGMC\RGMC\data\map\robot25\overlays\0413_overlay.png,C:\Users\PC\Desktop\RGMC_2026\RGMC\RGMC\data\map\robot25\masks\0413_mask.png
414,0.5975,0.375,0.0,409.9854897218863,297.1906193625977,1,0.0,0.0289379260476292,0.3243897500949743,1775905874.5972085,5,C:\Users\PC\Desktop\RGMC_2026\RGMC\RGMC\data\map\robot25\images\0414.png,C:\Users\PC\Desktop\RGMC_2026\RGMC\RGMC\data\map\robot25\overlays\0414_overlay.png,C:\Users\PC\Desktop\RGMC_2026\RGMC\RGMC\data\map\robot25\masks\0414_mask.png
415,0.62625,0.375,0.0,409.6640903686088,310.00951814396194,1,0.0,0.0414608196515456,0.0395019282639122,1775905885.389896,5,C:\Users\PC\Desktop\RGMC_2026\RGMC\RGMC\data\map\robot25\images\0415.png,C:\Users\PC\Desktop\RGMC_2026\RGMC\RGMC\data\map\robot25\overlays\0415_overlay.png,C:\Users\PC\Desktop\RGMC_2026\RGMC\RGMC\data\map\robot25\masks\0415_mask.png
416,0.655,0.375,0.0,409.6312981624185,322.6170717249556,1,0.0,0.0141483959959577,0.0042022659969942,1775905896.4548912,5,C:\Users\PC\Desktop\RGMC_2026\RGMC\RGMC\data\map\robot25\images\0416.png,C:\Users\PC\Desktop\RGMC_2026\RGMC\RGMC\data\map\robot25\overlays\0416_overlay.png,C:\Users\PC\Desktop\RGMC_2026\RGMC\RGMC\data\map\robot25\masks\0416_mask.png
417,0.68375,0.375,0.0,409.4183733177297,335.01462843768286,1,0.0,0.0518331195788381,0.0336589079962762,1775905907.1687543,5,C:\Users\PC\Desktop\RGMC_2026\RGMC\RGMC\data\map\robot25\images\0417.png,C:\Users\PC\Desktop\RGMC_2026\RGMC\RGMC\data\map\robot25\overlays\0417_overlay.png,C:\Users\PC\Desktop\RGMC_2026\RGMC\RGMC\data\map\robot25\masks\0417_mask.png
418,0.7125,0.375,0.0,409.10996978851966,347.57160120845924,1,0.0,0.0163671579829824,0.0344907556759571,1775905917.9486413,5,C:\Users\PC\Desktop\RGMC_2026\RGMC\RGMC\data\map\robot25\images\0418.png,C:\Users\PC\Desktop\RGMC_2026\RGMC\RGMC\data\map\robot25\overlays\0418_overlay.png,C:\Users\PC\Desktop\RGMC_2026\RGMC\RGMC\data\map\robot25\masks\0418_mask.png
419,0.74125,0.375,0.0,409.1425046267736,360.8019740900679,1,0.0,0.0403751206746164,0.0237729799894678,1775905928.7756062,5,C:\Users\PC\Desktop\RGMC_2026\RGMC\RGMC\data\map\robot25\images\0419.png,C:\Users\PC\Desktop\RGMC_2026\RGMC\RGMC\data\map\robot25\overlays\0419_overlay.png,C:\Users\PC\Desktop\RGMC_2026\RGMC\RGMC\data\map\robot25\masks\0419_mask.png
420,0.77,0.375,0.0,409.24847374847377,373.2686658506732,1,0.0,0.0173495025378271,0.0242051464557309,1775905939.4590852,5,C:\Users\PC\Desktop\RGMC_2026\RGMC\RGMC\data\map\robot25\images\0420.png,C:\Users\PC\Desktop\RGMC_2026\RGMC\RGMC\data\map\robot25\overlays\0420_overlay.png,C:\Users\PC\Desktop\RGMC_2026\RGMC\RGMC\data\map\robot25\masks\0420_mask.png
421,0.79875,0.375,0.0,409.1289537712896,385.93272171253824,1,0.0,0.0313303714767792,0.0702618510412307,1775905950.7951803,5,C:\Users\PC\Desktop\RGMC_2026\RGMC\RGMC\data\map\robot25\images\0421.png,C:\Users\PC\Desktop\RGMC_2026\RGMC\RGMC\data\map\robot25\overlays\0421_overlay.png,C:\Users\PC\Desktop\RGMC_2026\RGMC\RGMC\data\map\robot25\masks\0421_mask.png
422,0.8275,0.375,0.0,409.1130952380952,398.7916666666667,1,0.0,0.0427098211442677,0.0470338869399811,1775905961.482335,5,C:\Users\PC\Desktop\RGMC_2026\RGMC\RGMC\data\map\robot25\images\0422.png,C:\Users\PC\Desktop\RGMC_2026\RGMC\RGMC\data\map\robot25\overlays\0422_overlay.png,C:\Users\PC\Desktop\RGMC_2026\RGMC\RGMC\data\map\robot25\masks\0422_mask.png
423,0.85625,0.375,0.0,408.72222222222223,411.80591715976334,1,0.0,0.0350585404769576,0.0299123954863289,1775905972.2383368,5,C:\Users\PC\Desktop\RGMC_2026\RGMC\RGMC\data\map\robot25\images\0423.png,C:\Users\PC\Desktop\RGMC_2026\RGMC\RGMC\data\map\robot25\overlays\0423_overlay.png,C:\Users\PC\Desktop\RGMC_2026\RGMC\RGMC\data\map\robot25\masks\0423_mask.png
424,0.885,0.375,0.0,408.546290619252,424.7966932026944,1,0.0,0.1037712909292649,0.0262445283533861,1775905982.8363817,5,C:\Users\PC\Desktop\RGMC_2026\RGMC\RGMC\data\map\robot25\images\0424.png,C:\Users\PC\Desktop\RGMC_2026\RGMC\RGMC\data\map\robot25\overlays\0424_overlay.png,C:\Users\PC\Desktop\RGMC_2026\RGMC\RGMC\data\map\robot25\masks\0424_mask.png
425,0.91375,0.375,0.0,406.9157043879908,437.2805089647195,1,0.0,0.04950678610707,0.0319007204084109,1775905993.733355,5,C:\Users\PC\Desktop\RGMC_2026\RGMC\RGMC\data\map\robot25\images\0425.png,C:\Users\PC\Desktop\RGMC_2026\RGMC\RGMC\data\map\robot25\overlays\0425_overlay.png,C:\Users\PC\Desktop\RGMC_2026\RGMC\RGMC\data\map\robot25\masks\0425_mask.png
426,0.9425,0.375,0.0,406.39905548996455,450.211334120425,1,0.0,0.0066487829810851,0.017841482162182,1775906004.6937823,5,C:\Users\PC\Desktop\RGMC_2026\RGMC\RGMC\data\map\robot25\images\0426.png,C:\Users\PC\Desktop\RGMC_2026\RGMC\RGMC\data\map\robot25\overlays\0426_overlay.png,C:\Users\PC\Desktop\RGMC_2026\RGMC\RGMC\data\map\robot25\masks\0426_mask.png
427,0.97125,0.375,0.0,405.7614442295293,459.9123146357189,1,0.0,0.0150101233591496,0.0704743704633129,1775906015.9067557,5,C:\Users\PC\Desktop\RGMC_2026\RGMC\RGMC\data\map\robot25\images\0427.png,C:\Users\PC\Desktop\RGMC_2026\RGMC\RGMC\data\map\robot25\overlays\0427_overlay.png,C:\Users\PC\Desktop\RGMC_2026\RGMC\RGMC\data\map\robot25\masks\0427_mask.png
430,0.97125,0.40625,0.0,392.1015479876161,460.17883663366337,1,0.0,0.0499562589816663,0.0679426837246733,1775906048.5698872,5,C:\Users\PC\Desktop\RGMC_2026\RGMC\RGMC\data\map\robot25\images\0430.png,C:\Users\PC\Desktop\RGMC_2026\RGMC\RGMC\data\map\robot25\overlays\0430_overlay.png,C:\Users\PC\Desktop\RGMC_2026\RGMC\RGMC\data\map\robot25\masks\0430_mask.png
431,0.9425,0.40625,0.0,393.3943990665111,450.34597432905485,1,0.0,0.0140108757551099,0.0455394975446784,1775906059.4414425,5,C:\Users\PC\Desktop\RGMC_2026\RGMC\RGMC\data\map\robot25\images\0431.png,C:\Users\PC\Desktop\RGMC_2026\RGMC\RGMC\data\map\robot25\overlays\0431_overlay.png,C:\Users\PC\Desktop\RGMC_2026\RGMC\RGMC\data\map\robot25\masks\0431_mask.png
432,0.91375,0.40625,0.0,393.2730024213075,437.4900181488204,1,0.0,0.0253247380968845,0.0910820715307502,1775906070.362475,5,C:\Users\PC\Desktop\RGMC_2026\RGMC\RGMC\data\map\robot25\images\0432.png,C:\Users\PC\Desktop\RGMC_2026\RGMC\RGMC\data\map\robot25\overlays\0432_overlay.png,C:\Users\PC\Desktop\RGMC_2026\RGMC\RGMC\data\map\robot25\masks\0432_mask.png
433,0.885,0.40625,0.0,393.6864864864865,425.0612612612613,1,0.0,0.0255872124771752,0.1921842283975365,1775906080.950516,5,C:\Users\PC\Desktop\RGMC_2026\RGMC\RGMC\data\map\robot25\images\0433.png,C:\Users\PC\Desktop\RGMC_2026\RGMC\RGMC\data\map\robot25\overlays\0433_overlay.png,C:\Users\PC\Desktop\RGMC_2026\RGMC\RGMC\data\map\robot25\masks\0433_mask.png
434,0.85625,0.40625,0.0,393.9419014084507,411.7527826596368,1,0.0,0.0356453423290805,0.0270841654252952,1775906091.9070294,5,C:\Users\PC\Desktop\RGMC_2026\RGMC\RGMC\data\map\robot25\images\0434.png,C:\Users\PC\Desktop\RGMC_2026\RGMC\RGMC\data\map\robot25\overlays\0434_overlay.png,C:\Users\PC\Desktop\RGMC_2026\RGMC\RGMC\data\map\robot25\masks\0434_mask.png
435,0.8275,0.40625,0.0,393.9922894424674,399.0082742316785,1,0.0,0.0369809648403307,0.0338224561623172,1775906102.4364295,5,C:\Users\PC\Desktop\RGMC_2026\RGMC\RGMC\data\map\robot25\images\0435.png,C:\Users\PC\Desktop\RGMC_2026\RGMC\RGMC\data\map\robot25\overlays\0435_overlay.png,C:\Users\PC\Desktop\RGMC_2026\RGMC\RGMC\data\map\robot25\masks\0435_mask.png
436,0.79875,0.40625,0.0,394.3064516129032,386.2797369994023,1,0.0,0.0272003498185734,0.0261636196981549,1775906112.987112,5,C:\Users\PC\Desktop\RGMC_2026\RGMC\RGMC\data\map\robot25\images\0436.png,C:\Users\PC\Desktop\RGMC_2026\RGMC\RGMC\data\map\robot25\overlays\0436_overlay.png,C:\Users\PC\Desktop\RGMC_2026\RGMC\RGMC\data\map\robot25\masks\0436_mask.png
437,0.77,0.40625,0.0,394.373269114991,373.5493042952208,1,0.0,0.0413828459145434,0.0680296952107548,1775906123.7996871,5,C:\Users\PC\Desktop\RGMC_2026\RGMC\RGMC\data\map\robot25\images\0437.png,C:\Users\PC\Desktop\RGMC_2026\RGMC\RGMC\data\map\robot25\overlays\0437_overlay.png,C:\Users\PC\Desktop\RGMC_2026\RGMC\RGMC\data\map\robot25\masks\0437_mask.png
438,0.74125,0.40625,0.0,394.4099264705882,360.6782874617737,1,0.0,0.0338003762170577,0.0190764974912392,1775906134.4715636,5,C:\Users\PC\Desktop\RGMC_2026\RGMC\RGMC\data\map\robot25\images\0438.png,C:\Users\PC\Desktop\RGMC_2026\RGMC\RGMC\data\map\robot25\overlays\0438_overlay.png,C:\Users\PC\Desktop\RGMC_2026\RGMC\RGMC\data\map\robot25\masks\0438_mask.png
439,0.7125,0.40625,0.0,394.56154747948415,347.82022471910113,1,0.0,0.3125248876860784,0.0293821022150546,1775906146.3862534,5,C:\Users\PC\Desktop\RGMC_2026\RGMC\RGMC\data\map\robot25\images\0439.png,C:\Users\PC\Desktop\RGMC_2026\RGMC\RGMC\data\map\robot25\overlays\0439_overlay.png,C:\Users\PC\Desktop\RGMC_2026\RGMC\RGMC\data\map\robot25\masks\0439_mask.png
440,0.68375,0.40625,0.0,395.4047350620068,335.17478005865104,1,0.0,0.4294651727807196,0.0566231975756721,1775906157.221142,5,C:\Users\PC\Desktop\RGMC_2026\RGMC\RGMC\data\map\robot25\images\0440.png,C:\Users\PC\Desktop\RGMC_2026\RGMC\RGMC\data\map\robot25\overlays\0440_overlay.png,C:\Users\PC\Desktop\RGMC_2026\RGMC\RGMC\data\map\robot25\masks\0440_mask.png
441,0.655,0.40625,0.0,395.912693498452,322.9795792079208,1,0.0,0.034156548388257,0.0893986291546121,1775906167.7756667,5,C:\Users\PC\Desktop\RGMC_2026\RGMC\RGMC\data\map\robot25\images\0441.png,C:\Users\PC\Desktop\RGMC_2026\RGMC\RGMC\data\map\robot25\overlays\0441_overlay.png,C:\Users\PC\Desktop\RGMC_2026\RGMC\RGMC\data\map\robot25\masks\0441_mask.png
442,0.62625,0.40625,0.0,395.8479899497488,310.2765446910618,1,0.0,0.48888312874447,0.0641065926102461,1775906178.6596875,5,C:\Users\PC\Desktop\RGMC_2026\RGMC\RGMC\data\map\robot25\images\0442.png,C:\Users\PC\Desktop\RGMC_2026\RGMC\RGMC\data\map\robot25\overlays\0442_overlay.png,C:\Users\PC\Desktop\RGMC_2026\RGMC\RGMC\data\map\robot25\masks\0442_mask.png
443,0.5975,0.40625,0.0,397.1730769230769,297.14640198511165,1,0.0,0.0150848472627074,0.1064317739092921,1775906189.4830348,5,C:\Users\PC\Desktop\RGMC_2026\RGMC\RGMC\data\map\robot25\images\0443.png,C:\Users\PC\Desktop\RGMC_2026\RGMC\RGMC\data\map\robot25\overlays\0443_overlay.png,C:\Users\PC\Desktop\RGMC_2026\RGMC\RGMC\data\map\robot25\masks\0443_mask.png
444,0.56875,0.40625,0.0,397.2620353443023,285.07434491163923,1,0.0,0.0422775398050146,0.0442346923195729,1775906200.0633593,5,C:\Users\PC\Desktop\RGMC_2026\RGMC\RGMC\data\map\robot25\images\0444.png,C:\Users\PC\Desktop\RGMC_2026\RGMC\RGMC\data\map\robot25\overlays\0444_overlay.png,C:\Users\PC\Desktop\RGMC_2026\RGMC\RGMC\data\map\robot25\masks\0444_mask.png
445,0.54,0.40625,0.0,397.3975757575757,271.49939393939394,1,0.0,0.0169606964712691,0.0530922498520541,1775906210.9292867,5,C:\Users\PC\Desktop\RGMC_2026\RGMC\RGMC\data\map\robot25\images\0445.png,C:\Users\PC\Desktop\RGMC_2026\RGMC\RGMC\data\map\robot25\overlays\0445_overlay.png,C:\Users\PC\Desktop\RGMC_2026\RGMC\RGMC\data\map\robot25\masks\0445_mask.png
446,0.51125,0.40625,0.0,397.7042591481704,258.7084583083383,1,0.0,0.0147549285219482,0.0264801774077915,1775906221.5296547,5,C:\Users\PC\Desktop\RGMC_2026\RGMC\RGMC\data\map\robot25\images\0446.png,C:\Users\PC\Desktop\RGMC_2026\RGMC\RGMC\data\map\robot25\overlays\0446_overlay.png,C:\Users\PC\Desktop\RGMC_2026\RGMC\RGMC\data\map\robot25\masks\0446_mask.png
447,0.4825,0.40625,0.0,397.88355342136856,246.49550089982003,1,0.0,0.031766796012113,0.0352387962661582,1775906232.3551073,5,C:\Users\PC\Desktop\RGMC_2026\RGMC\RGMC\data\map\robot25\images\0447.png,C:\Users\PC\Desktop\RGMC_2026\RGMC\RGMC\data\map\robot25\overlays\0447_overlay.png,C:\Users\PC\Desktop\RGMC_2026\RGMC\RGMC\data\map\robot25\masks\0447_mask.png
448,0.45375,0.40625,0.0,399.168284789644,233.5688429217841,1,0.0,0.0386108899794326,0.0583683458938336,1775906243.3438046,5,C:\Users\PC\Desktop\RGMC_2026\RGMC\RGMC\data\map\robot25\images\0448.png,C:\Users\PC\Desktop\RGMC_2026\RGMC\RGMC\data\map\robot25\overlays\0448_overlay.png,C:\Users\PC\Desktop\RGMC_2026\RGMC\RGMC\data\map\robot25\masks\0448_mask.png
449,0.425,0.40625,0.0,399.359056122449,221.17283163265307,1,0.0,0.0187879996295648,0.02082218029668,1775906254.1227298,5,C:\Users\PC\Desktop\RGMC_2026\RGMC\RGMC\data\map\robot25\images\0449.png,C:\Users\PC\Desktop\RGMC_2026\RGMC\RGMC\data\map\robot25\overlays\0449_overlay.png,C:\Users\PC\Desktop\RGMC_2026\RGMC\RGMC\data\map\robot25\masks\0449_mask.png
450,0.39625,0.40625,0.0,400.1515520389531,207.6265206812652,1,0.0,0.2604647337866604,0.0253994145833601,1775906265.131416,5,C:\Users\PC\Desktop\RGMC_2026\RGMC\RGMC\data\map\robot25\images\0450.png,C:\Users\PC\Desktop\RGMC_2026\RGMC\RGMC\data\map\robot25\overlays\0450_overlay.png,C:\Users\PC\Desktop\RGMC_2026\RGMC\RGMC\data\map\robot25\masks\0450_mask.png
451,0.3675,0.40625,0.0,400.4649877149877,195.04075425790757,1,0.0,0.0570224758736427,0.0779492445895579,1775906276.1356664,5,C:\Users\PC\Desktop\RGMC_2026\RGMC\RGMC\data\map\robot25\images\0451.png,C:\Users\PC\Desktop\RGMC_2026\RGMC\RGMC\data\map\robot25\overlays\0451_overlay.png,C:\Users\PC\Desktop\RGMC_2026\RGMC\RGMC\data\map\robot25\masks\0451_mask.png
452,0.33875,0.40625,0.0,400.6686746987952,182.6246228123114,1,0.0,0.0338283500943825,0.0577005784925363,1775906287.0160742,5,C:\Users\PC\Desktop\RGMC_2026\RGMC\RGMC\data\map\robot25\images\0452.png,C:\Users\PC\Desktop\RGMC_2026\RGMC\RGMC\data\map\robot25\overlays\0452_overlay.png,C:\Users\PC\Desktop\RGMC_2026\RGMC\RGMC\data\map\robot25\masks\0452_mask.png
453,0.31,0.40625,0.0,400.7740945365255,170.1146535867566,1,0.0,0.0380787593919762,0.0436626078675723,1775906298.0155487,5,C:\Users\PC\Desktop\RGMC_2026\RGMC\RGMC\data\map\robot25\images\0453.png,C:\Users\PC\Desktop\RGMC_2026\RGMC\RGMC\data\map\robot25\overlays\0453_overlay.png,C:\Users\PC\Desktop\RGMC_2026\RGMC\RGMC\data\map\robot25\masks\0453_mask.png
454,0.28125,0.40625,0.0,401.1635027556644,157.27835683629675,1,0.0,0.0572248858807044,0.4249939332773739,1775906308.8947372,5,C:\Users\PC\Desktop\RGMC_2026\RGMC\RGMC\data\map\robot25\images\0454.png,C:\Users\PC\Desktop\RGMC_2026\RGMC\RGMC\data\map\robot25\overlays\0454_overlay.png,C:\Users\PC\Desktop\RGMC_2026\RGMC\RGMC\data\map\robot25\masks\0454_mask.png
455,0.2525,0.40625,0.0,401.2660714285714,143.98630952380952,1,0.0,0.0227144341519461,0.0456763877946968,1775906319.589849,5,C:\Users\PC\Desktop\RGMC_2026\RGMC\RGMC\data\map\robot25\images\0455.png,C:\Users\PC\Desktop\RGMC_2026\RGMC\RGMC\data\map\robot25\overlays\0455_overlay.png,C:\Users\PC\Desktop\RGMC_2026\RGMC\RGMC\data\map\robot25\masks\0455_mask.png
456,0.22375,0.40625,0.0,401.5951393005335,131.3479549496147,1,0.0,0.0332628970897832,0.0437148101583301,1775906330.5483696,5,C:\Users\PC\Desktop\RGMC_2026\RGMC\RGMC\data\map\robot25\images\0456.png,C:\Users\PC\Desktop\RGMC_2026\RGMC\RGMC\data\map\robot25\overlays\0456_overlay.png,C:\Users\PC\Desktop\RGMC_2026\RGMC\RGMC\data\map\robot25\masks\0456_mask.png
457,0.195,0.40625,0.0,401.58479532163744,118.640350877193,1,0.0,0.0274050833132202,0.0889718878368831,1775906341.4606736,5,C:\Users\PC\Desktop\RGMC_2026\RGMC\RGMC\data\map\robot25\images\0457.png,C:\Users\PC\Desktop\RGMC_2026\RGMC\RGMC\data\map\robot25\overlays\0457_overlay.png,C:\Users\PC\Desktop\RGMC_2026\RGMC\RGMC\data\map\robot25\masks\0457_mask.png
458,0.16625,0.40625,0.0,401.7714624037892,106.19005328596803,1,0.0,0.0270906839087984,0.1089752307819422,1775906352.165955,5,C:\Users\PC\Desktop\RGMC_2026\RGMC\RGMC\data\map\robot25\images\0458.png,C:\Users\PC\Desktop\RGMC_2026\RGMC\RGMC\data\map\robot25\overlays\0458_overlay.png,C:\Users\PC\Desktop\RGMC_2026\RGMC\RGMC\data\map\robot25\masks\0458_mask.png
459,0.1375,0.40625,0.0,401.70485096434834,93.373125374925,1,0.0,0.0218789661440586,0.407315057959608,1775906362.9489288,5,C:\Users\PC\Desktop\RGMC_2026\RGMC\RGMC\data\map\robot25\images\0459.png,C:\Users\PC\Desktop\RGMC_2026\RGMC\RGMC\data\map\robot25\overlays\0459_overlay.png,C:\Users\PC\Desktop\RGMC_2026\RGMC\RGMC\data\map\robot25\masks\0459_mask.png
460,0.10875,0.40625,0.0,401.7796317606444,79.88895281933257,1,0.0,0.0339625491598693,0.0537778353938554,1775906373.512086,5,C:\Users\PC\Desktop\RGMC_2026\RGMC\RGMC\data\map\robot25\images\0460.png,C:\Users\PC\Desktop\RGMC_2026\RGMC\RGMC\data\map\robot25\overlays\0460_overlay.png,C:\Users\PC\Desktop\RGMC_2026\RGMC\RGMC\data\map\robot25\masks\0460_mask.png
461,0.08,0.40625,0.0,402.1255084253341,67.29924021040327,1,0.0,0.4904757097968404,0.0427479979925509,1775906384.1764915,5,C:\Users\PC\Desktop\RGMC_2026\RGMC\RGMC\data\map\robot25\images\0461.png,C:\Users\PC\Desktop\RGMC_2026\RGMC\RGMC\data\map\robot25\overlays\0461_overlay.png,C:\Users\PC\Desktop\RGMC_2026\RGMC\RGMC\data\map\robot25\masks\0461_mask.png
462,0.08,0.4375,0.0,389.1796785304248,67.13544668587896,1,0.0,0.0307228964844473,0.0255348611539281,1775906396.827453,5,C:\Users\PC\Desktop\RGMC_2026\RGMC\RGMC\data\map\robot25\images\0462.png,C:\Users\PC\Desktop\RGMC_2026\RGMC\RGMC\data\map\robot25\overlays\0462_overlay.png,C:\Users\PC\Desktop\RGMC_2026\RGMC\RGMC\data\map\robot25\masks\0462_mask.png
463,0.10875,0.4375,0.0,388.7944572748268,79.2150289017341,1,0.0,0.0234000340226205,0.067784254401743,1775906407.8318486,5,C:\Users\PC\Desktop\RGMC_2026\RGMC\RGMC\data\map\robot25\images\0463.png,C:\Users\PC\Desktop\RGMC_2026\RGMC\RGMC\data\map\robot25\overlays\0463_overlay.png,C:\Users\PC\Desktop\RGMC_2026\RGMC\RGMC\data\map\robot25\masks\0463_mask.png
464,0.1375,0.4375,0.0,388.8324727481354,92.06777713957496,1,0.0,0.0189461921653262,0.0174157115025481,1775906418.5679038,5,C:\Users\PC\Desktop\RGMC_2026\RGMC\RGMC\data\map\robot25\images\0464.png,C:\Users\PC\Desktop\RGMC_2026\RGMC\RGMC\data\map\robot25\overlays\0464_overlay.png,C:\Users\PC\Desktop\RGMC_2026\RGMC\RGMC\data\map\robot25\masks\0464_mask.png
465,0.16625,0.4375,0.0,388.70344827586206,104.42117376294593,1,0.0,0.0340961838034708,0.0582487318648459,1775906429.566144,5,C:\Users\PC\Desktop\RGMC_2026\RGMC\RGMC\data\map\robot25\images\0465.png,C:\Users\PC\Desktop\RGMC_2026\RGMC\RGMC\data\map\robot25\overlays\0465_overlay.png,C:\Users\PC\Desktop\RGMC_2026\RGMC\RGMC\data\map\robot25\masks\0465_mask.png
466,0.195,0.4375,0.0,387.4941044357103,118.01062639821028,1,0.0,0.0302619026428201,0.0590563370657731,1775906440.301715,5,C:\Users\PC\Desktop\RGMC_2026\RGMC\RGMC\data\map\robot25\images\0466.png,C:\Users\PC\Desktop\RGMC_2026\RGMC\RGMC\data\map\robot25\overlays\0466_overlay.png,C:\Users\PC\Desktop\RGMC_2026\RGMC\RGMC\data\map\robot25\masks\0466_mask.png
467,0.22375,0.4375,0.0,388.36314847942754,130.9839094159714,1,0.0,0.040116366098637,0.0460834019827254,1775906451.0982084,5,C:\Users\PC\Desktop\RGMC_2026\RGMC\RGMC\data\map\robot25\images\0467.png,C:\Users\PC\Desktop\RGMC_2026\RGMC\RGMC\data\map\robot25\overlays\0467_overlay.png,C:\Users\PC\Desktop\RGMC_2026\RGMC\RGMC\data\map\robot25\masks\0467_mask.png
468,0.2525,0.4375,0.0,387.2251407129456,143.7775,1,0.0,0.0254149303295224,0.0351592939164825,1775906461.923935,5,C:\Users\PC\Desktop\RGMC_2026\RGMC\RGMC\data\map\robot25\images\0468.png,C:\Users\PC\Desktop\RGMC_2026\RGMC\RGMC\data\map\robot25\overlays\0468_overlay.png,C:\Users\PC\Desktop\RGMC_2026\RGMC\RGMC\data\map\robot25\masks\0468_mask.png
469,0.28125,0.4375,0.0,386.0638805970149,156.44768133174793,1,0.0,0.013033208030079,0.0614279091013495,1775906472.6250384,5,C:\Users\PC\Desktop\RGMC_2026\RGMC\RGMC\data\map\robot25\images\0469.png,C:\Users\PC\Desktop\RGMC_2026\RGMC\RGMC\data\map\robot25\overlays\0469_overlay.png,C:\Users\PC\Desktop\RGMC_2026\RGMC\RGMC\data\map\robot25\masks\0469_mask.png
470,0.31,0.4375,0.0,385.7234042553192,169.77311435523114,1,0.0,0.0243781376146109,0.0530438885699081,1775906483.648792,5,C:\Users\PC\Desktop\RGMC_2026\RGMC\RGMC\data\map\robot25\images\0470.png,C:\Users\PC\Desktop\RGMC_2026\RGMC\RGMC\data\map\robot25\overlays\0470_overlay.png,C:\Users\PC\Desktop\RGMC_2026\RGMC\RGMC\data\map\robot25\masks\0470_mask.png
471,0.33875,0.4375,0.0,385.6328649969456,182.35766871165643,1,0.0,0.027363063614967,0.0633072761369394,1775906495.0575624,5,C:\Users\PC\Desktop\RGMC_2026\RGMC\RGMC\data\map\robot25\images\0471.png,C:\Users\PC\Desktop\RGMC_2026\RGMC\RGMC\data\map\robot25\overlays\0471_overlay.png,C:\Users\PC\Desktop\RGMC_2026\RGMC\RGMC\data\map\robot25\masks\0471_mask.png
472,0.3675,0.4375,0.0,385.1033210332103,195.12831585441089,1,0.0,0.0578863166476044,0.0375489034383463,1775906506.47187,5,C:\Users\PC\Desktop\RGMC_2026\RGMC\RGMC\data\map\robot25\images\0472.png,C:\Users\PC\Desktop\RGMC_2026\RGMC\RGMC\data\map\robot25\overlays\0472_overlay.png,C:\Users\PC\Desktop\RGMC_2026\RGMC\RGMC\data\map\robot25\masks\0472_mask.png
473,0.39625,0.4375,0.0,385.0442319187089,207.6451612903226,1,0.0,0.0426327341800022,0.0243198571402729,1775906517.2176638,5,C:\Users\PC\Desktop\RGMC_2026\RGMC\RGMC\data\map\robot25\images\0473.png,C:\Users\PC\Desktop\RGMC_2026\RGMC\RGMC\data\map\robot25\overlays\0473_overlay.png,C:\Users\PC\Desktop\RGMC_2026\RGMC\RGMC\data\map\robot25\masks\0473_mask.png
474,0.425,0.4375,0.0,384.914671577655,220.375,1,0.0,0.0460883576187893,0.0957214851890633,1775906535.4488242,5,C:\Users\PC\Desktop\RGMC_2026\RGMC\RGMC\data\map\robot25\images\0474.png,C:\Users\PC\Desktop\RGMC_2026\RGMC\RGMC\data\map\robot25\overlays\0474_overlay.png,C:\Users\PC\Desktop\RGMC_2026\RGMC\RGMC\data\map\robot25\masks\0474_mask.png
475,0.45375,0.4375,0.0,384.5278113663845,233.00910746812383,1,0.0,0.0519269835934231,0.0477928751639257,1775906546.3044205,5,C:\Users\PC\Desktop\RGMC_2026\RGMC\RGMC\data\map\robot25\images\0475.png,C:\Users\PC\Desktop\RGMC_2026\RGMC\RGMC\data\map\robot25\overlays\0475_overlay.png,C:\Users\PC\Desktop\RGMC_2026\RGMC\RGMC\data\map\robot25\masks\0475_mask.png
476,0.4825,0.4375,0.0,384.2816020025031,246.1019387116948,1,0.0,0.0682955589935701,0.0767996523858639,1775906556.9791384,5,C:\Users\PC\Desktop\RGMC_2026\RGMC\RGMC\data\map\robot25\images\0476.png,C:\Users\PC\Desktop\RGMC_2026\RGMC\RGMC\data\map\robot25\overlays\0476_overlay.png,C:\Users\PC\Desktop\RGMC_2026\RGMC\RGMC\data\map\robot25\masks\0476_mask.png
477,0.51125,0.4375,0.0,383.8,258.52025316455695,1,0.0,0.1039332234457983,0.0486791790539923,1775906567.9765952,5,C:\Users\PC\Desktop\RGMC_2026\RGMC\RGMC\data\map\robot25\images\0477.png,C:\Users\PC\Desktop\RGMC_2026\RGMC\RGMC\data\map\robot25\overlays\0477_overlay.png,C:\Users\PC\Desktop\RGMC_2026\RGMC\RGMC\data\map\robot25\masks\0477_mask.png
478,0.54,0.4375,0.0,383.40176322418137,270.8640654499685,1,0.0,0.0047616516788044,0.0134402744524887,1775906578.647139,5,C:\Users\PC\Desktop\RGMC_2026\RGMC\RGMC\data\map\robot25\images\0478.png,C:\Users\PC\Desktop\RGMC_2026\RGMC\RGMC\data\map\robot25\overlays\0478_overlay.png,C:\Users\PC\Desktop\RGMC_2026\RGMC\RGMC\data\map\robot25\masks\0478_mask.png
479,0.56875,0.4375,0.0,383.2357723577236,283.7704815509693,1,0.0,0.0001446517149344,0.0001408147994226,1775906589.6112475,5,C:\Users\PC\Desktop\RGMC_2026\RGMC\RGMC\data\map\robot25\images\0479.png,C:\Users\PC\Desktop\RGMC_2026\RGMC\RGMC\data\map\robot25\overlays\0479_overlay.png,C:\Users\PC\Desktop\RGMC_2026\RGMC\RGMC\data\map\robot25\masks\0479_mask.png
480,0.5975,0.4375,0.0,382.0006142506143,296.9871007371007,1,0.0,0.0261868299347303,0.028244973164802,1775906600.4390614,5,C:\Users\PC\Desktop\RGMC_2026\RGMC\RGMC\data\map\robot25\images\0480.png,C:\Users\PC\Desktop\RGMC_2026\RGMC\RGMC\data\map\robot25\overlays\0480_overlay.png,C:\Users\PC\Desktop\RGMC_2026\RGMC\RGMC\data\map\robot25\masks\0480_mask.png
481,0.62625,0.4375,0.0,381.9130691898285,309.8405197873597,1,0.0,0.0316796163326724,0.0519240989695801,1775906611.2724695,5,C:\Users\PC\Desktop\RGMC_2026\RGMC\RGMC\data\map\robot25\images\0481.png,C:\Users\PC\Desktop\RGMC_2026\RGMC\RGMC\data\map\robot25\overlays\0481_overlay.png,C:\Users\PC\Desktop\RGMC_2026\RGMC\RGMC\data\map\robot25\masks\0481_mask.png
482,0.655,0.4375,0.0,381.9483372921615,321.9618366129994,1,0.0,0.0411244264002476,0.1060504118483486,1775906621.9895654,5,C:\Users\PC\Desktop\RGMC_2026\RGMC\RGMC\data\map\robot25\images\0482.png,C:\Users\PC\Desktop\RGMC_2026\RGMC\RGMC\data\map\robot25\overlays\0482_overlay.png,C:\Users\PC\Desktop\RGMC_2026\RGMC\RGMC\data\map\robot25\masks\0482_mask.png
483,0.68375,0.4375,0.0,381.80059171597634,334.61397276494966,1,0.0,0.0536034154322496,0.0868063194325119,1775906632.8043978,5,C:\Users\PC\Desktop\RGMC_2026\RGMC\RGMC\data\map\robot25\images\0483.png,C:\Users\PC\Desktop\RGMC_2026\RGMC\RGMC\data\map\robot25\overlays\0483_overlay.png,C:\Users\PC\Desktop\RGMC_2026\RGMC\RGMC\data\map\robot25\masks\0483_mask.png
484,0.7125,0.4375,0.0,381.6688466111772,347.11078199052133,1,0.0,0.025874255703689,0.0668245830995616,1775906643.539924,5,C:\Users\PC\Desktop\RGMC_2026\RGMC\RGMC\data\map\robot25\images\0484.png,C:\Users\PC\Desktop\RGMC_2026\RGMC\RGMC\data\map\robot25\overlays\0484_overlay.png,C:\Users\PC\Desktop\RGMC_2026\RGMC\RGMC\data\map\robot25\masks\0484_mask.png
485,0.74125,0.4375,0.0,381.273127753304,360.4203901825047,1,0.0,0.0471336844887178,0.0643498264357611,1775906654.096292,5,C:\Users\PC\Desktop\RGMC_2026\RGMC\RGMC\data\map\robot25\images\0485.png,C:\Users\PC\Desktop\RGMC_2026\RGMC\RGMC\data\map\robot25\overlays\0485_overlay.png,C:\Users\PC\Desktop\RGMC_2026\RGMC\RGMC\data\map\robot25\masks\0485_mask.png
486,0.77,0.4375,0.0,381.1447852760736,373.2098159509202,1,0.0,0.0275034430432856,0.0222621434979056,1775906665.1291947,5,C:\Users\PC\Desktop\RGMC_2026\RGMC\RGMC\data\map\robot25\images\0486.png,C:\Users\PC\Desktop\RGMC_2026\RGMC\RGMC\data\map\robot25\overlays\0486_overlay.png,C:\Users\PC\Desktop\RGMC_2026\RGMC\RGMC\data\map\robot25\masks\0486_mask.png
487,0.79875,0.4375,0.0,381.1259213759214,385.6043076923077,1,0.0,0.0123523786216301,0.0588215215384439,1775906676.080771,5,C:\Users\PC\Desktop\RGMC_2026\RGMC\RGMC\data\map\robot25\images\0487.png,C:\Users\PC\Desktop\RGMC_2026\RGMC\RGMC\data\map\robot25\overlays\0487_overlay.png,C:\Users\PC\Desktop\RGMC_2026\RGMC\RGMC\data\map\robot25\masks\0487_mask.png
488,0.8275,0.4375,0.0,380.9210053859964,398.606223818073,1,0.0,0.0292300057069801,0.0360861472438664,1775906686.5469182,5,C:\Users\PC\Desktop\RGMC_2026\RGMC\RGMC\data\map\robot25\images\0488.png,C:\Users\PC\Desktop\RGMC_2026\RGMC\RGMC\data\map\robot25\overlays\0488_overlay.png,C:\Users\PC\Desktop\RGMC_2026\RGMC\RGMC\data\map\robot25\masks\0488_mask.png
489,0.85625,0.4375,0.0,380.7036384976526,411.6337039204213,1,0.0,0.4210559318360792,0.0323007646039503,1775906697.227283,5,C:\Users\PC\Desktop\RGMC_2026\RGMC\RGMC\data\map\robot25\images\0489.png,C:\Users\PC\Desktop\RGMC_2026\RGMC\RGMC\data\map\robot25\overlays\0489_overlay.png,C:\Users\PC\Desktop\RGMC_2026\RGMC\RGMC\data\map\robot25\masks\0489_mask.png
490,0.885,0.4375,0.0,380.55971896955504,423.9186182669789,1,0.0,0.0369906439099597,0.0686470455202606,1775906708.038213,5,C:\Users\PC\Desktop\RGMC_2026\RGMC\RGMC\data\map\robot25\images\0490.png,C:\Users\PC\Desktop\RGMC_2026\RGMC\RGMC\data\map\robot25\overlays\0490_overlay.png,C:\Users\PC\Desktop\RGMC_2026\RGMC\RGMC\data\map\robot25\masks\0490_mask.png
491,0.91375,0.4375,0.0,378.4307875894988,437.1622911694511,1,0.0,0.0165609570200772,0.0445718277597572,1775906718.8054082,5,C:\Users\PC\Desktop\RGMC_2026\RGMC\RGMC\data\map\robot25\images\0491.png,C:\Users\PC\Desktop\RGMC_2026\RGMC\RGMC\data\map\robot25\overlays\0491_overlay.png,C:\Users\PC\Desktop\RGMC_2026\RGMC\RGMC\data\map\robot25\masks\0491_mask.png
492,0.9425,0.4375,0.0,378.3544450900639,450.0267131242741,1,0.0,0.0259154663808198,0.0336263944018536,1775906729.9239695,5,C:\Users\PC\Desktop\RGMC_2026\RGMC\RGMC\data\map\robot25\images\0492.png,C:\Users\PC\Desktop\RGMC_2026\RGMC\RGMC\data\map\robot25\overlays\0492_overlay.png,C:\Users\PC\Desktop\RGMC_2026\RGMC\RGMC\data\map\robot25\masks\0492_mask.png
493,0.97125,0.4375,0.0,377.79314802844215,459.9547511312217,1,0.0,0.0426794421072617,0.0275417973559708,1775906740.6370685,5,C:\Users\PC\Desktop\RGMC_2026\RGMC\RGMC\data\map\robot25\images\0493.png,C:\Users\PC\Desktop\RGMC_2026\RGMC\RGMC\data\map\robot25\overlays\0493_overlay.png,C:\Users\PC\Desktop\RGMC_2026\RGMC\RGMC\data\map\robot25\masks\0493_mask.png
496,0.97125,0.46875,0.0,364.9582781456954,459.8973509933775,1,0.0,0.0258392497943175,0.0217708228604875,1775906772.3468888,5,C:\Users\PC\Desktop\RGMC_2026\RGMC\RGMC\data\map\robot25\images\0496.png,C:\Users\PC\Desktop\RGMC_2026\RGMC\RGMC\data\map\robot25\overlays\0496_overlay.png,C:\Users\PC\Desktop\RGMC_2026\RGMC\RGMC\data\map\robot25\masks\0496_mask.png
497,0.9425,0.46875,0.0,365.3722842043453,450.4797178130512,1,0.0,0.0095381677234836,0.0450938007049781,1775906783.2293472,5,C:\Users\PC\Desktop\RGMC_2026\RGMC\RGMC\data\map\robot25\images\0497.png,C:\Users\PC\Desktop\RGMC_2026\RGMC\RGMC\data\map\robot25\overlays\0497_overlay.png,C:\Users\PC\Desktop\RGMC_2026\RGMC\RGMC\data\map\robot25\masks\0497_mask.png
498,0.91375,0.46875,0.0,365.5643153526971,437.36218138707767,1,0.0,0.0417638964138251,0.0280590410908333,1775906794.0488567,5,C:\Users\PC\Desktop\RGMC_2026\RGMC\RGMC\data\map\robot25\images\0498.png,C:\Users\PC\Desktop\RGMC_2026\RGMC\RGMC\data\map\robot25\overlays\0498_overlay.png,C:\Users\PC\Desktop\RGMC_2026\RGMC\RGMC\data\map\robot25\masks\0498_mask.png
499,0.885,0.46875,0.0,365.746195982958,424.70273556231,1,0.0,0.0231458768719627,0.0226918041643946,1775906805.3836792,5,C:\Users\PC\Desktop\RGMC_2026\RGMC\RGMC\data\map\robot25\images\0499.png,C:\Users\PC\Desktop\RGMC_2026\RGMC\RGMC\data\map\robot25\overlays\0499_overlay.png,C:\Users\PC\Desktop\RGMC_2026\RGMC\RGMC\data\map\robot25\masks\0499_mask.png
500,0.85625,0.46875,0.0,365.9936046511628,411.6046511627907,1,0.0,0.0352746116398678,0.0343883521242178,1775906816.319502,5,C:\Users\PC\Desktop\RGMC_2026\RGMC\RGMC\data\map\robot25\images\0500.png,C:\Users\PC\Desktop\RGMC_2026\RGMC\RGMC\data\map\robot25\overlays\0500_overlay.png,C:\Users\PC\Desktop\RGMC_2026\RGMC\RGMC\data\map\robot25\masks\0500_mask.png
501,0.8275,0.46875,0.0,366.0205519671168,398.68985849056605,1,0.0,0.0239377480157991,0.0405907827717781,1775906827.1556888,5,C:\Users\PC\Desktop\RGMC_2026\RGMC\RGMC\data\map\robot25\images\0501.png,C:\Users\PC\Desktop\RGMC_2026\RGMC\RGMC\data\map\robot25\overlays\0501_overlay.png,C:\Users\PC\Desktop\RGMC_2026\RGMC\RGMC\data\map\robot25\masks\0501_mask.png
502,0.79875,0.46875,0.0,366.14086217364905,385.8369696969697,1,0.0,0.0162740749102829,0.0470851406113755,1775906838.0387754,5,C:\Users\PC\Desktop\RGMC_2026\RGMC\RGMC\data\map\robot25\images\0502.png,C:\Users\PC\Desktop\RGMC_2026\RGMC\RGMC\data\map\robot25\overlays\0502_overlay.png,C:\Users\PC\Desktop\RGMC_2026\RGMC\RGMC\data\map\robot25\masks\0502_mask.png
503,0.77,0.46875,0.0,366.225748502994,373.2995226730311,1,0.0,0.0276987669721081,0.0219331084842318,1775906848.789974,5,C:\Users\PC\Desktop\RGMC_2026\RGMC\RGMC\data\map\robot25\images\0503.png,C:\Users\PC\Desktop\RGMC_2026\RGMC\RGMC\data\map\robot25\overlays\0503_overlay.png,C:\Users\PC\Desktop\RGMC_2026\RGMC\RGMC\data\map\robot25\masks\0503_mask.png
504,0.74125,0.46875,0.0,366.34388314059646,360.7289890377588,1,0.0,0.0067049686404911,0.0097103831099741,1775906859.819847,5,C:\Users\PC\Desktop\RGMC_2026\RGMC\RGMC\data\map\robot25\images\0504.png,C:\Users\PC\Desktop\RGMC_2026\RGMC\RGMC\data\map\robot25\overlays\0504_overlay.png,C:\Users\PC\Desktop\RGMC_2026\RGMC\RGMC\data\map\robot25\masks\0504_mask.png
505,0.7125,0.46875,0.0,367.6712158808933,347.4384328358209,1,0.0,0.030329501200347,0.0272138305182436,1775906870.6292713,5,C:\Users\PC\Desktop\RGMC_2026\RGMC\RGMC\data\map\robot25\images\0505.png,C:\Users\PC\Desktop\RGMC_2026\RGMC\RGMC\data\map\robot25\overlays\0505_overlay.png,C:\Users\PC\Desktop\RGMC_2026\RGMC\RGMC\data\map\robot25\masks\0505_mask.png
506,0.68375,0.46875,0.0,368.2532934131737,335.2834032354704,1,0.0,0.069226739554521,0.0303099626670955,1775906881.457851,5,C:\Users\PC\Desktop\RGMC_2026\RGMC\RGMC\data\map\robot25\images\0506.png,C:\Users\PC\Desktop\RGMC_2026\RGMC\RGMC\data\map\robot25\overlays\0506_overlay.png,C:\Users\PC\Desktop\RGMC_2026\RGMC\RGMC\data\map\robot25\masks\0506_mask.png
507,0.655,0.46875,0.0,368.28971393791846,322.62515337423315,1,0.0,0.0443920521214595,0.0495059241898008,1775906892.4900928,5,C:\Users\PC\Desktop\RGMC_2026\RGMC\RGMC\data\map\robot25\images\0507.png,C:\Users\PC\Desktop\RGMC_2026\RGMC\RGMC\data\map\robot25\overlays\0507_overlay.png,C:\Users\PC\Desktop\RGMC_2026\RGMC\RGMC\data\map\robot25\masks\0507_mask.png
508,0.62625,0.46875,0.0,368.8152369526095,309.9725044829647,1,0.0,0.0357967152774463,0.0582726658807198,1775906903.1018467,5,C:\Users\PC\Desktop\RGMC_2026\RGMC\RGMC\data\map\robot25\images\0508.png,C:\Users\PC\Desktop\RGMC_2026\RGMC\RGMC\data\map\robot25\overlays\0508_overlay.png,C:\Users\PC\Desktop\RGMC_2026\RGMC\RGMC\data\map\robot25\masks\0508_mask.png
509,0.5975,0.46875,0.0,369.1267772511848,296.1461402474956,1,0.0,0.0422750288037643,0.0783110952019039,1775906914.0564542,5,C:\Users\PC\Desktop\RGMC_2026\RGMC\RGMC\data\map\robot25\images\0509.png,C:\Users\PC\Desktop\RGMC_2026\RGMC\RGMC\data\map\robot25\overlays\0509_overlay.png,C:\Users\PC\Desktop\RGMC_2026\RGMC\RGMC\data\map\robot25\masks\0509_mask.png
510,0.56875,0.46875,0.0,369.0041716328963,283.8268887566924,1,0.0,0.0396949053657178,0.0774191800190335,1775906924.6741335,5,C:\Users\PC\Desktop\RGMC_2026\RGMC\RGMC\data\map\robot25\images\0510.png,C:\Users\PC\Desktop\RGMC_2026\RGMC\RGMC\data\map\robot25\overlays\0510_overlay.png,C:\Users\PC\Desktop\RGMC_2026\RGMC\RGMC\data\map\robot25\masks\0510_mask.png
511,0.54,0.46875,0.0,369.303985722784,271.14958283671035,1,0.0,0.0070164299277118,0.0271386569575842,1775906935.451926,5,C:\Users\PC\Desktop\RGMC_2026\RGMC\RGMC\data\map\robot25\images\0511.png,C:\Users\PC\Desktop\RGMC_2026\RGMC\RGMC\data\map\robot25\overlays\0511_overlay.png,C:\Users\PC\Desktop\RGMC_2026\RGMC\RGMC\data\map\robot25\masks\0511_mask.png
512,0.51125,0.46875,0.0,369.44991108476586,258.6720142602496,1,0.0,0.0194432009058419,0.0330505569022608,1775906946.1472406,5,C:\Users\PC\Desktop\RGMC_2026\RGMC\RGMC\data\map\robot25\images\0512.png,C:\Users\PC\Desktop\RGMC_2026\RGMC\RGMC\data\map\robot25\overlays\0512_overlay.png,C:\Users\PC\Desktop\RGMC_2026\RGMC\RGMC\data\map\robot25\masks\0512_mask.png
513,0.4825,0.46875,0.0,369.7956469165659,246.01330913490625,1,0.0,0.0187560211756385,0.0508760119008167,1775906956.7954755,5,C:\Users\PC\Desktop\RGMC_2026\RGMC\RGMC\data\map\robot25\images\0513.png,C:\Users\PC\Desktop\RGMC_2026\RGMC\RGMC\data\map\robot25\overlays\0513_overlay.png,C:\Users\PC\Desktop\RGMC_2026\RGMC\RGMC\data\map\robot25\masks\0513_mask.png
514,0.45375,0.46875,0.0,369.76918354818906,232.57261904761904,1,0.0,0.0156187217254048,0.3685313256144615,1775906967.534187,5,C:\Users\PC\Desktop\RGMC_2026\RGMC\RGMC\data\map\robot25\images\0514.png,C:\Users\PC\Desktop\RGMC_2026\RGMC\RGMC\data\map\robot25\overlays\0514_overlay.png,C:\Users\PC\Desktop\RGMC_2026\RGMC\RGMC\data\map\robot25\masks\0514_mask.png
515,0.425,0.46875,0.0,371.2438408085913,220.24763108022745,1,0.0,0.0274426181414767,0.35946418793765,1775906978.3081052,5,C:\Users\PC\Desktop\RGMC_2026\RGMC\RGMC\data\map\robot25\images\0515.png,C:\Users\PC\Desktop\RGMC_2026\RGMC\RGMC\data\map\robot25\overlays\0515_overlay.png,C:\Users\PC\Desktop\RGMC_2026\RGMC\RGMC\data\map\robot25\masks\0515_mask.png
516,0.39625,0.46875,0.0,371.53629536921153,207.37108886107637,1,0.0,0.0202604093119838,0.0238717877802142,1775906989.1136174,5,C:\Users\PC\Desktop\RGMC_2026\RGMC\RGMC\data\map\robot25\images\0516.png,C:\Users\PC\Desktop\RGMC_2026\RGMC\RGMC\data\map\robot25\overlays\0516_overlay.png,C:\Users\PC\Desktop\RGMC_2026\RGMC\RGMC\data\map\robot25\masks\0516_mask.png
517,0.3675,0.46875,0.0,371.594475831764,195.0690521029504,1,0.0,0.0026111729405783,0.0052870896117724,1775906999.9658792,5,C:\Users\PC\Desktop\RGMC_2026\RGMC\RGMC\data\map\robot25\images\0517.png,C:\Users\PC\Desktop\RGMC_2026\RGMC\RGMC\data\map\robot25\overlays\0517_overlay.png,C:\Users\PC\Desktop\RGMC_2026\RGMC\RGMC\data\map\robot25\masks\0517_mask.png
518,0.33875,0.46875,0.0,371.7748091603053,182.56301456618112,1,0.0,0.0290035420500965,0.0283339712217972,1775907010.645897,5,C:\Users\PC\Desktop\RGMC_2026\RGMC\RGMC\data\map\robot25\images\0518.png,C:\Users\PC\Desktop\RGMC_2026\RGMC\RGMC\data\map\robot25\overlays\0518_overlay.png,C:\Users\PC\Desktop\RGMC_2026\RGMC\RGMC\data\map\robot25\masks\0518_mask.png
519,0.31,0.46875,0.0,371.76863753213365,169.74293059125964,1,0.0,0.0261788860761522,0.1529198682892468,1775907022.0000217,5,C:\Users\PC\Desktop\RGMC_2026\RGMC\RGMC\data\map\robot25\images\0519.png,C:\Users\PC\Desktop\RGMC_2026\RGMC\RGMC\data\map\robot25\overlays\0519_overlay.png,C:\Users\PC\Desktop\RGMC_2026\RGMC\RGMC\data\map\robot25\masks\0519_mask.png
520,0.28125,0.46875,0.0,371.9303225806452,157.41736334405144,1,0.0,0.0355666096158568,0.3943360515701801,1775907032.8319008,5,C:\Users\PC\Desktop\RGMC_2026\RGMC\RGMC\data\map\robot25\images\0520.png,C:\Users\PC\Desktop\RGMC_2026\RGMC\RGMC\data\map\robot25\overlays\0520_overlay.png,C:\Users\PC\Desktop\RGMC_2026\RGMC\RGMC\data\map\robot25\masks\0520_mask.png
521,0.2525,0.46875,0.0,373.04161712247327,143.70071258907365,1,0.0,0.0347568697717887,0.0475560256632224,1775907043.4941432,5,C:\Users\PC\Desktop\RGMC_2026\RGMC\RGMC\data\map\robot25\images\0521.png,C:\Users\PC\Desktop\RGMC_2026\RGMC\RGMC\data\map\robot25\overlays\0521_overlay.png,C:\Users\PC\Desktop\RGMC_2026\RGMC\RGMC\data\map\robot25\masks\0521_mask.png
522,0.22375,0.46875,0.0,373.3687901811806,131.20619158878506,1,0.0,0.0253232023403661,0.02105826592106,1775907054.4087346,5,C:\Users\PC\Desktop\RGMC_2026\RGMC\RGMC\data\map\robot25\images\0522.png,C:\Users\PC\Desktop\RGMC_2026\RGMC\RGMC\data\map\robot25\overlays\0522_overlay.png,C:\Users\PC\Desktop\RGMC_2026\RGMC\RGMC\data\map\robot25\masks\0522_mask.png
523,0.195,0.46875,0.0,373.316163410302,118.50118343195268,1,0.0,0.0455929892671423,0.0304711941667224,1775907065.359433,5,C:\Users\PC\Desktop\RGMC_2026\RGMC\RGMC\data\map\robot25\images\0523.png,C:\Users\PC\Desktop\RGMC_2026\RGMC\RGMC\data\map\robot25\overlays\0523_overlay.png,C:\Users\PC\Desktop\RGMC_2026\RGMC\RGMC\data\map\robot25\masks\0523_mask.png
524,0.16625,0.46875,0.0,373.4481586402266,104.81689342403628,1,0.0,0.0407317782935404,0.0754747037470783,1775907076.3121817,5,C:\Users\PC\Desktop\RGMC_2026\RGMC\RGMC\data\map\robot25\images\0524.png,C:\Users\PC\Desktop\RGMC_2026\RGMC\RGMC\data\map\robot25\overlays\0524_overlay.png,C:\Users\PC\Desktop\RGMC_2026\RGMC\RGMC\data\map\robot25\masks\0524_mask.png
525,0.1375,0.46875,0.0,373.7137970353478,92.26396807297606,1,0.0,0.0566763126071011,0.0281423448791244,1775907087.3441105,5,C:\Users\PC\Desktop\RGMC_2026\RGMC\RGMC\data\map\robot25\images\0525.png,C:\Users\PC\Desktop\RGMC_2026\RGMC\RGMC\data\map\robot25\overlays\0525_overlay.png,C:\Users\PC\Desktop\RGMC_2026\RGMC\RGMC\data\map\robot25\masks\0525_mask.png
526,0.10875,0.46875,0.0,373.8418079096045,79.2683615819209,1,0.0,0.0029990849540131,0.0057348318075879,1775907098.4560244,5,C:\Users\PC\Desktop\RGMC_2026\RGMC\RGMC\data\map\robot25\images\0526.png,C:\Users\PC\Desktop\RGMC_2026\RGMC\RGMC\data\map\robot25\overlays\0526_overlay.png,C:\Users\PC\Desktop\RGMC_2026\RGMC\RGMC\data\map\robot25\masks\0526_mask.png
527,0.08,0.46875,0.0,373.8598398169336,66.63787185354691,1,0.0,0.0282324434685938,0.0305616361206243,1775907109.03365,5,C:\Users\PC\Desktop\RGMC_2026\RGMC\RGMC\data\map\robot25\images\0527.png,C:\Users\PC\Desktop\RGMC_2026\RGMC\RGMC\data\map\robot25\overlays\0527_overlay.png,C:\Users\PC\Desktop\RGMC_2026\RGMC\RGMC\data\map\robot25\masks\0527_mask.png
528,0.08,0.5,0.0,360.73823529411766,66.82128159905938,1,0.0,0.0226079893678248,0.0602987768527141,1775907119.8710802,5,C:\Users\PC\Desktop\RGMC_2026\RGMC\RGMC\data\map\robot25\images\0528.png,C:\Users\PC\Desktop\RGMC_2026\RGMC\RGMC\data\map\robot25\overlays\0528_overlay.png,C:\Users\PC\Desktop\RGMC_2026\RGMC\RGMC\data\map\robot25\masks\0528_mask.png
529,0.10875,0.5,0.0,360.041038020519,79.4327731092437,1,0.0,0.2469945201433291,0.0442920075929608,1775907130.800085,5,C:\Users\PC\Desktop\RGMC_2026\RGMC\RGMC\data\map\robot25\images\0529.png,C:\Users\PC\Desktop\RGMC_2026\RGMC\RGMC\data\map\robot25\overlays\0529_overlay.png,C:\Users\PC\Desktop\RGMC_2026\RGMC\RGMC\data\map\robot25\masks\0529_mask.png
530,0.1375,0.5,0.0,359.5161094224924,92.01983880967144,1,0.0,0.1162511700885587,0.03019992357398,1775907141.7815745,5,C:\Users\PC\Desktop\RGMC_2026\RGMC\RGMC\data\map\robot25\images\0530.png,C:\Users\PC\Desktop\RGMC_2026\RGMC\RGMC\data\map\robot25\overlays\0530_overlay.png,C:\Users\PC\Desktop\RGMC_2026\RGMC\RGMC\data\map\robot25\masks\0530_mask.png
531,0.16625,0.5,0.0,359.3629536921151,104.09925093632958,1,0.0,0.0243394045841639,0.0887243040527068,1775907152.5166671,5,C:\Users\PC\Desktop\RGMC_2026\RGMC\RGMC\data\map\robot25\images\0531.png,C:\Users\PC\Desktop\RGMC_2026\RGMC\RGMC\data\map\robot25\overlays\0531_overlay.png,C:\Users\PC\Desktop\RGMC_2026\RGMC\RGMC\data\map\robot25\masks\0531_mask.png
532,0.195,0.5,0.0,358.3257532689028,117.74659090909093,1,0.0,0.0346174728809329,0.0422538196471025,1775907163.3442273,5,C:\Users\PC\Desktop\RGMC_2026\RGMC\RGMC\data\map\robot25\images\0532.png,C:\Users\PC\Desktop\RGMC_2026\RGMC\RGMC\data\map\robot25\overlays\0532_overlay.png,C:\Users\PC\Desktop\RGMC_2026\RGMC\RGMC\data\map\robot25\masks\0532_mask.png
533,0.22375,0.5,0.0,359.3321055862492,130.7394236664623,1,0.0,0.0472418702459402,0.0580982991953247,1775907174.5394402,5,C:\Users\PC\Desktop\RGMC_2026\RGMC\RGMC\data\map\robot25\images\0533.png,C:\Users\PC\Desktop\RGMC_2026\RGMC\RGMC\data\map\robot25\overlays\0533_overlay.png,C:\Users\PC\Desktop\RGMC_2026\RGMC\RGMC\data\map\robot25\masks\0533_mask.png
534,0.2525,0.5,0.0,357.9197459584296,143.32636469221836,1,0.0,0.0092000553782617,0.0351097665866013,1775907185.3261497,5,C:\Users\PC\Desktop\RGMC_2026\RGMC\RGMC\data\map\robot25\images\0534.png,C:\Users\PC\Desktop\RGMC_2026\RGMC\RGMC\data\map\robot25\overlays\0534_overlay.png,C:\Users\PC\Desktop\RGMC_2026\RGMC\RGMC\data\map\robot25\masks\0534_mask.png
535,0.28125,0.5,0.0,357.69648009232543,156.03406466512703,1,0.0,0.0361369588638703,0.0329181879601572,1775907196.0558898,5,C:\Users\PC\Desktop\RGMC_2026\RGMC\RGMC\data\map\robot25\images\0535.png,C:\Users\PC\Desktop\RGMC_2026\RGMC\RGMC\data\map\robot25\overlays\0535_overlay.png,C:\Users\PC\Desktop\RGMC_2026\RGMC\RGMC\data\map\robot25\masks\0535_mask.png
536,0.31,0.5,0.0,357.4864864864865,168.812538795779,1,0.0,0.0413682526665436,0.4601866302126511,1775907207.09015,5,C:\Users\PC\Desktop\RGMC_2026\RGMC\RGMC\data\map\robot25\images\0536.png,C:\Users\PC\Desktop\RGMC_2026\RGMC\RGMC\data\map\robot25\overlays\0536_overlay.png,C:\Users\PC\Desktop\RGMC_2026\RGMC\RGMC\data\map\robot25\masks\0536_mask.png
537,0.33875,0.5,0.0,357.3655091230135,181.8150563129816,1,0.0,0.0314093295631842,0.0543122588370131,1775907217.9128852,5,C:\Users\PC\Desktop\RGMC_2026\RGMC\RGMC\data\map\robot25\images\0537.png,C:\Users\PC\Desktop\RGMC_2026\RGMC\RGMC\data\map\robot25\overlays\0537_overlay.png,C:\Users\PC\Desktop\RGMC_2026\RGMC\RGMC\data\map\robot25\masks\0537_mask.png
538,0.3675,0.5,0.0,357.26284701712933,194.32526564344747,1,0.0,0.0141761109514263,0.0150585905206927,1775907229.4846067,5,C:\Users\PC\Desktop\RGMC_2026\RGMC\RGMC\data\map\robot25\images\0538.png,C:\Users\PC\Desktop\RGMC_2026\RGMC\RGMC\data\map\robot25\overlays\0538_overlay.png,C:\Users\PC\Desktop\RGMC_2026\RGMC\RGMC\data\map\robot25\masks\0538_mask.png
539,0.39625,0.5,0.0,357.1222810111699,206.99941417691855,1,0.0,0.0354355717353343,0.042348796981519,1775907240.1733878,5,C:\Users\PC\Desktop\RGMC_2026\RGMC\RGMC\data\map\robot25\images\0539.png,C:\Users\PC\Desktop\RGMC_2026\RGMC\RGMC\data\map\robot25\overlays\0539_overlay.png,C:\Users\PC\Desktop\RGMC_2026\RGMC\RGMC\data\map\robot25\masks\0539_mask.png
540,0.425,0.5,0.0,356.137278828554,219.7914634146341,1,0.0,0.0222051293906094,0.0457039290912272,1775907250.9943268,5,C:\Users\PC\Desktop\RGMC_2026\RGMC\RGMC\data\map\robot25\images\0540.png,C:\Users\PC\Desktop\RGMC_2026\RGMC\RGMC\data\map\robot25\overlays\0540_overlay.png,C:\Users\PC\Desktop\RGMC_2026\RGMC\RGMC\data\map\robot25\masks\0540_mask.png
541,0.45375,0.5,0.0,356.8351063829787,231.9170616113744,1,0.0,0.0342856323395319,0.0648023007858474,1775907261.348521,5,C:\Users\PC\Desktop\RGMC_2026\RGMC\RGMC\data\map\robot25\images\0541.png,C:\Users\PC\Desktop\RGMC_2026\RGMC\RGMC\data\map\robot25\overlays\0541_overlay.png,C:\Users\PC\Desktop\RGMC_2026\RGMC\RGMC\data\map\robot25\masks\0541_mask.png
542,0.4825,0.5,0.0,356.7767749699158,245.81287605294827,1,0.0,0.0271173455739038,0.0229443751641754,1775907272.4207537,5,C:\Users\PC\Desktop\RGMC_2026\RGMC\RGMC\data\map\robot25\images\0542.png,C:\Users\PC\Desktop\RGMC_2026\RGMC\RGMC\data\map\robot25\overlays\0542_overlay.png,C:\Users\PC\Desktop\RGMC_2026\RGMC\RGMC\data\map\robot25\masks\0542_mask.png
543,0.51125,0.5,0.0,356.4479041916168,258.2281437125749,1,0.0,0.0108884719138429,0.0405904061108086,1775907283.395437,5,C:\Users\PC\Desktop\RGMC_2026\RGMC\RGMC\data\map\robot25\images\0543.png,C:\Users\PC\Desktop\RGMC_2026\RGMC\RGMC\data\map\robot25\overlays\0543_overlay.png,C:\Users\PC\Desktop\RGMC_2026\RGMC\RGMC\data\map\robot25\masks\0543_mask.png
544,0.54,0.5,0.0,355.6520650813517,270.6918278228322,1,0.0,0.0303967176694902,0.0448742117411619,1775907294.3973188,5,C:\Users\PC\Desktop\RGMC_2026\RGMC\RGMC\data\map\robot25\images\0544.png,C:\Users\PC\Desktop\RGMC_2026\RGMC\RGMC\data\map\robot25\overlays\0544_overlay.png,C:\Users\PC\Desktop\RGMC_2026\RGMC\RGMC\data\map\robot25\masks\0544_mask.png
545,0.56875,0.5,0.0,355.4679925419515,283.13130128956624,1,0.0,0.4666180547012275,0.0593459822326152,1775907305.404534,5,C:\Users\PC\Desktop\RGMC_2026\RGMC\RGMC\data\map\robot25\images\0545.png,C:\Users\PC\Desktop\RGMC_2026\RGMC\RGMC\data\map\robot25\overlays\0545_overlay.png,C:\Users\PC\Desktop\RGMC_2026\RGMC\RGMC\data\map\robot25\masks\0545_mask.png
546,0.5975,0.5,0.0,354.1923522595597,295.5619883040936,1,0.0,0.0488763226223693,0.0522953619484348,1775907316.3291876,5,C:\Users\PC\Desktop\RGMC_2026\RGMC\RGMC\data\map\robot25\images\0546.png,C:\Users\PC\Desktop\RGMC_2026\RGMC\RGMC\data\map\robot25\overlays\0546_overlay.png,C:\Users\PC\Desktop\RGMC_2026\RGMC\RGMC\data\map\robot25\masks\0546_mask.png
547,0.62625,0.5,0.0,354.01090248334344,309.18049666868563,1,0.0,0.0090424162327205,0.3158755684553634,1775907326.9786534,5,C:\Users\PC\Desktop\RGMC_2026\RGMC\RGMC\data\map\robot25\images\0547.png,C:\Users\PC\Desktop\RGMC_2026\RGMC\RGMC\data\map\robot25\overlays\0547_overlay.png,C:\Users\PC\Desktop\RGMC_2026\RGMC\RGMC\data\map\robot25\masks\0547_mask.png
548,0.655,0.5,0.0,353.6966292134832,322.0313424009462,1,0.0,0.0439942397625651,0.0651138710088669,1775907337.8487346,5,C:\Users\PC\Desktop\RGMC_2026\RGMC\RGMC\data\map\robot25\images\0548.png,C:\Users\PC\Desktop\RGMC_2026\RGMC\RGMC\data\map\robot25\overlays\0548_overlay.png,C:\Users\PC\Desktop\RGMC_2026\RGMC\RGMC\data\map\robot25\masks\0548_mask.png
549,0.68375,0.5,0.0,353.7201646090535,334.48237367802585,1,0.0,0.0319111592932057,0.0317035295941432,1775907348.713658,5,C:\Users\PC\Desktop\RGMC_2026\RGMC\RGMC\data\map\robot25\images\0549.png,C:\Users\PC\Desktop\RGMC_2026\RGMC\RGMC\data\map\robot25\overlays\0549_overlay.png,C:\Users\PC\Desktop\RGMC_2026\RGMC\RGMC\data\map\robot25\masks\0549_mask.png
550,0.7125,0.5,0.0,353.5390442890443,347.1676367869616,1,0.0,0.0094491713731024,0.0369431064852224,1775907359.5765443,5,C:\Users\PC\Desktop\RGMC_2026\RGMC\RGMC\data\map\robot25\images\0550.png,C:\Users\PC\Desktop\RGMC_2026\RGMC\RGMC\data\map\robot25\overlays\0550_overlay.png,C:\Users\PC\Desktop\RGMC_2026\RGMC\RGMC\data\map\robot25\masks\0550_mask.png
551,0.74125,0.5,0.0,353.414235705951,359.7940315974254,1,0.0,0.0169286075710906,0.0713288400264895,1775907370.115802,5,C:\Users\PC\Desktop\RGMC_2026\RGMC\RGMC\data\map\robot25\images\0551.png,C:\Users\PC\Desktop\RGMC_2026\RGMC\RGMC\data\map\robot25\overlays\0551_overlay.png,C:\Users\PC\Desktop\RGMC_2026\RGMC\RGMC\data\map\robot25\masks\0551_mask.png
552,0.77,0.5,0.0,353.1647962197283,372.3036030714708,1,0.0,0.0410780886576655,0.4217125250848722,1775907381.071509,5,C:\Users\PC\Desktop\RGMC_2026\RGMC\RGMC\data\map\robot25\images\0552.png,C:\Users\PC\Desktop\RGMC_2026\RGMC\RGMC\data\map\robot25\overlays\0552_overlay.png,C:\Users\PC\Desktop\RGMC_2026\RGMC\RGMC\data\map\robot25\masks\0552_mask.png
553,0.79875,0.5,0.0,353.07273838630806,385.4404113732608,1,0.0,0.0380662261001468,0.0283025335612875,1775907391.8209145,5,C:\Users\PC\Desktop\RGMC_2026\RGMC\RGMC\data\map\robot25\images\0553.png,C:\Users\PC\Desktop\RGMC_2026\RGMC\RGMC\data\map\robot25\overlays\0553_overlay.png,C:\Users\PC\Desktop\RGMC_2026\RGMC\RGMC\data\map\robot25\masks\0553_mask.png
554,0.8275,0.5,0.0,352.90615835777123,398.6806526806527,1,0.0,0.0406264990173559,0.0615443992426329,1775907402.5683105,5,C:\Users\PC\Desktop\RGMC_2026\RGMC\RGMC\data\map\robot25\images\0554.png,C:\Users\PC\Desktop\RGMC_2026\RGMC\RGMC\data\map\robot25\overlays\0554_overlay.png,C:\Users\PC\Desktop\RGMC_2026\RGMC\RGMC\data\map\robot25\masks\0554_mask.png
555,0.85625,0.5,0.0,352.85664335664336,411.3781268179174,1,0.0,0.018042530950033,0.0286997053772861,1775907413.8002214,5,C:\Users\PC\Desktop\RGMC_2026\RGMC\RGMC\data\map\robot25\images\0555.png,C:\Users\PC\Desktop\RGMC_2026\RGMC\RGMC\data\map\robot25\overlays\0555_overlay.png,C:\Users\PC\Desktop\RGMC_2026\RGMC\RGMC\data\map\robot25\masks\0555_mask.png
556,0.885,0.5,0.0,352.61039719626166,423.6033878504673,1,0.0,0.0028524283878364,0.0050224587266651,1775907424.7201092,5,C:\Users\PC\Desktop\RGMC_2026\RGMC\RGMC\data\map\robot25\images\0556.png,C:\Users\PC\Desktop\RGMC_2026\RGMC\RGMC\data\map\robot25\overlays\0556_overlay.png,C:\Users\PC\Desktop\RGMC_2026\RGMC\RGMC\data\map\robot25\masks\0556_mask.png
557,0.91375,0.5,0.0,352.493567251462,436.1175438596491,1,0.0,0.0163276191159695,0.0422203307877428,1775907436.0923753,5,C:\Users\PC\Desktop\RGMC_2026\RGMC\RGMC\data\map\robot25\images\0557.png,C:\Users\PC\Desktop\RGMC_2026\RGMC\RGMC\data\map\robot25\overlays\0557_overlay.png,C:\Users\PC\Desktop\RGMC_2026\RGMC\RGMC\data\map\robot25\masks\0557_mask.png
558,0.9425,0.5,0.0,350.5061082024433,449.92728330424666,1,0.0,0.227663148549184,0.0201081940256677,1775907447.113269,5,C:\Users\PC\Desktop\RGMC_2026\RGMC\RGMC\data\map\robot25\images\0558.png,C:\Users\PC\Desktop\RGMC_2026\RGMC\RGMC\data\map\robot25\overlays\0558_overlay.png,C:\Users\PC\Desktop\RGMC_2026\RGMC\RGMC\data\map\robot25\masks\0558_mask.png
559,0.97125,0.5,0.0,349.97671410090555,459.7005174644243,1,0.0,0.0302792144140155,0.0223182711146483,1775907457.8925858,5,C:\Users\PC\Desktop\RGMC_2026\RGMC\RGMC\data\map\robot25\images\0559.png,C:\Users\PC\Desktop\RGMC_2026\RGMC\RGMC\data\map\robot25\overlays\0559_overlay.png,C:\Users\PC\Desktop\RGMC_2026\RGMC\RGMC\data\map\robot25\masks\0559_mask.png
562,0.97125,0.53125,0.0,337.21973684210525,459.9184210526316,1,0.0,0.0279390563677876,0.0266163219529907,1775907490.7950642,5,C:\Users\PC\Desktop\RGMC_2026\RGMC\RGMC\data\map\robot25\images\0562.png,C:\Users\PC\Desktop\RGMC_2026\RGMC\RGMC\data\map\robot25\overlays\0562_overlay.png,C:\Users\PC\Desktop\RGMC_2026\RGMC\RGMC\data\map\robot25\masks\0562_mask.png
563,0.9425,0.53125,0.0,337.4261627906977,450.29662004662,1,0.0,0.0331279308173029,0.0267628259927459,1775907501.9369423,5,C:\Users\PC\Desktop\RGMC_2026\RGMC\RGMC\data\map\robot25\images\0563.png,C:\Users\PC\Desktop\RGMC_2026\RGMC\RGMC\data\map\robot25\overlays\0563_overlay.png,C:\Users\PC\Desktop\RGMC_2026\RGMC\RGMC\data\map\robot25\masks\0563_mask.png
564,0.91375,0.53125,0.0,337.4868578255675,437.2710447761194,1,0.0,0.0068879353588919,0.0048723463762676,1775907513.168815,5,C:\Users\PC\Desktop\RGMC_2026\RGMC\RGMC\data\map\robot25\images\0564.png,C:\Users\PC\Desktop\RGMC_2026\RGMC\RGMC\data\map\robot25\overlays\0564_overlay.png,C:\Users\PC\Desktop\RGMC_2026\RGMC\RGMC\data\map\robot25\masks\0564_mask.png
565,0.885,0.53125,0.0,337.5905147484095,423.8997101449276,1,0.0,0.0573181684828922,0.0520787307553868,1775907523.7530713,5,C:\Users\PC\Desktop\RGMC_2026\RGMC\RGMC\data\map\robot25\images\0565.png,C:\Users\PC\Desktop\RGMC_2026\RGMC\RGMC\data\map\robot25\overlays\0565_overlay.png,C:\Users\PC\Desktop\RGMC_2026\RGMC\RGMC\data\map\robot25\masks\0565_mask.png
566,0.85625,0.53125,0.0,338.030804335425,411.37157534246575,1,0.0,0.0276149307879487,0.0536076004549449,1775907534.387024,5,C:\Users\PC\Desktop\RGMC_2026\RGMC\RGMC\data\map\robot25\images\0566.png,C:\Users\PC\Desktop\RGMC_2026\RGMC\RGMC\data\map\robot25\overlays\0566_overlay.png,C:\Users\PC\Desktop\RGMC_2026\RGMC\RGMC\data\map\robot25\masks\0566_mask.png
567,0.8275,0.53125,0.0,338.0795847750865,398.6589861751152,1,0.0,0.0299414934997125,0.0296687399994238,1775907545.729045,5,C:\Users\PC\Desktop\RGMC_2026\RGMC\RGMC\data\map\robot25\images\0567.png,C:\Users\PC\Desktop\RGMC_2026\RGMC\RGMC\data\map\robot25\overlays\0567_overlay.png,C:\Users\PC\Desktop\RGMC_2026\RGMC\RGMC\data\map\robot25\masks\0567_mask.png
568,0.79875,0.53125,0.0,338.2160745486313,386.02038439138033,1,0.0,0.0297064373549747,0.0692457466927455,1775907556.5971484,5,C:\Users\PC\Desktop\RGMC_2026\RGMC\RGMC\data\map\robot25\images\0568.png,C:\Users\PC\Desktop\RGMC_2026\RGMC\RGMC\data\map\robot25\overlays\0568_overlay.png,C:\Users\PC\Desktop\RGMC_2026\RGMC\RGMC\data\map\robot25\masks\0568_mask.png
569,0.77,0.53125,0.0,338.35969084423306,373.1442136498516,1,0.0,0.0274100561442785,0.0367755515216378,1775907567.6166267,5,C:\Users\PC\Desktop\RGMC_2026\RGMC\RGMC\data\map\robot25\images\0569.png,C:\Users\PC\Desktop\RGMC_2026\RGMC\RGMC\data\map\robot25\overlays\0569_overlay.png,C:\Users\PC\Desktop\RGMC_2026\RGMC\RGMC\data\map\robot25\masks\0569_mask.png
570,0.74125,0.53125,0.0,339.73832923832924,359.46928746928745,1,0.0,0.0258921333743704,0.067578163541095,1775907578.504769,5,C:\Users\PC\Desktop\RGMC_2026\RGMC\RGMC\data\map\robot25\images\0570.png,C:\Users\PC\Desktop\RGMC_2026\RGMC\RGMC\data\map\robot25\overlays\0570_overlay.png,C:\Users\PC\Desktop\RGMC_2026\RGMC\RGMC\data\map\robot25\masks\0570_mask.png
571,0.7125,0.53125,0.0,340.5996483001172,347.218585622443,1,0.0,0.0569597987716434,0.0682718166199091,1775907589.6717002,5,C:\Users\PC\Desktop\RGMC_2026\RGMC\RGMC\data\map\robot25\images\0571.png,C:\Users\PC\Desktop\RGMC_2026\RGMC\RGMC\data\map\robot25\overlays\0571_overlay.png,C:\Users\PC\Desktop\RGMC_2026\RGMC\RGMC\data\map\robot25\masks\0571_mask.png
572,0.68375,0.53125,0.0,340.69976498237367,334.75721862109606,1,0.0,0.0120590461495806,0.0695449959732099,1775907600.9933784,5,C:\Users\PC\Desktop\RGMC_2026\RGMC\RGMC\data\map\robot25\images\0572.png,C:\Users\PC\Desktop\RGMC_2026\RGMC\RGMC\data\map\robot25\overlays\0572_overlay.png,C:\Users\PC\Desktop\RGMC_2026\RGMC\RGMC\data\map\robot25\masks\0572_mask.png
573,0.655,0.53125,0.0,340.9172087522176,322.23905325443786,1,0.0,0.0119242862419049,0.0107267897798099,1775907611.87585,5,C:\Users\PC\Desktop\RGMC_2026\RGMC\RGMC\data\map\robot25\images\0573.png,C:\Users\PC\Desktop\RGMC_2026\RGMC\RGMC\data\map\robot25\overlays\0573_overlay.png,C:\Users\PC\Desktop\RGMC_2026\RGMC\RGMC\data\map\robot25\masks\0573_mask.png
574,0.62625,0.53125,0.0,341.13813459268005,309.64176470588234,1,0.0,0.0176526529077463,0.0433791491765814,1775907622.5300367,5,C:\Users\PC\Desktop\RGMC_2026\RGMC\RGMC\data\map\robot25\images\0574.png,C:\Users\PC\Desktop\RGMC_2026\RGMC\RGMC\data\map\robot25\overlays\0574_overlay.png,C:\Users\PC\Desktop\RGMC_2026\RGMC\RGMC\data\map\robot25\masks\0574_mask.png
575,0.5975,0.53125,0.0,341.3968253968254,295.50650887573966,1,0.0,0.0123663645306894,0.0441818666505202,1775907633.2793474,5,C:\Users\PC\Desktop\RGMC_2026\RGMC\RGMC\data\map\robot25\images\0575.png,C:\Users\PC\Desktop\RGMC_2026\RGMC\RGMC\data\map\robot25\overlays\0575_overlay.png,C:\Users\PC\Desktop\RGMC_2026\RGMC\RGMC\data\map\robot25\masks\0575_mask.png
576,0.56875,0.53125,0.0,341.56096164854034,283.39954207212367,1,0.0,0.013431105613457,0.022445313081667,1775907644.1944134,5,C:\Users\PC\Desktop\RGMC_2026\RGMC\RGMC\data\map\robot25\images\0576.png,C:\Users\PC\Desktop\RGMC_2026\RGMC\RGMC\data\map\robot25\overlays\0576_overlay.png,C:\Users\PC\Desktop\RGMC_2026\RGMC\RGMC\data\map\robot25\masks\0576_mask.png
577,0.54,0.53125,0.0,341.5580985915493,270.7006444053896,1,0.0,0.030630302859751,0.0297540790032889,1775907654.989951,5,C:\Users\PC\Desktop\RGMC_2026\RGMC\RGMC\data\map\robot25\images\0577.png,C:\Users\PC\Desktop\RGMC_2026\RGMC\RGMC\data\map\robot25\overlays\0577_overlay.png,C:\Users\PC\Desktop\RGMC_2026\RGMC\RGMC\data\map\robot25\masks\0577_mask.png
578,0.51125,0.53125,0.0,341.88673708920186,258.09736070381234,1,0.0,0.0176875467827604,0.0240793477664545,1775907666.196485,5,C:\Users\PC\Desktop\RGMC_2026\RGMC\RGMC\data\map\robot25\images\0578.png,C:\Users\PC\Desktop\RGMC_2026\RGMC\RGMC\data\map\robot25\overlays\0578_overlay.png,C:\Users\PC\Desktop\RGMC_2026\RGMC\RGMC\data\map\robot25\masks\0578_mask.png
579,0.4825,0.53125,0.0,341.902224824356,245.70896391152505,1,0.0,0.0402077336704812,0.0496731391397395,1775907677.267433,5,C:\Users\PC\Desktop\RGMC_2026\RGMC\RGMC\data\map\robot25\images\0579.png,C:\Users\PC\Desktop\RGMC_2026\RGMC\RGMC\data\map\robot25\overlays\0579_overlay.png,C:\Users\PC\Desktop\RGMC_2026\RGMC\RGMC\data\map\robot25\masks\0579_mask.png
580,0.45375,0.53125,0.0,342.05857740585776,232.5910194174757,1,0.0,0.0213135596209918,0.1580834621071209,1775907687.8812597,5,C:\Users\PC\Desktop\RGMC_2026\RGMC\RGMC\data\map\robot25\images\0580.png,C:\Users\PC\Desktop\RGMC_2026\RGMC\RGMC\data\map\robot25\overlays\0580_overlay.png,C:\Users\PC\Desktop\RGMC_2026\RGMC\RGMC\data\map\robot25\masks\0580_mask.png
581,0.425,0.53125,0.0,343.3377885783718,219.67557715674363,1,0.0,0.0075524204520229,0.0323991584370248,1775907698.7548592,5,C:\Users\PC\Desktop\RGMC_2026\RGMC\RGMC\data\map\robot25\images\0581.png,C:\Users\PC\Desktop\RGMC_2026\RGMC\RGMC\data\map\robot25\overlays\0581_overlay.png,C:\Users\PC\Desktop\RGMC_2026\RGMC\RGMC\data\map\robot25\masks\0581_mask.png
582,0.39625,0.53125,0.0,343.4522058823529,207.0870098039216,1,0.0,0.0426501715759026,0.057309253392357,1775907709.9873989,5,C:\Users\PC\Desktop\RGMC_2026\RGMC\RGMC\data\map\robot25\images\0582.png,C:\Users\PC\Desktop\RGMC_2026\RGMC\RGMC\data\map\robot25\overlays\0582_overlay.png,C:\Users\PC\Desktop\RGMC_2026\RGMC\RGMC\data\map\robot25\masks\0582_mask.png
583,0.3675,0.53125,0.0,343.5778053316801,194.57940446650124,1,0.0,0.0053805684852071,0.0245540811219378,1775907720.826873,5,C:\Users\PC\Desktop\RGMC_2026\RGMC\RGMC\data\map\robot25\images\0583.png,C:\Users\PC\Desktop\RGMC_2026\RGMC\RGMC\data\map\robot25\overlays\0583_overlay.png,C:\Users\PC\Desktop\RGMC_2026\RGMC\RGMC\data\map\robot25\masks\0583_mask.png
584,0.33875,0.53125,0.0,343.7547987616099,182.1306501547988,1,0.0,0.0493048030614005,0.0447747272881061,1775907731.727873,5,C:\Users\PC\Desktop\RGMC_2026\RGMC\RGMC\data\map\robot25\images\0584.png,C:\Users\PC\Desktop\RGMC_2026\RGMC\RGMC\data\map\robot25\overlays\0584_overlay.png,C:\Users\PC\Desktop\RGMC_2026\RGMC\RGMC\data\map\robot25\masks\0584_mask.png
585,0.31,0.53125,0.0,343.6349786715417,168.57464960390007,1,0.0,0.0326695981450114,0.0653111636088473,1775907743.4246154,5,C:\Users\PC\Desktop\RGMC_2026\RGMC\RGMC\data\map\robot25\images\0585.png,C:\Users\PC\Desktop\RGMC_2026\RGMC\RGMC\data\map\robot25\overlays\0585_overlay.png,C:\Users\PC\Desktop\RGMC_2026\RGMC\RGMC\data\map\robot25\masks\0585_mask.png
586,0.28125,0.53125,0.0,344.664298401421,156.22523584905662,1,0.0,0.0659115993979681,0.0501897012429589,1775907754.250607,5,C:\Users\PC\Desktop\RGMC_2026\RGMC\RGMC\data\map\robot25\images\0586.png,C:\Users\PC\Desktop\RGMC_2026\RGMC\RGMC\data\map\robot25\overlays\0586_overlay.png,C:\Users\PC\Desktop\RGMC_2026\RGMC\RGMC\data\map\robot25\masks\0586_mask.png
587,0.2525,0.53125,0.0,344.57593457943926,143.58508158508158,1,0.0,0.0320037612517128,0.0531173413297976,1775907765.471454,5,C:\Users\PC\Desktop\RGMC_2026\RGMC\RGMC\data\map\robot25\images\0587.png,C:\Users\PC\Desktop\RGMC_2026\RGMC\RGMC\data\map\robot25\overlays\0587_overlay.png,C:\Users\PC\Desktop\RGMC_2026\RGMC\RGMC\data\map\robot25\masks\0587_mask.png
588,0.22375,0.53125,0.0,344.84615384615387,130.82634032634033,1,0.0,0.033458806904722,0.0235061305170871,1775907776.872281,5,C:\Users\PC\Desktop\RGMC_2026\RGMC\RGMC\data\map\robot25\images\0588.png,C:\Users\PC\Desktop\RGMC_2026\RGMC\RGMC\data\map\robot25\overlays\0588_overlay.png,C:\Users\PC\Desktop\RGMC_2026\RGMC\RGMC\data\map\robot25\masks\0588_mask.png
589,0.195,0.53125,0.0,345.13631284916204,117.6457046603032,1,0.0,0.047575671880767,0.3357235630448005,1775907791.0238366,5,C:\Users\PC\Desktop\RGMC_2026\RGMC\RGMC\data\map\robot25\images\0589.png,C:\Users\PC\Desktop\RGMC_2026\RGMC\RGMC\data\map\robot25\overlays\0589_overlay.png,C:\Users\PC\Desktop\RGMC_2026\RGMC\RGMC\data\map\robot25\masks\0589_mask.png
590,0.16625,0.53125,0.0,345.1793416572077,104.80874006810444,1,0.0,0.0251330397924684,0.0736667900187513,1775907802.0462017,5,C:\Users\PC\Desktop\RGMC_2026\RGMC\RGMC\data\map\robot25\images\0590.png,C:\Users\PC\Desktop\RGMC_2026\RGMC\RGMC\data\map\robot25\overlays\0590_overlay.png,C:\Users\PC\Desktop\RGMC_2026\RGMC\RGMC\data\map\robot25\masks\0590_mask.png
591,0.1375,0.53125,0.0,345.64326160815403,92.00912721049627,1,0.0,0.0396405858638318,0.0415022253537178,1775907812.6890557,5,C:\Users\PC\Desktop\RGMC_2026\RGMC\RGMC\data\map\robot25\images\0591.png,C:\Users\PC\Desktop\RGMC_2026\RGMC\RGMC\data\map\robot25\overlays\0591_overlay.png,C:\Users\PC\Desktop\RGMC_2026\RGMC\RGMC\data\map\robot25\masks\0591_mask.png
592,0.10875,0.53125,0.0,345.6172491544532,79.33859154929577,1,0.0,0.0053851285399592,0.0468573579018062,1775907823.6758409,5,C:\Users\PC\Desktop\RGMC_2026\RGMC\RGMC\data\map\robot25\images\0592.png,C:\Users\PC\Desktop\RGMC_2026\RGMC\RGMC\data\map\robot25\overlays\0592_overlay.png,C:\Users\PC\Desktop\RGMC_2026\RGMC\RGMC\data\map\robot25\masks\0592_mask.png
593,0.08,0.53125,0.0,345.8488108720272,66.7140430351076,1,0.0,0.0151755096856239,0.0349866627033066,1775907834.566641,5,C:\Users\PC\Desktop\RGMC_2026\RGMC\RGMC\data\map\robot25\images\0593.png,C:\Users\PC\Desktop\RGMC_2026\RGMC\RGMC\data\map\robot25\overlays\0593_overlay.png,C:\Users\PC\Desktop\RGMC_2026\RGMC\RGMC\data\map\robot25\masks\0593_mask.png
594,0.08,0.5625,0.0,333.071186440678,66.65706214689266,1,0.0,0.0435320064636143,0.0664392209784046,1775907846.246993,5,C:\Users\PC\Desktop\RGMC_2026\RGMC\RGMC\data\map\robot25\images\0594.png,C:\Users\PC\Desktop\RGMC_2026\RGMC\RGMC\data\map\robot25\overlays\0594_overlay.png,C:\Users\PC\Desktop\RGMC_2026\RGMC\RGMC\data\map\robot25\masks\0594_mask.png
595,0.10875,0.5625,0.0,332.66914710933025,78.99484831139095,1,0.0,0.3683059233224103,0.0229380319043967,1775907858.714966,5,C:\Users\PC\Desktop\RGMC_2026\RGMC\RGMC\data\map\robot25\images\0595.png,C:\Users\PC\Desktop\RGMC_2026\RGMC\RGMC\data\map\robot25\overlays\0595_overlay.png,C:\Users\PC\Desktop\RGMC_2026\RGMC\RGMC\data\map\robot25\masks\0595_mask.png
596,0.1375,0.5625,0.0,331.6567695961995,91.46926713947992,1,0.0,0.2908980650729486,0.0585184379786545,1775907871.598407,5,C:\Users\PC\Desktop\RGMC_2026\RGMC\RGMC\data\map\robot25\images\0596.png,C:\Users\PC\Desktop\RGMC_2026\RGMC\RGMC\data\map\robot25\overlays\0596_overlay.png,C:\Users\PC\Desktop\RGMC_2026\RGMC\RGMC\data\map\robot25\masks\0596_mask.png
597,0.16625,0.5625,0.0,331.4824509220702,103.7935752528257,1,0.0,0.0290934328318905,0.1308171567667824,1775907882.381754,5,C:\Users\PC\Desktop\RGMC_2026\RGMC\RGMC\data\map\robot25\images\0597.png,C:\Users\PC\Desktop\RGMC_2026\RGMC\RGMC\data\map\robot25\overlays\0597_overlay.png,C:\Users\PC\Desktop\RGMC_2026\RGMC\RGMC\data\map\robot25\masks\0597_mask.png
598,0.195,0.5625,0.0,331.4846517119244,116.87633136094676,1,0.0,0.6103813887336423,0.083667479782013,1775907893.5899687,5,C:\Users\PC\Desktop\RGMC_2026\RGMC\RGMC\data\map\robot25\images\0598.png,C:\Users\PC\Desktop\RGMC_2026\RGMC\RGMC\data\map\robot25\overlays\0598_overlay.png,C:\Users\PC\Desktop\RGMC_2026\RGMC\RGMC\data\map\robot25\masks\0598_mask.png
599,0.22375,0.5625,0.0,331.2474289171204,130.5107913669065,1,0.0,0.5002324818278586,0.0421895699467463,1775907904.7117305,5,C:\Users\PC\Desktop\RGMC_2026\RGMC\RGMC\data\map\robot25\images\0599.png,C:\Users\PC\Desktop\RGMC_2026\RGMC\RGMC\data\map\robot25\overlays\0599_overlay.png,C:\Users\PC\Desktop\RGMC_2026\RGMC\RGMC\data\map\robot25\masks\0599_mask.png
600,0.2525,0.5625,0.0,329.757816941444,143.2234223990904,1,0.0,0.0188037379609079,0.0461387067083568,1775907915.4811933,5,C:\Users\PC\Desktop\RGMC_2026\RGMC\RGMC\data\map\robot25\images\0600.png,C:\Users\PC\Desktop\RGMC_2026\RGMC\RGMC\data\map\robot25\overlays\0600_overlay.png,C:\Users\PC\Desktop\RGMC_2026\RGMC\RGMC\data\map\robot25\masks\0600_mask.png
601,0.28125,0.5625,0.0,329.82578796561603,155.75286697247705,1,0.0,0.0155878335207726,0.029507699148342,1775907926.0712273,5,C:\Users\PC\Desktop\RGMC_2026\RGMC\RGMC\data\map\robot25\images\0601.png,C:\Users\PC\Desktop\RGMC_2026\RGMC\RGMC\data\map\robot25\overlays\0601_overlay.png,C:\Users\PC\Desktop\RGMC_2026\RGMC\RGMC\data\map\robot25\masks\0601_mask.png
602,0.31,0.5625,0.0,329.6189389617798,168.0473474044495,1,0.0,0.0225644863885165,0.0433017780347314,1775907936.813597,5,C:\Users\PC\Desktop\RGMC_2026\RGMC\RGMC\data\map\robot25\images\0602.png,C:\Users\PC\Desktop\RGMC_2026\RGMC\RGMC\data\map\robot25\overlays\0602_overlay.png,C:\Users\PC\Desktop\RGMC_2026\RGMC\RGMC\data\map\robot25\masks\0602_mask.png
603,0.33875,0.5625,0.0,329.67183017785425,180.5905963302752,1,0.0,0.0079786598197063,0.0127729021637602,1775907947.8550975,5,C:\Users\PC\Desktop\RGMC_2026\RGMC\RGMC\data\map\robot25\images\0603.png,C:\Users\PC\Desktop\RGMC_2026\RGMC\RGMC\data\map\robot25\overlays\0603_overlay.png,C:\Users\PC\Desktop\RGMC_2026\RGMC\RGMC\data\map\robot25\masks\0603_mask.png
604,0.3675,0.5625,0.0,329.49089841456254,194.45038167938927,1,0.0,0.0371521560693687,0.0750306364465242,1775907958.9923232,5,C:\Users\PC\Desktop\RGMC_2026\RGMC\RGMC\data\map\robot25\images\0604.png,C:\Users\PC\Desktop\RGMC_2026\RGMC\RGMC\data\map\robot25\overlays\0604_overlay.png,C:\Users\PC\Desktop\RGMC_2026\RGMC\RGMC\data\map\robot25\masks\0604_mask.png
605,0.39625,0.5625,0.0,329.47228637413394,206.87240184757505,1,0.0,0.0203657051612714,0.0181413702912514,1775907969.7687044,5,C:\Users\PC\Desktop\RGMC_2026\RGMC\RGMC\data\map\robot25\images\0605.png,C:\Users\PC\Desktop\RGMC_2026\RGMC\RGMC\data\map\robot25\overlays\0605_overlay.png,C:\Users\PC\Desktop\RGMC_2026\RGMC\RGMC\data\map\robot25\masks\0605_mask.png
606,0.425,0.5625,0.0,329.28827267475447,219.4812247255921,1,0.0,0.002841758611483,0.0060848256509894,1775907980.5702631,5,C:\Users\PC\Desktop\RGMC_2026\RGMC\RGMC\data\map\robot25\images\0606.png,C:\Users\PC\Desktop\RGMC_2026\RGMC\RGMC\data\map\robot25\overlays\0606_overlay.png,C:\Users\PC\Desktop\RGMC_2026\RGMC\RGMC\data\map\robot25\masks\0606_mask.png
607,0.45375,0.5625,0.0,328.9913743530765,231.71346375143844,1,0.0,0.0590145579232619,0.0558527649635532,1775907991.2224293,5,C:\Users\PC\Desktop\RGMC_2026\RGMC\RGMC\data\map\robot25\images\0607.png,C:\Users\PC\Desktop\RGMC_2026\RGMC\RGMC\data\map\robot25\overlays\0607_overlay.png,C:\Users\PC\Desktop\RGMC_2026\RGMC\RGMC\data\map\robot25\masks\0607_mask.png
608,0.4825,0.5625,0.0,329.04447115384613,245.13521634615384,1,0.0,0.045455514656456,0.0364655753862302,1775908002.3596344,5,C:\Users\PC\Desktop\RGMC_2026\RGMC\RGMC\data\map\robot25\images\0608.png,C:\Users\PC\Desktop\RGMC_2026\RGMC\RGMC\data\map\robot25\overlays\0608_overlay.png,C:\Users\PC\Desktop\RGMC_2026\RGMC\RGMC\data\map\robot25\masks\0608_mask.png
609,0.51125,0.5625,0.0,328.2755039706781,257.66279069767444,1,0.0,0.0548195847274101,0.0738735224306457,1775908012.9598918,5,C:\Users\PC\Desktop\RGMC_2026\RGMC\RGMC\data\map\robot25\images\0609.png,C:\Users\PC\Desktop\RGMC_2026\RGMC\RGMC\data\map\robot25\overlays\0609_overlay.png,C:\Users\PC\Desktop\RGMC_2026\RGMC\RGMC\data\map\robot25\masks\0609_mask.png
610,0.54,0.5625,0.0,328.3523693803159,270.44740024183795,1,0.0,0.0502467832962192,0.0404643659407598,1775908030.7304375,5,C:\Users\PC\Desktop\RGMC_2026\RGMC\RGMC\data\map\robot25\images\0610.png,C:\Users\PC\Desktop\RGMC_2026\RGMC\RGMC\data\map\robot25\overlays\0610_overlay.png,C:\Users\PC\Desktop\RGMC_2026\RGMC\RGMC\data\map\robot25\masks\0610_mask.png
611,0.56875,0.5625,0.0,327.6943231441048,282.9561952440551,1,0.0,0.0114877367489693,0.0492535604826953,1775908041.5479245,5,C:\Users\PC\Desktop\RGMC_2026\RGMC\RGMC\data\map\robot25\images\0611.png,C:\Users\PC\Desktop\RGMC_2026\RGMC\RGMC\data\map\robot25\overlays\0611_overlay.png,C:\Users\PC\Desktop\RGMC_2026\RGMC\RGMC\data\map\robot25\masks\0611_mask.png
612,0.5975,0.5625,0.0,327.46068796068795,295.4250614250614,1,0.0,0.0101527721084781,0.0342129655981592,1775908052.6528544,5,C:\Users\PC\Desktop\RGMC_2026\RGMC\RGMC\data\map\robot25\images\0612.png,C:\Users\PC\Desktop\RGMC_2026\RGMC\RGMC\data\map\robot25\overlays\0612_overlay.png,C:\Users\PC\Desktop\RGMC_2026\RGMC\RGMC\data\map\robot25\masks\0612_mask.png
613,0.62625,0.5625,0.0,327.2332490518331,308.9362831858407,1,0.0,0.5321179827043769,0.070311932096643,1775908063.4104393,5,C:\Users\PC\Desktop\RGMC_2026\RGMC\RGMC\data\map\robot25\images\0613.png,C:\Users\PC\Desktop\RGMC_2026\RGMC\RGMC\data\map\robot25\overlays\0613_overlay.png,C:\Users\PC\Desktop\RGMC_2026\RGMC\RGMC\data\map\robot25\masks\0613_mask.png
614,0.655,0.5625,0.0,325.75528169014086,321.6449912126538,1,0.0,0.0259452513176056,0.0276625976021488,1775908074.479871,5,C:\Users\PC\Desktop\RGMC_2026\RGMC\RGMC\data\map\robot25\images\0614.png,C:\Users\PC\Desktop\RGMC_2026\RGMC\RGMC\data\map\robot25\overlays\0614_overlay.png,C:\Users\PC\Desktop\RGMC_2026\RGMC\RGMC\data\map\robot25\masks\0614_mask.png
615,0.68375,0.5625,0.0,325.7653534183082,334.20057803468205,1,0.0,0.0246964621028992,0.0382818866680369,1775908085.8875997,5,C:\Users\PC\Desktop\RGMC_2026\RGMC\RGMC\data\map\robot25\images\0615.png,C:\Users\PC\Desktop\RGMC_2026\RGMC\RGMC\data\map\robot25\overlays\0615_overlay.png,C:\Users\PC\Desktop\RGMC_2026\RGMC\RGMC\data\map\robot25\masks\0615_mask.png
616,0.7125,0.5625,0.0,325.56052782558805,346.7445339470656,1,0.0,0.0140462491414051,0.0516554558935505,1775908096.5289905,5,C:\Users\PC\Desktop\RGMC_2026\RGMC\RGMC\data\map\robot25\images\0616.png,C:\Users\PC\Desktop\RGMC_2026\RGMC\RGMC\data\map\robot25\overlays\0616_overlay.png,C:\Users\PC\Desktop\RGMC_2026\RGMC\RGMC\data\map\robot25\masks\0616_mask.png
617,0.74125,0.5625,0.0,325.5170588235294,359.188790560472,1,0.0,0.040843107606573,0.0552913328463106,1775908107.2095592,5,C:\Users\PC\Desktop\RGMC_2026\RGMC\RGMC\data\map\robot25\images\0617.png,C:\Users\PC\Desktop\RGMC_2026\RGMC\RGMC\data\map\robot25\overlays\0617_overlay.png,C:\Users\PC\Desktop\RGMC_2026\RGMC\RGMC\data\map\robot25\masks\0617_mask.png
618,0.77,0.5625,0.0,325.3188836104513,372.9436536180309,1,0.0,0.0133690228114266,0.3748709076969826,1775908118.146652,5,C:\Users\PC\Desktop\RGMC_2026\RGMC\RGMC\data\map\robot25\images\0618.png,C:\Users\PC\Desktop\RGMC_2026\RGMC\RGMC\data\map\robot25\overlays\0618_overlay.png,C:\Users\PC\Desktop\RGMC_2026\RGMC\RGMC\data\map\robot25\masks\0618_mask.png
619,0.79875,0.5625,0.0,325.27810650887574,385.7684583579445,1,0.0,0.0103995694944384,0.0355453332020696,1775908128.8794286,5,C:\Users\PC\Desktop\RGMC_2026\RGMC\RGMC\data\map\robot25\images\0619.png,C:\Users\PC\Desktop\RGMC_2026\RGMC\RGMC\data\map\robot25\overlays\0619_overlay.png,C:\Users\PC\Desktop\RGMC_2026\RGMC\RGMC\data\map\robot25\masks\0619_mask.png
620,0.8275,0.5625,0.0,325.12048894062866,398.390343222804,1,0.0,0.0282250533723081,0.0285041461431927,1775908139.87293,5,C:\Users\PC\Desktop\RGMC_2026\RGMC\RGMC\data\map\robot25\images\0620.png,C:\Users\PC\Desktop\RGMC_2026\RGMC\RGMC\data\map\robot25\overlays\0620_overlay.png,C:\Users\PC\Desktop\RGMC_2026\RGMC\RGMC\data\map\robot25\masks\0620_mask.png
621,0.85625,0.5625,0.0,325.1928612550374,410.9602991944764,1,0.0,0.0162259820770719,0.0292200455772289,1775908151.926948,5,C:\Users\PC\Desktop\RGMC_2026\RGMC\RGMC\data\map\robot25\images\0621.png,C:\Users\PC\Desktop\RGMC_2026\RGMC\RGMC\data\map\robot25\overlays\0621_overlay.png,C:\Users\PC\Desktop\RGMC_2026\RGMC\RGMC\data\map\robot25\masks\0621_mask.png
622,0.885,0.5625,0.0,324.644,423.56057142857145,1,0.0,0.0352062772361758,0.0346218130492459,1775908162.740152,5,C:\Users\PC\Desktop\RGMC_2026\RGMC\RGMC\data\map\robot25\images\0622.png,C:\Users\PC\Desktop\RGMC_2026\RGMC\RGMC\data\map\robot25\overlays\0622_overlay.png,C:\Users\PC\Desktop\RGMC_2026\RGMC\RGMC\data\map\robot25\masks\0622_mask.png
623,0.91375,0.5625,0.0,324.5616996507567,436.1637630662021,1,0.0,0.0274125138607661,0.4243780763302694,1775908179.1328647,5,C:\Users\PC\Desktop\RGMC_2026\RGMC\RGMC\data\map\robot25\images\0623.png,C:\Users\PC\Desktop\RGMC_2026\RGMC\RGMC\data\map\robot25\overlays\0623_overlay.png,C:\Users\PC\Desktop\RGMC_2026\RGMC\RGMC\data\map\robot25\masks\0623_mask.png
624,0.9425,0.5625,0.0,323.4592274678112,449.81307269395234,1,0.0,0.0384476252084472,0.0224246945693391,1775908190.1252797,5,C:\Users\PC\Desktop\RGMC_2026\RGMC\RGMC\data\map\robot25\images\0624.png,C:\Users\PC\Desktop\RGMC_2026\RGMC\RGMC\data\map\robot25\overlays\0624_overlay.png,C:\Users\PC\Desktop\RGMC_2026\RGMC\RGMC\data\map\robot25\masks\0624_mask.png
625,0.97125,0.5625,0.0,323.9660095173351,459.473220338983,1,0.0,0.0490873339406719,0.021929564505532,1775908200.9318762,5,C:\Users\PC\Desktop\RGMC_2026\RGMC\RGMC\data\map\robot25\images\0625.png,C:\Users\PC\Desktop\RGMC_2026\RGMC\RGMC\data\map\robot25\overlays\0625_overlay.png,C:\Users\PC\Desktop\RGMC_2026\RGMC\RGMC\data\map\robot25\masks\0625_mask.png
628,0.97125,0.59375,0.0,308.98949441891006,459.78529218647407,1,0.0,0.0377851934883603,0.0410485003091281,1775908233.5913892,5,C:\Users\PC\Desktop\RGMC_2026\RGMC\RGMC\data\map\robot25\images\0628.png,C:\Users\PC\Desktop\RGMC_2026\RGMC\RGMC\data\map\robot25\overlays\0628_overlay.png,C:\Users\PC\Desktop\RGMC_2026\RGMC\RGMC\data\map\robot25\masks\0628_mask.png
629,0.9425,0.59375,0.0,309.55918367346936,450.0220801859384,1,0.0,0.0122743099660404,0.0458453080392983,1775908244.3122678,5,C:\Users\PC\Desktop\RGMC_2026\RGMC\RGMC\data\map\robot25\images\0629.png,C:\Users\PC\Desktop\RGMC_2026\RGMC\RGMC\data\map\robot25\overlays\0629_overlay.png,C:\Users\PC\Desktop\RGMC_2026\RGMC\RGMC\data\map\robot25\masks\0629_mask.png
630,0.91375,0.59375,0.0,309.7033549146557,437.03119482048265,1,0.0,0.0188208602223695,0.0562880098333747,1775908255.4274635,5,C:\Users\PC\Desktop\RGMC_2026\RGMC\RGMC\data\map\robot25\images\0630.png,C:\Users\PC\Desktop\RGMC_2026\RGMC\RGMC\data\map\robot25\overlays\0630_overlay.png,C:\Users\PC\Desktop\RGMC_2026\RGMC\RGMC\data\map\robot25\masks\0630_mask.png
631,0.885,0.59375,0.0,309.7783534830167,423.7520138089759,1,0.0,0.047416404792759,0.0573154488884286,1775908267.2650995,5,C:\Users\PC\Desktop\RGMC_2026\RGMC\RGMC\data\map\robot25\images\0631.png,C:\Users\PC\Desktop\RGMC_2026\RGMC\RGMC\data\map\robot25\overlays\0631_overlay.png,C:\Users\PC\Desktop\RGMC_2026\RGMC\RGMC\data\map\robot25\masks\0631_mask.png
632,0.85625,0.59375,0.0,311.29796421961754,411.0444170265269,1,0.0,0.0329164621802224,0.0479078995699556,1775908281.8058856,5,C:\Users\PC\Desktop\RGMC_2026\RGMC\RGMC\data\map\robot25\images\0632.png,C:\Users\PC\Desktop\RGMC_2026\RGMC\RGMC\data\map\robot25\overlays\0632_overlay.png,C:\Users\PC\Desktop\RGMC_2026\RGMC\RGMC\data\map\robot25\masks\0632_mask.png
633,0.8275,0.59375,0.0,311.7719614921781,398.7605548854041,1,0.0,0.0537853957127409,0.0595307743389755,1775908293.048664,5,C:\Users\PC\Desktop\RGMC_2026\RGMC\RGMC\data\map\robot25\images\0633.png,C:\Users\PC\Desktop\RGMC_2026\RGMC\RGMC\data\map\robot25\overlays\0633_overlay.png,C:\Users\PC\Desktop\RGMC_2026\RGMC\RGMC\data\map\robot25\masks\0633_mask.png
634,0.79875,0.59375,0.0,311.34539877300614,386.23522167487687,1,0.0,0.48467567718394,0.0687148098251162,1775908305.989746,5,C:\Users\PC\Desktop\RGMC_2026\RGMC\RGMC\data\map\robot25\images\0634.png,C:\Users\PC\Desktop\RGMC_2026\RGMC\RGMC\data\map\robot25\overlays\0634_overlay.png,C:\Users\PC\Desktop\RGMC_2026\RGMC\RGMC\data\map\robot25\masks\0634_mask.png
635,0.77,0.59375,0.0,311.81276856967463,372.9963167587477,1,0.0,0.1496144001868738,0.0505887939600074,1775908317.9661522,5,C:\Users\PC\Desktop\RGMC_2026\RGMC\RGMC\data\map\robot25\images\0635.png,C:\Users\PC\Desktop\RGMC_2026\RGMC\RGMC\data\map\robot25\overlays\0635_overlay.png,C:\Users\PC\Desktop\RGMC_2026\RGMC\RGMC\data\map\robot25\masks\0635_mask.png
636,0.74125,0.59375,0.0,312.18645083932853,359.5698924731183,1,0.0,0.0214885815244543,0.0481135288140372,1775908329.7973547,5,C:\Users\PC\Desktop\RGMC_2026\RGMC\RGMC\data\map\robot25\images\0636.png,C:\Users\PC\Desktop\RGMC_2026\RGMC\RGMC\data\map\robot25\overlays\0636_overlay.png,C:\Users\PC\Desktop\RGMC_2026\RGMC\RGMC\data\map\robot25\masks\0636_mask.png
637,0.7125,0.59375,0.0,312.2644431209053,347.1367924528302,1,0.0,0.0303316317192347,0.0530295885975647,1775908340.5422156,5,C:\Users\PC\Desktop\RGMC_2026\RGMC\RGMC\data\map\robot25\images\0637.png,C:\Users\PC\Desktop\RGMC_2026\RGMC\RGMC\data\map\robot25\overlays\0637_overlay.png,C:\Users\PC\Desktop\RGMC_2026\RGMC\RGMC\data\map\robot25\masks\0637_mask.png
638,0.68375,0.59375,0.0,312.8937644341801,334.6758938869665,1,0.0,0.0099508678784798,0.0140872551859959,1775908351.1083307,5,C:\Users\PC\Desktop\RGMC_2026\RGMC\RGMC\data\map\robot25\images\0638.png,C:\Users\PC\Desktop\RGMC_2026\RGMC\RGMC\data\map\robot25\overlays\0638_overlay.png,C:\Users\PC\Desktop\RGMC_2026\RGMC\RGMC\data\map\robot25\masks\0638_mask.png
639,0.655,0.59375,0.0,312.9859649122807,321.9391812865497,1,0.0,0.017669188117054,0.0687927474525387,1775908361.9773784,5,C:\Users\PC\Desktop\RGMC_2026\RGMC\RGMC\data\map\robot25\images\0639.png,C:\Users\PC\Desktop\RGMC_2026\RGMC\RGMC\data\map\robot25\overlays\0639_overlay.png,C:\Users\PC\Desktop\RGMC_2026\RGMC\RGMC\data\map\robot25\masks\0639_mask.png
640,0.62625,0.59375,0.0,313.29240434037695,308.8161050828098,1,0.0,0.0106350455558147,0.0107546635751974,1775908372.6426334,5,C:\Users\PC\Desktop\RGMC_2026\RGMC\RGMC\data\map\robot25\images\0640.png,C:\Users\PC\Desktop\RGMC_2026\RGMC\RGMC\data\map\robot25\overlays\0640_overlay.png,C:\Users\PC\Desktop\RGMC_2026\RGMC\RGMC\data\map\robot25\masks\0640_mask.png
641,0.5975,0.59375,0.0,313.4480780263913,295.78019461934747,1,0.0,0.0211209476560506,0.0608890377650492,1775908383.51696,5,C:\Users\PC\Desktop\RGMC_2026\RGMC\RGMC\data\map\robot25\images\0641.png,C:\Users\PC\Desktop\RGMC_2026\RGMC\RGMC\data\map\robot25\overlays\0641_overlay.png,C:\Users\PC\Desktop\RGMC_2026\RGMC\RGMC\data\map\robot25\masks\0641_mask.png
642,0.56875,0.59375,0.0,313.7577675489068,283.2836593785961,1,0.0,0.0225541990635902,0.0490765948994382,1775908394.4505022,5,C:\Users\PC\Desktop\RGMC_2026\RGMC\RGMC\data\map\robot25\images\0642.png,C:\Users\PC\Desktop\RGMC_2026\RGMC\RGMC\data\map\robot25\overlays\0642_overlay.png,C:\Users\PC\Desktop\RGMC_2026\RGMC\RGMC\data\map\robot25\masks\0642_mask.png
643,0.54,0.59375,0.0,313.79442508710804,270.53922138291693,1,0.0,0.0221513209869934,0.0163784567629795,1775908405.4457123,5,C:\Users\PC\Desktop\RGMC_2026\RGMC\RGMC\data\map\robot25\images\0643.png,C:\Users\PC\Desktop\RGMC_2026\RGMC\RGMC\data\map\robot25\overlays\0643_overlay.png,C:\Users\PC\Desktop\RGMC_2026\RGMC\RGMC\data\map\robot25\masks\0643_mask.png
644,0.51125,0.59375,0.0,313.88965517241377,257.89597701149427,1,0.0,0.0274895014182066,0.045954629581492,1775908416.5295107,5,C:\Users\PC\Desktop\RGMC_2026\RGMC\RGMC\data\map\robot25\images\0644.png,C:\Users\PC\Desktop\RGMC_2026\RGMC\RGMC\data\map\robot25\overlays\0644_overlay.png,C:\Users\PC\Desktop\RGMC_2026\RGMC\RGMC\data\map\robot25\masks\0644_mask.png
645,0.4825,0.59375,0.0,314.17831753554503,245.3761848341232,1,0.0,0.0167320799030377,0.022887806295086,1775908427.3222065,5,C:\Users\PC\Desktop\RGMC_2026\RGMC\RGMC\data\map\robot25\images\0645.png,C:\Users\PC\Desktop\RGMC_2026\RGMC\RGMC\data\map\robot25\overlays\0645_overlay.png,C:\Users\PC\Desktop\RGMC_2026\RGMC\RGMC\data\map\robot25\masks\0645_mask.png
646,0.45375,0.59375,0.0,315.3319377990431,231.8586826347305,1,0.0,0.0428643583029385,0.0394789726032182,1775908438.201592,5,C:\Users\PC\Desktop\RGMC_2026\RGMC\RGMC\data\map\robot25\images\0646.png,C:\Users\PC\Desktop\RGMC_2026\RGMC\RGMC\data\map\robot25\overlays\0646_overlay.png,C:\Users\PC\Desktop\RGMC_2026\RGMC\RGMC\data\map\robot25\masks\0646_mask.png
647,0.425,0.59375,0.0,315.5364520048603,219.4161603888214,1,0.0,0.0314117241750525,0.0634579014477319,1775908448.66471,5,C:\Users\PC\Desktop\RGMC_2026\RGMC\RGMC\data\map\robot25\images\0647.png,C:\Users\PC\Desktop\RGMC_2026\RGMC\RGMC\data\map\robot25\overlays\0647_overlay.png,C:\Users\PC\Desktop\RGMC_2026\RGMC\RGMC\data\map\robot25\masks\0647_mask.png
648,0.39625,0.59375,0.0,315.59369314736205,206.61431170406303,1,0.0,0.0120678794529304,0.0117898445567653,1775908459.5184064,5,C:\Users\PC\Desktop\RGMC_2026\RGMC\RGMC\data\map\robot25\images\0648.png,C:\Users\PC\Desktop\RGMC_2026\RGMC\RGMC\data\map\robot25\overlays\0648_overlay.png,C:\Users\PC\Desktop\RGMC_2026\RGMC\RGMC\data\map\robot25\masks\0648_mask.png
649,0.3675,0.59375,0.0,315.67800729040096,194.3049817739976,1,0.0,0.3596581711380176,0.0162460685891322,1775908470.0451531,5,C:\Users\PC\Desktop\RGMC_2026\RGMC\RGMC\data\map\robot25\images\0649.png,C:\Users\PC\Desktop\RGMC_2026\RGMC\RGMC\data\map\robot25\overlays\0649_overlay.png,C:\Users\PC\Desktop\RGMC_2026\RGMC\RGMC\data\map\robot25\masks\0649_mask.png
650,0.33875,0.59375,0.0,316.869918699187,181.8281068524971,1,0.0,0.0348281890432923,0.0310536060138087,1775908480.8959148,5,C:\Users\PC\Desktop\RGMC_2026\RGMC\RGMC\data\map\robot25\images\0650.png,C:\Users\PC\Desktop\RGMC_2026\RGMC\RGMC\data\map\robot25\overlays\0650_overlay.png,C:\Users\PC\Desktop\RGMC_2026\RGMC\RGMC\data\map\robot25\masks\0650_mask.png
651,0.31,0.59375,0.0,316.7962962962963,167.7060185185185,1,0.0,0.0272696785940223,0.1170414700806789,1775908491.8984847,5,C:\Users\PC\Desktop\RGMC_2026\RGMC\RGMC\data\map\robot25\images\0651.png,C:\Users\PC\Desktop\RGMC_2026\RGMC\RGMC\data\map\robot25\overlays\0651_overlay.png,C:\Users\PC\Desktop\RGMC_2026\RGMC\RGMC\data\map\robot25\masks\0651_mask.png
652,0.28125,0.59375,0.0,317.0810354530107,155.73009599096557,1,0.0,0.0311049131857962,0.0348757303414934,1775908502.9502122,5,C:\Users\PC\Desktop\RGMC_2026\RGMC\RGMC\data\map\robot25\images\0652.png,C:\Users\PC\Desktop\RGMC_2026\RGMC\RGMC\data\map\robot25\overlays\0652_overlay.png,C:\Users\PC\Desktop\RGMC_2026\RGMC\RGMC\data\map\robot25\masks\0652_mask.png
653,0.2525,0.59375,0.0,317.1508252703472,143.1815594763802,1,0.0,0.019237152252509,0.03934843937318,1775908513.7477107,5,C:\Users\PC\Desktop\RGMC_2026\RGMC\RGMC\data\map\robot25\images\0653.png,C:\Users\PC\Desktop\RGMC_2026\RGMC\RGMC\data\map\robot25\overlays\0653_overlay.png,C:\Users\PC\Desktop\RGMC_2026\RGMC\RGMC\data\map\robot25\masks\0653_mask.png
654,0.22375,0.59375,0.0,317.3246162592382,130.847640704946,1,0.0,0.0192392963453429,0.0163873848074281,1775908524.4514592,5,C:\Users\PC\Desktop\RGMC_2026\RGMC\RGMC\data\map\robot25\images\0654.png,C:\Users\PC\Desktop\RGMC_2026\RGMC\RGMC\data\map\robot25\overlays\0654_overlay.png,C:\Users\PC\Desktop\RGMC_2026\RGMC\RGMC\data\map\robot25\masks\0654_mask.png
655,0.195,0.59375,0.0,317.3703090507726,117.07692307692308,1,0.0,0.0265485015545877,0.0965987892140536,1775908535.5021873,5,C:\Users\PC\Desktop\RGMC_2026\RGMC\RGMC\data\map\robot25\images\0655.png,C:\Users\PC\Desktop\RGMC_2026\RGMC\RGMC\data\map\robot25\overlays\0655_overlay.png,C:\Users\PC\Desktop\RGMC_2026\RGMC\RGMC\data\map\robot25\masks\0655_mask.png
656,0.16625,0.59375,0.0,317.45754189944137,104.01342281879197,1,0.0,0.0454661310045267,0.11681126885822,1775908546.261966,5,C:\Users\PC\Desktop\RGMC_2026\RGMC\RGMC\data\map\robot25\images\0656.png,C:\Users\PC\Desktop\RGMC_2026\RGMC\RGMC\data\map\robot25\overlays\0656_overlay.png,C:\Users\PC\Desktop\RGMC_2026\RGMC\RGMC\data\map\robot25\masks\0656_mask.png
657,0.1375,0.59375,0.0,317.68950276243095,91.5597554196776,1,0.0,0.0228751746655252,0.0368686405040004,1775908557.4166338,5,C:\Users\PC\Desktop\RGMC_2026\RGMC\RGMC\data\map\robot25\images\0657.png,C:\Users\PC\Desktop\RGMC_2026\RGMC\RGMC\data\map\robot25\overlays\0657_overlay.png,C:\Users\PC\Desktop\RGMC_2026\RGMC\RGMC\data\map\robot25\masks\0657_mask.png
658,0.10875,0.59375,0.0,317.8409854423292,78.98992161254199,1,0.0,0.02062069081712,0.0324793157797609,1775908568.2061796,5,C:\Users\PC\Desktop\RGMC_2026\RGMC\RGMC\data\map\robot25\images\0658.png,C:\Users\PC\Desktop\RGMC_2026\RGMC\RGMC\data\map\robot25\overlays\0658_overlay.png,C:\Users\PC\Desktop\RGMC_2026\RGMC\RGMC\data\map\robot25\masks\0658_mask.png
659,0.08,0.59375,0.0,317.90068104426786,66.45387243735763,1,0.0,0.0091218124544611,0.0559638205129492,1775908578.938327,5,C:\Users\PC\Desktop\RGMC_2026\RGMC\RGMC\data\map\robot25\images\0659.png,C:\Users\PC\Desktop\RGMC_2026\RGMC\RGMC\data\map\robot25\overlays\0659_overlay.png,C:\Users\PC\Desktop\RGMC_2026\RGMC\RGMC\data\map\robot25\masks\0659_mask.png
660,0.08,0.625,0.0,305.11226725082145,65.34901531728666,1,0.0,0.0200385559735515,0.0403245299510295,1775908589.8889437,5,C:\Users\PC\Desktop\RGMC_2026\RGMC\RGMC\data\map\robot25\images\0660.png,C:\Users\PC\Desktop\RGMC_2026\RGMC\RGMC\data\map\robot25\overlays\0660_overlay.png,C:\Users\PC\Desktop\RGMC_2026\RGMC\RGMC\data\map\robot25\masks\0660_mask.png
661,0.10875,0.625,0.0,304.7464629315224,78.93905191873588,1,0.0,0.0335015962935796,0.0443296512303205,1775908601.0288246,5,C:\Users\PC\Desktop\RGMC_2026\RGMC\RGMC\data\map\robot25\images\0661.png,C:\Users\PC\Desktop\RGMC_2026\RGMC\RGMC\data\map\robot25\overlays\0661_overlay.png,C:\Users\PC\Desktop\RGMC_2026\RGMC\RGMC\data\map\robot25\masks\0661_mask.png
662,0.1375,0.625,0.0,304.28850574712646,91.21719197707736,1,0.0,0.0335931447718211,0.0588935541018014,1775908612.1782134,5,C:\Users\PC\Desktop\RGMC_2026\RGMC\RGMC\data\map\robot25\images\0662.png,C:\Users\PC\Desktop\RGMC_2026\RGMC\RGMC\data\map\robot25\overlays\0662_overlay.png,C:\Users\PC\Desktop\RGMC_2026\RGMC\RGMC\data\map\robot25\masks\0662_mask.png
663,0.16625,0.625,0.0,303.91514437242193,103.43830787309048,1,0.0,0.0505937758331744,0.0459833368519278,1775908623.0754013,5,C:\Users\PC\Desktop\RGMC_2026\RGMC\RGMC\data\map\robot25\images\0663.png,C:\Users\PC\Desktop\RGMC_2026\RGMC\RGMC\data\map\robot25\overlays\0663_overlay.png,C:\Users\PC\Desktop\RGMC_2026\RGMC\RGMC\data\map\robot25\masks\0663_mask.png
664,0.195,0.625,0.0,303.32209302325583,116.73076923076924,1,0.0,0.0258301487665136,0.2231266781929606,1775908633.9146557,5,C:\Users\PC\Desktop\RGMC_2026\RGMC\RGMC\data\map\robot25\images\0664.png,C:\Users\PC\Desktop\RGMC_2026\RGMC\RGMC\data\map\robot25\overlays\0664_overlay.png,C:\Users\PC\Desktop\RGMC_2026\RGMC\RGMC\data\map\robot25\masks\0664_mask.png
665,0.22375,0.625,0.0,303.2103712433707,129.40721349621873,1,0.0,0.0306040677287058,0.0608992797607599,1775908644.7528822,5,C:\Users\PC\Desktop\RGMC_2026\RGMC\RGMC\data\map\robot25\images\0665.png,C:\Users\PC\Desktop\RGMC_2026\RGMC\RGMC\data\map\robot25\overlays\0665_overlay.png,C:\Users\PC\Desktop\RGMC_2026\RGMC\RGMC\data\map\robot25\masks\0665_mask.png
666,0.2525,0.625,0.0,301.79468325791856,142.59162895927602,1,0.0,0.0211149341774638,0.0324670929780571,1775908655.380786,5,C:\Users\PC\Desktop\RGMC_2026\RGMC\RGMC\data\map\robot25\images\0666.png,C:\Users\PC\Desktop\RGMC_2026\RGMC\RGMC\data\map\robot25\overlays\0666_overlay.png,C:\Users\PC\Desktop\RGMC_2026\RGMC\RGMC\data\map\robot25\masks\0666_mask.png
667,0.28125,0.625,0.0,301.8059118795315,155.17823431426984,1,0.0,0.0489517387664708,0.0765651042211436,1775908666.0859754,5,C:\Users\PC\Desktop\RGMC_2026\RGMC\RGMC\data\map\robot25\images\0667.png,C:\Users\PC\Desktop\RGMC_2026\RGMC\RGMC\data\map\robot25\overlays\0667_overlay.png,C:\Users\PC\Desktop\RGMC_2026\RGMC\RGMC\data\map\robot25\masks\0667_mask.png
668,0.31,0.625,0.0,301.54311821816106,167.58994860079954,1,0.0,0.0321697101574155,0.033836267886516,1775908677.0773196,5,C:\Users\PC\Desktop\RGMC_2026\RGMC\RGMC\data\map\robot25\images\0668.png,C:\Users\PC\Desktop\RGMC_2026\RGMC\RGMC\data\map\robot25\overlays\0668_overlay.png,C:\Users\PC\Desktop\RGMC_2026\RGMC\RGMC\data\map\robot25\masks\0668_mask.png
669,0.33875,0.625,0.0,301.7432432432432,180.1204954954955,1,0.0,0.0021956604491833,0.0130975764496838,1775908687.9910984,5,C:\Users\PC\Desktop\RGMC_2026\RGMC\RGMC\data\map\robot25\images\0669.png,C:\Users\PC\Desktop\RGMC_2026\RGMC\RGMC\data\map\robot25\overlays\0669_overlay.png,C:\Users\PC\Desktop\RGMC_2026\RGMC\RGMC\data\map\robot25\masks\0669_mask.png
670,0.3675,0.625,0.0,301.5859649122807,193.7453488372093,1,0.0,0.0287364956416326,0.0438405077682663,1775908699.0326967,5,C:\Users\PC\Desktop\RGMC_2026\RGMC\RGMC\data\map\robot25\images\0670.png,C:\Users\PC\Desktop\RGMC_2026\RGMC\RGMC\data\map\robot25\overlays\0670_overlay.png,C:\Users\PC\Desktop\RGMC_2026\RGMC\RGMC\data\map\robot25\masks\0670_mask.png
671,0.39625,0.625,0.0,301.4702857142857,206.3075157773953,1,0.0,0.0457490504130226,0.0486424794599461,1775908709.8548913,5,C:\Users\PC\Desktop\RGMC_2026\RGMC\RGMC\data\map\robot25\images\0671.png,C:\Users\PC\Desktop\RGMC_2026\RGMC\RGMC\data\map\robot25\overlays\0671_overlay.png,C:\Users\PC\Desktop\RGMC_2026\RGMC\RGMC\data\map\robot25\masks\0671_mask.png
672,0.425,0.625,0.0,301.4464692482916,218.8862343572241,1,0.0,0.0152763170215787,0.0321339462712371,1775908720.9591177,5,C:\Users\PC\Desktop\RGMC_2026\RGMC\RGMC\data\map\robot25\images\0672.png,C:\Users\PC\Desktop\RGMC_2026\RGMC\RGMC\data\map\robot25\overlays\0672_overlay.png,C:\Users\PC\Desktop\RGMC_2026\RGMC\RGMC\data\map\robot25\masks\0672_mask.png
673,0.45375,0.625,0.0,301.271954674221,231.2392290249433,1,0.0,0.0437445274661171,0.0457401919723728,1775908731.7250664,5,C:\Users\PC\Desktop\RGMC_2026\RGMC\RGMC\data\map\robot25\images\0673.png,C:\Users\PC\Desktop\RGMC_2026\RGMC\RGMC\data\map\robot25\overlays\0673_overlay.png,C:\Users\PC\Desktop\RGMC_2026\RGMC\RGMC\data\map\robot25\masks\0673_mask.png
674,0.4825,0.625,0.0,301.2801648028252,244.87345497351384,1,0.0,0.0279399744788239,0.0194016550091074,1775908742.729036,5,C:\Users\PC\Desktop\RGMC_2026\RGMC\RGMC\data\map\robot25\images\0674.png,C:\Users\PC\Desktop\RGMC_2026\RGMC\RGMC\data\map\robot25\overlays\0674_overlay.png,C:\Users\PC\Desktop\RGMC_2026\RGMC\RGMC\data\map\robot25\masks\0674_mask.png
675,0.51125,0.625,0.0,301.0011841326229,257.1609467455621,1,0.0,0.0137519310726779,0.0533362468974246,1775908753.5303097,5,C:\Users\PC\Desktop\RGMC_2026\RGMC\RGMC\data\map\robot25\images\0675.png,C:\Users\PC\Desktop\RGMC_2026\RGMC\RGMC\data\map\robot25\overlays\0675_overlay.png,C:\Users\PC\Desktop\RGMC_2026\RGMC\RGMC\data\map\robot25\masks\0675_mask.png
676,0.54,0.625,0.0,300.79232111692846,270.1873182082606,1,0.0,0.0229862896776884,0.0391413486614936,1775908764.2686222,5,C:\Users\PC\Desktop\RGMC_2026\RGMC\RGMC\data\map\robot25\images\0676.png,C:\Users\PC\Desktop\RGMC_2026\RGMC\RGMC\data\map\robot25\overlays\0676_overlay.png,C:\Users\PC\Desktop\RGMC_2026\RGMC\RGMC\data\map\robot25\masks\0676_mask.png
677,0.56875,0.625,0.0,300.7134502923977,282.7967479674797,1,0.0,0.594244045128111,0.0703980138438341,1775908775.306196,5,C:\Users\PC\Desktop\RGMC_2026\RGMC\RGMC\data\map\robot25\images\0677.png,C:\Users\PC\Desktop\RGMC_2026\RGMC\RGMC\data\map\robot25\overlays\0677_overlay.png,C:\Users\PC\Desktop\RGMC_2026\RGMC\RGMC\data\map\robot25\masks\0677_mask.png
678,0.5975,0.625,0.0,299.51854103343464,295.05323653962495,1,0.0,0.0339737187287138,0.0529148524717897,1775908786.2798295,5,C:\Users\PC\Desktop\RGMC_2026\RGMC\RGMC\data\map\robot25\images\0678.png,C:\Users\PC\Desktop\RGMC_2026\RGMC\RGMC\data\map\robot25\overlays\0678_overlay.png,C:\Users\PC\Desktop\RGMC_2026\RGMC\RGMC\data\map\robot25\masks\0678_mask.png
679,0.62625,0.625,0.0,299.48414634146343,307.73981762917936,1,0.0,0.0305799561644599,0.049529566384937,1775908797.3779376,5,C:\Users\PC\Desktop\RGMC_2026\RGMC\RGMC\data\map\robot25\images\0679.png,C:\Users\PC\Desktop\RGMC_2026\RGMC\RGMC\data\map\robot25\overlays\0679_overlay.png,C:\Users\PC\Desktop\RGMC_2026\RGMC\RGMC\data\map\robot25\masks\0679_mask.png
680,0.655,0.625,0.0,297.9966611018364,321.6470588235294,1,0.0,0.6078297521326681,0.4805446612059645,1775908808.553744,5,C:\Users\PC\Desktop\RGMC_2026\RGMC\RGMC\data\map\robot25\images\0680.png,C:\Users\PC\Desktop\RGMC_2026\RGMC\RGMC\data\map\robot25\overlays\0680_overlay.png,C:\Users\PC\Desktop\RGMC_2026\RGMC\RGMC\data\map\robot25\masks\0680_mask.png
681,0.68375,0.625,0.0,297.7658227848101,334.1725331794576,1,0.0,0.0298351291521818,0.0277232817253708,1775908819.472445,5,C:\Users\PC\Desktop\RGMC_2026\RGMC\RGMC\data\map\robot25\images\0681.png,C:\Users\PC\Desktop\RGMC_2026\RGMC\RGMC\data\map\robot25\overlays\0681_overlay.png,C:\Users\PC\Desktop\RGMC_2026\RGMC\RGMC\data\map\robot25\masks\0681_mask.png
682,0.7125,0.625,0.0,297.5959420289855,346.4371742906775,1,0.0,0.0080168019716732,0.0354213246745034,1775908830.566592,5,C:\Users\PC\Desktop\RGMC_2026\RGMC\RGMC\data\map\robot25\images\0682.png,C:\Users\PC\Desktop\RGMC_2026\RGMC\RGMC\data\map\robot25\overlays\0682_overlay.png,C:\Users\PC\Desktop\RGMC_2026\RGMC\RGMC\data\map\robot25\masks\0682_mask.png
683,0.74125,0.625,0.0,297.4451464675474,359.0994824611846,1,0.0,0.0175852985499765,0.0302107902441388,1775908841.736019,5,C:\Users\PC\Desktop\RGMC_2026\RGMC\RGMC\data\map\robot25\images\0683.png,C:\Users\PC\Desktop\RGMC_2026\RGMC\RGMC\data\map\robot25\overlays\0683_overlay.png,C:\Users\PC\Desktop\RGMC_2026\RGMC\RGMC\data\map\robot25\masks\0683_mask.png
684,0.77,0.625,0.0,297.35590277777777,372.1147635524798,1,0.0,0.0156876048829902,0.0498899063176648,1775908853.316713,5,C:\Users\PC\Desktop\RGMC_2026\RGMC\RGMC\data\map\robot25\images\0684.png,C:\Users\PC\Desktop\RGMC_2026\RGMC\RGMC\data\map\robot25\overlays\0684_overlay.png,C:\Users\PC\Desktop\RGMC_2026\RGMC\RGMC\data\map\robot25\masks\0684_mask.png
685,0.79875,0.625,0.0,297.233918128655,385.70977179637214,1,0.0,0.0187324346958164,0.051319032955329,1775908864.4950492,5,C:\Users\PC\Desktop\RGMC_2026\RGMC\RGMC\data\map\robot25\images\0685.png,C:\Users\PC\Desktop\RGMC_2026\RGMC\RGMC\data\map\robot25\overlays\0685_overlay.png,C:\Users\PC\Desktop\RGMC_2026\RGMC\RGMC\data\map\robot25\masks\0685_mask.png
686,0.8275,0.625,0.0,297.1244212962963,398.4571759259259,1,0.0,0.0226884756590159,0.0241761425825156,1775908875.4932415,5,C:\Users\PC\Desktop\RGMC_2026\RGMC\RGMC\data\map\robot25\images\0686.png,C:\Users\PC\Desktop\RGMC_2026\RGMC\RGMC\data\map\robot25\overlays\0686_overlay.png,C:\Users\PC\Desktop\RGMC_2026\RGMC\RGMC\data\map\robot25\masks\0686_mask.png
687,0.85625,0.625,0.0,297.05542590431736,411.0076067875951,1,0.0,0.025367428475039,0.0260982897654772,1775908886.153489,5,C:\Users\PC\Desktop\RGMC_2026\RGMC\RGMC\data\map\robot25\images\0687.png,C:\Users\PC\Desktop\RGMC_2026\RGMC\RGMC\data\map\robot25\overlays\0687_overlay.png,C:\Users\PC\Desktop\RGMC_2026\RGMC\RGMC\data\map\robot25\masks\0687_mask.png
688,0.885,0.625,0.0,296.6591173054588,423.4282393957002,1,0.0,0.0229863651929332,0.0193269320174764,1775908897.1923468,5,C:\Users\PC\Desktop\RGMC_2026\RGMC\RGMC\data\map\robot25\images\0688.png,C:\Users\PC\Desktop\RGMC_2026\RGMC\RGMC\data\map\robot25\overlays\0688_overlay.png,C:\Users\PC\Desktop\RGMC_2026\RGMC\RGMC\data\map\robot25\masks\0688_mask.png
689,0.91375,0.625,0.0,296.69447779111647,436.9189675870348,1,0.0,0.0361587478442101,0.0460491606743623,1775908907.9674778,5,C:\Users\PC\Desktop\RGMC_2026\RGMC\RGMC\data\map\robot25\images\0689.png,C:\Users\PC\Desktop\RGMC_2026\RGMC\RGMC\data\map\robot25\overlays\0689_overlay.png,C:\Users\PC\Desktop\RGMC_2026\RGMC\RGMC\data\map\robot25\masks\0689_mask.png
690,0.9425,0.625,0.0,295.5327564894932,449.8303516347933,1,0.0,0.2468106649481638,0.0759167396886075,1775908918.8171625,5,C:\Users\PC\Desktop\RGMC_2026\RGMC\RGMC\data\map\robot25\images\0690.png,C:\Users\PC\Desktop\RGMC_2026\RGMC\RGMC\data\map\robot25\overlays\0690_overlay.png,C:\Users\PC\Desktop\RGMC_2026\RGMC\RGMC\data\map\robot25\masks\0690_mask.png
691,0.97125,0.625,0.0,295.45,459.4090277777778,1,0.0,0.0321676425514448,0.0321845506283072,1775908930.1174457,5,C:\Users\PC\Desktop\RGMC_2026\RGMC\RGMC\data\map\robot25\images\0691.png,C:\Users\PC\Desktop\RGMC_2026\RGMC\RGMC\data\map\robot25\overlays\0691_overlay.png,C:\Users\PC\Desktop\RGMC_2026\RGMC\RGMC\data\map\robot25\masks\0691_mask.png
694,0.97125,0.65625,0.0,281.3817589576547,460.0441845354126,1,0.0,0.0250417470781988,0.0564486535605048,1775908962.6286137,5,C:\Users\PC\Desktop\RGMC_2026\RGMC\RGMC\data\map\robot25\images\0694.png,C:\Users\PC\Desktop\RGMC_2026\RGMC\RGMC\data\map\robot25\overlays\0694_overlay.png,C:\Users\PC\Desktop\RGMC_2026\RGMC\RGMC\data\map\robot25\masks\0694_mask.png
695,0.9425,0.65625,0.0,281.5609329446064,449.9375,1,0.0,0.0191416815722216,0.04230487989768,1775908973.4752765,5,C:\Users\PC\Desktop\RGMC_2026\RGMC\RGMC\data\map\robot25\images\0695.png,C:\Users\PC\Desktop\RGMC_2026\RGMC\RGMC\data\map\robot25\overlays\0695_overlay.png,C:\Users\PC\Desktop\RGMC_2026\RGMC\RGMC\data\map\robot25\masks\0695_mask.png
696,0.91375,0.65625,0.0,281.6380441264162,437.21296847114814,1,0.0,0.0552006214371282,0.053287478223223,1775908984.348519,5,C:\Users\PC\Desktop\RGMC_2026\RGMC\RGMC\data\map\robot25\images\0696.png,C:\Users\PC\Desktop\RGMC_2026\RGMC\RGMC\data\map\robot25\overlays\0696_overlay.png,C:\Users\PC\Desktop\RGMC_2026\RGMC\RGMC\data\map\robot25\masks\0696_mask.png
697,0.885,0.65625,0.0,283.0929663608563,423.84648318042815,1,0.0,0.5023652300467385,0.0563958641792439,1775908995.1937914,5,C:\Users\PC\Desktop\RGMC_2026\RGMC\RGMC\data\map\robot25\images\0697.png,C:\Users\PC\Desktop\RGMC_2026\RGMC\RGMC\data\map\robot25\overlays\0697_overlay.png,C:\Users\PC\Desktop\RGMC_2026\RGMC\RGMC\data\map\robot25\masks\0697_mask.png
698,0.85625,0.65625,0.0,284.05743043220843,411.1788040260509,1,0.0,0.0225792792042708,0.0462511248714227,1775909006.1755383,5,C:\Users\PC\Desktop\RGMC_2026\RGMC\RGMC\data\map\robot25\images\0698.png,C:\Users\PC\Desktop\RGMC_2026\RGMC\RGMC\data\map\robot25\overlays\0698_overlay.png,C:\Users\PC\Desktop\RGMC_2026\RGMC\RGMC\data\map\robot25\masks\0698_mask.png
699,0.8275,0.65625,0.0,283.39599757428743,398.7989097516656,1,0.0,0.0193170839263458,0.0187894567442347,1775909017.2100582,5,C:\Users\PC\Desktop\RGMC_2026\RGMC\RGMC\data\map\robot25\images\0699.png,C:\Users\PC\Desktop\RGMC_2026\RGMC\RGMC\data\map\robot25\overlays\0699_overlay.png,C:\Users\PC\Desktop\RGMC_2026\RGMC\RGMC\data\map\robot25\masks\0699_mask.png
700,0.79875,0.65625,0.0,284.28807556080284,385.9136817381092,1,0.0,0.0391446390325273,0.0413730218961886,1775909028.566785,5,C:\Users\PC\Desktop\RGMC_2026\RGMC\RGMC\data\map\robot25\images\0700.png,C:\Users\PC\Desktop\RGMC_2026\RGMC\RGMC\data\map\robot25\overlays\0700_overlay.png,C:\Users\PC\Desktop\RGMC_2026\RGMC\RGMC\data\map\robot25\masks\0700_mask.png
701,0.77,0.65625,0.0,284.3991442542787,372.880195599022,1,0.0,0.0208498543535341,0.1121061833515565,1775909039.6578689,5,C:\Users\PC\Desktop\RGMC_2026\RGMC\RGMC\data\map\robot25\images\0701.png,C:\Users\PC\Desktop\RGMC_2026\RGMC\RGMC\data\map\robot25\overlays\0701_overlay.png,C:\Users\PC\Desktop\RGMC_2026\RGMC\RGMC\data\map\robot25\masks\0701_mask.png
702,0.74125,0.65625,0.0,284.431712962963,359.3193083573487,1,0.0,0.0308470977985549,0.0454205595966821,1775909050.8425856,5,C:\Users\PC\Desktop\RGMC_2026\RGMC\RGMC\data\map\robot25\images\0702.png,C:\Users\PC\Desktop\RGMC_2026\RGMC\RGMC\data\map\robot25\overlays\0702_overlay.png,C:\Users\PC\Desktop\RGMC_2026\RGMC\RGMC\data\map\robot25\masks\0702_mask.png
703,0.7125,0.65625,0.0,284.6290509259259,346.75347222222223,1,0.0,0.0449553372070512,0.0436698025927762,1775909062.0059252,5,C:\Users\PC\Desktop\RGMC_2026\RGMC\RGMC\data\map\robot25\images\0703.png,C:\Users\PC\Desktop\RGMC_2026\RGMC\RGMC\data\map\robot25\overlays\0703_overlay.png,C:\Users\PC\Desktop\RGMC_2026\RGMC\RGMC\data\map\robot25\masks\0703_mask.png
704,0.68375,0.65625,0.0,284.8316946211683,334.3742047426258,1,0.0,0.0118191829691198,0.0280701916428963,1775909073.0437098,5,C:\Users\PC\Desktop\RGMC_2026\RGMC\RGMC\data\map\robot25\images\0704.png,C:\Users\PC\Desktop\RGMC_2026\RGMC\RGMC\data\map\robot25\overlays\0704_overlay.png,C:\Users\PC\Desktop\RGMC_2026\RGMC\RGMC\data\map\robot25\masks\0704_mask.png
705,0.655,0.65625,0.0,285.04767441860463,321.853488372093,1,0.0,0.0200728563520812,0.0513981915261897,1775909084.483641,5,C:\Users\PC\Desktop\RGMC_2026\RGMC\RGMC\data\map\robot25\images\0705.png,C:\Users\PC\Desktop\RGMC_2026\RGMC\RGMC\data\map\robot25\overlays\0705_overlay.png,C:\Users\PC\Desktop\RGMC_2026\RGMC\RGMC\data\map\robot25\masks\0705_mask.png
706,0.62625,0.65625,0.0,285.38044758539456,308.9652736904061,1,0.0,0.016629617295525,0.0408151414073801,1775909095.8963976,5,C:\Users\PC\Desktop\RGMC_2026\RGMC\RGMC\data\map\robot25\images\0706.png,C:\Users\PC\Desktop\RGMC_2026\RGMC\RGMC\data\map\robot25\overlays\0706_overlay.png,C:\Users\PC\Desktop\RGMC_2026\RGMC\RGMC\data\map\robot25\masks\0706_mask.png
707,0.5975,0.65625,0.0,285.4361459521095,295.5558722919042,1,0.0,0.0261069375370185,0.0344000599648264,1775909107.1728225,5,C:\Users\PC\Desktop\RGMC_2026\RGMC\RGMC\data\map\robot25\images\0707.png,C:\Users\PC\Desktop\RGMC_2026\RGMC\RGMC\data\map\robot25\overlays\0707_overlay.png,C:\Users\PC\Desktop\RGMC_2026\RGMC\RGMC\data\map\robot25\masks\0707_mask.png
708,0.56875,0.65625,0.0,285.72612921669526,282.7932222860425,1,0.0,0.0123041890709148,0.0560005203042254,1775909118.0770333,5,C:\Users\PC\Desktop\RGMC_2026\RGMC\RGMC\data\map\robot25\images\0708.png,C:\Users\PC\Desktop\RGMC_2026\RGMC\RGMC\data\map\robot25\overlays\0708_overlay.png,C:\Users\PC\Desktop\RGMC_2026\RGMC\RGMC\data\map\robot25\masks\0708_mask.png
709,0.54,0.65625,0.0,285.7669735327963,270.31703107019564,1,0.0,0.0298403473332675,0.0510360156586032,1775909130.3842163,5,C:\Users\PC\Desktop\RGMC_2026\RGMC\RGMC\data\map\robot25\images\0709.png,C:\Users\PC\Desktop\RGMC_2026\RGMC\RGMC\data\map\robot25\overlays\0709_overlay.png,C:\Users\PC\Desktop\RGMC_2026\RGMC\RGMC\data\map\robot25\masks\0709_mask.png
710,0.51125,0.65625,0.0,286.54934398174555,257.4154727793696,1,0.0,0.0723718483391091,0.0430618679037116,1775909142.705454,5,C:\Users\PC\Desktop\RGMC_2026\RGMC\RGMC\data\map\robot25\images\0710.png,C:\Users\PC\Desktop\RGMC_2026\RGMC\RGMC\data\map\robot25\overlays\0710_overlay.png,C:\Users\PC\Desktop\RGMC_2026\RGMC\RGMC\data\map\robot25\masks\0710_mask.png
711,0.4825,0.65625,0.0,287.0295857988166,243.91608391608392,1,0.0,0.0654337979755665,0.4702001569702324,1775909153.5208993,5,C:\Users\PC\Desktop\RGMC_2026\RGMC\RGMC\data\map\robot25\images\0711.png,C:\Users\PC\Desktop\RGMC_2026\RGMC\RGMC\data\map\robot25\overlays\0711_overlay.png,C:\Users\PC\Desktop\RGMC_2026\RGMC\RGMC\data\map\robot25\masks\0711_mask.png
712,0.45375,0.65625,0.0,287.1237731733915,231.61165577342047,1,0.0,0.0640189107031411,0.0422001774994296,1775909164.421803,5,C:\Users\PC\Desktop\RGMC_2026\RGMC\RGMC\data\map\robot25\images\0712.png,C:\Users\PC\Desktop\RGMC_2026\RGMC\RGMC\data\map\robot25\overlays\0712_overlay.png,C:\Users\PC\Desktop\RGMC_2026\RGMC\RGMC\data\map\robot25\masks\0712_mask.png
713,0.425,0.65625,0.0,287.3488499452355,218.9618943930321,1,0.0,0.0331335644676532,0.0689986016732943,1775909180.5370998,5,C:\Users\PC\Desktop\RGMC_2026\RGMC\RGMC\data\map\robot25\images\0713.png,C:\Users\PC\Desktop\RGMC_2026\RGMC\RGMC\data\map\robot25\overlays\0713_overlay.png,C:\Users\PC\Desktop\RGMC_2026\RGMC\RGMC\data\map\robot25\masks\0713_mask.png
714,0.39625,0.65625,0.0,288.6126436781609,206.55172413793105,1,0.0,0.0235078513074084,0.0450729023815085,1775909191.353687,5,C:\Users\PC\Desktop\RGMC_2026\RGMC\RGMC\data\map\robot25\images\0714.png,C:\Users\PC\Desktop\RGMC_2026\RGMC\RGMC\data\map\robot25\overlays\0714_overlay.png,C:\Users\PC\Desktop\RGMC_2026\RGMC\RGMC\data\map\robot25\masks\0714_mask.png
715,0.3675,0.65625,0.0,288.735860058309,193.8223645894001,1,0.0,0.0149186157583755,0.0253723409892884,1775909201.9883554,5,C:\Users\PC\Desktop\RGMC_2026\RGMC\RGMC\data\map\robot25\images\0715.png,C:\Users\PC\Desktop\RGMC_2026\RGMC\RGMC\data\map\robot25\overlays\0715_overlay.png,C:\Users\PC\Desktop\RGMC_2026\RGMC\RGMC\data\map\robot25\masks\0715_mask.png
716,0.33875,0.65625,0.0,288.88647746243737,180.58263772954925,1,0.0,0.0235140944559245,0.0465550354189684,1775909214.2916691,5,C:\Users\PC\Desktop\RGMC_2026\RGMC\RGMC\data\map\robot25\images\0716.png,C:\Users\PC\Desktop\RGMC_2026\RGMC\RGMC\data\map\robot25\overlays\0716_overlay.png,C:\Users\PC\Desktop\RGMC_2026\RGMC\RGMC\data\map\robot25\masks\0716_mask.png
717,0.31,0.65625,0.0,288.8043602983362,167.7616312464101,1,0.0,0.0294336898725791,0.0927268550162545,1775909225.3323307,5,C:\Users\PC\Desktop\RGMC_2026\RGMC\RGMC\data\map\robot25\images\0717.png,C:\Users\PC\Desktop\RGMC_2026\RGMC\RGMC\data\map\robot25\overlays\0717_overlay.png,C:\Users\PC\Desktop\RGMC_2026\RGMC\RGMC\data\map\robot25\masks\0717_mask.png
718,0.28125,0.65625,0.0,289.06285390713475,155.32446206115517,1,0.0,0.0227621621343564,0.0367707002301243,1775909236.0559273,5,C:\Users\PC\Desktop\RGMC_2026\RGMC\RGMC\data\map\robot25\images\0718.png,C:\Users\PC\Desktop\RGMC_2026\RGMC\RGMC\data\map\robot25\overlays\0718_overlay.png,C:\Users\PC\Desktop\RGMC_2026\RGMC\RGMC\data\map\robot25\masks\0718_mask.png
719,0.2525,0.65625,0.0,289.0874717832957,142.90349887133183,1,0.0,0.0071188657946095,0.0193682665365604,1775909246.8654666,5,C:\Users\PC\Desktop\RGMC_2026\RGMC\RGMC\data\map\robot25\images\0719.png,C:\Users\PC\Desktop\RGMC_2026\RGMC\RGMC\data\map\robot25\overlays\0719_overlay.png,C:\Users\PC\Desktop\RGMC_2026\RGMC\RGMC\data\map\robot25\masks\0719_mask.png
720,0.22375,0.65625,0.0,289.1788888888889,129.539226519337,1,0.0,0.0496616913766477,0.1051722041194057,1775909260.5608869,5,C:\Users\PC\Desktop\RGMC_2026\RGMC\RGMC\data\map\robot25\images\0720.png,C:\Users\PC\Desktop\RGMC_2026\RGMC\RGMC\data\map\robot25\overlays\0720_overlay.png,C:\Users\PC\Desktop\RGMC_2026\RGMC\RGMC\data\map\robot25\masks\0720_mask.png
721,0.195,0.65625,0.0,289.3674598782512,116.9573879358052,1,0.0,0.0375442925062536,0.0357676357223167,1775909271.359243,5,C:\Users\PC\Desktop\RGMC_2026\RGMC\RGMC\data\map\robot25\images\0721.png,C:\Users\PC\Desktop\RGMC_2026\RGMC\RGMC\data\map\robot25\overlays\0721_overlay.png,C:\Users\PC\Desktop\RGMC_2026\RGMC\RGMC\data\map\robot25\masks\0721_mask.png
722,0.16625,0.65625,0.0,289.45565410199555,103.748469671675,1,0.0,0.0148688587610815,0.0758390695273852,1775909282.5248344,5,C:\Users\PC\Desktop\RGMC_2026\RGMC\RGMC\data\map\robot25\images\0722.png,C:\Users\PC\Desktop\RGMC_2026\RGMC\RGMC\data\map\robot25\overlays\0722_overlay.png,C:\Users\PC\Desktop\RGMC_2026\RGMC\RGMC\data\map\robot25\masks\0722_mask.png
723,0.1375,0.65625,0.0,289.7084708470847,91.2010989010989,1,0.0,0.0298993934264404,0.0173393114141501,1775909293.336378,5,C:\Users\PC\Desktop\RGMC_2026\RGMC\RGMC\data\map\robot25\images\0723.png,C:\Users\PC\Desktop\RGMC_2026\RGMC\RGMC\data\map\robot25\overlays\0723_overlay.png,C:\Users\PC\Desktop\RGMC_2026\RGMC\RGMC\data\map\robot25\masks\0723_mask.png
724,0.10875,0.65625,0.0,289.71142061281336,78.85849582172702,1,0.0,0.0252171838965132,0.0147763841349299,1775909304.3790464,5,C:\Users\PC\Desktop\RGMC_2026\RGMC\RGMC\data\map\robot25\images\0724.png,C:\Users\PC\Desktop\RGMC_2026\RGMC\RGMC\data\map\robot25\overlays\0724_overlay.png,C:\Users\PC\Desktop\RGMC_2026\RGMC\RGMC\data\map\robot25\masks\0724_mask.png
725,0.08,0.65625,0.0,289.8938819707634,65.2164058283864,1,0.0,0.0257895338401207,0.0950972053827731,1775909315.2731564,5,C:\Users\PC\Desktop\RGMC_2026\RGMC\RGMC\data\map\robot25\images\0725.png,C:\Users\PC\Desktop\RGMC_2026\RGMC\RGMC\data\map\robot25\overlays\0725_overlay.png,C:\Users\PC\Desktop\RGMC_2026\RGMC\RGMC\data\map\robot25\masks\0725_mask.png
726,0.08,0.6875,0.0,276.87479316050747,64.75841147269719,1,0.0,0.0633536366138913,0.0461290942763347,1775909326.229087,5,C:\Users\PC\Desktop\RGMC_2026\RGMC\RGMC\data\map\robot25\images\0726.png,C:\Users\PC\Desktop\RGMC_2026\RGMC\RGMC\data\map\robot25\overlays\0726_overlay.png,C:\Users\PC\Desktop\RGMC_2026\RGMC\RGMC\data\map\robot25\masks\0726_mask.png
727,0.10875,0.6875,0.0,276.7487380818845,77.49130678631519,1,0.0,0.0276148823596089,0.3651349091586088,1775909338.8330843,5,C:\Users\PC\Desktop\RGMC_2026\RGMC\RGMC\data\map\robot25\images\0727.png,C:\Users\PC\Desktop\RGMC_2026\RGMC\RGMC\data\map\robot25\overlays\0727_overlay.png,C:\Users\PC\Desktop\RGMC_2026\RGMC\RGMC\data\map\robot25\masks\0727_mask.png
728,0.1375,0.6875,0.0,276.52848279751834,90.82456140350877,1,0.0,0.0319674484014117,0.0692984666080369,1775909350.297371,5,C:\Users\PC\Desktop\RGMC_2026\RGMC\RGMC\data\map\robot25\images\0728.png,C:\Users\PC\Desktop\RGMC_2026\RGMC\RGMC\data\map\robot25\overlays\0728_overlay.png,C:\Users\PC\Desktop\RGMC_2026\RGMC\RGMC\data\map\robot25\masks\0728_mask.png
729,0.16625,0.6875,0.0,275.3707462686567,103.41239436619718,1,0.0,0.6163692074267795,0.1058950110028821,1775909365.020395,5,C:\Users\PC\Desktop\RGMC_2026\RGMC\RGMC\data\map\robot25\images\0729.png,C:\Users\PC\Desktop\RGMC_2026\RGMC\RGMC\data\map\robot25\overlays\0729_overlay.png,C:\Users\PC\Desktop\RGMC_2026\RGMC\RGMC\data\map\robot25\masks\0729_mask.png
730,0.195,0.6875,0.0,275.4991055456172,116.10894020130254,1,0.0,0.269539000426883,0.1184559322330114,1775909375.80019,5,C:\Users\PC\Desktop\RGMC_2026\RGMC\RGMC\data\map\robot25\images\0730.png,C:\Users\PC\Desktop\RGMC_2026\RGMC\RGMC\data\map\robot25\overlays\0730_overlay.png,C:\Users\PC\Desktop\RGMC_2026\RGMC\RGMC\data\map\robot25\masks\0730_mask.png
731,0.22375,0.6875,0.0,274.00442477876106,128.85399284862933,1,0.0,0.6066686868672323,0.0706064025368016,1775909392.2098958,5,C:\Users\PC\Desktop\RGMC_2026\RGMC\RGMC\data\map\robot25\images\0731.png,C:\Users\PC\Desktop\RGMC_2026\RGMC\RGMC\data\map\robot25\overlays\0731_overlay.png,C:\Users\PC\Desktop\RGMC_2026\RGMC\RGMC\data\map\robot25\masks\0731_mask.png
732,0.2525,0.6875,0.0,273.8279816513761,142.26620768789442,1,0.0,0.0293901305773962,0.04153867703065,1775909403.169145,5,C:\Users\PC\Desktop\RGMC_2026\RGMC\RGMC\data\map\robot25\images\0732.png,C:\Users\PC\Desktop\RGMC_2026\RGMC\RGMC\data\map\robot25\overlays\0732_overlay.png,C:\Users\PC\Desktop\RGMC_2026\RGMC\RGMC\data\map\robot25\masks\0732_mask.png
733,0.28125,0.6875,0.0,273.8067988668555,154.64705882352942,1,0.0,0.0278941339285408,0.0636143235157473,1775909414.101533,5,C:\Users\PC\Desktop\RGMC_2026\RGMC\RGMC\data\map\robot25\images\0733.png,C:\Users\PC\Desktop\RGMC_2026\RGMC\RGMC\data\map\robot25\overlays\0733_overlay.png,C:\Users\PC\Desktop\RGMC_2026\RGMC\RGMC\data\map\robot25\masks\0733_mask.png
734,0.31,0.6875,0.0,273.546218487395,167.11148459383753,1,0.0,0.0239491325614617,0.0451314423388715,1775909425.096396,5,C:\Users\PC\Desktop\RGMC_2026\RGMC\RGMC\data\map\robot25\images\0734.png,C:\Users\PC\Desktop\RGMC_2026\RGMC\RGMC\data\map\robot25\overlays\0734_overlay.png,C:\Users\PC\Desktop\RGMC_2026\RGMC\RGMC\data\map\robot25\masks\0734_mask.png
735,0.33875,0.6875,0.0,273.85714285714283,179.83786848072563,1,0.0,0.0176417581904087,0.020614729399598,1775909436.2661266,5,C:\Users\PC\Desktop\RGMC_2026\RGMC\RGMC\data\map\robot25\images\0735.png,C:\Users\PC\Desktop\RGMC_2026\RGMC\RGMC\data\map\robot25\overlays\0735_overlay.png,C:\Users\PC\Desktop\RGMC_2026\RGMC\RGMC\data\map\robot25\masks\0735_mask.png
736,0.3675,0.6875,0.0,273.78846153846155,193.3284799068142,1,0.0,0.0079867015748986,0.0338151882013723,1775909447.1195934,5,C:\Users\PC\Desktop\RGMC_2026\RGMC\RGMC\data\map\robot25\images\0736.png,C:\Users\PC\Desktop\RGMC_2026\RGMC\RGMC\data\map\robot25\overlays\0736_overlay.png,C:\Users\PC\Desktop\RGMC_2026\RGMC\RGMC\data\map\robot25\masks\0736_mask.png
737,0.39625,0.6875,0.0,273.7408466819222,206.05094447624495,1,0.0,0.0257649577592728,0.0395940713114414,1775909458.0264564,5,C:\Users\PC\Desktop\RGMC_2026\RGMC\RGMC\data\map\robot25\images\0737.png,C:\Users\PC\Desktop\RGMC_2026\RGMC\RGMC\data\map\robot25\overlays\0737_overlay.png,C:\Users\PC\Desktop\RGMC_2026\RGMC\RGMC\data\map\robot25\masks\0737_mask.png
738,0.425,0.6875,0.0,273.5666094911378,218.51915380217267,1,0.0,0.0065993241698967,0.0110535022364867,1775909469.083695,5,C:\Users\PC\Desktop\RGMC_2026\RGMC\RGMC\data\map\robot25\images\0738.png,C:\Users\PC\Desktop\RGMC_2026\RGMC\RGMC\data\map\robot25\overlays\0738_overlay.png,C:\Users\PC\Desktop\RGMC_2026\RGMC\RGMC\data\map\robot25\masks\0738_mask.png
739,0.45375,0.6875,0.0,273.2788083192805,231.0191226096738,1,0.0,0.0130538531351057,0.0107159681633859,1775909479.7573738,5,C:\Users\PC\Desktop\RGMC_2026\RGMC\RGMC\data\map\robot25\images\0739.png,C:\Users\PC\Desktop\RGMC_2026\RGMC\RGMC\data\map\robot25\overlays\0739_overlay.png,C:\Users\PC\Desktop\RGMC_2026\RGMC\RGMC\data\map\robot25\masks\0739_mask.png
740,0.4825,0.6875,0.0,273.0855188141391,243.59431818181815,1,0.0,0.0274032335091373,0.0615715422554412,1775909490.5161562,5,C:\Users\PC\Desktop\RGMC_2026\RGMC\RGMC\data\map\robot25\images\0740.png,C:\Users\PC\Desktop\RGMC_2026\RGMC\RGMC\data\map\robot25\overlays\0740_overlay.png,C:\Users\PC\Desktop\RGMC_2026\RGMC\RGMC\data\map\robot25\masks\0740_mask.png
741,0.51125,0.6875,0.0,272.8602022605592,256.75015015015015,1,0.0,0.0249649290355342,0.1525694006104447,1775909501.4041498,5,C:\Users\PC\Desktop\RGMC_2026\RGMC\RGMC\data\map\robot25\images\0741.png,C:\Users\PC\Desktop\RGMC_2026\RGMC\RGMC\data\map\robot25\overlays\0741_overlay.png,C:\Users\PC\Desktop\RGMC_2026\RGMC\RGMC\data\map\robot25\masks\0741_mask.png
742,0.54,0.6875,0.0,272.8698190309399,269.87784921098773,1,0.0,0.0357000927292939,0.0467338908291089,1775909512.2129045,5,C:\Users\PC\Desktop\RGMC_2026\RGMC\RGMC\data\map\robot25\images\0742.png,C:\Users\PC\Desktop\RGMC_2026\RGMC\RGMC\data\map\robot25\overlays\0742_overlay.png,C:\Users\PC\Desktop\RGMC_2026\RGMC\RGMC\data\map\robot25\masks\0742_mask.png
743,0.56875,0.6875,0.0,272.6045828437133,282.6662749706228,1,0.0,0.028048385558523,0.0203950574906222,1775909523.195324,5,C:\Users\PC\Desktop\RGMC_2026\RGMC\RGMC\data\map\robot25\images\0743.png,C:\Users\PC\Desktop\RGMC_2026\RGMC\RGMC\data\map\robot25\overlays\0743_overlay.png,C:\Users\PC\Desktop\RGMC_2026\RGMC\RGMC\data\map\robot25\masks\0743_mask.png
744,0.5975,0.6875,0.0,272.42049469964667,295.12956419316845,1,0.0,0.0238748917805598,0.0284740157128054,1775909533.926105,5,C:\Users\PC\Desktop\RGMC_2026\RGMC\RGMC\data\map\robot25\images\0744.png,C:\Users\PC\Desktop\RGMC_2026\RGMC\RGMC\data\map\robot25\overlays\0744_overlay.png,C:\Users\PC\Desktop\RGMC_2026\RGMC\RGMC\data\map\robot25\masks\0744_mask.png
745,0.62625,0.6875,0.0,271.02407614781634,307.56935933147633,1,0.0,0.4121286661247702,0.036344582652671,1775909544.7848248,5,C:\Users\PC\Desktop\RGMC_2026\RGMC\RGMC\data\map\robot25\images\0745.png,C:\Users\PC\Desktop\RGMC_2026\RGMC\RGMC\data\map\robot25\overlays\0745_overlay.png,C:\Users\PC\Desktop\RGMC_2026\RGMC\RGMC\data\map\robot25\masks\0745_mask.png
746,0.655,0.6875,0.0,271.2514249525016,321.1494616846105,1,0.0,0.5222929788578233,0.0941685627925249,1775909555.4645324,5,C:\Users\PC\Desktop\RGMC_2026\RGMC\RGMC\data\map\robot25\images\0746.png,C:\Users\PC\Desktop\RGMC_2026\RGMC\RGMC\data\map\robot25\overlays\0746_overlay.png,C:\Users\PC\Desktop\RGMC_2026\RGMC\RGMC\data\map\robot25\masks\0746_mask.png
747,0.68375,0.6875,0.0,269.8726224783862,333.91661971830985,1,0.0,0.2315168413947912,0.0497352354208943,1775909566.2931278,5,C:\Users\PC\Desktop\RGMC_2026\RGMC\RGMC\data\map\robot25\images\0747.png,C:\Users\PC\Desktop\RGMC_2026\RGMC\RGMC\data\map\robot25\overlays\0747_overlay.png,C:\Users\PC\Desktop\RGMC_2026\RGMC\RGMC\data\map\robot25\masks\0747_mask.png
748,0.7125,0.6875,0.0,269.7056474614946,346.59437751004015,1,0.0,0.0113651130328982,0.1006781350919911,1775909577.4794164,5,C:\Users\PC\Desktop\RGMC_2026\RGMC\RGMC\data\map\robot25\images\0748.png,C:\Users\PC\Desktop\RGMC_2026\RGMC\RGMC\data\map\robot25\overlays\0748_overlay.png,C:\Users\PC\Desktop\RGMC_2026\RGMC\RGMC\data\map\robot25\masks\0748_mask.png
749,0.74125,0.6875,0.0,269.4810562571757,359.17660550458714,1,0.0,0.0510169161479187,0.0796084566241849,1775909588.5512197,5,C:\Users\PC\Desktop\RGMC_2026\RGMC\RGMC\data\map\robot25\images\0749.png,C:\Users\PC\Desktop\RGMC_2026\RGMC\RGMC\data\map\robot25\overlays\0749_overlay.png,C:\Users\PC\Desktop\RGMC_2026\RGMC\RGMC\data\map\robot25\masks\0749_mask.png
750,0.77,0.6875,0.0,269.4436218678816,371.7657402155417,1,0.0,0.038122652504245,0.0519259630281886,1775909599.6630714,5,C:\Users\PC\Desktop\RGMC_2026\RGMC\RGMC\data\map\robot25\images\0750.png,C:\Users\PC\Desktop\RGMC_2026\RGMC\RGMC\data\map\robot25\overlays\0750_overlay.png,C:\Users\PC\Desktop\RGMC_2026\RGMC\RGMC\data\map\robot25\masks\0750_mask.png
751,0.79875,0.6875,0.0,269.33725029377206,385.43280047365306,1,0.0,0.0283670725039151,0.0533894775283048,1775909610.6414294,5,C:\Users\PC\Desktop\RGMC_2026\RGMC\RGMC\data\map\robot25\images\0751.png,C:\Users\PC\Desktop\RGMC_2026\RGMC\RGMC\data\map\robot25\overlays\0751_overlay.png,C:\Users\PC\Desktop\RGMC_2026\RGMC\RGMC\data\map\robot25\masks\0751_mask.png
752,0.8275,0.6875,0.0,269.1542491268917,398.3771827706636,1,0.0,0.0124730855691873,0.03335034110246,1775909621.913208,5,C:\Users\PC\Desktop\RGMC_2026\RGMC\RGMC\data\map\robot25\images\0752.png,C:\Users\PC\Desktop\RGMC_2026\RGMC\RGMC\data\map\robot25\overlays\0752_overlay.png,C:\Users\PC\Desktop\RGMC_2026\RGMC\RGMC\data\map\robot25\masks\0752_mask.png
753,0.85625,0.6875,0.0,269.2072662298987,410.6408576533651,1,0.0,0.0129870023151798,0.0470649653901153,1775909632.8618636,5,C:\Users\PC\Desktop\RGMC_2026\RGMC\RGMC\data\map\robot25\images\0753.png,C:\Users\PC\Desktop\RGMC_2026\RGMC\RGMC\data\map\robot25\overlays\0753_overlay.png,C:\Users\PC\Desktop\RGMC_2026\RGMC\RGMC\data\map\robot25\masks\0753_mask.png
754,0.885,0.6875,0.0,268.8730525100981,423.49453709028177,1,0.0,0.0282601663070286,0.1703608782822369,1775909643.7254546,5,C:\Users\PC\Desktop\RGMC_2026\RGMC\RGMC\data\map\robot25\images\0754.png,C:\Users\PC\Desktop\RGMC_2026\RGMC\RGMC\data\map\robot25\overlays\0754_overlay.png,C:\Users\PC\Desktop\RGMC_2026\RGMC\RGMC\data\map\robot25\masks\0754_mask.png
755,0.91375,0.6875,0.0,268.76614310645726,436.0023269342641,1,0.0,0.0191630215687274,0.0425426314774687,1775909656.1932046,5,C:\Users\PC\Desktop\RGMC_2026\RGMC\RGMC\data\map\robot25\images\0755.png,C:\Users\PC\Desktop\RGMC_2026\RGMC\RGMC\data\map\robot25\overlays\0755_overlay.png,C:\Users\PC\Desktop\RGMC_2026\RGMC\RGMC\data\map\robot25\masks\0755_mask.png
756,0.9425,0.6875,0.0,268.53609467455624,449.6752941176471,1,0.0,0.0193639181483699,0.0692228626794167,1775909666.9318004,5,C:\Users\PC\Desktop\RGMC_2026\RGMC\RGMC\data\map\robot25\images\0756.png,C:\Users\PC\Desktop\RGMC_2026\RGMC\RGMC\data\map\robot25\overlays\0756_overlay.png,C:\Users\PC\Desktop\RGMC_2026\RGMC\RGMC\data\map\robot25\masks\0756_mask.png
757,0.97125,0.6875,0.0,268.28409090909093,459.5314171122995,1,0.0,0.0157983144759185,0.0266129850017549,1775909677.8447678,5,C:\Users\PC\Desktop\RGMC_2026\RGMC\RGMC\data\map\robot25\images\0757.png,C:\Users\PC\Desktop\RGMC_2026\RGMC\RGMC\data\map\robot25\overlays\0757_overlay.png,C:\Users\PC\Desktop\RGMC_2026\RGMC\RGMC\data\map\robot25\masks\0757_mask.png
760,0.97125,0.71875,0.0,253.23775310254732,459.84977139124754,1,0.0,0.0151584794343241,0.0249811166985944,1775909710.9216917,5,C:\Users\PC\Desktop\RGMC_2026\RGMC\RGMC\data\map\robot25\images\0760.png,C:\Users\PC\Desktop\RGMC_2026\RGMC\RGMC\data\map\robot25\overlays\0760_overlay.png,C:\Users\PC\Desktop\RGMC_2026\RGMC\RGMC\data\map\robot25\masks\0760_mask.png
761,0.9425,0.71875,0.0,253.72277227722773,450.1240446796002,1,0.0,0.0321651190328496,0.0694561821010743,1775909721.911918,5,C:\Users\PC\Desktop\RGMC_2026\RGMC\RGMC\data\map\robot25\images\0761.png,C:\Users\PC\Desktop\RGMC_2026\RGMC\RGMC\data\map\robot25\overlays\0761_overlay.png,C:\Users\PC\Desktop\RGMC_2026\RGMC\RGMC\data\map\robot25\masks\0761_mask.png
762,0.91375,0.71875,0.0,253.9678762641285,437.1733174508637,1,0.0,0.0289646574513664,0.0375849079194083,1775909732.9567466,5,C:\Users\PC\Desktop\RGMC_2026\RGMC\RGMC\data\map\robot25\images\0762.png,C:\Users\PC\Desktop\RGMC_2026\RGMC\RGMC\data\map\robot25\overlays\0762_overlay.png,C:\Users\PC\Desktop\RGMC_2026\RGMC\RGMC\data\map\robot25\masks\0762_mask.png
763,0.885,0.71875,0.0,253.9163822525597,424.59966024915065,1,0.0,0.0376227678246029,0.3893338111504527,1775909743.7466626,5,C:\Users\PC\Desktop\RGMC_2026\RGMC\RGMC\data\map\robot25\images\0763.png,C:\Users\PC\Desktop\RGMC_2026\RGMC\RGMC\data\map\robot25\overlays\0763_overlay.png,C:\Users\PC\Desktop\RGMC_2026\RGMC\RGMC\data\map\robot25\masks\0763_mask.png
764,0.85625,0.71875,0.0,255.32200247218788,410.9042027194066,1,0.0,0.0281530360868713,0.0471739863645929,1775909754.8951344,5,C:\Users\PC\Desktop\RGMC_2026\RGMC\RGMC\data\map\robot25\images\0764.png,C:\Users\PC\Desktop\RGMC_2026\RGMC\RGMC\data\map\robot25\overlays\0764_overlay.png,C:\Users\PC\Desktop\RGMC_2026\RGMC\RGMC\data\map\robot25\masks\0764_mask.png
765,0.8275,0.71875,0.0,255.9311359623308,398.6858485026424,1,0.0,0.4682382923950157,0.0456170194253653,1775909765.905405,5,C:\Users\PC\Desktop\RGMC_2026\RGMC\RGMC\data\map\robot25\images\0765.png,C:\Users\PC\Desktop\RGMC_2026\RGMC\RGMC\data\map\robot25\overlays\0765_overlay.png,C:\Users\PC\Desktop\RGMC_2026\RGMC\RGMC\data\map\robot25\masks\0765_mask.png
766,0.79875,0.71875,0.0,256.0556220095694,385.9056716417911,1,0.0,0.0372611901526362,0.0714280036616003,1775909776.7396684,5,C:\Users\PC\Desktop\RGMC_2026\RGMC\RGMC\data\map\robot25\images\0766.png,C:\Users\PC\Desktop\RGMC_2026\RGMC\RGMC\data\map\robot25\overlays\0766_overlay.png,C:\Users\PC\Desktop\RGMC_2026\RGMC\RGMC\data\map\robot25\masks\0766_mask.png
767,0.77,0.71875,0.0,256.2897590361446,372.7168674698795,1,0.0,0.0438778263723189,0.4077321889543805,1775909787.4609685,5,C:\Users\PC\Desktop\RGMC_2026\RGMC\RGMC\data\map\robot25\images\0767.png,C:\Users\PC\Desktop\RGMC_2026\RGMC\RGMC\data\map\robot25\overlays\0767_overlay.png,C:\Users\PC\Desktop\RGMC_2026\RGMC\RGMC\data\map\robot25\masks\0767_mask.png
768,0.74125,0.71875,0.0,256.40997067448683,359.4967741935484,1,0.0,0.0133243887711882,0.0301161587633515,1775909798.5849192,5,C:\Users\PC\Desktop\RGMC_2026\RGMC\RGMC\data\map\robot25\images\0768.png,C:\Users\PC\Desktop\RGMC_2026\RGMC\RGMC\data\map\robot25\overlays\0768_overlay.png,C:\Users\PC\Desktop\RGMC_2026\RGMC\RGMC\data\map\robot25\masks\0768_mask.png
769,0.7125,0.71875,0.0,256.46666666666664,346.8342182890855,1,0.0,0.0546884276203546,0.0325412877640587,1775909809.380329,5,C:\Users\PC\Desktop\RGMC_2026\RGMC\RGMC\data\map\robot25\images\0769.png,C:\Users\PC\Desktop\RGMC_2026\RGMC\RGMC\data\map\robot25\overlays\0769_overlay.png,C:\Users\PC\Desktop\RGMC_2026\RGMC\RGMC\data\map\robot25\masks\0769_mask.png
770,0.68375,0.71875,0.0,257.0422535211268,334.066862170088,1,0.0,0.0141451592161528,0.0391497762025789,1775909820.157864,5,C:\Users\PC\Desktop\RGMC_2026\RGMC\RGMC\data\map\robot25\images\0770.png,C:\Users\PC\Desktop\RGMC_2026\RGMC\RGMC\data\map\robot25\overlays\0770_overlay.png,C:\Users\PC\Desktop\RGMC_2026\RGMC\RGMC\data\map\robot25\masks\0770_mask.png
771,0.655,0.71875,0.0,257.1355831853168,321.4126702190645,1,0.0,0.0261582678958773,0.068904048028194,1775909831.138721,5,C:\Users\PC\Desktop\RGMC_2026\RGMC\RGMC\data\map\robot25\images\0771.png,C:\Users\PC\Desktop\RGMC_2026\RGMC\RGMC\data\map\robot25\overlays\0771_overlay.png,C:\Users\PC\Desktop\RGMC_2026\RGMC\RGMC\data\map\robot25\masks\0771_mask.png
772,0.62625,0.71875,0.0,257.50240384615387,308.9338942307692,1,0.0,0.0171841171501082,0.4336048556110048,1775909841.9321778,5,C:\Users\PC\Desktop\RGMC_2026\RGMC\RGMC\data\map\robot25\images\0772.png,C:\Users\PC\Desktop\RGMC_2026\RGMC\RGMC\data\map\robot25\overlays\0772_overlay.png,C:\Users\PC\Desktop\RGMC_2026\RGMC\RGMC\data\map\robot25\masks\0772_mask.png
773,0.5975,0.71875,0.0,257.6245714285714,295.295766590389,1,0.0,0.0340959641519053,0.0260165294248061,1775909852.5506248,5,C:\Users\PC\Desktop\RGMC_2026\RGMC\RGMC\data\map\robot25\images\0773.png,C:\Users\PC\Desktop\RGMC_2026\RGMC\RGMC\data\map\robot25\overlays\0773_overlay.png,C:\Users\PC\Desktop\RGMC_2026\RGMC\RGMC\data\map\robot25\masks\0773_mask.png
774,0.56875,0.71875,0.0,257.85193753614806,282.6873190503764,1,0.0,0.043768602865814,0.0453095260720547,1775909863.761728,5,C:\Users\PC\Desktop\RGMC_2026\RGMC\RGMC\data\map\robot25\images\0774.png,C:\Users\PC\Desktop\RGMC_2026\RGMC\RGMC\data\map\robot25\overlays\0774_overlay.png,C:\Users\PC\Desktop\RGMC_2026\RGMC\RGMC\data\map\robot25\masks\0774_mask.png
775,0.54,0.71875,0.0,257.82514285714285,270.3507674815236,1,0.0,0.0072105243680826,0.0284366622121228,1775909874.9266114,5,C:\Users\PC\Desktop\RGMC_2026\RGMC\RGMC\data\map\robot25\images\0775.png,C:\Users\PC\Desktop\RGMC_2026\RGMC\RGMC\data\map\robot25\overlays\0775_overlay.png,C:\Users\PC\Desktop\RGMC_2026\RGMC\RGMC\data\map\robot25\masks\0775_mask.png
776,0.51125,0.71875,0.0,258.441742081448,257.3735891647855,1,0.0,0.0315487193892124,0.0595711675063457,1775909886.0845115,5,C:\Users\PC\Desktop\RGMC_2026\RGMC\RGMC\data\map\robot25\images\0776.png,C:\Users\PC\Desktop\RGMC_2026\RGMC\RGMC\data\map\robot25\overlays\0776_overlay.png,C:\Users\PC\Desktop\RGMC_2026\RGMC\RGMC\data\map\robot25\masks\0776_mask.png
777,0.4825,0.71875,0.0,258.14605418138984,244.76137034849376,1,0.0,0.3702307368961063,0.3842356170466187,1775909896.9737222,5,C:\Users\PC\Desktop\RGMC_2026\RGMC\RGMC\data\map\robot25\images\0777.png,C:\Users\PC\Desktop\RGMC_2026\RGMC\RGMC\data\map\robot25\overlays\0777_overlay.png,C:\Users\PC\Desktop\RGMC_2026\RGMC\RGMC\data\map\robot25\masks\0777_mask.png
778,0.45375,0.71875,0.0,259.10438074634936,231.09783783783783,1,0.0,0.0179236562080065,0.0347649617925516,1775909907.9498503,5,C:\Users\PC\Desktop\RGMC_2026\RGMC\RGMC\data\map\robot25\images\0778.png,C:\Users\PC\Desktop\RGMC_2026\RGMC\RGMC\data\map\robot25\overlays\0778_overlay.png,C:\Users\PC\Desktop\RGMC_2026\RGMC\RGMC\data\map\robot25\masks\0778_mask.png
779,0.425,0.71875,0.0,259.52982646420827,218.86998916576383,1,0.0,0.018857688504832,0.0152727030554482,1775909918.8649485,5,C:\Users\PC\Desktop\RGMC_2026\RGMC\RGMC\data\map\robot25\images\0779.png,C:\Users\PC\Desktop\RGMC_2026\RGMC\RGMC\data\map\robot25\overlays\0779_overlay.png,C:\Users\PC\Desktop\RGMC_2026\RGMC\RGMC\data\map\robot25\masks\0779_mask.png
780,0.39625,0.71875,0.0,259.74104683195594,205.9150174621653,1,0.0,0.5785717457247666,0.040439534240814,1775909931.395444,5,C:\Users\PC\Desktop\RGMC_2026\RGMC\RGMC\data\map\robot25\images\0780.png,C:\Users\PC\Desktop\RGMC_2026\RGMC\RGMC\data\map\robot25\overlays\0780_overlay.png,C:\Users\PC\Desktop\RGMC_2026\RGMC\RGMC\data\map\robot25\masks\0780_mask.png
781,0.3675,0.71875,0.0,260.8642191142191,193.34498834498837,1,0.0,0.0096236374127876,0.0328543526544276,1775909942.492967,5,C:\Users\PC\Desktop\RGMC_2026\RGMC\RGMC\data\map\robot25\images\0781.png,C:\Users\PC\Desktop\RGMC_2026\RGMC\RGMC\data\map\robot25\overlays\0781_overlay.png,C:\Users\PC\Desktop\RGMC_2026\RGMC\RGMC\data\map\robot25\masks\0781_mask.png
782,0.33875,0.71875,0.0,261.09813874788495,179.8104906937394,1,0.0,0.0244674472317857,0.026759682307556,1775909953.42357,5,C:\Users\PC\Desktop\RGMC_2026\RGMC\RGMC\data\map\robot25\images\0782.png,C:\Users\PC\Desktop\RGMC_2026\RGMC\RGMC\data\map\robot25\overlays\0782_overlay.png,C:\Users\PC\Desktop\RGMC_2026\RGMC\RGMC\data\map\robot25\masks\0782_mask.png
783,0.31,0.71875,0.0,260.9166666666667,167.24367816091953,1,0.0,0.0161455242374829,0.0425176524854225,1775909964.4974337,5,C:\Users\PC\Desktop\RGMC_2026\RGMC\RGMC\data\map\robot25\images\0783.png,C:\Users\PC\Desktop\RGMC_2026\RGMC\RGMC\data\map\robot25\overlays\0783_overlay.png,C:\Users\PC\Desktop\RGMC_2026\RGMC\RGMC\data\map\robot25\masks\0783_mask.png
784,0.28125,0.71875,0.0,261.23817663817664,154.97891737891737,1,0.0,0.0171361899729625,0.0142890801901715,1775909975.2759066,5,C:\Users\PC\Desktop\RGMC_2026\RGMC\RGMC\data\map\robot25\images\0784.png,C:\Users\PC\Desktop\RGMC_2026\RGMC\RGMC\data\map\robot25\overlays\0784_overlay.png,C:\Users\PC\Desktop\RGMC_2026\RGMC\RGMC\data\map\robot25\masks\0784_mask.png
785,0.2525,0.71875,0.0,261.0634371395617,142.11880046136102,1,0.0,0.0212319319183182,0.0412328039091703,1775909985.931703,5,C:\Users\PC\Desktop\RGMC_2026\RGMC\RGMC\data\map\robot25\images\0785.png,C:\Users\PC\Desktop\RGMC_2026\RGMC\RGMC\data\map\robot25\overlays\0785_overlay.png,C:\Users\PC\Desktop\RGMC_2026\RGMC\RGMC\data\map\robot25\masks\0785_mask.png
786,0.22375,0.71875,0.0,261.1988888888889,128.86111111111111,1,0.0,0.0358032889038447,0.0595875583501003,1775909996.6177826,5,C:\Users\PC\Desktop\RGMC_2026\RGMC\RGMC\data\map\robot25\images\0786.png,C:\Users\PC\Desktop\RGMC_2026\RGMC\RGMC\data\map\robot25\overlays\0786_overlay.png,C:\Users\PC\Desktop\RGMC_2026\RGMC\RGMC\data\map\robot25\masks\0786_mask.png
787,0.195,0.71875,0.0,261.3179287305122,116.03340757238308,1,0.0,0.0307971380956203,0.0176698848660092,1775910007.4846072,5,C:\Users\PC\Desktop\RGMC_2026\RGMC\RGMC\data\map\robot25\images\0787.png,C:\Users\PC\Desktop\RGMC_2026\RGMC\RGMC\data\map\robot25\overlays\0787_overlay.png,C:\Users\PC\Desktop\RGMC_2026\RGMC\RGMC\data\map\robot25\masks\0787_mask.png
788,0.16625,0.71875,0.0,261.5041505257333,103.3948973932335,1,0.0,0.0139092006401862,0.034771511940775,1775910018.3249762,5,C:\Users\PC\Desktop\RGMC_2026\RGMC\RGMC\data\map\robot25\images\0788.png,C:\Users\PC\Desktop\RGMC_2026\RGMC\RGMC\data\map\robot25\overlays\0788_overlay.png,C:\Users\PC\Desktop\RGMC_2026\RGMC\RGMC\data\map\robot25\masks\0788_mask.png
789,0.1375,0.71875,0.0,261.6458449525934,90.95022371364654,1,0.0,0.0399562146134935,0.0335747033046977,1775910028.9780283,5,C:\Users\PC\Desktop\RGMC_2026\RGMC\RGMC\data\map\robot25\images\0789.png,C:\Users\PC\Desktop\RGMC_2026\RGMC\RGMC\data\map\robot25\overlays\0789_overlay.png,C:\Users\PC\Desktop\RGMC_2026\RGMC\RGMC\data\map\robot25\masks\0789_mask.png
790,0.10875,0.71875,0.0,261.69548667754214,77.53053435114504,1,0.0,0.0311168311088785,0.3771105240282827,1775910039.7418687,5,C:\Users\PC\Desktop\RGMC_2026\RGMC\RGMC\data\map\robot25\images\0790.png,C:\Users\PC\Desktop\RGMC_2026\RGMC\RGMC\data\map\robot25\overlays\0790_overlay.png,C:\Users\PC\Desktop\RGMC_2026\RGMC\RGMC\data\map\robot25\masks\0790_mask.png
791,0.08,0.71875,0.0,261.74301369863014,64.96767123287671,1,0.0,0.0366644866936945,0.040967883741869,1775910052.5081437,5,C:\Users\PC\Desktop\RGMC_2026\RGMC\RGMC\data\map\robot25\images\0791.png,C:\Users\PC\Desktop\RGMC_2026\RGMC\RGMC\data\map\robot25\overlays\0791_overlay.png,C:\Users\PC\Desktop\RGMC_2026\RGMC\RGMC\data\map\robot25\masks\0791_mask.png
792,0.08,0.75,0.0,248.7293064876957,64.5027808676307,1,0.0,0.044206304656689,0.0962540809878126,1775910063.2209666,5,C:\Users\PC\Desktop\RGMC_2026\RGMC\RGMC\data\map\robot25\images\0792.png,C:\Users\PC\Desktop\RGMC_2026\RGMC\RGMC\data\map\robot25\overlays\0792_overlay.png,C:\Users\PC\Desktop\RGMC_2026\RGMC\RGMC\data\map\robot25\masks\0792_mask.png
793,0.10875,0.75,0.0,248.48076923076923,76.97457158651189,1,0.0,0.439030845220007,0.0663794242669494,1775910074.0323312,5,C:\Users\PC\Desktop\RGMC_2026\RGMC\RGMC\data\map\robot25\images\0793.png,C:\Users\PC\Desktop\RGMC_2026\RGMC\RGMC\data\map\robot25\overlays\0793_overlay.png,C:\Users\PC\Desktop\RGMC_2026\RGMC\RGMC\data\map\robot25\masks\0793_mask.png
794,0.1375,0.75,0.0,248.16750983698708,89.26907857546637,1,0.0,0.0851172218672502,0.3511235045521528,1775910084.9167376,5,C:\Users\PC\Desktop\RGMC_2026\RGMC\RGMC\data\map\robot25\images\0794.png,C:\Users\PC\Desktop\RGMC_2026\RGMC\RGMC\data\map\robot25\overlays\0794_overlay.png,C:\Users\PC\Desktop\RGMC_2026\RGMC\RGMC\data\map\robot25\masks\0794_mask.png
795,0.16625,0.75,0.0,247.06659447753117,103.04671374253124,1,0.0,0.0496101874807608,0.0570632831891571,1775910095.5658286,5,C:\Users\PC\Desktop\RGMC_2026\RGMC\RGMC\data\map\robot25\images\0795.png,C:\Users\PC\Desktop\RGMC_2026\RGMC\RGMC\data\map\robot25\overlays\0795_overlay.png,C:\Users\PC\Desktop\RGMC_2026\RGMC\RGMC\data\map\robot25\masks\0795_mask.png
796,0.195,0.75,0.0,247.8816254416961,115.64643488509134,1,0.0,0.0784284715203716,0.0603346615855861,1775910106.9744854,5,C:\Users\PC\Desktop\RGMC_2026\RGMC\RGMC\data\map\robot25\images\0796.png,C:\Users\PC\Desktop\RGMC_2026\RGMC\RGMC\data\map\robot25\overlays\0796_overlay.png,C:\Users\PC\Desktop\RGMC_2026\RGMC\RGMC\data\map\robot25\masks\0796_mask.png
797,0.22375,0.75,0.0,246.2024886877828,128.16798642533936,1,0.0,0.255611834852233,0.07374141988214,1775910117.9855256,5,C:\Users\PC\Desktop\RGMC_2026\RGMC\RGMC\data\map\robot25\images\0797.png,C:\Users\PC\Desktop\RGMC_2026\RGMC\RGMC\data\map\robot25\overlays\0797_overlay.png,C:\Users\PC\Desktop\RGMC_2026\RGMC\RGMC\data\map\robot25\masks\0797_mask.png
798,0.2525,0.75,0.0,245.93677204658903,140.69671675013913,1,0.0,0.0209247959614893,0.0793232653240876,1775910128.7004037,5,C:\Users\PC\Desktop\RGMC_2026\RGMC\RGMC\data\map\robot25\images\0798.png,C:\Users\PC\Desktop\RGMC_2026\RGMC\RGMC\data\map\robot25\overlays\0798_overlay.png,C:\Users\PC\Desktop\RGMC_2026\RGMC\RGMC\data\map\robot25\masks\0798_mask.png
799,0.28125,0.75,0.0,246.01268742791237,154.30217889908258,1,0.0,0.0207786208755243,0.0531224853208628,1775910139.7605598,5,C:\Users\PC\Desktop\RGMC_2026\RGMC\RGMC\data\map\robot25\images\0799.png,C:\Users\PC\Desktop\RGMC_2026\RGMC\RGMC\data\map\robot25\overlays\0799_overlay.png,C:\Users\PC\Desktop\RGMC_2026\RGMC\RGMC\data\map\robot25\masks\0799_mask.png
800,0.31,0.75,0.0,245.81849315068493,166.58247422680412,1,0.0,0.0228824473817316,0.0523380280002147,1775910150.5923011,5,C:\Users\PC\Desktop\RGMC_2026\RGMC\RGMC\data\map\robot25\images\0800.png,C:\Users\PC\Desktop\RGMC_2026\RGMC\RGMC\data\map\robot25\overlays\0800_overlay.png,C:\Users\PC\Desktop\RGMC_2026\RGMC\RGMC\data\map\robot25\masks\0800_mask.png
801,0.33875,0.75,0.0,245.74815655133293,179.3474816072439,1,0.0,0.0274053102426617,0.0391139741500532,1775910161.2819796,5,C:\Users\PC\Desktop\RGMC_2026\RGMC\RGMC\data\map\robot25\images\0801.png,C:\Users\PC\Desktop\RGMC_2026\RGMC\RGMC\data\map\robot25\overlays\0801_overlay.png,C:\Users\PC\Desktop\RGMC_2026\RGMC\RGMC\data\map\robot25\masks\0801_mask.png
802,0.3675,0.75,0.0,245.62209631728047,191.65325779036823,1,0.0,0.0513032541152563,0.2087575524799557,1775910172.2546935,5,C:\Users\PC\Desktop\RGMC_2026\RGMC\RGMC\data\map\robot25\images\0802.png,C:\Users\PC\Desktop\RGMC_2026\RGMC\RGMC\data\map\robot25\overlays\0802_overlay.png,C:\Users\PC\Desktop\RGMC_2026\RGMC\RGMC\data\map\robot25\masks\0802_mask.png
803,0.39625,0.75,0.0,246.10391822827935,205.56112676056335,1,0.0,0.2382865084911524,0.0861313783573966,1775910183.8488553,5,C:\Users\PC\Desktop\RGMC_2026\RGMC\RGMC\data\map\robot25\images\0803.png,C:\Users\PC\Desktop\RGMC_2026\RGMC\RGMC\data\map\robot25\overlays\0803_overlay.png,C:\Users\PC\Desktop\RGMC_2026\RGMC\RGMC\data\map\robot25\masks\0803_mask.png
804,0.425,0.75,0.0,245.6164383561644,218.54680365296804,1,0.0,0.0152960202519916,0.0372334272058714,1775910194.791063,5,C:\Users\PC\Desktop\RGMC_2026\RGMC\RGMC\data\map\robot25\images\0804.png,C:\Users\PC\Desktop\RGMC_2026\RGMC\RGMC\data\map\robot25\overlays\0804_overlay.png,C:\Users\PC\Desktop\RGMC_2026\RGMC\RGMC\data\map\robot25\masks\0804_mask.png
805,0.45375,0.75,0.0,245.2750424448217,231.22184493491795,1,0.0,0.0393626235712881,0.0525882640651917,1775910205.690837,5,C:\Users\PC\Desktop\RGMC_2026\RGMC\RGMC\data\map\robot25\images\0805.png,C:\Users\PC\Desktop\RGMC_2026\RGMC\RGMC\data\map\robot25\overlays\0805_overlay.png,C:\Users\PC\Desktop\RGMC_2026\RGMC\RGMC\data\map\robot25\masks\0805_mask.png
806,0.4825,0.75,0.0,245.21679909194097,243.70261066969357,1,0.0,0.0165285359825147,0.0185370764913526,1775910216.6912465,5,C:\Users\PC\Desktop\RGMC_2026\RGMC\RGMC\data\map\robot25\images\0806.png,C:\Users\PC\Desktop\RGMC_2026\RGMC\RGMC\data\map\robot25\overlays\0806_overlay.png,C:\Users\PC\Desktop\RGMC_2026\RGMC\RGMC\data\map\robot25\masks\0806_mask.png
807,0.51125,0.75,0.0,244.8747016706444,256.6957040572792,1,0.0,0.0209305782561271,0.1515934968574809,1775910227.6527183,5,C:\Users\PC\Desktop\RGMC_2026\RGMC\RGMC\data\map\robot25\images\0807.png,C:\Users\PC\Desktop\RGMC_2026\RGMC\RGMC\data\map\robot25\overlays\0807_overlay.png,C:\Users\PC\Desktop\RGMC_2026\RGMC\RGMC\data\map\robot25\masks\0807_mask.png
808,0.54,0.75,0.0,244.77235772357724,269.93151479976785,1,0.0,0.504869856742866,0.0614490478844391,1775910238.6801677,5,C:\Users\PC\Desktop\RGMC_2026\RGMC\RGMC\data\map\robot25\images\0808.png,C:\Users\PC\Desktop\RGMC_2026\RGMC\RGMC\data\map\robot25\overlays\0808_overlay.png,C:\Users\PC\Desktop\RGMC_2026\RGMC\RGMC\data\map\robot25\masks\0808_mask.png
809,0.56875,0.75,0.0,244.74059061957152,282.5139049826188,1,0.0,0.0096588863551474,0.0306291915719192,1775910249.6200025,5,C:\Users\PC\Desktop\RGMC_2026\RGMC\RGMC\data\map\robot25\images\0809.png,C:\Users\PC\Desktop\RGMC_2026\RGMC\RGMC\data\map\robot25\overlays\0809_overlay.png,C:\Users\PC\Desktop\RGMC_2026\RGMC\RGMC\data\map\robot25\masks\0809_mask.png
810,0.5975,0.75,0.0,243.30511269928533,294.97416162726773,1,0.0,0.4635364688920883,0.024812050936994,1775910260.7031431,5,C:\Users\PC\Desktop\RGMC_2026\RGMC\RGMC\data\map\robot25\images\0810.png,C:\Users\PC\Desktop\RGMC_2026\RGMC\RGMC\data\map\robot25\overlays\0810_overlay.png,C:\Users\PC\Desktop\RGMC_2026\RGMC\RGMC\data\map\robot25\masks\0810_mask.png
811,0.62625,0.75,0.0,244.3583138173302,307.7529274004684,1,0.0,0.4491781335207249,0.0160106765097833,1775910271.8047457,5,C:\Users\PC\Desktop\RGMC_2026\RGMC\RGMC\data\map\robot25\images\0811.png,C:\Users\PC\Desktop\RGMC_2026\RGMC\RGMC\data\map\robot25\overlays\0811_overlay.png,C:\Users\PC\Desktop\RGMC_2026\RGMC\RGMC\data\map\robot25\masks\0811_mask.png
812,0.655,0.75,0.0,243.17022613065328,321.02701005025125,1,0.0,0.6011718982956544,0.0816443442713494,1775910282.7092016,5,C:\Users\PC\Desktop\RGMC_2026\RGMC\RGMC\data\map\robot25\images\0812.png,C:\Users\PC\Desktop\RGMC_2026\RGMC\RGMC\data\map\robot25\overlays\0812_overlay.png,C:\Users\PC\Desktop\RGMC_2026\RGMC\RGMC\data\map\robot25\masks\0812_mask.png
813,0.68375,0.75,0.0,241.86631640396965,333.80944055944053,1,0.0,0.0246574634053553,0.1088717120840558,1775910293.4517286,5,C:\Users\PC\Desktop\RGMC_2026\RGMC\RGMC\data\map\robot25\images\0813.png,C:\Users\PC\Desktop\RGMC_2026\RGMC\RGMC\data\map\robot25\overlays\0813_overlay.png,C:\Users\PC\Desktop\RGMC_2026\RGMC\RGMC\data\map\robot25\masks\0813_mask.png
814,0.7125,0.75,0.0,241.7111622554661,346.5057471264368,1,0.0,0.0269447345314332,0.0399359110903039,1775910304.3525107,5,C:\Users\PC\Desktop\RGMC_2026\RGMC\RGMC\data\map\robot25\images\0814.png,C:\Users\PC\Desktop\RGMC_2026\RGMC\RGMC\data\map\robot25\overlays\0814_overlay.png,C:\Users\PC\Desktop\RGMC_2026\RGMC\RGMC\data\map\robot25\masks\0814_mask.png
815,0.74125,0.75,0.0,241.4884125144844,359.16397228637413,1,0.0,0.025912192417371,0.0537730274019984,1775910315.3822982,5,C:\Users\PC\Desktop\RGMC_2026\RGMC\RGMC\data\map\robot25\images\0815.png,C:\Users\PC\Desktop\RGMC_2026\RGMC\RGMC\data\map\robot25\overlays\0815_overlay.png,C:\Users\PC\Desktop\RGMC_2026\RGMC\RGMC\data\map\robot25\masks\0815_mask.png
816,0.77,0.75,0.0,241.439446366782,372.036802760207,1,0.0,0.0313234605848378,0.044820432576275,1775910327.1717408,5,C:\Users\PC\Desktop\RGMC_2026\RGMC\RGMC\data\map\robot25\images\0816.png,C:\Users\PC\Desktop\RGMC_2026\RGMC\RGMC\data\map\robot25\overlays\0816_overlay.png,C:\Users\PC\Desktop\RGMC_2026\RGMC\RGMC\data\map\robot25\masks\0816_mask.png
817,0.79875,0.75,0.0,241.33430913348943,385.4964994165694,1,0.0,0.0357784604207582,0.0987784817738541,1775910337.9136913,5,C:\Users\PC\Desktop\RGMC_2026\RGMC\RGMC\data\map\robot25\images\0817.png,C:\Users\PC\Desktop\RGMC_2026\RGMC\RGMC\data\map\robot25\overlays\0817_overlay.png,C:\Users\PC\Desktop\RGMC_2026\RGMC\RGMC\data\map\robot25\masks\0817_mask.png
818,0.8275,0.75,0.0,241.09897025171625,398.4246260069045,1,0.0,0.0252075235526506,0.0496865262853104,1775910348.9406128,5,C:\Users\PC\Desktop\RGMC_2026\RGMC\RGMC\data\map\robot25\images\0818.png,C:\Users\PC\Desktop\RGMC_2026\RGMC\RGMC\data\map\robot25\overlays\0818_overlay.png,C:\Users\PC\Desktop\RGMC_2026\RGMC\RGMC\data\map\robot25\masks\0818_mask.png
819,0.85625,0.75,0.0,241.07426900584795,410.6105263157895,1,0.0,0.0124805747012468,0.023776609222456,1775910359.8688846,5,C:\Users\PC\Desktop\RGMC_2026\RGMC\RGMC\data\map\robot25\images\0819.png,C:\Users\PC\Desktop\RGMC_2026\RGMC\RGMC\data\map\robot25\overlays\0819_overlay.png,C:\Users\PC\Desktop\RGMC_2026\RGMC\RGMC\data\map\robot25\masks\0819_mask.png
820,0.885,0.75,0.0,240.7129735935706,423.61329479768784,1,0.0,0.0062734627144362,0.0833070447053486,1775910370.7538023,5,C:\Users\PC\Desktop\RGMC_2026\RGMC\RGMC\data\map\robot25\images\0820.png,C:\Users\PC\Desktop\RGMC_2026\RGMC\RGMC\data\map\robot25\overlays\0820_overlay.png,C:\Users\PC\Desktop\RGMC_2026\RGMC\RGMC\data\map\robot25\masks\0820_mask.png
821,0.91375,0.75,0.0,240.83391812865497,436.0549707602339,1,0.0,0.0497921793651836,0.3111072839919478,1775910381.6922798,5,C:\Users\PC\Desktop\RGMC_2026\RGMC\RGMC\data\map\robot25\images\0821.png,C:\Users\PC\Desktop\RGMC_2026\RGMC\RGMC\data\map\robot25\overlays\0821_overlay.png,C:\Users\PC\Desktop\RGMC_2026\RGMC\RGMC\data\map\robot25\masks\0821_mask.png
822,0.9425,0.75,0.0,240.52189349112427,449.9495548961424,1,0.0,0.0307208319601084,0.0744836527238221,1775910392.261483,5,C:\Users\PC\Desktop\RGMC_2026\RGMC\RGMC\data\map\robot25\images\0822.png,C:\Users\PC\Desktop\RGMC_2026\RGMC\RGMC\data\map\robot25\overlays\0822_overlay.png,C:\Users\PC\Desktop\RGMC_2026\RGMC\RGMC\data\map\robot25\masks\0822_mask.png
823,0.97125,0.75,0.0,240.4111334674715,459.6203890006707,1,0.0,0.0729704271728071,0.0325495294494689,1775910403.0658147,5,C:\Users\PC\Desktop\RGMC_2026\RGMC\RGMC\data\map\robot25\images\0823.png,C:\Users\PC\Desktop\RGMC_2026\RGMC\RGMC\data\map\robot25\overlays\0823_overlay.png,C:\Users\PC\Desktop\RGMC_2026\RGMC\RGMC\data\map\robot25\masks\0823_mask.png
826,0.97125,0.78125,0.0,225.4832904884319,459.9059278350516,1,0.0,0.0325923951344924,0.0236596530250532,1775910437.147295,5,C:\Users\PC\Desktop\RGMC_2026\RGMC\RGMC\data\map\robot25\images\0826.png,C:\Users\PC\Desktop\RGMC_2026\RGMC\RGMC\data\map\robot25\overlays\0826_overlay.png,C:\Users\PC\Desktop\RGMC_2026\RGMC\RGMC\data\map\robot25\masks\0826_mask.png
827,0.9425,0.78125,0.0,225.72616279069769,450.0098436595252,1,0.0,0.0186802509543722,0.0254125203216646,1775910448.2029033,5,C:\Users\PC\Desktop\RGMC_2026\RGMC\RGMC\data\map\robot25\images\0827.png,C:\Users\PC\Desktop\RGMC_2026\RGMC\RGMC\data\map\robot25\overlays\0827_overlay.png,C:\Users\PC\Desktop\RGMC_2026\RGMC\RGMC\data\map\robot25\masks\0827_mask.png
828,0.91375,0.78125,0.0,225.90854751942615,437.0854751942618,1,0.0,0.026847498256442,0.0330462984838284,1775910459.258833,5,C:\Users\PC\Desktop\RGMC_2026\RGMC\RGMC\data\map\robot25\images\0828.png,C:\Users\PC\Desktop\RGMC_2026\RGMC\RGMC\data\map\robot25\overlays\0828_overlay.png,C:\Users\PC\Desktop\RGMC_2026\RGMC\RGMC\data\map\robot25\masks\0828_mask.png
829,0.885,0.78125,0.0,225.66836445953592,423.83661971830986,1,0.0,0.0142432292288885,0.1412599949000906,1775910470.217353,5,C:\Users\PC\Desktop\RGMC_2026\RGMC\RGMC\data\map\robot25\images\0829.png,C:\Users\PC\Desktop\RGMC_2026\RGMC\RGMC\data\map\robot25\overlays\0829_overlay.png,C:\Users\PC\Desktop\RGMC_2026\RGMC\RGMC\data\map\robot25\masks\0829_mask.png
830,0.85625,0.78125,0.0,226.8598870056497,410.4559322033898,1,0.0,0.0370868227613661,0.0783612534906819,1775910481.6418934,5,C:\Users\PC\Desktop\RGMC_2026\RGMC\RGMC\data\map\robot25\images\0830.png,C:\Users\PC\Desktop\RGMC_2026\RGMC\RGMC\data\map\robot25\overlays\0830_overlay.png,C:\Users\PC\Desktop\RGMC_2026\RGMC\RGMC\data\map\robot25\masks\0830_mask.png
831,0.8275,0.78125,0.0,226.8507135016465,398.784302963776,1,0.0,0.0348659227365998,0.0593099615356762,1775910492.6308258,5,C:\Users\PC\Desktop\RGMC_2026\RGMC\RGMC\data\map\robot25\images\0831.png,C:\Users\PC\Desktop\RGMC_2026\RGMC\RGMC\data\map\robot25\overlays\0831_overlay.png,C:\Users\PC\Desktop\RGMC_2026\RGMC\RGMC\data\map\robot25\masks\0831_mask.png
832,0.79875,0.78125,0.0,227.24650642817213,385.7884399551066,1,0.0,0.0506630845268765,0.0709453880630097,1775910503.9377706,5,C:\Users\PC\Desktop\RGMC_2026\RGMC\RGMC\data\map\robot25\images\0832.png,C:\Users\PC\Desktop\RGMC_2026\RGMC\RGMC\data\map\robot25\overlays\0832_overlay.png,C:\Users\PC\Desktop\RGMC_2026\RGMC\RGMC\data\map\robot25\masks\0832_mask.png
833,0.77,0.78125,0.0,228.46308724832213,372.83831604636975,1,0.0,0.0959437193164633,0.1395369300378712,1775910514.8697884,5,C:\Users\PC\Desktop\RGMC_2026\RGMC\RGMC\data\map\robot25\images\0833.png,C:\Users\PC\Desktop\RGMC_2026\RGMC\RGMC\data\map\robot25\overlays\0833_overlay.png,C:\Users\PC\Desktop\RGMC_2026\RGMC\RGMC\data\map\robot25\masks\0833_mask.png
834,0.74125,0.78125,0.0,228.69203951191167,359.3608367228356,1,0.0,0.0531995812060605,0.0811395338423218,1775910525.897554,5,C:\Users\PC\Desktop\RGMC_2026\RGMC\RGMC\data\map\robot25\images\0834.png,C:\Users\PC\Desktop\RGMC_2026\RGMC\RGMC\data\map\robot25\overlays\0834_overlay.png,C:\Users\PC\Desktop\RGMC_2026\RGMC\RGMC\data\map\robot25\masks\0834_mask.png
835,0.7125,0.78125,0.0,228.88459250446164,346.57935560859187,1,0.0,0.0557171638924526,0.0559928508650568,1775910536.991677,5,C:\Users\PC\Desktop\RGMC_2026\RGMC\RGMC\data\map\robot25\images\0835.png,C:\Users\PC\Desktop\RGMC_2026\RGMC\RGMC\data\map\robot25\overlays\0835_overlay.png,C:\Users\PC\Desktop\RGMC_2026\RGMC\RGMC\data\map\robot25\masks\0835_mask.png
836,0.68375,0.78125,0.0,229.0064935064935,334.1393005334914,1,0.0,0.0265756559923655,0.0462965285722638,1775910547.8264363,5,C:\Users\PC\Desktop\RGMC_2026\RGMC\RGMC\data\map\robot25\images\0836.png,C:\Users\PC\Desktop\RGMC_2026\RGMC\RGMC\data\map\robot25\overlays\0836_overlay.png,C:\Users\PC\Desktop\RGMC_2026\RGMC\RGMC\data\map\robot25\masks\0836_mask.png
837,0.655,0.78125,0.0,229.0455621301775,321.53616258218767,1,0.0,0.0389508618094615,0.1183352358905368,1775910558.965307,5,C:\Users\PC\Desktop\RGMC_2026\RGMC\RGMC\data\map\robot25\images\0837.png,C:\Users\PC\Desktop\RGMC_2026\RGMC\RGMC\data\map\robot25\overlays\0837_overlay.png,C:\Users\PC\Desktop\RGMC_2026\RGMC\RGMC\data\map\robot25\masks\0837_mask.png
838,0.62625,0.78125,0.0,229.45019920318725,308.057484348321,1,0.0,0.0242006868285839,0.3695145556749668,1775910569.988095,5,C:\Users\PC\Desktop\RGMC_2026\RGMC\RGMC\data\map\robot25\images\0838.png,C:\Users\PC\Desktop\RGMC_2026\RGMC\RGMC\data\map\robot25\overlays\0838_overlay.png,C:\Users\PC\Desktop\RGMC_2026\RGMC\RGMC\data\map\robot25\masks\0838_mask.png
839,0.5975,0.78125,0.0,229.3560606060606,295.37412587412587,1,0.0,0.0295885613568124,0.0333055656407212,1775910581.197199,5,C:\Users\PC\Desktop\RGMC_2026\RGMC\RGMC\data\map\robot25\images\0839.png,C:\Users\PC\Desktop\RGMC_2026\RGMC\RGMC\data\map\robot25\overlays\0839_overlay.png,C:\Users\PC\Desktop\RGMC_2026\RGMC\RGMC\data\map\robot25\masks\0839_mask.png
840,0.56875,0.78125,0.0,229.5758620689655,282.59156556903525,1,0.0,0.0475523672067241,0.0550005210053048,1775910591.9768248,5,C:\Users\PC\Desktop\RGMC_2026\RGMC\RGMC\data\map\robot25\images\0840.png,C:\Users\PC\Desktop\RGMC_2026\RGMC\RGMC\data\map\robot25\overlays\0840_overlay.png,C:\Users\PC\Desktop\RGMC_2026\RGMC\RGMC\data\map\robot25\masks\0840_mask.png
841,0.54,0.78125,0.0,229.6705069124424,270.2016129032258,1,0.0,0.0215471581796316,0.0143888722771162,1775910602.947399,5,C:\Users\PC\Desktop\RGMC_2026\RGMC\RGMC\data\map\robot25\images\0841.png,C:\Users\PC\Desktop\RGMC_2026\RGMC\RGMC\data\map\robot25\overlays\0841_overlay.png,C:\Users\PC\Desktop\RGMC_2026\RGMC\RGMC\data\map\robot25\masks\0841_mask.png
842,0.51125,0.78125,0.0,229.78753709198813,257.3347181008902,1,0.0,0.0110902586731283,0.0590314953320859,1775910614.083692,5,C:\Users\PC\Desktop\RGMC_2026\RGMC\RGMC\data\map\robot25\images\0842.png,C:\Users\PC\Desktop\RGMC_2026\RGMC\RGMC\data\map\robot25\overlays\0842_overlay.png,C:\Users\PC\Desktop\RGMC_2026\RGMC\RGMC\data\map\robot25\masks\0842_mask.png
843,0.4825,0.78125,0.0,230.79228650137745,243.88895058300943,1,0.0,0.0403258897472946,0.0553940687716955,1775910624.8425078,5,C:\Users\PC\Desktop\RGMC_2026\RGMC\RGMC\data\map\robot25\images\0843.png,C:\Users\PC\Desktop\RGMC_2026\RGMC\RGMC\data\map\robot25\overlays\0843_overlay.png,C:\Users\PC\Desktop\RGMC_2026\RGMC\RGMC\data\map\robot25\masks\0843_mask.png
844,0.45375,0.78125,0.0,231.15490628445423,231.39691289966925,1,0.0,0.4654496103456535,0.0088510371835815,1775910635.6926951,5,C:\Users\PC\Desktop\RGMC_2026\RGMC\RGMC\data\map\robot25\images\0844.png,C:\Users\PC\Desktop\RGMC_2026\RGMC\RGMC\data\map\robot25\overlays\0844_overlay.png,C:\Users\PC\Desktop\RGMC_2026\RGMC\RGMC\data\map\robot25\masks\0844_mask.png
845,0.425,0.78125,0.0,232.5341506129597,218.91051714119695,1,0.0,0.0332024507594373,0.0198830756884697,1775910646.6673214,5,C:\Users\PC\Desktop\RGMC_2026\RGMC\RGMC\data\map\robot25\images\0845.png,C:\Users\PC\Desktop\RGMC_2026\RGMC\RGMC\data\map\robot25\overlays\0845_overlay.png,C:\Users\PC\Desktop\RGMC_2026\RGMC\RGMC\data\map\robot25\masks\0845_mask.png
846,0.39625,0.78125,0.0,232.7840512223516,205.7607683352736,1,0.0,0.0496634670854687,0.0666232317361086,1775910657.4001355,5,C:\Users\PC\Desktop\RGMC_2026\RGMC\RGMC\data\map\robot25\images\0846.png,C:\Users\PC\Desktop\RGMC_2026\RGMC\RGMC\data\map\robot25\overlays\0846_overlay.png,C:\Users\PC\Desktop\RGMC_2026\RGMC\RGMC\data\map\robot25\masks\0846_mask.png
847,0.3675,0.78125,0.0,232.3492625368732,192.1194117647059,1,0.0,0.0500718732597001,0.0302366170643024,1775910668.277027,5,C:\Users\PC\Desktop\RGMC_2026\RGMC\RGMC\data\map\robot25\images\0847.png,C:\Users\PC\Desktop\RGMC_2026\RGMC\RGMC\data\map\robot25\overlays\0847_overlay.png,C:\Users\PC\Desktop\RGMC_2026\RGMC\RGMC\data\map\robot25\masks\0847_mask.png
848,0.33875,0.78125,0.0,232.80760233918127,179.40409356725146,1,0.0,0.0264102431296958,0.0353611535411799,1775910678.9641087,5,C:\Users\PC\Desktop\RGMC_2026\RGMC\RGMC\data\map\robot25\images\0848.png,C:\Users\PC\Desktop\RGMC_2026\RGMC\RGMC\data\map\robot25\overlays\0848_overlay.png,C:\Users\PC\Desktop\RGMC_2026\RGMC\RGMC\data\map\robot25\masks\0848_mask.png
849,0.31,0.78125,0.0,232.74647887323945,166.90786384976525,1,0.0,0.0419685441973899,0.0341751714108202,1775910689.6846638,5,C:\Users\PC\Desktop\RGMC_2026\RGMC\RGMC\data\map\robot25\images\0849.png,C:\Users\PC\Desktop\RGMC_2026\RGMC\RGMC\data\map\robot25\overlays\0849_overlay.png,C:\Users\PC\Desktop\RGMC_2026\RGMC\RGMC\data\map\robot25\masks\0849_mask.png
850,0.28125,0.78125,0.0,232.7221238938053,154.3439528023599,1,0.0,0.010363068546142,0.0137207549652906,1775910700.7783,5,C:\Users\PC\Desktop\RGMC_2026\RGMC\RGMC\data\map\robot25\images\0850.png,C:\Users\PC\Desktop\RGMC_2026\RGMC\RGMC\data\map\robot25\overlays\0850_overlay.png,C:\Users\PC\Desktop\RGMC_2026\RGMC\RGMC\data\map\robot25\masks\0850_mask.png
851,0.2525,0.78125,0.0,233.05896088733215,141.99121265377855,1,0.0,0.0490125896493121,0.3379590934835154,1775910711.3987834,5,C:\Users\PC\Desktop\RGMC_2026\RGMC\RGMC\data\map\robot25\images\0851.png,C:\Users\PC\Desktop\RGMC_2026\RGMC\RGMC\data\map\robot25\overlays\0851_overlay.png,C:\Users\PC\Desktop\RGMC_2026\RGMC\RGMC\data\map\robot25\masks\0851_mask.png
852,0.22375,0.78125,0.0,232.87753917585607,128.30568445475637,1,0.0,0.0340549738423583,0.0458076669011213,1775910722.076929,5,C:\Users\PC\Desktop\RGMC_2026\RGMC\RGMC\data\map\robot25\images\0852.png,C:\Users\PC\Desktop\RGMC_2026\RGMC\RGMC\data\map\robot25\overlays\0852_overlay.png,C:\Users\PC\Desktop\RGMC_2026\RGMC\RGMC\data\map\robot25\masks\0852_mask.png
853,0.195,0.78125,0.0,233.3375,115.87045454545456,1,0.0,0.0328688171739122,0.0396507571843858,1775910733.0364516,5,C:\Users\PC\Desktop\RGMC_2026\RGMC\RGMC\data\map\robot25\images\0853.png,C:\Users\PC\Desktop\RGMC_2026\RGMC\RGMC\data\map\robot25\overlays\0853_overlay.png,C:\Users\PC\Desktop\RGMC_2026\RGMC\RGMC\data\map\robot25\masks\0853_mask.png
854,0.16625,0.78125,0.0,233.3862343572241,102.93167701863354,1,0.0,0.0378289475483404,0.0533346895450651,1775910743.78014,5,C:\Users\PC\Desktop\RGMC_2026\RGMC\RGMC\data\map\robot25\images\0854.png,C:\Users\PC\Desktop\RGMC_2026\RGMC\RGMC\data\map\robot25\overlays\0854_overlay.png,C:\Users\PC\Desktop\RGMC_2026\RGMC\RGMC\data\map\robot25\masks\0854_mask.png
855,0.1375,0.78125,0.0,233.49717514124293,90.33785310734464,1,0.0,0.045422069453902,0.0360649364034553,1775910754.7669866,5,C:\Users\PC\Desktop\RGMC_2026\RGMC\RGMC\data\map\robot25\images\0855.png,C:\Users\PC\Desktop\RGMC_2026\RGMC\RGMC\data\map\robot25\overlays\0855_overlay.png,C:\Users\PC\Desktop\RGMC_2026\RGMC\RGMC\data\map\robot25\masks\0855_mask.png
856,0.10875,0.78125,0.0,233.4442001099505,77.1827661909989,1,0.0,0.0125650674148388,0.0354035634408201,1775910765.907462,5,C:\Users\PC\Desktop\RGMC_2026\RGMC\RGMC\data\map\robot25\images\0856.png,C:\Users\PC\Desktop\RGMC_2026\RGMC\RGMC\data\map\robot25\overlays\0856_overlay.png,C:\Users\PC\Desktop\RGMC_2026\RGMC\RGMC\data\map\robot25\masks\0856_mask.png
857,0.08,0.78125,0.0,233.4773616545556,63.68060200668896,1,0.0,0.0085342121854849,0.1523155155249114,1775910776.9966216,5,C:\Users\PC\Desktop\RGMC_2026\RGMC\RGMC\data\map\robot25\images\0857.png,C:\Users\PC\Desktop\RGMC_2026\RGMC\RGMC\data\map\robot25\overlays\0857_overlay.png,C:\Users\PC\Desktop\RGMC_2026\RGMC\RGMC\data\map\robot25\masks\0857_mask.png
858,0.08,0.8125,0.0,219.59433458043827,63.48220064724919,1,0.0,0.0213552614700504,0.1164215018144361,1775910787.771572,5,C:\Users\PC\Desktop\RGMC_2026\RGMC\RGMC\data\map\robot25\images\0858.png,C:\Users\PC\Desktop\RGMC_2026\RGMC\RGMC\data\map\robot25\overlays\0858_overlay.png,C:\Users\PC\Desktop\RGMC_2026\RGMC\RGMC\data\map\robot25\masks\0858_mask.png
859,0.10875,0.8125,0.0,219.3121052631579,76.47684210526316,1,0.0,0.0361675624955004,0.1852187071570694,1775910798.9701998,5,C:\Users\PC\Desktop\RGMC_2026\RGMC\RGMC\data\map\robot25\images\0859.png,C:\Users\PC\Desktop\RGMC_2026\RGMC\RGMC\data\map\robot25\overlays\0859_overlay.png,C:\Users\PC\Desktop\RGMC_2026\RGMC\RGMC\data\map\robot25\masks\0859_mask.png
860,0.1375,0.8125,0.0,219.15227629513345,88.8463555322496,1,0.0,0.0492618332974044,0.0360270564426673,1775910811.0709271,5,C:\Users\PC\Desktop\RGMC_2026\RGMC\RGMC\data\map\robot25\images\0860.png,C:\Users\PC\Desktop\RGMC_2026\RGMC\RGMC\data\map\robot25\overlays\0860_overlay.png,C:\Users\PC\Desktop\RGMC_2026\RGMC\RGMC\data\map\robot25\masks\0860_mask.png
861,0.16625,0.8125,0.0,218.83055555555555,102.18393351800556,1,0.0,0.0460685989610728,0.0344968758928551,1775910822.4800725,5,C:\Users\PC\Desktop\RGMC_2026\RGMC\RGMC\data\map\robot25\images\0861.png,C:\Users\PC\Desktop\RGMC_2026\RGMC\RGMC\data\map\robot25\overlays\0861_overlay.png,C:\Users\PC\Desktop\RGMC_2026\RGMC\RGMC\data\map\robot25\masks\0861_mask.png
862,0.195,0.8125,0.0,218.0045584045584,115.1596109839817,1,0.0,0.2547525801180172,0.0737006623775578,1775910834.0067348,5,C:\Users\PC\Desktop\RGMC_2026\RGMC\RGMC\data\map\robot25\images\0862.png,C:\Users\PC\Desktop\RGMC_2026\RGMC\RGMC\data\map\robot25\overlays\0862_overlay.png,C:\Users\PC\Desktop\RGMC_2026\RGMC\RGMC\data\map\robot25\masks\0862_mask.png
863,0.22375,0.8125,0.0,217.5904377880184,127.81398035817446,1,0.0,0.0429621945389585,0.0617566614795214,1775910845.3558638,5,C:\Users\PC\Desktop\RGMC_2026\RGMC\RGMC\data\map\robot25\images\0863.png,C:\Users\PC\Desktop\RGMC_2026\RGMC\RGMC\data\map\robot25\overlays\0863_overlay.png,C:\Users\PC\Desktop\RGMC_2026\RGMC\RGMC\data\map\robot25\masks\0863_mask.png
864,0.2525,0.8125,0.0,217.78831246273103,140.4148750726322,1,0.0,0.061249640778537,0.3623752964076824,1775910856.293665,5,C:\Users\PC\Desktop\RGMC_2026\RGMC\RGMC\data\map\robot25\images\0864.png,C:\Users\PC\Desktop\RGMC_2026\RGMC\RGMC\data\map\robot25\overlays\0864_overlay.png,C:\Users\PC\Desktop\RGMC_2026\RGMC\RGMC\data\map\robot25\masks\0864_mask.png
865,0.28125,0.8125,0.0,217.70640046975925,153.629651506202,1,0.0,0.0074538730112902,0.0524478959352648,1775910867.1342108,5,C:\Users\PC\Desktop\RGMC_2026\RGMC\RGMC\data\map\robot25\images\0865.png,C:\Users\PC\Desktop\RGMC_2026\RGMC\RGMC\data\map\robot25\overlays\0865_overlay.png,C:\Users\PC\Desktop\RGMC_2026\RGMC\RGMC\data\map\robot25\masks\0865_mask.png
866,0.31,0.8125,0.0,217.612638970158,166.59050966608083,1,0.0,0.0099395440605861,0.0292577872116387,1775910878.424575,5,C:\Users\PC\Desktop\RGMC_2026\RGMC\RGMC\data\map\robot25\images\0866.png,C:\Users\PC\Desktop\RGMC_2026\RGMC\RGMC\data\map\robot25\overlays\0866_overlay.png,C:\Users\PC\Desktop\RGMC_2026\RGMC\RGMC\data\map\robot25\masks\0866_mask.png
867,0.33875,0.8125,0.0,217.4950495049505,179.0110658124636,1,0.0,0.0267612583846423,0.0190568146514712,1775910889.8554971,5,C:\Users\PC\Desktop\RGMC_2026\RGMC\RGMC\data\map\robot25\images\0867.png,C:\Users\PC\Desktop\RGMC_2026\RGMC\RGMC\data\map\robot25\overlays\0867_overlay.png,C:\Users\PC\Desktop\RGMC_2026\RGMC\RGMC\data\map\robot25\masks\0867_mask.png
868,0.3675,0.8125,0.0,217.24294761082325,191.83236658932717,1,0.0,0.0246702501724067,0.0410153103162697,1775910900.867041,5,C:\Users\PC\Desktop\RGMC_2026\RGMC\RGMC\data\map\robot25\images\0868.png,C:\Users\PC\Desktop\RGMC_2026\RGMC\RGMC\data\map\robot25\overlays\0868_overlay.png,C:\Users\PC\Desktop\RGMC_2026\RGMC\RGMC\data\map\robot25\masks\0868_mask.png
869,0.39625,0.8125,0.0,217.0738255033557,204.87085906793936,1,0.0,0.0348573427796689,0.0699623572630576,1775910912.160704,5,C:\Users\PC\Desktop\RGMC_2026\RGMC\RGMC\data\map\robot25\images\0869.png,C:\Users\PC\Desktop\RGMC_2026\RGMC\RGMC\data\map\robot25\overlays\0869_overlay.png,C:\Users\PC\Desktop\RGMC_2026\RGMC\RGMC\data\map\robot25\masks\0869_mask.png
870,0.425,0.8125,0.0,217.19976771196283,218.4225188624492,1,0.0,0.021142472404218,0.0743492741451697,1775910923.1700342,5,C:\Users\PC\Desktop\RGMC_2026\RGMC\RGMC\data\map\robot25\images\0870.png,C:\Users\PC\Desktop\RGMC_2026\RGMC\RGMC\data\map\robot25\overlays\0870_overlay.png,C:\Users\PC\Desktop\RGMC_2026\RGMC\RGMC\data\map\robot25\masks\0870_mask.png
871,0.45375,0.8125,0.0,216.9411428571429,231.29595902105865,1,0.0,0.0268771968322695,0.0557986243382068,1775910937.1484416,5,C:\Users\PC\Desktop\RGMC_2026\RGMC\RGMC\data\map\robot25\images\0871.png,C:\Users\PC\Desktop\RGMC_2026\RGMC\RGMC\data\map\robot25\overlays\0871_overlay.png,C:\Users\PC\Desktop\RGMC_2026\RGMC\RGMC\data\map\robot25\masks\0871_mask.png
872,0.4825,0.8125,0.0,216.81073446327684,243.73321956769053,1,0.0,0.0412721902522278,0.0552119217183294,1775910947.9928584,5,C:\Users\PC\Desktop\RGMC_2026\RGMC\RGMC\data\map\robot25\images\0872.png,C:\Users\PC\Desktop\RGMC_2026\RGMC\RGMC\data\map\robot25\overlays\0872_overlay.png,C:\Users\PC\Desktop\RGMC_2026\RGMC\RGMC\data\map\robot25\masks\0872_mask.png
873,0.51125,0.8125,0.0,216.58638743455495,255.8407902382336,1,0.0,0.0202635023984006,0.069694640294781,1775910958.9008214,5,C:\Users\PC\Desktop\RGMC_2026\RGMC\RGMC\data\map\robot25\images\0873.png,C:\Users\PC\Desktop\RGMC_2026\RGMC\RGMC\data\map\robot25\overlays\0873_overlay.png,C:\Users\PC\Desktop\RGMC_2026\RGMC\RGMC\data\map\robot25\masks\0873_mask.png
874,0.54,0.8125,0.0,216.65714285714284,269.4334511189635,1,0.0,0.025107729097351,0.090459433862585,1775910969.838721,5,C:\Users\PC\Desktop\RGMC_2026\RGMC\RGMC\data\map\robot25\images\0874.png,C:\Users\PC\Desktop\RGMC_2026\RGMC\RGMC\data\map\robot25\overlays\0874_overlay.png,C:\Users\PC\Desktop\RGMC_2026\RGMC\RGMC\data\map\robot25\masks\0874_mask.png
875,0.56875,0.8125,0.0,216.40917212626564,282.5175699821322,1,0.0,0.0555181127603534,0.0475841924060642,1775910980.8575726,5,C:\Users\PC\Desktop\RGMC_2026\RGMC\RGMC\data\map\robot25\images\0875.png,C:\Users\PC\Desktop\RGMC_2026\RGMC\RGMC\data\map\robot25\overlays\0875_overlay.png,C:\Users\PC\Desktop\RGMC_2026\RGMC\RGMC\data\map\robot25\masks\0875_mask.png
876,0.5975,0.8125,0.0,216.0876258140912,295.014226437463,1,0.0,0.0602408163761302,0.0494753327384766,1775910991.711551,5,C:\Users\PC\Desktop\RGMC_2026\RGMC\RGMC\data\map\robot25\images\0876.png,C:\Users\PC\Desktop\RGMC_2026\RGMC\RGMC\data\map\robot25\overlays\0876_overlay.png,C:\Users\PC\Desktop\RGMC_2026\RGMC\RGMC\data\map\robot25\masks\0876_mask.png
877,0.62625,0.8125,0.0,215.9406528189911,307.6934523809524,1,0.0,0.0371036676374552,0.0414938689920619,1775911002.478732,5,C:\Users\PC\Desktop\RGMC_2026\RGMC\RGMC\data\map\robot25\images\0877.png,C:\Users\PC\Desktop\RGMC_2026\RGMC\RGMC\data\map\robot25\overlays\0877_overlay.png,C:\Users\PC\Desktop\RGMC_2026\RGMC\RGMC\data\map\robot25\masks\0877_mask.png
878,0.655,0.8125,0.0,215.179648241206,321.5133956386293,1,0.0,0.1764525300564921,0.1164017020809481,1775911013.5439897,5,C:\Users\PC\Desktop\RGMC_2026\RGMC\RGMC\data\map\robot25\images\0878.png,C:\Users\PC\Desktop\RGMC_2026\RGMC\RGMC\data\map\robot25\overlays\0878_overlay.png,C:\Users\PC\Desktop\RGMC_2026\RGMC\RGMC\data\map\robot25\masks\0878_mask.png
879,0.68375,0.8125,0.0,215.21442006269592,333.72506234413964,1,0.0,0.1524789664878034,0.0728286354277208,1775911024.3941092,5,C:\Users\PC\Desktop\RGMC_2026\RGMC\RGMC\data\map\robot25\images\0879.png,C:\Users\PC\Desktop\RGMC_2026\RGMC\RGMC\data\map\robot25\overlays\0879_overlay.png,C:\Users\PC\Desktop\RGMC_2026\RGMC\RGMC\data\map\robot25\masks\0879_mask.png
880,0.7125,0.8125,0.0,215.09470404984424,346.5149068322981,1,0.0,0.0227921594749052,0.0692249893044863,1775911036.721156,5,C:\Users\PC\Desktop\RGMC_2026\RGMC\RGMC\data\map\robot25\images\0880.png,C:\Users\PC\Desktop\RGMC_2026\RGMC\RGMC\data\map\robot25\overlays\0880_overlay.png,C:\Users\PC\Desktop\RGMC_2026\RGMC\RGMC\data\map\robot25\masks\0880_mask.png
881,0.74125,0.8125,0.0,213.6261627906977,359.25422740524783,1,0.0,0.0226900599629494,0.0554852620028473,1775911048.2291267,5,C:\Users\PC\Desktop\RGMC_2026\RGMC\RGMC\data\map\robot25\images\0881.png,C:\Users\PC\Desktop\RGMC_2026\RGMC\RGMC\data\map\robot25\overlays\0881_overlay.png,C:\Users\PC\Desktop\RGMC_2026\RGMC\RGMC\data\map\robot25\masks\0881_mask.png
882,0.77,0.8125,0.0,213.58487194758783,372.6413173652695,1,0.0,0.0226746614080746,0.0503558028728772,1775911059.530198,5,C:\Users\PC\Desktop\RGMC_2026\RGMC\RGMC\data\map\robot25\images\0882.png,C:\Users\PC\Desktop\RGMC_2026\RGMC\RGMC\data\map\robot25\overlays\0882_overlay.png,C:\Users\PC\Desktop\RGMC_2026\RGMC\RGMC\data\map\robot25\masks\0882_mask.png
883,0.79875,0.8125,0.0,213.4450386215092,385.51307966706304,1,0.0,0.0332079552219119,0.031128681889496,1775911071.0131097,5,C:\Users\PC\Desktop\RGMC_2026\RGMC\RGMC\data\map\robot25\images\0883.png,C:\Users\PC\Desktop\RGMC_2026\RGMC\RGMC\data\map\robot25\overlays\0883_overlay.png,C:\Users\PC\Desktop\RGMC_2026\RGMC\RGMC\data\map\robot25\masks\0883_mask.png
884,0.8275,0.8125,0.0,213.14474439977025,398.28686173264487,1,0.0,0.0410961369496621,0.0698354560674082,1775911081.9448884,5,C:\Users\PC\Desktop\RGMC_2026\RGMC\RGMC\data\map\robot25\images\0884.png,C:\Users\PC\Desktop\RGMC_2026\RGMC\RGMC\data\map\robot25\overlays\0884_overlay.png,C:\Users\PC\Desktop\RGMC_2026\RGMC\RGMC\data\map\robot25\masks\0884_mask.png
885,0.85625,0.8125,0.0,213.16517590936195,410.1603550295858,1,0.0,0.0087413355323027,0.0688531962336276,1775911099.411983,5,C:\Users\PC\Desktop\RGMC_2026\RGMC\RGMC\data\map\robot25\images\0885.png,C:\Users\PC\Desktop\RGMC_2026\RGMC\RGMC\data\map\robot25\overlays\0885_overlay.png,C:\Users\PC\Desktop\RGMC_2026\RGMC\RGMC\data\map\robot25\masks\0885_mask.png
886,0.885,0.8125,0.0,212.803910293272,423.4195037507213,1,0.0,0.042425783101598,0.0368919064300763,1775911110.7605176,5,C:\Users\PC\Desktop\RGMC_2026\RGMC\RGMC\data\map\robot25\images\0886.png,C:\Users\PC\Desktop\RGMC_2026\RGMC\RGMC\data\map\robot25\overlays\0886_overlay.png,C:\Users\PC\Desktop\RGMC_2026\RGMC\RGMC\data\map\robot25\masks\0886_mask.png
887,0.91375,0.8125,0.0,212.7925211097708,436.5256487628244,1,0.0,0.0422008621418186,0.3832175820678443,1775911127.7723432,5,C:\Users\PC\Desktop\RGMC_2026\RGMC\RGMC\data\map\robot25\images\0887.png,C:\Users\PC\Desktop\RGMC_2026\RGMC\RGMC\data\map\robot25\overlays\0887_overlay.png,C:\Users\PC\Desktop\RGMC_2026\RGMC\RGMC\data\map\robot25\masks\0887_mask.png
888,0.9425,0.8125,0.0,212.4805194805195,449.6920353982301,1,0.0,0.0136747729109423,0.0242251776919056,1775911139.7720385,5,C:\Users\PC\Desktop\RGMC_2026\RGMC\RGMC\data\map\robot25\images\0888.png,C:\Users\PC\Desktop\RGMC_2026\RGMC\RGMC\data\map\robot25\overlays\0888_overlay.png,C:\Users\PC\Desktop\RGMC_2026\RGMC\RGMC\data\map\robot25\masks\0888_mask.png
889,0.97125,0.8125,0.0,211.10815822002476,459.6656365883807,1,0.0,0.6796715652448201,0.0616723943742696,1775911150.486156,5,C:\Users\PC\Desktop\RGMC_2026\RGMC\RGMC\data\map\robot25\images\0889.png,C:\Users\PC\Desktop\RGMC_2026\RGMC\RGMC\data\map\robot25\overlays\0889_overlay.png,C:\Users\PC\Desktop\RGMC_2026\RGMC\RGMC\data\map\robot25\masks\0889_mask.png
892,0.97125,0.84375,0.0,197.398332264272,459.8765273311897,1,0.0,0.0404980007562898,0.0437208519824347,1775911190.1261213,5,C:\Users\PC\Desktop\RGMC_2026\RGMC\RGMC\data\map\robot25\images\0892.png,C:\Users\PC\Desktop\RGMC_2026\RGMC\RGMC\data\map\robot25\overlays\0892_overlay.png,C:\Users\PC\Desktop\RGMC_2026\RGMC\RGMC\data\map\robot25\masks\0892_mask.png
893,0.9425,0.84375,0.0,197.6633663366337,449.87172011661806,1,0.0,0.0422863623883059,0.038832101916343,1775911200.703565,5,C:\Users\PC\Desktop\RGMC_2026\RGMC\RGMC\data\map\robot25\images\0893.png,C:\Users\PC\Desktop\RGMC_2026\RGMC\RGMC\data\map\robot25\overlays\0893_overlay.png,C:\Users\PC\Desktop\RGMC_2026\RGMC\RGMC\data\map\robot25\masks\0893_mask.png
894,0.91375,0.84375,0.0,198.41740152851264,436.94600938967136,1,0.0,0.2092202010605453,0.0123692941599255,1775911211.6489632,5,C:\Users\PC\Desktop\RGMC_2026\RGMC\RGMC\data\map\robot25\images\0894.png,C:\Users\PC\Desktop\RGMC_2026\RGMC\RGMC\data\map\robot25\overlays\0894_overlay.png,C:\Users\PC\Desktop\RGMC_2026\RGMC\RGMC\data\map\robot25\masks\0894_mask.png
895,0.885,0.84375,0.0,198.42760942760944,423.7004991680532,1,0.0,0.0335654319814865,0.0644970001730858,1775911230.2490032,5,C:\Users\PC\Desktop\RGMC_2026\RGMC\RGMC\data\map\robot25\images\0895.png,C:\Users\PC\Desktop\RGMC_2026\RGMC\RGMC\data\map\robot25\overlays\0895_overlay.png,C:\Users\PC\Desktop\RGMC_2026\RGMC\RGMC\data\map\robot25\masks\0895_mask.png
896,0.85625,0.84375,0.0,198.8784940102681,410.4830890642616,1,0.0,0.5201881433577137,0.0530037634338403,1775911248.527799,5,C:\Users\PC\Desktop\RGMC_2026\RGMC\RGMC\data\map\robot25\images\0896.png,C:\Users\PC\Desktop\RGMC_2026\RGMC\RGMC\data\map\robot25\overlays\0896_overlay.png,C:\Users\PC\Desktop\RGMC_2026\RGMC\RGMC\data\map\robot25\masks\0896_mask.png
897,0.8275,0.84375,0.0,198.99945235487405,398.56263736263736,1,0.0,0.0498469849631964,0.0417292167994168,1775911259.3487527,5,C:\Users\PC\Desktop\RGMC_2026\RGMC\RGMC\data\map\robot25\images\0897.png,C:\Users\PC\Desktop\RGMC_2026\RGMC\RGMC\data\map\robot25\overlays\0897_overlay.png,C:\Users\PC\Desktop\RGMC_2026\RGMC\RGMC\data\map\robot25\masks\0897_mask.png
898,0.79875,0.84375,0.0,200.3401075911536,385.92887029288704,1,0.0,0.009861039563087,0.0181387339896433,1775911270.108288,5,C:\Users\PC\Desktop\RGMC_2026\RGMC\RGMC\data\map\robot25\images\0898.png,C:\Users\PC\Desktop\RGMC_2026\RGMC\RGMC\data\map\robot25\overlays\0898_overlay.png,C:\Users\PC\Desktop\RGMC_2026\RGMC\RGMC\data\map\robot25\masks\0898_mask.png
899,0.77,0.84375,0.0,200.6129032258065,371.8916426512968,1,0.0,0.0266829828594979,0.0321754943090641,1775911280.726319,5,C:\Users\PC\Desktop\RGMC_2026\RGMC\RGMC\data\map\robot25\images\0899.png,C:\Users\PC\Desktop\RGMC_2026\RGMC\RGMC\data\map\robot25\overlays\0899_overlay.png,C:\Users\PC\Desktop\RGMC_2026\RGMC\RGMC\data\map\robot25\masks\0899_mask.png
900,0.74125,0.84375,0.0,200.7527568195009,359.4811375507835,1,0.0,0.0551589373434008,0.0258213815509102,1775911291.826846,5,C:\Users\PC\Desktop\RGMC_2026\RGMC\RGMC\data\map\robot25\images\0900.png,C:\Users\PC\Desktop\RGMC_2026\RGMC\RGMC\data\map\robot25\overlays\0900_overlay.png,C:\Users\PC\Desktop\RGMC_2026\RGMC\RGMC\data\map\robot25\masks\0900_mask.png
901,0.7125,0.84375,0.0,200.85580304806564,346.63049853372434,1,0.0,0.0202080159605244,0.0175416468792635,1775911302.4937685,5,C:\Users\PC\Desktop\RGMC_2026\RGMC\RGMC\data\map\robot25\images\0901.png,C:\Users\PC\Desktop\RGMC_2026\RGMC\RGMC\data\map\robot25\overlays\0901_overlay.png,C:\Users\PC\Desktop\RGMC_2026\RGMC\RGMC\data\map\robot25\masks\0901_mask.png
902,0.68375,0.84375,0.0,201.1495055264689,334.0477021524142,1,0.0,0.0251914855592026,0.0784380801342171,1775911313.396072,5,C:\Users\PC\Desktop\RGMC_2026\RGMC\RGMC\data\map\robot25\images\0902.png,C:\Users\PC\Desktop\RGMC_2026\RGMC\RGMC\data\map\robot25\overlays\0902_overlay.png,C:\Users\PC\Desktop\RGMC_2026\RGMC\RGMC\data\map\robot25\masks\0902_mask.png
903,0.655,0.84375,0.0,201.1969608416131,321.27967097532314,1,0.0,0.0178725909721515,0.064354080918683,1775911324.2706914,5,C:\Users\PC\Desktop\RGMC_2026\RGMC\RGMC\data\map\robot25\images\0903.png,C:\Users\PC\Desktop\RGMC_2026\RGMC\RGMC\data\map\robot25\overlays\0903_overlay.png,C:\Users\PC\Desktop\RGMC_2026\RGMC\RGMC\data\map\robot25\masks\0903_mask.png
904,0.62625,0.84375,0.0,201.4004602991945,308.162830840046,1,0.0,0.0284247530754242,0.0339486395760429,1775911335.3097262,5,C:\Users\PC\Desktop\RGMC_2026\RGMC\RGMC\data\map\robot25\images\0904.png,C:\Users\PC\Desktop\RGMC_2026\RGMC\RGMC\data\map\robot25\overlays\0904_overlay.png,C:\Users\PC\Desktop\RGMC_2026\RGMC\RGMC\data\map\robot25\masks\0904_mask.png
905,0.5975,0.84375,0.0,201.3706651506538,295.45688178183894,1,0.0,0.0176457423075337,0.0345823649814198,1775911345.9684725,5,C:\Users\PC\Desktop\RGMC_2026\RGMC\RGMC\data\map\robot25\images\0905.png,C:\Users\PC\Desktop\RGMC_2026\RGMC\RGMC\data\map\robot25\overlays\0905_overlay.png,C:\Users\PC\Desktop\RGMC_2026\RGMC\RGMC\data\map\robot25\masks\0905_mask.png
906,0.56875,0.84375,0.0,201.4338444065872,282.5491198182851,1,0.0,0.0254335491549951,0.0562041256146393,1775911356.847746,5,C:\Users\PC\Desktop\RGMC_2026\RGMC\RGMC\data\map\robot25\images\0906.png,C:\Users\PC\Desktop\RGMC_2026\RGMC\RGMC\data\map\robot25\overlays\0906_overlay.png,C:\Users\PC\Desktop\RGMC_2026\RGMC\RGMC\data\map\robot25\masks\0906_mask.png
907,0.54,0.84375,0.0,201.6550542547116,270.1456310679612,1,0.0,0.0212984904351281,0.029012247283333,1775911367.6421878,5,C:\Users\PC\Desktop\RGMC_2026\RGMC\RGMC\data\map\robot25\images\0907.png,C:\Users\PC\Desktop\RGMC_2026\RGMC\RGMC\data\map\robot25\overlays\0907_overlay.png,C:\Users\PC\Desktop\RGMC_2026\RGMC\RGMC\data\map\robot25\masks\0907_mask.png
908,0.51125,0.84375,0.0,201.4377880184332,257.19064124783364,1,0.0,0.0314210382423423,0.1287913701713137,1775911378.6729496,5,C:\Users\PC\Desktop\RGMC_2026\RGMC\RGMC\data\map\robot25\images\0908.png,C:\Users\PC\Desktop\RGMC_2026\RGMC\RGMC\data\map\robot25\overlays\0908_overlay.png,C:\Users\PC\Desktop\RGMC_2026\RGMC\RGMC\data\map\robot25\masks\0908_mask.png
909,0.4825,0.84375,0.0,201.85140562248995,243.96959265633964,1,0.0,0.0177124308886905,0.0163394153051013,1775911390.57934,5,C:\Users\PC\Desktop\RGMC_2026\RGMC\RGMC\data\map\robot25\images\0909.png,C:\Users\PC\Desktop\RGMC_2026\RGMC\RGMC\data\map\robot25\overlays\0909_overlay.png,C:\Users\PC\Desktop\RGMC_2026\RGMC\RGMC\data\map\robot25\masks\0909_mask.png
910,0.45375,0.84375,0.0,201.77131564088089,231.1174477696217,1,0.0,0.0231504387666372,0.0330415277990311,1775911402.26531,5,C:\Users\PC\Desktop\RGMC_2026\RGMC\RGMC\data\map\robot25\images\0910.png,C:\Users\PC\Desktop\RGMC_2026\RGMC\RGMC\data\map\robot25\overlays\0910_overlay.png,C:\Users\PC\Desktop\RGMC_2026\RGMC\RGMC\data\map\robot25\masks\0910_mask.png
911,0.425,0.84375,0.0,202.8441486411536,218.38607242339836,1,0.0,0.0744700111437515,0.0211288288202622,1775911413.321146,5,C:\Users\PC\Desktop\RGMC_2026\RGMC\RGMC\data\map\robot25\images\0911.png,C:\Users\PC\Desktop\RGMC_2026\RGMC\RGMC\data\map\robot25\overlays\0911_overlay.png,C:\Users\PC\Desktop\RGMC_2026\RGMC\RGMC\data\map\robot25\masks\0911_mask.png
912,0.39625,0.84375,0.0,203.01727982162765,205.78488048916063,1,0.0,0.0347045131785497,0.1451354854973497,1775911424.3783536,5,C:\Users\PC\Desktop\RGMC_2026\RGMC\RGMC\data\map\robot25\images\0912.png,C:\Users\PC\Desktop\RGMC_2026\RGMC\RGMC\data\map\robot25\overlays\0912_overlay.png,C:\Users\PC\Desktop\RGMC_2026\RGMC\RGMC\data\map\robot25\masks\0912_mask.png
913,0.3675,0.84375,0.0,203.01592531576057,191.92912513842745,1,0.0,0.0476409847556252,0.0472617972416087,1775911435.108428,5,C:\Users\PC\Desktop\RGMC_2026\RGMC\RGMC\data\map\robot25\images\0913.png,C:\Users\PC\Desktop\RGMC_2026\RGMC\RGMC\data\map\robot25\overlays\0913_overlay.png,C:\Users\PC\Desktop\RGMC_2026\RGMC\RGMC\data\map\robot25\masks\0913_mask.png
914,0.33875,0.84375,0.0,204.5793143521209,179.4881021474173,1,0.0,0.0267078975223429,0.0191241372593172,1775911446.075225,5,C:\Users\PC\Desktop\RGMC_2026\RGMC\RGMC\data\map\robot25\images\0914.png,C:\Users\PC\Desktop\RGMC_2026\RGMC\RGMC\data\map\robot25\overlays\0914_overlay.png,C:\Users\PC\Desktop\RGMC_2026\RGMC\RGMC\data\map\robot25\masks\0914_mask.png
915,0.31,0.84375,0.0,204.50744490768315,166.77528089887642,1,0.0,0.0566286514534078,0.0293519783285495,1775911456.8804452,5,C:\Users\PC\Desktop\RGMC_2026\RGMC\RGMC\data\map\robot25\images\0915.png,C:\Users\PC\Desktop\RGMC_2026\RGMC\RGMC\data\map\robot25\overlays\0915_overlay.png,C:\Users\PC\Desktop\RGMC_2026\RGMC\RGMC\data\map\robot25\masks\0915_mask.png
916,0.28125,0.84375,0.0,204.7231308411215,154.1533060269163,1,0.0,0.0131557540118066,0.0283937065588799,1775911467.6803837,5,C:\Users\PC\Desktop\RGMC_2026\RGMC\RGMC\data\map\robot25\images\0916.png,C:\Users\PC\Desktop\RGMC_2026\RGMC\RGMC\data\map\robot25\overlays\0916_overlay.png,C:\Users\PC\Desktop\RGMC_2026\RGMC\RGMC\data\map\robot25\masks\0916_mask.png
917,0.2525,0.84375,0.0,204.93305687203792,141.21445497630333,1,0.0,0.0514333466637319,0.3378567176284633,1775911478.4797263,5,C:\Users\PC\Desktop\RGMC_2026\RGMC\RGMC\data\map\robot25\images\0917.png,C:\Users\PC\Desktop\RGMC_2026\RGMC\RGMC\data\map\robot25\overlays\0917_overlay.png,C:\Users\PC\Desktop\RGMC_2026\RGMC\RGMC\data\map\robot25\masks\0917_mask.png
918,0.22375,0.84375,0.0,204.7911576497964,127.3930029154519,1,0.0,0.0394781575343702,0.0424147049015089,1775911489.3526917,5,C:\Users\PC\Desktop\RGMC_2026\RGMC\RGMC\data\map\robot25\images\0918.png,C:\Users\PC\Desktop\RGMC_2026\RGMC\RGMC\data\map\robot25\overlays\0918_overlay.png,C:\Users\PC\Desktop\RGMC_2026\RGMC\RGMC\data\map\robot25\masks\0918_mask.png
919,0.195,0.84375,0.0,205.1103526734926,115.09044368600682,1,0.0,0.0437757297449072,0.0570307358021879,1775911500.0392222,5,C:\Users\PC\Desktop\RGMC_2026\RGMC\RGMC\data\map\robot25\images\0919.png,C:\Users\PC\Desktop\RGMC_2026\RGMC\RGMC\data\map\robot25\overlays\0919_overlay.png,C:\Users\PC\Desktop\RGMC_2026\RGMC\RGMC\data\map\robot25\masks\0919_mask.png
920,0.16625,0.84375,0.0,205.19645916619075,102.5693889206168,1,0.0,0.0442291431205165,0.0527459954544208,1775911510.7209375,5,C:\Users\PC\Desktop\RGMC_2026\RGMC\RGMC\data\map\robot25\images\0920.png,C:\Users\PC\Desktop\RGMC_2026\RGMC\RGMC\data\map\robot25\overlays\0920_overlay.png,C:\Users\PC\Desktop\RGMC_2026\RGMC\RGMC\data\map\robot25\masks\0920_mask.png
921,0.1375,0.84375,0.0,205.2982938910292,89.20253164556962,1,0.0,0.0333849767266878,0.3590788394761273,1775911521.71165,5,C:\Users\PC\Desktop\RGMC_2026\RGMC\RGMC\data\map\robot25\images\0921.png,C:\Users\PC\Desktop\RGMC_2026\RGMC\RGMC\data\map\robot25\overlays\0921_overlay.png,C:\Users\PC\Desktop\RGMC_2026\RGMC\RGMC\data\map\robot25\masks\0921_mask.png
922,0.10875,0.84375,0.0,205.46685236768803,76.68944444444445,1,0.0,0.0438753058200631,0.0335053293157586,1775911534.4996612,5,C:\Users\PC\Desktop\RGMC_2026\RGMC\RGMC\data\map\robot25\images\0922.png,C:\Users\PC\Desktop\RGMC_2026\RGMC\RGMC\data\map\robot25\overlays\0922_overlay.png,C:\Users\PC\Desktop\RGMC_2026\RGMC\RGMC\data\map\robot25\masks\0922_mask.png
923,0.08,0.84375,0.0,205.56430594900849,63.45953593661573,1,0.0,0.0232613999326645,0.099302655724389,1775911545.8447971,5,C:\Users\PC\Desktop\RGMC_2026\RGMC\RGMC\data\map\robot25\images\0923.png,C:\Users\PC\Desktop\RGMC_2026\RGMC\RGMC\data\map\robot25\overlays\0923_overlay.png,C:\Users\PC\Desktop\RGMC_2026\RGMC\RGMC\data\map\robot25\masks\0923_mask.png
924,0.08,0.875,0.0,192.75232558139533,63.545766590389015,1,0.0,0.0161972748967615,0.2062780123401374,1775911556.6749334,5,C:\Users\PC\Desktop\RGMC_2026\RGMC\RGMC\data\map\robot25\images\0924.png,C:\Users\PC\Desktop\RGMC_2026\RGMC\RGMC\data\map\robot25\overlays\0924_overlay.png,C:\Users\PC\Desktop\RGMC_2026\RGMC\RGMC\data\map\robot25\masks\0924_mask.png
925,0.10875,0.875,0.0,191.31553133514987,76.2020697167756,1,0.0,0.425866048098686,0.0194953215530637,1775911576.4317627,5,C:\Users\PC\Desktop\RGMC_2026\RGMC\RGMC\data\map\robot25\images\0925.png,C:\Users\PC\Desktop\RGMC_2026\RGMC\RGMC\data\map\robot25\overlays\0925_overlay.png,C:\Users\PC\Desktop\RGMC_2026\RGMC\RGMC\data\map\robot25\masks\0925_mask.png
926,0.1375,0.875,0.0,190.7124931805783,88.77874659400545,1,0.0,0.078717378070762,0.040529254113135,1775911587.3861196,5,C:\Users\PC\Desktop\RGMC_2026\RGMC\RGMC\data\map\robot25\images\0926.png,C:\Users\PC\Desktop\RGMC_2026\RGMC\RGMC\data\map\robot25\overlays\0926_overlay.png,C:\Users\PC\Desktop\RGMC_2026\RGMC\RGMC\data\map\robot25\masks\0926_mask.png
927,0.16625,0.875,0.0,190.42352941176472,102.30635188308038,1,0.0,0.0533371441822279,0.0344206761319044,1775911598.24946,5,C:\Users\PC\Desktop\RGMC_2026\RGMC\RGMC\data\map\robot25\images\0927.png,C:\Users\PC\Desktop\RGMC_2026\RGMC\RGMC\data\map\robot25\overlays\0927_overlay.png,C:\Users\PC\Desktop\RGMC_2026\RGMC\RGMC\data\map\robot25\masks\0927_mask.png
928,0.195,0.875,0.0,189.7381502890173,114.77462340672074,1,0.0,0.0209692571099777,0.0436676617444883,1775911609.3169131,5,C:\Users\PC\Desktop\RGMC_2026\RGMC\RGMC\data\map\robot25\images\0928.png,C:\Users\PC\Desktop\RGMC_2026\RGMC\RGMC\data\map\robot25\overlays\0928_overlay.png,C:\Users\PC\Desktop\RGMC_2026\RGMC\RGMC\data\map\robot25\masks\0928_mask.png
929,0.22375,0.875,0.0,189.5636257989541,127.0953488372093,1,0.0,0.0318290198157629,0.0794079201666786,1775911620.4305158,5,C:\Users\PC\Desktop\RGMC_2026\RGMC\RGMC\data\map\robot25\images\0929.png,C:\Users\PC\Desktop\RGMC_2026\RGMC\RGMC\data\map\robot25\overlays\0929_overlay.png,C:\Users\PC\Desktop\RGMC_2026\RGMC\RGMC\data\map\robot25\masks\0929_mask.png
930,0.2525,0.875,0.0,189.69902354968409,139.9862148190695,1,0.0,0.0048521717835019,0.0380641240549004,1775911631.8744366,5,C:\Users\PC\Desktop\RGMC_2026\RGMC\RGMC\data\map\robot25\images\0930.png,C:\Users\PC\Desktop\RGMC_2026\RGMC\RGMC\data\map\robot25\overlays\0930_overlay.png,C:\Users\PC\Desktop\RGMC_2026\RGMC\RGMC\data\map\robot25\masks\0930_mask.png
931,0.28125,0.875,0.0,189.50208457415127,153.59082787373436,1,0.0,0.0250542008561123,0.0930362994439972,1775911642.8126442,5,C:\Users\PC\Desktop\RGMC_2026\RGMC\RGMC\data\map\robot25\images\0931.png,C:\Users\PC\Desktop\RGMC_2026\RGMC\RGMC\data\map\robot25\overlays\0931_overlay.png,C:\Users\PC\Desktop\RGMC_2026\RGMC\RGMC\data\map\robot25\masks\0931_mask.png
932,0.31,0.875,0.0,189.52030606238964,166.2884727911059,1,0.0,0.070558056001436,0.0517364833137219,1775911653.5684917,5,C:\Users\PC\Desktop\RGMC_2026\RGMC\RGMC\data\map\robot25\images\0932.png,C:\Users\PC\Desktop\RGMC_2026\RGMC\RGMC\data\map\robot25\overlays\0932_overlay.png,C:\Users\PC\Desktop\RGMC_2026\RGMC\RGMC\data\map\robot25\masks\0932_mask.png
933,0.33875,0.875,0.0,189.21324811156305,178.86809994189426,1,0.0,0.0218562412831993,0.0291187413618263,1775911664.775812,5,C:\Users\PC\Desktop\RGMC_2026\RGMC\RGMC\data\map\robot25\images\0933.png,C:\Users\PC\Desktop\RGMC_2026\RGMC\RGMC\data\map\robot25\overlays\0933_overlay.png,C:\Users\PC\Desktop\RGMC_2026\RGMC\RGMC\data\map\robot25\masks\0933_mask.png
934,0.3675,0.875,0.0,188.84768599882835,191.69068541300527,1,0.0,0.031219581029168,0.0502683785843968,1775911675.847756,5,C:\Users\PC\Desktop\RGMC_2026\RGMC\RGMC\data\map\robot25\images\0934.png,C:\Users\PC\Desktop\RGMC_2026\RGMC\RGMC\data\map\robot25\overlays\0934_overlay.png,C:\Users\PC\Desktop\RGMC_2026\RGMC\RGMC\data\map\robot25\masks\0934_mask.png
935,0.39625,0.875,0.0,188.9197922677438,204.2795883361921,1,0.0,0.0495063274767637,0.4216028679188559,1775911686.5185063,5,C:\Users\PC\Desktop\RGMC_2026\RGMC\RGMC\data\map\robot25\images\0935.png,C:\Users\PC\Desktop\RGMC_2026\RGMC\RGMC\data\map\robot25\overlays\0935_overlay.png,C:\Users\PC\Desktop\RGMC_2026\RGMC\RGMC\data\map\robot25\masks\0935_mask.png
936,0.425,0.875,0.0,188.83953488372092,218.0420070011669,1,0.0,0.0300283226701675,0.0409897148837525,1775911697.4390798,5,C:\Users\PC\Desktop\RGMC_2026\RGMC\RGMC\data\map\robot25\images\0936.png,C:\Users\PC\Desktop\RGMC_2026\RGMC\RGMC\data\map\robot25\overlays\0936_overlay.png,C:\Users\PC\Desktop\RGMC_2026\RGMC\RGMC\data\map\robot25\masks\0936_mask.png
937,0.45375,0.875,0.0,188.61724137931037,230.9890992541595,1,0.0,0.56730136225296,0.0366121850244607,1775911711.7073543,5,C:\Users\PC\Desktop\RGMC_2026\RGMC\RGMC\data\map\robot25\images\0937.png,C:\Users\PC\Desktop\RGMC_2026\RGMC\RGMC\data\map\robot25\overlays\0937_overlay.png,C:\Users\PC\Desktop\RGMC_2026\RGMC\RGMC\data\map\robot25\masks\0937_mask.png
938,0.4825,0.875,0.0,188.7200684150513,243.41233031674207,1,0.0,0.0297440721303383,0.0408689245828925,1775911722.338652,5,C:\Users\PC\Desktop\RGMC_2026\RGMC\RGMC\data\map\robot25\images\0938.png,C:\Users\PC\Desktop\RGMC_2026\RGMC\RGMC\data\map\robot25\overlays\0938_overlay.png,C:\Users\PC\Desktop\RGMC_2026\RGMC\RGMC\data\map\robot25\masks\0938_mask.png
939,0.51125,0.875,0.0,187.391046386192,256.0064970221982,1,0.0,0.0363740568651039,0.2147809445875723,1775911733.2501404,5,C:\Users\PC\Desktop\RGMC_2026\RGMC\RGMC\data\map\robot25\images\0939.png,C:\Users\PC\Desktop\RGMC_2026\RGMC\RGMC\data\map\robot25\overlays\0939_overlay.png,C:\Users\PC\Desktop\RGMC_2026\RGMC\RGMC\data\map\robot25\masks\0939_mask.png
940,0.54,0.875,0.0,187.52616926503345,269.3413140311804,1,0.0,0.0086239746981642,0.0093399387349358,1775911745.0063753,5,C:\Users\PC\Desktop\RGMC_2026\RGMC\RGMC\data\map\robot25\images\0940.png,C:\Users\PC\Desktop\RGMC_2026\RGMC\RGMC\data\map\robot25\overlays\0940_overlay.png,C:\Users\PC\Desktop\RGMC_2026\RGMC\RGMC\data\map\robot25\masks\0940_mask.png
941,0.56875,0.875,0.0,187.3768115942029,281.9782487451199,1,0.0,0.0281575201623939,0.0709668193167516,1775911756.3440511,5,C:\Users\PC\Desktop\RGMC_2026\RGMC\RGMC\data\map\robot25\images\0941.png,C:\Users\PC\Desktop\RGMC_2026\RGMC\RGMC\data\map\robot25\overlays\0941_overlay.png,C:\Users\PC\Desktop\RGMC_2026\RGMC\RGMC\data\map\robot25\masks\0941_mask.png
942,0.5975,0.875,0.0,187.054565099946,295.0480821177742,1,0.0,0.0184309479732998,0.0580939637854472,1775911767.6165297,5,C:\Users\PC\Desktop\RGMC_2026\RGMC\RGMC\data\map\robot25\images\0942.png,C:\Users\PC\Desktop\RGMC_2026\RGMC\RGMC\data\map\robot25\overlays\0942_overlay.png,C:\Users\PC\Desktop\RGMC_2026\RGMC\RGMC\data\map\robot25\masks\0942_mask.png
943,0.62625,0.875,0.0,187.08552631578948,307.5514018691589,1,0.0,0.0255814466878214,0.0335986719619652,1775911778.6154878,5,C:\Users\PC\Desktop\RGMC_2026\RGMC\RGMC\data\map\robot25\images\0943.png,C:\Users\PC\Desktop\RGMC_2026\RGMC\RGMC\data\map\robot25\overlays\0943_overlay.png,C:\Users\PC\Desktop\RGMC_2026\RGMC\RGMC\data\map\robot25\masks\0943_mask.png
944,0.655,0.875,0.0,186.6826758147513,321.0080045740424,1,0.0,0.0384684352683563,0.1903666157043862,1775911798.7937768,5,C:\Users\PC\Desktop\RGMC_2026\RGMC\RGMC\data\map\robot25\images\0944.png,C:\Users\PC\Desktop\RGMC_2026\RGMC\RGMC\data\map\robot25\overlays\0944_overlay.png,C:\Users\PC\Desktop\RGMC_2026\RGMC\RGMC\data\map\robot25\masks\0944_mask.png
945,0.68375,0.875,0.0,186.64289724873663,333.53416149068323,1,0.0,0.0528606595621992,0.0270725439140449,1775911809.5082784,5,C:\Users\PC\Desktop\RGMC_2026\RGMC\RGMC\data\map\robot25\images\0945.png,C:\Users\PC\Desktop\RGMC_2026\RGMC\RGMC\data\map\robot25\overlays\0945_overlay.png,C:\Users\PC\Desktop\RGMC_2026\RGMC\RGMC\data\map\robot25\masks\0945_mask.png
946,0.7125,0.875,0.0,185.69762042948344,346.0342426001161,1,0.0,0.0344081113505495,0.0617202319361904,1775911820.53292,5,C:\Users\PC\Desktop\RGMC_2026\RGMC\RGMC\data\map\robot25\images\0946.png,C:\Users\PC\Desktop\RGMC_2026\RGMC\RGMC\data\map\robot25\overlays\0946_overlay.png,C:\Users\PC\Desktop\RGMC_2026\RGMC\RGMC\data\map\robot25\masks\0946_mask.png
947,0.74125,0.875,0.0,186.31166666666667,358.958751393534,1,0.0,0.039493547973024,0.0364323881178876,1775911831.7107046,5,C:\Users\PC\Desktop\RGMC_2026\RGMC\RGMC\data\map\robot25\images\0947.png,C:\Users\PC\Desktop\RGMC_2026\RGMC\RGMC\data\map\robot25\overlays\0947_overlay.png,C:\Users\PC\Desktop\RGMC_2026\RGMC\RGMC\data\map\robot25\masks\0947_mask.png
948,0.77,0.875,0.0,185.42916915720264,372.4384707287933,1,0.0,0.0199244483786901,0.0367699606567843,1775911842.8745475,5,C:\Users\PC\Desktop\RGMC_2026\RGMC\RGMC\data\map\robot25\images\0948.png,C:\Users\PC\Desktop\RGMC_2026\RGMC\RGMC\data\map\robot25\overlays\0948_overlay.png,C:\Users\PC\Desktop\RGMC_2026\RGMC\RGMC\data\map\robot25\masks\0948_mask.png
949,0.79875,0.875,0.0,185.42848734549736,384.92049469964667,1,0.0,0.0387380274296326,0.0874348658338622,1775911854.2605212,5,C:\Users\PC\Desktop\RGMC_2026\RGMC\RGMC\data\map\robot25\images\0949.png,C:\Users\PC\Desktop\RGMC_2026\RGMC\RGMC\data\map\robot25\overlays\0949_overlay.png,C:\Users\PC\Desktop\RGMC_2026\RGMC\RGMC\data\map\robot25\masks\0949_mask.png
950,0.8275,0.875,0.0,185.12857142857143,398.0977142857143,1,0.0,0.0074973440428409,0.0123926329211721,1775911875.1491406,5,C:\Users\PC\Desktop\RGMC_2026\RGMC\RGMC\data\map\robot25\images\0950.png,C:\Users\PC\Desktop\RGMC_2026\RGMC\RGMC\data\map\robot25\overlays\0950_overlay.png,C:\Users\PC\Desktop\RGMC_2026\RGMC\RGMC\data\map\robot25\masks\0950_mask.png
951,0.85625,0.875,0.0,185.15002918855808,410.15,1,0.0,0.0407002535908643,0.036311730059648,1775911890.5745037,5,C:\Users\PC\Desktop\RGMC_2026\RGMC\RGMC\data\map\robot25\images\0951.png,C:\Users\PC\Desktop\RGMC_2026\RGMC\RGMC\data\map\robot25\overlays\0951_overlay.png,C:\Users\PC\Desktop\RGMC_2026\RGMC\RGMC\data\map\robot25\masks\0951_mask.png
952,0.885,0.875,0.0,184.86772187676647,423.6365178066704,1,0.0,0.0202142450294293,0.1355930050727407,1775911905.2052634,5,C:\Users\PC\Desktop\RGMC_2026\RGMC\RGMC\data\map\robot25\images\0952.png,C:\Users\PC\Desktop\RGMC_2026\RGMC\RGMC\data\map\robot25\overlays\0952_overlay.png,C:\Users\PC\Desktop\RGMC_2026\RGMC\RGMC\data\map\robot25\masks\0952_mask.png
953,0.91375,0.875,0.0,184.62769051774288,435.5836711059641,1,0.0,0.0386203902935348,0.0342356184942298,1775911916.2184043,5,C:\Users\PC\Desktop\RGMC_2026\RGMC\RGMC\data\map\robot25\images\0953.png,C:\Users\PC\Desktop\RGMC_2026\RGMC\RGMC\data\map\robot25\overlays\0953_overlay.png,C:\Users\PC\Desktop\RGMC_2026\RGMC\RGMC\data\map\robot25\masks\0953_mask.png
954,0.9425,0.875,0.0,184.54358068315665,449.5474238875878,1,0.0,0.0272649088665558,0.0476831968036487,1775911931.2077768,5,C:\Users\PC\Desktop\RGMC_2026\RGMC\RGMC\data\map\robot25\images\0954.png,C:\Users\PC\Desktop\RGMC_2026\RGMC\RGMC\data\map\robot25\overlays\0954_overlay.png,C:\Users\PC\Desktop\RGMC_2026\RGMC\RGMC\data\map\robot25\masks\0954_mask.png
955,0.97125,0.875,0.0,184.61042345276877,459.59661678594665,1,0.0,0.0458178282163714,0.0391415202273187,1775911942.2391844,5,C:\Users\PC\Desktop\RGMC_2026\RGMC\RGMC\data\map\robot25\images\0955.png,C:\Users\PC\Desktop\RGMC_2026\RGMC\RGMC\data\map\robot25\overlays\0955_overlay.png,C:\Users\PC\Desktop\RGMC_2026\RGMC\RGMC\data\map\robot25\masks\0955_mask.png
958,0.97125,0.90625,0.0,170.20753551575046,459.8369363804818,1,0.0,0.0406242556342175,0.0217778758293455,1775911993.2503655,5,C:\Users\PC\Desktop\RGMC_2026\RGMC\RGMC\data\map\robot25\images\0958.png,C:\Users\PC\Desktop\RGMC_2026\RGMC\RGMC\data\map\robot25\overlays\0958_overlay.png,C:\Users\PC\Desktop\RGMC_2026\RGMC\RGMC\data\map\robot25\masks\0958_mask.png
959,0.9425,0.90625,0.0,169.516276413478,449.82764505119457,1,0.0,0.0203881244601948,0.0512532666818422,1775912004.1830857,5,C:\Users\PC\Desktop\RGMC_2026\RGMC\RGMC\data\map\robot25\images\0959.png,C:\Users\PC\Desktop\RGMC_2026\RGMC\RGMC\data\map\robot25\overlays\0959_overlay.png,C:\Users\PC\Desktop\RGMC_2026\RGMC\RGMC\data\map\robot25\masks\0959_mask.png
960,0.91375,0.90625,0.0,170.18028169014084,435.8134160090192,1,0.0,0.3183348194072849,0.0764172851524163,1775912017.5174072,5,C:\Users\PC\Desktop\RGMC_2026\RGMC\RGMC\data\map\robot25\images\0960.png,C:\Users\PC\Desktop\RGMC_2026\RGMC\RGMC\data\map\robot25\overlays\0960_overlay.png,C:\Users\PC\Desktop\RGMC_2026\RGMC\RGMC\data\map\robot25\masks\0960_mask.png
961,0.885,0.90625,0.0,170.32872928176795,423.3988950276243,1,0.0,0.0123746590442035,0.0419164815053421,1775912028.3241394,5,C:\Users\PC\Desktop\RGMC_2026\RGMC\RGMC\data\map\robot25\images\0961.png,C:\Users\PC\Desktop\RGMC_2026\RGMC\RGMC\data\map\robot25\overlays\0961_overlay.png,C:\Users\PC\Desktop\RGMC_2026\RGMC\RGMC\data\map\robot25\masks\0961_mask.png
962,0.85625,0.90625,0.0,170.69097027481772,410.3998875140608,1,0.0,0.0266627551759333,0.0384429540190994,1775912038.9394808,5,C:\Users\PC\Desktop\RGMC_2026\RGMC\RGMC\data\map\robot25\images\0962.png,C:\Users\PC\Desktop\RGMC_2026\RGMC\RGMC\data\map\robot25\overlays\0962_overlay.png,C:\Users\PC\Desktop\RGMC_2026\RGMC\RGMC\data\map\robot25\masks\0962_mask.png
963,0.8275,0.90625,0.0,170.86027397260273,398.3172602739726,1,0.0,0.0208164276314783,0.0872613945572863,1775912054.23387,5,C:\Users\PC\Desktop\RGMC_2026\RGMC\RGMC\data\map\robot25\images\0963.png,C:\Users\PC\Desktop\RGMC_2026\RGMC\RGMC\data\map\robot25\overlays\0963_overlay.png,C:\Users\PC\Desktop\RGMC_2026\RGMC\RGMC\data\map\robot25\masks\0963_mask.png
964,0.79875,0.90625,0.0,171.2519818799547,385.4065499717674,1,0.0,0.4881188974801257,0.1185503193682089,1775912065.6896696,5,C:\Users\PC\Desktop\RGMC_2026\RGMC\RGMC\data\map\robot25\images\0964.png,C:\Users\PC\Desktop\RGMC_2026\RGMC\RGMC\data\map\robot25\overlays\0964_overlay.png,C:\Users\PC\Desktop\RGMC_2026\RGMC\RGMC\data\map\robot25\masks\0964_mask.png
965,0.77,0.90625,0.0,172.56216216216217,372.7041062801932,1,0.0,0.4666444806718521,0.3479922640667748,1775912077.9188375,5,C:\Users\PC\Desktop\RGMC_2026\RGMC\RGMC\data\map\robot25\images\0965.png,C:\Users\PC\Desktop\RGMC_2026\RGMC\RGMC\data\map\robot25\overlays\0965_overlay.png,C:\Users\PC\Desktop\RGMC_2026\RGMC\RGMC\data\map\robot25\masks\0965_mask.png
966,0.74125,0.90625,0.0,172.7291301809691,359.26790914385555,1,0.0,0.036660134041472,0.034307361804187,1775912089.0992355,5,C:\Users\PC\Desktop\RGMC_2026\RGMC\RGMC\data\map\robot25\images\0966.png,C:\Users\PC\Desktop\RGMC_2026\RGMC\RGMC\data\map\robot25\overlays\0966_overlay.png,C:\Users\PC\Desktop\RGMC_2026\RGMC\RGMC\data\map\robot25\masks\0966_mask.png
967,0.7125,0.90625,0.0,172.88207822533568,346.4202813599062,1,0.0,0.0325981606493527,0.0606396549374742,1775912110.840492,5,C:\Users\PC\Desktop\RGMC_2026\RGMC\RGMC\data\map\robot25\images\0967.png,C:\Users\PC\Desktop\RGMC_2026\RGMC\RGMC\data\map\robot25\overlays\0967_overlay.png,C:\Users\PC\Desktop\RGMC_2026\RGMC\RGMC\data\map\robot25\masks\0967_mask.png
968,0.68375,0.90625,0.0,173.06411764705882,333.8973004694836,1,0.0,0.0222858252888921,0.103554789234316,1775912121.7612157,5,C:\Users\PC\Desktop\RGMC_2026\RGMC\RGMC\data\map\robot25\images\0968.png,C:\Users\PC\Desktop\RGMC_2026\RGMC\RGMC\data\map\robot25\overlays\0968_overlay.png,C:\Users\PC\Desktop\RGMC_2026\RGMC\RGMC\data\map\robot25\masks\0968_mask.png
969,0.655,0.90625,0.0,173.11750599520383,320.89766606822263,1,0.0,0.0247846438653705,0.0344272287634282,1775912136.6407542,5,C:\Users\PC\Desktop\RGMC_2026\RGMC\RGMC\data\map\robot25\images\0969.png,C:\Users\PC\Desktop\RGMC_2026\RGMC\RGMC\data\map\robot25\overlays\0969_overlay.png,C:\Users\PC\Desktop\RGMC_2026\RGMC\RGMC\data\map\robot25\masks\0969_mask.png
970,0.62625,0.90625,0.0,173.30130016958734,308.01073446327683,1,0.0,0.0203306569890699,0.0350017940651131,1775912148.5207567,5,C:\Users\PC\Desktop\RGMC_2026\RGMC\RGMC\data\map\robot25\images\0970.png,C:\Users\PC\Desktop\RGMC_2026\RGMC\RGMC\data\map\robot25\overlays\0970_overlay.png,C:\Users\PC\Desktop\RGMC_2026\RGMC\RGMC\data\map\robot25\masks\0970_mask.png
971,0.5975,0.90625,0.0,173.61114237478898,295.4614518851998,1,0.0,0.1554365598165541,0.0693747379732052,1775912159.5103545,5,C:\Users\PC\Desktop\RGMC_2026\RGMC\RGMC\data\map\robot25\images\0971.png,C:\Users\PC\Desktop\RGMC_2026\RGMC\RGMC\data\map\robot25\overlays\0971_overlay.png,C:\Users\PC\Desktop\RGMC_2026\RGMC\RGMC\data\map\robot25\masks\0971_mask.png
972,0.56875,0.90625,0.0,173.48899188876013,282.4200463499421,1,0.0,0.0201949427183255,0.0437897760811912,1775912179.6431875,5,C:\Users\PC\Desktop\RGMC_2026\RGMC\RGMC\data\map\robot25\images\0972.png,C:\Users\PC\Desktop\RGMC_2026\RGMC\RGMC\data\map\robot25\overlays\0972_overlay.png,C:\Users\PC\Desktop\RGMC_2026\RGMC\RGMC\data\map\robot25\masks\0972_mask.png
973,0.54,0.90625,0.0,173.44380403458214,269.58708189158017,1,0.0,0.0236720780437655,0.0401621045401456,1775912193.859088,5,C:\Users\PC\Desktop\RGMC_2026\RGMC\RGMC\data\map\robot25\images\0973.png,C:\Users\PC\Desktop\RGMC_2026\RGMC\RGMC\data\map\robot25\overlays\0973_overlay.png,C:\Users\PC\Desktop\RGMC_2026\RGMC\RGMC\data\map\robot25\masks\0973_mask.png
974,0.51125,0.90625,0.0,173.1731778425656,256.03329506314583,1,0.0,0.1559943221408255,0.0600920500474572,1775912209.659719,5,C:\Users\PC\Desktop\RGMC_2026\RGMC\RGMC\data\map\robot25\images\0974.png,C:\Users\PC\Desktop\RGMC_2026\RGMC\RGMC\data\map\robot25\overlays\0974_overlay.png,C:\Users\PC\Desktop\RGMC_2026\RGMC\RGMC\data\map\robot25\masks\0974_mask.png
975,0.4825,0.90625,0.0,173.54396843291997,243.3489289740699,1,0.0,0.0585574301116391,0.0874698463881315,1775912222.108976,5,C:\Users\PC\Desktop\RGMC_2026\RGMC\RGMC\data\map\robot25\images\0975.png,C:\Users\PC\Desktop\RGMC_2026\RGMC\RGMC\data\map\robot25\overlays\0975_overlay.png,C:\Users\PC\Desktop\RGMC_2026\RGMC\RGMC\data\map\robot25\masks\0975_mask.png
976,0.45375,0.90625,0.0,173.60216894977168,231.1789594053745,1,0.0,0.0221509336219351,0.0705622068743542,1775912233.039927,5,C:\Users\PC\Desktop\RGMC_2026\RGMC\RGMC\data\map\robot25\images\0976.png,C:\Users\PC\Desktop\RGMC_2026\RGMC\RGMC\data\map\robot25\overlays\0976_overlay.png,C:\Users\PC\Desktop\RGMC_2026\RGMC\RGMC\data\map\robot25\masks\0976_mask.png
977,0.425,0.90625,0.0,173.6563953488372,218.2447674418605,1,0.0,0.0545074073436151,0.0523606325145589,1775912247.7369194,5,C:\Users\PC\Desktop\RGMC_2026\RGMC\RGMC\data\map\robot25\images\0977.png,C:\Users\PC\Desktop\RGMC_2026\RGMC\RGMC\data\map\robot25\overlays\0977_overlay.png,C:\Users\PC\Desktop\RGMC_2026\RGMC\RGMC\data\map\robot25\masks\0977_mask.png
978,0.39625,0.90625,0.0,174.58900973096738,205.4652498564044,1,0.0,0.063494452689433,0.1139114231073506,1775912258.776436,5,C:\Users\PC\Desktop\RGMC_2026\RGMC\RGMC\data\map\robot25\images\0978.png,C:\Users\PC\Desktop\RGMC_2026\RGMC\RGMC\data\map\robot25\overlays\0978_overlay.png,C:\Users\PC\Desktop\RGMC_2026\RGMC\RGMC\data\map\robot25\masks\0978_mask.png
979,0.3675,0.90625,0.0,174.19753086419752,191.9726678550208,1,0.0,0.4519287393222738,0.035295430245482,1775912269.9236429,5,C:\Users\PC\Desktop\RGMC_2026\RGMC\RGMC\data\map\robot25\images\0979.png,C:\Users\PC\Desktop\RGMC_2026\RGMC\RGMC\data\map\robot25\overlays\0979_overlay.png,C:\Users\PC\Desktop\RGMC_2026\RGMC\RGMC\data\map\robot25\masks\0979_mask.png
980,0.33875,0.90625,0.0,176.0990990990991,179.2024024024024,1,0.0,0.0632494909264913,0.0520666731200465,1775912281.296971,5,C:\Users\PC\Desktop\RGMC_2026\RGMC\RGMC\data\map\robot25\images\0980.png,C:\Users\PC\Desktop\RGMC_2026\RGMC\RGMC\data\map\robot25\overlays\0980_overlay.png,C:\Users\PC\Desktop\RGMC_2026\RGMC\RGMC\data\map\robot25\masks\0980_mask.png
981,0.31,0.90625,0.0,176.2984984984985,166.7153110047847,1,0.0,0.0431500180934764,0.0308496779025745,1775912292.749393,5,C:\Users\PC\Desktop\RGMC_2026\RGMC\RGMC\data\map\robot25\images\0981.png,C:\Users\PC\Desktop\RGMC_2026\RGMC\RGMC\data\map\robot25\overlays\0981_overlay.png,C:\Users\PC\Desktop\RGMC_2026\RGMC\RGMC\data\map\robot25\masks\0981_mask.png
982,0.28125,0.90625,0.0,176.41339770669885,153.86421243210623,1,0.0,0.0180287349499493,0.0372789167892984,1775912303.9199853,5,C:\Users\PC\Desktop\RGMC_2026\RGMC\RGMC\data\map\robot25\images\0982.png,C:\Users\PC\Desktop\RGMC_2026\RGMC\RGMC\data\map\robot25\overlays\0982_overlay.png,C:\Users\PC\Desktop\RGMC_2026\RGMC\RGMC\data\map\robot25\masks\0982_mask.png
983,0.2525,0.90625,0.0,176.65597667638485,140.40081680280048,1,0.0,0.0186541635684515,0.0264479880928312,1775912316.3682463,5,C:\Users\PC\Desktop\RGMC_2026\RGMC\RGMC\data\map\robot25\images\0983.png,C:\Users\PC\Desktop\RGMC_2026\RGMC\RGMC\data\map\robot25\overlays\0983_overlay.png,C:\Users\PC\Desktop\RGMC_2026\RGMC\RGMC\data\map\robot25\masks\0983_mask.png
984,0.22375,0.90625,0.0,176.55360281195078,127.42958161461402,1,0.0,0.0340683157722559,0.0639481731093675,1775912329.5640268,5,C:\Users\PC\Desktop\RGMC_2026\RGMC\RGMC\data\map\robot25\images\0984.png,C:\Users\PC\Desktop\RGMC_2026\RGMC\RGMC\data\map\robot25\overlays\0984_overlay.png,C:\Users\PC\Desktop\RGMC_2026\RGMC\RGMC\data\map\robot25\masks\0984_mask.png
985,0.195,0.90625,0.0,176.8918128654971,114.88888888888889,1,0.0,0.0407437842254712,0.0422827168518783,1775912342.8202102,5,C:\Users\PC\Desktop\RGMC_2026\RGMC\RGMC\data\map\robot25\images\0985.png,C:\Users\PC\Desktop\RGMC_2026\RGMC\RGMC\data\map\robot25\overlays\0985_overlay.png,C:\Users\PC\Desktop\RGMC_2026\RGMC\RGMC\data\map\robot25\masks\0985_mask.png
986,0.16625,0.90625,0.0,177.02915451895043,102.19304347826088,1,0.0,0.0381157946430781,0.0990200599882105,1775912353.5330918,5,C:\Users\PC\Desktop\RGMC_2026\RGMC\RGMC\data\map\robot25\images\0986.png,C:\Users\PC\Desktop\RGMC_2026\RGMC\RGMC\data\map\robot25\overlays\0986_overlay.png,C:\Users\PC\Desktop\RGMC_2026\RGMC\RGMC\data\map\robot25\masks\0986_mask.png
987,0.1375,0.90625,0.0,177.2139664804469,88.66666666666667,1,0.0,0.0374187492421912,0.0698126766872061,1775912365.5368848,5,C:\Users\PC\Desktop\RGMC_2026\RGMC\RGMC\data\map\robot25\images\0987.png,C:\Users\PC\Desktop\RGMC_2026\RGMC\RGMC\data\map\robot25\overlays\0987_overlay.png,C:\Users\PC\Desktop\RGMC_2026\RGMC\RGMC\data\map\robot25\masks\0987_mask.png
988,0.10875,0.90625,0.0,177.45913734392735,76.18352272727273,1,0.0,0.0101074793139927,0.0426630240897588,1775912381.554871,5,C:\Users\PC\Desktop\RGMC_2026\RGMC\RGMC\data\map\robot25\images\0988.png,C:\Users\PC\Desktop\RGMC_2026\RGMC\RGMC\data\map\robot25\overlays\0988_overlay.png,C:\Users\PC\Desktop\RGMC_2026\RGMC\RGMC\data\map\robot25\masks\0988_mask.png
989,0.08,0.90625,0.0,177.64880273660205,63.423475258918295,1,0.0,0.0519851638721182,0.0328344809108992,1775912392.8857057,5,C:\Users\PC\Desktop\RGMC_2026\RGMC\RGMC\data\map\robot25\images\0989.png,C:\Users\PC\Desktop\RGMC_2026\RGMC\RGMC\data\map\robot25\overlays\0989_overlay.png,C:\Users\PC\Desktop\RGMC_2026\RGMC\RGMC\data\map\robot25\masks\0989_mask.png
990,0.08,0.9375,0.0,163.62999452654626,63.45773874862788,1,0.0,0.5574873606480748,0.06131485650052,1775912404.283004,5,C:\Users\PC\Desktop\RGMC_2026\RGMC\RGMC\data\map\robot25\images\0990.png,C:\Users\PC\Desktop\RGMC_2026\RGMC\RGMC\data\map\robot25\overlays\0990_overlay.png,C:\Users\PC\Desktop\RGMC_2026\RGMC\RGMC\data\map\robot25\masks\0990_mask.png
991,0.10875,0.9375,0.0,163.1842833425567,75.91196013289037,1,0.0,0.0198007863385305,0.0206019138696464,1775912417.9260576,5,C:\Users\PC\Desktop\RGMC_2026\RGMC\RGMC\data\map\robot25\images\0991.png,C:\Users\PC\Desktop\RGMC_2026\RGMC\RGMC\data\map\robot25\overlays\0991_overlay.png,C:\Users\PC\Desktop\RGMC_2026\RGMC\RGMC\data\map\robot25\masks\0991_mask.png
992,0.1375,0.9375,0.0,162.75435729847496,88.16176470588235,1,0.0,0.0318210190004253,0.0757071289432841,1775912428.8667138,5,C:\Users\PC\Desktop\RGMC_2026\RGMC\RGMC\data\map\robot25\images\0992.png,C:\Users\PC\Desktop\RGMC_2026\RGMC\RGMC\data\map\robot25\overlays\0992_overlay.png,C:\Users\PC\Desktop\RGMC_2026\RGMC\RGMC\data\map\robot25\masks\0992_mask.png
993,0.16625,0.9375,0.0,162.49364991717283,101.64880273660204,1,0.0,0.0493348416653773,0.3662123169433564,1775912440.1878805,5,C:\Users\PC\Desktop\RGMC_2026\RGMC\RGMC\data\map\robot25\images\0993.png,C:\Users\PC\Desktop\RGMC_2026\RGMC\RGMC\data\map\robot25\overlays\0993_overlay.png,C:\Users\PC\Desktop\RGMC_2026\RGMC\RGMC\data\map\robot25\masks\0993_mask.png
994,0.195,0.9375,0.0,162.0928774928775,114.28530751708428,1,0.0,0.2055367271999109,0.0555022050648708,1775912459.5522094,5,C:\Users\PC\Desktop\RGMC_2026\RGMC\RGMC\data\map\robot25\images\0994.png,C:\Users\PC\Desktop\RGMC_2026\RGMC\RGMC\data\map\robot25\overlays\0994_overlay.png,C:\Users\PC\Desktop\RGMC_2026\RGMC\RGMC\data\map\robot25\masks\0994_mask.png
995,0.22375,0.9375,0.0,162.0850704225352,127.06109865470852,1,0.0,0.026117998800953,0.0446746175984889,1775912470.2260523,5,C:\Users\PC\Desktop\RGMC_2026\RGMC\RGMC\data\map\robot25\images\0995.png,C:\Users\PC\Desktop\RGMC_2026\RGMC\RGMC\data\map\robot25\overlays\0995_overlay.png,C:\Users\PC\Desktop\RGMC_2026\RGMC\RGMC\data\map\robot25\masks\0995_mask.png
996,0.2525,0.9375,0.0,161.8951566951567,140.0818181818182,1,0.0,0.2087042905993674,0.0451316748325805,1775912485.12296,5,C:\Users\PC\Desktop\RGMC_2026\RGMC\RGMC\data\map\robot25\images\0996.png,C:\Users\PC\Desktop\RGMC_2026\RGMC\RGMC\data\map\robot25\overlays\0996_overlay.png,C:\Users\PC\Desktop\RGMC_2026\RGMC\RGMC\data\map\robot25\masks\0996_mask.png
997,0.28125,0.9375,0.0,161.08772969768822,152.03356890459364,1,0.0,0.0502237848080614,0.1302272496069512,1775912499.148959,5,C:\Users\PC\Desktop\RGMC_2026\RGMC\RGMC\data\map\robot25\images\0997.png,C:\Users\PC\Desktop\RGMC_2026\RGMC\RGMC\data\map\robot25\overlays\0997_overlay.png,C:\Users\PC\Desktop\RGMC_2026\RGMC\RGMC\data\map\robot25\masks\0997_mask.png
998,0.31,0.9375,0.0,161.20023419203747,166.29332552693208,1,0.0,0.0398765328713032,0.070925882820778,1775912510.1099677,5,C:\Users\PC\Desktop\RGMC_2026\RGMC\RGMC\data\map\robot25\images\0998.png,C:\Users\PC\Desktop\RGMC_2026\RGMC\RGMC\data\map\robot25\overlays\0998_overlay.png,C:\Users\PC\Desktop\RGMC_2026\RGMC\RGMC\data\map\robot25\masks\0998_mask.png
999,0.33875,0.9375,0.0,161.0787914691943,178.66844286560095,1,0.0,0.0380571438162533,0.0522108664940342,1775912538.8990788,5,C:\Users\PC\Desktop\RGMC_2026\RGMC\RGMC\data\map\robot25\images\0999.png,C:\Users\PC\Desktop\RGMC_2026\RGMC\RGMC\data\map\robot25\overlays\0999_overlay.png,C:\Users\PC\Desktop\RGMC_2026\RGMC\RGMC\data\map\robot25\masks\0999_mask.png
1000,0.3675,0.9375,0.0,160.68270944741533,191.3636363636364,1,0.0,0.0376571213245727,0.0837612330873239,1775912550.2194088,5,C:\Users\PC\Desktop\RGMC_2026\RGMC\RGMC\data\map\robot25\images\1000.png,C:\Users\PC\Desktop\RGMC_2026\RGMC\RGMC\data\map\robot25\overlays\1000_overlay.png,C:\Users\PC\Desktop\RGMC_2026\RGMC\RGMC\data\map\robot25\masks\1000_mask.png
1001,0.39625,0.9375,0.0,160.7662037037037,204.09526558891451,1,0.0,0.0174334930456685,0.0455017820377074,1775912561.78601,5,C:\Users\PC\Desktop\RGMC_2026\RGMC\RGMC\data\map\robot25\images\1001.png,C:\Users\PC\Desktop\RGMC_2026\RGMC\RGMC\data\map\robot25\overlays\1001_overlay.png,C:\Users\PC\Desktop\RGMC_2026\RGMC\RGMC\data\map\robot25\masks\1001_mask.png
1002,0.425,0.9375,0.0,160.4006006006006,217.9189189189189,1,0.0,0.0320994098033279,0.069312827612272,1775912573.0794685,5,C:\Users\PC\Desktop\RGMC_2026\RGMC\RGMC\data\map\robot25\images\1002.png,C:\Users\PC\Desktop\RGMC_2026\RGMC\RGMC\data\map\robot25\overlays\1002_overlay.png,C:\Users\PC\Desktop\RGMC_2026\RGMC\RGMC\data\map\robot25\masks\1002_mask.png
1003,0.45375,0.9375,0.0,160.51487414187642,231.0688468158348,1,0.0,0.0472998200521212,0.0300253027631348,1775912584.061915,5,C:\Users\PC\Desktop\RGMC_2026\RGMC\RGMC\data\map\robot25\images\1003.png,C:\Users\PC\Desktop\RGMC_2026\RGMC\RGMC\data\map\robot25\overlays\1003_overlay.png,C:\Users\PC\Desktop\RGMC_2026\RGMC\RGMC\data\map\robot25\masks\1003_mask.png
1004,0.4825,0.9375,0.0,159.09071038251366,243.1651124520022,1,0.0,0.0461408362803204,0.0307124810883506,1775912596.2603073,5,C:\Users\PC\Desktop\RGMC_2026\RGMC\RGMC\data\map\robot25\images\1004.png,C:\Users\PC\Desktop\RGMC_2026\RGMC\RGMC\data\map\robot25\overlays\1004_overlay.png,C:\Users\PC\Desktop\RGMC_2026\RGMC\RGMC\data\map\robot25\masks\1004_mask.png
1005,0.51125,0.9375,0.0,159.34084809447128,255.84793121977432,1,0.0,0.023958741020297,0.0566312726474872,1775912608.1809564,5,C:\Users\PC\Desktop\RGMC_2026\RGMC\RGMC\data\map\robot25\images\1005.png,C:\Users\PC\Desktop\RGMC_2026\RGMC\RGMC\data\map\robot25\overlays\1005_overlay.png,C:\Users\PC\Desktop\RGMC_2026\RGMC\RGMC\data\map\robot25\masks\1005_mask.png
1006,0.54,0.9375,0.0,159.29527349973446,268.3347547974413,1,0.0,0.0420338924179206,0.0294121253994009,1775912620.4299371,5,C:\Users\PC\Desktop\RGMC_2026\RGMC\RGMC\data\map\robot25\images\1006.png,C:\Users\PC\Desktop\RGMC_2026\RGMC\RGMC\data\map\robot25\overlays\1006_overlay.png,C:\Users\PC\Desktop\RGMC_2026\RGMC\RGMC\data\map\robot25\masks\1006_mask.png
1007,0.56875,0.9375,0.0,159.23447893569846,282.1253466444814,1,0.0,0.0425504665153203,0.0302769997634414,1775912631.956933,5,C:\Users\PC\Desktop\RGMC_2026\RGMC\RGMC\data\map\robot25\images\1007.png,C:\Users\PC\Desktop\RGMC_2026\RGMC\RGMC\data\map\robot25\overlays\1007_overlay.png,C:\Users\PC\Desktop\RGMC_2026\RGMC\RGMC\data\map\robot25\masks\1007_mask.png
1008,0.5975,0.9375,0.0,159.22829055161114,295.11032222829056,1,0.0,0.0836814990720146,0.0388708474794605,1775912642.744329,5,C:\Users\PC\Desktop\RGMC_2026\RGMC\RGMC\data\map\robot25\images\1008.png,C:\Users\PC\Desktop\RGMC_2026\RGMC\RGMC\data\map\robot25\overlays\1008_overlay.png,C:\Users\PC\Desktop\RGMC_2026\RGMC\RGMC\data\map\robot25\masks\1008_mask.png
1009,0.62625,0.9375,0.0,159.12241566920565,307.80458515283846,1,0.0,0.0177349953270385,0.0488055211973811,1775912653.9269102,5,C:\Users\PC\Desktop\RGMC_2026\RGMC\RGMC\data\map\robot25\images\1009.png,C:\Users\PC\Desktop\RGMC_2026\RGMC\RGMC\data\map\robot25\overlays\1009_overlay.png,C:\Users\PC\Desktop\RGMC_2026\RGMC\RGMC\data\map\robot25\masks\1009_mask.png
1010,0.655,0.9375,0.0,158.921007441328,320.8362907842015,1,0.0,0.0264400411949813,0.15906071208417,1775912664.7994804,5,C:\Users\PC\Desktop\RGMC_2026\RGMC\RGMC\data\map\robot25\images\1010.png,C:\Users\PC\Desktop\RGMC_2026\RGMC\RGMC\data\map\robot25\overlays\1010_overlay.png,C:\Users\PC\Desktop\RGMC_2026\RGMC\RGMC\data\map\robot25\masks\1010_mask.png
1011,0.68375,0.9375,0.0,158.72793704328274,333.5330347144457,1,0.0,0.0259982100048063,0.0172177740371884,1775912675.6487386,5,C:\Users\PC\Desktop\RGMC_2026\RGMC\RGMC\data\map\robot25\images\1011.png,C:\Users\PC\Desktop\RGMC_2026\RGMC\RGMC\data\map\robot25\overlays\1011_overlay.png,C:\Users\PC\Desktop\RGMC_2026\RGMC\RGMC\data\map\robot25\masks\1011_mask.png
1012,0.7125,0.9375,0.0,158.6640581330352,346.1650917176209,1,0.0,0.0526984309995025,0.0509874513210011,1775912694.3475842,5,C:\Users\PC\Desktop\RGMC_2026\RGMC\RGMC\data\map\robot25\images\1012.png,C:\Users\PC\Desktop\RGMC_2026\RGMC\RGMC\data\map\robot25\overlays\1012_overlay.png,C:\Users\PC\Desktop\RGMC_2026\RGMC\RGMC\data\map\robot25\masks\1012_mask.png
1013,0.74125,0.9375,0.0,158.3331457512662,358.90151091214324,1,0.0,0.0454060354573874,0.049442163995277,1775912706.3421242,5,C:\Users\PC\Desktop\RGMC_2026\RGMC\RGMC\data\map\robot25\images\1013.png,C:\Users\PC\Desktop\RGMC_2026\RGMC\RGMC\data\map\robot25\overlays\1013_overlay.png,C:\Users\PC\Desktop\RGMC_2026\RGMC\RGMC\data\map\robot25\masks\1013_mask.png
1014,0.77,0.9375,0.0,158.09380234505863,371.3115212527964,1,0.0,0.0438317494783493,0.0707702248583798,1775912716.9997134,5,C:\Users\PC\Desktop\RGMC_2026\RGMC\RGMC\data\map\robot25\images\1014.png,C:\Users\PC\Desktop\RGMC_2026\RGMC\RGMC\data\map\robot25\overlays\1014_overlay.png,C:\Users\PC\Desktop\RGMC_2026\RGMC\RGMC\data\map\robot25\masks\1014_mask.png
1015,0.79875,0.9375,0.0,157.7457227138643,385.125730994152,1,0.0,0.0923569323753434,0.0815100473302536,1775912739.3058388,5,C:\Users\PC\Desktop\RGMC_2026\RGMC\RGMC\data\map\robot25\images\1015.png,C:\Users\PC\Desktop\RGMC_2026\RGMC\RGMC\data\map\robot25\overlays\1015_overlay.png,C:\Users\PC\Desktop\RGMC_2026\RGMC\RGMC\data\map\robot25\masks\1015_mask.png
1016,0.8275,0.9375,0.0,157.5955182072829,397.7670230725943,1,0.0,0.2784673278243289,0.0762007804356007,1775912754.3657606,5,C:\Users\PC\Desktop\RGMC_2026\RGMC\RGMC\data\map\robot25\images\1016.png,C:\Users\PC\Desktop\RGMC_2026\RGMC\RGMC\data\map\robot25\overlays\1016_overlay.png,C:\Users\PC\Desktop\RGMC_2026\RGMC\RGMC\data\map\robot25\masks\1016_mask.png
1017,0.85625,0.9375,0.0,156.92464114832535,409.9946043165468,1,0.0,0.0291890794421233,0.0590515981734154,1775912765.645871,5,C:\Users\PC\Desktop\RGMC_2026\RGMC\RGMC\data\map\robot25\images\1017.png,C:\Users\PC\Desktop\RGMC_2026\RGMC\RGMC\data\map\robot25\overlays\1017_overlay.png,C:\Users\PC\Desktop\RGMC_2026\RGMC\RGMC\data\map\robot25\masks\1017_mask.png
1018,0.885,0.9375,0.0,155.69605191995674,423.10546241211466,1,0.0,0.0300811219275037,0.1744753415062902,1775912776.8003592,5,C:\Users\PC\Desktop\RGMC_2026\RGMC\RGMC\data\map\robot25\images\1018.png,C:\Users\PC\Desktop\RGMC_2026\RGMC\RGMC\data\map\robot25\overlays\1018_overlay.png,C:\Users\PC\Desktop\RGMC_2026\RGMC\RGMC\data\map\robot25\masks\1018_mask.png
1019,0.91375,0.9375,0.0,155.54263565891472,435.57918050941305,1,0.0,0.0358387063238372,0.0225316175980652,1775912790.6923428,5,C:\Users\PC\Desktop\RGMC_2026\RGMC\RGMC\data\map\robot25\images\1019.png,C:\Users\PC\Desktop\RGMC_2026\RGMC\RGMC\data\map\robot25\overlays\1019_overlay.png,C:\Users\PC\Desktop\RGMC_2026\RGMC\RGMC\data\map\robot25\masks\1019_mask.png
1020,0.9425,0.9375,0.0,155.27574750830564,449.502756339581,1,0.0,0.0258047898673874,0.0381624962220953,1775912801.3974564,5,C:\Users\PC\Desktop\RGMC_2026\RGMC\RGMC\data\map\robot25\images\1020.png,C:\Users\PC\Desktop\RGMC_2026\RGMC\RGMC\data\map\robot25\overlays\1020_overlay.png,C:\Users\PC\Desktop\RGMC_2026\RGMC\RGMC\data\map\robot25\masks\1020_mask.png
1021,0.97125,0.9375,0.0,154.92173389524382,459.8187838651415,1,0.0,0.0251109727844348,0.017659100369756,1775912812.7013578,5,C:\Users\PC\Desktop\RGMC_2026\RGMC\RGMC\data\map\robot25\images\1021.png,C:\Users\PC\Desktop\RGMC_2026\RGMC\RGMC\data\map\robot25\overlays\1021_overlay.png,C:\Users\PC\Desktop\RGMC_2026\RGMC\RGMC\data\map\robot25\masks\1021_mask.png
1024,0.97125,0.96875,0.0,142.04497843499692,459.8065512978986,1,0.0,0.0413952240232068,0.033561239737325,1775912855.6903903,5,C:\Users\PC\Desktop\RGMC_2026\RGMC\RGMC\data\map\robot25\images\1024.png,C:\Users\PC\Desktop\RGMC_2026\RGMC\RGMC\data\map\robot25\overlays\1024_overlay.png,C:\Users\PC\Desktop\RGMC_2026\RGMC\RGMC\data\map\robot25\masks\1024_mask.png
1025,0.9425,0.96875,0.0,142.17425519955032,450.0045351473923,1,0.0,0.0918848690132089,0.017952554131547,1775912867.1837134,5,C:\Users\PC\Desktop\RGMC_2026\RGMC\RGMC\data\map\robot25\images\1025.png,C:\Users\PC\Desktop\RGMC_2026\RGMC\RGMC\data\map\robot25\overlays\1025_overlay.png,C:\Users\PC\Desktop\RGMC_2026\RGMC\RGMC\data\map\robot25\masks\1025_mask.png
1026,0.91375,0.96875,0.0,142.64905450500555,436.0228667038483,1,0.0,0.0375340304385409,0.0536016403527002,1775912878.1243277,5,C:\Users\PC\Desktop\RGMC_2026\RGMC\RGMC\data\map\robot25\images\1026.png,C:\Users\PC\Desktop\RGMC_2026\RGMC\RGMC\data\map\robot25\overlays\1026_overlay.png,C:\Users\PC\Desktop\RGMC_2026\RGMC\RGMC\data\map\robot25\masks\1026_mask.png
1027,0.885,0.96875,0.0,142.88024282560707,423.5561056105611,1,0.0,0.0395039174679861,0.0577416945108324,1775912890.8709943,5,C:\Users\PC\Desktop\RGMC_2026\RGMC\RGMC\data\map\robot25\images\1027.png,C:\Users\PC\Desktop\RGMC_2026\RGMC\RGMC\data\map\robot25\overlays\1027_overlay.png,C:\Users\PC\Desktop\RGMC_2026\RGMC\RGMC\data\map\robot25\masks\1027_mask.png
1028,0.85625,0.96875,0.0,142.7912457912458,410.4201349831271,1,0.0,0.0530634138700703,0.0615878360009977,1775912901.8831227,5,C:\Users\PC\Desktop\RGMC_2026\RGMC\RGMC\data\map\robot25\images\1028.png,C:\Users\PC\Desktop\RGMC_2026\RGMC\RGMC\data\map\robot25\overlays\1028_overlay.png,C:\Users\PC\Desktop\RGMC_2026\RGMC\RGMC\data\map\robot25\masks\1028_mask.png
1029,0.8275,0.96875,0.0,143.06095551894563,398.33241908941307,1,0.0,0.0443818201502566,0.0564657475293326,1775912918.601699,5,C:\Users\PC\Desktop\RGMC_2026\RGMC\RGMC\data\map\robot25\images\1029.png,C:\Users\PC\Desktop\RGMC_2026\RGMC\RGMC\data\map\robot25\overlays\1029_overlay.png,C:\Users\PC\Desktop\RGMC_2026\RGMC\RGMC\data\map\robot25\masks\1029_mask.png
1030,0.79875,0.96875,0.0,143.23339011925043,385.3518099547511,1,0.0,0.0396765738235755,0.0370611839386328,1775912930.3280146,5,C:\Users\PC\Desktop\RGMC_2026\RGMC\RGMC\data\map\robot25\images\1030.png,C:\Users\PC\Desktop\RGMC_2026\RGMC\RGMC\data\map\robot25\overlays\1030_overlay.png,C:\Users\PC\Desktop\RGMC_2026\RGMC\RGMC\data\map\robot25\masks\1030_mask.png
1031,0.77,0.96875,0.0,143.75530726256983,371.6445054945055,1,0.0,0.4282111123880706,0.4374588654435,1775912942.6805124,5,C:\Users\PC\Desktop\RGMC_2026\RGMC\RGMC\data\map\robot25\images\1031.png,C:\Users\PC\Desktop\RGMC_2026\RGMC\RGMC\data\map\robot25\overlays\1031_overlay.png,C:\Users\PC\Desktop\RGMC_2026\RGMC\RGMC\data\map\robot25\masks\1031_mask.png
1032,0.74125,0.96875,0.0,144.23292092522863,359.36876006441224,1,0.0,0.0937718802964314,0.066372513644199,1775912953.3341005,5,C:\Users\PC\Desktop\RGMC_2026\RGMC\RGMC\data\map\robot25\images\1032.png,C:\Users\PC\Desktop\RGMC_2026\RGMC\RGMC\data\map\robot25\overlays\1032_overlay.png,C:\Users\PC\Desktop\RGMC_2026\RGMC\RGMC\data\map\robot25\masks\1032_mask.png
1033,0.7125,0.96875,0.0,145.3776383342841,346.48464163822524,1,0.0,0.0342819057543248,0.0391960382190785,1775912964.2916706,5,C:\Users\PC\Desktop\RGMC_2026\RGMC\RGMC\data\map\robot25\images\1033.png,C:\Users\PC\Desktop\RGMC_2026\RGMC\RGMC\data\map\robot25\overlays\1033_overlay.png,C:\Users\PC\Desktop\RGMC_2026\RGMC\RGMC\data\map\robot25\masks\1033_mask.png
1034,0.68375,0.96875,0.0,145.71542857142856,333.7857142857143,1,0.0,0.0462476188093068,0.0381166532978359,1775912978.7311282,5,C:\Users\PC\Desktop\RGMC_2026\RGMC\RGMC\data\map\robot25\images\1034.png,C:\Users\PC\Desktop\RGMC_2026\RGMC\RGMC\data\map\robot25\overlays\1034_overlay.png,C:\Users\PC\Desktop\RGMC_2026\RGMC\RGMC\data\map\robot25\masks\1034_mask.png
1035,0.655,0.96875,0.0,145.85862068965517,320.9741081703107,1,0.0,0.0164611104095063,0.0458464569896912,1775912989.936496,5,C:\Users\PC\Desktop\RGMC_2026\RGMC\RGMC\data\map\robot25\images\1035.png,C:\Users\PC\Desktop\RGMC_2026\RGMC\RGMC\data\map\robot25\overlays\1035_overlay.png,C:\Users\PC\Desktop\RGMC_2026\RGMC\RGMC\data\map\robot25\masks\1035_mask.png
1036,0.62625,0.96875,0.0,146.02535832414554,308.0930996714129,1,0.0,0.0300699031206396,0.0360862518953032,1775913006.0933516,5,C:\Users\PC\Desktop\RGMC_2026\RGMC\RGMC\data\map\robot25\images\1036.png,C:\Users\PC\Desktop\RGMC_2026\RGMC\RGMC\data\map\robot25\overlays\1036_overlay.png,C:\Users\PC\Desktop\RGMC_2026\RGMC\RGMC\data\map\robot25\masks\1036_mask.png
1037,0.5975,0.96875,0.0,146.2408519934462,295.41205479452054,1,0.0,0.0232775250180968,0.041768332212672,1775913023.2201114,5,C:\Users\PC\Desktop\RGMC_2026\RGMC\RGMC\data\map\robot25\images\1037.png,C:\Users\PC\Desktop\RGMC_2026\RGMC\RGMC\data\map\robot25\overlays\1037_overlay.png,C:\Users\PC\Desktop\RGMC_2026\RGMC\RGMC\data\map\robot25\masks\1037_mask.png
1038,0.56875,0.96875,0.0,146.20708748615726,282.3845309928689,1,0.0,0.0271522991926701,0.0467846676045245,1775913033.9895496,5,C:\Users\PC\Desktop\RGMC_2026\RGMC\RGMC\data\map\robot25\images\1038.png,C:\Users\PC\Desktop\RGMC_2026\RGMC\RGMC\data\map\robot25\overlays\1038_overlay.png,C:\Users\PC\Desktop\RGMC_2026\RGMC\RGMC\data\map\robot25\masks\1038_mask.png
1039,0.54,0.96875,0.0,146.3784946236559,268.72962763086883,1,0.0,0.0278916797163724,0.0907745199802835,1775913044.659509,5,C:\Users\PC\Desktop\RGMC_2026\RGMC\RGMC\data\map\robot25\images\1039.png,C:\Users\PC\Desktop\RGMC_2026\RGMC\RGMC\data\map\robot25\overlays\1039_overlay.png,C:\Users\PC\Desktop\RGMC_2026\RGMC\RGMC\data\map\robot25\masks\1039_mask.png
1040,0.51125,0.96875,0.0,146.34047226798464,255.6212037548316,1,0.0,0.0483524085152996,0.0747720491692492,1775913055.7353525,5,C:\Users\PC\Desktop\RGMC_2026\RGMC\RGMC\data\map\robot25\images\1040.png,C:\Users\PC\Desktop\RGMC_2026\RGMC\RGMC\data\map\robot25\overlays\1040_overlay.png,C:\Users\PC\Desktop\RGMC_2026\RGMC\RGMC\data\map\robot25\masks\1040_mask.png
1041,0.4825,0.96875,0.0,146.31813125695217,243.38124306326304,1,0.0,0.3270269443261689,0.0152029146367542,1775913067.1079173,5,C:\Users\PC\Desktop\RGMC_2026\RGMC\RGMC\data\map\robot25\images\1041.png,C:\Users\PC\Desktop\RGMC_2026\RGMC\RGMC\data\map\robot25\overlays\1041_overlay.png,C:\Users\PC\Desktop\RGMC_2026\RGMC\RGMC\data\map\robot25\masks\1041_mask.png
1042,0.45375,0.96875,0.0,145.68138087153366,231.05025409373235,1,0.0,0.0394984795222721,0.0216657887670745,1775913078.2319555,5,C:\Users\PC\Desktop\RGMC_2026\RGMC\RGMC\data\map\robot25\images\1042.png,C:\Users\PC\Desktop\RGMC_2026\RGMC\RGMC\data\map\robot25\overlays\1042_overlay.png,C:\Users\PC\Desktop\RGMC_2026\RGMC\RGMC\data\map\robot25\masks\1042_mask.png
1043,0.425,0.96875,0.0,146.68082727780885,218.15153203342615,1,0.0,0.0407191599488526,0.0780833894767417,1775913089.2542737,5,C:\Users\PC\Desktop\RGMC_2026\RGMC\RGMC\data\map\robot25\images\1043.png,C:\Users\PC\Desktop\RGMC_2026\RGMC\RGMC\data\map\robot25\overlays\1043_overlay.png,C:\Users\PC\Desktop\RGMC_2026\RGMC\RGMC\data\map\robot25\masks\1043_mask.png
1044,0.39625,0.96875,0.0,146.87761852260198,204.66071428571428,1,0.0,0.0423899504104365,0.061588971314194,1775913100.279018,5,C:\Users\PC\Desktop\RGMC_2026\RGMC\RGMC\data\map\robot25\images\1044.png,C:\Users\PC\Desktop\RGMC_2026\RGMC\RGMC\data\map\robot25\overlays\1044_overlay.png,C:\Users\PC\Desktop\RGMC_2026\RGMC\RGMC\data\map\robot25\masks\1044_mask.png
1045,0.3675,0.96875,0.0,146.83623107122827,191.33988764044943,1,0.0,0.0192089928727931,0.0909704282729386,1775913111.7544055,5,C:\Users\PC\Desktop\RGMC_2026\RGMC\RGMC\data\map\robot25\images\1045.png,C:\Users\PC\Desktop\RGMC_2026\RGMC\RGMC\data\map\robot25\overlays\1045_overlay.png,C:\Users\PC\Desktop\RGMC_2026\RGMC\RGMC\data\map\robot25\masks\1045_mask.png
1046,0.33875,0.96875,0.0,147.20318725099602,179.0045377197958,1,0.0,0.0391865168310907,0.0413346443633097,1775913126.539925,5,C:\Users\PC\Desktop\RGMC_2026\RGMC\RGMC\data\map\robot25\images\1046.png,C:\Users\PC\Desktop\RGMC_2026\RGMC\RGMC\data\map\robot25\overlays\1046_overlay.png,C:\Users\PC\Desktop\RGMC_2026\RGMC\RGMC\data\map\robot25\masks\1046_mask.png
1047,0.31,0.96875,0.0,147.32844243792326,166.5111856823266,1,0.0,0.0530682488160173,0.0517699843868712,1775913144.2203093,5,C:\Users\PC\Desktop\RGMC_2026\RGMC\RGMC\data\map\robot25\images\1047.png,C:\Users\PC\Desktop\RGMC_2026\RGMC\RGMC\data\map\robot25\overlays\1047_overlay.png,C:\Users\PC\Desktop\RGMC_2026\RGMC\RGMC\data\map\robot25\masks\1047_mask.png
1048,0.28125,0.96875,0.0,147.24178935447338,153.6749716874292,1,0.0,0.0389933886880069,0.0311207727815708,1775913156.048276,5,C:\Users\PC\Desktop\RGMC_2026\RGMC\RGMC\data\map\robot25\images\1048.png,C:\Users\PC\Desktop\RGMC_2026\RGMC\RGMC\data\map\robot25\overlays\1048_overlay.png,C:\Users\PC\Desktop\RGMC_2026\RGMC\RGMC\data\map\robot25\masks\1048_mask.png
1049,0.2525,0.96875,0.0,147.37967615857062,140.2621848739496,1,0.0,0.0197668185225455,0.0858476099614616,1775913167.375784,5,C:\Users\PC\Desktop\RGMC_2026\RGMC\RGMC\data\map\robot25\images\1049.png,C:\Users\PC\Desktop\RGMC_2026\RGMC\RGMC\data\map\robot25\overlays\1049_overlay.png,C:\Users\PC\Desktop\RGMC_2026\RGMC\RGMC\data\map\robot25\masks\1049_mask.png
1050,0.22375,0.96875,0.0,147.47696629213482,126.88789237668162,1,0.0,0.0291237760027909,0.0395829786802627,1775913185.443417,5,C:\Users\PC\Desktop\RGMC_2026\RGMC\RGMC\data\map\robot25\images\1050.png,C:\Users\PC\Desktop\RGMC_2026\RGMC\RGMC\data\map\robot25\overlays\1050_overlay.png,C:\Users\PC\Desktop\RGMC_2026\RGMC\RGMC\data\map\robot25\masks\1050_mask.png
1051,0.195,0.96875,0.0,148.75177304964538,114.60959715639812,1,0.0,0.488436806656052,0.0421000783688927,1775913198.1641626,5,C:\Users\PC\Desktop\RGMC_2026\RGMC\RGMC\data\map\robot25\images\1051.png,C:\Users\PC\Desktop\RGMC_2026\RGMC\RGMC\data\map\robot25\overlays\1051_overlay.png,C:\Users\PC\Desktop\RGMC_2026\RGMC\RGMC\data\map\robot25\masks\1051_mask.png
1052,0.16625,0.96875,0.0,148.06633221850612,102.13600891861762,1,0.0,0.0565008236821324,0.1105092576820064,1775913209.147119,5,C:\Users\PC\Desktop\RGMC_2026\RGMC\RGMC\data\map\robot25\images\1052.png,C:\Users\PC\Desktop\RGMC_2026\RGMC\RGMC\data\map\robot25\overlays\1052_overlay.png,C:\Users\PC\Desktop\RGMC_2026\RGMC\RGMC\data\map\robot25\masks\1052_mask.png
1053,0.1375,0.96875,0.0,149.09442548350398,88.002849002849,1,0.0,0.0178251805893395,0.0728648129377532,1775913219.9406457,5,C:\Users\PC\Desktop\RGMC_2026\RGMC\RGMC\data\map\robot25\images\1053.png,C:\Users\PC\Desktop\RGMC_2026\RGMC\RGMC\data\map\robot25\overlays\1053_overlay.png,C:\Users\PC\Desktop\RGMC_2026\RGMC\RGMC\data\map\robot25\masks\1053_mask.png
1054,0.10875,0.96875,0.0,149.75469550369948,75.99886169607285,1,0.0,0.1150336134335159,0.0469617013815484,1775913230.9733632,5,C:\Users\PC\Desktop\RGMC_2026\RGMC\RGMC\data\map\robot25\images\1054.png,C:\Users\PC\Desktop\RGMC_2026\RGMC\RGMC\data\map\robot25\overlays\1054_overlay.png,C:\Users\PC\Desktop\RGMC_2026\RGMC\RGMC\data\map\robot25\masks\1054_mask.png
1055,0.08,0.96875,0.0,150.1676948962423,63.42407199100113,1,0.0,0.0393836199659394,0.0301389702059689,1775913241.881618,5,C:\Users\PC\Desktop\RGMC_2026\RGMC\RGMC\data\map\robot25\images\1055.png,C:\Users\PC\Desktop\RGMC_2026\RGMC\RGMC\data\map\robot25\overlays\1055_overlay.png,C:\Users\PC\Desktop\RGMC_2026\RGMC\RGMC\data\map\robot25\masks\1055_mask.png
1056,0.08,1.0,0.0,136.62093023255815,63.038953488372094,1,0.0,0.0317381795423589,0.0602763935599735,1775913252.965497,5,C:\Users\PC\Desktop\RGMC_2026\RGMC\RGMC\data\map\robot25\images\1056.png,C:\Users\PC\Desktop\RGMC_2026\RGMC\RGMC\data\map\robot25\overlays\1056_overlay.png,C:\Users\PC\Desktop\RGMC_2026\RGMC\RGMC\data\map\robot25\masks\1056_mask.png
1057,0.10875,1.0,0.0,135.44601193705915,75.41163793103448,1,0.0,0.0370680607283139,0.0474784646288698,1775913271.6741793,5,C:\Users\PC\Desktop\RGMC_2026\RGMC\RGMC\data\map\robot25\images\1057.png,C:\Users\PC\Desktop\RGMC_2026\RGMC\RGMC\data\map\robot25\overlays\1057_overlay.png,C:\Users\PC\Desktop\RGMC_2026\RGMC\RGMC\data\map\robot25\masks\1057_mask.png
1058,0.1375,1.0,0.0,134.58477895914942,87.36789297658864,1,0.0,0.0420798334454822,0.1068575224058115,1775913282.6818902,5,C:\Users\PC\Desktop\RGMC_2026\RGMC\RGMC\data\map\robot25\images\1058.png,C:\Users\PC\Desktop\RGMC_2026\RGMC\RGMC\data\map\robot25\overlays\1058_overlay.png,C:\Users\PC\Desktop\RGMC_2026\RGMC\RGMC\data\map\robot25\masks\1058_mask.png
1059,0.16625,1.0,0.0,133.7864077669903,100.24928530588907,1,0.0,0.106316229994914,0.0261456567822738,1775913293.736199,5,C:\Users\PC\Desktop\RGMC_2026\RGMC\RGMC\data\map\robot25\images\1059.png,C:\Users\PC\Desktop\RGMC_2026\RGMC\RGMC\data\map\robot25\overlays\1059_overlay.png,C:\Users\PC\Desktop\RGMC_2026\RGMC\RGMC\data\map\robot25\masks\1059_mask.png
1060,0.195,1.0,0.0,133.48598688133572,113.51282051282053,1,0.0,0.0418352697165763,0.0422076233848936,1775913305.6098974,5,C:\Users\PC\Desktop\RGMC_2026\RGMC\RGMC\data\map\robot25\images\1060.png,C:\Users\PC\Desktop\RGMC_2026\RGMC\RGMC\data\map\robot25\overlays\1060_overlay.png,C:\Users\PC\Desktop\RGMC_2026\RGMC\RGMC\data\map\robot25\masks\1060_mask.png
1061,0.22375,1.0,0.0,133.28429655575016,126.98411764705882,1,0.0,0.0274844818718208,0.0722264786557159,1775913316.3554995,5,C:\Users\PC\Desktop\RGMC_2026\RGMC\RGMC\data\map\robot25\images\1061.png,C:\Users\PC\Desktop\RGMC_2026\RGMC\RGMC\data\map\robot25\overlays\1061_overlay.png,C:\Users\PC\Desktop\RGMC_2026\RGMC\RGMC\data\map\robot25\masks\1061_mask.png
1062,0.2525,1.0,0.0,133.2846376811594,139.54545454545453,1,0.0,0.0553816481054103,0.0968514807609743,1775913332.3181477,5,C:\Users\PC\Desktop\RGMC_2026\RGMC\RGMC\data\map\robot25\images\1062.png,C:\Users\PC\Desktop\RGMC_2026\RGMC\RGMC\data\map\robot25\overlays\1062_overlay.png,C:\Users\PC\Desktop\RGMC_2026\RGMC\RGMC\data\map\robot25\masks\1062_mask.png
1063,0.28125,1.0,0.0,133.10133495145632,151.78216019417476,1,0.0,0.0372641822905532,0.1687827691627231,1775913343.2467966,5,C:\Users\PC\Desktop\RGMC_2026\RGMC\RGMC\data\map\robot25\images\1063.png,C:\Users\PC\Desktop\RGMC_2026\RGMC\RGMC\data\map\robot25\overlays\1063_overlay.png,C:\Users\PC\Desktop\RGMC_2026\RGMC\RGMC\data\map\robot25\masks\1063_mask.png
1064,0.31,1.0,0.0,133.08894230769232,165.70035671819264,1,0.0,0.0581828458302241,0.0697602824240732,1775913354.4715178,5,C:\Users\PC\Desktop\RGMC_2026\RGMC\RGMC\data\map\robot25\images\1064.png,C:\Users\PC\Desktop\RGMC_2026\RGMC\RGMC\data\map\robot25\overlays\1064_overlay.png,C:\Users\PC\Desktop\RGMC_2026\RGMC\RGMC\data\map\robot25\masks\1064_mask.png
1065,0.33875,1.0,0.0,132.94718100890208,178.19700598802396,1,0.0,0.0398299559659867,0.0410903726609441,1775913368.3939383,5,C:\Users\PC\Desktop\RGMC_2026\RGMC\RGMC\data\map\robot25\images\1065.png,C:\Users\PC\Desktop\RGMC_2026\RGMC\RGMC\data\map\robot25\overlays\1065_overlay.png,C:\Users\PC\Desktop\RGMC_2026\RGMC\RGMC\data\map\robot25\masks\1065_mask.png
1066,0.3675,1.0,0.0,132.79226190476192,190.81569560047564,1,0.0,0.027632918893507,0.1553857945700819,1775913384.2556162,5,C:\Users\PC\Desktop\RGMC_2026\RGMC\RGMC\data\map\robot25\images\1066.png,C:\Users\PC\Desktop\RGMC_2026\RGMC\RGMC\data\map\robot25\overlays\1066_overlay.png,C:\Users\PC\Desktop\RGMC_2026\RGMC\RGMC\data\map\robot25\masks\1066_mask.png
1067,0.39625,1.0,0.0,131.7605088495575,203.7739082365948,1,0.0,0.026162481758846,0.0259672133691967,1775913395.2603958,5,C:\Users\PC\Desktop\RGMC_2026\RGMC\RGMC\data\map\robot25\images\1067.png,C:\Users\PC\Desktop\RGMC_2026\RGMC\RGMC\data\map\robot25\overlays\1067_overlay.png,C:\Users\PC\Desktop\RGMC_2026\RGMC\RGMC\data\map\robot25\masks\1067_mask.png
1068,0.425,1.0,0.0,131.5438202247191,217.8870056497175,1,0.0,0.0310445128161778,0.0445233075984467,1775913406.8590865,5,C:\Users\PC\Desktop\RGMC_2026\RGMC\RGMC\data\map\robot25\images\1068.png,C:\Users\PC\Desktop\RGMC_2026\RGMC\RGMC\data\map\robot25\overlays\1068_overlay.png,C:\Users\PC\Desktop\RGMC_2026\RGMC\RGMC\data\map\robot25\masks\1068_mask.png
1069,0.45375,1.0,0.0,131.5314569536424,230.5220507166483,1,0.0,0.068021224549724,0.0674736515731855,1775913417.818683,5,C:\Users\PC\Desktop\RGMC_2026\RGMC\RGMC\data\map\robot25\images\1069.png,C:\Users\PC\Desktop\RGMC_2026\RGMC\RGMC\data\map\robot25\overlays\1069_overlay.png,C:\Users\PC\Desktop\RGMC_2026\RGMC\RGMC\data\map\robot25\masks\1069_mask.png
1070,0.4825,1.0,0.0,131.16306695464365,243.0777537796976,1,0.0,0.0513392547008485,0.0523213264942227,1775913428.8865488,5,C:\Users\PC\Desktop\RGMC_2026\RGMC\RGMC\data\map\robot25\images\1070.png,C:\Users\PC\Desktop\RGMC_2026\RGMC\RGMC\data\map\robot25\overlays\1070_overlay.png,C:\Users\PC\Desktop\RGMC_2026\RGMC\RGMC\data\map\robot25\masks\1070_mask.png
1071,0.51125,1.0,0.0,131.0021680216802,255.5552546045504,1,0.0,0.0546925110464617,0.0522594075661246,1775913440.0033886,5,C:\Users\PC\Desktop\RGMC_2026\RGMC\RGMC\data\map\robot25\images\1071.png,C:\Users\PC\Desktop\RGMC_2026\RGMC\RGMC\data\map\robot25\overlays\1071_overlay.png,C:\Users\PC\Desktop\RGMC_2026\RGMC\RGMC\data\map\robot25\masks\1071_mask.png
1072,0.54,1.0,0.0,130.992903930131,268.2400653238977,1,0.0,0.043127308401966,0.0427892151239282,1775913451.300032,5,C:\Users\PC\Desktop\RGMC_2026\RGMC\RGMC\data\map\robot25\images\1072.png,C:\Users\PC\Desktop\RGMC_2026\RGMC\RGMC\data\map\robot25\overlays\1072_overlay.png,C:\Users\PC\Desktop\RGMC_2026\RGMC\RGMC\data\map\robot25\masks\1072_mask.png
1073,0.56875,1.0,0.0,131.16037735849056,281.74457429048414,1,0.0,0.0202085823101198,0.0494106374289296,1775913464.5245,5,C:\Users\PC\Desktop\RGMC_2026\RGMC\RGMC\data\map\robot25\images\1073.png,C:\Users\PC\Desktop\RGMC_2026\RGMC\RGMC\data\map\robot25\overlays\1073_overlay.png,C:\Users\PC\Desktop\RGMC_2026\RGMC\RGMC\data\map\robot25\masks\1073_mask.png
1074,0.5975,1.0,0.0,131.0415073730202,294.7680525164114,1,0.0,0.0299298071665159,0.0855654070081009,1775913480.6862285,5,C:\Users\PC\Desktop\RGMC_2026\RGMC\RGMC\data\map\robot25\images\1074.png,C:\Users\PC\Desktop\RGMC_2026\RGMC\RGMC\data\map\robot25\overlays\1074_overlay.png,C:\Users\PC\Desktop\RGMC_2026\RGMC\RGMC\data\map\robot25\masks\1074_mask.png
1075,0.62625,1.0,0.0,131.13048186247968,307.56090958310773,1,0.0,0.0137043541551735,0.0938076718799347,1775913491.7139812,5,C:\Users\PC\Desktop\RGMC_2026\RGMC\RGMC\data\map\robot25\images\1075.png,C:\Users\PC\Desktop\RGMC_2026\RGMC\RGMC\data\map\robot25\overlays\1075_overlay.png,C:\Users\PC\Desktop\RGMC_2026\RGMC\RGMC\data\map\robot25\masks\1075_mask.png
1076,0.655,1.0,0.0,130.8969298245614,319.5554335894621,1,0.0,0.059712527470998,0.5623437572945855,1775913504.2188582,5,C:\Users\PC\Desktop\RGMC_2026\RGMC\RGMC\data\map\robot25\images\1076.png,C:\Users\PC\Desktop\RGMC_2026\RGMC\RGMC\data\map\robot25\overlays\1076_overlay.png,C:\Users\PC\Desktop\RGMC_2026\RGMC\RGMC\data\map\robot25\masks\1076_mask.png
1077,0.68375,1.0,0.0,130.78422535211268,333.4676056338028,1,0.0,0.0494399269862332,0.1827374377616721,1775913515.3966694,5,C:\Users\PC\Desktop\RGMC_2026\RGMC\RGMC\data\map\robot25\images\1077.png,C:\Users\PC\Desktop\RGMC_2026\RGMC\RGMC\data\map\robot25\overlays\1077_overlay.png,C:\Users\PC\Desktop\RGMC_2026\RGMC\RGMC\data\map\robot25\masks\1077_mask.png
1078,0.7125,1.0,0.0,130.63350485991995,345.7724413950829,1,0.0,0.0198912860425475,0.0250669944516627,1775913525.8949475,5,C:\Users\PC\Desktop\RGMC_2026\RGMC\RGMC\data\map\robot25\images\1078.png,C:\Users\PC\Desktop\RGMC_2026\RGMC\RGMC\data\map\robot25\overlays\1078_overlay.png,C:\Users\PC\Desktop\RGMC_2026\RGMC\RGMC\data\map\robot25\masks\1078_mask.png
1079,0.74125,1.0,0.0,130.30769230769232,358.86199095022624,1,0.0,0.0597916905286355,0.0256001318059177,1775913536.6208503,5,C:\Users\PC\Desktop\RGMC_2026\RGMC\RGMC\data\map\robot25\images\1079.png,C:\Users\PC\Desktop\RGMC_2026\RGMC\RGMC\data\map\robot25\overlays\1079_overlay.png,C:\Users\PC\Desktop\RGMC_2026\RGMC\RGMC\data\map\robot25\masks\1079_mask.png
1080,0.77,1.0,0.0,129.99943661971832,371.3745762711864,1,0.0,0.0288045282334412,0.0445196087287688,1775913547.381711,5,C:\Users\PC\Desktop\RGMC_2026\RGMC\RGMC\data\map\robot25\images\1080.png,C:\Users\PC\Desktop\RGMC_2026\RGMC\RGMC\data\map\robot25\overlays\1080_overlay.png,C:\Users\PC\Desktop\RGMC_2026\RGMC\RGMC\data\map\robot25\masks\1080_mask.png
1081,0.79875,1.0,0.0,129.95953757225433,384.7132947976879,1,0.0,0.0371547965869057,0.0480684334490078,1775913558.2010071,5,C:\Users\PC\Desktop\RGMC_2026\RGMC\RGMC\data\map\robot25\images\1081.png,C:\Users\PC\Desktop\RGMC_2026\RGMC\RGMC\data\map\robot25\overlays\1081_overlay.png,C:\Users\PC\Desktop\RGMC_2026\RGMC\RGMC\data\map\robot25\masks\1081_mask.png
1082,0.8275,1.0,0.0,129.69661016949152,397.95149464185,1,0.0,0.035553827013083,0.0279331497089392,1775913569.3203783,5,C:\Users\PC\Desktop\RGMC_2026\RGMC\RGMC\data\map\robot25\images\1082.png,C:\Users\PC\Desktop\RGMC_2026\RGMC\RGMC\data\map\robot25\overlays\1082_overlay.png,C:\Users\PC\Desktop\RGMC_2026\RGMC\RGMC\data\map\robot25\masks\1082_mask.png
1083,0.85625,1.0,0.0,129.58721934369603,410.1257175660161,1,0.0,0.0568421856649685,0.0319329407514775,1775913580.637974,5,C:\Users\PC\Desktop\RGMC_2026\RGMC\RGMC\data\map\robot25\images\1083.png,C:\Users\PC\Desktop\RGMC_2026\RGMC\RGMC\data\map\robot25\overlays\1083_overlay.png,C:\Users\PC\Desktop\RGMC_2026\RGMC\RGMC\data\map\robot25\masks\1083_mask.png
1084,0.885,1.0,0.0,128.9485549132948,422.9930515344528,1,0.0,0.0486052789327501,0.078154370305111,1775913591.4423642,5,C:\Users\PC\Desktop\RGMC_2026\RGMC\RGMC\data\map\robot25\images\1084.png,C:\Users\PC\Desktop\RGMC_2026\RGMC\RGMC\data\map\robot25\overlays\1084_overlay.png,C:\Users\PC\Desktop\RGMC_2026\RGMC\RGMC\data\map\robot25\masks\1084_mask.png
1085,0.91375,1.0,0.0,127.68450082735797,435.6840354767184,1,0.0,0.0306165615954293,0.049377486527623,1775913602.5969574,5,C:\Users\PC\Desktop\RGMC_2026\RGMC\RGMC\data\map\robot25\images\1085.png,C:\Users\PC\Desktop\RGMC_2026\RGMC\RGMC\data\map\robot25\overlays\1085_overlay.png,C:\Users\PC\Desktop\RGMC_2026\RGMC\RGMC\data\map\robot25\masks\1085_mask.png
1086,0.9425,1.0,0.0,127.41551246537396,449.53462603878114,1,0.0,0.0320247871340327,0.0267789270467311,1775913613.4341185,5,C:\Users\PC\Desktop\RGMC_2026\RGMC\RGMC\data\map\robot25\images\1086.png,C:\Users\PC\Desktop\RGMC_2026\RGMC\RGMC\data\map\robot25\overlays\1086_overlay.png,C:\Users\PC\Desktop\RGMC_2026\RGMC\RGMC\data\map\robot25\masks\1086_mask.png
1087,0.97125,1.0,0.0,127.10812425328554,459.82808716707024,1,0.0,0.0418281972448127,0.0596973975533374,1775913625.9451215,5,C:\Users\PC\Desktop\RGMC_2026\RGMC\RGMC\data\map\robot25\images\1087.png,C:\Users\PC\Desktop\RGMC_2026\RGMC\RGMC\data\map\robot25\overlays\1087_overlay.png,C:\Users\PC\Desktop\RGMC_2026\RGMC\RGMC\data\map\robot25\masks\1087_mask.png
