idx,x,y,u,v,ok,confidence,std_u,std_v,timestamp,n_valid,image_path,overlay_path,mask_path
0,0.0,0.0,572.3603925066905,37.72241992882562,1,0.0,0.0342345947056722,0.0470841134831225,1774670657.781989,5,/Users/kimsumin/projects/RGMC/calibration_data/robot06/images/0000.png,/Users/kimsumin/projects/RGMC/calbration_data/robor06/overlays/0000_overlay.png,/Users/kimsumin/projects/RGMC/calbration_data/robor06/masks/0000_mask.png
1,0.0296875,0.0,573.4647636039251,51.16741674167417,1,0.0,0.3355609417761489,0.0615434651968057,1774670667.9887123,5,/Users/kimsumin/projects/RGMC/calibration_data/robot06/images/0001.png,/Users/kimsumin/projects/RGMC/calbration_data/robor06/overlays/0001_overlay.png,/Users/kimsumin/projects/RGMC/calbration_data/robor06/masks/0001_mask.png
2,0.059375,0.0,574.480965645311,63.25812441968431,1,0.0,0.0750771547386547,0.0629080088475578,1774670680.0788698,5,/Users/kimsumin/projects/RGMC/calibration_data/robot06/images/0002.png,/Users/kimsumin/projects/RGMC/calbration_data/robor06/overlays/0002_overlay.png,/Users/kimsumin/projects/RGMC/calbration_data/robor06/masks/0002_mask.png
3,0.0890624999999999,0.0,574.716577540107,76.40730837789661,1,0.0,0.0353565539088773,0.0398585202355702,1774670690.3168428,5,/Users/kimsumin/projects/RGMC/calibration_data/robot06/images/0003.png,/Users/kimsumin/projects/RGMC/calbration_data/robor06/overlays/0003_overlay.png,/Users/kimsumin/projects/RGMC/calbration_data/robor06/masks/0003_mask.png
4,0.11875,0.0,575.2924865831843,89.13864042933811,1,0.0,0.0608105918946879,0.0410414628256734,1774670700.604237,5,/Users/kimsumin/projects/RGMC/calibration_data/robot06/images/0004.png,/Users/kimsumin/projects/RGMC/calbration_data/robor06/overlays/0004_overlay.png,/Users/kimsumin/projects/RGMC/calbration_data/robor06/masks/0004_mask.png
5,0.1484375,0.0,575.248872858431,102.78629395852118,1,0.0,0.0246635986461714,0.2835028323929499,1774670710.918246,5,/Users/kimsumin/projects/RGMC/calibration_data/robot06/images/0005.png,/Users/kimsumin/projects/RGMC/calbration_data/robor06/overlays/0005_overlay.png,/Users/kimsumin/projects/RGMC/calbration_data/robor06/masks/0005_mask.png
6,0.1781249999999999,0.0,575.3830935251799,115.38129496402878,1,0.0,0.0548266627379156,0.0554383262276906,1774670721.144704,5,/Users/kimsumin/projects/RGMC/calibration_data/robot06/images/0006.png,/Users/kimsumin/projects/RGMC/calbration_data/robor06/overlays/0006_overlay.png,/Users/kimsumin/projects/RGMC/calbration_data/robor06/masks/0006_mask.png
7,0.2078124999999999,0.0,575.5511463844797,128.21252204585537,1,0.0,0.0445766726822796,0.0691463845832685,1774670731.5057356,5,/Users/kimsumin/projects/RGMC/calibration_data/robot06/images/0007.png,/Users/kimsumin/projects/RGMC/calbration_data/robor06/overlays/0007_overlay.png,/Users/kimsumin/projects/RGMC/calbration_data/robor06/masks/0007_mask.png
8,0.2375,0.0,575.4706896551725,141.25665236051503,1,0.0,0.0581132419160521,0.081133608343038,1774670743.087446,5,/Users/kimsumin/projects/RGMC/calibration_data/robot06/images/0008.png,/Users/kimsumin/projects/RGMC/calbration_data/robor06/overlays/0008_overlay.png,/Users/kimsumin/projects/RGMC/calbration_data/robor06/masks/0008_mask.png
9,0.2671874999999999,0.0,575.6902417188899,154.95340501792114,1,0.0,0.0516492144081551,0.0299332678667374,1774670753.1198366,5,/Users/kimsumin/projects/RGMC/calibration_data/robot06/images/0009.png,/Users/kimsumin/projects/RGMC/calbration_data/robor06/overlays/0009_overlay.png,/Users/kimsumin/projects/RGMC/calbration_data/robor06/masks/0009_mask.png
10,0.296875,0.0,575.6829052258636,167.62778272484417,1,0.0,0.0354810285392147,0.0530917591488536,1774670763.122177,5,/Users/kimsumin/projects/RGMC/calibration_data/robot06/images/0010.png,/Users/kimsumin/projects/RGMC/calbration_data/robor06/overlays/0010_overlay.png,/Users/kimsumin/projects/RGMC/calbration_data/robor06/masks/0010_mask.png
11,0.3265625,0.0,575.7471763683753,180.74630755864465,1,0.0,0.0479760919406397,0.0530765355864684,1774670773.3982472,5,/Users/kimsumin/projects/RGMC/calibration_data/robot06/images/0011.png,/Users/kimsumin/projects/RGMC/calbration_data/robor06/overlays/0011_overlay.png,/Users/kimsumin/projects/RGMC/calbration_data/robor06/masks/0011_mask.png
12,0.3562499999999999,0.0,576.0155440414508,193.87907375643223,1,0.0,0.0465294304704909,0.0532233732586097,1774670784.518824,5,/Users/kimsumin/projects/RGMC/calibration_data/robot06/images/0012.png,/Users/kimsumin/projects/RGMC/calbration_data/robor06/overlays/0012_overlay.png,/Users/kimsumin/projects/RGMC/calbration_data/robor06/masks/0012_mask.png
13,0.3859375,0.0,576.1028667790894,205.9463829787234,1,0.0,0.3061650729004445,0.2223244629728737,1774670794.307607,5,/Users/kimsumin/projects/RGMC/calibration_data/robot06/images/0013.png,/Users/kimsumin/projects/RGMC/calbration_data/robor06/overlays/0013_overlay.png,/Users/kimsumin/projects/RGMC/calbration_data/robor06/masks/0013_mask.png
14,0.4156249999999999,0.0,576.0501342882721,219.8957219251337,1,0.0,0.0407464262925975,0.0803009218440247,1774670804.5148983,5,/Users/kimsumin/projects/RGMC/calibration_data/robot06/images/0014.png,/Users/kimsumin/projects/RGMC/calbration_data/robor06/overlays/0014_overlay.png,/Users/kimsumin/projects/RGMC/calbration_data/robor06/masks/0014_mask.png
15,0.4453125,0.0,576.0684210526316,232.9931623931624,1,0.0,0.2448223104665931,0.0201571773345118,1774670815.3400393,5,/Users/kimsumin/projects/RGMC/calibration_data/robot06/images/0015.png,/Users/kimsumin/projects/RGMC/calbration_data/robor06/overlays/0015_overlay.png,/Users/kimsumin/projects/RGMC/calbration_data/robor06/masks/0015_mask.png
16,0.475,0.0,576.4111204717776,245.8955349620893,1,0.0,0.0477874740458929,0.0354277318058484,1774670825.3820288,5,/Users/kimsumin/projects/RGMC/calibration_data/robot06/images/0016.png,/Users/kimsumin/projects/RGMC/calbration_data/robor06/overlays/0016_overlay.png,/Users/kimsumin/projects/RGMC/calbration_data/robor06/masks/0016_mask.png
17,0.5046875,0.0,576.6266548984995,259.27890556045895,1,0.0,0.2416010982304613,0.0303258070600134,1774670835.5234811,5,/Users/kimsumin/projects/RGMC/calibration_data/robot06/images/0017.png,/Users/kimsumin/projects/RGMC/calbration_data/robor06/overlays/0017_overlay.png,/Users/kimsumin/projects/RGMC/calbration_data/robor06/masks/0017_mask.png
18,0.5343749999999999,0.0,576.8026981450253,272.4266554903604,1,0.0,0.0403657069432146,0.0419768122776785,1774670845.762009,5,/Users/kimsumin/projects/RGMC/calibration_data/robot06/images/0018.png,/Users/kimsumin/projects/RGMC/calbration_data/robor06/overlays/0018_overlay.png,/Users/kimsumin/projects/RGMC/calbration_data/robor06/masks/0018_mask.png
19,0.5640625,0.0,577.0666666666667,285.5540425531915,1,0.0,0.1066886064376614,0.1043461833530261,1774670855.6970675,5,/Users/kimsumin/projects/RGMC/calibration_data/robot06/images/0019.png,/Users/kimsumin/projects/RGMC/calbration_data/robor06/overlays/0019_overlay.png,/Users/kimsumin/projects/RGMC/calbration_data/robor06/masks/0019_mask.png
20,0.59375,0.0,576.2698268003646,299.1194165907019,1,0.0,0.0443793891413971,0.3370182589782691,1774670865.8341224,5,/Users/kimsumin/projects/RGMC/calibration_data/robot06/images/0020.png,/Users/kimsumin/projects/RGMC/calbration_data/robor06/overlays/0020_overlay.png,/Users/kimsumin/projects/RGMC/calbration_data/robor06/masks/0020_mask.png
21,0.6234375,0.0,576.819947043248,311.7063492063492,1,0.0,0.0447808702106312,0.0319704901850961,1774670876.0907102,5,/Users/kimsumin/projects/RGMC/calibration_data/robot06/images/0021.png,/Users/kimsumin/projects/RGMC/calbration_data/robor06/overlays/0021_overlay.png,/Users/kimsumin/projects/RGMC/calbration_data/robor06/masks/0021_mask.png
22,0.653125,0.0,577.3751087902524,324.4699738903394,1,0.0,0.0347940980867931,0.055857859758317,1774670886.1061618,5,/Users/kimsumin/projects/RGMC/calibration_data/robot06/images/0022.png,/Users/kimsumin/projects/RGMC/calbration_data/robor06/overlays/0022_overlay.png,/Users/kimsumin/projects/RGMC/calbration_data/robor06/masks/0022_mask.png
23,0.6828124999999999,0.0,577.2159090909091,337.61290322580646,1,0.0,0.0975785974190391,0.0658394300498033,1774670896.1667206,5,/Users/kimsumin/projects/RGMC/calibration_data/robot06/images/0023.png,/Users/kimsumin/projects/RGMC/calbration_data/robor06/overlays/0023_overlay.png,/Users/kimsumin/projects/RGMC/calbration_data/robor06/masks/0023_mask.png
24,0.7124999999999999,0.0,577.5066904549509,350.4509466437177,1,0.0,0.0473505620299118,0.3360569964999134,1774670906.2795236,5,/Users/kimsumin/projects/RGMC/calibration_data/robot06/images/0024.png,/Users/kimsumin/projects/RGMC/calbration_data/robor06/overlays/0024_overlay.png,/Users/kimsumin/projects/RGMC/calbration_data/robor06/masks/0024_mask.png
25,0.7421875,0.0,577.5070796460177,363.81762114537446,1,0.0,0.0821017660754857,0.0822453784609011,1774670916.1092825,5,/Users/kimsumin/projects/RGMC/calibration_data/robot06/images/0025.png,/Users/kimsumin/projects/RGMC/calbration_data/robor06/overlays/0025_overlay.png,/Users/kimsumin/projects/RGMC/calbration_data/robor06/masks/0025_mask.png
26,0.771875,0.0,577.3676341248901,377.00463392029656,1,0.0,0.3582673431269468,0.0156360417238177,1774670925.9401572,5,/Users/kimsumin/projects/RGMC/calibration_data/robot06/images/0026.png,/Users/kimsumin/projects/RGMC/calbration_data/robor06/overlays/0026_overlay.png,/Users/kimsumin/projects/RGMC/calbration_data/robor06/masks/0026_mask.png
27,0.8015625,0.0,578.6012832263978,389.8264462809917,1,0.0,0.3300854499177796,0.3257051006262191,1774670936.0777795,5,/Users/kimsumin/projects/RGMC/calibration_data/robot06/images/0027.png,/Users/kimsumin/projects/RGMC/calbration_data/robor06/overlays/0027_overlay.png,/Users/kimsumin/projects/RGMC/calbration_data/robor06/masks/0027_mask.png
28,0.8312499999999999,0.0,577.5116713352007,403.1959145775302,1,0.0,0.2927647037681823,0.0159480529578716,1774670946.233632,5,/Users/kimsumin/projects/RGMC/calibration_data/robot06/images/0028.png,/Users/kimsumin/projects/RGMC/calbration_data/robor06/overlays/0028_overlay.png,/Users/kimsumin/projects/RGMC/calbration_data/robor06/masks/0028_mask.png
29,0.8609374999999999,0.0,578.1389961389962,415.9666983824928,1,0.0,0.0488657063037879,0.0459357426162684,1774670956.1713228,5,/Users/kimsumin/projects/RGMC/calibration_data/robot06/images/0029.png,/Users/kimsumin/projects/RGMC/calbration_data/robor06/overlays/0029_overlay.png,/Users/kimsumin/projects/RGMC/calbration_data/robor06/masks/0029_mask.png
30,0.890625,0.0,577.3794683776352,428.5050412465628,1,0.0,0.400979165858355,0.044628552693605,1774670965.9819744,5,/Users/kimsumin/projects/RGMC/calibration_data/robot06/images/0030.png,/Users/kimsumin/projects/RGMC/calbration_data/robor06/overlays/0030_overlay.png,/Users/kimsumin/projects/RGMC/calbration_data/robor06/masks/0030_mask.png
31,0.9203125,0.0,577.3611940298507,441.02697302697305,1,0.0,0.044066017582734,0.0816722876280967,1774670976.320918,5,/Users/kimsumin/projects/RGMC/calibration_data/robot06/images/0031.png,/Users/kimsumin/projects/RGMC/calbration_data/robor06/overlays/0031_overlay.png,/Users/kimsumin/projects/RGMC/calbration_data/robor06/masks/0031_mask.png
32,0.95,0.0,576.2529296875,454.4204322200393,1,0.0,0.4900366478574314,0.0593418550938971,1774670986.575495,5,/Users/kimsumin/projects/RGMC/calibration_data/robot06/images/0032.png,/Users/kimsumin/projects/RGMC/calbration_data/robor06/overlays/0032_overlay.png,/Users/kimsumin/projects/RGMC/calbration_data/robor06/masks/0032_mask.png
33,0.95,0.03125,563.82421875,455.0717797443461,1,0.0,0.0591943772899994,0.0410671753039689,1774670996.7966287,5,/Users/kimsumin/projects/RGMC/calibration_data/robot06/images/0033.png,/Users/kimsumin/projects/RGMC/calbration_data/robor06/overlays/0033_overlay.png,/Users/kimsumin/projects/RGMC/calbration_data/robor06/masks/0033_mask.png
34,0.9203125,0.03125,563.5377990430623,442.87404580152673,1,0.0,0.0544645027102911,0.0365937017540915,1774671006.9159796,5,/Users/kimsumin/projects/RGMC/calibration_data/robot06/images/0034.png,/Users/kimsumin/projects/RGMC/calbration_data/robor06/overlays/0034_overlay.png,/Users/kimsumin/projects/RGMC/calbration_data/robor06/masks/0034_mask.png
35,0.890625,0.03125,563.9605504587156,429.25412844036697,1,0.0,0.0441689231595999,0.0184374318044035,1774671016.9834511,5,/Users/kimsumin/projects/RGMC/calibration_data/robot06/images/0035.png,/Users/kimsumin/projects/RGMC/calbration_data/robor06/overlays/0035_overlay.png,/Users/kimsumin/projects/RGMC/calbration_data/robor06/masks/0035_mask.png
36,0.8609374999999999,0.03125,563.9972477064221,416.71615312791783,1,0.0,0.0738057265463506,0.0671958879822463,1774671027.1377594,5,/Users/kimsumin/projects/RGMC/calibration_data/robot06/images/0036.png,/Users/kimsumin/projects/RGMC/calbration_data/robor06/overlays/0036_overlay.png,/Users/kimsumin/projects/RGMC/calbration_data/robor06/masks/0036_mask.png
37,0.8312499999999999,0.03125,563.9759036144578,403.92400370713625,1,0.0,0.0606908566344762,0.0433141574727073,1774671037.273895,5,/Users/kimsumin/projects/RGMC/calibration_data/robot06/images/0037.png,/Users/kimsumin/projects/RGMC/calbration_data/robor06/overlays/0037_overlay.png,/Users/kimsumin/projects/RGMC/calbration_data/robor06/masks/0037_mask.png
38,0.8015625,0.03125,563.8481132075472,390.5962264150943,1,0.0,0.0134444314730432,0.0307224336892234,1774671047.587268,5,/Users/kimsumin/projects/RGMC/calibration_data/robot06/images/0038.png,/Users/kimsumin/projects/RGMC/calbration_data/robor06/overlays/0038_overlay.png,/Users/kimsumin/projects/RGMC/calbration_data/robor06/masks/0038_mask.png
39,0.771875,0.03125,564.0932358318099,377.6204379562044,1,0.0,0.1141319549450885,0.0327818336407996,1774671057.49945,5,/Users/kimsumin/projects/RGMC/calibration_data/robot06/images/0039.png,/Users/kimsumin/projects/RGMC/calbration_data/robor06/overlays/0039_overlay.png,/Users/kimsumin/projects/RGMC/calbration_data/robor06/masks/0039_mask.png
40,0.7421875,0.03125,563.9353958143768,364.7361237488626,1,0.0,0.108434296310014,0.0845061141133198,1774671067.7907977,5,/Users/kimsumin/projects/RGMC/calibration_data/robot06/images/0040.png,/Users/kimsumin/projects/RGMC/calbration_data/robor06/overlays/0040_overlay.png,/Users/kimsumin/projects/RGMC/calbration_data/robor06/masks/0040_mask.png
41,0.7124999999999999,0.03125,563.731684981685,351.27777777777777,1,0.0,0.0739599577916703,0.0353412493912476,1774671078.215381,5,/Users/kimsumin/projects/RGMC/calibration_data/robot06/images/0041.png,/Users/kimsumin/projects/RGMC/calbration_data/robor06/overlays/0041_overlay.png,/Users/kimsumin/projects/RGMC/calbration_data/robor06/masks/0041_mask.png
42,0.6828124999999999,0.03125,563.5106007067138,338.2107111501317,1,0.0,0.056218752124694,0.0358852575232872,1774671088.5692797,5,/Users/kimsumin/projects/RGMC/calibration_data/robot06/images/0042.png,/Users/kimsumin/projects/RGMC/calbration_data/robor06/overlays/0042_overlay.png,/Users/kimsumin/projects/RGMC/calbration_data/robor06/masks/0042_mask.png
43,0.653125,0.03125,563.7348214285714,325.02767857142857,1,0.0,0.0204230706817689,0.0279689907494568,1774671098.478458,5,/Users/kimsumin/projects/RGMC/calibration_data/robot06/images/0043.png,/Users/kimsumin/projects/RGMC/calbration_data/robor06/overlays/0043_overlay.png,/Users/kimsumin/projects/RGMC/calbration_data/robor06/masks/0043_mask.png
44,0.6234375,0.03125,563.192238267148,311.97659765976596,1,0.0,0.0536225693251797,0.0954900504002,1774671109.3365197,5,/Users/kimsumin/projects/RGMC/calibration_data/robot06/images/0044.png,/Users/kimsumin/projects/RGMC/calbration_data/robor06/overlays/0044_overlay.png,/Users/kimsumin/projects/RGMC/calbration_data/robor06/masks/0044_mask.png
45,0.59375,0.03125,563.2786738351255,299.6896860986547,1,0.0,0.0604711757674164,0.0445123655722095,1774671119.3762696,5,/Users/kimsumin/projects/RGMC/calibration_data/robot06/images/0045.png,/Users/kimsumin/projects/RGMC/calbration_data/robor06/overlays/0045_overlay.png,/Users/kimsumin/projects/RGMC/calbration_data/robor06/masks/0045_mask.png
46,0.5640625,0.03125,563.369696969697,285.7248263888889,1,0.0,0.080097206080911,0.0648329630776916,1774671129.8261626,5,/Users/kimsumin/projects/RGMC/calibration_data/robot06/images/0046.png,/Users/kimsumin/projects/RGMC/calbration_data/robor06/overlays/0046_overlay.png,/Users/kimsumin/projects/RGMC/calbration_data/robor06/masks/0046_mask.png
47,0.5343749999999999,0.03125,563.0633130962706,272.88551604509973,1,0.0,0.072911374772115,0.0691213290695662,1774671139.9550169,5,/Users/kimsumin/projects/RGMC/calibration_data/robot06/images/0047.png,/Users/kimsumin/projects/RGMC/calbration_data/robor06/overlays/0047_overlay.png,/Users/kimsumin/projects/RGMC/calbration_data/robor06/masks/0047_mask.png
48,0.5046875,0.03125,563.2169642857143,259.7160714285714,1,0.0,0.0421512923958714,0.0410623572421229,1774671150.30581,5,/Users/kimsumin/projects/RGMC/calibration_data/robot06/images/0048.png,/Users/kimsumin/projects/RGMC/calbration_data/robor06/overlays/0048_overlay.png,/Users/kimsumin/projects/RGMC/calbration_data/robor06/masks/0048_mask.png
49,0.475,0.03125,563.2732095490716,247.1432384341637,1,0.0,0.0533385321552987,0.3290281391532048,1774671160.227287,5,/Users/kimsumin/projects/RGMC/calibration_data/robot06/images/0049.png,/Users/kimsumin/projects/RGMC/calbration_data/robor06/overlays/0049_overlay.png,/Users/kimsumin/projects/RGMC/calbration_data/robor06/masks/0049_mask.png
50,0.4453125,0.03125,563.0544982698962,233.49086161879896,1,0.0,0.0340717463887274,0.0263871939212678,1774671170.276479,5,/Users/kimsumin/projects/RGMC/calibration_data/robot06/images/0050.png,/Users/kimsumin/projects/RGMC/calbration_data/robor06/overlays/0050_overlay.png,/Users/kimsumin/projects/RGMC/calbration_data/robor06/masks/0050_mask.png
51,0.4156249999999999,0.03125,563.1901469317199,220.87001733102252,1,0.0,0.0320060506780304,0.0589714169514815,1774671180.6106398,5,/Users/kimsumin/projects/RGMC/calibration_data/robot06/images/0051.png,/Users/kimsumin/projects/RGMC/calbration_data/robor06/overlays/0051_overlay.png,/Users/kimsumin/projects/RGMC/calbration_data/robor06/masks/0051_mask.png
52,0.3859375,0.03125,563.1305872042068,207.58647936786656,1,0.0,0.0117736641505916,0.0104957052666597,1774671190.523804,5,/Users/kimsumin/projects/RGMC/calibration_data/robot06/images/0052.png,/Users/kimsumin/projects/RGMC/calbration_data/robor06/overlays/0052_overlay.png,/Users/kimsumin/projects/RGMC/calbration_data/robor06/masks/0052_mask.png
53,0.3562499999999999,0.03125,561.9858921161825,194.4298755186722,1,0.0,0.0709696219656777,0.2683416779554226,1774671200.5730078,5,/Users/kimsumin/projects/RGMC/calibration_data/robot06/images/0053.png,/Users/kimsumin/projects/RGMC/calbration_data/robor06/overlays/0053_overlay.png,/Users/kimsumin/projects/RGMC/calbration_data/robor06/masks/0053_mask.png
54,0.3265625,0.03125,561.973597359736,181.28630363036305,1,0.0,0.0647542621947466,0.0658046134094649,1774671210.4380352,5,/Users/kimsumin/projects/RGMC/calibration_data/robot06/images/0054.png,/Users/kimsumin/projects/RGMC/calbration_data/robor06/overlays/0054_overlay.png,/Users/kimsumin/projects/RGMC/calbration_data/robor06/masks/0054_mask.png
55,0.296875,0.03125,561.6930193439865,168.00672268907564,1,0.0,0.0710815789700099,0.0526230545369904,1774671220.4677043,5,/Users/kimsumin/projects/RGMC/calibration_data/robot06/images/0055.png,/Users/kimsumin/projects/RGMC/calbration_data/robor06/overlays/0055_overlay.png,/Users/kimsumin/projects/RGMC/calbration_data/robor06/masks/0055_mask.png
56,0.2671874999999999,0.03125,561.7471861471862,155.16454545454545,1,0.0,0.3802564295843898,0.0551372019458248,1774671230.566569,5,/Users/kimsumin/projects/RGMC/calibration_data/robot06/images/0056.png,/Users/kimsumin/projects/RGMC/calbration_data/robor06/overlays/0056_overlay.png,/Users/kimsumin/projects/RGMC/calbration_data/robor06/masks/0056_mask.png
57,0.2375,0.03125,561.8824979457683,141.78930041152265,1,0.0,0.0592573046887558,0.0234735769087671,1774671241.030233,5,/Users/kimsumin/projects/RGMC/calibration_data/robot06/images/0057.png,/Users/kimsumin/projects/RGMC/calbration_data/robor06/overlays/0057_overlay.png,/Users/kimsumin/projects/RGMC/calbration_data/robor06/masks/0057_mask.png
58,0.2078124999999999,0.03125,561.687447346251,128.67508417508418,1,0.0,0.3705778619052831,0.0176540461880652,1774671251.8957376,5,/Users/kimsumin/projects/RGMC/calibration_data/robot06/images/0058.png,/Users/kimsumin/projects/RGMC/calbration_data/robor06/overlays/0058_overlay.png,/Users/kimsumin/projects/RGMC/calbration_data/robor06/masks/0058_mask.png
59,0.1781249999999999,0.03125,561.7175965665236,115.74393530997304,1,0.0,0.3658907164147435,0.0477152354734512,1774671261.9450598,5,/Users/kimsumin/projects/RGMC/calibration_data/robot06/images/0059.png,/Users/kimsumin/projects/RGMC/calbration_data/robor06/overlays/0059_overlay.png,/Users/kimsumin/projects/RGMC/calbration_data/robor06/masks/0059_mask.png
60,0.1484375,0.03125,561.7384481255449,102.97714808043877,1,0.0,0.4819070683453132,0.0776696048841496,1774671271.870125,5,/Users/kimsumin/projects/RGMC/calibration_data/robot06/images/0060.png,/Users/kimsumin/projects/RGMC/calbration_data/robor06/overlays/0060_overlay.png,/Users/kimsumin/projects/RGMC/calbration_data/robor06/masks/0060_mask.png
61,0.11875,0.03125,561.5060658578856,89.41156169111302,1,0.0,0.0335443889799274,0.0350075812213109,1774671283.0120225,5,/Users/kimsumin/projects/RGMC/calibration_data/robot06/images/0061.png,/Users/kimsumin/projects/RGMC/calbration_data/robor06/overlays/0061_overlay.png,/Users/kimsumin/projects/RGMC/calbration_data/robor06/masks/0061_mask.png
62,0.0890624999999999,0.03125,561.2428940568475,76.51248923341947,1,0.0,0.0382898353223415,0.0349201999922002,1774671293.5733569,5,/Users/kimsumin/projects/RGMC/calibration_data/robot06/images/0062.png,/Users/kimsumin/projects/RGMC/calbration_data/robor06/overlays/0062_overlay.png,/Users/kimsumin/projects/RGMC/calbration_data/robor06/masks/0062_mask.png
63,0.059375,0.03125,560.9227353463588,63.53488372093023,1,0.0,0.0813987448689913,0.085144593184909,1774671303.5120409,5,/Users/kimsumin/projects/RGMC/calibration_data/robot06/images/0063.png,/Users/kimsumin/projects/RGMC/calbration_data/robor06/overlays/0063_overlay.png,/Users/kimsumin/projects/RGMC/calbration_data/robor06/masks/0063_mask.png
64,0.0296875,0.03125,560.2400738688827,50.82179132040628,1,0.0,0.2278131566835585,0.0414952900546169,1774671313.85173,5,/Users/kimsumin/projects/RGMC/calibration_data/robot06/images/0064.png,/Users/kimsumin/projects/RGMC/calbration_data/robor06/overlays/0064_overlay.png,/Users/kimsumin/projects/RGMC/calbration_data/robor06/masks/0064_mask.png
65,0.0,0.03125,559.6681222707424,37.44434628975265,1,0.0,0.0625835196982013,0.1078961699071403,1774671324.2791862,5,/Users/kimsumin/projects/RGMC/calibration_data/robot06/images/0065.png,/Users/kimsumin/projects/RGMC/calbration_data/robor06/overlays/0065_overlay.png,/Users/kimsumin/projects/RGMC/calbration_data/robor06/masks/0065_mask.png
66,0.0,0.0625,546.9874439461884,37.034977578475335,1,0.0,0.0641049597638174,0.036672177343714,1774671334.5146775,5,/Users/kimsumin/projects/RGMC/calibration_data/robot06/images/0066.png,/Users/kimsumin/projects/RGMC/calbration_data/robor06/overlays/0066_overlay.png,/Users/kimsumin/projects/RGMC/calbration_data/robor06/masks/0066_mask.png
67,0.0296875,0.0625,546.7654867256637,49.53982300884956,1,0.0,0.0680986547865211,0.0900206128897063,1774671344.8621492,5,/Users/kimsumin/projects/RGMC/calibration_data/robot06/images/0067.png,/Users/kimsumin/projects/RGMC/calbration_data/robor06/overlays/0067_overlay.png,/Users/kimsumin/projects/RGMC/calbration_data/robor06/masks/0067_mask.png
68,0.059375,0.0625,547.1355013550135,63.10295434198747,1,0.0,0.033810411780869,0.0635670581920664,1774671355.4979808,5,/Users/kimsumin/projects/RGMC/calibration_data/robot06/images/0068.png,/Users/kimsumin/projects/RGMC/calbration_data/robor06/overlays/0068_overlay.png,/Users/kimsumin/projects/RGMC/calbration_data/robor06/masks/0068_mask.png
69,0.0890624999999999,0.0625,547.1944937833038,76.14441416893733,1,0.0,0.0467944313035409,0.15012237512596,1774671365.9631946,5,/Users/kimsumin/projects/RGMC/calibration_data/robot06/images/0069.png,/Users/kimsumin/projects/RGMC/calbration_data/robor06/overlays/0069_overlay.png,/Users/kimsumin/projects/RGMC/calbration_data/robor06/masks/0069_mask.png
70,0.11875,0.0625,547.4055505819158,88.81736794986571,1,0.0,0.0398158589573969,0.0511097834254522,1774671376.291869,5,/Users/kimsumin/projects/RGMC/calibration_data/robot06/images/0070.png,/Users/kimsumin/projects/RGMC/calbration_data/robor06/overlays/0070_overlay.png,/Users/kimsumin/projects/RGMC/calbration_data/robor06/masks/0070_mask.png
71,0.1484375,0.0625,547.612262521589,101.9050905953408,1,0.0,0.0186375431861348,0.0488224009108143,1774671386.2432003,5,/Users/kimsumin/projects/RGMC/calibration_data/robot06/images/0071.png,/Users/kimsumin/projects/RGMC/calbration_data/robor06/overlays/0071_overlay.png,/Users/kimsumin/projects/RGMC/calbration_data/robor06/masks/0071_mask.png
72,0.1781249999999999,0.0625,547.6669666966696,115.4661246612466,1,0.0,0.0411009905266749,0.0331029001993141,1774671396.3086746,5,/Users/kimsumin/projects/RGMC/calibration_data/robot06/images/0072.png,/Users/kimsumin/projects/RGMC/calbration_data/robor06/overlays/0072_overlay.png,/Users/kimsumin/projects/RGMC/calbration_data/robor06/masks/0072_mask.png
73,0.2078124999999999,0.0625,547.6469549867608,128.37864077669903,1,0.0,0.0378263918339874,0.0721878181535223,1774671406.6064148,5,/Users/kimsumin/projects/RGMC/calibration_data/robot06/images/0073.png,/Users/kimsumin/projects/RGMC/calbration_data/robor06/overlays/0073_overlay.png,/Users/kimsumin/projects/RGMC/calbration_data/robor06/masks/0073_mask.png
74,0.2375,0.0625,547.3921568627451,141.22775800711744,1,0.0,0.1864137138806569,0.0650643401640013,1774671416.8443248,5,/Users/kimsumin/projects/RGMC/calibration_data/robot06/images/0074.png,/Users/kimsumin/projects/RGMC/calbration_data/robor06/overlays/0074_overlay.png,/Users/kimsumin/projects/RGMC/calbration_data/robor06/masks/0074_mask.png
75,0.2671874999999999,0.0625,547.6355859709153,154.25190839694656,1,0.0,0.0371268933179145,0.0597042383171043,1774671426.888099,5,/Users/kimsumin/projects/RGMC/calibration_data/robot06/images/0075.png,/Users/kimsumin/projects/RGMC/calbration_data/robor06/overlays/0075_overlay.png,/Users/kimsumin/projects/RGMC/calbration_data/robor06/masks/0075_mask.png
76,0.296875,0.0625,547.6634531113059,167.76413427561835,1,0.0,0.0683082859486865,0.0909154983413099,1774671436.7161703,5,/Users/kimsumin/projects/RGMC/calibration_data/robot06/images/0076.png,/Users/kimsumin/projects/RGMC/calbration_data/robor06/overlays/0076_overlay.png,/Users/kimsumin/projects/RGMC/calbration_data/robor06/masks/0076_mask.png
77,0.3265625,0.0625,547.7589208006963,180.8053097345133,1,0.0,0.114547503939099,0.0291038223006993,1774671446.8509204,5,/Users/kimsumin/projects/RGMC/calibration_data/robot06/images/0077.png,/Users/kimsumin/projects/RGMC/calbration_data/robor06/overlays/0077_overlay.png,/Users/kimsumin/projects/RGMC/calbration_data/robor06/masks/0077_mask.png
78,0.3562499999999999,0.0625,548.0386597938144,194.04553264604812,1,0.0,0.0541390711794513,0.0622115544007403,1774671457.2924094,5,/Users/kimsumin/projects/RGMC/calibration_data/robot06/images/0078.png,/Users/kimsumin/projects/RGMC/calbration_data/robor06/overlays/0078_overlay.png,/Users/kimsumin/projects/RGMC/calbration_data/robor06/masks/0078_mask.png
79,0.3859375,0.0625,548.4283305227656,206.1825063078217,1,0.0,0.0401239015081281,0.0557193558142898,1774671467.674372,5,/Users/kimsumin/projects/RGMC/calibration_data/robot06/images/0079.png,/Users/kimsumin/projects/RGMC/calbration_data/robor06/overlays/0079_overlay.png,/Users/kimsumin/projects/RGMC/calbration_data/robor06/masks/0079_mask.png
80,0.4156249999999999,0.0625,548.2975567190227,220.15693112467304,1,0.0,0.0727365724581165,0.0252330368346636,1774671477.8745513,5,/Users/kimsumin/projects/RGMC/calibration_data/robot06/images/0080.png,/Users/kimsumin/projects/RGMC/calbration_data/robor06/overlays/0080_overlay.png,/Users/kimsumin/projects/RGMC/calbration_data/robor06/masks/0080_mask.png
81,0.4453125,0.0625,549.1486486486486,233.04240882103477,1,0.0,0.1240543955695473,0.067998290448559,1774671488.0130992,5,/Users/kimsumin/projects/RGMC/calibration_data/robot06/images/0081.png,/Users/kimsumin/projects/RGMC/calbration_data/robor06/overlays/0081_overlay.png,/Users/kimsumin/projects/RGMC/calbration_data/robor06/masks/0081_mask.png
82,0.475,0.0625,549.031462585034,245.77021276595744,1,0.0,0.0492274420432349,0.042664196125604,1774671498.361186,5,/Users/kimsumin/projects/RGMC/calibration_data/robot06/images/0082.png,/Users/kimsumin/projects/RGMC/calbration_data/robor06/overlays/0082_overlay.png,/Users/kimsumin/projects/RGMC/calbration_data/robor06/masks/0082_mask.png
83,0.5046875,0.0625,548.5599647266314,259.27865961199296,1,0.0,0.0572628504901598,0.0376313803819954,1774671508.4562812,5,/Users/kimsumin/projects/RGMC/calibration_data/robot06/images/0083.png,/Users/kimsumin/projects/RGMC/calbration_data/robor06/overlays/0083_overlay.png,/Users/kimsumin/projects/RGMC/calbration_data/robor06/masks/0083_mask.png
84,0.5343749999999999,0.0625,549.0533562822719,272.61359724612737,1,0.0,0.0887349490791091,0.0583508984082937,1774671518.4529335,5,/Users/kimsumin/projects/RGMC/calibration_data/robot06/images/0084.png,/Users/kimsumin/projects/RGMC/calbration_data/robor06/overlays/0084_overlay.png,/Users/kimsumin/projects/RGMC/calbration_data/robor06/masks/0084_mask.png
85,0.5640625,0.0625,548.742214532872,285.5203111495246,1,0.0,0.0798560606087949,0.0347039345811639,1774671528.4855647,5,/Users/kimsumin/projects/RGMC/calibration_data/robot06/images/0085.png,/Users/kimsumin/projects/RGMC/calbration_data/robor06/overlays/0085_overlay.png,/Users/kimsumin/projects/RGMC/calbration_data/robor06/masks/0085_mask.png
86,0.59375,0.0625,548.858347386172,298.5910623946037,1,0.0,0.0604583705974129,0.2947462990680828,1774671538.4989169,5,/Users/kimsumin/projects/RGMC/calibration_data/robot06/images/0086.png,/Users/kimsumin/projects/RGMC/calbration_data/robor06/overlays/0086_overlay.png,/Users/kimsumin/projects/RGMC/calbration_data/robor06/masks/0086_mask.png
87,0.6234375,0.0625,549.3077609277431,311.4959495949595,1,0.0,0.0766465142835792,0.0108773286926601,1774671548.7692685,5,/Users/kimsumin/projects/RGMC/calibration_data/robot06/images/0087.png,/Users/kimsumin/projects/RGMC/calbration_data/robor06/overlays/0087_overlay.png,/Users/kimsumin/projects/RGMC/calbration_data/robor06/masks/0087_mask.png
88,0.653125,0.0625,549.5516328331862,324.41747572815535,1,0.0,0.0814039211122803,0.0970362643000401,1774671558.6736608,5,/Users/kimsumin/projects/RGMC/calibration_data/robot06/images/0088.png,/Users/kimsumin/projects/RGMC/calbration_data/robor06/overlays/0088_overlay.png,/Users/kimsumin/projects/RGMC/calbration_data/robor06/masks/0088_mask.png
89,0.6828124999999999,0.0625,549.7002561912894,337.8967971530249,1,0.0,0.3600541247706459,0.0683901952020656,1774671568.7041214,5,/Users/kimsumin/projects/RGMC/calibration_data/robot06/images/0089.png,/Users/kimsumin/projects/RGMC/calbration_data/robor06/overlays/0089_overlay.png,/Users/kimsumin/projects/RGMC/calbration_data/robor06/masks/0089_mask.png
90,0.7124999999999999,0.0625,550.4770384254921,351.1218369259606,1,0.0,0.3745007378661995,0.2845588446178621,1774671579.662213,5,/Users/kimsumin/projects/RGMC/calibration_data/robot06/images/0090.png,/Users/kimsumin/projects/RGMC/calbration_data/robor06/overlays/0090_overlay.png,/Users/kimsumin/projects/RGMC/calbration_data/robor06/masks/0090_mask.png
91,0.7421875,0.0625,550.6144029170465,364.3518687329079,1,0.0,0.3072698759155548,0.0456347445307787,1774671589.700272,5,/Users/kimsumin/projects/RGMC/calibration_data/robot06/images/0091.png,/Users/kimsumin/projects/RGMC/calbration_data/robor06/overlays/0091_overlay.png,/Users/kimsumin/projects/RGMC/calbration_data/robor06/masks/0091_mask.png
92,0.771875,0.0625,550.80990990991,377.44424297370807,1,0.0,0.039928772776133,0.0865240889958394,1774671599.864696,5,/Users/kimsumin/projects/RGMC/calibration_data/robot06/images/0092.png,/Users/kimsumin/projects/RGMC/calbration_data/robor06/overlays/0092_overlay.png,/Users/kimsumin/projects/RGMC/calbration_data/robor06/masks/0092_mask.png
93,0.8015625,0.0625,550.642447418738,390.5986653956149,1,0.0,0.047438559535449,0.0686314652648227,1774671610.197579,5,/Users/kimsumin/projects/RGMC/calibration_data/robot06/images/0093.png,/Users/kimsumin/projects/RGMC/calbration_data/robor06/overlays/0093_overlay.png,/Users/kimsumin/projects/RGMC/calbration_data/robor06/masks/0093_mask.png
94,0.8312499999999999,0.0625,550.7805343511451,403.789323164919,1,0.0,0.0341526819036814,0.0449793731453801,1774671620.4749713,5,/Users/kimsumin/projects/RGMC/calibration_data/robot06/images/0094.png,/Users/kimsumin/projects/RGMC/calbration_data/robor06/overlays/0094_overlay.png,/Users/kimsumin/projects/RGMC/calbration_data/robor06/masks/0094_mask.png
95,0.8609374999999999,0.0625,550.9421338155515,416.5492700729927,1,0.0,0.0525395272805555,0.0186325549608118,1774671630.763167,5,/Users/kimsumin/projects/RGMC/calibration_data/robot06/images/0095.png,/Users/kimsumin/projects/RGMC/calbration_data/robor06/overlays/0095_overlay.png,/Users/kimsumin/projects/RGMC/calbration_data/robor06/masks/0095_mask.png
96,0.890625,0.0625,550.7157313707452,429.4139834406624,1,0.0,0.0162242323695337,0.0168384931767055,1774671640.9125948,5,/Users/kimsumin/projects/RGMC/calibration_data/robot06/images/0096.png,/Users/kimsumin/projects/RGMC/calbration_data/robor06/overlays/0096_overlay.png,/Users/kimsumin/projects/RGMC/calbration_data/robor06/masks/0096_mask.png
97,0.9203125,0.0625,550.7632805219013,443.2084905660377,1,0.0,0.0720042805614124,0.0507631020352235,1774671651.2543428,5,/Users/kimsumin/projects/RGMC/calibration_data/robot06/images/0097.png,/Users/kimsumin/projects/RGMC/calbration_data/robor06/overlays/0097_overlay.png,/Users/kimsumin/projects/RGMC/calbration_data/robor06/masks/0097_mask.png
98,0.95,0.0625,550.6111111111111,455.02915451895046,1,0.0,0.0455930741108333,0.0206339304231021,1774671663.0689166,5,/Users/kimsumin/projects/RGMC/calibration_data/robot06/images/0098.png,/Users/kimsumin/projects/RGMC/calbration_data/robor06/overlays/0098_overlay.png,/Users/kimsumin/projects/RGMC/calbration_data/robor06/masks/0098_mask.png
99,0.95,0.09375,535.9924528301887,455.4566037735849,1,0.0,0.034413678572729,0.0606143078487989,1774671673.4096842,5,/Users/kimsumin/projects/RGMC/calibration_data/robot06/images/0099.png,/Users/kimsumin/projects/RGMC/calbration_data/robor06/overlays/0099_overlay.png,/Users/kimsumin/projects/RGMC/calbration_data/robor06/masks/0099_mask.png
100,0.9203125,0.09375,535.8922934076137,443.2339832869081,1,0.0,0.031500618834302,0.0527489731960017,1774671683.8064628,5,/Users/kimsumin/projects/RGMC/calibration_data/robot06/images/0100.png,/Users/kimsumin/projects/RGMC/calbration_data/robor06/overlays/0100_overlay.png,/Users/kimsumin/projects/RGMC/calbration_data/robor06/masks/0100_mask.png
101,0.890625,0.09375,535.9991095280499,429.8462222222222,1,0.0,0.0371387095418207,0.0251671220139977,1774671694.0624852,5,/Users/kimsumin/projects/RGMC/calibration_data/robot06/images/0101.png,/Users/kimsumin/projects/RGMC/calbration_data/robor06/overlays/0101_overlay.png,/Users/kimsumin/projects/RGMC/calbration_data/robor06/masks/0101_mask.png
102,0.8609374999999999,0.09375,536.1757847533632,416.90941704035873,1,0.0,0.0419389477637553,0.0745029412160708,1774671704.60196,5,/Users/kimsumin/projects/RGMC/calibration_data/robot06/images/0102.png,/Users/kimsumin/projects/RGMC/calbration_data/robor06/overlays/0102_overlay.png,/Users/kimsumin/projects/RGMC/calbration_data/robor06/masks/0102_mask.png
103,0.8312499999999999,0.09375,536.0293577981652,404.0642201834862,1,0.0,0.0332817427221989,0.0154757002256612,1774671715.1413667,5,/Users/kimsumin/projects/RGMC/calibration_data/robot06/images/0103.png,/Users/kimsumin/projects/RGMC/calbration_data/robor06/overlays/0103_overlay.png,/Users/kimsumin/projects/RGMC/calbration_data/robor06/masks/0103_mask.png
104,0.8015625,0.09375,535.9972972972973,390.5680793507665,1,0.0,0.0149915096219988,0.3138335594481591,1774671725.5005174,5,/Users/kimsumin/projects/RGMC/calibration_data/robot06/images/0104.png,/Users/kimsumin/projects/RGMC/calbration_data/robor06/overlays/0104_overlay.png,/Users/kimsumin/projects/RGMC/calbration_data/robor06/masks/0104_mask.png
105,0.771875,0.09375,536.041181736795,377.7768817204301,1,0.0,0.0545298951186742,0.0393792411222511,1774671735.749726,5,/Users/kimsumin/projects/RGMC/calibration_data/robot06/images/0105.png,/Users/kimsumin/projects/RGMC/calbration_data/robor06/overlays/0105_overlay.png,/Users/kimsumin/projects/RGMC/calbration_data/robor06/masks/0105_mask.png
106,0.7421875,0.09375,536.0601976639713,364.5831087151842,1,0.0,0.0764933287596483,0.0619007480648474,1774671745.8772676,5,/Users/kimsumin/projects/RGMC/calibration_data/robot06/images/0106.png,/Users/kimsumin/projects/RGMC/calbration_data/robor06/overlays/0106_overlay.png,/Users/kimsumin/projects/RGMC/calbration_data/robor06/masks/0106_mask.png
107,0.7124999999999999,0.09375,535.7948003714021,351.49397590361446,1,0.0,0.0640152961870763,0.1036412578402073,1774671755.9084256,5,/Users/kimsumin/projects/RGMC/calibration_data/robot06/images/0107.png,/Users/kimsumin/projects/RGMC/calbration_data/robor06/overlays/0107_overlay.png,/Users/kimsumin/projects/RGMC/calbration_data/robor06/masks/0107_mask.png
108,0.6828124999999999,0.09375,535.6839332748025,338.1276223776224,1,0.0,0.0411475309025186,0.0214209173759917,1774671766.0299,5,/Users/kimsumin/projects/RGMC/calibration_data/robot06/images/0108.png,/Users/kimsumin/projects/RGMC/calbration_data/robor06/overlays/0108_overlay.png,/Users/kimsumin/projects/RGMC/calbration_data/robor06/masks/0108_mask.png
109,0.653125,0.09375,535.505376344086,324.89336917562724,1,0.0,0.054315599394096,0.0624966405070362,1774671776.591307,5,/Users/kimsumin/projects/RGMC/calibration_data/robot06/images/0109.png,/Users/kimsumin/projects/RGMC/calbration_data/robor06/overlays/0109_overlay.png,/Users/kimsumin/projects/RGMC/calbration_data/robor06/masks/0109_mask.png
110,0.6234375,0.09375,535.5908675799087,311.8334849863512,1,0.0,0.0291807960020447,0.0747564859469259,1774671786.617641,5,/Users/kimsumin/projects/RGMC/calibration_data/robot06/images/0110.png,/Users/kimsumin/projects/RGMC/calbration_data/robor06/overlays/0110_overlay.png,/Users/kimsumin/projects/RGMC/calbration_data/robor06/masks/0110_mask.png
111,0.59375,0.09375,535.2859761686526,299.4069660861595,1,0.0,0.032687077324757,0.0736296504609121,1774671796.8709853,5,/Users/kimsumin/projects/RGMC/calibration_data/robot06/images/0111.png,/Users/kimsumin/projects/RGMC/calbration_data/robor06/overlays/0111_overlay.png,/Users/kimsumin/projects/RGMC/calbration_data/robor06/masks/0111_mask.png
112,0.5640625,0.09375,535.0861917326297,285.7067603160667,1,0.0,0.0381356307878647,0.0427160190832727,1774671807.18605,5,/Users/kimsumin/projects/RGMC/calibration_data/robot06/images/0112.png,/Users/kimsumin/projects/RGMC/calbration_data/robor06/overlays/0112_overlay.png,/Users/kimsumin/projects/RGMC/calbration_data/robor06/masks/0112_mask.png
113,0.5343749999999999,0.09375,535.343111111111,273.02844444444446,1,0.0,0.0213686460215719,0.0509626586066929,1774671817.3372955,5,/Users/kimsumin/projects/RGMC/calibration_data/robot06/images/0113.png,/Users/kimsumin/projects/RGMC/calbration_data/robor06/overlays/0113_overlay.png,/Users/kimsumin/projects/RGMC/calbration_data/robor06/masks/0113_mask.png
114,0.5046875,0.09375,535.0877828054298,259.87601809954754,1,0.0,0.0413860813696185,0.041118683277972,1774671827.6832922,5,/Users/kimsumin/projects/RGMC/calibration_data/robot06/images/0114.png,/Users/kimsumin/projects/RGMC/calbration_data/robor06/overlays/0114_overlay.png,/Users/kimsumin/projects/RGMC/calbration_data/robor06/masks/0114_mask.png
115,0.475,0.09375,535.1372727272727,247.01818181818183,1,0.0,0.028177370094736,0.059361300786826,1774671837.9196987,5,/Users/kimsumin/projects/RGMC/calibration_data/robot06/images/0115.png,/Users/kimsumin/projects/RGMC/calbration_data/robor06/overlays/0115_overlay.png,/Users/kimsumin/projects/RGMC/calbration_data/robor06/masks/0115_mask.png
116,0.4453125,0.09375,535.3385689354276,233.27137870855148,1,0.0,0.0423815104378145,0.0807995450210457,1774671849.0749536,5,/Users/kimsumin/projects/RGMC/calibration_data/robot06/images/0116.png,/Users/kimsumin/projects/RGMC/calbration_data/robor06/overlays/0116_overlay.png,/Users/kimsumin/projects/RGMC/calbration_data/robor06/masks/0116_mask.png
117,0.4156249999999999,0.09375,535.0263157894736,220.7429824561403,1,0.0,0.0355552251946767,0.11015231790535,1774671859.4242234,5,/Users/kimsumin/projects/RGMC/calibration_data/robot06/images/0117.png,/Users/kimsumin/projects/RGMC/calbration_data/robor06/overlays/0117_overlay.png,/Users/kimsumin/projects/RGMC/calbration_data/robor06/masks/0117_mask.png
118,0.3859375,0.09375,534.7778745644599,207.79721496953871,1,0.0,0.0165708921098406,0.0215499217178581,1774671870.0686083,5,/Users/kimsumin/projects/RGMC/calibration_data/robot06/images/0118.png,/Users/kimsumin/projects/RGMC/calbration_data/robor06/overlays/0118_overlay.png,/Users/kimsumin/projects/RGMC/calbration_data/robor06/masks/0118_mask.png
119,0.3562499999999999,0.09375,534.8063660477453,195.07692307692307,1,0.0,0.0458864366884074,0.061343402188367,1774671880.8188732,5,/Users/kimsumin/projects/RGMC/calibration_data/robot06/images/0119.png,/Users/kimsumin/projects/RGMC/calbration_data/robor06/overlays/0119_overlay.png,/Users/kimsumin/projects/RGMC/calbration_data/robor06/masks/0119_mask.png
120,0.3265625,0.09375,534.7842794759825,181.2914485165794,1,0.0,0.0303225838291561,0.0339721352952918,1774671891.2645524,5,/Users/kimsumin/projects/RGMC/calibration_data/robot06/images/0120.png,/Users/kimsumin/projects/RGMC/calbration_data/robor06/overlays/0120_overlay.png,/Users/kimsumin/projects/RGMC/calbration_data/robor06/masks/0120_mask.png
121,0.296875,0.09375,534.5370705244123,167.9882459312839,1,0.0,0.0681768780198023,0.1126532916171186,1774671901.605955,5,/Users/kimsumin/projects/RGMC/calibration_data/robot06/images/0121.png,/Users/kimsumin/projects/RGMC/calbration_data/robor06/overlays/0121_overlay.png,/Users/kimsumin/projects/RGMC/calbration_data/robor06/masks/0121_mask.png
122,0.2671874999999999,0.09375,534.8007246376811,155.12760180995474,1,0.0,0.0338176975092189,0.0577201647646271,1774671911.961973,5,/Users/kimsumin/projects/RGMC/calibration_data/robot06/images/0122.png,/Users/kimsumin/projects/RGMC/calbration_data/robor06/overlays/0122_overlay.png,/Users/kimsumin/projects/RGMC/calbration_data/robor06/masks/0122_mask.png
123,0.2375,0.09375,534.4665508253693,141.68201563857517,1,0.0,0.4015827599663577,0.0152071695331071,1774671921.900112,5,/Users/kimsumin/projects/RGMC/calibration_data/robot06/images/0123.png,/Users/kimsumin/projects/RGMC/calbration_data/robor06/overlays/0123_overlay.png,/Users/kimsumin/projects/RGMC/calbration_data/robor06/masks/0123_mask.png
124,0.2078124999999999,0.09375,534.5566371681416,128.7116402116402,1,0.0,0.3417749170616284,0.081233890983802,1774671932.333777,5,/Users/kimsumin/projects/RGMC/calibration_data/robot06/images/0124.png,/Users/kimsumin/projects/RGMC/calbration_data/robor06/overlays/0124_overlay.png,/Users/kimsumin/projects/RGMC/calbration_data/robor06/masks/0124_mask.png
125,0.1781249999999999,0.09375,533.7042735042735,115.51709401709402,1,0.0,0.082665309559647,0.0565174154248608,1774671943.2868276,5,/Users/kimsumin/projects/RGMC/calibration_data/robot06/images/0125.png,/Users/kimsumin/projects/RGMC/calbration_data/robor06/overlays/0125_overlay.png,/Users/kimsumin/projects/RGMC/calbration_data/robor06/masks/0125_mask.png
126,0.1484375,0.09375,533.5962014863749,101.76935886761032,1,0.0,0.0500553304366827,0.0849700304499686,1774671953.642366,5,/Users/kimsumin/projects/RGMC/calibration_data/robot06/images/0126.png,/Users/kimsumin/projects/RGMC/calbration_data/robor06/overlays/0126_overlay.png,/Users/kimsumin/projects/RGMC/calbration_data/robor06/masks/0126_mask.png
127,0.11875,0.09375,533.8589420654912,89.20695652173913,1,0.0,0.4285578058732995,0.0304405549950043,1774671963.6826832,5,/Users/kimsumin/projects/RGMC/calibration_data/robot06/images/0127.png,/Users/kimsumin/projects/RGMC/calbration_data/robor06/overlays/0127_overlay.png,/Users/kimsumin/projects/RGMC/calbration_data/robor06/masks/0127_mask.png
128,0.0890624999999999,0.09375,533.2673931265716,76.49248747913188,1,0.0,0.0664307286549506,0.0186744224835485,1774671974.6262286,5,/Users/kimsumin/projects/RGMC/calibration_data/robot06/images/0128.png,/Users/kimsumin/projects/RGMC/calbration_data/robor06/overlays/0128_overlay.png,/Users/kimsumin/projects/RGMC/calbration_data/robor06/masks/0128_mask.png
129,0.059375,0.09375,533.0730240549829,63.233018056749785,1,0.0,0.0952617355927775,0.0813683002574603,1774671985.087611,5,/Users/kimsumin/projects/RGMC/calibration_data/robot06/images/0129.png,/Users/kimsumin/projects/RGMC/calbration_data/robor06/overlays/0129_overlay.png,/Users/kimsumin/projects/RGMC/calbration_data/robor06/masks/0129_mask.png
130,0.0296875,0.09375,533.0440677966102,49.80258620689655,1,0.0,0.3131984548921356,0.0553645732669255,1774671995.3100584,5,/Users/kimsumin/projects/RGMC/calibration_data/robot06/images/0130.png,/Users/kimsumin/projects/RGMC/calbration_data/robor06/overlays/0130_overlay.png,/Users/kimsumin/projects/RGMC/calbration_data/robor06/masks/0130_mask.png
131,0.0,0.09375,532.1358457493427,36.988606485539,1,0.0,0.0756627342220443,0.0450158451952869,1774672005.3764396,5,/Users/kimsumin/projects/RGMC/calibration_data/robot06/images/0131.png,/Users/kimsumin/projects/RGMC/calbration_data/robor06/overlays/0131_overlay.png,/Users/kimsumin/projects/RGMC/calbration_data/robor06/masks/0131_mask.png
132,0.0,0.125,518.920424403183,36.31901840490798,1,0.0,0.0479154472812873,0.1106599203301705,1774672015.6845477,5,/Users/kimsumin/projects/RGMC/calibration_data/robot06/images/0132.png,/Users/kimsumin/projects/RGMC/calbration_data/robor06/overlays/0132_overlay.png,/Users/kimsumin/projects/RGMC/calbration_data/robor06/masks/0132_mask.png
133,0.0296875,0.125,519.134879725086,49.44655172413793,1,0.0,0.1043999220159868,0.1214914076312613,1774672026.0578644,5,/Users/kimsumin/projects/RGMC/calibration_data/robot06/images/0133.png,/Users/kimsumin/projects/RGMC/calbration_data/robor06/overlays/0133_overlay.png,/Users/kimsumin/projects/RGMC/calbration_data/robor06/masks/0133_mask.png
134,0.059375,0.125,519.2517123287671,62.20583190394511,1,0.0,0.0697048333878371,0.0867093114024079,1774672036.4917345,5,/Users/kimsumin/projects/RGMC/calibration_data/robot06/images/0134.png,/Users/kimsumin/projects/RGMC/calbration_data/robor06/overlays/0134_overlay.png,/Users/kimsumin/projects/RGMC/calbration_data/robor06/masks/0134_mask.png
135,0.0890624999999999,0.125,519.2913385826772,75.88188976377953,1,0.0,0.0396446655459035,0.1641528035503759,1774672047.1213048,5,/Users/kimsumin/projects/RGMC/calibration_data/robot06/images/0135.png,/Users/kimsumin/projects/RGMC/calbration_data/robor06/overlays/0135_overlay.png,/Users/kimsumin/projects/RGMC/calbration_data/robor06/masks/0135_mask.png
136,0.11875,0.125,519.7315789473685,88.71089630931459,1,0.0,0.0482521383092623,0.0611530063728666,1774672057.2656732,5,/Users/kimsumin/projects/RGMC/calibration_data/robot06/images/0136.png,/Users/kimsumin/projects/RGMC/calbration_data/robor06/overlays/0136_overlay.png,/Users/kimsumin/projects/RGMC/calbration_data/robor06/masks/0136_mask.png
137,0.1484375,0.125,519.7042132416165,101.6797608881298,1,0.0,0.0530644374476806,0.0554772977786348,1774672067.6051297,5,/Users/kimsumin/projects/RGMC/calibration_data/robot06/images/0137.png,/Users/kimsumin/projects/RGMC/calbration_data/robor06/overlays/0137_overlay.png,/Users/kimsumin/projects/RGMC/calbration_data/robor06/masks/0137_mask.png
138,0.1781249999999999,0.125,519.6594202898551,115.08220415537488,1,0.0,0.0309098996940026,0.0523431271208503,1774672077.9491522,5,/Users/kimsumin/projects/RGMC/calibration_data/robot06/images/0138.png,/Users/kimsumin/projects/RGMC/calbration_data/robor06/overlays/0138_overlay.png,/Users/kimsumin/projects/RGMC/calbration_data/robor06/masks/0138_mask.png
139,0.2078124999999999,0.125,519.6189655172413,128.4043103448276,1,0.0,0.0263891019363649,0.0493058981708108,1774672088.1984634,5,/Users/kimsumin/projects/RGMC/calibration_data/robot06/images/0139.png,/Users/kimsumin/projects/RGMC/calbration_data/robor06/overlays/0139_overlay.png,/Users/kimsumin/projects/RGMC/calbration_data/robor06/masks/0139_mask.png
140,0.2375,0.125,519.7872161480235,141.04705882352943,1,0.0,0.032842455665687,0.0570955668480527,1774672098.4313183,5,/Users/kimsumin/projects/RGMC/calibration_data/robot06/images/0140.png,/Users/kimsumin/projects/RGMC/calbration_data/robor06/overlays/0140_overlay.png,/Users/kimsumin/projects/RGMC/calbration_data/robor06/masks/0140_mask.png
141,0.2671874999999999,0.125,519.8152920962199,153.90214592274677,1,0.0,0.0671763391450839,0.4423426643393338,1774672108.508681,5,/Users/kimsumin/projects/RGMC/calibration_data/robot06/images/0141.png,/Users/kimsumin/projects/RGMC/calbration_data/robor06/overlays/0141_overlay.png,/Users/kimsumin/projects/RGMC/calbration_data/robor06/masks/0141_mask.png
142,0.296875,0.125,519.6622922134733,167.37190812720848,1,0.0,0.0263978010145776,0.0701530394380052,1774672118.5104554,5,/Users/kimsumin/projects/RGMC/calibration_data/robot06/images/0142.png,/Users/kimsumin/projects/RGMC/calbration_data/robor06/overlays/0142_overlay.png,/Users/kimsumin/projects/RGMC/calbration_data/robor06/masks/0142_mask.png
143,0.3265625,0.125,519.6933333333334,180.3668430335097,1,0.0,0.0892873134665992,0.1123067673391864,1774672128.636031,5,/Users/kimsumin/projects/RGMC/calibration_data/robot06/images/0143.png,/Users/kimsumin/projects/RGMC/calbration_data/robor06/overlays/0143_overlay.png,/Users/kimsumin/projects/RGMC/calbration_data/robor06/masks/0143_mask.png
144,0.3562499999999999,0.125,519.8383233532934,193.65950128976783,1,0.0,0.037662064957159,0.0465275897004692,1774672139.042256,5,/Users/kimsumin/projects/RGMC/calibration_data/robot06/images/0144.png,/Users/kimsumin/projects/RGMC/calbration_data/robor06/overlays/0144_overlay.png,/Users/kimsumin/projects/RGMC/calbration_data/robor06/masks/0144_mask.png
145,0.3859375,0.125,520.326198630137,206.6218990590248,1,0.0,0.0041501659299844,0.0471692399091367,1774672149.3184035,5,/Users/kimsumin/projects/RGMC/calibration_data/robot06/images/0145.png,/Users/kimsumin/projects/RGMC/calbration_data/robor06/overlays/0145_overlay.png,/Users/kimsumin/projects/RGMC/calbration_data/robor06/masks/0145_mask.png
146,0.4156249999999999,0.125,520.4871355060035,219.95328719723184,1,0.0,0.2973506968368583,0.0666464128208885,1774672159.7838318,5,/Users/kimsumin/projects/RGMC/calibration_data/robot06/images/0146.png,/Users/kimsumin/projects/RGMC/calbration_data/robor06/overlays/0146_overlay.png,/Users/kimsumin/projects/RGMC/calbration_data/robor06/masks/0146_mask.png
147,0.4453125,0.125,520.5473773265652,233.20651242502143,1,0.0,0.2323320844397241,0.0439357462043917,1774672171.537331,5,/Users/kimsumin/projects/RGMC/calibration_data/robot06/images/0147.png,/Users/kimsumin/projects/RGMC/calbration_data/robor06/overlays/0147_overlay.png,/Users/kimsumin/projects/RGMC/calbration_data/robor06/masks/0147_mask.png
148,0.475,0.125,520.3548109965636,246.15284974093265,1,0.0,0.0928800441556665,0.0385808873611166,1774672181.891188,5,/Users/kimsumin/projects/RGMC/calibration_data/robot06/images/0148.png,/Users/kimsumin/projects/RGMC/calbration_data/robor06/overlays/0148_overlay.png,/Users/kimsumin/projects/RGMC/calbration_data/robor06/masks/0148_mask.png
149,0.5046875,0.125,520.0998185117967,259.4744990892532,1,0.0,0.0329580646242429,0.0342552792522925,1774672192.3254895,5,/Users/kimsumin/projects/RGMC/calibration_data/robot06/images/0149.png,/Users/kimsumin/projects/RGMC/calbration_data/robor06/overlays/0149_overlay.png,/Users/kimsumin/projects/RGMC/calbration_data/robor06/masks/0149_mask.png
150,0.5343749999999999,0.125,520.249547920434,272.67352415026835,1,0.0,0.0546517151877748,0.0628476056035019,1774672204.2327502,5,/Users/kimsumin/projects/RGMC/calibration_data/robot06/images/0150.png,/Users/kimsumin/projects/RGMC/calbration_data/robor06/overlays/0150_overlay.png,/Users/kimsumin/projects/RGMC/calbration_data/robor06/masks/0150_mask.png
151,0.5640625,0.125,520.9851851851852,285.52510288065844,1,0.0,0.0436964502996054,0.0249425183857512,1774672214.6441646,5,/Users/kimsumin/projects/RGMC/calibration_data/robot06/images/0151.png,/Users/kimsumin/projects/RGMC/calbration_data/robor06/overlays/0151_overlay.png,/Users/kimsumin/projects/RGMC/calbration_data/robor06/masks/0151_mask.png
152,0.59375,0.125,521.0638481449525,298.2234685073339,1,0.0,0.087602071605014,0.0527938373521895,1774672226.2317128,5,/Users/kimsumin/projects/RGMC/calibration_data/robot06/images/0152.png,/Users/kimsumin/projects/RGMC/calbration_data/robor06/overlays/0152_overlay.png,/Users/kimsumin/projects/RGMC/calbration_data/robor06/masks/0152_mask.png
153,0.6234375,0.125,521.1463844797178,311.77172958735736,1,0.0,0.0524629373749398,0.0404854881288985,1774672236.6611893,5,/Users/kimsumin/projects/RGMC/calibration_data/robot06/images/0153.png,/Users/kimsumin/projects/RGMC/calbration_data/robor06/overlays/0153_overlay.png,/Users/kimsumin/projects/RGMC/calbration_data/robor06/masks/0153_mask.png
154,0.653125,0.125,521.4403508771929,324.46491228070175,1,0.0,0.0732984098746976,0.0529642158997635,1774672247.1333249,5,/Users/kimsumin/projects/RGMC/calibration_data/robot06/images/0154.png,/Users/kimsumin/projects/RGMC/calbration_data/robor06/overlays/0154_overlay.png,/Users/kimsumin/projects/RGMC/calbration_data/robor06/masks/0154_mask.png
155,0.6828124999999999,0.125,521.4922680412371,337.75948275862066,1,0.0,0.0257089459456035,0.0344519223487999,1774672257.5650656,5,/Users/kimsumin/projects/RGMC/calibration_data/robot06/images/0155.png,/Users/kimsumin/projects/RGMC/calbration_data/robor06/overlays/0155_overlay.png,/Users/kimsumin/projects/RGMC/calbration_data/robor06/masks/0155_mask.png
156,0.7124999999999999,0.125,521.3842905405405,350.8994932432432,1,0.0,0.0684288619534797,0.2579772406022381,1774672267.8915842,5,/Users/kimsumin/projects/RGMC/calibration_data/robot06/images/0156.png,/Users/kimsumin/projects/RGMC/calbration_data/robor06/overlays/0156_overlay.png,/Users/kimsumin/projects/RGMC/calbration_data/robor06/masks/0156_mask.png
157,0.7421875,0.125,521.9001692047377,364.3812765957447,1,0.0,0.0596612366043597,0.0573804627238313,1774672279.3920624,5,/Users/kimsumin/projects/RGMC/calibration_data/robot06/images/0157.png,/Users/kimsumin/projects/RGMC/calbration_data/robor06/overlays/0157_overlay.png,/Users/kimsumin/projects/RGMC/calbration_data/robor06/masks/0157_mask.png
158,0.771875,0.125,522.5261756876664,377.36725663716817,1,0.0,0.0881252446136735,0.0491000263386877,1774672289.5261226,5,/Users/kimsumin/projects/RGMC/calibration_data/robot06/images/0158.png,/Users/kimsumin/projects/RGMC/calbration_data/robor06/overlays/0158_overlay.png,/Users/kimsumin/projects/RGMC/calbration_data/robor06/masks/0158_mask.png
159,0.8015625,0.125,522.2269263336156,389.99400684931504,1,0.0,0.0688476408109298,0.058139112086546,1774672299.6398876,5,/Users/kimsumin/projects/RGMC/calibration_data/robot06/images/0159.png,/Users/kimsumin/projects/RGMC/calbration_data/robor06/overlays/0159_overlay.png,/Users/kimsumin/projects/RGMC/calbration_data/robor06/masks/0159_mask.png
160,0.8312499999999999,0.125,522.919964028777,403.57932910244784,1,0.0,0.0571926324681118,0.1358161877455176,1774672309.8926148,5,/Users/kimsumin/projects/RGMC/calibration_data/robot06/images/0160.png,/Users/kimsumin/projects/RGMC/calbration_data/robor06/overlays/0160_overlay.png,/Users/kimsumin/projects/RGMC/calbration_data/robor06/masks/0160_mask.png
161,0.8609374999999999,0.125,522.728102189781,416.7121771217712,1,0.0,0.0600454935586368,0.0645152074523062,1774672320.3278162,5,/Users/kimsumin/projects/RGMC/calibration_data/robot06/images/0161.png,/Users/kimsumin/projects/RGMC/calbration_data/robor06/overlays/0161_overlay.png,/Users/kimsumin/projects/RGMC/calbration_data/robor06/masks/0161_mask.png
162,0.890625,0.125,522.8213309024612,429.53144940747495,1,0.0,0.0507478580184316,0.0694599530732418,1774672330.263528,5,/Users/kimsumin/projects/RGMC/calibration_data/robot06/images/0162.png,/Users/kimsumin/projects/RGMC/calbration_data/robor06/overlays/0162_overlay.png,/Users/kimsumin/projects/RGMC/calbration_data/robor06/masks/0162_mask.png
163,0.9203125,0.125,522.8311808118082,443.4152153987168,1,0.0,0.0541810501863533,0.0407974386770214,1774672340.5662537,5,/Users/kimsumin/projects/RGMC/calibration_data/robot06/images/0163.png,/Users/kimsumin/projects/RGMC/calbration_data/robor06/overlays/0163_overlay.png,/Users/kimsumin/projects/RGMC/calbration_data/robor06/masks/0163_mask.png
164,0.95,0.125,522.8062678062678,455.5432098765432,1,0.0,0.012595097980961,0.0529725881101469,1774672350.9464011,5,/Users/kimsumin/projects/RGMC/calibration_data/robot06/images/0164.png,/Users/kimsumin/projects/RGMC/calbration_data/robor06/overlays/0164_overlay.png,/Users/kimsumin/projects/RGMC/calbration_data/robor06/masks/0164_mask.png
165,0.95,0.15625,508.4657142857143,455.52935606060606,1,0.0,0.0632197856724477,0.0413125888633168,1774672361.1039886,5,/Users/kimsumin/projects/RGMC/calibration_data/robot06/images/0165.png,/Users/kimsumin/projects/RGMC/calbration_data/robor06/overlays/0165_overlay.png,/Users/kimsumin/projects/RGMC/calbration_data/robor06/masks/0165_mask.png
166,0.9203125,0.15625,508.2568555758684,443.5868372943327,1,0.0,0.0177967326733045,0.1145314868366798,1774672370.9087265,5,/Users/kimsumin/projects/RGMC/calibration_data/robot06/images/0166.png,/Users/kimsumin/projects/RGMC/calbration_data/robor06/overlays/0166_overlay.png,/Users/kimsumin/projects/RGMC/calbration_data/robor06/masks/0166_mask.png
167,0.890625,0.15625,508.0125673249551,429.95960502693,1,0.0,0.0437209070905285,0.074998969868755,1774672381.5722587,5,/Users/kimsumin/projects/RGMC/calibration_data/robot06/images/0167.png,/Users/kimsumin/projects/RGMC/calbration_data/robor06/overlays/0167_overlay.png,/Users/kimsumin/projects/RGMC/calbration_data/robor06/masks/0167_mask.png
168,0.8609374999999999,0.15625,508.2855855855856,417.3405600722674,1,0.0,0.0345327055548049,0.0298360708623424,1774672392.9227324,5,/Users/kimsumin/projects/RGMC/calibration_data/robot06/images/0168.png,/Users/kimsumin/projects/RGMC/calbration_data/robor06/overlays/0168_overlay.png,/Users/kimsumin/projects/RGMC/calbration_data/robor06/masks/0168_mask.png
169,0.8312499999999999,0.15625,508.32394366197184,404.58001768346594,1,0.0,0.0710323567009277,0.0388935806892876,1774672403.269905,5,/Users/kimsumin/projects/RGMC/calibration_data/robot06/images/0169.png,/Users/kimsumin/projects/RGMC/calbration_data/robor06/overlays/0169_overlay.png,/Users/kimsumin/projects/RGMC/calbration_data/robor06/masks/0169_mask.png
170,0.8015625,0.15625,508.1559040590406,391.1453703703704,1,0.0,0.0297616704342941,0.0347761056595327,1774672413.3064432,5,/Users/kimsumin/projects/RGMC/calibration_data/robot06/images/0170.png,/Users/kimsumin/projects/RGMC/calbration_data/robor06/overlays/0170_overlay.png,/Users/kimsumin/projects/RGMC/calbration_data/robor06/masks/0170_mask.png
171,0.771875,0.15625,508.09411764705885,378.0517711171662,1,0.0,0.1780750590397901,0.0754713798087708,1774672424.9806726,5,/Users/kimsumin/projects/RGMC/calibration_data/robot06/images/0171.png,/Users/kimsumin/projects/RGMC/calbration_data/robor06/overlays/0171_overlay.png,/Users/kimsumin/projects/RGMC/calbration_data/robor06/masks/0171_mask.png
172,0.7421875,0.15625,507.9307017543859,364.99647266313934,1,0.0,0.0561899318215447,0.0645831662194347,1774672436.2499669,5,/Users/kimsumin/projects/RGMC/calibration_data/robot06/images/0172.png,/Users/kimsumin/projects/RGMC/calbration_data/robor06/overlays/0172_overlay.png,/Users/kimsumin/projects/RGMC/calbration_data/robor06/masks/0172_mask.png
173,0.7124999999999999,0.15625,507.57769652650825,351.5635208711434,1,0.0,0.0886811302010146,0.0648461655420119,1774672446.7850604,5,/Users/kimsumin/projects/RGMC/calibration_data/robot06/images/0173.png,/Users/kimsumin/projects/RGMC/calbration_data/robor06/overlays/0173_overlay.png,/Users/kimsumin/projects/RGMC/calbration_data/robor06/masks/0173_mask.png
174,0.6828124999999999,0.15625,507.61253309797,338.1691762621789,1,0.0,0.0539428130610067,0.0790921602850174,1774672457.9569235,5,/Users/kimsumin/projects/RGMC/calibration_data/robot06/images/0174.png,/Users/kimsumin/projects/RGMC/calbration_data/robor06/overlays/0174_overlay.png,/Users/kimsumin/projects/RGMC/calbration_data/robor06/masks/0174_mask.png
175,0.653125,0.15625,507.39272727272726,324.971766848816,1,0.0,0.0338636278249495,0.0498731565617818,1774672468.8225734,5,/Users/kimsumin/projects/RGMC/calibration_data/robot06/images/0175.png,/Users/kimsumin/projects/RGMC/calbration_data/robor06/overlays/0175_overlay.png,/Users/kimsumin/projects/RGMC/calbration_data/robor06/masks/0175_mask.png
176,0.6234375,0.15625,507.4164383561644,311.6761467889908,1,0.0,0.0291653551041921,0.0676294011257746,1774672478.8393595,5,/Users/kimsumin/projects/RGMC/calibration_data/robot06/images/0176.png,/Users/kimsumin/projects/RGMC/calbration_data/robor06/overlays/0176_overlay.png,/Users/kimsumin/projects/RGMC/calbration_data/robor06/masks/0176_mask.png
177,0.59375,0.15625,507.4658780709736,299.4658780709736,1,0.0,0.0377377740102901,0.3307879774039151,1774672489.0811255,5,/Users/kimsumin/projects/RGMC/calibration_data/robot06/images/0177.png,/Users/kimsumin/projects/RGMC/calbration_data/robor06/overlays/0177_overlay.png,/Users/kimsumin/projects/RGMC/calbration_data/robor06/masks/0177_mask.png
178,0.5640625,0.15625,507.47058823529414,285.77835497835497,1,0.0,0.0372692309745832,0.0159232828638683,1774672499.7546153,5,/Users/kimsumin/projects/RGMC/calibration_data/robot06/images/0178.png,/Users/kimsumin/projects/RGMC/calbration_data/robor06/overlays/0178_overlay.png,/Users/kimsumin/projects/RGMC/calbration_data/robor06/masks/0178_mask.png
179,0.5343749999999999,0.15625,506.9188712522046,273.03348017621147,1,0.0,0.0270631873677977,0.0173855495411465,1774672510.2732542,5,/Users/kimsumin/projects/RGMC/calibration_data/robot06/images/0179.png,/Users/kimsumin/projects/RGMC/calbration_data/robor06/overlays/0179_overlay.png,/Users/kimsumin/projects/RGMC/calbration_data/robor06/masks/0179_mask.png
180,0.5046875,0.15625,507.02629193109703,259.70108695652175,1,0.0,0.0270112820671931,0.0502083433892622,1774672520.62513,5,/Users/kimsumin/projects/RGMC/calibration_data/robot06/images/0180.png,/Users/kimsumin/projects/RGMC/calbration_data/robor06/overlays/0180_overlay.png,/Users/kimsumin/projects/RGMC/calbration_data/robor06/masks/0180_mask.png
181,0.475,0.15625,507.1585144927536,247.03985507246375,1,0.0,0.0446959786676718,0.0320584415075106,1774672530.9672244,5,/Users/kimsumin/projects/RGMC/calibration_data/robot06/images/0181.png,/Users/kimsumin/projects/RGMC/calbration_data/robor06/overlays/0181_overlay.png,/Users/kimsumin/projects/RGMC/calbration_data/robor06/masks/0181_mask.png
182,0.4453125,0.15625,507.0106571936057,233.5301953818828,1,0.0,0.046077253694759,0.0548412480673889,1774672541.4325988,5,/Users/kimsumin/projects/RGMC/calibration_data/robot06/images/0182.png,/Users/kimsumin/projects/RGMC/calbration_data/robor06/overlays/0182_overlay.png,/Users/kimsumin/projects/RGMC/calbration_data/robor06/masks/0182_mask.png
183,0.4156249999999999,0.15625,506.2936241610738,220.59613769941225,1,0.0,0.0557314219801835,0.0553913466038578,1774672551.9053082,5,/Users/kimsumin/projects/RGMC/calibration_data/robot06/images/0183.png,/Users/kimsumin/projects/RGMC/calbration_data/robor06/overlays/0183_overlay.png,/Users/kimsumin/projects/RGMC/calbration_data/robor06/masks/0183_mask.png
184,0.3859375,0.15625,506.94568121104186,207.5387355298308,1,0.0,0.0418662148125074,0.0423513065617144,1774672562.3633296,5,/Users/kimsumin/projects/RGMC/calibration_data/robot06/images/0184.png,/Users/kimsumin/projects/RGMC/calbration_data/robor06/overlays/0184_overlay.png,/Users/kimsumin/projects/RGMC/calbration_data/robor06/masks/0184_mask.png
185,0.3562499999999999,0.15625,506.69458987783594,193.82163989856295,1,0.0,0.3512842776999976,0.0793192446602162,1774672572.5338678,5,/Users/kimsumin/projects/RGMC/calibration_data/robot06/images/0185.png,/Users/kimsumin/projects/RGMC/calbration_data/robor06/overlays/0185_overlay.png,/Users/kimsumin/projects/RGMC/calbration_data/robor06/masks/0185_mask.png
186,0.3265625,0.15625,505.92455993294215,181.0615128844555,1,0.0,0.0788855906586681,0.0346305322012224,1774672583.815354,5,/Users/kimsumin/projects/RGMC/calibration_data/robot06/images/0186.png,/Users/kimsumin/projects/RGMC/calbration_data/robor06/overlays/0186_overlay.png,/Users/kimsumin/projects/RGMC/calbration_data/robor06/masks/0186_mask.png
187,0.296875,0.15625,505.7715481171548,168.03408146300913,1,0.0,0.0576456573697229,0.11160233476514,1774672594.4726112,5,/Users/kimsumin/projects/RGMC/calibration_data/robot06/images/0187.png,/Users/kimsumin/projects/RGMC/calbration_data/robor06/overlays/0187_overlay.png,/Users/kimsumin/projects/RGMC/calbration_data/robor06/masks/0187_mask.png
188,0.2671874999999999,0.15625,505.77396657871594,154.87717770034843,1,0.0,0.077452105337996,0.0437035377464056,1774672604.5927584,5,/Users/kimsumin/projects/RGMC/calibration_data/robot06/images/0188.png,/Users/kimsumin/projects/RGMC/calbration_data/robor06/overlays/0188_overlay.png,/Users/kimsumin/projects/RGMC/calbration_data/robor06/masks/0188_mask.png
189,0.2375,0.15625,505.6729354047424,141.46060113728677,1,0.0,0.0453942890934404,0.0410008633232129,1774672614.6583917,5,/Users/kimsumin/projects/RGMC/calibration_data/robot06/images/0189.png,/Users/kimsumin/projects/RGMC/calbration_data/robor06/overlays/0189_overlay.png,/Users/kimsumin/projects/RGMC/calbration_data/robor06/masks/0189_mask.png
190,0.2078124999999999,0.15625,505.6370431893688,128.70798668885192,1,0.0,0.0566559689486026,0.0200458921923858,1774672625.2155263,5,/Users/kimsumin/projects/RGMC/calibration_data/robot06/images/0190.png,/Users/kimsumin/projects/RGMC/calbration_data/robor06/overlays/0190_overlay.png,/Users/kimsumin/projects/RGMC/calbration_data/robor06/masks/0190_mask.png
191,0.1781249999999999,0.15625,505.6313043478261,115.4396177237185,1,0.0,0.1261638766501538,0.0952244945291029,1774672636.432627,5,/Users/kimsumin/projects/RGMC/calibration_data/robot06/images/0191.png,/Users/kimsumin/projects/RGMC/calbration_data/robor06/overlays/0191_overlay.png,/Users/kimsumin/projects/RGMC/calbration_data/robor06/masks/0191_mask.png
192,0.1484375,0.15625,505.8815789473685,102.03536184210526,1,0.0,0.0293163392996413,0.01637906007051,1774672646.8908615,5,/Users/kimsumin/projects/RGMC/calibration_data/robot06/images/0192.png,/Users/kimsumin/projects/RGMC/calbration_data/robor06/overlays/0192_overlay.png,/Users/kimsumin/projects/RGMC/calbration_data/robor06/masks/0192_mask.png
193,0.11875,0.15625,505.6972010178117,89.04483925549916,1,0.0,0.0189366925755258,0.0658773841586682,1774672657.3399024,5,/Users/kimsumin/projects/RGMC/calibration_data/robot06/images/0193.png,/Users/kimsumin/projects/RGMC/calbration_data/robor06/overlays/0193_overlay.png,/Users/kimsumin/projects/RGMC/calbration_data/robor06/masks/0193_mask.png
194,0.0890624999999999,0.15625,505.3545377438507,75.96946564885496,1,0.0,0.0604360936322904,0.1167976784888358,1774672667.9748936,5,/Users/kimsumin/projects/RGMC/calibration_data/robot06/images/0194.png,/Users/kimsumin/projects/RGMC/calbration_data/robor06/overlays/0194_overlay.png,/Users/kimsumin/projects/RGMC/calbration_data/robor06/masks/0194_mask.png
195,0.059375,0.15625,505.2034739454094,62.524360033030554,1,0.0,0.0662209926047083,0.0460551408262832,1774672678.0123465,5,/Users/kimsumin/projects/RGMC/calibration_data/robot06/images/0195.png,/Users/kimsumin/projects/RGMC/calbration_data/robor06/overlays/0195_overlay.png,/Users/kimsumin/projects/RGMC/calbration_data/robor06/masks/0195_mask.png
196,0.0296875,0.15625,505.01020408163265,49.59913793103448,1,0.0,0.0764232776455127,0.0653968849027634,1774672688.4746444,5,/Users/kimsumin/projects/RGMC/calibration_data/robot06/images/0196.png,/Users/kimsumin/projects/RGMC/calbration_data/robor06/overlays/0196_overlay.png,/Users/kimsumin/projects/RGMC/calbration_data/robor06/masks/0196_mask.png
197,0.0,0.15625,504.2559576345984,36.42983230361871,1,0.0,0.2000675575755081,0.115631601990874,1774672698.8136537,5,/Users/kimsumin/projects/RGMC/calibration_data/robot06/images/0197.png,/Users/kimsumin/projects/RGMC/calbration_data/robor06/overlays/0197_overlay.png,/Users/kimsumin/projects/RGMC/calbration_data/robor06/masks/0197_mask.png
198,0.0,0.1875,491.2650392327812,36.718395815170005,1,0.0,0.0157720359198328,0.0397898138958891,1774672711.5082643,5,/Users/kimsumin/projects/RGMC/calibration_data/robot06/images/0198.png,/Users/kimsumin/projects/RGMC/calbration_data/robor06/overlays/0198_overlay.png,/Users/kimsumin/projects/RGMC/calbration_data/robor06/masks/0198_mask.png
199,0.0296875,0.1875,491.138353765324,49.220665499124344,1,0.0,0.2706756608638027,0.0613034475297062,1774672722.451943,5,/Users/kimsumin/projects/RGMC/calibration_data/robot06/images/0199.png,/Users/kimsumin/projects/RGMC/calbration_data/robor06/overlays/0199_overlay.png,/Users/kimsumin/projects/RGMC/calbration_data/robor06/masks/0199_mask.png
200,0.059375,0.1875,491.39078498293514,62.05089058524173,1,0.0,0.0675060564947317,0.0374999227711972,1774672732.5350304,5,/Users/kimsumin/projects/RGMC/calibration_data/robot06/images/0200.png,/Users/kimsumin/projects/RGMC/calbration_data/robor06/overlays/0200_overlay.png,/Users/kimsumin/projects/RGMC/calbration_data/robor06/masks/0200_mask.png
201,0.0890624999999999,0.1875,491.31985940246045,75.98847517730496,1,0.0,0.0216630912721092,0.0819873315935083,1774672743.2443862,5,/Users/kimsumin/projects/RGMC/calibration_data/robot06/images/0201.png,/Users/kimsumin/projects/RGMC/calbration_data/robor06/overlays/0201_overlay.png,/Users/kimsumin/projects/RGMC/calbration_data/robor06/masks/0201_mask.png
202,0.11875,0.1875,491.4118158123371,88.66349480968859,1,0.0,0.030899924171287,0.0830990472788399,1774672754.611028,5,/Users/kimsumin/projects/RGMC/calibration_data/robot06/images/0202.png,/Users/kimsumin/projects/RGMC/calbration_data/robor06/overlays/0202_overlay.png,/Users/kimsumin/projects/RGMC/calbration_data/robor06/masks/0202_mask.png
203,0.1484375,0.1875,491.67261904761904,101.63023057216054,1,0.0,0.0411896215640095,0.0415905014698041,1774672764.9463823,5,/Users/kimsumin/projects/RGMC/calibration_data/robot06/images/0203.png,/Users/kimsumin/projects/RGMC/calbration_data/robor06/overlays/0203_overlay.png,/Users/kimsumin/projects/RGMC/calbration_data/robor06/masks/0203_mask.png
204,0.1781249999999999,0.1875,491.5379803395889,115.26292335115863,1,0.0,0.0888041451267535,0.2881481393808325,1774672775.181287,5,/Users/kimsumin/projects/RGMC/calibration_data/robot06/images/0204.png,/Users/kimsumin/projects/RGMC/calbration_data/robor06/overlays/0204_overlay.png,/Users/kimsumin/projects/RGMC/calbration_data/robor06/masks/0204_mask.png
205,0.2078124999999999,0.1875,491.46248896734335,127.98323036187114,1,0.0,0.0055281170891186,0.0098772802585841,1774672785.830935,5,/Users/kimsumin/projects/RGMC/calibration_data/robot06/images/0205.png,/Users/kimsumin/projects/RGMC/calbration_data/robor06/overlays/0205_overlay.png,/Users/kimsumin/projects/RGMC/calbration_data/robor06/masks/0205_mask.png
206,0.2375,0.1875,491.48807495741056,141.08326253186067,1,0.0,0.0362495604434186,0.0603596178057809,1774672797.1199732,5,/Users/kimsumin/projects/RGMC/calibration_data/robot06/images/0206.png,/Users/kimsumin/projects/RGMC/calbration_data/robor06/overlays/0206_overlay.png,/Users/kimsumin/projects/RGMC/calbration_data/robor06/masks/0206_mask.png
207,0.2671874999999999,0.1875,491.49356223175965,153.59742489270386,1,0.0,0.0284943211217199,0.0658265956729808,1774672807.539529,5,/Users/kimsumin/projects/RGMC/calibration_data/robot06/images/0207.png,/Users/kimsumin/projects/RGMC/calbration_data/robor06/overlays/0207_overlay.png,/Users/kimsumin/projects/RGMC/calbration_data/robor06/masks/0207_mask.png
208,0.296875,0.1875,491.4081996434938,167.2943800178412,1,0.0,0.035175927196237,0.0722677984331499,1774672817.985771,5,/Users/kimsumin/projects/RGMC/calibration_data/robot06/images/0208.png,/Users/kimsumin/projects/RGMC/calbration_data/robor06/overlays/0208_overlay.png,/Users/kimsumin/projects/RGMC/calbration_data/robor06/masks/0208_mask.png
209,0.3265625,0.1875,491.6809067131648,180.77700348432057,1,0.0,0.0289800549658338,0.0465960803737633,1774672827.9275684,5,/Users/kimsumin/projects/RGMC/calibration_data/robot06/images/0209.png,/Users/kimsumin/projects/RGMC/calbration_data/robor06/overlays/0209_overlay.png,/Users/kimsumin/projects/RGMC/calbration_data/robor06/masks/0209_mask.png
210,0.3562499999999999,0.1875,491.8759623609923,194.01274426508073,1,0.0,0.1000122667405088,0.0420721947527362,1774672838.6775236,5,/Users/kimsumin/projects/RGMC/calibration_data/robot06/images/0210.png,/Users/kimsumin/projects/RGMC/calbration_data/robor06/overlays/0210_overlay.png,/Users/kimsumin/projects/RGMC/calbration_data/robor06/masks/0210_mask.png
211,0.3859375,0.1875,492.04793944491166,206.19508057676,1,0.0,0.0452784684824558,0.0301963777630366,1774672850.1421752,5,/Users/kimsumin/projects/RGMC/calibration_data/robot06/images/0211.png,/Users/kimsumin/projects/RGMC/calbration_data/robor06/overlays/0211_overlay.png,/Users/kimsumin/projects/RGMC/calbration_data/robor06/masks/0211_mask.png
212,0.4156249999999999,0.1875,491.9883303411131,220.1391382405745,1,0.0,0.1873650776017703,0.1127243052673558,1774672860.316388,5,/Users/kimsumin/projects/RGMC/calibration_data/robot06/images/0212.png,/Users/kimsumin/projects/RGMC/calbration_data/robor06/overlays/0212_overlay.png,/Users/kimsumin/projects/RGMC/calbration_data/robor06/masks/0212_mask.png
213,0.4453125,0.1875,492.5604873803307,233.10016977928692,1,0.0,0.055416878741488,0.0786475519068284,1774672870.6258771,5,/Users/kimsumin/projects/RGMC/calibration_data/robot06/images/0213.png,/Users/kimsumin/projects/RGMC/calbration_data/robor06/overlays/0213_overlay.png,/Users/kimsumin/projects/RGMC/calbration_data/robor06/masks/0213_mask.png
214,0.475,0.1875,492.5208510638298,245.80792420327305,1,0.0,0.0219061431435419,0.0473654756525229,1774672881.0486722,5,/Users/kimsumin/projects/RGMC/calibration_data/robot06/images/0214.png,/Users/kimsumin/projects/RGMC/calbration_data/robor06/overlays/0214_overlay.png,/Users/kimsumin/projects/RGMC/calbration_data/robor06/masks/0214_mask.png
215,0.5046875,0.1875,492.0758928571428,259.64516129032256,1,0.0,0.2718448902700494,0.0341952431995965,1774672891.0326247,5,/Users/kimsumin/projects/RGMC/calibration_data/robot06/images/0215.png,/Users/kimsumin/projects/RGMC/calbration_data/robor06/overlays/0215_overlay.png,/Users/kimsumin/projects/RGMC/calbration_data/robor06/masks/0215_mask.png
216,0.5343749999999999,0.1875,492.75489361702125,272.3779119930975,1,0.0,0.0431290685851374,0.0361698360755506,1774672901.376155,5,/Users/kimsumin/projects/RGMC/calibration_data/robot06/images/0216.png,/Users/kimsumin/projects/RGMC/calbration_data/robor06/overlays/0216_overlay.png,/Users/kimsumin/projects/RGMC/calbration_data/robor06/masks/0216_mask.png
217,0.5640625,0.1875,493.0598438855161,285.2176165803109,1,0.0,0.0735173135197825,0.0516964257927807,1774672911.480095,5,/Users/kimsumin/projects/RGMC/calibration_data/robot06/images/0217.png,/Users/kimsumin/projects/RGMC/calbration_data/robor06/overlays/0217_overlay.png,/Users/kimsumin/projects/RGMC/calbration_data/robor06/masks/0217_mask.png
218,0.59375,0.1875,493.2349823321555,298.3993174061433,1,0.0,0.0726788060008264,0.3302390760293265,1774672922.0123658,5,/Users/kimsumin/projects/RGMC/calibration_data/robot06/images/0218.png,/Users/kimsumin/projects/RGMC/calbration_data/robor06/overlays/0218_overlay.png,/Users/kimsumin/projects/RGMC/calbration_data/robor06/masks/0218_mask.png
219,0.6234375,0.1875,493.1814882032668,311.6381638163816,1,0.0,0.0458764136454544,0.0946254093357286,1774672932.3242588,5,/Users/kimsumin/projects/RGMC/calibration_data/robot06/images/0219.png,/Users/kimsumin/projects/RGMC/calbration_data/robor06/overlays/0219_overlay.png,/Users/kimsumin/projects/RGMC/calbration_data/robor06/masks/0219_mask.png
220,0.653125,0.1875,493.2504332755632,324.77402597402596,1,0.0,0.0507616641257979,0.0317086129216778,1774672942.4272752,5,/Users/kimsumin/projects/RGMC/calibration_data/robot06/images/0220.png,/Users/kimsumin/projects/RGMC/calbration_data/robor06/overlays/0220_overlay.png,/Users/kimsumin/projects/RGMC/calbration_data/robor06/masks/0220_mask.png
221,0.6828124999999999,0.1875,493.3946459412781,337.90748898678413,1,0.0,0.3612394209169237,0.0837001053763629,1774672952.644873,5,/Users/kimsumin/projects/RGMC/calibration_data/robot06/images/0221.png,/Users/kimsumin/projects/RGMC/calbration_data/robor06/overlays/0221_overlay.png,/Users/kimsumin/projects/RGMC/calbration_data/robor06/masks/0221_mask.png
222,0.7124999999999999,0.1875,493.43436123348016,351.41321585903086,1,0.0,0.3967620887037507,0.3088113024384037,1774672962.8026302,5,/Users/kimsumin/projects/RGMC/calibration_data/robot06/images/0222.png,/Users/kimsumin/projects/RGMC/calbration_data/robor06/overlays/0222_overlay.png,/Users/kimsumin/projects/RGMC/calbration_data/robor06/masks/0222_mask.png
223,0.7421875,0.1875,494.7126126126126,364.7810810810811,1,0.0,0.3616399506628655,0.0196669007412587,1774672974.8477154,5,/Users/kimsumin/projects/RGMC/calibration_data/robot06/images/0223.png,/Users/kimsumin/projects/RGMC/calbration_data/robor06/overlays/0223_overlay.png,/Users/kimsumin/projects/RGMC/calbration_data/robor06/masks/0223_mask.png
224,0.771875,0.1875,494.82253771073647,377.81366459627327,1,0.0,0.0242447764797267,0.0202408732533349,1774672985.0011213,5,/Users/kimsumin/projects/RGMC/calibration_data/robot06/images/0224.png,/Users/kimsumin/projects/RGMC/calbration_data/robor06/overlays/0224_overlay.png,/Users/kimsumin/projects/RGMC/calbration_data/robor06/masks/0224_mask.png
225,0.8015625,0.1875,495.0417406749556,390.42133333333334,1,0.0,0.0440542583362782,0.0485578936828731,1774672995.466673,5,/Users/kimsumin/projects/RGMC/calibration_data/robot06/images/0225.png,/Users/kimsumin/projects/RGMC/calbration_data/robor06/overlays/0225_overlay.png,/Users/kimsumin/projects/RGMC/calbration_data/robor06/masks/0225_mask.png
226,0.8312499999999999,0.1875,494.9470852017937,404.5427807486631,1,0.0,0.045345472405668,0.0269480539376591,1774673005.592911,5,/Users/kimsumin/projects/RGMC/calibration_data/robot06/images/0226.png,/Users/kimsumin/projects/RGMC/calbration_data/robor06/overlays/0226_overlay.png,/Users/kimsumin/projects/RGMC/calbration_data/robor06/masks/0226_mask.png
227,0.8609374999999999,0.1875,494.9849823321555,417.04723707664886,1,0.0,0.0685568120292563,0.0662144607415216,1774673016.0575397,5,/Users/kimsumin/projects/RGMC/calibration_data/robot06/images/0227.png,/Users/kimsumin/projects/RGMC/calbration_data/robor06/overlays/0227_overlay.png,/Users/kimsumin/projects/RGMC/calbration_data/robor06/masks/0227_mask.png
228,0.890625,0.1875,494.92183288409706,429.63620230700974,1,0.0,0.0367366418038575,0.0377985427401164,1774673026.472525,5,/Users/kimsumin/projects/RGMC/calibration_data/robot06/images/0228.png,/Users/kimsumin/projects/RGMC/calbration_data/robor06/overlays/0228_overlay.png,/Users/kimsumin/projects/RGMC/calbration_data/robor06/masks/0228_mask.png
229,0.9203125,0.1875,495.0463215258856,443.411231884058,1,0.0,0.0172644932180609,0.0281326742488706,1774673036.506909,5,/Users/kimsumin/projects/RGMC/calibration_data/robot06/images/0229.png,/Users/kimsumin/projects/RGMC/calbration_data/robor06/overlays/0229_overlay.png,/Users/kimsumin/projects/RGMC/calbration_data/robor06/masks/0229_mask.png
230,0.95,0.1875,495.1618334892422,455.55846585594014,1,0.0,0.0122709184620441,0.0533577891761385,1774673048.8175328,5,/Users/kimsumin/projects/RGMC/calibration_data/robot06/images/0230.png,/Users/kimsumin/projects/RGMC/calbration_data/robor06/overlays/0230_overlay.png,/Users/kimsumin/projects/RGMC/calbration_data/robor06/masks/0230_mask.png
231,0.95,0.21875,480.9901610017889,455.88282647584975,1,0.0,0.4719037899280821,0.0237592901976417,1774673059.2506893,5,/Users/kimsumin/projects/RGMC/calibration_data/robot06/images/0231.png,/Users/kimsumin/projects/RGMC/calbration_data/robor06/overlays/0231_overlay.png,/Users/kimsumin/projects/RGMC/calbration_data/robor06/masks/0231_mask.png
232,0.9203125,0.21875,479.9525089605735,443.5300988319856,1,0.0,0.0582320091083551,0.0258721559649095,1774673069.624624,5,/Users/kimsumin/projects/RGMC/calibration_data/robot06/images/0232.png,/Users/kimsumin/projects/RGMC/calbration_data/robor06/overlays/0232_overlay.png,/Users/kimsumin/projects/RGMC/calbration_data/robor06/masks/0232_mask.png
233,0.890625,0.21875,479.9612676056338,429.978835978836,1,0.0,0.0279626886005153,0.0306274329217547,1774673081.069206,5,/Users/kimsumin/projects/RGMC/calibration_data/robot06/images/0233.png,/Users/kimsumin/projects/RGMC/calbration_data/robor06/overlays/0233_overlay.png,/Users/kimsumin/projects/RGMC/calbration_data/robor06/masks/0233_mask.png
234,0.8609374999999999,0.21875,480.1334519572954,417.17662801070475,1,0.0,0.2283826929687765,0.0365062942907664,1774673091.916166,5,/Users/kimsumin/projects/RGMC/calibration_data/robot06/images/0234.png,/Users/kimsumin/projects/RGMC/calbration_data/robor06/overlays/0234_overlay.png,/Users/kimsumin/projects/RGMC/calbration_data/robor06/masks/0234_mask.png
235,0.8312499999999999,0.21875,480.0096830985915,404.4257950530035,1,0.0,0.1916135028764777,0.0399014060567173,1774673103.1857014,5,/Users/kimsumin/projects/RGMC/calibration_data/robot06/images/0235.png,/Users/kimsumin/projects/RGMC/calbration_data/robor06/overlays/0235_overlay.png,/Users/kimsumin/projects/RGMC/calbration_data/robor06/masks/0235_mask.png
236,0.8015625,0.21875,480.13321492007105,391.2859761686526,1,0.0,0.065863668726678,0.3597773706298779,1774673113.6303444,5,/Users/kimsumin/projects/RGMC/calibration_data/robot06/images/0236.png,/Users/kimsumin/projects/RGMC/calbration_data/robor06/overlays/0236_overlay.png,/Users/kimsumin/projects/RGMC/calbration_data/robor06/masks/0236_mask.png
237,0.771875,0.21875,479.7624020887728,377.9913718723037,1,0.0,0.0470847357847665,0.0480909371621648,1774673124.3643866,5,/Users/kimsumin/projects/RGMC/calibration_data/robot06/images/0237.png,/Users/kimsumin/projects/RGMC/calbration_data/robor06/overlays/0237_overlay.png,/Users/kimsumin/projects/RGMC/calbration_data/robor06/masks/0237_mask.png
238,0.7421875,0.21875,480.0379858657244,364.67049469964667,1,0.0,0.0351156622905313,0.0861711710465373,1774673134.302591,5,/Users/kimsumin/projects/RGMC/calibration_data/robot06/images/0238.png,/Users/kimsumin/projects/RGMC/calbration_data/robor06/overlays/0238_overlay.png,/Users/kimsumin/projects/RGMC/calbration_data/robor06/masks/0238_mask.png
239,0.7124999999999999,0.21875,479.7506849315069,351.7518315018315,1,0.0,0.0388269786011342,0.1057228275446438,1774673145.1726177,5,/Users/kimsumin/projects/RGMC/calibration_data/robot06/images/0239.png,/Users/kimsumin/projects/RGMC/calbration_data/robor06/overlays/0239_overlay.png,/Users/kimsumin/projects/RGMC/calbration_data/robor06/masks/0239_mask.png
240,0.6828124999999999,0.21875,479.5902654867257,338.258407079646,1,0.0,0.0188776635538466,0.0332054875843909,1774673156.7529848,5,/Users/kimsumin/projects/RGMC/calibration_data/robot06/images/0240.png,/Users/kimsumin/projects/RGMC/calbration_data/robor06/overlays/0240_overlay.png,/Users/kimsumin/projects/RGMC/calbration_data/robor06/masks/0240_mask.png
241,0.653125,0.21875,479.5078397212544,325.3339130434783,1,0.0,0.0369509873916438,0.0752510382294079,1774673166.869143,5,/Users/kimsumin/projects/RGMC/calibration_data/robot06/images/0241.png,/Users/kimsumin/projects/RGMC/calbration_data/robor06/overlays/0241_overlay.png,/Users/kimsumin/projects/RGMC/calbration_data/robor06/masks/0241_mask.png
242,0.6234375,0.21875,479.66815742397137,312.4179236912156,1,0.0,0.0834053989868116,0.0335477318350395,1774673177.208517,5,/Users/kimsumin/projects/RGMC/calibration_data/robot06/images/0242.png,/Users/kimsumin/projects/RGMC/calbration_data/robor06/overlays/0242_overlay.png,/Users/kimsumin/projects/RGMC/calbration_data/robor06/masks/0242_mask.png
243,0.59375,0.21875,479.5720761559384,299.3318223028105,1,0.0,0.0204312783523325,0.0477951753712234,1774673187.496926,5,/Users/kimsumin/projects/RGMC/calibration_data/robot06/images/0243.png,/Users/kimsumin/projects/RGMC/calbration_data/robor06/overlays/0243_overlay.png,/Users/kimsumin/projects/RGMC/calbration_data/robor06/masks/0243_mask.png
244,0.5640625,0.21875,479.2674933569531,285.74136403897256,1,0.0,0.0404413771740072,0.0247715511219233,1774673197.499435,5,/Users/kimsumin/projects/RGMC/calibration_data/robot06/images/0244.png,/Users/kimsumin/projects/RGMC/calbration_data/robor06/overlays/0244_overlay.png,/Users/kimsumin/projects/RGMC/calbration_data/robor06/masks/0244_mask.png
245,0.5343749999999999,0.21875,479.40332458442697,272.8495188101487,1,0.0,0.0423670675129314,0.0504100333132221,1774673207.930146,5,/Users/kimsumin/projects/RGMC/calibration_data/robot06/images/0245.png,/Users/kimsumin/projects/RGMC/calbration_data/robor06/overlays/0245_overlay.png,/Users/kimsumin/projects/RGMC/calbration_data/robor06/masks/0245_mask.png
246,0.5046875,0.21875,479.1062887511072,259.8364779874214,1,0.0,0.0575464387790549,0.0616140481215997,1774673220.2834525,5,/Users/kimsumin/projects/RGMC/calibration_data/robot06/images/0246.png,/Users/kimsumin/projects/RGMC/calbration_data/robor06/overlays/0246_overlay.png,/Users/kimsumin/projects/RGMC/calbration_data/robor06/masks/0246_mask.png
247,0.475,0.21875,479.2059620596206,247.08852755194215,1,0.0,0.038900780397478,0.0346436412169336,1774673232.304521,5,/Users/kimsumin/projects/RGMC/calibration_data/robot06/images/0247.png,/Users/kimsumin/projects/RGMC/calbration_data/robor06/overlays/0247_overlay.png,/Users/kimsumin/projects/RGMC/calbration_data/robor06/masks/0247_mask.png
248,0.4453125,0.21875,479.2122557726466,233.39858906525572,1,0.0,0.0764395381616477,0.1300294205344933,1774673242.456504,5,/Users/kimsumin/projects/RGMC/calibration_data/robot06/images/0248.png,/Users/kimsumin/projects/RGMC/calbration_data/robor06/overlays/0248_overlay.png,/Users/kimsumin/projects/RGMC/calbration_data/robor06/masks/0248_mask.png
249,0.4156249999999999,0.21875,478.9525939177102,220.2506643046944,1,0.0,0.0414241000905262,0.0699125698200369,1774673252.7974732,5,/Users/kimsumin/projects/RGMC/calibration_data/robot06/images/0249.png,/Users/kimsumin/projects/RGMC/calbration_data/robor06/overlays/0249_overlay.png,/Users/kimsumin/projects/RGMC/calbration_data/robor06/masks/0249_mask.png
250,0.3859375,0.21875,478.67996373526745,207.2538531278332,1,0.0,0.0337728973712997,0.3770471761188897,1774673263.1189055,5,/Users/kimsumin/projects/RGMC/calibration_data/robot06/images/0250.png,/Users/kimsumin/projects/RGMC/calbration_data/robor06/overlays/0250_overlay.png,/Users/kimsumin/projects/RGMC/calbration_data/robor06/masks/0250_mask.png
251,0.3562499999999999,0.21875,478.62336530078466,194.207136640557,1,0.0,0.0338750951781345,0.0405554764223272,1774673273.2649767,5,/Users/kimsumin/projects/RGMC/calibration_data/robot06/images/0251.png,/Users/kimsumin/projects/RGMC/calbration_data/robor06/overlays/0251_overlay.png,/Users/kimsumin/projects/RGMC/calbration_data/robor06/masks/0251_mask.png
252,0.3265625,0.21875,477.8561702127659,180.88275276125745,1,0.0,0.485462381119941,0.0454045663074001,1774673283.4834638,5,/Users/kimsumin/projects/RGMC/calibration_data/robot06/images/0252.png,/Users/kimsumin/projects/RGMC/calbration_data/robor06/overlays/0252_overlay.png,/Users/kimsumin/projects/RGMC/calbration_data/robor06/masks/0252_mask.png
253,0.296875,0.21875,477.6078767123288,168.1919795221843,1,0.0,0.3238680192685537,0.0786474251161271,1774673293.7637758,5,/Users/kimsumin/projects/RGMC/calibration_data/robot06/images/0253.png,/Users/kimsumin/projects/RGMC/calbration_data/robor06/overlays/0253_overlay.png,/Users/kimsumin/projects/RGMC/calbration_data/robor06/masks/0253_mask.png
254,0.2671874999999999,0.21875,477.7700258397933,154.8991379310345,1,0.0,0.0137169761671574,0.4262948482289164,1774673303.978248,5,/Users/kimsumin/projects/RGMC/calibration_data/robot06/images/0254.png,/Users/kimsumin/projects/RGMC/calbration_data/robor06/overlays/0254_overlay.png,/Users/kimsumin/projects/RGMC/calbration_data/robor06/masks/0254_mask.png
255,0.2375,0.21875,477.6822742474917,141.14585152838427,1,0.0,0.3807835579154574,0.0719556157087171,1774673313.9965804,5,/Users/kimsumin/projects/RGMC/calibration_data/robot06/images/0255.png,/Users/kimsumin/projects/RGMC/calbration_data/robor06/overlays/0255_overlay.png,/Users/kimsumin/projects/RGMC/calbration_data/robor06/masks/0255_mask.png
256,0.2078124999999999,0.21875,477.8536796536797,128.40381282495667,1,0.0,0.0314920802288267,0.0770300854824354,1774673324.279,5,/Users/kimsumin/projects/RGMC/calibration_data/robot06/images/0256.png,/Users/kimsumin/projects/RGMC/calbration_data/robor06/overlays/0256_overlay.png,/Users/kimsumin/projects/RGMC/calbration_data/robor06/masks/0256_mask.png
257,0.1781249999999999,0.21875,478.6220825852783,115.4517583408476,1,0.0,0.3164355208310099,0.0443527902409668,1774673336.5529945,5,/Users/kimsumin/projects/RGMC/calibration_data/robot06/images/0257.png,/Users/kimsumin/projects/RGMC/calbration_data/robor06/overlays/0257_overlay.png,/Users/kimsumin/projects/RGMC/calbration_data/robor06/masks/0257_mask.png
258,0.1484375,0.21875,477.72450657894734,101.69572368421052,1,0.0,0.3901991449550994,0.0521811173877859,1774673346.772258,5,/Users/kimsumin/projects/RGMC/calibration_data/robot06/images/0258.png,/Users/kimsumin/projects/RGMC/calbration_data/robor06/overlays/0258_overlay.png,/Users/kimsumin/projects/RGMC/calbration_data/robor06/masks/0258_mask.png
259,0.11875,0.21875,478.0561702127659,88.73011844331641,1,0.0,0.0555166481561518,0.0716997005882541,1774673356.679706,5,/Users/kimsumin/projects/RGMC/calibration_data/robot06/images/0259.png,/Users/kimsumin/projects/RGMC/calbration_data/robor06/overlays/0259_overlay.png,/Users/kimsumin/projects/RGMC/calbration_data/robor06/masks/0259_mask.png
260,0.0890624999999999,0.21875,477.35880398671094,76.23006644518273,1,0.0,0.1025401609125607,0.0493651906162973,1774673367.7734234,5,/Users/kimsumin/projects/RGMC/calibration_data/robot06/images/0260.png,/Users/kimsumin/projects/RGMC/calbration_data/robor06/overlays/0260_overlay.png,/Users/kimsumin/projects/RGMC/calbration_data/robor06/masks/0260_mask.png
261,0.059375,0.21875,477.41057934508814,63.00524017467249,1,0.0,0.3744819935733376,0.598273805126735,1774673377.8280723,5,/Users/kimsumin/projects/RGMC/calibration_data/robot06/images/0261.png,/Users/kimsumin/projects/RGMC/calbration_data/robor06/overlays/0261_overlay.png,/Users/kimsumin/projects/RGMC/calbration_data/robor06/masks/0261_mask.png
262,0.0296875,0.21875,477.1799506984388,49.75912408759124,1,0.0,0.0785960123784937,0.0517937548590695,1774673387.580374,5,/Users/kimsumin/projects/RGMC/calibration_data/robot06/images/0262.png,/Users/kimsumin/projects/RGMC/calbration_data/robor06/overlays/0262_overlay.png,/Users/kimsumin/projects/RGMC/calbration_data/robor06/masks/0262_mask.png
263,0.0,0.21875,476.8815450643777,36.24871355060034,1,0.0,0.2262587751198694,0.0530826074438016,1774673397.4639273,5,/Users/kimsumin/projects/RGMC/calibration_data/robot06/images/0263.png,/Users/kimsumin/projects/RGMC/calbration_data/robor06/overlays/0263_overlay.png,/Users/kimsumin/projects/RGMC/calbration_data/robor06/masks/0263_mask.png
264,0.0,0.25,463.2847282139776,36.41317365269461,1,0.0,0.0706514942911567,0.0418194720832892,1774673408.4482503,5,/Users/kimsumin/projects/RGMC/calibration_data/robot06/images/0264.png,/Users/kimsumin/projects/RGMC/calbration_data/robor06/overlays/0264_overlay.png,/Users/kimsumin/projects/RGMC/calbration_data/robor06/masks/0264_mask.png
265,0.0296875,0.25,463.281462585034,49.420918367346935,1,0.0,0.0448770593588777,0.0736314210929831,1774673418.9695055,5,/Users/kimsumin/projects/RGMC/calibration_data/robot06/images/0265.png,/Users/kimsumin/projects/RGMC/calbration_data/robor06/overlays/0265_overlay.png,/Users/kimsumin/projects/RGMC/calbration_data/robor06/masks/0265_mask.png
266,0.059375,0.25,463.3002544529262,62.05258693808312,1,0.0,0.0398854480139045,0.0591446686684789,1774673429.130808,5,/Users/kimsumin/projects/RGMC/calibration_data/robot06/images/0266.png,/Users/kimsumin/projects/RGMC/calbration_data/robor06/overlays/0266_overlay.png,/Users/kimsumin/projects/RGMC/calbration_data/robor06/masks/0266_mask.png
267,0.0890624999999999,0.25,463.2228024369017,75.86335944299391,1,0.0,0.0512364870712165,0.0944080970944057,1774673439.2233305,5,/Users/kimsumin/projects/RGMC/calibration_data/robot06/images/0267.png,/Users/kimsumin/projects/RGMC/calbration_data/robor06/overlays/0267_overlay.png,/Users/kimsumin/projects/RGMC/calbration_data/robor06/masks/0267_mask.png
268,0.11875,0.25,463.49657534246575,88.64948453608247,1,0.0,0.0629488954379691,0.0579166869865532,1774673449.196884,5,/Users/kimsumin/projects/RGMC/calibration_data/robot06/images/0268.png,/Users/kimsumin/projects/RGMC/calbration_data/robor06/overlays/0268_overlay.png,/Users/kimsumin/projects/RGMC/calbration_data/robor06/masks/0268_mask.png
269,0.1484375,0.25,463.71331636980494,101.49830220713072,1,0.0,0.0581534766891121,0.0462778309919855,1774673459.4419217,5,/Users/kimsumin/projects/RGMC/calibration_data/robot06/images/0269.png,/Users/kimsumin/projects/RGMC/calbration_data/robor06/overlays/0269_overlay.png,/Users/kimsumin/projects/RGMC/calbration_data/robor06/masks/0269_mask.png
270,0.1781249999999999,0.25,463.4056939501779,115.25889679715304,1,0.0,0.0601885895131018,0.0613725213073798,1774673470.9974177,5,/Users/kimsumin/projects/RGMC/calibration_data/robot06/images/0270.png,/Users/kimsumin/projects/RGMC/calbration_data/robor06/overlays/0270_overlay.png,/Users/kimsumin/projects/RGMC/calbration_data/robor06/masks/0270_mask.png
271,0.2078124999999999,0.25,463.41837644959855,127.83764495985729,1,0.0,0.0155590102868065,0.0893638306092256,1774673480.826961,5,/Users/kimsumin/projects/RGMC/calibration_data/robot06/images/0271.png,/Users/kimsumin/projects/RGMC/calbration_data/robor06/overlays/0271_overlay.png,/Users/kimsumin/projects/RGMC/calbration_data/robor06/masks/0271_mask.png
272,0.2375,0.25,463.66782307025153,140.96270598438855,1,0.0,0.0495570349370283,0.0269033960766045,1774673491.0651467,5,/Users/kimsumin/projects/RGMC/calibration_data/robot06/images/0272.png,/Users/kimsumin/projects/RGMC/calbration_data/robor06/overlays/0272_overlay.png,/Users/kimsumin/projects/RGMC/calbration_data/robor06/masks/0272_mask.png
273,0.2671874999999999,0.25,463.5663486556808,153.52910512597742,1,0.0,0.05828448815947,0.098639766546857,1774673501.2091994,5,/Users/kimsumin/projects/RGMC/calibration_data/robot06/images/0273.png,/Users/kimsumin/projects/RGMC/calbration_data/robor06/overlays/0273_overlay.png,/Users/kimsumin/projects/RGMC/calbration_data/robor06/masks/0273_mask.png
274,0.296875,0.25,463.5,167.5,1,0.0,0.0368448201442629,0.0347848233888895,1774673511.1530662,5,/Users/kimsumin/projects/RGMC/calibration_data/robot06/images/0274.png,/Users/kimsumin/projects/RGMC/calbration_data/robor06/overlays/0274_overlay.png,/Users/kimsumin/projects/RGMC/calbration_data/robor06/masks/0274_mask.png
275,0.3265625,0.25,463.5546737213404,180.63148636763412,1,0.0,0.0256825218720634,0.0442391373450079,1774673521.2742715,5,/Users/kimsumin/projects/RGMC/calibration_data/robot06/images/0275.png,/Users/kimsumin/projects/RGMC/calbration_data/robor06/overlays/0275_overlay.png,/Users/kimsumin/projects/RGMC/calbration_data/robor06/masks/0275_mask.png
276,0.3562499999999999,0.25,463.71834625323,193.7305025996534,1,0.0,0.0546537567904539,0.0837670441541999,1774673531.0167696,5,/Users/kimsumin/projects/RGMC/calibration_data/robot06/images/0276.png,/Users/kimsumin/projects/RGMC/calbration_data/robor06/overlays/0276_overlay.png,/Users/kimsumin/projects/RGMC/calbration_data/robor06/masks/0276_mask.png
277,0.3859375,0.25,463.9628349178911,206.49395509499135,1,0.0,0.0250033281293563,0.0862542335257035,1774673540.9689837,5,/Users/kimsumin/projects/RGMC/calibration_data/robot06/images/0277.png,/Users/kimsumin/projects/RGMC/calbration_data/robor06/overlays/0277_overlay.png,/Users/kimsumin/projects/RGMC/calbration_data/robor06/masks/0277_mask.png
278,0.4156249999999999,0.25,464.1139804096171,219.7935943060498,1,0.0,0.0236430194666752,0.0149188687626249,1774673551.219363,5,/Users/kimsumin/projects/RGMC/calibration_data/robot06/images/0278.png,/Users/kimsumin/projects/RGMC/calbration_data/robor06/overlays/0278_overlay.png,/Users/kimsumin/projects/RGMC/calbration_data/robor06/masks/0278_mask.png
279,0.4453125,0.25,465.0176322418136,233.17691659646167,1,0.0,0.0558404227649155,0.0382838812540794,1774673561.7197034,5,/Users/kimsumin/projects/RGMC/calibration_data/robot06/images/0279.png,/Users/kimsumin/projects/RGMC/calbration_data/robor06/overlays/0279_overlay.png,/Users/kimsumin/projects/RGMC/calbration_data/robor06/masks/0279_mask.png
280,0.475,0.25,464.87196652719666,246.0300751879699,1,0.0,0.0304042848516677,0.0191102782372521,1774673571.9809403,5,/Users/kimsumin/projects/RGMC/calibration_data/robot06/images/0280.png,/Users/kimsumin/projects/RGMC/calbration_data/robor06/overlays/0280_overlay.png,/Users/kimsumin/projects/RGMC/calbration_data/robor06/masks/0280_mask.png
281,0.5046875,0.25,464.9424083769634,259.6771378708552,1,0.0,0.0049035152290992,0.0074572844304246,1774673582.3076332,5,/Users/kimsumin/projects/RGMC/calibration_data/robot06/images/0281.png,/Users/kimsumin/projects/RGMC/calbration_data/robor06/overlays/0281_overlay.png,/Users/kimsumin/projects/RGMC/calbration_data/robor06/masks/0281_mask.png
282,0.5343749999999999,0.25,465.1411764705882,272.63246425567706,1,0.0,0.0312586890058507,0.0319292689477601,1774673592.7458832,5,/Users/kimsumin/projects/RGMC/calibration_data/robot06/images/0282.png,/Users/kimsumin/projects/RGMC/calbration_data/robor06/overlays/0282_overlay.png,/Users/kimsumin/projects/RGMC/calbration_data/robor06/masks/0282_mask.png
283,0.5640625,0.25,465.2021996615905,285.67175572519085,1,0.0,0.0836272706370529,0.0912803630932496,1774673602.802777,5,/Users/kimsumin/projects/RGMC/calibration_data/robot06/images/0283.png,/Users/kimsumin/projects/RGMC/calbration_data/robor06/overlays/0283_overlay.png,/Users/kimsumin/projects/RGMC/calbration_data/robor06/masks/0283_mask.png
284,0.59375,0.25,465.163282571912,298.55774165953807,1,0.0,0.0427217901220143,0.3698185389095963,1774673613.2504082,5,/Users/kimsumin/projects/RGMC/calibration_data/robot06/images/0284.png,/Users/kimsumin/projects/RGMC/calbration_data/robor06/overlays/0284_overlay.png,/Users/kimsumin/projects/RGMC/calbration_data/robor06/masks/0284_mask.png
285,0.6234375,0.25,465.30878438331854,311.8633540372671,1,0.0,0.067585656765894,0.0580893048667401,1774673623.8888483,5,/Users/kimsumin/projects/RGMC/calibration_data/robot06/images/0285.png,/Users/kimsumin/projects/RGMC/calbration_data/robor06/overlays/0285_overlay.png,/Users/kimsumin/projects/RGMC/calbration_data/robor06/masks/0285_mask.png
286,0.653125,0.25,465.6150627615063,324.991652754591,1,0.0,0.0283608577416881,0.0557646049848406,1774673635.2400503,5,/Users/kimsumin/projects/RGMC/calibration_data/robot06/images/0286.png,/Users/kimsumin/projects/RGMC/calbration_data/robor06/overlays/0286_overlay.png,/Users/kimsumin/projects/RGMC/calbration_data/robor06/masks/0286_mask.png
287,0.6828124999999999,0.25,465.585726718886,337.88588850174216,1,0.0,0.1318645032460298,0.0507632215310888,1774673649.2762997,5,/Users/kimsumin/projects/RGMC/calibration_data/robot06/images/0287.png,/Users/kimsumin/projects/RGMC/calbration_data/robor06/overlays/0287_overlay.png,/Users/kimsumin/projects/RGMC/calbration_data/robor06/masks/0287_mask.png
288,0.7124999999999999,0.25,465.4290718038529,351.3766461808604,1,0.0,0.0597687075237621,0.0566281994929509,1774673659.8209612,5,/Users/kimsumin/projects/RGMC/calibration_data/robot06/images/0288.png,/Users/kimsumin/projects/RGMC/calbration_data/robor06/overlays/0288_overlay.png,/Users/kimsumin/projects/RGMC/calbration_data/robor06/masks/0288_mask.png
289,0.7421875,0.25,465.9896818572657,364.5690987124464,1,0.0,0.0509555223359525,0.0939469434807,1774673670.0617075,5,/Users/kimsumin/projects/RGMC/calibration_data/robot06/images/0289.png,/Users/kimsumin/projects/RGMC/calbration_data/robor06/overlays/0289_overlay.png,/Users/kimsumin/projects/RGMC/calbration_data/robor06/masks/0289_mask.png
290,0.771875,0.25,466.7162162162162,377.3126094570928,1,0.0,0.4090070123941164,0.0396057558591709,1774673681.2291195,5,/Users/kimsumin/projects/RGMC/calibration_data/robot06/images/0290.png,/Users/kimsumin/projects/RGMC/calbration_data/robor06/overlays/0290_overlay.png,/Users/kimsumin/projects/RGMC/calbration_data/robor06/masks/0290_mask.png
291,0.8015625,0.25,466.1046901172529,390.4080944350759,1,0.0,0.0566709285180772,0.0744857010708041,1774673691.5656831,5,/Users/kimsumin/projects/RGMC/calibration_data/robot06/images/0291.png,/Users/kimsumin/projects/RGMC/calbration_data/robor06/overlays/0291_overlay.png,/Users/kimsumin/projects/RGMC/calbration_data/robor06/masks/0291_mask.png
292,0.8312499999999999,0.25,466.0956816257409,404.3971756398941,1,0.0,0.3753360572720877,0.08589235666385,1774673702.1391158,5,/Users/kimsumin/projects/RGMC/calibration_data/robot06/images/0292.png,/Users/kimsumin/projects/RGMC/calbration_data/robor06/overlays/0292_overlay.png,/Users/kimsumin/projects/RGMC/calbration_data/robor06/masks/0292_mask.png
293,0.8609374999999999,0.25,465.9138673557278,417.09660107334525,1,0.0,0.3063190000820881,0.05496463161693,1774673712.0285478,5,/Users/kimsumin/projects/RGMC/calibration_data/robot06/images/0293.png,/Users/kimsumin/projects/RGMC/calbration_data/robor06/overlays/0293_overlay.png,/Users/kimsumin/projects/RGMC/calbration_data/robor06/masks/0293_mask.png
294,0.890625,0.25,466.15842414082147,429.98833333333334,1,0.0,0.5383365433137679,0.0451032817437082,1774673722.0816886,5,/Users/kimsumin/projects/RGMC/calibration_data/robot06/images/0294.png,/Users/kimsumin/projects/RGMC/calbration_data/robor06/overlays/0294_overlay.png,/Users/kimsumin/projects/RGMC/calbration_data/robor06/masks/0294_mask.png
295,0.9203125,0.25,466.9874213836478,443.6305329719964,1,0.0,0.0653546039611769,0.0565157408810086,1774673732.071939,5,/Users/kimsumin/projects/RGMC/calibration_data/robot06/images/0295.png,/Users/kimsumin/projects/RGMC/calbration_data/robor06/overlays/0295_overlay.png,/Users/kimsumin/projects/RGMC/calbration_data/robor06/masks/0295_mask.png
296,0.95,0.25,467.10925925925926,455.662962962963,1,0.0,0.0851441561030366,0.0574971448950249,1774673742.505256,5,/Users/kimsumin/projects/RGMC/calibration_data/robot06/images/0296.png,/Users/kimsumin/projects/RGMC/calbration_data/robor06/overlays/0296_overlay.png,/Users/kimsumin/projects/RGMC/calbration_data/robor06/masks/0296_mask.png
297,0.95,0.28125,453.14134275618375,455.8748890860692,1,0.0,0.0884895765373536,0.0436059445150051,1774673752.836307,5,/Users/kimsumin/projects/RGMC/calibration_data/robot06/images/0297.png,/Users/kimsumin/projects/RGMC/calbration_data/robor06/overlays/0297_overlay.png,/Users/kimsumin/projects/RGMC/calbration_data/robor06/masks/0297_mask.png
298,0.9203125,0.28125,452.2999112688554,444.1011535048802,1,0.0,0.0411964595987086,0.0475296579502001,1774673763.3504112,5,/Users/kimsumin/projects/RGMC/calibration_data/robot06/images/0298.png,/Users/kimsumin/projects/RGMC/calbration_data/robor06/overlays/0298_overlay.png,/Users/kimsumin/projects/RGMC/calbration_data/robor06/masks/0298_mask.png
299,0.890625,0.28125,451.9903169014085,430.0713664055701,1,0.0,0.0323727438286436,0.0353600585646965,1774673774.2238789,5,/Users/kimsumin/projects/RGMC/calibration_data/robot06/images/0299.png,/Users/kimsumin/projects/RGMC/calbration_data/robor06/overlays/0299_overlay.png,/Users/kimsumin/projects/RGMC/calbration_data/robor06/masks/0299_mask.png
300,0.8609374999999999,0.28125,452.33948030176026,417.71696504688833,1,0.0,0.1914102318633502,0.0380946015798016,1774673784.133943,5,/Users/kimsumin/projects/RGMC/calibration_data/robot06/images/0300.png,/Users/kimsumin/projects/RGMC/calbration_data/robor06/overlays/0300_overlay.png,/Users/kimsumin/projects/RGMC/calbration_data/robor06/masks/0300_mask.png
301,0.8312499999999999,0.28125,452.0270034843206,404.76687116564415,1,0.0,0.053116613806604,0.0488584569460187,1774673794.794907,5,/Users/kimsumin/projects/RGMC/calibration_data/robot06/images/0301.png,/Users/kimsumin/projects/RGMC/calbration_data/robor06/overlays/0301_overlay.png,/Users/kimsumin/projects/RGMC/calbration_data/robor06/masks/0301_mask.png
302,0.8015625,0.28125,451.80987202925047,391.25137614678897,1,0.0,0.0499006056572954,0.0276123020470691,1774673804.618809,5,/Users/kimsumin/projects/RGMC/calibration_data/robot06/images/0302.png,/Users/kimsumin/projects/RGMC/calbration_data/robor06/overlays/0302_overlay.png,/Users/kimsumin/projects/RGMC/calbration_data/robor06/masks/0302_mask.png
303,0.771875,0.28125,452.1955357142857,378.0968609865471,1,0.0,0.0419112899050457,0.0202319470278874,1774673814.6454418,5,/Users/kimsumin/projects/RGMC/calibration_data/robot06/images/0303.png,/Users/kimsumin/projects/RGMC/calbration_data/robor06/overlays/0303_overlay.png,/Users/kimsumin/projects/RGMC/calbration_data/robor06/masks/0303_mask.png
304,0.7421875,0.28125,451.9744042365402,365.2383053839365,1,0.0,0.0319127783677113,0.017099742870834,1774673824.3813436,5,/Users/kimsumin/projects/RGMC/calibration_data/robot06/images/0304.png,/Users/kimsumin/projects/RGMC/calbration_data/robor06/overlays/0304_overlay.png,/Users/kimsumin/projects/RGMC/calbration_data/robor06/masks/0304_mask.png
305,0.7124999999999999,0.28125,451.6259259259259,351.592523364486,1,0.0,0.0294872682928746,0.0981164513646124,1774673834.2479188,5,/Users/kimsumin/projects/RGMC/calibration_data/robot06/images/0305.png,/Users/kimsumin/projects/RGMC/calbration_data/robor06/overlays/0305_overlay.png,/Users/kimsumin/projects/RGMC/calbration_data/robor06/masks/0305_mask.png
306,0.6828124999999999,0.28125,451.7744227353464,338.3885918003565,1,0.0,0.0703216373843805,0.0640380782042687,1774673843.9714088,5,/Users/kimsumin/projects/RGMC/calibration_data/robot06/images/0306.png,/Users/kimsumin/projects/RGMC/calbration_data/robor06/overlays/0306_overlay.png,/Users/kimsumin/projects/RGMC/calbration_data/robor06/masks/0306_mask.png
307,0.653125,0.28125,451.69441984056687,325.47027506654837,1,0.0,0.0447245752739526,0.0445400557753209,1774673853.8741703,5,/Users/kimsumin/projects/RGMC/calibration_data/robot06/images/0307.png,/Users/kimsumin/projects/RGMC/calbration_data/robor06/overlays/0307_overlay.png,/Users/kimsumin/projects/RGMC/calbration_data/robor06/masks/0307_mask.png
308,0.6234375,0.28125,451.4677565849228,312.7070063694268,1,0.0,0.0391061907721649,0.0275745894063251,1774673863.7271109,5,/Users/kimsumin/projects/RGMC/calibration_data/robot06/images/0308.png,/Users/kimsumin/projects/RGMC/calbration_data/robor06/overlays/0308_overlay.png,/Users/kimsumin/projects/RGMC/calbration_data/robor06/masks/0308_mask.png
309,0.59375,0.28125,451.3703703703704,299.65166516651664,1,0.0,0.0324418992665914,0.0296887142305058,1774673873.6630783,5,/Users/kimsumin/projects/RGMC/calibration_data/robot06/images/0309.png,/Users/kimsumin/projects/RGMC/calbration_data/robor06/overlays/0309_overlay.png,/Users/kimsumin/projects/RGMC/calbration_data/robor06/masks/0309_mask.png
310,0.5640625,0.28125,451.5608695652174,286.0471204188482,1,0.0,0.0046352599292109,0.0178316743113292,1774673885.7134678,5,/Users/kimsumin/projects/RGMC/calibration_data/robot06/images/0310.png,/Users/kimsumin/projects/RGMC/calbration_data/robor06/overlays/0310_overlay.png,/Users/kimsumin/projects/RGMC/calbration_data/robor06/masks/0310_mask.png
311,0.5343749999999999,0.28125,451.1474978050922,272.99209833187007,1,0.0,0.0477646636670018,0.0579371508878906,1774673895.8544693,5,/Users/kimsumin/projects/RGMC/calibration_data/robot06/images/0311.png,/Users/kimsumin/projects/RGMC/calbration_data/robor06/overlays/0311_overlay.png,/Users/kimsumin/projects/RGMC/calbration_data/robor06/masks/0311_mask.png
312,0.5046875,0.28125,451.0550541516246,259.7555953446732,1,0.0,0.0452677469543149,0.0286445157612084,1774673906.0793066,5,/Users/kimsumin/projects/RGMC/calibration_data/robot06/images/0312.png,/Users/kimsumin/projects/RGMC/calbration_data/robor06/overlays/0312_overlay.png,/Users/kimsumin/projects/RGMC/calbration_data/robor06/masks/0312_mask.png
313,0.475,0.28125,451.1194165907019,246.94439380127625,1,0.0,0.0488226793678122,0.0547347528119794,1774673915.8969312,5,/Users/kimsumin/projects/RGMC/calibration_data/robot06/images/0313.png,/Users/kimsumin/projects/RGMC/calbration_data/robor06/overlays/0313_overlay.png,/Users/kimsumin/projects/RGMC/calbration_data/robor06/masks/0313_mask.png
314,0.4453125,0.28125,451.0420315236427,233.23124448367167,1,0.0,0.0377302663754321,0.0540073067324583,1774673926.0793388,5,/Users/kimsumin/projects/RGMC/calibration_data/robot06/images/0314.png,/Users/kimsumin/projects/RGMC/calbration_data/robor06/overlays/0314_overlay.png,/Users/kimsumin/projects/RGMC/calbration_data/robor06/masks/0314_mask.png
315,0.4156249999999999,0.28125,451.25899912203687,220.5478489903424,1,0.0,0.0389628563510239,0.053018744176786,1774673939.1801963,5,/Users/kimsumin/projects/RGMC/calibration_data/robot06/images/0315.png,/Users/kimsumin/projects/RGMC/calbration_data/robor06/overlays/0315_overlay.png,/Users/kimsumin/projects/RGMC/calbration_data/robor06/masks/0315_mask.png
316,0.3859375,0.28125,450.8306451612903,207.4534050179211,1,0.0,0.0632808805716362,0.352798506307313,1774673949.6105592,5,/Users/kimsumin/projects/RGMC/calibration_data/robot06/images/0316.png,/Users/kimsumin/projects/RGMC/calbration_data/robor06/overlays/0316_overlay.png,/Users/kimsumin/projects/RGMC/calbration_data/robor06/masks/0316_mask.png
317,0.3562499999999999,0.28125,449.9619932432432,194.1818181818182,1,0.0,0.0836460816652008,0.0514614954840769,1774673959.8038218,5,/Users/kimsumin/projects/RGMC/calibration_data/robot06/images/0317.png,/Users/kimsumin/projects/RGMC/calbration_data/robor06/overlays/0317_overlay.png,/Users/kimsumin/projects/RGMC/calbration_data/robor06/masks/0317_mask.png
318,0.3265625,0.28125,449.9613120269134,181.1171548117155,1,0.0,0.1111819878663653,0.0726278117195132,1774673969.783565,5,/Users/kimsumin/projects/RGMC/calibration_data/robot06/images/0318.png,/Users/kimsumin/projects/RGMC/calbration_data/robor06/overlays/0318_overlay.png,/Users/kimsumin/projects/RGMC/calbration_data/robor06/masks/0318_mask.png
319,0.296875,0.28125,449.4326424870466,167.97058823529412,1,0.0,0.0338563030308014,0.0250552466972687,1774673980.0524068,5,/Users/kimsumin/projects/RGMC/calibration_data/robot06/images/0319.png,/Users/kimsumin/projects/RGMC/calbration_data/robor06/overlays/0319_overlay.png,/Users/kimsumin/projects/RGMC/calbration_data/robor06/masks/0319_mask.png
320,0.2671874999999999,0.28125,449.57885462555066,154.91277533039647,1,0.0,0.021952295037797,0.0245311570928661,1774673990.9828465,5,/Users/kimsumin/projects/RGMC/calibration_data/robot06/images/0320.png,/Users/kimsumin/projects/RGMC/calbration_data/robor06/overlays/0320_overlay.png,/Users/kimsumin/projects/RGMC/calbration_data/robor06/masks/0320_mask.png
321,0.2375,0.28125,449.85380116959067,141.4861227922624,1,0.0,0.1163475472477851,0.0608537376632323,1774674001.352951,5,/Users/kimsumin/projects/RGMC/calibration_data/robot06/images/0321.png,/Users/kimsumin/projects/RGMC/calbration_data/robor06/overlays/0321_overlay.png,/Users/kimsumin/projects/RGMC/calbration_data/robor06/masks/0321_mask.png
322,0.2078124999999999,0.28125,449.6485765124555,128.25593667546175,1,0.0,0.0244000463742118,0.081902253334062,1774674011.3573146,5,/Users/kimsumin/projects/RGMC/calibration_data/robot06/images/0322.png,/Users/kimsumin/projects/RGMC/calbration_data/robor06/overlays/0322_overlay.png,/Users/kimsumin/projects/RGMC/calbration_data/robor06/masks/0322_mask.png
323,0.1781249999999999,0.28125,449.67979002624674,115.33275261324042,1,0.0,0.0547894424187941,0.0700380309870294,1774674021.4158812,5,/Users/kimsumin/projects/RGMC/calibration_data/robot06/images/0323.png,/Users/kimsumin/projects/RGMC/calbration_data/robor06/overlays/0323_overlay.png,/Users/kimsumin/projects/RGMC/calbration_data/robor06/masks/0323_mask.png
324,0.1484375,0.28125,449.6001648804617,101.93837304847987,1,0.0,0.0456733312925344,0.0304591575350474,1774674031.3561857,5,/Users/kimsumin/projects/RGMC/calibration_data/robot06/images/0324.png,/Users/kimsumin/projects/RGMC/calbration_data/robor06/overlays/0324_overlay.png,/Users/kimsumin/projects/RGMC/calbration_data/robor06/masks/0324_mask.png
325,0.11875,0.28125,449.69617021276594,89.06694915254238,1,0.0,0.0627598049929219,0.0375098044614262,1774674040.9637954,5,/Users/kimsumin/projects/RGMC/calibration_data/robot06/images/0325.png,/Users/kimsumin/projects/RGMC/calbration_data/robor06/overlays/0325_overlay.png,/Users/kimsumin/projects/RGMC/calbration_data/robor06/masks/0325_mask.png
326,0.0890624999999999,0.28125,449.30938292476753,76.1090448013525,1,0.0,0.0347466914171187,0.0405031111750457,1774674051.2029335,5,/Users/kimsumin/projects/RGMC/calibration_data/robot06/images/0326.png,/Users/kimsumin/projects/RGMC/calbration_data/robor06/overlays/0326_overlay.png,/Users/kimsumin/projects/RGMC/calbration_data/robor06/masks/0326_mask.png
327,0.059375,0.28125,449.5074750830565,62.494614747307374,1,0.0,0.0222894501085267,0.0929787801410637,1774674062.3929474,5,/Users/kimsumin/projects/RGMC/calibration_data/robot06/images/0327.png,/Users/kimsumin/projects/RGMC/calbration_data/robor06/overlays/0327_overlay.png,/Users/kimsumin/projects/RGMC/calbration_data/robor06/masks/0327_mask.png
328,0.0296875,0.28125,449.18808510638297,49.55677966101695,1,0.0,0.0230880267021655,0.0554105287503406,1774674072.9058678,5,/Users/kimsumin/projects/RGMC/calibration_data/robot06/images/0328.png,/Users/kimsumin/projects/RGMC/calbration_data/robor06/overlays/0328_overlay.png,/Users/kimsumin/projects/RGMC/calbration_data/robor06/masks/0328_mask.png
329,0.0,0.28125,448.7808333333333,36.41533277169334,1,0.0,0.0649032476562202,0.0695511565571812,1774674083.1521046,5,/Users/kimsumin/projects/RGMC/calibration_data/robot06/images/0329.png,/Users/kimsumin/projects/RGMC/calbration_data/robor06/overlays/0329_overlay.png,/Users/kimsumin/projects/RGMC/calbration_data/robor06/masks/0329_mask.png
330,0.0,0.3125,435.2865646258504,36.86296900489396,1,0.0,0.3241581877852298,0.0524841198698191,1774674093.1758616,5,/Users/kimsumin/projects/RGMC/calibration_data/robot06/images/0330.png,/Users/kimsumin/projects/RGMC/calbration_data/robor06/overlays/0330_overlay.png,/Users/kimsumin/projects/RGMC/calbration_data/robor06/masks/0330_mask.png
331,0.0296875,0.3125,435.0,49.41361702127659,1,0.0,0.0371448996493009,0.1030882558341209,1774674103.2077582,5,/Users/kimsumin/projects/RGMC/calibration_data/robot06/images/0331.png,/Users/kimsumin/projects/RGMC/calbration_data/robor06/overlays/0331_overlay.png,/Users/kimsumin/projects/RGMC/calbration_data/robor06/masks/0331_mask.png
332,0.059375,0.3125,434.22603833865816,62.064,1,0.0,0.4228336037957661,0.0910126818987878,1774674113.251585,5,/Users/kimsumin/projects/RGMC/calibration_data/robot06/images/0332.png,/Users/kimsumin/projects/RGMC/calbration_data/robor06/overlays/0332_overlay.png,/Users/kimsumin/projects/RGMC/calbration_data/robor06/masks/0332_mask.png
333,0.0890624999999999,0.3125,434.6133671742809,76.0738255033557,1,0.0,0.0513641019251401,0.0721920777848025,1774674123.3868427,5,/Users/kimsumin/projects/RGMC/calibration_data/robot06/images/0333.png,/Users/kimsumin/projects/RGMC/calbration_data/robor06/overlays/0333_overlay.png,/Users/kimsumin/projects/RGMC/calbration_data/robor06/masks/0333_mask.png
334,0.11875,0.3125,435.54938271604937,88.7885462555066,1,0.0,0.0223132782148334,0.0748006325652199,1774674133.419024,5,/Users/kimsumin/projects/RGMC/calibration_data/robot06/images/0334.png,/Users/kimsumin/projects/RGMC/calbration_data/robor06/overlays/0334_overlay.png,/Users/kimsumin/projects/RGMC/calbration_data/robor06/masks/0334_mask.png
335,0.1484375,0.3125,435.5472679965307,101.55815972222224,1,0.0,0.0277226519378579,0.0204707160320565,1774674143.699264,5,/Users/kimsumin/projects/RGMC/calibration_data/robot06/images/0335.png,/Users/kimsumin/projects/RGMC/calbration_data/robor06/overlays/0335_overlay.png,/Users/kimsumin/projects/RGMC/calbration_data/robor06/masks/0335_mask.png
336,0.1781249999999999,0.3125,435.4101174345077,115.03811252268602,1,0.0,0.0203542377496721,0.0578500038282568,1774674153.6673849,5,/Users/kimsumin/projects/RGMC/calibration_data/robot06/images/0336.png,/Users/kimsumin/projects/RGMC/calbration_data/robor06/overlays/0336_overlay.png,/Users/kimsumin/projects/RGMC/calbration_data/robor06/masks/0336_mask.png
337,0.2078124999999999,0.3125,435.4122340425532,127.89673433362752,1,0.0,0.0284423786453168,0.0779934584763354,1774674163.8392885,5,/Users/kimsumin/projects/RGMC/calibration_data/robot06/images/0337.png,/Users/kimsumin/projects/RGMC/calbration_data/robor06/overlays/0337_overlay.png,/Users/kimsumin/projects/RGMC/calbration_data/robor06/masks/0337_mask.png
338,0.2375,0.3125,435.4736842105263,141.09059534081103,1,0.0,0.1777522403946389,0.063233670698735,1774674173.6000264,5,/Users/kimsumin/projects/RGMC/calibration_data/robot06/images/0338.png,/Users/kimsumin/projects/RGMC/calbration_data/robor06/overlays/0338_overlay.png,/Users/kimsumin/projects/RGMC/calbration_data/robor06/masks/0338_mask.png
339,0.2671874999999999,0.3125,435.77033065236816,154.01966041108133,1,0.0,0.0283487123765503,0.0472421132593608,1774674183.437598,5,/Users/kimsumin/projects/RGMC/calibration_data/robot06/images/0339.png,/Users/kimsumin/projects/RGMC/calbration_data/robor06/overlays/0339_overlay.png,/Users/kimsumin/projects/RGMC/calbration_data/robor06/masks/0339_mask.png
340,0.296875,0.3125,435.6182310469314,167.45636363636365,1,0.0,0.0230975383310889,0.058057381333417,1774674193.4239488,5,/Users/kimsumin/projects/RGMC/calibration_data/robot06/images/0340.png,/Users/kimsumin/projects/RGMC/calbration_data/robor06/overlays/0340_overlay.png,/Users/kimsumin/projects/RGMC/calbration_data/robor06/masks/0340_mask.png
341,0.3265625,0.3125,435.6953055801594,180.4561558901683,1,0.0,0.0483134014837052,0.1106019386783008,1774674203.8407826,5,/Users/kimsumin/projects/RGMC/calibration_data/robot06/images/0341.png,/Users/kimsumin/projects/RGMC/calbration_data/robor06/overlays/0341_overlay.png,/Users/kimsumin/projects/RGMC/calbration_data/robor06/masks/0341_mask.png
342,0.3562499999999999,0.3125,435.72521739130434,193.4604003481288,1,0.0,0.0232368719191244,0.0480205991758774,1774674214.0381246,5,/Users/kimsumin/projects/RGMC/calibration_data/robot06/images/0342.png,/Users/kimsumin/projects/RGMC/calbration_data/robor06/overlays/0342_overlay.png,/Users/kimsumin/projects/RGMC/calbration_data/robor06/masks/0342_mask.png
343,0.3859375,0.3125,435.968992248062,206.30318690783807,1,0.0,0.0140155461558371,0.0280365080806178,1774674224.9401195,5,/Users/kimsumin/projects/RGMC/calibration_data/robot06/images/0343.png,/Users/kimsumin/projects/RGMC/calbration_data/robor06/overlays/0343_overlay.png,/Users/kimsumin/projects/RGMC/calbration_data/robor06/masks/0343_mask.png
344,0.4156249999999999,0.3125,436.21231043710975,219.7017857142857,1,0.0,0.1210438177037782,0.0416354750866653,1774674237.124604,5,/Users/kimsumin/projects/RGMC/calibration_data/robot06/images/0344.png,/Users/kimsumin/projects/RGMC/calbration_data/robor06/overlays/0344_overlay.png,/Users/kimsumin/projects/RGMC/calbration_data/robor06/masks/0344_mask.png
345,0.4453125,0.3125,436.4428822495606,232.65879265091863,1,0.0,0.050701221105428,0.0257622668929157,1774674247.1026428,5,/Users/kimsumin/projects/RGMC/calibration_data/robot06/images/0345.png,/Users/kimsumin/projects/RGMC/calbration_data/robor06/overlays/0345_overlay.png,/Users/kimsumin/projects/RGMC/calbration_data/robor06/masks/0345_mask.png
346,0.475,0.3125,436.8064236111111,245.79861111111111,1,0.0,0.0803262918939161,0.069109432480837,1774674256.8097885,5,/Users/kimsumin/projects/RGMC/calibration_data/robot06/images/0346.png,/Users/kimsumin/projects/RGMC/calbration_data/robor06/overlays/0346_overlay.png,/Users/kimsumin/projects/RGMC/calbration_data/robor06/masks/0346_mask.png
347,0.5046875,0.3125,436.46847635726795,259.68914185639227,1,0.0,0.243721132025563,0.0454463795515741,1774674266.8470418,5,/Users/kimsumin/projects/RGMC/calibration_data/robot06/images/0347.png,/Users/kimsumin/projects/RGMC/calbration_data/robor06/overlays/0347_overlay.png,/Users/kimsumin/projects/RGMC/calbration_data/robor06/masks/0347_mask.png
348,0.5343749999999999,0.3125,436.08778280542987,272.5882352941176,1,0.0,0.0721296910029194,0.1522449936629975,1774674276.6800668,5,/Users/kimsumin/projects/RGMC/calibration_data/robot06/images/0348.png,/Users/kimsumin/projects/RGMC/calbration_data/robor06/overlays/0348_overlay.png,/Users/kimsumin/projects/RGMC/calbration_data/robor06/masks/0348_mask.png
349,0.5640625,0.3125,436.1384892086331,285.7517985611511,1,0.0,0.0535323754035475,0.0614940072700864,1774674286.7358966,5,/Users/kimsumin/projects/RGMC/calibration_data/robot06/images/0349.png,/Users/kimsumin/projects/RGMC/calbration_data/robor06/overlays/0349_overlay.png,/Users/kimsumin/projects/RGMC/calbration_data/robor06/masks/0349_mask.png
350,0.59375,0.3125,437.0900981266726,299.4881266490765,1,0.0,0.046473604131947,0.0755023382414931,1774674297.052926,5,/Users/kimsumin/projects/RGMC/calibration_data/robot06/images/0350.png,/Users/kimsumin/projects/RGMC/calbration_data/robor06/overlays/0350_overlay.png,/Users/kimsumin/projects/RGMC/calbration_data/robor06/masks/0350_mask.png
351,0.6234375,0.3125,437.49911660777383,312.12722419928826,1,0.0,0.0790250841691378,0.082459768105393,1774674307.0041296,5,/Users/kimsumin/projects/RGMC/calibration_data/robot06/images/0351.png,/Users/kimsumin/projects/RGMC/calbration_data/robor06/overlays/0351_overlay.png,/Users/kimsumin/projects/RGMC/calbration_data/robor06/masks/0351_mask.png
352,0.653125,0.3125,437.3313559322034,325.0153452685422,1,0.0,0.0463637917851169,0.0589738332036132,1774674316.9654224,5,/Users/kimsumin/projects/RGMC/calibration_data/robot06/images/0352.png,/Users/kimsumin/projects/RGMC/calbration_data/robor06/overlays/0352_overlay.png,/Users/kimsumin/projects/RGMC/calbration_data/robor06/masks/0352_mask.png
353,0.6828124999999999,0.3125,437.76796536796536,338.1076388888889,1,0.0,0.0871988205416172,0.0263317287772492,1774674326.8508885,5,/Users/kimsumin/projects/RGMC/calibration_data/robot06/images/0353.png,/Users/kimsumin/projects/RGMC/calbration_data/robor06/overlays/0353_overlay.png,/Users/kimsumin/projects/RGMC/calbration_data/robor06/masks/0353_mask.png
354,0.7124999999999999,0.3125,438.45170454545456,351.09375,1,0.0,0.0492871139984121,0.038785694323945,1774674337.0264428,5,/Users/kimsumin/projects/RGMC/calibration_data/robot06/images/0354.png,/Users/kimsumin/projects/RGMC/calbration_data/robor06/overlays/0354_overlay.png,/Users/kimsumin/projects/RGMC/calbration_data/robor06/masks/0354_mask.png
355,0.7421875,0.3125,437.7793867120954,364.885860306644,1,0.0,0.3472658250064191,0.0703033640381964,1774674347.4373162,5,/Users/kimsumin/projects/RGMC/calibration_data/robot06/images/0355.png,/Users/kimsumin/projects/RGMC/calbration_data/robor06/overlays/0355_overlay.png,/Users/kimsumin/projects/RGMC/calbration_data/robor06/masks/0355_mask.png
356,0.771875,0.3125,438.8801762114538,377.65428824049513,1,0.0,0.0466232044897778,0.0686242515874719,1774674357.878357,5,/Users/kimsumin/projects/RGMC/calibration_data/robot06/images/0356.png,/Users/kimsumin/projects/RGMC/calbration_data/robor06/overlays/0356_overlay.png,/Users/kimsumin/projects/RGMC/calbration_data/robor06/masks/0356_mask.png
357,0.8015625,0.3125,438.7809187279152,390.1731107205624,1,0.0,0.3748329953547885,0.1101523022365444,1774674368.042735,5,/Users/kimsumin/projects/RGMC/calibration_data/robot06/images/0357.png,/Users/kimsumin/projects/RGMC/calbration_data/robor06/overlays/0357_overlay.png,/Users/kimsumin/projects/RGMC/calbration_data/robor06/masks/0357_mask.png
358,0.8312499999999999,0.3125,438.7744227353464,404.4064458370636,1,0.0,0.4027473788667562,0.0622290163643123,1774674378.4687674,5,/Users/kimsumin/projects/RGMC/calibration_data/robot06/images/0358.png,/Users/kimsumin/projects/RGMC/calbration_data/robor06/overlays/0358_overlay.png,/Users/kimsumin/projects/RGMC/calbration_data/robor06/masks/0358_mask.png
359,0.8609374999999999,0.3125,438.8410886742757,417.22085889570553,1,0.0,0.0075450636644319,0.0149948031863739,1774674388.6025417,5,/Users/kimsumin/projects/RGMC/calibration_data/robot06/images/0359.png,/Users/kimsumin/projects/RGMC/calbration_data/robor06/overlays/0359_overlay.png,/Users/kimsumin/projects/RGMC/calbration_data/robor06/masks/0359_mask.png
360,0.890625,0.3125,439.05061082024434,429.7790393013101,1,0.0,0.0164171911595037,0.0218616747088137,1774674398.4204948,5,/Users/kimsumin/projects/RGMC/calibration_data/robot06/images/0360.png,/Users/kimsumin/projects/RGMC/calbration_data/robor06/overlays/0360_overlay.png,/Users/kimsumin/projects/RGMC/calbration_data/robor06/masks/0360_mask.png
361,0.9203125,0.3125,439.0621761658031,442.83578219533274,1,0.0,0.0562548217192843,0.3975415785388436,1774674408.528895,5,/Users/kimsumin/projects/RGMC/calibration_data/robot06/images/0361.png,/Users/kimsumin/projects/RGMC/calbration_data/robor06/overlays/0361_overlay.png,/Users/kimsumin/projects/RGMC/calbration_data/robor06/masks/0361_mask.png
362,0.95,0.3125,439.4195612431444,455.73193046660566,1,0.0,0.0361223076394267,0.0172490014091521,1774674418.9172888,5,/Users/kimsumin/projects/RGMC/calibration_data/robot06/images/0362.png,/Users/kimsumin/projects/RGMC/calbration_data/robor06/overlays/0362_overlay.png,/Users/kimsumin/projects/RGMC/calbration_data/robor06/masks/0362_mask.png
363,0.95,0.34375,425.0661512027491,456.37467476149175,1,0.0,0.0341746899497311,0.0312814075553352,1774674429.7858536,5,/Users/kimsumin/projects/RGMC/calibration_data/robot06/images/0363.png,/Users/kimsumin/projects/RGMC/calbration_data/robor06/overlays/0363_overlay.png,/Users/kimsumin/projects/RGMC/calbration_data/robor06/masks/0363_mask.png
364,0.9203125,0.34375,424.56944444444446,443.6375661375661,1,0.0,0.2279515667725166,0.1278792594218394,1774674440.1134386,5,/Users/kimsumin/projects/RGMC/calibration_data/robot06/images/0364.png,/Users/kimsumin/projects/RGMC/calbration_data/robor06/overlays/0364_overlay.png,/Users/kimsumin/projects/RGMC/calbration_data/robor06/masks/0364_mask.png
365,0.890625,0.34375,423.94334763948495,430.04753673293,1,0.0,0.0292089204915899,0.0399063669689481,1774674450.687146,5,/Users/kimsumin/projects/RGMC/calibration_data/robot06/images/0365.png,/Users/kimsumin/projects/RGMC/calbration_data/robor06/overlays/0365_overlay.png,/Users/kimsumin/projects/RGMC/calbration_data/robor06/masks/0365_mask.png
366,0.8609374999999999,0.34375,423.678813559322,417.62203389830506,1,0.0,0.0365253328351274,0.0499692716845217,1774674461.506646,5,/Users/kimsumin/projects/RGMC/calibration_data/robot06/images/0366.png,/Users/kimsumin/projects/RGMC/calbration_data/robor06/overlays/0366_overlay.png,/Users/kimsumin/projects/RGMC/calbration_data/robor06/masks/0366_mask.png
367,0.8312499999999999,0.34375,424.1208981001727,404.5474764756202,1,0.0,0.0403208345530776,0.0611953433771095,1774674472.388545,5,/Users/kimsumin/projects/RGMC/calibration_data/robot06/images/0367.png,/Users/kimsumin/projects/RGMC/calbration_data/robor06/overlays/0367_overlay.png,/Users/kimsumin/projects/RGMC/calbration_data/robor06/masks/0367_mask.png
368,0.8015625,0.34375,423.9841688654354,391.3229927007299,1,0.0,0.0518871290162486,0.4320257336991148,1774674482.7251768,5,/Users/kimsumin/projects/RGMC/calibration_data/robot06/images/0368.png,/Users/kimsumin/projects/RGMC/calbration_data/robor06/overlays/0368_overlay.png,/Users/kimsumin/projects/RGMC/calbration_data/robor06/masks/0368_mask.png
369,0.771875,0.34375,423.8298611111111,377.84,1,0.0,0.0620239108102732,0.0394539172973102,1774674492.9504497,5,/Users/kimsumin/projects/RGMC/calibration_data/robot06/images/0369.png,/Users/kimsumin/projects/RGMC/calbration_data/robor06/overlays/0369_overlay.png,/Users/kimsumin/projects/RGMC/calbration_data/robor06/masks/0369_mask.png
370,0.7421875,0.34375,423.84017857142857,364.6911369740376,1,0.0,0.0449273259777774,0.0554301280504856,1774674503.133299,5,/Users/kimsumin/projects/RGMC/calibration_data/robot06/images/0370.png,/Users/kimsumin/projects/RGMC/calbration_data/robor06/overlays/0370_overlay.png,/Users/kimsumin/projects/RGMC/calbration_data/robor06/masks/0370_mask.png
371,0.7124999999999999,0.34375,423.6688014638609,351.7683923705722,1,0.0,0.0254420248329846,0.0481924709800887,1774674513.1244247,5,/Users/kimsumin/projects/RGMC/calibration_data/robot06/images/0371.png,/Users/kimsumin/projects/RGMC/calbration_data/robor06/overlays/0371_overlay.png,/Users/kimsumin/projects/RGMC/calbration_data/robor06/masks/0371_mask.png
372,0.6828124999999999,0.34375,423.6105550500455,338.9463148316652,1,0.0,0.0533501706035247,0.0513794225006866,1774674523.0389102,5,/Users/kimsumin/projects/RGMC/calibration_data/robot06/images/0372.png,/Users/kimsumin/projects/RGMC/calbration_data/robor06/overlays/0372_overlay.png,/Users/kimsumin/projects/RGMC/calbration_data/robor06/masks/0372_mask.png
373,0.653125,0.34375,423.7415329768271,325.4349376114082,1,0.0,0.0326435787645689,0.047950701807934,1774674533.5092497,5,/Users/kimsumin/projects/RGMC/calibration_data/robot06/images/0373.png,/Users/kimsumin/projects/RGMC/calbration_data/robor06/overlays/0373_overlay.png,/Users/kimsumin/projects/RGMC/calbration_data/robor06/masks/0373_mask.png
374,0.6234375,0.34375,423.8897777777778,312.5253333333333,1,0.0,0.037265776007138,0.029667085480992,1774674544.9680183,5,/Users/kimsumin/projects/RGMC/calibration_data/robot06/images/0374.png,/Users/kimsumin/projects/RGMC/calbration_data/robor06/overlays/0374_overlay.png,/Users/kimsumin/projects/RGMC/calbration_data/robor06/masks/0374_mask.png
375,0.59375,0.34375,423.41773308957954,299.62901744719926,1,0.0,0.0527683718040398,0.04766544099243,1774674555.209151,5,/Users/kimsumin/projects/RGMC/calibration_data/robot06/images/0375.png,/Users/kimsumin/projects/RGMC/calbration_data/robor06/overlays/0375_overlay.png,/Users/kimsumin/projects/RGMC/calbration_data/robor06/masks/0375_mask.png
376,0.5640625,0.34375,423.3050397877984,286.31160714285716,1,0.0,0.0355056505880652,0.280962102915742,1774674565.3138626,5,/Users/kimsumin/projects/RGMC/calibration_data/robot06/images/0376.png,/Users/kimsumin/projects/RGMC/calbration_data/robor06/overlays/0376_overlay.png,/Users/kimsumin/projects/RGMC/calbration_data/robor06/masks/0376_mask.png
377,0.5343749999999999,0.34375,423.1088929219601,273.2522686025408,1,0.0,0.0153178026603716,0.0139515599992785,1774674575.3752189,5,/Users/kimsumin/projects/RGMC/calibration_data/robot06/images/0377.png,/Users/kimsumin/projects/RGMC/calbration_data/robor06/overlays/0377_overlay.png,/Users/kimsumin/projects/RGMC/calbration_data/robor06/masks/0377_mask.png
378,0.5046875,0.34375,422.621895124195,259.9549218031279,1,0.0,0.0079265299409282,0.0065020149969501,1774674585.6231804,5,/Users/kimsumin/projects/RGMC/calibration_data/robot06/images/0378.png,/Users/kimsumin/projects/RGMC/calbration_data/robor06/overlays/0378_overlay.png,/Users/kimsumin/projects/RGMC/calbration_data/robor06/masks/0378_mask.png
379,0.475,0.34375,423.00179051029545,245.95495495495496,1,0.0,0.057822602751151,0.0270418813100293,1774674595.5577817,5,/Users/kimsumin/projects/RGMC/calibration_data/robot06/images/0379.png,/Users/kimsumin/projects/RGMC/calbration_data/robor06/overlays/0379_overlay.png,/Users/kimsumin/projects/RGMC/calbration_data/robor06/masks/0379_mask.png
380,0.4453125,0.34375,422.9323715058611,233.2099099099099,1,0.0,0.0485050006558364,0.1160543373666065,1774674605.4989088,5,/Users/kimsumin/projects/RGMC/calibration_data/robot06/images/0380.png,/Users/kimsumin/projects/RGMC/calbration_data/robor06/overlays/0380_overlay.png,/Users/kimsumin/projects/RGMC/calbration_data/robor06/masks/0380_mask.png
381,0.4156249999999999,0.34375,422.8960802187785,220.23792160437557,1,0.0,0.0165692089267826,0.0813312988495726,1774674615.531486,5,/Users/kimsumin/projects/RGMC/calibration_data/robot06/images/0381.png,/Users/kimsumin/projects/RGMC/calbration_data/robor06/overlays/0381_overlay.png,/Users/kimsumin/projects/RGMC/calbration_data/robor06/masks/0381_mask.png
382,0.3859375,0.34375,422.7056239015817,206.71744906997344,1,0.0,0.085155488091907,0.0353394089605869,1774674626.0100467,5,/Users/kimsumin/projects/RGMC/calibration_data/robot06/images/0382.png,/Users/kimsumin/projects/RGMC/calbration_data/robor06/overlays/0382_overlay.png,/Users/kimsumin/projects/RGMC/calbration_data/robor06/masks/0382_mask.png
383,0.3562499999999999,0.34375,422.75155279503105,193.52692998204668,1,0.0,0.0343578223376964,0.0238262578565167,1774674636.3367264,5,/Users/kimsumin/projects/RGMC/calibration_data/robot06/images/0383.png,/Users/kimsumin/projects/RGMC/calbration_data/robor06/overlays/0383_overlay.png,/Users/kimsumin/projects/RGMC/calbration_data/robor06/masks/0383_mask.png
384,0.3265625,0.34375,422.6005385996409,181.1157989228007,1,0.0,0.0248068342410788,0.0263717096259773,1774674646.584767,5,/Users/kimsumin/projects/RGMC/calibration_data/robot06/images/0384.png,/Users/kimsumin/projects/RGMC/calbration_data/robor06/overlays/0384_overlay.png,/Users/kimsumin/projects/RGMC/calbration_data/robor06/masks/0384_mask.png
385,0.296875,0.34375,421.8325952170062,167.75199291408325,1,0.0,0.0460454226622046,0.0392730150047863,1774674656.5816467,5,/Users/kimsumin/projects/RGMC/calibration_data/robot06/images/0385.png,/Users/kimsumin/projects/RGMC/calbration_data/robor06/overlays/0385_overlay.png,/Users/kimsumin/projects/RGMC/calbration_data/robor06/masks/0385_mask.png
386,0.2671874999999999,0.34375,421.21039396479466,154.29205020920503,1,0.0,0.0626697960756683,0.3404013682628372,1774674666.5239203,5,/Users/kimsumin/projects/RGMC/calibration_data/robot06/images/0386.png,/Users/kimsumin/projects/RGMC/calbration_data/robor06/overlays/0386_overlay.png,/Users/kimsumin/projects/RGMC/calbration_data/robor06/masks/0386_mask.png
387,0.2375,0.34375,421.2039249146758,141.36255319148935,1,0.0,0.0897784763939322,0.0424093857463358,1774674676.6574328,5,/Users/kimsumin/projects/RGMC/calibration_data/robot06/images/0387.png,/Users/kimsumin/projects/RGMC/calbration_data/robor06/overlays/0387_overlay.png,/Users/kimsumin/projects/RGMC/calbration_data/robor06/masks/0387_mask.png
388,0.2078124999999999,0.34375,421.3613518197574,128.45147313691507,1,0.0,0.0784880849255502,0.0324157637492458,1774674686.7154088,5,/Users/kimsumin/projects/RGMC/calibration_data/robot06/images/0388.png,/Users/kimsumin/projects/RGMC/calbration_data/robor06/overlays/0388_overlay.png,/Users/kimsumin/projects/RGMC/calbration_data/robor06/masks/0388_mask.png
389,0.1781249999999999,0.34375,421.3898012100259,115.3552290406223,1,0.0,0.0436870564842467,0.0406776221654127,1774674697.7046978,5,/Users/kimsumin/projects/RGMC/calibration_data/robot06/images/0389.png,/Users/kimsumin/projects/RGMC/calbration_data/robor06/overlays/0389_overlay.png,/Users/kimsumin/projects/RGMC/calbration_data/robor06/masks/0389_mask.png
390,0.1484375,0.34375,421.53756260434056,101.8932443703086,1,0.0,0.3594953105353702,0.0362279432833529,1774674708.201701,5,/Users/kimsumin/projects/RGMC/calibration_data/robot06/images/0390.png,/Users/kimsumin/projects/RGMC/calbration_data/robor06/overlays/0390_overlay.png,/Users/kimsumin/projects/RGMC/calbration_data/robor06/masks/0390_mask.png
391,0.11875,0.34375,421.8820598006645,89.06588824020017,1,0.0,0.0988495829313688,0.0385938555215478,1774674720.6151223,5,/Users/kimsumin/projects/RGMC/calibration_data/robot06/images/0391.png,/Users/kimsumin/projects/RGMC/calbration_data/robor06/overlays/0391_overlay.png,/Users/kimsumin/projects/RGMC/calbration_data/robor06/masks/0391_mask.png
392,0.0890624999999999,0.34375,421.2403361344538,76.11373209772536,1,0.0,0.0734236178772107,0.0802632489867365,1774674731.0523314,5,/Users/kimsumin/projects/RGMC/calibration_data/robot06/images/0392.png,/Users/kimsumin/projects/RGMC/calbration_data/robor06/overlays/0392_overlay.png,/Users/kimsumin/projects/RGMC/calbration_data/robor06/masks/0392_mask.png
393,0.059375,0.34375,421.2798353909465,62.2376409366869,1,0.0,0.5294736239934525,0.0518450456718508,1774674741.577598,5,/Users/kimsumin/projects/RGMC/calibration_data/robot06/images/0393.png,/Users/kimsumin/projects/RGMC/calbration_data/robor06/overlays/0393_overlay.png,/Users/kimsumin/projects/RGMC/calbration_data/robor06/masks/0393_mask.png
394,0.0296875,0.34375,421.0477759472817,49.72075782537067,1,0.0,0.0694525807677318,0.0404004674939072,1774674752.847052,5,/Users/kimsumin/projects/RGMC/calibration_data/robot06/images/0394.png,/Users/kimsumin/projects/RGMC/calbration_data/robor06/overlays/0394_overlay.png,/Users/kimsumin/projects/RGMC/calbration_data/robor06/masks/0394_mask.png
395,0.0,0.34375,420.8631402183039,36.40756302521008,1,0.0,0.0284493032946933,0.107944124237916,1774674764.8611956,5,/Users/kimsumin/projects/RGMC/calibration_data/robot06/images/0395.png,/Users/kimsumin/projects/RGMC/calbration_data/robor06/overlays/0395_overlay.png,/Users/kimsumin/projects/RGMC/calbration_data/robor06/masks/0395_mask.png
396,0.0,0.375,407.2082239720035,36.29790940766551,1,0.0,0.0506911717872402,0.1190907519336966,1774674775.387388,5,/Users/kimsumin/projects/RGMC/calibration_data/robot06/images/0396.png,/Users/kimsumin/projects/RGMC/calbration_data/robor06/overlays/0396_overlay.png,/Users/kimsumin/projects/RGMC/calbration_data/robor06/masks/0396_mask.png
397,0.0296875,0.375,407.315188762072,49.19055944055944,1,0.0,0.0272365016084833,0.1142989826425212,1774674786.9691594,5,/Users/kimsumin/projects/RGMC/calibration_data/robot06/images/0397.png,/Users/kimsumin/projects/RGMC/calbration_data/robor06/overlays/0397_overlay.png,/Users/kimsumin/projects/RGMC/calbration_data/robor06/masks/0397_mask.png
398,0.059375,0.375,407.2626689189189,62.18436703483432,1,0.0,0.0581474528022588,0.0800113647540809,1774674797.1797278,5,/Users/kimsumin/projects/RGMC/calibration_data/robot06/images/0398.png,/Users/kimsumin/projects/RGMC/calbration_data/robor06/overlays/0398_overlay.png,/Users/kimsumin/projects/RGMC/calbration_data/robor06/masks/0398_mask.png
399,0.0890624999999999,0.375,407.25746924428825,75.7928007023705,1,0.0,0.042927394497148,0.0522642212197117,1774674807.3440554,5,/Users/kimsumin/projects/RGMC/calibration_data/robot06/images/0399.png,/Users/kimsumin/projects/RGMC/calbration_data/robor06/overlays/0399_overlay.png,/Users/kimsumin/projects/RGMC/calbration_data/robor06/masks/0399_mask.png
400,0.11875,0.375,407.57725694444446,88.95113438045375,1,0.0,0.0356272685611134,0.027901731943782,1774674817.37646,5,/Users/kimsumin/projects/RGMC/calibration_data/robot06/images/0400.png,/Users/kimsumin/projects/RGMC/calbration_data/robor06/overlays/0400_overlay.png,/Users/kimsumin/projects/RGMC/calbration_data/robor06/masks/0400_mask.png
401,0.1484375,0.375,407.65384615384613,101.59652173913044,1,0.0,0.0315080122682771,0.0309468033229106,1774674827.5932612,5,/Users/kimsumin/projects/RGMC/calibration_data/robot06/images/0401.png,/Users/kimsumin/projects/RGMC/calbration_data/robor06/overlays/0401_overlay.png,/Users/kimsumin/projects/RGMC/calbration_data/robor06/masks/0401_mask.png
402,0.1781249999999999,0.375,407.36672629695886,115.053428317008,1,0.0,0.0314056774242688,0.0467012434565981,1774674838.2428195,5,/Users/kimsumin/projects/RGMC/calibration_data/robot06/images/0402.png,/Users/kimsumin/projects/RGMC/calbration_data/robor06/overlays/0402_overlay.png,/Users/kimsumin/projects/RGMC/calbration_data/robor06/masks/0402_mask.png
403,0.2078124999999999,0.375,407.4278169014085,128.12223206377325,1,0.0,0.0343013648107699,0.0664611137070748,1774674848.4025462,5,/Users/kimsumin/projects/RGMC/calibration_data/robot06/images/0403.png,/Users/kimsumin/projects/RGMC/calbration_data/robor06/overlays/0403_overlay.png,/Users/kimsumin/projects/RGMC/calbration_data/robor06/masks/0403_mask.png
404,0.2375,0.375,407.4483058210252,140.755864465682,1,0.0,0.0573638620867868,0.0438621097321587,1774674858.559908,5,/Users/kimsumin/projects/RGMC/calibration_data/robot06/images/0404.png,/Users/kimsumin/projects/RGMC/calbration_data/robor06/overlays/0404_overlay.png,/Users/kimsumin/projects/RGMC/calbration_data/robor06/masks/0404_mask.png
405,0.2671874999999999,0.375,407.6193548387097,154.56129032258065,1,0.0,0.0471593836589001,0.0729510004585293,1774674869.331955,5,/Users/kimsumin/projects/RGMC/calibration_data/robot06/images/0405.png,/Users/kimsumin/projects/RGMC/calbration_data/robor06/overlays/0405_overlay.png,/Users/kimsumin/projects/RGMC/calbration_data/robor06/masks/0405_mask.png
406,0.296875,0.375,407.5064338235294,167.253663003663,1,0.0,0.0385392991319228,0.0595319180573302,1774674879.5079591,5,/Users/kimsumin/projects/RGMC/calibration_data/robot06/images/0406.png,/Users/kimsumin/projects/RGMC/calbration_data/robor06/overlays/0406_overlay.png,/Users/kimsumin/projects/RGMC/calbration_data/robor06/masks/0406_mask.png
407,0.3265625,0.375,407.4577338129496,179.89766606822263,1,0.0,0.046635105426206,0.047510263379285,1774674889.4754677,5,/Users/kimsumin/projects/RGMC/calibration_data/robot06/images/0407.png,/Users/kimsumin/projects/RGMC/calbration_data/robor06/overlays/0407_overlay.png,/Users/kimsumin/projects/RGMC/calbration_data/robor06/masks/0407_mask.png
408,0.3562499999999999,0.375,407.826164874552,193.22043010752688,1,0.0,0.0295243044136878,0.049932647064611,1774674899.280437,5,/Users/kimsumin/projects/RGMC/calibration_data/robot06/images/0408.png,/Users/kimsumin/projects/RGMC/calbration_data/robor06/overlays/0408_overlay.png,/Users/kimsumin/projects/RGMC/calbration_data/robor06/masks/0408_mask.png
409,0.3859375,0.375,407.84294587400177,206.131322094055,1,0.0,0.0207654692483078,0.056080077839999,1774674909.1173065,5,/Users/kimsumin/projects/RGMC/calibration_data/robot06/images/0409.png,/Users/kimsumin/projects/RGMC/calbration_data/robor06/overlays/0409_overlay.png,/Users/kimsumin/projects/RGMC/calbration_data/robor06/masks/0409_mask.png
410,0.4156249999999999,0.375,408.087962962963,219.4459962756052,1,0.0,0.0431683550901026,0.0163603128981676,1774674919.954643,5,/Users/kimsumin/projects/RGMC/calibration_data/robot06/images/0410.png,/Users/kimsumin/projects/RGMC/calbration_data/robor06/overlays/0410_overlay.png,/Users/kimsumin/projects/RGMC/calbration_data/robor06/masks/0410_mask.png
411,0.4453125,0.375,408.2023701002734,232.51967063129004,1,0.0,0.0137983610000672,0.0536267870387059,1774674930.0194235,5,/Users/kimsumin/projects/RGMC/calibration_data/robot06/images/0411.png,/Users/kimsumin/projects/RGMC/calbration_data/robor06/overlays/0411_overlay.png,/Users/kimsumin/projects/RGMC/calbration_data/robor06/masks/0411_mask.png
412,0.475,0.375,408.3857271906052,245.97527472527472,1,0.0,0.0271636753049896,0.3510185995906746,1774674940.1306834,5,/Users/kimsumin/projects/RGMC/calibration_data/robot06/images/0412.png,/Users/kimsumin/projects/RGMC/calbration_data/robor06/overlays/0412_overlay.png,/Users/kimsumin/projects/RGMC/calbration_data/robor06/masks/0412_mask.png
413,0.5046875,0.375,407.917439703154,259.5221811460259,1,0.0,0.0566893807964782,0.0392180101335746,1774674950.6802816,5,/Users/kimsumin/projects/RGMC/calibration_data/robot06/images/0413.png,/Users/kimsumin/projects/RGMC/calbration_data/robor06/overlays/0413_overlay.png,/Users/kimsumin/projects/RGMC/calbration_data/robor06/masks/0413_mask.png
414,0.5343749999999999,0.375,408.1914700544465,272.6460980036298,1,0.0,0.0359470715258774,0.0308835882938226,1774674961.127348,5,/Users/kimsumin/projects/RGMC/calibration_data/robot06/images/0414.png,/Users/kimsumin/projects/RGMC/calbration_data/robor06/overlays/0414_overlay.png,/Users/kimsumin/projects/RGMC/calbration_data/robor06/masks/0414_mask.png
415,0.5640625,0.375,408.9292576419214,285.89082969432314,1,0.0,0.0836808795078363,0.0344049399534111,1774674971.3859332,5,/Users/kimsumin/projects/RGMC/calibration_data/robot06/images/0415.png,/Users/kimsumin/projects/RGMC/calbration_data/robor06/overlays/0415_overlay.png,/Users/kimsumin/projects/RGMC/calbration_data/robor06/masks/0415_mask.png
416,0.59375,0.375,409.25273722627736,299.26349496797803,1,0.0,0.024798545220038,0.0436488802317103,1774674981.415079,5,/Users/kimsumin/projects/RGMC/calibration_data/robot06/images/0416.png,/Users/kimsumin/projects/RGMC/calbration_data/robor06/overlays/0416_overlay.png,/Users/kimsumin/projects/RGMC/calbration_data/robor06/masks/0416_mask.png
417,0.6234375,0.375,409.3768755516329,312.2136524822695,1,0.0,0.059689975682452,0.0568284678325589,1774674991.2609646,5,/Users/kimsumin/projects/RGMC/calibration_data/robot06/images/0417.png,/Users/kimsumin/projects/RGMC/calbration_data/robor06/overlays/0417_overlay.png,/Users/kimsumin/projects/RGMC/calbration_data/robor06/masks/0417_mask.png
418,0.653125,0.375,409.52595155709344,325.2940156114484,1,0.0,0.0514086221778452,0.0303582826689207,1774675002.809841,5,/Users/kimsumin/projects/RGMC/calibration_data/robot06/images/0418.png,/Users/kimsumin/projects/RGMC/calbration_data/robor06/overlays/0418_overlay.png,/Users/kimsumin/projects/RGMC/calbration_data/robor06/masks/0418_mask.png
419,0.6828124999999999,0.375,409.6448184233835,338.07174490699737,1,0.0,0.3711992831408631,0.0320003386391386,1774675014.8549132,5,/Users/kimsumin/projects/RGMC/calibration_data/robot06/images/0419.png,/Users/kimsumin/projects/RGMC/calbration_data/robor06/overlays/0419_overlay.png,/Users/kimsumin/projects/RGMC/calbration_data/robor06/masks/0419_mask.png
420,0.7124999999999999,0.375,409.193315266486,351.61814914645106,1,0.0,0.0685642711691178,0.0411672477456049,1774675025.046186,5,/Users/kimsumin/projects/RGMC/calibration_data/robot06/images/0420.png,/Users/kimsumin/projects/RGMC/calbration_data/robor06/overlays/0420_overlay.png,/Users/kimsumin/projects/RGMC/calbration_data/robor06/masks/0420_mask.png
421,0.7421875,0.375,409.5064822817632,364.6129310344827,1,0.0,0.0437875911443876,0.043471339854451,1774675035.666964,5,/Users/kimsumin/projects/RGMC/calibration_data/robot06/images/0421.png,/Users/kimsumin/projects/RGMC/calbration_data/robor06/overlays/0421_overlay.png,/Users/kimsumin/projects/RGMC/calbration_data/robor06/masks/0421_mask.png
422,0.771875,0.375,409.62645590682195,377.6532663316583,1,0.0,0.0870543452662355,0.0542739092749538,1774675045.943533,5,/Users/kimsumin/projects/RGMC/calibration_data/robot06/images/0422.png,/Users/kimsumin/projects/RGMC/calbration_data/robor06/overlays/0422_overlay.png,/Users/kimsumin/projects/RGMC/calbration_data/robor06/masks/0422_mask.png
423,0.8015625,0.375,409.8975650713686,390.5459866220736,1,0.0,0.0449351156088638,0.0432478133423776,1774675059.0332348,5,/Users/kimsumin/projects/RGMC/calibration_data/robot06/images/0423.png,/Users/kimsumin/projects/RGMC/calbration_data/robor06/overlays/0423_overlay.png,/Users/kimsumin/projects/RGMC/calbration_data/robor06/masks/0423_mask.png
424,0.8312499999999999,0.375,410.2529711375212,404.33788395904435,1,0.0,0.1028935727955654,0.0482441702961771,1774675069.9989026,5,/Users/kimsumin/projects/RGMC/calibration_data/robot06/images/0424.png,/Users/kimsumin/projects/RGMC/calbration_data/robor06/overlays/0424_overlay.png,/Users/kimsumin/projects/RGMC/calbration_data/robor06/masks/0424_mask.png
425,0.8609374999999999,0.375,409.7024106400665,417.2647793505412,1,0.0,0.0239849392337687,0.0228177137483658,1774675079.9201217,5,/Users/kimsumin/projects/RGMC/calibration_data/robot06/images/0425.png,/Users/kimsumin/projects/RGMC/calbration_data/robor06/overlays/0425_overlay.png,/Users/kimsumin/projects/RGMC/calbration_data/robor06/masks/0425_mask.png
426,0.890625,0.375,409.95823095823096,430.2172470978441,1,0.0,0.059383261555231,0.0455374016998015,1774675090.0660453,5,/Users/kimsumin/projects/RGMC/calibration_data/robot06/images/0426.png,/Users/kimsumin/projects/RGMC/calbration_data/robor06/overlays/0426_overlay.png,/Users/kimsumin/projects/RGMC/calbration_data/robor06/masks/0426_mask.png
427,0.9203125,0.375,410.1668056713928,442.66583333333335,1,0.0,0.0339367008680669,0.0371397930577139,1774675100.801429,5,/Users/kimsumin/projects/RGMC/calibration_data/robot06/images/0427.png,/Users/kimsumin/projects/RGMC/calbration_data/robor06/overlays/0427_overlay.png,/Users/kimsumin/projects/RGMC/calbration_data/robor06/masks/0427_mask.png
428,0.95,0.375,410.10110450297367,456.09351305812976,1,0.0,0.0860853632307647,0.0525204776856277,1774675110.7482328,5,/Users/kimsumin/projects/RGMC/calibration_data/robot06/images/0428.png,/Users/kimsumin/projects/RGMC/calbration_data/robor06/overlays/0428_overlay.png,/Users/kimsumin/projects/RGMC/calbration_data/robor06/masks/0428_mask.png
429,0.95,0.40625,397.06810344827585,455.88189655172414,1,0.0,0.0664191178581927,0.0715436688087293,1774675120.7612648,5,/Users/kimsumin/projects/RGMC/calibration_data/robot06/images/0429.png,/Users/kimsumin/projects/RGMC/calbration_data/robor06/overlays/0429_overlay.png,/Users/kimsumin/projects/RGMC/calbration_data/robor06/masks/0429_mask.png
430,0.9203125,0.40625,396.5043252595155,443.36017316017313,1,0.0,0.0536209243740833,0.4135689462296842,1774675131.107448,5,/Users/kimsumin/projects/RGMC/calibration_data/robot06/images/0430.png,/Users/kimsumin/projects/RGMC/calbration_data/robor06/overlays/0430_overlay.png,/Users/kimsumin/projects/RGMC/calbration_data/robor06/masks/0430_mask.png
431,0.890625,0.40625,396.5750636132316,429.9626802374894,1,0.0,0.0327241197464578,0.0538038816856004,1774675141.1669652,5,/Users/kimsumin/projects/RGMC/calibration_data/robot06/images/0431.png,/Users/kimsumin/projects/RGMC/calbration_data/robor06/overlays/0431_overlay.png,/Users/kimsumin/projects/RGMC/calbration_data/robor06/masks/0431_mask.png
432,0.8609374999999999,0.40625,396.6101556101556,417.7522485690924,1,0.0,0.0690556634090827,0.0416608854572099,1774675151.9262004,5,/Users/kimsumin/projects/RGMC/calibration_data/robot06/images/0432.png,/Users/kimsumin/projects/RGMC/calbration_data/robor06/overlays/0432_overlay.png,/Users/kimsumin/projects/RGMC/calbration_data/robor06/masks/0432_mask.png
433,0.8312499999999999,0.40625,396.3908934707904,404.60877042132415,1,0.0,0.1375741994290433,0.0525451745874118,1774675162.1118672,5,/Users/kimsumin/projects/RGMC/calibration_data/robot06/images/0433.png,/Users/kimsumin/projects/RGMC/calbration_data/robor06/overlays/0433_overlay.png,/Users/kimsumin/projects/RGMC/calbration_data/robor06/masks/0433_mask.png
434,0.8015625,0.40625,395.844003606853,391.3688007213706,1,0.0,0.0218335274599894,0.0183981393348657,1774675174.033404,5,/Users/kimsumin/projects/RGMC/calibration_data/robot06/images/0434.png,/Users/kimsumin/projects/RGMC/calbration_data/robor06/overlays/0434_overlay.png,/Users/kimsumin/projects/RGMC/calbration_data/robor06/masks/0434_mask.png
435,0.771875,0.40625,395.70444638186575,378.2029234737747,1,0.0,0.2567283332984901,0.0878045569178247,1774675184.3741212,5,/Users/kimsumin/projects/RGMC/calibration_data/robot06/images/0435.png,/Users/kimsumin/projects/RGMC/calbration_data/robor06/overlays/0435_overlay.png,/Users/kimsumin/projects/RGMC/calbration_data/robor06/masks/0435_mask.png
436,0.7421875,0.40625,395.9164467897977,364.9798068481124,1,0.0,0.0107778084174915,0.0304903680314597,1774675195.00885,5,/Users/kimsumin/projects/RGMC/calibration_data/robot06/images/0436.png,/Users/kimsumin/projects/RGMC/calbration_data/robor06/overlays/0436_overlay.png,/Users/kimsumin/projects/RGMC/calbration_data/robor06/masks/0436_mask.png
437,0.7124999999999999,0.40625,395.526268115942,351.8722826086956,1,0.0,0.0155301180193436,0.0116060116727358,1774675205.369558,5,/Users/kimsumin/projects/RGMC/calibration_data/robot06/images/0437.png,/Users/kimsumin/projects/RGMC/calbration_data/robor06/overlays/0437_overlay.png,/Users/kimsumin/projects/RGMC/calbration_data/robor06/masks/0437_mask.png
438,0.6828124999999999,0.40625,395.76681222707424,338.7194055944056,1,0.0,0.0535189362768428,0.0489409100309442,1774675215.798155,5,/Users/kimsumin/projects/RGMC/calibration_data/robot06/images/0438.png,/Users/kimsumin/projects/RGMC/calbration_data/robor06/overlays/0438_overlay.png,/Users/kimsumin/projects/RGMC/calbration_data/robor06/masks/0438_mask.png
439,0.653125,0.40625,395.7116237799467,325.40427426536064,1,0.0,0.055964008036233,0.0563311775581156,1774675226.2693396,5,/Users/kimsumin/projects/RGMC/calibration_data/robot06/images/0439.png,/Users/kimsumin/projects/RGMC/calbration_data/robor06/overlays/0439_overlay.png,/Users/kimsumin/projects/RGMC/calbration_data/robor06/masks/0439_mask.png
440,0.6234375,0.40625,395.5040797824116,312.50045330915685,1,0.0,0.0447939727291421,0.1010662875098358,1774675236.6839786,5,/Users/kimsumin/projects/RGMC/calibration_data/robot06/images/0440.png,/Users/kimsumin/projects/RGMC/calbration_data/robor06/overlays/0440_overlay.png,/Users/kimsumin/projects/RGMC/calbration_data/robor06/masks/0440_mask.png
441,0.59375,0.40625,395.48758049678014,299.59742647058823,1,0.0,0.0592625432799614,0.0428901246100056,1774675247.3511748,5,/Users/kimsumin/projects/RGMC/calibration_data/robot06/images/0441.png,/Users/kimsumin/projects/RGMC/calbration_data/robor06/overlays/0441_overlay.png,/Users/kimsumin/projects/RGMC/calbration_data/robor06/masks/0441_mask.png
442,0.5640625,0.40625,395.3021390374331,286.18165627782724,1,0.0,0.0432846427632292,0.024930910863753,1774675259.9259715,5,/Users/kimsumin/projects/RGMC/calibration_data/robot06/images/0442.png,/Users/kimsumin/projects/RGMC/calbration_data/robor06/overlays/0442_overlay.png,/Users/kimsumin/projects/RGMC/calbration_data/robor06/masks/0442_mask.png
443,0.5343749999999999,0.40625,395.2106690777577,273.245931283906,1,0.0,0.0575035886773644,0.0750991748055867,1774675272.34363,5,/Users/kimsumin/projects/RGMC/calibration_data/robot06/images/0443.png,/Users/kimsumin/projects/RGMC/calbration_data/robor06/overlays/0443_overlay.png,/Users/kimsumin/projects/RGMC/calbration_data/robor06/masks/0443_mask.png
444,0.5046875,0.40625,395.0299065420561,259.7362534948742,1,0.0,0.0643756516844964,0.0472236302345137,1774675282.5915675,5,/Users/kimsumin/projects/RGMC/calibration_data/robot06/images/0444.png,/Users/kimsumin/projects/RGMC/calbration_data/robor06/overlays/0444_overlay.png,/Users/kimsumin/projects/RGMC/calbration_data/robor06/masks/0444_mask.png
445,0.475,0.40625,395.0108108108108,246.10117434507677,1,0.0,0.0283983545481326,0.0716635159584992,1774675293.1173308,5,/Users/kimsumin/projects/RGMC/calibration_data/robot06/images/0445.png,/Users/kimsumin/projects/RGMC/calbration_data/robor06/overlays/0445_overlay.png,/Users/kimsumin/projects/RGMC/calbration_data/robor06/masks/0445_mask.png
446,0.4453125,0.40625,394.875799086758,233.2131747483989,1,0.0,0.0127516496551735,0.0270982757879214,1774675303.243484,5,/Users/kimsumin/projects/RGMC/calibration_data/robot06/images/0446.png,/Users/kimsumin/projects/RGMC/calbration_data/robor06/overlays/0446_overlay.png,/Users/kimsumin/projects/RGMC/calbration_data/robor06/masks/0446_mask.png
447,0.4156249999999999,0.40625,394.9312617702448,219.7290686735654,1,0.0,0.0265778209174621,0.0205879566604723,1774675314.4525666,5,/Users/kimsumin/projects/RGMC/calibration_data/robot06/images/0447.png,/Users/kimsumin/projects/RGMC/calbration_data/robor06/overlays/0447_overlay.png,/Users/kimsumin/projects/RGMC/calbration_data/robor06/masks/0447_mask.png
448,0.3859375,0.40625,394.8209219858156,206.38824577025824,1,0.0,0.0349882892634161,0.1043134857612079,1774675324.8217263,5,/Users/kimsumin/projects/RGMC/calibration_data/robot06/images/0448.png,/Users/kimsumin/projects/RGMC/calbration_data/robor06/overlays/0448_overlay.png,/Users/kimsumin/projects/RGMC/calbration_data/robor06/masks/0448_mask.png
449,0.3562499999999999,0.40625,394.7617753623188,193.43873873873875,1,0.0,0.0209836250949358,0.0261411689331798,1774675335.011213,5,/Users/kimsumin/projects/RGMC/calibration_data/robot06/images/0449.png,/Users/kimsumin/projects/RGMC/calbration_data/robor06/overlays/0449_overlay.png,/Users/kimsumin/projects/RGMC/calbration_data/robor06/masks/0449_mask.png
450,0.3265625,0.40625,394.07596067917785,180.32286212914485,1,0.0,0.1107445225493452,0.0931331337394377,1774675345.5338385,5,/Users/kimsumin/projects/RGMC/calibration_data/robot06/images/0450.png,/Users/kimsumin/projects/RGMC/calbration_data/robor06/overlays/0450_overlay.png,/Users/kimsumin/projects/RGMC/calbration_data/robor06/masks/0450_mask.png
451,0.296875,0.40625,394.5109289617486,167.586301369863,1,0.0,0.0281412725653263,0.1035777014759797,1774675355.9101875,5,/Users/kimsumin/projects/RGMC/calibration_data/robot06/images/0451.png,/Users/kimsumin/projects/RGMC/calbration_data/robor06/overlays/0451_overlay.png,/Users/kimsumin/projects/RGMC/calbration_data/robor06/masks/0451_mask.png
452,0.2671874999999999,0.40625,393.63434163701066,154.84294587400177,1,0.0,0.0446547766042789,0.0241564685765978,1774675366.522052,5,/Users/kimsumin/projects/RGMC/calibration_data/robot06/images/0452.png,/Users/kimsumin/projects/RGMC/calbration_data/robor06/overlays/0452_overlay.png,/Users/kimsumin/projects/RGMC/calbration_data/robor06/masks/0452_mask.png
453,0.2375,0.40625,393.3859649122807,141.54058577405857,1,0.0,0.0387995242166668,0.0547097811861583,1774675376.9968548,5,/Users/kimsumin/projects/RGMC/calibration_data/robot06/images/0453.png,/Users/kimsumin/projects/RGMC/calbration_data/robor06/overlays/0453_overlay.png,/Users/kimsumin/projects/RGMC/calbration_data/robor06/masks/0453_mask.png
454,0.2078124999999999,0.40625,393.1461342395922,128.47408666100256,1,0.0,0.0762396974575026,0.0446950190946417,1774675389.5609083,5,/Users/kimsumin/projects/RGMC/calibration_data/robot06/images/0454.png,/Users/kimsumin/projects/RGMC/calbration_data/robor06/overlays/0454_overlay.png,/Users/kimsumin/projects/RGMC/calbration_data/robor06/masks/0454_mask.png
455,0.1781249999999999,0.40625,393.3000859845228,115.62510748065348,1,0.0,0.0505362484317937,0.0905056888786671,1774675401.4458375,5,/Users/kimsumin/projects/RGMC/calibration_data/robot06/images/0455.png,/Users/kimsumin/projects/RGMC/calbration_data/robor06/overlays/0455_overlay.png,/Users/kimsumin/projects/RGMC/calbration_data/robor06/masks/0455_mask.png
456,0.1484375,0.40625,393.6784539473685,102.17269736842104,1,0.0,0.0214652170268583,0.0101762668321847,1774675411.599878,5,/Users/kimsumin/projects/RGMC/calibration_data/robot06/images/0456.png,/Users/kimsumin/projects/RGMC/calbration_data/robor06/overlays/0456_overlay.png,/Users/kimsumin/projects/RGMC/calbration_data/robor06/masks/0456_mask.png
457,0.11875,0.40625,393.1753635585971,89.37724550898204,1,0.0,0.0619916474531363,0.0597060065573704,1774675422.1710894,5,/Users/kimsumin/projects/RGMC/calibration_data/robot06/images/0457.png,/Users/kimsumin/projects/RGMC/calbration_data/robor06/overlays/0457_overlay.png,/Users/kimsumin/projects/RGMC/calbration_data/robor06/masks/0457_mask.png
458,0.0890624999999999,0.40625,393.0008410428932,75.82912457912458,1,0.0,0.1188097466693278,0.10308319469718,1774675432.5720842,5,/Users/kimsumin/projects/RGMC/calibration_data/robot06/images/0458.png,/Users/kimsumin/projects/RGMC/calbration_data/robor06/overlays/0458_overlay.png,/Users/kimsumin/projects/RGMC/calbration_data/robor06/masks/0458_mask.png
459,0.059375,0.40625,393.1413484971568,62.34934853420195,1,0.0,0.0342431821315208,0.031923103169216,1774675442.8214147,5,/Users/kimsumin/projects/RGMC/calibration_data/robot06/images/0459.png,/Users/kimsumin/projects/RGMC/calbration_data/robor06/overlays/0459_overlay.png,/Users/kimsumin/projects/RGMC/calbration_data/robor06/masks/0459_mask.png
460,0.0296875,0.40625,392.6652719665272,49.795,1,0.0,0.0848013996178361,0.0561567942880432,1774675453.1629589,5,/Users/kimsumin/projects/RGMC/calibration_data/robot06/images/0460.png,/Users/kimsumin/projects/RGMC/calbration_data/robor06/overlays/0460_overlay.png,/Users/kimsumin/projects/RGMC/calbration_data/robor06/masks/0460_mask.png
461,0.0,0.40625,392.6339130434783,36.75064267352185,1,0.0,0.0633308189941301,0.1030804378635303,1774675463.280929,5,/Users/kimsumin/projects/RGMC/calibration_data/robot06/images/0461.png,/Users/kimsumin/projects/RGMC/calbration_data/robor06/overlays/0461_overlay.png,/Users/kimsumin/projects/RGMC/calbration_data/robor06/masks/0461_mask.png
462,0.0,0.4375,378.37954353338966,36.60016977928693,1,0.0,0.0723963295089688,0.0326508359938674,1774675473.2259643,5,/Users/kimsumin/projects/RGMC/calibration_data/robot06/images/0462.png,/Users/kimsumin/projects/RGMC/calbration_data/robor06/overlays/0462_overlay.png,/Users/kimsumin/projects/RGMC/calbration_data/robor06/masks/0462_mask.png
463,0.0296875,0.4375,378.3841059602649,49.23651452282158,1,0.0,0.0317665649414456,0.0350209910881618,1774675483.5680175,5,/Users/kimsumin/projects/RGMC/calibration_data/robot06/images/0463.png,/Users/kimsumin/projects/RGMC/calbration_data/robor06/overlays/0463_overlay.png,/Users/kimsumin/projects/RGMC/calbration_data/robor06/masks/0463_mask.png
464,0.059375,0.4375,378.312908496732,61.96661237785016,1,0.0,0.0085017349169517,0.0219779155600518,1774675493.9274223,5,/Users/kimsumin/projects/RGMC/calibration_data/robot06/images/0464.png,/Users/kimsumin/projects/RGMC/calbration_data/robor06/overlays/0464_overlay.png,/Users/kimsumin/projects/RGMC/calbration_data/robor06/masks/0464_mask.png
465,0.0890624999999999,0.4375,378.183879093199,75.84504657070279,1,0.0,0.0438820702103672,0.0474653869685875,1774675504.514886,5,/Users/kimsumin/projects/RGMC/calibration_data/robot06/images/0465.png,/Users/kimsumin/projects/RGMC/calbration_data/robor06/overlays/0465_overlay.png,/Users/kimsumin/projects/RGMC/calbration_data/robor06/masks/0465_mask.png
466,0.11875,0.4375,378.5263605442177,88.73720136518772,1,0.0,0.0676067168595463,0.0763453544175732,1774675515.4275413,5,/Users/kimsumin/projects/RGMC/calibration_data/robot06/images/0466.png,/Users/kimsumin/projects/RGMC/calbration_data/robor06/overlays/0466_overlay.png,/Users/kimsumin/projects/RGMC/calbration_data/robor06/masks/0466_mask.png
467,0.1484375,0.4375,379.5789923142613,101.57412167952012,1,0.0,0.2262402498299638,0.1068283170207179,1774675525.5475729,5,/Users/kimsumin/projects/RGMC/calibration_data/robot06/images/0467.png,/Users/kimsumin/projects/RGMC/calbration_data/robor06/overlays/0467_overlay.png,/Users/kimsumin/projects/RGMC/calbration_data/robor06/masks/0467_mask.png
468,0.1781249999999999,0.4375,379.24388032638257,115.42210144927536,1,0.0,0.068193745641957,0.0479123876095282,1774675535.398563,5,/Users/kimsumin/projects/RGMC/calibration_data/robot06/images/0468.png,/Users/kimsumin/projects/RGMC/calbration_data/robor06/overlays/0468_overlay.png,/Users/kimsumin/projects/RGMC/calbration_data/robor06/masks/0468_mask.png
469,0.2078124999999999,0.4375,379.2802829354554,128.05044247787612,1,0.0,0.0218642438499194,0.0998878341524596,1774675545.4132304,5,/Users/kimsumin/projects/RGMC/calibration_data/robot06/images/0469.png,/Users/kimsumin/projects/RGMC/calbration_data/robor06/overlays/0469_overlay.png,/Users/kimsumin/projects/RGMC/calbration_data/robor06/masks/0469_mask.png
470,0.2375,0.4375,379.2970639032815,141.01208981001727,1,0.0,0.0574937424539123,0.0362705168254743,1774675555.8978293,5,/Users/kimsumin/projects/RGMC/calibration_data/robot06/images/0470.png,/Users/kimsumin/projects/RGMC/calbration_data/robor06/overlays/0470_overlay.png,/Users/kimsumin/projects/RGMC/calbration_data/robor06/masks/0470_mask.png
471,0.2671874999999999,0.4375,379.41092211280215,153.60873440285204,1,0.0,0.0572359102284858,0.0614727081365788,1774675566.3309166,5,/Users/kimsumin/projects/RGMC/calibration_data/robot06/images/0471.png,/Users/kimsumin/projects/RGMC/calbration_data/robor06/overlays/0471_overlay.png,/Users/kimsumin/projects/RGMC/calbration_data/robor06/masks/0471_mask.png
472,0.296875,0.4375,379.3629697525206,167.22465753424655,1,0.0,0.0270550887461625,0.0408842070757035,1774675577.3847923,5,/Users/kimsumin/projects/RGMC/calibration_data/robot06/images/0472.png,/Users/kimsumin/projects/RGMC/calbration_data/robor06/overlays/0472_overlay.png,/Users/kimsumin/projects/RGMC/calbration_data/robor06/masks/0472_mask.png
473,0.3265625,0.4375,379.62364620938627,180.1453068592058,1,0.0,0.0432065084897188,0.0939591288189616,1774675588.0430171,5,/Users/kimsumin/projects/RGMC/calibration_data/robot06/images/0473.png,/Users/kimsumin/projects/RGMC/calbration_data/robor06/overlays/0473_overlay.png,/Users/kimsumin/projects/RGMC/calbration_data/robor06/masks/0473_mask.png
474,0.3562499999999999,0.4375,379.8150134048257,193.07417336907957,1,0.0,0.0176766302585559,0.0215501214389283,1774675598.359479,5,/Users/kimsumin/projects/RGMC/calibration_data/robot06/images/0474.png,/Users/kimsumin/projects/RGMC/calbration_data/robor06/overlays/0474_overlay.png,/Users/kimsumin/projects/RGMC/calbration_data/robor06/masks/0474_mask.png
475,0.3859375,0.4375,379.7991031390134,205.942600896861,1,0.0,0.0434915006323345,0.0445241671757724,1774675608.721031,5,/Users/kimsumin/projects/RGMC/calibration_data/robot06/images/0475.png,/Users/kimsumin/projects/RGMC/calbration_data/robor06/overlays/0475_overlay.png,/Users/kimsumin/projects/RGMC/calbration_data/robor06/masks/0475_mask.png
476,0.4156249999999999,0.4375,380.1192052980133,219.6432584269663,1,0.0,0.0264219664806166,0.0571230339985881,1774675620.3756564,5,/Users/kimsumin/projects/RGMC/calibration_data/robot06/images/0476.png,/Users/kimsumin/projects/RGMC/calbration_data/robor06/overlays/0476_overlay.png,/Users/kimsumin/projects/RGMC/calbration_data/robor06/masks/0476_mask.png
477,0.4453125,0.4375,381.03634577603145,232.56138613861387,1,0.0,0.0403732131735314,0.061847216284475,1774675630.8285024,5,/Users/kimsumin/projects/RGMC/calibration_data/robot06/images/0477.png,/Users/kimsumin/projects/RGMC/calbration_data/robor06/overlays/0477_overlay.png,/Users/kimsumin/projects/RGMC/calbration_data/robor06/masks/0477_mask.png
478,0.475,0.4375,380.1671232876713,245.79014598540147,1,0.0,0.0299212440339512,0.1309658716875844,1774675643.958368,5,/Users/kimsumin/projects/RGMC/calibration_data/robot06/images/0478.png,/Users/kimsumin/projects/RGMC/calbration_data/robor06/overlays/0478_overlay.png,/Users/kimsumin/projects/RGMC/calbration_data/robor06/masks/0478_mask.png
479,0.5046875,0.4375,380.07841328413286,259.56457564575646,1,0.0,0.0360268437341316,0.0319481683124509,1774675655.0421212,5,/Users/kimsumin/projects/RGMC/calibration_data/robot06/images/0479.png,/Users/kimsumin/projects/RGMC/calbration_data/robor06/overlays/0479_overlay.png,/Users/kimsumin/projects/RGMC/calbration_data/robor06/masks/0479_mask.png
480,0.5343749999999999,0.4375,380.63172804532576,272.27016520894074,1,0.0,0.357610024299389,0.0480667851152791,1774675665.4331987,5,/Users/kimsumin/projects/RGMC/calibration_data/robot06/images/0480.png,/Users/kimsumin/projects/RGMC/calbration_data/robor06/overlays/0480_overlay.png,/Users/kimsumin/projects/RGMC/calbration_data/robor06/masks/0480_mask.png
481,0.5640625,0.4375,380.59799453053785,285.4810126582278,1,0.0,0.1338398416380387,0.0513679803539378,1774675675.8782835,5,/Users/kimsumin/projects/RGMC/calibration_data/robot06/images/0481.png,/Users/kimsumin/projects/RGMC/calbration_data/robor06/overlays/0481_overlay.png,/Users/kimsumin/projects/RGMC/calbration_data/robor06/masks/0481_mask.png
482,0.59375,0.4375,380.81801125703566,299.5972762645914,1,0.0,0.3817236834819643,0.0195763036771813,1774675686.3150828,5,/Users/kimsumin/projects/RGMC/calibration_data/robot06/images/0482.png,/Users/kimsumin/projects/RGMC/calbration_data/robor06/overlays/0482_overlay.png,/Users/kimsumin/projects/RGMC/calbration_data/robor06/masks/0482_mask.png
483,0.6234375,0.4375,382.3160469667319,311.4122807017544,1,0.0,0.3702057593237221,0.2519444928618811,1774675697.682795,5,/Users/kimsumin/projects/RGMC/calibration_data/robot06/images/0483.png,/Users/kimsumin/projects/RGMC/calbration_data/robor06/overlays/0483_overlay.png,/Users/kimsumin/projects/RGMC/calbration_data/robor06/masks/0483_mask.png
484,0.653125,0.4375,381.56981786643536,325.0607638888889,1,0.0,0.0531305829993935,0.0812963688819845,1774675708.1461847,5,/Users/kimsumin/projects/RGMC/calibration_data/robot06/images/0484.png,/Users/kimsumin/projects/RGMC/calbration_data/robor06/overlays/0484_overlay.png,/Users/kimsumin/projects/RGMC/calbration_data/robor06/masks/0484_mask.png
485,0.6828124999999999,0.4375,381.7177700348432,338.1066208082545,1,0.0,0.1066809165334452,0.015259488579156,1774675718.47834,5,/Users/kimsumin/projects/RGMC/calibration_data/robot06/images/0485.png,/Users/kimsumin/projects/RGMC/calbration_data/robor06/overlays/0485_overlay.png,/Users/kimsumin/projects/RGMC/calbration_data/robor06/masks/0485_mask.png
486,0.7124999999999999,0.4375,381.20438596491226,351.55428067078554,1,0.0,0.424168481666333,0.086325953823307,1774675729.2264848,5,/Users/kimsumin/projects/RGMC/calibration_data/robot06/images/0486.png,/Users/kimsumin/projects/RGMC/calbration_data/robor06/overlays/0486_overlay.png,/Users/kimsumin/projects/RGMC/calbration_data/robor06/masks/0486_mask.png
487,0.7421875,0.4375,382.6851683348499,364.3521383075523,1,0.0,0.3910843116453598,0.0547882084009517,1774675739.258758,5,/Users/kimsumin/projects/RGMC/calibration_data/robot06/images/0487.png,/Users/kimsumin/projects/RGMC/calbration_data/robor06/overlays/0487_overlay.png,/Users/kimsumin/projects/RGMC/calbration_data/robor06/masks/0487_mask.png
488,0.771875,0.4375,381.53562653562653,377.8561928512053,1,0.0,0.056859620688761,0.105413851997036,1774675749.6937757,5,/Users/kimsumin/projects/RGMC/calibration_data/robot06/images/0488.png,/Users/kimsumin/projects/RGMC/calbration_data/robor06/overlays/0488_overlay.png,/Users/kimsumin/projects/RGMC/calbration_data/robor06/masks/0488_mask.png
489,0.8015625,0.4375,382.89217391304345,390.23585726718886,1,0.0,0.3604119039291362,0.1010071455995676,1774675759.941389,5,/Users/kimsumin/projects/RGMC/calibration_data/robot06/images/0489.png,/Users/kimsumin/projects/RGMC/calbration_data/robor06/overlays/0489_overlay.png,/Users/kimsumin/projects/RGMC/calbration_data/robor06/masks/0489_mask.png
490,0.8312499999999999,0.4375,381.8151618398637,404.2011935208866,1,0.0,0.0451328914634909,0.0306518401178505,1774675770.7188454,5,/Users/kimsumin/projects/RGMC/calibration_data/robot06/images/0490.png,/Users/kimsumin/projects/RGMC/calbration_data/robor06/overlays/0490_overlay.png,/Users/kimsumin/projects/RGMC/calbration_data/robor06/masks/0490_mask.png
491,0.8609374999999999,0.4375,382.0288540807914,417.29794238683127,1,0.0,0.0148928518140705,0.0173871869444981,1774675780.9358733,5,/Users/kimsumin/projects/RGMC/calibration_data/robot06/images/0491.png,/Users/kimsumin/projects/RGMC/calbration_data/robor06/overlays/0491_overlay.png,/Users/kimsumin/projects/RGMC/calbration_data/robor06/masks/0491_mask.png
492,0.890625,0.4375,382.1628664495114,429.7259380097879,1,0.0,0.0283792919077123,0.0731925229181728,1774675791.1819804,5,/Users/kimsumin/projects/RGMC/calibration_data/robot06/images/0492.png,/Users/kimsumin/projects/RGMC/calbration_data/robor06/overlays/0492_overlay.png,/Users/kimsumin/projects/RGMC/calbration_data/robor06/masks/0492_mask.png
493,0.9203125,0.4375,381.9733870967742,442.1782258064516,1,0.0,0.0479915755114751,0.031479768286395,1774675801.6541305,5,/Users/kimsumin/projects/RGMC/calibration_data/robot06/images/0493.png,/Users/kimsumin/projects/RGMC/calbration_data/robor06/overlays/0493_overlay.png,/Users/kimsumin/projects/RGMC/calbration_data/robor06/masks/0493_mask.png
494,0.95,0.4375,383.4801801801802,455.5121951219512,1,0.0,0.0307265943682316,0.057476556402749,1774675811.6811602,5,/Users/kimsumin/projects/RGMC/calibration_data/robot06/images/0494.png,/Users/kimsumin/projects/RGMC/calbration_data/robor06/overlays/0494_overlay.png,/Users/kimsumin/projects/RGMC/calbration_data/robor06/masks/0494_mask.png
495,0.95,0.46875,369.08013640238704,456.2855924978687,1,0.0,0.0203431954822234,0.0151266352587203,1774675821.6926968,5,/Users/kimsumin/projects/RGMC/calibration_data/robot06/images/0495.png,/Users/kimsumin/projects/RGMC/calbration_data/robor06/overlays/0495_overlay.png,/Users/kimsumin/projects/RGMC/calbration_data/robor06/masks/0495_mask.png
496,0.9203125,0.46875,368.31924460431657,443.4123989218329,1,0.0,0.0486093158907088,0.0332972522647872,1774675831.9312923,5,/Users/kimsumin/projects/RGMC/calibration_data/robot06/images/0496.png,/Users/kimsumin/projects/RGMC/calbration_data/robor06/overlays/0496_overlay.png,/Users/kimsumin/projects/RGMC/calbration_data/robor06/masks/0496_mask.png
497,0.890625,0.46875,368.85643564356434,430.0899339933993,1,0.0,0.0470361224868789,0.0719776851056556,1774675842.0920486,5,/Users/kimsumin/projects/RGMC/calibration_data/robot06/images/0497.png,/Users/kimsumin/projects/RGMC/calbration_data/robor06/overlays/0497_overlay.png,/Users/kimsumin/projects/RGMC/calbration_data/robor06/masks/0497_mask.png
498,0.8609374999999999,0.46875,368.65016501650166,417.4504950495049,1,0.0,0.0486750375523144,0.1146215782215133,1774675852.1497123,5,/Users/kimsumin/projects/RGMC/calibration_data/robot06/images/0498.png,/Users/kimsumin/projects/RGMC/calbration_data/robor06/overlays/0498_overlay.png,/Users/kimsumin/projects/RGMC/calbration_data/robor06/masks/0498_mask.png
499,0.8312499999999999,0.46875,368.1081794195251,404.33126660761735,1,0.0,0.0515862513132026,0.0895199129728404,1774675862.2331638,5,/Users/kimsumin/projects/RGMC/calibration_data/robot06/images/0499.png,/Users/kimsumin/projects/RGMC/calbration_data/robor06/overlays/0499_overlay.png,/Users/kimsumin/projects/RGMC/calbration_data/robor06/masks/0499_mask.png
500,0.8015625,0.46875,368.02452316076295,391.6108597285068,1,0.0,0.0472958432949387,0.0404763637422508,1774675872.3751602,5,/Users/kimsumin/projects/RGMC/calibration_data/robot06/images/0500.png,/Users/kimsumin/projects/RGMC/calbration_data/robor06/overlays/0500_overlay.png,/Users/kimsumin/projects/RGMC/calbration_data/robor06/masks/0500_mask.png
501,0.771875,0.46875,367.70858113848766,377.8655870445344,1,0.0,0.4009363300096108,0.0209683286200932,1774675882.9590943,5,/Users/kimsumin/projects/RGMC/calibration_data/robot06/images/0501.png,/Users/kimsumin/projects/RGMC/calbration_data/robor06/overlays/0501_overlay.png,/Users/kimsumin/projects/RGMC/calbration_data/robor06/masks/0501_mask.png
502,0.7421875,0.46875,367.6437389770723,364.96469549867606,1,0.0,0.0457319250840792,0.0663849279576768,1774675893.4765155,5,/Users/kimsumin/projects/RGMC/calibration_data/robot06/images/0502.png,/Users/kimsumin/projects/RGMC/calbration_data/robor06/overlays/0502_overlay.png,/Users/kimsumin/projects/RGMC/calbration_data/robor06/masks/0502_mask.png
503,0.7124999999999999,0.46875,367.67084078711986,352.2167400881057,1,0.0,0.0760006301994291,0.069449588829638,1774675903.9091885,5,/Users/kimsumin/projects/RGMC/calibration_data/robot06/images/0503.png,/Users/kimsumin/projects/RGMC/calbration_data/robor06/overlays/0503_overlay.png,/Users/kimsumin/projects/RGMC/calbration_data/robor06/masks/0503_mask.png
504,0.6828124999999999,0.46875,367.38185085354894,339.4106019766397,1,0.0,0.1628977082240012,0.1904672976100707,1774675914.490195,5,/Users/kimsumin/projects/RGMC/calibration_data/robot06/images/0504.png,/Users/kimsumin/projects/RGMC/calbration_data/robor06/overlays/0504_overlay.png,/Users/kimsumin/projects/RGMC/calbration_data/robor06/masks/0504_mask.png
505,0.653125,0.46875,367.5146927871772,325.63306808134394,1,0.0,0.3245671189293834,0.0793037196271327,1774675924.7254193,5,/Users/kimsumin/projects/RGMC/calibration_data/robot06/images/0505.png,/Users/kimsumin/projects/RGMC/calbration_data/robor06/overlays/0505_overlay.png,/Users/kimsumin/projects/RGMC/calbration_data/robor06/masks/0505_mask.png
506,0.6234375,0.46875,367.4311926605504,312.20109689213893,1,0.0,0.0489783227646592,0.121851558406122,1774675934.8808768,5,/Users/kimsumin/projects/RGMC/calibration_data/robot06/images/0506.png,/Users/kimsumin/projects/RGMC/calbration_data/robor06/overlays/0506_overlay.png,/Users/kimsumin/projects/RGMC/calbration_data/robor06/masks/0506_mask.png
507,0.59375,0.46875,367.4279238440616,299.65076507650764,1,0.0,0.0168209078874348,0.0574018166844165,1774675945.406421,5,/Users/kimsumin/projects/RGMC/calibration_data/robot06/images/0507.png,/Users/kimsumin/projects/RGMC/calbration_data/robor06/overlays/0507_overlay.png,/Users/kimsumin/projects/RGMC/calbration_data/robor06/masks/0507_mask.png
508,0.5640625,0.46875,367.1681735985533,285.81210478771453,1,0.0,0.036460514651103,0.0397321966645037,1774675956.0394,5,/Users/kimsumin/projects/RGMC/calibration_data/robot06/images/0508.png,/Users/kimsumin/projects/RGMC/calbration_data/robor06/overlays/0508_overlay.png,/Users/kimsumin/projects/RGMC/calbration_data/robor06/masks/0508_mask.png
509,0.5343749999999999,0.46875,367.0934922089826,272.8890925756187,1,0.0,0.016985578542212,0.0466509310518846,1774675966.3793614,5,/Users/kimsumin/projects/RGMC/calibration_data/robot06/images/0509.png,/Users/kimsumin/projects/RGMC/calbration_data/robor06/overlays/0509_overlay.png,/Users/kimsumin/projects/RGMC/calbration_data/robor06/masks/0509_mask.png
510,0.5046875,0.46875,366.8684701492537,259.52710280373833,1,0.0,0.0553227288857673,0.0501072243469103,1774675976.5196955,5,/Users/kimsumin/projects/RGMC/calibration_data/robot06/images/0510.png,/Users/kimsumin/projects/RGMC/calbration_data/robor06/overlays/0510_overlay.png,/Users/kimsumin/projects/RGMC/calbration_data/robor06/masks/0510_mask.png
511,0.475,0.46875,366.8793264733396,246.95420560747664,1,0.0,0.066174225263465,0.3792673723422819,1774675986.7764163,5,/Users/kimsumin/projects/RGMC/calibration_data/robot06/images/0511.png,/Users/kimsumin/projects/RGMC/calbration_data/robor06/overlays/0511_overlay.png,/Users/kimsumin/projects/RGMC/calbration_data/robor06/masks/0511_mask.png
512,0.4453125,0.46875,366.8605504587156,233.16866359447005,1,0.0,0.0529804389122834,0.0881571638938921,1774675998.477576,5,/Users/kimsumin/projects/RGMC/calibration_data/robot06/images/0512.png,/Users/kimsumin/projects/RGMC/calbration_data/robor06/overlays/0512_overlay.png,/Users/kimsumin/projects/RGMC/calbration_data/robor06/masks/0512_mask.png
513,0.4156249999999999,0.46875,366.74577861163226,219.8821866163996,1,0.0,0.0462179623447917,0.0334219837281037,1774676009.2602575,5,/Users/kimsumin/projects/RGMC/calibration_data/robot06/images/0513.png,/Users/kimsumin/projects/RGMC/calbration_data/robor06/overlays/0513_overlay.png,/Users/kimsumin/projects/RGMC/calbration_data/robor06/masks/0513_mask.png
514,0.3859375,0.46875,366.6030881017257,206.29058295964128,1,0.0,0.0410925266741946,0.0813756044525921,1774676019.4405105,5,/Users/kimsumin/projects/RGMC/calibration_data/robot06/images/0514.png,/Users/kimsumin/projects/RGMC/calbration_data/robor06/overlays/0514_overlay.png,/Users/kimsumin/projects/RGMC/calbration_data/robor06/masks/0514_mask.png
515,0.3562499999999999,0.46875,366.546875,193.53168044077137,1,0.0,0.016602385052203,0.0373704379579022,1774676029.7513351,5,/Users/kimsumin/projects/RGMC/calibration_data/robot06/images/0515.png,/Users/kimsumin/projects/RGMC/calbration_data/robor06/overlays/0515_overlay.png,/Users/kimsumin/projects/RGMC/calbration_data/robor06/masks/0515_mask.png
516,0.3265625,0.46875,366.26408125577103,180.4184331797235,1,0.0,0.0433529763345756,0.0533732811763905,1774676040.0340538,5,/Users/kimsumin/projects/RGMC/calibration_data/robot06/images/0516.png,/Users/kimsumin/projects/RGMC/calbration_data/robor06/overlays/0516_overlay.png,/Users/kimsumin/projects/RGMC/calbration_data/robor06/masks/0516_mask.png
517,0.296875,0.46875,366.5328399629972,167.4236817761332,1,0.0,0.0421548111954956,0.0264213312339188,1774676049.9769757,5,/Users/kimsumin/projects/RGMC/calibration_data/robot06/images/0517.png,/Users/kimsumin/projects/RGMC/calbration_data/robor06/overlays/0517_overlay.png,/Users/kimsumin/projects/RGMC/calbration_data/robor06/masks/0517_mask.png
518,0.2671874999999999,0.46875,366.48,154.97928436911488,1,0.0,0.3129343325128734,0.1071392012516828,1774676060.0346878,5,/Users/kimsumin/projects/RGMC/calibration_data/robot06/images/0518.png,/Users/kimsumin/projects/RGMC/calbration_data/robor06/overlays/0518_overlay.png,/Users/kimsumin/projects/RGMC/calbration_data/robor06/masks/0518_mask.png
519,0.2375,0.46875,365.74511469838575,141.15391156462584,1,0.0,0.02285199041206,0.010050463894794,1774676070.4364915,5,/Users/kimsumin/projects/RGMC/calibration_data/robot06/images/0519.png,/Users/kimsumin/projects/RGMC/calbration_data/robor06/overlays/0519_overlay.png,/Users/kimsumin/projects/RGMC/calbration_data/robor06/masks/0519_mask.png
520,0.2078124999999999,0.46875,365.7948051948052,128.55652936021033,1,0.0,0.0507581736262739,0.0244739282082107,1774676080.78345,5,/Users/kimsumin/projects/RGMC/calibration_data/robot06/images/0520.png,/Users/kimsumin/projects/RGMC/calbration_data/robor06/overlays/0520_overlay.png,/Users/kimsumin/projects/RGMC/calbration_data/robor06/masks/0520_mask.png
521,0.1781249999999999,0.46875,365.5693112467306,115.58849171752398,1,0.0,0.0294515111307382,0.0662461383713007,1774676091.109927,5,/Users/kimsumin/projects/RGMC/calibration_data/robot06/images/0521.png,/Users/kimsumin/projects/RGMC/calbration_data/robor06/overlays/0521_overlay.png,/Users/kimsumin/projects/RGMC/calbration_data/robor06/masks/0521_mask.png
522,0.1484375,0.46875,365.1081994928149,101.80964467005076,1,0.0,0.0383145236804857,0.0478209018979865,1774676101.5555756,5,/Users/kimsumin/projects/RGMC/calibration_data/robot06/images/0522.png,/Users/kimsumin/projects/RGMC/calbration_data/robor06/overlays/0522_overlay.png,/Users/kimsumin/projects/RGMC/calbration_data/robor06/masks/0522_mask.png
523,0.11875,0.46875,365.4047619047619,89.03468697123519,1,0.0,0.0398889533135402,0.0859199174992935,1774676111.869315,5,/Users/kimsumin/projects/RGMC/calibration_data/robot06/images/0523.png,/Users/kimsumin/projects/RGMC/calbration_data/robor06/overlays/0523_overlay.png,/Users/kimsumin/projects/RGMC/calbration_data/robor06/masks/0523_mask.png
524,0.0890624999999999,0.46875,365.1814273430782,76.0360824742268,1,0.0,0.1041129369106458,0.0365294009356278,1774676122.3386588,5,/Users/kimsumin/projects/RGMC/calibration_data/robot06/images/0524.png,/Users/kimsumin/projects/RGMC/calbration_data/robor06/overlays/0524_overlay.png,/Users/kimsumin/projects/RGMC/calbration_data/robor06/masks/0524_mask.png
525,0.059375,0.46875,364.9704142011834,62.053254437869825,1,0.0,0.0644880648016182,0.0733068666808855,1774676132.9919765,5,/Users/kimsumin/projects/RGMC/calibration_data/robot06/images/0525.png,/Users/kimsumin/projects/RGMC/calbration_data/robor06/overlays/0525_overlay.png,/Users/kimsumin/projects/RGMC/calbration_data/robor06/masks/0525_mask.png
526,0.0296875,0.46875,365.22991452991454,49.61538461538461,1,0.0,0.1456184412961012,0.0802220316922385,1774676143.6100943,5,/Users/kimsumin/projects/RGMC/calibration_data/robot06/images/0526.png,/Users/kimsumin/projects/RGMC/calbration_data/robor06/overlays/0526_overlay.png,/Users/kimsumin/projects/RGMC/calbration_data/robor06/masks/0526_mask.png
527,0.0,0.46875,364.9314481576693,36.50171821305842,1,0.0,0.0371888109751337,0.0686491945909506,1774676153.6729467,5,/Users/kimsumin/projects/RGMC/calibration_data/robot06/images/0527.png,/Users/kimsumin/projects/RGMC/calbration_data/robor06/overlays/0527_overlay.png,/Users/kimsumin/projects/RGMC/calbration_data/robor06/masks/0527_mask.png
528,0.0,0.5,351.3708439897698,37.05512489233419,1,0.0,0.0419332148945465,0.0937697925897396,1774676164.129082,5,/Users/kimsumin/projects/RGMC/calibration_data/robot06/images/0528.png,/Users/kimsumin/projects/RGMC/calbration_data/robor06/overlays/0528_overlay.png,/Users/kimsumin/projects/RGMC/calbration_data/robor06/masks/0528_mask.png
529,0.0296875,0.5,351.14149305555554,49.747395833333336,1,0.0,0.0480239099525478,0.0573224648753189,1774676174.3777392,5,/Users/kimsumin/projects/RGMC/calibration_data/robot06/images/0529.png,/Users/kimsumin/projects/RGMC/calbration_data/robor06/overlays/0529_overlay.png,/Users/kimsumin/projects/RGMC/calbration_data/robor06/masks/0529_mask.png
530,0.059375,0.5,351.14285714285717,62.40034217279726,1,0.0,0.0707037309419637,0.0742516085879323,1774676184.5535502,5,/Users/kimsumin/projects/RGMC/calibration_data/robot06/images/0530.png,/Users/kimsumin/projects/RGMC/calbration_data/robor06/overlays/0530_overlay.png,/Users/kimsumin/projects/RGMC/calbration_data/robor06/masks/0530_mask.png
531,0.0890624999999999,0.5,351.14604810996565,76.04177545691905,1,0.0,0.0546938715117351,0.1296683267555842,1774676194.936741,5,/Users/kimsumin/projects/RGMC/calibration_data/robot06/images/0531.png,/Users/kimsumin/projects/RGMC/calbration_data/robor06/overlays/0531_overlay.png,/Users/kimsumin/projects/RGMC/calbration_data/robor06/masks/0531_mask.png
532,0.11875,0.5,351.1982832618026,89.18189655172414,1,0.0,0.044052211692173,0.0249544150937409,1774676205.0298553,5,/Users/kimsumin/projects/RGMC/calibration_data/robot06/images/0532.png,/Users/kimsumin/projects/RGMC/calbration_data/robor06/overlays/0532_overlay.png,/Users/kimsumin/projects/RGMC/calbration_data/robor06/masks/0532_mask.png
533,0.1484375,0.5,350.542472666106,102.11661073825503,1,0.0,0.0398312099172626,0.0333287968888032,1774676215.3722389,5,/Users/kimsumin/projects/RGMC/calibration_data/robot06/images/0533.png,/Users/kimsumin/projects/RGMC/calbration_data/robor06/overlays/0533_overlay.png,/Users/kimsumin/projects/RGMC/calbration_data/robor06/masks/0533_mask.png
534,0.1781249999999999,0.5,351.0782761653474,115.41776605101144,1,0.0,0.3464668120086253,0.0144521372536892,1774676225.7813847,5,/Users/kimsumin/projects/RGMC/calibration_data/robot06/images/0534.png,/Users/kimsumin/projects/RGMC/calbration_data/robor06/overlays/0534_overlay.png,/Users/kimsumin/projects/RGMC/calbration_data/robor06/masks/0534_mask.png
535,0.2078124999999999,0.5,350.5,128.33881578947367,1,0.0,0.0922026484680816,0.0249506751166572,1774676237.637575,5,/Users/kimsumin/projects/RGMC/calibration_data/robot06/images/0535.png,/Users/kimsumin/projects/RGMC/calbration_data/robor06/overlays/0535_overlay.png,/Users/kimsumin/projects/RGMC/calbration_data/robor06/masks/0535_mask.png
536,0.2375,0.5,351.312661498708,141.03103448275863,1,0.0,0.0219618497694053,0.0292222133828985,1774676248.227724,5,/Users/kimsumin/projects/RGMC/calibration_data/robot06/images/0536.png,/Users/kimsumin/projects/RGMC/calbration_data/robor06/overlays/0536_overlay.png,/Users/kimsumin/projects/RGMC/calbration_data/robor06/masks/0536_mask.png
537,0.2671874999999999,0.5,351.30446672743847,154.84489051094891,1,0.0,0.056596120157507,0.0316715864949942,1774676258.8597674,5,/Users/kimsumin/projects/RGMC/calibration_data/robot06/images/0537.png,/Users/kimsumin/projects/RGMC/calbration_data/robor06/overlays/0537_overlay.png,/Users/kimsumin/projects/RGMC/calbration_data/robor06/masks/0537_mask.png
538,0.296875,0.5,351.6277173913044,167.27626811594203,1,0.0,0.0051644559350572,0.0056512512674327,1774676269.384462,5,/Users/kimsumin/projects/RGMC/calibration_data/robot06/images/0538.png,/Users/kimsumin/projects/RGMC/calbration_data/robor06/overlays/0538_overlay.png,/Users/kimsumin/projects/RGMC/calbration_data/robor06/masks/0538_mask.png
539,0.3265625,0.5,351.3188405797101,179.9393665158371,1,0.0,0.0310514097143826,0.0488628049474014,1774676279.6527686,5,/Users/kimsumin/projects/RGMC/calibration_data/robot06/images/0539.png,/Users/kimsumin/projects/RGMC/calbration_data/robor06/overlays/0539_overlay.png,/Users/kimsumin/projects/RGMC/calbration_data/robor06/masks/0539_mask.png
540,0.3562499999999999,0.5,351.6340160284951,193.00178094390023,1,0.0,0.0405516060581728,0.0480724423331393,1774676289.986379,5,/Users/kimsumin/projects/RGMC/calibration_data/robot06/images/0540.png,/Users/kimsumin/projects/RGMC/calbration_data/robor06/overlays/0540_overlay.png,/Users/kimsumin/projects/RGMC/calbration_data/robor06/masks/0540_mask.png
541,0.3859375,0.5,351.7250221043324,206.07407407407408,1,0.0,0.0596403976307918,0.0454545156464759,1774676300.7169385,5,/Users/kimsumin/projects/RGMC/calibration_data/robot06/images/0541.png,/Users/kimsumin/projects/RGMC/calbration_data/robor06/overlays/0541_overlay.png,/Users/kimsumin/projects/RGMC/calbration_data/robor06/masks/0541_mask.png
542,0.4156249999999999,0.5,351.9408502772643,219.6441774491682,1,0.0,0.0051391217909797,0.0298788360738699,1774676312.113304,5,/Users/kimsumin/projects/RGMC/calibration_data/robot06/images/0542.png,/Users/kimsumin/projects/RGMC/calbration_data/robor06/overlays/0542_overlay.png,/Users/kimsumin/projects/RGMC/calbration_data/robor06/masks/0542_mask.png
543,0.4453125,0.5,352.13893967093236,232.73217550274225,1,0.0,0.0701322107210012,0.0251198575380169,1774676322.2438312,5,/Users/kimsumin/projects/RGMC/calibration_data/robot06/images/0543.png,/Users/kimsumin/projects/RGMC/calbration_data/robor06/overlays/0543_overlay.png,/Users/kimsumin/projects/RGMC/calbration_data/robor06/masks/0543_mask.png
544,0.475,0.5,352.19749776586235,245.84310189359783,1,0.0,0.0206578483468536,0.0715282778721505,1774676332.603928,5,/Users/kimsumin/projects/RGMC/calibration_data/robot06/images/0544.png,/Users/kimsumin/projects/RGMC/calbration_data/robor06/overlays/0544_overlay.png,/Users/kimsumin/projects/RGMC/calbration_data/robor06/masks/0544_mask.png
545,0.5046875,0.5,352.28400735294116,259.3284537968893,1,0.0,0.063971802157242,0.044873272530869,1774676343.0096154,5,/Users/kimsumin/projects/RGMC/calibration_data/robot06/images/0545.png,/Users/kimsumin/projects/RGMC/calbration_data/robor06/overlays/0545_overlay.png,/Users/kimsumin/projects/RGMC/calbration_data/robor06/masks/0545_mask.png
546,0.5343749999999999,0.5,352.48678213309023,272.2698268003646,1,0.0,0.3492619755036676,0.0371735487617049,1774676353.3746784,5,/Users/kimsumin/projects/RGMC/calibration_data/robot06/images/0546.png,/Users/kimsumin/projects/RGMC/calbration_data/robor06/overlays/0546_overlay.png,/Users/kimsumin/projects/RGMC/calbration_data/robor06/masks/0546_mask.png
547,0.5640625,0.5,352.3411764705882,285.11070780399274,1,0.0,0.0508557749676401,0.025122536878924,1774676363.7165215,5,/Users/kimsumin/projects/RGMC/calibration_data/robot06/images/0547.png,/Users/kimsumin/projects/RGMC/calbration_data/robor06/overlays/0547_overlay.png,/Users/kimsumin/projects/RGMC/calbration_data/robor06/masks/0547_mask.png
548,0.59375,0.5,352.4606440071556,298.2829006266786,1,0.0,0.057525990044414,0.0478046929171069,1774676374.14983,5,/Users/kimsumin/projects/RGMC/calibration_data/robot06/images/0548.png,/Users/kimsumin/projects/RGMC/calbration_data/robor06/overlays/0548_overlay.png,/Users/kimsumin/projects/RGMC/calbration_data/robor06/masks/0548_mask.png
549,0.6234375,0.5,352.9718437783833,311.8085299455535,1,0.0,0.0454045510226961,0.0203655383215596,1774676385.947301,5,/Users/kimsumin/projects/RGMC/calibration_data/robot06/images/0549.png,/Users/kimsumin/projects/RGMC/calbration_data/robor06/overlays/0549_overlay.png,/Users/kimsumin/projects/RGMC/calbration_data/robor06/masks/0549_mask.png
550,0.653125,0.5,353.37188612099646,324.71669626998226,1,0.0,0.0306549626394721,0.0688762577008891,1774676396.165831,5,/Users/kimsumin/projects/RGMC/calibration_data/robot06/images/0550.png,/Users/kimsumin/projects/RGMC/calbration_data/robor06/overlays/0550_overlay.png,/Users/kimsumin/projects/RGMC/calbration_data/robor06/masks/0550_mask.png
551,0.6828124999999999,0.5,353.75043177892917,338.1219723183391,1,0.0,0.0723473783392637,0.0449224853627328,1774676406.4043274,5,/Users/kimsumin/projects/RGMC/calibration_data/robot06/images/0551.png,/Users/kimsumin/projects/RGMC/calbration_data/robor06/overlays/0551_overlay.png,/Users/kimsumin/projects/RGMC/calbration_data/robor06/masks/0551_mask.png
552,0.7124999999999999,0.5,353.21301247771834,351.81609195402297,1,0.0,0.0301439397659657,0.0218355907293169,1774676416.640447,5,/Users/kimsumin/projects/RGMC/calibration_data/robot06/images/0552.png,/Users/kimsumin/projects/RGMC/calbration_data/robor06/overlays/0552_overlay.png,/Users/kimsumin/projects/RGMC/calbration_data/robor06/masks/0552_mask.png
553,0.7421875,0.5,353.30907534246575,364.76455479452056,1,0.0,0.0264149456408825,0.0279923020022426,1774676427.3046665,5,/Users/kimsumin/projects/RGMC/calibration_data/robot06/images/0553.png,/Users/kimsumin/projects/RGMC/calbration_data/robor06/overlays/0553_overlay.png,/Users/kimsumin/projects/RGMC/calbration_data/robor06/masks/0553_mask.png
554,0.771875,0.5,353.6206611570248,377.75061932287366,1,0.0,0.0324907192303687,0.0406760018380983,1774676437.8422976,5,/Users/kimsumin/projects/RGMC/calibration_data/robot06/images/0554.png,/Users/kimsumin/projects/RGMC/calbration_data/robor06/overlays/0554_overlay.png,/Users/kimsumin/projects/RGMC/calbration_data/robor06/masks/0554_mask.png
555,0.8015625,0.5,354.09354304635764,390.48514851485146,1,0.0,0.0579163822490593,0.0291006034082731,1774676448.3041122,5,/Users/kimsumin/projects/RGMC/calibration_data/robot06/images/0555.png,/Users/kimsumin/projects/RGMC/calbration_data/robor06/overlays/0555_overlay.png,/Users/kimsumin/projects/RGMC/calbration_data/robor06/masks/0555_mask.png
556,0.8312499999999999,0.5,354.0427135678392,404.4849246231156,1,0.0,0.0522704566039316,0.0552091511024141,1774676458.5530157,5,/Users/kimsumin/projects/RGMC/calibration_data/robot06/images/0556.png,/Users/kimsumin/projects/RGMC/calbration_data/robor06/overlays/0556_overlay.png,/Users/kimsumin/projects/RGMC/calbration_data/robor06/masks/0556_mask.png
557,0.8609374999999999,0.5,354.4112769485904,417.0016583747927,1,0.0,0.0579531093226258,0.0324050126397077,1774676469.39178,5,/Users/kimsumin/projects/RGMC/calibration_data/robot06/images/0557.png,/Users/kimsumin/projects/RGMC/calbration_data/robor06/overlays/0557_overlay.png,/Users/kimsumin/projects/RGMC/calbration_data/robor06/masks/0557_mask.png
558,0.890625,0.5,354.51534733441036,429.7459807073955,1,0.0,0.0526416603823776,0.0526256392963418,1774676480.6608975,5,/Users/kimsumin/projects/RGMC/calibration_data/robot06/images/0558.png,/Users/kimsumin/projects/RGMC/calbration_data/robor06/overlays/0558_overlay.png,/Users/kimsumin/projects/RGMC/calbration_data/robor06/masks/0558_mask.png
559,0.9203125,0.5,354.7036409822185,442.25524769101594,1,0.0,0.056029266680241,0.0748846463942456,1774676490.8779745,5,/Users/kimsumin/projects/RGMC/calibration_data/robot06/images/0559.png,/Users/kimsumin/projects/RGMC/calbration_data/robor06/overlays/0559_overlay.png,/Users/kimsumin/projects/RGMC/calbration_data/robor06/masks/0559_mask.png
560,0.95,0.5,355.366874443455,455.7384341637011,1,0.0,0.0321892049318892,0.0963200535503028,1774676500.9439204,5,/Users/kimsumin/projects/RGMC/calibration_data/robot06/images/0560.png,/Users/kimsumin/projects/RGMC/calbration_data/robor06/overlays/0560_overlay.png,/Users/kimsumin/projects/RGMC/calbration_data/robor06/masks/0560_mask.png
561,0.95,0.53125,341.5026223776224,455.6879929886065,1,0.0,0.0723528175503251,0.0541915168124548,1774676511.565898,5,/Users/kimsumin/projects/RGMC/calibration_data/robot06/images/0561.png,/Users/kimsumin/projects/RGMC/calbration_data/robor06/overlays/0561_overlay.png,/Users/kimsumin/projects/RGMC/calbration_data/robor06/masks/0561_mask.png
562,0.9203125,0.53125,340.9458740017746,443.3274647887324,1,0.0,0.0529895593110887,0.3806143334924875,1774676521.9347868,5,/Users/kimsumin/projects/RGMC/calibration_data/robot06/images/0562.png,/Users/kimsumin/projects/RGMC/calbration_data/robor06/overlays/0562_overlay.png,/Users/kimsumin/projects/RGMC/calbration_data/robor06/masks/0562_mask.png
563,0.890625,0.53125,340.9518581081081,429.6150627615063,1,0.0,0.0474382059078691,0.0302388759507283,1774676532.4544666,5,/Users/kimsumin/projects/RGMC/calibration_data/robot06/images/0563.png,/Users/kimsumin/projects/RGMC/calbration_data/robor06/overlays/0563_overlay.png,/Users/kimsumin/projects/RGMC/calbration_data/robor06/masks/0563_mask.png
564,0.8609374999999999,0.53125,341.04628099173556,417.6095947063689,1,0.0,0.0322400085011118,0.0130800882936918,1774676542.8042202,5,/Users/kimsumin/projects/RGMC/calibration_data/robot06/images/0564.png,/Users/kimsumin/projects/RGMC/calbration_data/robor06/overlays/0564_overlay.png,/Users/kimsumin/projects/RGMC/calbration_data/robor06/masks/0564_mask.png
565,0.8312499999999999,0.53125,340.4536713286713,404.48476936466494,1,0.0,0.2014305500239539,0.0301187762786318,1774676553.763498,5,/Users/kimsumin/projects/RGMC/calibration_data/robot06/images/0565.png,/Users/kimsumin/projects/RGMC/calbration_data/robor06/overlays/0565_overlay.png,/Users/kimsumin/projects/RGMC/calbration_data/robor06/masks/0565_mask.png
566,0.8015625,0.53125,339.7132352941176,391.4252767527675,1,0.0,0.0723914689267386,0.0488957606039798,1774676564.1356025,5,/Users/kimsumin/projects/RGMC/calibration_data/robot06/images/0566.png,/Users/kimsumin/projects/RGMC/calbration_data/robor06/overlays/0566_overlay.png,/Users/kimsumin/projects/RGMC/calbration_data/robor06/masks/0566_mask.png
567,0.771875,0.53125,340.3656006914434,378.0630942091617,1,0.0,0.096845583657092,0.0448553497253055,1774676574.538035,5,/Users/kimsumin/projects/RGMC/calibration_data/robot06/images/0567.png,/Users/kimsumin/projects/RGMC/calbration_data/robor06/overlays/0567_overlay.png,/Users/kimsumin/projects/RGMC/calbration_data/robor06/masks/0567_mask.png
568,0.7421875,0.53125,340.0517998244074,364.9947322212467,1,0.0,0.0126980573640171,0.0589383803653027,1774676585.0898938,5,/Users/kimsumin/projects/RGMC/calibration_data/robot06/images/0568.png,/Users/kimsumin/projects/RGMC/calbration_data/robor06/overlays/0568_overlay.png,/Users/kimsumin/projects/RGMC/calbration_data/robor06/masks/0568_mask.png
569,0.7124999999999999,0.53125,339.7364620938628,351.8059836808703,1,0.0,0.0539955810952589,0.0740688944781292,1774676597.7001655,5,/Users/kimsumin/projects/RGMC/calibration_data/robot06/images/0569.png,/Users/kimsumin/projects/RGMC/calbration_data/robor06/overlays/0569_overlay.png,/Users/kimsumin/projects/RGMC/calbration_data/robor06/masks/0569_mask.png
570,0.6828124999999999,0.53125,339.73753280839895,338.5328083989501,1,0.0,0.0129711562338805,0.3241280695464711,1774676608.1982422,5,/Users/kimsumin/projects/RGMC/calibration_data/robot06/images/0570.png,/Users/kimsumin/projects/RGMC/calbration_data/robor06/overlays/0570_overlay.png,/Users/kimsumin/projects/RGMC/calbration_data/robor06/masks/0570_mask.png
571,0.653125,0.53125,339.489110707804,325.11963470319637,1,0.0,0.0300725969579023,0.0471266901479848,1774676618.6797855,5,/Users/kimsumin/projects/RGMC/calibration_data/robot06/images/0571.png,/Users/kimsumin/projects/RGMC/calbration_data/robor06/overlays/0571_overlay.png,/Users/kimsumin/projects/RGMC/calbration_data/robor06/masks/0571_mask.png
572,0.6234375,0.53125,339.1023765996344,312.32545454545453,1,0.0,0.0368362259862397,0.077003166647102,1774676629.1214151,5,/Users/kimsumin/projects/RGMC/calibration_data/robot06/images/0572.png,/Users/kimsumin/projects/RGMC/calbration_data/robor06/overlays/0572_overlay.png,/Users/kimsumin/projects/RGMC/calbration_data/robor06/masks/0572_mask.png
573,0.59375,0.53125,339.02106227106225,299.4010989010989,1,0.0,0.0477330051681241,0.2893338747752965,1774676639.8814285,5,/Users/kimsumin/projects/RGMC/calibration_data/robot06/images/0573.png,/Users/kimsumin/projects/RGMC/calbration_data/robor06/overlays/0573_overlay.png,/Users/kimsumin/projects/RGMC/calbration_data/robor06/masks/0573_mask.png
574,0.5640625,0.53125,339.24932249322495,285.419384057971,1,0.0,0.0624470183156731,0.054677204728808,1774676650.2434363,5,/Users/kimsumin/projects/RGMC/calibration_data/robot06/images/0574.png,/Users/kimsumin/projects/RGMC/calbration_data/robor06/overlays/0574_overlay.png,/Users/kimsumin/projects/RGMC/calbration_data/robor06/masks/0574_mask.png
575,0.5343749999999999,0.53125,339.2205081669691,272.7686025408348,1,0.0,0.0421758790797456,0.1074706149176591,1774676660.6776457,5,/Users/kimsumin/projects/RGMC/calibration_data/robot06/images/0575.png,/Users/kimsumin/projects/RGMC/calbration_data/robor06/overlays/0575_overlay.png,/Users/kimsumin/projects/RGMC/calbration_data/robor06/masks/0575_mask.png
576,0.5046875,0.53125,338.93462246777165,259.66022099447514,1,0.0,0.0394239870038205,0.1270651100725887,1774676670.4027772,5,/Users/kimsumin/projects/RGMC/calibration_data/robot06/images/0576.png,/Users/kimsumin/projects/RGMC/calbration_data/robor06/overlays/0576_overlay.png,/Users/kimsumin/projects/RGMC/calbration_data/robor06/masks/0576_mask.png
577,0.475,0.53125,338.90017667844523,245.9964664310954,1,0.0,0.044250204454777,0.049534309978125,1774676680.6599915,5,/Users/kimsumin/projects/RGMC/calibration_data/robot06/images/0577.png,/Users/kimsumin/projects/RGMC/calbration_data/robor06/overlays/0577_overlay.png,/Users/kimsumin/projects/RGMC/calbration_data/robor06/masks/0577_mask.png
578,0.4453125,0.53125,338.7289211242067,232.87971274685816,1,0.0,0.0470211964255652,0.0293103277683778,1774676690.836572,5,/Users/kimsumin/projects/RGMC/calibration_data/robot06/images/0578.png,/Users/kimsumin/projects/RGMC/calbration_data/robor06/overlays/0578_overlay.png,/Users/kimsumin/projects/RGMC/calbration_data/robor06/masks/0578_mask.png
579,0.4156249999999999,0.53125,338.73015873015873,219.78524743230625,1,0.0,0.0286425623356873,0.071190193572874,1774676701.0231636,5,/Users/kimsumin/projects/RGMC/calibration_data/robot06/images/0579.png,/Users/kimsumin/projects/RGMC/calbration_data/robor06/overlays/0579_overlay.png,/Users/kimsumin/projects/RGMC/calbration_data/robor06/masks/0579_mask.png
580,0.3859375,0.53125,338.6877748460862,206.22427440633248,1,0.0,0.0238706094130581,0.0238865011026037,1774676711.1795566,5,/Users/kimsumin/projects/RGMC/calibration_data/robot06/images/0580.png,/Users/kimsumin/projects/RGMC/calbration_data/robor06/overlays/0580_overlay.png,/Users/kimsumin/projects/RGMC/calbration_data/robor06/masks/0580_mask.png
581,0.3562499999999999,0.53125,337.5961871750433,193.59098786828423,1,0.0,0.030176166131405,0.0391420077955665,1774676721.4423018,5,/Users/kimsumin/projects/RGMC/calibration_data/robot06/images/0581.png,/Users/kimsumin/projects/RGMC/calbration_data/robor06/overlays/0581_overlay.png,/Users/kimsumin/projects/RGMC/calbration_data/robor06/masks/0581_mask.png
582,0.3265625,0.53125,337.4021739130435,180.76258389261744,1,0.0,0.0589013550172794,0.0703191260746685,1774676732.3587022,5,/Users/kimsumin/projects/RGMC/calibration_data/robot06/images/0582.png,/Users/kimsumin/projects/RGMC/calbration_data/robor06/overlays/0582_overlay.png,/Users/kimsumin/projects/RGMC/calbration_data/robor06/masks/0582_mask.png
583,0.296875,0.53125,337.64690265486723,167.59082892416225,1,0.0,0.0187373914584653,0.0551484855623249,1774676742.2970765,5,/Users/kimsumin/projects/RGMC/calibration_data/robot06/images/0583.png,/Users/kimsumin/projects/RGMC/calbration_data/robor06/overlays/0583_overlay.png,/Users/kimsumin/projects/RGMC/calbration_data/robor06/masks/0583_mask.png
584,0.2671874999999999,0.53125,337.5814977973568,155.0079155672823,1,0.0,0.1233959580357595,0.0561761081444513,1774676753.9647892,5,/Users/kimsumin/projects/RGMC/calibration_data/robot06/images/0584.png,/Users/kimsumin/projects/RGMC/calbration_data/robor06/overlays/0584_overlay.png,/Users/kimsumin/projects/RGMC/calbration_data/robor06/masks/0584_mask.png
585,0.2375,0.53125,337.6727574750831,141.45265780730898,1,0.0,0.0304055930444556,0.0288473628214048,1774676764.7990355,5,/Users/kimsumin/projects/RGMC/calibration_data/robot06/images/0585.png,/Users/kimsumin/projects/RGMC/calbration_data/robor06/overlays/0585_overlay.png,/Users/kimsumin/projects/RGMC/calbration_data/robor06/masks/0585_mask.png
586,0.2078124999999999,0.53125,337.3290924512299,128.61238337574216,1,0.0,0.3899810999364117,0.0711427814675401,1774676774.9976287,5,/Users/kimsumin/projects/RGMC/calibration_data/robot06/images/0586.png,/Users/kimsumin/projects/RGMC/calbration_data/robor06/overlays/0586_overlay.png,/Users/kimsumin/projects/RGMC/calbration_data/robor06/masks/0586_mask.png
587,0.1781249999999999,0.53125,337.48430873621714,116.1214953271028,1,0.0,0.0328712662812549,0.0562871984295629,1774676785.39347,5,/Users/kimsumin/projects/RGMC/calibration_data/robot06/images/0587.png,/Users/kimsumin/projects/RGMC/calbration_data/robor06/overlays/0587_overlay.png,/Users/kimsumin/projects/RGMC/calbration_data/robor06/masks/0587_mask.png
588,0.1484375,0.53125,337.7007672634271,102.3090601185436,1,0.0,0.0674407466861697,0.1017623555467415,1774676795.5194864,5,/Users/kimsumin/projects/RGMC/calibration_data/robot06/images/0588.png,/Users/kimsumin/projects/RGMC/calbration_data/robor06/overlays/0588_overlay.png,/Users/kimsumin/projects/RGMC/calbration_data/robor06/masks/0588_mask.png
589,0.11875,0.53125,337.42261904761904,89.31767719897523,1,0.0,0.0690162210027667,0.0959481339398373,1774676805.6769023,5,/Users/kimsumin/projects/RGMC/calibration_data/robot06/images/0589.png,/Users/kimsumin/projects/RGMC/calbration_data/robor06/overlays/0589_overlay.png,/Users/kimsumin/projects/RGMC/calbration_data/robor06/masks/0589_mask.png
590,0.0890624999999999,0.53125,337.5921739130435,76.12588028169014,1,0.0,0.0583907382648904,0.0591422743461631,1774676816.729926,5,/Users/kimsumin/projects/RGMC/calibration_data/robot06/images/0590.png,/Users/kimsumin/projects/RGMC/calbration_data/robor06/overlays/0590_overlay.png,/Users/kimsumin/projects/RGMC/calbration_data/robor06/masks/0590_mask.png
591,0.059375,0.53125,337.3066666666667,62.425,1,0.0,0.0560168668739592,0.0180496062500463,1774676827.4764884,5,/Users/kimsumin/projects/RGMC/calibration_data/robot06/images/0591.png,/Users/kimsumin/projects/RGMC/calbration_data/robor06/overlays/0591_overlay.png,/Users/kimsumin/projects/RGMC/calbration_data/robor06/masks/0591_mask.png
592,0.0296875,0.53125,337.0769888793841,49.605442176870746,1,0.0,0.0597420273206969,0.0482130072785857,1774676837.6611652,5,/Users/kimsumin/projects/RGMC/calibration_data/robot06/images/0592.png,/Users/kimsumin/projects/RGMC/calbration_data/robor06/overlays/0592_overlay.png,/Users/kimsumin/projects/RGMC/calbration_data/robor06/masks/0592_mask.png
593,0.0,0.53125,336.79298245614035,36.72291296625222,1,0.0,0.097617140090761,0.1133397728919883,1774676847.754438,5,/Users/kimsumin/projects/RGMC/calibration_data/robot06/images/0593.png,/Users/kimsumin/projects/RGMC/calbration_data/robor06/overlays/0593_overlay.png,/Users/kimsumin/projects/RGMC/calbration_data/robor06/masks/0593_mask.png
594,0.0,0.5625,323.4244791666667,36.74074074074074,1,0.0,0.0200937269722619,0.0635083004344116,1774676857.863037,5,/Users/kimsumin/projects/RGMC/calibration_data/robot06/images/0594.png,/Users/kimsumin/projects/RGMC/calbration_data/robor06/overlays/0594_overlay.png,/Users/kimsumin/projects/RGMC/calbration_data/robor06/masks/0594_mask.png
595,0.0296875,0.5625,323.4464135021097,49.53502109704641,1,0.0,0.0419491455811206,0.0940079327418411,1774676867.9131074,5,/Users/kimsumin/projects/RGMC/calibration_data/robot06/images/0595.png,/Users/kimsumin/projects/RGMC/calbration_data/robor06/overlays/0595_overlay.png,/Users/kimsumin/projects/RGMC/calbration_data/robor06/masks/0595_mask.png
596,0.059375,0.5625,323.4227504244482,62.22504230118443,1,0.0,0.0291225560186517,0.0344292064030554,1774676877.9749658,5,/Users/kimsumin/projects/RGMC/calibration_data/robot06/images/0596.png,/Users/kimsumin/projects/RGMC/calbration_data/robor06/overlays/0596_overlay.png,/Users/kimsumin/projects/RGMC/calbration_data/robor06/masks/0596_mask.png
597,0.0890624999999999,0.5625,323.54795737122555,76.45648312611013,1,0.0,0.0233404304857972,0.0713374125891505,1774676887.945254,5,/Users/kimsumin/projects/RGMC/calibration_data/robot06/images/0597.png,/Users/kimsumin/projects/RGMC/calbration_data/robor06/overlays/0597_overlay.png,/Users/kimsumin/projects/RGMC/calbration_data/robor06/masks/0597_mask.png
598,0.11875,0.5625,323.60378983634797,89.75497835497835,1,0.0,0.0569781269631783,0.1057178188515866,1774676898.2218742,5,/Users/kimsumin/projects/RGMC/calibration_data/robot06/images/0598.png,/Users/kimsumin/projects/RGMC/calbration_data/robor06/overlays/0598_overlay.png,/Users/kimsumin/projects/RGMC/calbration_data/robor06/masks/0598_mask.png
599,0.1484375,0.5625,323.6451897616946,102.31343283582088,1,0.0,0.0595073759350271,0.0756753103838445,1774676907.9797308,5,/Users/kimsumin/projects/RGMC/calibration_data/robot06/images/0599.png,/Users/kimsumin/projects/RGMC/calbration_data/robor06/overlays/0599_overlay.png,/Users/kimsumin/projects/RGMC/calbration_data/robor06/masks/0599_mask.png
600,0.1781249999999999,0.5625,323.5711727842435,115.12253641816623,1,0.0,0.0580986931046475,0.2777876188835211,1774676917.8843763,5,/Users/kimsumin/projects/RGMC/calibration_data/robot06/images/0600.png,/Users/kimsumin/projects/RGMC/calbration_data/robor06/overlays/0600_overlay.png,/Users/kimsumin/projects/RGMC/calbration_data/robor06/masks/0600_mask.png
601,0.2078124999999999,0.5625,323.60335689045934,128.42881944444446,1,0.0,0.0215147323511241,0.0874420379683896,1774676928.2262263,5,/Users/kimsumin/projects/RGMC/calibration_data/robot06/images/0601.png,/Users/kimsumin/projects/RGMC/calbration_data/robor06/overlays/0601_overlay.png,/Users/kimsumin/projects/RGMC/calbration_data/robor06/masks/0601_mask.png
602,0.2375,0.5625,323.7395833333333,141.46608695652174,1,0.0,0.0207846982227286,0.0463819917875617,1774676938.9848137,5,/Users/kimsumin/projects/RGMC/calibration_data/robot06/images/0602.png,/Users/kimsumin/projects/RGMC/calbration_data/robor06/overlays/0602_overlay.png,/Users/kimsumin/projects/RGMC/calbration_data/robor06/masks/0602_mask.png
603,0.2671874999999999,0.5625,323.67690956979806,154.60491659350308,1,0.0,0.0473525555236353,0.3670393272856584,1774676949.3451788,5,/Users/kimsumin/projects/RGMC/calibration_data/robot06/images/0603.png,/Users/kimsumin/projects/RGMC/calbration_data/robor06/overlays/0603_overlay.png,/Users/kimsumin/projects/RGMC/calbration_data/robor06/masks/0603_mask.png
604,0.296875,0.5625,323.8363636363636,167.31569343065692,1,0.0,0.0415612935318234,0.2655862044556254,1774676959.56189,5,/Users/kimsumin/projects/RGMC/calibration_data/robot06/images/0604.png,/Users/kimsumin/projects/RGMC/calbration_data/robor06/overlays/0604_overlay.png,/Users/kimsumin/projects/RGMC/calbration_data/robor06/masks/0604_mask.png
605,0.3265625,0.5625,323.74295774647885,180.56028368794327,1,0.0,0.0397130871666737,0.1650142375897718,1774676969.913454,5,/Users/kimsumin/projects/RGMC/calibration_data/robot06/images/0605.png,/Users/kimsumin/projects/RGMC/calbration_data/robor06/overlays/0605_overlay.png,/Users/kimsumin/projects/RGMC/calbration_data/robor06/masks/0605_mask.png
606,0.3562499999999999,0.5625,323.97092511013216,193.1133746678477,1,0.0,0.0432596312152751,0.0638598526937059,1774676980.3684866,5,/Users/kimsumin/projects/RGMC/calibration_data/robot06/images/0606.png,/Users/kimsumin/projects/RGMC/calbration_data/robor06/overlays/0606_overlay.png,/Users/kimsumin/projects/RGMC/calbration_data/robor06/masks/0606_mask.png
607,0.3859375,0.5625,323.8874345549738,205.7947598253275,1,0.0,0.0341274991779319,0.0178306142245675,1774676990.5215902,5,/Users/kimsumin/projects/RGMC/calibration_data/robot06/images/0607.png,/Users/kimsumin/projects/RGMC/calbration_data/robor06/overlays/0607_overlay.png,/Users/kimsumin/projects/RGMC/calbration_data/robor06/masks/0607_mask.png
608,0.4156249999999999,0.5625,324.0008718395815,219.67785843920143,1,0.0,0.0431306098345442,0.3113009827837263,1774677002.0858805,5,/Users/kimsumin/projects/RGMC/calibration_data/robot06/images/0608.png,/Users/kimsumin/projects/RGMC/calbration_data/robor06/overlays/0608_overlay.png,/Users/kimsumin/projects/RGMC/calbration_data/robor06/masks/0608_mask.png
609,0.4453125,0.5625,324.03339350180505,232.33935018050545,1,0.0,0.0112658314621956,0.0365176481226909,1774677012.6331298,5,/Users/kimsumin/projects/RGMC/calibration_data/robot06/images/0609.png,/Users/kimsumin/projects/RGMC/calbration_data/robor06/overlays/0609_overlay.png,/Users/kimsumin/projects/RGMC/calbration_data/robor06/masks/0609_mask.png
610,0.475,0.5625,324.113891285591,245.59419014084503,1,0.0,0.0537140723736378,0.0777037503163969,1774677023.3740616,5,/Users/kimsumin/projects/RGMC/calibration_data/robot06/images/0610.png,/Users/kimsumin/projects/RGMC/calbration_data/robor06/overlays/0610_overlay.png,/Users/kimsumin/projects/RGMC/calbration_data/robor06/masks/0610_mask.png
611,0.5046875,0.5625,324.5104347826087,258.1408695652174,1,0.0,0.0743051017154574,0.0640051890402258,1774677033.696646,5,/Users/kimsumin/projects/RGMC/calibration_data/robot06/images/0611.png,/Users/kimsumin/projects/RGMC/calbration_data/robor06/overlays/0611_overlay.png,/Users/kimsumin/projects/RGMC/calbration_data/robor06/masks/0611_mask.png
612,0.5343749999999999,0.5625,324.3989120580236,272.1078875793291,1,0.0,0.0645183780423972,0.0586427594595571,1774677044.047143,5,/Users/kimsumin/projects/RGMC/calibration_data/robot06/images/0612.png,/Users/kimsumin/projects/RGMC/calbration_data/robor06/overlays/0612_overlay.png,/Users/kimsumin/projects/RGMC/calbration_data/robor06/masks/0612_mask.png
613,0.5640625,0.5625,324.1169844020797,285.4610051993068,1,0.0,0.0506630715095412,0.0463947295450452,1774677054.82261,5,/Users/kimsumin/projects/RGMC/calibration_data/robot06/images/0613.png,/Users/kimsumin/projects/RGMC/calbration_data/robor06/overlays/0613_overlay.png,/Users/kimsumin/projects/RGMC/calbration_data/robor06/masks/0613_mask.png
614,0.59375,0.5625,324.6858137510879,298.0008576329331,1,0.0,0.1863022007513001,0.0469984055855136,1774677065.9646409,5,/Users/kimsumin/projects/RGMC/calibration_data/robot06/images/0614.png,/Users/kimsumin/projects/RGMC/calbration_data/robor06/overlays/0614_overlay.png,/Users/kimsumin/projects/RGMC/calbration_data/robor06/masks/0614_mask.png
615,0.6234375,0.5625,324.54578754578756,311.49816176470586,1,0.0,0.0525984124301104,0.0482218593976783,1774677077.6226568,5,/Users/kimsumin/projects/RGMC/calibration_data/robot06/images/0615.png,/Users/kimsumin/projects/RGMC/calbration_data/robor06/overlays/0615_overlay.png,/Users/kimsumin/projects/RGMC/calbration_data/robor06/masks/0615_mask.png
616,0.653125,0.5625,325.22739244951714,324.44473684210527,1,0.0,0.0806665806103376,0.0456006640673454,1774677088.2836566,5,/Users/kimsumin/projects/RGMC/calibration_data/robot06/images/0616.png,/Users/kimsumin/projects/RGMC/calbration_data/robor06/overlays/0616_overlay.png,/Users/kimsumin/projects/RGMC/calbration_data/robor06/masks/0616_mask.png
617,0.6828124999999999,0.5625,325.64915254237286,337.5139712108383,1,0.0,0.0358500061255745,0.1049689209045562,1774677098.62581,5,/Users/kimsumin/projects/RGMC/calibration_data/robot06/images/0617.png,/Users/kimsumin/projects/RGMC/calbration_data/robor06/overlays/0617_overlay.png,/Users/kimsumin/projects/RGMC/calbration_data/robor06/masks/0617_mask.png
618,0.7124999999999999,0.5625,326.47955390334573,351.16355140186914,1,0.0,0.336417357146587,0.1195742677046696,1774677109.1677852,5,/Users/kimsumin/projects/RGMC/calibration_data/robot06/images/0618.png,/Users/kimsumin/projects/RGMC/calbration_data/robor06/overlays/0618_overlay.png,/Users/kimsumin/projects/RGMC/calbration_data/robor06/masks/0618_mask.png
619,0.7421875,0.5625,326.64113980409616,364.386404293381,1,0.0,0.3385815521477444,0.0620998631685189,1774677120.0211718,5,/Users/kimsumin/projects/RGMC/calibration_data/robot06/images/0619.png,/Users/kimsumin/projects/RGMC/calbration_data/robor06/overlays/0619_overlay.png,/Users/kimsumin/projects/RGMC/calbration_data/robor06/masks/0619_mask.png
620,0.771875,0.5625,327.0605012964564,377.4870242214533,1,0.0,0.0072492760190435,0.012591017935486,1774677130.2889178,5,/Users/kimsumin/projects/RGMC/calibration_data/robot06/images/0620.png,/Users/kimsumin/projects/RGMC/calbration_data/robor06/overlays/0620_overlay.png,/Users/kimsumin/projects/RGMC/calbration_data/robor06/masks/0620_mask.png
621,0.8015625,0.5625,327.17549956559515,390.251968503937,1,0.0,0.0086526968752239,0.0078661967358862,1774677141.3476017,5,/Users/kimsumin/projects/RGMC/calibration_data/robot06/images/0621.png,/Users/kimsumin/projects/RGMC/calbration_data/robor06/overlays/0621_overlay.png,/Users/kimsumin/projects/RGMC/calbration_data/robor06/masks/0621_mask.png
622,0.8312499999999999,0.5625,327.2874889086069,404.1753303964758,1,0.0,0.0198186984814263,0.0615290466222828,1774677151.6837256,5,/Users/kimsumin/projects/RGMC/calibration_data/robot06/images/0622.png,/Users/kimsumin/projects/RGMC/calbration_data/robor06/overlays/0622_overlay.png,/Users/kimsumin/projects/RGMC/calbration_data/robor06/masks/0622_mask.png
623,0.8609374999999999,0.5625,327.3660869565217,417.1221640488656,1,0.0,0.040549296964634,0.0574219809809102,1774677163.017408,5,/Users/kimsumin/projects/RGMC/calibration_data/robot06/images/0623.png,/Users/kimsumin/projects/RGMC/calbration_data/robor06/overlays/0623_overlay.png,/Users/kimsumin/projects/RGMC/calbration_data/robor06/masks/0623_mask.png
624,0.890625,0.5625,327.5396551724138,429.66580086580086,1,0.0,0.0467441577944925,0.0887851029521734,1774677173.269418,5,/Users/kimsumin/projects/RGMC/calibration_data/robot06/images/0624.png,/Users/kimsumin/projects/RGMC/calbration_data/robor06/overlays/0624_overlay.png,/Users/kimsumin/projects/RGMC/calbration_data/robor06/masks/0624_mask.png
625,0.9203125,0.5625,327.39141856392297,443.6404199475066,1,0.0,0.036912808652419,0.0335222686552153,1774677183.734449,5,/Users/kimsumin/projects/RGMC/calibration_data/robot06/images/0625.png,/Users/kimsumin/projects/RGMC/calbration_data/robor06/overlays/0625_overlay.png,/Users/kimsumin/projects/RGMC/calbration_data/robor06/masks/0625_mask.png
626,0.95,0.5625,327.6935630099728,455.6681776971895,1,0.0,0.0157953201860449,0.0134510937050318,1774677194.159471,5,/Users/kimsumin/projects/RGMC/calibration_data/robot06/images/0626.png,/Users/kimsumin/projects/RGMC/calbration_data/robor06/overlays/0626_overlay.png,/Users/kimsumin/projects/RGMC/calbration_data/robor06/masks/0626_mask.png
627,0.95,0.59375,314.586821015138,456.21994884910487,1,0.0,0.4090739417460338,0.0873415229894612,1774677204.416073,5,/Users/kimsumin/projects/RGMC/calibration_data/robot06/images/0627.png,/Users/kimsumin/projects/RGMC/calbration_data/robor06/overlays/0627_overlay.png,/Users/kimsumin/projects/RGMC/calbration_data/robor06/masks/0627_mask.png
628,0.9203125,0.59375,313.48387096774195,443.6383347788378,1,0.0,0.048810472494464,0.0442250316000093,1774677214.3527088,5,/Users/kimsumin/projects/RGMC/calibration_data/robot06/images/0628.png,/Users/kimsumin/projects/RGMC/calbration_data/robor06/overlays/0628_overlay.png,/Users/kimsumin/projects/RGMC/calbration_data/robor06/masks/0628_mask.png
629,0.890625,0.59375,313.4078073089701,429.92703150912104,1,0.0,0.0390828165575391,0.0486785623173205,1774677224.9867482,5,/Users/kimsumin/projects/RGMC/calibration_data/robot06/images/0629.png,/Users/kimsumin/projects/RGMC/calbration_data/robor06/overlays/0629_overlay.png,/Users/kimsumin/projects/RGMC/calbration_data/robor06/masks/0629_mask.png
630,0.8609374999999999,0.59375,313.1279264214047,417.34866220735785,1,0.0,0.0529118237646368,0.0668944393344671,1774677235.7439086,5,/Users/kimsumin/projects/RGMC/calibration_data/robot06/images/0630.png,/Users/kimsumin/projects/RGMC/calbration_data/robor06/overlays/0630_overlay.png,/Users/kimsumin/projects/RGMC/calbration_data/robor06/masks/0630_mask.png
631,0.8312499999999999,0.59375,312.8843830888697,404.5522260273973,1,0.0,0.0540197607309255,0.0643463527917502,1774677245.993729,5,/Users/kimsumin/projects/RGMC/calibration_data/robot06/images/0631.png,/Users/kimsumin/projects/RGMC/calbration_data/robor06/overlays/0631_overlay.png,/Users/kimsumin/projects/RGMC/calbration_data/robor06/masks/0631_mask.png
632,0.8015625,0.59375,312.88042515500445,391.2583479789104,1,0.0,0.0690419573041826,0.0285314614951096,1774677256.2473943,5,/Users/kimsumin/projects/RGMC/calibration_data/robot06/images/0632.png,/Users/kimsumin/projects/RGMC/calbration_data/robor06/overlays/0632_overlay.png,/Users/kimsumin/projects/RGMC/calbration_data/robor06/masks/0632_mask.png
633,0.771875,0.59375,312.7186108637578,377.49066666666664,1,0.0,0.0795010667628452,0.0340000506166216,1774677267.4901843,5,/Users/kimsumin/projects/RGMC/calibration_data/robot06/images/0633.png,/Users/kimsumin/projects/RGMC/calbration_data/robor06/overlays/0633_overlay.png,/Users/kimsumin/projects/RGMC/calbration_data/robor06/masks/0633_mask.png
634,0.7421875,0.59375,312.13984168865437,364.6457041629761,1,0.0,0.0235298267192524,0.0468434366970668,1774677278.7452538,5,/Users/kimsumin/projects/RGMC/calibration_data/robot06/images/0634.png,/Users/kimsumin/projects/RGMC/calbration_data/robor06/overlays/0634_overlay.png,/Users/kimsumin/projects/RGMC/calbration_data/robor06/masks/0634_mask.png
635,0.7124999999999999,0.59375,311.9387568555759,351.2166361974406,1,0.0,0.0342139809374742,0.0709298066764871,1774677289.2189565,5,/Users/kimsumin/projects/RGMC/calibration_data/robot06/images/0635.png,/Users/kimsumin/projects/RGMC/calbration_data/robor06/overlays/0635_overlay.png,/Users/kimsumin/projects/RGMC/calbration_data/robor06/masks/0635_mask.png
636,0.6828124999999999,0.59375,311.77484608619176,337.920913884007,1,0.0,0.0543701666715747,0.0389107337908958,1774677299.6345837,5,/Users/kimsumin/projects/RGMC/calibration_data/robot06/images/0636.png,/Users/kimsumin/projects/RGMC/calbration_data/robor06/overlays/0636_overlay.png,/Users/kimsumin/projects/RGMC/calbration_data/robor06/masks/0636_mask.png
637,0.653125,0.59375,311.7626527050611,325.25,1,0.0,0.0696068587451317,0.0645956839706151,1774677310.3980956,5,/Users/kimsumin/projects/RGMC/calibration_data/robot06/images/0637.png,/Users/kimsumin/projects/RGMC/calbration_data/robor06/overlays/0637_overlay.png,/Users/kimsumin/projects/RGMC/calbration_data/robor06/masks/0637_mask.png
638,0.6234375,0.59375,311.28521434820647,312.35870516185474,1,0.0,0.0421071599016084,0.0932157770991217,1774677321.038555,5,/Users/kimsumin/projects/RGMC/calibration_data/robot06/images/0638.png,/Users/kimsumin/projects/RGMC/calbration_data/robor06/overlays/0638_overlay.png,/Users/kimsumin/projects/RGMC/calbration_data/robor06/masks/0638_mask.png
639,0.59375,0.59375,311.2594254937163,299.4307417336908,1,0.0,0.0797304406781043,0.0812193859207012,1774677331.4837787,5,/Users/kimsumin/projects/RGMC/calibration_data/robot06/images/0639.png,/Users/kimsumin/projects/RGMC/calbration_data/robor06/overlays/0639_overlay.png,/Users/kimsumin/projects/RGMC/calbration_data/robor06/masks/0639_mask.png
640,0.5640625,0.59375,311.21289752650176,285.7104111986002,1,0.0,0.0330203696210565,0.0841918601285618,1774677342.74134,5,/Users/kimsumin/projects/RGMC/calibration_data/robot06/images/0640.png,/Users/kimsumin/projects/RGMC/calbration_data/robor06/overlays/0640_overlay.png,/Users/kimsumin/projects/RGMC/calbration_data/robor06/masks/0640_mask.png
641,0.5343749999999999,0.59375,311.4768270944742,272.59892569382276,1,0.0,0.026834729650065,0.0516480697071473,1774677353.187388,5,/Users/kimsumin/projects/RGMC/calibration_data/robot06/images/0641.png,/Users/kimsumin/projects/RGMC/calbration_data/robor06/overlays/0641_overlay.png,/Users/kimsumin/projects/RGMC/calbration_data/robor06/masks/0641_mask.png
642,0.5046875,0.59375,311.0374181478017,259.35468895078924,1,0.0,0.0502220286705436,0.1778506815340391,1774677363.562322,5,/Users/kimsumin/projects/RGMC/calibration_data/robot06/images/0642.png,/Users/kimsumin/projects/RGMC/calbration_data/robor06/overlays/0642_overlay.png,/Users/kimsumin/projects/RGMC/calbration_data/robor06/masks/0642_mask.png
643,0.475,0.59375,311.11908931698775,245.73467600700525,1,0.0,0.0072090126123841,0.0095807457700625,1774677374.17935,5,/Users/kimsumin/projects/RGMC/calibration_data/robot06/images/0643.png,/Users/kimsumin/projects/RGMC/calbration_data/robor06/overlays/0643_overlay.png,/Users/kimsumin/projects/RGMC/calbration_data/robor06/masks/0643_mask.png
644,0.4453125,0.59375,310.852045256745,232.95667244367417,1,0.0,0.0321511370451284,0.0137518520533424,1774677384.803571,5,/Users/kimsumin/projects/RGMC/calibration_data/robot06/images/0644.png,/Users/kimsumin/projects/RGMC/calbration_data/robor06/overlays/0644_overlay.png,/Users/kimsumin/projects/RGMC/calbration_data/robor06/masks/0644_mask.png
645,0.4156249999999999,0.59375,310.59016393442624,220.2201086956522,1,0.0,0.0228515927086838,0.0219243085130675,1774677395.3727818,5,/Users/kimsumin/projects/RGMC/calibration_data/robot06/images/0645.png,/Users/kimsumin/projects/RGMC/calbration_data/robor06/overlays/0645_overlay.png,/Users/kimsumin/projects/RGMC/calbration_data/robor06/masks/0645_mask.png
646,0.3859375,0.59375,310.7894736842105,206.0900981266726,1,0.0,0.033002698052265,0.0529923373567283,1774677405.950336,5,/Users/kimsumin/projects/RGMC/calibration_data/robot06/images/0646.png,/Users/kimsumin/projects/RGMC/calbration_data/robor06/overlays/0646_overlay.png,/Users/kimsumin/projects/RGMC/calbration_data/robor06/masks/0646_mask.png
647,0.3562499999999999,0.59375,310.6608544027899,193.5637467476149,1,0.0,0.0383093959922507,0.0745930463942357,1774677416.476201,5,/Users/kimsumin/projects/RGMC/calibration_data/robot06/images/0647.png,/Users/kimsumin/projects/RGMC/calbration_data/robor06/overlays/0647_overlay.png,/Users/kimsumin/projects/RGMC/calbration_data/robor06/masks/0647_mask.png
648,0.3265625,0.59375,310.7615658362989,181.1471900089206,1,0.0,0.0294358926634288,0.0690070530055173,1774677426.9172492,5,/Users/kimsumin/projects/RGMC/calibration_data/robot06/images/0648.png,/Users/kimsumin/projects/RGMC/calbration_data/robor06/overlays/0648_overlay.png,/Users/kimsumin/projects/RGMC/calbration_data/robor06/masks/0648_mask.png
649,0.296875,0.59375,311.009900990099,167.7038703870387,1,0.0,0.0265965042024419,0.0292432956020517,1774677437.277781,5,/Users/kimsumin/projects/RGMC/calibration_data/robot06/images/0649.png,/Users/kimsumin/projects/RGMC/calbration_data/robor06/overlays/0649_overlay.png,/Users/kimsumin/projects/RGMC/calbration_data/robor06/masks/0649_mask.png
650,0.2671874999999999,0.59375,310.4633027522936,155.43054277828887,1,0.0,0.0628964282876482,0.0299243582800266,1774677448.0284886,5,/Users/kimsumin/projects/RGMC/calibration_data/robot06/images/0650.png,/Users/kimsumin/projects/RGMC/calbration_data/robor06/overlays/0650_overlay.png,/Users/kimsumin/projects/RGMC/calbration_data/robor06/masks/0650_mask.png
651,0.2375,0.59375,310.7898866608544,141.7681539807524,1,0.0,0.0362659968455225,0.0391593674079134,1774677458.3699234,5,/Users/kimsumin/projects/RGMC/calibration_data/robot06/images/0651.png,/Users/kimsumin/projects/RGMC/calbration_data/robor06/overlays/0651_overlay.png,/Users/kimsumin/projects/RGMC/calbration_data/robor06/masks/0651_mask.png
652,0.2078124999999999,0.59375,310.50953206239166,129.0,1,0.0,0.0452754938062477,0.068587310520581,1774677468.803589,5,/Users/kimsumin/projects/RGMC/calibration_data/robot06/images/0652.png,/Users/kimsumin/projects/RGMC/calbration_data/robor06/overlays/0652_overlay.png,/Users/kimsumin/projects/RGMC/calbration_data/robor06/masks/0652_mask.png
653,0.1781249999999999,0.59375,310.77196095829635,116.17932862190813,1,0.0,0.0444456088240628,0.156837479633082,1774677479.764758,5,/Users/kimsumin/projects/RGMC/calibration_data/robot06/images/0653.png,/Users/kimsumin/projects/RGMC/calbration_data/robor06/overlays/0653_overlay.png,/Users/kimsumin/projects/RGMC/calbration_data/robor06/masks/0653_mask.png
654,0.1484375,0.59375,310.6468531468532,102.40217391304348,1,0.0,0.3301247432103142,0.0534448705957963,1774677490.0470538,5,/Users/kimsumin/projects/RGMC/calibration_data/robot06/images/0654.png,/Users/kimsumin/projects/RGMC/calbration_data/robor06/overlays/0654_overlay.png,/Users/kimsumin/projects/RGMC/calbration_data/robor06/masks/0654_mask.png
655,0.11875,0.59375,310.71899392888116,89.60103181427343,1,0.0,0.023134251107845,0.0292637864819711,1774677500.4396656,5,/Users/kimsumin/projects/RGMC/calibration_data/robot06/images/0655.png,/Users/kimsumin/projects/RGMC/calbration_data/robor06/overlays/0655_overlay.png,/Users/kimsumin/projects/RGMC/calbration_data/robor06/masks/0655_mask.png
656,0.0890624999999999,0.59375,309.64851063829786,76.64425531914894,1,0.0,0.0184237296199352,0.0742498307343071,1774677510.697098,5,/Users/kimsumin/projects/RGMC/calibration_data/robot06/images/0656.png,/Users/kimsumin/projects/RGMC/calbration_data/robor06/overlays/0656_overlay.png,/Users/kimsumin/projects/RGMC/calbration_data/robor06/masks/0656_mask.png
657,0.059375,0.59375,309.72757753562445,63.00660611065235,1,0.0,0.0499074701127712,0.1549775824686875,1774677520.751196,5,/Users/kimsumin/projects/RGMC/calibration_data/robot06/images/0657.png,/Users/kimsumin/projects/RGMC/calbration_data/robor06/overlays/0657_overlay.png,/Users/kimsumin/projects/RGMC/calbration_data/robor06/masks/0657_mask.png
658,0.0296875,0.59375,309.71511147811725,50.04358552631579,1,0.0,0.0808707049610641,0.1136930493472983,1774677531.196457,5,/Users/kimsumin/projects/RGMC/calibration_data/robot06/images/0658.png,/Users/kimsumin/projects/RGMC/calbration_data/robor06/overlays/0658_overlay.png,/Users/kimsumin/projects/RGMC/calbration_data/robor06/masks/0658_mask.png
659,0.0,0.59375,309.3546218487395,36.81963087248322,1,0.0,0.068306926391577,0.0612111443325897,1774677545.0974493,5,/Users/kimsumin/projects/RGMC/calibration_data/robot06/images/0659.png,/Users/kimsumin/projects/RGMC/calbration_data/robor06/overlays/0659_overlay.png,/Users/kimsumin/projects/RGMC/calbration_data/robor06/masks/0659_mask.png
660,0.0,0.625,295.5639288738357,36.938292476754015,1,0.0,0.0211514344386351,0.0693094121762293,1774677555.4389737,5,/Users/kimsumin/projects/RGMC/calibration_data/robot06/images/0660.png,/Users/kimsumin/projects/RGMC/calbration_data/robor06/overlays/0660_overlay.png,/Users/kimsumin/projects/RGMC/calbration_data/robor06/masks/0660_mask.png
661,0.0296875,0.625,296.02349869451695,49.798796216681,1,0.0,0.0627813065061782,0.0836138053040992,1774677565.9780731,5,/Users/kimsumin/projects/RGMC/calibration_data/robot06/images/0661.png,/Users/kimsumin/projects/RGMC/calbration_data/robor06/overlays/0661_overlay.png,/Users/kimsumin/projects/RGMC/calbration_data/robor06/masks/0661_mask.png
662,0.059375,0.625,295.60865874363327,62.67402376910017,1,0.0,0.0628629441070442,0.0665556933705641,1774677576.7421207,5,/Users/kimsumin/projects/RGMC/calibration_data/robot06/images/0662.png,/Users/kimsumin/projects/RGMC/calbration_data/robor06/overlays/0662_overlay.png,/Users/kimsumin/projects/RGMC/calbration_data/robor06/masks/0662_mask.png
663,0.0890624999999999,0.625,295.5199291408326,76.43094405594405,1,0.0,0.0988526537583551,0.1770370088127334,1774677587.1765974,5,/Users/kimsumin/projects/RGMC/calibration_data/robot06/images/0663.png,/Users/kimsumin/projects/RGMC/calbration_data/robor06/overlays/0663_overlay.png,/Users/kimsumin/projects/RGMC/calbration_data/robor06/masks/0663_mask.png
664,0.11875,0.625,295.49270386266096,89.06351931330472,1,0.0,0.0364692046840141,0.100538426749224,1774677598.0726545,5,/Users/kimsumin/projects/RGMC/calibration_data/robot06/images/0664.png,/Users/kimsumin/projects/RGMC/calbration_data/robor06/overlays/0664_overlay.png,/Users/kimsumin/projects/RGMC/calbration_data/robor06/masks/0664_mask.png
665,0.1484375,0.625,295.6928327645051,102.0622866894198,1,0.0,0.0104501702840449,0.0333661071981292,1774677608.4755206,5,/Users/kimsumin/projects/RGMC/calibration_data/robot06/images/0665.png,/Users/kimsumin/projects/RGMC/calbration_data/robor06/overlays/0665_overlay.png,/Users/kimsumin/projects/RGMC/calbration_data/robor06/masks/0665_mask.png
666,0.1781249999999999,0.625,295.59262510974537,115.61116031886624,1,0.0,0.0798824890084469,0.0225417615937617,1774677618.829198,5,/Users/kimsumin/projects/RGMC/calibration_data/robot06/images/0666.png,/Users/kimsumin/projects/RGMC/calbration_data/robor06/overlays/0666_overlay.png,/Users/kimsumin/projects/RGMC/calbration_data/robor06/masks/0666_mask.png
667,0.2078124999999999,0.625,295.70934256055364,128.77710320901994,1,0.0,0.0191177930701149,0.016473139446703,1774677629.469358,5,/Users/kimsumin/projects/RGMC/calibration_data/robot06/images/0667.png,/Users/kimsumin/projects/RGMC/calbration_data/robor06/overlays/0667_overlay.png,/Users/kimsumin/projects/RGMC/calbration_data/robor06/masks/0667_mask.png
668,0.2375,0.625,295.97033898305085,141.4262711864407,1,0.0,0.0223224280533691,0.0657528799174944,1774677639.9109716,5,/Users/kimsumin/projects/RGMC/calibration_data/robot06/images/0668.png,/Users/kimsumin/projects/RGMC/calbration_data/robor06/overlays/0668_overlay.png,/Users/kimsumin/projects/RGMC/calbration_data/robor06/masks/0668_mask.png
669,0.2671874999999999,0.625,296.0226086956522,154.1707530647986,1,0.0,0.0749749753229332,0.3627483189292542,1774677650.2764342,5,/Users/kimsumin/projects/RGMC/calibration_data/robot06/images/0669.png,/Users/kimsumin/projects/RGMC/calbration_data/robor06/overlays/0669_overlay.png,/Users/kimsumin/projects/RGMC/calbration_data/robor06/masks/0669_mask.png
670,0.296875,0.625,296.1768402154399,167.47349505840072,1,0.0,0.0377149949848265,0.0381447970657857,1774677660.8012738,5,/Users/kimsumin/projects/RGMC/calibration_data/robot06/images/0670.png,/Users/kimsumin/projects/RGMC/calbration_data/robor06/overlays/0670_overlay.png,/Users/kimsumin/projects/RGMC/calbration_data/robor06/masks/0670_mask.png
671,0.3265625,0.625,295.9816753926702,180.45764192139737,1,0.0,0.0296231546085434,0.0185190156850366,1774677671.1430566,5,/Users/kimsumin/projects/RGMC/calibration_data/robot06/images/0671.png,/Users/kimsumin/projects/RGMC/calbration_data/robor06/overlays/0671_overlay.png,/Users/kimsumin/projects/RGMC/calbration_data/robor06/masks/0671_mask.png
672,0.3562499999999999,0.625,295.9826238053866,193.1595466434176,1,0.0,0.021423039608041,0.0230146747312553,1774677681.952767,5,/Users/kimsumin/projects/RGMC/calibration_data/robot06/images/0672.png,/Users/kimsumin/projects/RGMC/calbration_data/robor06/overlays/0672_overlay.png,/Users/kimsumin/projects/RGMC/calbration_data/robor06/masks/0672_mask.png
673,0.3859375,0.625,296.3228346456693,205.9912510936133,1,0.0,0.0111267802654612,0.0877706056804013,1774677693.667286,5,/Users/kimsumin/projects/RGMC/calibration_data/robot06/images/0673.png,/Users/kimsumin/projects/RGMC/calbration_data/robor06/overlays/0673_overlay.png,/Users/kimsumin/projects/RGMC/calbration_data/robor06/masks/0673_mask.png
674,0.4156249999999999,0.625,296.15419708029196,219.6034482758621,1,0.0,0.0247304537530419,0.0459722682252341,1774677704.3399456,5,/Users/kimsumin/projects/RGMC/calibration_data/robot06/images/0674.png,/Users/kimsumin/projects/RGMC/calbration_data/robor06/overlays/0674_overlay.png,/Users/kimsumin/projects/RGMC/calbration_data/robor06/masks/0674_mask.png
675,0.4453125,0.625,296.32410714285714,232.5632798573975,1,0.0,0.0631545097655068,0.0565611132899962,1774677716.3073266,5,/Users/kimsumin/projects/RGMC/calibration_data/robot06/images/0675.png,/Users/kimsumin/projects/RGMC/calbration_data/robor06/overlays/0675_overlay.png,/Users/kimsumin/projects/RGMC/calbration_data/robor06/masks/0675_mask.png
676,0.475,0.625,296.12789699570817,245.84918594687232,1,0.0,0.0282439292717672,0.077609758874891,1774677726.8494306,5,/Users/kimsumin/projects/RGMC/calibration_data/robot06/images/0676.png,/Users/kimsumin/projects/RGMC/calbration_data/robor06/overlays/0676_overlay.png,/Users/kimsumin/projects/RGMC/calbration_data/robor06/masks/0676_mask.png
677,0.5046875,0.625,296.52757352941177,259.0175438596491,1,0.0,0.0776791972651395,0.3427873461049569,1774677737.4959624,5,/Users/kimsumin/projects/RGMC/calibration_data/robot06/images/0677.png,/Users/kimsumin/projects/RGMC/calbration_data/robor06/overlays/0677_overlay.png,/Users/kimsumin/projects/RGMC/calbration_data/robor06/masks/0677_mask.png
678,0.5343749999999999,0.625,296.95200698080276,272.1923076923077,1,0.0,0.0191734849309351,0.1160449847784919,1774677747.835559,5,/Users/kimsumin/projects/RGMC/calibration_data/robot06/images/0678.png,/Users/kimsumin/projects/RGMC/calbration_data/robor06/overlays/0678_overlay.png,/Users/kimsumin/projects/RGMC/calbration_data/robor06/masks/0678_mask.png
679,0.5640625,0.625,296.97405857740586,285.4426778242678,1,0.0,0.0465391221874001,0.0272375366798279,1774677758.69093,5,/Users/kimsumin/projects/RGMC/calibration_data/robot06/images/0679.png,/Users/kimsumin/projects/RGMC/calbration_data/robor06/overlays/0679_overlay.png,/Users/kimsumin/projects/RGMC/calbration_data/robor06/masks/0679_mask.png
680,0.59375,0.625,297.4159663865546,298.453781512605,1,0.0,0.0311751695364118,0.0484568921783171,1774677768.9567013,5,/Users/kimsumin/projects/RGMC/calibration_data/robot06/images/0680.png,/Users/kimsumin/projects/RGMC/calbration_data/robor06/overlays/0680_overlay.png,/Users/kimsumin/projects/RGMC/calbration_data/robor06/masks/0680_mask.png
681,0.6234375,0.625,297.33019674935844,312.2891360136869,1,0.0,0.301850908934799,0.1217761762445427,1774677781.1255417,5,/Users/kimsumin/projects/RGMC/calibration_data/robot06/images/0681.png,/Users/kimsumin/projects/RGMC/calbration_data/robor06/overlays/0681_overlay.png,/Users/kimsumin/projects/RGMC/calbration_data/robor06/masks/0681_mask.png
682,0.653125,0.625,297.80299032541774,324.4939236111111,1,0.0,0.1018578122746124,0.0475974451777643,1774677791.5653222,5,/Users/kimsumin/projects/RGMC/calibration_data/robot06/images/0682.png,/Users/kimsumin/projects/RGMC/calbration_data/robor06/overlays/0682_overlay.png,/Users/kimsumin/projects/RGMC/calbration_data/robor06/masks/0682_mask.png
683,0.6828124999999999,0.625,298.3719676549865,337.6800356506239,1,0.0,0.2394048973209428,0.0439121566419866,1774677802.086076,5,/Users/kimsumin/projects/RGMC/calibration_data/robot06/images/0683.png,/Users/kimsumin/projects/RGMC/calbration_data/robor06/overlays/0683_overlay.png,/Users/kimsumin/projects/RGMC/calbration_data/robor06/masks/0683_mask.png
684,0.7124999999999999,0.625,298.7708516242318,350.359964881475,1,0.0,0.0698167440527401,0.0242028187241717,1774677812.3120155,5,/Users/kimsumin/projects/RGMC/calibration_data/robot06/images/0684.png,/Users/kimsumin/projects/RGMC/calbration_data/robor06/overlays/0684_overlay.png,/Users/kimsumin/projects/RGMC/calbration_data/robor06/masks/0684_mask.png
685,0.7421875,0.625,298.506968641115,364.2952789699571,1,0.0,0.0871748728353584,0.0412275321383461,1774677822.3996704,5,/Users/kimsumin/projects/RGMC/calibration_data/robot06/images/0685.png,/Users/kimsumin/projects/RGMC/calbration_data/robor06/overlays/0685_overlay.png,/Users/kimsumin/projects/RGMC/calbration_data/robor06/masks/0685_mask.png
686,0.771875,0.625,299.1216931216931,377.23280423280426,1,0.0,0.0269266258785527,0.010754705097193,1774677832.865511,5,/Users/kimsumin/projects/RGMC/calibration_data/robot06/images/0686.png,/Users/kimsumin/projects/RGMC/calbration_data/robor06/overlays/0686_overlay.png,/Users/kimsumin/projects/RGMC/calbration_data/robor06/masks/0686_mask.png
687,0.8015625,0.625,299.1930131004367,390.1614035087719,1,0.0,0.0417751557193791,0.0600605578298756,1774677843.1116588,5,/Users/kimsumin/projects/RGMC/calibration_data/robot06/images/0687.png,/Users/kimsumin/projects/RGMC/calbration_data/robor06/overlays/0687_overlay.png,/Users/kimsumin/projects/RGMC/calbration_data/robor06/masks/0687_mask.png
688,0.8312499999999999,0.625,299.34847161572054,404.2946350043975,1,0.0,0.0338293261969721,0.0804033959266539,1774677853.2362192,5,/Users/kimsumin/projects/RGMC/calibration_data/robot06/images/0688.png,/Users/kimsumin/projects/RGMC/calbration_data/robor06/overlays/0688_overlay.png,/Users/kimsumin/projects/RGMC/calbration_data/robor06/masks/0688_mask.png
689,0.8609374999999999,0.625,299.15684575389946,416.99304347826086,1,0.0,0.0428154640934232,0.0588680470933038,1774677864.4783585,5,/Users/kimsumin/projects/RGMC/calibration_data/robot06/images/0689.png,/Users/kimsumin/projects/RGMC/calbration_data/robor06/overlays/0689_overlay.png,/Users/kimsumin/projects/RGMC/calbration_data/robor06/masks/0689_mask.png
690,0.890625,0.625,299.62229904926534,429.59705372616986,1,0.0,0.0181312856108753,0.0689366108400473,1774677875.159052,5,/Users/kimsumin/projects/RGMC/calibration_data/robot06/images/0690.png,/Users/kimsumin/projects/RGMC/calbration_data/robor06/overlays/0690_overlay.png,/Users/kimsumin/projects/RGMC/calbration_data/robor06/masks/0690_mask.png
691,0.9203125,0.625,299.6136162687887,443.763925729443,1,0.0,0.0678955826446622,0.3453108281747494,1774677885.3760123,5,/Users/kimsumin/projects/RGMC/calibration_data/robot06/images/0691.png,/Users/kimsumin/projects/RGMC/calbration_data/robor06/overlays/0691_overlay.png,/Users/kimsumin/projects/RGMC/calbration_data/robor06/masks/0691_mask.png
692,0.95,0.625,299.6105550500455,455.6105550500455,1,0.0,0.0277866307122616,0.111766921549695,1774677896.1132414,5,/Users/kimsumin/projects/RGMC/calibration_data/robot06/images/0692.png,/Users/kimsumin/projects/RGMC/calbration_data/robor06/overlays/0692_overlay.png,/Users/kimsumin/projects/RGMC/calbration_data/robor06/masks/0692_mask.png
693,0.95,0.65625,285.8078947368421,456.37894736842105,1,0.0,0.0562322134725663,0.1935014717489433,1774677906.4594357,5,/Users/kimsumin/projects/RGMC/calibration_data/robot06/images/0693.png,/Users/kimsumin/projects/RGMC/calbration_data/robor06/overlays/0693_overlay.png,/Users/kimsumin/projects/RGMC/calbration_data/robor06/masks/0693_mask.png
694,0.9203125,0.65625,286.32680320569904,444.0462633451957,1,0.0,0.0529045623940763,0.0582582274383302,1774677917.949221,5,/Users/kimsumin/projects/RGMC/calibration_data/robot06/images/0694.png,/Users/kimsumin/projects/RGMC/calbration_data/robor06/overlays/0694_overlay.png,/Users/kimsumin/projects/RGMC/calbration_data/robor06/masks/0694_mask.png
695,0.890625,0.65625,285.22404844290656,429.6185121107266,1,0.0,0.0498402833898193,0.0502476812058508,1774677928.5946813,5,/Users/kimsumin/projects/RGMC/calibration_data/robot06/images/0695.png,/Users/kimsumin/projects/RGMC/calbration_data/robor06/overlays/0695_overlay.png,/Users/kimsumin/projects/RGMC/calbration_data/robor06/masks/0695_mask.png
696,0.8609374999999999,0.65625,284.65076660988075,417.32649572649575,1,0.0,0.0597270064439856,0.0383761814598362,1774677938.91527,5,/Users/kimsumin/projects/RGMC/calibration_data/robot06/images/0696.png,/Users/kimsumin/projects/RGMC/calbration_data/robor06/overlays/0696_overlay.png,/Users/kimsumin/projects/RGMC/calbration_data/robor06/masks/0696_mask.png
697,0.8312499999999999,0.65625,284.73185840707964,404.360105913504,1,0.0,0.0574665852537703,0.0506340240845227,1774677950.9193792,5,/Users/kimsumin/projects/RGMC/calibration_data/robot06/images/0697.png,/Users/kimsumin/projects/RGMC/calbration_data/robor06/overlays/0697_overlay.png,/Users/kimsumin/projects/RGMC/calbration_data/robor06/masks/0697_mask.png
698,0.8015625,0.65625,284.5867620751342,390.9863636363637,1,0.0,0.0879398167082253,0.0368887604645084,1774677961.175289,5,/Users/kimsumin/projects/RGMC/calibration_data/robot06/images/0698.png,/Users/kimsumin/projects/RGMC/calbration_data/robor06/overlays/0698_overlay.png,/Users/kimsumin/projects/RGMC/calbration_data/robor06/masks/0698_mask.png
699,0.771875,0.65625,284.87119234116625,377.6451048951049,1,0.0,0.0825584447668538,0.0406663046416826,1774677971.5164163,5,/Users/kimsumin/projects/RGMC/calibration_data/robot06/images/0699.png,/Users/kimsumin/projects/RGMC/calbration_data/robor06/overlays/0699_overlay.png,/Users/kimsumin/projects/RGMC/calbration_data/robor06/masks/0699_mask.png
700,0.7421875,0.65625,284.46900269541777,364.71248876909254,1,0.0,0.0639308317392916,0.0255937432962695,1774677982.2589612,5,/Users/kimsumin/projects/RGMC/calibration_data/robot06/images/0700.png,/Users/kimsumin/projects/RGMC/calbration_data/robor06/overlays/0700_overlay.png,/Users/kimsumin/projects/RGMC/calbration_data/robor06/masks/0700_mask.png
701,0.7124999999999999,0.65625,284.0897435897436,351.4287011807448,1,0.0,0.0229048971554477,0.0382790813735018,1774677992.3834312,5,/Users/kimsumin/projects/RGMC/calibration_data/robot06/images/0701.png,/Users/kimsumin/projects/RGMC/calbration_data/robor06/overlays/0701_overlay.png,/Users/kimsumin/projects/RGMC/calbration_data/robor06/masks/0701_mask.png
702,0.6828124999999999,0.65625,284.0052356020942,338.22679509632223,1,0.0,0.0182883818790087,0.0410551282542067,1774678002.8491511,5,/Users/kimsumin/projects/RGMC/calibration_data/robot06/images/0702.png,/Users/kimsumin/projects/RGMC/calbration_data/robor06/overlays/0702_overlay.png,/Users/kimsumin/projects/RGMC/calbration_data/robor06/masks/0702_mask.png
703,0.653125,0.65625,284.034965034965,325.42082239720037,1,0.0,0.0226786164435741,0.0637973710082188,1774678013.563739,5,/Users/kimsumin/projects/RGMC/calibration_data/robot06/images/0703.png,/Users/kimsumin/projects/RGMC/calbration_data/robor06/overlays/0703_overlay.png,/Users/kimsumin/projects/RGMC/calbration_data/robor06/masks/0703_mask.png
704,0.6234375,0.65625,283.42,312.6576419213974,1,0.0,0.0271588298521131,0.0414020139319794,1774678024.1141095,5,/Users/kimsumin/projects/RGMC/calibration_data/robot06/images/0704.png,/Users/kimsumin/projects/RGMC/calbration_data/robor06/overlays/0704_overlay.png,/Users/kimsumin/projects/RGMC/calbration_data/robor06/masks/0704_mask.png
705,0.59375,0.65625,283.54633715798764,299.82504440497337,1,0.0,0.0295919180767597,0.0361821422490015,1774678034.6604292,5,/Users/kimsumin/projects/RGMC/calibration_data/robot06/images/0705.png,/Users/kimsumin/projects/RGMC/calbration_data/robor06/overlays/0705_overlay.png,/Users/kimsumin/projects/RGMC/calbration_data/robor06/masks/0705_mask.png
706,0.5640625,0.65625,283.24873096446703,286.0346869712352,1,0.0,0.0455259392592955,0.0690727827391198,1774678045.1138914,5,/Users/kimsumin/projects/RGMC/calibration_data/robot06/images/0706.png,/Users/kimsumin/projects/RGMC/calbration_data/robor06/overlays/0706_overlay.png,/Users/kimsumin/projects/RGMC/calbration_data/robor06/masks/0706_mask.png
707,0.5343749999999999,0.65625,283.17816593886465,272.93426818580195,1,0.0,0.0333927626474621,0.0819197870674149,1774678055.3456566,5,/Users/kimsumin/projects/RGMC/calibration_data/robot06/images/0707.png,/Users/kimsumin/projects/RGMC/calbration_data/robor06/overlays/0707_overlay.png,/Users/kimsumin/projects/RGMC/calbration_data/robor06/masks/0707_mask.png
708,0.5046875,0.65625,283.04957264957267,258.4683760683761,1,0.0,0.0348876150476681,0.0834455992850947,1774678067.63319,5,/Users/kimsumin/projects/RGMC/calibration_data/robot06/images/0708.png,/Users/kimsumin/projects/RGMC/calbration_data/robor06/overlays/0708_overlay.png,/Users/kimsumin/projects/RGMC/calbration_data/robor06/masks/0708_mask.png
709,0.475,0.65625,283.15821152192603,245.92347377472055,1,0.0,0.0521192968684905,0.019330427985865,1774678078.0827725,5,/Users/kimsumin/projects/RGMC/calibration_data/robot06/images/0709.png,/Users/kimsumin/projects/RGMC/calbration_data/robor06/overlays/0709_overlay.png,/Users/kimsumin/projects/RGMC/calbration_data/robor06/masks/0709_mask.png
710,0.4453125,0.65625,283.0744308231173,233.13148788927336,1,0.0,0.0551732602266464,0.0656004974120022,1774678088.4222898,5,/Users/kimsumin/projects/RGMC/calibration_data/robot06/images/0710.png,/Users/kimsumin/projects/RGMC/calbration_data/robor06/overlays/0710_overlay.png,/Users/kimsumin/projects/RGMC/calbration_data/robor06/masks/0710_mask.png
711,0.4156249999999999,0.65625,283.0307287093942,220.41805433829973,1,0.0,0.026998419690546,0.1231299466776194,1774678098.4615896,5,/Users/kimsumin/projects/RGMC/calibration_data/robot06/images/0711.png,/Users/kimsumin/projects/RGMC/calbration_data/robor06/overlays/0711_overlay.png,/Users/kimsumin/projects/RGMC/calbration_data/robor06/masks/0711_mask.png
712,0.3859375,0.65625,283.0034995625547,206.45910290237467,1,0.0,0.0364938483356132,0.0660190297134432,1774678108.8673327,5,/Users/kimsumin/projects/RGMC/calibration_data/robot06/images/0712.png,/Users/kimsumin/projects/RGMC/calbration_data/robor06/overlays/0712_overlay.png,/Users/kimsumin/projects/RGMC/calbration_data/robor06/masks/0712_mask.png
713,0.3562499999999999,0.65625,282.90496948561463,193.67282321899737,1,0.0,0.0243182226272556,0.0540095562862266,1774678119.176081,5,/Users/kimsumin/projects/RGMC/calibration_data/robot06/images/0713.png,/Users/kimsumin/projects/RGMC/calbration_data/robor06/overlays/0713_overlay.png,/Users/kimsumin/projects/RGMC/calbration_data/robor06/masks/0713_mask.png
714,0.3265625,0.65625,282.8627968337731,181.0079155672823,1,0.0,0.0320615753818729,0.0465776110670931,1774678129.2757463,5,/Users/kimsumin/projects/RGMC/calibration_data/robot06/images/0714.png,/Users/kimsumin/projects/RGMC/calbration_data/robor06/overlays/0714_overlay.png,/Users/kimsumin/projects/RGMC/calbration_data/robor06/masks/0714_mask.png
715,0.296875,0.65625,283.0882620564149,167.64808043875686,1,0.0,0.0897273289693297,0.0525146024397461,1774678139.8277445,5,/Users/kimsumin/projects/RGMC/calibration_data/robot06/images/0715.png,/Users/kimsumin/projects/RGMC/calbration_data/robor06/overlays/0715_overlay.png,/Users/kimsumin/projects/RGMC/calbration_data/robor06/masks/0715_mask.png
716,0.2671874999999999,0.65625,282.68563922942207,154.48387096774192,1,0.0,0.0392014451424846,0.0231092579380309,1774678150.1686563,5,/Users/kimsumin/projects/RGMC/calibration_data/robot06/images/0716.png,/Users/kimsumin/projects/RGMC/calbration_data/robor06/overlays/0716_overlay.png,/Users/kimsumin/projects/RGMC/calbration_data/robor06/masks/0716_mask.png
717,0.2375,0.65625,282.08549874266555,141.54278523489933,1,0.0,0.0427810997905166,0.048455962298914,1774678160.327513,5,/Users/kimsumin/projects/RGMC/calibration_data/robot06/images/0717.png,/Users/kimsumin/projects/RGMC/calbration_data/robor06/overlays/0717_overlay.png,/Users/kimsumin/projects/RGMC/calbration_data/robor06/masks/0717_mask.png
718,0.2078124999999999,0.65625,281.7098402018503,128.78345070422534,1,0.0,0.368423629792635,0.0783837782796171,1774678171.2646646,5,/Users/kimsumin/projects/RGMC/calibration_data/robot06/images/0718.png,/Users/kimsumin/projects/RGMC/calbration_data/robor06/overlays/0718_overlay.png,/Users/kimsumin/projects/RGMC/calbration_data/robor06/masks/0718_mask.png
719,0.1781249999999999,0.65625,282.13178294573646,115.86758383490972,1,0.0,0.0245889350770941,0.1417531136690014,1774678181.611108,5,/Users/kimsumin/projects/RGMC/calibration_data/robot06/images/0719.png,/Users/kimsumin/projects/RGMC/calbration_data/robor06/overlays/0719_overlay.png,/Users/kimsumin/projects/RGMC/calbration_data/robor06/masks/0719_mask.png
720,0.1484375,0.65625,282.8743409490334,102.00794351279788,1,0.0,0.0326016187843591,0.0417162786370657,1774678192.1867952,5,/Users/kimsumin/projects/RGMC/calibration_data/robot06/images/0720.png,/Users/kimsumin/projects/RGMC/calbration_data/robor06/overlays/0720_overlay.png,/Users/kimsumin/projects/RGMC/calbration_data/robor06/masks/0720_mask.png
721,0.11875,0.65625,282.8344827586207,89.02251082251082,1,0.0,0.2499896779907305,0.0616163465289185,1774678202.9376152,5,/Users/kimsumin/projects/RGMC/calibration_data/robot06/images/0721.png,/Users/kimsumin/projects/RGMC/calbration_data/robor06/overlays/0721_overlay.png,/Users/kimsumin/projects/RGMC/calbration_data/robor06/masks/0721_mask.png
722,0.0890624999999999,0.65625,282.7857142857143,76.43304347826087,1,0.0,0.4557088002205888,0.0743923781734665,1774678214.2014544,5,/Users/kimsumin/projects/RGMC/calibration_data/robot06/images/0722.png,/Users/kimsumin/projects/RGMC/calbration_data/robor06/overlays/0722_overlay.png,/Users/kimsumin/projects/RGMC/calbration_data/robor06/masks/0722_mask.png
723,0.059375,0.65625,281.85274542429283,62.42179700499168,1,0.0,0.01749400972213,0.028645495325756,1774678224.543286,5,/Users/kimsumin/projects/RGMC/calibration_data/robot06/images/0723.png,/Users/kimsumin/projects/RGMC/calbration_data/robor06/overlays/0723_overlay.png,/Users/kimsumin/projects/RGMC/calbration_data/robor06/masks/0723_mask.png
724,0.0296875,0.65625,282.85185185185185,50.42832319721981,1,0.0,0.0730461500990623,0.0959595110785297,1774678234.9445968,5,/Users/kimsumin/projects/RGMC/calibration_data/robot06/images/0724.png,/Users/kimsumin/projects/RGMC/calbration_data/robor06/overlays/0724_overlay.png,/Users/kimsumin/projects/RGMC/calbration_data/robor06/masks/0724_mask.png
725,0.0,0.65625,281.66394779771616,36.990196078431374,1,0.0,0.0761035590298181,0.1104959279406661,1774678246.548197,5,/Users/kimsumin/projects/RGMC/calibration_data/robot06/images/0725.png,/Users/kimsumin/projects/RGMC/calbration_data/robor06/overlays/0725_overlay.png,/Users/kimsumin/projects/RGMC/calbration_data/robor06/masks/0725_mask.png
726,0.0,0.6875,267.46120689655174,36.53448275862069,1,0.0,0.1066165351789076,0.1439242747353135,1774678257.0833998,5,/Users/kimsumin/projects/RGMC/calibration_data/robot06/images/0726.png,/Users/kimsumin/projects/RGMC/calbration_data/robor06/overlays/0726_overlay.png,/Users/kimsumin/projects/RGMC/calbration_data/robor06/masks/0726_mask.png
727,0.0296875,0.6875,267.9519725557461,49.819039451114925,1,0.0,0.0156182626066922,0.0219176954200125,1774678267.2156022,5,/Users/kimsumin/projects/RGMC/calibration_data/robot06/images/0727.png,/Users/kimsumin/projects/RGMC/calbration_data/robor06/overlays/0727_overlay.png,/Users/kimsumin/projects/RGMC/calbration_data/robor06/masks/0727_mask.png
728,0.059375,0.6875,267.9839119390347,62.10330228619814,1,0.0,0.0819927763687423,0.0709004624821419,1774678277.552965,5,/Users/kimsumin/projects/RGMC/calibration_data/robot06/images/0728.png,/Users/kimsumin/projects/RGMC/calbration_data/robor06/overlays/0728_overlay.png,/Users/kimsumin/projects/RGMC/calbration_data/robor06/masks/0728_mask.png
729,0.0890624999999999,0.6875,267.78452066842567,75.61694616063548,1,0.0,0.0455192426596166,0.0586847168964635,1774678287.899886,5,/Users/kimsumin/projects/RGMC/calibration_data/robot06/images/0729.png,/Users/kimsumin/projects/RGMC/calbration_data/robor06/overlays/0729_overlay.png,/Users/kimsumin/projects/RGMC/calbration_data/robor06/masks/0729_mask.png
730,0.11875,0.6875,267.90455717970764,88.9526270456503,1,0.0,0.0586840686135403,0.1261781061801288,1774678298.222056,5,/Users/kimsumin/projects/RGMC/calibration_data/robot06/images/0730.png,/Users/kimsumin/projects/RGMC/calbration_data/robor06/overlays/0730_overlay.png,/Users/kimsumin/projects/RGMC/calbration_data/robor06/masks/0730_mask.png
731,0.1484375,0.6875,267.7281385281385,101.82337662337662,1,0.0,0.0204238463654159,0.0416379142474968,1774678308.8227994,5,/Users/kimsumin/projects/RGMC/calibration_data/robot06/images/0731.png,/Users/kimsumin/projects/RGMC/calbration_data/robor06/overlays/0731_overlay.png,/Users/kimsumin/projects/RGMC/calbration_data/robor06/masks/0731_mask.png
732,0.1781249999999999,0.6875,267.8820921985816,115.5941644562334,1,0.0,0.0201344479044765,0.0454527125543741,1774678319.6430745,5,/Users/kimsumin/projects/RGMC/calibration_data/robot06/images/0732.png,/Users/kimsumin/projects/RGMC/calbration_data/robor06/overlays/0732_overlay.png,/Users/kimsumin/projects/RGMC/calbration_data/robor06/masks/0732_mask.png
733,0.2078124999999999,0.6875,267.7250859106529,128.39705882352942,1,0.0,0.0384627429932854,0.1722861985378926,1774678330.0860715,5,/Users/kimsumin/projects/RGMC/calibration_data/robot06/images/0733.png,/Users/kimsumin/projects/RGMC/calbration_data/robor06/overlays/0733_overlay.png,/Users/kimsumin/projects/RGMC/calbration_data/robor06/masks/0733_mask.png
734,0.2375,0.6875,267.99229452054794,141.40429184549356,1,0.0,0.0549627543754026,0.0577523639592889,1774678340.559049,5,/Users/kimsumin/projects/RGMC/calibration_data/robot06/images/0734.png,/Users/kimsumin/projects/RGMC/calbration_data/robor06/overlays/0734_overlay.png,/Users/kimsumin/projects/RGMC/calbration_data/robor06/masks/0734_mask.png
735,0.2671874999999999,0.6875,268.2292418772563,155.1012658227848,1,0.0,0.0531191367396339,0.3521567538630767,1774678350.9951108,5,/Users/kimsumin/projects/RGMC/calibration_data/robot06/images/0735.png,/Users/kimsumin/projects/RGMC/calbration_data/robor06/overlays/0735_overlay.png,/Users/kimsumin/projects/RGMC/calbration_data/robor06/masks/0735_mask.png
736,0.296875,0.6875,268.28532853285327,167.44104410441045,1,0.0,0.0619630654426323,0.0419758176281409,1774678361.737618,5,/Users/kimsumin/projects/RGMC/calibration_data/robot06/images/0736.png,/Users/kimsumin/projects/RGMC/calbration_data/robor06/overlays/0736_overlay.png,/Users/kimsumin/projects/RGMC/calbration_data/robor06/masks/0736_mask.png
737,0.3265625,0.6875,268.06701479547434,180.80436681222707,1,0.0,0.0282073449151943,0.0497996794302937,1774678372.0493488,5,/Users/kimsumin/projects/RGMC/calibration_data/robot06/images/0737.png,/Users/kimsumin/projects/RGMC/calbration_data/robor06/overlays/0737_overlay.png,/Users/kimsumin/projects/RGMC/calbration_data/robor06/masks/0737_mask.png
738,0.3562499999999999,0.6875,268.2325375773652,193.51612903225808,1,0.0,0.0462803825818504,0.124807742611256,1774678382.308711,5,/Users/kimsumin/projects/RGMC/calibration_data/robot06/images/0738.png,/Users/kimsumin/projects/RGMC/calbration_data/robor06/overlays/0738_overlay.png,/Users/kimsumin/projects/RGMC/calbration_data/robor06/masks/0738_mask.png
739,0.3859375,0.6875,268.3577092511013,206.20616740088107,1,0.0,0.0282139059467824,0.0783036867303514,1774678392.654319,5,/Users/kimsumin/projects/RGMC/calibration_data/robot06/images/0739.png,/Users/kimsumin/projects/RGMC/calbration_data/robor06/overlays/0739_overlay.png,/Users/kimsumin/projects/RGMC/calbration_data/robor06/masks/0739_mask.png
740,0.4156249999999999,0.6875,268.42165492957747,219.5296803652968,1,0.0,0.1743102387943076,0.3760450167729488,1774678403.1967158,5,/Users/kimsumin/projects/RGMC/calibration_data/robot06/images/0740.png,/Users/kimsumin/projects/RGMC/calbration_data/robor06/overlays/0740_overlay.png,/Users/kimsumin/projects/RGMC/calbration_data/robor06/masks/0740_mask.png
741,0.4453125,0.6875,268.4798927613941,232.57279860505668,1,0.0,0.2618348119563337,0.0652748806059834,1774678413.1376507,5,/Users/kimsumin/projects/RGMC/calibration_data/robot06/images/0741.png,/Users/kimsumin/projects/RGMC/calbration_data/robor06/overlays/0741_overlay.png,/Users/kimsumin/projects/RGMC/calbration_data/robor06/masks/0741_mask.png
742,0.475,0.6875,269.911369740376,245.36954585930545,1,0.0,0.3057508906367225,0.0327288422537861,1774678423.705851,5,/Users/kimsumin/projects/RGMC/calibration_data/robot06/images/0742.png,/Users/kimsumin/projects/RGMC/calbration_data/robor06/overlays/0742_overlay.png,/Users/kimsumin/projects/RGMC/calbration_data/robor06/masks/0742_mask.png
743,0.5046875,0.6875,269.2394487510767,258.29982817869416,1,0.0,0.2533573117038366,0.0411426889331158,1774678434.4394689,5,/Users/kimsumin/projects/RGMC/calibration_data/robot06/images/0743.png,/Users/kimsumin/projects/RGMC/calbration_data/robor06/overlays/0743_overlay.png,/Users/kimsumin/projects/RGMC/calbration_data/robor06/masks/0743_mask.png
744,0.5343749999999999,0.6875,269.58691588785047,272.319587628866,1,0.0,0.0475557479169295,0.0605110802182753,1774678444.6763856,5,/Users/kimsumin/projects/RGMC/calibration_data/robot06/images/0744.png,/Users/kimsumin/projects/RGMC/calbration_data/robor06/overlays/0744_overlay.png,/Users/kimsumin/projects/RGMC/calbration_data/robor06/masks/0744_mask.png
745,0.5640625,0.6875,270.1735985533454,285.32278481012656,1,0.0,0.0394731349762227,0.040037068410061,1774678457.2269878,5,/Users/kimsumin/projects/RGMC/calibration_data/robot06/images/0745.png,/Users/kimsumin/projects/RGMC/calbration_data/robor06/overlays/0745_overlay.png,/Users/kimsumin/projects/RGMC/calbration_data/robor06/masks/0745_mask.png
746,0.59375,0.6875,270.27522935779814,299.1743119266055,1,0.0,0.0712204017579199,0.0757787699082334,1774678468.7662082,5,/Users/kimsumin/projects/RGMC/calibration_data/robot06/images/0746.png,/Users/kimsumin/projects/RGMC/calbration_data/robor06/overlays/0746_overlay.png,/Users/kimsumin/projects/RGMC/calbration_data/robor06/masks/0746_mask.png
747,0.6234375,0.6875,270.3853046594982,312.21758436944936,1,0.0,0.0578298938223155,0.0498075470442174,1774678479.3031049,5,/Users/kimsumin/projects/RGMC/calibration_data/robot06/images/0747.png,/Users/kimsumin/projects/RGMC/calbration_data/robor06/overlays/0747_overlay.png,/Users/kimsumin/projects/RGMC/calbration_data/robor06/masks/0747_mask.png
748,0.653125,0.6875,270.6310592459605,324.84021543985637,1,0.0,0.0280537178044791,0.0133752564781501,1774678489.7391267,5,/Users/kimsumin/projects/RGMC/calibration_data/robot06/images/0748.png,/Users/kimsumin/projects/RGMC/calbration_data/robor06/overlays/0748_overlay.png,/Users/kimsumin/projects/RGMC/calbration_data/robor06/masks/0748_mask.png
749,0.6828124999999999,0.6875,270.68201563857514,337.7974025974026,1,0.0,0.0167719374748378,0.0292504154965631,1774678500.2789812,5,/Users/kimsumin/projects/RGMC/calibration_data/robot06/images/0749.png,/Users/kimsumin/projects/RGMC/calbration_data/robor06/overlays/0749_overlay.png,/Users/kimsumin/projects/RGMC/calbration_data/robor06/masks/0749_mask.png
750,0.7124999999999999,0.6875,270.9275109170306,350.2882096069869,1,0.0,0.03879933229488,0.3660355730278741,1774678510.8336174,5,/Users/kimsumin/projects/RGMC/calibration_data/robot06/images/0750.png,/Users/kimsumin/projects/RGMC/calbration_data/robor06/overlays/0750_overlay.png,/Users/kimsumin/projects/RGMC/calbration_data/robor06/masks/0750_mask.png
751,0.7421875,0.6875,271.13055303717135,364.3590208522212,1,0.0,0.0267692643385144,0.027944779561192,1774678521.0150146,5,/Users/kimsumin/projects/RGMC/calibration_data/robot06/images/0751.png,/Users/kimsumin/projects/RGMC/calbration_data/robor06/overlays/0751_overlay.png,/Users/kimsumin/projects/RGMC/calbration_data/robor06/masks/0751_mask.png
752,0.771875,0.6875,271.1217391304348,377.4568439407149,1,0.0,0.0416282670163549,0.0580542142499691,1774678532.1676705,5,/Users/kimsumin/projects/RGMC/calibration_data/robot06/images/0752.png,/Users/kimsumin/projects/RGMC/calbration_data/robor06/overlays/0752_overlay.png,/Users/kimsumin/projects/RGMC/calbration_data/robor06/masks/0752_mask.png
753,0.8015625,0.6875,271.35924006908465,390.31411359724615,1,0.0,0.0551281443812193,0.3604716135006015,1774678542.4681854,5,/Users/kimsumin/projects/RGMC/calibration_data/robot06/images/0753.png,/Users/kimsumin/projects/RGMC/calbration_data/robor06/overlays/0753_overlay.png,/Users/kimsumin/projects/RGMC/calbration_data/robor06/masks/0753_mask.png
754,0.8312499999999999,0.6875,271.5,404.3953900709219,1,0.0,0.0634467094902974,0.0874999269112432,1774678552.9327557,5,/Users/kimsumin/projects/RGMC/calibration_data/robot06/images/0754.png,/Users/kimsumin/projects/RGMC/calbration_data/robor06/overlays/0754_overlay.png,/Users/kimsumin/projects/RGMC/calbration_data/robor06/masks/0754_mask.png
755,0.8609374999999999,0.6875,271.3421727972626,417.0940975192472,1,0.0,0.0666633603008333,0.0446387836495068,1774678563.5535154,5,/Users/kimsumin/projects/RGMC/calibration_data/robot06/images/0755.png,/Users/kimsumin/projects/RGMC/calbration_data/robor06/overlays/0755_overlay.png,/Users/kimsumin/projects/RGMC/calbration_data/robor06/masks/0755_mask.png
756,0.890625,0.6875,271.4851657940663,430.045534150613,1,0.0,0.0462224645136831,0.0596533288087254,1774678573.9272263,5,/Users/kimsumin/projects/RGMC/calibration_data/robot06/images/0756.png,/Users/kimsumin/projects/RGMC/calbration_data/robor06/overlays/0756_overlay.png,/Users/kimsumin/projects/RGMC/calbration_data/robor06/masks/0756_mask.png
757,0.9203125,0.6875,271.53061224489795,443.94055013309674,1,0.0,0.0270162047169743,0.0115855602705045,1774678584.5758705,5,/Users/kimsumin/projects/RGMC/calibration_data/robot06/images/0757.png,/Users/kimsumin/projects/RGMC/calbration_data/robor06/overlays/0757_overlay.png,/Users/kimsumin/projects/RGMC/calbration_data/robor06/masks/0757_mask.png
758,0.95,0.6875,271.7632541133455,455.8583180987203,1,0.0,0.0587800417317458,0.0390795747865548,1774678597.1668153,5,/Users/kimsumin/projects/RGMC/calibration_data/robot06/images/0758.png,/Users/kimsumin/projects/RGMC/calbration_data/robor06/overlays/0758_overlay.png,/Users/kimsumin/projects/RGMC/calbration_data/robor06/masks/0758_mask.png
759,0.95,0.71875,258.6129326047359,456.33363636363634,1,0.0,0.034364112266165,0.0143443322052953,1774678607.7939806,5,/Users/kimsumin/projects/RGMC/calibration_data/robot06/images/0759.png,/Users/kimsumin/projects/RGMC/calbration_data/robor06/overlays/0759_overlay.png,/Users/kimsumin/projects/RGMC/calbration_data/robor06/masks/0759_mask.png
760,0.9203125,0.71875,257.60619088564056,443.7884780739467,1,0.0,0.0686141403163644,0.0763847537929139,1774678618.049077,5,/Users/kimsumin/projects/RGMC/calibration_data/robot06/images/0760.png,/Users/kimsumin/projects/RGMC/calbration_data/robor06/overlays/0760_overlay.png,/Users/kimsumin/projects/RGMC/calbration_data/robor06/masks/0760_mask.png
761,0.890625,0.71875,257.4019014693172,429.6582506762849,1,0.0,0.3812108187640828,0.0866059769493317,1774678628.8228376,5,/Users/kimsumin/projects/RGMC/calibration_data/robot06/images/0761.png,/Users/kimsumin/projects/RGMC/calbration_data/robor06/overlays/0761_overlay.png,/Users/kimsumin/projects/RGMC/calbration_data/robor06/masks/0761_mask.png
762,0.8609374999999999,0.71875,257.2712721145746,417.2940185341196,1,0.0,0.0461608200225327,0.0459046028080865,1774678639.4724033,5,/Users/kimsumin/projects/RGMC/calibration_data/robot06/images/0762.png,/Users/kimsumin/projects/RGMC/calbration_data/robor06/overlays/0762_overlay.png,/Users/kimsumin/projects/RGMC/calbration_data/robor06/masks/0762_mask.png
763,0.8312499999999999,0.71875,257.2832167832168,404.4653204565408,1,0.0,0.0496197039557633,0.0540921943242469,1774678650.032797,5,/Users/kimsumin/projects/RGMC/calibration_data/robot06/images/0763.png,/Users/kimsumin/projects/RGMC/calbration_data/robor06/overlays/0763_overlay.png,/Users/kimsumin/projects/RGMC/calbration_data/robor06/masks/0763_mask.png
764,0.8015625,0.71875,257.0632798573975,391.23754448398574,1,0.0,0.0816854715319584,0.0759937522966705,1774678660.4354775,5,/Users/kimsumin/projects/RGMC/calibration_data/robot06/images/0764.png,/Users/kimsumin/projects/RGMC/calbration_data/robor06/overlays/0764_overlay.png,/Users/kimsumin/projects/RGMC/calbration_data/robor06/masks/0764_mask.png
765,0.771875,0.71875,257.05096660808437,377.47951176983435,1,0.0,0.1483863607725877,0.0751759531094071,1774678671.1832182,5,/Users/kimsumin/projects/RGMC/calibration_data/robot06/images/0765.png,/Users/kimsumin/projects/RGMC/calbration_data/robor06/overlays/0765_overlay.png,/Users/kimsumin/projects/RGMC/calbration_data/robor06/masks/0765_mask.png
766,0.7421875,0.71875,256.81468218442257,364.59366515837104,1,0.0,0.1383316655382425,0.0603710022360391,1774678681.1839025,5,/Users/kimsumin/projects/RGMC/calibration_data/robot06/images/0766.png,/Users/kimsumin/projects/RGMC/calbration_data/robor06/overlays/0766_overlay.png,/Users/kimsumin/projects/RGMC/calbration_data/robor06/masks/0766_mask.png
767,0.7124999999999999,0.71875,256.6404995539697,351.55398230088497,1,0.0,0.0502179768335468,0.3038887685524238,1774678691.5591128,5,/Users/kimsumin/projects/RGMC/calibration_data/robot06/images/0767.png,/Users/kimsumin/projects/RGMC/calbration_data/robor06/overlays/0767_overlay.png,/Users/kimsumin/projects/RGMC/calbration_data/robor06/masks/0767_mask.png
768,0.6828124999999999,0.71875,256.0937215650591,338.8931506849315,1,0.0,0.0259818101010298,0.4069372108621898,1774678701.9246676,5,/Users/kimsumin/projects/RGMC/calibration_data/robot06/images/0768.png,/Users/kimsumin/projects/RGMC/calbration_data/robor06/overlays/0768_overlay.png,/Users/kimsumin/projects/RGMC/calbration_data/robor06/masks/0768_mask.png
769,0.653125,0.71875,256.2366548042705,324.94606542882406,1,0.0,0.0555712018891113,0.0621127544215534,1774678713.1943328,5,/Users/kimsumin/projects/RGMC/calibration_data/robot06/images/0769.png,/Users/kimsumin/projects/RGMC/calbration_data/robor06/overlays/0769_overlay.png,/Users/kimsumin/projects/RGMC/calbration_data/robor06/masks/0769_mask.png
770,0.6234375,0.71875,255.96299638989169,312.0171635049684,1,0.0,0.0143312739532513,0.1111298262902429,1774678723.632715,5,/Users/kimsumin/projects/RGMC/calibration_data/robot06/images/0770.png,/Users/kimsumin/projects/RGMC/calbration_data/robor06/overlays/0770_overlay.png,/Users/kimsumin/projects/RGMC/calbration_data/robor06/masks/0770_mask.png
771,0.59375,0.71875,255.91793041926852,299.59538598047914,1,0.0,0.039916579785996,0.0782109856770764,1774678734.1890974,5,/Users/kimsumin/projects/RGMC/calibration_data/robot06/images/0771.png,/Users/kimsumin/projects/RGMC/calbration_data/robor06/overlays/0771_overlay.png,/Users/kimsumin/projects/RGMC/calbration_data/robor06/masks/0771_mask.png
772,0.5640625,0.71875,255.58277027027023,286.05245346869714,1,0.0,0.0272305378994037,0.0531029819561905,1774678744.6030197,5,/Users/kimsumin/projects/RGMC/calibration_data/robot06/images/0772.png,/Users/kimsumin/projects/RGMC/calbration_data/robor06/overlays/0772_overlay.png,/Users/kimsumin/projects/RGMC/calbration_data/robor06/masks/0772_mask.png
773,0.5343749999999999,0.71875,255.7620297462817,272.8243601059135,1,0.0,0.0634104706833974,0.0649594497766678,1774678755.0515368,5,/Users/kimsumin/projects/RGMC/calibration_data/robot06/images/0773.png,/Users/kimsumin/projects/RGMC/calbration_data/robor06/overlays/0773_overlay.png,/Users/kimsumin/projects/RGMC/calbration_data/robor06/masks/0773_mask.png
774,0.5046875,0.71875,255.54618834080716,259.5695067264574,1,0.0,0.0321891626899519,0.0382421205876662,1774678765.709105,5,/Users/kimsumin/projects/RGMC/calibration_data/robot06/images/0774.png,/Users/kimsumin/projects/RGMC/calbration_data/robor06/overlays/0774_overlay.png,/Users/kimsumin/projects/RGMC/calbration_data/robor06/masks/0774_mask.png
775,0.475,0.71875,255.6010498687664,246.13309982486865,1,0.0,0.0840874040059555,0.0378070513666876,1774678776.266669,5,/Users/kimsumin/projects/RGMC/calibration_data/robot06/images/0775.png,/Users/kimsumin/projects/RGMC/calbration_data/robor06/overlays/0775_overlay.png,/Users/kimsumin/projects/RGMC/calbration_data/robor06/masks/0775_mask.png
776,0.4453125,0.71875,255.34452296819788,233.07508833922265,1,0.0,0.0240735310168455,0.0423057628992636,1774678786.7335367,5,/Users/kimsumin/projects/RGMC/calibration_data/robot06/images/0776.png,/Users/kimsumin/projects/RGMC/calbration_data/robor06/overlays/0776_overlay.png,/Users/kimsumin/projects/RGMC/calbration_data/robor06/masks/0776_mask.png
777,0.4156249999999999,0.71875,255.24752475247524,220.12781278127812,1,0.0,0.0525181192271514,0.0664898146111588,1774678798.681733,5,/Users/kimsumin/projects/RGMC/calibration_data/robot06/images/0777.png,/Users/kimsumin/projects/RGMC/calbration_data/robor06/overlays/0777_overlay.png,/Users/kimsumin/projects/RGMC/calbration_data/robor06/masks/0777_mask.png
778,0.3859375,0.71875,255.1771823681936,206.3910034602076,1,0.0,0.0526188837522676,0.0318342644949625,1774678810.1940637,5,/Users/kimsumin/projects/RGMC/calibration_data/robot06/images/0778.png,/Users/kimsumin/projects/RGMC/calbration_data/robor06/overlays/0778_overlay.png,/Users/kimsumin/projects/RGMC/calbration_data/robor06/masks/0778_mask.png
779,0.3562499999999999,0.71875,255.1346655082537,193.30923344947735,1,0.0,0.0336950887246812,0.0647662456628103,1774678820.5513403,5,/Users/kimsumin/projects/RGMC/calibration_data/robot06/images/0779.png,/Users/kimsumin/projects/RGMC/calbration_data/robor06/overlays/0779_overlay.png,/Users/kimsumin/projects/RGMC/calbration_data/robor06/masks/0779_mask.png
780,0.3265625,0.71875,255.04624781849913,181.11401218450823,1,0.0,0.025096537834296,0.0173529467704641,1774678831.949288,5,/Users/kimsumin/projects/RGMC/calibration_data/robot06/images/0780.png,/Users/kimsumin/projects/RGMC/calbration_data/robor06/overlays/0780_overlay.png,/Users/kimsumin/projects/RGMC/calbration_data/robor06/masks/0780_mask.png
781,0.296875,0.71875,255.07377777777776,167.80393912264995,1,0.0,0.049646162663428,0.0461038720374484,1774678842.5276046,5,/Users/kimsumin/projects/RGMC/calibration_data/robot06/images/0781.png,/Users/kimsumin/projects/RGMC/calbration_data/robor06/overlays/0781_overlay.png,/Users/kimsumin/projects/RGMC/calbration_data/robor06/masks/0781_mask.png
782,0.2671874999999999,0.71875,254.7719609582964,155.1534344335415,1,0.0,0.0432969033528005,0.3076072636721877,1774678853.672998,5,/Users/kimsumin/projects/RGMC/calibration_data/robot06/images/0782.png,/Users/kimsumin/projects/RGMC/calbration_data/robor06/overlays/0782_overlay.png,/Users/kimsumin/projects/RGMC/calbration_data/robor06/masks/0782_mask.png
783,0.2375,0.71875,255.04596704249784,141.70379965457687,1,0.0,0.0414182278451353,0.0527892436730898,1774678863.8339128,5,/Users/kimsumin/projects/RGMC/calibration_data/robot06/images/0783.png,/Users/kimsumin/projects/RGMC/calbration_data/robor06/overlays/0783_overlay.png,/Users/kimsumin/projects/RGMC/calbration_data/robor06/masks/0783_mask.png
784,0.2078124999999999,0.71875,254.76124567474048,128.82702237521514,1,0.0,0.0646877764828066,0.1023060405805565,1774678876.5241983,5,/Users/kimsumin/projects/RGMC/calibration_data/robot06/images/0784.png,/Users/kimsumin/projects/RGMC/calbration_data/robor06/overlays/0784_overlay.png,/Users/kimsumin/projects/RGMC/calbration_data/robor06/masks/0784_mask.png
785,0.1781249999999999,0.71875,254.88454706927175,115.83229813664596,1,0.0,0.0278563253902981,0.032799232769831,1774678886.8692243,5,/Users/kimsumin/projects/RGMC/calibration_data/robot06/images/0785.png,/Users/kimsumin/projects/RGMC/calbration_data/robor06/overlays/0785_overlay.png,/Users/kimsumin/projects/RGMC/calbration_data/robor06/masks/0785_mask.png
786,0.1484375,0.71875,254.92401746724892,102.08733624454148,1,0.0,0.0367802797106648,0.0364437269081547,1774678897.285298,5,/Users/kimsumin/projects/RGMC/calibration_data/robot06/images/0786.png,/Users/kimsumin/projects/RGMC/calbration_data/robor06/overlays/0786_overlay.png,/Users/kimsumin/projects/RGMC/calbration_data/robor06/masks/0786_mask.png
787,0.11875,0.71875,254.8546712802768,89.1866897147796,1,0.0,0.0261719645750223,0.0787040424014489,1774678908.3524485,5,/Users/kimsumin/projects/RGMC/calibration_data/robot06/images/0787.png,/Users/kimsumin/projects/RGMC/calbration_data/robor06/overlays/0787_overlay.png,/Users/kimsumin/projects/RGMC/calbration_data/robor06/masks/0787_mask.png
788,0.0890624999999999,0.71875,254.5560538116592,76.26235399820305,1,0.0,0.0402164178758732,0.0806667522775813,1774678919.2555978,5,/Users/kimsumin/projects/RGMC/calibration_data/robot06/images/0788.png,/Users/kimsumin/projects/RGMC/calbration_data/robor06/overlays/0788_overlay.png,/Users/kimsumin/projects/RGMC/calbration_data/robor06/masks/0788_mask.png
789,0.059375,0.71875,254.55272407732863,62.4431718061674,1,0.0,0.0370453235193058,0.0708156369680492,1774678929.96503,5,/Users/kimsumin/projects/RGMC/calibration_data/robot06/images/0789.png,/Users/kimsumin/projects/RGMC/calbration_data/robor06/overlays/0789_overlay.png,/Users/kimsumin/projects/RGMC/calbration_data/robor06/masks/0789_mask.png
790,0.0296875,0.71875,254.94020797227037,49.3526863084922,1,0.0,0.0913988213868437,0.0887985495244085,1774678940.2946796,5,/Users/kimsumin/projects/RGMC/calibration_data/robot06/images/0790.png,/Users/kimsumin/projects/RGMC/calbration_data/robor06/overlays/0790_overlay.png,/Users/kimsumin/projects/RGMC/calbration_data/robor06/masks/0790_mask.png
791,0.0,0.71875,254.4658886894075,36.33690795352994,1,0.0,0.0407025614518855,0.1102511423019912,1774678950.8659306,5,/Users/kimsumin/projects/RGMC/calibration_data/robot06/images/0791.png,/Users/kimsumin/projects/RGMC/calbration_data/robor06/overlays/0791_overlay.png,/Users/kimsumin/projects/RGMC/calbration_data/robor06/masks/0791_mask.png
792,0.0,0.75,239.868669527897,36.39554794520548,1,0.0,0.0733448291699273,0.050755606192303,1774678961.3315277,5,/Users/kimsumin/projects/RGMC/calibration_data/robot06/images/0792.png,/Users/kimsumin/projects/RGMC/calbration_data/robor06/overlays/0792_overlay.png,/Users/kimsumin/projects/RGMC/calbration_data/robor06/masks/0792_mask.png
793,0.0296875,0.75,239.72963294538943,49.44879786286731,1,0.0,0.0555077496376216,0.1250000615477554,1774678972.1369207,5,/Users/kimsumin/projects/RGMC/calibration_data/robot06/images/0793.png,/Users/kimsumin/projects/RGMC/calbration_data/robor06/overlays/0793_overlay.png,/Users/kimsumin/projects/RGMC/calbration_data/robor06/masks/0793_mask.png
794,0.059375,0.75,239.47441457068516,62.05907906168549,1,0.0,0.067565148636446,0.0645936978509485,1774678983.714919,5,/Users/kimsumin/projects/RGMC/calibration_data/robot06/images/0794.png,/Users/kimsumin/projects/RGMC/calbration_data/robor06/overlays/0794_overlay.png,/Users/kimsumin/projects/RGMC/calbration_data/robor06/masks/0794_mask.png
795,0.0890624999999999,0.75,239.665770609319,75.67114695340501,1,0.0,0.0763315416613422,0.0658847815592307,1774678994.252658,5,/Users/kimsumin/projects/RGMC/calibration_data/robot06/images/0795.png,/Users/kimsumin/projects/RGMC/calbration_data/robor06/overlays/0795_overlay.png,/Users/kimsumin/projects/RGMC/calbration_data/robor06/masks/0795_mask.png
796,0.11875,0.75,239.73766233766233,88.45048203330411,1,0.0,0.0352554574836134,0.1275286047338573,1774679004.4292765,5,/Users/kimsumin/projects/RGMC/calibration_data/robot06/images/0796.png,/Users/kimsumin/projects/RGMC/calbration_data/robor06/overlays/0796_overlay.png,/Users/kimsumin/projects/RGMC/calbration_data/robor06/masks/0796_mask.png
797,0.1484375,0.75,239.85056472632493,101.73670444638186,1,0.0,0.0387491944684933,0.0553817482892031,1774679014.5250528,5,/Users/kimsumin/projects/RGMC/calibration_data/robot06/images/0797.png,/Users/kimsumin/projects/RGMC/calbration_data/robor06/overlays/0797_overlay.png,/Users/kimsumin/projects/RGMC/calbration_data/robor06/masks/0797_mask.png
798,0.1781249999999999,0.75,239.82450043440485,115.64347826086956,1,0.0,0.0492225661038236,0.0568627093219164,1774679024.7129085,5,/Users/kimsumin/projects/RGMC/calibration_data/robot06/images/0798.png,/Users/kimsumin/projects/RGMC/calbration_data/robor06/overlays/0798_overlay.png,/Users/kimsumin/projects/RGMC/calbration_data/robor06/masks/0798_mask.png
799,0.2078124999999999,0.75,239.54927163667523,128.41545064377684,1,0.0,0.0298291875762347,0.0473538197667962,1774679035.1142852,5,/Users/kimsumin/projects/RGMC/calibration_data/robot06/images/0799.png,/Users/kimsumin/projects/RGMC/calbration_data/robor06/overlays/0799_overlay.png,/Users/kimsumin/projects/RGMC/calbration_data/robor06/masks/0799_mask.png
800,0.2375,0.75,240.35761589403972,141.45612582781456,1,0.0,0.233341743379998,0.0973805352276975,1774679047.1930895,5,/Users/kimsumin/projects/RGMC/calibration_data/robot06/images/0800.png,/Users/kimsumin/projects/RGMC/calbration_data/robor06/overlays/0800_overlay.png,/Users/kimsumin/projects/RGMC/calbration_data/robor06/masks/0800_mask.png
801,0.2671874999999999,0.75,239.7553464499572,154.19322033898305,1,0.0,0.0274093536990467,0.0737687552908746,1774679057.329198,5,/Users/kimsumin/projects/RGMC/calibration_data/robot06/images/0801.png,/Users/kimsumin/projects/RGMC/calbration_data/robor06/overlays/0801_overlay.png,/Users/kimsumin/projects/RGMC/calbration_data/robor06/masks/0801_mask.png
802,0.296875,0.75,240.19641255605384,167.5343443354148,1,0.0,0.2414046841833204,0.0592449731955418,1774679067.9047854,5,/Users/kimsumin/projects/RGMC/calibration_data/robot06/images/0802.png,/Users/kimsumin/projects/RGMC/calbration_data/robor06/overlays/0802_overlay.png,/Users/kimsumin/projects/RGMC/calbration_data/robor06/masks/0802_mask.png
803,0.3265625,0.75,240.7953216374269,180.7268170426065,1,0.0,0.0316700251911457,0.0463373191509549,1774679079.347544,5,/Users/kimsumin/projects/RGMC/calibration_data/robot06/images/0803.png,/Users/kimsumin/projects/RGMC/calbration_data/robor06/overlays/0803_overlay.png,/Users/kimsumin/projects/RGMC/calbration_data/robor06/masks/0803_mask.png
804,0.3562499999999999,0.75,240.3441615452151,193.06023029229408,1,0.0,0.0510922937360187,0.0162275750810933,1774679089.790398,5,/Users/kimsumin/projects/RGMC/calibration_data/robot06/images/0804.png,/Users/kimsumin/projects/RGMC/calbration_data/robor06/overlays/0804_overlay.png,/Users/kimsumin/projects/RGMC/calbration_data/robor06/masks/0804_mask.png
805,0.3859375,0.75,240.72457627118644,205.98389830508475,1,0.0,0.0695797682683928,0.1093872412156909,1774679101.496482,5,/Users/kimsumin/projects/RGMC/calibration_data/robot06/images/0805.png,/Users/kimsumin/projects/RGMC/calbration_data/robor06/overlays/0805_overlay.png,/Users/kimsumin/projects/RGMC/calbration_data/robor06/masks/0805_mask.png
806,0.4156249999999999,0.75,241.02712160979877,219.4689413823272,1,0.0,0.0668379670806904,0.057547547039833,1774679111.8400722,5,/Users/kimsumin/projects/RGMC/calibration_data/robot06/images/0806.png,/Users/kimsumin/projects/RGMC/calbration_data/robor06/overlays/0806_overlay.png,/Users/kimsumin/projects/RGMC/calbration_data/robor06/masks/0806_mask.png
807,0.4453125,0.75,241.03700440528635,232.1774051191527,1,0.0,0.0403774391075524,0.024592388939007,1774679122.8751106,5,/Users/kimsumin/projects/RGMC/calibration_data/robot06/images/0807.png,/Users/kimsumin/projects/RGMC/calbration_data/robor06/overlays/0807_overlay.png,/Users/kimsumin/projects/RGMC/calbration_data/robor06/masks/0807_mask.png
808,0.475,0.75,241.38515901060072,245.10353982300884,1,0.0,0.054893025017737,0.0552878334657149,1774679133.3150246,5,/Users/kimsumin/projects/RGMC/calibration_data/robot06/images/0808.png,/Users/kimsumin/projects/RGMC/calbration_data/robor06/overlays/0808_overlay.png,/Users/kimsumin/projects/RGMC/calbration_data/robor06/masks/0808_mask.png
809,0.5046875,0.75,241.4217926186292,257.91020052310375,1,0.0,0.0836200227587646,0.0396187521342402,1774679143.884674,5,/Users/kimsumin/projects/RGMC/calibration_data/robot06/images/0809.png,/Users/kimsumin/projects/RGMC/calbration_data/robor06/overlays/0809_overlay.png,/Users/kimsumin/projects/RGMC/calbration_data/robor06/masks/0809_mask.png
810,0.5343749999999999,0.75,241.475763016158,272.05820105820106,1,0.0,0.4602882092208046,0.1745560576775995,1774679154.305088,5,/Users/kimsumin/projects/RGMC/calibration_data/robot06/images/0810.png,/Users/kimsumin/projects/RGMC/calbration_data/robor06/overlays/0810_overlay.png,/Users/kimsumin/projects/RGMC/calbration_data/robor06/masks/0810_mask.png
811,0.5640625,0.75,241.18062397372745,285.4472817133443,1,0.0,0.0620151167287073,0.0621748970977545,1774679164.475252,5,/Users/kimsumin/projects/RGMC/calibration_data/robot06/images/0811.png,/Users/kimsumin/projects/RGMC/calbration_data/robor06/overlays/0811_overlay.png,/Users/kimsumin/projects/RGMC/calbration_data/robor06/masks/0811_mask.png
812,0.59375,0.75,242.49601417183348,298.18246235606733,1,0.0,0.0185685866634044,0.0277704274828032,1774679174.6810625,5,/Users/kimsumin/projects/RGMC/calibration_data/robot06/images/0812.png,/Users/kimsumin/projects/RGMC/calbration_data/robor06/overlays/0812_overlay.png,/Users/kimsumin/projects/RGMC/calbration_data/robor06/masks/0812_mask.png
813,0.6234375,0.75,242.57692307692307,311.97903372835003,1,0.0,0.0295049199039889,0.0220025160837935,1774679186.0368066,5,/Users/kimsumin/projects/RGMC/calibration_data/robot06/images/0813.png,/Users/kimsumin/projects/RGMC/calbration_data/robor06/overlays/0813_overlay.png,/Users/kimsumin/projects/RGMC/calbration_data/robor06/masks/0813_mask.png
814,0.653125,0.75,242.90619307832424,324.51044504995457,1,0.0,0.0305234594984331,0.0193600833762922,1774679196.5244226,5,/Users/kimsumin/projects/RGMC/calibration_data/robot06/images/0814.png,/Users/kimsumin/projects/RGMC/calbration_data/robor06/overlays/0814_overlay.png,/Users/kimsumin/projects/RGMC/calbration_data/robor06/masks/0814_mask.png
815,0.6828124999999999,0.75,242.81576616474757,337.816,1,0.0,0.0441445361398636,0.0472866371413402,1774679206.658572,5,/Users/kimsumin/projects/RGMC/calibration_data/robot06/images/0815.png,/Users/kimsumin/projects/RGMC/calbration_data/robor06/overlays/0815_overlay.png,/Users/kimsumin/projects/RGMC/calbration_data/robor06/masks/0815_mask.png
816,0.7124999999999999,0.75,243.0573012939002,351.1829944547135,1,0.0,0.0639797895592835,0.0477312695149666,1774679217.2070365,5,/Users/kimsumin/projects/RGMC/calibration_data/robot06/images/0816.png,/Users/kimsumin/projects/RGMC/calbration_data/robor06/overlays/0816_overlay.png,/Users/kimsumin/projects/RGMC/calbration_data/robor06/masks/0816_mask.png
817,0.7421875,0.75,243.0825022665458,364.58204895738896,1,0.0,0.0760017925909992,0.0729147785035827,1774679227.641559,5,/Users/kimsumin/projects/RGMC/calibration_data/robot06/images/0817.png,/Users/kimsumin/projects/RGMC/calbration_data/robor06/overlays/0817_overlay.png,/Users/kimsumin/projects/RGMC/calbration_data/robor06/masks/0817_mask.png
818,0.771875,0.75,243.10554561717353,377.32085561497325,1,0.0,0.0420018843667079,0.0584361152387704,1774679237.7977643,5,/Users/kimsumin/projects/RGMC/calibration_data/robot06/images/0818.png,/Users/kimsumin/projects/RGMC/calbration_data/robor06/overlays/0818_overlay.png,/Users/kimsumin/projects/RGMC/calbration_data/robor06/masks/0818_mask.png
819,0.8015625,0.75,243.21921397379913,391.18881759853343,1,0.0,0.0280127237245395,0.3621714753065254,1774679251.9027584,5,/Users/kimsumin/projects/RGMC/calibration_data/robot06/images/0819.png,/Users/kimsumin/projects/RGMC/calbration_data/robor06/overlays/0819_overlay.png,/Users/kimsumin/projects/RGMC/calbration_data/robor06/masks/0819_mask.png
820,0.8312499999999999,0.75,243.38120567375887,404.5888594164456,1,0.0,0.0481735941150604,0.0691090815727375,1774679262.3382275,5,/Users/kimsumin/projects/RGMC/calibration_data/robot06/images/0820.png,/Users/kimsumin/projects/RGMC/calbration_data/robor06/overlays/0820_overlay.png,/Users/kimsumin/projects/RGMC/calbration_data/robor06/masks/0820_mask.png
821,0.8609374999999999,0.75,243.2604074402126,417.2493392070485,1,0.0,0.0409336240817684,0.0768084770240912,1774679272.6862147,5,/Users/kimsumin/projects/RGMC/calibration_data/robot06/images/0821.png,/Users/kimsumin/projects/RGMC/calbration_data/robor06/overlays/0821_overlay.png,/Users/kimsumin/projects/RGMC/calbration_data/robor06/masks/0821_mask.png
822,0.890625,0.75,243.62803234501348,429.8428571428571,1,0.0,0.0423895280474234,0.0554839997092561,1774679284.4887943,5,/Users/kimsumin/projects/RGMC/calibration_data/robot06/images/0822.png,/Users/kimsumin/projects/RGMC/calbration_data/robor06/overlays/0822_overlay.png,/Users/kimsumin/projects/RGMC/calbration_data/robor06/masks/0822_mask.png
823,0.9203125,0.75,243.61482159194875,443.5726027397261,1,0.0,0.0211126264762274,0.0697115403517048,1774679294.797346,5,/Users/kimsumin/projects/RGMC/calibration_data/robot06/images/0823.png,/Users/kimsumin/projects/RGMC/calbration_data/robor06/overlays/0823_overlay.png,/Users/kimsumin/projects/RGMC/calbration_data/robor06/masks/0823_mask.png
824,0.95,0.75,243.67469879518072,456.0231053604437,1,0.0,0.0447561751997998,0.1027794967835198,1774679305.5526817,5,/Users/kimsumin/projects/RGMC/calibration_data/robot06/images/0824.png,/Users/kimsumin/projects/RGMC/calbration_data/robor06/overlays/0824_overlay.png,/Users/kimsumin/projects/RGMC/calbration_data/robor06/masks/0824_mask.png
825,0.95,0.78125,230.53113553113553,456.4249084249085,1,0.0,0.028266296779901,0.0496866723016347,1774679316.068381,5,/Users/kimsumin/projects/RGMC/calibration_data/robot06/images/0825.png,/Users/kimsumin/projects/RGMC/calbration_data/robor06/overlays/0825_overlay.png,/Users/kimsumin/projects/RGMC/calbration_data/robor06/masks/0825_mask.png
826,0.9203125,0.78125,230.25431425976385,444.40236148955495,1,0.0,0.041168556466181,0.1046517702901732,1774679327.0617568,5,/Users/kimsumin/projects/RGMC/calibration_data/robot06/images/0826.png,/Users/kimsumin/projects/RGMC/calbration_data/robor06/overlays/0826_overlay.png,/Users/kimsumin/projects/RGMC/calbration_data/robor06/masks/0826_mask.png
827,0.890625,0.78125,230.10875576036867,430.0470046082949,1,0.0,0.2137843776286816,0.0638800770483807,1774679337.8024766,5,/Users/kimsumin/projects/RGMC/calibration_data/robot06/images/0827.png,/Users/kimsumin/projects/RGMC/calbration_data/robor06/overlays/0827_overlay.png,/Users/kimsumin/projects/RGMC/calbration_data/robor06/masks/0827_mask.png
828,0.8609374999999999,0.78125,230.0589836660617,417.6391659111514,1,0.0,0.0295837011042064,0.0130649401511584,1774679348.984797,5,/Users/kimsumin/projects/RGMC/calibration_data/robot06/images/0828.png,/Users/kimsumin/projects/RGMC/calbration_data/robor06/overlays/0828_overlay.png,/Users/kimsumin/projects/RGMC/calbration_data/robor06/masks/0828_mask.png
829,0.8312499999999999,0.78125,229.4803738317757,404.9775700934579,1,0.0,0.3911140176454109,0.0280700997974687,1774679358.8897097,5,/Users/kimsumin/projects/RGMC/calibration_data/robot06/images/0829.png,/Users/kimsumin/projects/RGMC/calbration_data/robor06/overlays/0829_overlay.png,/Users/kimsumin/projects/RGMC/calbration_data/robor06/masks/0829_mask.png
830,0.8015625,0.78125,228.9604415823367,391.3941605839416,1,0.0,0.2983501831409213,0.063350982779903,1774679368.984255,5,/Users/kimsumin/projects/RGMC/calibration_data/robot06/images/0830.png,/Users/kimsumin/projects/RGMC/calbration_data/robor06/overlays/0830_overlay.png,/Users/kimsumin/projects/RGMC/calbration_data/robor06/masks/0830_mask.png
831,0.771875,0.78125,229.0306976744186,377.9821596244131,1,0.0,0.1885484293610494,0.3904461097830748,1774679380.1609805,5,/Users/kimsumin/projects/RGMC/calibration_data/robot06/images/0831.png,/Users/kimsumin/projects/RGMC/calbration_data/robor06/overlays/0831_overlay.png,/Users/kimsumin/projects/RGMC/calbration_data/robor06/masks/0831_mask.png
832,0.7421875,0.78125,228.9455842997324,364.7383259911894,1,0.0,0.079797352810632,0.0537085424905486,1774679390.782209,5,/Users/kimsumin/projects/RGMC/calibration_data/robot06/images/0832.png,/Users/kimsumin/projects/RGMC/calbration_data/robor06/overlays/0832_overlay.png,/Users/kimsumin/projects/RGMC/calbration_data/robor06/masks/0832_mask.png
833,0.7124999999999999,0.78125,228.19684308263697,351.3314763231198,1,0.0,0.0189816612411515,0.1229639577397935,1774679401.215979,5,/Users/kimsumin/projects/RGMC/calibration_data/robot06/images/0833.png,/Users/kimsumin/projects/RGMC/calbration_data/robor06/overlays/0833_overlay.png,/Users/kimsumin/projects/RGMC/calbration_data/robor06/masks/0833_mask.png
834,0.6828124999999999,0.78125,228.33552631578948,338.8796992481203,1,0.0,0.0361176780153652,0.0398800648944229,1774679411.8708315,5,/Users/kimsumin/projects/RGMC/calibration_data/robot06/images/0834.png,/Users/kimsumin/projects/RGMC/calbration_data/robor06/overlays/0834_overlay.png,/Users/kimsumin/projects/RGMC/calbration_data/robor06/masks/0834_mask.png
835,0.653125,0.78125,228.11238938053097,324.8489722966935,1,0.0,0.0694964168004766,0.0351936005085617,1774679422.3349595,5,/Users/kimsumin/projects/RGMC/calibration_data/robot06/images/0835.png,/Users/kimsumin/projects/RGMC/calbration_data/robor06/overlays/0835_overlay.png,/Users/kimsumin/projects/RGMC/calbration_data/robor06/masks/0835_mask.png
836,0.6234375,0.78125,228.05505415162455,312.17599277978337,1,0.0,0.0404436749879908,0.0959010160819988,1774679432.6298716,5,/Users/kimsumin/projects/RGMC/calibration_data/robot06/images/0836.png,/Users/kimsumin/projects/RGMC/calbration_data/robor06/overlays/0836_overlay.png,/Users/kimsumin/projects/RGMC/calbration_data/robor06/masks/0836_mask.png
837,0.59375,0.78125,227.86471663619744,299.42138939670934,1,0.0,0.0331257190358234,0.0213330294298043,1774679443.9910746,5,/Users/kimsumin/projects/RGMC/calibration_data/robot06/images/0837.png,/Users/kimsumin/projects/RGMC/calbration_data/robor06/overlays/0837_overlay.png,/Users/kimsumin/projects/RGMC/calbration_data/robor06/masks/0837_mask.png
838,0.5640625,0.78125,227.7279792746114,285.54640069384214,1,0.0,0.0645506678684387,0.0536077122756927,1774679454.1628883,5,/Users/kimsumin/projects/RGMC/calibration_data/robot06/images/0838.png,/Users/kimsumin/projects/RGMC/calbration_data/robor06/overlays/0838_overlay.png,/Users/kimsumin/projects/RGMC/calbration_data/robor06/masks/0838_mask.png
839,0.5343749999999999,0.78125,227.739982190561,272.6385435168739,1,0.0,0.0626478830401317,0.0754731760380676,1774679464.5741625,5,/Users/kimsumin/projects/RGMC/calibration_data/robot06/images/0839.png,/Users/kimsumin/projects/RGMC/calbration_data/robor06/overlays/0839_overlay.png,/Users/kimsumin/projects/RGMC/calbration_data/robor06/masks/0839_mask.png
840,0.5046875,0.78125,227.42732049036775,258.4611307420495,1,0.0,0.0769669320835421,0.0367360872509287,1774679475.0347097,5,/Users/kimsumin/projects/RGMC/calibration_data/robot06/images/0840.png,/Users/kimsumin/projects/RGMC/calbration_data/robor06/overlays/0840_overlay.png,/Users/kimsumin/projects/RGMC/calbration_data/robor06/masks/0840_mask.png
841,0.475,0.78125,227.4126426690079,245.57330992098332,1,0.0,0.0479547555242804,0.073239592419973,1774679485.3115504,5,/Users/kimsumin/projects/RGMC/calibration_data/robot06/images/0841.png,/Users/kimsumin/projects/RGMC/calbration_data/robor06/overlays/0841_overlay.png,/Users/kimsumin/projects/RGMC/calbration_data/robor06/masks/0841_mask.png
842,0.4453125,0.78125,227.30180180180184,232.44495412844037,1,0.0,0.0780022380919765,0.0653711989062172,1774679496.0579467,5,/Users/kimsumin/projects/RGMC/calibration_data/robot06/images/0842.png,/Users/kimsumin/projects/RGMC/calbration_data/robor06/overlays/0842_overlay.png,/Users/kimsumin/projects/RGMC/calbration_data/robor06/masks/0842_mask.png
843,0.4156249999999999,0.78125,227.0911528150134,219.80503144654088,1,0.0,0.0263535763959513,0.0336555423762417,1774679506.4908226,5,/Users/kimsumin/projects/RGMC/calibration_data/robot06/images/0843.png,/Users/kimsumin/projects/RGMC/calbration_data/robor06/overlays/0843_overlay.png,/Users/kimsumin/projects/RGMC/calbration_data/robor06/masks/0843_mask.png
844,0.3859375,0.78125,227.0111972437554,206.3156089193825,1,0.0,0.0175057824742968,0.0252156081385268,1774679516.7088337,5,/Users/kimsumin/projects/RGMC/calibration_data/robot06/images/0844.png,/Users/kimsumin/projects/RGMC/calbration_data/robor06/overlays/0844_overlay.png,/Users/kimsumin/projects/RGMC/calbration_data/robor06/masks/0844_mask.png
845,0.3562499999999999,0.78125,227.32798573975043,193.57857142857145,1,0.0,0.0655338731542738,0.0625547785933791,1774679526.9404976,5,/Users/kimsumin/projects/RGMC/calibration_data/robot06/images/0845.png,/Users/kimsumin/projects/RGMC/calbration_data/robor06/overlays/0845_overlay.png,/Users/kimsumin/projects/RGMC/calbration_data/robor06/masks/0845_mask.png
846,0.3265625,0.78125,226.9920634920635,180.6113074204947,1,0.0,0.0276715801864486,0.0463100110797849,1774679537.2993598,5,/Users/kimsumin/projects/RGMC/calibration_data/robot06/images/0846.png,/Users/kimsumin/projects/RGMC/calbration_data/robor06/overlays/0846_overlay.png,/Users/kimsumin/projects/RGMC/calbration_data/robor06/masks/0846_mask.png
847,0.296875,0.78125,227.15022624434388,167.56018099547512,1,0.0,0.3765245970492341,0.0438302957440979,1774679547.9477603,5,/Users/kimsumin/projects/RGMC/calibration_data/robot06/images/0847.png,/Users/kimsumin/projects/RGMC/calbration_data/robor06/overlays/0847_overlay.png,/Users/kimsumin/projects/RGMC/calbration_data/robor06/masks/0847_mask.png
848,0.2671874999999999,0.78125,225.9008547008547,155.1119658119658,1,0.0,0.0318580070822144,0.2669171925148436,1774679558.163862,5,/Users/kimsumin/projects/RGMC/calibration_data/robot06/images/0848.png,/Users/kimsumin/projects/RGMC/calbration_data/robor06/overlays/0848_overlay.png,/Users/kimsumin/projects/RGMC/calbration_data/robor06/masks/0848_mask.png
849,0.2375,0.78125,225.80266444629476,141.4796003330558,1,0.0,0.0448059233875417,0.0357749796385617,1774679569.035359,5,/Users/kimsumin/projects/RGMC/calibration_data/robot06/images/0849.png,/Users/kimsumin/projects/RGMC/calbration_data/robor06/overlays/0849_overlay.png,/Users/kimsumin/projects/RGMC/calbration_data/robor06/masks/0849_mask.png
850,0.2078124999999999,0.78125,225.52295918367344,128.73931623931625,1,0.0,0.0789930011356746,0.0777034815054712,1774679579.2843878,5,/Users/kimsumin/projects/RGMC/calibration_data/robot06/images/0850.png,/Users/kimsumin/projects/RGMC/calbration_data/robor06/overlays/0850_overlay.png,/Users/kimsumin/projects/RGMC/calbration_data/robor06/masks/0850_mask.png
851,0.1781249999999999,0.78125,225.70801033591732,115.7519313304721,1,0.0,0.0569538711490846,0.07382333291074,1774679589.717839,5,/Users/kimsumin/projects/RGMC/calibration_data/robot06/images/0851.png,/Users/kimsumin/projects/RGMC/calbration_data/robor06/overlays/0851_overlay.png,/Users/kimsumin/projects/RGMC/calbration_data/robor06/masks/0851_mask.png
852,0.1484375,0.78125,226.66488413547236,101.78053097345132,1,0.0,0.4329924604128502,0.0770714931213,1774679600.0794146,5,/Users/kimsumin/projects/RGMC/calibration_data/robot06/images/0852.png,/Users/kimsumin/projects/RGMC/calbration_data/robor06/overlays/0852_overlay.png,/Users/kimsumin/projects/RGMC/calbration_data/robor06/masks/0852_mask.png
853,0.11875,0.78125,226.22242152466367,88.82337198929527,1,0.0,0.2784699729562354,0.1006566220825525,1774679610.3086884,5,/Users/kimsumin/projects/RGMC/calibration_data/robot06/images/0853.png,/Users/kimsumin/projects/RGMC/calbration_data/robor06/overlays/0853_overlay.png,/Users/kimsumin/projects/RGMC/calbration_data/robor06/masks/0853_mask.png
854,0.0890624999999999,0.78125,226.62987012987017,75.53712190650779,1,0.0,0.0494462736022193,0.0763066127962443,1774679620.3698652,5,/Users/kimsumin/projects/RGMC/calibration_data/robot06/images/0854.png,/Users/kimsumin/projects/RGMC/calbration_data/robor06/overlays/0854_overlay.png,/Users/kimsumin/projects/RGMC/calbration_data/robor06/masks/0854_mask.png
855,0.059375,0.78125,225.83996539792383,62.158854166666664,1,0.0,0.1642378184991577,0.0837622419718173,1774679633.663359,5,/Users/kimsumin/projects/RGMC/calibration_data/robot06/images/0855.png,/Users/kimsumin/projects/RGMC/calbration_data/robor06/overlays/0855_overlay.png,/Users/kimsumin/projects/RGMC/calbration_data/robor06/masks/0855_mask.png
856,0.0296875,0.78125,226.78169014084503,49.36291038154392,1,0.0,0.1135972045054646,0.0877613776394372,1774679644.1211507,5,/Users/kimsumin/projects/RGMC/calibration_data/robot06/images/0856.png,/Users/kimsumin/projects/RGMC/calbration_data/robor06/overlays/0856_overlay.png,/Users/kimsumin/projects/RGMC/calbration_data/robor06/masks/0856_mask.png
857,0.0,0.78125,225.8369283865401,36.07705627705628,1,0.0,0.1336467095434528,0.0855855396259318,1774679654.462396,5,/Users/kimsumin/projects/RGMC/calibration_data/robot06/images/0857.png,/Users/kimsumin/projects/RGMC/calbration_data/robor06/overlays/0857_overlay.png,/Users/kimsumin/projects/RGMC/calbration_data/robor06/masks/0857_mask.png
858,0.0,0.8125,211.4734042553191,36.1258865248227,1,0.0,0.0244340894908326,0.0308511024367886,1774679664.830938,5,/Users/kimsumin/projects/RGMC/calibration_data/robot06/images/0858.png,/Users/kimsumin/projects/RGMC/calbration_data/robor06/overlays/0858_overlay.png,/Users/kimsumin/projects/RGMC/calbration_data/robor06/masks/0858_mask.png
859,0.0296875,0.8125,211.56414762741653,49.00352112676056,1,0.0,0.0804792103305634,0.0852035640054569,1774679675.9532912,5,/Users/kimsumin/projects/RGMC/calibration_data/robot06/images/0859.png,/Users/kimsumin/projects/RGMC/calbration_data/robor06/overlays/0859_overlay.png,/Users/kimsumin/projects/RGMC/calbration_data/robor06/masks/0859_mask.png
860,0.059375,0.8125,211.61713286713288,62.020210896309315,1,0.0,0.0544408456917335,0.0260737808556439,1774679687.2952209,5,/Users/kimsumin/projects/RGMC/calibration_data/robot06/images/0860.png,/Users/kimsumin/projects/RGMC/calbration_data/robor06/overlays/0860_overlay.png,/Users/kimsumin/projects/RGMC/calbration_data/robor06/masks/0860_mask.png
861,0.0890624999999999,0.8125,211.36238532110093,75.35701275045537,1,0.0,0.0381397284004936,0.0726680939686872,1774679699.3194995,5,/Users/kimsumin/projects/RGMC/calibration_data/robot06/images/0861.png,/Users/kimsumin/projects/RGMC/calbration_data/robor06/overlays/0861_overlay.png,/Users/kimsumin/projects/RGMC/calbration_data/robor06/masks/0861_mask.png
862,0.11875,0.8125,211.5460930640913,88.34855136084285,1,0.0,0.0727237583750221,0.1221080656377813,1774679709.7234168,5,/Users/kimsumin/projects/RGMC/calibration_data/robot06/images/0862.png,/Users/kimsumin/projects/RGMC/calbration_data/robor06/overlays/0862_overlay.png,/Users/kimsumin/projects/RGMC/calbration_data/robor06/masks/0862_mask.png
863,0.1484375,0.8125,211.43193717277487,101.4951796669588,1,0.0,0.0227463582757864,0.0480732698245971,1774679721.4040644,5,/Users/kimsumin/projects/RGMC/calibration_data/robot06/images/0863.png,/Users/kimsumin/projects/RGMC/calbration_data/robor06/overlays/0863_overlay.png,/Users/kimsumin/projects/RGMC/calbration_data/robor06/masks/0863_mask.png
864,0.1781249999999999,0.8125,211.5,115.31711711711712,1,0.0,0.0037871956717708,0.0049352147458591,1774679732.4824352,5,/Users/kimsumin/projects/RGMC/calibration_data/robot06/images/0864.png,/Users/kimsumin/projects/RGMC/calbration_data/robor06/overlays/0864_overlay.png,/Users/kimsumin/projects/RGMC/calbration_data/robor06/masks/0864_mask.png
865,0.2078124999999999,0.8125,211.3377192982456,128.047703180212,1,0.0,0.0391448565191464,0.0978550372067565,1774679744.6845536,5,/Users/kimsumin/projects/RGMC/calibration_data/robot06/images/0865.png,/Users/kimsumin/projects/RGMC/calbration_data/robor06/overlays/0865_overlay.png,/Users/kimsumin/projects/RGMC/calbration_data/robor06/masks/0865_mask.png
866,0.2375,0.8125,211.82874889086068,141.144128113879,1,0.0,0.0160692148060082,0.0957805946538271,1774679755.1367826,5,/Users/kimsumin/projects/RGMC/calibration_data/robot06/images/0866.png,/Users/kimsumin/projects/RGMC/calbration_data/robor06/overlays/0866_overlay.png,/Users/kimsumin/projects/RGMC/calbration_data/robor06/masks/0866_mask.png
867,0.2671874999999999,0.8125,211.8646551724138,154.59276018099547,1,0.0,0.0455290709256286,0.45743898929043,1774679765.5857527,5,/Users/kimsumin/projects/RGMC/calibration_data/robot06/images/0867.png,/Users/kimsumin/projects/RGMC/calbration_data/robor06/overlays/0867_overlay.png,/Users/kimsumin/projects/RGMC/calbration_data/robor06/masks/0867_mask.png
868,0.296875,0.8125,212.25652565256524,167.16921692169217,1,0.0,0.0343521011977198,0.0310756652083652,1774679775.8057845,5,/Users/kimsumin/projects/RGMC/calibration_data/robot06/images/0868.png,/Users/kimsumin/projects/RGMC/calbration_data/robor06/overlays/0868_overlay.png,/Users/kimsumin/projects/RGMC/calbration_data/robor06/masks/0868_mask.png
869,0.3265625,0.8125,212.03222918531785,180.25284339457568,1,0.0,0.0343833007291614,0.1474049513119102,1774679787.339131,5,/Users/kimsumin/projects/RGMC/calibration_data/robot06/images/0869.png,/Users/kimsumin/projects/RGMC/calbration_data/robor06/overlays/0869_overlay.png,/Users/kimsumin/projects/RGMC/calbration_data/robor06/masks/0869_mask.png
870,0.3562499999999999,0.8125,212.30213903743316,193.09082969432313,1,0.0,0.2595719790604938,0.0779543580465706,1774679798.6110995,5,/Users/kimsumin/projects/RGMC/calibration_data/robot06/images/0870.png,/Users/kimsumin/projects/RGMC/calbration_data/robor06/overlays/0870_overlay.png,/Users/kimsumin/projects/RGMC/calbration_data/robor06/masks/0870_mask.png
871,0.3859375,0.8125,212.2024221453287,206.090830449827,1,0.0,0.0386828679128298,0.0118846148678265,1774679808.7627244,5,/Users/kimsumin/projects/RGMC/calibration_data/robot06/images/0871.png,/Users/kimsumin/projects/RGMC/calbration_data/robor06/overlays/0871_overlay.png,/Users/kimsumin/projects/RGMC/calbration_data/robor06/masks/0871_mask.png
872,0.4156249999999999,0.8125,212.3224043715847,219.49135577798,1,0.0,0.0543383264664303,0.0527458813769627,1774679819.297317,5,/Users/kimsumin/projects/RGMC/calibration_data/robot06/images/0872.png,/Users/kimsumin/projects/RGMC/calbration_data/robor06/overlays/0872_overlay.png,/Users/kimsumin/projects/RGMC/calbration_data/robor06/masks/0872_mask.png
873,0.4453125,0.8125,213.0751547303271,232.02298850574712,1,0.0,0.0504506941701262,0.1155087977527014,1774679829.849751,5,/Users/kimsumin/projects/RGMC/calibration_data/robot06/images/0873.png,/Users/kimsumin/projects/RGMC/calbration_data/robor06/overlays/0873_overlay.png,/Users/kimsumin/projects/RGMC/calbration_data/robor06/masks/0873_mask.png
874,0.475,0.8125,212.79191745485812,245.40936170212763,1,0.0,0.0469516049386143,0.0515475493187967,1774679840.1763043,5,/Users/kimsumin/projects/RGMC/calibration_data/robot06/images/0874.png,/Users/kimsumin/projects/RGMC/calbration_data/robor06/overlays/0874_overlay.png,/Users/kimsumin/projects/RGMC/calbration_data/robor06/masks/0874_mask.png
875,0.5046875,0.8125,212.38379341050756,258.088868940754,1,0.0,0.042736849947226,0.0778216967372442,1774679851.3856907,5,/Users/kimsumin/projects/RGMC/calibration_data/robot06/images/0875.png,/Users/kimsumin/projects/RGMC/calbration_data/robor06/overlays/0875_overlay.png,/Users/kimsumin/projects/RGMC/calbration_data/robor06/masks/0875_mask.png
876,0.5343749999999999,0.8125,213.18882978723408,271.9126559714795,1,0.0,0.0993249132818711,0.0391286799631832,1774679861.574145,5,/Users/kimsumin/projects/RGMC/calibration_data/robot06/images/0876.png,/Users/kimsumin/projects/RGMC/calbration_data/robor06/overlays/0876_overlay.png,/Users/kimsumin/projects/RGMC/calbration_data/robor06/masks/0876_mask.png
877,0.5640625,0.8125,213.3663535439795,285.33952702702703,1,0.0,0.4339328383583361,0.0767085614262595,1774679871.9444172,5,/Users/kimsumin/projects/RGMC/calibration_data/robot06/images/0877.png,/Users/kimsumin/projects/RGMC/calbration_data/robor06/overlays/0877_overlay.png,/Users/kimsumin/projects/RGMC/calbration_data/robor06/masks/0877_mask.png
878,0.59375,0.8125,214.605658709107,298.2888692579505,1,0.0,0.0582072884120297,0.0762026041747437,1774679882.5751164,5,/Users/kimsumin/projects/RGMC/calibration_data/robot06/images/0878.png,/Users/kimsumin/projects/RGMC/calbration_data/robor06/overlays/0878_overlay.png,/Users/kimsumin/projects/RGMC/calbration_data/robor06/masks/0878_mask.png
879,0.6234375,0.8125,214.7896200185357,311.9314179796107,1,0.0,0.0526838534050892,0.0430667563846174,1774679893.0224147,5,/Users/kimsumin/projects/RGMC/calibration_data/robot06/images/0879.png,/Users/kimsumin/projects/RGMC/calbration_data/robor06/overlays/0879_overlay.png,/Users/kimsumin/projects/RGMC/calbration_data/robor06/masks/0879_mask.png
880,0.653125,0.8125,214.61080074487896,324.3448275862069,1,0.0,0.038060540905109,0.0442638184000802,1774679904.4058938,5,/Users/kimsumin/projects/RGMC/calibration_data/robot06/images/0880.png,/Users/kimsumin/projects/RGMC/calbration_data/robor06/overlays/0880_overlay.png,/Users/kimsumin/projects/RGMC/calbration_data/robor06/masks/0880_mask.png
881,0.6828124999999999,0.8125,215.04107142857143,337.95714285714286,1,0.0,0.0946304216904178,0.3544313513990769,1774679914.6418705,5,/Users/kimsumin/projects/RGMC/calibration_data/robot06/images/0881.png,/Users/kimsumin/projects/RGMC/calbration_data/robor06/overlays/0881_overlay.png,/Users/kimsumin/projects/RGMC/calbration_data/robor06/masks/0881_mask.png
882,0.7124999999999999,0.8125,214.87737642585552,351.2582781456954,1,0.0,0.0417118181374113,0.0585833145752224,1774679925.60342,5,/Users/kimsumin/projects/RGMC/calibration_data/robot06/images/0882.png,/Users/kimsumin/projects/RGMC/calbration_data/robor06/overlays/0882_overlay.png,/Users/kimsumin/projects/RGMC/calbration_data/robor06/masks/0882_mask.png
883,0.7421875,0.8125,214.98453139217472,364.56803652968034,1,0.0,0.0432414438824172,0.0335387440872383,1774679935.6327505,5,/Users/kimsumin/projects/RGMC/calibration_data/robot06/images/0883.png,/Users/kimsumin/projects/RGMC/calbration_data/robor06/overlays/0883_overlay.png,/Users/kimsumin/projects/RGMC/calbration_data/robor06/masks/0883_mask.png
884,0.771875,0.8125,214.96150402864816,377.6449598572703,1,0.0,0.0469806839864906,0.0428916840279104,1774679946.2664814,5,/Users/kimsumin/projects/RGMC/calibration_data/robot06/images/0884.png,/Users/kimsumin/projects/RGMC/calbration_data/robor06/overlays/0884_overlay.png,/Users/kimsumin/projects/RGMC/calbration_data/robor06/masks/0884_mask.png
885,0.8015625,0.8125,215.12966417910448,391.3252336448598,1,0.0,0.0313396218588929,0.0248634896254229,1774679957.1520977,5,/Users/kimsumin/projects/RGMC/calibration_data/robot06/images/0885.png,/Users/kimsumin/projects/RGMC/calbration_data/robor06/overlays/0885_overlay.png,/Users/kimsumin/projects/RGMC/calbration_data/robor06/masks/0885_mask.png
886,0.8312499999999999,0.8125,215.11400359066428,404.72482014388487,1,0.0,0.0393223624101247,0.0327151541072002,1774679967.3691075,5,/Users/kimsumin/projects/RGMC/calibration_data/robot06/images/0886.png,/Users/kimsumin/projects/RGMC/calbration_data/robor06/overlays/0886_overlay.png,/Users/kimsumin/projects/RGMC/calbration_data/robor06/masks/0886_mask.png
887,0.8609374999999999,0.8125,215.37409420289856,417.4726277372263,1,0.0,0.051247109168262,0.0310164845827149,1774679977.913489,5,/Users/kimsumin/projects/RGMC/calibration_data/robot06/images/0887.png,/Users/kimsumin/projects/RGMC/calbration_data/robor06/overlays/0887_overlay.png,/Users/kimsumin/projects/RGMC/calbration_data/robor06/masks/0887_mask.png
888,0.890625,0.8125,215.5072859744991,430.1372549019608,1,0.0,0.0388722963216585,0.0437315657694497,1774679989.072586,5,/Users/kimsumin/projects/RGMC/calibration_data/robot06/images/0888.png,/Users/kimsumin/projects/RGMC/calbration_data/robor06/overlays/0888_overlay.png,/Users/kimsumin/projects/RGMC/calbration_data/robor06/masks/0888_mask.png
889,0.9203125,0.8125,215.5586642599278,444.1359489051095,1,0.0,0.0232513524456832,0.0903999327825754,1774679999.103582,5,/Users/kimsumin/projects/RGMC/calibration_data/robot06/images/0889.png,/Users/kimsumin/projects/RGMC/calbration_data/robor06/overlays/0889_overlay.png,/Users/kimsumin/projects/RGMC/calbration_data/robor06/masks/0889_mask.png
890,0.95,0.8125,215.77235023041476,456.47857793983593,1,0.0,0.0454502090375695,0.0513011787462039,1774680009.3562982,5,/Users/kimsumin/projects/RGMC/calibration_data/robot06/images/0890.png,/Users/kimsumin/projects/RGMC/calbration_data/robor06/overlays/0890_overlay.png,/Users/kimsumin/projects/RGMC/calbration_data/robor06/masks/0890_mask.png
891,0.95,0.84375,202.5430954587581,456.725671918443,1,0.0,0.0292355885293186,0.0541432645601431,1774680020.408868,5,/Users/kimsumin/projects/RGMC/calibration_data/robot06/images/0891.png,/Users/kimsumin/projects/RGMC/calbration_data/robor06/overlays/0891_overlay.png,/Users/kimsumin/projects/RGMC/calbration_data/robor06/masks/0891_mask.png
892,0.9203125,0.84375,202.2937384898711,444.1878453038674,1,0.0,0.0559472730864465,0.0442921600005364,1774680030.7545805,5,/Users/kimsumin/projects/RGMC/calibration_data/robot06/images/0892.png,/Users/kimsumin/projects/RGMC/calbration_data/robor06/overlays/0892_overlay.png,/Users/kimsumin/projects/RGMC/calbration_data/robor06/masks/0892_mask.png
893,0.890625,0.84375,202.2520775623269,430.3961038961039,1,0.0,0.0429087188321121,0.0772781437179187,1774680040.567727,5,/Users/kimsumin/projects/RGMC/calibration_data/robot06/images/0893.png,/Users/kimsumin/projects/RGMC/calbration_data/robor06/overlays/0893_overlay.png,/Users/kimsumin/projects/RGMC/calbration_data/robor06/masks/0893_mask.png
894,0.8609374999999999,0.84375,201.91736304549676,417.7841328413284,1,0.0,0.0352544250433589,0.0574739885710616,1774680051.1078756,5,/Users/kimsumin/projects/RGMC/calibration_data/robot06/images/0894.png,/Users/kimsumin/projects/RGMC/calbration_data/robor06/overlays/0894_overlay.png,/Users/kimsumin/projects/RGMC/calbration_data/robor06/masks/0894_mask.png
895,0.8312499999999999,0.84375,201.21992818671455,405.105734767025,1,0.0,0.3288294909474463,0.0968406511147847,1774680061.0941143,5,/Users/kimsumin/projects/RGMC/calibration_data/robot06/images/0895.png,/Users/kimsumin/projects/RGMC/calbration_data/robor06/overlays/0895_overlay.png,/Users/kimsumin/projects/RGMC/calbration_data/robor06/masks/0895_mask.png
896,0.8015625,0.84375,200.69592760180996,391.7918552036199,1,0.0,0.1965147450150401,0.0454238811021955,1774680071.5280795,5,/Users/kimsumin/projects/RGMC/calibration_data/robot06/images/0896.png,/Users/kimsumin/projects/RGMC/calbration_data/robor06/overlays/0896_overlay.png,/Users/kimsumin/projects/RGMC/calbration_data/robor06/masks/0896_mask.png
897,0.771875,0.84375,200.54780114722757,378.7858508604206,1,0.0,0.1459262562084936,0.0843038681298038,1774680081.9515915,5,/Users/kimsumin/projects/RGMC/calibration_data/robot06/images/0897.png,/Users/kimsumin/projects/RGMC/calbration_data/robor06/overlays/0897_overlay.png,/Users/kimsumin/projects/RGMC/calbration_data/robor06/masks/0897_mask.png
898,0.7421875,0.84375,200.71336996336996,364.81868131868134,1,0.0,0.1599250474927307,0.0573868111417291,1774680092.2980664,5,/Users/kimsumin/projects/RGMC/calibration_data/robot06/images/0898.png,/Users/kimsumin/projects/RGMC/calbration_data/robor06/overlays/0898_overlay.png,/Users/kimsumin/projects/RGMC/calbration_data/robor06/masks/0898_mask.png
899,0.7124999999999999,0.84375,200.1122448979592,352.14801110083255,1,0.0,0.0322644454471168,0.1483438791969439,1774680102.735412,5,/Users/kimsumin/projects/RGMC/calibration_data/robot06/images/0899.png,/Users/kimsumin/projects/RGMC/calbration_data/robor06/overlays/0899_overlay.png,/Users/kimsumin/projects/RGMC/calbration_data/robor06/masks/0899_mask.png
900,0.6828124999999999,0.84375,200.19661335841957,339.0552952202437,1,0.0,0.0826377477323739,0.0206919137194841,1774680113.159992,5,/Users/kimsumin/projects/RGMC/calibration_data/robot06/images/0900.png,/Users/kimsumin/projects/RGMC/calbration_data/robor06/overlays/0900_overlay.png,/Users/kimsumin/projects/RGMC/calbration_data/robor06/masks/0900_mask.png
901,0.653125,0.84375,200.30283623055809,325.1070448307411,1,0.0,0.0886455338425699,0.0403092588725584,1774680124.649546,5,/Users/kimsumin/projects/RGMC/calibration_data/robot06/images/0901.png,/Users/kimsumin/projects/RGMC/calbration_data/robor06/overlays/0901_overlay.png,/Users/kimsumin/projects/RGMC/calbration_data/robor06/masks/0901_mask.png
902,0.6234375,0.84375,200.1487226277372,312.352241537054,1,0.0,0.0769562750066082,0.0573420974843958,1774680134.992443,5,/Users/kimsumin/projects/RGMC/calibration_data/robot06/images/0902.png,/Users/kimsumin/projects/RGMC/calbration_data/robor06/overlays/0902_overlay.png,/Users/kimsumin/projects/RGMC/calbration_data/robor06/masks/0902_mask.png
903,0.59375,0.84375,199.98933333333332,298.36743772241994,1,0.0,0.0279818395119663,0.3157527747886492,1774680145.2493927,5,/Users/kimsumin/projects/RGMC/calibration_data/robot06/images/0903.png,/Users/kimsumin/projects/RGMC/calbration_data/robor06/overlays/0903_overlay.png,/Users/kimsumin/projects/RGMC/calbration_data/robor06/masks/0903_mask.png
904,0.5640625,0.84375,199.686327077748,285.67109929078015,1,0.0,0.0275233203305102,0.0304686065963925,1774680155.4681978,5,/Users/kimsumin/projects/RGMC/calibration_data/robot06/images/0904.png,/Users/kimsumin/projects/RGMC/calbration_data/robor06/overlays/0904_overlay.png,/Users/kimsumin/projects/RGMC/calbration_data/robor06/masks/0904_mask.png
905,0.5343749999999999,0.84375,199.53715308863025,272.6467971530249,1,0.0,0.0369563757542333,0.0607247181572139,1774680166.0294478,5,/Users/kimsumin/projects/RGMC/calibration_data/robot06/images/0905.png,/Users/kimsumin/projects/RGMC/calbration_data/robor06/overlays/0905_overlay.png,/Users/kimsumin/projects/RGMC/calbration_data/robor06/masks/0905_mask.png
906,0.5046875,0.84375,199.36144578313252,258.98424467099164,1,0.0,0.0269068375122146,0.0630322535342592,1774680176.36168,5,/Users/kimsumin/projects/RGMC/calibration_data/robot06/images/0906.png,/Users/kimsumin/projects/RGMC/calbration_data/robor06/overlays/0906_overlay.png,/Users/kimsumin/projects/RGMC/calbration_data/robor06/masks/0906_mask.png
907,0.475,0.84375,199.4581850533808,245.66054243219597,1,0.0,0.0549452724136599,0.0648108193249402,1774680187.2360847,5,/Users/kimsumin/projects/RGMC/calibration_data/robot06/images/0907.png,/Users/kimsumin/projects/RGMC/calbration_data/robor06/overlays/0907_overlay.png,/Users/kimsumin/projects/RGMC/calbration_data/robor06/masks/0907_mask.png
908,0.4453125,0.84375,199.35325602140944,232.5789946140036,1,0.0,0.0359643997063466,0.1224618416933927,1774680197.7933402,5,/Users/kimsumin/projects/RGMC/calibration_data/robot06/images/0908.png,/Users/kimsumin/projects/RGMC/calbration_data/robor06/overlays/0908_overlay.png,/Users/kimsumin/projects/RGMC/calbration_data/robor06/masks/0908_mask.png
909,0.4156249999999999,0.84375,199.03080985915497,220.27402135231316,1,0.0,0.1007271542000328,0.1795275694378944,1774680208.4781294,5,/Users/kimsumin/projects/RGMC/calibration_data/robot06/images/0909.png,/Users/kimsumin/projects/RGMC/calbration_data/robor06/overlays/0909_overlay.png,/Users/kimsumin/projects/RGMC/calbration_data/robor06/masks/0909_mask.png
910,0.3859375,0.84375,199.34355275022543,206.49035087719295,1,0.0,0.037311120755034,0.3539710342920533,1774680218.8795984,5,/Users/kimsumin/projects/RGMC/calibration_data/robot06/images/0910.png,/Users/kimsumin/projects/RGMC/calbration_data/robor06/overlays/0910_overlay.png,/Users/kimsumin/projects/RGMC/calbration_data/robor06/masks/0910_mask.png
911,0.3562499999999999,0.84375,199.31713780918727,193.57334525939177,1,0.0,0.0457104803111699,0.0591482283880749,1774680229.2977235,5,/Users/kimsumin/projects/RGMC/calibration_data/robot06/images/0911.png,/Users/kimsumin/projects/RGMC/calbration_data/robor06/overlays/0911_overlay.png,/Users/kimsumin/projects/RGMC/calbration_data/robor06/masks/0911_mask.png
912,0.3265625,0.84375,199.3562005277045,180.71441202475685,1,0.0,0.050872526850052,0.0225529495542473,1774680239.6445384,5,/Users/kimsumin/projects/RGMC/calibration_data/robot06/images/0912.png,/Users/kimsumin/projects/RGMC/calbration_data/robor06/overlays/0912_overlay.png,/Users/kimsumin/projects/RGMC/calbration_data/robor06/masks/0912_mask.png
913,0.296875,0.84375,199.32382704691813,167.52333028362307,1,0.0,0.042999467551381,0.0449515403213889,1774680250.4000316,5,/Users/kimsumin/projects/RGMC/calibration_data/robot06/images/0913.png,/Users/kimsumin/projects/RGMC/calbration_data/robor06/overlays/0913_overlay.png,/Users/kimsumin/projects/RGMC/calbration_data/robor06/masks/0913_mask.png
914,0.2671874999999999,0.84375,199.2904378909741,154.98838248436104,1,0.0,0.0741711848906364,0.06768240936621,1774680260.946627,5,/Users/kimsumin/projects/RGMC/calibration_data/robot06/images/0914.png,/Users/kimsumin/projects/RGMC/calbration_data/robor06/overlays/0914_overlay.png,/Users/kimsumin/projects/RGMC/calbration_data/robor06/masks/0914_mask.png
915,0.2375,0.84375,198.9795737122558,141.2202486678508,1,0.0,0.0418042847007128,0.0712461066833743,1774680271.2883215,5,/Users/kimsumin/projects/RGMC/calibration_data/robot06/images/0915.png,/Users/kimsumin/projects/RGMC/calbration_data/robor06/overlays/0915_overlay.png,/Users/kimsumin/projects/RGMC/calbration_data/robor06/masks/0915_mask.png
916,0.2078124999999999,0.84375,198.8118811881188,128.4185418541854,1,0.0,0.2550701743070558,0.0966791841231224,1774680282.179754,5,/Users/kimsumin/projects/RGMC/calibration_data/robot06/images/0916.png,/Users/kimsumin/projects/RGMC/calbration_data/robor06/overlays/0916_overlay.png,/Users/kimsumin/projects/RGMC/calbration_data/robor06/masks/0916_mask.png
917,0.1781249999999999,0.84375,197.87271142109853,115.70556061987236,1,0.0,0.4287412589614695,0.075223855793484,1774680292.5834503,5,/Users/kimsumin/projects/RGMC/calibration_data/robot06/images/0917.png,/Users/kimsumin/projects/RGMC/calbration_data/robor06/overlays/0917_overlay.png,/Users/kimsumin/projects/RGMC/calbration_data/robor06/masks/0917_mask.png
918,0.1484375,0.84375,198.7305976806423,102.17736185383244,1,0.0,0.0654741404384863,0.0758143419522604,1774680302.8518,5,/Users/kimsumin/projects/RGMC/calibration_data/robot06/images/0918.png,/Users/kimsumin/projects/RGMC/calbration_data/robor06/overlays/0918_overlay.png,/Users/kimsumin/projects/RGMC/calbration_data/robor06/masks/0918_mask.png
919,0.11875,0.84375,198.4754098360656,89.03144654088051,1,0.0,0.3548914354493927,0.1226553059496325,1774680313.194135,5,/Users/kimsumin/projects/RGMC/calibration_data/robot06/images/0919.png,/Users/kimsumin/projects/RGMC/calbration_data/robor06/overlays/0919_overlay.png,/Users/kimsumin/projects/RGMC/calbration_data/robor06/masks/0919_mask.png
920,0.0890624999999999,0.84375,198.56699201419696,76.42058562555457,1,0.0,0.0748964453898631,0.1007785504762923,1774680323.4126215,5,/Users/kimsumin/projects/RGMC/calibration_data/robot06/images/0920.png,/Users/kimsumin/projects/RGMC/calbration_data/robor06/overlays/0920_overlay.png,/Users/kimsumin/projects/RGMC/calbration_data/robor06/masks/0920_mask.png
921,0.059375,0.84375,198.408658008658,62.30337078651685,1,0.0,0.0518765609842245,0.0526686557761781,1774680333.8518057,5,/Users/kimsumin/projects/RGMC/calibration_data/robot06/images/0921.png,/Users/kimsumin/projects/RGMC/calbration_data/robor06/overlays/0921_overlay.png,/Users/kimsumin/projects/RGMC/calbration_data/robor06/masks/0921_mask.png
922,0.0296875,0.84375,198.5090460526316,49.66999168744805,1,0.0,0.2257813344177705,0.1145515875413923,1774680344.0948071,5,/Users/kimsumin/projects/RGMC/calibration_data/robot06/images/0922.png,/Users/kimsumin/projects/RGMC/calbration_data/robor06/overlays/0922_overlay.png,/Users/kimsumin/projects/RGMC/calbration_data/robor06/masks/0922_mask.png
923,0.0,0.84375,198.62466487935657,36.51016799292661,1,0.0,0.3602751479787637,0.0697180944686719,1774680354.4751546,5,/Users/kimsumin/projects/RGMC/calibration_data/robot06/images/0923.png,/Users/kimsumin/projects/RGMC/calbration_data/robor06/overlays/0923_overlay.png,/Users/kimsumin/projects/RGMC/calbration_data/robor06/masks/0923_mask.png
924,0.0,0.875,183.62887511071744,36.19309123117803,1,0.0,0.0431335434209808,0.097762545912862,1774680364.8075843,5,/Users/kimsumin/projects/RGMC/calibration_data/robot06/images/0924.png,/Users/kimsumin/projects/RGMC/calbration_data/robor06/overlays/0924_overlay.png,/Users/kimsumin/projects/RGMC/calbration_data/robor06/masks/0924_mask.png
925,0.0296875,0.875,183.4772929652716,48.797900262467195,1,0.0,0.0460938321374634,0.082022762399198,1774680375.0144534,5,/Users/kimsumin/projects/RGMC/calibration_data/robot06/images/0925.png,/Users/kimsumin/projects/RGMC/calbration_data/robor06/overlays/0925_overlay.png,/Users/kimsumin/projects/RGMC/calbration_data/robor06/masks/0925_mask.png
926,0.059375,0.875,183.2280390417036,61.837622005323865,1,0.0,0.0378320246585609,0.051700740996807,1774680385.5827098,5,/Users/kimsumin/projects/RGMC/calibration_data/robot06/images/0926.png,/Users/kimsumin/projects/RGMC/calbration_data/robor06/overlays/0926_overlay.png,/Users/kimsumin/projects/RGMC/calbration_data/robor06/masks/0926_mask.png
927,0.0890624999999999,0.875,183.6167883211679,75.433242506812,1,0.0,0.0561043804180957,0.030007910350784,1774680396.020728,5,/Users/kimsumin/projects/RGMC/calibration_data/robot06/images/0927.png,/Users/kimsumin/projects/RGMC/calbration_data/robor06/overlays/0927_overlay.png,/Users/kimsumin/projects/RGMC/calbration_data/robor06/masks/0927_mask.png
928,0.11875,0.875,183.18458781362008,88.2093441150045,1,0.0,0.0605943273070104,0.061462268136159,1774680406.5605469,5,/Users/kimsumin/projects/RGMC/calibration_data/robot06/images/0928.png,/Users/kimsumin/projects/RGMC/calbration_data/robor06/overlays/0928_overlay.png,/Users/kimsumin/projects/RGMC/calbration_data/robor06/masks/0928_mask.png
929,0.1484375,0.875,183.46041856232935,101.6778889899909,1,0.0,0.0470104522854867,0.0520762559143804,1774680416.9209309,5,/Users/kimsumin/projects/RGMC/calibration_data/robot06/images/0929.png,/Users/kimsumin/projects/RGMC/calbration_data/robor06/overlays/0929_overlay.png,/Users/kimsumin/projects/RGMC/calbration_data/robor06/masks/0929_mask.png
930,0.1781249999999999,0.875,183.7364554637282,115.07628676470588,1,0.0,0.012953006199186,0.0511798052334436,1774680427.5476177,5,/Users/kimsumin/projects/RGMC/calibration_data/robot06/images/0930.png,/Users/kimsumin/projects/RGMC/calbration_data/robor06/overlays/0930_overlay.png,/Users/kimsumin/projects/RGMC/calbration_data/robor06/masks/0930_mask.png
931,0.2078124999999999,0.875,183.8178506375228,127.89132420091325,1,0.0,0.0353632874220083,0.0904858174383356,1774680438.0991771,5,/Users/kimsumin/projects/RGMC/calibration_data/robot06/images/0931.png,/Users/kimsumin/projects/RGMC/calbration_data/robor06/overlays/0931_overlay.png,/Users/kimsumin/projects/RGMC/calbration_data/robor06/masks/0931_mask.png
932,0.2375,0.875,184.1089108910891,140.7185251798561,1,0.0,0.0217732552892233,0.0314806388691318,1774680449.0552664,5,/Users/kimsumin/projects/RGMC/calibration_data/robot06/images/0932.png,/Users/kimsumin/projects/RGMC/calbration_data/robor06/overlays/0932_overlay.png,/Users/kimsumin/projects/RGMC/calbration_data/robor06/masks/0932_mask.png
933,0.2671874999999999,0.875,184.39678284182307,153.7578947368421,1,0.0,0.1512233801730032,0.0439120924300212,1774680459.0886877,5,/Users/kimsumin/projects/RGMC/calibration_data/robot06/images/0933.png,/Users/kimsumin/projects/RGMC/calbration_data/robor06/overlays/0933_overlay.png,/Users/kimsumin/projects/RGMC/calbration_data/robor06/masks/0933_mask.png
934,0.296875,0.875,184.90703971119137,167.1832129963899,1,0.0,0.0794490982904186,0.2502256215262847,1774680470.5539987,5,/Users/kimsumin/projects/RGMC/calibration_data/robot06/images/0934.png,/Users/kimsumin/projects/RGMC/calbration_data/robor06/overlays/0934_overlay.png,/Users/kimsumin/projects/RGMC/calbration_data/robor06/masks/0934_mask.png
935,0.3265625,0.875,184.68333333333337,180.24122807017545,1,0.0,0.1029419514620319,0.0402557508296742,1774680480.898058,5,/Users/kimsumin/projects/RGMC/calibration_data/robot06/images/0935.png,/Users/kimsumin/projects/RGMC/calbration_data/robor06/overlays/0935_overlay.png,/Users/kimsumin/projects/RGMC/calbration_data/robor06/masks/0935_mask.png
936,0.3562499999999999,0.875,184.22661870503595,193.14298642533936,1,0.0,0.0435005464483684,0.0352400859077995,1774680491.1653495,5,/Users/kimsumin/projects/RGMC/calibration_data/robot06/images/0936.png,/Users/kimsumin/projects/RGMC/calbration_data/robor06/overlays/0936_overlay.png,/Users/kimsumin/projects/RGMC/calbration_data/robor06/masks/0936_mask.png
937,0.3859375,0.875,184.42746113989637,206.0321459600347,1,0.0,0.1977854447724471,0.0676433102352771,1774680501.5166004,5,/Users/kimsumin/projects/RGMC/calibration_data/robot06/images/0937.png,/Users/kimsumin/projects/RGMC/calbration_data/robor06/overlays/0937_overlay.png,/Users/kimsumin/projects/RGMC/calbration_data/robor06/masks/0937_mask.png
938,0.4156249999999999,0.875,183.97021660649816,219.6900269541779,1,0.0,0.0400579395743616,0.027308537759989,1774680512.03706,5,/Users/kimsumin/projects/RGMC/calibration_data/robot06/images/0938.png,/Users/kimsumin/projects/RGMC/calbration_data/robor06/overlays/0938_overlay.png,/Users/kimsumin/projects/RGMC/calbration_data/robor06/masks/0938_mask.png
939,0.4453125,0.875,184.8222811671087,232.24667258207631,1,0.0,0.085270316759675,0.1615177698566279,1774680522.1895895,5,/Users/kimsumin/projects/RGMC/calibration_data/robot06/images/0939.png,/Users/kimsumin/projects/RGMC/calbration_data/robor06/overlays/0939_overlay.png,/Users/kimsumin/projects/RGMC/calbration_data/robor06/masks/0939_mask.png
940,0.475,0.875,184.52088661551576,245.55498721227625,1,0.0,0.2177336489266653,0.0145551624310698,1774680532.751226,5,/Users/kimsumin/projects/RGMC/calibration_data/robot06/images/0940.png,/Users/kimsumin/projects/RGMC/calbration_data/robor06/overlays/0940_overlay.png,/Users/kimsumin/projects/RGMC/calbration_data/robor06/masks/0940_mask.png
941,0.5046875,0.875,184.8426966292135,257.8282571912014,1,0.0,0.0617707292823849,0.0959179287988941,1774680543.1853125,5,/Users/kimsumin/projects/RGMC/calibration_data/robot06/images/0941.png,/Users/kimsumin/projects/RGMC/calbration_data/robor06/overlays/0941_overlay.png,/Users/kimsumin/projects/RGMC/calbration_data/robor06/masks/0941_mask.png
942,0.5343749999999999,0.875,185.28170377541144,271.78248587570624,1,0.0,0.5981689301996935,0.0251420091390962,1774680555.505971,5,/Users/kimsumin/projects/RGMC/calibration_data/robot06/images/0942.png,/Users/kimsumin/projects/RGMC/calbration_data/robor06/overlays/0942_overlay.png,/Users/kimsumin/projects/RGMC/calbration_data/robor06/masks/0942_mask.png
943,0.5640625,0.875,185.30728709394205,284.7142857142857,1,0.0,0.095431236926157,0.0339831866160458,1774680566.319502,5,/Users/kimsumin/projects/RGMC/calibration_data/robot06/images/0943.png,/Users/kimsumin/projects/RGMC/calbration_data/robor06/overlays/0943_overlay.png,/Users/kimsumin/projects/RGMC/calbration_data/robor06/masks/0943_mask.png
944,0.59375,0.875,186.4082191780822,298.0537830446673,1,0.0,0.035555847150204,0.0644696640214653,1774680576.7486122,5,/Users/kimsumin/projects/RGMC/calibration_data/robot06/images/0944.png,/Users/kimsumin/projects/RGMC/calbration_data/robor06/overlays/0944_overlay.png,/Users/kimsumin/projects/RGMC/calbration_data/robor06/masks/0944_mask.png
945,0.6234375,0.875,186.64078578110383,311.89897100093543,1,0.0,0.0717921367005681,0.0503033796126736,1774680587.307617,5,/Users/kimsumin/projects/RGMC/calibration_data/robot06/images/0945.png,/Users/kimsumin/projects/RGMC/calbration_data/robor06/overlays/0945_overlay.png,/Users/kimsumin/projects/RGMC/calbration_data/robor06/masks/0945_mask.png
946,0.653125,0.875,186.6644920782852,324.2991612301957,1,0.0,0.3296879629009243,0.0854975006104891,1774680597.7725732,5,/Users/kimsumin/projects/RGMC/calibration_data/robot06/images/0946.png,/Users/kimsumin/projects/RGMC/calbration_data/robor06/overlays/0946_overlay.png,/Users/kimsumin/projects/RGMC/calbration_data/robor06/masks/0946_mask.png
947,0.6828124999999999,0.875,186.13093145869948,337.96143733567044,1,0.0,0.0256132829192394,0.048452169980168,1774680607.952334,5,/Users/kimsumin/projects/RGMC/calibration_data/robot06/images/0947.png,/Users/kimsumin/projects/RGMC/calbration_data/robor06/overlays/0947_overlay.png,/Users/kimsumin/projects/RGMC/calbration_data/robor06/masks/0947_mask.png
948,0.7124999999999999,0.875,186.5093808630394,351.3115671641791,1,0.0,0.0657002108595288,0.0525063583400914,1774680618.8116777,5,/Users/kimsumin/projects/RGMC/calibration_data/robot06/images/0948.png,/Users/kimsumin/projects/RGMC/calbration_data/robor06/overlays/0948_overlay.png,/Users/kimsumin/projects/RGMC/calbration_data/robor06/masks/0948_mask.png
949,0.7421875,0.875,187.0700636942675,364.5512239347235,1,0.0,0.0368533784958099,0.0237330906848153,1774680628.8879302,5,/Users/kimsumin/projects/RGMC/calibration_data/robot06/images/0949.png,/Users/kimsumin/projects/RGMC/calbration_data/robor06/overlays/0949_overlay.png,/Users/kimsumin/projects/RGMC/calbration_data/robor06/masks/0949_mask.png
950,0.771875,0.875,186.73508137432188,377.6538116591928,1,0.0,0.0212069823583591,0.05524193725261,1774680638.7111433,5,/Users/kimsumin/projects/RGMC/calibration_data/robot06/images/0950.png,/Users/kimsumin/projects/RGMC/calbration_data/robor06/overlays/0950_overlay.png,/Users/kimsumin/projects/RGMC/calbration_data/robor06/masks/0950_mask.png
951,0.8015625,0.875,186.9898617511521,391.3400921658986,1,0.0,0.0453716097866432,0.2530617346418816,1774680648.6335094,5,/Users/kimsumin/projects/RGMC/calibration_data/robot06/images/0951.png,/Users/kimsumin/projects/RGMC/calbration_data/robor06/overlays/0951_overlay.png,/Users/kimsumin/projects/RGMC/calbration_data/robor06/masks/0951_mask.png
952,0.8312499999999999,0.875,187.3670774647887,404.7376760563381,1,0.0,0.0520696710284069,0.0424115620704431,1774680658.9729028,5,/Users/kimsumin/projects/RGMC/calibration_data/robot06/images/0952.png,/Users/kimsumin/projects/RGMC/calbration_data/robor06/overlays/0952_overlay.png,/Users/kimsumin/projects/RGMC/calbration_data/robor06/masks/0952_mask.png
953,0.8609374999999999,0.875,187.23297491039423,417.8021582733813,1,0.0,0.0444308463996321,0.053626232241075,1774680669.541311,5,/Users/kimsumin/projects/RGMC/calibration_data/robot06/images/0953.png,/Users/kimsumin/projects/RGMC/calbration_data/robor06/overlays/0953_overlay.png,/Users/kimsumin/projects/RGMC/calbration_data/robor06/masks/0953_mask.png
954,0.890625,0.875,187.77747502270665,430.2226244343891,1,0.0,0.0380285090983765,0.3615003961675773,1774680679.3876774,5,/Users/kimsumin/projects/RGMC/calibration_data/robot06/images/0954.png,/Users/kimsumin/projects/RGMC/calbration_data/robor06/overlays/0954_overlay.png,/Users/kimsumin/projects/RGMC/calbration_data/robor06/masks/0954_mask.png
955,0.9203125,0.875,187.8612612612613,444.2934782608696,1,0.0,0.081184883650482,0.0714054751849557,1774680689.960493,5,/Users/kimsumin/projects/RGMC/calibration_data/robot06/images/0955.png,/Users/kimsumin/projects/RGMC/calbration_data/robor06/overlays/0955_overlay.png,/Users/kimsumin/projects/RGMC/calbration_data/robor06/masks/0955_mask.png
956,0.95,0.875,187.25090579710144,456.6714285714286,1,0.0,0.1434928921590678,0.1732694064527221,1774680699.9186296,5,/Users/kimsumin/projects/RGMC/calibration_data/robot06/images/0956.png,/Users/kimsumin/projects/RGMC/calbration_data/robor06/overlays/0956_overlay.png,/Users/kimsumin/projects/RGMC/calbration_data/robor06/masks/0956_mask.png
957,0.95,0.90625,174.41674595623215,456.3463368220742,1,0.0,0.0514004329254043,0.0845015925502133,1774680709.887751,5,/Users/kimsumin/projects/RGMC/calibration_data/robot06/images/0957.png,/Users/kimsumin/projects/RGMC/calbration_data/robor06/overlays/0957_overlay.png,/Users/kimsumin/projects/RGMC/calbration_data/robor06/masks/0957_mask.png
958,0.9203125,0.90625,173.63421550094515,444.7087286527514,1,0.0,0.0170207333208098,0.0473310002010612,1774680719.7603612,5,/Users/kimsumin/projects/RGMC/calibration_data/robot06/images/0958.png,/Users/kimsumin/projects/RGMC/calbration_data/robor06/overlays/0958_overlay.png,/Users/kimsumin/projects/RGMC/calbration_data/robor06/masks/0958_mask.png
959,0.890625,0.90625,174.16974169741698,431.1067683508103,1,0.0,0.0742346153142742,0.2971845831527176,1774680730.0462282,5,/Users/kimsumin/projects/RGMC/calibration_data/robot06/images/0959.png,/Users/kimsumin/projects/RGMC/calbration_data/robor06/overlays/0959_overlay.png,/Users/kimsumin/projects/RGMC/calbration_data/robor06/masks/0959_mask.png
960,0.8609374999999999,0.90625,174.01994560290117,418.26751592356686,1,0.0,0.0275088328697781,0.0486495682741822,1774680740.264604,5,/Users/kimsumin/projects/RGMC/calibration_data/robot06/images/0960.png,/Users/kimsumin/projects/RGMC/calbration_data/robor06/overlays/0960_overlay.png,/Users/kimsumin/projects/RGMC/calbration_data/robor06/masks/0960_mask.png
961,0.8312499999999999,0.90625,173.39622641509433,405.1277407054337,1,0.0,0.3194065166544255,0.0387535015171548,1774680750.8499796,5,/Users/kimsumin/projects/RGMC/calibration_data/robot06/images/0961.png,/Users/kimsumin/projects/RGMC/calbration_data/robor06/overlays/0961_overlay.png,/Users/kimsumin/projects/RGMC/calbration_data/robor06/masks/0961_mask.png
962,0.8015625,0.90625,172.33917050691244,392.10378273520854,1,0.0,0.3302631713515496,0.0736578855392069,1774680760.9738872,5,/Users/kimsumin/projects/RGMC/calibration_data/robot06/images/0962.png,/Users/kimsumin/projects/RGMC/calbration_data/robor06/overlays/0962_overlay.png,/Users/kimsumin/projects/RGMC/calbration_data/robor06/masks/0962_mask.png
963,0.771875,0.90625,172.67947598253275,378.350569675723,1,0.0,0.0343143443037404,0.0657676771786383,1774680772.02922,5,/Users/kimsumin/projects/RGMC/calibration_data/robot06/images/0963.png,/Users/kimsumin/projects/RGMC/calbration_data/robor06/overlays/0963_overlay.png,/Users/kimsumin/projects/RGMC/calbration_data/robor06/masks/0963_mask.png
964,0.7421875,0.90625,172.2274795268426,365.1830477908025,1,0.0,0.0654019161566031,0.0620912532879599,1774680782.3698814,5,/Users/kimsumin/projects/RGMC/calibration_data/robot06/images/0964.png,/Users/kimsumin/projects/RGMC/calbration_data/robor06/overlays/0964_overlay.png,/Users/kimsumin/projects/RGMC/calbration_data/robor06/masks/0964_mask.png
965,0.7124999999999999,0.90625,172.2031686859273,352.15804327375355,1,0.0,0.0244355775556221,0.069353702454098,1774680792.618131,5,/Users/kimsumin/projects/RGMC/calibration_data/robot06/images/0965.png,/Users/kimsumin/projects/RGMC/calbration_data/robor06/overlays/0965_overlay.png,/Users/kimsumin/projects/RGMC/calbration_data/robor06/masks/0965_mask.png
966,0.6828124999999999,0.90625,171.9741935483871,339.3216589861751,1,0.0,0.003841602654181,0.3649774444086419,1774680802.7442884,5,/Users/kimsumin/projects/RGMC/calibration_data/robot06/images/0966.png,/Users/kimsumin/projects/RGMC/calbration_data/robor06/overlays/0966_overlay.png,/Users/kimsumin/projects/RGMC/calbration_data/robor06/masks/0966_mask.png
967,0.653125,0.90625,171.90562613430126,325.30558096980786,1,0.0,0.0767756810737315,0.1001107012303317,1774680812.662066,5,/Users/kimsumin/projects/RGMC/calibration_data/robot06/images/0967.png,/Users/kimsumin/projects/RGMC/calbration_data/robor06/overlays/0967_overlay.png,/Users/kimsumin/projects/RGMC/calbration_data/robor06/masks/0967_mask.png
968,0.6234375,0.90625,171.96333638863427,312.1114180478821,1,0.0,0.0439247741416888,0.0397469055033628,1774680822.91797,5,/Users/kimsumin/projects/RGMC/calibration_data/robot06/images/0968.png,/Users/kimsumin/projects/RGMC/calbration_data/robor06/overlays/0968_overlay.png,/Users/kimsumin/projects/RGMC/calbration_data/robor06/masks/0968_mask.png
969,0.59375,0.90625,171.80512351326624,299.3064958828911,1,0.0,0.0391674393724168,0.0442138062754701,1774680833.1803658,5,/Users/kimsumin/projects/RGMC/calibration_data/robot06/images/0969.png,/Users/kimsumin/projects/RGMC/calbration_data/robor06/overlays/0969_overlay.png,/Users/kimsumin/projects/RGMC/calbration_data/robor06/masks/0969_mask.png
970,0.5640625,0.90625,171.74779541446208,285.5336879432624,1,0.0,0.031028026125798,0.0466959955475562,1774680843.7039225,5,/Users/kimsumin/projects/RGMC/calibration_data/robot06/images/0970.png,/Users/kimsumin/projects/RGMC/calbration_data/robor06/overlays/0970_overlay.png,/Users/kimsumin/projects/RGMC/calbration_data/robor06/masks/0970_mask.png
971,0.5343749999999999,0.90625,171.3691026827012,272.4702653247941,1,0.0,0.0413524833644895,0.1204008653435663,1774680854.1113555,5,/Users/kimsumin/projects/RGMC/calibration_data/robot06/images/0971.png,/Users/kimsumin/projects/RGMC/calbration_data/robor06/overlays/0971_overlay.png,/Users/kimsumin/projects/RGMC/calbration_data/robor06/masks/0971_mask.png
972,0.5046875,0.90625,171.00436681222706,258.5222707423581,1,0.0,0.0430770028716971,0.3206825890133532,1774680864.6414506,5,/Users/kimsumin/projects/RGMC/calibration_data/robot06/images/0972.png,/Users/kimsumin/projects/RGMC/calbration_data/robor06/overlays/0972_overlay.png,/Users/kimsumin/projects/RGMC/calbration_data/robor06/masks/0972_mask.png
973,0.475,0.90625,171.21428571428572,245.93466898954705,1,0.0,0.0303730043068614,0.0736074381452308,1774680874.8666568,5,/Users/kimsumin/projects/RGMC/calibration_data/robot06/images/0973.png,/Users/kimsumin/projects/RGMC/calbration_data/robor06/overlays/0973_overlay.png,/Users/kimsumin/projects/RGMC/calbration_data/robor06/masks/0973_mask.png
974,0.4453125,0.90625,170.9644128113879,232.7351111111111,1,0.0,0.0409320157384348,0.0349166058419978,1774680884.8273733,5,/Users/kimsumin/projects/RGMC/calibration_data/robot06/images/0974.png,/Users/kimsumin/projects/RGMC/calbration_data/robor06/overlays/0974_overlay.png,/Users/kimsumin/projects/RGMC/calbration_data/robor06/masks/0974_mask.png
975,0.4156249999999999,0.90625,170.8379341050757,220.29144385026737,1,0.0,0.0697324694770695,0.0447524974248141,1774680894.8892992,5,/Users/kimsumin/projects/RGMC/calibration_data/robot06/images/0975.png,/Users/kimsumin/projects/RGMC/calbration_data/robor06/overlays/0975_overlay.png,/Users/kimsumin/projects/RGMC/calbration_data/robor06/masks/0975_mask.png
976,0.3859375,0.90625,171.01660516605165,207.3939114391144,1,0.0,0.0040998589562613,0.0093341538670542,1774680905.477838,5,/Users/kimsumin/projects/RGMC/calibration_data/robot06/images/0976.png,/Users/kimsumin/projects/RGMC/calbration_data/robor06/overlays/0976_overlay.png,/Users/kimsumin/projects/RGMC/calbration_data/robor06/masks/0976_mask.png
977,0.3562499999999999,0.90625,170.95154185022025,193.73893805309737,1,0.0,0.0804109029212484,0.0914973522854327,1774680916.0011244,5,/Users/kimsumin/projects/RGMC/calibration_data/robot06/images/0977.png,/Users/kimsumin/projects/RGMC/calbration_data/robor06/overlays/0977_overlay.png,/Users/kimsumin/projects/RGMC/calbration_data/robor06/masks/0977_mask.png
978,0.3265625,0.90625,170.9726148409894,180.845406360424,1,0.0,0.0235962497780508,0.0665819116430813,1774680926.1786196,5,/Users/kimsumin/projects/RGMC/calibration_data/robot06/images/0978.png,/Users/kimsumin/projects/RGMC/calbration_data/robor06/overlays/0978_overlay.png,/Users/kimsumin/projects/RGMC/calbration_data/robor06/masks/0978_mask.png
979,0.296875,0.90625,171.0294659300184,167.48940092165898,1,0.0,0.0306028519787598,0.0269563389851693,1774680936.1305733,5,/Users/kimsumin/projects/RGMC/calibration_data/robot06/images/0979.png,/Users/kimsumin/projects/RGMC/calbration_data/robor06/overlays/0979_overlay.png,/Users/kimsumin/projects/RGMC/calbration_data/robor06/masks/0979_mask.png
980,0.2671874999999999,0.90625,170.84331797235023,154.83025830258302,1,0.0,0.0088545759497163,0.0496765040675615,1774680946.0796802,5,/Users/kimsumin/projects/RGMC/calibration_data/robot06/images/0980.png,/Users/kimsumin/projects/RGMC/calbration_data/robor06/overlays/0980_overlay.png,/Users/kimsumin/projects/RGMC/calbration_data/robor06/masks/0980_mask.png
981,0.2375,0.90625,171.02828467153284,140.94525547445255,1,0.0,0.0783993301074133,0.0578985224852734,1774680956.1564713,5,/Users/kimsumin/projects/RGMC/calibration_data/robot06/images/0981.png,/Users/kimsumin/projects/RGMC/calbration_data/robor06/overlays/0981_overlay.png,/Users/kimsumin/projects/RGMC/calbration_data/robor06/masks/0981_mask.png
982,0.2078124999999999,0.90625,170.6214219759926,128.14455626715463,1,0.0,0.0095091962523199,0.0412753726862026,1774680965.9634962,5,/Users/kimsumin/projects/RGMC/calibration_data/robot06/images/0982.png,/Users/kimsumin/projects/RGMC/calbration_data/robor06/overlays/0982_overlay.png,/Users/kimsumin/projects/RGMC/calbration_data/robor06/masks/0982_mask.png
983,0.1781249999999999,0.90625,170.5036496350365,115.03016453382084,1,0.0,0.0247313920819712,0.0324280380279368,1774680975.855451,5,/Users/kimsumin/projects/RGMC/calibration_data/robot06/images/0983.png,/Users/kimsumin/projects/RGMC/calbration_data/robor06/overlays/0983_overlay.png,/Users/kimsumin/projects/RGMC/calbration_data/robor06/masks/0983_mask.png
984,0.1484375,0.90625,170.61051693404636,101.71555555555555,1,0.0,0.020464165831586,0.3174671555097501,1774680985.7660234,5,/Users/kimsumin/projects/RGMC/calibration_data/robot06/images/0984.png,/Users/kimsumin/projects/RGMC/calbration_data/robor06/overlays/0984_overlay.png,/Users/kimsumin/projects/RGMC/calbration_data/robor06/masks/0984_mask.png
985,0.11875,0.90625,170.33484573502722,88.71194165907019,1,0.0,0.0544856436183983,0.0718626864842783,1774680996.570559,5,/Users/kimsumin/projects/RGMC/calibration_data/robot06/images/0985.png,/Users/kimsumin/projects/RGMC/calbration_data/robor06/overlays/0985_overlay.png,/Users/kimsumin/projects/RGMC/calbration_data/robor06/masks/0985_mask.png
986,0.0890624999999999,0.90625,170.31801125703564,75.54502814258912,1,0.0,0.0590134337639992,0.1394709642144699,1774681006.5201032,5,/Users/kimsumin/projects/RGMC/calibration_data/robot06/images/0986.png,/Users/kimsumin/projects/RGMC/calbration_data/robor06/overlays/0986_overlay.png,/Users/kimsumin/projects/RGMC/calbration_data/robor06/masks/0986_mask.png
987,0.059375,0.90625,170.42857142857142,62.135472370766486,1,0.0,0.0701218418888928,0.0689404227420862,1774681017.240989,5,/Users/kimsumin/projects/RGMC/calibration_data/robot06/images/0987.png,/Users/kimsumin/projects/RGMC/calbration_data/robor06/overlays/0987_overlay.png,/Users/kimsumin/projects/RGMC/calbration_data/robor06/masks/0987_mask.png
988,0.0296875,0.90625,170.47829937998227,49.62798937112489,1,0.0,0.1027443989045339,0.1199139603790426,1774681028.147843,5,/Users/kimsumin/projects/RGMC/calibration_data/robot06/images/0988.png,/Users/kimsumin/projects/RGMC/calbration_data/robor06/overlays/0988_overlay.png,/Users/kimsumin/projects/RGMC/calbration_data/robor06/masks/0988_mask.png
989,0.0,0.90625,170.2735507246377,36.17160826594789,1,0.0,0.028516621701382,0.0644558385673516,1774681038.1633542,5,/Users/kimsumin/projects/RGMC/calibration_data/robot06/images/0989.png,/Users/kimsumin/projects/RGMC/calbration_data/robor06/overlays/0989_overlay.png,/Users/kimsumin/projects/RGMC/calbration_data/robor06/masks/0989_mask.png
990,0.0,0.9375,155.2993744414656,35.91331546023235,1,0.0,0.0376505599593081,0.089958939233308,1774681048.6181357,5,/Users/kimsumin/projects/RGMC/calibration_data/robot06/images/0990.png,/Users/kimsumin/projects/RGMC/calbration_data/robor06/overlays/0990_overlay.png,/Users/kimsumin/projects/RGMC/calbration_data/robor06/masks/0990_mask.png
991,0.0296875,0.9375,155.58926919518964,48.8268156424581,1,0.0,0.0345697846256028,0.0825117383839894,1774681058.776343,5,/Users/kimsumin/projects/RGMC/calibration_data/robot06/images/0991.png,/Users/kimsumin/projects/RGMC/calbration_data/robor06/overlays/0991_overlay.png,/Users/kimsumin/projects/RGMC/calbration_data/robor06/masks/0991_mask.png
992,0.059375,0.9375,155.56560283687944,62.0363475177305,1,0.0,0.0288506965181874,0.0489777635339633,1774681069.7684326,5,/Users/kimsumin/projects/RGMC/calibration_data/robot06/images/0992.png,/Users/kimsumin/projects/RGMC/calbration_data/robor06/overlays/0992_overlay.png,/Users/kimsumin/projects/RGMC/calbration_data/robor06/masks/0992_mask.png
993,0.0890624999999999,0.9375,155.48396226415093,75.29150943396226,1,0.0,0.1018849927644339,0.0804415963009192,1774681079.765633,5,/Users/kimsumin/projects/RGMC/calibration_data/robot06/images/0993.png,/Users/kimsumin/projects/RGMC/calbration_data/robor06/overlays/0993_overlay.png,/Users/kimsumin/projects/RGMC/calbration_data/robor06/masks/0993_mask.png
994,0.11875,0.9375,155.71766848816029,87.99361313868613,1,0.0,0.0490466405575531,0.0709052709411267,1774681090.4607005,5,/Users/kimsumin/projects/RGMC/calibration_data/robot06/images/0994.png,/Users/kimsumin/projects/RGMC/calbration_data/robor06/overlays/0994_overlay.png,/Users/kimsumin/projects/RGMC/calbration_data/robor06/masks/0994_mask.png
995,0.1484375,0.9375,156.30864197530863,101.38977072310404,1,0.0,0.1171059276015803,0.0424531181618931,1774681100.8524072,5,/Users/kimsumin/projects/RGMC/calibration_data/robot06/images/0995.png,/Users/kimsumin/projects/RGMC/calbration_data/robor06/overlays/0995_overlay.png,/Users/kimsumin/projects/RGMC/calbration_data/robor06/masks/0995_mask.png
996,0.1781249999999999,0.9375,155.81732580037664,114.6873822975518,1,0.0,0.0154992138045043,0.2972982509009146,1774681110.9783573,5,/Users/kimsumin/projects/RGMC/calibration_data/robot06/images/0996.png,/Users/kimsumin/projects/RGMC/calbration_data/robor06/overlays/0996_overlay.png,/Users/kimsumin/projects/RGMC/calbration_data/robor06/masks/0996_mask.png
997,0.2078124999999999,0.9375,156.07156133828997,127.44085027726432,1,0.0,0.0625419859955949,0.0305335218759939,1774681121.6484728,5,/Users/kimsumin/projects/RGMC/calibration_data/robot06/images/0997.png,/Users/kimsumin/projects/RGMC/calbration_data/robor06/overlays/0997_overlay.png,/Users/kimsumin/projects/RGMC/calbration_data/robor06/masks/0997_mask.png
998,0.2375,0.9375,156.30238970588235,140.67371323529412,1,0.0,0.0325846508276432,0.050211199767632,1774681131.8772657,5,/Users/kimsumin/projects/RGMC/calibration_data/robot06/images/0998.png,/Users/kimsumin/projects/RGMC/calbration_data/robor06/overlays/0998_overlay.png,/Users/kimsumin/projects/RGMC/calbration_data/robor06/masks/0998_mask.png
999,0.2671874999999999,0.9375,156.25066666666666,153.44444444444446,1,0.0,0.031163974613115,0.0749840263009732,1774681142.126824,5,/Users/kimsumin/projects/RGMC/calibration_data/robot06/images/0999.png,/Users/kimsumin/projects/RGMC/calbration_data/robor06/overlays/0999_overlay.png,/Users/kimsumin/projects/RGMC/calbration_data/robor06/masks/0999_mask.png
1000,0.296875,0.9375,156.3183940242764,167.11951447245565,1,0.0,0.0422344252268638,0.0808643459222405,1774681152.437107,5,/Users/kimsumin/projects/RGMC/calibration_data/robot06/images/1000.png,/Users/kimsumin/projects/RGMC/calbration_data/robor06/overlays/1000_overlay.png,/Users/kimsumin/projects/RGMC/calbration_data/robor06/masks/1000_mask.png
1001,0.3265625,0.9375,156.42374429223744,180.72511415525113,1,0.0,0.0597091316936631,0.0441508157864087,1774681162.626074,5,/Users/kimsumin/projects/RGMC/calibration_data/robot06/images/1001.png,/Users/kimsumin/projects/RGMC/calbration_data/robor06/overlays/1001_overlay.png,/Users/kimsumin/projects/RGMC/calbration_data/robor06/masks/1001_mask.png
1002,0.3562499999999999,0.9375,156.03526220614827,193.10649819494583,1,0.0,0.0505466176127622,0.0337543266975444,1774681172.8197806,5,/Users/kimsumin/projects/RGMC/calibration_data/robot06/images/1002.png,/Users/kimsumin/projects/RGMC/calbration_data/robor06/overlays/1002_overlay.png,/Users/kimsumin/projects/RGMC/calbration_data/robor06/masks/1002_mask.png
1003,0.3859375,0.9375,157.0355472404116,206.31127679403545,1,0.0,0.2168613329830053,0.0731859439614732,1774681183.2594748,5,/Users/kimsumin/projects/RGMC/calibration_data/robot06/images/1003.png,/Users/kimsumin/projects/RGMC/calbration_data/robor06/overlays/1003_overlay.png,/Users/kimsumin/projects/RGMC/calbration_data/robor06/masks/1003_mask.png
1004,0.4156249999999999,0.9375,156.94269340974213,219.9751671442216,1,0.0,0.0103067964199385,0.0782637091523026,1774681193.4342213,5,/Users/kimsumin/projects/RGMC/calibration_data/robot06/images/1004.png,/Users/kimsumin/projects/RGMC/calbration_data/robor06/overlays/1004_overlay.png,/Users/kimsumin/projects/RGMC/calbration_data/robor06/masks/1004_mask.png
1005,0.4453125,0.9375,156.40986717267552,232.27221702525725,1,0.0,0.2979165378396601,0.1021917133918403,1774681203.55461,5,/Users/kimsumin/projects/RGMC/calibration_data/robot06/images/1005.png,/Users/kimsumin/projects/RGMC/calbration_data/robor06/overlays/1005_overlay.png,/Users/kimsumin/projects/RGMC/calbration_data/robor06/masks/1005_mask.png
1006,0.475,0.9375,157.63269054178144,245.83850364963504,1,0.0,0.1817400324445525,0.0120670109521258,1774681214.5493588,5,/Users/kimsumin/projects/RGMC/calibration_data/robot06/images/1006.png,/Users/kimsumin/projects/RGMC/calbration_data/robor06/overlays/1006_overlay.png,/Users/kimsumin/projects/RGMC/calbration_data/robor06/masks/1006_mask.png
1007,0.5046875,0.9375,156.50269299820468,258.4883303411131,1,0.0,0.2530961374015896,0.0842357239091218,1774681224.7335346,5,/Users/kimsumin/projects/RGMC/calibration_data/robot06/images/1007.png,/Users/kimsumin/projects/RGMC/calbration_data/robor06/overlays/1007_overlay.png,/Users/kimsumin/projects/RGMC/calbration_data/robor06/masks/1007_mask.png
1008,0.5343749999999999,0.9375,157.38715953307394,271.88035019455253,1,0.0,0.046854617768574,0.0604983163897288,1774681235.1714134,5,/Users/kimsumin/projects/RGMC/calibration_data/robot06/images/1008.png,/Users/kimsumin/projects/RGMC/calbration_data/robor06/overlays/1008_overlay.png,/Users/kimsumin/projects/RGMC/calbration_data/robor06/masks/1008_mask.png
1009,0.5640625,0.9375,157.53477443609023,285.0384976525822,1,0.0,0.0451005505415349,0.0155775814242814,1774681245.5269625,5,/Users/kimsumin/projects/RGMC/calibration_data/robot06/images/1009.png,/Users/kimsumin/projects/RGMC/calbration_data/robor06/overlays/1009_overlay.png,/Users/kimsumin/projects/RGMC/calbration_data/robor06/masks/1009_mask.png
1010,0.59375,0.9375,157.57089201877935,298.18394024276375,1,0.0,0.0424392094818654,0.0608188419950963,1774681255.869738,5,/Users/kimsumin/projects/RGMC/calibration_data/robot06/images/1010.png,/Users/kimsumin/projects/RGMC/calbration_data/robor06/overlays/1010_overlay.png,/Users/kimsumin/projects/RGMC/calbration_data/robor06/masks/1010_mask.png
1011,0.6234375,0.9375,157.71161417322836,311.5295275590551,1,0.0,0.3283792040313606,0.1220428082837785,1774681266.2254229,5,/Users/kimsumin/projects/RGMC/calibration_data/robot06/images/1011.png,/Users/kimsumin/projects/RGMC/calbration_data/robor06/overlays/1011_overlay.png,/Users/kimsumin/projects/RGMC/calbration_data/robor06/masks/1011_mask.png
1012,0.653125,0.9375,158.31558935361215,324.4790874524715,1,0.0,0.0590125696421644,0.0418408459951713,1774681276.4461832,5,/Users/kimsumin/projects/RGMC/calibration_data/robot06/images/1012.png,/Users/kimsumin/projects/RGMC/calbration_data/robor06/overlays/1012_overlay.png,/Users/kimsumin/projects/RGMC/calbration_data/robor06/masks/1012_mask.png
1013,0.6828124999999999,0.9375,158.6455463728191,338.9238095238095,1,0.0,0.0499647226135115,0.3999436128203026,1774681287.218677,5,/Users/kimsumin/projects/RGMC/calibration_data/robot06/images/1013.png,/Users/kimsumin/projects/RGMC/calbration_data/robor06/overlays/1013_overlay.png,/Users/kimsumin/projects/RGMC/calbration_data/robor06/masks/1013_mask.png
1014,0.7124999999999999,0.9375,159.01484230055658,351.726511627907,1,0.0,0.0486651998595011,0.0302989391637493,1774681297.5399463,5,/Users/kimsumin/projects/RGMC/calibration_data/robot06/images/1014.png,/Users/kimsumin/projects/RGMC/calbration_data/robor06/overlays/1014_overlay.png,/Users/kimsumin/projects/RGMC/calbration_data/robor06/masks/1014_mask.png
1015,0.7421875,0.9375,158.92428439519853,365.1548387096774,1,0.0,0.0503379624231001,0.131829702581121,1774681308.293005,5,/Users/kimsumin/projects/RGMC/calibration_data/robot06/images/1015.png,/Users/kimsumin/projects/RGMC/calbration_data/robor06/overlays/1015_overlay.png,/Users/kimsumin/projects/RGMC/calbration_data/robor06/masks/1015_mask.png
1016,0.771875,0.9375,159.06366047745357,378.0818661971831,1,0.0,0.0309521393207429,0.0682975965399138,1774681318.6469233,5,/Users/kimsumin/projects/RGMC/calibration_data/robot06/images/1016.png,/Users/kimsumin/projects/RGMC/calbration_data/robor06/overlays/1016_overlay.png,/Users/kimsumin/projects/RGMC/calbration_data/robor06/masks/1016_mask.png
1017,0.8015625,0.9375,159.21823204419888,391.5550458715596,1,0.0,0.0481851443671174,0.0349319691040477,1774681329.111979,5,/Users/kimsumin/projects/RGMC/calibration_data/robot06/images/1017.png,/Users/kimsumin/projects/RGMC/calbration_data/robor06/overlays/1017_overlay.png,/Users/kimsumin/projects/RGMC/calbration_data/robor06/masks/1017_mask.png
1018,0.8312499999999999,0.9375,159.23146473779386,404.8101265822785,1,0.0,0.0237932002379234,0.0756396739572518,1774681339.9351745,5,/Users/kimsumin/projects/RGMC/calibration_data/robot06/images/1018.png,/Users/kimsumin/projects/RGMC/calbration_data/robor06/overlays/1018_overlay.png,/Users/kimsumin/projects/RGMC/calbration_data/robor06/masks/1018_mask.png
1019,0.8609374999999999,0.9375,159.38183421516754,418.04217926186294,1,0.0,0.0570811057610898,0.0545762147681717,1774681350.283088,5,/Users/kimsumin/projects/RGMC/calibration_data/robot06/images/1019.png,/Users/kimsumin/projects/RGMC/calbration_data/robor06/overlays/1019_overlay.png,/Users/kimsumin/projects/RGMC/calbration_data/robor06/masks/1019_mask.png
1020,0.890625,0.9375,159.5658844765343,430.3456678700361,1,0.0,0.0164358801320465,0.0528873475323788,1774681361.0321496,5,/Users/kimsumin/projects/RGMC/calibration_data/robot06/images/1020.png,/Users/kimsumin/projects/RGMC/calbration_data/robor06/overlays/1020_overlay.png,/Users/kimsumin/projects/RGMC/calbration_data/robor06/masks/1020_mask.png
1021,0.9203125,0.9375,159.8235831809872,444.2529465095195,1,0.0,0.0293933486187522,0.0756533005213732,1774681371.6875367,5,/Users/kimsumin/projects/RGMC/calibration_data/robot06/images/1021.png,/Users/kimsumin/projects/RGMC/calbration_data/robor06/overlays/1021_overlay.png,/Users/kimsumin/projects/RGMC/calbration_data/robor06/masks/1021_mask.png
1022,0.95,0.9375,160.14069877242682,456.1227573182247,1,0.0,0.0227982896414298,0.0330435373078994,1774681382.5835595,5,/Users/kimsumin/projects/RGMC/calibration_data/robot06/images/1022.png,/Users/kimsumin/projects/RGMC/calbration_data/robor06/overlays/1022_overlay.png,/Users/kimsumin/projects/RGMC/calbration_data/robor06/masks/1022_mask.png
1023,0.95,0.96875,146.9404761904762,456.9157509157509,1,0.0,0.0176800323283109,0.02202076179533,1774681393.083841,5,/Users/kimsumin/projects/RGMC/calibration_data/robot06/images/1023.png,/Users/kimsumin/projects/RGMC/calbration_data/robor06/overlays/1023_overlay.png,/Users/kimsumin/projects/RGMC/calbration_data/robor06/masks/1023_mask.png
1024,0.9203125,0.96875,146.76260311640698,444.39780018331805,1,0.0,0.0464646340749945,0.0684156800564637,1774681404.0569663,5,/Users/kimsumin/projects/RGMC/calibration_data/robot06/images/1024.png,/Users/kimsumin/projects/RGMC/calbration_data/robor06/overlays/1024_overlay.png,/Users/kimsumin/projects/RGMC/calbration_data/robor06/masks/1024_mask.png
1025,0.890625,0.96875,146.51606805293005,431.247403210576,1,0.0,0.0579378148250285,0.0340298808900268,1774681414.668054,5,/Users/kimsumin/projects/RGMC/calibration_data/robot06/images/1025.png,/Users/kimsumin/projects/RGMC/calbration_data/robor06/overlays/1025_overlay.png,/Users/kimsumin/projects/RGMC/calbration_data/robor06/masks/1025_mask.png
1026,0.8609374999999999,0.96875,146.32065217391303,418.12148685403446,1,0.0,0.0370068719009931,0.0196139341437865,1774681425.9543242,5,/Users/kimsumin/projects/RGMC/calibration_data/robot06/images/1026.png,/Users/kimsumin/projects/RGMC/calbration_data/robor06/overlays/1026_overlay.png,/Users/kimsumin/projects/RGMC/calbration_data/robor06/masks/1026_mask.png
1027,0.8312499999999999,0.96875,146.05606617647058,405.0410583941606,1,0.0,0.0309111943119556,0.0536987504771862,1774681436.4998257,5,/Users/kimsumin/projects/RGMC/calibration_data/robot06/images/1027.png,/Users/kimsumin/projects/RGMC/calbration_data/robor06/overlays/1027_overlay.png,/Users/kimsumin/projects/RGMC/calbration_data/robor06/masks/1027_mask.png
1028,0.8015625,0.96875,145.31387559808613,392.0439770554493,1,0.0,0.2480938494472527,0.1111284744290873,1774681447.5724988,5,/Users/kimsumin/projects/RGMC/calibration_data/robot06/images/1028.png,/Users/kimsumin/projects/RGMC/calbration_data/robor06/overlays/1028_overlay.png,/Users/kimsumin/projects/RGMC/calbration_data/robor06/masks/1028_mask.png
1029,0.771875,0.96875,145.3366238894373,379.15103652517274,1,0.0,0.4412642759629738,0.0682244340126339,1774681457.798955,5,/Users/kimsumin/projects/RGMC/calibration_data/robot06/images/1029.png,/Users/kimsumin/projects/RGMC/calbration_data/robor06/overlays/1029_overlay.png,/Users/kimsumin/projects/RGMC/calbration_data/robor06/masks/1029_mask.png
1030,0.7421875,0.96875,145.2766355140187,365.36222627737226,1,0.0,0.1992042432969479,0.0725888787000471,1774681468.130884,5,/Users/kimsumin/projects/RGMC/calibration_data/robot06/images/1030.png,/Users/kimsumin/projects/RGMC/calbration_data/robor06/overlays/1030_overlay.png,/Users/kimsumin/projects/RGMC/calbration_data/robor06/masks/1030_mask.png
1031,0.7124999999999999,0.96875,144.24153705397987,352.12190650779104,1,0.0,0.0366165333099136,0.0571820180038851,1774681478.4121914,5,/Users/kimsumin/projects/RGMC/calibration_data/robot06/images/1031.png,/Users/kimsumin/projects/RGMC/calbration_data/robor06/overlays/1031_overlay.png,/Users/kimsumin/projects/RGMC/calbration_data/robor06/masks/1031_mask.png
1032,0.6828124999999999,0.96875,144.28855250709557,339.266604303087,1,0.0,0.0773538462847796,0.0184116179487105,1774681488.599356,5,/Users/kimsumin/projects/RGMC/calibration_data/robot06/images/1032.png,/Users/kimsumin/projects/RGMC/calbration_data/robor06/overlays/1032_overlay.png,/Users/kimsumin/projects/RGMC/calbration_data/robor06/masks/1032_mask.png
1033,0.653125,0.96875,143.98653500897666,325.2558348294435,1,0.0,0.0429878879233759,0.0238348326841965,1774681498.9718373,5,/Users/kimsumin/projects/RGMC/calibration_data/robot06/images/1033.png,/Users/kimsumin/projects/RGMC/calbration_data/robor06/overlays/1033_overlay.png,/Users/kimsumin/projects/RGMC/calbration_data/robor06/masks/1033_mask.png
1034,0.6234375,0.96875,144.0018484288355,312.0742804085422,1,0.0,0.0762949854373915,0.153422171271539,1774681509.3123548,5,/Users/kimsumin/projects/RGMC/calibration_data/robot06/images/1034.png,/Users/kimsumin/projects/RGMC/calbration_data/robor06/overlays/1034_overlay.png,/Users/kimsumin/projects/RGMC/calbration_data/robor06/masks/1034_mask.png
1035,0.59375,0.96875,143.8232558139535,298.4208185053381,1,0.0,0.0426260364186443,0.403714586802966,1774681519.4619317,5,/Users/kimsumin/projects/RGMC/calibration_data/robot06/images/1035.png,/Users/kimsumin/projects/RGMC/calbration_data/robor06/overlays/1035_overlay.png,/Users/kimsumin/projects/RGMC/calbration_data/robor06/masks/1035_mask.png
1036,0.5640625,0.96875,143.42259786476868,285.62047661076787,1,0.0,0.0516746587853671,0.0479616176720148,1774681529.819054,5,/Users/kimsumin/projects/RGMC/calibration_data/robot06/images/1036.png,/Users/kimsumin/projects/RGMC/calbration_data/robor06/overlays/1036_overlay.png,/Users/kimsumin/projects/RGMC/calbration_data/robor06/masks/1036_mask.png
1037,0.5343749999999999,0.96875,143.46210045662102,272.16925892040257,1,0.0,0.044212373168008,0.0578484704922269,1774681540.1527452,5,/Users/kimsumin/projects/RGMC/calibration_data/robot06/images/1037.png,/Users/kimsumin/projects/RGMC/calbration_data/robor06/overlays/1037_overlay.png,/Users/kimsumin/projects/RGMC/calbration_data/robor06/masks/1037_mask.png
1038,0.5046875,0.96875,142.92287467134094,259.3618960802188,1,0.0,0.0783605807136429,0.3908992414054555,1774681550.4738977,5,/Users/kimsumin/projects/RGMC/calibration_data/robot06/images/1038.png,/Users/kimsumin/projects/RGMC/calbration_data/robor06/overlays/1038_overlay.png,/Users/kimsumin/projects/RGMC/calbration_data/robor06/masks/1038_mask.png
1039,0.475,0.96875,143.25581395348837,245.8961504028648,1,0.0,0.028238085556136,0.0263491026545231,1774681560.751336,5,/Users/kimsumin/projects/RGMC/calibration_data/robot06/images/1039.png,/Users/kimsumin/projects/RGMC/calbration_data/robor06/overlays/1039_overlay.png,/Users/kimsumin/projects/RGMC/calbration_data/robor06/masks/1039_mask.png
1040,0.4453125,0.96875,143.00180342651038,233.11627906976744,1,0.0,0.0519996110541497,0.0644499148394616,1774681571.424951,5,/Users/kimsumin/projects/RGMC/calibration_data/robot06/images/1040.png,/Users/kimsumin/projects/RGMC/calbration_data/robor06/overlays/1040_overlay.png,/Users/kimsumin/projects/RGMC/calbration_data/robor06/masks/1040_mask.png
1041,0.4156249999999999,0.96875,142.86763372620126,220.0126239855726,1,0.0,0.0579344701484019,0.0540377700187484,1774681582.6345675,5,/Users/kimsumin/projects/RGMC/calibration_data/robot06/images/1041.png,/Users/kimsumin/projects/RGMC/calbration_data/robor06/overlays/1041_overlay.png,/Users/kimsumin/projects/RGMC/calbration_data/robor06/masks/1041_mask.png
1042,0.3859375,0.96875,143.17290552584672,206.44039145907473,1,0.0,0.0263422588550402,0.0666687195846745,1774681592.9695678,5,/Users/kimsumin/projects/RGMC/calibration_data/robot06/images/1042.png,/Users/kimsumin/projects/RGMC/calbration_data/robor06/overlays/1042_overlay.png,/Users/kimsumin/projects/RGMC/calbration_data/robor06/masks/1042_mask.png
1043,0.3562499999999999,0.96875,143.22933333333333,193.48804251550044,1,0.0,0.0563391541386556,0.0693614911795085,1774681604.025401,5,/Users/kimsumin/projects/RGMC/calibration_data/robot06/images/1043.png,/Users/kimsumin/projects/RGMC/calbration_data/robor06/overlays/1043_overlay.png,/Users/kimsumin/projects/RGMC/calbration_data/robor06/masks/1043_mask.png
1044,0.3265625,0.96875,143.14143245693563,180.9442946990117,1,0.0,0.0247205579401392,0.0698105195447137,1774681614.3989077,5,/Users/kimsumin/projects/RGMC/calibration_data/robot06/images/1044.png,/Users/kimsumin/projects/RGMC/calbration_data/robor06/overlays/1044_overlay.png,/Users/kimsumin/projects/RGMC/calbration_data/robor06/masks/1044_mask.png
1045,0.296875,0.96875,143.0496323529412,167.55204460966542,1,0.0,0.0596136972796113,0.0547120251126688,1774681624.716964,5,/Users/kimsumin/projects/RGMC/calibration_data/robot06/images/1045.png,/Users/kimsumin/projects/RGMC/calbration_data/robor06/overlays/1045_overlay.png,/Users/kimsumin/projects/RGMC/calbration_data/robor06/masks/1045_mask.png
1046,0.2671874999999999,0.96875,143.32586367880486,154.70511627906976,1,0.0,0.0457599251105195,0.0336501238014094,1774681634.8661966,5,/Users/kimsumin/projects/RGMC/calibration_data/robot06/images/1046.png,/Users/kimsumin/projects/RGMC/calbration_data/robor06/overlays/1046_overlay.png,/Users/kimsumin/projects/RGMC/calbration_data/robor06/masks/1046_mask.png
1047,0.2375,0.96875,143.12704174228676,141.02722323049002,1,0.0,0.0492695862487183,0.054176063801608,1774681645.4558592,5,/Users/kimsumin/projects/RGMC/calibration_data/robot06/images/1047.png,/Users/kimsumin/projects/RGMC/calbration_data/robor06/overlays/1047_overlay.png,/Users/kimsumin/projects/RGMC/calbration_data/robor06/masks/1047_mask.png
1048,0.2078124999999999,0.96875,143.0213358070501,127.76601671309191,1,0.0,0.0650349465724909,0.112051200704644,1774681655.9713175,5,/Users/kimsumin/projects/RGMC/calibration_data/robot06/images/1048.png,/Users/kimsumin/projects/RGMC/calbration_data/robor06/overlays/1048_overlay.png,/Users/kimsumin/projects/RGMC/calbration_data/robor06/masks/1048_mask.png
1049,0.1781249999999999,0.96875,142.94776119402985,115.12744186046513,1,0.0,0.0446742052889457,0.0352905067641177,1774681667.0059752,5,/Users/kimsumin/projects/RGMC/calibration_data/robot06/images/1049.png,/Users/kimsumin/projects/RGMC/calbration_data/robor06/overlays/1049_overlay.png,/Users/kimsumin/projects/RGMC/calbration_data/robor06/masks/1049_mask.png
1050,0.1484375,0.96875,142.94198895027623,101.72836095764272,1,0.0,0.0255112232211797,0.0410790174620665,1774681677.2420518,5,/Users/kimsumin/projects/RGMC/calibration_data/robot06/images/1050.png,/Users/kimsumin/projects/RGMC/calbration_data/robor06/overlays/1050_overlay.png,/Users/kimsumin/projects/RGMC/calbration_data/robor06/masks/1050_mask.png
1051,0.11875,0.96875,142.67555147058823,88.07162790697674,1,0.0,0.0580804739966776,0.1187241936752528,1774681687.381335,5,/Users/kimsumin/projects/RGMC/calibration_data/robot06/images/1051.png,/Users/kimsumin/projects/RGMC/calbration_data/robor06/overlays/1051_overlay.png,/Users/kimsumin/projects/RGMC/calbration_data/robor06/masks/1051_mask.png
1052,0.0890624999999999,0.96875,142.70627376425855,75.66162570888469,1,0.0,0.0385540166625352,0.0358549886231731,1774681698.2483888,5,/Users/kimsumin/projects/RGMC/calibration_data/robot06/images/1052.png,/Users/kimsumin/projects/RGMC/calbration_data/robor06/overlays/1052_overlay.png,/Users/kimsumin/projects/RGMC/calbration_data/robor06/masks/1052_mask.png
1053,0.059375,0.96875,141.67274472168907,61.85167464114833,1,0.0,0.1832708695204707,0.0734843740261893,1774681708.6335175,5,/Users/kimsumin/projects/RGMC/calibration_data/robot06/images/1053.png,/Users/kimsumin/projects/RGMC/calbration_data/robor06/overlays/1053_overlay.png,/Users/kimsumin/projects/RGMC/calbration_data/robor06/masks/1053_mask.png
1054,0.0296875,0.96875,142.37428571428572,48.52285714285714,1,0.0,0.0521230588016383,0.0933804618035294,1774681718.5582092,5,/Users/kimsumin/projects/RGMC/calibration_data/robot06/images/1054.png,/Users/kimsumin/projects/RGMC/calbration_data/robor06/overlays/1054_overlay.png,/Users/kimsumin/projects/RGMC/calbration_data/robor06/masks/1054_mask.png
1055,0.0,0.96875,142.1763619575254,35.819366852886404,1,0.0,0.0701417011025797,0.1272327333025059,1774681730.6917937,5,/Users/kimsumin/projects/RGMC/calibration_data/robot06/images/1055.png,/Users/kimsumin/projects/RGMC/calbration_data/robor06/overlays/1055_overlay.png,/Users/kimsumin/projects/RGMC/calbration_data/robor06/masks/1055_mask.png
1056,0.0,1.0,127.49449541284405,35.441068139963164,1,0.0,0.0528254869106252,0.0615095564871365,1774681741.0085957,5,/Users/kimsumin/projects/RGMC/calibration_data/robot06/images/1056.png,/Users/kimsumin/projects/RGMC/calbration_data/robor06/overlays/1056_overlay.png,/Users/kimsumin/projects/RGMC/calbration_data/robor06/masks/1056_mask.png
1057,0.0296875,1.0,127.79074074074074,48.325,1,0.0,0.0680603651781383,0.0360086304557584,1774681751.297006,5,/Users/kimsumin/projects/RGMC/calibration_data/robot06/images/1057.png,/Users/kimsumin/projects/RGMC/calbration_data/robor06/overlays/1057_overlay.png,/Users/kimsumin/projects/RGMC/calbration_data/robor06/masks/1057_mask.png
1058,0.059375,1.0,127.59276437847866,61.704081632653065,1,0.0,0.0192125413367643,0.0681182031748022,1774681761.4323971,5,/Users/kimsumin/projects/RGMC/calibration_data/robot06/images/1058.png,/Users/kimsumin/projects/RGMC/calbration_data/robor06/overlays/1058_overlay.png,/Users/kimsumin/projects/RGMC/calbration_data/robor06/masks/1058_mask.png
1059,0.0890624999999999,1.0,127.98298676748584,74.93496701225259,1,0.0,0.0648075746459662,0.0251400324403541,1774681771.967811,5,/Users/kimsumin/projects/RGMC/calibration_data/robot06/images/1059.png,/Users/kimsumin/projects/RGMC/calbration_data/robor06/overlays/1059_overlay.png,/Users/kimsumin/projects/RGMC/calbration_data/robor06/masks/1059_mask.png
1060,0.11875,1.0,127.78902554399244,87.90798122065728,1,0.0,0.02918921955222,0.1017925400597192,1774681782.4001522,5,/Users/kimsumin/projects/RGMC/calibration_data/robot06/images/1060.png,/Users/kimsumin/projects/RGMC/calbration_data/robor06/overlays/1060_overlay.png,/Users/kimsumin/projects/RGMC/calbration_data/robor06/masks/1060_mask.png
1061,0.1484375,1.0,127.87375113533152,101.22909090909091,1,0.0,0.0338112785249786,0.035582804846845,1774681792.651707,5,/Users/kimsumin/projects/RGMC/calibration_data/robot06/images/1061.png,/Users/kimsumin/projects/RGMC/calbration_data/robor06/overlays/1061_overlay.png,/Users/kimsumin/projects/RGMC/calbration_data/robor06/masks/1061_mask.png
1062,0.1781249999999999,1.0,128.14957666980246,114.7563499529633,1,0.0,0.0728296301913452,0.0348442287257775,1774681802.900955,5,/Users/kimsumin/projects/RGMC/calibration_data/robot06/images/1062.png,/Users/kimsumin/projects/RGMC/calbration_data/robor06/overlays/1062_overlay.png,/Users/kimsumin/projects/RGMC/calbration_data/robor06/masks/1062_mask.png
1063,0.2078124999999999,1.0,127.96583564173592,127.60617399438728,1,0.0,0.0378634513302182,0.0938169736843699,1774681813.150818,5,/Users/kimsumin/projects/RGMC/calibration_data/robot06/images/1063.png,/Users/kimsumin/projects/RGMC/calbration_data/robor06/overlays/1063_overlay.png,/Users/kimsumin/projects/RGMC/calbration_data/robor06/masks/1063_mask.png
1064,0.2375,1.0,129.13671875,140.86893203883494,1,0.0,0.3357731352185786,0.0860227955636434,1774681823.3671107,5,/Users/kimsumin/projects/RGMC/calibration_data/robot06/images/1064.png,/Users/kimsumin/projects/RGMC/calbration_data/robor06/overlays/1064_overlay.png,/Users/kimsumin/projects/RGMC/calbration_data/robor06/masks/1064_mask.png
1065,0.2671874999999999,1.0,128.08936970837254,154.4472693032015,1,0.0,0.0466881184445874,0.0688902127171856,1774681833.6056433,5,/Users/kimsumin/projects/RGMC/calibration_data/robot06/images/1065.png,/Users/kimsumin/projects/RGMC/calbration_data/robor06/overlays/1065_overlay.png,/Users/kimsumin/projects/RGMC/calbration_data/robor06/masks/1065_mask.png
1066,0.296875,1.0,129.1615460852329,167.34848484848484,1,0.0,0.4337927585067709,0.0297991063230599,1774681843.8513446,5,/Users/kimsumin/projects/RGMC/calibration_data/robot06/images/1066.png,/Users/kimsumin/projects/RGMC/calbration_data/robor06/overlays/1066_overlay.png,/Users/kimsumin/projects/RGMC/calbration_data/robor06/masks/1066_mask.png
1067,0.3265625,1.0,129.25286259541986,180.37845567206864,1,0.0,0.034075742184136,0.0694775331055909,1774681854.737945,5,/Users/kimsumin/projects/RGMC/calibration_data/robot06/images/1067.png,/Users/kimsumin/projects/RGMC/calbration_data/robor06/overlays/1067_overlay.png,/Users/kimsumin/projects/RGMC/calbration_data/robor06/masks/1067_mask.png
1068,0.3562499999999999,1.0,128.1569506726457,193.03423423423425,1,0.0,0.0788525020122904,0.0446954187800758,1774681864.8575206,5,/Users/kimsumin/projects/RGMC/calibration_data/robot06/images/1068.png,/Users/kimsumin/projects/RGMC/calbration_data/robor06/overlays/1068_overlay.png,/Users/kimsumin/projects/RGMC/calbration_data/robor06/masks/1068_mask.png
1069,0.3859375,1.0,129.15023474178403,206.23196347031964,1,0.0,0.1905921359719726,0.0141335608839838,1774681875.1990018,5,/Users/kimsumin/projects/RGMC/calibration_data/robot06/images/1069.png,/Users/kimsumin/projects/RGMC/calbration_data/robor06/overlays/1069_overlay.png,/Users/kimsumin/projects/RGMC/calbration_data/robor06/masks/1069_mask.png
1070,0.4156249999999999,1.0,128.29752066115702,219.66176470588235,1,0.0,0.0461822127636894,0.0507532402579406,1774681885.213685,5,/Users/kimsumin/projects/RGMC/calibration_data/robot06/images/1070.png,/Users/kimsumin/projects/RGMC/calbration_data/robor06/overlays/1070_overlay.png,/Users/kimsumin/projects/RGMC/calbration_data/robor06/masks/1070_mask.png
1071,0.4453125,1.0,129.22892720306513,232.58567279767664,1,0.0,0.0155127673076533,0.1095907838903464,1774681896.110155,5,/Users/kimsumin/projects/RGMC/calibration_data/robot06/images/1071.png,/Users/kimsumin/projects/RGMC/calbration_data/robor06/overlays/1071_overlay.png,/Users/kimsumin/projects/RGMC/calbration_data/robor06/masks/1071_mask.png
1072,0.475,1.0,129.76108597285068,245.5480072463768,1,0.0,0.2873088741479028,0.0487741560485691,1774681906.53558,5,/Users/kimsumin/projects/RGMC/calibration_data/robot06/images/1072.png,/Users/kimsumin/projects/RGMC/calbration_data/robor06/overlays/1072_overlay.png,/Users/kimsumin/projects/RGMC/calbration_data/robor06/masks/1072_mask.png
1073,0.5046875,1.0,129.39413988657844,258.12393566698205,1,0.0,0.0387456951797079,0.0456536857548133,1774681917.092535,5,/Users/kimsumin/projects/RGMC/calibration_data/robot06/images/1073.png,/Users/kimsumin/projects/RGMC/calbration_data/robor06/overlays/1073_overlay.png,/Users/kimsumin/projects/RGMC/calbration_data/robor06/masks/1073_mask.png
1074,0.5343749999999999,1.0,129.4709931170108,271.76803118908384,1,0.0,0.2247034497364183,0.0452463320402173,1774681927.6073833,5,/Users/kimsumin/projects/RGMC/calibration_data/robot06/images/1074.png,/Users/kimsumin/projects/RGMC/calbration_data/robor06/overlays/1074_overlay.png,/Users/kimsumin/projects/RGMC/calbration_data/robor06/masks/1074_mask.png
1075,0.5640625,1.0,130.3744292237443,285.15784671532845,1,0.0,0.056312408940992,0.0303719443216086,1774681938.37131,5,/Users/kimsumin/projects/RGMC/calibration_data/robot06/images/1075.png,/Users/kimsumin/projects/RGMC/calbration_data/robor06/overlays/1075_overlay.png,/Users/kimsumin/projects/RGMC/calbration_data/robor06/masks/1075_mask.png
1076,0.59375,1.0,130.43848288621646,297.95974382433667,1,0.0,0.0315497326460141,0.0487217552552945,1774681948.7268877,5,/Users/kimsumin/projects/RGMC/calibration_data/robot06/images/1076.png,/Users/kimsumin/projects/RGMC/calbration_data/robor06/overlays/1076_overlay.png,/Users/kimsumin/projects/RGMC/calbration_data/robor06/masks/1076_mask.png
1077,0.6234375,1.0,130.49432892249527,311.6628787878788,1,0.0,0.0060983287446115,0.0083778255590659,1774681959.2029648,5,/Users/kimsumin/projects/RGMC/calibration_data/robot06/images/1077.png,/Users/kimsumin/projects/RGMC/calbration_data/robor06/overlays/1077_overlay.png,/Users/kimsumin/projects/RGMC/calbration_data/robor06/masks/1077_mask.png
1078,0.653125,1.0,130.5131086142322,324.8435185185185,1,0.0,0.037082124773953,0.1111183764695625,1774681969.855098,5,/Users/kimsumin/projects/RGMC/calibration_data/robot06/images/1078.png,/Users/kimsumin/projects/RGMC/calbration_data/robor06/overlays/1078_overlay.png,/Users/kimsumin/projects/RGMC/calbration_data/robor06/masks/1078_mask.png
1079,0.6828124999999999,1.0,130.9652650822669,338.25879170423804,1,0.0,0.0566933948967627,0.0408613698852059,1774681980.035761,5,/Users/kimsumin/projects/RGMC/calibration_data/robot06/images/1079.png,/Users/kimsumin/projects/RGMC/calbration_data/robor06/overlays/1079_overlay.png,/Users/kimsumin/projects/RGMC/calbration_data/robor06/masks/1079_mask.png
1080,0.7124999999999999,1.0,130.9056074766355,351.7345050878816,1,0.0,0.0463521981290397,0.0458297639702541,1774681990.587037,5,/Users/kimsumin/projects/RGMC/calibration_data/robot06/images/1080.png,/Users/kimsumin/projects/RGMC/calbration_data/robor06/overlays/1080_overlay.png,/Users/kimsumin/projects/RGMC/calbration_data/robor06/masks/1080_mask.png
1081,0.7421875,1.0,131.16322869955158,365.132735426009,1,0.0,0.0342839247497391,0.039576795858416,1774682001.313528,5,/Users/kimsumin/projects/RGMC/calibration_data/robot06/images/1081.png,/Users/kimsumin/projects/RGMC/calbration_data/robor06/overlays/1081_overlay.png,/Users/kimsumin/projects/RGMC/calbration_data/robor06/masks/1081_mask.png
1082,0.771875,1.0,131.31569506726458,378.4398931433659,1,0.0,0.0534461155660607,0.0597602524123311,1774682011.460003,5,/Users/kimsumin/projects/RGMC/calibration_data/robot06/images/1082.png,/Users/kimsumin/projects/RGMC/calbration_data/robor06/overlays/1082_overlay.png,/Users/kimsumin/projects/RGMC/calbration_data/robor06/masks/1082_mask.png
1083,0.8015625,1.0,131.29783393501805,390.8711711711712,1,0.0,0.0542760291237813,0.3991918018531242,1774682021.8204768,5,/Users/kimsumin/projects/RGMC/calibration_data/robot06/images/1083.png,/Users/kimsumin/projects/RGMC/calbration_data/robor06/overlays/1083_overlay.png,/Users/kimsumin/projects/RGMC/calbration_data/robor06/masks/1083_mask.png
1084,0.8312499999999999,1.0,131.70440251572327,404.97872340425533,1,0.0,0.0482030305072144,0.0440963661115676,1774682032.30404,5,/Users/kimsumin/projects/RGMC/calibration_data/robot06/images/1084.png,/Users/kimsumin/projects/RGMC/calbration_data/robor06/overlays/1084_overlay.png,/Users/kimsumin/projects/RGMC/calbration_data/robor06/masks/1084_mask.png
1085,0.8609374999999999,1.0,131.5792792792793,417.97132616487454,1,0.0,0.0257493624949226,0.0221443898883194,1774682042.703985,5,/Users/kimsumin/projects/RGMC/calibration_data/robot06/images/1085.png,/Users/kimsumin/projects/RGMC/calbration_data/robor06/overlays/1085_overlay.png,/Users/kimsumin/projects/RGMC/calbration_data/robor06/masks/1085_mask.png
1086,0.890625,1.0,132.0038350910834,430.9314938154139,1,0.0,0.0339484519303756,0.4063645759253017,1774682052.862978,5,/Users/kimsumin/projects/RGMC/calibration_data/robot06/images/1086.png,/Users/kimsumin/projects/RGMC/calbration_data/robor06/overlays/1086_overlay.png,/Users/kimsumin/projects/RGMC/calbration_data/robor06/masks/1086_mask.png
1087,0.9203125,1.0,132.33333333333334,443.9122315592904,1,0.0,0.40969616957669,0.0201903515832755,1774682063.113445,5,/Users/kimsumin/projects/RGMC/calibration_data/robot06/images/1087.png,/Users/kimsumin/projects/RGMC/calbration_data/robor06/overlays/1087_overlay.png,/Users/kimsumin/projects/RGMC/calbration_data/robor06/masks/1087_mask.png
1088,0.95,1.0,132.1573033707865,456.33025830258305,1,0.0,0.0619160417104164,0.0484949192394149,1774682073.2274156,5,/Users/kimsumin/projects/RGMC/calibration_data/robot06/images/1088.png,/Users/kimsumin/projects/RGMC/calbration_data/robor06/overlays/1088_overlay.png,/Users/kimsumin/projects/RGMC/calbration_data/robor06/masks/1088_mask.png
