api_overhead_sec,approach_length_m,approach_length_norm,approach_path_type,approach_to_start_m,approach_waypoints,candidate_action_type,candidate_face_idx,candidate_ratio,candidate_stroke_len_norm,compute_total_sec,episode,execute_est_sec,iou_after,iou_before,max_waypoints_limit,move_time_sec,move_xy_calls,path_sleep_time,plan_compute_sec,push_move_m,push_sleep_time,push_speed_mps,retreat_move_m,seed,shape_err_after,shape_err_before,shape_type,sleep_time,sleep_time_sec,status,step,step_wall_est_sec,total_move_m,true_case,true_sim_compute_sec
0.0,0.023096614909030536,0.15397743272687026,direct_like,0.0105,2,normal,2,0.5,0.09000000000000001,0.08788309999727062,0,2.953018380589824,0.0,0.0,45,0.5530183805898237,5,0.2,0.08735220000016852,0.013500000000000002,1.0,0.0933,0.004500000000000001,0,0.46150335235947904,0.5265889466409966,WEIGHTED_SQUARE,0.5,2.4,ok,0,3.0409014805870944,0.051596614909030544,CASE_0,4.830000034417026e-05
0.0,0.010190217391304365,0.06793478260869576,direct_like,0.0105,2,normal,2,0.5,0.09000000000000001,0.06853350000164937,0,2.8146861456731442,0.0,0.0,45,0.4146861456731444,5,0.2,0.0678963999998814,0.013500000000000002,1.0,0.0933,0.004499999999999996,0,0.3973510380388815,0.46150335235947904,WEIGHTED_SQUARE,0.5,2.4,ok,1,2.8832196456747936,0.03869021739130437,CASE_0,6.550000034621917e-05
0.0,0.01019021739130436,0.06793478260869573,direct_like,0.0105,2,normal,2,0.5,0.09000000000000001,0.06824979999873904,0,2.8146861456731442,0.0,0.0,45,0.4146861456731443,5,0.2,0.06748180000067805,0.013500000000000005,1.0,0.0933,0.004499999999999997,0,0.3346759256735541,0.3973510380388815,WEIGHTED_SQUARE,0.5,2.4,ok,2,2.8829359456718833,0.03869021739130436,CASE_0,6.790000043110922e-05
0.0,0.01201208268711312,0.0800805512474208,direct_like,0.010499999999999999,2,normal,2,0.7,0.06999999999999999,0.06865319999997155,0,2.8020587640633776,0.0,0.0,45,0.4020587640633775,5,0.2,0.06807799999660347,0.010499999999999999,1.0,0.0933,0.004500000000000002,0,0.27780258109169076,0.3346759256735541,WEIGHTED_SQUARE,0.5,2.4,ok,3,2.870711964063349,0.03751208268711312,CASE_0,5.8400000852998346e-05
0.0,0.015969735685523682,0.10646490457015788,direct_like,0.010499999999999999,2,normal,2,0.7,0.06999999999999999,0.06266410000171163,0,2.8444773385372315,0.002820172528201725,0.0,45,0.4444773385372314,5,0.2,0.06212539999978617,0.010499999999999999,1.0,0.0933,0.004500000000000001,0,0.23416261477648598,0.27780258109169076,WEIGHTED_SQUARE,0.5,2.4,ok,4,2.907141438538943,0.04146973568552369,CASE_0,6.859999848529696e-05
0.0,0.06539328448929412,0.43595522992862745,lshape_or_compressed_astar,0.010500000000000002,3,normal,1,0.5,0.06999999999999999,0.17956689999846276,0,3.5742045497244814,0.07178217821782178,0.002820172528201725,45,0.9742045497244815,6,0.2,0.17895570000109728,0.010499999999999999,1.0,0.0933,0.004499999999999998,0,0.1861779798516492,0.23416261477648598,WEIGHTED_SQUARE,0.5,2.6,ok,5,3.753771449722944,0.09089328448929411,CASE_0,6.019999636919238e-05
0.0,0.007925724637681146,0.05283816425120764,direct_like,0.010499999999999999,2,normal,1,0.5,0.06999999999999999,0.0630048999992141,0,2.7582607142302376,0.1820662768031189,0.07178217821782178,45,0.3582607142302374,5,0.2,0.06238949999897159,0.010499999999999999,1.0,0.0933,0.0045000000000000005,0,0.141637754459013,0.1861779798516492,WEIGHTED_SQUARE,0.5,2.4,ok,6,2.8212656142294517,0.03342572463768115,CASE_0,6.550000034621917e-05
0.0,0.007925724637681162,0.05283816425120775,direct_like,0.010500000000000004,2,normal,1,0.5,0.06999999999999999,0.06493239999690559,0,2.7582607142302376,0.2999567474048443,0.1820662768031189,45,0.3582607142302377,5,0.2,0.06434280000030412,0.010500000000000004,1.0,0.0933,0.004500000000000004,0,0.10489063331411605,0.141637754459013,WEIGHTED_SQUARE,0.5,2.4,ok,7,2.823193114227143,0.033425724637681176,CASE_0,6.159999975352548e-05
0.0,0.06414223249986542,0.4276148833324361,astar_like,0.0105,11,normal,2,0.7,0.06999999999999999,0.21357279999938328,0,5.160795632367261,0.5263558033451596,0.2999567474048443,45,0.9607956323672606,14,0.2,0.21294230000057723,0.010499999999999994,1.0,0.0933,0.004499999999999998,0,0.0647151303610916,0.10489063331411605,WEIGHTED_SQUARE,0.5,4.2,ok,8,5.374368432366644,0.08964223249986542,CASE_0,0.00011549999908311293
0.0,0.05933893705873586,0.39559291372490574,lshape_or_compressed_astar,0.0105,3,normal,1,0.5,0.020000000000000004,0.20437659999879543,0,3.4289275140271798,0.599734395750332,0.5263558033451596,45,0.8289275140271797,6,0.2,0.20385650000025635,0.0029999999999999975,1.0,0.0933,0.004500000000000005,0,0.04969126034662611,0.0647151303610916,WEIGHTED_SQUARE,0.5,2.6,ok,9,3.633304114025975,0.07733893705873586,CASE_0,4.949999856762588e-05
0.0,0.0022644927536231802,0.01509661835748787,direct_like,0.010499999999999995,2,normal,1,0.5,0.020000000000000004,0.061557900000480004,0,2.6171971356229706,0.7125390958203014,0.599734395750332,45,0.21719713562297077,5,0.2,0.060884900001838105,0.003000000000000004,1.0,0.0933,0.0044999999999999945,0,0.03473058135347822,0.04969126034662611,WEIGHTED_SQUARE,0.5,2.4,ok,10,2.6787550356234506,0.020264492753623173,CASE_0,6.360000043059699e-05
0.0,0.0022644927536231907,0.015096618357487938,direct_like,0.0105,2,normal,1,0.5,0.020000000000000004,0.06454809999922873,0,2.617197135622971,0.8043738765727981,0.7125390958203014,45,0.217197135622971,5,0.2,0.06410690000120667,0.0029999999999999975,1.0,0.0933,0.004500000000000005,0,0.019975725920904235,0.03473058135347822,WEIGHTED_SQUARE,0.5,2.4,ok,11,2.6817452356222,0.020264492753623194,CASE_0,4.789999729837291e-05
0.0,0.0022644927536231985,0.015096618357487991,direct_like,0.0105,2,normal,1,0.5,0.020000000000000004,0.059140800000022864,0,2.617197135622971,0.9060126582278482,0.8043738765727981,45,0.21719713562297108,5,0.2,0.05854499999986729,0.0029999999999999975,1.0,0.0933,0.004500000000000005,0,0.006897424144144283,0.019975725920904235,WEIGHTED_SQUARE,0.5,2.4,ok,12,2.676337935622994,0.0202644927536232,CASE_0,6.22000006842427e-05
0.0,0.02509071867793486,0.16727145785289907,direct_like,0.0105,2,normal,2,0.5,0.09000000000000001,0.09681690000070375,1,2.9743914113390657,0.0,0.0,45,0.574391411339066,5,0.2,0.09629029999996419,0.0135,1.0,0.0933,0.0045000000000000005,1,0.461564189941736,0.5108986451619797,WEIGHTED_SQUARE,0.5,2.4,ok,0,3.0712083113397695,0.05359071867793486,CASE_0,5.32000012753997e-05
0.0,0.06815053653486904,0.45433691023246026,lshape_or_compressed_astar,0.010500000000000004,3,normal,1,0.5,0.06999999999999999,0.162883500001044,1,3.603757090405885,0.0,0.0,45,1.0037570904058848,6,0.2,0.16229309999835095,0.010499999999999995,1.0,0.0933,0.004499999999999999,1,0.4250192702313826,0.461564189941736,WEIGHTED_SQUARE,0.5,2.6,ok,1,3.766640590406929,0.09365053653486904,CASE_0,6.440000288421288e-05
0.0,0.07106491602402962,0.47376610682686415,lshape_or_compressed_astar,0.010499999999999997,3,normal,2,0.5,0.06999999999999999,0.16925609999816515,1,3.634993740879203,0.0,0.0,45,1.0349937408792027,6,0.2,0.16874109999844222,0.010499999999999997,1.0,0.0933,0.004499999999999999,1,0.3869214368947209,0.4250192702313826,WEIGHTED_SQUARE,0.5,2.6,ok,2,3.804249840877368,0.09656491602402961,CASE_0,5.410000085248612e-05
0.0,0.06661314801775889,0.4440876534517259,lshape_or_compressed_astar,0.0105,3,normal,1,0.5,0.06999999999999999,0.1574990999979491,1,3.587279185613707,0.0,0.0,45,0.9872791856137071,6,0.2,0.156955200000084,0.010499999999999999,1.0,0.0933,0.004499999999999996,1,0.3505592602295147,0.3869214368947209,WEIGHTED_SQUARE,0.5,2.6,ok,3,3.7447782856116563,0.09211314801775887,CASE_0,4.769999941345304e-05
0.0,0.0710649160240295,0.4737661068268633,lshape_or_compressed_astar,0.010500000000000004,3,normal,2,0.5,0.06999999999999999,0.17777920000298764,1,3.634993740879202,0.0,0.0,45,1.0349937408792018,6,0.2,0.17736560000048485,0.010499999999999997,1.0,0.0933,0.004500000000000003,1,0.312317721292838,0.3505592602295147,WEIGHTED_SQUARE,0.5,2.6,ok,4,3.8127729408821898,0.09656491602402952,CASE_0,4.389999958220869e-05
0.0,0.06661314801775883,0.4440876534517255,lshape_or_compressed_astar,0.010500000000000002,3,normal,1,0.5,0.06999999999999999,0.15358439999909024,1,3.587279185613707,0.005152925531914893,0.0,45,0.987279185613707,6,0.2,0.15307539999776054,0.010500000000000002,1.0,0.0933,0.004500000000000003,1,0.27624200922529324,0.312317721292838,WEIGHTED_SQUARE,0.5,2.6,ok,5,3.7408635856127974,0.09211314801775886,CASE_0,4.940000144415535e-05
0.0,0.07106491602402973,0.47376610682686493,lshape_or_compressed_astar,0.010500000000000004,3,normal,2,0.5,0.06999999999999999,0.19310350000159815,1,3.634993740879204,0.022804628999319263,0.005152925531914893,45,1.034993740879204,6,0.2,0.1910972000005131,0.010499999999999995,1.0,0.0933,0.004499999999999999,1,0.2377897329322723,0.27624200922529324,WEIGHTED_SQUARE,0.5,2.6,ok,6,3.828097240880802,0.09656491602402974,CASE_0,0.00044469999920693226
0.0,0.06661314801775896,0.4440876534517264,lshape_or_compressed_astar,0.010499999999999997,3,normal,1,0.5,0.06999999999999999,0.15310170000157086,1,3.587279185613708,0.06406880814463753,0.022804628999319263,45,0.987279185613708,6,0.2,0.1526107999998203,0.010499999999999997,1.0,0.0933,0.004499999999999999,1,0.20222482043046752,0.2377897329322723,WEIGHTED_SQUARE,0.5,2.6,ok,7,3.740380885615279,0.09211314801775895,CASE_0,4.8099998821271583e-05
0.0,0.07106491602402971,0.47376610682686476,lshape_or_compressed_astar,0.0105,3,normal,2,0.5,0.06999999999999999,0.1978951999990386,1,3.634993740879204,0.12251717096714312,0.06406880814463753,45,1.0349937408792038,6,0.2,0.19724979999955394,0.0105,1.0,0.0933,0.004499999999999999,1,0.16344088546988905,0.20222482043046752,WEIGHTED_SQUARE,0.5,2.6,ok,8,3.8328889408782425,0.09656491602402971,CASE_0,5.2999999752501026e-05
0.0,0.06661314801775887,0.44408765345172585,lshape_or_compressed_astar,0.0105,3,normal,1,0.5,0.06999999999999999,0.16131059999679564,1,3.587279185613707,0.20554226475279108,0.12251717096714312,45,0.9872791856137073,6,0.2,0.1608142000004591,0.010500000000000008,1.0,0.0933,0.004500000000000002,1,0.1290251215400466,0.16344088546988905,WEIGHTED_SQUARE,0.5,2.6,ok,9,3.748589785610503,0.09211314801775888,CASE_0,4.5600001612911e-05
0.0,0.07106491602402983,0.47376610682686554,lshape_or_compressed_astar,0.010500000000000006,3,normal,2,0.5,0.06999999999999999,0.19011110000064946,1,3.6349937408792052,0.34857270294380016,0.20554226475279108,45,1.0349937408792051,6,0.2,0.1895966000010958,0.010499999999999997,1.0,0.0933,0.004499999999999998,1,0.08971826287571226,0.1290251215400466,WEIGHTED_SQUARE,0.5,2.6,ok,10,3.8251048408798547,0.09656491602402983,CASE_0,7.46000005165115e-05
0.0,0.06661314801775922,0.4440876534517281,lshape_or_compressed_astar,0.010499999999999997,3,normal,1,0.5,0.06999999999999999,0.17953269999998156,1,3.587279185613711,0.5239415322580645,0.34857270294380016,45,0.987279185613711,6,0.2,0.1789463999994041,0.010500000000000004,1.0,0.0933,0.004500000000000007,1,0.059841110931951505,0.08971826287571226,WEIGHTED_SQUARE,0.5,2.6,ok,11,3.7668118856136927,0.09211314801775923,CASE_0,5.650000093737617e-05
0.0,0.07106491602402959,0.47376610682686393,lshape_or_compressed_astar,0.010499999999999997,3,normal,2,0.5,0.020000000000000004,0.19431879999683588,1,3.5546078887891706,0.6116737739872068,0.5239415322580645,45,0.9546078887891704,6,0.2,0.193757100001676,0.003000000000000003,1.0,0.0933,0.004499999999999999,1,0.046362249208980855,0.059841110931951505,WEIGHTED_SQUARE,0.5,2.6,ok,12,3.7489266887860064,0.08906491602402959,CASE_0,6.489999941550195e-05
0.0,0.00675111305128355,0.045007420341890335,direct_like,0.010500000000000002,2,normal,2,0.7,0.020000000000000004,0.05580280000140192,1,2.665285241707219,0.694901086653664,0.6116737739872068,45,0.2652852417072193,5,0.2,0.055303400000411784,0.003000000000000003,1.0,0.0933,0.004500000000000003,1,0.030190590587806817,0.046362249208980855,WEIGHTED_SQUARE,0.5,2.4,ok,13,2.721088041708621,0.02475111305128356,CASE_0,5.729999975301325e-05
0.0,0.004003479395604339,0.026689862637362262,direct_like,0.010500000000000002,2,normal,2,0.5,0.020000000000000004,0.056232400002045324,1,2.6358357920214828,0.795948763777182,0.694901086653664,45,0.23583579202148272,5,0.2,0.05560410000180127,0.002999999999999997,1.0,0.0933,0.0045000000000000005,1,0.021126028847118936,0.030190590587806817,WEIGHTED_SQUARE,0.5,2.4,ok,14,2.692068192023528,0.022003479395604337,CASE_0,6.589999975403771e-05
0.0,0.05943872888094062,0.39625819253960415,lshape_or_compressed_astar,0.010499999999999999,3,normal,1,0.7,0.020000000000000004,0.15794459999960964,1,3.429997094115119,0.9013819095477387,0.795948763777182,45,0.829997094115119,6,0.2,0.15733019999970566,0.002999999999999994,1.0,0.0933,0.004499999999999992,1,0.009498387924215151,0.021126028847118936,WEIGHTED_SQUARE,0.5,2.6,ok,15,3.5879416941147286,0.0774387288809406,CASE_0,6.24999993306119e-05
0.0,0.0204620543784437,0.13641369585629134,direct_like,0.010499999999999999,2,normal,1,0.5,0.09000000000000001,0.0751540000019304,2,2.9247808615052913,0.0,0.0,45,0.5247808615052915,5,0.2,0.07458860000042478,0.013499999999999996,1.0,0.0933,0.0045,2,0.46836881843178574,0.521473667968265,WEIGHTED_SQUARE,0.5,2.4,ok,0,2.9999348615072217,0.04896205437844369,CASE_0,5.7699999160831794e-05
0.0,0.01019021739130434,0.06793478260869559,direct_like,0.0105,2,normal,1,0.5,0.09000000000000001,0.08925219999946421,2,2.8146861456731442,0.0,0.0,45,0.41468614567314416,5,0.2,0.08868230000007316,0.013500000000000003,1.0,0.0933,0.004500000000000001,2,0.41956427823464826,0.46836881843178574,WEIGHTED_SQUARE,0.5,2.4,ok,1,2.9039383456726084,0.03869021739130435,CASE_0,4.680000347434543e-05
0.0,0.06912997110176858,0.4608664740117906,lshape_or_compressed_astar,0.0105,3,normal,2,0.5,0.06999999999999999,0.16415699999924982,2,3.6142547813694383,0.0,0.0,45,1.0142547813694383,6,0.2,0.16359899999952177,0.010500000000000002,1.0,0.0933,0.0045,2,0.3825053013427335,0.41956427823464826,WEIGHTED_SQUARE,0.5,2.6,ok,2,3.778411781368688,0.09462997110176857,CASE_0,4.459999763639644e-05
0.0,0.0714428362186163,0.47628557479077543,lshape_or_compressed_astar,0.010500000000000002,3,normal,1,0.5,0.06999999999999999,0.16160029999809922,2,3.639044332461054,0.0,0.0,45,1.0390443324610539,6,0.2,0.16112319999956526,0.010500000000000002,1.0,0.0933,0.0045,2,0.34494432840796074,0.3825053013427335,WEIGHTED_SQUARE,0.5,2.6,ok,3,3.800644632459153,0.09694283621861632,CASE_0,4.5900000259280205e-05
0.0,0.06749992459330842,0.44999949728872274,lshape_or_compressed_astar,0.0105,3,normal,2,0.5,0.06999999999999999,0.16010870000172872,2,3.5967837576989115,0.0,0.0,45,0.9967837576989113,6,0.2,0.15954579999743146,0.010499999999999994,1.0,0.0933,0.004500000000000004,2,0.3079715218248254,0.34494432840796074,WEIGHTED_SQUARE,0.5,2.6,ok,4,3.75689245770064,0.09299992459330841,CASE_0,8.960000195656903e-05
0.0,0.07144283621861634,0.47628557479077566,lshape_or_compressed_astar,0.0105,3,normal,1,0.5,0.06999999999999999,0.1605039999994915,2,3.639044332461054,0.006973269134982567,0.0,45,1.0390443324610539,6,0.2,0.16000359999816283,0.010499999999999997,1.0,0.0933,0.004499999999999996,2,0.27038207880995513,0.3079715218248254,WEIGHTED_SQUARE,0.5,2.6,ok,5,3.7995483324605455,0.09694283621861632,CASE_0,5.0400001782691106e-05
0.0,0.06749992459330817,0.44999949728872113,lshape_or_compressed_astar,0.010499999999999997,3,normal,2,0.5,0.06999999999999999,0.1612877000006847,2,3.596783757698909,0.023463875759621878,0.006973269134982567,45,0.9967837576989086,6,0.2,0.16072079999867128,0.010499999999999995,1.0,0.0933,0.0045,2,0.23355961011584156,0.27038207880995513,WEIGHTED_SQUARE,0.5,2.6,ok,6,3.7580714576995935,0.09299992459330816,CASE_0,5.029999738326296e-05
0.0,0.07144283621861627,0.47628557479077527,lshape_or_compressed_astar,0.010499999999999999,3,normal,1,0.5,0.06999999999999999,0.1871977999981027,2,3.6390443324610535,0.06796116504854369,0.023463875759621878,45,1.0390443324610532,6,0.2,0.18665600000167615,0.010499999999999999,1.0,0.0933,0.004499999999999996,2,0.1959433527524958,0.23355961011584156,WEIGHTED_SQUARE,0.5,2.6,ok,7,3.8262421324591562,0.09694283621861625,CASE_0,5.8499997976468876e-05
0.0,0.06749992459330814,0.449999497288721,lshape_or_compressed_astar,0.010499999999999999,3,normal,2,0.5,0.06999999999999999,0.17112040000210982,2,3.5967837576989083,0.12805219012115565,0.06796116504854369,45,0.9967837576989083,6,0.2,0.17063580000103684,0.010499999999999999,1.0,0.0933,0.0045,2,0.15944033853415673,0.1959433527524958,WEIGHTED_SQUARE,0.5,2.6,ok,8,3.767904157701018,0.09299992459330814,CASE_0,4.400000034365803e-05
0.0,0.07144283621861655,0.476285574790777,lshape_or_compressed_astar,0.010499999999999999,3,normal,1,0.5,0.06999999999999999,0.1873105000013311,2,3.639044332461056,0.21916971916971917,0.12805219012115565,45,1.0390443324610563,6,0.2,0.1867549999988114,0.010499999999999999,1.0,0.0933,0.0045,2,0.12185440177209293,0.15944033853415673,WEIGHTED_SQUARE,0.5,2.6,ok,9,3.8263548324623873,0.09694283621861655,CASE_0,5.0499998906161636e-05
0.0,0.0674999245933085,0.4499994972887234,lshape_or_compressed_astar,0.010499999999999999,3,normal,2,0.5,0.06999999999999999,0.1888266999994812,2,3.596783757698912,0.35881822282363557,0.21916971916971917,45,0.996783757698912,6,0.2,0.1882698999979766,0.010499999999999999,1.0,0.0933,0.004499999999999996,2,0.08637370611241868,0.12185440177209293,WEIGHTED_SQUARE,0.5,2.6,ok,10,3.785610457698393,0.09299992459330848,CASE_0,6.030000076862052e-05
0.0,0.07144283621861656,0.47628557479077716,lshape_or_compressed_astar,0.010499999999999995,3,normal,1,0.5,0.06999999999999999,0.1838448000016797,2,3.6390443324610566,0.5591259640102828,0.35881822282363557,45,1.0390443324610565,6,0.2,0.1833587000000989,0.010499999999999995,1.0,0.0933,0.0045,2,0.04972239874301505,0.08637370611241868,WEIGHTED_SQUARE,0.5,2.6,ok,11,3.8228891324627363,0.09694283621861656,CASE_0,5.160000000614673e-05
0.0,0.06749992459330839,0.4499994972887227,lshape_or_compressed_astar,0.010500000000000002,3,normal,2,0.5,0.020000000000000004,0.189923900001304,2,3.516397905608879,0.6498911860718172,0.5591259640102828,45,0.916397905608879,6,0.2,0.18921430000045802,0.003000000000000009,1.0,0.0933,0.004500000000000004,2,0.03718314606070325,0.04972239874301505,WEIGHTED_SQUARE,0.5,2.6,ok,12,3.706321805610183,0.08549992459330841,CASE_0,6.779999966965988e-05
0.0,0.0067511130512835195,0.045007420341890134,direct_like,0.010500000000000002,2,normal,2,0.7,0.020000000000000004,0.054981199999019736,2,2.665285241707219,0.7371312897628687,0.6498911860718172,45,0.26528524170721896,5,0.2,0.054311399999278365,0.0030000000000000053,1.0,0.0933,0.0045,2,0.024732344264175317,0.03718314606070325,WEIGHTED_SQUARE,0.5,2.4,ok,13,2.7202664417062388,0.024751113051283528,CASE_0,6.0500002291519195e-05
0.0,0.06515337878062999,0.4343558585375333,lshape_or_compressed_astar,0.0105,3,normal,1,0.5,0.020000000000000004,0.17133710000052815,2,3.4912473609928187,0.8516702421084891,0.7371312897628687,45,0.8912473609928186,6,0.2,0.17078380000020843,0.002999999999999994,1.0,0.0933,0.004500000000000005,2,0.01323142264758162,0.024732344264175317,WEIGHTED_SQUARE,0.5,2.6,ok,14,3.662584460993347,0.08315337878062998,CASE_0,5.889999738428742e-05
0.0,0.020511332753893274,0.13674221835928851,direct_like,0.010500000000000002,2,normal,1,0.5,0.09000000000000001,0.08229670000218903,3,2.9253090327319753,0.0,0.0,45,0.5253090327319753,5,0.2,0.08164050000050338,0.013500000000000002,1.0,0.0933,0.004500000000000003,3,0.4824195075321471,0.5433709651834139,WEIGHTED_SQUARE,0.5,2.4,ok,0,3.0076057327341643,0.049011332753893286,CASE_0,6.289999873843044e-05
0.0,0.010190217391304324,0.0679347826086955,direct_like,0.0105,2,normal,1,0.5,0.09000000000000001,0.06480549999832874,3,2.814686145673144,0.0,0.0,45,0.4146861456731439,5,0.2,0.06432569999742555,0.0135,1.0,0.0933,0.0045000000000000005,3,0.42359787988782227,0.4824195075321471,WEIGHTED_SQUARE,0.5,2.4,ok,1,2.8794916456714725,0.03869021739130432,CASE_0,5.8099998568650335e-05
0.0,0.010190217391304353,0.06793478260869569,direct_like,0.010499999999999999,2,normal,1,0.5,0.09000000000000001,0.06171050000193645,3,2.8146861456731442,0.0,0.0,45,0.4146861456731443,5,0.2,0.06102330000067013,0.013500000000000002,1.0,0.0933,0.0045000000000000005,3,0.3679296651844831,0.42359787988782227,WEIGHTED_SQUARE,0.5,2.4,ok,2,2.8763966456750807,0.03869021739130436,CASE_0,6.420000136131421e-05
0.0,0.010190217391304351,0.06793478260869568,direct_like,0.010500000000000002,2,normal,1,0.5,0.06999999999999999,0.06432000000131666,3,2.7825318048371313,0.0,0.0,45,0.38253180483713134,5,0.2,0.06374899999718764,0.010500000000000002,1.0,0.0933,0.004499999999999999,3,0.32784728674867497,0.3679296651844831,WEIGHTED_SQUARE,0.5,2.4,ok,3,2.846851804838448,0.03569021739130435,CASE_0,6.24999993306119e-05
0.0,0.007925724637681158,0.052838164251207735,direct_like,0.010499999999999997,2,normal,1,0.5,0.06999999999999999,0.08712809999997262,3,2.7582607142302376,0.0,0.0,45,0.3582607142302374,5,0.2,0.08659129999796278,0.010499999999999997,1.0,0.0933,0.004499999999999999,3,0.29186082370837974,0.32784728674867497,WEIGHTED_SQUARE,0.5,2.4,ok,4,2.84538881423021,0.03342572463768115,CASE_0,5.0900001951958984e-05
0.0,0.06776068700192041,0.4517379133461361,lshape_or_compressed_astar,0.0105,3,normal,2,0.5,0.06999999999999999,0.18024330000116606,3,3.5995786388201543,0.008320852055250457,0.0,45,0.9995786388201544,6,0.2,0.1797426999983145,0.010499999999999995,1.0,0.0933,0.0045000000000000005,3,0.25377276790648107,0.29186082370837974,WEIGHTED_SQUARE,0.5,2.6,ok,5,3.7798219388213203,0.0932606870019204,CASE_0,4.86999997519888e-05
0.0,0.07154431463570464,0.4769620975713643,lshape_or_compressed_astar,0.010500000000000006,3,normal,1,0.5,0.06999999999999999,0.1845973999988928,3,3.6401319896645727,0.02672340425531915,0.008320852055250457,45,1.0401319896645729,6,0.2,0.1838696999984677,0.010499999999999997,1.0,0.0933,0.004500000000000002,3,0.21837959579606528,0.25377276790648107,WEIGHTED_SQUARE,0.5,2.6,ok,6,3.8247293896634655,0.09704431463570465,CASE_0,8.270000034826808e-05
0.0,0.06776068700192026,0.451737913346135,lshape_or_compressed_astar,0.0105,3,normal,2,0.5,0.06999999999999999,0.1809849999990547,3,3.5995786388201525,0.09289220141792401,0.02672340425531915,45,0.9995786388201526,6,0.2,0.18039910000152304,0.010499999999999995,1.0,0.0933,0.004499999999999996,3,0.18022578938941655,0.21837959579606528,WEIGHTED_SQUARE,0.5,2.6,ok,7,3.780563638819207,0.09326068700192024,CASE_0,6.959999882383272e-05
0.0,0.07154431463570486,0.47696209757136576,lshape_or_compressed_astar,0.010499999999999997,3,normal,1,0.5,0.06999999999999999,0.188407499997993,3,3.6401319896645754,0.1692129181976407,0.09289220141792401,45,1.040131989664575,6,0.2,0.18784950000190292,0.010499999999999997,1.0,0.0933,0.0044999999999999945,3,0.146229361768154,0.18022578938941655,WEIGHTED_SQUARE,0.5,2.6,ok,8,3.8285394896625684,0.09704431463570484,CASE_0,4.9799997213995084e-05
0.0,0.06776068700192052,0.4517379133461368,lshape_or_compressed_astar,0.010499999999999995,3,normal,2,0.5,0.06999999999999999,0.18347630000062054,3,3.5995786388201556,0.2864150138622307,0.1692129181976407,45,0.9995786388201555,6,0.2,0.18289930000173626,0.010499999999999995,1.0,0.0933,0.004499999999999996,3,0.10821912974658268,0.146229361768154,WEIGHTED_SQUARE,0.5,2.6,ok,9,3.783054938820776,0.0932606870019205,CASE_0,6.769999890821055e-05
0.0,0.07923856610528265,0.528257107368551,lshape_or_compressed_astar,0.010499999999999995,3,normal,1,0.3,0.06999999999999999,0.19686059999730787,3,3.722599851074841,0.497640923764589,0.2864150138622307,45,1.122599851074841,6,0.2,0.19625530000121216,0.010499999999999995,1.0,0.0933,0.004500000000000004,3,0.06959847900580449,0.10821912974658268,WEIGHTED_SQUARE,0.5,2.6,ok,10,3.919460451072149,0.10473856610528265,CASE_0,6.550000034621917e-05
0.0,0.06515012311104112,0.4343341540736075,lshape_or_compressed_astar,0.0105,3,normal,2,0.5,0.06999999999999999,0.17355090000273776,3,3.5715983184463145,0.8237072875718173,0.497640923764589,45,0.9715983184463143,6,0.2,0.17279920000146376,0.0105,1.0,0.0933,0.004500000000000003,3,0.016904522469217823,0.06959847900580449,WEIGHTED_SQUARE,0.5,2.6,ok,11,3.7451492184490522,0.09065012311104112,CASE_0,6.349999966914766e-05
0.0,0.007925724637681153,0.05283816425120769,direct_like,0.010499999999999997,2,normal,2,0.5,0.020000000000000004,0.05636489999960759,3,2.677874862140205,0.9562114823224133,0.8237072875718173,45,0.27787486214020524,5,0.2,0.05589300000065123,0.0029999999999999975,1.0,0.0933,0.0045000000000000005,3,0.003001612942207558,0.016904522469217823,WEIGHTED_SQUARE,0.5,2.4,ok,12,2.7342397621398127,0.025925724637681145,CASE_0,5.0999999075429514e-05
0.0,0.022820857625088183,0.15213905083392124,direct_like,0.0105,2,normal,1,0.5,0.09000000000000001,0.08831840000129887,4,2.950062782691192,0.0,0.0,45,0.5500627826911917,5,0.2,0.08777760000157286,0.013500000000000002,1.0,0.0933,0.0045,4,0.40041778134905315,0.4533999424159517,WEIGHTED_SQUARE,0.5,2.4,ok,0,3.0383811826924907,0.05132085762508818,CASE_0,5.7600002037361264e-05
0.0,0.01019021739130434,0.0679347826086956,direct_like,0.010499999999999995,2,normal,1,0.5,0.06999999999999999,0.06884899999931804,4,2.782531804837131,0.0,0.0,45,0.38253180483713106,5,0.2,0.06824269999924581,0.010499999999999995,1.0,0.0933,0.004499999999999997,4,0.3626919423339979,0.40041778134905315,WEIGHTED_SQUARE,0.5,2.4,ok,1,2.851380804836449,0.035690217391304326,CASE_0,0.00011730000187526457
0.0,0.05728718368621426,0.38191455790809503,astar_like,0.010499999999999995,9,normal,2,0.5,0.06999999999999999,0.1898841000001994,4,4.687322440366712,0.0,0.0,45,0.8873224403667123,12,0.2,0.18946130000040284,0.010499999999999995,1.0,0.0933,0.0045,4,0.3269663712530617,0.3626919423339979,WEIGHTED_SQUARE,0.5,3.8,ok,2,4.877206540366911,0.08278718368621425,CASE_0,4.090000220458023e-05
0.0,0.06952977571679356,0.4635318381119571,lshape_or_compressed_astar,0.0105,3,normal,1,0.5,0.06999999999999999,0.2042743000019982,4,3.61853993265588,0.0,0.0,45,1.0185399326558795,6,0.2,0.20371760000125505,0.0105,1.0,0.0933,0.004500000000000003,4,0.289346830706179,0.3269663712530617,WEIGHTED_SQUARE,0.5,2.6,ok,3,3.822814232657878,0.09502977571679355,CASE_0,4.9799997213995084e-05
0.0,0.0572628640111906,0.3817524267412707,astar_like,0.010500000000000002,7,normal,2,0.5,0.06999999999999999,0.19939670000167098,4,4.287061779326803,0.0071121402580218325,0.0,45,0.887061779326802,10,0.2,0.1988259999998263,0.010500000000000002,1.0,0.0933,0.004499999999999998,4,0.2542413560958939,0.289346830706179,WEIGHTED_SQUARE,0.5,3.4000000000000004,ok,4,4.486458479328474,0.08276286401119062,CASE_0,4.909999915980734e-05
0.0,0.06952977571679375,0.46353183811195836,lshape_or_compressed_astar,0.010500000000000002,3,normal,1,0.5,0.06999999999999999,0.1980148000002373,4,3.6185399326558816,0.034453639587907446,0.0071121402580218325,45,1.0185399326558817,6,0.2,0.19749359999696026,0.010499999999999994,1.0,0.0933,0.0045,4,0.21700603599930995,0.2542413560958939,WEIGHTED_SQUARE,0.5,2.6,ok,5,3.816554732656119,0.09502977571679376,CASE_0,4.769999941345304e-05
0.0,0.06009647766728571,0.4006431844485714,lshape_or_compressed_astar,0.0105,3,normal,2,0.3,0.06999999999999999,0.19487239999943995,4,3.517432772425356,0.10182673177789836,0.034453639587907446,45,0.9174327724253559,6,0.2,0.19424870000148076,0.010499999999999994,1.0,0.0933,0.0045,4,0.17465791498987537,0.21700603599930995,WEIGHTED_SQUARE,0.5,2.6,ok,6,3.712305172424796,0.0855964776672857,CASE_0,5.980000059935264e-05
0.0,0.010841301316325649,0.07227534210883767,direct_like,0.010500000000000004,2,normal,2,0.5,0.06999999999999999,0.06074069999885978,4,2.789510196316459,0.19323101141282958,0.10182673177789836,45,0.38951019631645933,5,0.2,0.060239200000069104,0.010500000000000004,1.0,0.0933,0.004499999999999998,4,0.13492703010898555,0.17465791498987537,WEIGHTED_SQUARE,0.5,2.4,ok,7,2.850250896315319,0.03634130131632565,CASE_0,4.740000076708384e-05
0.0,0.07194432919406576,0.4796288612937718,lshape_or_compressed_astar,0.010499999999999999,3,normal,1,0.5,0.06999999999999999,0.1673832999986189,4,3.644419391147543,0.32026997605051166,0.19323101141282958,45,1.044419391147543,6,0.2,0.16704570000001695,0.010499999999999999,1.0,0.0933,0.004499999999999999,4,0.10344434717376316,0.13492703010898555,WEIGHTED_SQUARE,0.5,2.6,ok,8,3.8118026911461618,0.09744432919406576,CASE_0,3.460000152699649e-05
0.0,0.07143224602738402,0.4762149735158935,lshape_or_compressed_astar,0.010499999999999997,3,normal,2,0.5,0.06999999999999999,0.17571699999825796,4,3.638930825588253,0.5013617231988116,0.32026997605051166,45,1.0389308255882532,6,0.2,0.17503899999792338,0.010499999999999997,1.0,0.0933,0.004499999999999999,4,0.06285983770916459,0.10344434717376316,WEIGHTED_SQUARE,0.5,2.6,ok,9,3.814647825586511,0.09693224602738401,CASE_0,6.829999983892776e-05
0.0,0.07850647025283834,0.5233764683522557,lshape_or_compressed_astar,0.010499999999999999,3,normal,1,0.3,0.020000000000000004,0.18334780000077444,4,3.634367312463434,0.578892643618404,0.5013617231988116,45,1.0343673124634336,6,0.2,0.1827742000023136,0.002999999999999999,1.0,0.0933,0.004499999999999999,4,0.049491612068293805,0.06285983770916459,WEIGHTED_SQUARE,0.5,2.6,ok,10,3.8177151124642084,0.09650647025283834,CASE_0,6.339999890769832e-05
0.0,0.06251381060014528,0.4167587373343019,lshape_or_compressed_astar,0.010500000000000004,3,normal,2,0.3,0.020000000000000004,0.16259640000134823,4,3.4629561693477524,0.6449608213996217,0.578892643618404,45,0.8629561693477524,6,0.2,0.16205769999942277,0.0030000000000000053,1.0,0.0933,0.0045,4,0.03594967998251396,0.049491612068293805,WEIGHTED_SQUARE,0.5,2.6,ok,11,3.6255525693491006,0.0805138106001453,CASE_0,6.039999789209105e-05
0.0,0.0040034793956043365,0.02668986263736224,direct_like,0.010500000000000004,2,normal,2,0.5,0.020000000000000004,0.05376760000217473,4,2.6358357920214828,0.738403918179199,0.6449608213996217,45,0.2358357920214827,5,0.2,0.053220300000248244,0.002999999999999995,1.0,0.0933,0.004499999999999999,4,0.02643821056444687,0.03594967998251396,WEIGHTED_SQUARE,0.5,2.4,ok,12,2.6896033920236575,0.022003479395604333,CASE_0,6.209999992279336e-05
0.0,0.06476980808369484,0.4317987205579656,lshape_or_compressed_astar,0.010499999999999999,3,normal,1,0.5,0.020000000000000004,0.1646632000010868,4,3.4871362066848324,0.8408750374587953,0.738403918179199,45,0.8871362066848321,6,0.2,0.16417469999942114,0.0030000000000000005,1.0,0.0933,0.004499999999999996,4,0.0149679957841864,0.02643821056444687,WEIGHTED_SQUARE,0.5,2.6,ok,13,3.651799406685919,0.08276980808369483,CASE_0,4.73000000056345e-05
0.0,0.065522358243045,0.4368157216203001,lshape_or_compressed_astar,0.010500000000000002,3,normal,2,0.5,0.020000000000000004,0.16263929999695392,4,3.4952021247914793,0.9016703435234794,0.8408750374587953,45,0.8952021247914792,6,0.2,0.1619895000003453,0.002999999999999995,1.0,0.0933,0.004499999999999999,4,0.009340244465974045,0.0149679957841864,WEIGHTED_SQUARE,0.5,2.6,ok,14,3.657841424788433,0.083522358243045,CASE_0,4.850000186706893e-05
0.0,0.0376907114967971,0.25127140997864733,direct_like,0.0105,2,normal,1,0.5,0.06999999999999999,0.10377820000212523,5,3.0772852250460567,0.0,0.0,45,0.6772852250460568,5,0.2,0.10266620000038529,0.0105,1.0,0.0933,0.004500000000000001,5,0.35146306330733057,0.3898057376207043,WEIGHTED_SQUARE,0.5,2.4,ok,0,3.181063425048182,0.0631907114967971,CASE_0,7.479999840143137e-05
0.0,0.07162316334282784,0.4774877556188522,lshape_or_compressed_astar,0.0105,3,normal,2,0.5,0.06999999999999999,0.15332040000066627,5,3.6409770990656787,0.0,0.0,45,1.0409770990656788,6,0.2,0.15276299999823095,0.0105,1.0,0.0933,0.004500000000000001,5,0.3154830492288556,0.35146306330733057,WEIGHTED_SQUARE,0.5,2.6,ok,1,3.794297499066345,0.09712316334282783,CASE_0,6.200000279932283e-05
0.0,0.07181750435667802,0.4787833623778535,lshape_or_compressed_astar,0.010499999999999999,3,normal,1,0.5,0.06999999999999999,0.18443170000318787,5,3.6430600681315974,0.0,0.0,45,1.0430600681315974,6,0.2,0.18373580000115908,0.010499999999999999,1.0,0.0933,0.004499999999999997,5,0.27693156050881806,0.3154830492288556,WEIGHTED_SQUARE,0.5,2.6,ok,2,3.8274917681347853,0.09731750435667802,CASE_0,6.860000212327577e-05
0.0,0.07162316334282764,0.47748775561885104,lshape_or_compressed_astar,0.010499999999999999,3,normal,2,0.5,0.06999999999999999,0.15274249999856693,5,3.640977099065677,0.022441802043208843,0.0,45,1.0409770990656768,6,0.2,0.15224029999808408,0.010499999999999999,1.0,0.0933,0.004499999999999997,5,0.24140819362944474,0.27693156050881806,WEIGHTED_SQUARE,0.5,2.6,ok,3,3.793719599064244,0.09712316334282764,CASE_0,4.8800000513438135e-05
0.0,0.07181750435667814,0.4787833623778543,lshape_or_compressed_astar,0.010499999999999997,3,normal,1,0.5,0.06999999999999999,0.1812380999981542,5,3.6430600681315983,0.05641114379650459,0.022441802043208843,45,1.0430600681315985,6,0.2,0.18062260000078822,0.010499999999999997,1.0,0.0933,0.004499999999999997,5,0.20254189755210542,0.24140819362944474,WEIGHTED_SQUARE,0.5,2.6,ok,4,3.8242981681297525,0.09731750435667813,CASE_0,6.919999941601418e-05
0.0,0.07162316334282767,0.47748775561885115,lshape_or_compressed_astar,0.010499999999999997,3,normal,2,0.5,0.06999999999999999,0.15287629999875207,5,3.640977099065677,0.1154548776032152,0.05641114379650459,45,1.040977099065677,6,0.2,0.15226299999994808,0.010499999999999997,1.0,0.0933,0.004499999999999997,5,0.16790894950395663,0.20254189755210542,WEIGHTED_SQUARE,0.5,2.6,ok,5,3.793853399064429,0.09712316334282767,CASE_0,6.349999966914766e-05
0.0,0.071817504356678,0.47878336237785335,lshape_or_compressed_astar,0.010499999999999999,3,normal,1,0.5,0.06999999999999999,0.18335259999730624,5,3.643060068131597,0.21010061156046558,0.1154548776032152,45,1.043060068131597,6,0.2,0.18285569999716245,0.010499999999999999,1.0,0.0933,0.004499999999999997,5,0.128539666796895,0.16790894950395663,WEIGHTED_SQUARE,0.5,2.6,ok,6,3.8264126681289032,0.09731750435667799,CASE_0,4.220000118948519e-05
0.0,0.07162316334282781,0.47748775561885215,lshape_or_compressed_astar,0.010499999999999999,3,normal,2,0.5,0.06999999999999999,0.17644700000164448,5,3.6409770990656787,0.3182897862232779,0.21010061156046558,45,1.0409770990656786,6,0.2,0.17586429999937536,0.010499999999999999,1.0,0.0933,0.004499999999999997,5,0.09632442624082702,0.128539666796895,WEIGHTED_SQUARE,0.5,2.6,ok,7,3.817424099067323,0.0971231633428278,CASE_0,6.7299999500392e-05
0.0,0.0718175043566781,0.478783362377854,lshape_or_compressed_astar,0.010499999999999999,3,normal,1,0.5,0.06999999999999999,0.18165659999795025,5,3.6430600681315983,0.5416666666666666,0.3182897862232779,45,1.043060068131598,6,0.2,0.18098559999998542,0.010499999999999999,1.0,0.0933,0.004499999999999998,5,0.056543278526632296,0.09632442624082702,WEIGHTED_SQUARE,0.5,2.6,ok,8,3.8247166681295486,0.09731750435667809,CASE_0,6.789999679313041e-05
0.0,0.06534161585105087,0.4356107723403392,lshape_or_compressed_astar,0.010499999999999999,3,normal,2,0.3,0.020000000000000004,0.17523589999836986,5,3.4932649072995807,0.6031036296685954,0.5416666666666666,45,0.8932649072995807,6,0.2,0.17464060000202153,0.003000000000000001,1.0,0.0933,0.004499999999999998,5,0.042579558510425095,0.056543278526632296,WEIGHTED_SQUARE,0.5,2.6,ok,9,3.6685008072979506,0.08334161585105088,CASE_0,7.60000002628658e-05
0.0,0.0043819696550919255,0.02921313103394617,direct_like,0.010499999999999999,2,normal,2,0.3,0.020000000000000004,0.04849119999926188,5,2.639892493623708,0.6696795398520953,0.6031036296685954,45,0.23989249362370774,5,0.2,0.047846500001469394,0.0030000000000000014,1.0,0.0933,0.004500000000000003,5,0.03202541732630789,0.042579558510425095,WEIGHTED_SQUARE,0.5,2.4,ok,10,2.6883836936229697,0.02238196965509193,CASE_0,7.099999857018702e-05
0.0,0.06143673710722215,0.4095782473814811,lshape_or_compressed_astar,0.010500000000000004,3,normal,1,0.5,0.020000000000000004,0.1698432999983197,5,3.451411973282124,0.786111924992675,0.6696795398520953,45,0.8514119732821239,6,0.2,0.16936489999716287,0.0029999999999999988,1.0,0.0933,0.004499999999999996,5,0.02114021208188078,0.03202541732630789,WEIGHTED_SQUARE,0.5,2.6,ok,11,3.6212552732804437,0.07943673710722216,CASE_0,0.00011379999705241062
0.0,0.06533387072543784,0.43555913816958564,lshape_or_compressed_astar,0.010500000000000002,3,normal,2,0.5,0.020000000000000004,0.17381939999904716,5,3.493181894163321,0.8653321201091901,0.786111924992675,45,0.893181894163321,6,0.2,0.1731653999995615,0.003000000000000002,1.0,0.0933,0.004499999999999999,5,0.01189853925514554,0.02114021208188078,WEIGHTED_SQUARE,0.5,2.6,ok,12,3.667001294162368,0.08333387072543785,CASE_0,8.499999967170879e-05
0.0,0.02938790984645446,0.19591939897636307,direct_like,0.0105,2,normal,2,0.5,0.09000000000000001,0.09762620000037714,6,3.0204491944957605,0.0,0.0,45,0.6204491944957607,5,0.2,0.09679950000281679,0.013500000000000003,1.0,0.0933,0.004500000000000001,6,0.5113516589108335,0.5684980915283913,WEIGHTED_SQUARE,0.5,2.4,ok,0,3.1180753944961377,0.05788790984645447,CASE_0,8.84000000951346e-05
0.0,0.01019021739130436,0.06793478260869573,direct_like,0.010499999999999999,2,normal,2,0.5,0.09000000000000001,0.0675388000017847,6,2.8146861456731442,0.0,0.0,45,0.4146861456731443,5,0.2,0.06688959999883082,0.013500000000000002,1.0,0.0933,0.0045000000000000005,6,0.45716671103534856,0.5113516589108335,WEIGHTED_SQUARE,0.5,2.4,ok,1,2.882224945674929,0.03869021739130436,CASE_0,7.650000043213367e-05
0.0,0.010190217391304353,0.06793478260869569,direct_like,0.010499999999999999,2,normal,2,0.5,0.09000000000000001,0.06384339999931399,6,2.8146861456731442,0.0,0.0,45,0.4146861456731443,5,0.2,0.06348219999927096,0.013500000000000003,1.0,0.0933,0.0045000000000000005,6,0.4071280911986405,0.45716671103534856,WEIGHTED_SQUARE,0.5,2.4,ok,2,2.8785295456724582,0.03869021739130436,CASE_0,3.600000127335079e-05
0.0,0.07251925077342455,0.4834616718228304,lshape_or_compressed_astar,0.010500000000000002,3,normal,1,0.5,0.06999999999999999,0.16847380000035628,6,3.6505814659531035,0.0,0.0,45,1.0505814659531036,6,0.2,0.16792350000105216,0.010499999999999997,1.0,0.0933,0.0045000000000000005,6,0.37142386820336504,0.4071280911986405,WEIGHTED_SQUARE,0.5,2.6,ok,3,3.81905526595346,0.09801925077342456,CASE_0,7.449999975506216e-05
0.0,0.07216127758722957,0.4810751839148638,lshape_or_compressed_astar,0.0105,3,normal,2,0.5,0.06999999999999999,0.20085810000091442,6,3.6467446686734144,0.0,0.0,45,1.0467446686734145,6,0.2,0.20016780000150902,0.0105,1.0,0.0933,0.004500000000000001,6,0.3327162325243962,0.37142386820336504,WEIGHTED_SQUARE,0.5,2.6,ok,4,3.847602768674329,0.09766127758722956,CASE_0,7.130000085453503e-05
0.0,0.07050393293247875,0.4700262195498584,lshape_or_compressed_astar,0.0105,3,normal,1,0.5,0.06999999999999999,0.1610395999996399,6,3.628981060369547,0.0,0.0,45,1.0289810603695473,6,0.2,0.1605368999989878,0.010499999999999994,1.0,0.0933,0.004500000000000002,6,0.2974647755282512,0.3327162325243962,WEIGHTED_SQUARE,0.5,2.6,ok,5,3.790020660369187,0.09600393293247875,CASE_0,5.119999696034938e-05
0.0,0.07216127758722957,0.4810751839148638,lshape_or_compressed_astar,0.010499999999999997,3,normal,2,0.5,0.06999999999999999,0.19156819999989239,6,3.6467446686734144,0.0031635031635031635,0.0,45,1.0467446686734145,6,0.2,0.1908575000015844,0.010499999999999997,1.0,0.0933,0.004500000000000003,6,0.25848416559522636,0.2974647755282512,WEIGHTED_SQUARE,0.5,2.6,ok,6,3.838312868673307,0.09766127758722956,CASE_0,6.239999856916256e-05
0.0,0.07050393293247859,0.47002621954985724,lshape_or_compressed_astar,0.0105,3,normal,1,0.5,0.06999999999999999,0.15743899999870337,6,3.6289810603695454,0.03610729023383769,0.0031635031635031635,45,1.0289810603695455,6,0.2,0.1556261000005179,0.0105,1.0,0.0933,0.0045000000000000005,6,0.22401088460625188,0.25848416559522636,WEIGHTED_SQUARE,0.5,2.6,ok,7,3.7864200603682487,0.09600393293247858,CASE_0,0.00012659999993047677
0.0,0.07216127758722968,0.4810751839148646,lshape_or_compressed_astar,0.0105,3,normal,2,0.5,0.06999999999999999,0.1901679000002332,6,3.6467446686734157,0.08193466883234073,0.03610729023383769,45,1.0467446686734156,6,0.2,0.18961420000050566,0.0105,1.0,0.0933,0.004500000000000001,6,0.18464774638661852,0.22401088460625188,WEIGHTED_SQUARE,0.5,2.6,ok,8,3.836912568673649,0.09766127758722967,CASE_0,5.390000296756625e-05
0.0,0.07050393293247882,0.4700262195498588,lshape_or_compressed_astar,0.010500000000000002,3,normal,1,0.5,0.06999999999999999,0.16833000000042375,6,3.628981060369548,0.1517687333586915,0.08193466883234073,45,1.028981060369548,6,0.2,0.16769669999848702,0.010499999999999995,1.0,0.0933,0.004500000000000002,6,0.15179217261885658,0.18464774638661852,WEIGHTED_SQUARE,0.5,2.6,ok,9,3.797311060369972,0.09600393293247882,CASE_0,5.6499997299397364e-05
0.0,0.07216127758722973,0.4810751839148649,lshape_or_compressed_astar,0.0105,3,normal,2,0.5,0.06999999999999999,0.19435540000267792,6,3.646744668673416,0.27201357946106514,0.1517687333586915,45,1.046744668673416,6,0.2,0.19358809999903315,0.010499999999999994,1.0,0.0933,0.0044999999999999945,6,0.11199312953306492,0.15179217261885658,WEIGHTED_SQUARE,0.5,2.6,ok,10,3.841100068676094,0.09766127758722971,CASE_0,7.919999916339293e-05
0.0,0.06484375961202635,0.4322917307468424,lshape_or_compressed_astar,0.0105,3,normal,1,0.7,0.06999999999999999,0.18203039999934845,6,3.568314679657303,0.39003200731595794,0.27201357946106514,45,0.9683146796573028,6,0.2,0.18139030000020284,0.0105,1.0,0.0933,0.0045000000000000005,6,0.07731005341089398,0.11199312953306492,WEIGHTED_SQUARE,0.5,2.6,ok,11,3.7503450796566513,0.09034375961202634,CASE_0,7.729999924777076e-05
0.0,0.07677149805672051,0.5118099870448034,lshape_or_compressed_astar,0.010500000000000002,3,normal,2,0.5,0.06999999999999999,0.20174629999746685,6,3.696157535441807,0.5891350210970464,0.39003200731595794,45,1.0961575354418065,6,0.2,0.20124070000019856,0.010500000000000002,1.0,0.0933,0.004500000000000007,6,0.049312224328396825,0.07731005341089398,WEIGHTED_SQUARE,0.5,2.6,ok,12,3.8979038354392737,0.10227149805672053,CASE_0,6.140000186860561e-05
0.0,0.07151650733554155,0.476776715570277,lshape_or_compressed_astar,0.010500000000000002,3,normal,1,0.5,0.020000000000000004,0.19442770000023302,6,3.55944809577215,0.6879551820728291,0.5891350210970464,45,0.9594480957721497,6,0.2,0.19388429999889922,0.003000000000000002,1.0,0.0933,0.004500000000000002,6,0.034494293068885615,0.049312224328396825,WEIGHTED_SQUARE,0.5,2.6,ok,13,3.753875795772383,0.08951650733554156,CASE_0,6.0100002883700654e-05
0.0,0.002264492753623206,0.015096618357488038,direct_like,0.010499999999999999,2,normal,1,0.5,0.020000000000000004,0.06037060000016936,6,2.617197135622971,0.7940395396872234,0.6879551820728291,45,0.21719713562297108,5,0.2,0.059697000000596745,0.0029999999999999975,1.0,0.0933,0.004499999999999998,6,0.02009586246181883,0.034494293068885615,WEIGHTED_SQUARE,0.5,2.4,ok,14,2.6775677356231404,0.0202644927536232,CASE_0,6.009999924572185e-05
0.0,0.0022644927536231937,0.015096618357487957,direct_like,0.010499999999999999,2,normal,1,0.5,0.020000000000000004,0.06046109999806504,6,2.6171971356229706,0.903954802259887,0.7940395396872234,45,0.21719713562297094,5,0.2,0.05997430000206805,0.0029999999999999975,1.0,0.0933,0.004499999999999998,6,0.008611428230944051,0.02009586246181883,WEIGHTED_SQUARE,0.5,2.4,ok,15,2.6776582356210357,0.020264492753623187,CASE_0,5.889999738428742e-05
0.0,0.03249173194524241,0.21661154630161603,direct_like,0.010499999999999999,2,normal,1,0.5,0.09000000000000001,0.10685730000113836,7,3.0537163123820195,0.0,0.0,45,0.6537163123820193,5,0.2,0.10649449999982608,0.0135,1.0,0.0933,0.0045,7,0.36153221974136746,0.4183565957638735,WEIGHTED_SQUARE,0.5,2.4,ok,0,3.160573612383158,0.0609917319452424,CASE_0,3.469999865046702e-05
0.0,0.010190217391304358,0.06793478260869573,direct_like,0.010499999999999999,2,normal,1,0.5,0.06999999999999999,0.07280829999945126,7,2.7825318048371313,0.0,0.0,45,0.38253180483713134,5,0.2,0.07224480000149924,0.010499999999999999,1.0,0.0933,0.0045,7,0.3203372233729447,0.36153221974136746,WEIGHTED_SQUARE,0.5,2.4,ok,1,2.8553401048365825,0.03569021739130435,CASE_0,6.170000051497482e-05
0.0,0.007925724637681158,0.05283816425120773,direct_like,0.0105,2,normal,1,0.5,0.06999999999999999,0.06817210000008345,7,2.7582607142302376,0.0,0.0,45,0.35826071423023753,5,0.2,0.06774339999901713,0.0105,1.0,0.0933,0.004500000000000002,7,0.2830330621121566,0.3203372233729447,WEIGHTED_SQUARE,0.5,2.4,ok,2,2.826432814230321,0.03342572463768116,CASE_0,4.830000034417026e-05
0.0,0.06825448436003516,0.4550298957335678,lshape_or_compressed_astar,0.0105,3,normal,2,0.5,0.06999999999999999,0.18523089999871445,7,3.604871215005736,0.003674014696058784,0.0,45,1.004871215005736,6,0.2,0.18463379999957397,0.010499999999999995,1.0,0.0933,0.004500000000000004,7,0.24658862829916556,0.2830330621121566,WEIGHTED_SQUARE,0.5,2.6,ok,3,3.7901021150044505,0.09375448436003515,CASE_0,5.980000059935264e-05
0.0,0.07172222540705879,0.47814816938039195,lshape_or_compressed_astar,0.010499999999999997,3,normal,1,0.5,0.06999999999999999,0.18613389999882202,7,3.6420388575247458,0.05253940455341506,0.003674014696058784,45,1.042038857524746,6,0.2,0.1857017000002088,0.010499999999999997,1.0,0.0933,0.0045,7,0.2094588344161855,0.24658862829916556,WEIGHTED_SQUARE,0.5,2.6,ok,4,3.828172757523568,0.09722222540705878,CASE_0,4.669999907491729e-05
0.0,0.06825448436003492,0.4550298957335661,lshape_or_compressed_astar,0.010499999999999994,3,normal,2,0.5,0.06999999999999999,0.19945039999947767,7,3.6048712150057334,0.10941802827244354,0.05253940455341506,45,1.0048712150057333,6,0.2,0.19886399999813875,0.010499999999999994,1.0,0.0933,0.0045,7,0.17370503475766844,0.2094588344161855,WEIGHTED_SQUARE,0.5,2.6,ok,5,3.804321615005211,0.09375448436003492,CASE_0,7.049999840091914e-05
0.0,0.07172222540705887,0.4781481693803925,lshape_or_compressed_astar,0.010499999999999997,3,normal,1,0.5,0.06999999999999999,0.1845541000002413,7,3.6420388575247467,0.2007905138339921,0.10941802827244354,45,1.0420388575247468,6,0.2,0.18405250000068918,0.010499999999999997,1.0,0.0933,0.0045,7,0.13708406733847153,0.17370503475766844,WEIGHTED_SQUARE,0.5,2.6,ok,6,3.826592957524988,0.09722222540705887,CASE_0,4.400000034365803e-05
0.0,0.07306908494924733,0.48712723299498223,lshape_or_compressed_astar,0.010500000000000002,3,normal,2,0.7,0.06999999999999999,0.18539750000127242,7,3.656474651117335,0.35190550479162025,0.2007905138339921,45,1.0564746511173349,6,0.2,0.18489490000138176,0.010500000000000002,1.0,0.0933,0.004499999999999995,7,0.09543709707565814,0.13708406733847153,WEIGHTED_SQUARE,0.5,2.6,ok,7,3.8418721511186074,0.09856908494924733,CASE_0,0.00011110000195913017
0.0,0.062064310534811845,0.413762070232079,lshape_or_compressed_astar,0.010499999999999999,3,normal,1,0.5,0.06999999999999999,0.2084456999982649,7,3.5385242286689373,0.5800989841104455,0.35190550479162025,45,0.9385242286689373,6,0.2,0.20780680000098073,0.010499999999999992,1.0,0.0933,0.004500000000000001,7,0.045202218198090637,0.09543709707565814,WEIGHTED_SQUARE,0.5,2.6,ok,8,3.7469699286672022,0.08756431053481184,CASE_0,5.999999848427251e-05
0.0,0.007925724637681148,0.05283816425120765,direct_like,0.010500000000000002,2,normal,1,0.5,0.020000000000000004,0.07511570000133361,7,2.677874862140205,0.6692585392946404,0.5800989841104455,45,0.27787486214020535,5,0.2,0.07457620000059251,0.0030000000000000066,1.0,0.0933,0.004500000000000001,7,0.03240727017824641,0.045202218198090637,WEIGHTED_SQUARE,0.5,2.4,ok,9,2.7529905621415387,0.025925724637681155,CASE_0,5.819999933009967e-05
0.0,0.002264492753623199,0.015096618357487993,direct_like,0.010500000000000004,2,normal,1,0.5,0.020000000000000004,0.06532489999881363,7,2.617197135622971,0.7576023391812865,0.6692585392946404,45,0.21719713562297116,5,0.2,0.06496120000156225,0.003000000000000005,1.0,0.0933,0.0045,7,0.022651653584527656,0.03240727017824641,WEIGHTED_SQUARE,0.5,2.4,ok,10,2.6825220356217847,0.020264492753623208,CASE_0,3.5400000342633575e-05
0.0,0.054624585616106176,0.36416390410737454,astar_like,0.010500000000000002,11,normal,2,0.5,0.020000000000000004,0.1910664999995788,7,4.978398559658158,0.8688986232790988,0.7576023391812865,45,0.7783985596581585,14,0.2,0.1903956999994989,0.0029999999999999996,1.0,0.0933,0.004500000000000004,7,0.011747947552462322,0.022651653584527656,WEIGHTED_SQUARE,0.5,4.2,ok,11,5.169465059657737,0.07262458561610619,CASE_0,7.980000009411015e-05
0.0,0.025811134397104515,0.17207422931403013,direct_like,0.0105,2,normal,2,0.5,0.09000000000000001,0.09320730000035837,8,2.982112908865,0.0,0.0,45,0.5821129088650003,5,0.2,0.09260020000147051,0.013500000000000007,1.0,0.0933,0.004500000000000004,8,0.5083386213327801,0.5569488861810948,WEIGHTED_SQUARE,0.5,2.4,ok,0,3.0753202088653584,0.05431113439710453,CASE_0,4.0499999158782884e-05
0.0,0.07174069693747606,0.47827131291650704,lshape_or_compressed_astar,0.0105,3,normal,1,0.5,0.09000000000000001,0.17506829999911133,8,3.6743911783223586,0.0,0.0,45,1.0743911783223588,6,0.2,0.174594199997955,0.013500000000000002,1.0,0.0933,0.0045,8,0.46105583987996396,0.5083386213327801,WEIGHTED_SQUARE,0.5,2.6,ok,1,3.84945947832147,0.10024069693747606,CASE_0,4.189999890513718e-05
0.0,0.07468614727877029,0.49790764852513525,lshape_or_compressed_astar,0.010500000000000002,3,normal,2,0.5,0.09000000000000001,0.16783000000214088,8,3.7059608497188674,0.0,0.0,45,1.1059608497188673,6,0.2,0.16717390000121668,0.013499999999999998,1.0,0.0933,0.004500000000000002,8,0.41233341965660003,0.46105583987996396,WEIGHTED_SQUARE,0.5,2.6,ok,2,3.8737908497210083,0.1031861472787703,CASE_0,5.560000136028975e-05
0.0,0.07174069693747621,0.4782713129165081,lshape_or_compressed_astar,0.0105,3,normal,1,0.5,0.06999999999999999,0.1724093000011635,8,3.6422368374863474,0.0,0.0,45,1.0422368374863473,6,0.2,0.17183080000177142,0.010499999999999994,1.0,0.0933,0.004499999999999997,8,0.3751670387483331,0.41233341965660003,WEIGHTED_SQUARE,0.5,2.6,ok,3,3.814646137487511,0.0972406969374762,CASE_0,4.489999992074445e-05
0.0,0.07211815631719319,0.48078770878128796,lshape_or_compressed_astar,0.010500000000000004,3,normal,2,0.5,0.06999999999999999,0.1654151999973692,8,3.646282490002071,0.0,0.0,45,1.0462824900020709,6,0.2,0.16493489999993471,0.010499999999999995,1.0,0.0933,0.004499999999999999,8,0.33768987746597284,0.3751670387483331,WEIGHTED_SQUARE,0.5,2.6,ok,4,3.8116976899994404,0.0976181563171932,CASE_0,6.000000212225132e-05
0.0,0.0698272504961866,0.4655150033079106,lshape_or_compressed_astar,0.0105,3,normal,1,0.5,0.06999999999999999,0.16050800000084564,8,3.62172830113812,0.0,0.0,45,1.02172830113812,6,0.2,0.159922099999676,0.010499999999999995,1.0,0.0933,0.004499999999999997,8,0.3005821926429342,0.33768987746597284,WEIGHTED_SQUARE,0.5,2.6,ok,5,3.7822363011389655,0.0953272504961866,CASE_0,8.399999933317304e-05
0.0,0.07211815631719304,0.48078770878128685,lshape_or_compressed_astar,0.010500000000000004,3,normal,2,0.5,0.06999999999999999,0.16366180000113673,8,3.6462824900020694,0.010283629125891524,0.0,45,1.046282490002069,6,0.2,0.16302189999987604,0.010499999999999997,1.0,0.0933,0.004500000000000002,8,0.2630922729196592,0.3005821926429342,WEIGHTED_SQUARE,0.5,2.6,ok,6,3.809944290003206,0.09761815631719305,CASE_0,7.040000127744861e-05
0.0,0.0698272504961865,0.46551500330791007,lshape_or_compressed_astar,0.010499999999999999,3,normal,1,0.5,0.06999999999999999,0.17118869999831077,8,3.621728301138119,0.03483606557377049,0.010283629125891524,45,1.0217283011381189,6,0.2,0.1706512999990082,0.010499999999999999,1.0,0.0933,0.004499999999999994,8,0.2260895584724789,0.2630922729196592,WEIGHTED_SQUARE,0.5,2.6,ok,7,3.7929170011364297,0.09532725049618648,CASE_0,5.4600001021753997e-05
0.0,0.0721181563171934,0.48078770878128935,lshape_or_compressed_astar,0.0105,3,normal,2,0.5,0.06999999999999999,0.1794555999986187,8,3.646282490002073,0.08021390374331551,0.03483606557377049,45,1.0462824900020729,6,0.2,0.17872820000047795,0.0105,1.0,0.0933,0.0045,8,0.18859512471090956,0.2260895584724789,WEIGHTED_SQUARE,0.5,2.6,ok,8,3.8257380900006916,0.0976181563171934,CASE_0,6.719999873894267e-05
0.0,0.06982725049618652,0.4655150033079101,lshape_or_compressed_astar,0.0105,3,normal,1,0.5,0.06999999999999999,0.17279580000104033,8,3.621728301138119,0.14622104063805544,0.08021390374331551,45,1.021728301138119,6,0.2,0.17227019999700133,0.0105,1.0,0.0933,0.0045,8,0.15182492775663622,0.18859512471090956,WEIGHTED_SQUARE,0.5,2.6,ok,9,3.7945241011391593,0.09532725049618651,CASE_0,5.18000015290454e-05
0.0,0.07211815631719348,0.4807877087812899,lshape_or_compressed_astar,0.010499999999999999,3,normal,2,0.5,0.06999999999999999,0.18710769999961485,8,3.646282490002074,0.24570126372488088,0.14622104063805544,45,1.0462824900020737,6,0.2,0.18662340000082622,0.010499999999999999,1.0,0.0933,0.004499999999999995,8,0.11439486074375721,0.15182492775663622,WEIGHTED_SQUARE,0.5,2.6,ok,10,3.8333901900016887,0.09761815631719346,CASE_0,6.10999995842576e-05
0.0,0.06982725049618657,0.4655150033079105,lshape_or_compressed_astar,0.010500000000000002,3,normal,1,0.5,0.06999999999999999,0.18862240000089514,8,3.62172830113812,0.38918296892980436,0.24570126372488088,45,1.02172830113812,6,0.2,0.18802769999820157,0.010500000000000002,1.0,0.0933,0.004499999999999995,8,0.07843862277457908,0.11439486074375721,WEIGHTED_SQUARE,0.5,2.6,ok,11,3.810350701139015,0.09532725049618658,CASE_0,6.230000144569203e-05
0.0,0.07211815631719315,0.4807877087812877,lshape_or_compressed_astar,0.0105,3,normal,2,0.5,0.06999999999999999,0.1998319000012998,8,3.6462824900020703,0.6196808510638298,0.38918296892980436,45,1.0462824900020702,6,0.2,0.19919340000342345,0.010499999999999994,1.0,0.0933,0.004499999999999997,8,0.04209223856462354,0.07843862277457908,WEIGHTED_SQUARE,0.5,2.6,ok,12,3.84611439000337,0.09761815631719314,CASE_0,7.370000093942508e-05
0.0,0.06982725049618653,0.46551500330791024,lshape_or_compressed_astar,0.010500000000000002,3,normal,1,0.5,0.020000000000000004,0.18586649999997462,8,3.541342449048087,0.7106685633001423,0.6196808510638298,45,0.9413424490480871,6,0.2,0.1852943999983836,0.0029999999999999966,1.0,0.0933,0.004499999999999995,8,0.028570914710767593,0.04209223856462354,WEIGHTED_SQUARE,0.5,2.6,ok,13,3.7272089490480615,0.08782725049618652,CASE_0,6.230000144569203e-05
0.0,0.0022644927536231937,0.015096618357487959,direct_like,0.0105,2,normal,1,0.5,0.020000000000000004,0.055250099998374935,8,2.6171971356229706,0.8084153983885407,0.7106685633001423,45,0.21719713562297088,5,0.2,0.054705400001694215,0.002999999999999994,1.0,0.0933,0.004499999999999993,8,0.017796140065047546,0.028570914710767593,WEIGHTED_SQUARE,0.5,2.4,ok,14,2.6724472356213456,0.020264492753623183,CASE_0,5.990000136080198e-05
0.0,0.0656981789132508,0.43798785942167207,lshape_or_compressed_astar,0.010500000000000006,3,normal,2,0.5,0.020000000000000004,0.17651699999987613,8,3.497086590710084,0.9175094816687737,0.8084153983885407,45,0.8970865907100837,6,0.2,0.17594800000006217,0.0029999999999999966,1.0,0.0933,0.004499999999999995,8,0.009576544955725562,0.017796140065047546,WEIGHTED_SQUARE,0.5,2.6,ok,15,3.67360359070996,0.0836981789132508,CASE_0,9.579999823472463e-05
0.0,0.026207744710062566,0.17471829806708378,direct_like,0.0105,2,normal,1,0.5,0.09000000000000001,0.09436339999956544,9,2.9863638232589773,0.0,0.0,45,0.5863638232589772,5,0.2,0.09370459999990999,0.013500000000000003,1.0,0.0933,0.004499999999999998,9,0.5107877444893422,0.5563044281074543,WEIGHTED_SQUARE,0.5,2.4,ok,0,3.0807272232585428,0.05470774471006257,CASE_0,7.530000220867805e-05
0.0,0.0728985216032054,0.4859901440213693,lshape_or_compressed_astar,0.010499999999999999,3,normal,2,0.5,0.09000000000000001,0.1967532000016945,9,3.686800874632427,0.0,0.0,45,1.0868008746324265,6,0.2,0.1960216000006767,0.013500000000000002,1.0,0.0933,0.004499999999999997,9,0.4609303255990388,0.5107877444893422,WEIGHTED_SQUARE,0.5,2.6,ok,1,3.8835540746341213,0.1013985216032054,CASE_0,8.53000019560568e-05
0.0,0.010190217391304358,0.06793478260869573,direct_like,0.010499999999999999,2,normal,2,0.5,0.06999999999999999,0.17194490000110818,9,2.7825318048371313,0.0,0.0,45,0.38253180483713134,5,0.2,0.1713835000009567,0.010499999999999999,1.0,0.0933,0.004499999999999999,9,0.42563561643599157,0.4609303255990388,WEIGHTED_SQUARE,0.5,2.4,ok,2,2.9544767048382394,0.03569021739130435,CASE_0,7.020000339252874e-05
0.0,0.07213493905137289,0.48089959367581925,lshape_or_compressed_astar,0.010500000000000004,3,normal,1,0.5,0.06999999999999999,0.19873160000133794,9,3.646462369253729,0.0,0.0,45,1.046462369253729,6,0.2,0.1981844000001729,0.010500000000000004,1.0,0.0933,0.004499999999999999,9,0.386992277403151,0.42563561643599157,WEIGHTED_SQUARE,0.5,2.6,ok,3,3.845193969255067,0.09763493905137291,CASE_0,6.0200000007171184e-05
0.0,0.007925724637681155,0.0528381642512077,direct_like,0.010500000000000004,2,normal,1,0.5,0.06999999999999999,0.09416960000089603,9,2.7582607142302376,0.0,0.0,45,0.35826071423023753,5,0.2,0.09345249999751104,0.010500000000000004,1.0,0.0933,0.0045,9,0.3520460757891065,0.386992277403151,WEIGHTED_SQUARE,0.5,2.4,ok,4,2.8524303142311336,0.03342572463768116,CASE_0,0.00010040000051958486
0.0,0.07082838488335089,0.4721892325556726,lshape_or_compressed_astar,0.0105,3,normal,2,0.5,0.06999999999999999,0.20083480000175769,9,3.632458573240631,0.0,0.0,45,1.032458573240631,6,0.2,0.20031770000059623,0.010499999999999995,1.0,0.0933,0.004499999999999999,9,0.3134331094880146,0.3520460757891065,WEIGHTED_SQUARE,0.5,2.6,ok,5,3.833293373242389,0.09632838488335088,CASE_0,4.7900000936351717e-05
0.0,0.007925724637681148,0.05283816425120765,direct_like,0.010500000000000004,2,normal,2,0.5,0.06999999999999999,0.1638201999994635,9,2.7582607142302376,0.0,0.0,45,0.3582607142302374,5,0.2,0.1632424000017636,0.010499999999999995,1.0,0.0933,0.0045,9,0.2795818027764247,0.3134331094880146,WEIGHTED_SQUARE,0.5,2.4,ok,6,2.922080914229701,0.03342572463768115,CASE_0,6.190000203787349e-05
0.0,0.07213493905137273,0.48089959367581825,lshape_or_compressed_astar,0.0105,3,normal,1,0.5,0.06999999999999999,0.18681239999932586,9,3.6464623692537272,0.010051934997487017,0.0,45,1.0464623692537272,6,0.2,0.18628869999884046,0.0105,1.0,0.0933,0.004500000000000001,9,0.24061365289618858,0.2795818027764247,WEIGHTED_SQUARE,0.5,2.6,ok,7,3.833274769253053,0.09763493905137273,CASE_0,6.27999979769811e-05
0.0,0.010162022979325754,0.0677468198621717,direct_like,0.010499999999999997,2,normal,1,0.7,0.06999999999999999,0.08579869999812217,9,2.782229613926321,0.05657093124456049,0.010051934997487017,45,0.382229613926321,5,0.2,0.08543839999765623,0.010499999999999997,1.0,0.0933,0.0045,9,0.2003238034823204,0.24061365289618858,WEIGHTED_SQUARE,0.5,2.4,ok,8,2.868028313924443,0.03566202297932575,CASE_0,3.4599997889017686e-05
0.0,0.010841301316325692,0.07227534210883794,direct_like,0.0105,2,normal,1,0.5,0.06999999999999999,0.07927360000030603,9,2.7895101963164595,0.13209668353007306,0.05657093124456049,45,0.3895101963164597,5,0.2,0.07873869999821181,0.0105,1.0,0.0933,0.004499999999999993,9,0.16080149662608903,0.2003238034823204,WEIGHTED_SQUARE,0.5,2.4,ok,9,2.8687837963167655,0.03634130131632569,CASE_0,6.049999865354039e-05
0.0,0.05805342875327556,0.38702285835517036,astar_like,0.0105,11,normal,2,0.5,0.06999999999999999,0.22900149999986752,9,5.095535142050113,0.22002820874471085,0.13209668353007306,45,0.895535142050113,14,0.2,0.22854650000226684,0.0105,1.0,0.0933,0.004499999999999996,9,0.12806750577081438,0.16080149662608903,WEIGHTED_SQUARE,0.5,4.2,ok,10,5.3245366420499805,0.08355342875327554,CASE_0,4.280000212020241e-05
0.0,0.0684728833663771,0.45648588910918064,lshape_or_compressed_astar,0.010499999999999995,3,normal,1,0.5,0.06999999999999999,0.206103799999255,9,3.6072120403684576,0.3664018161180477,0.22002820874471085,45,1.0072120403684577,6,0.2,0.2056090000005497,0.010499999999999995,1.0,0.0933,0.004500000000000004,9,0.08773454144288347,0.12806750577081438,WEIGHTED_SQUARE,0.5,2.6,ok,11,3.8133158403677125,0.09397288336637709,CASE_0,5.410000085248612e-05
0.0,0.06450614495281515,0.430040966352101,astar_like,0.010500000000000004,11,normal,2,0.7,0.06999999999999999,0.2473234000026423,9,5.164696087382799,0.559207094418362,0.3664018161180477,45,0.964696087382799,14,0.2,0.2467581999990216,0.010499999999999995,1.0,0.0933,0.004499999999999997,9,0.058067385257345464,0.08773454144288347,WEIGHTED_SQUARE,0.5,4.2,ok,12,5.412019487385441,0.09000614495281514,CASE_0,6.120000034570694e-05
0.0,0.05619414298222864,0.3746276198815243,lshape_or_compressed_astar,0.010499999999999992,3,normal,1,0.5,0.020000000000000004,0.21941379999771016,9,3.395221253828817,0.6408508317425688,0.559207094418362,45,0.795221253828817,6,0.2,0.2189018000026408,0.002999999999999991,1.0,0.0933,0.00450000000000001,9,0.043764177908285545,0.058067385257345464,WEIGHTED_SQUARE,0.5,2.6,ok,13,3.614635053826527,0.07419414298222862,CASE_0,5.370000144466758e-05
0.0,0.0022644927536231967,0.01509661835748798,direct_like,0.010500000000000004,2,normal,1,0.5,0.020000000000000004,0.06866810000065016,9,2.617197135622971,0.7395175186674325,0.6408508317425688,45,0.21719713562297108,5,0.2,0.0683059000002686,0.003000000000000003,1.0,0.0933,0.004499999999999999,9,0.0303084530387545,0.043764177908285545,WEIGHTED_SQUARE,0.5,2.4,ok,14,2.6858652356236212,0.0202644927536232,CASE_0,3.769999966607429e-05
0.0,0.006751113051283522,0.04500742034189015,direct_like,0.010500000000000004,2,normal,1,0.3,0.020000000000000004,0.06766910000078497,9,2.6652852417072186,0.8291793313069908,0.7395175186674325,45,0.2652852417072189,5,0.2,0.06704910000189557,0.0030000000000000027,1.0,0.0933,0.004499999999999999,9,0.014263568323721986,0.0303084530387545,WEIGHTED_SQUARE,0.5,2.4,ok,15,2.7329543417080036,0.024751113051283524,CASE_0,5.950000195298344e-05
0.0,0.004003479395604287,0.02668986263736192,direct_like,0.010499999999999995,2,normal,1,0.5,0.020000000000000004,0.0703404000014416,9,2.635835792021482,0.873015873015873,0.8291793313069908,45,0.23583579202148217,5,0.2,0.06997970000156783,0.0030000000000000057,1.0,0.0933,0.004499999999999997,9,0.009137342542038872,0.014263568323721986,WEIGHTED_SQUARE,0.5,2.4,ok,16,2.7061761920229235,0.022003479395604285,CASE_0,4.2599996959324926e-05
0.0,0.02050489952520027,0.13669933016800181,direct_like,0.0105,2,normal,1,0.5,0.09000000000000001,0.09005510000133654,10,2.9252400806559513,0.0,0.0,45,0.5252400806559514,5,0.2,0.08948339999915333,0.0135,1.0,0.0933,0.004499999999999997,10,0.4356180308512647,0.48205340363110527,WEIGHTED_SQUARE,0.5,2.4,ok,0,3.015295180657288,0.04900489952520026,CASE_0,5.509999755304307e-05
0.0,0.06880387558751397,0.4586925039167598,lshape_or_compressed_astar,0.010499999999999999,3,normal,2,0.5,0.06999999999999999,0.19225920000098995,10,3.6107596525992927,0.0,0.0,45,1.0107596525992923,6,0.2,0.1919052000012016,0.010499999999999994,1.0,0.0933,0.004500000000000001,10,0.398168287080281,0.4356180308512647,WEIGHTED_SQUARE,0.5,2.6,ok,1,3.8030188526002826,0.09430387558751396,CASE_0,3.65999985660892e-05
0.0,0.07132259165626287,0.4754839443750859,lshape_or_compressed_astar,0.010499999999999999,3,normal,1,0.5,0.06999999999999999,0.19235400000252412,10,3.637755537580524,0.0,0.0,45,1.0377555375805239,6,0.2,0.1918160999994143,0.010499999999999995,1.0,0.0933,0.004499999999999997,10,0.3631024326302966,0.398168287080281,WEIGHTED_SQUARE,0.5,2.6,ok,2,3.830109537583048,0.09682259165626286,CASE_0,5.859999873791821e-05
0.0,0.06271554460244115,0.418103630682941,lshape_or_compressed_astar,0.010500000000000002,3,normal,2,0.3,0.06999999999999999,0.18390790000194102,10,3.5455042293937957,0.0,0.0,45,0.9455042293937959,6,0.2,0.18267310000010184,0.010499999999999995,1.0,0.0933,0.004499999999999999,10,0.3180463269725313,0.3631024326302966,WEIGHTED_SQUARE,0.5,2.6,ok,3,3.7294121293957367,0.08821554460244115,CASE_0,8.580000212532468e-05
0.0,0.010841301316325675,0.07227534210883783,direct_like,0.010500000000000004,2,normal,2,0.5,0.06999999999999999,0.0664321000003838,10,2.7895101963164595,0.0,0.0,45,0.38951019631645956,5,0.2,0.06577090000064345,0.010499999999999995,1.0,0.0933,0.004499999999999997,10,0.2725709797939216,0.3180463269725313,WEIGHTED_SQUARE,0.5,2.4,ok,4,2.8559422963168433,0.03634130131632567,CASE_0,6.260000009206124e-05
0.0,0.007925724637681162,0.052838164251207756,direct_like,0.010500000000000006,2,normal,2,0.5,0.06999999999999999,0.06226599999718019,10,2.7582607142302376,0.016164337430543862,0.0,45,0.35826071423023753,5,0.2,0.061811700001271674,0.010499999999999997,1.0,0.0933,0.004499999999999998,10,0.23021654431734948,0.2725709797939216,WEIGHTED_SQUARE,0.5,2.4,ok,5,2.8205267142274177,0.03342572463768116,CASE_0,5.120000059832819e-05
0.0,0.007925724637681179,0.05283816425120787,direct_like,0.010499999999999999,2,normal,2,0.5,0.06999999999999999,0.062027399999351474,10,2.7582607142302376,0.07782515991471216,0.016164337430543862,45,0.3582607142302377,5,0.2,0.061281800000870135,0.010499999999999999,1.0,0.0933,0.004499999999999998,10,0.192991001109548,0.23021654431734948,WEIGHTED_SQUARE,0.5,2.4,ok,6,2.820288114229589,0.033425724637681176,CASE_0,7.080000068526715e-05
0.0,0.07657158425327104,0.5104772283551403,lshape_or_compressed_astar,0.010499999999999997,3,normal,1,0.3,0.06999999999999999,0.19566420000046492,10,3.6940148365838272,0.1632219432103535,0.07782515991471216,45,1.094014836583827,6,0.2,0.19519880000007106,0.010499999999999997,1.0,0.0933,0.004499999999999998,10,0.15091887611910187,0.192991001109548,WEIGHTED_SQUARE,0.5,2.6,ok,7,3.889679036584292,0.10207158425327104,CASE_0,5.790000068373047e-05
0.0,0.06439001482255255,0.4292667654836837,lshape_or_compressed_astar,0.010500000000000002,3,normal,2,0.5,0.06999999999999999,0.1751592000000528,10,3.563451391452868,0.31542158147662736,0.1632219432103535,45,0.9634513914528677,6,0.2,0.17464210000252933,0.010499999999999995,1.0,0.0933,0.0045,10,0.10144589464292944,0.15091887611910187,WEIGHTED_SQUARE,0.5,2.6,ok,8,3.738610591452921,0.08989001482255256,CASE_0,5.709999823011458e-05
0.0,0.007925724637681176,0.05283816425120783,direct_like,0.010499999999999999,2,normal,2,0.5,0.06999999999999999,0.0710092999979679,10,2.7582607142302376,0.5044798407167745,0.31542158147662736,45,0.3582607142302377,5,0.2,0.07044689999747789,0.010500000000000002,1.0,0.0933,0.0045,10,0.05815247027369754,0.10144589464292944,WEIGHTED_SQUARE,0.5,2.4,ok,9,2.8292700142282055,0.033425724637681176,CASE_0,5.889999738428742e-05
0.0,0.06558370983597711,0.4372247322398473,astar_like,0.010500000000000008,15,normal,1,0.3,0.020000000000000004,0.22324769999977434,10,5.895859698134803,0.5844940867279895,0.5044798407167745,45,0.8958596981348032,18,0.2,0.22253959999943618,0.003,1.0,0.0933,0.0045,10,0.04665395474917165,0.05815247027369754,WEIGHTED_SQUARE,0.5,5.0,ok,10,6.119107398134577,0.08358370983597713,CASE_0,8.290000187116675e-05
0.0,0.05730428405103126,0.3820285603402084,astar_like,0.010499999999999999,11,normal,2,0.5,0.020000000000000004,0.16636280000238912,10,5.0071198719295955,0.6684195959036812,0.5844940867279895,45,0.8071198719295956,14,0.2,0.16559979999874486,0.0030000000000000035,1.0,0.0933,0.004499999999999998,10,0.034057446245724377,0.04665395474917165,WEIGHTED_SQUARE,0.5,4.2,ok,11,5.173482671931985,0.07530428405103126,CASE_0,5.779999992228113e-05
0.0,0.0022644927536232106,0.015096618357488073,direct_like,0.010499999999999999,2,normal,2,0.5,0.020000000000000004,0.0639744999971299,10,2.617197135622971,0.757946923301254,0.6684195959036812,45,0.2171971356229712,5,0.2,0.06325070000093547,0.0030000000000000035,1.0,0.0933,0.004499999999999998,10,0.024483885508005218,0.034057446245724377,WEIGHTED_SQUARE,0.5,2.4,ok,12,2.681171635620101,0.02026449275362321,CASE_0,0.00011979999908362515
0.0,0.05482726351785751,0.36551509011905015,astar_like,0.010500000000000002,13,normal,1,0.5,0.020000000000000004,0.19453240000075311,10,5.380570884435771,0.8570548367221196,0.757946923301254,45,0.7805708844357718,16,0.2,0.19404690000010305,0.003000000000000005,1.0,0.0933,0.0045,10,0.013653850753686666,0.024483885508005218,WEIGHTED_SQUARE,0.5,4.6,ok,13,5.5751032844365245,0.07282726351785751,CASE_0,5.5800002883188426e-05
0.0,0.03007263347320269,0.20048422315468462,direct_like,0.010499999999999999,2,normal,1,0.5,0.09000000000000001,0.0911655999989307,11,3.0277881401200717,0.0,0.0,45,0.6277881401200718,5,0.2,0.09061970000038855,0.013500000000000002,1.0,0.0933,0.0045000000000000005,11,0.4120153069502024,0.46300543658074594,WEIGHTED_SQUARE,0.5,2.4,ok,0,3.1189537401190024,0.0585726334732027,CASE_0,6.10999995842576e-05
0.0,0.010190217391304355,0.06793478260869569,direct_like,0.0105,2,normal,1,0.5,0.06999999999999999,0.09212459999980638,11,2.7825318048371313,0.0,0.0,45,0.3825318048371313,5,0.2,0.09175280000272323,0.010499999999999994,1.0,0.0933,0.0045,11,0.37606682480463427,0.4120153069502024,WEIGHTED_SQUARE,0.5,2.4,ok,1,2.8746564048369376,0.035690217391304346,CASE_0,3.5000000934815034e-05
0.0,0.07084655107330065,0.472310340488671,lshape_or_compressed_astar,0.0105,3,normal,2,0.5,0.06999999999999999,0.18982850000247709,11,3.6326532805284097,0.0,0.0,45,1.0326532805284099,6,0.2,0.18927830000029644,0.010499999999999997,1.0,0.0933,0.0045,11,0.33841050255807126,0.37606682480463427,WEIGHTED_SQUARE,0.5,2.6,ok,2,3.822481780530887,0.09634655107330065,CASE_0,6.130000110715628e-05
0.0,0.0721322540178935,0.48088169345262327,lshape_or_compressed_astar,0.010500000000000002,3,normal,1,0.5,0.06999999999999999,0.180877299997519,11,3.646433590759845,0.0,0.0,45,1.046433590759845,6,0.2,0.18022869999913382,0.010500000000000002,1.0,0.0933,0.004499999999999999,11,0.30291370588925826,0.33841050255807126,WEIGHTED_SQUARE,0.5,2.6,ok,3,3.827310890757364,0.09763225401789352,CASE_0,6.150000263005495e-05
0.0,0.07084655107330076,0.47231034048867176,lshape_or_compressed_astar,0.010499999999999999,3,normal,2,0.5,0.06999999999999999,0.18894860000000335,11,3.6326532805284115,0.00016564518800728838,0.0,45,1.0326532805284112,6,0.2,0.18842120000044815,0.010499999999999999,1.0,0.0933,0.0045000000000000005,11,0.2654607783936036,0.30291370588925826,WEIGHTED_SQUARE,0.5,2.6,ok,4,3.821601880528415,0.09634655107330076,CASE_0,5.120000059832819e-05
0.0,0.07213225401789342,0.48088169345262277,lshape_or_compressed_astar,0.0105,3,normal,1,0.5,0.06999999999999999,0.18073139999978594,11,3.6464335907598437,0.02408412483039349,0.00016564518800728838,45,1.0464335907598437,6,0.2,0.18017340000005788,0.010499999999999997,1.0,0.0933,0.004500000000000001,11,0.2307396139146669,0.2654607783936036,WEIGHTED_SQUARE,0.5,2.6,ok,5,3.8271649907596297,0.09763225401789341,CASE_0,5.2999999752501026e-05
0.0,0.07666973978220716,0.5111315985480478,lshape_or_compressed_astar,0.010499999999999999,3,normal,2,0.7,0.06999999999999999,0.19242120000126306,11,3.6950668786946106,0.07005347593582888,0.02408412483039349,45,1.0950668786946105,6,0.2,0.1904687999995076,0.010499999999999999,1.0,0.0933,0.004500000000000001,11,0.18509883598489377,0.2307396139146669,WEIGHTED_SQUARE,0.5,2.6,ok,6,3.8874880786958737,0.10216973978220716,CASE_0,0.00028699999893433414
0.0,0.06445072111278936,0.4296714740852624,lshape_or_compressed_astar,0.010499999999999997,3,normal,1,0.5,0.06999999999999999,0.20395920000009937,11,3.5641020483685892,0.18866060845515606,0.07005347593582888,45,0.9641020483685891,6,0.2,0.20340140000189422,0.010499999999999997,1.0,0.0933,0.0045000000000000005,11,0.13831719375695725,0.18509883598489377,WEIGHTED_SQUARE,0.5,2.6,ok,7,3.7680612483686886,0.08995072111278936,CASE_0,5.4299998737405986e-05
0.0,0.007925724637681155,0.0528381642512077,direct_like,0.010499999999999997,2,normal,1,0.5,0.06999999999999999,0.07246310000118683,11,2.7582607142302376,0.31934065934065936,0.18866060845515606,45,0.3582607142302374,5,0.2,0.07180919999882462,0.010499999999999997,1.0,0.0933,0.0045000000000000005,11,0.09780050027489148,0.13831719375695725,WEIGHTED_SQUARE,0.5,2.4,ok,8,2.8307238142314244,0.03342572463768115,CASE_0,7.869999899412505e-05
0.0,0.06457128429093878,0.43047522860625853,astar_like,0.010500000000000004,11,normal,2,0.7,0.06999999999999999,0.23461300000053598,11,5.165394258209419,0.5139664804469274,0.31934065934065936,45,0.9653942582094192,14,0.2,0.23400399999809451,0.010500000000000004,1.0,0.0933,0.004500000000000004,11,0.06667936652122519,0.09780050027489148,WEIGHTED_SQUARE,0.5,4.2,ok,9,5.400007258209955,0.0900712842909388,CASE_0,4.70000013592653e-05
0.0,0.056238987238938914,0.37492658159292613,lshape_or_compressed_astar,0.0105,3,normal,1,0.5,0.06999999999999999,0.2118080000000191,11,3.476087751757116,0.837287104622871,0.5139664804469274,45,0.876087751757116,6,0.2,0.21126770000046236,0.010499999999999989,1.0,0.0933,0.004499999999999997,11,0.018106534359435187,0.06667936652122519,WEIGHTED_SQUARE,0.5,2.6,ok,10,3.687895751757135,0.08173898723893891,CASE_0,5.819999933009967e-05
0.0,0.010162022979325658,0.06774681986217106,direct_like,0.0105,2,normal,1,0.3,0.020000000000000004,0.08148690000234637,11,2.7018437618362876,0.9361290322580645,0.837287104622871,45,0.30184376183628786,5,0.2,0.08091309999872465,0.003000000000000002,1.0,0.0933,0.004499999999999997,11,0.007055797564825803,0.018106534359435187,WEIGHTED_SQUARE,0.5,2.4,ok,11,2.783330661838634,0.028162022979325657,CASE_0,3.4599997889017686e-05
0.0,0.021487907003953546,0.1432527133596903,direct_like,0.010500000000000002,2,normal,2,0.5,0.09000000000000001,0.08590859999821987,12,2.935776066494679,0.0,0.0,45,0.5357760664946791,5,0.2,0.08534829999916838,0.013500000000000005,1.0,0.0933,0.0045000000000000005,12,0.3951625779693905,0.4477801279838248,WEIGHTED_SQUARE,0.5,2.4,ok,0,3.0216846664928987,0.04998790700395356,CASE_0,6.180000127642415e-05
0.0,0.010190217391304338,0.06793478260869559,direct_like,0.010500000000000002,2,normal,2,0.5,0.06999999999999999,0.09345480000047246,12,2.7825318048371313,0.0,0.0,45,0.38253180483713123,5,0.2,0.09308249999958207,0.010500000000000002,1.0,0.0933,0.004499999999999996,12,0.35782348713414125,0.3951625779693905,WEIGHTED_SQUARE,0.5,2.4,ok,1,2.8759866048376037,0.03569021739130434,CASE_0,4.220000118948519e-05
0.0,0.0675720442566297,0.45048029504419806,lshape_or_compressed_astar,0.010499999999999999,3,normal,1,0.5,0.06999999999999999,0.1681270000008226,12,3.5975567444440486,0.0,0.0,45,0.9975567444440483,6,0.2,0.16736809999929392,0.010499999999999997,1.0,0.0933,0.004499999999999999,12,0.32065956718494826,0.35782348713414125,WEIGHTED_SQUARE,0.5,2.6,ok,2,3.765683744444871,0.0930720442566297,CASE_0,8.099999831756577e-05
0.0,0.07147138447387476,0.4764758964924984,lshape_or_compressed_astar,0.010499999999999997,3,normal,2,0.5,0.06999999999999999,0.16923879999740166,12,3.6393503159043386,0.0023325558147284237,0.0,45,1.0393503159043382,6,0.2,0.16857189999791444,0.010499999999999997,1.0,0.0933,0.0045000000000000005,12,0.28335555612456287,0.32065956718494826,WEIGHTED_SQUARE,0.5,2.6,ok,3,3.80858911590174,0.09697138447387475,CASE_0,6.639999992330559e-05
0.0,0.06757204425662959,0.4504802950441973,lshape_or_compressed_astar,0.010500000000000002,3,normal,1,0.5,0.06999999999999999,0.17977949999840348,12,3.597556744444047,0.01237044466733534,0.0023325558147284237,45,0.997556744444047,6,0.2,0.17906890000085696,0.010499999999999999,1.0,0.0933,0.004499999999999995,12,0.2462907300617351,0.28335555612456287,WEIGHTED_SQUARE,0.5,2.6,ok,4,3.7773362444424503,0.09307204425662957,CASE_0,8.460000026389025e-05
0.0,0.07147138447387512,0.4764758964925008,lshape_or_compressed_astar,0.010499999999999995,3,normal,2,0.5,0.06999999999999999,0.19174610000118264,12,3.639350315904342,0.05374847799617325,0.01237044466733534,45,1.039350315904342,6,0.2,0.1912494999996852,0.010499999999999995,1.0,0.0933,0.004499999999999996,12,0.20907026425049396,0.2462907300617351,WEIGHTED_SQUARE,0.5,2.6,ok,5,3.8310964159055247,0.0969713844738751,CASE_0,4.70000013592653e-05
0.0,0.0675720442566296,0.4504802950441974,lshape_or_compressed_astar,0.010500000000000002,3,normal,1,0.5,0.06999999999999999,0.18699990000095568,12,3.5975567444440473,0.10712333758425943,0.05374847799617325,45,0.9975567444440472,6,0.2,0.18664279999939026,0.010499999999999994,1.0,0.0933,0.0044999999999999945,12,0.17223025574220213,0.20907026425049396,WEIGHTED_SQUARE,0.5,2.6,ok,6,3.784556644445003,0.0930720442566296,CASE_0,3.479999941191636e-05
0.0,0.0714713844738749,0.47647589649249933,lshape_or_compressed_astar,0.0105,3,normal,2,0.5,0.06999999999999999,0.19568119999894407,12,3.63935031590434,0.18745082612116443,0.10712333758425943,45,1.0393503159043398,6,0.2,0.19506860000183224,0.0105,1.0,0.0933,0.004500000000000003,12,0.13526714065831336,0.17223025574220213,WEIGHTED_SQUARE,0.5,2.6,ok,7,3.835031515903284,0.09697138447387489,CASE_0,5.8900001022266224e-05
0.0,0.06757204425662966,0.4504802950441977,lshape_or_compressed_astar,0.010499999999999999,3,normal,1,0.5,0.06999999999999999,0.20075019999785582,12,3.5975567444440477,0.3091345105733595,0.18745082612116443,45,0.9975567444440478,6,0.2,0.20002490000115358,0.010499999999999999,1.0,0.0933,0.004500000000000003,12,0.0991823583083197,0.13526714065831336,WEIGHTED_SQUARE,0.5,2.6,ok,8,3.7983069444419035,0.09307204425662965,CASE_0,6.740000026184134e-05
0.0,0.07147138447387516,0.4764758964925011,lshape_or_compressed_astar,0.010499999999999999,3,normal,2,0.5,0.06999999999999999,0.18819520000033663,12,3.6393503159043425,0.47859065329092243,0.3091345105733595,45,1.0393503159043425,6,0.2,0.18758859999798005,0.010499999999999999,1.0,0.0933,0.0044999999999999945,12,0.06366874672719129,0.0991823583083197,WEIGHTED_SQUARE,0.5,2.6,ok,9,3.827545515904679,0.09697138447387514,CASE_0,6.149999899207614e-05
0.0,0.0620542110550249,0.41369474036683274,astar_like,0.0105,8,normal,1,0.3,0.020000000000000004,0.19432049999886658,12,4.458030129207127,0.5475823045267489,0.47859065329092243,45,0.8580301292071265,11,0.2,0.19383919999745558,0.0030000000000000057,1.0,0.0933,0.004500000000000002,12,0.04862927330357797,0.06366874672719129,WEIGHTED_SQUARE,0.5,3.6,ok,10,4.652350629205993,0.0800542110550249,CASE_0,4.8499998229090124e-05
0.0,0.00400347939560434,0.02668986263736227,direct_like,0.010499999999999995,2,normal,1,0.5,0.020000000000000004,0.06489950000104727,12,2.6358357920214828,0.6301815226225955,0.5475823045267489,45,0.23583579202148278,5,0.2,0.06431099999826984,0.002999999999999999,1.0,0.0933,0.004500000000000003,12,0.03898138731493349,0.04862927330357797,WEIGHTED_SQUARE,0.5,2.4,ok,11,2.70073529202253,0.02200347939560434,CASE_0,8.030000026337802e-05
0.0,0.06287317490409124,0.4191544993606083,lshape_or_compressed_astar,0.0105,3,normal,2,0.5,0.020000000000000004,0.17107130000295,12,3.466807876785544,0.7100875953659226,0.6301815226225955,45,0.8668078767855437,6,0.2,0.17067899999892688,0.002999999999999993,1.0,0.0933,0.004499999999999998,12,0.02792545562370821,0.03898138731493349,WEIGHTED_SQUARE,0.5,2.6,ok,12,3.637879176788494,0.08087317490409122,CASE_0,4.1700001020217314e-05
0.0,0.05965279518719084,0.39768530124793894,astar_like,0.010500000000000006,8,normal,1,0.3,0.020000000000000004,0.1846488999981375,12,4.432291481106011,0.812462372065021,0.7100875953659226,45,0.8322914811060114,11,0.2,0.1840303999997559,0.003000000000000001,1.0,0.0933,0.004499999999999998,12,0.017807884463469197,0.02792545562370821,WEIGHTED_SQUARE,0.5,3.6,ok,13,4.616940381104149,0.07765279518719086,CASE_0,4.1700001020217314e-05
0.0,0.0557141399438336,0.37142759962555727,astar_like,0.010499999999999999,7,normal,2,0.5,0.020000000000000004,0.16783810000197263,12,4.190076526729192,0.938267614738203,0.812462372065021,45,0.7900765267291919,10,0.2,0.16735059999700752,0.0030000000000000074,1.0,0.0933,0.0045,12,0.0046547289981463316,0.017807884463469197,WEIGHTED_SQUARE,0.5,3.4000000000000004,ok,14,4.357914626731165,0.0737141399438336,CASE_0,5.690000034519471e-05
0.0,0.03165656161345505,0.21104374408970036,direct_like,0.0105,2,normal,1,0.5,0.09000000000000001,0.10209670000040205,13,3.044764861880547,0.0,0.0,45,0.6447648618805473,5,0.2,0.10135129999980563,0.013500000000000003,1.0,0.0933,0.004499999999999998,13,0.32461537896941683,0.38249390397759514,WEIGHTED_SQUARE,0.5,2.4,ok,0,3.1468615618809492,0.060156561613455055,CASE_0,6.009999924572185e-05
0.0,0.010190217391304355,0.06793478260869569,direct_like,0.0105,2,normal,1,0.5,0.06999999999999999,0.07336030000078608,13,2.7825318048371313,0.0,0.0,45,0.38253180483713134,5,0.2,0.07270970000172383,0.0105,1.0,0.0933,0.004499999999999998,13,0.28269378246960053,0.32461537896941683,WEIGHTED_SQUARE,0.5,2.4,ok,1,2.8558921048379173,0.03569021739130435,CASE_0,8.100000195554458e-05
0.0,0.007925724637681162,0.05283816425120774,direct_like,0.010499999999999999,2,normal,1,0.5,0.06999999999999999,0.06896520000009332,13,2.7582607142302376,0.011384563870751716,0.0,45,0.35826071423023753,5,0.2,0.06859690000055707,0.010499999999999999,1.0,0.0933,0.0045000000000000005,13,0.2450040245169231,0.28269378246960053,WEIGHTED_SQUARE,0.5,2.4,ok,2,2.827225914230331,0.03342572463768116,CASE_0,3.5400000342633575e-05
0.0,0.06756507632578432,0.4504338421718955,lshape_or_compressed_astar,0.010500000000000004,3,normal,2,0.5,0.06999999999999999,0.18696800000179792,13,3.597482061369607,0.03651011312992801,0.011384563870751716,45,0.997482061369607,6,0.2,0.1864370000002964,0.010499999999999995,1.0,0.0933,0.004499999999999998,13,0.2100015362642409,0.2450040245169231,WEIGHTED_SQUARE,0.5,2.6,ok,3,3.784450061371405,0.09306507632578433,CASE_0,5.5999997130129486e-05
0.0,0.07146864200439143,0.47645761336260956,lshape_or_compressed_astar,0.010499999999999999,3,normal,1,0.5,0.06999999999999999,0.19579570000132662,13,3.6393209218048383,0.11383311843801805,0.03651011312992801,45,1.0393209218048383,6,0.2,0.19509710000056657,0.010499999999999999,1.0,0.0933,0.004499999999999996,13,0.1725007913073992,0.2100015362642409,WEIGHTED_SQUARE,0.5,2.6,ok,4,3.835116621806165,0.09696864200439141,CASE_0,5.989999772282317e-05
0.0,0.0625831829017877,0.4172212193452514,astar_like,0.010499999999999999,8,normal,2,0.7,0.06999999999999999,0.2018263999998453,13,4.5440855616483145,0.21842586943258085,0.11383311843801805,45,0.944085561648314,11,0.2,0.20134930000131135,0.010499999999999999,1.0,0.0933,0.004500000000000002,13,0.13095042670597162,0.1725007913073992,WEIGHTED_SQUARE,0.5,3.6,ok,5,4.74591196164816,0.0880831829017877,CASE_0,5.860000237589702e-05
0.0,0.061431438603213734,0.4095429240214249,lshape_or_compressed_astar,0.0105,3,normal,1,0.5,0.06999999999999999,0.20675760000085575,13,3.5317410354042202,0.392466868170193,0.21842586943258085,45,0.93174103540422,6,0.2,0.20626669999910519,0.0105,1.0,0.0933,0.004500000000000001,13,0.08090549396782994,0.13095042670597162,WEIGHTED_SQUARE,0.5,2.6,ok,6,3.738498635405076,0.08693143860321373,CASE_0,6.10999995842576e-05
0.0,0.007925724637681144,0.052838164251207624,direct_like,0.010500000000000002,2,normal,1,0.5,0.06999999999999999,0.07496449999962351,13,2.758260714230237,0.6307775965198478,0.392466868170193,45,0.3582607142302373,5,0.2,0.07447559999855002,0.010500000000000002,1.0,0.0933,0.004499999999999992,13,0.03901079059144337,0.08090549396782994,WEIGHTED_SQUARE,0.5,2.4,ok,7,2.8332252142298606,0.03342572463768114,CASE_0,5.0499998906161636e-05
0.0,0.06626026402740406,0.44173509351602713,astar_like,0.0105,19,normal,2,0.7,0.020000000000000004,0.22929210000074818,13,6.703111082823195,0.724416258287691,0.6307775965198478,45,0.9031110828231947,22,0.2,0.22866579999754322,0.0030000000000000035,1.0,0.0933,0.004500000000000004,13,0.026138162782347867,0.03901079059144337,WEIGHTED_SQUARE,0.5,5.800000000000001,ok,8,6.932403182823943,0.08426026402740407,CASE_0,5.880000026081689e-05
0.0,0.05909069917561259,0.39393799450408395,astar_like,0.010499999999999997,13,normal,1,0.5,0.020000000000000004,0.17905339999924763,13,5.426266872193061,0.8287022900763359,0.724416258287691,45,0.826266872193061,16,0.2,0.17856120000215014,0.0029999999999999996,1.0,0.0933,0.004499999999999997,13,0.015223635971925525,0.026138162782347867,WEIGHTED_SQUARE,0.5,4.6,ok,9,5.6053202721923086,0.07709069917561259,CASE_0,3.310000101919286e-05
0.0,0.055991254589238704,0.3732750305949248,astar_like,0.010499999999999999,13,normal,2,0.5,0.020000000000000004,0.17879959999845596,13,5.3930466729821935,0.9184852374839538,0.8287022900763359,45,0.793046672982194,16,0.2,0.17820620000202325,0.0029999999999999944,1.0,0.0933,0.004500000000000004,13,0.007871701432067385,0.015223635971925525,WEIGHTED_SQUARE,0.5,4.6,ok,10,5.5718462729806495,0.07399125458923869,CASE_0,6.299999949987978e-05
0.0,0.02500320302680202,0.16668802017868015,direct_like,0.010500000000000002,2,normal,1,0.5,0.09000000000000001,0.09219959999973071,14,2.9734534086473956,0.0,0.0,45,0.5734534086473958,5,0.2,0.091525100000581,0.013500000000000005,1.0,0.0933,0.004499999999999996,14,0.49718460627008726,0.5492531832965203,WEIGHTED_SQUARE,0.5,2.4,ok,0,3.0656530086471263,0.053503203026802025,CASE_0,4.9700000090524554e-05
0.0,0.010190217391304353,0.06793478260869569,direct_like,0.010500000000000002,2,normal,1,0.5,0.09000000000000001,0.09545100000104867,14,2.8146861456731442,0.0,0.0,45,0.41468614567314416,5,0.2,0.09491659999912372,0.013499999999999998,1.0,0.0933,0.004499999999999999,14,0.4493732051651791,0.49718460627008726,WEIGHTED_SQUARE,0.5,2.4,ok,1,2.910137145674193,0.03869021739130435,CASE_0,3.590000051190145e-05
0.0,0.07137362390454861,0.47582415936365746,lshape_or_compressed_astar,0.0105,3,normal,2,0.5,0.06999999999999999,0.16473279999991064,14,3.638302507015527,0.0,0.0,45,1.0383025070155265,6,0.2,0.16419460000179242,0.010500000000000002,1.0,0.0933,0.004499999999999998,14,0.41146272921987764,0.4493732051651791,WEIGHTED_SQUARE,0.5,2.6,ok,2,3.8030353070154375,0.09687362390454862,CASE_0,5.579999924520962e-05
0.0,0.0720642362972732,0.4804282419818213,lshape_or_compressed_astar,0.010499999999999997,3,normal,1,0.5,0.06999999999999999,0.1645338999987871,14,3.6457045691026067,0.0,0.0,45,1.0457045691026066,6,0.2,0.16382579999844893,0.010499999999999997,1.0,0.0933,0.004499999999999996,14,0.37481153858915395,0.41146272921987764,WEIGHTED_SQUARE,0.5,2.6,ok,3,3.8102384691013937,0.09756423629727318,CASE_0,5.32000012753997e-05
0.0,0.0695045240403788,0.46336349360252527,lshape_or_compressed_astar,0.010499999999999999,3,normal,2,0.5,0.06999999999999999,0.16043419999914477,14,3.618269282319172,0.0,0.0,45,1.0182692823191724,6,0.2,0.15990229999806616,0.010499999999999999,1.0,0.0933,0.004499999999999996,14,0.3367977586358886,0.37481153858915395,WEIGHTED_SQUARE,0.5,2.6,ok,4,3.778703482318317,0.09500452404037878,CASE_0,5.7999997807201e-05
0.0,0.07206423629727332,0.48042824198182216,lshape_or_compressed_astar,0.0105,3,normal,1,0.5,0.06999999999999999,0.16974950000076205,14,3.645704569102608,0.0,0.0,45,1.045704569102608,6,0.2,0.1692652999990969,0.0105,1.0,0.0933,0.0045000000000000005,14,0.3003307953047623,0.3367977586358886,WEIGHTED_SQUARE,0.5,2.6,ok,5,3.81545406910337,0.09756423629727332,CASE_0,6.600000051548705e-05
0.0,0.06950452404037895,0.4633634936025263,lshape_or_compressed_astar,0.010499999999999999,3,normal,2,0.5,0.06999999999999999,0.16699530000187224,14,3.618269282319174,0.010610079575596816,0.0,45,1.0182692823191741,6,0.2,0.1664898999988509,0.010499999999999999,1.0,0.0933,0.0045,14,0.26216667354097534,0.3003307953047623,WEIGHTED_SQUARE,0.5,2.6,ok,6,3.7852645823210462,0.09500452404037894,CASE_0,4.859999899053946e-05
0.0,0.07206423629727324,0.48042824198182155,lshape_or_compressed_astar,0.010499999999999995,3,normal,1,0.5,0.06999999999999999,0.16705419999925653,14,3.645704569102607,0.030620876332261883,0.010610079575596816,45,1.045704569102607,6,0.2,0.16638679999960004,0.010499999999999995,1.0,0.0933,0.004499999999999998,14,0.22601099324868232,0.26216667354097534,WEIGHTED_SQUARE,0.5,2.6,ok,7,3.8127587691018636,0.09756423629727323,CASE_0,5.149999924469739e-05
0.0,0.06950452404037893,0.4633634936025262,lshape_or_compressed_astar,0.010500000000000006,3,normal,2,0.5,0.06999999999999999,0.18124660000103177,14,3.618269282319174,0.08296243546377069,0.030620876332261883,45,1.0182692823191741,6,0.2,0.18070950000037556,0.010499999999999997,1.0,0.0933,0.004500000000000003,14,0.18760989516824741,0.22601099324868232,WEIGHTED_SQUARE,0.5,2.6,ok,8,3.7995158823202058,0.09500452404037894,CASE_0,5.819999933009967e-05
0.0,0.07206423629727318,0.4804282419818212,lshape_or_compressed_astar,0.010500000000000002,3,normal,1,0.5,0.06999999999999999,0.17037820000041393,14,3.6457045691026067,0.1466414380321665,0.08296243546377069,45,1.0457045691026066,6,0.2,0.1697807999989891,0.010500000000000002,1.0,0.0933,0.0044999999999999945,14,0.1520882917179342,0.18760989516824741,WEIGHTED_SQUARE,0.5,2.6,ok,9,3.8160827691030206,0.09756423629727319,CASE_0,5.439999949885532e-05
0.0,0.0695045240403793,0.4633634936025287,lshape_or_compressed_astar,0.010499999999999997,3,normal,2,0.5,0.06999999999999999,0.18064640000011423,14,3.618269282319178,0.24927953890489912,0.1466414380321665,45,1.018269282319178,6,0.2,0.1801889000016672,0.010499999999999997,1.0,0.0933,0.0045,14,0.11327408436903517,0.1520882917179342,WEIGHTED_SQUARE,0.5,2.6,ok,10,3.798915682319292,0.09500452404037929,CASE_0,9.869999848888256e-05
0.0,0.07206423629727318,0.4804282419818212,lshape_or_compressed_astar,0.010499999999999997,3,normal,1,0.5,0.06999999999999999,0.19414259999757633,14,3.6457045691026067,0.3954932168314555,0.24927953890489912,45,1.0457045691026066,6,0.2,0.19362540000292938,0.010499999999999997,1.0,0.0933,0.0045,14,0.07967781956569381,0.11327408436903517,WEIGHTED_SQUARE,0.5,2.6,ok,11,3.839847169100183,0.09756423629727318,CASE_0,6.919999941601418e-05
0.0,0.0695045240403789,0.46336349360252604,lshape_or_compressed_astar,0.010500000000000006,3,normal,2,0.5,0.06999999999999999,0.18080510000072536,14,3.618269282319174,0.6221394358701436,0.3954932168314555,45,1.018269282319174,6,0.2,0.18025420000049053,0.010500000000000006,1.0,0.0933,0.0044999999999999945,14,0.04040490424183498,0.07967781956569381,WEIGHTED_SQUARE,0.5,2.6,ok,12,3.7990743823198994,0.09500452404037892,CASE_0,5.459999738377519e-05
0.0,0.07206423629727318,0.4804282419818212,lshape_or_compressed_astar,0.010500000000000006,3,normal,1,0.5,0.020000000000000004,0.19867190000150003,14,3.5653187170125746,0.7100591715976331,0.6221394358701436,45,0.9653187170125744,6,0.2,0.1982121000000916,0.002999999999999996,1.0,0.0933,0.0044999999999999945,14,0.02834664874383054,0.04040490424183498,WEIGHTED_SQUARE,0.5,2.6,ok,13,3.7639906170140747,0.09006423629727318,CASE_0,5.990000136080198e-05
0.0,0.00675111305128358,0.045007420341890536,direct_like,0.010500000000000006,2,normal,1,0.3,0.020000000000000004,0.06867399999828194,14,2.6652852417072195,0.8108430145963658,0.7100591715976331,45,0.2652852417072195,5,0.2,0.06813790000160225,0.002999999999999996,1.0,0.0933,0.0044999999999999945,14,0.01887889429761954,0.02834664874383054,WEIGHTED_SQUARE,0.5,2.4,ok,14,2.7339592417055014,0.024751113051283576,CASE_0,5.339999916031957e-05
0.0,0.06933491412306,0.46223276082040005,lshape_or_compressed_astar,0.010499999999999997,3,normal,2,0.5,0.020000000000000004,0.17637029999968945,14,3.536065531865595,0.94528,0.8108430145963658,45,0.9360655318655949,6,0.2,0.17593199999828357,0.003000000000000002,1.0,0.0933,0.004500000000000002,14,0.004797161734763552,0.01887889429761954,WEIGHTED_SQUARE,0.5,2.6,ok,15,3.7124358318652844,0.08733491412306,CASE_0,4.030000127386302e-05
0.0,0.03212139355196421,0.2141426236797614,direct_like,0.010500000000000002,2,normal,2,0.5,0.09000000000000001,0.09411249999902793,15,3.0497469834079762,0.0,0.0,45,0.6497469834079765,5,0.2,0.09355219999997644,0.013499999999999996,1.0,0.0933,0.004499999999999999,15,0.3762906328208019,0.43189962845988344,WEIGHTED_SQUARE,0.5,2.4,ok,0,3.143859483407004,0.060621393551964206,CASE_0,5.709999823011458e-05
0.0,0.01019021739130434,0.06793478260869559,direct_like,0.0105,2,normal,2,0.5,0.06999999999999999,0.06780470000012428,15,2.7825318048371313,0.0,0.0,45,0.38253180483713123,5,0.2,0.06736820000151056,0.0105,1.0,0.0933,0.004499999999999997,15,0.33617939018469867,0.3762906328208019,WEIGHTED_SQUARE,0.5,2.4,ok,1,2.8503365048372555,0.03569021739130434,CASE_0,5.0900001951958984e-05
0.0,0.00792572463768117,0.05283816425120781,direct_like,0.010500000000000002,2,normal,2,0.5,0.06999999999999999,0.07289379999929224,15,2.7582607142302376,0.0,0.0,45,0.3582607142302377,5,0.2,0.0722682999985409,0.010500000000000002,1.0,0.0933,0.004499999999999999,15,0.30003113756758953,0.33617939018469867,WEIGHTED_SQUARE,0.5,2.4,ok,2,2.83115451422953,0.033425724637681176,CASE_0,6.120000034570694e-05
0.0,0.07018677949258112,0.4679118632838742,lshape_or_compressed_astar,0.010500000000000002,3,normal,1,0.5,0.06999999999999999,0.1874915999978839,15,3.6255817737682867,0.0,0.0,45,1.0255817737682866,6,0.2,0.18698769999900833,0.010499999999999994,1.0,0.0933,0.0045,15,0.26244562786084086,0.30003113756758953,WEIGHTED_SQUARE,0.5,2.6,ok,3,3.8130733737661706,0.09568677949258113,CASE_0,4.660000195144676e-05
0.0,0.07215479096342838,0.4810319397561892,lshape_or_compressed_astar,0.010499999999999999,3,normal,2,0.5,0.06999999999999999,0.18452400000023772,15,3.646675144302555,0.03403096818104475,0.0,45,1.0466751443025548,6,0.2,0.18401240000093821,0.010499999999999999,1.0,0.0933,0.004499999999999996,15,0.22682831531737419,0.26244562786084086,WEIGHTED_SQUARE,0.5,2.6,ok,4,3.8311991443027926,0.09765479096342836,CASE_0,5.4200001613935456e-05
0.0,0.07018677949258112,0.46791186328387413,lshape_or_compressed_astar,0.010500000000000002,3,normal,1,0.5,0.06999999999999999,0.18622920000052545,15,3.6255817737682863,0.07601502414594885,0.03403096818104475,45,1.0255817737682864,6,0.2,0.18561110000155168,0.010499999999999997,1.0,0.0933,0.004499999999999995,15,0.1895141677364444,0.22682831531737419,WEIGHTED_SQUARE,0.5,2.6,ok,5,3.8118109737688117,0.09568677949258111,CASE_0,4.6299999667098746e-05
0.0,0.07215479096342836,0.4810319397561892,lshape_or_compressed_astar,0.0105,3,normal,2,0.5,0.06999999999999999,0.18489620000036666,15,3.646675144302555,0.15760245116813482,0.07601502414594885,45,1.0466751443025548,6,0.2,0.18437429999903543,0.0105,1.0,0.0933,0.004500000000000003,15,0.1550215612165107,0.1895141677364444,WEIGHTED_SQUARE,0.5,2.6,ok,6,3.8315713443029216,0.09765479096342836,CASE_0,5.62999994144775e-05
0.0,0.07570795671266105,0.5047197114177404,lshape_or_compressed_astar,0.0105,3,normal,1,0.3,0.06999999999999999,0.18671749999703025,15,3.684758378485113,0.28216032319795875,0.15760245116813482,45,1.0847583784851131,6,0.2,0.186122000002797,0.0105,1.0,0.0933,0.004500000000000001,15,0.10969056520028492,0.1550215612165107,WEIGHTED_SQUARE,0.5,2.6,ok,7,3.8714758784821433,0.10120795671266104,CASE_0,4.380000245873816e-05
0.0,0.06384168230237426,0.42561121534916174,lshape_or_compressed_astar,0.0105,3,normal,2,0.5,0.06999999999999999,0.17717439999978524,15,3.55757430120444,0.47627243668551755,0.28216032319795875,45,0.95757430120444,6,0.2,0.1765540999986115,0.0105,1.0,0.0933,0.0044999999999999945,15,0.062291438776396424,0.10969056520028492,WEIGHTED_SQUARE,0.5,2.6,ok,8,3.734748701204225,0.08934168230237424,CASE_0,7.029999687802047e-05
0.0,0.007925724637681151,0.05283816425120768,direct_like,0.010499999999999997,2,normal,2,0.5,0.020000000000000004,0.07150879999971949,15,2.677874862140205,0.5421656050955413,0.47627243668551755,45,0.27787486214020524,5,0.2,0.07115589999739313,0.003000000000000005,1.0,0.0933,0.0044999999999999945,15,0.05075446862344512,0.062291438776396424,WEIGHTED_SQUARE,0.5,2.4,ok,9,2.7493836621399246,0.025925724637681148,CASE_0,3.51999988197349e-05
0.0,0.002264492753623188,0.015096618357487922,direct_like,0.010500000000000004,2,normal,2,0.5,0.020000000000000004,0.07706099999995786,15,2.617197135622971,0.6193929626645178,0.5421656050955413,45,0.21719713562297097,5,0.2,0.07652640000014799,0.003000000000000005,1.0,0.0933,0.0044999999999999945,15,0.04158270540441381,0.05075446862344512,WEIGHTED_SQUARE,0.5,2.4,ok,10,2.694258135622929,0.02026449275362319,CASE_0,5.6300003052456304e-05
0.0,0.05429876586338964,0.3619917724225976,astar_like,0.010499999999999997,8,normal,1,0.5,0.020000000000000004,0.18589860000065528,15,4.374906386531507,0.6995490417136415,0.6193929626645178,45,0.7749063865315076,11,0.2,0.1854486000011093,0.0030000000000000014,1.0,0.0933,0.004500000000000002,15,0.030067223135312626,0.04158270540441381,WEIGHTED_SQUARE,0.5,3.6,ok,11,4.560804986532163,0.07229876586338965,CASE_0,4.229999831295572e-05
0.0,0.04715161477091248,0.31434409847274986,astar_like,0.010499999999999997,9,normal,2,0.3,0.020000000000000004,0.14291090000187978,15,4.498302409120177,0.7998199279711885,0.6995490417136415,45,0.6983024091201767,12,0.2,0.14255140000022948,0.003000000000000001,1.0,0.0933,0.004500000000000005,15,0.020453909986194767,0.030067223135312626,WEIGHTED_SQUARE,0.5,3.8,ok,12,4.641213309122056,0.06515161477091248,CASE_0,3.429999924264848e-05
0.0,0.05334310810740374,0.35562072071602496,astar_like,0.010499999999999997,15,normal,1,0.5,0.020000000000000004,0.17467519999991055,15,5.764663538128658,0.9031851151056449,0.7998199279711885,45,0.7646635381286575,18,0.2,0.1739382999985537,0.0030000000000000005,1.0,0.0933,0.004500000000000005,15,0.008394182882614228,0.020453909986194767,WEIGHTED_SQUARE,0.5,5.0,ok,13,5.939338738128568,0.07134310810740374,CASE_0,4.619999890564941e-05
0.0,0.02295414637339081,0.15302764248927206,direct_like,0.010500000000000002,2,normal,2,0.5,0.09000000000000001,0.08896470000036061,16,2.951491386638701,0.0,0.0,45,0.5514913866387011,5,0.2,0.08841219999885652,0.0135,1.0,0.0933,0.004500000000000002,16,0.45131507543737115,0.5133927868330458,WEIGHTED_SQUARE,0.5,2.4,ok,0,3.0404560866390615,0.05145414637339081,CASE_0,5.830000009154901e-05
0.0,0.010190217391304341,0.0679347826086956,direct_like,0.010499999999999999,2,normal,2,0.5,0.09000000000000001,0.07408550000036485,16,2.814686145673144,0.0,0.0,45,0.41468614567314405,5,0.2,0.07355730000199401,0.0135,1.0,0.0933,0.004499999999999998,16,0.39118735215214284,0.45131507543737115,WEIGHTED_SQUARE,0.5,2.4,ok,1,2.8887716456735086,0.038690217391304335,CASE_0,6.86999992467463e-05
0.0,0.010190217391304346,0.06793478260869563,direct_like,0.010499999999999997,2,normal,2,0.5,0.09000000000000001,0.081184899998334,16,2.814686145673144,0.0,0.0,45,0.4146861456731441,5,0.2,0.08066730000064126,0.013500000000000005,1.0,0.0933,0.004499999999999998,16,0.33405963196225014,0.39118735215214284,WEIGHTED_SQUARE,0.5,2.4,ok,2,2.895871045671478,0.03869021739130434,CASE_0,6.180000127642415e-05
0.0,0.010190217391304343,0.0679347826086956,direct_like,0.0105,2,normal,2,0.5,0.06999999999999999,0.07288989999869955,16,2.7825318048371313,0.0,0.0,45,0.3825318048371313,5,0.2,0.07252620000144816,0.010499999999999997,1.0,0.0933,0.004500000000000003,16,0.29282409188990405,0.33405963196225014,WEIGHTED_SQUARE,0.5,2.4,ok,3,2.855421704835831,0.035690217391304346,CASE_0,4.2499999835854396e-05
0.0,0.007925724637681146,0.052838164251207645,direct_like,0.010500000000000002,2,normal,2,0.5,0.06999999999999999,0.07016289999955916,16,2.758260714230237,0.005499083486085653,0.0,45,0.3582607142302373,5,0.2,0.06961589999991702,0.010499999999999994,1.0,0.0933,0.004499999999999998,16,0.25587516983806635,0.29282409188990405,WEIGHTED_SQUARE,0.5,2.4,ok,4,2.8284236142297963,0.03342572463768114,CASE_0,5.790000068373047e-05
0.0,0.055528725925566805,0.37019150617044533,astar_like,0.010499999999999997,6,normal,1,0.5,0.06999999999999999,0.2089890999995987,16,4.068475090306182,0.02652292950034223,0.005499083486085653,45,0.8684750903061823,9,0.2,0.20819050000136485,0.010499999999999997,1.0,0.0933,0.004499999999999998,16,0.2196272345625682,0.25587516983806635,WEIGHTED_SQUARE,0.5,3.2,ok,5,4.277464190305781,0.0810287259255668,CASE_0,0.00012430000060703605
0.0,0.07050567361535923,0.4700378241023948,lshape_or_compressed_astar,0.010500000000000004,3,normal,2,0.5,0.06999999999999999,0.18958550000024843,16,3.628999717206423,0.09171974522292993,0.02652292950034223,45,1.028999717206423,6,0.2,0.189029400000436,0.010500000000000004,1.0,0.0933,0.0045000000000000005,16,0.1830849623905626,0.2196272345625682,WEIGHTED_SQUARE,0.5,2.6,ok,6,3.8185852172066714,0.09600567361535925,CASE_0,5.400000009103678e-05
0.0,0.05551017112103513,0.3700678074735675,astar_like,0.0105,6,normal,1,0.5,0.06999999999999999,0.20187950000035926,16,4.068276217803163,0.17370161447189264,0.09171974522292993,45,0.8682762178031633,9,0.2,0.20130989999961457,0.0105,1.0,0.0933,0.004500000000000003,16,0.14811986186157916,0.1830849623905626,WEIGHTED_SQUARE,0.5,3.2,ok,7,4.270155717803522,0.08101017112103513,CASE_0,6.779999966965988e-05
0.0,0.062448846658918755,0.41632564439279174,lshape_or_compressed_astar,0.010500000000000002,3,normal,2,0.3,0.06999999999999999,0.18626190000213683,16,3.542645730535035,0.28002555366269166,0.17370161447189264,45,0.9426457305350349,6,0.2,0.18572370000038063,0.010499999999999992,1.0,0.0933,0.004499999999999995,16,0.10354593837070529,0.14811986186157916,WEIGHTED_SQUARE,0.5,2.6,ok,8,3.728907630537172,0.08794884665891875,CASE_0,5.989999772282317e-05
0.0,0.010841301316325649,0.07227534210883765,direct_like,0.010499999999999999,2,normal,2,0.5,0.06999999999999999,0.08121599999867612,16,2.789510196316459,0.4493137490970383,0.28002555366269166,45,0.38951019631645933,5,0.2,0.0807451000000583,0.010499999999999999,1.0,0.0933,0.004500000000000005,16,0.06751184543351564,0.10354593837070529,WEIGHTED_SQUARE,0.5,2.4,ok,9,2.870726196315135,0.03634130131632565,CASE_0,4.4699998397845775e-05
0.0,0.05982844498786069,0.3988562999190713,astar_like,0.010500000000000004,17,normal,1,0.5,0.06999999999999999,0.22101560000010068,16,6.3145599677155495,0.7016402714932126,0.4493137490970383,45,0.9145599677155488,20,0.2,0.22022870000000694,0.010500000000000004,1.0,0.0933,0.004499999999999996,16,0.03398730519964706,0.06751184543351564,WEIGHTED_SQUARE,0.5,5.4,ok,10,6.53557556771565,0.0853284449878607,CASE_0,5.579999924520962e-05
0.0,0.057513702779760714,0.3834246851984048,astar_like,0.010500000000000002,11,normal,2,0.5,0.020000000000000004,0.21412509999936447,16,5.009364445656599,0.7949329359165425,0.7016402714932126,45,0.8093644456565994,14,0.2,0.21360230000209413,0.0030000000000000022,1.0,0.0933,0.004500000000000007,16,0.020761349902868733,0.03398730519964706,WEIGHTED_SQUARE,0.5,4.2,ok,11,5.223489545655964,0.07551370277976072,CASE_0,5.109999983687885e-05
0.0,0.0067511130512836895,0.045007420341891265,direct_like,0.0105,2,normal,2,0.3,0.020000000000000004,0.07646020000174758,16,2.6652852417072204,0.9149410640331316,0.7949329359165425,45,0.2652852417072206,5,0.2,0.07591110000066692,0.002999999999999999,1.0,0.0933,0.004499999999999994,16,0.006154512307818054,0.020761349902868733,WEIGHTED_SQUARE,0.5,2.4,ok,12,2.741745441708968,0.024751113051283684,CASE_0,6.430000212276354e-05
0.0,0.04032106323602472,0.2688070882401648,direct_like,0.010500000000000002,2,normal,2,0.5,0.09000000000000001,0.10603300000002491,17,3.1376319746626447,0.0,0.0,45,0.7376319746626445,5,0.2,0.1053987999985111,0.013500000000000002,1.0,0.0933,0.004499999999999998,17,0.422858400123322,0.47059882175837264,WEIGHTED_SQUARE,0.5,2.4,ok,0,3.2436649746626696,0.06882106323602473,CASE_0,4.0499999158782884e-05
0.0,0.0743818586808084,0.4958790578720561,lshape_or_compressed_astar,0.0105,3,normal,1,0.5,0.06999999999999999,0.16941159999987576,17,3.670545109119061,0.0,0.0,45,1.0705451091190612,6,0.2,0.16890269999930752,0.010499999999999995,1.0,0.0933,0.004500000000000001,17,0.38497994326091967,0.422858400123322,WEIGHTED_SQUARE,0.5,2.6,ok,1,3.839956709118937,0.0998818586808084,CASE_0,5.4200001613935456e-05
0.0,0.07128320187790699,0.47522134585271325,lshape_or_compressed_astar,0.0105,3,normal,2,0.5,0.06999999999999999,0.15724190000037197,17,3.6373333534609538,0.0,0.0,45,1.037333353460954,6,0.2,0.15685609999854933,0.010499999999999995,1.0,0.0933,0.004500000000000001,17,0.34844725063335547,0.38497994326091967,WEIGHTED_SQUARE,0.5,2.6,ok,2,3.7945752534613257,0.09678320187790698,CASE_0,4.990000161342323e-05
0.0,0.07201520926873042,0.48010139512486955,lshape_or_compressed_astar,0.0105,3,normal,1,0.5,0.06999999999999999,0.18686809999780962,17,3.6451790918406264,0.0,0.0,45,1.0451790918406263,6,0.2,0.1861678999994183,0.0105,1.0,0.0933,0.004500000000000001,17,0.31048292417574486,0.34844725063335547,WEIGHTED_SQUARE,0.5,2.6,ok,3,3.832047191838436,0.09751520926873042,CASE_0,5.729999975301325e-05
0.0,0.07128320187790695,0.475221345852713,lshape_or_compressed_astar,0.0105,3,normal,2,0.5,0.06999999999999999,0.16119009999965783,17,3.6373333534609533,0.004300363876943433,0.0,45,1.0373333534609532,6,0.2,0.16067109999858076,0.0105,1.0,0.0933,0.004500000000000001,17,0.274206154893824,0.31048292417574486,WEIGHTED_SQUARE,0.5,2.6,ok,4,3.798523453460611,0.09678320187790694,CASE_0,6.429999848478474e-05
0.0,0.0720152092687304,0.48010139512486927,lshape_or_compressed_astar,0.0105,3,normal,1,0.5,0.06999999999999999,0.19026429999939865,17,3.645179091840626,0.018465670639583685,0.004300363876943433,45,1.0451790918406259,6,0.2,0.18971800000144867,0.0105,1.0,0.0933,0.004500000000000001,17,0.23612947441757964,0.274206154893824,WEIGHTED_SQUARE,0.5,2.6,ok,5,3.8354433918400246,0.09751520926873039,CASE_0,7.649999679415487e-05
0.0,0.07128320187790696,0.47522134585271314,lshape_or_compressed_astar,0.0105,3,normal,2,0.5,0.06999999999999999,0.17239970000082394,17,3.6373333534609538,0.06153846153846154,0.018465670639583685,45,1.0373333534609535,6,0.2,0.17188940000050934,0.0105,1.0,0.0933,0.004500000000000001,17,0.2003234380783251,0.23612947441757964,WEIGHTED_SQUARE,0.5,2.6,ok,6,3.8097330534617777,0.09678320187790695,CASE_0,6.6999997216044e-05
0.0,0.0720152092687305,0.4801013951248701,lshape_or_compressed_astar,0.010499999999999999,3,normal,1,0.5,0.06999999999999999,0.1870937000021513,17,3.6451790918406273,0.12227155012948576,0.06153846153846154,45,1.0451790918406272,6,0.2,0.18658699999650707,0.010499999999999999,1.0,0.0933,0.0045000000000000005,17,0.16211741056924536,0.2003234380783251,WEIGHTED_SQUARE,0.5,2.6,ok,7,3.8322727918427786,0.0975152092687305,CASE_0,5.1300001359777525e-05
0.0,0.07128320187790711,0.4752213458527141,lshape_or_compressed_astar,0.0105,3,normal,2,0.5,0.06999999999999999,0.1826664999971399,17,3.6373333534609555,0.20656063618290257,0.12227155012948576,45,1.0373333534609552,6,0.2,0.1819420000028913,0.0105,1.0,0.0933,0.004500000000000002,17,0.1274211947042437,0.16211741056924536,WEIGHTED_SQUARE,0.5,2.6,ok,8,3.8199998534580955,0.09678320187790711,CASE_0,4.450000051292591e-05
0.0,0.07201520926873052,0.48010139512487016,lshape_or_compressed_astar,0.010499999999999999,3,normal,1,0.5,0.06999999999999999,0.1920094999986759,17,3.6451790918406273,0.34567627494456765,0.20656063618290257,45,1.0451790918406272,6,0.2,0.1914524000021629,0.010499999999999999,1.0,0.0933,0.004500000000000001,17,0.08932361210841142,0.1274211947042437,WEIGHTED_SQUARE,0.5,2.6,ok,9,3.837188591839303,0.09751520926873052,CASE_0,5.900000178371556e-05
0.0,0.07128320187790695,0.475221345852713,lshape_or_compressed_astar,0.010499999999999997,3,normal,2,0.5,0.06999999999999999,0.18193370000153664,17,3.6373333534609533,0.5275610369997483,0.34567627494456765,45,1.0373333534609532,6,0.2,0.18134769999960554,0.010499999999999997,1.0,0.0933,0.0045000000000000005,17,0.05969192941770265,0.08932361210841142,WEIGHTED_SQUARE,0.5,2.6,ok,10,3.81926705346249,0.09678320187790694,CASE_0,7.46000005165115e-05
0.0,0.07866212400790623,0.5244141600527081,lshape_or_compressed_astar,0.010500000000000002,3,normal,1,0.3,0.020000000000000004,0.19400670000322862,17,3.6360356270943868,0.5911949685534591,0.5275610369997483,45,1.0360356270943865,6,0.2,0.1933396000022185,0.0029999999999999957,1.0,0.0933,0.004500000000000003,17,0.04222090979981132,0.05969192941770265,WEIGHTED_SQUARE,0.5,2.6,ok,11,3.8300423270976154,0.09666212400790625,CASE_0,5.779999992228113e-05
0.0,0.004381969655091958,0.02921313103394639,direct_like,0.0105,2,normal,1,0.3,0.020000000000000004,0.05296190000080969,17,2.639892493623708,0.6929750909599776,0.5911949685534591,45,0.239892493623708,5,0.2,0.05249080000066897,0.002999999999999997,1.0,0.0933,0.0045,17,0.027890962198596728,0.04222090979981132,WEIGHTED_SQUARE,0.5,2.4,ok,12,2.6928543936245175,0.022381969655091954,CASE_0,5.610000152955763e-05
0.0,0.0686152736791594,0.4574351578610627,lshape_or_compressed_astar,0.010500000000000004,3,normal,2,0.5,0.020000000000000004,0.16936799999893992,17,3.5283523438280753,0.7980280848521064,0.6929750909599776,45,0.9283523438280753,6,0.2,0.16877880000174628,0.003000000000000004,1.0,0.0933,0.004500000000000003,17,0.019110042818507096,0.027890962198596728,WEIGHTED_SQUARE,0.5,2.6,ok,13,3.697720343827015,0.08661527367915942,CASE_0,6.0599999414989725e-05
0.0,0.06494698494756145,0.43297989965040967,lshape_or_compressed_astar,0.010499999999999997,3,normal,1,0.5,0.020000000000000004,0.16890460000286112,17,3.489035208441173,0.9093191088798243,0.7980280848521064,45,0.8890352084411731,6,0.2,0.1681324000019231,0.0029999999999999957,1.0,0.0933,0.004500000000000003,17,0.007465131661023325,0.019110042818507096,WEIGHTED_SQUARE,0.5,2.6,ok,14,3.657939808444034,0.08294698494756145,CASE_0,4.5500000851461664e-05
0.0,0.024840730373191566,0.16560486915461045,direct_like,0.010499999999999999,2,normal,2,0.5,0.09000000000000001,0.09303109999746084,18,2.971712008287155,0.0,0.0,45,0.571712008287155,5,0.2,0.09248210000077961,0.013499999999999995,1.0,0.0933,0.004499999999999999,18,0.45397937290332907,0.5130089545653078,WEIGHTED_SQUARE,0.5,2.4,ok,0,3.064743108284616,0.05334073037319156,CASE_0,5.8499997976468876e-05
0.0,0.010190217391304315,0.06793478260869544,direct_like,0.010500000000000004,2,normal,2,0.5,0.09000000000000001,0.06742710000253282,18,2.814686145673144,0.0,0.0,45,0.4146861456731438,5,0.2,0.06695760000002338,0.013500000000000002,1.0,0.0933,0.0045,18,0.39780220142811895,0.45397937290332907,WEIGHTED_SQUARE,0.5,2.4,ok,1,2.8821132456756766,0.038690217391304314,CASE_0,4.619999890564941e-05
0.0,0.010190217391304367,0.06793478260869577,direct_like,0.010500000000000004,2,normal,2,0.5,0.06999999999999999,0.06684179999865592,18,2.7825318048371313,0.0,0.0,45,0.3825318048371315,5,0.2,0.06628320000163512,0.010499999999999995,1.0,0.0933,0.0045,18,0.3569468692174397,0.39780220142811895,WEIGHTED_SQUARE,0.5,2.4,ok,2,2.849373604835787,0.03569021739130437,CASE_0,0.00013279999984661117
0.0,0.007925724637681176,0.05283816425120783,direct_like,0.010499999999999997,2,normal,2,0.5,0.06999999999999999,0.07584649999989779,18,2.7582607142302376,0.0,0.0,45,0.3582607142302377,5,0.2,0.07534859999941546,0.010499999999999997,1.0,0.0933,0.004500000000000001,18,0.3196249573759845,0.3569468692174397,WEIGHTED_SQUARE,0.5,2.4,ok,3,2.8341072142301353,0.033425724637681176,CASE_0,5.759999839938246e-05
0.0,0.06924336072087564,0.4616224048058376,lshape_or_compressed_astar,0.010500000000000004,3,normal,1,0.5,0.06999999999999999,0.1734123999995063,18,3.61547010418945,0.0008289124668435014,0.0,45,1.0154701041894498,6,0.2,0.17288550000012037,0.010500000000000004,1.0,0.0933,0.004500000000000001,18,0.2826905212066031,0.3196249573759845,WEIGHTED_SQUARE,0.5,2.6,ok,4,3.7888825041889564,0.09474336072087566,CASE_0,5.9699999837903306e-05
0.0,0.07200855492664013,0.4800570328442676,lshape_or_compressed_astar,0.010500000000000002,3,normal,2,0.5,0.06999999999999999,0.19444650000150432,18,3.6451077698460894,0.007978723404255319,0.0008289124668435014,45,1.0451077698460893,6,0.2,0.19390980000025593,0.010499999999999994,1.0,0.0933,0.0045,18,0.24545384975726403,0.2826905212066031,WEIGHTED_SQUARE,0.5,2.6,ok,5,3.8395542698475937,0.09750855492664014,CASE_0,4.830000034417026e-05
0.0,0.06924336072087568,0.4616224048058379,lshape_or_compressed_astar,0.0105,3,normal,1,0.5,0.06999999999999999,0.18391540000084206,18,3.61547010418945,0.05384615384615385,0.007978723404255319,45,1.01547010418945,6,0.2,0.1833792999968864,0.0105,1.0,0.0933,0.004499999999999999,18,0.20876574573290238,0.24545384975726403,WEIGHTED_SQUARE,0.5,2.6,ok,6,3.799385504190292,0.09474336072087568,CASE_0,5.499999679159373e-05
0.0,0.07200855492664014,0.48005703284426765,lshape_or_compressed_astar,0.010500000000000002,3,normal,2,0.5,0.06999999999999999,0.1919292000020505,18,3.6451077698460894,0.10872359963269054,0.05384615384615385,45,1.0451077698460893,6,0.2,0.19128400000045076,0.010499999999999994,1.0,0.0933,0.004500000000000008,18,0.17176632535560107,0.20876574573290238,WEIGHTED_SQUARE,0.5,2.6,ok,7,3.83703696984814,0.09750855492664014,CASE_0,4.3000000005122274e-05
0.0,0.06924336072087568,0.4616224048058379,lshape_or_compressed_astar,0.010499999999999999,3,normal,1,0.5,0.06999999999999999,0.18412029999672086,18,3.61547010418945,0.1937634830358894,0.10872359963269054,45,1.01547010418945,6,0.2,0.18359390000114217,0.010499999999999999,1.0,0.0933,0.004499999999999999,18,0.1357052315079103,0.17176632535560107,WEIGHTED_SQUARE,0.5,2.6,ok,8,3.799590404186171,0.09474336072087568,CASE_0,5.0900001951958984e-05
0.0,0.07200855492663996,0.48005703284426643,lshape_or_compressed_astar,0.010499999999999999,3,normal,2,0.5,0.06999999999999999,0.19760569999925792,18,3.6451077698460876,0.3233809001097695,0.1937634830358894,45,1.0451077698460873,6,0.2,0.197252900001331,0.010499999999999992,1.0,0.0933,0.004499999999999995,18,0.09971723398538476,0.1357052315079103,WEIGHTED_SQUARE,0.5,2.6,ok,9,3.8427134698453456,0.09750855492663994,CASE_0,3.760000254260376e-05
0.0,0.06409034371108215,0.427268958073881,lshape_or_compressed_astar,0.0105,3,normal,1,0.7,0.06999999999999999,0.18105060000016238,18,3.560239482433892,0.47997086671522216,0.3233809001097695,45,0.9602394824338922,6,0.2,0.18052589999933844,0.0105,1.0,0.0933,0.004500000000000004,18,0.060233884793737404,0.09971723398538476,WEIGHTED_SQUARE,0.5,2.6,ok,10,3.7412900824340545,0.08959034371108214,CASE_0,6.030000076862052e-05
0.0,0.010841301316325665,0.07227534210883776,direct_like,0.010500000000000008,2,normal,1,0.5,0.020000000000000004,0.09352600000056555,18,2.7091243442264274,0.5450369992344986,0.47997086671522216,45,0.30912434422642737,5,0.2,0.09317379999993136,0.003,1.0,0.0933,0.004499999999999998,18,0.05073082341898194,0.060233884793737404,WEIGHTED_SQUARE,0.5,2.4,ok,11,2.802650344226993,0.02884130131632567,CASE_0,3.479999941191636e-05
0.0,0.06468386000454439,0.43122573336362924,lshape_or_compressed_astar,0.010500000000000004,3,normal,2,0.5,0.020000000000000004,0.17269349999696715,18,3.4862150054077645,0.618064861967301,0.5450369992344986,45,0.8862150054077643,6,0.2,0.17216670000198064,0.0029999999999999975,1.0,0.0933,0.004500000000000007,18,0.03913832402211008,0.05073082341898194,WEIGHTED_SQUARE,0.5,2.6,ok,12,3.6589085054047317,0.0826838600045444,CASE_0,6.10999995842576e-05
0.0,0.0022644927536231946,0.015096618357487964,direct_like,0.010500000000000008,2,normal,2,0.5,0.020000000000000004,0.16102930000124616,18,2.617197135622971,0.7081326154718051,0.618064861967301,45,0.2171971356229712,5,0.2,0.1603746000000683,0.003,1.0,0.0933,0.004500000000000007,18,0.030786882210803855,0.03913832402211008,WEIGHTED_SQUARE,0.5,2.4,ok,13,2.7782264356242172,0.02026449275362321,CASE_0,3.990000186604448e-05
0.0,0.06546500168164815,0.4364333445443211,lshape_or_compressed_astar,0.0105,3,normal,1,0.5,0.020000000000000004,0.17265839999890886,18,3.494587370650034,0.8153892036981807,0.7081326154718051,45,0.8945873706500338,6,0.2,0.17213660000197706,0.0029999999999999975,1.0,0.0933,0.004499999999999998,18,0.018591272614396404,0.030786882210803855,WEIGHTED_SQUARE,0.5,2.6,ok,14,3.6672457706489427,0.08346500168164815,CASE_0,7.399999958579428e-05
0.0,0.006751113051283525,0.04500742034189017,direct_like,0.010499999999999999,2,normal,1,0.3,0.020000000000000004,0.08411999999952968,18,2.6652852417072186,0.8798761609907121,0.8153892036981807,45,0.2652852417072189,5,0.2,0.08358969999972032,0.003,1.0,0.0933,0.004499999999999998,18,0.012553581312845926,0.018591272614396404,WEIGHTED_SQUARE,0.5,2.4,ok,15,2.7494052417067483,0.02475111305128352,CASE_0,4.020000051241368e-05
0.0,0.026061138129694003,0.1737409208646267,direct_like,0.010499999999999999,2,normal,2,0.5,0.06999999999999999,0.09720010000091861,19,2.9526381364383063,0.0,0.0,45,0.5526381364383065,5,0.2,0.0965963999988162,0.010499999999999999,1.0,0.0933,0.004500000000000003,19,0.37900460802012836,0.4193650919055282,WEIGHTED_SQUARE,0.5,2.4,ok,0,3.049838236439225,0.051561138129694,CASE_0,6.359999679261819e-05
0.0,0.00792572463768116,0.05283816425120774,direct_like,0.010499999999999999,2,normal,2,0.5,0.06999999999999999,0.06543480000254931,19,2.7582607142302376,0.0,0.0,45,0.3582607142302375,5,0.2,0.06498029999784194,0.010499999999999995,1.0,0.0933,0.004500000000000001,19,0.3420777264017685,0.37900460802012836,WEIGHTED_SQUARE,0.5,2.4,ok,1,2.823695514232787,0.033425724637681155,CASE_0,5.0900001951958984e-05
0.0,0.06912927685730856,0.4608618457153904,lshape_or_compressed_astar,0.010500000000000002,3,normal,1,0.5,0.06999999999999999,0.18905359999916982,19,3.614247340378441,0.0,0.0,45,1.014247340378441,6,0.2,0.18853719999970053,0.0105,1.0,0.0933,0.004500000000000001,19,0.30540116930366124,0.3420777264017685,WEIGHTED_SQUARE,0.5,2.6,ok,2,3.803300940377611,0.09462927685730856,CASE_0,5.819999933009967e-05
0.0,0.07198125224366286,0.4798750149577524,lshape_or_compressed_astar,0.0105,3,normal,2,0.5,0.06999999999999999,0.1942367000010563,19,3.6448151365880266,0.0,0.0,45,1.0448151365880265,6,0.2,0.19351040000037756,0.0105,1.0,0.0933,0.004500000000000003,19,0.2687857098380953,0.30540116930366124,WEIGHTED_SQUARE,0.5,2.6,ok,3,3.839051836589083,0.09748125224366286,CASE_0,3.819999983534217e-05
0.0,0.06912927685730849,0.46086184571539,lshape_or_compressed_astar,0.010499999999999999,3,normal,1,0.5,0.06999999999999999,0.1835289999980887,19,3.6142473403784408,0.022517223995967065,0.0,45,1.0142473403784404,6,0.2,0.1830322999994678,0.010499999999999999,1.0,0.0933,0.004500000000000003,19,0.23249992518432505,0.2687857098380953,WEIGHTED_SQUARE,0.5,2.6,ok,4,3.7977763403765294,0.09462927685730849,CASE_0,6.149999899207614e-05
0.0,0.07198125224366286,0.4798750149577524,lshape_or_compressed_astar,0.010500000000000002,3,normal,2,0.5,0.06999999999999999,0.1928817000007257,19,3.6448151365880266,0.06407322654462243,0.022517223995967065,45,1.0448151365880265,6,0.2,0.19219959999827552,0.010499999999999994,1.0,0.0933,0.004499999999999996,19,0.19666449798617008,0.23249992518432505,WEIGHTED_SQUARE,0.5,2.6,ok,5,3.8376968365887523,0.09748125224366286,CASE_0,3.8899997889529914e-05
0.0,0.06401734709048035,0.42678231393653565,lshape_or_compressed_astar,0.0105,3,normal,1,0.7,0.06999999999999999,0.18586399999912828,19,3.55945709636099,0.14673708034703886,0.06407322654462243,45,0.9594570963609897,6,0.2,0.18519349999769474,0.0105,1.0,0.0933,0.004500000000000003,19,0.1527151034773096,0.19666449798617008,WEIGHTED_SQUARE,0.5,2.6,ok,6,3.7453210963601182,0.08951734709048034,CASE_0,8.330000127898529e-05
0.0,0.010841301316325666,0.07227534210883778,direct_like,0.0105,2,normal,1,0.5,0.06999999999999999,0.06932059999962803,19,2.7895101963164595,0.25411030176899063,0.14673708034703886,45,0.38951019631645956,5,0.2,0.06888959999923827,0.0105,1.0,0.0933,0.004500000000000002,19,0.11223800160401792,0.1527151034773096,WEIGHTED_SQUARE,0.5,2.4,ok,7,2.8588307963160875,0.03634130131632567,CASE_0,4.039999839733355e-05
0.0,0.06939499454437831,0.4626332969625221,lshape_or_compressed_astar,0.0105,3,normal,2,0.5,0.06999999999999999,0.17935030000080587,19,3.6170953327371738,0.4097944097944098,0.25411030176899063,45,1.0170953327371737,6,0.2,0.17885969999770168,0.0105,1.0,0.0933,0.004499999999999998,19,0.08258092795343419,0.11223800160401792,WEIGHTED_SQUARE,0.5,2.6,ok,8,3.7964456327379796,0.0948949945443783,CASE_0,5.9699999837903306e-05
0.0,0.07204209358570873,0.4802806239047249,lshape_or_compressed_astar,0.010499999999999999,3,normal,1,0.5,0.06999999999999999,0.19003709999742568,19,3.645467241004381,0.6487004103967168,0.4097944097944098,45,1.0454672410043808,6,0.2,0.18957030000092345,0.010499999999999999,1.0,0.0933,0.004499999999999995,19,0.04060042068267282,0.08258092795343419,WEIGHTED_SQUARE,0.5,2.6,ok,9,3.8355043410018066,0.09754209358570871,CASE_0,4.039999839733355e-05
0.0,0.07460360402866938,0.4973573601911292,lshape_or_compressed_astar,0.010499999999999995,3,normal,2,0.7,0.020000000000000004,0.1956612000030873,19,3.5925359488603363,0.7356223175965665,0.6487004103967168,45,0.9925359488603364,6,0.2,0.19508370000039577,0.003000000000000002,1.0,0.0933,0.0045,19,0.02735023271064401,0.04060042068267282,WEIGHTED_SQUARE,0.5,2.6,ok,10,3.7881971488634236,0.09260360402866938,CASE_0,6.209999992279336e-05
0.0,0.059121543734240375,0.3941436248949359,lshape_or_compressed_astar,0.010499999999999999,3,normal,1,0.7,0.020000000000000004,0.18132390000027954,19,3.426597467676746,0.8412602241744925,0.7356223175965665,45,0.8265974676767458,6,0.2,0.1806570999979158,0.003000000000000001,1.0,0.0933,0.0045000000000000005,19,0.013950884807379306,0.02735023271064401,WEIGHTED_SQUARE,0.5,2.6,ok,11,3.6079213676770254,0.07712154373424038,CASE_0,0.00013930000204709359
0.0,0.05007038218423325,0.3338025478948883,astar_like,0.010499999999999992,6,normal,2,0.5,0.020000000000000004,0.15463799999997718,19,3.9295860898631645,0.8852255054432349,0.8412602241744925,45,0.7295860898631644,9,0.2,0.15408339999703458,0.0030000000000000044,1.0,0.0933,0.004499999999999996,19,0.010758949225915214,0.013950884807379306,WEIGHTED_SQUARE,0.5,3.2,ok,12,4.084224089863142,0.06807038218423324,CASE_0,6.0500002291519195e-05
0.0,0.0182576628987416,0.12171775265827733,direct_like,0.010499999999999999,2,normal,2,0.5,0.09000000000000001,0.08152540000082809,20,2.90115394318051,0.0,0.0,45,0.5011539431805102,5,0.2,0.08108069999798317,0.0135,1.0,0.0933,0.004500000000000002,20,0.473617918791011,0.530571608832376,WEIGHTED_SQUARE,0.5,2.4,ok,0,2.982679343181338,0.0467576628987416,CASE_0,4.260000059730373e-05
0.0,0.010190217391304338,0.06793478260869558,direct_like,0.0105,2,normal,2,0.5,0.09000000000000001,0.06841599999825121,20,2.814686145673144,0.0,0.0,45,0.4146861456731441,5,0.2,0.0679835999981151,0.013500000000000002,1.0,0.0933,0.004499999999999997,20,0.41994111448670984,0.473617918791011,WEIGHTED_SQUARE,0.5,2.4,ok,1,2.883102145671395,0.03869021739130434,CASE_0,5.739999687648378e-05
0.0,0.010190217391304355,0.06793478260869569,direct_like,0.010500000000000002,2,normal,2,0.5,0.06999999999999999,0.07310299999880954,20,2.7825318048371313,0.0,0.0,45,0.38253180483713145,5,0.2,0.07274400000096648,0.010500000000000002,1.0,0.0933,0.004499999999999997,20,0.38134754675768273,0.41994111448670984,WEIGHTED_SQUARE,0.5,2.4,ok,2,2.855634804835941,0.03569021739130436,CASE_0,3.5700002626981586e-05
0.0,0.007925724637681165,0.05283816425120777,direct_like,0.0105,2,normal,2,0.5,0.06999999999999999,0.1664018000010401,20,2.7582607142302376,0.0,0.0,45,0.35826071423023764,5,0.2,0.16584389999843552,0.0105,1.0,0.0933,0.004500000000000003,20,0.34653246366719076,0.38134754675768273,WEIGHTED_SQUARE,0.5,2.4,ok,3,2.9246625142312777,0.03342572463768117,CASE_0,5.909999890718609e-05
0.0,0.06610426771827312,0.4406951181218208,lshape_or_compressed_astar,0.010499999999999999,3,normal,1,0.5,0.06999999999999999,0.20586520000142627,20,3.581824948748908,0.0,0.0,45,0.981824948748908,6,0.2,0.20523160000084317,0.010499999999999999,1.0,0.0933,0.004500000000000003,20,0.3071441365073813,0.34653246366719076,WEIGHTED_SQUARE,0.5,2.6,ok,4,3.7876901487503343,0.09160426771827311,CASE_0,6.450000000768341e-05
0.0,0.007925724637681148,0.05283816425120766,direct_like,0.010499999999999999,2,normal,1,0.5,0.06999999999999999,0.09912629999962519,20,2.758260714230237,0.0,0.0,45,0.3582607142302373,5,0.2,0.09858329999769921,0.010499999999999995,1.0,0.0933,0.0044999999999999945,20,0.2723626566075625,0.3071441365073813,WEIGHTED_SQUARE,0.5,2.4,ok,5,2.8573870142298623,0.03342572463768114,CASE_0,5.989999772282317e-05
0.0,0.07082841529250618,0.47218943528337454,lshape_or_compressed_astar,0.010499999999999997,3,normal,2,0.5,0.06999999999999999,0.1861057999994955,20,3.6324588991694124,0.02223345123799899,0.0,45,1.0324588991694124,6,0.2,0.18548370000280556,0.010499999999999997,1.0,0.0933,0.004499999999999997,20,0.23327134593596963,0.2723626566075625,WEIGHTED_SQUARE,0.5,2.6,ok,6,3.818564699168908,0.09632841529250616,CASE_0,5.239999882178381e-05
0.0,0.06610426771827305,0.4406951181218204,lshape_or_compressed_astar,0.0105,3,normal,1,0.5,0.06999999999999999,0.17015729999911855,20,3.581824948748907,0.050646175340551866,0.02223345123799899,45,0.9818249487489072,6,0.2,0.16974850000042352,0.0105,1.0,0.0933,0.0045,20,0.19965034124566522,0.23327134593596963,WEIGHTED_SQUARE,0.5,2.6,ok,7,3.7519822487480257,0.09160426771827304,CASE_0,4.8800000513438135e-05
0.0,0.07082841529250629,0.47218943528337526,lshape_or_compressed_astar,0.0105,3,normal,2,0.5,0.06999999999999999,0.19116900000153692,20,3.632458899169414,0.13785969531690803,0.050646175340551866,45,1.0324588991694137,6,0.2,0.19065340000088327,0.010500000000000004,1.0,0.0933,0.004500000000000003,20,0.16017999252424836,0.19965034124566522,WEIGHTED_SQUARE,0.5,2.6,ok,8,3.8236278991709507,0.0963284152925063,CASE_0,4.660000195144676e-05
0.0,0.06303467651188609,0.42023117674590726,astar_like,0.010499999999999995,7,normal,1,0.3,0.06999999999999999,0.18531780000193976,20,4.348924721456443,0.24682886254938657,0.13785969531690803,45,0.9489247214564426,10,0.2,0.18482569999832776,0.010499999999999995,1.0,0.0933,0.004499999999999998,20,0.12270289393471875,0.16017999252424836,WEIGHTED_SQUARE,0.5,3.4000000000000004,ok,9,4.534242521458383,0.08853467651188608,CASE_0,4.7599998652003706e-05
0.0,0.06009173478905381,0.40061156526035874,lshape_or_compressed_astar,0.0105,3,normal,2,0.5,0.06999999999999999,0.17539970000143512,20,3.5173819377176185,0.46299441883038095,0.24682886254938657,45,0.9173819377176187,6,0.2,0.17484259999764618,0.010499999999999994,1.0,0.0933,0.004499999999999999,20,0.0709475138197212,0.12270289393471875,WEIGHTED_SQUARE,0.5,2.6,ok,10,3.6927816377190537,0.08559173478905381,CASE_0,5.610000152955763e-05
0.0,0.00792572463768116,0.052838164251207735,direct_like,0.010499999999999997,2,normal,2,0.5,0.06999999999999999,0.07628640000257292,20,2.758260714230237,0.7389674069800981,0.46299441883038095,45,0.3582607142302373,5,0.2,0.07575369999904069,0.010499999999999997,1.0,0.0933,0.004499999999999993,20,0.02438726539640908,0.0709475138197212,WEIGHTED_SQUARE,0.5,2.4,ok,11,2.83454711423281,0.03342572463768114,CASE_0,5.6000000768108293e-05
0.0,0.05859175717918959,0.3906117145279307,astar_like,0.010499999999999999,14,normal,1,0.5,0.020000000000000004,0.22228629999881377,20,5.6209191551896,0.84260391198044,0.7389674069800981,45,0.8209191551895991,17,0.2,0.2217977999971481,0.0030000000000000005,1.0,0.0933,0.004500000000000002,20,0.01635313959155926,0.02438726539640908,WEIGHTED_SQUARE,0.5,4.800000000000001,ok,12,5.843205455188413,0.07659175717918959,CASE_0,5.82999964535702e-05
0.0,0.054593854466969474,0.3639590297797965,astar_like,0.0105,13,normal,2,0.5,0.020000000000000004,0.1675959000021976,20,5.378069179710283,0.9448387096774193,0.84260391198044,45,0.7780691797102837,16,0.2,0.16704000000027008,0.0030000000000000035,1.0,0.0933,0.004499999999999993,20,0.005720211870407152,0.01635313959155926,WEIGHTED_SQUARE,0.5,4.6,ok,13,5.545665079712481,0.07259385446696946,CASE_0,5.3499999921768904e-05
0.0,0.029093294168287574,0.1939552944552505,direct_like,0.010500000000000004,2,normal,1,0.5,0.06999999999999999,0.09870190000219736,21,2.9851371293492774,0.0,0.0,45,0.5851371293492774,5,0.2,0.09792960000049789,0.010499999999999995,1.0,0.0933,0.004500000000000001,21,0.4233376830491317,0.4589507413391831,WEIGHTED_SQUARE,0.5,2.4,ok,0,3.083839029351475,0.05459329416828758,CASE_0,6.299999949987978e-05
0.0,0.06939379201047727,0.46262528006984843,lshape_or_compressed_astar,0.0105,3,normal,2,0.5,0.06999999999999999,0.19151749999946333,21,3.6170824438422002,0.0,0.0,45,1.0170824438422001,6,0.2,0.1909747999998217,0.010500000000000002,1.0,0.0933,0.004499999999999999,21,0.38507739438426847,0.4233376830491317,WEIGHTED_SQUARE,0.5,2.6,ok,1,3.8085999438416636,0.09489379201047726,CASE_0,6.039999789209105e-05
0.0,0.00792572463768116,0.052838164251207735,direct_like,0.0105,2,normal,2,0.5,0.06999999999999999,0.15945780000038212,21,2.7582607142302376,0.0,0.0,45,0.35826071423023753,5,0.2,0.15894339999795193,0.010499999999999995,1.0,0.0933,0.004500000000000001,21,0.35065180469548646,0.38507739438426847,WEIGHTED_SQUARE,0.5,2.4,ok,2,2.9177185142306197,0.03342572463768116,CASE_0,5.0099999498343095e-05
0.0,0.07204184052341533,0.4802789368227689,lshape_or_compressed_astar,0.010500000000000002,3,normal,1,0.5,0.06999999999999999,0.18627599999672384,21,3.6454645286539695,0.0,0.0,45,1.0454645286539694,6,0.2,0.1857850000014878,0.010499999999999997,1.0,0.0933,0.004500000000000001,21,0.31161921380595853,0.35065180469548646,WEIGHTED_SQUARE,0.5,2.6,ok,3,3.8317405286506934,0.09754184052341534,CASE_0,5.239999882178381e-05
0.0,0.007925724637681172,0.05283816425120781,direct_like,0.010499999999999997,2,normal,1,0.5,0.06999999999999999,0.07703010000113863,21,2.7582607142302376,0.0,0.0,45,0.35826071423023753,5,0.2,0.07667179999771179,0.010499999999999997,1.0,0.0933,0.0045,21,0.27715944324662556,0.31161921380595853,WEIGHTED_SQUARE,0.5,2.4,ok,4,2.835290814231376,0.03342572463768116,CASE_0,3.8300000596791506e-05
0.0,0.06939379201047727,0.4626252800698485,lshape_or_compressed_astar,0.010499999999999999,3,normal,2,0.5,0.06999999999999999,0.18658460000006016,21,3.6170824438422002,0.011629866846452048,0.0,45,1.0170824438422001,6,0.2,0.18607699999847682,0.0105,1.0,0.0933,0.004499999999999999,21,0.23898106488565118,0.27715944324662556,WEIGHTED_SQUARE,0.5,2.6,ok,5,3.8036670438422604,0.09489379201047726,CASE_0,5.400000009103678e-05
0.0,0.06470874923988207,0.43139166159921377,lshape_or_compressed_astar,0.010499999999999995,3,normal,1,0.7,0.06999999999999999,0.17475529999865103,21,3.5668676231498617,0.05762830618321948,0.011629866846452048,45,0.9668676231498614,6,0.2,0.1740607000028831,0.010499999999999995,1.0,0.0933,0.004500000000000004,21,0.1979172561045961,0.23898106488565118,WEIGHTED_SQUARE,0.5,2.6,ok,6,3.7416229231485127,0.09020874923988206,CASE_0,6.149999899207614e-05
0.0,0.010841301316325653,0.07227534210883768,direct_like,0.010499999999999995,2,normal,1,0.5,0.06999999999999999,0.07981980000113253,21,2.789510196316459,0.13180192054227075,0.05762830618321948,45,0.3895101963164592,5,0.2,0.07927370000106748,0.010499999999999995,1.0,0.0933,0.004500000000000002,21,0.15812147349005506,0.1979172561045961,WEIGHTED_SQUARE,0.5,2.4,ok,7,2.8693299963175916,0.036341301316325646,CASE_0,6.009999924572185e-05
0.0,0.058685954212002275,0.39123969474668185,astar_like,0.010500000000000002,13,normal,2,0.5,0.06999999999999999,0.2231656000003568,21,5.502314621779231,0.2222672064777328,0.13180192054227075,45,0.9023146217792313,16,0.2,0.2227452999977686,0.010499999999999995,1.0,0.0933,0.004499999999999998,21,0.12608059662552215,0.15812147349005506,WEIGHTED_SQUARE,0.5,4.6,ok,8,5.725480221779588,0.08418595421200227,CASE_0,4.600000102072954e-05
0.0,0.0662826346666612,0.4418842311110748,lshape_or_compressed_astar,0.010499999999999997,3,normal,1,0.5,0.06999999999999999,0.2057752000000619,21,3.5837367059663583,0.37258467833598546,0.2222672064777328,45,0.9837367059663581,6,0.2,0.20517169999948237,0.010499999999999997,1.0,0.0933,0.004499999999999999,21,0.08537301991620552,0.12608059662552215,WEIGHTED_SQUARE,0.5,2.6,ok,9,3.78951190596642,0.0917826346666612,CASE_0,0.0001387999982398469
0.0,0.06436439271996547,0.4290959514664366,astar_like,0.0105,13,normal,2,0.7,0.06999999999999999,0.23043440000037663,21,5.56317677084636,0.5528497409326425,0.37258467833598546,45,0.9631767708463608,16,0.2,0.22990509999726783,0.0105,1.0,0.0933,0.004499999999999993,21,0.0561737322687659,0.08537301991620552,WEIGHTED_SQUARE,0.5,4.6,ok,10,5.793611170846737,0.08986439271996545,CASE_0,6.070000017643906e-05
0.0,0.05033916106572357,0.3355944071048238,astar_like,0.010499999999999997,13,normal,1,0.5,0.020000000000000004,0.1931750000003376,21,5.332466892451485,0.6486190866830736,0.5528497409326425,45,0.7324668924514853,16,0.2,0.19264899999689078,0.0029999999999999966,1.0,0.0933,0.004500000000000002,21,0.041927916603688095,0.0561737322687659,WEIGHTED_SQUARE,0.5,4.6,ok,11,5.525641892451823,0.06833916106572357,CASE_0,4.73000000056345e-05
0.0,0.0022644927536231885,0.015096618357487922,direct_like,0.010499999999999999,2,normal,1,0.5,0.020000000000000004,0.06765969999833032,21,2.6171971356229706,0.7206385404789054,0.6486190866830736,45,0.21719713562297094,5,0.2,0.06730160000006435,0.003000000000000004,1.0,0.0933,0.004499999999999997,21,0.02855134778501704,0.041927916603688095,WEIGHTED_SQUARE,0.5,2.4,ok,12,2.684856835621301,0.020264492753623187,CASE_0,3.420000211917795e-05
0.0,0.006751113051283608,0.04500742034189072,direct_like,0.010499999999999994,2,normal,1,0.3,0.020000000000000004,0.0696269999971264,21,2.6652852417072195,0.8181544935377216,0.7206385404789054,45,0.2652852417072197,5,0.2,0.06896680000136257,0.0029999999999999988,1.0,0.0933,0.004499999999999992,21,0.014812908020089362,0.02855134778501704,WEIGHTED_SQUARE,0.5,2.4,ok,13,2.734912241704346,0.024751113051283594,CASE_0,7.00999989931006e-05
0.0,0.05257063164913786,0.3504708776609191,astar_like,0.010499999999999995,13,normal,0,0.5,0.020000000000000004,0.16141439999773866,21,5.3563840476863644,0.869283065512979,0.8181544935377216,45,0.7563840476863651,16,0.2,0.16056229999958305,0.0029999999999999988,1.0,0.0933,0.004499999999999998,21,0.010532861847145757,0.014812908020089362,WEIGHTED_SQUARE,0.5,4.6,ok,14,5.517798447684103,0.07057063164913786,CASE_0,6.13999982306268e-05
0.0,0.019462777912157152,0.12975185274771436,direct_like,0.010499999999999999,2,normal,2,0.5,0.09000000000000001,0.08888559999832069,22,2.91407050280983,0.0,0.0,45,0.5140705028098301,5,0.2,0.08832740000070771,0.0135,1.0,0.0933,0.004499999999999999,22,0.5155922894457902,0.5739830697905751,WEIGHTED_SQUARE,0.5,2.4,ok,0,3.0029561028081506,0.04796277791215715,CASE_0,5.9399997553555295e-05
0.0,0.010190217391304345,0.06793478260869563,direct_like,0.0105,2,normal,2,0.5,0.09000000000000001,0.07291559999794117,22,2.814686145673144,0.0,0.0,45,0.4146861456731441,5,0.2,0.07255159999840544,0.013500000000000002,1.0,0.0933,0.004499999999999998,22,0.45992627786417206,0.5155922894457902,WEIGHTED_SQUARE,0.5,2.4,ok,1,2.887601745671085,0.03869021739130434,CASE_0,4.380000245873816e-05
0.0,0.01201208268711301,0.08008055124742007,direct_like,0.010500000000000004,2,normal,2,0.7,0.06999999999999999,0.07359279999946011,22,2.8020587640633763,0.0,0.0,45,0.4020587640633765,5,0.2,0.07281890000012936,0.010500000000000004,1.0,0.0933,0.004500000000000004,22,0.4113531051892403,0.45992627786417206,WEIGHTED_SQUARE,0.5,2.4,ok,2,2.8756515640628364,0.03751208268711302,CASE_0,5.3499999921768904e-05
0.0,0.06415970250716155,0.42773135004774365,lshape_or_compressed_astar,0.010499999999999997,3,normal,1,0.5,0.09000000000000001,0.16461850000268896,22,3.593137218726276,0.0,0.0,45,0.9931372187262758,6,0.2,0.16406139999890001,0.013499999999999998,1.0,0.0933,0.004499999999999995,22,0.35625779356673304,0.4113531051892403,WEIGHTED_SQUARE,0.5,2.6,ok,3,3.7577557187289647,0.09265970250716153,CASE_0,5.5900000006658956e-05
0.0,0.010190217391304336,0.06793478260869557,direct_like,0.0105,2,normal,1,0.5,0.06999999999999999,0.06762510000044131,22,2.782531804837131,0.0,0.0,45,0.3825318048371311,5,0.2,0.06702349999977741,0.0105,1.0,0.0933,0.004499999999999995,22,0.31679891730265086,0.35625779356673304,WEIGHTED_SQUARE,0.5,2.4,ok,4,2.850156904837572,0.03569021739130433,CASE_0,9.359999967273325e-05
0.0,0.01016202297932579,0.06774681986217193,direct_like,0.0105,2,normal,1,0.7,0.06999999999999999,0.06269569999858504,22,2.7822296139263214,0.0,0.0,45,0.38222961392632154,5,0.2,0.06227289999878849,0.0105,1.0,0.0933,0.004500000000000004,22,0.2737750430363475,0.31679891730265086,WEIGHTED_SQUARE,0.5,2.4,ok,5,2.8449253139249064,0.035662022979325796,CASE_0,3.5799999750452116e-05
0.0,0.010841301316325673,0.07227534210883782,direct_like,0.010500000000000004,2,normal,1,0.5,0.06999999999999999,0.07747310000195284,22,2.7895101963164595,0.012072434607645875,0.0,45,0.38951019631645956,5,0.2,0.07693769999968936,0.010499999999999997,1.0,0.0933,0.004499999999999997,22,0.23053347391201034,0.2737750430363475,WEIGHTED_SQUARE,0.5,2.4,ok,6,2.8669832963184123,0.03634130131632567,CASE_0,6.0599999414989725e-05
0.0,0.007925724637681158,0.052838164251207714,direct_like,0.010500000000000004,2,normal,1,0.5,0.06999999999999999,0.07344559999910416,22,2.7582607142302376,0.07631954350927246,0.012072434607645875,45,0.35826071423023753,5,0.2,0.07292340000276454,0.010500000000000004,1.0,0.0933,0.004499999999999997,22,0.19210334740922322,0.23053347391201034,WEIGHTED_SQUARE,0.5,2.4,ok,7,2.8317063142293417,0.03342572463768116,CASE_0,3.5499997466104105e-05
0.0,0.05698562562214103,0.3799041708142736,astar_like,0.010499999999999995,7,normal,2,0.5,0.06999999999999999,0.23124059999827296,22,4.28409030677536,0.1430203770710341,0.07631954350927246,45,0.8840903067753594,10,0.2,0.23072429999956512,0.010499999999999995,1.0,0.0933,0.004500000000000003,22,0.1588750592245133,0.19210334740922322,WEIGHTED_SQUARE,0.5,3.4000000000000004,ok,8,4.515330906773633,0.08248562562214103,CASE_0,4.9199999921256676e-05
0.0,0.06977091322911577,0.4651394215274385,lshape_or_compressed_astar,0.010500000000000002,3,normal,1,0.5,0.06999999999999999,0.20125849999749335,22,3.6211244719090656,0.26007096639532457,0.1430203770710341,45,1.0211244719090653,6,0.2,0.20062030000190134,0.010500000000000002,1.0,0.0933,0.004500000000000003,22,0.12047653963636168,0.1588750592245133,WEIGHTED_SQUARE,0.5,2.6,ok,9,3.822382971906559,0.0952709132291158,CASE_0,6.81000019540079e-05
0.0,0.06472128395886742,0.4314752263924495,astar_like,0.010499999999999997,13,normal,2,0.7,0.06999999999999999,0.23697719999836409,22,5.567001971692041,0.4434530986255124,0.26007096639532457,45,0.9670019716920409,16,0.2,0.23629749999963678,0.010499999999999997,1.0,0.0933,0.004499999999999997,22,0.08098792022143782,0.12047653963636168,WEIGHTED_SQUARE,0.5,4.6,ok,10,5.803979171690405,0.09022128395886742,CASE_0,6.149999899207614e-05
0.0,0.058223768830059516,0.38815845886706346,lshape_or_compressed_astar,0.010499999999999997,3,normal,1,0.5,0.06999999999999999,0.1988469999996596,22,3.4973608663457614,0.7432041642567958,0.4434530986255124,45,0.8973608663457612,6,0.2,0.19841140000062296,0.010499999999999997,1.0,0.0933,0.004500000000000002,22,0.028942763714150457,0.08098792022143782,WEIGHTED_SQUARE,0.5,2.6,ok,11,3.696207866345421,0.08372376883005951,CASE_0,4.8400001105619594e-05
0.0,0.007925724637681179,0.05283816425120787,direct_like,0.010499999999999997,2,normal,1,0.5,0.020000000000000004,0.0723824999986391,22,2.6778748621402055,0.8544615384615385,0.7432041642567958,45,0.27787486214020557,5,0.2,0.07186979999823961,0.002999999999999998,1.0,0.0933,0.004500000000000002,22,0.01525346058883506,0.028942763714150457,WEIGHTED_SQUARE,0.5,2.4,ok,12,2.7502573621388446,0.025925724637681176,CASE_0,5.120000059832819e-05
0.0,0.026480682253021158,0.1765378816868077,direct_like,0.010499999999999999,2,normal,2,0.5,0.09000000000000001,0.09810220000144909,23,2.9892891988533883,0.0,0.0,45,0.5892891988533886,5,0.2,0.09749360000205343,0.013500000000000002,1.0,0.0933,0.004499999999999995,23,0.4090437389954288,0.47080029224662256,WEIGHTED_SQUARE,0.5,2.4,ok,0,3.0873913988548374,0.054980682253021156,CASE_0,5.790000068373047e-05
0.0,0.010190217391304345,0.06793478260869563,direct_like,0.010499999999999999,2,normal,2,0.5,0.09000000000000001,0.07181799999671057,23,2.814686145673144,0.0,0.0,45,0.4146861456731441,5,0.2,0.0712788000018918,0.0135,1.0,0.0933,0.004499999999999998,23,0.3496249445709766,0.4090437389954288,WEIGHTED_SQUARE,0.5,2.4,ok,1,2.8865041456698544,0.03869021739130434,CASE_0,5.2900002629030496e-05
0.0,0.01019021739130434,0.06793478260869559,direct_like,0.010500000000000004,2,normal,2,0.5,0.06999999999999999,0.07191189999866765,23,2.7825318048371313,0.0,0.0,45,0.38253180483713123,5,0.2,0.07155300000158604,0.010499999999999995,1.0,0.0933,0.004499999999999998,23,0.30599213976066764,0.3496249445709766,WEIGHTED_SQUARE,0.5,2.4,ok,2,2.854443704835799,0.03569021739130434,CASE_0,3.460000152699649e-05
0.0,0.01016202297932589,0.06774681986217258,direct_like,0.010500000000000004,2,normal,2,0.7,0.06999999999999999,0.06931859999895096,23,2.7822296139263227,0.0,0.0,45,0.38222961392632265,5,0.2,0.06880930000261287,0.010500000000000004,1.0,0.0933,0.004500000000000003,23,0.2562371399815375,0.30599213976066764,WEIGHTED_SQUARE,0.5,2.4,ok,3,2.8515482139252737,0.0356620229793259,CASE_0,5.560000136028975e-05
0.0,0.06457820932123454,0.430521395474897,lshape_or_compressed_astar,0.010499999999999999,3,normal,1,0.5,0.06999999999999999,0.17484719999993104,23,3.5654684814708952,0.03249529673336754,0.0,45,0.9654684814708954,6,0.2,0.17441460000191,0.010499999999999999,1.0,0.0933,0.004499999999999997,23,0.2134609747823658,0.2562371399815375,WEIGHTED_SQUARE,0.5,2.6,ok,4,3.7403156814708263,0.09007820932123453,CASE_0,3.7000001611886546e-05
0.0,0.007925724637681169,0.0528381642512078,direct_like,0.0105,2,normal,1,0.5,0.06999999999999999,0.05980170000111684,23,2.7582607142302376,0.10709701081973226,0.03249529673336754,45,0.35826071423023764,5,0.2,0.05926800000088406,0.0105,1.0,0.0933,0.004499999999999998,23,0.176030566893749,0.2134609747823658,WEIGHTED_SQUARE,0.5,2.4,ok,5,2.8180624142313544,0.03342572463768117,CASE_0,4.8000001697801054e-05
0.0,0.0772449849182972,0.5149665661219813,lshape_or_compressed_astar,0.010500000000000004,3,normal,2,0.7,0.06999999999999999,0.1838650999998208,23,3.701232421417977,0.21544715447154472,0.10709701081973226,45,1.1012324214179767,6,0.2,0.1833732000013697,0.010499999999999995,1.0,0.0933,0.004499999999999999,23,0.133790260830654,0.176030566893749,WEIGHTED_SQUARE,0.5,2.6,ok,6,3.885097521417798,0.10274498491829721,CASE_0,8.860000161803328e-05
0.0,0.06479784044281456,0.43198560295209704,lshape_or_compressed_astar,0.010499999999999997,3,normal,1,0.5,0.06999999999999999,0.18630169999960344,23,3.567822512784722,0.3999536822603057,0.21544715447154472,45,0.967822512784722,6,0.2,0.18574359999911394,0.010499999999999997,1.0,0.0933,0.004500000000000002,23,0.08404444040158376,0.133790260830654,WEIGHTED_SQUARE,0.5,2.6,ok,7,3.7541242127843253,0.09029784044281455,CASE_0,6.0599999414989725e-05
0.0,0.00792572463768115,0.05283816425120766,direct_like,0.0105,2,normal,1,0.5,0.06999999999999999,0.07483869999850867,23,2.7582607142302376,0.6235102925243771,0.3999536822603057,45,0.3582607142302374,5,0.2,0.07432450000123936,0.0105,1.0,0.0933,0.004499999999999996,23,0.04227091132933394,0.08404444040158376,WEIGHTED_SQUARE,0.5,2.4,ok,8,2.8330994142287462,0.03342572463768115,CASE_0,3.710000237333588e-05
0.0,0.06497915898609925,0.4331943932406617,astar_like,0.010499999999999999,13,normal,2,0.7,0.020000000000000004,0.24598409999816795,23,5.489380053441578,0.7128656631638739,0.6235102925243771,45,0.8893800534415782,16,0.2,0.24560879999989993,0.0029999999999999944,1.0,0.0933,0.00450000000000001,23,0.02897554307551274,0.04227091132933394,WEIGHTED_SQUARE,0.5,4.6,ok,9,5.735364153439746,0.08297915898609924,CASE_0,4.329999865149148e-05
0.0,0.05628101221924772,0.37520674812831817,astar_like,0.010500000000000004,7,normal,1,0.5,0.020000000000000004,0.17010010000012699,23,4.196152328180577,0.8182365332530845,0.7128656631638739,45,0.796152328180576,10,0.2,0.16952410000158125,0.0029999999999999988,1.0,0.0933,0.004500000000000006,23,0.01783052253151137,0.02897554307551274,WEIGHTED_SQUARE,0.5,3.4000000000000004,ok,10,4.366252428180704,0.07428101221924774,CASE_0,6.320000102277845e-05
0.0,0.06100078351158061,0.4066718900772041,astar_like,0.010499999999999997,12,normal,2,0.7,0.020000000000000004,0.19129919999977574,23,5.246739373114476,0.8893058161350844,0.8182365332530845,45,0.8467393731144761,15,0.2,0.19082840000191936,0.003000000000000006,1.0,0.0933,0.004499999999999998,23,0.0105309253715412,0.01783052253151137,WEIGHTED_SQUARE,0.5,4.4,ok,11,5.438038573114252,0.07900078351158062,CASE_0,4.389999958220869e-05
0.0,0.028366394185228645,0.18910929456819095,direct_like,0.010499999999999999,2,normal,1,0.5,0.09000000000000001,0.09181729999909294,24,3.0095004735823006,0.0,0.0,45,0.6095004735823006,5,0.2,0.091453700002603,0.013500000000000003,1.0,0.0933,0.004499999999999998,24,0.49474782139038737,0.5435533068055083,WEIGHTED_SQUARE,0.5,2.4,ok,0,3.1013177735813935,0.056866394185228646,CASE_0,4.229999831295572e-05
0.0,0.07324909115750655,0.4883272743833771,lshape_or_compressed_astar,0.0105,3,normal,2,0.5,0.09000000000000001,0.16572050000104355,24,3.690558318944336,0.0,0.0,45,1.090558318944336,6,0.2,0.1651796000005561,0.013500000000000005,1.0,0.0933,0.004499999999999998,24,0.44769973901083204,0.49474782139038737,WEIGHTED_SQUARE,0.5,2.6,ok,1,3.8562788189453796,0.10174909115750655,CASE_0,6.0200000007171184e-05
0.0,0.07446691666125652,0.49644611107504344,lshape_or_compressed_astar,0.010499999999999999,3,normal,1,0.5,0.09000000000000001,0.16534909999973024,24,3.7036111110531245,0.0,0.0,45,1.1036111110531246,6,0.2,0.16460270000243327,0.013500000000000003,1.0,0.0933,0.004499999999999998,24,0.39873617202267103,0.44769973901083204,WEIGHTED_SQUARE,0.5,2.6,ok,2,3.8689602110528547,0.10296691666125651,CASE_0,6.209999992279336e-05
0.0,0.07324909115750661,0.4883272743833774,lshape_or_compressed_astar,0.0105,3,normal,2,0.5,0.06999999999999999,0.1740942999967956,24,3.658403978108324,0.0,0.0,45,1.0584039781083239,6,0.2,0.1735681000027398,0.010499999999999997,1.0,0.0933,0.004499999999999999,24,0.3617803427164499,0.39873617202267103,WEIGHTED_SQUARE,0.5,2.6,ok,3,3.8324982781051196,0.0987490911575066,CASE_0,5.3499999921768904e-05
0.0,0.07207115639596678,0.4804743759731119,lshape_or_compressed_astar,0.010500000000000002,3,normal,1,0.5,0.06999999999999999,0.16288469999926747,24,3.645778739506611,0.0,0.0,45,1.045778739506611,6,0.2,0.16232180000224616,0.010499999999999994,1.0,0.0933,0.0045000000000000005,24,0.3240861137547723,0.3617803427164499,WEIGHTED_SQUARE,0.5,2.6,ok,4,3.8086634395058785,0.0975711563959668,CASE_0,5.690000034519471e-05
0.0,0.07112395878193922,0.4741597252129282,lshape_or_compressed_astar,0.010500000000000002,3,normal,2,0.5,0.06999999999999999,0.16048809999847435,24,3.6356265678664443,0.0,0.0,45,1.0356265678664442,6,0.2,0.15999079999892274,0.010500000000000002,1.0,0.0933,0.0045000000000000005,24,0.28724559848533415,0.3240861137547723,WEIGHTED_SQUARE,0.5,2.6,ok,5,3.7961146678649187,0.09662395878193925,CASE_0,5.210000017541461e-05
0.0,0.07207115639596709,0.48047437597311393,lshape_or_compressed_astar,0.010500000000000002,3,normal,1,0.5,0.06999999999999999,0.15906660000109696,24,3.645778739506614,0.01497872340425532,0.0,45,1.0457787395066143,6,0.2,0.1583409999984724,0.010500000000000002,1.0,0.0933,0.0045000000000000005,24,0.24948059862492356,0.28724559848533415,WEIGHTED_SQUARE,0.5,2.6,ok,6,3.804845339507711,0.09757115639596711,CASE_0,5.400000009103678e-05
0.0,0.0711239587819391,0.4741597252129274,lshape_or_compressed_astar,0.0105,3,normal,2,0.5,0.06999999999999999,0.16164280000157305,24,3.635626567866443,0.04520069808027923,0.01497872340425532,45,1.0356265678664427,6,0.2,0.16111369999998715,0.0105,1.0,0.0933,0.0045,24,0.21284392700943564,0.24948059862492356,WEIGHTED_SQUARE,0.5,2.6,ok,7,3.797269367868016,0.09662395878193909,CASE_0,5.909999890718609e-05
0.0,0.07207115639596715,0.4804743759731144,lshape_or_compressed_astar,0.010499999999999997,3,normal,1,0.5,0.06999999999999999,0.18580999999903725,24,3.645778739506615,0.09573494416987004,0.04520069808027923,45,1.0457787395066147,6,0.2,0.1851431999966735,0.010499999999999997,1.0,0.0933,0.004499999999999999,24,0.17497660864142467,0.21284392700943564,WEIGHTED_SQUARE,0.5,2.6,ok,8,3.8315887395056523,0.09757115639596714,CASE_0,5.8000001445179805e-05
0.0,0.07112395878193924,0.47415972521292826,lshape_or_compressed_astar,0.010500000000000006,3,normal,2,0.5,0.06999999999999999,0.17438939999919967,24,3.6356265678664443,0.17408351303665948,0.09573494416987004,45,1.0356265678664442,6,0.2,0.1738623999990523,0.010499999999999997,1.0,0.0933,0.004499999999999999,24,0.13878950858751743,0.17497660864142467,WEIGHTED_SQUARE,0.5,2.6,ok,9,3.810015967865644,0.09662395878193925,CASE_0,5.3400002798298374e-05
0.0,0.07207115639596715,0.4804743759731143,lshape_or_compressed_astar,0.010500000000000004,3,normal,1,0.5,0.06999999999999999,0.1810929000021133,24,3.645778739506615,0.2904546433958199,0.17408351303665948,45,1.0457787395066147,6,0.2,0.18034329999863985,0.010499999999999995,1.0,0.0933,0.004499999999999998,24,0.10079949968170705,0.13878950858751743,WEIGHTED_SQUARE,0.5,2.6,ok,10,3.8268716395087283,0.09757115639596715,CASE_0,7.069999992381781e-05
0.0,0.07112395878193935,0.474159725212929,lshape_or_compressed_astar,0.010500000000000004,3,normal,2,0.5,0.06999999999999999,0.18833420000009937,24,3.6356265678664457,0.45538536348164355,0.2904546433958199,45,1.0356265678664456,6,0.2,0.18777849999969476,0.010500000000000004,1.0,0.0933,0.004499999999999998,24,0.0662576420237749,0.10079949968170705,WEIGHTED_SQUARE,0.5,2.6,ok,11,3.823960767866545,0.09662395878193937,CASE_0,5.950000195298344e-05
0.0,0.072071156395967,0.4804743759731134,lshape_or_compressed_astar,0.010499999999999995,3,normal,1,0.5,0.020000000000000004,0.18464600000152132,24,3.5653928874165812,0.5212198221092758,0.45538536348164355,45,0.965392887416581,6,0.2,0.18426410000029136,0.002999999999999999,1.0,0.0933,0.004499999999999998,24,0.05305695868768736,0.0662576420237749,WEIGHTED_SQUARE,0.5,2.6,ok,12,3.7500388874181025,0.09007115639596701,CASE_0,4.510000144364312e-05
0.0,0.0022644927536232084,0.015096618357488056,direct_like,0.010499999999999995,2,normal,1,0.5,0.020000000000000004,0.05220969999936642,24,2.617197135622971,0.6043396731851058,0.5212198221092758,45,0.21719713562297116,5,0.2,0.051714900000661146,0.0030000000000000074,1.0,0.0933,0.004499999999999998,24,0.04117935673705471,0.05305695868768736,WEIGHTED_SQUARE,0.5,2.4,ok,13,2.6694068356223375,0.020264492753623208,CASE_0,5.3599997045239434e-05
0.0,0.0022644927536231564,0.01509661835748771,direct_like,0.010500000000000004,2,normal,1,0.5,0.020000000000000004,0.06257120000009309,24,2.6171971356229706,0.6873231465761177,0.6043396731851058,45,0.21719713562297063,5,0.2,0.062079999999696156,0.002999999999999999,1.0,0.0933,0.004499999999999998,24,0.03213455279614168,0.04117935673705471,WEIGHTED_SQUARE,0.5,2.4,ok,14,2.6797683356230637,0.02026449275362316,CASE_0,4.3799998820759356e-05
0.0,0.06581112784302112,0.4387408522868075,lshape_or_compressed_astar,0.010500000000000004,3,normal,2,0.5,0.020000000000000004,0.16619640000135405,24,3.4982971901717166,0.7754615842763549,0.6873231465761177,45,0.8982971901717164,6,0.2,0.1656833999986702,0.002999999999999999,1.0,0.0933,0.004500000000000007,24,0.02022103833790595,0.03213455279614168,WEIGHTED_SQUARE,0.5,2.6,ok,15,3.6644935901730706,0.08381112784302114,CASE_0,5.889999738428742e-05
0.0,0.05935308094989786,0.3956872063326524,lshape_or_compressed_astar,0.010500000000000002,3,normal,1,0.7,0.020000000000000004,0.16138329999739653,24,3.42907910985957,0.8665214685749845,0.7754615842763549,45,0.82907910985957,6,0.2,0.1607378000007884,0.0029999999999999983,1.0,0.0933,0.004500000000000006,24,0.014190720692087612,0.02022103833790595,WEIGHTED_SQUARE,0.5,2.6,ok,16,3.5904624098569666,0.07735308094989787,CASE_0,3.989999822806567e-05
0.0,0.02024946967195443,0.1349964644796962,direct_like,0.010499999999999999,2,normal,2,0.5,0.09000000000000001,0.08344859999851906,25,2.922502354468965,0.0,0.0,45,0.522502354468965,5,0.2,0.08291680000183987,0.013500000000000003,1.0,0.0933,0.0045,25,0.46718292583779264,0.5213247460507733,WEIGHTED_SQUARE,0.5,2.4,ok,0,3.005950954467484,0.048749469671954426,CASE_0,5.5100001191021875e-05
0.0,0.010190217391304341,0.0679347826086956,direct_like,0.0105,2,normal,2,0.5,0.09000000000000001,0.06992629999876954,25,2.814686145673144,0.0,0.0,45,0.4146861456731441,5,0.2,0.06956859999991138,0.013500000000000003,1.0,0.0933,0.004499999999999999,25,0.41709755627395734,0.46718292583779264,WEIGHTED_SQUARE,0.5,2.4,ok,1,2.8846124456719133,0.03869021739130434,CASE_0,3.49000001733657e-05
0.0,0.01019021739130434,0.06793478260869559,direct_like,0.0105,2,normal,2,0.5,0.06999999999999999,0.16400549999889336,25,2.7825318048371313,0.0,0.0,45,0.38253180483713123,5,0.2,0.1635418000005302,0.0105,1.0,0.0933,0.004499999999999997,25,0.38197438508474824,0.41709755627395734,WEIGHTED_SQUARE,0.5,2.4,ok,2,2.9465373048360246,0.03569021739130434,CASE_0,0.00010130000009667128
0.0,0.06810859115746953,0.45405727438313026,lshape_or_compressed_astar,0.010500000000000002,3,normal,1,0.5,0.06999999999999999,0.19493019999936223,25,3.603307515085419,0.0,0.0,45,1.0033075150854185,6,0.2,0.19450969999888912,0.0105,1.0,0.0933,0.004499999999999999,25,0.3425795893340362,0.38197438508474824,WEIGHTED_SQUARE,0.5,2.6,ok,3,3.798237715084781,0.09360859115746954,CASE_0,3.8899997889529914e-05
0.0,0.007925724637681151,0.05283816425120769,direct_like,0.0105,2,normal,1,0.5,0.06999999999999999,0.08786099999997532,25,2.7582607142302376,0.0,0.0,45,0.3582607142302374,5,0.2,0.08739640000203508,0.0105,1.0,0.0933,0.004499999999999997,25,0.3072488068720196,0.3425795893340362,WEIGHTED_SQUARE,0.5,2.4,ok,4,2.846121714230213,0.03342572463768115,CASE_0,4.740000076708384e-05
0.0,0.07167174133636824,0.4778116089091216,lshape_or_compressed_astar,0.0105,3,normal,2,0.5,0.06999999999999999,0.1857196999990265,25,3.641497763519488,0.0024719841793012527,0.0,45,1.041497763519488,6,0.2,0.18510080000123708,0.010499999999999997,1.0,0.0933,0.004499999999999995,25,0.26817600209000425,0.3072488068720196,WEIGHTED_SQUARE,0.5,2.6,ok,5,3.8272174635185143,0.09717174133636822,CASE_0,6.519999806187116e-05
0.0,0.0681085911574696,0.4540572743831307,lshape_or_compressed_astar,0.010500000000000002,3,normal,1,0.5,0.06999999999999999,0.1648062000022037,25,3.603307515085419,0.014598540145985401,0.0024719841793012527,45,1.003307515085419,6,0.2,0.16426879999926314,0.010499999999999994,1.0,0.0933,0.004499999999999997,25,0.23354825929266868,0.26817600209000425,WEIGHTED_SQUARE,0.5,2.6,ok,6,3.7681137150876225,0.09360859115746958,CASE_0,5.529999907594174e-05
0.0,0.0716717413363681,0.47781160890912067,lshape_or_compressed_astar,0.010500000000000002,3,normal,2,0.5,0.06999999999999999,0.1913922999992792,25,3.641497763519487,0.07465584186374867,0.014598540145985401,45,1.0414977635194866,6,0.2,0.19079770000098506,0.010499999999999997,1.0,0.0933,0.004499999999999999,25,0.19401699406601686,0.23354825929266868,WEIGHTED_SQUARE,0.5,2.6,ok,7,3.832890063518766,0.09717174133636809,CASE_0,6.939999730093405e-05
0.0,0.0681085911574694,0.45405727438312926,lshape_or_compressed_astar,0.010500000000000002,3,normal,1,0.5,0.06999999999999999,0.16159399999742163,25,3.603307515085417,0.1334321719792439,0.07465584186374867,45,1.003307515085417,6,0.2,0.16106790000048932,0.010499999999999994,1.0,0.0933,0.004499999999999997,25,0.16080938531869673,0.19401699406601686,WEIGHTED_SQUARE,0.5,2.6,ok,8,3.7649015150828387,0.09360859115746939,CASE_0,5.199999941396527e-05
0.0,0.07167174133636808,0.4778116089091206,lshape_or_compressed_astar,0.010500000000000006,3,normal,2,0.5,0.06999999999999999,0.19202170000062324,25,3.6414977635194865,0.2421890953645089,0.1334321719792439,45,1.0414977635194864,6,0.2,0.1916086000019277,0.010499999999999997,1.0,0.0933,0.004499999999999997,25,0.12054313504379931,0.16080938531869673,WEIGHTED_SQUARE,0.5,2.6,ok,9,3.8335194635201097,0.09717174133636808,CASE_0,3.769999966607429e-05
0.0,0.06810859115746937,0.4540572743831291,lshape_or_compressed_astar,0.010499999999999999,3,normal,1,0.5,0.06999999999999999,0.18373269999938202,25,3.6033075150854166,0.388422247446084,0.2421890953645089,45,1.0033075150854165,6,0.2,0.18321840000135126,0.010499999999999999,1.0,0.0933,0.004499999999999997,25,0.09158749337624084,0.12054313504379931,WEIGHTED_SQUARE,0.5,2.6,ok,10,3.7870402150847986,0.09360859115746936,CASE_0,5.239999882178381e-05
0.0,0.07167174133636847,0.47781160890912316,lshape_or_compressed_astar,0.010499999999999997,3,normal,2,0.5,0.06999999999999999,0.1918179999993299,25,3.6414977635194905,0.6084082496033845,0.388422247446084,45,1.0414977635194906,6,0.2,0.19137469999986934,0.010499999999999997,1.0,0.0933,0.004499999999999998,25,0.05056682974260235,0.09158749337624084,WEIGHTED_SQUARE,0.5,2.6,ok,11,3.8333157635188204,0.09717174133636847,CASE_0,4.1799998143687844e-05
0.0,0.07287620470819531,0.485841364721302,lshape_or_compressed_astar,0.010500000000000004,3,normal,1,0.3,0.020000000000000004,0.18899310000051628,25,3.5740214866901963,0.6837725381414702,0.6084082496033845,45,0.9740214866901963,6,0.2,0.18826800000169897,0.002999999999999993,1.0,0.0933,0.004499999999999998,25,0.037671923670270176,0.05056682974260235,WEIGHTED_SQUARE,0.5,2.6,ok,12,3.7630145866907125,0.09087620470819531,CASE_0,9.089999730349518e-05
0.0,0.05766390499149818,0.38442603327665453,lshape_or_compressed_astar,0.010500000000000002,3,normal,2,0.3,0.020000000000000004,0.16910920000009355,25,3.410974330026776,0.7801459854014599,0.6837725381414702,45,0.810974330026776,6,0.2,0.16842449999967357,0.0029999999999999983,1.0,0.0933,0.0045,25,0.02139934309106016,0.037671923670270176,WEIGHTED_SQUARE,0.5,2.6,ok,13,3.5800835300268696,0.0756639049914982,CASE_0,5.810000220662914e-05
0.0,0.004381969655091948,0.029213131033946318,direct_like,0.0105,2,normal,2,0.3,0.020000000000000004,0.06435219999912078,25,2.639892493623708,0.8753836709637814,0.7801459854014599,45,0.23989249362370796,5,0.2,0.06379269999888493,0.0029999999999999996,1.0,0.0933,0.004500000000000003,25,0.01345115372869269,0.02139934309106016,WEIGHTED_SQUARE,0.5,2.4,ok,14,2.7042446936228286,0.02238196965509195,CASE_0,5.9300000430084765e-05
0.0,0.021132485738357968,0.1408832382557198,direct_like,0.0105,2,normal,2,0.5,0.09000000000000001,0.08962750000137021,26,2.931966620989903,0.0,0.0,45,0.5319666209899032,5,0.2,0.08897639999850071,0.0135,1.0,0.0933,0.0045,26,0.533059886201494,0.595264678214317,WEIGHTED_SQUARE,0.5,2.4,ok,0,3.0215941209912733,0.04963248573835796,CASE_0,4.270000135875307e-05
0.0,0.010190217391304345,0.06793478260869563,direct_like,0.010500000000000002,2,normal,2,0.5,0.09000000000000001,0.07222140000158106,26,2.8146861456731442,0.0,0.0,45,0.41468614567314416,5,0.2,0.07167699999990873,0.013500000000000003,1.0,0.0933,0.004499999999999997,26,0.47243562798102734,0.533059886201494,WEIGHTED_SQUARE,0.5,2.4,ok,1,2.8869075456747253,0.03869021739130435,CASE_0,5.419999797595665e-05
0.0,0.010190217391304362,0.06793478260869575,direct_like,0.0105,2,normal,2,0.5,0.09000000000000001,0.07263609999790788,26,2.8146861456731442,0.0,0.0,45,0.41468614567314427,5,0.2,0.07224459999997634,0.013500000000000002,1.0,0.0933,0.0045,26,0.41408704174253996,0.47243562798102734,WEIGHTED_SQUARE,0.5,2.4,ok,2,2.887322245671052,0.038690217391304356,CASE_0,3.899999865097925e-05
0.0,0.010190217391304348,0.06793478260869565,direct_like,0.010499999999999997,2,normal,2,0.5,0.09000000000000001,0.07217250000030617,26,2.8146861456731442,0.0,0.0,45,0.41468614567314416,5,0.2,0.07160099999964586,0.013499999999999998,1.0,0.0933,0.004500000000000002,26,0.35912743846084383,0.41408704174253996,WEIGHTED_SQUARE,0.5,2.4,ok,3,2.8868586456734504,0.03869021739130435,CASE_0,6.110000322223641e-05
0.0,0.010190217391304338,0.06793478260869559,direct_like,0.010500000000000004,2,normal,2,0.5,0.06999999999999999,0.07310030000007828,26,2.7825318048371313,0.0,0.0,45,0.38253180483713123,5,0.2,0.07273390000045765,0.010500000000000004,1.0,0.0933,0.0045,26,0.31985353467834826,0.35912743846084383,WEIGHTED_SQUARE,0.5,2.4,ok,4,2.8556321048372095,0.03569021739130434,CASE_0,3.619999915827066e-05
0.0,0.007925724637681177,0.05283816425120785,direct_like,0.0105,2,normal,2,0.5,0.06999999999999999,0.09950889999890933,26,2.7582607142302376,0.0,0.0,45,0.35826071423023753,5,0.2,0.09901850000096601,0.010499999999999992,1.0,0.0933,0.004499999999999997,26,0.28501466436394496,0.31985353467834826,WEIGHTED_SQUARE,0.5,2.4,ok,5,2.857769614229147,0.03342572463768116,CASE_0,5.189999865251593e-05
0.0,0.05660520782964417,0.37736805219762787,astar_like,0.010500000000000002,7,normal,1,0.5,0.06999999999999999,0.20553120000113267,26,4.280012945655351,0.009003001000333445,0.0,45,0.8800129456553503,10,0.2,0.20487739999953192,0.010499999999999997,1.0,0.0933,0.004499999999999997,26,0.24607654717353677,0.28501466436394496,WEIGHTED_SQUARE,0.5,3.4000000000000004,ok,6,4.485544145656483,0.08210520782964417,CASE_0,4.5000000682193786e-05
0.0,0.07016439267653554,0.4677626178435703,lshape_or_compressed_astar,0.010500000000000002,3,normal,2,0.5,0.06999999999999999,0.17463389999829815,26,3.625341829330499,0.03559206023271732,0.009003001000333445,45,1.0253418293304992,6,0.2,0.17394559999956982,0.010500000000000002,1.0,0.0933,0.004499999999999997,26,0.21233497650206742,0.24607654717353677,WEIGHTED_SQUARE,0.5,2.6,ok,7,3.7999757293287972,0.09566439267653556,CASE_0,7.310000000870787e-05
0.0,0.0566631610611105,0.37775440707407,astar_like,0.010499999999999995,9,normal,1,0.5,0.06999999999999999,0.21810180000102264,26,4.680634094974389,0.11626627544470934,0.03559206023271732,45,0.8806340949743892,12,0.2,0.2175582999989274,0.010499999999999995,1.0,0.0933,0.004500000000000002,26,0.17310756445438966,0.21233497650206742,WEIGHTED_SQUARE,0.5,3.8,ok,8,4.898735894975411,0.0821631610611105,CASE_0,6.800000119255856e-05
0.0,0.07830406379143996,0.5220270919429331,lshape_or_compressed_astar,0.010499999999999999,3,normal,2,0.7,0.06999999999999999,0.1812720999987505,26,3.712583749104394,0.21490086120568797,0.11626627544470934,45,1.112583749104394,6,0.2,0.18061179999858723,0.010499999999999992,1.0,0.0933,0.004500000000000002,26,0.1346631371759273,0.17310756445438966,WEIGHTED_SQUARE,0.5,2.6,ok,9,3.8938558491031445,0.10380406379143996,CASE_0,7.360000017797574e-05
0.0,0.06391469068966833,0.4260979379311222,lshape_or_compressed_astar,0.010499999999999997,3,normal,1,0.5,0.06999999999999999,0.16686509999999544,26,3.558356813394087,0.40189507742084585,0.21490086120568797,45,0.9583568133940872,6,0.2,0.16634360000171,0.010499999999999997,1.0,0.0933,0.004500000000000003,26,0.08331742813309943,0.1346631371759273,WEIGHTED_SQUARE,0.5,2.6,ok,10,3.7252219133940825,0.08941469068966833,CASE_0,4.0800001443130895e-05
0.0,0.007925724637681169,0.052838164251207784,direct_like,0.010499999999999997,2,normal,1,0.5,0.06999999999999999,0.06051899999874877,26,2.7582607142302376,0.6474741988049972,0.40189507742084585,45,0.35826071423023753,5,0.2,0.05998539999927743,0.010499999999999997,1.0,0.0933,0.0044999999999999945,26,0.036496190754723365,0.08331742813309943,WEIGHTED_SQUARE,0.5,2.4,ok,11,2.8187797142289863,0.03342572463768116,CASE_0,6.070000017643906e-05
0.0,0.007925724637681169,0.05283816425120779,direct_like,0.010500000000000006,2,normal,1,0.5,0.020000000000000004,0.05809930000032182,26,2.6778748621402055,0.7272209567198178,0.6474741988049972,45,0.27787486214020546,5,0.2,0.05755009999847971,0.0029999999999999966,1.0,0.0933,0.0044999999999999945,26,0.027504566737994438,0.036496190754723365,WEIGHTED_SQUARE,0.5,2.4,ok,12,2.7359741621405274,0.025925724637681166,CASE_0,7.310000000870787e-05
0.0,0.06605796564295391,0.44038643761969276,lshape_or_compressed_astar,0.010500000000000006,3,normal,2,0.5,0.020000000000000004,0.1671695999975782,26,3.500942825755133,0.8404126213592233,0.7272209567198178,45,0.9009428257551331,6,0.2,0.16665069999726256,0.0029999999999999966,1.0,0.0933,0.0044999999999999945,26,0.016426844183056476,0.027504566737994438,WEIGHTED_SQUARE,0.5,2.6,ok,13,3.668112425752711,0.08405796564295391,CASE_0,5.419999797595665e-05
0.0,0.0596929173827727,0.397952782551818,lshape_or_compressed_astar,0.010500000000000006,3,normal,1,0.7,0.020000000000000004,0.15533569999752217,26,3.432721515356621,0.8927680798004988,0.8404126213592233,45,0.8327215153566206,6,0.2,0.1544374000004609,0.0029999999999999966,1.0,0.0933,0.0044999999999999945,26,0.00965152718915721,0.016426844183056476,WEIGHTED_SQUARE,0.5,2.6,ok,14,3.588057215354143,0.0776929173827727,CASE_0,6.239999856916256e-05
0.0,0.026144260965832323,0.17429507310554881,direct_like,0.0105,2,normal,2,0.5,0.09000000000000001,0.0973532999996678,27,2.985683397275802,0.0,0.0,45,0.585683397275802,5,0.2,0.09677629999714554,0.013500000000000003,1.0,0.0933,0.004499999999999999,27,0.48954563262026696,0.5532538294968091,WEIGHTED_SQUARE,0.5,2.4,ok,0,3.0830366972754697,0.054644260965832324,CASE_0,5.410000085248612e-05
0.0,0.01019021739130436,0.06793478260869575,direct_like,0.010500000000000004,2,normal,2,0.5,0.09000000000000001,0.071745600002032,27,2.8146861456731442,0.0,0.0,45,0.4146861456731443,5,0.2,0.07138229999691248,0.013500000000000002,1.0,0.0933,0.004499999999999997,27,0.4271382977005791,0.48954563262026696,WEIGHTED_SQUARE,0.5,2.4,ok,1,2.8864317456751762,0.03869021739130436,CASE_0,4.27999984822236e-05
0.0,0.010190217391304367,0.06793478260869579,direct_like,0.0105,2,normal,2,0.5,0.09000000000000001,0.07445609999922453,27,2.8146861456731442,0.0,0.0,45,0.4146861456731443,5,0.2,0.07388170000194805,0.013499999999999996,1.0,0.0933,0.004499999999999997,27,0.36670620813554056,0.4271382977005791,WEIGHTED_SQUARE,0.5,2.4,ok,2,2.8891422456723688,0.03869021739130436,CASE_0,6.000000212225132e-05
0.0,0.010190217391304345,0.06793478260869563,direct_like,0.010499999999999999,2,normal,2,0.5,0.06999999999999999,0.07177619999856688,27,2.7825318048371313,0.0,0.0,45,0.3825318048371313,5,0.2,0.07117149999976391,0.010499999999999999,1.0,0.0933,0.004500000000000002,27,0.3218142745867498,0.36670620813554056,WEIGHTED_SQUARE,0.5,2.4,ok,3,2.854308004835698,0.035690217391304346,CASE_0,5.390000296756625e-05
0.0,0.007925724637681155,0.0528381642512077,direct_like,0.0105,2,normal,2,0.5,0.06999999999999999,0.06556709999858867,27,2.7582607142302376,0.0,0.0,45,0.3582607142302375,5,0.2,0.0650099999984377,0.010499999999999994,1.0,0.0933,0.004500000000000002,27,0.2798404325470432,0.3218142745867498,WEIGHTED_SQUARE,0.5,2.4,ok,4,2.8238278142288262,0.033425724637681155,CASE_0,4.879999687545933e-05
0.0,0.010162022979325828,0.0677468198621722,direct_like,0.0105,2,normal,2,0.7,0.06999999999999999,0.06726519999938319,27,2.782229613926322,0.006467661691542288,0.0,45,0.3822296139263219,5,0.2,0.06665300000167917,0.010499999999999994,1.0,0.0933,0.004500000000000002,27,0.23286933014928501,0.2798404325470432,WEIGHTED_SQUARE,0.5,2.4,ok,5,2.849494813925705,0.03566202297932583,CASE_0,3.590000051190145e-05
0.0,0.06450546994136484,0.43003646627576564,lshape_or_compressed_astar,0.010500000000000002,3,normal,1,0.5,0.06999999999999999,0.16915009999866015,27,3.5646888525333855,0.07701863354037267,0.006467661691542288,45,0.9646888525333852,6,0.2,0.16863480000029085,0.010499999999999994,1.0,0.0933,0.004500000000000003,27,0.18726148358715333,0.23286933014928501,WEIGHTED_SQUARE,0.5,2.6,ok,6,3.7338389525320457,0.09000546994136484,CASE_0,5.6400000175926834e-05
0.0,0.007925724637681158,0.052838164251207714,direct_like,0.010499999999999997,2,normal,1,0.5,0.06999999999999999,0.06006089999937103,27,2.7582607142302376,0.17388781431334624,0.07701863354037267,45,0.3582607142302374,5,0.2,0.059564399998635054,0.010499999999999997,1.0,0.0933,0.004499999999999997,27,0.14642136349836515,0.18726148358715333,WEIGHTED_SQUARE,0.5,2.4,ok,7,2.8183216142296086,0.03342572463768115,CASE_0,6.459999713115394e-05
0.0,0.010162022979325691,0.06774681986217128,direct_like,0.010500000000000004,2,normal,1,0.7,0.06999999999999999,0.06094620000294526,27,2.7822296139263205,0.26545530492898917,0.17388781431334624,45,0.38222961392632043,5,0.2,0.060156700001243735,0.010499999999999995,1.0,0.0933,0.004500000000000004,27,0.10749096290629459,0.14642136349836515,WEIGHTED_SQUARE,0.5,2.4,ok,8,2.8431758139292658,0.03566202297932569,CASE_0,5.8400000852998346e-05
0.0,0.010841301316325642,0.07227534210883763,direct_like,0.010499999999999999,2,normal,1,0.5,0.06999999999999999,0.10745099999985541,27,2.789510196316459,0.4087421529876773,0.26545530492898917,45,0.3895101963164591,5,0.2,0.10710649999964517,0.010499999999999999,1.0,0.0933,0.004499999999999999,27,0.07756243809636405,0.10749096290629459,WEIGHTED_SQUARE,0.5,2.4,ok,9,2.8969611963163144,0.03634130131632563,CASE_0,3.3200001780642197e-05
0.0,0.05648298897526213,0.37655325983508087,astar_like,0.010499999999999999,7,normal,2,0.5,0.06999999999999999,0.22326570000223,27,4.278702990088555,0.6740088105726872,0.4087421529876773,45,0.8787029900885545,10,0.2,0.2227363999991212,0.010499999999999999,1.0,0.0933,0.004499999999999999,27,0.03352336997323698,0.07756243809636405,WEIGHTED_SQUARE,0.5,3.4000000000000004,ok,10,4.501968690090785,0.08198298897526213,CASE_0,5.700000110664405e-05
0.0,0.06926613564695688,0.46177423764637926,lshape_or_compressed_astar,0.010500000000000006,3,normal,1,0.5,0.020000000000000004,0.2086516000017582,27,3.5353283563446616,0.7490593342981187,0.6740088105726872,45,0.9353283563446614,6,0.2,0.20828930000061519,0.0030000000000000044,1.0,0.0933,0.004500000000000005,27,0.023823712575605595,0.03352336997323698,WEIGHTED_SQUARE,0.5,2.6,ok,11,3.74397995634642,0.0872661356469569,CASE_0,4.930000068270601e-05
0.0,0.059060507544202584,0.39373671696135065,astar_like,0.010500000000000006,8,normal,2,0.7,0.020000000000000004,0.18353009999918868,27,4.425943274857477,0.8630475015422578,0.7490593342981187,45,0.8259432748574769,11,0.2,0.18300280000039493,0.0029999999999999953,1.0,0.0933,0.004500000000000005,27,0.012343227874319773,0.023823712575605595,WEIGHTED_SQUARE,0.5,3.6,ok,12,4.609473374856666,0.07706050754420259,CASE_0,6.320000102277845e-05
0.0,0.03317271568553128,0.22115143790354191,direct_like,0.010499999999999999,2,normal,1,0.5,0.06999999999999999,0.10510819999763044,28,3.0288608326423505,0.0,0.0,45,0.6288608326423504,5,0.2,0.10461299999951734,0.010499999999999994,1.0,0.0933,0.004500000000000002,28,0.3112299014051482,0.35387887371229876,WEIGHTED_SQUARE,0.5,2.4,ok,0,3.133969032639981,0.058672715685531285,CASE_0,4.8800000513438135e-05
0.0,0.007925724637681146,0.052838164251207645,direct_like,0.010500000000000002,2,normal,1,0.5,0.06999999999999999,0.06671400000050198,28,2.7582607142302376,0.0,0.0,45,0.3582607142302375,5,0.2,0.06615790000068955,0.010500000000000002,1.0,0.0933,0.004500000000000002,28,0.27220534446059824,0.3112299014051482,WEIGHTED_SQUARE,0.5,2.4,ok,1,2.8249747142307395,0.033425724637681155,CASE_0,5.5900000006658956e-05
0.0,0.007925724637681169,0.05283816425120779,direct_like,0.0105,2,normal,1,0.5,0.06999999999999999,0.09373179999965942,28,2.7582607142302376,0.00726792203501817,0.0,45,0.3582607142302377,5,0.2,0.09312420000060229,0.0105,1.0,0.0933,0.004500000000000002,28,0.23862976083363105,0.27220534446059824,WEIGHTED_SQUARE,0.5,2.4,ok,2,2.851992514229897,0.033425724637681176,CASE_0,5.820000296807848e-05
0.0,0.06843927879369172,0.45626185862461144,lshape_or_compressed_astar,0.010500000000000002,3,normal,2,0.5,0.06999999999999999,0.18530200000168406,28,3.606851862740533,0.0629162285313705,0.00726792203501817,45,1.0068518627405332,6,0.2,0.1848019999997632,0.010500000000000002,1.0,0.0933,0.004500000000000002,28,0.19930569900963568,0.23862976083363105,WEIGHTED_SQUARE,0.5,2.6,ok,3,3.792153862742217,0.09393927879369174,CASE_0,4.86999997519888e-05
0.0,0.01016202297932586,0.06774681986217239,direct_like,0.010499999999999999,2,normal,2,0.3,0.06999999999999999,0.15565029999925173,28,2.7822296139263223,0.12650938138584433,0.0629162285313705,45,0.3822296139263222,5,0.2,0.15514639999673818,0.010499999999999999,1.0,0.0933,0.0045000000000000005,28,0.16042224989881132,0.19930569900963568,WEIGHTED_SQUARE,0.5,2.4,ok,4,2.937879913925574,0.03566202297932586,CASE_0,5.1300001359777525e-05
0.0,0.010841301316325656,0.07227534210883771,direct_like,0.010500000000000002,2,normal,2,0.5,0.06999999999999999,0.0727842000014789,28,2.7895101963164595,0.2168698780731561,0.12650938138584433,45,0.3895101963164595,5,0.2,0.07225150000158465,0.010500000000000002,1.0,0.0933,0.004500000000000001,28,0.1238225588058016,0.16042224989881132,WEIGHTED_SQUARE,0.5,2.4,ok,5,2.8622943963179384,0.036341301316325667,CASE_0,5.289999899105169e-05
0.0,0.0699867842255399,0.46657856150359933,lshape_or_compressed_astar,0.010499999999999999,3,normal,1,0.5,0.06999999999999999,0.19418429999859654,28,3.6234382017742757,0.3517610343290236,0.2168698780731561,45,1.0234382017742756,6,0.2,0.19349899999724585,0.010499999999999999,1.0,0.0933,0.0045000000000000005,28,0.087129741681734,0.1238225588058016,WEIGHTED_SQUARE,0.5,2.6,ok,6,3.817622501772872,0.0954867842255399,CASE_0,0.00010019999899668619
0.0,0.07213778545960223,0.48091856973068153,lshape_or_compressed_astar,0.010500000000000002,3,normal,2,0.5,0.06999999999999999,0.1843802000003052,28,3.646492877380517,0.5512918905090816,0.3517610343290236,45,1.046492877380517,6,0.2,0.18378999999913503,0.010499999999999994,1.0,0.0933,0.004500000000000002,28,0.05268709626454199,0.087129741681734,WEIGHTED_SQUARE,0.5,2.6,ok,7,3.830873077380822,0.09763778545960224,CASE_0,5.5599997722310945e-05
0.0,0.06998678422554008,0.4665785615036006,lshape_or_compressed_astar,0.010500000000000004,3,normal,1,0.5,0.020000000000000004,0.19938439999896218,28,3.5430523496842454,0.6334853769788034,0.5512918905090816,45,0.9430523496842455,6,0.2,0.19863299999997253,0.0029999999999999988,1.0,0.0933,0.004499999999999999,28,0.039793358630703136,0.05268709626454199,WEIGHTED_SQUARE,0.5,2.6,ok,8,3.7424367496832076,0.0879867842255401,CASE_0,3.7599998904624954e-05
0.0,0.006751113051283597,0.04500742034189065,direct_like,0.010500000000000002,2,normal,1,0.3,0.020000000000000004,0.05551689999992959,28,2.6652852417072195,0.7275842375785265,0.6334853769788034,45,0.26528524170721973,5,0.2,0.05489789999774075,0.0029999999999999988,1.0,0.0933,0.004499999999999996,28,0.02570201927153078,0.039793358630703136,WEIGHTED_SQUARE,0.5,2.4,ok,9,2.720802141707149,0.024751113051283597,CASE_0,0.00013899999976274557
0.0,0.06748965339535065,0.44993102263567103,lshape_or_compressed_astar,0.010500000000000006,3,normal,2,0.5,0.020000000000000004,0.17251200000100653,28,3.5162878177422368,0.8228382042783972,0.7275842375785265,45,0.9162878177422366,6,0.2,0.17205200000171317,0.003,1.0,0.0933,0.004499999999999997,28,0.016205018946561695,0.02570201927153078,WEIGHTED_SQUARE,0.5,2.6,ok,10,3.6887998177432433,0.08548965339535067,CASE_0,3.859999924316071e-05
0.0,0.06370833957010179,0.42472226380067857,lshape_or_compressed_astar,0.010500000000000006,3,normal,1,0.5,0.020000000000000004,0.17244980000032228,28,3.4757592665605768,0.9334182860783689,0.8228382042783972,45,0.8757592665605768,6,0.2,0.1719306000013603,0.003,1.0,0.0933,0.0045000000000000005,28,0.0073345679146868455,0.016205018946561695,WEIGHTED_SQUARE,0.5,2.6,ok,11,3.648209066560899,0.0817083395701018,CASE_0,5.3499999921768904e-05
0.0,0.03261833605088497,0.21745557367256643,direct_like,0.0105,2,normal,1,0.5,0.09000000000000001,0.1028812000004109,29,3.0550732695700424,0.0,0.0,45,0.6550732695700426,5,0.2,0.10233449999941513,0.013500000000000005,1.0,0.0933,0.0045000000000000005,29,0.4463777828691227,0.49732116069126886,WEIGHTED_SQUARE,0.5,2.4,ok,0,3.1579544695704533,0.06111833605088497,CASE_0,5.4700001783203334e-05
0.0,0.010190217391304358,0.06793478260869573,direct_like,0.0105,2,normal,1,0.5,0.06999999999999999,0.06450410000252305,29,2.7825318048371313,0.0,0.0,45,0.38253180483713145,5,0.2,0.06387089999770978,0.010499999999999995,1.0,0.0933,0.0045000000000000005,29,0.4102110971718415,0.4463777828691227,WEIGHTED_SQUARE,0.5,2.4,ok,1,2.8470359048396543,0.03569021739130436,CASE_0,6.159999975352548e-05
0.0,0.07159528358972918,0.47730189059819456,lshape_or_compressed_astar,0.0105,3,normal,2,0.5,0.06999999999999999,0.1786982999983593,29,3.640678280704493,0.0,0.0,45,1.0406782807044928,6,0.2,0.17796989999988,0.010499999999999999,1.0,0.0933,0.0045000000000000005,29,0.37322881195229707,0.4102110971718415,WEIGHTED_SQUARE,0.5,2.6,ok,2,3.819376580702852,0.09709528358972917,CASE_0,4.930000068270601e-05
0.0,0.07183918376092113,0.4789278917394742,lshape_or_compressed_astar,0.0105,3,normal,1,0.5,0.06999999999999999,0.18725190000259317,29,3.6432924304493155,0.0,0.0,45,1.0432924304493154,6,0.2,0.18671119999999064,0.0105,1.0,0.0933,0.004499999999999995,29,0.3375816334012621,0.37322881195229707,WEIGHTED_SQUARE,0.5,2.6,ok,3,3.8305443304519087,0.09733918376092111,CASE_0,5.6799999583745375e-05
0.0,0.06533389537386083,0.43555930249240554,lshape_or_compressed_astar,0.010499999999999999,3,normal,2,0.3,0.06999999999999999,0.18476229999942007,29,3.573568010437951,0.0,0.0,45,0.9735680104379509,6,0.2,0.1842572999994445,0.010499999999999999,1.0,0.0933,0.004499999999999996,29,0.293222587923405,0.3375816334012621,WEIGHTED_SQUARE,0.5,2.6,ok,4,3.758330310437371,0.09083389537386082,CASE_0,7.00999989931006e-05
0.0,0.010841301316325644,0.07227534210883764,direct_like,0.0105,2,normal,2,0.5,0.06999999999999999,0.07358869999734452,29,2.789510196316459,0.0011686143572621035,0.0,45,0.3895101963164592,5,0.2,0.07289130000208388,0.010499999999999995,1.0,0.0933,0.004500000000000001,29,0.24840634793128386,0.293222587923405,WEIGHTED_SQUARE,0.5,2.4,ok,5,2.8630988963138035,0.036341301316325646,CASE_0,3.859999924316071e-05
0.0,0.007925724637681162,0.05283816425120774,direct_like,0.010499999999999999,2,normal,2,0.5,0.06999999999999999,0.07306149999931222,29,2.7582607142302376,0.046515710022819026,0.0011686143572621035,45,0.35826071423023753,5,0.2,0.07269190000079107,0.010499999999999999,1.0,0.0933,0.004499999999999997,29,0.20735674364974285,0.24840634793128386,WEIGHTED_SQUARE,0.5,2.4,ok,6,2.8313222142295498,0.03342572463768116,CASE_0,3.65999985660892e-05
0.0,0.007925724637681151,0.05283816425120768,direct_like,0.010499999999999999,2,normal,2,0.5,0.06999999999999999,0.06837010000162991,29,2.7582607142302376,0.11282241603265912,0.046515710022819026,45,0.3582607142302374,5,0.2,0.06786090000241529,0.010499999999999999,1.0,0.0933,0.0045,29,0.1727722475104073,0.20735674364974285,WEIGHTED_SQUARE,0.5,2.4,ok,7,2.8266308142318675,0.03342572463768115,CASE_0,5.1799997891066596e-05
0.0,0.056595497144191646,0.377303314294611,astar_like,0.010500000000000002,9,normal,1,0.5,0.06999999999999999,0.2236083999996481,29,4.6799088654254195,0.21441550575408844,0.11282241603265912,45,0.8799088654254197,12,0.2,0.22307809999983874,0.010500000000000002,1.0,0.0933,0.004499999999999997,29,0.1357783393769682,0.1727722475104073,WEIGHTED_SQUARE,0.5,3.8,ok,8,4.903517265425068,0.08209549714419165,CASE_0,4.160000025876798e-05
0.0,0.062280815882425095,0.4152054392161673,lshape_or_compressed_astar,0.010499999999999994,3,normal,2,0.3,0.06999999999999999,0.18633609999960754,29,3.5408447575822626,0.32402482269503546,0.21441550575408844,45,0.9408447575822625,6,0.2,0.1857748000002175,0.010499999999999994,1.0,0.0933,0.004499999999999997,29,0.09417360793831697,0.1357783393769682,WEIGHTED_SQUARE,0.5,2.6,ok,9,3.72718085758187,0.08778081588242509,CASE_0,5.660000169882551e-05
0.0,0.010841301316325656,0.07227534210883771,direct_like,0.010500000000000002,2,normal,2,0.5,0.06999999999999999,0.10180949999994482,29,2.789510196316459,0.48345679012345677,0.32402482269503546,45,0.3895101963164592,5,0.2,0.10115439999935916,0.010499999999999992,1.0,0.0933,0.004499999999999996,29,0.0651466112515873,0.09417360793831697,WEIGHTED_SQUARE,0.5,2.4,ok,10,2.891319696316404,0.036341301316325646,CASE_0,6.280000161495991e-05
0.0,0.057671195031295676,0.38447463354197114,astar_like,0.010499999999999999,13,normal,1,0.5,0.020000000000000004,0.22162339999704272,29,5.4110524655015615,0.5585703104617793,0.48345679012345677,45,0.8110524655015615,16,0.2,0.22110289999909583,0.0030000000000000083,1.0,0.0933,0.0045000000000000005,29,0.05094989121221591,0.0651466112515873,WEIGHTED_SQUARE,0.5,4.6,ok,11,5.632675865498604,0.07567119503129568,CASE_0,4.70000013592653e-05
0.0,0.0022644927536231863,0.01509661835748791,direct_like,0.010499999999999995,2,normal,1,0.5,0.020000000000000004,0.07172110000101384,29,2.6171971356229706,0.6448237885462555,0.5585703104617793,45,0.21719713562297083,5,0.2,0.0712719000002835,0.0029999999999999975,1.0,0.0933,0.004499999999999996,29,0.03745240248877186,0.05094989121221591,WEIGHTED_SQUARE,0.5,2.4,ok,12,2.6889182356239845,0.020264492753623176,CASE_0,5.2900002629030496e-05
0.0,0.0022644927536231985,0.01509661835748799,direct_like,0.010499999999999999,2,normal,1,0.5,0.020000000000000004,0.06737879999855068,29,2.617197135622971,0.7396622015142691,0.6448237885462555,45,0.21719713562297116,5,0.2,0.06673910000245087,0.0030000000000000083,1.0,0.0933,0.0045000000000000005,29,0.025759889364585103,0.03745240248877186,WEIGHTED_SQUARE,0.5,2.4,ok,13,2.6845759356215217,0.020264492753623208,CASE_0,6.67000022076536e-05
0.0,0.0498525196863073,0.33235013124204865,astar_like,0.010500000000000002,13,normal,2,0.3,0.020000000000000004,0.15037260000099195,29,5.327251014858599,0.8384118190212373,0.7396622015142691,45,0.7272510148585993,16,0.2,0.14968339999904856,0.0030000000000000027,1.0,0.0933,0.004500000000000001,29,0.01707177716663527,0.025759889364585103,WEIGHTED_SQUARE,0.5,4.6,ok,14,5.477623614859591,0.06785251968630732,CASE_0,5.5900000006658956e-05
0.0,0.05349905631666533,0.3566603754444355,astar_like,0.010499999999999994,11,normal,1,0.5,0.020000000000000004,0.16902079999999842,29,4.966335008753112,0.9494125326370757,0.8384118190212373,45,0.7663350087531117,14,0.2,0.1685152999998536,0.0029999999999999914,1.0,0.0933,0.004499999999999999,29,0.004480782744595964,0.01707177716663527,WEIGHTED_SQUARE,0.5,4.2,ok,15,5.13535580875311,0.07149905631666531,CASE_0,5.120000059832819e-05
0.0,0.01670278104043252,0.11135187360288346,direct_like,0.010499999999999997,2,normal,2,0.5,0.09000000000000001,0.08236859999669832,30,2.884488542769909,0.0,0.0,45,0.48448854276990905,5,0.2,0.08181750000221655,0.013500000000000002,1.0,0.0933,0.0045,30,0.530182475848866,0.5895273498587174,WEIGHTED_SQUARE,0.5,2.4,ok,0,2.9668571427666075,0.04520278104043251,CASE_0,3.479999941191636e-05
0.0,0.010190217391304341,0.0679347826086956,direct_like,0.010499999999999999,2,normal,2,0.5,0.09000000000000001,0.0733416999973997,30,2.814686145673144,0.0,0.0,45,0.4146861456731441,5,0.2,0.07276899999851594,0.013499999999999998,1.0,0.0933,0.004500000000000002,30,0.47318444465070336,0.530182475848866,WEIGHTED_SQUARE,0.5,2.4,ok,1,2.8880278456705435,0.03869021739130434,CASE_0,7.059999916236848e-05
0.0,0.01019021739130434,0.06793478260869559,direct_like,0.0105,2,normal,2,0.5,0.09000000000000001,0.0741604000031657,30,2.814686145673144,0.0,0.0,45,0.4146861456731441,5,0.2,0.07380349999948521,0.013500000000000002,1.0,0.0933,0.0045,30,0.4195287990649599,0.47318444465070336,WEIGHTED_SQUARE,0.5,2.4,ok,2,2.8888465456763095,0.03869021739130434,CASE_0,3.609999839682132e-05
0.0,0.010190217391304353,0.06793478260869569,direct_like,0.0105,2,normal,2,0.5,0.06999999999999999,0.07133189999876777,30,2.7825318048371313,0.0,0.0,45,0.3825318048371313,5,0.2,0.07078339999861782,0.010499999999999992,1.0,0.0933,0.004500000000000003,30,0.38105580412471457,0.4195287990649599,WEIGHTED_SQUARE,0.5,2.4,ok,3,2.853863704835899,0.035690217391304346,CASE_0,5.539999983739108e-05
0.0,0.01016202297932582,0.06774681986217213,direct_like,0.010500000000000002,2,normal,2,0.7,0.06999999999999999,0.06941799999913201,30,2.782229613926322,0.0,0.0,45,0.3822296139263218,5,0.2,0.06865319999997155,0.010499999999999995,1.0,0.0933,0.004500000000000003,30,0.3382423017781979,0.38105580412471457,WEIGHTED_SQUARE,0.5,2.4,ok,4,2.851647613925454,0.03566202297932582,CASE_0,6.550000034621917e-05
0.0,0.06420126508421845,0.42800843389478965,lshape_or_compressed_astar,0.010499999999999997,3,normal,1,0.5,0.06999999999999999,0.17209150000053342,30,3.5614283503131663,0.0,0.0,45,0.9614283503131664,6,0.2,0.17154680000021472,0.010499999999999997,1.0,0.0933,0.004499999999999995,30,0.29011517678507054,0.3382423017781979,WEIGHTED_SQUARE,0.5,2.6,ok,5,3.7335198503136997,0.08970126508421843,CASE_0,5.819999933009967e-05
0.0,0.007925724637681144,0.05283816425120763,direct_like,0.010499999999999999,2,normal,1,0.5,0.06999999999999999,0.060262999999395106,30,2.758260714230237,0.0054917623564653024,0.0,45,0.35826071423023725,5,0.2,0.05963079999855836,0.010499999999999999,1.0,0.0933,0.004499999999999995,30,0.24394492651380742,0.29011517678507054,WEIGHTED_SQUARE,0.5,2.4,ok,6,2.818523714229632,0.033425724637681134,CASE_0,8.750000051804818e-05
0.0,0.007925724637681151,0.05283816425120767,direct_like,0.0105,2,normal,1,0.5,0.06999999999999999,0.058659499998611864,30,2.7582607142302376,0.05692896935933148,0.0054917623564653024,45,0.3582607142302374,5,0.2,0.05811829999947804,0.0105,1.0,0.0933,0.004499999999999995,30,0.2009927248678847,0.24394492651380742,WEIGHTED_SQUARE,0.5,2.4,ok,7,2.8169202142288494,0.03342572463768115,CASE_0,5.729999975301325e-05
0.0,0.010162022979325789,0.06774681986217193,direct_like,0.0105,2,normal,1,0.7,0.06999999999999999,0.06127099999866914,30,2.7822296139263214,0.14675767918088736,0.05692896935933148,45,0.38222961392632143,5,0.2,0.060681900002236944,0.0105,1.0,0.0933,0.004499999999999995,30,0.15408898148379224,0.2009927248678847,WEIGHTED_SQUARE,0.5,2.4,ok,8,2.8435006139249905,0.03566202297932579,CASE_0,6.10999995842576e-05
0.0,0.010841301316325672,0.07227534210883782,direct_like,0.010500000000000002,2,normal,1,0.5,0.06999999999999999,0.07643720000123722,30,2.7895101963164595,0.2690932042920261,0.14675767918088736,45,0.3895101963164596,5,0.2,0.0758787000013399,0.010500000000000002,1.0,0.0933,0.0045000000000000005,30,0.11109896359605413,0.15408898148379224,WEIGHTED_SQUARE,0.5,2.4,ok,9,2.8659473963176967,0.03634130131632568,CASE_0,5.610000152955763e-05
0.0,0.007925724637681162,0.05283816425120774,direct_like,0.0105,2,normal,1,0.5,0.06999999999999999,0.07032509999771719,30,2.7582607142302376,0.410776766969909,0.2690932042920261,45,0.35826071423023753,5,0.2,0.06996679999792832,0.0105,1.0,0.0933,0.0045,30,0.08089286141841726,0.11109896359605413,WEIGHTED_SQUARE,0.5,2.4,ok,10,2.8285858142279547,0.03342572463768116,CASE_0,3.480000304989517e-05
0.0,0.05703701437188498,0.3802467624792332,astar_like,0.010500000000000002,7,normal,2,0.5,0.06999999999999999,0.2384924999969371,30,4.284641097233495,0.6835513498469246,0.410776766969909,45,0.884641097233494,10,0.2,0.2378817999997409,0.010500000000000002,1.0,0.0933,0.004500000000000006,30,0.042477516945209126,0.08089286141841726,WEIGHTED_SQUARE,0.5,3.4000000000000004,ok,11,4.523133597230432,0.08253701437188499,CASE_0,6.639999992330559e-05
0.0,0.06148207842081167,0.40988052280541115,lshape_or_compressed_astar,0.0105,3,normal,1,0.7,0.020000000000000004,0.19727400000192574,30,3.451897946632494,0.7515979081929111,0.6835513498469246,45,0.8518979466324939,6,0.2,0.19673799999873154,0.003000000000000003,1.0,0.0933,0.004500000000000001,30,0.026398641260000463,0.042477516945209126,WEIGHTED_SQUARE,0.5,2.6,ok,12,3.6491719466344197,0.07948207842081167,CASE_0,5.500000042957254e-05
0.0,0.05803932987771553,0.386928865851437,astar_like,0.010499999999999997,11,normal,2,0.7,0.020000000000000004,0.17634080000061658,30,5.014998176610027,0.8664615384615385,0.7515979081929111,45,0.8149981766100272,14,0.2,0.1758349999981874,0.0029999999999999957,1.0,0.0933,0.004500000000000005,30,0.015655208456054757,0.026398641260000463,WEIGHTED_SQUARE,0.5,4.2,ok,13,5.191338976610644,0.07603932987771553,CASE_0,4.619999890564941e-05
0.0,0.05165549816830742,0.34436998778871614,lshape_or_compressed_astar,0.010499999999999999,3,normal,2,0.5,0.09000000000000001,0.14469710000048508,31,3.4591157359947204,0.0,0.0,45,0.8591157359947205,6,0.2,0.1438138000012259,0.013500000000000002,1.0,0.0933,0.0045000000000000005,31,0.5001414831524567,0.5472058199596685,WEIGHTED_SQUARE,0.5,2.6,ok,0,3.6038128359952055,0.08015549816830742,CASE_0,7.43000018701423e-05
0.0,0.07468857378310746,0.49792382522071643,lshape_or_compressed_astar,0.010500000000000002,3,normal,1,0.5,0.09000000000000001,0.20026460000008228,31,3.705986857268033,0.0,0.0,45,1.105986857268033,6,0.2,0.19970900000043912,0.013500000000000002,1.0,0.0933,0.0045000000000000005,31,0.45290212226161913,0.5001414831524567,WEIGHTED_SQUARE,0.5,2.6,ok,1,3.906251457268115,0.10318857378310746,CASE_0,6.209999992279336e-05
0.0,0.07188126471328836,0.47920843142192243,lshape_or_compressed_astar,0.010499999999999999,3,normal,2,0.5,0.06999999999999999,0.18956980000075419,31,3.643743458877689,0.0,0.0,45,1.0437434588776888,6,0.2,0.18906190000052447,0.0105,1.0,0.0933,0.004500000000000002,31,0.41610829974432056,0.45290212226161913,WEIGHTED_SQUARE,0.5,2.6,ok,2,3.833313258878443,0.09738126471328835,CASE_0,5.3499999921768904e-05
0.0,0.07213374366031836,0.4808916244021224,lshape_or_compressed_astar,0.010499999999999997,3,normal,1,0.5,0.06999999999999999,0.1921622000008938,31,3.6464495569165956,0.0,0.0,45,1.0464495569165955,6,0.2,0.19162869999854593,0.010499999999999997,1.0,0.0933,0.004500000000000002,31,0.3802297535104677,0.41610829974432056,WEIGHTED_SQUARE,0.5,2.6,ok,3,3.8386117569174893,0.09763374366031835,CASE_0,5.2900002629030496e-05
0.0,0.06452696667864478,0.43017977785763195,lshape_or_compressed_astar,0.0105,3,normal,2,0.3,0.06999999999999999,0.18961839999974472,31,3.564919257005839,0.0,0.0,45,0.964919257005839,6,0.2,0.18915059999926598,0.010499999999999995,1.0,0.0933,0.004500000000000003,31,0.33610538708402604,0.3802297535104677,WEIGHTED_SQUARE,0.5,2.6,ok,4,3.7545376570055837,0.09002696667864478,CASE_0,5.869999949936755e-05
0.0,0.010841301316325677,0.07227534210883785,direct_like,0.0105,2,normal,2,0.5,0.06999999999999999,0.06838509999943199,31,2.7895101963164595,0.0,0.0,45,0.38951019631645956,5,0.2,0.06785709999894607,0.010499999999999995,1.0,0.0933,0.004499999999999999,31,0.2911452570798025,0.33610538708402604,WEIGHTED_SQUARE,0.5,2.4,ok,5,2.8578952963158915,0.03634130131632567,CASE_0,5.270000110613182e-05
0.0,0.007925724637681158,0.05283816425120772,direct_like,0.010500000000000006,2,normal,2,0.5,0.06999999999999999,0.0635322999987693,31,2.7582607142302376,0.0026720106880427524,0.0,45,0.3582607142302375,5,0.2,0.06316890000016429,0.010499999999999997,1.0,0.0933,0.004499999999999999,31,0.24925380425990415,0.2911452570798025,WEIGHTED_SQUARE,0.5,2.4,ok,6,2.821793014229007,0.033425724637681155,CASE_0,4.2499999835854396e-05
0.0,0.007925724637681144,0.05283816425120764,direct_like,0.010500000000000006,2,normal,2,0.5,0.06999999999999999,0.06642250000004424,31,2.7582607142302376,0.04381084840055633,0.0026720106880427524,45,0.3582607142302374,5,0.2,0.06588819999888074,0.010499999999999997,1.0,0.0933,0.004500000000000002,31,0.21221098230233432,0.24925380425990415,WEIGHTED_SQUARE,0.5,2.4,ok,7,2.824683214230282,0.03342572463768115,CASE_0,5.339999916031957e-05
0.0,0.0733771313311586,0.4891808755410573,lshape_or_compressed_astar,0.0105,3,normal,1,0.3,0.06999999999999999,0.1967371999999159,31,3.6597763272364268,0.10587155963302752,0.04381084840055633,45,1.0597763272364267,6,0.2,0.1961838000024727,0.0105,1.0,0.0933,0.004499999999999999,31,0.16981699831172148,0.21221098230233432,WEIGHTED_SQUARE,0.5,2.6,ok,8,3.8565135272363427,0.0988771313311586,CASE_0,6.0999998822808266e-05
0.0,0.06227734921899611,0.4151823281266407,lshape_or_compressed_astar,0.0105,3,normal,2,0.5,0.06999999999999999,0.17286040000180947,31,3.5408076014897762,0.24052206339341206,0.10587155963302752,45,0.940807601489776,6,0.2,0.17231410000022152,0.01049999999999999,1.0,0.0933,0.004499999999999999,31,0.12073672683515276,0.16981699831172148,WEIGHTED_SQUARE,0.5,2.6,ok,9,3.7136680014915857,0.0877773492189961,CASE_0,5.980000059935264e-05
0.0,0.00792572463768116,0.05283816425120773,direct_like,0.010500000000000002,2,normal,2,0.5,0.06999999999999999,0.07705600000190316,31,2.7582607142302376,0.402576112412178,0.24052206339341206,45,0.35826071423023753,5,0.2,0.07669049999822164,0.010499999999999999,1.0,0.0933,0.004499999999999999,31,0.076761277611042,0.12073672683515276,WEIGHTED_SQUARE,0.5,2.4,ok,10,2.8353167142321407,0.03342572463768116,CASE_0,4.059999992023222e-05
0.0,0.007925724637681127,0.05283816425120751,direct_like,0.010500000000000004,2,normal,2,0.5,0.06999999999999999,0.07237800000075367,31,2.758260714230237,0.5941255006675568,0.402576112412178,45,0.3582607142302372,5,0.2,0.07186689999798546,0.010500000000000004,1.0,0.0933,0.00449999999999999,31,0.05335069945988241,0.076761277611042,WEIGHTED_SQUARE,0.5,2.4,ok,11,2.830638714230991,0.03342572463768113,CASE_0,5.439999949885532e-05
0.0,0.06543911564595702,0.43626077097304683,astar_like,0.010500000000000004,17,normal,1,0.3,0.020000000000000004,0.2321488000015961,31,6.294309921178533,0.6821748878923767,0.5941255006675568,45,0.894309921178532,20,0.2,0.23174790000120993,0.0029999999999999975,1.0,0.0933,0.0045000000000000075,31,0.03543796887614795,0.05335069945988241,WEIGHTED_SQUARE,0.5,5.4,ok,12,6.526458721180129,0.08343911564595703,CASE_0,4.149999949731864e-05
0.0,0.004003479395604363,0.02668986263736242,direct_like,0.010500000000000004,2,normal,1,0.5,0.020000000000000004,0.06741569999940111,31,2.635835792021483,0.784366576819407,0.6821748878923767,45,0.2358357920214831,5,0.2,0.06687990000136779,0.003000000000000001,1.0,0.0933,0.0045,31,0.02155368911355383,0.03543796887614795,WEIGHTED_SQUARE,0.5,2.4,ok,13,2.7032514920208843,0.02200347939560437,CASE_0,5.249999958323315e-05
0.0,0.006751113051283683,0.04500742034189122,direct_like,0.010500000000000008,2,normal,1,0.3,0.020000000000000004,0.06919600000037462,31,2.665285241707221,0.9109195402298851,0.784366576819407,45,0.26528524170722073,5,0.2,0.06866380000064964,0.002999999999999998,1.0,0.0933,0.0045,31,0.007619273709895494,0.02155368911355383,WEIGHTED_SQUARE,0.5,2.4,ok,14,2.7344812417075954,0.02475111305128369,CASE_0,4.1700001020217314e-05
0.0,0.02242321123883996,0.14948807492559973,direct_like,0.0105,2,normal,2,0.5,0.09000000000000001,0.08567370000309893,32,2.9458007635459804,0.0,0.0,45,0.5458007635459803,5,0.2,0.08514680000007502,0.0135,1.0,0.0933,0.0045,32,0.49448259711942877,0.5444796942849285,WEIGHTED_SQUARE,0.5,2.4,ok,0,3.0314744635490793,0.05092321123883996,CASE_0,5.450000026030466e-05
0.0,0.010190217391304338,0.06793478260869559,direct_like,0.0105,2,normal,2,0.5,0.09000000000000001,0.09043889999884414,32,2.814686145673144,0.0,0.0,45,0.4146861456731441,5,0.2,0.09007689999998547,0.013500000000000002,1.0,0.0933,0.004499999999999998,32,0.4492610488645031,0.49448259711942877,WEIGHTED_SQUARE,0.5,2.4,ok,1,2.905125045671988,0.03869021739130434,CASE_0,3.670000296551734e-05
0.0,0.07263308648813946,0.48422057658759643,lshape_or_compressed_astar,0.0105,3,normal,1,0.5,0.06999999999999999,0.19612729999789735,32,3.651801570076522,0.0,0.0,45,1.0518015700765215,6,0.2,0.19550429999799235,0.010499999999999999,1.0,0.0933,0.004500000000000002,32,0.41080282125470813,0.4492610488645031,WEIGHTED_SQUARE,0.5,2.6,ok,2,3.847928870074419,0.09813308648813945,CASE_0,0.00012429999696905725
0.0,0.007925724637681158,0.05283816425120772,direct_like,0.0105,2,normal,1,0.5,0.06999999999999999,0.06257639999967068,32,2.7582607142302376,0.0,0.0,45,0.3582607142302375,5,0.2,0.0622189999994589,0.0105,1.0,0.0933,0.004499999999999999,32,0.37579514885810955,0.41080282125470813,WEIGHTED_SQUARE,0.5,2.4,ok,3,2.8208371142299082,0.033425724637681155,CASE_0,3.5000000934815034e-05
0.0,0.07215730215130138,0.48104868100867587,lshape_or_compressed_astar,0.010499999999999999,3,normal,2,0.5,0.06999999999999999,0.1914734000019962,32,3.646702059499479,0.0,0.0,45,1.046702059499479,6,0.2,0.19098459999804618,0.010499999999999999,1.0,0.0933,0.0045,32,0.3383804612235873,0.37579514885810955,WEIGHTED_SQUARE,0.5,2.6,ok,4,3.838175459501475,0.09765730215130138,CASE_0,5.1799997891066596e-05
0.0,0.06489657229233163,0.4326438152822109,lshape_or_compressed_astar,0.0105,3,normal,1,0.7,0.06999999999999999,0.1706023999977333,32,3.5688807319649696,0.0,0.0,45,0.9688807319649693,6,0.2,0.1700306000020646,0.0105,1.0,0.0933,0.0045,32,0.29580174116995955,0.3383804612235873,WEIGHTED_SQUARE,0.5,2.6,ok,5,3.739483131962703,0.09039657229233163,CASE_0,7.199999890872277e-05
0.0,0.010841301316325665,0.07227534210883776,direct_like,0.0105,2,normal,1,0.5,0.06999999999999999,0.0709921999987273,32,2.7895101963164595,0.0011593242795627692,0.0,45,0.3895101963164595,5,0.2,0.07044730000052368,0.010499999999999995,1.0,0.0933,0.004500000000000002,32,0.25318639952917016,0.29580174116995955,WEIGHTED_SQUARE,0.5,2.4,ok,6,2.8605023963151868,0.036341301316325667,CASE_0,6.209999992279336e-05
0.0,0.007925724637681143,0.05283816425120762,direct_like,0.010500000000000002,2,normal,1,0.5,0.06999999999999999,0.0788628999980574,32,2.758260714230237,0.03901933701657458,0.0011593242795627692,45,0.3582607142302373,5,0.2,0.0782950000029814,0.010499999999999995,1.0,0.0933,0.004499999999999999,32,0.21507975547996722,0.25318639952917016,WEIGHTED_SQUARE,0.5,2.4,ok,7,2.8371236142282945,0.03342572463768114,CASE_0,4.3099997128592804e-05
0.0,0.06102877393374537,0.40685849289163584,astar_like,0.010500000000000006,5,normal,2,0.7,0.06999999999999999,0.19017449999955716,32,3.927425229729318,0.09863013698630137,0.03901933701657458,45,0.9274252297293182,8,0.2,0.18980720000035944,0.010499999999999997,1.0,0.0933,0.004500000000000001,32,0.17434508204742963,0.21507975547996722,WEIGHTED_SQUARE,0.5,3.0,ok,8,4.117599729728875,0.08652877393374538,CASE_0,5.120000059832819e-05
0.0,0.061394756043348576,0.40929837362232385,lshape_or_compressed_astar,0.010500000000000002,3,normal,1,0.5,0.06999999999999999,0.20145430000047782,32,3.5313478675600063,0.23611682435211848,0.09863013698630137,45,0.9313478675600062,6,0.2,0.20098180000059074,0.010499999999999997,1.0,0.0933,0.004499999999999998,32,0.12443185853154817,0.17434508204742963,WEIGHTED_SQUARE,0.5,2.6,ok,9,3.732802167560484,0.08689475604334858,CASE_0,6.110000322223641e-05
0.0,0.007925724637681167,0.05283816425120778,direct_like,0.010499999999999999,2,normal,1,0.5,0.06999999999999999,0.07219370000166236,32,2.7582607142302376,0.39818478007912494,0.23611682435211848,45,0.3582607142302377,5,0.2,0.07167130000016186,0.010500000000000006,1.0,0.0933,0.0045000000000000005,32,0.07842390161777027,0.12443185853154817,WEIGHTED_SQUARE,0.5,2.4,ok,10,2.8304544142319,0.033425724637681176,CASE_0,5.439999949885532e-05
0.0,0.007925724637681176,0.05283816425120783,direct_like,0.010500000000000002,2,normal,1,0.5,0.06999999999999999,0.07658280000032391,32,2.7582607142302376,0.611392068139473,0.39818478007912494,45,0.3582607142302377,5,0.2,0.07621429999926477,0.010500000000000008,1.0,0.0933,0.004499999999999994,32,0.04927111656610146,0.07842390161777027,WEIGHTED_SQUARE,0.5,2.4,ok,11,2.8348435142305615,0.033425724637681176,CASE_0,3.739999738172628e-05
0.0,0.06452214253728518,0.43014761691523457,astar_like,0.010500000000000004,17,normal,2,0.7,0.020000000000000004,0.2160879000002751,32,6.284481699220635,0.7004817228676679,0.611392068139473,45,0.8844816992206345,20,0.2,0.2157273000011628,0.0030000000000000053,1.0,0.0933,0.004500000000000003,32,0.03205600961617293,0.04927111656610146,WEIGHTED_SQUARE,0.5,5.4,ok,12,6.50056959922091,0.0825221425372852,CASE_0,3.9200000173877925e-05
0.0,0.004003479395604328,0.02668986263736219,direct_like,0.0105,2,normal,2,0.5,0.020000000000000004,0.06846940000104951,32,2.6358357920214823,0.7979767926212437,0.7004817228676679,45,0.23583579202148258,5,0.2,0.06787479999911739,0.003000000000000005,1.0,0.0933,0.00449999999999999,32,0.01937625445361412,0.03205600961617293,WEIGHTED_SQUARE,0.5,2.4,ok,13,2.704305192022532,0.022003479395604323,CASE_0,4.86999997519888e-05
0.0,0.006751113051283629,0.04500742034189086,direct_like,0.0105,2,normal,2,0.7,0.020000000000000004,0.07016559999829042,32,2.66528524170722,0.873208722741433,0.7979767926212437,45,0.2652852417072201,5,0.2,0.06953229999999166,0.003000000000000005,1.0,0.0933,0.0045000000000000005,32,0.012957499795232115,0.01937625445361412,WEIGHTED_SQUARE,0.5,2.4,ok,14,2.7354508417055103,0.024751113051283635,CASE_0,7.049999840091914e-05
0.0,0.022936376669521672,0.15290917779681115,direct_like,0.010499999999999999,2,normal,1,0.5,0.09000000000000001,0.0899377000023378,33,2.95130092893378,0.0,0.0,45,0.55130092893378,5,0.2,0.08937220000007073,0.013500000000000003,1.0,0.0933,0.004499999999999998,33,0.44122102387738776,0.4988780446645488,WEIGHTED_SQUARE,0.5,2.4,ok,0,3.0412386289361177,0.05143637666952167,CASE_0,3.94000016967766e-05
0.0,0.010190217391304365,0.06793478260869577,direct_like,0.010499999999999999,2,normal,1,0.5,0.09000000000000001,0.07448199999998906,33,2.8146861456731442,0.0,0.0,45,0.4146861456731443,5,0.2,0.07395879999967292,0.0135,1.0,0.0933,0.0045000000000000005,33,0.3869230146560169,0.44122102387738776,WEIGHTED_SQUARE,0.5,2.4,ok,1,2.8891681456731333,0.03869021739130436,CASE_0,5.709999823011458e-05
0.0,0.010190217391304351,0.06793478260869568,direct_like,0.010500000000000002,2,normal,1,0.5,0.06999999999999999,0.07164259999990463,33,2.7825318048371313,0.0,0.0,45,0.38253180483713145,5,0.2,0.07127899999977672,0.010500000000000002,1.0,0.0933,0.0045000000000000005,33,0.3480356545847196,0.3869230146560169,WEIGHTED_SQUARE,0.5,2.4,ok,2,2.854174404837036,0.03569021739130436,CASE_0,3.469999865046702e-05
0.0,0.007925724637681165,0.05283816425120777,direct_like,0.010499999999999999,2,normal,1,0.5,0.06999999999999999,0.09795060000033118,33,2.7582607142302376,0.0,0.0,45,0.35826071423023753,5,0.2,0.09744340000179363,0.010499999999999999,1.0,0.0933,0.0045000000000000005,33,0.3132923929223629,0.3480356545847196,WEIGHTED_SQUARE,0.5,2.4,ok,3,2.8562113142305687,0.03342572463768116,CASE_0,5.410000085248612e-05
0.0,0.057390664164420235,0.38260442776280157,astar_like,0.010500000000000002,7,normal,2,0.5,0.06999999999999999,0.1943500999987009,33,4.288431555888749,0.0,0.0,45,0.8884315558887488,10,0.2,0.19386360000135028,0.010500000000000002,1.0,0.0933,0.004500000000000003,33,0.2746421013036805,0.3132923929223629,WEIGHTED_SQUARE,0.5,3.4000000000000004,ok,4,4.48278165588745,0.08289066416442026,CASE_0,6.260000009206124e-05
0.0,0.007925724637681148,0.05283816425120765,direct_like,0.010500000000000002,2,normal,2,0.5,0.06999999999999999,0.18304189999980736,33,2.7582607142302376,0.019427231619494223,0.0,45,0.3582607142302375,5,0.2,0.18251890000101412,0.010500000000000002,1.0,0.0933,0.004500000000000003,33,0.24139035533853018,0.2746421013036805,WEIGHTED_SQUARE,0.5,2.4,ok,5,2.941302614230045,0.033425724637681155,CASE_0,5.120000059832819e-05
0.0,0.07047878464696071,0.46985856431307144,lshape_or_compressed_astar,0.010499999999999999,3,normal,1,0.5,0.06999999999999999,0.20288889999937965,33,3.6287115181882177,0.060437651962486974,0.019427231619494223,45,1.0287115181882176,6,0.2,0.20220440000048256,0.010499999999999999,1.0,0.0933,0.0045000000000000005,33,0.20224705825848832,0.24139035533853018,WEIGHTED_SQUARE,0.5,2.6,ok,6,3.8316004181875973,0.0959787846469607,CASE_0,6.0900001699337736e-05
0.0,0.010162022979325832,0.06774681986217222,direct_like,0.010499999999999997,2,normal,1,0.3,0.06999999999999999,0.08226769999964745,33,2.782229613926322,0.1362200334510314,0.060437651962486974,45,0.3822296139263218,5,0.2,0.08163989999957266,0.010499999999999997,1.0,0.0933,0.004499999999999998,33,0.16175730366855132,0.20224705825848832,WEIGHTED_SQUARE,0.5,2.4,ok,7,2.8644973139259693,0.03566202297932582,CASE_0,7.550000009359792e-05
0.0,0.0641970750535016,0.42798050035667734,lshape_or_compressed_astar,0.0105,3,normal,2,0.5,0.06999999999999999,0.16502949999994598,33,3.561383441087906,0.3001495406964324,0.1362200334510314,45,0.9613834410879056,6,0.2,0.1643480000020645,0.0105,1.0,0.0933,0.0045000000000000005,33,0.11142017291026395,0.16175730366855132,WEIGHTED_SQUARE,0.5,2.6,ok,8,3.726412941087852,0.0896970750535016,CASE_0,4.8400001105619594e-05
0.0,0.007925724637681182,0.05283816425120789,direct_like,0.010500000000000002,2,normal,2,0.5,0.06999999999999999,0.05920530000003055,33,2.7582607142302376,0.48330489885449673,0.3001495406964324,45,0.35826071423023786,5,0.2,0.05845029999909457,0.010500000000000002,1.0,0.0933,0.0045000000000000005,33,0.06509061060227732,0.11142017291026395,WEIGHTED_SQUARE,0.5,2.4,ok,9,2.817466014230268,0.03342572463768119,CASE_0,7.370000093942508e-05
0.0,0.010162022979325796,0.06774681986217197,direct_like,0.010500000000000002,2,normal,2,0.3,0.020000000000000004,0.059009699998568976,33,2.7018437618362894,0.5501651003302006,0.48330489885449673,45,0.30184376183628936,5,0.2,0.05863580000004731,0.003,1.0,0.0933,0.0045000000000000005,33,0.05074369168785563,0.06509061060227732,WEIGHTED_SQUARE,0.5,2.4,ok,10,2.7608534618348584,0.028162022979325796,CASE_0,4.760000228998251e-05
0.0,0.004003479395604365,0.026689862637362435,direct_like,0.010499999999999997,2,normal,2,0.5,0.020000000000000004,0.05511269999988144,33,2.6358357920214828,0.6252996005326231,0.5501651003302006,45,0.23583579202148305,5,0.2,0.05457549999846378,0.003000000000000006,1.0,0.0933,0.004500000000000001,33,0.04027630824711029,0.05074369168785563,WEIGHTED_SQUARE,0.5,2.4,ok,11,2.690948492021364,0.022003479395604368,CASE_0,5.8000001445179805e-05
0.0,0.07083963299650767,0.4722642199767178,lshape_or_compressed_astar,0.010500000000000004,3,normal,1,0.3,0.020000000000000004,0.17198170000119717,33,3.5521932797053344,0.719293245939014,0.6252996005326231,45,0.9521932797053343,6,0.2,0.17127410000102827,0.0029999999999999975,1.0,0.0933,0.004500000000000001,33,0.028481278096185537,0.04027630824711029,WEIGHTED_SQUARE,0.5,2.6,ok,12,3.7241749797065316,0.08883963299650768,CASE_0,9.979999958886765e-05
0.0,0.06771743159017739,0.4514495439345159,lshape_or_compressed_astar,0.010500000000000002,3,normal,2,0.5,0.020000000000000004,0.17356550000113202,33,3.5187291703127266,0.8089153046062407,0.719293245939014,45,0.9187291703127265,6,0.2,0.1730576000009023,0.002999999999999994,1.0,0.0933,0.004499999999999999,33,0.01652505439689546,0.028481278096185537,WEIGHTED_SQUARE,0.5,2.6,ok,13,3.6922946703138586,0.08571743159017738,CASE_0,5.1700000767596066e-05
0.0,0.06395382548746456,0.42635883658309703,lshape_or_compressed_astar,0.010499999999999999,3,normal,1,0.5,0.020000000000000004,0.17424840000239783,33,3.4783904125130176,0.8874418604651163,0.8089153046062407,45,0.8783904125130177,6,0.2,0.1735852000019804,0.002999999999999994,1.0,0.0933,0.004499999999999999,33,0.010506766885980888,0.01652505439689546,WEIGHTED_SQUARE,0.5,2.6,ok,14,3.6526388125154154,0.08195382548746455,CASE_0,6.150000263005495e-05
0.0,0.017775741415601263,0.1185049427706751,direct_like,0.0105,2,normal,2,0.5,0.09000000000000001,0.1047766000010597,34,2.895988653972146,0.0,0.0,45,0.4959886539721465,5,0.2,0.10425059999761288,0.013500000000000002,1.0,0.0933,0.004499999999999999,34,0.5036243507096589,0.5505657641787133,WEIGHTED_SQUARE,0.5,2.4,ok,0,3.000765253973206,0.046275741415601264,CASE_0,5.6799999583745375e-05
0.0,0.07034633506906242,0.46897556712708277,lshape_or_compressed_astar,0.0105,3,normal,1,0.5,0.09000000000000001,0.19828559999950812,34,3.659446249400455,0.0,0.0,45,1.0594462494004546,6,0.2,0.1977450999984285,0.0135,1.0,0.0933,0.004499999999999998,34,0.45548588322696826,0.5036243507096589,WEIGHTED_SQUARE,0.5,2.6,ok,1,3.857731849399963,0.09884633506906242,CASE_0,6.149999899207614e-05
0.0,0.07451120541287043,0.49674136941913616,lshape_or_compressed_astar,0.010500000000000004,3,normal,2,0.5,0.06999999999999999,0.20600940000076662,34,3.6719314620886436,0.0,0.0,45,1.0719314620886433,6,0.2,0.20530490000237478,0.010499999999999995,1.0,0.0933,0.004499999999999997,34,0.4187764850288503,0.45548588322696826,WEIGHTED_SQUARE,0.5,2.6,ok,2,3.8779408620894102,0.10001120541287042,CASE_0,5.210000017541461e-05
0.0,0.06859239424445814,0.45728262829638755,lshape_or_compressed_astar,0.010500000000000002,3,normal,1,0.5,0.06999999999999999,0.18459280000024592,34,3.6084929715376006,0.0,0.0,45,1.0084929715376005,6,0.2,0.18409660000179429,0.010499999999999994,1.0,0.0933,0.0045000000000000005,34,0.3818809537490187,0.4187764850288503,WEIGHTED_SQUARE,0.5,2.6,ok,3,3.7930857715378465,0.09409239424445813,CASE_0,6.709999797749333e-05
0.0,0.07183173784519768,0.47887825230131786,lshape_or_compressed_astar,0.010499999999999999,3,normal,2,0.5,0.06999999999999999,0.1956677000016498,34,3.6432126242786462,0.0,0.0,45,1.0432126242786461,6,0.2,0.19514519999938784,0.010499999999999999,1.0,0.0933,0.004500000000000003,34,0.345467877718995,0.3818809537490187,WEIGHTED_SQUARE,0.5,2.6,ok,4,3.838880324280296,0.09733173784519768,CASE_0,6.399999983841553e-05
0.0,0.06859239424445826,0.45728262829638844,lshape_or_compressed_astar,0.010500000000000002,3,normal,1,0.5,0.06999999999999999,0.18604939999931958,34,3.6084929715376024,0.0,0.0,45,1.008492971537602,6,0.2,0.18551980000120238,0.010499999999999997,1.0,0.0933,0.004499999999999998,34,0.3088167634901952,0.345467877718995,WEIGHTED_SQUARE,0.5,2.6,ok,5,3.794542371536922,0.09409239424445827,CASE_0,5.030000102124177e-05
0.0,0.07183173784519778,0.47887825230131853,lshape_or_compressed_astar,0.010500000000000004,3,normal,2,0.5,0.06999999999999999,0.19552199999816366,34,3.6432126242786476,0.0,0.0,45,1.0432126242786472,6,0.2,0.19501989999844227,0.010499999999999995,1.0,0.0933,0.004500000000000001,34,0.27299476974151043,0.3088167634901952,WEIGHTED_SQUARE,0.5,2.6,ok,6,3.8387346242768112,0.09733173784519779,CASE_0,7.170000026235357e-05
0.0,0.06366631813905436,0.4244421209270291,lshape_or_compressed_astar,0.010500000000000002,3,normal,1,0.7,0.06999999999999999,0.1862353999968036,34,3.5556947281785036,0.007825507825507826,0.0,45,0.9556947281785034,6,0.2,0.1857720000007248,0.010500000000000002,1.0,0.0933,0.004499999999999995,34,0.22881956578297247,0.27299476974151043,WEIGHTED_SQUARE,0.5,2.6,ok,7,3.7419301281753072,0.08916631813905436,CASE_0,5.650000093737617e-05
0.0,0.010841301316325696,0.07227534210883797,direct_like,0.010499999999999994,2,normal,1,0.5,0.06999999999999999,0.0725815000005241,34,2.7895101963164595,0.07930540637307555,0.007825507825507826,45,0.3895101963164596,5,0.2,0.07189630000357283,0.010499999999999994,1.0,0.0933,0.0044999999999999945,34,0.18525292852071032,0.22881956578297247,WEIGHTED_SQUARE,0.5,2.4,ok,8,2.8620916963169836,0.03634130131632568,CASE_0,6.040000153006986e-05
0.0,0.007925724637681163,0.052838164251207756,direct_like,0.0105,2,normal,1,0.5,0.06999999999999999,0.06566229999953066,34,2.7582607142302376,0.16474210931485758,0.07930540637307555,45,0.35826071423023764,5,0.2,0.06530650000058813,0.0105,1.0,0.0933,0.004500000000000003,34,0.1478213930263762,0.18525292852071032,WEIGHTED_SQUARE,0.5,2.4,ok,9,2.823923014229768,0.03342572463768117,CASE_0,3.5000000934815034e-05
0.0,0.06986629543057588,0.46577530287050584,lshape_or_compressed_astar,0.010499999999999994,3,normal,2,0.5,0.06999999999999999,0.18542450000313693,34,3.6221467891808774,0.2795608108108108,0.16474210931485758,45,1.0221467891808773,6,0.2,0.18479130000196164,0.010499999999999994,1.0,0.0933,0.0044999999999999945,34,0.11373817989948831,0.1478213930263762,WEIGHTED_SQUARE,0.5,2.6,ok,10,3.8075712891840143,0.09536629543057586,CASE_0,5.7600002037361264e-05
0.0,0.06492261322281714,0.4328174214854476,lshape_or_compressed_astar,0.0105,3,normal,1,0.7,0.06999999999999999,0.196903599997313,34,3.569159841616475,0.42438563327032136,0.2795608108108108,45,0.9691598416164752,6,0.2,0.1964165999997931,0.010499999999999992,1.0,0.0933,0.0044999999999999945,34,0.07007381845231417,0.11373817989948831,WEIGHTED_SQUARE,0.5,2.6,ok,11,3.766063441613788,0.09042261322281712,CASE_0,6.339999890769832e-05
0.0,0.010841301316325644,0.07227534210883763,direct_like,0.010499999999999997,2,normal,1,0.5,0.06999999999999999,0.07384839999940596,34,2.789510196316459,0.6666666666666666,0.42438563327032136,45,0.38951019631645917,5,0.2,0.0732257000017853,0.010500000000000002,1.0,0.0933,0.0045000000000000005,34,0.042001999791144516,0.07007381845231417,WEIGHTED_SQUARE,0.5,2.4,ok,12,2.863358596315865,0.03634130131632564,CASE_0,7.449999975506216e-05
0.0,0.05869063732891868,0.3912709155261246,astar_like,0.010500000000000002,13,normal,2,0.5,0.020000000000000004,0.22994130000006407,34,5.4219789638683675,0.7708578143360753,0.6666666666666666,45,0.8219789638683674,16,0.2,0.22939830000177608,0.0030000000000000053,1.0,0.0933,0.004499999999999993,34,0.02704944116580774,0.042001999791144516,WEIGHTED_SQUARE,0.5,4.6,ok,13,5.651920263868432,0.07669063732891868,CASE_0,3.6200002796249464e-05
0.0,0.0022644927536232037,0.015096618357488023,direct_like,0.010500000000000002,2,normal,2,0.5,0.020000000000000004,0.06960310000067693,34,2.617197135622971,0.8789195901893821,0.7708578143360753,45,0.21719713562297105,5,0.2,0.06896390000110841,0.0029999999999999975,1.0,0.0933,0.004499999999999993,34,0.012460373219522246,0.02704944116580774,WEIGHTED_SQUARE,0.5,2.4,ok,14,2.686800235623648,0.020264492753623197,CASE_0,7.389999882434495e-05
0.0,0.020250888209001974,0.13500592139334652,direct_like,0.0105,2,normal,1,0.5,0.09000000000000001,0.08922329999768408,35,2.9225175585102035,0.0,0.0,45,0.5225175585102033,5,0.2,0.0887153000003309,0.013500000000000002,1.0,0.0933,0.0045,35,0.49261907034145114,0.5565638899954518,WEIGHTED_SQUARE,0.5,2.4,ok,0,3.0117408585078875,0.04875088820900197,CASE_0,3.890000152750872e-05
0.0,0.010190217391304341,0.0679347826086956,direct_like,0.010499999999999999,2,normal,1,0.5,0.09000000000000001,0.07151890000022831,35,2.814686145673144,0.0,0.0,45,0.41468614567314405,5,0.2,0.07083229999989271,0.013499999999999998,1.0,0.0933,0.004499999999999996,35,0.4299215686096233,0.49261907034145114,WEIGHTED_SQUARE,0.5,2.4,ok,1,2.886205045673372,0.038690217391304335,CASE_0,6.209999992279336e-05
0.0,0.010190217391304336,0.06793478260869558,direct_like,0.010500000000000002,2,normal,1,0.5,0.09000000000000001,0.07187510000221664,35,2.814686145673144,0.0,0.0,45,0.4146861456731441,5,0.2,0.07150650000039604,0.0135,1.0,0.0933,0.004500000000000001,35,0.36919179141441716,0.4299215686096233,WEIGHTED_SQUARE,0.5,2.4,ok,2,2.8865612456753604,0.03869021739130434,CASE_0,3.560000186553225e-05
0.0,0.012012082687113106,0.08008055124742072,direct_like,0.0105,2,normal,1,0.3,0.06999999999999999,0.075417700001708,35,2.802058764063377,0.0,0.0,45,0.40205876406337737,5,0.2,0.07488870000088355,0.010499999999999997,1.0,0.0933,0.004500000000000001,35,0.3142611209924275,0.36919179141441716,WEIGHTED_SQUARE,0.5,2.4,ok,3,2.877476464065085,0.037512082687113105,CASE_0,5.339999916031957e-05
0.0,0.057518536678143356,0.3834569111876224,lshape_or_compressed_astar,0.010499999999999999,3,normal,2,0.3,0.06999999999999999,0.1630116000014823,35,3.4898021080186856,0.0,0.0,45,0.8898021080186855,6,0.2,0.16217519999918295,0.010499999999999995,1.0,0.0933,0.004500000000000001,35,0.27124213413138315,0.3142611209924275,WEIGHTED_SQUARE,0.5,2.6,ok,4,3.652813708020168,0.08301853667814335,CASE_0,6.08000009378884e-05
0.0,0.010841301316325623,0.07227534210883749,direct_like,0.0105,2,normal,2,0.5,0.06999999999999999,0.07667679999940447,35,2.789510196316459,0.014884979702300407,0.0,45,0.389510196316459,5,0.2,0.07613640000272426,0.0105,1.0,0.0933,0.004499999999999995,35,0.22856652149601087,0.27124213413138315,WEIGHTED_SQUARE,0.5,2.4,ok,5,2.8661869963158635,0.036341301316325625,CASE_0,6.149999899207614e-05
0.0,0.007925724637681144,0.05283816425120763,direct_like,0.010500000000000002,2,normal,2,0.5,0.06999999999999999,0.0710040999983903,35,2.7582607142302376,0.0792967348403301,0.014884979702300407,45,0.3582607142302374,5,0.2,0.07041049999679672,0.0105,1.0,0.0933,0.0045000000000000005,35,0.19096931144411755,0.22856652149601087,WEIGHTED_SQUARE,0.5,2.4,ok,6,2.829264814228628,0.03342572463768115,CASE_0,5.8499997976468876e-05
0.0,0.05667933853561769,0.377862256904118,astar_like,0.010499999999999997,7,normal,1,0.5,0.06999999999999999,0.2309367999987444,35,4.280807486984113,0.15487062404870625,0.0792967348403301,45,0.8808074869841125,10,0.2,0.2304026999991038,0.010499999999999997,1.0,0.0933,0.0045000000000000005,35,0.1571682428208018,0.19096931144411755,WEIGHTED_SQUARE,0.5,3.4000000000000004,ok,7,4.511744286982857,0.0821793385356177,CASE_0,8.370000068680383e-05
0.0,0.061952990972881,0.41301993981920665,lshape_or_compressed_astar,0.010499999999999999,3,normal,2,0.3,0.06999999999999999,0.18668310000066413,35,3.537331092956924,0.2638253638253638,0.15487062404870625,45,0.9373310929569239,6,0.2,0.18608859999949345,0.010499999999999999,1.0,0.0933,0.004500000000000003,35,0.11111383681910292,0.1571682428208018,WEIGHTED_SQUARE,0.5,2.6,ok,8,3.724014192957588,0.08745299097288099,CASE_0,5.339999916031957e-05
0.0,0.010841301316325639,0.07227534210883758,direct_like,0.0105,2,normal,2,0.5,0.06999999999999999,0.08312719999958063,35,2.789510196316459,0.4190340909090909,0.2638253638253638,45,0.3895101963164592,5,0.2,0.08259610000095563,0.0105,1.0,0.0933,0.004500000000000003,35,0.07155622669939705,0.11111383681910292,WEIGHTED_SQUARE,0.5,2.4,ok,9,2.8726373963160396,0.036341301316325646,CASE_0,5.909999890718609e-05
0.0,0.059546450064004997,0.3969763337600333,astar_like,0.0105,17,normal,1,0.5,0.06999999999999999,0.23300340000059805,35,6.311537514083655,0.6569623729744576,0.4190340909090909,45,0.9115375140836547,20,0.2,0.23235429999840562,0.0105,1.0,0.0933,0.004499999999999992,35,0.043564397766153326,0.07155622669939705,WEIGHTED_SQUARE,0.5,5.4,ok,10,6.544540914084253,0.08504645006400498,CASE_0,7.699999696342275e-05
0.0,0.05753288802922702,0.38355258686151344,astar_like,0.0105,12,normal,2,0.5,0.020000000000000004,0.21414670000012848,35,5.2095700753400545,0.7500729927007299,0.6569623729744576,45,0.8095700753400538,15,0.2,0.21350089999759803,0.0029999999999999996,1.0,0.0933,0.0044999999999999945,35,0.0294649158013893,0.043564397766153326,WEIGHTED_SQUARE,0.5,4.4,ok,11,5.423716775340183,0.07553288802922702,CASE_0,7.029999687802047e-05
0.0,0.006751113051283583,0.04500742034189056,direct_like,0.010500000000000006,2,normal,2,0.3,0.020000000000000004,0.06922840000333963,35,2.6652852417072195,0.8699439950217797,0.7500729927007299,45,0.2652852417072195,5,0.2,0.06871289999980945,0.0029999999999999996,1.0,0.0933,0.0044999999999999945,35,0.012470098386385065,0.0294649158013893,WEIGHTED_SQUARE,0.5,2.4,ok,12,2.734513641710559,0.02475111305128358,CASE_0,3.870000000461005e-05
0.0,0.020567393371772352,0.13711595581181568,direct_like,0.0105,2,normal,1,0.5,0.09000000000000001,0.09152919999905862,36,2.925909896803562,0.0,0.0,45,0.5259098968035623,5,0.2,0.09102440000060597,0.013500000000000002,1.0,0.0933,0.004499999999999998,36,0.5011648062543049,0.5600163931421729,WEIGHTED_SQUARE,0.5,2.4,ok,0,3.0174390968026206,0.04906739337177236,CASE_0,5.2200000936863944e-05
0.0,0.010190217391304334,0.06793478260869557,direct_like,0.0105,2,normal,1,0.5,0.09000000000000001,0.07095539999863831,36,2.814686145673144,0.0,0.0,45,0.4146861456731441,5,0.2,0.07060600000113482,0.013500000000000005,1.0,0.0933,0.004500000000000004,36,0.4449092337393983,0.5011648062543049,WEIGHTED_SQUARE,0.5,2.4,ok,1,2.885641545671782,0.03869021739130434,CASE_0,3.480000304989517e-05
0.0,0.01019021739130435,0.06793478260869566,direct_like,0.0105,2,normal,1,0.5,0.09000000000000001,0.07070349999776226,36,2.814686145673144,0.0,0.0,45,0.4146861456731441,5,0.2,0.07019120000040857,0.013499999999999998,1.0,0.0933,0.004499999999999995,36,0.3923683389363693,0.4449092337393983,WEIGHTED_SQUARE,0.5,2.4,ok,2,2.885389645670906,0.03869021739130434,CASE_0,5.409999721450731e-05
0.0,0.010190217391304351,0.06793478260869568,direct_like,0.010500000000000002,2,normal,1,0.5,0.06999999999999999,0.10113629999978002,36,2.7825318048371313,0.0,0.0,45,0.38253180483713145,5,0.2,0.1005159000014828,0.010500000000000002,1.0,0.0933,0.004500000000000001,36,0.3551333729050588,0.3923683389363693,WEIGHTED_SQUARE,0.5,2.4,ok,3,2.8836681048369113,0.03569021739130436,CASE_0,6.239999856916256e-05
0.0,0.0553824732864539,0.3692164885763593,astar_like,0.0105,6,normal,2,0.5,0.06999999999999999,0.17062970000188216,36,4.066907537904115,0.0,0.0,45,0.8669075379041147,9,0.2,0.17008710000300198,0.010499999999999997,1.0,0.0933,0.004500000000000001,36,0.31804918990496006,0.3551333729050588,WEIGHTED_SQUARE,0.5,3.2,ok,4,4.237537237905997,0.0808824732864539,CASE_0,5.859999873791821e-05
0.0,0.07065111099908417,0.4710074066605612,lshape_or_compressed_astar,0.010500000000000006,3,normal,1,0.5,0.06999999999999999,0.1798863000003621,36,3.630558531608619,0.0,0.0,45,1.0305585316086192,6,0.2,0.1793625999998767,0.010499999999999997,1.0,0.0933,0.004500000000000002,36,0.2809032654323025,0.31804918990496006,WEIGHTED_SQUARE,0.5,2.6,ok,5,3.810444831608981,0.09615111099908417,CASE_0,3.4199998481199145e-05
0.0,0.05537943804632707,0.36919625364218045,astar_like,0.0105,6,normal,2,0.5,0.06999999999999999,0.19314699999813456,36,4.066875005855596,0.019762183888795845,0.0,45,0.8668750058555956,9,0.2,0.19262820000221836,0.0105,1.0,0.0933,0.0045,36,0.24397592839607418,0.2809032654323025,WEIGHTED_SQUARE,0.5,3.2,ok,6,4.26002200585373,0.08087943804632707,CASE_0,5.339999916031957e-05
0.0,0.07065111099908394,0.4710074066605596,lshape_or_compressed_astar,0.010500000000000002,3,normal,1,0.5,0.06999999999999999,0.20652400000108173,36,3.6305585316086173,0.0484627410109432,0.019762183888795845,45,1.030558531608617,6,0.2,0.20591399999830173,0.010499999999999999,1.0,0.0933,0.004500000000000002,36,0.20703090931473164,0.24397592839607418,WEIGHTED_SQUARE,0.5,2.6,ok,7,3.837082531609699,0.09615111099908395,CASE_0,6.290000237640925e-05
0.0,0.05536627303723149,0.36910848691487663,astar_like,0.010499999999999999,6,normal,2,0.5,0.06999999999999999,0.1924670000007609,36,4.066733901792406,0.11210844477010441,0.0484627410109432,45,0.866733901792406,9,0.2,0.19193819999782136,0.010499999999999999,1.0,0.0933,0.004499999999999996,36,0.17046373482579277,0.20703090931473164,WEIGHTED_SQUARE,0.5,3.2,ok,8,4.259200901793167,0.08086627303723147,CASE_0,6.629999916185625e-05
0.0,0.07065111099908392,0.47100740666055946,lshape_or_compressed_astar,0.010500000000000002,3,normal,1,0.5,0.06999999999999999,0.1968325999987428,36,3.630558531608617,0.19881188118811882,0.11210844477010441,45,1.0305585316086168,6,0.2,0.19627369999943767,0.010500000000000002,1.0,0.0933,0.004500000000000001,36,0.13413040333903753,0.17046373482579277,WEIGHTED_SQUARE,0.5,2.6,ok,9,3.8273911316073597,0.09615111099908394,CASE_0,5.919999966863543e-05
0.0,0.0553790694426001,0.36919379628400073,astar_like,0.0105,6,normal,2,0.5,0.06999999999999999,0.20623450000130106,36,4.066871055118972,0.31755593803786575,0.19881188118811882,45,0.8668710551189722,9,0.2,0.2056955999978527,0.01050000000000001,1.0,0.0933,0.0045,36,0.09873505340477128,0.13413040333903753,WEIGHTED_SQUARE,0.5,3.2,ok,10,4.2731055551202735,0.08087906944260011,CASE_0,5.6799999583745375e-05
0.0,0.07866887745180132,0.5244591830120089,lshape_or_compressed_astar,0.010499999999999997,3,normal,1,0.3,0.06999999999999999,0.20146999999997206,36,3.7164938633633584,0.5450369992344986,0.31755593803786575,45,1.116493863363358,6,0.2,0.20109950000187382,0.010499999999999997,1.0,0.0933,0.0045,36,0.05758822350244926,0.09873505340477128,WEIGHTED_SQUARE,0.5,2.6,ok,11,3.9179638633633305,0.10416887745180131,CASE_0,3.870000000461005e-05
0.0,0.06435169985165069,0.42901133234433797,lshape_or_compressed_astar,0.010500000000000006,3,normal,2,0.5,0.020000000000000004,0.17551409999941825,36,3.482654875151669,0.6234979973297731,0.5450369992344986,45,0.882654875151669,6,0.2,0.17494879999867408,0.003000000000000006,1.0,0.0933,0.0045000000000000005,36,0.042718842798757414,0.05758822350244926,WEIGHTED_SQUARE,0.5,2.6,ok,12,3.6581689751510873,0.08235169985165071,CASE_0,5.7600002037361264e-05
0.0,0.002264492753623187,0.015096618357487915,direct_like,0.010500000000000006,2,normal,2,0.5,0.020000000000000004,0.05426389999774983,36,2.617197135622971,0.713274837248797,0.6234979973297731,45,0.217197135622971,5,0.2,0.05372980000174721,0.003000000000000006,1.0,0.0933,0.004499999999999992,36,0.02809654734127198,0.042718842798757414,WEIGHTED_SQUARE,0.5,2.4,ok,13,2.671461035620721,0.020264492753623194,CASE_0,3.520000245771371e-05
0.0,0.002264492753623204,0.01509661835748803,direct_like,0.010500000000000006,2,normal,2,0.5,0.020000000000000004,0.05121040000085486,36,2.617197135622971,0.8387488612207713,0.713274837248797,45,0.21719713562297116,5,0.2,0.050846800000726944,0.003000000000000006,1.0,0.0933,0.004499999999999992,36,0.01445662493369454,0.02809654734127198,WEIGHTED_SQUARE,0.5,2.4,ok,14,2.668407535623826,0.020264492753623208,CASE_0,3.7099998735357076e-05
0.0,0.006751113051283618,0.04500742034189079,direct_like,0.010500000000000006,2,normal,2,0.7,0.020000000000000004,0.050578099999256665,36,2.66528524170722,0.9235890932149651,0.8387488612207713,45,0.26528524170721995,5,0.2,0.050116099999286234,0.003000000000000006,1.0,0.0933,0.004499999999999992,36,0.009193057470514032,0.01445662493369454,WEIGHTED_SQUARE,0.5,2.4,ok,15,2.7158633417064766,0.02475111305128362,CASE_0,4.369999805931002e-05
0.0,0.02539430116720005,0.16929534111466701,direct_like,0.010500000000000002,2,normal,2,0.5,0.09000000000000001,0.09416529999725753,37,2.977645242949625,0.0,0.0,45,0.5776452429496254,5,0.2,0.0936405000029481,0.013499999999999998,1.0,0.0933,0.004499999999999999,37,0.4272262965262169,0.4848483235355857,WEIGHTED_SQUARE,0.5,2.4,ok,0,3.0718105429468827,0.053894301167200044,CASE_0,5.699999746866524e-05
0.0,0.010190217391304353,0.0679347826086957,direct_like,0.010500000000000002,2,normal,2,0.5,0.09000000000000001,0.07341879999876255,37,2.8146861456731442,0.0,0.0,45,0.41468614567314416,5,0.2,0.07306149999931222,0.0135,1.0,0.0933,0.0045000000000000005,37,0.3730912600996691,0.4272262965262169,WEIGHTED_SQUARE,0.5,2.4,ok,1,2.888104945671907,0.03869021739130435,CASE_0,3.510000169626437e-05
0.0,0.010190217391304327,0.06793478260869552,direct_like,0.010500000000000002,2,normal,2,0.5,0.06999999999999999,0.07448840000142809,37,2.782531804837131,0.0,0.0,45,0.3825318048371311,5,0.2,0.07394589999967138,0.010500000000000002,1.0,0.0933,0.004500000000000003,37,0.33448706513386767,0.3730912600996691,WEIGHTED_SQUARE,0.5,2.4,ok,2,2.857020204838559,0.03569021739130433,CASE_0,5.709999823011458e-05
0.0,0.0566810094286142,0.3778733961907613,astar_like,0.0105,7,normal,1,0.5,0.06999999999999999,0.1928803999981028,37,4.280825395805083,0.0,0.0,45,0.8808253958050825,10,0.2,0.19212659999902826,0.010499999999999994,1.0,0.0933,0.004499999999999993,37,0.2989796648620307,0.33448706513386767,WEIGHTED_SQUARE,0.5,3.4000000000000004,ok,3,4.473705795803186,0.08218100942861419,CASE_0,0.00012040000001434237
0.0,0.07018304002686472,0.4678869335124315,lshape_or_compressed_astar,0.010499999999999997,3,normal,2,0.5,0.06999999999999999,0.19351190000088536,37,3.6255416937498897,0.0028089887640449437,0.0,45,1.0255416937498898,6,0.2,0.19300769999972545,0.010499999999999997,1.0,0.0933,0.004500000000000003,37,0.26011012892771723,0.2989796648620307,WEIGHTED_SQUARE,0.5,2.6,ok,4,3.819053593750775,0.09568304002686472,CASE_0,5.029999738326296e-05
0.0,0.056782692707265596,0.37855128471510396,astar_like,0.010499999999999999,9,normal,1,0.5,0.06999999999999999,0.18714410000029602,37,4.681915248738109,0.036196004780604404,0.0028089887640449437,45,0.8819152487381093,12,0.2,0.18641270000080112,0.010499999999999999,1.0,0.0933,0.0045000000000000005,37,0.2252718358988966,0.26011012892771723,WEIGHTED_SQUARE,0.5,3.8,ok,5,4.869059348738405,0.0822826927072656,CASE_0,6.270000085351057e-05
0.0,0.07018304002686476,0.4678869335124318,lshape_or_compressed_astar,0.010500000000000002,3,normal,2,0.5,0.06999999999999999,0.2013102999990224,37,3.6255416937498905,0.08541369472182596,0.036196004780604404,45,1.0255416937498907,6,0.2,0.2007631999986188,0.010500000000000002,1.0,0.0933,0.004499999999999998,37,0.18601061283321768,0.2252718358988966,WEIGHTED_SQUARE,0.5,2.6,ok,6,3.826851993748913,0.09568304002686479,CASE_0,5.1700000767596066e-05
0.0,0.05770057682712607,0.3846705121808405,astar_like,0.010500000000000006,9,normal,1,0.5,0.06999999999999999,0.2020974999977625,37,4.691753235017428,0.14729857819905212,0.08541369472182596,45,0.8917532350174285,12,0.2,0.20156710000082967,0.010499999999999997,1.0,0.0933,0.0045000000000000005,37,0.1525521010304247,0.18601061283321768,WEIGHTED_SQUARE,0.5,3.8,ok,7,4.8938507350151905,0.08320057682712607,CASE_0,6.379999831551686e-05
0.0,0.07018304002686511,0.4678869335124341,lshape_or_compressed_astar,0.010500000000000006,3,normal,2,0.5,0.06999999999999999,0.19579130000056466,37,3.625541693749894,0.26770004189359026,0.14729857819905212,45,1.0255416937498942,6,0.2,0.19512800000302377,0.010499999999999999,1.0,0.0933,0.004499999999999997,37,0.11273461101603716,0.1525521010304247,WEIGHTED_SQUARE,0.5,2.6,ok,8,3.8213329937504588,0.09568304002686512,CASE_0,8.430000161752105e-05
0.0,0.05761740552607117,0.3841160368404745,astar_like,0.010500000000000006,9,normal,1,0.5,0.06999999999999999,0.20813149999958114,37,4.690861795563464,0.39691670501610676,0.26770004189359026,45,0.890861795563464,12,0.2,0.20755569999892032,0.010500000000000006,1.0,0.0933,0.004499999999999997,37,0.0835983736484597,0.11273461101603716,WEIGHTED_SQUARE,0.5,3.8,ok,9,4.898993295563045,0.08311740552607119,CASE_0,5.03999981447123e-05
0.0,0.07831846450440438,0.5221230966960292,lshape_or_compressed_astar,0.010500000000000006,3,normal,2,0.7,0.06999999999999999,0.1977565000015602,37,3.712738097582041,0.6733187534171678,0.39691670501610676,45,1.112738097582041,6,0.2,0.19726140000057057,0.010500000000000006,1.0,0.0933,0.004499999999999997,37,0.035904276482345246,0.0835983736484597,WEIGHTED_SQUARE,0.5,2.6,ok,10,3.910494597583601,0.1038184645044044,CASE_0,5.140000212122686e-05
0.0,0.06393144866514666,0.4262096577676444,lshape_or_compressed_astar,0.0105,3,normal,1,0.5,0.020000000000000004,0.1748909999987518,37,3.4781505751891393,0.7788856304985338,0.6733187534171678,45,0.878150575189139,6,0.2,0.17394720000083908,0.0030000000000000005,1.0,0.0933,0.004500000000000001,37,0.022583298212239186,0.035904276482345246,WEIGHTED_SQUARE,0.5,2.6,ok,11,3.653041575187891,0.08193144866514666,CASE_0,5.560000136028975e-05
0.0,0.006751113051283569,0.04500742034189047,direct_like,0.0105,2,normal,1,0.3,0.020000000000000004,0.05242809999981546,37,2.6652852417072195,0.8947532792004997,0.7788856304985338,45,0.2652852417072194,5,0.2,0.05177180000100634,0.0030000000000000005,1.0,0.0933,0.004500000000000001,37,0.010546622445890465,0.022583298212239186,WEIGHTED_SQUARE,0.5,2.4,ok,12,2.717713341707035,0.02475111305128357,CASE_0,7.250000271596946e-05
0.0,0.021588460846173312,0.1439230723078221,direct_like,0.010500000000000002,2,normal,1,0.5,0.09000000000000001,0.08408129999952507,38,2.936853813999714,0.0,0.0,45,0.536853813999714,5,0.2,0.08372289999897475,0.013500000000000003,1.0,0.0933,0.0045000000000000005,38,0.5561630209849291,0.6058033166780686,WEIGHTED_SQUARE,0.5,2.4,ok,0,3.020935113999239,0.05008846084617331,CASE_0,3.4199998481199145e-05
0.0,0.010190217391304345,0.06793478260869562,direct_like,0.010500000000000002,2,normal,1,0.5,0.09000000000000001,0.09267139999792562,38,2.8146861456731442,0.0,0.0,45,0.41468614567314416,5,0.2,0.09205160000055912,0.013500000000000002,1.0,0.0933,0.004500000000000002,38,0.5107782520994361,0.5561630209849291,WEIGHTED_SQUARE,0.5,2.4,ok,1,2.90735754567107,0.03869021739130435,CASE_0,5.789999704575166e-05
0.0,0.07105596540573579,0.47370643603823864,lshape_or_compressed_astar,0.0105,3,normal,2,0.5,0.09000000000000001,0.19511420000344515,38,3.667052147971445,0.0,0.0,45,1.0670521479714448,6,0.2,0.19464789999983623,0.013499999999999998,1.0,0.0933,0.0045000000000000005,38,0.4618320632376294,0.5107782520994361,WEIGHTED_SQUARE,0.5,2.6,ok,2,3.86216634797489,0.09955596540573579,CASE_0,5.459999738377519e-05
0.0,0.07463055082568891,0.49753700550459273,lshape_or_compressed_astar,0.010499999999999999,3,normal,1,0.5,0.06999999999999999,0.2039818999983254,38,3.673210619782304,0.0,0.0,45,1.0732106197823035,6,0.2,0.20346780000181752,0.010499999999999999,1.0,0.0933,0.004500000000000002,38,0.4266869645634617,0.4618320632376294,WEIGHTED_SQUARE,0.5,2.6,ok,3,3.877192519780629,0.1001305508256889,CASE_0,5.680000322172418e-05
0.0,0.06922375184187851,0.46149167894585674,lshape_or_compressed_astar,0.010500000000000004,3,normal,2,0.5,0.06999999999999999,0.18751930000144057,38,3.6152599339965548,0.0,0.0,45,1.0152599339965545,6,0.2,0.187146299998858,0.010499999999999995,1.0,0.0933,0.004500000000000004,38,0.3890990445659671,0.4266869645634617,WEIGHTED_SQUARE,0.5,2.6,ok,4,3.8027792339979953,0.09472375184187852,CASE_0,4.0899998566601425e-05
0.0,0.07938089483759511,0.5292059655839674,lshape_or_compressed_astar,0.010499999999999999,3,normal,1,0.3,0.06999999999999999,0.19566679999843473,38,3.7241253465980186,0.0,0.0,45,1.1241253465980183,6,0.2,0.19519500000023982,0.010499999999999999,1.0,0.0933,0.004500000000000002,38,0.346713341961988,0.3890990445659671,WEIGHTED_SQUARE,0.5,2.6,ok,5,3.9197921465964534,0.1048808948375951,CASE_0,5.539999983739108e-05
0.0,0.06555564101402418,0.43703760676016123,lshape_or_compressed_astar,0.010499999999999999,3,normal,2,0.5,0.06999999999999999,0.17872720000013942,38,3.5759447054021885,0.0,0.0,45,0.9759447054021885,6,0.2,0.17817270000159624,0.010499999999999997,1.0,0.0933,0.004500000000000002,38,0.2983734204700165,0.346713341961988,WEIGHTED_SQUARE,0.5,2.6,ok,6,3.754671905402328,0.09105564101402418,CASE_0,5.8999998145736754e-05
0.0,0.00792572463768115,0.052838164251207666,direct_like,0.0105,2,normal,2,0.5,0.06999999999999999,0.06489180000062333,38,2.7582607142302376,0.0018208905810296308,0.0,45,0.3582607142302374,5,0.2,0.06428009999945061,0.0105,1.0,0.0933,0.004499999999999999,38,0.2518500289480984,0.2983734204700165,WEIGHTED_SQUARE,0.5,2.4,ok,7,2.823152514230861,0.03342572463768115,CASE_0,7.46000005165115e-05
0.0,0.007925724637681165,0.05283816425120776,direct_like,0.010500000000000002,2,normal,2,0.5,0.06999999999999999,0.06326789999729954,38,2.7582607142302376,0.04356775300171527,0.0018208905810296308,45,0.35826071423023764,5,0.2,0.06291899999996531,0.010500000000000002,1.0,0.0933,0.004499999999999999,38,0.20829370343620995,0.2518500289480984,WEIGHTED_SQUARE,0.5,2.4,ok,8,2.821528614227537,0.03342572463768117,CASE_0,3.520000245771371e-05
0.0,0.010162022979325688,0.06774681986217125,direct_like,0.010499999999999999,2,normal,2,0.3,0.06999999999999999,0.06591760000083013,38,2.78222961392632,0.13333333333333333,0.04356775300171527,45,0.38222961392632027,5,0.2,0.06540209999729996,0.010499999999999994,1.0,0.0933,0.004499999999999996,38,0.16061810084978623,0.20829370343620995,WEIGHTED_SQUARE,0.5,2.4,ok,9,2.84814721392715,0.03566202297932568,CASE_0,5.7199998991563916e-05
0.0,0.010841301316325594,0.0722753421088373,direct_like,0.010499999999999995,2,normal,2,0.5,0.06999999999999999,0.07777309999801219,38,2.7895101963164586,0.2503118503118503,0.13333333333333333,45,0.3895101963164585,5,0.2,0.07741730000270763,0.010499999999999992,1.0,0.0933,0.004499999999999997,38,0.11613929222430698,0.16061810084978623,WEIGHTED_SQUARE,0.5,2.4,ok,10,2.8672832963144708,0.036341301316325576,CASE_0,3.4199998481199145e-05
0.0,0.007925724637681167,0.052838164251207784,direct_like,0.010499999999999995,2,normal,2,0.5,0.06999999999999999,0.07272889999876497,38,2.7582607142302376,0.3874369555249885,0.2503118503118503,45,0.35826071423023753,5,0.2,0.07221630000276491,0.010499999999999995,1.0,0.0933,0.004500000000000004,38,0.08224534411494396,0.11613929222430698,WEIGHTED_SQUARE,0.5,2.4,ok,11,2.8309896142290025,0.03342572463768116,CASE_0,5.310000051395036e-05
0.0,0.05740972964927684,0.382731530995179,astar_like,0.010500000000000002,9,normal,1,0.5,0.06999999999999999,0.22821630000180448,38,4.68863590192151,0.6470427163198248,0.3874369555249885,45,0.8886359019215097,12,0.2,0.22760510000080103,0.010500000000000002,1.0,0.0933,0.004499999999999997,38,0.04786481585069183,0.08224534411494396,WEIGHTED_SQUARE,0.5,3.8,ok,12,4.916852201923314,0.08290972964927684,CASE_0,5.7600002037361264e-05
0.0,0.05747047857664564,0.3831365238443043,lshape_or_compressed_astar,0.010500000000000002,3,normal,2,0.3,0.020000000000000004,0.17735109999921406,38,3.4089011637368234,0.7152600170502984,0.6470427163198248,45,0.8089011637368235,6,0.2,0.17686179999873275,0.0029999999999999953,1.0,0.0933,0.004499999999999997,38,0.03050099392546566,0.04786481585069183,WEIGHTED_SQUARE,0.5,2.6,ok,13,3.5862522637360374,0.07547047857664563,CASE_0,4.73000000056345e-05
0.0,0.004381969655091943,0.029213131033946287,direct_like,0.0105,2,normal,2,0.3,0.020000000000000004,0.06928839999818592,38,2.639892493623708,0.808376016872552,0.7152600170502984,45,0.23989249362370793,5,0.2,0.06888660000186064,0.0029999999999999953,1.0,0.0933,0.004500000000000006,38,0.017032760946908865,0.03050099392546566,WEIGHTED_SQUARE,0.5,2.4,ok,14,2.7091808936218937,0.022381969655091948,CASE_0,5.5100001191021875e-05
0.0,0.05268722239262967,0.3512481492841978,astar_like,0.010499999999999994,13,normal,1,0.5,0.020000000000000004,0.17201159999967786,38,5.357633680521218,0.8957613814756672,0.808376016872552,45,0.7576336805212184,16,0.2,0.1714670000001206,0.0030000000000000005,1.0,0.0933,0.004500000000000006,38,0.010223255808854423,0.017032760946908865,WEIGHTED_SQUARE,0.5,4.6,ok,15,5.529645280520896,0.07068722239262967,CASE_0,0.0001157000006060116
0.0,0.022838247050853053,0.15225498033902038,direct_like,0.0105,2,normal,2,0.5,0.09000000000000001,0.09228230000007898,39,2.950249164532187,0.0,0.0,45,0.5502491645321871,5,0.2,0.0918128000012075,0.0135,1.0,0.0933,0.004499999999999998,39,0.44405588446800764,0.503645978190498,WEIGHTED_SQUARE,0.5,2.4,ok,0,3.042531464532266,0.05133824705085305,CASE_0,4.3000000005122274e-05
0.0,0.010190217391304332,0.06793478260869555,direct_like,0.010500000000000002,2,normal,2,0.5,0.09000000000000001,0.06902980000086245,39,2.814686145673144,0.0,0.0,45,0.41468614567314394,5,0.2,0.06845489999977872,0.0135,1.0,0.0933,0.0045,39,0.38725107732209046,0.44405588446800764,WEIGHTED_SQUARE,0.5,2.4,ok,1,2.8837159456740062,0.03869021739130433,CASE_0,5.65999980608467e-05
0.0,0.010190217391304338,0.06793478260869559,direct_like,0.010500000000000004,2,normal,2,0.5,0.06999999999999999,0.07661569999982021,39,2.7825318048371313,0.0,0.0,45,0.38253180483713123,5,0.2,0.07625729999926989,0.010500000000000004,1.0,0.0933,0.004499999999999997,39,0.3459129562064034,0.38725107732209046,WEIGHTED_SQUARE,0.5,2.4,ok,2,2.8591475048369515,0.03569021739130434,CASE_0,3.449999712756835e-05
0.0,0.007925724637681162,0.05283816425120775,direct_like,0.010499999999999999,2,normal,2,0.5,0.06999999999999999,0.07006170000022394,39,2.7582607142302376,0.0,0.0,45,0.3582607142302375,5,0.2,0.06951280000066618,0.010499999999999999,1.0,0.0933,0.0044999999999999945,39,0.30822609442383647,0.3459129562064034,WEIGHTED_SQUARE,0.5,2.4,ok,3,2.8283224142304615,0.033425724637681155,CASE_0,5.20999965374358e-05
0.0,0.06216226800712732,0.41441512004751546,lshape_or_compressed_astar,0.0105,3,normal,1,0.7,0.06999999999999999,0.17306019999887212,39,3.539574147986359,0.0,0.0,45,0.9395741479863593,6,0.2,0.1724237999987963,0.010499999999999995,1.0,0.0933,0.0045,39,0.26616475299895337,0.30822609442383647,WEIGHTED_SQUARE,0.5,2.6,ok,4,3.7126343479852313,0.08766226800712731,CASE_0,4.6700002712896094e-05
0.0,0.010841301316325656,0.07227534210883771,direct_like,0.010499999999999999,2,normal,1,0.5,0.06999999999999999,0.0653000999991491,39,2.789510196316459,0.020587242659466758,0.0,45,0.3895101963164592,5,0.2,0.0647607999999309,0.010499999999999995,1.0,0.0933,0.004499999999999995,39,0.2240417873151737,0.26616475299895337,WEIGHTED_SQUARE,0.5,2.4,ok,5,2.854810296315608,0.036341301316325646,CASE_0,5.919999966863543e-05
0.0,0.00792572463768114,0.0528381642512076,direct_like,0.010499999999999999,2,normal,1,0.5,0.06999999999999999,0.059312199999112636,39,2.758260714230237,0.08581687612208258,0.020587242659466758,45,0.3582607142302373,5,0.2,0.05880530000285944,0.010499999999999999,1.0,0.0933,0.004499999999999998,39,0.18738543283815953,0.2240417873151737,WEIGHTED_SQUARE,0.5,2.4,ok,6,2.8175729142293497,0.03342572463768114,CASE_0,4.649999755201861e-05
0.0,0.07115310831114835,0.4743540554076557,lshape_or_compressed_astar,0.010499999999999999,3,normal,2,0.5,0.06999999999999999,0.1853813000016089,39,3.6359389958322437,0.16576715497301464,0.08581687612208258,45,1.0359389958322438,6,0.2,0.18488669999715057,0.010499999999999999,1.0,0.0933,0.004499999999999998,39,0.15195188719370092,0.18738543283815953,WEIGHTED_SQUARE,0.5,2.6,ok,7,3.8213202958338526,0.09665310831114834,CASE_0,5.0999999075429514e-05
0.0,0.06534793117896957,0.43565287452646384,lshape_or_compressed_astar,0.010500000000000002,3,normal,1,0.7,0.06999999999999999,0.1812409000012849,39,3.5737184477917427,0.26570048309178745,0.16576715497301464,45,0.9737184477917424,6,0.2,0.18076339999970514,0.010499999999999994,1.0,0.0933,0.004499999999999999,39,0.1084758173417417,0.15195188719370092,WEIGHTED_SQUARE,0.5,2.6,ok,8,3.7549593477930276,0.09084793117896957,CASE_0,5.9699999837903306e-05
0.0,0.01084130131632567,0.07227534210883779,direct_like,0.010499999999999997,2,normal,1,0.5,0.06999999999999999,0.07708569999886095,39,2.7895101963164595,0.42819905213270143,0.26570048309178745,45,0.3895101963164594,5,0.2,0.07654840000031982,0.010499999999999997,1.0,0.0933,0.0044999999999999945,39,0.07147200093295852,0.1084758173417417,WEIGHTED_SQUARE,0.5,2.4,ok,9,2.8665958963153204,0.03634130131632566,CASE_0,8.41999972180929e-05
0.0,0.057852898998146184,0.38568599332097453,astar_like,0.010500000000000002,11,normal,2,0.5,0.06999999999999999,0.2442698000013479,39,5.093385841352049,0.6731301939058172,0.42819905213270143,45,0.893385841352049,14,0.2,0.24371350000001257,0.010500000000000002,1.0,0.0933,0.0044999999999999945,39,0.038052767694023604,0.07147200093295852,WEIGHTED_SQUARE,0.5,4.2,ok,10,5.337655641353397,0.08335289899814617,CASE_0,5.5900000006658956e-05
0.0,0.06902373170600141,0.4601582113733428,lshape_or_compressed_astar,0.010500000000000002,3,normal,1,0.5,0.020000000000000004,0.20965300000170828,39,3.532730243365503,0.7846381093057607,0.6731301939058172,45,0.9327302433655028,6,0.2,0.20909709999978077,0.0030000000000000014,1.0,0.0933,0.0044999999999999945,39,0.02391166756095467,0.038052767694023604,WEIGHTED_SQUARE,0.5,2.6,ok,11,3.742383243367211,0.0870237317060014,CASE_0,6.0200000007171184e-05
0.0,0.0022644927536231954,0.01509661835748797,direct_like,0.010500000000000004,2,normal,1,0.5,0.020000000000000004,0.06107960000008461,39,2.617197135622971,0.8851794071762871,0.7846381093057607,45,0.21719713562297108,5,0.2,0.06065859999944223,0.003,1.0,0.0933,0.0045000000000000005,39,0.012146972925626843,0.02391166756095467,WEIGHTED_SQUARE,0.5,2.4,ok,12,2.6782767356230557,0.0202644927536232,CASE_0,3.730000025825575e-05
0.0,0.025245237142080407,0.1683015809472027,direct_like,0.010499999999999997,2,normal,1,0.5,0.09000000000000001,0.09177479999925708,40,2.9760475577929304,0.0,0.0,45,0.5760475577929304,5,0.2,0.09125900000071852,0.013500000000000002,1.0,0.0933,0.004500000000000002,40,0.4008427643826683,0.45546070305436664,WEIGHTED_SQUARE,0.5,2.4,ok,0,3.0678223577921875,0.053745237142080404,CASE_0,5.32000012753997e-05
0.0,0.010190217391304372,0.06793478260869582,direct_like,0.010499999999999999,2,normal,1,0.5,0.06999999999999999,0.07306449999668985,40,2.7825318048371313,0.0,0.0,45,0.3825318048371315,5,0.2,0.07269470000028377,0.010499999999999995,1.0,0.0933,0.004499999999999998,40,0.36149602112468804,0.4008427643826683,WEIGHTED_SQUARE,0.5,2.4,ok,1,2.855596304833821,0.03569021739130437,CASE_0,4.099999932805076e-05
0.0,0.007925724637681146,0.052838164251207645,direct_like,0.010500000000000006,2,normal,1,0.5,0.06999999999999999,0.10649360000024899,40,2.7582607142302376,0.0,0.0,45,0.3582607142302375,5,0.2,0.10598050000044168,0.010499999999999997,1.0,0.0933,0.004500000000000002,40,0.3259868093711811,0.36149602112468804,WEIGHTED_SQUARE,0.5,2.4,ok,2,2.8647543142304865,0.033425724637681155,CASE_0,5.1799997891066596e-05
0.0,0.05674348444584676,0.378289896305645,astar_like,0.0105,7,normal,2,0.5,0.06999999999999999,0.23305139999865787,40,4.281495010137693,0.0,0.0,45,0.8814950101376928,10,0.2,0.23267670000132057,0.0105,1.0,0.0933,0.004499999999999996,40,0.2871941446066651,0.3259868093711811,WEIGHTED_SQUARE,0.5,3.4000000000000004,ok,3,4.514546410136351,0.08224348444584674,CASE_0,3.9999998989515007e-05
0.0,0.0700338096724219,0.4668920644828127,lshape_or_compressed_astar,0.010500000000000006,3,normal,1,0.5,0.06999999999999999,0.16999220000070636,40,3.623942225856612,0.01556420233463035,0.0,45,1.0239422258566122,6,0.2,0.16938789999767323,0.010499999999999997,1.0,0.0933,0.004499999999999998,40,0.252290597630888,0.2871941446066651,WEIGHTED_SQUARE,0.5,2.6,ok,4,3.7939344258573184,0.09553380967242191,CASE_0,4.819999958272092e-05
0.0,0.05671462838470388,0.3780975225646926,astar_like,0.0105,7,normal,2,0.5,0.06999999999999999,0.2404102000000421,40,4.281185727595969,0.04580678491475805,0.01556420233463035,45,0.8811857275959687,10,0.2,0.23972460000004503,0.010499999999999995,1.0,0.0933,0.0045000000000000005,40,0.2131867472303334,0.252290597630888,WEIGHTED_SQUARE,0.5,3.4000000000000004,ok,5,4.521595927596011,0.08221462838470388,CASE_0,5.8400000852998346e-05
0.0,0.07003380967242194,0.46689206448281295,lshape_or_compressed_astar,0.010500000000000004,3,normal,1,0.5,0.06999999999999999,0.17072019999977783,40,3.623942225856613,0.10003644314868805,0.04580678491475805,45,1.0239422258566127,6,0.2,0.1701571999983571,0.010499999999999995,1.0,0.0933,0.0045000000000000005,40,0.17943905255615294,0.2131867472303334,WEIGHTED_SQUARE,0.5,2.6,ok,6,3.794662425856391,0.09553380967242195,CASE_0,5.750000127591193e-05
0.0,0.05669356516535295,0.377957101102353,astar_like,0.010500000000000002,7,normal,2,0.5,0.06999999999999999,0.2234608999970078,40,4.280959969617931,0.1862475442043222,0.10003644314868805,45,0.8809599696179309,10,0.2,0.22295590000067023,0.010500000000000002,1.0,0.0933,0.004499999999999998,40,0.13994104087635362,0.17943905255615294,WEIGHTED_SQUARE,0.5,3.4000000000000004,ok,7,4.504420869614939,0.08219356516535295,CASE_0,4.8800000513438135e-05
0.0,0.07003380967242212,0.4668920644828141,lshape_or_compressed_astar,0.0105,3,normal,1,0.5,0.06999999999999999,0.19656300000133342,40,3.6239422258566147,0.28720682302771855,0.1862475442043222,45,1.0239422258566144,6,0.2,0.19586770000023535,0.010499999999999994,1.0,0.0933,0.0045000000000000005,40,0.10916701302612336,0.13994104087635362,WEIGHTED_SQUARE,0.5,2.6,ok,8,3.820505225857948,0.09553380967242212,CASE_0,7.65999975556042e-05
0.0,0.06352794663273621,0.4235196442182414,astar_like,0.010499999999999999,11,normal,2,0.7,0.06999999999999999,0.23008309999931953,40,5.154211646653121,0.5033843068438205,0.28720682302771855,45,0.9542116466531211,14,0.2,0.22969970000121975,0.010499999999999999,1.0,0.0933,0.004499999999999992,40,0.06117754170140654,0.10916701302612336,WEIGHTED_SQUARE,0.5,4.2,ok,9,5.384294746652441,0.0890279466327362,CASE_0,4.669999907491729e-05
0.0,0.058663842710568945,0.3910922847371263,lshape_or_compressed_astar,0.010500000000000008,3,normal,1,0.5,0.020000000000000004,0.2053091999987373,40,3.421691776104705,0.5662052755288587,0.5033843068438205,45,0.8216917761047049,6,0.2,0.20481149999977788,0.002999999999999997,1.0,0.0933,0.004500000000000003,40,0.04742678509138205,0.06117754170140654,WEIGHTED_SQUARE,0.5,2.6,ok,10,3.6270009761034423,0.07666384271056896,CASE_0,4.649999755201861e-05
0.0,0.002264492753623187,0.015096618357487917,direct_like,0.0105,2,normal,1,0.5,0.020000000000000004,0.06755509999857168,40,2.6171971356229706,0.663984461709212,0.5662052755288587,45,0.21719713562297094,5,0.2,0.06704489999901853,0.003000000000000002,1.0,0.0933,0.004499999999999997,40,0.03480967015604996,0.04742678509138205,WEIGHTED_SQUARE,0.5,2.4,ok,11,2.6847522356215423,0.020264492753623187,CASE_0,7.520000144722871e-05
0.0,0.0022644927536231868,0.015096618357487912,direct_like,0.010500000000000002,2,normal,1,0.5,0.020000000000000004,0.0689291000016965,40,2.617197135622971,0.738274464389114,0.663984461709212,45,0.217197135622971,5,0.2,0.06836359999942943,0.003000000000000002,1.0,0.0933,0.004500000000000003,40,0.02509948383898103,0.03480967015604996,WEIGHTED_SQUARE,0.5,2.4,ok,12,2.6861262356246676,0.020264492753623194,CASE_0,5.959999907645397e-05
0.0,0.05584840156483761,0.37232267709891753,astar_like,0.010500000000000004,13,normal,2,0.5,0.020000000000000004,0.17704129999765428,40,5.391515558036844,0.8457987072945522,0.738274464389114,45,0.7915155580368449,16,0.2,0.17643060000045807,0.0030000000000000035,1.0,0.0933,0.004499999999999999,40,0.01389544034626668,0.02509948383898103,WEIGHTED_SQUARE,0.5,4.6,ok,13,5.568556858034499,0.07384840156483763,CASE_0,5.020000025979243e-05
0.0,0.055846126445673154,0.37230750963782105,astar_like,0.0105,11,normal,1,0.5,0.020000000000000004,0.16929940000045463,40,4.991491173051159,0.9026015228426396,0.8457987072945522,45,0.7914911730511592,14,0.2,0.16884140000183834,0.003000000000000008,1.0,0.0933,0.004499999999999997,40,0.008207927205878244,0.01389544034626668,WEIGHTED_SQUARE,0.5,4.2,ok,14,5.160790573051614,0.07384612644567315,CASE_0,5.080000119050965e-05
0.0,0.03164420752160137,0.21096138347734245,direct_like,0.0105,2,normal,2,0.5,0.09000000000000001,0.10411550000208081,41,3.044632449320486,0.0,0.0,45,0.6446324493204862,5,0.2,0.10368299999754527,0.013499999999999995,1.0,0.0933,0.004500000000000002,41,0.4606967854536753,0.5209125167119057,WEIGHTED_SQUARE,0.5,2.4,ok,0,3.148747949322567,0.060144207521601364,CASE_0,5.4299998737405986e-05
0.0,0.01019021739130432,0.06793478260869548,direct_like,0.0105,2,normal,2,0.5,0.09000000000000001,0.06961270000101649,41,2.814686145673144,0.0,0.0,45,0.4146861456731439,5,0.2,0.06908649999968475,0.013500000000000003,1.0,0.0933,0.0045,41,0.4029435133940937,0.4606967854536753,WEIGHTED_SQUARE,0.5,2.4,ok,1,2.8842988456741603,0.03869021739130432,CASE_0,5.509999755304307e-05
0.0,0.01019021739130436,0.06793478260869575,direct_like,0.010500000000000002,2,normal,2,0.5,0.06999999999999999,0.07210520000080578,41,2.7825318048371313,0.0,0.0,45,0.38253180483713134,5,0.2,0.07175400000051013,0.010499999999999995,1.0,0.0933,0.0045,41,0.3604869680274591,0.4029435133940937,WEIGHTED_SQUARE,0.5,2.4,ok,2,2.854637004837937,0.03569021739130435,CASE_0,3.360000118846074e-05
0.0,0.007925724637681169,0.05283816425120779,direct_like,0.010499999999999995,2,normal,2,0.5,0.06999999999999999,0.06895239999721525,41,2.7582607142302376,0.0,0.0,45,0.3582607142302375,5,0.2,0.06844060000003083,0.010499999999999995,1.0,0.0933,0.0045,41,0.3211261073108026,0.3604869680274591,WEIGHTED_SQUARE,0.5,2.4,ok,3,2.827213114227453,0.033425724637681155,CASE_0,5.070000042906031e-05
0.0,0.007925724637681163,0.05283816425120776,direct_like,0.010499999999999999,2,normal,2,0.5,0.06999999999999999,0.08911179999995511,41,2.7582607142302376,0.0,0.0,45,0.35826071423023753,5,0.2,0.08866610000040964,0.010499999999999999,1.0,0.0933,0.004499999999999998,41,0.28614130242058883,0.3211261073108026,WEIGHTED_SQUARE,0.5,2.4,ok,4,2.8473725142301927,0.03342572463768116,CASE_0,4.410000110510737e-05
0.0,0.0662023114732037,0.4413487431546913,lshape_or_compressed_astar,0.010499999999999999,3,normal,1,0.5,0.06999999999999999,0.17883440000150586,41,3.5828757928532013,0.01854036743637283,0.0,45,0.9828757928532015,6,0.2,0.17830269999831216,0.010499999999999999,1.0,0.0933,0.004499999999999999,41,0.24642021443566176,0.28614130242058883,WEIGHTED_SQUARE,0.5,2.6,ok,5,3.761710192854707,0.0917023114732037,CASE_0,5.690000034519471e-05
0.0,0.007925724637681162,0.052838164251207756,direct_like,0.010499999999999997,2,normal,1,0.5,0.06999999999999999,0.17721700000038254,41,2.7582607142302376,0.0445980985306828,0.01854036743637283,45,0.35826071423023753,5,0.2,0.1765949999971781,0.010499999999999997,1.0,0.0933,0.004500000000000003,41,0.21249175895027017,0.24642021443566176,WEIGHTED_SQUARE,0.5,2.4,ok,6,2.93547771423062,0.03342572463768116,CASE_0,9.639999916544184e-05
0.0,0.070874973249267,0.47249982166178,lshape_or_compressed_astar,0.010500000000000002,3,normal,2,0.5,0.06999999999999999,0.19584390000090934,41,3.632957912639518,0.10657388756637978,0.0445980985306828,45,1.0329579126395179,6,0.2,0.1952357000009215,0.010499999999999994,1.0,0.0933,0.004499999999999999,41,0.17173045675396661,0.21249175895027017,WEIGHTED_SQUARE,0.5,2.6,ok,7,3.8288018126404273,0.09637497324926701,CASE_0,6.049999865354039e-05
0.0,0.00792572463768114,0.05283816425120761,direct_like,0.010500000000000004,2,normal,2,0.5,0.06999999999999999,0.09354850000090664,41,2.7582607142302376,0.17866198556660814,0.10657388756637978,45,0.3582607142302374,5,0.2,0.09311320000051637,0.010499999999999995,1.0,0.0933,0.004500000000000009,41,0.13933315047579686,0.17173045675396661,WEIGHTED_SQUARE,0.5,2.4,ok,8,2.851809214231144,0.03342572463768115,CASE_0,5.0999999075429514e-05
0.0,0.0662023114732041,0.441348743154694,lshape_or_compressed_astar,0.010500000000000004,3,normal,1,0.5,0.06999999999999999,0.18821100000059232,41,3.5828757928532062,0.3082918380601862,0.17866198556660814,45,0.9828757928532061,6,0.2,0.187690399998246,0.010500000000000004,1.0,0.0933,0.004500000000000001,41,0.09709399215298568,0.13933315047579686,WEIGHTED_SQUARE,0.5,2.6,ok,9,3.7710867928537986,0.09170231147320412,CASE_0,5.3899999329587445e-05
0.0,0.007925724637681156,0.05283816425120771,direct_like,0.010499999999999999,2,normal,1,0.5,0.06999999999999999,0.1667033999983687,41,2.7582607142302376,0.466747572815534,0.3082918380601862,45,0.3582607142302375,5,0.2,0.16600770000150078,0.010499999999999999,1.0,0.0933,0.004499999999999999,41,0.07088591075924158,0.09709399215298568,WEIGHTED_SQUARE,0.5,2.4,ok,10,2.9249641142286062,0.033425724637681155,CASE_0,6.039999789209105e-05
0.0,0.070874973249267,0.4724998216617801,lshape_or_compressed_astar,0.010499999999999997,3,normal,2,0.5,0.06999999999999999,0.19744100000025355,41,3.632957912639518,0.769434628975265,0.466747572815534,45,1.0329579126395176,6,0.2,0.19692579999900772,0.010500000000000006,1.0,0.0933,0.004499999999999994,41,0.02302118606939079,0.07088591075924158,WEIGHTED_SQUARE,0.5,2.6,ok,11,3.8303989126397715,0.096374973249267,CASE_0,5.4699998145224527e-05
0.0,0.010162022979325768,0.06774681986217179,direct_like,0.010499999999999994,2,normal,2,0.7,0.020000000000000004,0.08051759999943897,41,2.701843761836289,0.8565244279529994,0.769434628975265,45,0.30184376183628897,5,0.2,0.07989850000012666,0.0030000000000000005,1.0,0.0933,0.004499999999999999,41,0.015921697188408433,0.02302118606939079,WEIGHTED_SQUARE,0.5,2.4,ok,12,2.782361361835728,0.02816202297932576,CASE_0,5.860000237589702e-05
0.0,0.022630911786376915,0.1508727452425128,direct_like,0.010499999999999999,2,normal,1,0.5,0.09000000000000001,0.08852509999996983,42,2.9480269216117567,0.0,0.0,45,0.5480269216117569,5,0.2,0.087939599998208,0.013500000000000003,1.0,0.0933,0.004499999999999998,42,0.4150954056768832,0.47561727571369716,WEIGHTED_SQUARE,0.5,2.4,ok,0,3.0365520216117265,0.051130911786376916,CASE_0,6.13999982306268e-05
0.0,0.01019021739130436,0.06793478260869573,direct_like,0.0105,2,normal,1,0.5,0.09000000000000001,0.0700332000014896,42,2.8146861456731442,0.0,0.0,45,0.4146861456731443,5,0.2,0.06966879999890807,0.013500000000000005,1.0,0.0933,0.004499999999999998,42,0.35724371368017604,0.4150954056768832,WEIGHTED_SQUARE,0.5,2.4,ok,1,2.884719345674634,0.03869021739130436,CASE_0,3.619999915827066e-05
0.0,0.010190217391304343,0.06793478260869562,direct_like,0.010500000000000002,2,normal,1,0.5,0.06999999999999999,0.07078480000200216,42,2.7825318048371313,0.0,0.0,45,0.3825318048371313,5,0.2,0.07021890000032727,0.010500000000000002,1.0,0.0933,0.0045000000000000005,42,0.31503311297475844,0.35724371368017604,WEIGHTED_SQUARE,0.5,2.4,ok,2,2.8533166048391334,0.035690217391304346,CASE_0,5.409999721450731e-05
0.0,0.00792572463768116,0.05283816425120774,direct_like,0.010500000000000002,2,normal,1,0.5,0.06999999999999999,0.06925849999970524,42,2.7582607142302376,0.0,0.0,45,0.35826071423023753,5,0.2,0.0688655000012659,0.010500000000000002,1.0,0.0933,0.0045000000000000005,42,0.2764825505469522,0.31503311297475844,WEIGHTED_SQUARE,0.5,2.4,ok,3,2.827519214229943,0.03342572463768116,CASE_0,4.660000195144676e-05
0.0,0.06655176785276405,0.44367845235176034,lshape_or_compressed_astar,0.010499999999999999,3,normal,2,0.5,0.06999999999999999,0.18162479999955394,42,3.586621306031769,0.005306799336650083,0.0,45,0.986621306031769,6,0.2,0.1810987999997451,0.010499999999999999,1.0,0.0933,0.004499999999999998,42,0.24213107838943754,0.2764825505469522,WEIGHTED_SQUARE,0.5,2.6,ok,4,3.768246106031323,0.09205176785276405,CASE_0,5.249999958323315e-05
0.0,0.07103708635028783,0.4735805756685855,lshape_or_compressed_astar,0.010500000000000004,3,normal,1,0.5,0.06999999999999999,0.20175830000152928,42,3.6346954592742535,0.05591360390175928,0.005306799336650083,45,1.0346954592742534,6,0.2,0.2011714000000211,0.010499999999999995,1.0,0.0933,0.004499999999999998,42,0.20343313300322008,0.24213107838943754,WEIGHTED_SQUARE,0.5,2.6,ok,5,3.836453759275783,0.09653708635028783,CASE_0,6.55999974696897e-05
0.0,0.06367223134376784,0.42448154229178564,astar_like,0.010499999999999999,11,normal,2,0.7,0.06999999999999999,0.19875859999956447,42,5.155758106578434,0.12742740891437027,0.05591360390175928,45,0.9557581065784335,14,0.2,0.19824859999789624,0.010499999999999999,1.0,0.0933,0.004499999999999998,42,0.16375755051424656,0.20343313300322008,WEIGHTED_SQUARE,0.5,4.2,ok,6,5.354516706577998,0.08917223134376784,CASE_0,5.020000025979243e-05
0.0,0.06050197645922799,0.4033465097281866,lshape_or_compressed_astar,0.010499999999999999,3,normal,1,0.5,0.06999999999999999,0.20314350000262493,42,3.521778954546924,0.2720201807862098,0.12742740891437027,45,0.9217789545469238,6,0.2,0.20248740000170073,0.010499999999999999,1.0,0.0933,0.004500000000000003,42,0.11325912334119176,0.16375755051424656,WEIGHTED_SQUARE,0.5,2.6,ok,7,3.724922454549549,0.08600197645922798,CASE_0,8.08000004326459e-05
0.0,0.007925724637681151,0.05283816425120767,direct_like,0.0105,2,normal,1,0.5,0.06999999999999999,0.07264589999977034,42,2.7582607142302376,0.459127079816735,0.2720201807862098,45,0.3582607142302374,5,0.2,0.07216490000064368,0.010499999999999994,1.0,0.0933,0.004500000000000003,42,0.06648550517331529,0.11325912334119176,WEIGHTED_SQUARE,0.5,2.4,ok,8,2.830906614230008,0.03342572463768115,CASE_0,0.00011910000102943741
0.0,0.007925724637681172,0.05283816425120782,direct_like,0.010500000000000002,2,normal,1,0.5,0.020000000000000004,0.0805264000009629,42,2.6778748621402055,0.5138854140605454,0.459127079816735,45,0.27787486214020546,5,0.2,0.0801657999982126,0.002999999999999993,1.0,0.0933,0.004499999999999998,42,0.05515332758981639,0.06648550517331529,WEIGHTED_SQUARE,0.5,2.4,ok,9,2.7584012621411684,0.025925724637681166,CASE_0,4.160000025876798e-05
0.0,0.00675111305128358,0.04500742034189053,direct_like,0.010499999999999997,2,normal,1,0.7,0.020000000000000004,0.09162940000169328,42,2.6652852417072195,0.5744132060871808,0.5138854140605454,45,0.2652852417072195,5,0.2,0.09108500000002095,0.003000000000000006,1.0,0.0933,0.004499999999999998,42,0.04421417534328344,0.05515332758981639,WEIGHTED_SQUARE,0.5,2.4,ok,10,2.7569146417089128,0.02475111305128358,CASE_0,5.7100001868093386e-05
0.0,0.052580920876528235,0.35053947251018824,astar_like,0.010500000000000004,13,normal,2,0.5,0.020000000000000004,0.17431809999834513,42,5.356494328794515,0.6463514621481279,0.5744132060871808,45,0.7564943287945148,16,0.2,0.17355060000045341,0.0030000000000000022,1.0,0.0933,0.004499999999999993,42,0.03344974412962158,0.04421417534328344,WEIGHTED_SQUARE,0.5,4.6,ok,11,5.53081242879286,0.07058092087652823,CASE_0,6.130000110715628e-05
0.0,0.0548713352351823,0.36580890156788204,astar_like,0.010499999999999997,11,normal,1,0.5,0.020000000000000004,0.17116280000118422,42,4.981043250109135,0.7511627906976744,0.6463514621481279,45,0.7810432501091351,14,0.2,0.17075739999927464,0.002999999999999997,1.0,0.0933,0.004499999999999998,42,0.023338293635056385,0.03344974412962158,WEIGHTED_SQUARE,0.5,4.2,ok,12,5.152206050110319,0.0728713352351823,CASE_0,4.540000009001233e-05
0.0,0.05690828325528617,0.3793885550352412,astar_like,0.010500000000000004,17,normal,2,0.5,0.020000000000000004,0.1782362000012654,42,6.202875490410356,0.8652307692307692,0.7511627906976744,45,0.8028754904103556,20,0.2,0.1775662999971246,0.0030000000000000022,1.0,0.0933,0.004499999999999993,42,0.012830031036850487,0.023338293635056385,WEIGHTED_SQUARE,0.5,5.4,ok,13,6.381111690411621,0.07490828325528617,CASE_0,4.260000059730373e-05
0.0,0.023624033069826373,0.1574935537988425,direct_like,0.0105,2,normal,2,0.5,0.09000000000000001,0.09247010000035516,43,2.9586713083582676,0.0,0.0,45,0.5586713083582676,5,0.2,0.09193249999952968,0.013499999999999998,1.0,0.0933,0.004499999999999997,43,0.5222378991231411,0.5853937022566478,WEIGHTED_SQUARE,0.5,2.4,ok,0,3.051141408358623,0.05212403306982637,CASE_0,5.2500003221211955e-05
0.0,0.010190217391304336,0.06793478260869557,direct_like,0.0105,2,normal,2,0.5,0.09000000000000001,0.07313760000033653,43,2.814686145673144,0.0,0.0,45,0.41468614567314394,5,0.2,0.07276930000080029,0.013499999999999998,1.0,0.0933,0.004499999999999996,43,0.4604447078731678,0.5222378991231411,WEIGHTED_SQUARE,0.5,2.4,ok,1,2.8878237456734803,0.03869021739130433,CASE_0,3.600000127335079e-05
0.0,0.010190217391304336,0.06793478260869557,direct_like,0.010500000000000002,2,normal,2,0.5,0.09000000000000001,0.07312430000092718,43,2.814686145673144,0.0,0.0,45,0.41468614567314405,5,0.2,0.07259249999697204,0.0135,1.0,0.0933,0.0045000000000000005,43,0.4006451092002833,0.4604447078731678,WEIGHTED_SQUARE,0.5,2.4,ok,2,2.887810445674071,0.038690217391304335,CASE_0,6.120000034570694e-05
0.0,0.010190217391304338,0.06793478260869559,direct_like,0.010500000000000002,2,normal,2,0.5,0.09000000000000001,0.07478129999799421,43,2.814686145673144,0.0,0.0,45,0.41468614567314405,5,0.2,0.07438040000124602,0.013499999999999996,1.0,0.0933,0.004499999999999997,43,0.34388071541841747,0.4006451092002833,WEIGHTED_SQUARE,0.5,2.4,ok,3,2.889467445671138,0.038690217391304335,CASE_0,3.859999924316071e-05
0.0,0.010190217391304334,0.06793478260869557,direct_like,0.010500000000000004,2,normal,2,0.5,0.06999999999999999,0.07434289999946486,43,2.7825318048371313,0.0,0.0,45,0.3825318048371313,5,0.2,0.07379159999982221,0.0105,1.0,0.0933,0.004500000000000002,43,0.30292654041802436,0.34388071541841747,WEIGHTED_SQUARE,0.5,2.4,ok,4,2.856874704836596,0.035690217391304346,CASE_0,5.91000025451649e-05
0.0,0.007925724637681162,0.05283816425120774,direct_like,0.010499999999999999,2,normal,2,0.5,0.06999999999999999,0.10323179999977583,43,2.7582607142302376,0.007612113188813503,0.0,45,0.3582607142302374,5,0.2,0.10266469999987748,0.010499999999999992,1.0,0.0933,0.0044999999999999945,43,0.266193116864353,0.30292654041802436,WEIGHTED_SQUARE,0.5,2.4,ok,5,2.8614925142300134,0.03342572463768115,CASE_0,3.569999898900278e-05
0.0,0.05806153529366909,0.38707690195779393,astar_like,0.010500000000000002,11,normal,1,0.5,0.06999999999999999,0.21455839999907766,43,5.095622028871052,0.029246726747151845,0.007612113188813503,45,0.8956220288710514,14,0.2,0.21402089999901364,0.010499999999999995,1.0,0.0933,0.004499999999999997,43,0.22833701630777173,0.266193116864353,WEIGHTED_SQUARE,0.5,4.2,ok,6,5.3101804288701295,0.08356153529366908,CASE_0,6.420000136131421e-05
0.0,0.06947188651463279,0.46314591009755196,lshape_or_compressed_astar,0.010500000000000002,3,normal,2,0.5,0.06999999999999999,0.17027469999811728,43,3.6179194696102126,0.07197577053269197,0.029246726747151845,45,1.0179194696102125,6,0.2,0.16961150000133784,0.010500000000000002,1.0,0.0933,0.004500000000000004,43,0.19187449479668678,0.22833701630777173,WEIGHTED_SQUARE,0.5,2.6,ok,7,3.78819416960833,0.09497188651463281,CASE_0,5.5900000006658956e-05
0.0,0.05640838083213288,0.3760558722142192,astar_like,0.0105,7,normal,1,0.5,0.06999999999999999,0.2202733000012813,43,4.277903331534115,0.14207547169811321,0.07197577053269197,45,0.8779033315341145,10,0.2,0.2199086000000534,0.0105,1.0,0.0933,0.004500000000000004,43,0.1538784623960025,0.19187449479668678,WEIGHTED_SQUARE,0.5,3.4000000000000004,ok,8,4.498176631535396,0.08190838083213288,CASE_0,4.099999932805076e-05
0.0,0.06947188651463299,0.46314591009755324,lshape_or_compressed_astar,0.010500000000000002,3,normal,2,0.5,0.06999999999999999,0.18695060000027297,43,3.6179194696102144,0.23480212158302732,0.14207547169811321,45,1.0179194696102145,6,0.2,0.18632810000053723,0.01050000000000001,1.0,0.0933,0.004500000000000006,43,0.11806927637424185,0.1538784623960025,WEIGHTED_SQUARE,0.5,2.6,ok,9,3.8048700696104873,0.09497188651463301,CASE_0,6.520000169984996e-05
0.0,0.056481255726679065,0.37654170484452704,astar_like,0.010500000000000002,7,normal,1,0.5,0.06999999999999999,0.23217799999838462,43,4.278684412933324,0.3778337531486146,0.23480212158302732,45,0.8786844129333234,10,0.2,0.23177770000256714,0.010499999999999994,1.0,0.0933,0.004500000000000006,43,0.07991784786909262,0.11806927637424185,WEIGHTED_SQUARE,0.5,3.4000000000000004,ok,10,4.510862412931709,0.08198125572667907,CASE_0,3.479999941191636e-05
0.0,0.06947188651463322,0.4631459100975548,lshape_or_compressed_astar,0.010499999999999999,3,normal,2,0.5,0.06999999999999999,0.19049809999705758,43,3.617919469610217,0.5880179466877804,0.3778337531486146,45,1.0179194696102167,6,0.2,0.19002670000190847,0.010500000000000008,1.0,0.0933,0.004499999999999993,43,0.04725177586974346,0.07991784786909262,WEIGHTED_SQUARE,0.5,2.6,ok,11,3.8084175696072746,0.09497188651463322,CASE_0,6.0200000007171184e-05
0.0,0.056512089757843095,0.3767472650522873,astar_like,0.010500000000000004,9,normal,1,0.5,0.020000000000000004,0.224940099997184,43,4.598629043492424,0.6863789237668162,0.5880179466877804,45,0.7986290434924236,12,0.2,0.22457139999823994,0.002999999999999999,1.0,0.0933,0.004499999999999999,43,0.033168737979177285,0.04725177586974346,WEIGHTED_SQUARE,0.5,3.8,ok,12,4.823569143489608,0.07451208975784311,CASE_0,3.5000000934815034e-05
0.0,0.0022644927536231603,0.015096618357487738,direct_like,0.010500000000000004,2,normal,1,0.5,0.020000000000000004,0.06347869999808609,43,2.6171971356229706,0.7852507374631268,0.6863789237668162,45,0.21719713562297063,5,0.2,0.06293990000267513,0.002999999999999999,1.0,0.0933,0.004499999999999999,43,0.020551413344603874,0.033168737979177285,WEIGHTED_SQUARE,0.5,2.4,ok,13,2.6806758356210567,0.02026449275362316,CASE_0,3.440000000409782e-05
0.0,0.006751113051283669,0.04500742034189113,direct_like,0.010499999999999995,2,normal,1,0.3,0.020000000000000004,0.06612830000085523,43,2.6652852417072204,0.8773349937733499,0.7852507374631268,45,0.26528524170722056,5,0.2,0.06558769999901415,0.0030000000000000057,1.0,0.0933,0.004500000000000006,43,0.013772751736231135,0.020551413344603874,WEIGHTED_SQUARE,0.5,2.4,ok,14,2.7314135417080756,0.024751113051283677,CASE_0,5.859999873791821e-05
0.0,0.03675337546637629,0.24502250310917528,lshape_or_compressed_astar,0.0105,3,normal,1,0.5,0.09000000000000001,0.12201899999854504,44,3.2993930918153946,0.0,0.0,45,0.6993930918153943,6,0.2,0.12144119999720715,0.0135,1.0,0.0933,0.0045,44,0.5432404691995014,0.593332706114738,WEIGHTED_SQUARE,0.5,2.6,ok,0,3.4214120918139397,0.06525337546637629,CASE_0,5.5199998314492404e-05
0.0,0.01019021739130435,0.06793478260869568,direct_like,0.0105,2,normal,1,0.5,0.09000000000000001,0.09474500000214903,44,2.8146861456731442,0.0,0.0,45,0.41468614567314427,5,0.2,0.09411919999911333,0.013500000000000005,1.0,0.0933,0.004499999999999999,44,0.4973941339220711,0.5432404691995014,WEIGHTED_SQUARE,0.5,2.4,ok,1,2.9094311456752933,0.038690217391304356,CASE_0,6.030000076862052e-05
0.0,0.0745475323925174,0.4969835492834493,lshape_or_compressed_astar,0.0105,3,normal,2,0.5,0.09000000000000001,0.20154890000048908,44,3.7044751596196934,0.0,0.0,45,1.1044751596196933,6,0.2,0.20096730000295793,0.013500000000000002,1.0,0.0933,0.004500000000000001,44,0.44808583498379945,0.4973941339220711,WEIGHTED_SQUARE,0.5,2.6,ok,2,3.9060240596201825,0.10304753239251739,CASE_0,5.149999924469739e-05
0.0,0.0730126402394921,0.48675093492994737,lshape_or_compressed_astar,0.0105,3,normal,1,0.5,0.06999999999999999,0.16164539999954286,44,3.655869670305382,0.0,0.0,45,1.0558696703053816,6,0.2,0.16109030000006896,0.010499999999999995,1.0,0.0933,0.004499999999999999,44,0.41236632346287067,0.44808583498379945,WEIGHTED_SQUARE,0.5,2.6,ok,3,3.8175150703049248,0.09851264023949209,CASE_0,5.619999865302816e-05
0.0,0.07211892719080201,0.48079284793868016,lshape_or_compressed_astar,0.0105,3,normal,2,0.5,0.06999999999999999,0.19353459999911138,44,3.6462907523129906,0.0,0.0,45,1.0462907523129905,6,0.2,0.1928014000004623,0.0105,1.0,0.0933,0.004499999999999999,44,0.37440923233871404,0.41236632346287067,WEIGHTED_SQUARE,0.5,2.6,ok,4,3.839825352312102,0.09761892719080201,CASE_0,0.0001095000006898772
0.0,0.07092512218289337,0.4728341478859559,lshape_or_compressed_astar,0.010500000000000004,3,normal,1,0.5,0.06999999999999999,0.16082549999919138,44,3.6334954146076464,0.0,0.0,45,1.0334954146076463,6,0.2,0.1602671000000555,0.010499999999999995,1.0,0.0933,0.004499999999999999,44,0.33913809130057126,0.37440923233871404,WEIGHTED_SQUARE,0.5,2.6,ok,5,3.7943209146068377,0.09642512218289338,CASE_0,5.7199998991563916e-05
0.0,0.07211892719080201,0.48079284793868016,lshape_or_compressed_astar,0.010500000000000002,3,normal,2,0.5,0.06999999999999999,0.18850709999969695,44,3.646290752312991,0.0,0.0,45,1.0462907523129907,6,0.2,0.18793239999649813,0.010500000000000002,1.0,0.0933,0.004499999999999998,44,0.30126971985218576,0.33913809130057126,WEIGHTED_SQUARE,0.5,2.6,ok,6,3.834797852312688,0.09761892719080204,CASE_0,4.73000000056345e-05
0.0,0.07092512218289333,0.47283414788595557,lshape_or_compressed_astar,0.0105,3,normal,1,0.5,0.06999999999999999,0.18326340000203345,44,3.6334954146076455,0.0008327781479013991,0.0,45,1.0334954146076454,6,0.2,0.1827211999989231,0.0105,1.0,0.0933,0.004499999999999997,44,0.26672242297138044,0.30126971985218576,WEIGHTED_SQUARE,0.5,2.6,ok,7,3.816758814609679,0.09642512218289331,CASE_0,5.3899999329587445e-05
0.0,0.0721189271908021,0.4807928479386807,lshape_or_compressed_astar,0.010500000000000002,3,normal,2,0.5,0.06999999999999999,0.19541360000221175,44,3.6462907523129915,0.020114942528735632,0.0008327781479013991,45,1.0462907523129914,6,0.2,0.1949328999980935,0.010499999999999997,1.0,0.0933,0.004499999999999995,44,0.22923546237918727,0.26672242297138044,WEIGHTED_SQUARE,0.5,2.6,ok,8,3.8417043523152032,0.09761892719080209,CASE_0,4.220000118948519e-05
0.0,0.06506216906956405,0.4337477937970937,lshape_or_compressed_astar,0.010499999999999997,3,normal,1,0.7,0.06999999999999999,0.17078100000071572,44,3.570655617037128,0.07586330291644301,0.020114942528735632,45,0.970655617037128,6,0.2,0.17027759999837144,0.010499999999999997,1.0,0.0933,0.004499999999999995,44,0.18686604991341565,0.22923546237918727,WEIGHTED_SQUARE,0.5,2.6,ok,9,3.7414366170378437,0.09056216906956403,CASE_0,5.140000212122686e-05
0.0,0.010841301316325692,0.07227534210883796,direct_like,0.010500000000000004,2,normal,1,0.5,0.06999999999999999,0.07519900000261259,44,2.78951019631646,0.16213610950453056,0.07586330291644301,45,0.3895101963164598,5,0.2,0.07484810000096331,0.010499999999999995,1.0,0.0933,0.004500000000000001,44,0.14748666202274657,0.18686604991341565,WEIGHTED_SQUARE,0.5,2.4,ok,10,2.8647091963190725,0.036341301316325694,CASE_0,3.3799999073380604e-05
0.0,0.06692439859178931,0.4461626572785954,lshape_or_compressed_astar,0.010499999999999997,3,normal,2,0.5,0.06999999999999999,0.1898540000001958,44,3.5906152046279667,0.2706576728499157,0.16213610950453056,45,0.9906152046279668,6,0.2,0.18932130000030156,0.010499999999999997,1.0,0.0933,0.004500000000000003,44,0.11589180007276864,0.14748666202274657,WEIGHTED_SQUARE,0.5,2.6,ok,11,3.7804692046281625,0.0924243985917893,CASE_0,5.1300001359777525e-05
0.0,0.0712028820636561,0.47468588042437404,lshape_or_compressed_astar,0.010500000000000008,3,normal,1,0.5,0.06999999999999999,0.1984959000001254,44,3.636472476566518,0.42860536944642436,0.2706576728499157,45,1.0364724765665179,6,0.2,0.1977377000002889,0.010500000000000004,1.0,0.0933,0.0044999999999999945,44,0.0760637994841129,0.11589180007276864,WEIGHTED_SQUARE,0.5,2.6,ok,12,3.8349683765666436,0.09670288206365611,CASE_0,4.73000000056345e-05
0.0,0.06239029281756949,0.4159352854504634,astar_like,0.0105,6,normal,2,0.7,0.06999999999999999,0.18635469999935594,44,4.142018143811034,0.5986772486772487,0.42860536944642436,45,0.9420181438110343,9,0.2,0.18583319999743253,0.010499999999999994,1.0,0.0933,0.004499999999999999,44,0.04551496798099758,0.0760637994841129,WEIGHTED_SQUARE,0.5,3.2,ok,13,4.32837284381039,0.0878902928175695,CASE_0,5.450000026030466e-05
0.0,0.06084368356915676,0.4056245571277117,lshape_or_compressed_astar,0.010500000000000008,3,normal,1,0.5,0.020000000000000004,0.21785970000200905,44,3.445055558083138,0.6809284116331096,0.5986772486772487,45,0.845055558083138,6,0.2,0.21737729999949806,0.0029999999999999957,1.0,0.0933,0.0045000000000000075,44,0.03189630093009788,0.04551496798099758,WEIGHTED_SQUARE,0.5,2.6,ok,14,3.662915258085147,0.07884368356915678,CASE_0,5.909999890718609e-05
0.0,0.0022644927536232037,0.015096618357488024,direct_like,0.010500000000000002,2,normal,1,0.5,0.020000000000000004,0.06705130000045756,44,2.617197135622971,0.7822195704057279,0.6809284116331096,45,0.21719713562297135,5,0.2,0.06635349999851314,0.0030000000000000096,1.0,0.0933,0.0045000000000000075,44,0.020458089682014135,0.03189630093009788,WEIGHTED_SQUARE,0.5,2.4,ok,15,2.6842484356234286,0.020264492753623225,CASE_0,5.749999763793312e-05
0.0,0.060194549530115285,0.40129699686743525,astar_like,0.010499999999999999,11,normal,0,0.3,0.020000000000000004,0.16331329999957234,44,5.038098065703272,0.8736576121288693,0.7822195704057279,45,0.8380980657032722,14,0.2,0.16263660000186064,0.0029999999999999957,1.0,0.0933,0.0045000000000000075,44,0.013518130195148862,0.020458089682014135,WEIGHTED_SQUARE,0.5,4.2,ok,16,5.201411365702844,0.07819454953011529,CASE_0,7.74000000092201e-05
0.0,0.025812415980481097,0.1720827732032073,direct_like,0.010499999999999999,2,normal,1,0.5,0.09000000000000001,0.09968480000316049,45,2.982126645021234,0.0,0.0,45,0.5821266450212337,5,0.2,0.0991561000009824,0.0135,1.0,0.0933,0.004499999999999996,45,0.4815153414804487,0.5391236431124703,WEIGHTED_SQUARE,0.5,2.4,ok,0,3.0818114450243943,0.054312415980481095,CASE_0,5.619999865302816e-05
0.0,0.010190217391304322,0.06793478260869548,direct_like,0.0105,2,normal,1,0.5,0.09000000000000001,0.07089780000023893,45,2.814686145673144,0.0,0.0,45,0.4146861456731439,5,0.2,0.0705454999988433,0.013500000000000002,1.0,0.0933,0.0044999999999999945,45,0.42695415756641114,0.4815153414804487,WEIGHTED_SQUARE,0.5,2.4,ok,1,2.8855839456733827,0.03869021739130432,CASE_0,3.409999771974981e-05
0.0,0.010190217391304358,0.06793478260869572,direct_like,0.0105,2,normal,1,0.5,0.06999999999999999,0.07063879999986966,45,2.7825318048371313,0.0,0.0,45,0.3825318048371315,5,0.2,0.07012089999989257,0.0105,1.0,0.0933,0.004500000000000001,45,0.3874518242798137,0.42695415756641114,WEIGHTED_SQUARE,0.5,2.4,ok,2,2.853170604837001,0.03569021739130437,CASE_0,5.5500000598840415e-05
0.0,0.00792572463768116,0.052838164251207735,direct_like,0.010499999999999999,2,normal,1,0.5,0.06999999999999999,0.08934930000032182,45,2.7582607142302376,0.0,0.0,45,0.35826071423023753,5,0.2,0.08881640000254265,0.010499999999999997,1.0,0.0933,0.004500000000000001,45,0.3514708238197303,0.3874518242798137,WEIGHTED_SQUARE,0.5,2.4,ok,3,2.8476100142305594,0.03342572463768116,CASE_0,3.5099998058285564e-05
0.0,0.06847685970177751,0.45651239801185006,lshape_or_compressed_astar,0.010500000000000004,3,normal,2,0.5,0.06999999999999999,0.1866690999995626,45,3.607254659183039,0.0,0.0,45,1.007254659183039,6,0.2,0.18613420000110636,0.010500000000000004,1.0,0.0933,0.0045,45,0.31293250520121496,0.3514708238197303,WEIGHTED_SQUARE,0.5,2.6,ok,4,3.7939237591826016,0.09397685970177753,CASE_0,5.6799999583745375e-05
0.0,0.07179551575411917,0.4786367716941278,lshape_or_compressed_astar,0.010500000000000002,3,normal,1,0.5,0.06999999999999999,0.16362939999817172,45,3.642824391791202,0.004793388429752066,0.0,45,1.0428243917912023,6,0.2,0.16317879999769502,0.010499999999999995,1.0,0.0933,0.004500000000000004,45,0.2773500142976738,0.31293250520121496,WEIGHTED_SQUARE,0.5,2.6,ok,5,3.806453791789374,0.09729551575411917,CASE_0,4.2100000428035855e-05
0.0,0.06847685970177769,0.4565123980118513,lshape_or_compressed_astar,0.010500000000000002,3,normal,2,0.5,0.06999999999999999,0.19100839999737218,45,3.607254659183041,0.022754087308275744,0.004793388429752066,45,1.007254659183041,6,0.2,0.19047630000204663,0.010500000000000002,1.0,0.0933,0.0045,45,0.2385411831922001,0.2773500142976738,WEIGHTED_SQUARE,0.5,2.6,ok,6,3.798263059180413,0.09397685970177772,CASE_0,5.6700002460274845e-05
0.0,0.07179551575411894,0.4786367716941263,lshape_or_compressed_astar,0.010500000000000004,3,normal,1,0.5,0.06999999999999999,0.16692150000017136,45,3.6428243917912004,0.06327348788565453,0.022754087308275744,45,1.0428243917912001,6,0.2,0.16647480000028736,0.010500000000000004,1.0,0.0933,0.0045,45,0.20366952480858946,0.2385411831922001,WEIGHTED_SQUARE,0.5,2.6,ok,7,3.809745891791372,0.09729551575411896,CASE_0,3.7900001188972965e-05
0.0,0.06847685970177748,0.4565123980118499,lshape_or_compressed_astar,0.010500000000000002,3,normal,2,0.5,0.06999999999999999,0.19031339999855845,45,3.6072546591830386,0.1259974021154203,0.06327348788565453,45,1.0072546591830385,6,0.2,0.18992310000248835,0.010500000000000002,1.0,0.0933,0.0045,45,0.1644508748905678,0.20366952480858946,WEIGHTED_SQUARE,0.5,2.6,ok,8,3.797568059181597,0.0939768597017775,CASE_0,4.890000127488747e-05
0.0,0.07179551575411926,0.4786367716941284,lshape_or_compressed_astar,0.0105,3,normal,1,0.5,0.06999999999999999,0.17555779999747756,45,3.642824391791203,0.20734856007944388,0.1259974021154203,45,1.0428243917912032,6,0.2,0.17499300000054063,0.010499999999999992,1.0,0.0933,0.0045000000000000005,45,0.13117321646293395,0.1644508748905678,WEIGHTED_SQUARE,0.5,2.6,ok,9,3.8183821917886807,0.09729551575411925,CASE_0,3.939999805879779e-05
0.0,0.06847685970177768,0.45651239801185123,lshape_or_compressed_astar,0.010500000000000002,3,normal,2,0.5,0.06999999999999999,0.18935459999920567,45,3.607254659183041,0.35239154616240265,0.20734856007944388,45,1.0072546591830407,6,0.2,0.18885570000202279,0.010500000000000002,1.0,0.0933,0.004499999999999997,45,0.09139864880095462,0.13117321646293395,WEIGHTED_SQUARE,0.5,2.6,ok,10,3.7966092591822465,0.09397685970177769,CASE_0,4.690000059781596e-05
0.0,0.06424493351603629,0.42829955677357523,lshape_or_compressed_astar,0.010499999999999999,3,normal,1,0.7,0.06999999999999999,0.1880782000007457,45,3.561896393526648,0.4948554630083293,0.35239154616240265,45,0.9618963935266481,6,0.2,0.18768490000002203,0.010499999999999999,1.0,0.0933,0.004499999999999994,45,0.06020248465649547,0.09139864880095462,WEIGHTED_SQUARE,0.5,2.6,ok,11,3.749974593527394,0.08974493351603627,CASE_0,4.0000002627493814e-05
0.0,0.06451571708121691,0.43010478054144613,astar_like,0.010499999999999997,11,normal,2,0.5,0.020000000000000004,0.250750600000174,45,5.084412830452486,0.555045871559633,0.4948554630083293,45,0.8844128304524858,14,0.2,0.25020779999977094,0.0030000000000000057,1.0,0.0933,0.004500000000000001,45,0.04862887184259059,0.06020248465649547,WEIGHTED_SQUARE,0.5,4.2,ok,12,5.33516343045266,0.08251571708121691,CASE_0,8.300000263261609e-05
0.0,0.006751113051283753,0.04500742034189168,direct_like,0.010499999999999994,2,normal,2,0.3,0.020000000000000004,0.07422919999953592,45,2.6652852417072213,0.6238311514827678,0.555045871559633,45,0.26528524170722134,5,0.2,0.0737449000007473,0.003000000000000004,1.0,0.0933,0.0045,45,0.03774300862232635,0.04862887184259059,WEIGHTED_SQUARE,0.5,2.4,ok,13,2.739514441706757,0.02475111305128375,CASE_0,4.879999687545933e-05
0.0,0.05949877668858462,0.3966585112572308,lshape_or_compressed_astar,0.010499999999999999,3,normal,1,0.5,0.020000000000000004,0.17951109999921755,45,3.4306406933395994,0.7039529015979815,0.6238311514827678,45,0.8306406933395994,6,0.2,0.17901379999966593,0.0029999999999999988,1.0,0.0933,0.004500000000000001,45,0.027029204936359685,0.03774300862232635,WEIGHTED_SQUARE,0.5,2.6,ok,14,3.610151793338817,0.07749877668858463,CASE_0,5.080000119050965e-05
0.0,0.05406143879662697,0.36040959197751316,astar_like,0.010499999999999999,10,normal,2,0.5,0.020000000000000004,0.19215170000097714,45,4.772362688066742,0.8078524687685901,0.7039529015979815,45,0.7723626880667414,13,0.2,0.191513899997517,0.0030000000000000066,1.0,0.0933,0.0044999999999999945,45,0.017025050208515944,0.027029204936359685,WEIGHTED_SQUARE,0.5,4.0,ok,15,4.964514388067719,0.07206143879662696,CASE_0,6.639999992330559e-05
0.0,0.053660360301895325,0.3577357353459688,astar_like,0.010500000000000008,9,normal,1,0.5,0.020000000000000004,0.15782129999934114,45,4.568063883192876,0.914576055890759,0.8078524687685901,45,0.7680638831928761,12,0.2,0.15719950000129757,0.0029999999999999988,1.0,0.0933,0.004500000000000001,45,0.0071958658953551625,0.017025050208515944,WEIGHTED_SQUARE,0.5,3.8,ok,16,4.725885183192217,0.07166036030189533,CASE_0,5.48999996681232e-05
0.0,0.03451620724533203,0.23010804830221354,direct_like,0.010500000000000002,2,normal,2,0.5,0.09000000000000001,0.10499340000023949,46,3.0754148686530765,0.0,0.0,45,0.6754148686530765,5,0.2,0.10417899999811198,0.013500000000000002,1.0,0.0933,0.004499999999999998,46,0.5240829426313176,0.5851170802209565,WEIGHTED_SQUARE,0.5,2.4,ok,0,3.180408268653316,0.06301620724533204,CASE_0,7.239999831654131e-05
0.0,0.010190217391304369,0.06793478260869579,direct_like,0.010499999999999999,2,normal,2,0.5,0.09000000000000001,0.06925709999995888,46,2.8146861456731442,0.0,0.0,45,0.4146861456731444,5,0.2,0.06877650000024005,0.013499999999999998,1.0,0.0933,0.004500000000000001,46,0.4649654659357918,0.5240829426313176,WEIGHTED_SQUARE,0.5,2.4,ok,1,2.883943245673103,0.03869021739130437,CASE_0,5.750000127591193e-05
0.0,0.010190217391304325,0.0679347826086955,direct_like,0.0105,2,normal,2,0.5,0.09000000000000001,0.06582150000031106,46,2.814686145673144,0.0,0.0,45,0.41468614567314394,5,0.2,0.06546479999815347,0.013500000000000003,1.0,0.0933,0.004499999999999998,46,0.4085949517899138,0.4649654659357918,WEIGHTED_SQUARE,0.5,2.4,ok,2,2.880507645673455,0.03869021739130433,CASE_0,3.5400000342633575e-05
0.0,0.010190217391304358,0.06793478260869572,direct_like,0.010499999999999997,2,normal,2,0.5,0.06999999999999999,0.06987999999910244,46,2.7825318048371313,0.0,0.0,45,0.3825318048371313,5,0.2,0.06937160000234144,0.010499999999999997,1.0,0.0933,0.0045,46,0.36745985650804647,0.4085949517899138,WEIGHTED_SQUARE,0.5,2.4,ok,3,2.8524118048362337,0.035690217391304346,CASE_0,5.129999772179872e-05
0.0,0.007925724637681151,0.05283816425120767,direct_like,0.010500000000000002,2,normal,2,0.5,0.06999999999999999,0.06718320000072708,46,2.7582607142302376,0.0,0.0,45,0.3582607142302375,5,0.2,0.06662479999795323,0.010500000000000002,1.0,0.0933,0.004499999999999998,46,0.3296698926652107,0.36745985650804647,WEIGHTED_SQUARE,0.5,2.4,ok,4,2.8254439142309646,0.033425724637681155,CASE_0,5.7100001868093386e-05
0.0,0.0691077063707827,0.46071804247188464,lshape_or_compressed_astar,0.0105,3,normal,1,0.5,0.06999999999999999,0.1724160000012489,46,3.6140161454531907,0.0,0.0,45,1.0140161454531906,6,0.2,0.17186930000025313,0.010499999999999995,1.0,0.0933,0.004499999999999995,46,0.29389826864881985,0.3296698926652107,WEIGHTED_SQUARE,0.5,2.6,ok,5,3.7864321454544396,0.09460770637078268,CASE_0,5.7999997807201e-05
0.0,0.07197589959269071,0.47983933061793815,lshape_or_compressed_astar,0.010500000000000002,3,normal,2,0.5,0.06999999999999999,0.1888385999991442,46,3.644757766266782,0.003161397670549085,0.0,45,1.0447577662667817,6,0.2,0.1882871999987401,0.010500000000000002,1.0,0.0933,0.004500000000000003,46,0.2561312777259057,0.29389826864881985,WEIGHTED_SQUARE,0.5,2.6,ok,6,3.833596366265926,0.09747589959269073,CASE_0,6.08000009378884e-05
0.0,0.06910770637078287,0.46071804247188586,lshape_or_compressed_astar,0.010500000000000002,3,normal,1,0.5,0.06999999999999999,0.186335099999269,46,3.614016145453193,0.02264661145850938,0.003161397670549085,45,1.0140161454531926,6,0.2,0.18579680000038934,0.010499999999999999,1.0,0.0933,0.004500000000000003,46,0.22115787281661606,0.2561312777259057,WEIGHTED_SQUARE,0.5,2.6,ok,7,3.800351245452462,0.09460770637078288,CASE_0,5.750000127591193e-05
0.0,0.07197589959269057,0.47983933061793715,lshape_or_compressed_astar,0.010499999999999995,3,normal,2,0.5,0.06999999999999999,0.18998429999919608,46,3.64475776626678,0.09339862169024302,0.02264661145850938,45,1.04475776626678,6,0.2,0.18937739999819314,0.010499999999999995,1.0,0.0933,0.004499999999999995,46,0.1835346430380688,0.22115787281661606,WEIGHTED_SQUARE,0.5,2.6,ok,8,3.834742066265976,0.09747589959269055,CASE_0,5.8499997976468876e-05
0.0,0.0742119354819095,0.4947462365460634,lshape_or_compressed_astar,0.010500000000000006,3,normal,1,0.3,0.06999999999999999,0.19586980000167387,46,3.668723852967948,0.1886941106952925,0.09339862169024302,45,1.0687238529679477,6,0.2,0.19518500000049244,0.010499999999999997,1.0,0.0933,0.004500000000000001,46,0.14205888049622195,0.1835346430380688,WEIGHTED_SQUARE,0.5,2.6,ok,9,3.8645936529696217,0.09971193548190951,CASE_0,7.929999992484227e-05
0.0,0.06284832774000908,0.4189888516000605,lshape_or_compressed_astar,0.0105,3,normal,2,0.5,0.06999999999999999,0.17852180000045337,46,3.5469274141480076,0.3481763257999552,0.1886941106952925,45,0.9469274141480073,6,0.2,0.17816539999694214,0.0105,1.0,0.0933,0.004499999999999998,46,0.09211874109691856,0.14205888049622195,WEIGHTED_SQUARE,0.5,2.6,ok,10,3.725449214148461,0.08834832774000907,CASE_0,3.789999755099416e-05
0.0,0.007925724637681177,0.05283816425120785,direct_like,0.010499999999999999,2,normal,2,0.5,0.06999999999999999,0.07379779999973834,46,2.7582607142302376,0.5639761225019465,0.3481763257999552,45,0.35826071423023753,5,0.2,0.07324119999975665,0.010499999999999999,1.0,0.0933,0.004499999999999989,46,0.048650948773304184,0.09211874109691856,WEIGHTED_SQUARE,0.5,2.4,ok,11,2.832058514229976,0.03342572463768116,CASE_0,5.2299998060334474e-05
0.0,0.06471451617609518,0.43143010784063457,astar_like,0.0105,13,normal,1,0.3,0.020000000000000004,0.2251754000026267,46,5.4865435817373545,0.6434854315557998,0.5639761225019465,45,0.8865435817373546,16,0.2,0.22457660000145552,0.0030000000000000053,1.0,0.0933,0.004499999999999998,46,0.037055164432914595,0.048650948773304184,WEIGHTED_SQUARE,0.5,4.6,ok,12,5.711718981739981,0.08271451617609518,CASE_0,6.440000288421288e-05
0.0,0.05714310002106004,0.38095400014040026,astar_like,0.0105,11,normal,2,0.5,0.020000000000000004,0.17328429999906803,46,5.005392283183923,0.7455758630693357,0.6434854315557998,45,0.8053922831839232,14,0.2,0.17258439999932307,0.0030000000000000014,1.0,0.0933,0.004499999999999988,46,0.024473751408103192,0.037055164432914595,WEIGHTED_SQUARE,0.5,4.2,ok,13,5.178676583182991,0.07514310002106003,CASE_0,5.409999721450731e-05
0.0,0.002264492753623211,0.015096618357488073,direct_like,0.010499999999999997,2,normal,2,0.5,0.020000000000000004,0.06945600000108243,46,2.617197135622971,0.8372519083969465,0.7455758630693357,45,0.21719713562297116,5,0.2,0.06891869999890332,0.002999999999999998,1.0,0.0933,0.004499999999999999,46,0.016772459668139034,0.024473751408103192,WEIGHTED_SQUARE,0.5,2.4,ok,14,2.6866531356240535,0.020264492753623208,CASE_0,3.430000288062729e-05
0.0,0.05555512019950405,0.3703674679966936,astar_like,0.010499999999999997,15,normal,1,0.5,0.020000000000000004,0.1828577000014775,46,5.788372135042916,0.9435716575825586,0.8372519083969465,45,0.7883721350429159,18,0.2,0.18234080000183894,0.002999999999999998,1.0,0.0933,0.004499999999999999,46,0.00559371294143625,0.016772459668139034,WEIGHTED_SQUARE,0.5,5.0,ok,15,5.971229835044394,0.07355512019950405,CASE_0,5.110000347485766e-05
0.0,0.03583566325723181,0.23890442171487872,direct_like,0.0105,2,normal,2,0.5,0.09000000000000001,0.10199199999988195,47,3.0895569480946605,0.0,0.0,45,0.6895569480946605,5,0.2,0.10124690000156988,0.013500000000000005,1.0,0.0933,0.0045000000000000005,47,0.43010251689803053,0.48563766553841375,WEIGHTED_SQUARE,0.5,2.4,ok,0,3.1915489480945425,0.06433566325723182,CASE_0,6.579999899258837e-05
0.0,0.010190217391304341,0.0679347826086956,direct_like,0.0105,2,normal,2,0.5,0.09000000000000001,0.06583799999862094,47,2.8146861456731442,0.0,0.0,45,0.41468614567314416,5,0.2,0.06526019999728305,0.013500000000000002,1.0,0.0933,0.0045000000000000005,47,0.3786322539689864,0.43010251689803053,WEIGHTED_SQUARE,0.5,2.4,ok,1,2.880524145671765,0.03869021739130435,CASE_0,5.270000110613182e-05
0.0,0.010190217391304357,0.0679347826086957,direct_like,0.0105,2,normal,2,0.5,0.06999999999999999,0.084654700000101,47,2.7825318048371313,0.0,0.0,45,0.38253180483713145,5,0.2,0.08429279999836581,0.0105,1.0,0.0933,0.0045000000000000005,47,0.34259035988989806,0.3786322539689864,WEIGHTED_SQUARE,0.5,2.4,ok,2,2.8671865048372323,0.03569021739130436,CASE_0,3.609999839682132e-05
0.0,0.07147715224491435,0.47651434829942907,lshape_or_compressed_astar,0.010499999999999999,3,normal,1,0.5,0.06999999999999999,0.1859305999969365,47,3.6394121355296285,0.0,0.0,45,1.0394121355296286,6,0.2,0.18541059999915888,0.010499999999999995,1.0,0.0933,0.0045000000000000005,47,0.30416975681600444,0.34259035988989806,WEIGHTED_SQUARE,0.5,2.6,ok,3,3.825342735526565,0.09697715224491435,CASE_0,5.0900001951958984e-05
0.0,0.07191864629043794,0.47945764193625295,lshape_or_compressed_astar,0.0105,3,normal,2,0.5,0.06999999999999999,0.15955830000166316,47,3.644144118868574,0.006443086073021642,0.0,45,1.0441441188685738,6,0.2,0.15887300000031246,0.0105,1.0,0.0933,0.0045000000000000005,47,0.2685297597034382,0.30416975681600444,WEIGHTED_SQUARE,0.5,2.6,ok,4,3.803702418870237,0.09741864629043794,CASE_0,0.0001652000028116163
0.0,0.07147715224491438,0.4765143482994293,lshape_or_compressed_astar,0.0105,3,normal,1,0.5,0.06999999999999999,0.18748990000312915,47,3.6394121355296294,0.02645324347093513,0.006443086073021642,45,1.039412135529629,6,0.2,0.18703409999943688,0.0105,1.0,0.0933,0.0045000000000000005,47,0.2298768666743101,0.2685297597034382,WEIGHTED_SQUARE,0.5,2.6,ok,5,3.8269020355327585,0.09697715224491438,CASE_0,5.740000051446259e-05
0.0,0.07191864629043822,0.4794576419362548,lshape_or_compressed_astar,0.010499999999999999,3,normal,2,0.5,0.06999999999999999,0.16091059999962454,47,3.644144118868577,0.07140344706296166,0.02645324347093513,45,1.044144118868577,6,0.2,0.16027779999785707,0.010499999999999992,1.0,0.0933,0.0045000000000000005,47,0.19497401119437102,0.2298768666743101,WEIGHTED_SQUARE,0.5,2.6,ok,6,3.8050547188682016,0.09741864629043821,CASE_0,4.360000093583949e-05
0.0,0.07147715224491441,0.4765143482994294,lshape_or_compressed_astar,0.010499999999999999,3,normal,1,0.5,0.06999999999999999,0.18849469999986468,47,3.6394121355296294,0.14125140502060696,0.07140344706296166,45,1.0394121355296293,6,0.2,0.1879518999994616,0.010499999999999999,1.0,0.0933,0.0045000000000000005,47,0.1559956006405946,0.19497401119437102,WEIGHTED_SQUARE,0.5,2.6,ok,7,3.827906835529494,0.0969771522449144,CASE_0,6.439999924623407e-05
0.0,0.07191864629043826,0.479457641936255,lshape_or_compressed_astar,0.010499999999999997,3,normal,2,0.5,0.06999999999999999,0.1864447999978438,47,3.6441441188685775,0.22866894197952217,0.14125140502060696,45,1.0441441188685774,6,0.2,0.1859619000024395,0.010499999999999997,1.0,0.0933,0.0045000000000000075,47,0.12283263632363389,0.1559956006405946,WEIGHTED_SQUARE,0.5,2.6,ok,8,3.8305889188664213,0.09741864629043825,CASE_0,6.0999998822808266e-05
0.0,0.07147715224491469,0.47651434829943123,lshape_or_compressed_astar,0.010499999999999999,3,normal,1,0.5,0.06999999999999999,0.18528349999905913,47,3.639412135529632,0.3955768353853169,0.22866894197952217,45,1.0394121355296322,6,0.2,0.18470029999662074,0.010499999999999999,1.0,0.0933,0.0045000000000000005,47,0.0836556960892318,0.12283263632363389,WEIGHTED_SQUARE,0.5,2.6,ok,9,3.824695635528691,0.09697715224491468,CASE_0,5.850000161444768e-05
0.0,0.06538397508554453,0.4358931672369636,lshape_or_compressed_astar,0.010499999999999999,3,normal,2,0.3,0.06999999999999999,0.17864879999979166,47,3.574104770477433,0.53998476770754,0.3955768353853169,45,0.9741047704774332,6,0.2,0.17813549999846146,0.010499999999999992,1.0,0.0933,0.004499999999999992,47,0.051764131190348846,0.0836556960892318,WEIGHTED_SQUARE,0.5,2.6,ok,10,3.752753570477225,0.09088397508554451,CASE_0,5.0999999075429514e-05
0.0,0.06339799007211819,0.42265326714745466,astar_like,0.010500000000000008,10,normal,1,0.5,0.020000000000000004,0.21987369999988005,47,4.87243290538176,0.6248998129842372,0.53998476770754,45,0.87243290538176,13,0.2,0.2193434000000707,0.0029999999999999983,1.0,0.0933,0.004500000000000002,47,0.0395692335993552,0.051764131190348846,WEIGHTED_SQUARE,0.5,4.0,ok,11,5.09230660538164,0.0813979900721182,CASE_0,5.5800002883188426e-05
0.0,0.0022644927536231946,0.015096618357487965,direct_like,0.0105,2,normal,1,0.5,0.020000000000000004,0.06486349999977392,47,2.617197135622971,0.6932071269487751,0.6248998129842372,45,0.21719713562297116,5,0.2,0.0642703999983496,0.003000000000000006,1.0,0.0933,0.004500000000000002,47,0.030169713841460777,0.0395692335993552,WEIGHTED_SQUARE,0.5,2.4,ok,12,2.682060635622745,0.020264492753623208,CASE_0,4.8400001105619594e-05
0.0,0.07052188474460525,0.47014589829736836,lshape_or_compressed_astar,0.0105,3,normal,2,0.7,0.020000000000000004,0.19588579999981448,47,3.548787617841428,0.8021327014218009,0.6932071269487751,45,0.948787617841428,6,0.2,0.19523280000066734,0.0029999999999999923,1.0,0.0933,0.004499999999999996,47,0.017261938383668123,0.030169713841460777,WEIGHTED_SQUARE,0.5,2.6,ok,13,3.7446734178412426,0.08852188474460522,CASE_0,5.749999763793312e-05
0.0,0.06686746170817112,0.44578307805447415,lshape_or_compressed_astar,0.010500000000000004,3,normal,1,0.5,0.020000000000000004,0.1935821000006399,47,3.509619096550602,0.9186376537369915,0.8021327014218009,45,0.9096190965506018,6,0.2,0.19310229999973672,0.003000000000000002,1.0,0.0933,0.0045000000000000005,47,0.00837401261468784,0.017261938383668123,WEIGHTED_SQUARE,0.5,2.6,ok,14,3.703201196551242,0.08486746170817114,CASE_0,5.729999975301325e-05
0.0,0.03338650043682212,0.22257666957881414,direct_like,0.0105,2,normal,1,0.5,0.09000000000000001,0.09153180000066641,48,3.0633065427312123,0.0,0.0,45,0.6633065427312125,5,0.2,0.09104939999815542,0.013500000000000002,1.0,0.0933,0.004499999999999999,48,0.5064777684503229,0.5546110709857535,WEIGHTED_SQUARE,0.5,2.4,ok,0,3.1548383427318787,0.061886500436822124,CASE_0,5.560000136028975e-05
0.0,0.07387320590004057,0.4924880393336038,lshape_or_compressed_astar,0.0105,3,normal,2,0.5,0.09000000000000001,0.17255130000194185,48,3.6972476516617423,0.0,0.0,45,1.0972476516617424,6,0.2,0.17215539999961038,0.013500000000000002,1.0,0.0933,0.004499999999999999,48,0.4593768224003161,0.5064777684503229,WEIGHTED_SQUARE,0.5,2.6,ok,1,3.869798951663684,0.10237320590004056,CASE_0,4.8400001105619594e-05
0.0,0.07409821021571714,0.4939880681047809,lshape_or_compressed_astar,0.010500000000000002,3,normal,1,0.5,0.09000000000000001,0.19259189999866067,48,3.6996592734803553,0.0,0.0,45,1.0996592734803554,6,0.2,0.19202900000163936,0.013500000000000003,1.0,0.0933,0.004499999999999999,48,0.4113111871682532,0.4593768224003161,WEIGHTED_SQUARE,0.5,2.6,ok,2,3.892251173479016,0.10259821021571715,CASE_0,6.000000212225132e-05
0.0,0.07387320590004064,0.49248803933360424,lshape_or_compressed_astar,0.010500000000000002,3,normal,2,0.5,0.06999999999999999,0.20136279999860562,48,3.6650933108257306,0.0,0.0,45,1.0650933108257306,6,0.2,0.20088290000057896,0.010500000000000002,1.0,0.0933,0.004499999999999999,48,0.374411793459366,0.4113111871682532,WEIGHTED_SQUARE,0.5,2.6,ok,3,3.8664561108243363,0.09937320590004065,CASE_0,6.260000009206124e-05
0.0,0.0718088549920737,0.478725699947158,lshape_or_compressed_astar,0.010500000000000002,3,normal,1,0.5,0.06999999999999999,0.18075790000148118,48,3.642967363259097,0.0,0.0,45,1.0429673632590968,6,0.2,0.1801128000006429,0.010500000000000002,1.0,0.0933,0.004499999999999999,48,0.3376466196121152,0.374411793459366,WEIGHTED_SQUARE,0.5,2.6,ok,4,3.8237252632605783,0.09730885499207373,CASE_0,7.120000009308569e-05
0.0,0.0716338516354364,0.47755901090290925,lshape_or_compressed_astar,0.0105,3,normal,2,0.5,0.06999999999999999,0.1921689000009792,48,3.641091657400176,0.0,0.0,45,1.0410916574001758,6,0.2,0.19159009999930277,0.010499999999999994,1.0,0.0933,0.004499999999999998,48,0.3010232594448903,0.3376466196121152,WEIGHTED_SQUARE,0.5,2.6,ok,5,3.833260557401155,0.09713385163543639,CASE_0,4.350000017439015e-05
0.0,0.07180885499207368,0.4787256999471578,lshape_or_compressed_astar,0.0105,3,normal,1,0.5,0.06999999999999999,0.18193959999916842,48,3.642967363259096,0.000828775070445881,0.0,45,1.0429673632590963,6,0.2,0.18141540000215173,0.0105,1.0,0.0933,0.004499999999999998,48,0.264570172496453,0.3010232594448903,WEIGHTED_SQUARE,0.5,2.6,ok,6,3.8249069632582646,0.09730885499207367,CASE_0,5.5900000006658956e-05
0.0,0.07163385163543667,0.47755901090291114,lshape_or_compressed_astar,0.0105,3,normal,2,0.5,0.06999999999999999,0.18774019999909797,48,3.641091657400179,0.016229923922231614,0.000828775070445881,45,1.0410916574001787,6,0.2,0.18726840000090306,0.010499999999999994,1.0,0.0933,0.004499999999999999,48,0.22856563732483853,0.264570172496453,WEIGHTED_SQUARE,0.5,2.6,ok,7,3.828831857399277,0.09713385163543667,CASE_0,4.0400002035312355e-05
0.0,0.06537902685547439,0.435860179036496,lshape_or_compressed_astar,0.0105,3,normal,1,0.7,0.06999999999999999,0.18710939999800758,48,3.574051734785363,0.07396768402154398,0.016229923922231614,45,0.9740517347853632,6,0.2,0.18637509999825852,0.010499999999999994,1.0,0.0933,0.004499999999999998,48,0.18483984147620497,0.22856563732483853,WEIGHTED_SQUARE,0.5,2.6,ok,8,3.7611611347833707,0.09087902685547439,CASE_0,7.019999975454994e-05
0.0,0.010841301316325689,0.07227534210883793,direct_like,0.0105,2,normal,1,0.5,0.06999999999999999,0.09012620000066818,48,2.7895101963164595,0.16769587032033964,0.07396768402154398,45,0.38951019631645956,5,0.2,0.08975469999859342,0.01049999999999999,1.0,0.0933,0.004499999999999997,48,0.14264058147604566,0.18483984147620497,WEIGHTED_SQUARE,0.5,2.4,ok,9,2.8796363963171276,0.03634130131632567,CASE_0,3.4500000765547156e-05
0.0,0.007925724637681148,0.05283816425120766,direct_like,0.010499999999999999,2,normal,1,0.5,0.06999999999999999,0.07145999999920605,48,2.758260714230237,0.27121848739495796,0.16769587032033964,45,0.3582607142302373,5,0.2,0.07093340000210446,0.010499999999999989,1.0,0.0933,0.004500000000000003,48,0.11006565599262685,0.14264058147604566,WEIGHTED_SQUARE,0.5,2.4,ok,10,2.829720714229443,0.03342572463768114,CASE_0,5.410000085248612e-05
0.0,0.05704346828931458,0.3802897885954305,astar_like,0.010499999999999999,9,normal,2,0.5,0.06999999999999999,0.23053970000182744,48,4.6847102710537465,0.45078597339782345,0.27121848739495796,45,0.8847102710537469,12,0.2,0.22996079999938956,0.010499999999999992,1.0,0.0933,0.004500000000000005,48,0.0702034005793772,0.11006565599262685,WEIGHTED_SQUARE,0.5,3.8,ok,11,4.915249971055574,0.08254346828931458,CASE_0,6.280000161495991e-05
0.0,0.06173307315090654,0.4115538210060436,lshape_or_compressed_astar,0.010499999999999997,3,normal,1,0.7,0.06999999999999999,0.19751779999933206,48,3.5349739887556972,0.6271786492374728,0.45078597339782345,45,0.934973988755697,6,0.2,0.19696899999689776,0.010499999999999997,1.0,0.0933,0.004499999999999997,48,0.0439175584425847,0.0702034005793772,WEIGHTED_SQUARE,0.5,2.6,ok,12,3.7324917887550293,0.08723307315090653,CASE_0,6.049999865354039e-05
0.0,0.05968958229421039,0.3979305486280693,astar_like,0.010500000000000004,11,normal,2,0.3,0.020000000000000004,0.2558787999987544,48,5.032685769498504,0.7190246668556847,0.6271786492374728,45,0.8326857694985036,14,0.2,0.2552508000007947,0.003000000000000008,1.0,0.0933,0.0044999999999999945,48,0.027835013765281715,0.0439175584425847,WEIGHTED_SQUARE,0.5,4.2,ok,13,5.288564569497258,0.07768958229421039,CASE_0,7.050000203889795e-05
0.0,0.004003479395604354,0.02668986263736236,direct_like,0.010499999999999999,2,normal,2,0.5,0.020000000000000004,0.06614830000034999,48,2.6358357920214828,0.8361306072627404,0.7190246668556847,45,0.23583579202148278,5,0.2,0.06567480000012438,0.0029999999999999936,1.0,0.0933,0.004499999999999995,48,0.015117548747140847,0.027835013765281715,WEIGHTED_SQUARE,0.5,2.4,ok,14,2.7019840920218328,0.02200347939560434,CASE_0,0.00010209999891230837
0.0,0.0022644927536231837,0.015096618357487893,direct_like,0.010500000000000006,2,normal,2,0.5,0.020000000000000004,0.08212640000056126,48,2.6171971356229706,0.8650843222985634,0.8361306072627404,45,0.21719713562297085,5,0.2,0.08156660000167903,0.0029999999999999936,1.0,0.0933,0.004499999999999995,48,0.011769953159522738,0.015117548747140847,WEIGHTED_SQUARE,0.5,2.4,ok,15,2.699323535623532,0.02026449275362318,CASE_0,5.819999933009967e-05
0.0,0.02661333499079223,0.1774222332719482,direct_like,0.0105,2,normal,2,0.5,0.09000000000000001,0.08565359999920474,49,2.9907109859677625,0.0,0.0,45,0.5907109859677625,5,0.2,0.08496070000182954,0.013500000000000002,1.0,0.0933,0.0045,49,0.5030676424027507,0.551184820297275,WEIGHTED_SQUARE,0.5,2.4,ok,0,3.0763645859669673,0.05511333499079223,CASE_0,6.740000026184134e-05
0.0,0.07283422361628283,0.48556149077521893,lshape_or_compressed_astar,0.0105,3,normal,1,0.5,0.09000000000000001,0.19022549999863259,49,3.6861117215035675,0.0,0.0,45,1.0861117215035674,6,0.2,0.18950649999896996,0.013500000000000003,1.0,0.0933,0.0045,49,0.45630937799258703,0.5030676424027507,WEIGHTED_SQUARE,0.5,2.6,ok,1,3.8763372215022,0.10133422361628283,CASE_0,6.639999992330559e-05
0.0,0.07459371192764896,0.4972914128509931,lshape_or_compressed_astar,0.010500000000000002,3,normal,2,0.5,0.06999999999999999,0.19473010000001523,49,3.6728157762877705,0.0,0.0,45,1.0728157762877704,6,0.2,0.19421560000046156,0.010499999999999994,1.0,0.0933,0.004499999999999998,49,0.41849281738206157,0.45630937799258703,WEIGHTED_SQUARE,0.5,2.6,ok,2,3.8675458762877857,0.10009371192764897,CASE_0,5.329999839887023e-05
0.0,0.07077368426622302,0.47182456177482013,lshape_or_compressed_astar,0.0105,3,normal,1,0.5,0.06999999999999999,0.1622903999996197,49,3.6318722858116077,0.0,0.0,45,1.0318722858116078,6,0.2,0.16172949999963748,0.010499999999999997,1.0,0.0933,0.0045,49,0.38295044056342004,0.41849281738206157,WEIGHTED_SQUARE,0.5,2.6,ok,3,3.7941626858112274,0.09627368426622301,CASE_0,4.540000009001233e-05
0.0,0.07214217517506324,0.48094783450042167,lshape_or_compressed_astar,0.010499999999999999,3,normal,2,0.5,0.06999999999999999,0.18333960000018124,49,3.6465399268495524,0.0,0.0,45,1.0465399268495525,6,0.2,0.18283389999851352,0.010499999999999999,1.0,0.0933,0.004499999999999999,49,0.34516289783492493,0.38295044056342004,WEIGHTED_SQUARE,0.5,2.6,ok,4,3.8298795268497337,0.09764217517506324,CASE_0,5.3800002206116915e-05
0.0,0.07077368426622294,0.47182456177481963,lshape_or_compressed_astar,0.010499999999999999,3,normal,1,0.5,0.06999999999999999,0.18708029999834253,49,3.631872285811607,0.0,0.0,45,1.031872285811607,6,0.2,0.1863435000013851,0.010499999999999999,1.0,0.0933,0.004499999999999999,49,0.3102966547759065,0.34516289783492493,WEIGHTED_SQUARE,0.5,2.6,ok,5,3.8189525858099493,0.09627368426622293,CASE_0,5.7100001868093386e-05
0.0,0.07214217517506336,0.48094783450042233,lshape_or_compressed_astar,0.0105,3,normal,2,0.5,0.06999999999999999,0.18857349999962025,49,3.6465399268495533,0.0,0.0,45,1.0465399268495534,6,0.2,0.18793400000140537,0.010499999999999992,1.0,0.0933,0.004499999999999996,49,0.27261835118616967,0.3102966547759065,WEIGHTED_SQUARE,0.5,2.6,ok,6,3.8351134268491736,0.09764217517506334,CASE_0,4.350000017439015e-05
0.0,0.07656086563185702,0.5104057708790468,lshape_or_compressed_astar,0.010500000000000002,3,normal,1,0.3,0.06999999999999999,0.1929295000009006,49,3.6938999531817474,0.005198725473754821,0.0,45,1.0938999531817473,6,0.2,0.19226920000073733,0.010499999999999994,1.0,0.0933,0.004499999999999997,49,0.23031037630127704,0.27261835118616967,WEIGHTED_SQUARE,0.5,2.6,ok,7,3.886829453182648,0.10206086563185701,CASE_0,9.359999967273325e-05
0.0,0.06438336283998619,0.42922241893324126,lshape_or_compressed_astar,0.0105,3,normal,2,0.5,0.06999999999999999,0.18180200000279,49,3.5633800947479766,0.08045768252815111,0.005198725473754821,45,0.9633800947479764,6,0.2,0.1811697000011918,0.0105,1.0,0.0933,0.0045000000000000005,49,0.18142178648552132,0.23031037630127704,WEIGHTED_SQUARE,0.5,2.6,ok,8,3.7451820947507666,0.08988336283998619,CASE_0,6.310000026132911e-05
0.0,0.007925724637681158,0.05283816425120772,direct_like,0.010499999999999999,2,normal,2,0.5,0.06999999999999999,0.07195969999884255,49,2.7582607142302376,0.20433996383363473,0.08045768252815111,45,0.3582607142302375,5,0.2,0.07155609999972512,0.010500000000000002,1.0,0.0933,0.004499999999999998,49,0.13549270419973125,0.18142178648552132,WEIGHTED_SQUARE,0.5,2.4,ok,9,2.83022041422908,0.033425724637681155,CASE_0,3.529999958118424e-05
0.0,0.007925724637681179,0.05283816425120787,direct_like,0.010499999999999999,2,normal,2,0.5,0.06999999999999999,0.07339289999799803,49,2.7582607142302376,0.3406396779244017,0.20433996383363473,45,0.3582607142302377,5,0.2,0.07280949999767472,0.010500000000000004,1.0,0.0933,0.004499999999999998,49,0.09646909310949889,0.13549270419973125,WEIGHTED_SQUARE,0.5,2.4,ok,10,2.8316536142282356,0.033425724637681176,CASE_0,5.9200003306614235e-05
0.0,0.06464033143598474,0.430935542906565,astar_like,0.0105,13,normal,1,0.3,0.06999999999999999,0.23604809999960708,49,5.566134313354606,0.5334884923713473,0.3406396779244017,45,0.9661343133546061,16,0.2,0.23548110000047018,0.010499999999999994,1.0,0.0933,0.004500000000000005,49,0.06040357655470106,0.09646909310949889,WEIGHTED_SQUARE,0.5,4.6,ok,11,5.802182413354213,0.09014033143598474,CASE_0,5.859999873791821e-05
0.0,0.05606033069849826,0.3737355379899884,lshape_or_compressed_astar,0.010499999999999992,3,normal,2,0.5,0.020000000000000004,0.1764216999981727,49,3.3937870385691133,0.628226249313564,0.5334884923713473,45,0.7937870385691131,6,0.2,0.17586759999903734,0.002999999999999996,1.0,0.0933,0.0045,49,0.04540183941269478,0.06040357655470106,WEIGHTED_SQUARE,0.5,2.6,ok,12,3.570208738567286,0.07406033069849825,CASE_0,5.850000161444768e-05
0.0,0.0022644927536231837,0.015096618357487893,direct_like,0.010500000000000004,2,normal,2,0.5,0.020000000000000004,0.06954640000185464,49,2.6171971356229706,0.7259408216029877,0.628226249313564,45,0.21719713562297088,5,0.2,0.06919070000003558,0.002999999999999996,1.0,0.0933,0.0045,49,0.030493897521507617,0.04540183941269478,WEIGHTED_SQUARE,0.5,2.4,ok,13,2.6867435356248253,0.020264492753623183,CASE_0,4.350000017439015e-05
0.0,0.0022644927536231837,0.015096618357487893,direct_like,0.010500000000000004,2,normal,2,0.5,0.020000000000000004,0.06920679999893764,49,2.6171971356229706,0.8270584634220998,0.7259408216029877,45,0.21719713562297088,5,0.2,0.06870279999930062,0.002999999999999996,1.0,0.0933,0.0045,49,0.0159450419599217,0.030493897521507617,WEIGHTED_SQUARE,0.5,2.4,ok,14,2.6864039356219083,0.020264492753623183,CASE_0,4.699999772128649e-05
0.0,0.0022644927536232193,0.015096618357488127,direct_like,0.010499999999999992,2,normal,2,0.5,0.020000000000000004,0.06608159999814234,49,2.617197135622971,0.9493754109138725,0.8270584634220998,45,0.21719713562297116,5,0.2,0.06572810000216123,0.002999999999999996,1.0,0.0933,0.0045,49,0.005867698644985622,0.0159450419599217,WEIGHTED_SQUARE,0.5,2.4,ok,15,2.6832787356211134,0.020264492753623208,CASE_0,3.400000059627928e-05
