idx,x,y,z,u,v,ok,confidence,std_u,std_v,timestamp,n_valid,image_path,overlay_path,mask_path
0,0.0,0.0,0.0,591.023569023569,37.92424242424242,1,0.0,0.0659997417860991,0.051733899429353136,1776422007.178375,5,/Users/kimsumin/projects/RGMC/data/map/robot19/images/0000.png,/Users/kimsumin/projects/RGMC/data/map/robot19/overlays/0000_overlay.png,/Users/kimsumin/projects/RGMC/data/map/robot19/masks/0000_mask.png
1,0.029375,0.0,0.0,590.8141592920354,51.39396628216504,1,0.0,0.34153032720170257,0.10227914558923125,1776422019.668933,5,/Users/kimsumin/projects/RGMC/data/map/robot19/images/0001.png,/Users/kimsumin/projects/RGMC/data/map/robot19/overlays/0001_overlay.png,/Users/kimsumin/projects/RGMC/data/map/robot19/masks/0001_mask.png
2,0.05875,0.0,0.0,590.9180743243244,64.38305084745762,1,0.0,0.039014682492891875,0.1061671177650233,1776422031.4470212,5,/Users/kimsumin/projects/RGMC/data/map/robot19/images/0002.png,/Users/kimsumin/projects/RGMC/data/map/robot19/overlays/0002_overlay.png,/Users/kimsumin/projects/RGMC/data/map/robot19/masks/0002_mask.png
3,0.088125,0.0,0.0,590.8523605150215,77.08461538461539,1,0.0,0.07271320624434364,0.041718496714327515,1776422046.512693,5,/Users/kimsumin/projects/RGMC/data/map/robot19/images/0003.png,/Users/kimsumin/projects/RGMC/data/map/robot19/overlays/0003_overlay.png,/Users/kimsumin/projects/RGMC/data/map/robot19/masks/0003_mask.png
4,0.1175,0.0,0.0,589.7483766233767,90.2502030869212,1,0.0,0.3857594405052381,0.39905852818370413,1776422058.0282583,5,/Users/kimsumin/projects/RGMC/data/map/robot19/images/0004.png,/Users/kimsumin/projects/RGMC/data/map/robot19/overlays/0004_overlay.png,/Users/kimsumin/projects/RGMC/data/map/robot19/masks/0004_mask.png
5,0.14687499999999998,0.0,0.0,589.5984126984127,102.80839271575614,1,0.0,0.03407868171095239,0.031814492522657306,1776422069.149474,5,/Users/kimsumin/projects/RGMC/data/map/robot19/images/0005.png,/Users/kimsumin/projects/RGMC/data/map/robot19/overlays/0005_overlay.png,/Users/kimsumin/projects/RGMC/data/map/robot19/masks/0005_mask.png
6,0.17625,0.0,0.0,589.482420278005,116.61444805194805,1,0.0,0.06160506253399906,0.07719897363223403,1776422080.303058,5,/Users/kimsumin/projects/RGMC/data/map/robot19/images/0006.png,/Users/kimsumin/projects/RGMC/data/map/robot19/overlays/0006_overlay.png,/Users/kimsumin/projects/RGMC/data/map/robot19/masks/0006_mask.png
7,0.205625,0.0,0.0,589.0530120481927,129.52369477911645,1,0.0,0.04148743831244445,0.04036258074991988,1776422091.4532602,5,/Users/kimsumin/projects/RGMC/data/map/robot19/images/0007.png,/Users/kimsumin/projects/RGMC/data/map/robot19/overlays/0007_overlay.png,/Users/kimsumin/projects/RGMC/data/map/robot19/masks/0007_mask.png
8,0.235,0.0,0.0,588.2633333333333,142.20299500831948,1,0.0,0.01985741606048811,0.08260151144839158,1776422103.2883136,5,/Users/kimsumin/projects/RGMC/data/map/robot19/images/0008.png,/Users/kimsumin/projects/RGMC/data/map/robot19/overlays/0008_overlay.png,/Users/kimsumin/projects/RGMC/data/map/robot19/masks/0008_mask.png
9,0.26437499999999997,0.0,0.0,588.5572831423896,156.27786885245902,1,0.0,0.07523072447829285,0.03121215491252796,1776422114.3988657,5,/Users/kimsumin/projects/RGMC/data/map/robot19/images/0009.png,/Users/kimsumin/projects/RGMC/data/map/robot19/overlays/0009_overlay.png,/Users/kimsumin/projects/RGMC/data/map/robot19/masks/0009_mask.png
10,0.29374999999999996,0.0,0.0,587.8997514498757,168.92131979695432,1,0.0,0.11298920102996962,0.12300321347252001,1776422126.3670435,5,/Users/kimsumin/projects/RGMC/data/map/robot19/images/0010.png,/Users/kimsumin/projects/RGMC/data/map/robot19/overlays/0010_overlay.png,/Users/kimsumin/projects/RGMC/data/map/robot19/masks/0010_mask.png
11,0.323125,0.0,0.0,587.8719008264463,181.88493377483445,1,0.0,0.029017645299765076,0.05691182243620729,1776422138.0462313,5,/Users/kimsumin/projects/RGMC/data/map/robot19/images/0011.png,/Users/kimsumin/projects/RGMC/data/map/robot19/overlays/0011_overlay.png,/Users/kimsumin/projects/RGMC/data/map/robot19/masks/0011_mask.png
12,0.3525,0.0,0.0,587.8571428571429,194.80165975103733,1,0.0,0.05058996353994842,0.3861432858483813,1776422149.8176742,5,/Users/kimsumin/projects/RGMC/data/map/robot19/images/0012.png,/Users/kimsumin/projects/RGMC/data/map/robot19/overlays/0012_overlay.png,/Users/kimsumin/projects/RGMC/data/map/robot19/masks/0012_mask.png
13,0.38187499999999996,0.0,0.0,587.6076794657763,208.64357262103505,1,0.0,0.009172785323040803,0.011208131373293882,1776422161.3958683,5,/Users/kimsumin/projects/RGMC/data/map/robot19/images/0013.png,/Users/kimsumin/projects/RGMC/data/map/robot19/overlays/0013_overlay.png,/Users/kimsumin/projects/RGMC/data/map/robot19/masks/0013_mask.png
14,0.41125,0.0,0.0,587.9274395329442,221.6422628951747,1,0.0,0.06544016294293674,0.08949629645338623,1776422173.064744,5,/Users/kimsumin/projects/RGMC/data/map/robot19/images/0014.png,/Users/kimsumin/projects/RGMC/data/map/robot19/overlays/0014_overlay.png,/Users/kimsumin/projects/RGMC/data/map/robot19/masks/0014_mask.png
15,0.440625,0.0,0.0,587.1399006622516,233.75542570951586,1,0.0,0.021680151267329428,0.05198176727903702,1776422185.555941,5,/Users/kimsumin/projects/RGMC/data/map/robot19/images/0015.png,/Users/kimsumin/projects/RGMC/data/map/robot19/overlays/0015_overlay.png,/Users/kimsumin/projects/RGMC/data/map/robot19/masks/0015_mask.png
16,0.47,0.0,0.0,583.0913621262458,241.9228855721393,1,0.0,0.017503078023454178,0.033424466678531085,1776422198.4620745,5,/Users/kimsumin/projects/RGMC/data/map/robot19/images/0016.png,/Users/kimsumin/projects/RGMC/data/map/robot19/overlays/0016_overlay.png,/Users/kimsumin/projects/RGMC/data/map/robot19/masks/0016_mask.png
17,0.49937499999999996,0.0,0.0,580.5541299117883,255.7783417935702,1,0.0,0.06854453871368595,0.37902091316099296,1776422211.1967578,5,/Users/kimsumin/projects/RGMC/data/map/robot19/images/0017.png,/Users/kimsumin/projects/RGMC/data/map/robot19/overlays/0017_overlay.png,/Users/kimsumin/projects/RGMC/data/map/robot19/masks/0017_mask.png
18,0.5287499999999999,0.0,0.0,579.8144416456759,268.8554817275747,1,0.0,0.2054929544233435,0.09233896824247201,1776422222.7307367,5,/Users/kimsumin/projects/RGMC/data/map/robot19/images/0018.png,/Users/kimsumin/projects/RGMC/data/map/robot19/overlays/0018_overlay.png,/Users/kimsumin/projects/RGMC/data/map/robot19/masks/0018_mask.png
19,0.558125,0.0,0.0,579.798347107438,284.72282157676347,1,0.0,0.1340824698294152,0.07538159547147973,1776422234.6101918,5,/Users/kimsumin/projects/RGMC/data/map/robot19/images/0019.png,/Users/kimsumin/projects/RGMC/data/map/robot19/overlays/0019_overlay.png,/Users/kimsumin/projects/RGMC/data/map/robot19/masks/0019_mask.png
20,0.5874999999999999,0.0,0.0,582.8149705634987,297.8426311407161,1,0.0,0.37175228352311707,0.04152571532009272,1776422246.18887,5,/Users/kimsumin/projects/RGMC/data/map/robot19/images/0020.png,/Users/kimsumin/projects/RGMC/data/map/robot19/overlays/0020_overlay.png,/Users/kimsumin/projects/RGMC/data/map/robot19/masks/0020_mask.png
21,0.616875,0.0,0.0,584.9126602564103,311.22132471728594,1,0.0,0.0648856640982695,0.06296366589399566,1776422257.6478305,5,/Users/kimsumin/projects/RGMC/data/map/robot19/images/0021.png,/Users/kimsumin/projects/RGMC/data/map/robot19/overlays/0021_overlay.png,/Users/kimsumin/projects/RGMC/data/map/robot19/masks/0021_mask.png
22,0.64625,0.0,0.0,583.8088113050707,324.4081463009144,1,0.0,0.034687293480587085,0.0474411003918128,1776422269.0272262,5,/Users/kimsumin/projects/RGMC/data/map/robot19/images/0022.png,/Users/kimsumin/projects/RGMC/data/map/robot19/overlays/0022_overlay.png,/Users/kimsumin/projects/RGMC/data/map/robot19/masks/0022_mask.png
23,0.6756249999999999,0.0,0.0,584.9196787148594,338.5195020746888,1,0.0,0.36366700398046187,0.02597687556823125,1776422280.797415,5,/Users/kimsumin/projects/RGMC/data/map/robot19/images/0023.png,/Users/kimsumin/projects/RGMC/data/map/robot19/overlays/0023_overlay.png,/Users/kimsumin/projects/RGMC/data/map/robot19/masks/0023_mask.png
24,0.705,0.0,0.0,585.3006430868168,353.0144694533762,1,0.0,0.0631399568225901,0.038859126048783624,1776422292.5670252,5,/Users/kimsumin/projects/RGMC/data/map/robot19/images/0024.png,/Users/kimsumin/projects/RGMC/data/map/robot19/overlays/0024_overlay.png,/Users/kimsumin/projects/RGMC/data/map/robot19/masks/0024_mask.png
25,0.734375,0.0,0.0,584.9344909234412,365.2535545023697,1,0.0,0.3990579391669509,0.08846917681936028,1776422304.136095,5,/Users/kimsumin/projects/RGMC/data/map/robot19/images/0025.png,/Users/kimsumin/projects/RGMC/data/map/robot19/overlays/0025_overlay.png,/Users/kimsumin/projects/RGMC/data/map/robot19/masks/0025_mask.png
26,0.7637499999999999,0.0,0.0,585.6492595479345,379.8394388152767,1,0.0,0.0878073115719245,0.06356245430265373,1776422315.7039633,5,/Users/kimsumin/projects/RGMC/data/map/robot19/images/0026.png,/Users/kimsumin/projects/RGMC/data/map/robot19/overlays/0026_overlay.png,/Users/kimsumin/projects/RGMC/data/map/robot19/masks/0026_mask.png
27,0.793125,0.0,0.0,584.938202247191,392.71235059760954,1,0.0,0.19425746058004045,0.0655474197869986,1776422327.6924496,5,/Users/kimsumin/projects/RGMC/data/map/robot19/images/0027.png,/Users/kimsumin/projects/RGMC/data/map/robot19/overlays/0027_overlay.png,/Users/kimsumin/projects/RGMC/data/map/robot19/masks/0027_mask.png
28,0.8225,0.0,0.0,584.1581125827814,405.3584437086093,1,0.0,0.24851060717496617,0.07760521670386081,1776422340.287754,5,/Users/kimsumin/projects/RGMC/data/map/robot19/images/0028.png,/Users/kimsumin/projects/RGMC/data/map/robot19/overlays/0028_overlay.png,/Users/kimsumin/projects/RGMC/data/map/robot19/masks/0028_mask.png
29,0.8518749999999999,0.0,0.0,585.3218849840256,420.03935185185185,1,0.0,0.0395887357600669,0.3324686356902711,1776422352.4732075,5,/Users/kimsumin/projects/RGMC/data/map/robot19/images/0029.png,/Users/kimsumin/projects/RGMC/data/map/robot19/overlays/0029_overlay.png,/Users/kimsumin/projects/RGMC/data/map/robot19/masks/0029_mask.png
30,0.88125,0.0,0.0,585.1836248012719,434.2790143084261,1,0.0,0.060137783106210874,0.028374785853017,1776422364.04267,5,/Users/kimsumin/projects/RGMC/data/map/robot19/images/0030.png,/Users/kimsumin/projects/RGMC/data/map/robot19/overlays/0030_overlay.png,/Users/kimsumin/projects/RGMC/data/map/robot19/masks/0030_mask.png
31,0.9106249999999999,0.0,0.0,585.3208556149733,447.8785332314744,1,0.0,0.07032331197942701,0.11267350026773332,1776422375.8229117,5,/Users/kimsumin/projects/RGMC/data/map/robot19/images/0031.png,/Users/kimsumin/projects/RGMC/data/map/robot19/overlays/0031_overlay.png,/Users/kimsumin/projects/RGMC/data/map/robot19/masks/0031_mask.png
32,0.94,0.0,0.0,585.1132075471698,460.7315608919383,1,0.0,0.4018130241956871,0.05633930967353325,1776422390.4654539,5,/Users/kimsumin/projects/RGMC/data/map/robot19/images/0032.png,/Users/kimsumin/projects/RGMC/data/map/robot19/overlays/0032_overlay.png,/Users/kimsumin/projects/RGMC/data/map/robot19/masks/0032_mask.png
33,0.94,0.03125,0.0,570.8033216783217,460.6921052631579,1,0.0,0.06736430066915733,0.03473253135715212,1776422403.058835,5,/Users/kimsumin/projects/RGMC/data/map/robot19/images/0033.png,/Users/kimsumin/projects/RGMC/data/map/robot19/overlays/0033_overlay.png,/Users/kimsumin/projects/RGMC/data/map/robot19/masks/0033_mask.png
34,0.9106249999999999,0.03125,0.0,570.1437355880092,447.98697318007663,1,0.0,0.36895504546099117,0.33131188309238735,1776422416.9089782,5,/Users/kimsumin/projects/RGMC/data/map/robot19/images/0034.png,/Users/kimsumin/projects/RGMC/data/map/robot19/overlays/0034_overlay.png,/Users/kimsumin/projects/RGMC/data/map/robot19/masks/0034_mask.png
35,0.88125,0.03125,0.0,570.8753056234718,434.7791361043195,1,0.0,0.07004245101226064,0.0311719219541218,1776422428.5592332,5,/Users/kimsumin/projects/RGMC/data/map/robot19/images/0035.png,/Users/kimsumin/projects/RGMC/data/map/robot19/overlays/0035_overlay.png,/Users/kimsumin/projects/RGMC/data/map/robot19/masks/0035_mask.png
36,0.8518749999999999,0.03125,0.0,571.4396336386345,421.53820598006644,1,0.0,0.0404744853924456,0.06034183932583152,1776422442.0781686,5,/Users/kimsumin/projects/RGMC/data/map/robot19/images/0036.png,/Users/kimsumin/projects/RGMC/data/map/robot19/overlays/0036_overlay.png,/Users/kimsumin/projects/RGMC/data/map/robot19/masks/0036_mask.png
37,0.8225,0.03125,0.0,571.1336032388664,407.7789389067524,1,0.0,0.04800741110970272,0.061168182680676995,1776422453.4971902,5,/Users/kimsumin/projects/RGMC/data/map/robot19/images/0037.png,/Users/kimsumin/projects/RGMC/data/map/robot19/overlays/0037_overlay.png,/Users/kimsumin/projects/RGMC/data/map/robot19/masks/0037_mask.png
38,0.793125,0.03125,0.0,571.0590191188695,393.9426433915212,1,0.0,0.05607114190804082,0.07818681959339321,1776422465.6589155,5,/Users/kimsumin/projects/RGMC/data/map/robot19/images/0038.png,/Users/kimsumin/projects/RGMC/data/map/robot19/overlays/0038_overlay.png,/Users/kimsumin/projects/RGMC/data/map/robot19/masks/0038_mask.png
39,0.7637499999999999,0.03125,0.0,571.4570247933884,381.0924229808493,1,0.0,0.05206222538298738,0.03076596799531015,1776422480.782181,5,/Users/kimsumin/projects/RGMC/data/map/robot19/images/0039.png,/Users/kimsumin/projects/RGMC/data/map/robot19/overlays/0039_overlay.png,/Users/kimsumin/projects/RGMC/data/map/robot19/masks/0039_mask.png
40,0.734375,0.03125,0.0,571.2842190016103,367.4567502021019,1,0.0,0.039629722134882056,0.04692893538351701,1776422492.1581545,5,/Users/kimsumin/projects/RGMC/data/map/robot19/images/0040.png,/Users/kimsumin/projects/RGMC/data/map/robot19/overlays/0040_overlay.png,/Users/kimsumin/projects/RGMC/data/map/robot19/masks/0040_mask.png
41,0.705,0.03125,0.0,571.2638544251447,353.9355904211396,1,0.0,0.03346801055005394,0.04335028886868325,1776422506.600217,5,/Users/kimsumin/projects/RGMC/data/map/robot19/images/0041.png,/Users/kimsumin/projects/RGMC/data/map/robot19/overlays/0041_overlay.png,/Users/kimsumin/projects/RGMC/data/map/robot19/masks/0041_mask.png
42,0.6756249999999999,0.03125,0.0,571.4068219633943,341.0624479600333,1,0.0,0.03461281932440488,0.06230638264161609,1776422518.671196,5,/Users/kimsumin/projects/RGMC/data/map/robot19/images/0042.png,/Users/kimsumin/projects/RGMC/data/map/robot19/overlays/0042_overlay.png,/Users/kimsumin/projects/RGMC/data/map/robot19/masks/0042_mask.png
43,0.64625,0.03125,0.0,571.4252873563219,327.5433526011561,1,0.0,0.035163044926738385,0.03374288998610258,1776422531.4758687,5,/Users/kimsumin/projects/RGMC/data/map/robot19/images/0043.png,/Users/kimsumin/projects/RGMC/data/map/robot19/overlays/0043_overlay.png,/Users/kimsumin/projects/RGMC/data/map/robot19/masks/0043_mask.png
44,0.616875,0.03125,0.0,571.592531120332,313.8905472636816,1,0.0,0.06706408219027447,0.10281271966648067,1776422543.8739066,5,/Users/kimsumin/projects/RGMC/data/map/robot19/images/0044.png,/Users/kimsumin/projects/RGMC/data/map/robot19/overlays/0044_overlay.png,/Users/kimsumin/projects/RGMC/data/map/robot19/masks/0044_mask.png
45,0.5874999999999999,0.03125,0.0,571.6328257191201,300.9234006734007,1,0.0,0.039414638828726756,0.06074952020113512,1776422555.8385797,5,/Users/kimsumin/projects/RGMC/data/map/robot19/images/0045.png,/Users/kimsumin/projects/RGMC/data/map/robot19/overlays/0045_overlay.png,/Users/kimsumin/projects/RGMC/data/map/robot19/masks/0045_mask.png
46,0.558125,0.03125,0.0,571.8012820512821,287.37580128205127,1,0.0,0.011342671246060726,0.01711093972737982,1776422567.519379,5,/Users/kimsumin/projects/RGMC/data/map/robot19/images/0046.png,/Users/kimsumin/projects/RGMC/data/map/robot19/overlays/0046_overlay.png,/Users/kimsumin/projects/RGMC/data/map/robot19/masks/0046_mask.png
47,0.5287499999999999,0.03125,0.0,571.8742714404663,274.4604927782498,1,0.0,0.23070748437694563,0.056685652913082196,1776422579.4985855,5,/Users/kimsumin/projects/RGMC/data/map/robot19/images/0047.png,/Users/kimsumin/projects/RGMC/data/map/robot19/overlays/0047_overlay.png,/Users/kimsumin/projects/RGMC/data/map/robot19/masks/0047_mask.png
48,0.49937499999999996,0.03125,0.0,572.3095435684647,261.2159468438538,1,0.0,0.08363524341503346,0.09945178643536288,1776422591.985554,5,/Users/kimsumin/projects/RGMC/data/map/robot19/images/0048.png,/Users/kimsumin/projects/RGMC/data/map/robot19/overlays/0048_overlay.png,/Users/kimsumin/projects/RGMC/data/map/robot19/masks/0048_mask.png
49,0.47,0.03125,0.0,572.2639004149378,248.3194103194103,1,0.0,0.10145166420819933,0.06212692148640885,1776422604.4847975,5,/Users/kimsumin/projects/RGMC/data/map/robot19/images/0049.png,/Users/kimsumin/projects/RGMC/data/map/robot19/overlays/0049_overlay.png,/Users/kimsumin/projects/RGMC/data/map/robot19/masks/0049_mask.png
50,0.440625,0.03125,0.0,572.7663174858985,234.24313408723748,1,0.0,0.05531264825816796,0.06645398703684675,1776422617.1770952,5,/Users/kimsumin/projects/RGMC/data/map/robot19/images/0050.png,/Users/kimsumin/projects/RGMC/data/map/robot19/overlays/0050_overlay.png,/Users/kimsumin/projects/RGMC/data/map/robot19/masks/0050_mask.png
51,0.41125,0.03125,0.0,573.1888341543514,221.56838656838656,1,0.0,0.05911468785125068,0.03998050710959885,1776422631.4137099,5,/Users/kimsumin/projects/RGMC/data/map/robot19/images/0051.png,/Users/kimsumin/projects/RGMC/data/map/robot19/overlays/0051_overlay.png,/Users/kimsumin/projects/RGMC/data/map/robot19/masks/0051_mask.png
52,0.38187499999999996,0.03125,0.0,573.4935691318328,208.67282958199357,1,0.0,0.06157708863981151,0.05772371275563227,1776422643.9053233,5,/Users/kimsumin/projects/RGMC/data/map/robot19/images/0052.png,/Users/kimsumin/projects/RGMC/data/map/robot19/overlays/0052_overlay.png,/Users/kimsumin/projects/RGMC/data/map/robot19/masks/0052_mask.png
53,0.3525,0.03125,0.0,573.5996677740864,195.66611295681062,1,0.0,0.05123495674391922,0.1044674830726743,1776422656.4003923,5,/Users/kimsumin/projects/RGMC/data/map/robot19/images/0053.png,/Users/kimsumin/projects/RGMC/data/map/robot19/overlays/0053_overlay.png,/Users/kimsumin/projects/RGMC/data/map/robot19/masks/0053_mask.png
54,0.323125,0.03125,0.0,573.5849514563107,181.57676685621445,1,0.0,0.06720824794923609,0.05463067104578305,1776422668.291317,5,/Users/kimsumin/projects/RGMC/data/map/robot19/images/0054.png,/Users/kimsumin/projects/RGMC/data/map/robot19/overlays/0054_overlay.png,/Users/kimsumin/projects/RGMC/data/map/robot19/masks/0054_mask.png
55,0.29374999999999996,0.03125,0.0,573.3094650205761,168.87654320987653,1,0.0,0.02131916813930024,0.02102630040822319,1776422680.5688972,5,/Users/kimsumin/projects/RGMC/data/map/robot19/images/0055.png,/Users/kimsumin/projects/RGMC/data/map/robot19/overlays/0055_overlay.png,/Users/kimsumin/projects/RGMC/data/map/robot19/masks/0055_mask.png
56,0.26437499999999997,0.03125,0.0,574.6603284356094,156.09800520381614,1,0.0,0.43272404184928065,0.06653283853660875,1776422693.4654343,5,/Users/kimsumin/projects/RGMC/data/map/robot19/images/0056.png,/Users/kimsumin/projects/RGMC/data/map/robot19/overlays/0056_overlay.png,/Users/kimsumin/projects/RGMC/data/map/robot19/masks/0056_mask.png
57,0.235,0.03125,0.0,574.917089678511,142.0960404380792,1,0.0,0.06572150481921177,0.1399522125856724,1776422706.0644777,5,/Users/kimsumin/projects/RGMC/data/map/robot19/images/0057.png,/Users/kimsumin/projects/RGMC/data/map/robot19/overlays/0057_overlay.png,/Users/kimsumin/projects/RGMC/data/map/robot19/masks/0057_mask.png
58,0.205625,0.03125,0.0,575.1985049833887,129.54454621149043,1,0.0,0.006233035417529595,0.019475256591576305,1776422718.0524182,5,/Users/kimsumin/projects/RGMC/data/map/robot19/images/0058.png,/Users/kimsumin/projects/RGMC/data/map/robot19/overlays/0058_overlay.png,/Users/kimsumin/projects/RGMC/data/map/robot19/masks/0058_mask.png
59,0.17625,0.03125,0.0,575.4189991518235,116.63667232597624,1,0.0,0.029861795760203428,0.056032550552405566,1776422729.9356737,5,/Users/kimsumin/projects/RGMC/data/map/robot19/images/0059.png,/Users/kimsumin/projects/RGMC/data/map/robot19/overlays/0059_overlay.png,/Users/kimsumin/projects/RGMC/data/map/robot19/masks/0059_mask.png
60,0.14687499999999998,0.03125,0.0,575.6953191489362,102.6779089376054,1,0.0,0.06110147296288117,0.09415197319847084,1776422741.7995799,5,/Users/kimsumin/projects/RGMC/data/map/robot19/images/0060.png,/Users/kimsumin/projects/RGMC/data/map/robot19/overlays/0060_overlay.png,/Users/kimsumin/projects/RGMC/data/map/robot19/masks/0060_mask.png
61,0.1175,0.03125,0.0,575.5705412599823,90.20084745762712,1,0.0,0.038910538206327984,0.42980984059360416,1776422753.8835707,5,/Users/kimsumin/projects/RGMC/data/map/robot19/images/0061.png,/Users/kimsumin/projects/RGMC/data/map/robot19/overlays/0061_overlay.png,/Users/kimsumin/projects/RGMC/data/map/robot19/masks/0061_mask.png
62,0.088125,0.03125,0.0,576.1268656716418,77.02695871946082,1,0.0,0.21225561242561525,0.05913753622291913,1776422766.6921794,5,/Users/kimsumin/projects/RGMC/data/map/robot19/images/0062.png,/Users/kimsumin/projects/RGMC/data/map/robot19/overlays/0062_overlay.png,/Users/kimsumin/projects/RGMC/data/map/robot19/masks/0062_mask.png
63,0.05875,0.03125,0.0,575.8978723404256,64.44140290846877,1,0.0,0.05844500400771099,0.0890005560020143,1776422778.5624394,5,/Users/kimsumin/projects/RGMC/data/map/robot19/images/0063.png,/Users/kimsumin/projects/RGMC/data/map/robot19/overlays/0063_overlay.png,/Users/kimsumin/projects/RGMC/data/map/robot19/masks/0063_mask.png
64,0.029375,0.03125,0.0,576.3924686192469,51.31624674196351,1,0.0,0.016438028640378056,0.3872527100342638,1776422790.4376354,5,/Users/kimsumin/projects/RGMC/data/map/robot19/images/0064.png,/Users/kimsumin/projects/RGMC/data/map/robot19/overlays/0064_overlay.png,/Users/kimsumin/projects/RGMC/data/map/robot19/masks/0064_mask.png
65,0.0,0.03125,0.0,576.1194915254238,37.90338983050847,1,0.0,0.060700417701836484,0.060155275992847285,1776422802.3166637,5,/Users/kimsumin/projects/RGMC/data/map/robot19/images/0065.png,/Users/kimsumin/projects/RGMC/data/map/robot19/overlays/0065_overlay.png,/Users/kimsumin/projects/RGMC/data/map/robot19/masks/0065_mask.png
66,0.0,0.0625,0.0,563.1,37.60603448275862,1,0.0,0.03124203670478068,0.02215548171929653,1776422814.302433,5,/Users/kimsumin/projects/RGMC/data/map/robot19/images/0066.png,/Users/kimsumin/projects/RGMC/data/map/robot19/overlays/0066_overlay.png,/Users/kimsumin/projects/RGMC/data/map/robot19/masks/0066_mask.png
67,0.029375,0.0625,0.0,561.5268373245252,50.155186721991704,1,0.0,0.39665623813259115,0.03747876072725821,1776422825.9733856,5,/Users/kimsumin/projects/RGMC/data/map/robot19/images/0067.png,/Users/kimsumin/projects/RGMC/data/map/robot19/overlays/0067_overlay.png,/Users/kimsumin/projects/RGMC/data/map/robot19/masks/0067_mask.png
68,0.05875,0.0625,0.0,561.6490344248531,64.1294903926483,1,0.0,0.3766740925653418,0.25971112143709785,1776422838.0592065,5,/Users/kimsumin/projects/RGMC/data/map/robot19/images/0068.png,/Users/kimsumin/projects/RGMC/data/map/robot19/overlays/0068_overlay.png,/Users/kimsumin/projects/RGMC/data/map/robot19/masks/0068_mask.png
69,0.088125,0.0625,0.0,561.4242174629325,76.83113673805602,1,0.0,0.06627023662734632,0.01141620433206862,1776422850.2414749,5,/Users/kimsumin/projects/RGMC/data/map/robot19/images/0069.png,/Users/kimsumin/projects/RGMC/data/map/robot19/overlays/0069_overlay.png,/Users/kimsumin/projects/RGMC/data/map/robot19/masks/0069_mask.png
70,0.1175,0.0625,0.0,561.2577665827037,89.83164983164983,1,0.0,0.08686342770157542,0.09080070057668498,1776422862.2247574,5,/Users/kimsumin/projects/RGMC/data/map/robot19/images/0070.png,/Users/kimsumin/projects/RGMC/data/map/robot19/overlays/0070_overlay.png,/Users/kimsumin/projects/RGMC/data/map/robot19/masks/0070_mask.png
71,0.14687499999999998,0.0625,0.0,561.153399668325,102.28995057660626,1,0.0,0.13202707059669422,0.06673965761763849,1776422874.7397766,5,/Users/kimsumin/projects/RGMC/data/map/robot19/images/0071.png,/Users/kimsumin/projects/RGMC/data/map/robot19/overlays/0071_overlay.png,/Users/kimsumin/projects/RGMC/data/map/robot19/masks/0071_mask.png
72,0.17625,0.0625,0.0,560.7473338802297,116.28759244042728,1,0.0,0.044773382069806265,0.015034293516669876,1776422886.9290798,5,/Users/kimsumin/projects/RGMC/data/map/robot19/images/0072.png,/Users/kimsumin/projects/RGMC/data/map/robot19/overlays/0072_overlay.png,/Users/kimsumin/projects/RGMC/data/map/robot19/masks/0072_mask.png
73,0.205625,0.0625,0.0,559.9906223358909,129.1773231031543,1,0.0,0.055001459937468064,0.043584332155555544,1776422898.5789719,5,/Users/kimsumin/projects/RGMC/data/map/robot19/images/0073.png,/Users/kimsumin/projects/RGMC/data/map/robot19/overlays/0073_overlay.png,/Users/kimsumin/projects/RGMC/data/map/robot19/masks/0073_mask.png
74,0.235,0.0625,0.0,560.0092748735244,141.84459459459458,1,0.0,0.014951910637349746,0.02575036724009392,1776422910.2541742,5,/Users/kimsumin/projects/RGMC/data/map/robot19/images/0074.png,/Users/kimsumin/projects/RGMC/data/map/robot19/overlays/0074_overlay.png,/Users/kimsumin/projects/RGMC/data/map/robot19/masks/0074_mask.png
75,0.26437499999999997,0.0625,0.0,559.5782608695653,155.51697127937337,1,0.0,0.05186000502967403,0.07235949168075122,1776422922.0282345,5,/Users/kimsumin/projects/RGMC/data/map/robot19/images/0075.png,/Users/kimsumin/projects/RGMC/data/map/robot19/overlays/0075_overlay.png,/Users/kimsumin/projects/RGMC/data/map/robot19/masks/0075_mask.png
76,0.29374999999999996,0.0625,0.0,559.4626865671642,168.22591943957968,1,0.0,0.05847755892946167,0.06305596949354608,1776422934.0098023,5,/Users/kimsumin/projects/RGMC/data/map/robot19/images/0076.png,/Users/kimsumin/projects/RGMC/data/map/robot19/overlays/0076_overlay.png,/Users/kimsumin/projects/RGMC/data/map/robot19/masks/0076_mask.png
77,0.323125,0.0625,0.0,559.5288624787776,181.14431239388796,1,0.0,0.025659898971158415,0.039137857379579484,1776422945.685552,5,/Users/kimsumin/projects/RGMC/data/map/robot19/images/0077.png,/Users/kimsumin/projects/RGMC/data/map/robot19/overlays/0077_overlay.png,/Users/kimsumin/projects/RGMC/data/map/robot19/masks/0077_mask.png
78,0.3525,0.0625,0.0,559.3333333333334,194.54340567612687,1,0.0,0.0332787530045566,0.037719489856736635,1776422958.6987958,5,/Users/kimsumin/projects/RGMC/data/map/robot19/images/0078.png,/Users/kimsumin/projects/RGMC/data/map/robot19/overlays/0078_overlay.png,/Users/kimsumin/projects/RGMC/data/map/robot19/masks/0078_mask.png
79,0.38187499999999996,0.0625,0.0,559.2532573289902,207.43205858421481,1,0.0,0.018920143770514552,0.04951903843463044,1776422970.97452,5,/Users/kimsumin/projects/RGMC/data/map/robot19/images/0079.png,/Users/kimsumin/projects/RGMC/data/map/robot19/overlays/0079_overlay.png,/Users/kimsumin/projects/RGMC/data/map/robot19/masks/0079_mask.png
80,0.41125,0.0625,0.0,559.2527379949453,221.00759493670887,1,0.0,0.023030809805624608,0.03700215659495603,1776422983.0576427,5,/Users/kimsumin/projects/RGMC/data/map/robot19/images/0080.png,/Users/kimsumin/projects/RGMC/data/map/robot19/overlays/0080_overlay.png,/Users/kimsumin/projects/RGMC/data/map/robot19/masks/0080_mask.png
81,0.440625,0.0625,0.0,557.7637096774193,233.89541432019308,1,0.0,0.3246732614231291,0.039113565382218635,1776422995.6559658,5,/Users/kimsumin/projects/RGMC/data/map/robot19/images/0081.png,/Users/kimsumin/projects/RGMC/data/map/robot19/overlays/0081_overlay.png,/Users/kimsumin/projects/RGMC/data/map/robot19/masks/0081_mask.png
82,0.47,0.0625,0.0,557.8924205378974,247.78964941569282,1,0.0,0.055913462845829306,0.3203228724349917,1776423007.3282056,5,/Users/kimsumin/projects/RGMC/data/map/robot19/images/0082.png,/Users/kimsumin/projects/RGMC/data/map/robot19/overlays/0082_overlay.png,/Users/kimsumin/projects/RGMC/data/map/robot19/masks/0082_mask.png
83,0.49937499999999996,0.0625,0.0,557.8565607171964,261.0316301703163,1,0.0,0.04565835658716381,0.05711216186940248,1776423019.306436,5,/Users/kimsumin/projects/RGMC/data/map/robot19/images/0083.png,/Users/kimsumin/projects/RGMC/data/map/robot19/overlays/0083_overlay.png,/Users/kimsumin/projects/RGMC/data/map/robot19/masks/0083_mask.png
84,0.5287499999999999,0.0625,0.0,558.1428571428571,273.94555214723925,1,0.0,0.06227662007038765,0.05164848027284329,1776423031.4957104,5,/Users/kimsumin/projects/RGMC/data/map/robot19/images/0084.png,/Users/kimsumin/projects/RGMC/data/map/robot19/overlays/0084_overlay.png,/Users/kimsumin/projects/RGMC/data/map/robot19/masks/0084_mask.png
85,0.558125,0.0625,0.0,557.4473895582329,286.40290088638193,1,0.0,0.057519608471600064,0.07073589272756226,1776423044.2115886,5,/Users/kimsumin/projects/RGMC/data/map/robot19/images/0085.png,/Users/kimsumin/projects/RGMC/data/map/robot19/overlays/0085_overlay.png,/Users/kimsumin/projects/RGMC/data/map/robot19/masks/0085_mask.png
86,0.5874999999999999,0.0625,0.0,557.2247933884297,300.49095394736844,1,0.0,0.0438223986955743,0.05870118598951034,1776423056.1689224,5,/Users/kimsumin/projects/RGMC/data/map/robot19/images/0086.png,/Users/kimsumin/projects/RGMC/data/map/robot19/overlays/0086_overlay.png,/Users/kimsumin/projects/RGMC/data/map/robot19/masks/0086_mask.png
87,0.616875,0.0625,0.0,556.5968801313629,313.53556827473426,1,0.0,0.14634506783446052,0.03693719872501441,1776423068.1522403,5,/Users/kimsumin/projects/RGMC/data/map/robot19/images/0087.png,/Users/kimsumin/projects/RGMC/data/map/robot19/overlays/0087_overlay.png,/Users/kimsumin/projects/RGMC/data/map/robot19/masks/0087_mask.png
88,0.64625,0.0625,0.0,556.2413223140496,326.6462809917355,1,0.0,0.2870853089646019,0.1372575432112884,1776423080.2471123,5,/Users/kimsumin/projects/RGMC/data/map/robot19/images/0088.png,/Users/kimsumin/projects/RGMC/data/map/robot19/overlays/0088_overlay.png,/Users/kimsumin/projects/RGMC/data/map/robot19/masks/0088_mask.png
89,0.6756249999999999,0.0625,0.0,556.4927419354839,340.0462519936204,1,0.0,0.20067437776381966,0.25296775024644585,1776423093.14287,5,/Users/kimsumin/projects/RGMC/data/map/robot19/images/0089.png,/Users/kimsumin/projects/RGMC/data/map/robot19/overlays/0089_overlay.png,/Users/kimsumin/projects/RGMC/data/map/robot19/masks/0089_mask.png
90,0.705,0.0625,0.0,556.1039933444259,353.5285832642916,1,0.0,0.05373693599398476,0.013745318717448335,1776423105.5292487,5,/Users/kimsumin/projects/RGMC/data/map/robot19/images/0090.png,/Users/kimsumin/projects/RGMC/data/map/robot19/overlays/0090_overlay.png,/Users/kimsumin/projects/RGMC/data/map/robot19/masks/0090_mask.png
91,0.734375,0.0625,0.0,555.593537414966,366.37001733102255,1,0.0,0.05539570383361886,0.15254575667399276,1776423117.816135,5,/Users/kimsumin/projects/RGMC/data/map/robot19/images/0091.png,/Users/kimsumin/projects/RGMC/data/map/robot19/overlays/0091_overlay.png,/Users/kimsumin/projects/RGMC/data/map/robot19/masks/0091_mask.png
92,0.7637499999999999,0.0625,0.0,556.196749358426,380.52763385146807,1,0.0,0.14900782655276767,0.04388437741037148,1776423130.6307507,5,/Users/kimsumin/projects/RGMC/data/map/robot19/images/0092.png,/Users/kimsumin/projects/RGMC/data/map/robot19/overlays/0092_overlay.png,/Users/kimsumin/projects/RGMC/data/map/robot19/masks/0092_mask.png
93,0.793125,0.0625,0.0,555.6347457627119,393.5752733389403,1,0.0,0.1662763936000068,0.06775119562496722,1776423142.4989412,5,/Users/kimsumin/projects/RGMC/data/map/robot19/images/0093.png,/Users/kimsumin/projects/RGMC/data/map/robot19/overlays/0093_overlay.png,/Users/kimsumin/projects/RGMC/data/map/robot19/masks/0093_mask.png
94,0.8225,0.0625,0.0,555.7756778964667,407.435593220339,1,0.0,0.11719214616044567,0.04823920928404061,1776423154.47812,5,/Users/kimsumin/projects/RGMC/data/map/robot19/images/0094.png,/Users/kimsumin/projects/RGMC/data/map/robot19/overlays/0094_overlay.png,/Users/kimsumin/projects/RGMC/data/map/robot19/masks/0094_mask.png
95,0.8518749999999999,0.0625,0.0,555.8674080410607,421.0947098976109,1,0.0,0.15532951720720667,0.05169991376752407,1776423166.9728198,5,/Users/kimsumin/projects/RGMC/data/map/robot19/images/0095.png,/Users/kimsumin/projects/RGMC/data/map/robot19/overlays/0095_overlay.png,/Users/kimsumin/projects/RGMC/data/map/robot19/masks/0095_mask.png
96,0.88125,0.0625,0.0,555.8487115544472,434.0693069306931,1,0.0,0.0386561956795056,0.06528384565734388,1776423179.668801,5,/Users/kimsumin/projects/RGMC/data/map/robot19/images/0096.png,/Users/kimsumin/projects/RGMC/data/map/robot19/overlays/0096_overlay.png,/Users/kimsumin/projects/RGMC/data/map/robot19/masks/0096_mask.png
97,0.9106249999999999,0.0625,0.0,555.4119106699752,447.8516393442623,1,0.0,0.19739494840673452,0.024969060645505317,1776423191.445957,5,/Users/kimsumin/projects/RGMC/data/map/robot19/images/0097.png,/Users/kimsumin/projects/RGMC/data/map/robot19/overlays/0097_overlay.png,/Users/kimsumin/projects/RGMC/data/map/robot19/masks/0097_mask.png
98,0.94,0.0625,0.0,555.8082545141874,460.7463330457291,1,0.0,0.03981600697869104,0.034932475326060385,1776423202.9204633,5,/Users/kimsumin/projects/RGMC/data/map/robot19/images/0098.png,/Users/kimsumin/projects/RGMC/data/map/robot19/overlays/0098_overlay.png,/Users/kimsumin/projects/RGMC/data/map/robot19/masks/0098_mask.png
99,0.94,0.09375,0.0,541.4,460.674358974359,1,0.0,0.04962898835232452,0.03237963914627154,1776423214.5886505,5,/Users/kimsumin/projects/RGMC/data/map/robot19/images/0099.png,/Users/kimsumin/projects/RGMC/data/map/robot19/overlays/0099_overlay.png,/Users/kimsumin/projects/RGMC/data/map/robot19/masks/0099_mask.png
100,0.9106249999999999,0.09375,0.0,541.0687450039968,447.45068163592623,1,0.0,0.15342627218119603,0.06807134349261966,1776423226.989753,5,/Users/kimsumin/projects/RGMC/data/map/robot19/images/0100.png,/Users/kimsumin/projects/RGMC/data/map/robot19/overlays/0100_overlay.png,/Users/kimsumin/projects/RGMC/data/map/robot19/masks/0100_mask.png
101,0.88125,0.09375,0.0,541.4927536231884,434.18196457326894,1,0.0,0.03811589350771812,0.12283065960740439,1776423239.1629357,5,/Users/kimsumin/projects/RGMC/data/map/robot19/images/0101.png,/Users/kimsumin/projects/RGMC/data/map/robot19/overlays/0101_overlay.png,/Users/kimsumin/projects/RGMC/data/map/robot19/masks/0101_mask.png
102,0.8518749999999999,0.09375,0.0,541.4487284659557,421.1046128500824,1,0.0,0.049260196680163584,0.02418973321257837,1776423252.068377,5,/Users/kimsumin/projects/RGMC/data/map/robot19/images/0102.png,/Users/kimsumin/projects/RGMC/data/map/robot19/overlays/0102_overlay.png,/Users/kimsumin/projects/RGMC/data/map/robot19/masks/0102_mask.png
103,0.8225,0.09375,0.0,540.6569282136895,407.37121831561734,1,0.0,0.05614402274150055,0.10090477166483289,1776423264.2538183,5,/Users/kimsumin/projects/RGMC/data/map/robot19/images/0103.png,/Users/kimsumin/projects/RGMC/data/map/robot19/overlays/0103_overlay.png,/Users/kimsumin/projects/RGMC/data/map/robot19/masks/0103_mask.png
104,0.793125,0.09375,0.0,540.8820083682008,393.755016722408,1,0.0,0.08983500295471386,0.03225873164260321,1776423276.5550733,5,/Users/kimsumin/projects/RGMC/data/map/robot19/images/0104.png,/Users/kimsumin/projects/RGMC/data/map/robot19/overlays/0104_overlay.png,/Users/kimsumin/projects/RGMC/data/map/robot19/masks/0104_mask.png
105,0.7637499999999999,0.09375,0.0,542.4496937882765,380.5420315236427,1,0.0,0.04883265923314433,0.04441619150546115,1776423288.418296,5,/Users/kimsumin/projects/RGMC/data/map/robot19/images/0105.png,/Users/kimsumin/projects/RGMC/data/map/robot19/overlays/0105_overlay.png,/Users/kimsumin/projects/RGMC/data/map/robot19/masks/0105_mask.png
106,0.734375,0.09375,0.0,540.6294754371357,366.5489539748954,1,0.0,0.4986433008858775,0.058249918191815735,1776423300.0970988,5,/Users/kimsumin/projects/RGMC/data/map/robot19/images/0106.png,/Users/kimsumin/projects/RGMC/data/map/robot19/overlays/0106_overlay.png,/Users/kimsumin/projects/RGMC/data/map/robot19/masks/0106_mask.png
107,0.705,0.09375,0.0,541.8891566265061,353.5758785942492,1,0.0,0.05521672320169852,0.08095829734182743,1776423313.4062905,5,/Users/kimsumin/projects/RGMC/data/map/robot19/images/0107.png,/Users/kimsumin/projects/RGMC/data/map/robot19/overlays/0107_overlay.png,/Users/kimsumin/projects/RGMC/data/map/robot19/masks/0107_mask.png
108,0.6756249999999999,0.09375,0.0,542.7607973421927,339.93305785123965,1,0.0,0.06426310691634678,0.06472498968119689,1776423325.0748193,5,/Users/kimsumin/projects/RGMC/data/map/robot19/images/0108.png,/Users/kimsumin/projects/RGMC/data/map/robot19/overlays/0108_overlay.png,/Users/kimsumin/projects/RGMC/data/map/robot19/masks/0108_mask.png
109,0.64625,0.09375,0.0,542.8126582278481,326.13746856663874,1,0.0,0.36163311174011226,0.031061442912978736,1776423336.8552606,5,/Users/kimsumin/projects/RGMC/data/map/robot19/images/0109.png,/Users/kimsumin/projects/RGMC/data/map/robot19/overlays/0109_overlay.png,/Users/kimsumin/projects/RGMC/data/map/robot19/masks/0109_mask.png
110,0.616875,0.09375,0.0,542.8934563758389,313.40619765494137,1,0.0,0.05076099503022637,0.10642072268589677,1776423348.8340666,5,/Users/kimsumin/projects/RGMC/data/map/robot19/images/0110.png,/Users/kimsumin/projects/RGMC/data/map/robot19/overlays/0110_overlay.png,/Users/kimsumin/projects/RGMC/data/map/robot19/masks/0110_mask.png
111,0.5874999999999999,0.09375,0.0,543.3833049403748,300.27725321888414,1,0.0,0.014705086733223816,0.04008589465505738,1776423363.0655105,5,/Users/kimsumin/projects/RGMC/data/map/robot19/images/0111.png,/Users/kimsumin/projects/RGMC/data/map/robot19/overlays/0111_overlay.png,/Users/kimsumin/projects/RGMC/data/map/robot19/masks/0111_mask.png
112,0.558125,0.09375,0.0,543.5913621262458,286.47963424771405,1,0.0,0.007361440921802927,0.02017441110330527,1776423375.9703074,5,/Users/kimsumin/projects/RGMC/data/map/robot19/images/0112.png,/Users/kimsumin/projects/RGMC/data/map/robot19/overlays/0112_overlay.png,/Users/kimsumin/projects/RGMC/data/map/robot19/masks/0112_mask.png
113,0.5287499999999999,0.09375,0.0,544.3545597484276,274.08855799373043,1,0.0,0.04371329433693772,0.01843656299072128,1776423388.5637984,5,/Users/kimsumin/projects/RGMC/data/map/robot19/images/0113.png,/Users/kimsumin/projects/RGMC/data/map/robot19/overlays/0113_overlay.png,/Users/kimsumin/projects/RGMC/data/map/robot19/masks/0113_mask.png
114,0.49937499999999996,0.09375,0.0,544.4743178170145,260.65314240254577,1,0.0,0.04027368072853492,0.036804750456253116,1776423400.5461345,5,/Users/kimsumin/projects/RGMC/data/map/robot19/images/0114.png,/Users/kimsumin/projects/RGMC/data/map/robot19/overlays/0114_overlay.png,/Users/kimsumin/projects/RGMC/data/map/robot19/masks/0114_mask.png
115,0.47,0.09375,0.0,543.6276595744681,247.35447154471544,1,0.0,0.0394819495090971,0.02940029196178464,1776423412.744691,5,/Users/kimsumin/projects/RGMC/data/map/robot19/images/0115.png,/Users/kimsumin/projects/RGMC/data/map/robot19/overlays/0115_overlay.png,/Users/kimsumin/projects/RGMC/data/map/robot19/masks/0115_mask.png
116,0.440625,0.09375,0.0,543.6813278008299,234.28678929765886,1,0.0,0.04160595888896896,0.05354193932594494,1776423424.614269,5,/Users/kimsumin/projects/RGMC/data/map/robot19/images/0116.png,/Users/kimsumin/projects/RGMC/data/map/robot19/overlays/0116_overlay.png,/Users/kimsumin/projects/RGMC/data/map/robot19/masks/0116_mask.png
117,0.41125,0.09375,0.0,543.9991617770327,221.07795473595976,1,0.0,0.04324576711708948,0.055464764437195446,1776423436.5947447,5,/Users/kimsumin/projects/RGMC/data/map/robot19/images/0117.png,/Users/kimsumin/projects/RGMC/data/map/robot19/overlays/0117_overlay.png,/Users/kimsumin/projects/RGMC/data/map/robot19/masks/0117_mask.png
118,0.38187499999999996,0.09375,0.0,544.8907363420427,207.5134281200632,1,0.0,0.05656523954407109,0.056464759511260995,1776423448.4734213,5,/Users/kimsumin/projects/RGMC/data/map/robot19/images/0118.png,/Users/kimsumin/projects/RGMC/data/map/robot19/overlays/0118_overlay.png,/Users/kimsumin/projects/RGMC/data/map/robot19/masks/0118_mask.png
119,0.3525,0.09375,0.0,544.9018003273322,194.5260586319218,1,0.0,0.06495336119652213,0.07975595308220057,1776423460.7610667,5,/Users/kimsumin/projects/RGMC/data/map/robot19/images/0119.png,/Users/kimsumin/projects/RGMC/data/map/robot19/overlays/0119_overlay.png,/Users/kimsumin/projects/RGMC/data/map/robot19/masks/0119_mask.png
120,0.323125,0.09375,0.0,544.6937919463087,181.32608695652175,1,0.0,0.03688021913598928,0.021774718882948647,1776423472.4350076,5,/Users/kimsumin/projects/RGMC/data/map/robot19/images/0120.png,/Users/kimsumin/projects/RGMC/data/map/robot19/overlays/0120_overlay.png,/Users/kimsumin/projects/RGMC/data/map/robot19/masks/0120_mask.png
121,0.29374999999999996,0.09375,0.0,545.1014131338321,168.52955870108244,1,0.0,0.07449427135059848,0.050962055747777624,1776423484.51387,5,/Users/kimsumin/projects/RGMC/data/map/robot19/images/0121.png,/Users/kimsumin/projects/RGMC/data/map/robot19/overlays/0121_overlay.png,/Users/kimsumin/projects/RGMC/data/map/robot19/masks/0121_mask.png
122,0.26437499999999997,0.09375,0.0,545.23259762309,155.63713798977852,1,0.0,0.04095353133015714,0.05935015072293246,1776423496.3977334,5,/Users/kimsumin/projects/RGMC/data/map/robot19/images/0122.png,/Users/kimsumin/projects/RGMC/data/map/robot19/overlays/0122_overlay.png,/Users/kimsumin/projects/RGMC/data/map/robot19/masks/0122_mask.png
123,0.235,0.09375,0.0,545.5906480721903,142.08613617719442,1,0.0,0.042502290198526776,0.008335713713204754,1776423508.274793,5,/Users/kimsumin/projects/RGMC/data/map/robot19/images/0123.png,/Users/kimsumin/projects/RGMC/data/map/robot19/overlays/0123_overlay.png,/Users/kimsumin/projects/RGMC/data/map/robot19/masks/0123_mask.png
124,0.205625,0.09375,0.0,545.7223140495868,129.28228476821192,1,0.0,0.36314886411625624,0.04205979308374704,1776423520.257699,5,/Users/kimsumin/projects/RGMC/data/map/robot19/images/0124.png,/Users/kimsumin/projects/RGMC/data/map/robot19/overlays/0124_overlay.png,/Users/kimsumin/projects/RGMC/data/map/robot19/masks/0124_mask.png
125,0.17625,0.09375,0.0,546.8568935427575,116.27454387489139,1,0.0,0.04591503668289057,0.025482335340705715,1776423532.2493103,5,/Users/kimsumin/projects/RGMC/data/map/robot19/images/0125.png,/Users/kimsumin/projects/RGMC/data/map/robot19/overlays/0125_overlay.png,/Users/kimsumin/projects/RGMC/data/map/robot19/masks/0125_mask.png
126,0.14687499999999998,0.09375,0.0,547.1391450125733,102.55283178360101,1,0.0,0.04241049705508467,0.08525778901107765,1776423544.3198771,5,/Users/kimsumin/projects/RGMC/data/map/robot19/images/0126.png,/Users/kimsumin/projects/RGMC/data/map/robot19/overlays/0126_overlay.png,/Users/kimsumin/projects/RGMC/data/map/robot19/masks/0126_mask.png
127,0.1175,0.09375,0.0,547.1730103806228,89.57785467128028,1,0.0,0.015524990773633585,0.04611522628559877,1776423556.6168463,5,/Users/kimsumin/projects/RGMC/data/map/robot19/images/0127.png,/Users/kimsumin/projects/RGMC/data/map/robot19/overlays/0127_overlay.png,/Users/kimsumin/projects/RGMC/data/map/robot19/masks/0127_mask.png
128,0.088125,0.09375,0.0,547.4251497005988,77.08383233532935,1,0.0,0.02334241910190766,0.10035444758339811,1776423569.3110068,5,/Users/kimsumin/projects/RGMC/data/map/robot19/images/0128.png,/Users/kimsumin/projects/RGMC/data/map/robot19/overlays/0128_overlay.png,/Users/kimsumin/projects/RGMC/data/map/robot19/masks/0128_mask.png
129,0.05875,0.09375,0.0,547.5449826989619,64.22547332185886,1,0.0,0.014450613639800757,0.07645569313522625,1776423580.9804623,5,/Users/kimsumin/projects/RGMC/data/map/robot19/images/0129.png,/Users/kimsumin/projects/RGMC/data/map/robot19/overlays/0129_overlay.png,/Users/kimsumin/projects/RGMC/data/map/robot19/masks/0129_mask.png
130,0.029375,0.09375,0.0,547.4918173987942,50.123931623931625,1,0.0,0.025356672013690875,0.09153425710748829,1776423592.8702075,5,/Users/kimsumin/projects/RGMC/data/map/robot19/images/0130.png,/Users/kimsumin/projects/RGMC/data/map/robot19/overlays/0130_overlay.png,/Users/kimsumin/projects/RGMC/data/map/robot19/masks/0130_mask.png
131,0.0,0.09375,0.0,547.8570219966159,37.61844331641286,1,0.0,0.10099919715249228,0.07087773560715697,1776423604.529886,5,/Users/kimsumin/projects/RGMC/data/map/robot19/images/0131.png,/Users/kimsumin/projects/RGMC/data/map/robot19/overlays/0131_overlay.png,/Users/kimsumin/projects/RGMC/data/map/robot19/masks/0131_mask.png
132,0.0,0.125,0.0,534.2981530343008,37.20804195804196,1,0.0,0.03801749435639856,0.03672064285926065,1776423616.6120882,5,/Users/kimsumin/projects/RGMC/data/map/robot19/images/0132.png,/Users/kimsumin/projects/RGMC/data/map/robot19/overlays/0132_overlay.png,/Users/kimsumin/projects/RGMC/data/map/robot19/masks/0132_mask.png
133,0.029375,0.125,0.0,533.0734323432343,49.99917491749175,1,0.0,0.11540201436703827,0.0451453943400375,1776423628.0844889,5,/Users/kimsumin/projects/RGMC/data/map/robot19/images/0133.png,/Users/kimsumin/projects/RGMC/data/map/robot19/overlays/0133_overlay.png,/Users/kimsumin/projects/RGMC/data/map/robot19/masks/0133_mask.png
134,0.05875,0.125,0.0,532.2223154362416,62.75084175084175,1,0.0,0.15101263515264635,0.052091910146602555,1776423640.067874,5,/Users/kimsumin/projects/RGMC/data/map/robot19/images/0134.png,/Users/kimsumin/projects/RGMC/data/map/robot19/overlays/0134_overlay.png,/Users/kimsumin/projects/RGMC/data/map/robot19/masks/0134_mask.png
135,0.088125,0.125,0.0,533.0490596892886,76.89452166802944,1,0.0,0.052969158852318815,0.08938043571446005,1776423652.2530665,5,/Users/kimsumin/projects/RGMC/data/map/robot19/images/0135.png,/Users/kimsumin/projects/RGMC/data/map/robot19/overlays/0135_overlay.png,/Users/kimsumin/projects/RGMC/data/map/robot19/masks/0135_mask.png
136,0.1175,0.125,0.0,532.1940928270042,89.44050632911393,1,0.0,0.030563422646873187,0.042432323408819396,1776423666.7983854,5,/Users/kimsumin/projects/RGMC/data/map/robot19/images/0136.png,/Users/kimsumin/projects/RGMC/data/map/robot19/overlays/0136_overlay.png,/Users/kimsumin/projects/RGMC/data/map/robot19/masks/0136_mask.png
137,0.14687499999999998,0.125,0.0,531.9748953974895,101.97906197654942,1,0.0,0.10365278891239726,0.11049985612907767,1776423678.7670693,5,/Users/kimsumin/projects/RGMC/data/map/robot19/images/0137.png,/Users/kimsumin/projects/RGMC/data/map/robot19/overlays/0137_overlay.png,/Users/kimsumin/projects/RGMC/data/map/robot19/masks/0137_mask.png
138,0.17625,0.125,0.0,531.7691652470187,116.1098807495741,1,0.0,0.02484746814687747,0.07736871122833228,1776423690.6471515,5,/Users/kimsumin/projects/RGMC/data/map/robot19/images/0138.png,/Users/kimsumin/projects/RGMC/data/map/robot19/overlays/0138_overlay.png,/Users/kimsumin/projects/RGMC/data/map/robot19/masks/0138_mask.png
139,0.205625,0.125,0.0,531.6173469387755,128.64965986394557,1,0.0,0.06559578329289976,0.06555298610632457,1776423702.6321738,5,/Users/kimsumin/projects/RGMC/data/map/robot19/images/0139.png,/Users/kimsumin/projects/RGMC/data/map/robot19/overlays/0139_overlay.png,/Users/kimsumin/projects/RGMC/data/map/robot19/masks/0139_mask.png
140,0.235,0.125,0.0,531.5857142857143,141.65857740585773,1,0.0,0.07743725167219555,0.05932726659783737,1776423714.9203525,5,/Users/kimsumin/projects/RGMC/data/map/robot19/images/0140.png,/Users/kimsumin/projects/RGMC/data/map/robot19/overlays/0140_overlay.png,/Users/kimsumin/projects/RGMC/data/map/robot19/masks/0140_mask.png
141,0.26437499999999997,0.125,0.0,531.2143467122117,154.33817250213494,1,0.0,0.06993388770868585,0.0840571886537733,1776423726.5933044,5,/Users/kimsumin/projects/RGMC/data/map/robot19/images/0141.png,/Users/kimsumin/projects/RGMC/data/map/robot19/overlays/0141_overlay.png,/Users/kimsumin/projects/RGMC/data/map/robot19/masks/0141_mask.png
142,0.29374999999999996,0.125,0.0,531.2220338983051,168.23220338983052,1,0.0,0.04304207718434198,0.042077922427652084,1776423738.267943,5,/Users/kimsumin/projects/RGMC/data/map/robot19/images/0142.png,/Users/kimsumin/projects/RGMC/data/map/robot19/overlays/0142_overlay.png,/Users/kimsumin/projects/RGMC/data/map/robot19/masks/0142_mask.png
143,0.323125,0.125,0.0,531.3261231281198,181.2287853577371,1,0.0,0.017435456550291963,0.0323011632031473,1776423750.466354,5,/Users/kimsumin/projects/RGMC/data/map/robot19/images/0143.png,/Users/kimsumin/projects/RGMC/data/map/robot19/overlays/0143_overlay.png,/Users/kimsumin/projects/RGMC/data/map/robot19/masks/0143_mask.png
144,0.3525,0.125,0.0,531.0571909167368,193.75271512113616,1,0.0,0.045499812118426804,0.037957791220387935,1776423762.4329963,5,/Users/kimsumin/projects/RGMC/data/map/robot19/images/0144.png,/Users/kimsumin/projects/RGMC/data/map/robot19/overlays/0144_overlay.png,/Users/kimsumin/projects/RGMC/data/map/robot19/masks/0144_mask.png
145,0.38187499999999996,0.125,0.0,530.9551867219917,206.68351284175642,1,0.0,0.05531379419009133,0.058038967754659554,1776423774.2105427,5,/Users/kimsumin/projects/RGMC/data/map/robot19/images/0145.png,/Users/kimsumin/projects/RGMC/data/map/robot19/overlays/0145_overlay.png,/Users/kimsumin/projects/RGMC/data/map/robot19/masks/0145_mask.png
146,0.41125,0.125,0.0,529.2139848357203,220.31186440677965,1,0.0,0.08800029337131966,0.08976215864424561,1776423786.0898664,5,/Users/kimsumin/projects/RGMC/data/map/robot19/images/0146.png,/Users/kimsumin/projects/RGMC/data/map/robot19/overlays/0146_overlay.png,/Users/kimsumin/projects/RGMC/data/map/robot19/masks/0146_mask.png
147,0.440625,0.125,0.0,529.2215088282504,233.55977382875605,1,0.0,0.06512926314679086,0.033301555212539455,1776423797.9654057,5,/Users/kimsumin/projects/RGMC/data/map/robot19/images/0147.png,/Users/kimsumin/projects/RGMC/data/map/robot19/overlays/0147_overlay.png,/Users/kimsumin/projects/RGMC/data/map/robot19/masks/0147_mask.png
148,0.47,0.125,0.0,529.6129807692307,246.74422310756972,1,0.0,0.04976489932763311,0.05019363553471498,1776423809.5347779,5,/Users/kimsumin/projects/RGMC/data/map/robot19/images/0148.png,/Users/kimsumin/projects/RGMC/data/map/robot19/overlays/0148_overlay.png,/Users/kimsumin/projects/RGMC/data/map/robot19/masks/0148_mask.png
149,0.49937499999999996,0.125,0.0,529.408245755861,260.36223662884925,1,0.0,0.04904849326340636,0.08176791750927942,1776423821.5165706,5,/Users/kimsumin/projects/RGMC/data/map/robot19/images/0149.png,/Users/kimsumin/projects/RGMC/data/map/robot19/overlays/0149_overlay.png,/Users/kimsumin/projects/RGMC/data/map/robot19/masks/0149_mask.png
150,0.5287499999999999,0.125,0.0,529.2592891760904,273.33764135702745,1,0.0,0.025217545410976445,0.04080679038988631,1776423833.4988854,5,/Users/kimsumin/projects/RGMC/data/map/robot19/images/0150.png,/Users/kimsumin/projects/RGMC/data/map/robot19/overlays/0150_overlay.png,/Users/kimsumin/projects/RGMC/data/map/robot19/masks/0150_mask.png
151,0.558125,0.125,0.0,529.308426073132,286.07380952380953,1,0.0,0.05549912266295251,0.01642247419971571,1776423845.789061,5,/Users/kimsumin/projects/RGMC/data/map/robot19/images/0151.png,/Users/kimsumin/projects/RGMC/data/map/robot19/overlays/0151_overlay.png,/Users/kimsumin/projects/RGMC/data/map/robot19/masks/0151_mask.png
152,0.5874999999999999,0.125,0.0,528.9592833876221,299.0097719869707,1,0.0,0.08747819522822212,0.07599670171091268,1776423857.667961,5,/Users/kimsumin/projects/RGMC/data/map/robot19/images/0152.png,/Users/kimsumin/projects/RGMC/data/map/robot19/overlays/0152_overlay.png,/Users/kimsumin/projects/RGMC/data/map/robot19/masks/0152_mask.png
153,0.616875,0.125,0.0,527.9453458582408,312.9045996592845,1,0.0,0.05203552940472431,0.04405304276375185,1776423870.7707217,5,/Users/kimsumin/projects/RGMC/data/map/robot19/images/0153.png,/Users/kimsumin/projects/RGMC/data/map/robot19/overlays/0153_overlay.png,/Users/kimsumin/projects/RGMC/data/map/robot19/masks/0153_mask.png
154,0.64625,0.125,0.0,528.0413564929694,325.92892561983473,1,0.0,0.005877117259504866,0.00827035885862288,1776423882.6621177,5,/Users/kimsumin/projects/RGMC/data/map/robot19/images/0154.png,/Users/kimsumin/projects/RGMC/data/map/robot19/overlays/0154_overlay.png,/Users/kimsumin/projects/RGMC/data/map/robot19/masks/0154_mask.png
155,0.6756249999999999,0.125,0.0,527.9770114942529,339.3817733990148,1,0.0,0.028179788532457183,0.06516721891639156,1776423894.3267622,5,/Users/kimsumin/projects/RGMC/data/map/robot19/images/0155.png,/Users/kimsumin/projects/RGMC/data/map/robot19/overlays/0155_overlay.png,/Users/kimsumin/projects/RGMC/data/map/robot19/masks/0155_mask.png
156,0.705,0.125,0.0,527.9677152317881,353.02662229617306,1,0.0,0.02656749675917335,0.39683199168005495,1776423906.519254,5,/Users/kimsumin/projects/RGMC/data/map/robot19/images/0156.png,/Users/kimsumin/projects/RGMC/data/map/robot19/overlays/0156_overlay.png,/Users/kimsumin/projects/RGMC/data/map/robot19/masks/0156_mask.png
157,0.734375,0.125,0.0,527.7917355371901,365.9002493765586,1,0.0,0.047383431044185347,0.11870228904652629,1776423918.2987812,5,/Users/kimsumin/projects/RGMC/data/map/robot19/images/0157.png,/Users/kimsumin/projects/RGMC/data/map/robot19/overlays/0157_overlay.png,/Users/kimsumin/projects/RGMC/data/map/robot19/masks/0157_mask.png
158,0.7637499999999999,0.125,0.0,527.792340425532,379.4138775510204,1,0.0,0.011058557612363436,0.32525026784949995,1776423929.8608663,5,/Users/kimsumin/projects/RGMC/data/map/robot19/images/0158.png,/Users/kimsumin/projects/RGMC/data/map/robot19/overlays/0158_overlay.png,/Users/kimsumin/projects/RGMC/data/map/robot19/masks/0158_mask.png
159,0.793125,0.125,0.0,527.6980198019802,393.4401993355482,1,0.0,0.03993770861178007,0.056659879801891785,1776423941.9449046,5,/Users/kimsumin/projects/RGMC/data/map/robot19/images/0159.png,/Users/kimsumin/projects/RGMC/data/map/robot19/overlays/0159_overlay.png,/Users/kimsumin/projects/RGMC/data/map/robot19/masks/0159_mask.png
160,0.8225,0.125,0.0,527.6029055690072,406.72402597402595,1,0.0,0.01712395443785694,0.05076103938762236,1776423953.8193667,5,/Users/kimsumin/projects/RGMC/data/map/robot19/images/0160.png,/Users/kimsumin/projects/RGMC/data/map/robot19/overlays/0160_overlay.png,/Users/kimsumin/projects/RGMC/data/map/robot19/masks/0160_mask.png
161,0.8518749999999999,0.125,0.0,527.4578111946533,420.698915763136,1,0.0,0.053187605104495356,0.039586664561979075,1776423965.699258,5,/Users/kimsumin/projects/RGMC/data/map/robot19/images/0161.png,/Users/kimsumin/projects/RGMC/data/map/robot19/overlays/0161_overlay.png,/Users/kimsumin/projects/RGMC/data/map/robot19/masks/0161_mask.png
162,0.88125,0.125,0.0,527.223341729639,433.55059021922426,1,0.0,0.03342558836968296,0.04221656672013339,1776423977.2734404,5,/Users/kimsumin/projects/RGMC/data/map/robot19/images/0162.png,/Users/kimsumin/projects/RGMC/data/map/robot19/overlays/0162_overlay.png,/Users/kimsumin/projects/RGMC/data/map/robot19/masks/0162_mask.png
163,0.9106249999999999,0.125,0.0,527.163961038961,447.10795454545456,1,0.0,0.02753864010306597,0.01370540830565637,1776423989.5599356,5,/Users/kimsumin/projects/RGMC/data/map/robot19/images/0163.png,/Users/kimsumin/projects/RGMC/data/map/robot19/overlays/0163_overlay.png,/Users/kimsumin/projects/RGMC/data/map/robot19/masks/0163_mask.png
164,0.94,0.125,0.0,527.1927710843373,460.5176268271711,1,0.0,0.020786252108561585,0.027944630359013494,1776424001.7452338,5,/Users/kimsumin/projects/RGMC/data/map/robot19/images/0164.png,/Users/kimsumin/projects/RGMC/data/map/robot19/overlays/0164_overlay.png,/Users/kimsumin/projects/RGMC/data/map/robot19/masks/0164_mask.png
165,0.94,0.15625,0.0,511.96051502145923,460.2041343669251,1,0.0,0.04875614592167901,0.03147175911671266,1776424013.3177555,5,/Users/kimsumin/projects/RGMC/data/map/robot19/images/0165.png,/Users/kimsumin/projects/RGMC/data/map/robot19/overlays/0165_overlay.png,/Users/kimsumin/projects/RGMC/data/map/robot19/masks/0165_mask.png
166,0.9106249999999999,0.15625,0.0,511.80290791599356,447.1629392971246,1,0.0,0.03211729752121055,0.05052367159564723,1776424025.3996184,5,/Users/kimsumin/projects/RGMC/data/map/robot19/images/0166.png,/Users/kimsumin/projects/RGMC/data/map/robot19/overlays/0166_overlay.png,/Users/kimsumin/projects/RGMC/data/map/robot19/masks/0166_mask.png
167,0.88125,0.15625,0.0,512.0777591973244,433.4164546225615,1,0.0,0.043587691958542486,0.044184991950072805,1776424038.7105484,5,/Users/kimsumin/projects/RGMC/data/map/robot19/images/0167.png,/Users/kimsumin/projects/RGMC/data/map/robot19/overlays/0167_overlay.png,/Users/kimsumin/projects/RGMC/data/map/robot19/masks/0167_mask.png
168,0.8518749999999999,0.15625,0.0,512.8909803921568,419.822695035461,1,0.0,0.04153533436057102,0.027751497658948982,1776424050.487435,5,/Users/kimsumin/projects/RGMC/data/map/robot19/images/0168.png,/Users/kimsumin/projects/RGMC/data/map/robot19/overlays/0168_overlay.png,/Users/kimsumin/projects/RGMC/data/map/robot19/masks/0168_mask.png
169,0.8225,0.15625,0.0,512.4161237785016,406.5620094191523,1,0.0,0.3622989338509287,0.07490771586740023,1776424062.4644024,5,/Users/kimsumin/projects/RGMC/data/map/robot19/images/0169.png,/Users/kimsumin/projects/RGMC/data/map/robot19/overlays/0169_overlay.png,/Users/kimsumin/projects/RGMC/data/map/robot19/masks/0169_mask.png
170,0.793125,0.15625,0.0,512.9547291835084,393.24171382376716,1,0.0,0.07759063667109094,0.04558579413165059,1776424075.06516,5,/Users/kimsumin/projects/RGMC/data/map/robot19/images/0170.png,/Users/kimsumin/projects/RGMC/data/map/robot19/overlays/0170_overlay.png,/Users/kimsumin/projects/RGMC/data/map/robot19/masks/0170_mask.png
171,0.7637499999999999,0.15625,0.0,513.3405572755418,379.4533538936006,1,0.0,0.09887297054195844,0.05814969387577904,1776424087.041404,5,/Users/kimsumin/projects/RGMC/data/map/robot19/images/0171.png,/Users/kimsumin/projects/RGMC/data/map/robot19/overlays/0171_overlay.png,/Users/kimsumin/projects/RGMC/data/map/robot19/masks/0171_mask.png
172,0.734375,0.15625,0.0,513.3832807570977,366.0204402515723,1,0.0,0.062215288641908034,0.12351199467038286,1776424099.2373488,5,/Users/kimsumin/projects/RGMC/data/map/robot19/images/0172.png,/Users/kimsumin/projects/RGMC/data/map/robot19/overlays/0172_overlay.png,/Users/kimsumin/projects/RGMC/data/map/robot19/masks/0172_mask.png
173,0.705,0.15625,0.0,513.3352226720648,353.0267206477733,1,0.0,0.062480470700048245,0.06432244875118241,1776424111.10816,5,/Users/kimsumin/projects/RGMC/data/map/robot19/images/0173.png,/Users/kimsumin/projects/RGMC/data/map/robot19/overlays/0173_overlay.png,/Users/kimsumin/projects/RGMC/data/map/robot19/masks/0173_mask.png
174,0.6756249999999999,0.15625,0.0,513.5709803921569,339.1850980392157,1,0.0,0.02919559066079313,0.07167599075958123,1776424123.8063893,5,/Users/kimsumin/projects/RGMC/data/map/robot19/images/0174.png,/Users/kimsumin/projects/RGMC/data/map/robot19/overlays/0174_overlay.png,/Users/kimsumin/projects/RGMC/data/map/robot19/masks/0174_mask.png
175,0.64625,0.15625,0.0,513.4393574297188,325.97758206565254,1,0.0,0.05279484529780797,0.03476956550962984,1776424135.6886866,5,/Users/kimsumin/projects/RGMC/data/map/robot19/images/0175.png,/Users/kimsumin/projects/RGMC/data/map/robot19/overlays/0175_overlay.png,/Users/kimsumin/projects/RGMC/data/map/robot19/masks/0175_mask.png
176,0.616875,0.15625,0.0,513.6785714285714,312.8995016611296,1,0.0,0.03615437704650163,0.013377314527711424,1776424147.6652634,5,/Users/kimsumin/projects/RGMC/data/map/robot19/images/0176.png,/Users/kimsumin/projects/RGMC/data/map/robot19/overlays/0176_overlay.png,/Users/kimsumin/projects/RGMC/data/map/robot19/masks/0176_mask.png
177,0.5874999999999999,0.15625,0.0,513.9853896103896,299.0836038961039,1,0.0,0.3042231720730241,0.05593709344953277,1776424159.3410263,5,/Users/kimsumin/projects/RGMC/data/map/robot19/images/0177.png,/Users/kimsumin/projects/RGMC/data/map/robot19/overlays/0177_overlay.png,/Users/kimsumin/projects/RGMC/data/map/robot19/masks/0177_mask.png
178,0.558125,0.15625,0.0,515.1670822942643,286.23607647547794,1,0.0,0.03868440226012738,0.03847571932763055,1776424171.0217557,5,/Users/kimsumin/projects/RGMC/data/map/robot19/images/0178.png,/Users/kimsumin/projects/RGMC/data/map/robot19/overlays/0178_overlay.png,/Users/kimsumin/projects/RGMC/data/map/robot19/masks/0178_mask.png
179,0.5287499999999999,0.15625,0.0,515.2847571189279,273.25857740585775,1,0.0,0.04833099948681391,0.03507582767586091,1776424184.3259737,5,/Users/kimsumin/projects/RGMC/data/map/robot19/images/0179.png,/Users/kimsumin/projects/RGMC/data/map/robot19/overlays/0179_overlay.png,/Users/kimsumin/projects/RGMC/data/map/robot19/masks/0179_mask.png
180,0.49937499999999996,0.15625,0.0,515.367294520548,260.1931330472103,1,0.0,0.02363929119716817,0.045073953590895714,1776424196.309406,5,/Users/kimsumin/projects/RGMC/data/map/robot19/images/0180.png,/Users/kimsumin/projects/RGMC/data/map/robot19/overlays/0180_overlay.png,/Users/kimsumin/projects/RGMC/data/map/robot19/masks/0180_mask.png
181,0.47,0.15625,0.0,515.5487603305785,246.57213520197857,1,0.0,0.01828252083704536,0.07814351483026795,1776424208.0835996,5,/Users/kimsumin/projects/RGMC/data/map/robot19/images/0181.png,/Users/kimsumin/projects/RGMC/data/map/robot19/overlays/0181_overlay.png,/Users/kimsumin/projects/RGMC/data/map/robot19/masks/0181_mask.png
182,0.440625,0.15625,0.0,515.2292191435769,233.57522859517871,1,0.0,0.03444522261693202,0.03847897027210391,1776424220.6755657,5,/Users/kimsumin/projects/RGMC/data/map/robot19/images/0182.png,/Users/kimsumin/projects/RGMC/data/map/robot19/overlays/0182_overlay.png,/Users/kimsumin/projects/RGMC/data/map/robot19/masks/0182_mask.png
183,0.41125,0.15625,0.0,515.4744341994971,220.87436332767402,1,0.0,0.058419792835647105,0.042644780854151076,1776424233.3788505,5,/Users/kimsumin/projects/RGMC/data/map/robot19/images/0183.png,/Users/kimsumin/projects/RGMC/data/map/robot19/overlays/0183_overlay.png,/Users/kimsumin/projects/RGMC/data/map/robot19/masks/0183_mask.png
184,0.38187499999999996,0.15625,0.0,515.6265457543282,206.73289365210223,1,0.0,0.03928903211846068,0.07988885634464678,1776424245.978888,5,/Users/kimsumin/projects/RGMC/data/map/robot19/images/0184.png,/Users/kimsumin/projects/RGMC/data/map/robot19/overlays/0184_overlay.png,/Users/kimsumin/projects/RGMC/data/map/robot19/masks/0184_mask.png
185,0.3525,0.15625,0.0,516.0249376558603,193.74297520661156,1,0.0,0.0899305961464357,0.08401998197832083,1776424257.949998,5,/Users/kimsumin/projects/RGMC/data/map/robot19/images/0185.png,/Users/kimsumin/projects/RGMC/data/map/robot19/overlays/0185_overlay.png,/Users/kimsumin/projects/RGMC/data/map/robot19/masks/0185_mask.png
186,0.323125,0.15625,0.0,516.5813559322033,180.93469041560644,1,0.0,0.11433066965529808,0.039376734594745985,1776428847.6698709,5,/Users/kimsumin/projects/RGMC/data/map/robot19/images/0186.png,/Users/kimsumin/projects/RGMC/data/map/robot19/overlays/0186_overlay.png,/Users/kimsumin/projects/RGMC/data/map/robot19/masks/0186_mask.png
187,0.29374999999999996,0.15625,0.0,516.5505254648343,168.25588952071487,1,0.0,0.12618905241851808,0.054266930181093076,1776428859.5517957,5,/Users/kimsumin/projects/RGMC/data/map/robot19/images/0187.png,/Users/kimsumin/projects/RGMC/data/map/robot19/overlays/0187_overlay.png,/Users/kimsumin/projects/RGMC/data/map/robot19/masks/0187_mask.png
188,0.26437499999999997,0.15625,0.0,517.2035977105478,154.4987735077678,1,0.0,0.2957006804664873,0.2708753248138336,1776428871.8406901,5,/Users/kimsumin/projects/RGMC/data/map/robot19/images/0188.png,/Users/kimsumin/projects/RGMC/data/map/robot19/overlays/0188_overlay.png,/Users/kimsumin/projects/RGMC/data/map/robot19/masks/0188_mask.png
189,0.235,0.15625,0.0,517.3224,141.5028157683025,1,0.0,0.07479898041823098,0.05609372980108308,1776428883.321252,5,/Users/kimsumin/projects/RGMC/data/map/robot19/images/0189.png,/Users/kimsumin/projects/RGMC/data/map/robot19/overlays/0189_overlay.png,/Users/kimsumin/projects/RGMC/data/map/robot19/masks/0189_mask.png
190,0.205625,0.15625,0.0,517.5669934640523,128.74959216965743,1,0.0,0.016530871930360028,0.02031996755085769,1776428894.7425494,5,/Users/kimsumin/projects/RGMC/data/map/robot19/images/0190.png,/Users/kimsumin/projects/RGMC/data/map/robot19/overlays/0190_overlay.png,/Users/kimsumin/projects/RGMC/data/map/robot19/masks/0190_mask.png
191,0.17625,0.15625,0.0,518.421697287839,116.17275747508306,1,0.0,0.41340252717422743,0.07288400278790826,1776428906.1976962,5,/Users/kimsumin/projects/RGMC/data/map/robot19/images/0191.png,/Users/kimsumin/projects/RGMC/data/map/robot19/overlays/0191_overlay.png,/Users/kimsumin/projects/RGMC/data/map/robot19/masks/0191_mask.png
192,0.14687499999999998,0.15625,0.0,518.8859797297297,102.089209855565,1,0.0,0.034301088337162666,0.05921855905936822,1776428917.7156377,5,/Users/kimsumin/projects/RGMC/data/map/robot19/images/0192.png,/Users/kimsumin/projects/RGMC/data/map/robot19/overlays/0192_overlay.png,/Users/kimsumin/projects/RGMC/data/map/robot19/masks/0192_mask.png
193,0.1175,0.15625,0.0,518.9798826487846,89.625,1,0.0,0.033292026923852434,0.03470657178106053,1776428929.2878232,5,/Users/kimsumin/projects/RGMC/data/map/robot19/images/0193.png,/Users/kimsumin/projects/RGMC/data/map/robot19/overlays/0193_overlay.png,/Users/kimsumin/projects/RGMC/data/map/robot19/masks/0193_mask.png
194,0.088125,0.15625,0.0,519.0730050933786,76.71416454622562,1,0.0,0.03179293121317357,0.019237139612648217,1776428940.9134164,5,/Users/kimsumin/projects/RGMC/data/map/robot19/images/0194.png,/Users/kimsumin/projects/RGMC/data/map/robot19/overlays/0194_overlay.png,/Users/kimsumin/projects/RGMC/data/map/robot19/masks/0194_mask.png
195,0.05875,0.15625,0.0,519.2396972245584,63.25941422594142,1,0.0,0.03690316057258049,0.06256273279727788,1776428953.2493565,5,/Users/kimsumin/projects/RGMC/data/map/robot19/images/0195.png,/Users/kimsumin/projects/RGMC/data/map/robot19/overlays/0195_overlay.png,/Users/kimsumin/projects/RGMC/data/map/robot19/masks/0195_mask.png
196,0.029375,0.15625,0.0,519.186598812553,50.11299915038233,1,0.0,0.04793163387952655,0.045585285980891566,1776428966.2020671,5,/Users/kimsumin/projects/RGMC/data/map/robot19/images/0196.png,/Users/kimsumin/projects/RGMC/data/map/robot19/overlays/0196_overlay.png,/Users/kimsumin/projects/RGMC/data/map/robot19/masks/0196_mask.png
197,0.0,0.15625,0.0,519.365120274914,37.0713058419244,1,0.0,0.05623690514270787,0.0705004664015797,1776428977.5164437,5,/Users/kimsumin/projects/RGMC/data/map/robot19/images/0197.png,/Users/kimsumin/projects/RGMC/data/map/robot19/overlays/0197_overlay.png,/Users/kimsumin/projects/RGMC/data/map/robot19/masks/0197_mask.png
198,0.0,0.1875,0.0,505.078348778433,37.163437236731255,1,0.0,0.03786224452195593,0.06523589518932885,1776428990.0097356,5,/Users/kimsumin/projects/RGMC/data/map/robot19/images/0198.png,/Users/kimsumin/projects/RGMC/data/map/robot19/overlays/0198_overlay.png,/Users/kimsumin/projects/RGMC/data/map/robot19/masks/0198_mask.png
199,0.029375,0.1875,0.0,504.2075149444919,49.800170794193,1,0.0,0.10273501779094754,0.06492786712951955,1776429001.5183988,5,/Users/kimsumin/projects/RGMC/data/map/robot19/images/0199.png,/Users/kimsumin/projects/RGMC/data/map/robot19/overlays/0199_overlay.png,/Users/kimsumin/projects/RGMC/data/map/robot19/masks/0199_mask.png
200,0.05875,0.1875,0.0,504.2592274678112,62.654935622317595,1,0.0,0.1650396527982703,0.11847867111895984,1776429013.7650602,5,/Users/kimsumin/projects/RGMC/data/map/robot19/images/0200.png,/Users/kimsumin/projects/RGMC/data/map/robot19/overlays/0200_overlay.png,/Users/kimsumin/projects/RGMC/data/map/robot19/masks/0200_mask.png
201,0.088125,0.1875,0.0,504.54269293924466,76.22305140961858,1,0.0,0.05349185922576125,0.04225653495708772,1776429025.830597,5,/Users/kimsumin/projects/RGMC/data/map/robot19/images/0201.png,/Users/kimsumin/projects/RGMC/data/map/robot19/overlays/0201_overlay.png,/Users/kimsumin/projects/RGMC/data/map/robot19/masks/0201_mask.png
202,0.1175,0.1875,0.0,504.0664395229983,88.88917306052856,1,0.0,0.027995876424513073,0.012498479438175805,1776429038.756578,5,/Users/kimsumin/projects/RGMC/data/map/robot19/images/0202.png,/Users/kimsumin/projects/RGMC/data/map/robot19/overlays/0202_overlay.png,/Users/kimsumin/projects/RGMC/data/map/robot19/masks/0202_mask.png
203,0.14687499999999998,0.1875,0.0,503.8171334431631,101.68590272052762,1,0.0,0.01245097221914651,0.012941621964156845,1776429050.3104923,5,/Users/kimsumin/projects/RGMC/data/map/robot19/images/0203.png,/Users/kimsumin/projects/RGMC/data/map/robot19/overlays/0203_overlay.png,/Users/kimsumin/projects/RGMC/data/map/robot19/masks/0203_mask.png
204,0.17625,0.1875,0.0,503.71075837742507,115.44159292035398,1,0.0,0.05789800803673861,0.06193965545712264,1776429063.023903,5,/Users/kimsumin/projects/RGMC/data/map/robot19/images/0204.png,/Users/kimsumin/projects/RGMC/data/map/robot19/overlays/0204_overlay.png,/Users/kimsumin/projects/RGMC/data/map/robot19/masks/0204_mask.png
205,0.205625,0.1875,0.0,503.467409948542,128.40137221269296,1,0.0,0.01667969014517097,0.020963404710927856,1776429077.3504076,5,/Users/kimsumin/projects/RGMC/data/map/robot19/images/0205.png,/Users/kimsumin/projects/RGMC/data/map/robot19/overlays/0205_overlay.png,/Users/kimsumin/projects/RGMC/data/map/robot19/masks/0205_mask.png
206,0.235,0.1875,0.0,503.3347141673571,141.01574150787076,1,0.0,0.01438352114805251,0.05066939403039805,1776429089.0349364,5,/Users/kimsumin/projects/RGMC/data/map/robot19/images/0206.png,/Users/kimsumin/projects/RGMC/data/map/robot19/overlays/0206_overlay.png,/Users/kimsumin/projects/RGMC/data/map/robot19/masks/0206_mask.png
207,0.26437499999999997,0.1875,0.0,503.24513947590873,153.94008438818565,1,0.0,0.010358518875540587,0.018583056186401693,1776429101.8318946,5,/Users/kimsumin/projects/RGMC/data/map/robot19/images/0207.png,/Users/kimsumin/projects/RGMC/data/map/robot19/overlays/0207_overlay.png,/Users/kimsumin/projects/RGMC/data/map/robot19/masks/0207_mask.png
208,0.29374999999999996,0.1875,0.0,503.04163126593033,166.5521523178808,1,0.0,0.04107273051016142,0.06306357381318112,1776429113.91421,5,/Users/kimsumin/projects/RGMC/data/map/robot19/images/0208.png,/Users/kimsumin/projects/RGMC/data/map/robot19/overlays/0208_overlay.png,/Users/kimsumin/projects/RGMC/data/map/robot19/masks/0208_mask.png
209,0.323125,0.1875,0.0,502.95840554592723,180.21157167530225,1,0.0,0.03787213691366889,0.037694714499795244,1776429125.640905,5,/Users/kimsumin/projects/RGMC/data/map/robot19/images/0209.png,/Users/kimsumin/projects/RGMC/data/map/robot19/overlays/0209_overlay.png,/Users/kimsumin/projects/RGMC/data/map/robot19/masks/0209_mask.png
210,0.3525,0.1875,0.0,502.2399299474606,193.1636045494313,1,0.0,0.036842897555925014,0.020741853730298732,1776429139.0039399,5,/Users/kimsumin/projects/RGMC/data/map/robot19/images/0210.png,/Users/kimsumin/projects/RGMC/data/map/robot19/overlays/0210_overlay.png,/Users/kimsumin/projects/RGMC/data/map/robot19/masks/0210_mask.png
211,0.38187499999999996,0.1875,0.0,501.6303571428571,205.8720508166969,1,0.0,0.11310431044133697,0.14943211884480534,1776429150.5728514,5,/Users/kimsumin/projects/RGMC/data/map/robot19/images/0211.png,/Users/kimsumin/projects/RGMC/data/map/robot19/overlays/0211_overlay.png,/Users/kimsumin/projects/RGMC/data/map/robot19/masks/0211_mask.png
212,0.41125,0.1875,0.0,501.2984693877551,220.1038626609442,1,0.0,0.06879870224338695,0.05310450531628472,1776429162.4564102,5,/Users/kimsumin/projects/RGMC/data/map/robot19/images/0212.png,/Users/kimsumin/projects/RGMC/data/map/robot19/overlays/0212_overlay.png,/Users/kimsumin/projects/RGMC/data/map/robot19/masks/0212_mask.png
213,0.440625,0.1875,0.0,500.86072874493925,233.1348497156783,1,0.0,0.05819353203315645,0.022790423992305995,1776429174.334647,5,/Users/kimsumin/projects/RGMC/data/map/robot19/images/0213.png,/Users/kimsumin/projects/RGMC/data/map/robot19/overlays/0213_overlay.png,/Users/kimsumin/projects/RGMC/data/map/robot19/masks/0213_mask.png
214,0.47,0.1875,0.0,501.029484029484,246.03276003276002,1,0.0,0.09576300028408263,0.06086184703305083,1776429186.5212946,5,/Users/kimsumin/projects/RGMC/data/map/robot19/images/0214.png,/Users/kimsumin/projects/RGMC/data/map/robot19/overlays/0214_overlay.png,/Users/kimsumin/projects/RGMC/data/map/robot19/masks/0214_mask.png
215,0.49937499999999996,0.1875,0.0,500.69565217391306,259.03937653814603,1,0.0,0.12608932515403778,0.2001520193790399,1776429198.3996315,5,/Users/kimsumin/projects/RGMC/data/map/robot19/images/0215.png,/Users/kimsumin/projects/RGMC/data/map/robot19/overlays/0215_overlay.png,/Users/kimsumin/projects/RGMC/data/map/robot19/masks/0215_mask.png
216,0.5287499999999999,0.1875,0.0,500.2794979079498,272.87886382623225,1,0.0,0.06947001413703191,0.03749688200538102,1776429210.3751333,5,/Users/kimsumin/projects/RGMC/data/map/robot19/images/0216.png,/Users/kimsumin/projects/RGMC/data/map/robot19/overlays/0216_overlay.png,/Users/kimsumin/projects/RGMC/data/map/robot19/masks/0216_mask.png
217,0.558125,0.1875,0.0,500.2982158028887,285.9177377892031,1,0.0,0.19828203232752198,0.03528395587743527,1776429222.4623828,5,/Users/kimsumin/projects/RGMC/data/map/robot19/images/0217.png,/Users/kimsumin/projects/RGMC/data/map/robot19/overlays/0217_overlay.png,/Users/kimsumin/projects/RGMC/data/map/robot19/masks/0217_mask.png
218,0.5874999999999999,0.1875,0.0,499.77973199329983,298.6005025125628,1,0.0,0.03479594456999342,0.015694691430771464,1776429234.439445,5,/Users/kimsumin/projects/RGMC/data/map/robot19/images/0218.png,/Users/kimsumin/projects/RGMC/data/map/robot19/overlays/0218_overlay.png,/Users/kimsumin/projects/RGMC/data/map/robot19/masks/0218_mask.png
219,0.616875,0.1875,0.0,499.59256128486896,312.70752324598476,1,0.0,0.03385560292397275,0.0462323658970481,1776429247.5487833,5,/Users/kimsumin/projects/RGMC/data/map/robot19/images/0219.png,/Users/kimsumin/projects/RGMC/data/map/robot19/overlays/0219_overlay.png,/Users/kimsumin/projects/RGMC/data/map/robot19/masks/0219_mask.png
220,0.64625,0.1875,0.0,499.357805907173,325.1722080136402,1,0.0,0.050809095007939606,0.044983326898713406,1776429259.528315,5,/Users/kimsumin/projects/RGMC/data/map/robot19/images/0220.png,/Users/kimsumin/projects/RGMC/data/map/robot19/overlays/0220_overlay.png,/Users/kimsumin/projects/RGMC/data/map/robot19/masks/0220_mask.png
221,0.6756249999999999,0.1875,0.0,499.4264214046823,338.7040133779264,1,0.0,0.023675379632354474,0.023228569561498758,1776429271.7170007,5,/Users/kimsumin/projects/RGMC/data/map/robot19/images/0221.png,/Users/kimsumin/projects/RGMC/data/map/robot19/overlays/0221_overlay.png,/Users/kimsumin/projects/RGMC/data/map/robot19/masks/0221_mask.png
222,0.705,0.1875,0.0,499.3268765133172,352.00161420500405,1,0.0,0.02186066821507115,0.031956848808974106,1776429283.0837898,5,/Users/kimsumin/projects/RGMC/data/map/robot19/images/0222.png,/Users/kimsumin/projects/RGMC/data/map/robot19/overlays/0222_overlay.png,/Users/kimsumin/projects/RGMC/data/map/robot19/masks/0222_mask.png
223,0.734375,0.1875,0.0,499.3311203319502,365.6863070539419,1,0.0,0.02116757009171696,0.0208784368450005,1776429295.1694846,5,/Users/kimsumin/projects/RGMC/data/map/robot19/images/0223.png,/Users/kimsumin/projects/RGMC/data/map/robot19/overlays/0223_overlay.png,/Users/kimsumin/projects/RGMC/data/map/robot19/masks/0223_mask.png
224,0.7637499999999999,0.1875,0.0,499.1204318936877,378.843853820598,1,0.0,0.021157159031797906,0.045618350255966285,1776429307.0426283,5,/Users/kimsumin/projects/RGMC/data/map/robot19/images/0224.png,/Users/kimsumin/projects/RGMC/data/map/robot19/overlays/0224_overlay.png,/Users/kimsumin/projects/RGMC/data/map/robot19/masks/0224_mask.png
225,0.793125,0.1875,0.0,499.0783034257749,391.96254071661235,1,0.0,0.009890516673890638,0.3157957780686087,1776429319.1294858,5,/Users/kimsumin/projects/RGMC/data/map/robot19/images/0225.png,/Users/kimsumin/projects/RGMC/data/map/robot19/overlays/0225_overlay.png,/Users/kimsumin/projects/RGMC/data/map/robot19/masks/0225_mask.png
226,0.8225,0.1875,0.0,499.09292763157896,405.92691029900334,1,0.0,0.05110631909951865,0.10422334751291353,1776429332.1330826,5,/Users/kimsumin/projects/RGMC/data/map/robot19/images/0226.png,/Users/kimsumin/projects/RGMC/data/map/robot19/overlays/0226_overlay.png,/Users/kimsumin/projects/RGMC/data/map/robot19/masks/0226_mask.png
227,0.8518749999999999,0.1875,0.0,499.0473469387755,419.3666666666667,1,0.0,0.06556970319681012,0.07698736253184085,1776429345.3531573,5,/Users/kimsumin/projects/RGMC/data/map/robot19/images/0227.png,/Users/kimsumin/projects/RGMC/data/map/robot19/overlays/0227_overlay.png,/Users/kimsumin/projects/RGMC/data/map/robot19/masks/0227_mask.png
228,0.88125,0.1875,0.0,498.72396274343777,433.1182432432432,1,0.0,0.29824082721057926,0.07375570250740657,1776429357.0149903,5,/Users/kimsumin/projects/RGMC/data/map/robot19/images/0228.png,/Users/kimsumin/projects/RGMC/data/map/robot19/overlays/0228_overlay.png,/Users/kimsumin/projects/RGMC/data/map/robot19/masks/0228_mask.png
229,0.9106249999999999,0.1875,0.0,497.7894736842105,446.2004792332268,1,0.0,0.469997617608673,0.21976784209118005,1776429368.7947714,5,/Users/kimsumin/projects/RGMC/data/map/robot19/images/0229.png,/Users/kimsumin/projects/RGMC/data/map/robot19/overlays/0229_overlay.png,/Users/kimsumin/projects/RGMC/data/map/robot19/masks/0229_mask.png
230,0.94,0.1875,0.0,498.59511784511784,459.00756302521006,1,0.0,0.41424206281796094,0.047882181969568824,1776429380.775835,5,/Users/kimsumin/projects/RGMC/data/map/robot19/images/0230.png,/Users/kimsumin/projects/RGMC/data/map/robot19/overlays/0230_overlay.png,/Users/kimsumin/projects/RGMC/data/map/robot19/masks/0230_mask.png
231,0.94,0.21875,0.0,483.7743288590604,459.2266217354676,1,0.0,0.028675757670390812,0.04872073044785751,1776429393.8944483,5,/Users/kimsumin/projects/RGMC/data/map/robot19/images/0231.png,/Users/kimsumin/projects/RGMC/data/map/robot19/overlays/0231_overlay.png,/Users/kimsumin/projects/RGMC/data/map/robot19/masks/0231_mask.png
232,0.9106249999999999,0.21875,0.0,483.6363636363636,446.11700336700335,1,0.0,0.021659548505181193,0.014922152170470328,1776429405.8609567,5,/Users/kimsumin/projects/RGMC/data/map/robot19/images/0232.png,/Users/kimsumin/projects/RGMC/data/map/robot19/overlays/0232_overlay.png,/Users/kimsumin/projects/RGMC/data/map/robot19/masks/0232_mask.png
233,0.88125,0.21875,0.0,483.4907251264755,433.04384485666105,1,0.0,0.0503290527054666,0.052749868033441685,1776429419.4797523,5,/Users/kimsumin/projects/RGMC/data/map/robot19/images/0233.png,/Users/kimsumin/projects/RGMC/data/map/robot19/overlays/0233_overlay.png,/Users/kimsumin/projects/RGMC/data/map/robot19/masks/0233_mask.png
234,0.8518749999999999,0.21875,0.0,484.0186536901865,419.5577395577396,1,0.0,0.03717732620166449,0.10323705794418246,1776429432.282894,5,/Users/kimsumin/projects/RGMC/data/map/robot19/images/0234.png,/Users/kimsumin/projects/RGMC/data/map/robot19/overlays/0234_overlay.png,/Users/kimsumin/projects/RGMC/data/map/robot19/masks/0234_mask.png
235,0.8225,0.21875,0.0,483.909243697479,405.8543771043771,1,0.0,0.04315234537155465,0.052834267230109096,1776429445.3840976,5,/Users/kimsumin/projects/RGMC/data/map/robot19/images/0235.png,/Users/kimsumin/projects/RGMC/data/map/robot19/overlays/0235_overlay.png,/Users/kimsumin/projects/RGMC/data/map/robot19/masks/0235_mask.png
236,0.793125,0.21875,0.0,484.0088996763754,392.1935222672065,1,0.0,0.0489072045370984,0.05261309575995245,1776429457.4738142,5,/Users/kimsumin/projects/RGMC/data/map/robot19/images/0236.png,/Users/kimsumin/projects/RGMC/data/map/robot19/overlays/0236_overlay.png,/Users/kimsumin/projects/RGMC/data/map/robot19/masks/0236_mask.png
237,0.7637499999999999,0.21875,0.0,484.15004122011544,379.2796052631579,1,0.0,0.04048621684962962,0.05733849239806921,1776429469.464249,5,/Users/kimsumin/projects/RGMC/data/map/robot19/images/0237.png,/Users/kimsumin/projects/RGMC/data/map/robot19/overlays/0237_overlay.png,/Users/kimsumin/projects/RGMC/data/map/robot19/masks/0237_mask.png
238,0.734375,0.21875,0.0,484.0858585858586,365.72895622895624,1,0.0,0.17907220872611362,0.030979279745248674,1776429483.3792548,5,/Users/kimsumin/projects/RGMC/data/map/robot19/images/0238.png,/Users/kimsumin/projects/RGMC/data/map/robot19/overlays/0238_overlay.png,/Users/kimsumin/projects/RGMC/data/map/robot19/masks/0238_mask.png
239,0.705,0.21875,0.0,484.1599005799503,352.20227457351746,1,0.0,0.0697169730194558,0.32603961385901437,1776429496.4979618,5,/Users/kimsumin/projects/RGMC/data/map/robot19/images/0239.png,/Users/kimsumin/projects/RGMC/data/map/robot19/overlays/0239_overlay.png,/Users/kimsumin/projects/RGMC/data/map/robot19/masks/0239_mask.png
240,0.6756249999999999,0.21875,0.0,484.1786310517529,339.2387312186978,1,0.0,0.2240137307506557,0.035582828051963736,1776429508.1810968,5,/Users/kimsumin/projects/RGMC/data/map/robot19/images/0240.png,/Users/kimsumin/projects/RGMC/data/map/robot19/overlays/0240_overlay.png,/Users/kimsumin/projects/RGMC/data/map/robot19/masks/0240_mask.png
241,0.64625,0.21875,0.0,484.1315331010453,325.3928881179532,1,0.0,0.18855354232284563,0.08332974313663474,1776429520.2492194,5,/Users/kimsumin/projects/RGMC/data/map/robot19/images/0241.png,/Users/kimsumin/projects/RGMC/data/map/robot19/overlays/0241_overlay.png,/Users/kimsumin/projects/RGMC/data/map/robot19/masks/0241_mask.png
242,0.616875,0.21875,0.0,484.9561920808762,312.84438775510205,1,0.0,0.06545656975422498,0.028431345616798324,1776429532.887672,5,/Users/kimsumin/projects/RGMC/data/map/robot19/images/0242.png,/Users/kimsumin/projects/RGMC/data/map/robot19/overlays/0242_overlay.png,/Users/kimsumin/projects/RGMC/data/map/robot19/masks/0242_mask.png
243,0.5874999999999999,0.21875,0.0,485.5704,299.2032,1,0.0,0.043849261643500295,0.32043912392424645,1776429545.1259944,5,/Users/kimsumin/projects/RGMC/data/map/robot19/images/0243.png,/Users/kimsumin/projects/RGMC/data/map/robot19/overlays/0243_overlay.png,/Users/kimsumin/projects/RGMC/data/map/robot19/masks/0243_mask.png
244,0.558125,0.21875,0.0,486.76149176062444,285.77276669557676,1,0.0,0.0657912875293256,0.053013706674571795,1776429557.0288014,5,/Users/kimsumin/projects/RGMC/data/map/robot19/images/0244.png,/Users/kimsumin/projects/RGMC/data/map/robot19/overlays/0244_overlay.png,/Users/kimsumin/projects/RGMC/data/map/robot19/masks/0244_mask.png
245,0.5287499999999999,0.21875,0.0,486.8044030482642,272.9421768707483,1,0.0,0.08343010964391412,0.04202014293415422,1776429568.7805362,5,/Users/kimsumin/projects/RGMC/data/map/robot19/images/0245.png,/Users/kimsumin/projects/RGMC/data/map/robot19/overlays/0245_overlay.png,/Users/kimsumin/projects/RGMC/data/map/robot19/masks/0245_mask.png
246,0.49937499999999996,0.21875,0.0,486.95478723404256,259.7566371681416,1,0.0,0.025873176104556254,0.37391325026074473,1776429581.072145,5,/Users/kimsumin/projects/RGMC/data/map/robot19/images/0246.png,/Users/kimsumin/projects/RGMC/data/map/robot19/overlays/0246_overlay.png,/Users/kimsumin/projects/RGMC/data/map/robot19/masks/0246_mask.png
247,0.47,0.21875,0.0,487.1993185689949,246.190800681431,1,0.0,0.04240590458583388,0.18601923940878448,1776429593.0517974,5,/Users/kimsumin/projects/RGMC/data/map/robot19/images/0247.png,/Users/kimsumin/projects/RGMC/data/map/robot19/overlays/0247_overlay.png,/Users/kimsumin/projects/RGMC/data/map/robot19/masks/0247_mask.png
248,0.440625,0.21875,0.0,487.1284403669725,233.3603002502085,1,0.0,0.03485519821788098,0.04280594316597981,1776429604.9333632,5,/Users/kimsumin/projects/RGMC/data/map/robot19/images/0248.png,/Users/kimsumin/projects/RGMC/data/map/robot19/overlays/0248_overlay.png,/Users/kimsumin/projects/RGMC/data/map/robot19/masks/0248_mask.png
249,0.41125,0.21875,0.0,487.3378956372968,220.35547886108714,1,0.0,0.05635761098487414,0.05399000946173717,1776429617.1261115,5,/Users/kimsumin/projects/RGMC/data/map/robot19/images/0249.png,/Users/kimsumin/projects/RGMC/data/map/robot19/overlays/0249_overlay.png,/Users/kimsumin/projects/RGMC/data/map/robot19/masks/0249_mask.png
250,0.38187499999999996,0.21875,0.0,487.52698145025295,206.52385008517888,1,0.0,0.07599665068867417,0.10927742421176397,1776429629.301242,5,/Users/kimsumin/projects/RGMC/data/map/robot19/images/0250.png,/Users/kimsumin/projects/RGMC/data/map/robot19/overlays/0250_overlay.png,/Users/kimsumin/projects/RGMC/data/map/robot19/masks/0250_mask.png
251,0.3525,0.21875,0.0,487.6405451448041,193.5204429301533,1,0.0,0.03238240786863706,0.040773108198596524,1776429641.489471,5,/Users/kimsumin/projects/RGMC/data/map/robot19/images/0251.png,/Users/kimsumin/projects/RGMC/data/map/robot19/overlays/0251_overlay.png,/Users/kimsumin/projects/RGMC/data/map/robot19/masks/0251_mask.png
252,0.323125,0.21875,0.0,487.7191011235955,180.48228176318065,1,0.0,0.01945833411161344,0.04195886602519955,1776429653.6707768,5,/Users/kimsumin/projects/RGMC/data/map/robot19/images/0252.png,/Users/kimsumin/projects/RGMC/data/map/robot19/overlays/0252_overlay.png,/Users/kimsumin/projects/RGMC/data/map/robot19/masks/0252_mask.png
253,0.29374999999999996,0.21875,0.0,487.89473684210526,166.37217099748534,1,0.0,0.040271517663438186,0.08524151910818836,1776429665.7538538,5,/Users/kimsumin/projects/RGMC/data/map/robot19/images/0253.png,/Users/kimsumin/projects/RGMC/data/map/robot19/overlays/0253_overlay.png,/Users/kimsumin/projects/RGMC/data/map/robot19/masks/0253_mask.png
254,0.26437499999999997,0.21875,0.0,488.56141797197034,153.84380165289255,1,0.0,0.0868270658995839,0.05674593670549363,1776429677.776248,5,/Users/kimsumin/projects/RGMC/data/map/robot19/images/0254.png,/Users/kimsumin/projects/RGMC/data/map/robot19/overlays/0254_overlay.png,/Users/kimsumin/projects/RGMC/data/map/robot19/masks/0254_mask.png
255,0.235,0.21875,0.0,488.6918032786885,141.01795918367347,1,0.0,0.05324385235608816,0.05801808137623756,1776429689.9352818,5,/Users/kimsumin/projects/RGMC/data/map/robot19/images/0255.png,/Users/kimsumin/projects/RGMC/data/map/robot19/overlays/0255_overlay.png,/Users/kimsumin/projects/RGMC/data/map/robot19/masks/0255_mask.png
256,0.205625,0.21875,0.0,489.023102310231,128.47029702970298,1,0.0,0.06492726787921681,0.06314127455969389,1776429701.6999254,5,/Users/kimsumin/projects/RGMC/data/map/robot19/images/0256.png,/Users/kimsumin/projects/RGMC/data/map/robot19/overlays/0256_overlay.png,/Users/kimsumin/projects/RGMC/data/map/robot19/masks/0256_mask.png
257,0.17625,0.21875,0.0,489.4281018898932,114.54583333333333,1,0.0,0.09094778291553593,0.03827888664481617,1776429713.6808188,5,/Users/kimsumin/projects/RGMC/data/map/robot19/images/0257.png,/Users/kimsumin/projects/RGMC/data/map/robot19/overlays/0257_overlay.png,/Users/kimsumin/projects/RGMC/data/map/robot19/masks/0257_mask.png
258,0.14687499999999998,0.21875,0.0,489.7023519870235,102.02189781021897,1,0.0,0.032220701373909366,0.023273948937717042,1776429726.885663,5,/Users/kimsumin/projects/RGMC/data/map/robot19/images/0258.png,/Users/kimsumin/projects/RGMC/data/map/robot19/overlays/0258_overlay.png,/Users/kimsumin/projects/RGMC/data/map/robot19/masks/0258_mask.png
259,0.1175,0.21875,0.0,490.69170984455957,89.09638554216868,1,0.0,0.03779621629534322,0.0353158405215913,1776429739.9942164,5,/Users/kimsumin/projects/RGMC/data/map/robot19/images/0259.png,/Users/kimsumin/projects/RGMC/data/map/robot19/overlays/0259_overlay.png,/Users/kimsumin/projects/RGMC/data/map/robot19/masks/0259_mask.png
260,0.088125,0.21875,0.0,490.6848958333333,76.46325350949628,1,0.0,0.3962781066416499,0.12484809178795389,1776429751.7708685,5,/Users/kimsumin/projects/RGMC/data/map/robot19/images/0260.png,/Users/kimsumin/projects/RGMC/data/map/robot19/overlays/0260_overlay.png,/Users/kimsumin/projects/RGMC/data/map/robot19/masks/0260_mask.png
261,0.05875,0.21875,0.0,490.8875,63.09037656903766,1,0.0,0.06476790101775784,0.022400350278285547,1776429766.0121427,5,/Users/kimsumin/projects/RGMC/data/map/robot19/images/0261.png,/Users/kimsumin/projects/RGMC/data/map/robot19/overlays/0261_overlay.png,/Users/kimsumin/projects/RGMC/data/map/robot19/masks/0261_mask.png
262,0.029375,0.21875,0.0,490.60869565217394,49.58753202391119,1,0.0,0.025972755431071755,0.0246507347338527,1776429780.1784797,5,/Users/kimsumin/projects/RGMC/data/map/robot19/images/0262.png,/Users/kimsumin/projects/RGMC/data/map/robot19/overlays/0262_overlay.png,/Users/kimsumin/projects/RGMC/data/map/robot19/masks/0262_mask.png
263,0.0,0.21875,0.0,491.1484978540773,37.09184549356223,1,0.0,0.042314280073364754,0.05415039821154789,1776429792.1186502,5,/Users/kimsumin/projects/RGMC/data/map/robot19/images/0263.png,/Users/kimsumin/projects/RGMC/data/map/robot19/overlays/0263_overlay.png,/Users/kimsumin/projects/RGMC/data/map/robot19/masks/0263_mask.png
264,0.0,0.25,0.0,476.30999146029035,37.13663535439795,1,0.0,0.12517010705775308,0.09595263251284154,1776429805.0244384,5,/Users/kimsumin/projects/RGMC/data/map/robot19/images/0264.png,/Users/kimsumin/projects/RGMC/data/map/robot19/overlays/0264_overlay.png,/Users/kimsumin/projects/RGMC/data/map/robot19/masks/0264_mask.png
265,0.029375,0.25,0.0,475.89940828402365,49.680473372781066,1,0.0,0.04826241552394689,0.04622428751589545,1776429818.5400388,5,/Users/kimsumin/projects/RGMC/data/map/robot19/images/0265.png,/Users/kimsumin/projects/RGMC/data/map/robot19/overlays/0265_overlay.png,/Users/kimsumin/projects/RGMC/data/map/robot19/masks/0265_mask.png
266,0.05875,0.25,0.0,475.8917306052856,62.16269165247019,1,0.0,0.04372573283281224,0.04647735354311168,1776429830.321157,5,/Users/kimsumin/projects/RGMC/data/map/robot19/images/0266.png,/Users/kimsumin/projects/RGMC/data/map/robot19/overlays/0266_overlay.png,/Users/kimsumin/projects/RGMC/data/map/robot19/masks/0266_mask.png
267,0.088125,0.25,0.0,475.86706181202374,76.29431721798134,1,0.0,0.06764758263324544,0.05146898651482453,1776429842.4005547,5,/Users/kimsumin/projects/RGMC/data/map/robot19/images/0267.png,/Users/kimsumin/projects/RGMC/data/map/robot19/overlays/0267_overlay.png,/Users/kimsumin/projects/RGMC/data/map/robot19/masks/0267_mask.png
268,0.1175,0.25,0.0,475.54338668913226,88.37213254035684,1,0.0,0.06713489751740265,0.05779461188063807,1776429854.3782716,5,/Users/kimsumin/projects/RGMC/data/map/robot19/images/0268.png,/Users/kimsumin/projects/RGMC/data/map/robot19/overlays/0268_overlay.png,/Users/kimsumin/projects/RGMC/data/map/robot19/masks/0268_mask.png
269,0.14687499999999998,0.25,0.0,475.61872909698997,101.59216013344454,1,0.0,0.05023068474916028,0.03911645863512349,1776429868.9625695,5,/Users/kimsumin/projects/RGMC/data/map/robot19/images/0269.png,/Users/kimsumin/projects/RGMC/data/map/robot19/overlays/0269_overlay.png,/Users/kimsumin/projects/RGMC/data/map/robot19/masks/0269_mask.png
270,0.17625,0.25,0.0,475.196261682243,114.12085106382979,1,0.0,0.029338073616018995,0.057973608145753266,1776429881.3508947,5,/Users/kimsumin/projects/RGMC/data/map/robot19/images/0270.png,/Users/kimsumin/projects/RGMC/data/map/robot19/overlays/0270_overlay.png,/Users/kimsumin/projects/RGMC/data/map/robot19/masks/0270_mask.png
271,0.205625,0.25,0.0,475.1940818102698,127.84334203655352,1,0.0,0.0485569767076116,0.42780233476226226,1776429893.8037257,5,/Users/kimsumin/projects/RGMC/data/map/robot19/images/0271.png,/Users/kimsumin/projects/RGMC/data/map/robot19/overlays/0271_overlay.png,/Users/kimsumin/projects/RGMC/data/map/robot19/masks/0271_mask.png
272,0.235,0.25,0.0,475.09655172413795,140.68561584840654,1,0.0,0.027271683188441958,0.08265267316324512,1776429906.7784543,5,/Users/kimsumin/projects/RGMC/data/map/robot19/images/0272.png,/Users/kimsumin/projects/RGMC/data/map/robot19/overlays/0272_overlay.png,/Users/kimsumin/projects/RGMC/data/map/robot19/masks/0272_mask.png
273,0.26437499999999997,0.25,0.0,474.72564102564104,153.4965811965812,1,0.0,0.03776764930025929,0.09939699086003943,1776429918.5727808,5,/Users/kimsumin/projects/RGMC/data/map/robot19/images/0273.png,/Users/kimsumin/projects/RGMC/data/map/robot19/overlays/0273_overlay.png,/Users/kimsumin/projects/RGMC/data/map/robot19/masks/0273_mask.png
274,0.29374999999999996,0.25,0.0,474.6336464560205,166.30204778156997,1,0.0,0.03137182811200419,0.00884123654465136,1776429930.6514466,5,/Users/kimsumin/projects/RGMC/data/map/robot19/images/0274.png,/Users/kimsumin/projects/RGMC/data/map/robot19/overlays/0274_overlay.png,/Users/kimsumin/projects/RGMC/data/map/robot19/masks/0274_mask.png
275,0.323125,0.25,0.0,473.3934563758389,179.91023489932886,1,0.0,0.07461660968194049,0.06082339296051032,1776429943.361967,5,/Users/kimsumin/projects/RGMC/data/map/robot19/images/0275.png,/Users/kimsumin/projects/RGMC/data/map/robot19/overlays/0275_overlay.png,/Users/kimsumin/projects/RGMC/data/map/robot19/masks/0275_mask.png
276,0.3525,0.25,0.0,472.5360824742268,193.21885813148788,1,0.0,0.048820442178871985,0.04689349155464557,1776429955.3461063,5,/Users/kimsumin/projects/RGMC/data/map/robot19/images/0276.png,/Users/kimsumin/projects/RGMC/data/map/robot19/overlays/0276_overlay.png,/Users/kimsumin/projects/RGMC/data/map/robot19/masks/0276_mask.png
277,0.38187499999999996,0.25,0.0,472.49830508474577,206.10420168067228,1,0.0,0.04777261050614863,0.08182845202818248,1776429969.8857756,5,/Users/kimsumin/projects/RGMC/data/map/robot19/images/0277.png,/Users/kimsumin/projects/RGMC/data/map/robot19/overlays/0277_overlay.png,/Users/kimsumin/projects/RGMC/data/map/robot19/masks/0277_mask.png
278,0.41125,0.25,0.0,473.0527617477329,219.19341563786008,1,0.0,0.24209026363841532,0.03174812972406352,1776429981.7670665,5,/Users/kimsumin/projects/RGMC/data/map/robot19/images/0278.png,/Users/kimsumin/projects/RGMC/data/map/robot19/overlays/0278_overlay.png,/Users/kimsumin/projects/RGMC/data/map/robot19/masks/0278_mask.png
279,0.440625,0.25,0.0,472.88451882845186,232.92268907563025,1,0.0,0.07932882611523852,0.04919076486424767,1776429993.9426,5,/Users/kimsumin/projects/RGMC/data/map/robot19/images/0279.png,/Users/kimsumin/projects/RGMC/data/map/robot19/overlays/0279_overlay.png,/Users/kimsumin/projects/RGMC/data/map/robot19/masks/0279_mask.png
280,0.47,0.25,0.0,472.38532883642495,245.70151770657674,1,0.0,0.053683072068342184,0.024747089546912356,1776430006.2391627,5,/Users/kimsumin/projects/RGMC/data/map/robot19/images/0280.png,/Users/kimsumin/projects/RGMC/data/map/robot19/overlays/0280_overlay.png,/Users/kimsumin/projects/RGMC/data/map/robot19/masks/0280_mask.png
281,0.49937499999999996,0.25,0.0,471.89771766694844,258.48170212765956,1,0.0,0.01626722830291361,0.05972447300591001,1776430018.3261702,5,/Users/kimsumin/projects/RGMC/data/map/robot19/images/0281.png,/Users/kimsumin/projects/RGMC/data/map/robot19/overlays/0281_overlay.png,/Users/kimsumin/projects/RGMC/data/map/robot19/masks/0281_mask.png
282,0.5287499999999999,0.25,0.0,471.8841567291312,272.71173469387753,1,0.0,0.022778046137104536,0.03755025072963039,1776430030.514788,5,/Users/kimsumin/projects/RGMC/data/map/robot19/images/0282.png,/Users/kimsumin/projects/RGMC/data/map/robot19/overlays/0282_overlay.png,/Users/kimsumin/projects/RGMC/data/map/robot19/masks/0282_mask.png
283,0.558125,0.25,0.0,471.9530315969257,285.7065868263473,1,0.0,0.04030928122443979,0.0569488102875784,1776430042.7005587,5,/Users/kimsumin/projects/RGMC/data/map/robot19/images/0283.png,/Users/kimsumin/projects/RGMC/data/map/robot19/overlays/0283_overlay.png,/Users/kimsumin/projects/RGMC/data/map/robot19/masks/0283_mask.png
284,0.5874999999999999,0.25,0.0,471.58487394957984,298.35702341137124,1,0.0,0.028546727143557892,0.04758867238890786,1776430054.760205,5,/Users/kimsumin/projects/RGMC/data/map/robot19/images/0284.png,/Users/kimsumin/projects/RGMC/data/map/robot19/overlays/0284_overlay.png,/Users/kimsumin/projects/RGMC/data/map/robot19/masks/0284_mask.png
285,0.616875,0.25,0.0,471.4170141784821,311.43630308076604,1,0.0,0.03290436800177122,0.061660266746734284,1776430067.4772718,5,/Users/kimsumin/projects/RGMC/data/map/robot19/images/0285.png,/Users/kimsumin/projects/RGMC/data/map/robot19/overlays/0285_overlay.png,/Users/kimsumin/projects/RGMC/data/map/robot19/masks/0285_mask.png
286,0.64625,0.25,0.0,470.9022298456261,325.0645994832041,1,0.0,0.04985393021515185,0.06960053422800967,1776430079.4555268,5,/Users/kimsumin/projects/RGMC/data/map/robot19/images/0286.png,/Users/kimsumin/projects/RGMC/data/map/robot19/overlays/0286_overlay.png,/Users/kimsumin/projects/RGMC/data/map/robot19/masks/0286_mask.png
287,0.6756249999999999,0.25,0.0,470.4740034662045,338.2485055508113,1,0.0,0.1654318376942506,0.04272661928715398,1776430091.6378667,5,/Users/kimsumin/projects/RGMC/data/map/robot19/images/0287.png,/Users/kimsumin/projects/RGMC/data/map/robot19/overlays/0287_overlay.png,/Users/kimsumin/projects/RGMC/data/map/robot19/masks/0287_mask.png
288,0.705,0.25,0.0,470.8254486133768,351.7282430213465,1,0.0,0.031238759273147697,0.05086509946070844,1776430104.444701,5,/Users/kimsumin/projects/RGMC/data/map/robot19/images/0288.png,/Users/kimsumin/projects/RGMC/data/map/robot19/overlays/0288_overlay.png,/Users/kimsumin/projects/RGMC/data/map/robot19/masks/0288_mask.png
289,0.734375,0.25,0.0,471.0245971162002,364.991518235793,1,0.0,0.027031660837215307,0.01566751556267272,1776430116.420317,5,/Users/kimsumin/projects/RGMC/data/map/robot19/images/0289.png,/Users/kimsumin/projects/RGMC/data/map/robot19/overlays/0289_overlay.png,/Users/kimsumin/projects/RGMC/data/map/robot19/masks/0289_mask.png
290,0.7637499999999999,0.25,0.0,470.9140425531915,378.17431972789115,1,0.0,0.06609780868060913,0.03545751983086771,1776430128.6097262,5,/Users/kimsumin/projects/RGMC/data/map/robot19/images/0290.png,/Users/kimsumin/projects/RGMC/data/map/robot19/overlays/0290_overlay.png,/Users/kimsumin/projects/RGMC/data/map/robot19/masks/0290_mask.png
291,0.793125,0.25,0.0,469.6664092664093,391.6989164086687,1,0.0,0.06312416488152464,0.03133505957398731,1776430140.3893414,5,/Users/kimsumin/projects/RGMC/data/map/robot19/images/0291.png,/Users/kimsumin/projects/RGMC/data/map/robot19/overlays/0291_overlay.png,/Users/kimsumin/projects/RGMC/data/map/robot19/masks/0291_mask.png
292,0.8225,0.25,0.0,470.58191126279866,405.3643344709898,1,0.0,0.46790650661289823,0.030802679291085377,1776430152.2645817,5,/Users/kimsumin/projects/RGMC/data/map/robot19/images/0292.png,/Users/kimsumin/projects/RGMC/data/map/robot19/overlays/0292_overlay.png,/Users/kimsumin/projects/RGMC/data/map/robot19/masks/0292_mask.png
293,0.8518749999999999,0.25,0.0,469.7182985553772,418.68459069020867,1,0.0,0.2930880492537037,0.010183525474563478,1776430164.4518402,5,/Users/kimsumin/projects/RGMC/data/map/robot19/images/0293.png,/Users/kimsumin/projects/RGMC/data/map/robot19/overlays/0293_overlay.png,/Users/kimsumin/projects/RGMC/data/map/robot19/masks/0293_mask.png
294,0.88125,0.25,0.0,468.7177814029364,431.89233278955953,1,0.0,0.16172529224267473,0.09717854133235235,1776430176.6376567,5,/Users/kimsumin/projects/RGMC/data/map/robot19/images/0294.png,/Users/kimsumin/projects/RGMC/data/map/robot19/overlays/0294_overlay.png,/Users/kimsumin/projects/RGMC/data/map/robot19/masks/0294_mask.png
295,0.9106249999999999,0.25,0.0,468.76765188834156,445.7528735632184,1,0.0,0.0799991860404962,0.048599991181261515,1776430188.6137962,5,/Users/kimsumin/projects/RGMC/data/map/robot19/images/0295.png,/Users/kimsumin/projects/RGMC/data/map/robot19/overlays/0295_overlay.png,/Users/kimsumin/projects/RGMC/data/map/robot19/masks/0295_mask.png
296,0.94,0.25,0.0,468.92991035044827,458.7277913610432,1,0.0,0.04222925511525559,0.04268569085001955,1776430200.63928,5,/Users/kimsumin/projects/RGMC/data/map/robot19/images/0296.png,/Users/kimsumin/projects/RGMC/data/map/robot19/overlays/0296_overlay.png,/Users/kimsumin/projects/RGMC/data/map/robot19/masks/0296_mask.png
297,0.94,0.28125,0.0,454.9983402489627,458.61410788381744,1,0.0,0.38314663626835227,0.07711681276869593,1776430212.5792212,5,/Users/kimsumin/projects/RGMC/data/map/robot19/images/0297.png,/Users/kimsumin/projects/RGMC/data/map/robot19/overlays/0297_overlay.png,/Users/kimsumin/projects/RGMC/data/map/robot19/masks/0297_mask.png
298,0.9106249999999999,0.28125,0.0,455.0016835016835,445.6776094276094,1,0.0,0.05537973873957384,0.04815704983747733,1776430224.8659563,5,/Users/kimsumin/projects/RGMC/data/map/robot19/images/0298.png,/Users/kimsumin/projects/RGMC/data/map/robot19/overlays/0298_overlay.png,/Users/kimsumin/projects/RGMC/data/map/robot19/masks/0298_mask.png
299,0.88125,0.28125,0.0,454.94471153846155,431.9441340782123,1,0.0,0.041504085584725035,0.04053884203657703,1776430236.4509337,5,/Users/kimsumin/projects/RGMC/data/map/robot19/images/0299.png,/Users/kimsumin/projects/RGMC/data/map/robot19/overlays/0299_overlay.png,/Users/kimsumin/projects/RGMC/data/map/robot19/masks/0299_mask.png
300,0.8518749999999999,0.28125,0.0,455.2855967078189,418.55445544554453,1,0.0,0.011663437602163849,0.010294869420442297,1776430248.5285194,5,/Users/kimsumin/projects/RGMC/data/map/robot19/images/0300.png,/Users/kimsumin/projects/RGMC/data/map/robot19/overlays/0300_overlay.png,/Users/kimsumin/projects/RGMC/data/map/robot19/masks/0300_mask.png
301,0.8225,0.28125,0.0,455.6053288925895,405.3322203672788,1,0.0,0.03328749672749758,0.037452298483909484,1776430260.6049151,5,/Users/kimsumin/projects/RGMC/data/map/robot19/images/0301.png,/Users/kimsumin/projects/RGMC/data/map/robot19/overlays/0301_overlay.png,/Users/kimsumin/projects/RGMC/data/map/robot19/masks/0301_mask.png
302,0.793125,0.28125,0.0,455.6305057096248,391.67618270799346,1,0.0,0.02229309546724594,0.05035846241682159,1776430272.6877277,5,/Users/kimsumin/projects/RGMC/data/map/robot19/images/0302.png,/Users/kimsumin/projects/RGMC/data/map/robot19/overlays/0302_overlay.png,/Users/kimsumin/projects/RGMC/data/map/robot19/masks/0302_mask.png
303,0.7637499999999999,0.28125,0.0,455.8314238952537,378.35619834710747,1,0.0,0.014291549773260014,0.11294725837081317,1776430285.5116699,5,/Users/kimsumin/projects/RGMC/data/map/robot19/images/0303.png,/Users/kimsumin/projects/RGMC/data/map/robot19/overlays/0303_overlay.png,/Users/kimsumin/projects/RGMC/data/map/robot19/masks/0303_mask.png
304,0.734375,0.28125,0.0,455.91235392320533,365.2295492487479,1,0.0,0.037032038592740055,0.05374525181258425,1776430297.9027927,5,/Users/kimsumin/projects/RGMC/data/map/robot19/images/0304.png,/Users/kimsumin/projects/RGMC/data/map/robot19/overlays/0304_overlay.png,/Users/kimsumin/projects/RGMC/data/map/robot19/masks/0304_mask.png
305,0.705,0.28125,0.0,455.82598039215685,351.6808163265306,1,0.0,0.03866885985299049,0.04853034014497552,1776430310.0163834,5,/Users/kimsumin/projects/RGMC/data/map/robot19/images/0305.png,/Users/kimsumin/projects/RGMC/data/map/robot19/overlays/0305_overlay.png,/Users/kimsumin/projects/RGMC/data/map/robot19/masks/0305_mask.png
306,0.6756249999999999,0.28125,0.0,455.80388841927305,338.2957034540859,1,0.0,0.022357012977507303,0.027600594412190493,1776430322.5428252,5,/Users/kimsumin/projects/RGMC/data/map/robot19/images/0306.png,/Users/kimsumin/projects/RGMC/data/map/robot19/overlays/0306_overlay.png,/Users/kimsumin/projects/RGMC/data/map/robot19/masks/0306_mask.png
307,0.64625,0.28125,0.0,455.9220452640402,325.2854743912678,1,0.0,0.09975613791516169,0.04072426744529532,1776430334.6060321,5,/Users/kimsumin/projects/RGMC/data/map/robot19/images/0307.png,/Users/kimsumin/projects/RGMC/data/map/robot19/overlays/0307_overlay.png,/Users/kimsumin/projects/RGMC/data/map/robot19/masks/0307_mask.png
308,0.616875,0.28125,0.0,456.8140703517588,312.54316848281644,1,0.0,0.21365226604688747,0.036166011161316215,1776430347.4428566,5,/Users/kimsumin/projects/RGMC/data/map/robot19/images/0308.png,/Users/kimsumin/projects/RGMC/data/map/robot19/overlays/0308_overlay.png,/Users/kimsumin/projects/RGMC/data/map/robot19/masks/0308_mask.png
309,0.5874999999999999,0.28125,0.0,457.0447518307567,298.4294975688817,1,0.0,0.06996666144857223,0.06026399280610896,1776430359.6344297,5,/Users/kimsumin/projects/RGMC/data/map/robot19/images/0309.png,/Users/kimsumin/projects/RGMC/data/map/robot19/overlays/0309_overlay.png,/Users/kimsumin/projects/RGMC/data/map/robot19/masks/0309_mask.png
310,0.558125,0.28125,0.0,457.8426311407161,285.75686927560366,1,0.0,0.10187690466130168,0.044959712014983666,1776430371.198654,5,/Users/kimsumin/projects/RGMC/data/map/robot19/images/0310.png,/Users/kimsumin/projects/RGMC/data/map/robot19/overlays/0310_overlay.png,/Users/kimsumin/projects/RGMC/data/map/robot19/masks/0310_mask.png
311,0.5287499999999999,0.28125,0.0,457.7420965058236,272.81198003327785,1,0.0,0.06389777334012585,0.05426211985488311,1776430382.9741015,5,/Users/kimsumin/projects/RGMC/data/map/robot19/images/0311.png,/Users/kimsumin/projects/RGMC/data/map/robot19/overlays/0311_overlay.png,/Users/kimsumin/projects/RGMC/data/map/robot19/masks/0311_mask.png
312,0.49937499999999996,0.28125,0.0,458.53683319221,258.8281117696867,1,0.0,0.08627755912250672,0.11223357348790829,1776430394.8543406,5,/Users/kimsumin/projects/RGMC/data/map/robot19/images/0312.png,/Users/kimsumin/projects/RGMC/data/map/robot19/overlays/0312_overlay.png,/Users/kimsumin/projects/RGMC/data/map/robot19/masks/0312_mask.png
313,0.47,0.28125,0.0,459.08755364806865,245.9358108108108,1,0.0,0.06575946830775672,0.10627562240344463,1776430407.046667,5,/Users/kimsumin/projects/RGMC/data/map/robot19/images/0313.png,/Users/kimsumin/projects/RGMC/data/map/robot19/overlays/0313_overlay.png,/Users/kimsumin/projects/RGMC/data/map/robot19/masks/0313_mask.png
314,0.440625,0.28125,0.0,458.95979469632164,233.01035375323553,1,0.0,0.04679963497389653,0.07590569057482907,1776430418.7070403,5,/Users/kimsumin/projects/RGMC/data/map/robot19/images/0314.png,/Users/kimsumin/projects/RGMC/data/map/robot19/overlays/0314_overlay.png,/Users/kimsumin/projects/RGMC/data/map/robot19/masks/0314_mask.png
315,0.41125,0.28125,0.0,459.13124470787466,219.28231292517006,1,0.0,0.03644615397700652,0.29395750965133216,1776430431.815836,5,/Users/kimsumin/projects/RGMC/data/map/robot19/images/0315.png,/Users/kimsumin/projects/RGMC/data/map/robot19/overlays/0315_overlay.png,/Users/kimsumin/projects/RGMC/data/map/robot19/masks/0315_mask.png
316,0.38187499999999996,0.28125,0.0,459.284388185654,206.22673434856176,1,0.0,0.04048279778235877,0.03651185094112915,1776430443.798208,5,/Users/kimsumin/projects/RGMC/data/map/robot19/images/0316.png,/Users/kimsumin/projects/RGMC/data/map/robot19/overlays/0316_overlay.png,/Users/kimsumin/projects/RGMC/data/map/robot19/masks/0316_mask.png
317,0.3525,0.28125,0.0,459.2269197584124,193.1948497854077,1,0.0,0.015014903741166742,0.0722694798687142,1776430455.8841064,5,/Users/kimsumin/projects/RGMC/data/map/robot19/images/0317.png,/Users/kimsumin/projects/RGMC/data/map/robot19/overlays/0317_overlay.png,/Users/kimsumin/projects/RGMC/data/map/robot19/masks/0317_mask.png
318,0.323125,0.28125,0.0,459.378640776699,180.21121822962314,1,0.0,0.06331244149736705,0.07821092374697966,1776430467.8714778,5,/Users/kimsumin/projects/RGMC/data/map/robot19/images/0318.png,/Users/kimsumin/projects/RGMC/data/map/robot19/overlays/0318_overlay.png,/Users/kimsumin/projects/RGMC/data/map/robot19/masks/0318_mask.png
319,0.29374999999999996,0.28125,0.0,459.5597269624573,166.45594525235245,1,0.0,0.026660180254978582,0.0374313342398742,1776430481.0775228,5,/Users/kimsumin/projects/RGMC/data/map/robot19/images/0319.png,/Users/kimsumin/projects/RGMC/data/map/robot19/overlays/0319_overlay.png,/Users/kimsumin/projects/RGMC/data/map/robot19/masks/0319_mask.png
320,0.26437499999999997,0.28125,0.0,459.83204798628964,153.55757575757576,1,0.0,0.07318715334088007,0.04846276682359982,1776430493.362998,5,/Users/kimsumin/projects/RGMC/data/map/robot19/images/0320.png,/Users/kimsumin/projects/RGMC/data/map/robot19/overlays/0320_overlay.png,/Users/kimsumin/projects/RGMC/data/map/robot19/masks/0320_mask.png
321,0.235,0.28125,0.0,460.2396624472574,140.94276094276094,1,0.0,0.13801652449060114,0.03883297389478566,1776430505.5602312,5,/Users/kimsumin/projects/RGMC/data/map/robot19/images/0321.png,/Users/kimsumin/projects/RGMC/data/map/robot19/overlays/0321_overlay.png,/Users/kimsumin/projects/RGMC/data/map/robot19/masks/0321_mask.png
322,0.205625,0.28125,0.0,460.721465076661,127.77408354646207,1,0.0,0.06970679201857848,0.040547977324840515,1776430517.634683,5,/Users/kimsumin/projects/RGMC/data/map/robot19/images/0322.png,/Users/kimsumin/projects/RGMC/data/map/robot19/overlays/0322_overlay.png,/Users/kimsumin/projects/RGMC/data/map/robot19/masks/0322_mask.png
323,0.17625,0.28125,0.0,460.9154228855721,114.09233305853256,1,0.0,0.07995227289395741,0.03911752436523835,1776430529.8153481,5,/Users/kimsumin/projects/RGMC/data/map/robot19/images/0323.png,/Users/kimsumin/projects/RGMC/data/map/robot19/overlays/0323_overlay.png,/Users/kimsumin/projects/RGMC/data/map/robot19/masks/0323_mask.png
324,0.14687499999999998,0.28125,0.0,461.4032786885246,101.50247933884297,1,0.0,0.05734491061578566,0.05333748433433821,1776430541.707107,5,/Users/kimsumin/projects/RGMC/data/map/robot19/images/0324.png,/Users/kimsumin/projects/RGMC/data/map/robot19/overlays/0324_overlay.png,/Users/kimsumin/projects/RGMC/data/map/robot19/masks/0324_mask.png
325,0.1175,0.28125,0.0,461.6500408830744,88.52131147540983,1,0.0,0.03675224233072748,0.057657919539192026,1776430553.676692,5,/Users/kimsumin/projects/RGMC/data/map/robot19/images/0325.png,/Users/kimsumin/projects/RGMC/data/map/robot19/overlays/0325_overlay.png,/Users/kimsumin/projects/RGMC/data/map/robot19/masks/0325_mask.png
326,0.088125,0.28125,0.0,462.4675213675214,76.03076923076924,1,0.0,0.036306896950549825,0.027410009059849888,1776430566.373582,5,/Users/kimsumin/projects/RGMC/data/map/robot19/images/0326.png,/Users/kimsumin/projects/RGMC/data/map/robot19/overlays/0326_overlay.png,/Users/kimsumin/projects/RGMC/data/map/robot19/masks/0326_mask.png
327,0.05875,0.28125,0.0,462.66204506065856,62.225974025974025,1,0.0,0.03442008101679346,0.05075062536393587,1776430577.9425857,5,/Users/kimsumin/projects/RGMC/data/map/robot19/images/0327.png,/Users/kimsumin/projects/RGMC/data/map/robot19/overlays/0327_overlay.png,/Users/kimsumin/projects/RGMC/data/map/robot19/masks/0327_mask.png
328,0.029375,0.28125,0.0,462.75383304940374,49.594548551959114,1,0.0,0.06846792497320114,0.09677368248962966,1776430589.7224743,5,/Users/kimsumin/projects/RGMC/data/map/robot19/images/0328.png,/Users/kimsumin/projects/RGMC/data/map/robot19/overlays/0328_overlay.png,/Users/kimsumin/projects/RGMC/data/map/robot19/masks/0328_mask.png
329,0.0,0.28125,0.0,462.8356282271945,36.69277108433735,1,0.0,0.07366295379675337,0.07213532316039323,1776430603.0424504,5,/Users/kimsumin/projects/RGMC/data/map/robot19/images/0329.png,/Users/kimsumin/projects/RGMC/data/map/robot19/overlays/0329_overlay.png,/Users/kimsumin/projects/RGMC/data/map/robot19/masks/0329_mask.png
330,0.0,0.3125,0.0,448.14983164983164,36.680885972108285,1,0.0,0.1829088675298485,0.043440734936646665,1776430615.731365,5,/Users/kimsumin/projects/RGMC/data/map/robot19/images/0330.png,/Users/kimsumin/projects/RGMC/data/map/robot19/overlays/0330_overlay.png,/Users/kimsumin/projects/RGMC/data/map/robot19/masks/0330_mask.png
331,0.029375,0.3125,0.0,447.98292058070024,49.08684436801376,1,0.0,0.06487445833081544,0.04325859317740557,1776430627.7093954,5,/Users/kimsumin/projects/RGMC/data/map/robot19/images/0331.png,/Users/kimsumin/projects/RGMC/data/map/robot19/overlays/0331_overlay.png,/Users/kimsumin/projects/RGMC/data/map/robot19/masks/0331_mask.png
332,0.05875,0.3125,0.0,448.0,61.80948348856901,1,0.0,0.03300989383560087,0.04907320282133855,1776430640.0001276,5,/Users/kimsumin/projects/RGMC/data/map/robot19/images/0332.png,/Users/kimsumin/projects/RGMC/data/map/robot19/overlays/0332_overlay.png,/Users/kimsumin/projects/RGMC/data/map/robot19/masks/0332_mask.png
333,0.088125,0.3125,0.0,447.5349794238683,74.93338815789474,1,0.0,0.031825274238175404,0.35525316925121975,1776430654.4780936,5,/Users/kimsumin/projects/RGMC/data/map/robot19/images/0333.png,/Users/kimsumin/projects/RGMC/data/map/robot19/overlays/0333_overlay.png,/Users/kimsumin/projects/RGMC/data/map/robot19/masks/0333_mask.png
334,0.1175,0.3125,0.0,447.5116681071737,88.15213675213676,1,0.0,0.034996305857428224,0.05444481609328154,1776430667.141459,5,/Users/kimsumin/projects/RGMC/data/map/robot19/images/0334.png,/Users/kimsumin/projects/RGMC/data/map/robot19/overlays/0334_overlay.png,/Users/kimsumin/projects/RGMC/data/map/robot19/masks/0334_mask.png
335,0.14687499999999998,0.3125,0.0,447.5496575342466,101.07271171941831,1,0.0,0.04523289466449655,0.06402143505196216,1776430680.0376909,5,/Users/kimsumin/projects/RGMC/data/map/robot19/images/0335.png,/Users/kimsumin/projects/RGMC/data/map/robot19/overlays/0335_overlay.png,/Users/kimsumin/projects/RGMC/data/map/robot19/masks/0335_mask.png
336,0.17625,0.3125,0.0,446.98119658119657,113.84061696658098,1,0.0,0.06571547669888926,0.05288018810293491,1776430692.3283823,5,/Users/kimsumin/projects/RGMC/data/map/robot19/images/0336.png,/Users/kimsumin/projects/RGMC/data/map/robot19/overlays/0336_overlay.png,/Users/kimsumin/projects/RGMC/data/map/robot19/masks/0336_mask.png
337,0.205625,0.3125,0.0,446.94805194805195,126.21663778162912,1,0.0,0.04185500613041906,0.10581604690334975,1776430704.6468925,5,/Users/kimsumin/projects/RGMC/data/map/robot19/images/0337.png,/Users/kimsumin/projects/RGMC/data/map/robot19/overlays/0337_overlay.png,/Users/kimsumin/projects/RGMC/data/map/robot19/masks/0337_mask.png
338,0.235,0.3125,0.0,446.73222124670764,140.23951048951048,1,0.0,0.0595507103925369,0.04978145736078183,1776430717.212119,5,/Users/kimsumin/projects/RGMC/data/map/robot19/images/0338.png,/Users/kimsumin/projects/RGMC/data/map/robot19/overlays/0338_overlay.png,/Users/kimsumin/projects/RGMC/data/map/robot19/masks/0338_mask.png
339,0.26437499999999997,0.3125,0.0,446.30960854092524,152.7602862254025,1,0.0,0.04109238038306069,0.04936273406888109,1776430729.1890728,5,/Users/kimsumin/projects/RGMC/data/map/robot19/images/0339.png,/Users/kimsumin/projects/RGMC/data/map/robot19/overlays/0339_overlay.png,/Users/kimsumin/projects/RGMC/data/map/robot19/masks/0339_mask.png
340,0.29374999999999996,0.3125,0.0,446.1559139784946,165.847533632287,1,0.0,0.04135204198600837,0.03498117788126219,1776430741.2727525,5,/Users/kimsumin/projects/RGMC/data/map/robot19/images/0340.png,/Users/kimsumin/projects/RGMC/data/map/robot19/overlays/0340_overlay.png,/Users/kimsumin/projects/RGMC/data/map/robot19/masks/0340_mask.png
341,0.323125,0.3125,0.0,445.55090390104664,179.67269267364415,1,0.0,0.36699228818144997,0.08024907609490128,1776430753.3602598,5,/Users/kimsumin/projects/RGMC/data/map/robot19/images/0341.png,/Users/kimsumin/projects/RGMC/data/map/robot19/overlays/0341_overlay.png,/Users/kimsumin/projects/RGMC/data/map/robot19/masks/0341_mask.png
342,0.3525,0.3125,0.0,444.43631669535284,192.88840830449826,1,0.0,0.05529018090977619,0.08261148155331303,1776430765.642385,5,/Users/kimsumin/projects/RGMC/data/map/robot19/images/0342.png,/Users/kimsumin/projects/RGMC/data/map/robot19/overlays/0342_overlay.png,/Users/kimsumin/projects/RGMC/data/map/robot19/masks/0342_mask.png
343,0.38187499999999996,0.3125,0.0,444.58898305084745,205.51362862010222,1,0.0,0.05762221964450382,0.027672128093156147,1776430777.8341172,5,/Users/kimsumin/projects/RGMC/data/map/robot19/images/0343.png,/Users/kimsumin/projects/RGMC/data/map/robot19/overlays/0343_overlay.png,/Users/kimsumin/projects/RGMC/data/map/robot19/masks/0343_mask.png
344,0.41125,0.3125,0.0,444.5820770519263,218.4966611018364,1,0.0,0.05412781159462089,0.02156119492953254,1776430789.8158596,5,/Users/kimsumin/projects/RGMC/data/map/robot19/images/0344.png,/Users/kimsumin/projects/RGMC/data/map/robot19/overlays/0344_overlay.png,/Users/kimsumin/projects/RGMC/data/map/robot19/masks/0344_mask.png
345,0.440625,0.3125,0.0,443.9658994032396,232.46547314578004,1,0.0,0.042137748887638125,0.1064233767577256,1776430802.1997423,5,/Users/kimsumin/projects/RGMC/data/map/robot19/images/0345.png,/Users/kimsumin/projects/RGMC/data/map/robot19/overlays/0345_overlay.png,/Users/kimsumin/projects/RGMC/data/map/robot19/masks/0345_mask.png
346,0.47,0.3125,0.0,444.2340989399293,245.59965034965035,1,0.0,0.12090021963676968,0.055470136188152094,1776430814.2877991,5,/Users/kimsumin/projects/RGMC/data/map/robot19/images/0346.png,/Users/kimsumin/projects/RGMC/data/map/robot19/overlays/0346_overlay.png,/Users/kimsumin/projects/RGMC/data/map/robot19/masks/0346_mask.png
347,0.49937499999999996,0.3125,0.0,443.6849662162162,258.5267175572519,1,0.0,0.05801560606590716,0.06445850100718285,1776430826.8862197,5,/Users/kimsumin/projects/RGMC/data/map/robot19/images/0347.png,/Users/kimsumin/projects/RGMC/data/map/robot19/overlays/0347_overlay.png,/Users/kimsumin/projects/RGMC/data/map/robot19/masks/0347_mask.png
348,0.5287499999999999,0.3125,0.0,443.6614368290669,271.42739950779327,1,0.0,0.08453089865913371,0.3279977505350273,1776430838.9647658,5,/Users/kimsumin/projects/RGMC/data/map/robot19/images/0348.png,/Users/kimsumin/projects/RGMC/data/map/robot19/overlays/0348_overlay.png,/Users/kimsumin/projects/RGMC/data/map/robot19/masks/0348_mask.png
349,0.558125,0.3125,0.0,443.68637532133675,285.4341085271318,1,0.0,0.02450617682392152,0.05229608273976709,1776430850.958457,5,/Users/kimsumin/projects/RGMC/data/map/robot19/images/0349.png,/Users/kimsumin/projects/RGMC/data/map/robot19/overlays/0349_overlay.png,/Users/kimsumin/projects/RGMC/data/map/robot19/masks/0349_mask.png
350,0.5874999999999999,0.3125,0.0,443.1866554054054,298.2259696458685,1,0.0,0.05089186397796881,0.1140044740078345,1776430862.9288335,5,/Users/kimsumin/projects/RGMC/data/map/robot19/images/0350.png,/Users/kimsumin/projects/RGMC/data/map/robot19/overlays/0350_overlay.png,/Users/kimsumin/projects/RGMC/data/map/robot19/masks/0350_mask.png
351,0.616875,0.3125,0.0,443.137187230371,311.2868085106383,1,0.0,0.042389883703093836,0.048798502795527415,1776430875.2305257,5,/Users/kimsumin/projects/RGMC/data/map/robot19/images/0351.png,/Users/kimsumin/projects/RGMC/data/map/robot19/overlays/0351_overlay.png,/Users/kimsumin/projects/RGMC/data/map/robot19/masks/0351_mask.png
352,0.64625,0.3125,0.0,443.0319240724763,324.98971722365036,1,0.0,0.06926879844283655,0.0437529039079293,1776430886.841011,5,/Users/kimsumin/projects/RGMC/data/map/robot19/images/0352.png,/Users/kimsumin/projects/RGMC/data/map/robot19/overlays/0352_overlay.png,/Users/kimsumin/projects/RGMC/data/map/robot19/masks/0352_mask.png
353,0.6756249999999999,0.3125,0.0,442.381993006993,337.843394575678,1,0.0,0.3362223652717141,0.059315313722003715,1776430899.4971693,5,/Users/kimsumin/projects/RGMC/data/map/robot19/images/0353.png,/Users/kimsumin/projects/RGMC/data/map/robot19/overlays/0353_overlay.png,/Users/kimsumin/projects/RGMC/data/map/robot19/masks/0353_mask.png
354,0.705,0.3125,0.0,441.4859887910328,351.31449044585986,1,0.0,0.056995203296633566,0.051040274494082806,1776430911.4646504,5,/Users/kimsumin/projects/RGMC/data/map/robot19/images/0354.png,/Users/kimsumin/projects/RGMC/data/map/robot19/overlays/0354_overlay.png,/Users/kimsumin/projects/RGMC/data/map/robot19/masks/0354_mask.png
355,0.734375,0.3125,0.0,441.9877450980392,364.81535947712416,1,0.0,0.056035558419137856,0.04067405799589855,1776430923.449235,5,/Users/kimsumin/projects/RGMC/data/map/robot19/images/0355.png,/Users/kimsumin/projects/RGMC/data/map/robot19/overlays/0355_overlay.png,/Users/kimsumin/projects/RGMC/data/map/robot19/masks/0355_mask.png
356,0.7637499999999999,0.3125,0.0,441.43556280587273,377.61219512195123,1,0.0,0.03382710806807315,0.02546979844743319,1776430935.3262303,5,/Users/kimsumin/projects/RGMC/data/map/robot19/images/0356.png,/Users/kimsumin/projects/RGMC/data/map/robot19/overlays/0356_overlay.png,/Users/kimsumin/projects/RGMC/data/map/robot19/masks/0356_mask.png
357,0.793125,0.3125,0.0,441.3719806763285,390.8470776621297,1,0.0,0.06359709423914937,0.19247441042171812,1776430947.5276551,5,/Users/kimsumin/projects/RGMC/data/map/robot19/images/0357.png,/Users/kimsumin/projects/RGMC/data/map/robot19/overlays/0357_overlay.png,/Users/kimsumin/projects/RGMC/data/map/robot19/masks/0357_mask.png
358,0.8225,0.3125,0.0,441.25302175664785,404.89674796747966,1,0.0,0.08226399634461201,0.0929208331487834,1776430959.5955894,5,/Users/kimsumin/projects/RGMC/data/map/robot19/images/0358.png,/Users/kimsumin/projects/RGMC/data/map/robot19/overlays/0358_overlay.png,/Users/kimsumin/projects/RGMC/data/map/robot19/masks/0358_mask.png
359,0.8518749999999999,0.3125,0.0,440.99674267100977,417.9433962264151,1,0.0,0.04984804988471903,0.04013201200191762,1776430971.172922,5,/Users/kimsumin/projects/RGMC/data/map/robot19/images/0359.png,/Users/kimsumin/projects/RGMC/data/map/robot19/overlays/0359_overlay.png,/Users/kimsumin/projects/RGMC/data/map/robot19/masks/0359_mask.png
360,0.88125,0.3125,0.0,440.161316211878,431.63344051446944,1,0.0,0.03404953229887844,0.036856949714317785,1776430985.1956882,5,/Users/kimsumin/projects/RGMC/data/map/robot19/images/0360.png,/Users/kimsumin/projects/RGMC/data/map/robot19/overlays/0360_overlay.png,/Users/kimsumin/projects/RGMC/data/map/robot19/masks/0360_mask.png
361,0.9106249999999999,0.3125,0.0,440.04710743801655,445.39338842975206,1,0.0,0.028093212203168093,0.030282675740213847,1776430997.7058523,5,/Users/kimsumin/projects/RGMC/data/map/robot19/images/0361.png,/Users/kimsumin/projects/RGMC/data/map/robot19/overlays/0361_overlay.png,/Users/kimsumin/projects/RGMC/data/map/robot19/masks/0361_mask.png
362,0.94,0.3125,0.0,439.88916666666665,458.2025,1,0.0,0.026986074442051314,0.05070826436256931,1776431009.9759417,5,/Users/kimsumin/projects/RGMC/data/map/robot19/images/0362.png,/Users/kimsumin/projects/RGMC/data/map/robot19/overlays/0362_overlay.png,/Users/kimsumin/projects/RGMC/data/map/robot19/masks/0362_mask.png
363,0.94,0.34375,0.0,426.5463829787234,457.9779286926995,1,0.0,0.027469427103307346,0.038637782050899794,1776431022.3461518,5,/Users/kimsumin/projects/RGMC/data/map/robot19/images/0363.png,/Users/kimsumin/projects/RGMC/data/map/robot19/overlays/0363_overlay.png,/Users/kimsumin/projects/RGMC/data/map/robot19/masks/0363_mask.png
364,0.9106249999999999,0.34375,0.0,425.6725663716814,445.3367916999202,1,0.0,0.3775060644814581,0.06372770673278369,1776431034.5630817,5,/Users/kimsumin/projects/RGMC/data/map/robot19/images/0364.png,/Users/kimsumin/projects/RGMC/data/map/robot19/overlays/0364_overlay.png,/Users/kimsumin/projects/RGMC/data/map/robot19/masks/0364_mask.png
365,0.88125,0.34375,0.0,426.41954022988506,431.7078559738134,1,0.0,0.010450991951929587,0.01667680722025632,1776431047.0459707,5,/Users/kimsumin/projects/RGMC/data/map/robot19/images/0365.png,/Users/kimsumin/projects/RGMC/data/map/robot19/overlays/0365_overlay.png,/Users/kimsumin/projects/RGMC/data/map/robot19/masks/0365_mask.png
366,0.8518749999999999,0.34375,0.0,426.74058577405856,418.34060402684565,1,0.0,0.053577897645317965,0.06171991039177058,1776431059.334631,5,/Users/kimsumin/projects/RGMC/data/map/robot19/images/0366.png,/Users/kimsumin/projects/RGMC/data/map/robot19/overlays/0366_overlay.png,/Users/kimsumin/projects/RGMC/data/map/robot19/masks/0366_mask.png
367,0.8225,0.34375,0.0,427.15617128463475,404.9713804713805,1,0.0,0.055961269307175585,0.09598376553508024,1776431071.0090234,5,/Users/kimsumin/projects/RGMC/data/map/robot19/images/0367.png,/Users/kimsumin/projects/RGMC/data/map/robot19/overlays/0367_overlay.png,/Users/kimsumin/projects/RGMC/data/map/robot19/masks/0367_mask.png
368,0.793125,0.34375,0.0,426.18842845973415,391.1908876669285,1,0.0,0.09906501046708627,0.043363916242342315,1776431082.8862033,5,/Users/kimsumin/projects/RGMC/data/map/robot19/images/0368.png,/Users/kimsumin/projects/RGMC/data/map/robot19/overlays/0368_overlay.png,/Users/kimsumin/projects/RGMC/data/map/robot19/masks/0368_mask.png
369,0.7637499999999999,0.34375,0.0,427.3887959866221,377.91235392320533,1,0.0,0.04639270879344442,0.02672010992547538,1776431094.561981,5,/Users/kimsumin/projects/RGMC/data/map/robot19/images/0369.png,/Users/kimsumin/projects/RGMC/data/map/robot19/overlays/0369_overlay.png,/Users/kimsumin/projects/RGMC/data/map/robot19/masks/0369_mask.png
370,0.734375,0.34375,0.0,427.7056313993174,364.798462852263,1,0.0,0.015974272959059132,0.00602537427517678,1776431106.7460206,5,/Users/kimsumin/projects/RGMC/data/map/robot19/images/0370.png,/Users/kimsumin/projects/RGMC/data/map/robot19/overlays/0370_overlay.png,/Users/kimsumin/projects/RGMC/data/map/robot19/masks/0370_mask.png
371,0.705,0.34375,0.0,427.59801488833745,351.0215767634855,1,0.0,0.02837592670283254,0.06786908077394543,1776431118.7253928,5,/Users/kimsumin/projects/RGMC/data/map/robot19/images/0371.png,/Users/kimsumin/projects/RGMC/data/map/robot19/overlays/0371_overlay.png,/Users/kimsumin/projects/RGMC/data/map/robot19/masks/0371_mask.png
372,0.6756249999999999,0.34375,0.0,427.61240310077517,337.73778920308484,1,0.0,0.046227618566274886,0.04998885108914578,1776431130.7066252,5,/Users/kimsumin/projects/RGMC/data/map/robot19/images/0372.png,/Users/kimsumin/projects/RGMC/data/map/robot19/overlays/0372_overlay.png,/Users/kimsumin/projects/RGMC/data/map/robot19/masks/0372_mask.png
373,0.64625,0.34375,0.0,428.05150214592277,325.0343642611684,1,0.0,0.027880625657900174,0.01740453513390483,1776431142.996486,5,/Users/kimsumin/projects/RGMC/data/map/robot19/images/0373.png,/Users/kimsumin/projects/RGMC/data/map/robot19/overlays/0373_overlay.png,/Users/kimsumin/projects/RGMC/data/map/robot19/masks/0373_mask.png
374,0.616875,0.34375,0.0,428.0238500851789,311.32851063829787,1,0.0,0.05803555302743311,0.06173096700461106,1776431155.7958436,5,/Users/kimsumin/projects/RGMC/data/map/robot19/images/0374.png,/Users/kimsumin/projects/RGMC/data/map/robot19/overlays/0374_overlay.png,/Users/kimsumin/projects/RGMC/data/map/robot19/masks/0374_mask.png
375,0.5874999999999999,0.34375,0.0,428.37114261884903,298.4525,1,0.0,0.10282208486394975,0.0770529032330602,1776431168.8012688,5,/Users/kimsumin/projects/RGMC/data/map/robot19/images/0375.png,/Users/kimsumin/projects/RGMC/data/map/robot19/overlays/0375_overlay.png,/Users/kimsumin/projects/RGMC/data/map/robot19/masks/0375_mask.png
376,0.558125,0.34375,0.0,428.33476764199656,285.54913793103447,1,0.0,0.01645416892151446,0.03681802168559929,1776431180.579374,5,/Users/kimsumin/projects/RGMC/data/map/robot19/images/0376.png,/Users/kimsumin/projects/RGMC/data/map/robot19/overlays/0376_overlay.png,/Users/kimsumin/projects/RGMC/data/map/robot19/masks/0376_mask.png
377,0.5287499999999999,0.34375,0.0,430.1674087266251,272.2021371326803,1,0.0,0.44764074449427965,0.08442042138189484,1776431192.453961,5,/Users/kimsumin/projects/RGMC/data/map/robot19/images/0377.png,/Users/kimsumin/projects/RGMC/data/map/robot19/overlays/0377_overlay.png,/Users/kimsumin/projects/RGMC/data/map/robot19/masks/0377_mask.png
378,0.49937499999999996,0.34375,0.0,430.30408340573416,258.4144222415291,1,0.0,0.3937715667780173,0.048270355065598076,1776431204.5337844,5,/Users/kimsumin/projects/RGMC/data/map/robot19/images/0378.png,/Users/kimsumin/projects/RGMC/data/map/robot19/overlays/0378_overlay.png,/Users/kimsumin/projects/RGMC/data/map/robot19/masks/0378_mask.png
379,0.47,0.34375,0.0,430.6161262050833,245.29387069689338,1,0.0,0.3979000642803063,0.04299371234345229,1776431216.5189621,5,/Users/kimsumin/projects/RGMC/data/map/robot19/images/0379.png,/Users/kimsumin/projects/RGMC/data/map/robot19/overlays/0379_overlay.png,/Users/kimsumin/projects/RGMC/data/map/robot19/masks/0379_mask.png
380,0.440625,0.34375,0.0,430.8078947368421,232.04995617879052,1,0.0,0.03037081761975627,0.028863392301984297,1776431228.7052972,5,/Users/kimsumin/projects/RGMC/data/map/robot19/images/0380.png,/Users/kimsumin/projects/RGMC/data/map/robot19/overlays/0380_overlay.png,/Users/kimsumin/projects/RGMC/data/map/robot19/masks/0380_mask.png
381,0.41125,0.34375,0.0,431.11299915038234,218.46529562982005,1,0.0,0.03970078752792686,0.02619094216527102,1776431240.6868274,5,/Users/kimsumin/projects/RGMC/data/map/robot19/images/0381.png,/Users/kimsumin/projects/RGMC/data/map/robot19/overlays/0381_overlay.png,/Users/kimsumin/projects/RGMC/data/map/robot19/masks/0381_mask.png
382,0.38187499999999996,0.34375,0.0,431.0703389830509,205.48600508905852,1,0.0,0.04675685220218357,0.027589522537308998,1776431252.8736734,5,/Users/kimsumin/projects/RGMC/data/map/robot19/images/0382.png,/Users/kimsumin/projects/RGMC/data/map/robot19/overlays/0382_overlay.png,/Users/kimsumin/projects/RGMC/data/map/robot19/masks/0382_mask.png
383,0.3525,0.34375,0.0,431.34288194444446,192.6875,1,0.0,0.00593922247841002,0.011571684675830925,1776431265.159784,5,/Users/kimsumin/projects/RGMC/data/map/robot19/images/0383.png,/Users/kimsumin/projects/RGMC/data/map/robot19/overlays/0383_overlay.png,/Users/kimsumin/projects/RGMC/data/map/robot19/masks/0383_mask.png
384,0.323125,0.34375,0.0,431.3780918727915,180.0,1,0.0,0.022266750068717065,0.08591695886179772,1776431276.9373019,5,/Users/kimsumin/projects/RGMC/data/map/robot19/images/0384.png,/Users/kimsumin/projects/RGMC/data/map/robot19/overlays/0384_overlay.png,/Users/kimsumin/projects/RGMC/data/map/robot19/masks/0384_mask.png
385,0.29374999999999996,0.34375,0.0,431.24281984334203,165.9805996472663,1,0.0,0.053517494386376985,0.06116324907045809,1776431288.6055267,5,/Users/kimsumin/projects/RGMC/data/map/robot19/images/0385.png,/Users/kimsumin/projects/RGMC/data/map/robot19/overlays/0385_overlay.png,/Users/kimsumin/projects/RGMC/data/map/robot19/masks/0385_mask.png
386,0.26437499999999997,0.34375,0.0,431.67186147186146,153.25108225108224,1,0.0,0.03130668787642549,0.04821859089716612,1776431300.691215,5,/Users/kimsumin/projects/RGMC/data/map/robot19/images/0386.png,/Users/kimsumin/projects/RGMC/data/map/robot19/overlays/0386_overlay.png,/Users/kimsumin/projects/RGMC/data/map/robot19/masks/0386_mask.png
387,0.235,0.34375,0.0,431.8456318914334,140.69550466497031,1,0.0,0.03242224851200613,0.07125059408625542,1776431312.9528985,5,/Users/kimsumin/projects/RGMC/data/map/robot19/images/0387.png,/Users/kimsumin/projects/RGMC/data/map/robot19/overlays/0387_overlay.png,/Users/kimsumin/projects/RGMC/data/map/robot19/masks/0387_mask.png
388,0.205625,0.34375,0.0,432.2780191138141,126.69170984455958,1,0.0,0.04051625655419469,0.10312152860960797,1776431325.06588,5,/Users/kimsumin/projects/RGMC/data/map/robot19/images/0388.png,/Users/kimsumin/projects/RGMC/data/map/robot19/overlays/0388_overlay.png,/Users/kimsumin/projects/RGMC/data/map/robot19/masks/0388_mask.png
389,0.17625,0.34375,0.0,432.34217067108534,113.73666666666666,1,0.0,0.20504857429522855,0.06136432399103942,1776431336.8407695,5,/Users/kimsumin/projects/RGMC/data/map/robot19/images/0389.png,/Users/kimsumin/projects/RGMC/data/map/robot19/overlays/0389_overlay.png,/Users/kimsumin/projects/RGMC/data/map/robot19/masks/0389_mask.png
390,0.14687499999999998,0.34375,0.0,432.9152823920266,101.10714285714286,1,0.0,0.0817988786820814,0.02356901043320058,1776431348.9232936,5,/Users/kimsumin/projects/RGMC/data/map/robot19/images/0390.png,/Users/kimsumin/projects/RGMC/data/map/robot19/overlays/0390_overlay.png,/Users/kimsumin/projects/RGMC/data/map/robot19/masks/0390_mask.png
391,0.1175,0.34375,0.0,433.2917705735661,88.10148514851485,1,0.0,0.026910954264505526,0.015583564108058074,1776431360.4952993,5,/Users/kimsumin/projects/RGMC/data/map/robot19/images/0391.png,/Users/kimsumin/projects/RGMC/data/map/robot19/overlays/0391_overlay.png,/Users/kimsumin/projects/RGMC/data/map/robot19/masks/0391_mask.png
392,0.088125,0.34375,0.0,433.366935483871,74.81436642453592,1,0.0,0.06277121759272074,0.05266905282386145,1776431372.3701622,5,/Users/kimsumin/projects/RGMC/data/map/robot19/images/0392.png,/Users/kimsumin/projects/RGMC/data/map/robot19/overlays/0392_overlay.png,/Users/kimsumin/projects/RGMC/data/map/robot19/masks/0392_mask.png
393,0.05875,0.34375,0.0,434.85982905982905,61.94107883817427,1,0.0,0.31936119156505177,0.04445238886653009,1776431384.4588223,5,/Users/kimsumin/projects/RGMC/data/map/robot19/images/0393.png,/Users/kimsumin/projects/RGMC/data/map/robot19/overlays/0393_overlay.png,/Users/kimsumin/projects/RGMC/data/map/robot19/masks/0393_mask.png
394,0.029375,0.34375,0.0,434.56684027777777,48.940104166666664,1,0.0,0.392687141514971,0.05413745906704771,1776431396.434878,5,/Users/kimsumin/projects/RGMC/data/map/robot19/images/0394.png,/Users/kimsumin/projects/RGMC/data/map/robot19/overlays/0394_overlay.png,/Users/kimsumin/projects/RGMC/data/map/robot19/masks/0394_mask.png
395,0.0,0.34375,0.0,433.9910858995138,36.460048426150124,1,0.0,0.03330821380887316,0.029833992489129393,1776431408.4157689,5,/Users/kimsumin/projects/RGMC/data/map/robot19/images/0395.png,/Users/kimsumin/projects/RGMC/data/map/robot19/overlays/0395_overlay.png,/Users/kimsumin/projects/RGMC/data/map/robot19/masks/0395_mask.png
396,0.0,0.375,0.0,420.15706806282725,36.044502617801044,1,0.0,0.08790771507531174,0.09621515209703843,1776431420.2980006,5,/Users/kimsumin/projects/RGMC/data/map/robot19/images/0396.png,/Users/kimsumin/projects/RGMC/data/map/robot19/overlays/0396_overlay.png,/Users/kimsumin/projects/RGMC/data/map/robot19/masks/0396_mask.png
397,0.029375,0.375,0.0,419.81772151898736,48.29966044142615,1,0.0,0.03132740251108453,0.11036620899815443,1776431432.070687,5,/Users/kimsumin/projects/RGMC/data/map/robot19/images/0397.png,/Users/kimsumin/projects/RGMC/data/map/robot19/overlays/0397_overlay.png,/Users/kimsumin/projects/RGMC/data/map/robot19/masks/0397_mask.png
398,0.05875,0.375,0.0,419.48544520547944,61.351164797239,1,0.0,0.08843733928895676,0.07606944129233614,1776431444.0550265,5,/Users/kimsumin/projects/RGMC/data/map/robot19/images/0398.png,/Users/kimsumin/projects/RGMC/data/map/robot19/overlays/0398_overlay.png,/Users/kimsumin/projects/RGMC/data/map/robot19/masks/0398_mask.png
399,0.088125,0.375,0.0,419.68043844856663,74.20454545454545,1,0.0,0.06989153166920348,0.01786734257236856,1776431456.1375935,5,/Users/kimsumin/projects/RGMC/data/map/robot19/images/0399.png,/Users/kimsumin/projects/RGMC/data/map/robot19/overlays/0399_overlay.png,/Users/kimsumin/projects/RGMC/data/map/robot19/masks/0399_mask.png
400,0.1175,0.375,0.0,419.4784053156146,87.68375325803649,1,0.0,0.04725590549644488,0.4052952040345972,1776431468.0355022,5,/Users/kimsumin/projects/RGMC/data/map/robot19/images/0400.png,/Users/kimsumin/projects/RGMC/data/map/robot19/overlays/0400_overlay.png,/Users/kimsumin/projects/RGMC/data/map/robot19/masks/0400_mask.png
401,0.14687499999999998,0.375,0.0,419.1189236111111,100.67530224525044,1,0.0,0.026459238351679314,0.05673654516986292,1776431479.809797,5,/Users/kimsumin/projects/RGMC/data/map/robot19/images/0401.png,/Users/kimsumin/projects/RGMC/data/map/robot19/overlays/0401_overlay.png,/Users/kimsumin/projects/RGMC/data/map/robot19/masks/0401_mask.png
402,0.17625,0.375,0.0,418.1112956810631,113.45004128819157,1,0.0,0.37365848187197087,0.033887044666749445,1776431491.8916962,5,/Users/kimsumin/projects/RGMC/data/map/robot19/images/0402.png,/Users/kimsumin/projects/RGMC/data/map/robot19/overlays/0402_overlay.png,/Users/kimsumin/projects/RGMC/data/map/robot19/masks/0402_mask.png
403,0.205625,0.375,0.0,417.79638752052546,125.89819376026273,1,0.0,0.0682928906543319,0.06507996012839788,1776431504.4915686,5,/Users/kimsumin/projects/RGMC/data/map/robot19/images/0403.png,/Users/kimsumin/projects/RGMC/data/map/robot19/overlays/0403_overlay.png,/Users/kimsumin/projects/RGMC/data/map/robot19/masks/0403_mask.png
404,0.235,0.375,0.0,417.5456896551724,139.60365853658536,1,0.0,0.10037186118164905,0.050534641276877006,1776431516.0415194,5,/Users/kimsumin/projects/RGMC/data/map/robot19/images/0404.png,/Users/kimsumin/projects/RGMC/data/map/robot19/overlays/0404_overlay.png,/Users/kimsumin/projects/RGMC/data/map/robot19/masks/0404_mask.png
405,0.26437499999999997,0.375,0.0,417.552831783601,152.45755517826825,1,0.0,0.06165944767233737,0.04507301834918167,1776431527.9225602,5,/Users/kimsumin/projects/RGMC/data/map/robot19/images/0405.png,/Users/kimsumin/projects/RGMC/data/map/robot19/overlays/0405_overlay.png,/Users/kimsumin/projects/RGMC/data/map/robot19/masks/0405_mask.png
406,0.29374999999999996,0.375,0.0,416.7905629139073,165.35903814262022,1,0.0,0.1102901218809744,0.06571387163828242,1776431540.0047495,5,/Users/kimsumin/projects/RGMC/data/map/robot19/images/0406.png,/Users/kimsumin/projects/RGMC/data/map/robot19/overlays/0406_overlay.png,/Users/kimsumin/projects/RGMC/data/map/robot19/masks/0406_mask.png
407,0.323125,0.375,0.0,417.0025795356836,178.45880312228968,1,0.0,0.02915643131023252,0.2542212920080566,1776431554.4442225,5,/Users/kimsumin/projects/RGMC/data/map/robot19/images/0407.png,/Users/kimsumin/projects/RGMC/data/map/robot19/overlays/0407_overlay.png,/Users/kimsumin/projects/RGMC/data/map/robot19/masks/0407_mask.png
408,0.3525,0.375,0.0,416.8061821219716,191.16874480465503,1,0.0,0.19876936022871253,0.3158237558843741,1776431566.9713676,5,/Users/kimsumin/projects/RGMC/data/map/robot19/images/0408.png,/Users/kimsumin/projects/RGMC/data/map/robot19/overlays/0408_overlay.png,/Users/kimsumin/projects/RGMC/data/map/robot19/masks/0408_mask.png
409,0.38187499999999996,0.375,0.0,415.8890829694323,205.24978165938865,1,0.0,0.05254449337551007,0.022451851952508078,1776431579.017267,5,/Users/kimsumin/projects/RGMC/data/map/robot19/images/0409.png,/Users/kimsumin/projects/RGMC/data/map/robot19/overlays/0409_overlay.png,/Users/kimsumin/projects/RGMC/data/map/robot19/masks/0409_mask.png
410,0.41125,0.375,0.0,415.755905511811,217.97550306211724,1,0.0,0.021122748400707592,0.02207730566461691,1776431591.067979,5,/Users/kimsumin/projects/RGMC/data/map/robot19/images/0410.png,/Users/kimsumin/projects/RGMC/data/map/robot19/overlays/0410_overlay.png,/Users/kimsumin/projects/RGMC/data/map/robot19/masks/0410_mask.png
411,0.440625,0.375,0.0,415.8076923076923,231.16512915129152,1,0.0,0.02738149466599071,0.345929554113626,1776431603.3925579,5,/Users/kimsumin/projects/RGMC/data/map/robot19/images/0411.png,/Users/kimsumin/projects/RGMC/data/map/robot19/overlays/0411_overlay.png,/Users/kimsumin/projects/RGMC/data/map/robot19/masks/0411_mask.png
412,0.47,0.375,0.0,415.9170344218888,245.00442086648982,1,0.0,0.03917062700079361,0.07467264835330459,1776431615.8807855,5,/Users/kimsumin/projects/RGMC/data/map/robot19/images/0412.png,/Users/kimsumin/projects/RGMC/data/map/robot19/overlays/0412_overlay.png,/Users/kimsumin/projects/RGMC/data/map/robot19/masks/0412_mask.png
413,0.49937499999999996,0.375,0.0,415.37598597721296,258.04703832752614,1,0.0,0.04603476563138526,0.024249323314903894,1776431627.962633,5,/Users/kimsumin/projects/RGMC/data/map/robot19/images/0413.png,/Users/kimsumin/projects/RGMC/data/map/robot19/overlays/0413_overlay.png,/Users/kimsumin/projects/RGMC/data/map/robot19/masks/0413_mask.png
414,0.5287499999999999,0.375,0.0,415.3218181818182,270.7948275862069,1,0.0,0.018134626676743676,0.2650906426809079,1776431640.0465298,5,/Users/kimsumin/projects/RGMC/data/map/robot19/images/0414.png,/Users/kimsumin/projects/RGMC/data/map/robot19/overlays/0414_overlay.png,/Users/kimsumin/projects/RGMC/data/map/robot19/masks/0414_mask.png
415,0.558125,0.375,0.0,415.0773286467487,284.8014059753954,1,0.0,0.08277746367552748,0.03085919323086775,1776431651.8260384,5,/Users/kimsumin/projects/RGMC/data/map/robot19/images/0415.png,/Users/kimsumin/projects/RGMC/data/map/robot19/overlays/0415_overlay.png,/Users/kimsumin/projects/RGMC/data/map/robot19/masks/0415_mask.png
416,0.5874999999999999,0.375,0.0,415.1397379912664,297.68558951965065,1,0.0,0.08118338589198792,0.08157569386735936,1776431663.7027717,5,/Users/kimsumin/projects/RGMC/data/map/robot19/images/0416.png,/Users/kimsumin/projects/RGMC/data/map/robot19/overlays/0416_overlay.png,/Users/kimsumin/projects/RGMC/data/map/robot19/masks/0416_mask.png
417,0.616875,0.375,0.0,414.9836206896552,310.4356093344857,1,0.0,0.06308707212709551,0.04264011948183666,1776431676.6106076,5,/Users/kimsumin/projects/RGMC/data/map/robot19/images/0417.png,/Users/kimsumin/projects/RGMC/data/map/robot19/overlays/0417_overlay.png,/Users/kimsumin/projects/RGMC/data/map/robot19/masks/0417_mask.png
418,0.64625,0.375,0.0,414.6510186005314,324.43362831858406,1,0.0,0.010379315095203038,0.02095820910233101,1776431688.5862408,5,/Users/kimsumin/projects/RGMC/data/map/robot19/images/0418.png,/Users/kimsumin/projects/RGMC/data/map/robot19/overlays/0418_overlay.png,/Users/kimsumin/projects/RGMC/data/map/robot19/masks/0418_mask.png
419,0.6756249999999999,0.375,0.0,412.9064935064935,337.8024369016536,1,0.0,0.07148486964310638,0.08992636878440627,1776431700.5660088,5,/Users/kimsumin/projects/RGMC/data/map/robot19/images/0419.png,/Users/kimsumin/projects/RGMC/data/map/robot19/overlays/0419_overlay.png,/Users/kimsumin/projects/RGMC/data/map/robot19/masks/0419_mask.png
420,0.705,0.375,0.0,412.08836395450567,350.2095652173913,1,0.0,0.07383736688208012,0.05105222898782349,1776431712.8656263,5,/Users/kimsumin/projects/RGMC/data/map/robot19/images/0420.png,/Users/kimsumin/projects/RGMC/data/map/robot19/overlays/0420_overlay.png,/Users/kimsumin/projects/RGMC/data/map/robot19/masks/0420_mask.png
421,0.734375,0.375,0.0,413.390756302521,364.45139475908707,1,0.0,0.067256730483491,0.040397303050933385,1776431726.5757036,5,/Users/kimsumin/projects/RGMC/data/map/robot19/images/0421.png,/Users/kimsumin/projects/RGMC/data/map/robot19/overlays/0421_overlay.png,/Users/kimsumin/projects/RGMC/data/map/robot19/masks/0421_mask.png
422,0.7637499999999999,0.375,0.0,412.93387755102043,377.3722448979592,1,0.0,0.07438646308098067,0.05093001620898217,1776431738.7604187,5,/Users/kimsumin/projects/RGMC/data/map/robot19/images/0422.png,/Users/kimsumin/projects/RGMC/data/map/robot19/overlays/0422_overlay.png,/Users/kimsumin/projects/RGMC/data/map/robot19/masks/0422_mask.png
423,0.793125,0.375,0.0,412.16917922948073,390.13628762541805,1,0.0,0.02333403637158964,0.17973966564614327,1776431751.5608997,5,/Users/kimsumin/projects/RGMC/data/map/robot19/images/0423.png,/Users/kimsumin/projects/RGMC/data/map/robot19/overlays/0423_overlay.png,/Users/kimsumin/projects/RGMC/data/map/robot19/masks/0423_mask.png
424,0.8225,0.375,0.0,411.75930735930734,404.58659704090513,1,0.0,0.17679341851833294,0.06324894089498406,1776431764.2600417,5,/Users/kimsumin/projects/RGMC/data/map/robot19/images/0424.png,/Users/kimsumin/projects/RGMC/data/map/robot19/overlays/0424_overlay.png,/Users/kimsumin/projects/RGMC/data/map/robot19/masks/0424_mask.png
425,0.8518749999999999,0.375,0.0,412.1338775510204,417.6988727858293,1,0.0,0.15182190269942658,0.07375666566051484,1776431777.2658973,5,/Users/kimsumin/projects/RGMC/data/map/robot19/images/0425.png,/Users/kimsumin/projects/RGMC/data/map/robot19/overlays/0425_overlay.png,/Users/kimsumin/projects/RGMC/data/map/robot19/masks/0425_mask.png
426,0.88125,0.375,0.0,411.52702702702703,431.3378378378378,1,0.0,0.26863522196304346,0.018149551551326883,1776431790.3780224,5,/Users/kimsumin/projects/RGMC/data/map/robot19/images/0426.png,/Users/kimsumin/projects/RGMC/data/map/robot19/overlays/0426_overlay.png,/Users/kimsumin/projects/RGMC/data/map/robot19/masks/0426_mask.png
427,0.9106249999999999,0.375,0.0,411.6685950413223,444.9579207920792,1,0.0,0.08678364026105032,0.0682918453541117,1776431802.5637612,5,/Users/kimsumin/projects/RGMC/data/map/robot19/images/0427.png,/Users/kimsumin/projects/RGMC/data/map/robot19/overlays/0427_overlay.png,/Users/kimsumin/projects/RGMC/data/map/robot19/masks/0427_mask.png
428,0.94,0.375,0.0,411.57938487115547,457.7543424317618,1,0.0,0.04689190339702798,0.03558903551715415,1776431815.4963312,5,/Users/kimsumin/projects/RGMC/data/map/robot19/images/0428.png,/Users/kimsumin/projects/RGMC/data/map/robot19/overlays/0428_overlay.png,/Users/kimsumin/projects/RGMC/data/map/robot19/masks/0428_mask.png
429,0.94,0.40625,0.0,397.1243072050673,457.56769596199524,1,0.0,0.022744134713620207,0.0391218027571798,1776431829.0126352,5,/Users/kimsumin/projects/RGMC/data/map/robot19/images/0429.png,/Users/kimsumin/projects/RGMC/data/map/robot19/overlays/0429_overlay.png,/Users/kimsumin/projects/RGMC/data/map/robot19/masks/0429_mask.png
430,0.9106249999999999,0.40625,0.0,397.1313694267516,444.8397435897436,1,0.0,0.061675382439708076,0.058690599522495654,1776431842.6073086,5,/Users/kimsumin/projects/RGMC/data/map/robot19/images/0430.png,/Users/kimsumin/projects/RGMC/data/map/robot19/overlays/0430_overlay.png,/Users/kimsumin/projects/RGMC/data/map/robot19/masks/0430_mask.png
431,0.88125,0.40625,0.0,397.04538577912257,431.22239031770044,1,0.0,0.06998298666672877,0.03683688240531446,1776431855.193063,5,/Users/kimsumin/projects/RGMC/data/map/robot19/images/0431.png,/Users/kimsumin/projects/RGMC/data/map/robot19/overlays/0431_overlay.png,/Users/kimsumin/projects/RGMC/data/map/robot19/masks/0431_mask.png
432,0.8518749999999999,0.40625,0.0,397.4933645589383,418.03633491311217,1,0.0,0.050722320593724064,0.045050207993073806,1776431866.855932,5,/Users/kimsumin/projects/RGMC/data/map/robot19/images/0432.png,/Users/kimsumin/projects/RGMC/data/map/robot19/overlays/0432_overlay.png,/Users/kimsumin/projects/RGMC/data/map/robot19/masks/0432_mask.png
433,0.8225,0.40625,0.0,398.65511265164645,404.33470394736844,1,0.0,0.3731578039016557,0.032889401453293526,1776431879.7688184,5,/Users/kimsumin/projects/RGMC/data/map/robot19/images/0433.png,/Users/kimsumin/projects/RGMC/data/map/robot19/overlays/0433_overlay.png,/Users/kimsumin/projects/RGMC/data/map/robot19/masks/0433_mask.png
434,0.793125,0.40625,0.0,398.7030352748154,390.5688524590164,1,0.0,0.01988457916877163,0.19107875882278905,1776431892.7768269,5,/Users/kimsumin/projects/RGMC/data/map/robot19/images/0434.png,/Users/kimsumin/projects/RGMC/data/map/robot19/overlays/0434_overlay.png,/Users/kimsumin/projects/RGMC/data/map/robot19/masks/0434_mask.png
435,0.7637499999999999,0.40625,0.0,399.0758853288364,377.54300168634063,1,0.0,0.03018136622344214,0.02083873585428777,1776431906.6913414,5,/Users/kimsumin/projects/RGMC/data/map/robot19/images/0435.png,/Users/kimsumin/projects/RGMC/data/map/robot19/overlays/0435_overlay.png,/Users/kimsumin/projects/RGMC/data/map/robot19/masks/0435_mask.png
436,0.734375,0.40625,0.0,399.26212765957445,364.51445578231295,1,0.0,0.041384075314531386,0.02675490303819665,1776431918.773524,5,/Users/kimsumin/projects/RGMC/data/map/robot19/images/0436.png,/Users/kimsumin/projects/RGMC/data/map/robot19/overlays/0436_overlay.png,/Users/kimsumin/projects/RGMC/data/map/robot19/masks/0436_mask.png
437,0.705,0.40625,0.0,399.0898203592814,350.42979452054794,1,0.0,0.028743151506440585,0.02549181196445934,1776431930.5631728,5,/Users/kimsumin/projects/RGMC/data/map/robot19/images/0437.png,/Users/kimsumin/projects/RGMC/data/map/robot19/overlays/0437_overlay.png,/Users/kimsumin/projects/RGMC/data/map/robot19/masks/0437_mask.png
438,0.6756249999999999,0.40625,0.0,399.53525913338996,337.4634974533107,1,0.0,0.06761457304283124,0.04052883554249273,1776431942.137138,5,/Users/kimsumin/projects/RGMC/data/map/robot19/images/0438.png,/Users/kimsumin/projects/RGMC/data/map/robot19/overlays/0438_overlay.png,/Users/kimsumin/projects/RGMC/data/map/robot19/masks/0438_mask.png
439,0.64625,0.40625,0.0,399.7081545064378,324.49786507258756,1,0.0,0.00798811368700407,0.07730534823658437,1776431956.2662787,5,/Users/kimsumin/projects/RGMC/data/map/robot19/images/0439.png,/Users/kimsumin/projects/RGMC/data/map/robot19/overlays/0439_overlay.png,/Users/kimsumin/projects/RGMC/data/map/robot19/masks/0439_mask.png
440,0.616875,0.40625,0.0,400.0442930153322,310.5456095481671,1,0.0,0.019564829314380378,0.026509720607813494,1776431970.0159333,5,/Users/kimsumin/projects/RGMC/data/map/robot19/images/0440.png,/Users/kimsumin/projects/RGMC/data/map/robot19/overlays/0440_overlay.png,/Users/kimsumin/projects/RGMC/data/map/robot19/masks/0440_mask.png
441,0.5874999999999999,0.40625,0.0,400.2465156794425,297.77844827586205,1,0.0,0.015381617042820017,0.034930219205110496,1776431983.1948936,5,/Users/kimsumin/projects/RGMC/data/map/robot19/images/0441.png,/Users/kimsumin/projects/RGMC/data/map/robot19/overlays/0441_overlay.png,/Users/kimsumin/projects/RGMC/data/map/robot19/masks/0441_mask.png
442,0.558125,0.40625,0.0,400.36067019400355,284.8676081200353,1,0.0,0.0359545940581102,0.060346013115653685,1776431995.883675,5,/Users/kimsumin/projects/RGMC/data/map/robot19/images/0442.png,/Users/kimsumin/projects/RGMC/data/map/robot19/overlays/0442_overlay.png,/Users/kimsumin/projects/RGMC/data/map/robot19/masks/0442_mask.png
443,0.5287499999999999,0.40625,0.0,400.44914491449146,271.8010801080108,1,0.0,0.1311620430751191,0.06495384134356692,1776432010.2325072,5,/Users/kimsumin/projects/RGMC/data/map/robot19/images/0443.png,/Users/kimsumin/projects/RGMC/data/map/robot19/overlays/0443_overlay.png,/Users/kimsumin/projects/RGMC/data/map/robot19/masks/0443_mask.png
444,0.49937499999999996,0.40625,0.0,400.8615249780894,257.75021834061135,1,0.0,0.08303372842603017,0.09036339164081451,1776432023.0371323,5,/Users/kimsumin/projects/RGMC/data/map/robot19/images/0444.png,/Users/kimsumin/projects/RGMC/data/map/robot19/overlays/0444_overlay.png,/Users/kimsumin/projects/RGMC/data/map/robot19/masks/0444_mask.png
445,0.47,0.40625,0.0,401.4869565217391,244.7313043478261,1,0.0,0.12715259995634076,0.03866581630036878,1776432035.1131303,5,/Users/kimsumin/projects/RGMC/data/map/robot19/images/0445.png,/Users/kimsumin/projects/RGMC/data/map/robot19/overlays/0445_overlay.png,/Users/kimsumin/projects/RGMC/data/map/robot19/masks/0445_mask.png
446,0.440625,0.40625,0.0,401.91918294849023,231.7753108348135,1,0.0,0.09053112609124939,0.09736738690002543,1776432048.5256343,5,/Users/kimsumin/projects/RGMC/data/map/robot19/images/0446.png,/Users/kimsumin/projects/RGMC/data/map/robot19/overlays/0446_overlay.png,/Users/kimsumin/projects/RGMC/data/map/robot19/masks/0446_mask.png
447,0.41125,0.40625,0.0,402.7742504409171,218.1054964539007,1,0.0,0.057070056539676714,0.05089086942291209,1776432061.5634966,5,/Users/kimsumin/projects/RGMC/data/map/robot19/images/0447.png,/Users/kimsumin/projects/RGMC/data/map/robot19/overlays/0447_overlay.png,/Users/kimsumin/projects/RGMC/data/map/robot19/masks/0447_mask.png
448,0.38187499999999996,0.40625,0.0,403.05594405594405,204.91525423728814,1,0.0,0.10588338952459767,0.10672278255559196,1776432075.660294,5,/Users/kimsumin/projects/RGMC/data/map/robot19/images/0448.png,/Users/kimsumin/projects/RGMC/data/map/robot19/overlays/0448_overlay.png,/Users/kimsumin/projects/RGMC/data/map/robot19/masks/0448_mask.png
449,0.3525,0.40625,0.0,403.2226999140155,191.33218588640275,1,0.0,0.024801450366897897,0.3747042603681689,1776432088.3990512,5,/Users/kimsumin/projects/RGMC/data/map/robot19/images/0449.png,/Users/kimsumin/projects/RGMC/data/map/robot19/overlays/0449_overlay.png,/Users/kimsumin/projects/RGMC/data/map/robot19/masks/0449_mask.png
450,0.323125,0.40625,0.0,402.8694885361552,178.23767605633802,1,0.0,0.04285029651826046,0.05153353440309377,1776432100.8598897,5,/Users/kimsumin/projects/RGMC/data/map/robot19/images/0450.png,/Users/kimsumin/projects/RGMC/data/map/robot19/overlays/0450_overlay.png,/Users/kimsumin/projects/RGMC/data/map/robot19/masks/0450_mask.png
451,0.29374999999999996,0.40625,0.0,403.25347222222223,165.4150779896014,1,0.0,0.033016502181697556,0.12433688487071151,1776432113.2431502,5,/Users/kimsumin/projects/RGMC/data/map/robot19/images/0451.png,/Users/kimsumin/projects/RGMC/data/map/robot19/overlays/0451_overlay.png,/Users/kimsumin/projects/RGMC/data/map/robot19/masks/0451_mask.png
452,0.26437499999999997,0.40625,0.0,403.31206896551726,152.70879590093938,1,0.0,0.05874541029474925,0.06813708544736521,1776432125.6350307,5,/Users/kimsumin/projects/RGMC/data/map/robot19/images/0452.png,/Users/kimsumin/projects/RGMC/data/map/robot19/overlays/0452_overlay.png,/Users/kimsumin/projects/RGMC/data/map/robot19/masks/0452_mask.png
453,0.235,0.40625,0.0,403.71515679442507,139.96480686695278,1,0.0,0.024028167721761178,0.11185575915181792,1776432137.7206075,5,/Users/kimsumin/projects/RGMC/data/map/robot19/images/0453.png,/Users/kimsumin/projects/RGMC/data/map/robot19/overlays/0453_overlay.png,/Users/kimsumin/projects/RGMC/data/map/robot19/masks/0453_mask.png
454,0.205625,0.40625,0.0,403.6830092983939,125.62162162162163,1,0.0,0.20375109071762573,0.06369316895489165,1776432150.5369675,5,/Users/kimsumin/projects/RGMC/data/map/robot19/images/0454.png,/Users/kimsumin/projects/RGMC/data/map/robot19/overlays/0454_overlay.png,/Users/kimsumin/projects/RGMC/data/map/robot19/masks/0454_mask.png
455,0.17625,0.40625,0.0,404.2897196261682,113.5219638242894,1,0.0,0.06184317803050986,0.022427299560704383,1776432162.9166706,5,/Users/kimsumin/projects/RGMC/data/map/robot19/images/0455.png,/Users/kimsumin/projects/RGMC/data/map/robot19/overlays/0455_overlay.png,/Users/kimsumin/projects/RGMC/data/map/robot19/masks/0455_mask.png
456,0.14687499999999998,0.40625,0.0,404.39427127211457,100.8390901432182,1,0.0,0.06056655305993827,0.018947298894701578,1776432174.5857515,5,/Users/kimsumin/projects/RGMC/data/map/robot19/images/0456.png,/Users/kimsumin/projects/RGMC/data/map/robot19/overlays/0456_overlay.png,/Users/kimsumin/projects/RGMC/data/map/robot19/masks/0456_mask.png
457,0.1175,0.40625,0.0,404.80504786771104,87.62295081967213,1,0.0,0.24641798112925584,0.21100911140065012,1776432188.2001185,5,/Users/kimsumin/projects/RGMC/data/map/robot19/images/0457.png,/Users/kimsumin/projects/RGMC/data/map/robot19/overlays/0457_overlay.png,/Users/kimsumin/projects/RGMC/data/map/robot19/masks/0457_mask.png
458,0.088125,0.40625,0.0,404.9941275167785,74.38512949039264,1,0.0,0.08943996500236999,0.02143557767717222,1776432201.410085,5,/Users/kimsumin/projects/RGMC/data/map/robot19/images/0458.png,/Users/kimsumin/projects/RGMC/data/map/robot19/overlays/0458_overlay.png,/Users/kimsumin/projects/RGMC/data/map/robot19/masks/0458_mask.png
459,0.05875,0.40625,0.0,405.5161557580779,61.20282626766417,1,0.0,0.3774839228083085,0.02734799983963885,1776432214.5296736,5,/Users/kimsumin/projects/RGMC/data/map/robot19/images/0459.png,/Users/kimsumin/projects/RGMC/data/map/robot19/overlays/0459_overlay.png,/Users/kimsumin/projects/RGMC/data/map/robot19/masks/0459_mask.png
460,0.029375,0.40625,0.0,405.8306055646481,48.731587561374795,1,0.0,0.058764840727925656,0.05042922120780845,1776432228.3454883,5,/Users/kimsumin/projects/RGMC/data/map/robot19/images/0460.png,/Users/kimsumin/projects/RGMC/data/map/robot19/overlays/0460_overlay.png,/Users/kimsumin/projects/RGMC/data/map/robot19/masks/0460_mask.png
461,0.0,0.40625,0.0,406.8651000870322,36.00261780104712,1,0.0,0.061245829639376644,0.08066052244023582,1776432242.3715103,5,/Users/kimsumin/projects/RGMC/data/map/robot19/images/0461.png,/Users/kimsumin/projects/RGMC/data/map/robot19/overlays/0461_overlay.png,/Users/kimsumin/projects/RGMC/data/map/robot19/masks/0461_mask.png
462,0.0,0.4375,0.0,391.93407534246575,35.97688356164384,1,0.0,0.02240908717460078,0.05075978788099916,1776432258.4464996,5,/Users/kimsumin/projects/RGMC/data/map/robot19/images/0462.png,/Users/kimsumin/projects/RGMC/data/map/robot19/overlays/0462_overlay.png,/Users/kimsumin/projects/RGMC/data/map/robot19/masks/0462_mask.png
463,0.029375,0.4375,0.0,391.7771285475793,47.42153589315526,1,0.0,0.08269827448449878,0.09275035628424433,1776432273.2319846,5,/Users/kimsumin/projects/RGMC/data/map/robot19/images/0463.png,/Users/kimsumin/projects/RGMC/data/map/robot19/overlays/0463_overlay.png,/Users/kimsumin/projects/RGMC/data/map/robot19/masks/0463_mask.png
464,0.05875,0.4375,0.0,391.7279661016949,61.081702127659575,1,0.0,0.0652856948173829,0.07240906394653959,1776432289.5728962,5,/Users/kimsumin/projects/RGMC/data/map/robot19/images/0464.png,/Users/kimsumin/projects/RGMC/data/map/robot19/overlays/0464_overlay.png,/Users/kimsumin/projects/RGMC/data/map/robot19/masks/0464_mask.png
465,0.088125,0.4375,0.0,391.25085324232083,73.83532423208192,1,0.0,0.05220141283777399,0.05802124728070525,1776432307.105787,5,/Users/kimsumin/projects/RGMC/data/map/robot19/images/0465.png,/Users/kimsumin/projects/RGMC/data/map/robot19/overlays/0465_overlay.png,/Users/kimsumin/projects/RGMC/data/map/robot19/masks/0465_mask.png
466,0.1175,0.4375,0.0,391.1160949868074,86.42970123022847,1,0.0,0.03096123889378968,0.022294881634046776,1776432323.3713899,5,/Users/kimsumin/projects/RGMC/data/map/robot19/images/0466.png,/Users/kimsumin/projects/RGMC/data/map/robot19/overlays/0466_overlay.png,/Users/kimsumin/projects/RGMC/data/map/robot19/masks/0466_mask.png
467,0.14687499999999998,0.4375,0.0,390.69076655052265,99.9869337979094,1,0.0,0.32261990234724686,0.04918434816702539,1776432340.8711357,5,/Users/kimsumin/projects/RGMC/data/map/robot19/images/0467.png,/Users/kimsumin/projects/RGMC/data/map/robot19/overlays/0467_overlay.png,/Users/kimsumin/projects/RGMC/data/map/robot19/masks/0467_mask.png
468,0.17625,0.4375,0.0,390.91011235955057,112.40104620749781,1,0.0,0.063148528320324,0.06389714042970321,1776432355.8803625,5,/Users/kimsumin/projects/RGMC/data/map/robot19/images/0468.png,/Users/kimsumin/projects/RGMC/data/map/robot19/overlays/0468_overlay.png,/Users/kimsumin/projects/RGMC/data/map/robot19/masks/0468_mask.png
469,0.205625,0.4375,0.0,389.55333333333334,125.03890728476821,1,0.0,0.06256967554739862,0.0985662850783585,1776432369.8659368,5,/Users/kimsumin/projects/RGMC/data/map/robot19/images/0469.png,/Users/kimsumin/projects/RGMC/data/map/robot19/overlays/0469_overlay.png,/Users/kimsumin/projects/RGMC/data/map/robot19/masks/0469_mask.png
470,0.235,0.4375,0.0,389.80205415499535,138.38050043140638,1,0.0,0.4310609795857366,0.4365944319934313,1776432382.2301307,5,/Users/kimsumin/projects/RGMC/data/map/robot19/images/0470.png,/Users/kimsumin/projects/RGMC/data/map/robot19/overlays/0470_overlay.png,/Users/kimsumin/projects/RGMC/data/map/robot19/masks/0470_mask.png
471,0.26437499999999997,0.4375,0.0,388.8241563055062,152.10704727921498,1,0.0,0.3663119731768697,0.06919975136789748,1776432395.7679121,5,/Users/kimsumin/projects/RGMC/data/map/robot19/images/0471.png,/Users/kimsumin/projects/RGMC/data/map/robot19/overlays/0471_overlay.png,/Users/kimsumin/projects/RGMC/data/map/robot19/masks/0471_mask.png
472,0.29374999999999996,0.4375,0.0,388.61696658097685,164.92235494880546,1,0.0,0.13734832498639016,0.06100164839591615,1776432409.7068741,5,/Users/kimsumin/projects/RGMC/data/map/robot19/images/0472.png,/Users/kimsumin/projects/RGMC/data/map/robot19/overlays/0472_overlay.png,/Users/kimsumin/projects/RGMC/data/map/robot19/masks/0472_mask.png
473,0.323125,0.4375,0.0,388.58152173913044,178.12455197132616,1,0.0,0.11679126855633314,0.07558913052988503,1776432423.44672,5,/Users/kimsumin/projects/RGMC/data/map/robot19/images/0473.png,/Users/kimsumin/projects/RGMC/data/map/robot19/overlays/0473_overlay.png,/Users/kimsumin/projects/RGMC/data/map/robot19/masks/0473_mask.png
474,0.3525,0.4375,0.0,387.68,190.4113475177305,1,0.0,0.20405161915421607,0.031328976887522154,1776432436.0145082,5,/Users/kimsumin/projects/RGMC/data/map/robot19/images/0474.png,/Users/kimsumin/projects/RGMC/data/map/robot19/overlays/0474_overlay.png,/Users/kimsumin/projects/RGMC/data/map/robot19/masks/0474_mask.png
475,0.38187499999999996,0.4375,0.0,388.1541218637993,204.58243727598565,1,0.0,0.23336823665735726,0.15686536907832546,1776432450.2585218,5,/Users/kimsumin/projects/RGMC/data/map/robot19/images/0475.png,/Users/kimsumin/projects/RGMC/data/map/robot19/overlays/0475_overlay.png,/Users/kimsumin/projects/RGMC/data/map/robot19/masks/0475_mask.png
476,0.41125,0.4375,0.0,387.487826871055,217.65193868349866,1,0.0,0.049979054887969096,0.03952592273593479,1776432463.5628505,5,/Users/kimsumin/projects/RGMC/data/map/robot19/images/0476.png,/Users/kimsumin/projects/RGMC/data/map/robot19/overlays/0476_overlay.png,/Users/kimsumin/projects/RGMC/data/map/robot19/masks/0476_mask.png
477,0.440625,0.4375,0.0,387.45914742451157,230.50710479573712,1,0.0,0.023244217116599408,0.0288225386291741,1776432476.8708968,5,/Users/kimsumin/projects/RGMC/data/map/robot19/images/0477.png,/Users/kimsumin/projects/RGMC/data/map/robot19/overlays/0477_overlay.png,/Users/kimsumin/projects/RGMC/data/map/robot19/masks/0477_mask.png
478,0.47,0.4375,0.0,387.24976958525343,244.17738970588235,1,0.0,0.036681367324274725,0.06529145142400623,1776432489.2608678,5,/Users/kimsumin/projects/RGMC/data/map/robot19/images/0478.png,/Users/kimsumin/projects/RGMC/data/map/robot19/overlays/0478_overlay.png,/Users/kimsumin/projects/RGMC/data/map/robot19/masks/0478_mask.png
479,0.49937499999999996,0.4375,0.0,387.2330694810906,257.39841688654354,1,0.0,0.05682802624920563,0.13430205811909435,1776432503.5008276,5,/Users/kimsumin/projects/RGMC/data/map/robot19/images/0479.png,/Users/kimsumin/projects/RGMC/data/map/robot19/overlays/0479_overlay.png,/Users/kimsumin/projects/RGMC/data/map/robot19/masks/0479_mask.png
480,0.5287499999999999,0.4375,0.0,387.2689225289403,269.61131059245963,1,0.0,0.02119032058088709,0.010389900836362157,1776432516.4014163,5,/Users/kimsumin/projects/RGMC/data/map/robot19/images/0480.png,/Users/kimsumin/projects/RGMC/data/map/robot19/overlays/0480_overlay.png,/Users/kimsumin/projects/RGMC/data/map/robot19/masks/0480_mask.png
481,0.558125,0.4375,0.0,386.9252669039146,284.0026857654432,1,0.0,0.058513074302228955,0.03458406826809911,1776432529.2032738,5,/Users/kimsumin/projects/RGMC/data/map/robot19/images/0481.png,/Users/kimsumin/projects/RGMC/data/map/robot19/overlays/0481_overlay.png,/Users/kimsumin/projects/RGMC/data/map/robot19/masks/0481_mask.png
482,0.5874999999999999,0.4375,0.0,386.05560307955517,297.0826161790017,1,0.0,0.04433083778589564,0.08791000241462463,1776432541.2800956,5,/Users/kimsumin/projects/RGMC/data/map/robot19/images/0482.png,/Users/kimsumin/projects/RGMC/data/map/robot19/overlays/0482_overlay.png,/Users/kimsumin/projects/RGMC/data/map/robot19/masks/0482_mask.png
483,0.616875,0.4375,0.0,386.8206474190726,309.97185576077396,1,0.0,0.07981123994527235,0.08217954417906698,1776432553.7902699,5,/Users/kimsumin/projects/RGMC/data/map/robot19/images/0483.png,/Users/kimsumin/projects/RGMC/data/map/robot19/overlays/0483_overlay.png,/Users/kimsumin/projects/RGMC/data/map/robot19/masks/0483_mask.png
484,0.64625,0.4375,0.0,385.6652858326429,323.30583333333334,1,0.0,0.06284865670886976,0.050794376335680874,1776432565.5363688,5,/Users/kimsumin/projects/RGMC/data/map/robot19/images/0484.png,/Users/kimsumin/projects/RGMC/data/map/robot19/overlays/0484_overlay.png,/Users/kimsumin/projects/RGMC/data/map/robot19/masks/0484_mask.png
485,0.6756249999999999,0.4375,0.0,385.25680272108843,336.93470790378007,1,0.0,0.028618414163043265,0.05061307358160718,1776432577.9387577,5,/Users/kimsumin/projects/RGMC/data/map/robot19/images/0485.png,/Users/kimsumin/projects/RGMC/data/map/robot19/overlays/0485_overlay.png,/Users/kimsumin/projects/RGMC/data/map/robot19/masks/0485_mask.png
486,0.705,0.4375,0.0,384.3668085106383,349.9565587734242,1,0.0,0.018569465718030528,0.016712118245342127,1776432591.871655,5,/Users/kimsumin/projects/RGMC/data/map/robot19/images/0486.png,/Users/kimsumin/projects/RGMC/data/map/robot19/overlays/0486_overlay.png,/Users/kimsumin/projects/RGMC/data/map/robot19/masks/0486_mask.png
487,0.734375,0.4375,0.0,384.8484848484849,362.87300252312866,1,0.0,0.1447819635523606,0.04290681595747945,1776432604.2658982,5,/Users/kimsumin/projects/RGMC/data/map/robot19/images/0487.png,/Users/kimsumin/projects/RGMC/data/map/robot19/overlays/0487_overlay.png,/Users/kimsumin/projects/RGMC/data/map/robot19/masks/0487_mask.png
488,0.7637499999999999,0.4375,0.0,384.30794979079496,377.0008368200837,1,0.0,0.022711835019207444,0.04134513115770151,1776432617.0854464,5,/Users/kimsumin/projects/RGMC/data/map/robot19/images/0488.png,/Users/kimsumin/projects/RGMC/data/map/robot19/overlays/0488_overlay.png,/Users/kimsumin/projects/RGMC/data/map/robot19/masks/0488_mask.png
489,0.793125,0.4375,0.0,384.089552238806,390.0321516900247,1,0.0,0.01604848641724736,0.042971510228024104,1776432629.9540546,5,/Users/kimsumin/projects/RGMC/data/map/robot19/images/0489.png,/Users/kimsumin/projects/RGMC/data/map/robot19/overlays/0489_overlay.png,/Users/kimsumin/projects/RGMC/data/map/robot19/masks/0489_mask.png
490,0.8225,0.4375,0.0,383.7065573770492,402.79802955665025,1,0.0,0.02708455621809364,0.07269897976255266,1776432643.0656064,5,/Users/kimsumin/projects/RGMC/data/map/robot19/images/0490.png,/Users/kimsumin/projects/RGMC/data/map/robot19/overlays/0490_overlay.png,/Users/kimsumin/projects/RGMC/data/map/robot19/masks/0490_mask.png
491,0.8518749999999999,0.4375,0.0,383.4571657325861,417.55412991178827,1,0.0,0.021974421505305763,0.022802819707700914,1776432655.256633,5,/Users/kimsumin/projects/RGMC/data/map/robot19/images/0491.png,/Users/kimsumin/projects/RGMC/data/map/robot19/overlays/0491_overlay.png,/Users/kimsumin/projects/RGMC/data/map/robot19/masks/0491_mask.png
492,0.88125,0.4375,0.0,383.38832684824905,430.63338533541344,1,0.0,0.010770897484014514,0.08239485855378585,1776432667.2730231,5,/Users/kimsumin/projects/RGMC/data/map/robot19/images/0492.png,/Users/kimsumin/projects/RGMC/data/map/robot19/overlays/0492_overlay.png,/Users/kimsumin/projects/RGMC/data/map/robot19/masks/0492_mask.png
493,0.9106249999999999,0.4375,0.0,382.72747918243755,443.8130204390613,1,0.0,0.3694869471684365,0.06039385199749803,1776432678.291256,5,/Users/kimsumin/projects/RGMC/data/map/robot19/images/0493.png,/Users/kimsumin/projects/RGMC/data/map/robot19/overlays/0493_overlay.png,/Users/kimsumin/projects/RGMC/data/map/robot19/masks/0493_mask.png
494,0.94,0.4375,0.0,382.4015564202335,457.5868852459016,1,0.0,0.4383198143165055,0.060822118692873926,1776432690.8368485,5,/Users/kimsumin/projects/RGMC/data/map/robot19/images/0494.png,/Users/kimsumin/projects/RGMC/data/map/robot19/overlays/0494_overlay.png,/Users/kimsumin/projects/RGMC/data/map/robot19/masks/0494_mask.png
495,0.94,0.46875,0.0,368.12591986917414,457.3217821782178,1,0.0,0.06340692418490247,0.06322523656137051,1776432702.3917773,5,/Users/kimsumin/projects/RGMC/data/map/robot19/images/0495.png,/Users/kimsumin/projects/RGMC/data/map/robot19/overlays/0495_overlay.png,/Users/kimsumin/projects/RGMC/data/map/robot19/masks/0495_mask.png
496,0.9106249999999999,0.46875,0.0,368.50324675324674,444.6707416462918,1,0.0,0.07117667339073151,0.09063494846888182,1776432714.4546692,5,/Users/kimsumin/projects/RGMC/data/map/robot19/images/0496.png,/Users/kimsumin/projects/RGMC/data/map/robot19/overlays/0496_overlay.png,/Users/kimsumin/projects/RGMC/data/map/robot19/masks/0496_mask.png
497,0.88125,0.46875,0.0,368.71561051004636,430.9969064191802,1,0.0,0.017357443102464315,0.035439313568615474,1776432727.4458735,5,/Users/kimsumin/projects/RGMC/data/map/robot19/images/0497.png,/Users/kimsumin/projects/RGMC/data/map/robot19/overlays/0497_overlay.png,/Users/kimsumin/projects/RGMC/data/map/robot19/masks/0497_mask.png
498,0.8518749999999999,0.46875,0.0,368.74330708661415,417.5276898734177,1,0.0,0.11029510920063855,0.03778532969965808,1776432739.326617,5,/Users/kimsumin/projects/RGMC/data/map/robot19/images/0498.png,/Users/kimsumin/projects/RGMC/data/map/robot19/overlays/0498_overlay.png,/Users/kimsumin/projects/RGMC/data/map/robot19/masks/0498_mask.png
499,0.8225,0.46875,0.0,369.18009478672985,403.32069510268565,1,0.0,0.07154503687926736,0.06565284638978355,1776432751.820737,5,/Users/kimsumin/projects/RGMC/data/map/robot19/images/0499.png,/Users/kimsumin/projects/RGMC/data/map/robot19/overlays/0499_overlay.png,/Users/kimsumin/projects/RGMC/data/map/robot19/masks/0499_mask.png
500,0.793125,0.46875,0.0,369.5192156862745,390.21019607843135,1,0.0,0.04567784033165926,0.03762368570434592,1776432763.902998,5,/Users/kimsumin/projects/RGMC/data/map/robot19/images/0500.png,/Users/kimsumin/projects/RGMC/data/map/robot19/overlays/0500_overlay.png,/Users/kimsumin/projects/RGMC/data/map/robot19/masks/0500_mask.png
501,0.7637499999999999,0.46875,0.0,369.75637860082304,377.2450657894737,1,0.0,0.08904330296470185,0.04853294154959182,1776432775.9842987,5,/Users/kimsumin/projects/RGMC/data/map/robot19/images/0501.png,/Users/kimsumin/projects/RGMC/data/map/robot19/overlays/0501_overlay.png,/Users/kimsumin/projects/RGMC/data/map/robot19/masks/0501_mask.png
502,0.734375,0.46875,0.0,370.0444078947368,363.5053322395406,1,0.0,0.43163012653836746,0.12423390860073963,1776432787.9645178,5,/Users/kimsumin/projects/RGMC/data/map/robot19/images/0502.png,/Users/kimsumin/projects/RGMC/data/map/robot19/overlays/0502_overlay.png,/Users/kimsumin/projects/RGMC/data/map/robot19/masks/0502_mask.png
503,0.705,0.46875,0.0,370.18106995884773,350.089850249584,1,0.0,0.4168924297568655,0.10453396377517478,1776432800.2543077,5,/Users/kimsumin/projects/RGMC/data/map/robot19/images/0503.png,/Users/kimsumin/projects/RGMC/data/map/robot19/overlays/0503_overlay.png,/Users/kimsumin/projects/RGMC/data/map/robot19/masks/0503_mask.png
504,0.6756249999999999,0.46875,0.0,371.06382978723406,337.185119574845,1,0.0,0.05542666408155932,0.029585880406196908,1776432813.0052025,5,/Users/kimsumin/projects/RGMC/data/map/robot19/images/0504.png,/Users/kimsumin/projects/RGMC/data/map/robot19/overlays/0504_overlay.png,/Users/kimsumin/projects/RGMC/data/map/robot19/masks/0504_mask.png
505,0.64625,0.46875,0.0,371.37727666955766,323.4334500875657,1,0.0,0.061416030266222596,0.30649109702980265,1776432826.9626992,5,/Users/kimsumin/projects/RGMC/data/map/robot19/images/0505.png,/Users/kimsumin/projects/RGMC/data/map/robot19/overlays/0505_overlay.png,/Users/kimsumin/projects/RGMC/data/map/robot19/masks/0505_mask.png
506,0.616875,0.46875,0.0,371.7567567567568,310.2115891132572,1,0.0,0.0157097763589517,0.01831274657453774,1776432839.3678963,5,/Users/kimsumin/projects/RGMC/data/map/robot19/images/0506.png,/Users/kimsumin/projects/RGMC/data/map/robot19/overlays/0506_overlay.png,/Users/kimsumin/projects/RGMC/data/map/robot19/masks/0506_mask.png
507,0.5874999999999999,0.46875,0.0,371.6897746967071,297.2538994800693,1,0.0,0.04631692747432668,0.09280143611845706,1776432851.7598069,5,/Users/kimsumin/projects/RGMC/data/map/robot19/images/0507.png,/Users/kimsumin/projects/RGMC/data/map/robot19/overlays/0507_overlay.png,/Users/kimsumin/projects/RGMC/data/map/robot19/masks/0507_mask.png
508,0.558125,0.46875,0.0,371.81841876629016,283.5599300087489,1,0.0,0.05941457086943576,0.03747099487795217,1776432863.949758,5,/Users/kimsumin/projects/RGMC/data/map/robot19/images/0508.png,/Users/kimsumin/projects/RGMC/data/map/robot19/overlays/0508_overlay.png,/Users/kimsumin/projects/RGMC/data/map/robot19/masks/0508_mask.png
509,0.5287499999999999,0.46875,0.0,372.57894736842104,269.9734432234432,1,0.0,0.10191350174906798,0.062002055177672426,1776432876.2321339,5,/Users/kimsumin/projects/RGMC/data/map/robot19/images/0509.png,/Users/kimsumin/projects/RGMC/data/map/robot19/overlays/0509_overlay.png,/Users/kimsumin/projects/RGMC/data/map/robot19/masks/0509_mask.png
510,0.49937499999999996,0.46875,0.0,372.3573407202216,256.8955087076077,1,0.0,0.05205490638957099,0.03768951450167509,1776432887.9109638,5,/Users/kimsumin/projects/RGMC/data/map/robot19/images/0510.png,/Users/kimsumin/projects/RGMC/data/map/robot19/overlays/0510_overlay.png,/Users/kimsumin/projects/RGMC/data/map/robot19/masks/0510_mask.png
511,0.47,0.46875,0.0,372.9230046948357,244.1506976744186,1,0.0,0.1253410215641269,0.08129734878231057,1776432899.785142,5,/Users/kimsumin/projects/RGMC/data/map/robot19/images/0511.png,/Users/kimsumin/projects/RGMC/data/map/robot19/overlays/0511_overlay.png,/Users/kimsumin/projects/RGMC/data/map/robot19/masks/0511_mask.png
512,0.440625,0.46875,0.0,373.3227969348659,229.94844357976655,1,0.0,0.08940646059961498,0.30600392899572687,1776432911.7696195,5,/Users/kimsumin/projects/RGMC/data/map/robot19/images/0512.png,/Users/kimsumin/projects/RGMC/data/map/robot19/overlays/0512_overlay.png,/Users/kimsumin/projects/RGMC/data/map/robot19/masks/0512_mask.png
513,0.41125,0.46875,0.0,373.4603773584906,217.7607476635514,1,0.0,0.09134208575480554,0.06826617578433096,1776432923.854288,5,/Users/kimsumin/projects/RGMC/data/map/robot19/images/0513.png,/Users/kimsumin/projects/RGMC/data/map/robot19/overlays/0513_overlay.png,/Users/kimsumin/projects/RGMC/data/map/robot19/masks/0513_mask.png
514,0.38187499999999996,0.46875,0.0,374.2564102564103,204.68377635197066,1,0.0,0.03742061770713046,0.053624910561136434,1776432935.526182,5,/Users/kimsumin/projects/RGMC/data/map/robot19/images/0514.png,/Users/kimsumin/projects/RGMC/data/map/robot19/overlays/0514_overlay.png,/Users/kimsumin/projects/RGMC/data/map/robot19/masks/0514_mask.png
515,0.3525,0.46875,0.0,374.4307417336908,190.62823949955316,1,0.0,0.06684236109763048,0.12675653103570225,1776432947.7136765,5,/Users/kimsumin/projects/RGMC/data/map/robot19/images/0515.png,/Users/kimsumin/projects/RGMC/data/map/robot19/overlays/0515_overlay.png,/Users/kimsumin/projects/RGMC/data/map/robot19/masks/0515_mask.png
516,0.323125,0.46875,0.0,374.7978628673197,178.25045372050818,1,0.0,0.07455261643041913,0.05503652426811611,1776432960.1027179,5,/Users/kimsumin/projects/RGMC/data/map/robot19/images/0516.png,/Users/kimsumin/projects/RGMC/data/map/robot19/overlays/0516_overlay.png,/Users/kimsumin/projects/RGMC/data/map/robot19/masks/0516_mask.png
517,0.29374999999999996,0.46875,0.0,375.0559862187769,165.19121447028425,1,0.0,0.04822625103348769,0.05416774905892144,1776432972.084565,5,/Users/kimsumin/projects/RGMC/data/map/robot19/images/0517.png,/Users/kimsumin/projects/RGMC/data/map/robot19/overlays/0517_overlay.png,/Users/kimsumin/projects/RGMC/data/map/robot19/masks/0517_mask.png
518,0.26437499999999997,0.46875,0.0,375.40509666080845,152.31019332161688,1,0.0,0.021716266874699557,0.06404715974241665,1776432986.3296857,5,/Users/kimsumin/projects/RGMC/data/map/robot19/images/0518.png,/Users/kimsumin/projects/RGMC/data/map/robot19/overlays/0518_overlay.png,/Users/kimsumin/projects/RGMC/data/map/robot19/masks/0518_mask.png
519,0.235,0.46875,0.0,375.32102022867196,139.54177660510115,1,0.0,0.05533093024418806,0.04403938556912969,1776432997.987176,5,/Users/kimsumin/projects/RGMC/data/map/robot19/images/0519.png,/Users/kimsumin/projects/RGMC/data/map/robot19/overlays/0519_overlay.png,/Users/kimsumin/projects/RGMC/data/map/robot19/masks/0519_mask.png
520,0.205625,0.46875,0.0,375.43744680851063,125.76223175965666,1,0.0,0.06386589140411221,0.06900137845804176,1776433010.330566,5,/Users/kimsumin/projects/RGMC/data/map/robot19/images/0520.png,/Users/kimsumin/projects/RGMC/data/map/robot19/overlays/0520_overlay.png,/Users/kimsumin/projects/RGMC/data/map/robot19/masks/0520_mask.png
521,0.17625,0.46875,0.0,375.74297872340424,113.45787234042554,1,0.0,0.04159002902865436,0.019935380310687548,1776433022.2753956,5,/Users/kimsumin/projects/RGMC/data/map/robot19/images/0521.png,/Users/kimsumin/projects/RGMC/data/map/robot19/overlays/0521_overlay.png,/Users/kimsumin/projects/RGMC/data/map/robot19/masks/0521_mask.png
522,0.14687499999999998,0.46875,0.0,376.32765612327654,100.23905996758509,1,0.0,0.035877788666076854,0.04505647154482027,1776433034.4940681,5,/Users/kimsumin/projects/RGMC/data/map/robot19/images/0522.png,/Users/kimsumin/projects/RGMC/data/map/robot19/overlays/0522_overlay.png,/Users/kimsumin/projects/RGMC/data/map/robot19/masks/0522_mask.png
523,0.1175,0.46875,0.0,376.9273162939297,86.41015310233682,1,0.0,0.027132435290564083,0.09785796113553823,1776433047.0540066,5,/Users/kimsumin/projects/RGMC/data/map/robot19/images/0523.png,/Users/kimsumin/projects/RGMC/data/map/robot19/overlays/0523_overlay.png,/Users/kimsumin/projects/RGMC/data/map/robot19/masks/0523_mask.png
524,0.088125,0.46875,0.0,376.71035058430715,74.23102585487906,1,0.0,0.034978696738496295,0.037160228480918406,1776433058.9212883,5,/Users/kimsumin/projects/RGMC/data/map/robot19/images/0524.png,/Users/kimsumin/projects/RGMC/data/map/robot19/overlays/0524_overlay.png,/Users/kimsumin/projects/RGMC/data/map/robot19/masks/0524_mask.png
525,0.05875,0.46875,0.0,377.16961414790995,61.12540192926045,1,0.0,0.046308728818437936,0.041391819161868494,1776433071.1019785,5,/Users/kimsumin/projects/RGMC/data/map/robot19/images/0525.png,/Users/kimsumin/projects/RGMC/data/map/robot19/overlays/0525_overlay.png,/Users/kimsumin/projects/RGMC/data/map/robot19/masks/0525_mask.png
526,0.029375,0.46875,0.0,377.3518821603928,48.272504091653026,1,0.0,0.04426577127691771,0.04775666082558994,1776433082.5741136,5,/Users/kimsumin/projects/RGMC/data/map/robot19/images/0526.png,/Users/kimsumin/projects/RGMC/data/map/robot19/overlays/0526_overlay.png,/Users/kimsumin/projects/RGMC/data/map/robot19/masks/0526_mask.png
527,0.0,0.46875,0.0,377.68932038834953,34.920130399348004,1,0.0,0.07523369379174613,0.10150301791433987,1776433094.3521183,5,/Users/kimsumin/projects/RGMC/data/map/robot19/images/0527.png,/Users/kimsumin/projects/RGMC/data/map/robot19/overlays/0527_overlay.png,/Users/kimsumin/projects/RGMC/data/map/robot19/masks/0527_mask.png
528,0.0,0.5,0.0,363.80245901639347,34.905032467532465,1,0.0,0.02106817651602892,0.15027322256288259,1776433106.6469455,5,/Users/kimsumin/projects/RGMC/data/map/robot19/images/0528.png,/Users/kimsumin/projects/RGMC/data/map/robot19/overlays/0528_overlay.png,/Users/kimsumin/projects/RGMC/data/map/robot19/masks/0528_mask.png
529,0.029375,0.5,0.0,363.31941031941034,46.610569105691056,1,0.0,0.008484565906075485,0.10447223315802766,1776433118.8257918,5,/Users/kimsumin/projects/RGMC/data/map/robot19/images/0529.png,/Users/kimsumin/projects/RGMC/data/map/robot19/overlays/0529_overlay.png,/Users/kimsumin/projects/RGMC/data/map/robot19/masks/0529_mask.png
530,0.05875,0.5,0.0,363.30357142857144,60.825641025641026,1,0.0,0.09986879845886174,0.0720012481240216,1776433130.473848,5,/Users/kimsumin/projects/RGMC/data/map/robot19/images/0530.png,/Users/kimsumin/projects/RGMC/data/map/robot19/overlays/0530_overlay.png,/Users/kimsumin/projects/RGMC/data/map/robot19/masks/0530_mask.png
531,0.088125,0.5,0.0,363.40049958368024,73.29142381348876,1,0.0,0.06204448614328746,0.03395506753677874,1776433142.7885475,5,/Users/kimsumin/projects/RGMC/data/map/robot19/images/0531.png,/Users/kimsumin/projects/RGMC/data/map/robot19/overlays/0531_overlay.png,/Users/kimsumin/projects/RGMC/data/map/robot19/masks/0531_mask.png
532,0.1175,0.5,0.0,362.3795562599049,85.81832669322709,1,0.0,0.04957857514828308,0.06723354860232257,1776433154.973927,5,/Users/kimsumin/projects/RGMC/data/map/robot19/images/0532.png,/Users/kimsumin/projects/RGMC/data/map/robot19/overlays/0532_overlay.png,/Users/kimsumin/projects/RGMC/data/map/robot19/masks/0532_mask.png
533,0.14687499999999998,0.5,0.0,361.7587085811385,99.81810561609389,1,0.0,0.1163915063023078,0.07289883561305044,1776433166.9513307,5,/Users/kimsumin/projects/RGMC/data/map/robot19/images/0533.png,/Users/kimsumin/projects/RGMC/data/map/robot19/overlays/0533_overlay.png,/Users/kimsumin/projects/RGMC/data/map/robot19/masks/0533_mask.png
534,0.17625,0.5,0.0,361.47129391602397,112.81793721973094,1,0.0,0.38834687477047264,0.09747414469672216,1776433178.732584,5,/Users/kimsumin/projects/RGMC/data/map/robot19/images/0534.png,/Users/kimsumin/projects/RGMC/data/map/robot19/overlays/0534_overlay.png,/Users/kimsumin/projects/RGMC/data/map/robot19/masks/0534_mask.png
535,0.205625,0.5,0.0,361.2208228379513,125.20990764063812,1,0.0,0.034223060132798494,0.04388416212134418,1776433190.6097264,5,/Users/kimsumin/projects/RGMC/data/map/robot19/images/0535.png,/Users/kimsumin/projects/RGMC/data/map/robot19/overlays/0535_overlay.png,/Users/kimsumin/projects/RGMC/data/map/robot19/masks/0535_mask.png
536,0.235,0.5,0.0,360.7058333333333,137.99917287014063,1,0.0,0.05818725458761409,0.05320704793180675,1776433202.7908561,5,/Users/kimsumin/projects/RGMC/data/map/robot19/images/0536.png,/Users/kimsumin/projects/RGMC/data/map/robot19/overlays/0536_overlay.png,/Users/kimsumin/projects/RGMC/data/map/robot19/masks/0536_mask.png
537,0.26437499999999997,0.5,0.0,360.4833625218914,150.84661016949153,1,0.0,0.0865479214672588,0.28424514414627944,1776433214.7875195,5,/Users/kimsumin/projects/RGMC/data/map/robot19/images/0537.png,/Users/kimsumin/projects/RGMC/data/map/robot19/overlays/0537_overlay.png,/Users/kimsumin/projects/RGMC/data/map/robot19/masks/0537_mask.png
538,0.29374999999999996,0.5,0.0,359.8070469798658,164.84479865771812,1,0.0,0.06236583997557638,0.03418919371381177,1776433226.8556995,5,/Users/kimsumin/projects/RGMC/data/map/robot19/images/0538.png,/Users/kimsumin/projects/RGMC/data/map/robot19/overlays/0538_overlay.png,/Users/kimsumin/projects/RGMC/data/map/robot19/masks/0538_mask.png
539,0.323125,0.5,0.0,359.7321739130435,177.59110723626853,1,0.0,0.05082439909620013,0.055389365631446676,1776433238.732897,5,/Users/kimsumin/projects/RGMC/data/map/robot19/images/0539.png,/Users/kimsumin/projects/RGMC/data/map/robot19/overlays/0539_overlay.png,/Users/kimsumin/projects/RGMC/data/map/robot19/masks/0539_mask.png
540,0.3525,0.5,0.0,359.5238095238095,190.14261315115286,1,0.0,0.07254417237542965,0.12227698035467593,1776433250.8693066,5,/Users/kimsumin/projects/RGMC/data/map/robot19/images/0540.png,/Users/kimsumin/projects/RGMC/data/map/robot19/overlays/0540_overlay.png,/Users/kimsumin/projects/RGMC/data/map/robot19/masks/0540_mask.png
541,0.38187499999999996,0.5,0.0,359.53292894280764,203.66117850953205,1,0.0,0.06958447094332834,0.0882585940858766,1776433262.8073733,5,/Users/kimsumin/projects/RGMC/data/map/robot19/images/0541.png,/Users/kimsumin/projects/RGMC/data/map/robot19/overlays/0541_overlay.png,/Users/kimsumin/projects/RGMC/data/map/robot19/masks/0541_mask.png
542,0.41125,0.5,0.0,359.62665489849957,216.82829181494662,1,0.0,0.05149572669193483,0.1271637625318114,1776433274.8802934,5,/Users/kimsumin/projects/RGMC/data/map/robot19/images/0542.png,/Users/kimsumin/projects/RGMC/data/map/robot19/overlays/0542_overlay.png,/Users/kimsumin/projects/RGMC/data/map/robot19/masks/0542_mask.png
543,0.440625,0.5,0.0,359.15,230.01964285714286,1,0.0,0.029727219304083317,0.041396991770893586,1776433286.1577203,5,/Users/kimsumin/projects/RGMC/data/map/robot19/images/0543.png,/Users/kimsumin/projects/RGMC/data/map/robot19/overlays/0543_overlay.png,/Users/kimsumin/projects/RGMC/data/map/robot19/masks/0543_mask.png
544,0.47,0.5,0.0,359.1320406278855,243.3107861060329,1,0.0,0.023746424932769215,0.1346744074707761,1776433298.0243976,5,/Users/kimsumin/projects/RGMC/data/map/robot19/images/0544.png,/Users/kimsumin/projects/RGMC/data/map/robot19/overlays/0544_overlay.png,/Users/kimsumin/projects/RGMC/data/map/robot19/masks/0544_mask.png
545,0.49937499999999996,0.5,0.0,359.1918181818182,256.35897435897436,1,0.0,0.08566763258149739,0.04932472199952817,1776433311.8528159,5,/Users/kimsumin/projects/RGMC/data/map/robot19/images/0545.png,/Users/kimsumin/projects/RGMC/data/map/robot19/overlays/0545_overlay.png,/Users/kimsumin/projects/RGMC/data/map/robot19/masks/0545_mask.png
546,0.5287499999999999,0.5,0.0,358.7926391382406,269.57181328545784,1,0.0,0.03944070552892763,0.054185620884812144,1776433324.4557884,5,/Users/kimsumin/projects/RGMC/data/map/robot19/images/0546.png,/Users/kimsumin/projects/RGMC/data/map/robot19/overlays/0546_overlay.png,/Users/kimsumin/projects/RGMC/data/map/robot19/masks/0546_mask.png
547,0.558125,0.5,0.0,358.20106761565836,282.37366548042706,1,0.0,0.053227086222644014,0.03974590305015869,1776433336.731922,5,/Users/kimsumin/projects/RGMC/data/map/robot19/images/0547.png,/Users/kimsumin/projects/RGMC/data/map/robot19/overlays/0547_overlay.png,/Users/kimsumin/projects/RGMC/data/map/robot19/masks/0547_mask.png
548,0.5874999999999999,0.5,0.0,357.8144329896907,296.62931839402427,1,0.0,0.10358641118815734,0.07491794014250466,1776433349.2294188,5,/Users/kimsumin/projects/RGMC/data/map/robot19/images/0548.png,/Users/kimsumin/projects/RGMC/data/map/robot19/overlays/0548_overlay.png,/Users/kimsumin/projects/RGMC/data/map/robot19/masks/0548_mask.png
549,0.616875,0.5,0.0,357.72242990654206,309.6103515625,1,0.0,0.26534212546702046,0.00655830778576854,1776433361.3101685,5,/Users/kimsumin/projects/RGMC/data/map/robot19/images/0549.png,/Users/kimsumin/projects/RGMC/data/map/robot19/overlays/0549_overlay.png,/Users/kimsumin/projects/RGMC/data/map/robot19/masks/0549_mask.png
550,0.64625,0.5,0.0,356.2144821264895,322.8313473877177,1,0.0,0.2798208620226082,0.06774609712993264,1776433373.395382,5,/Users/kimsumin/projects/RGMC/data/map/robot19/images/0550.png,/Users/kimsumin/projects/RGMC/data/map/robot19/overlays/0550_overlay.png,/Users/kimsumin/projects/RGMC/data/map/robot19/masks/0550_mask.png
551,0.6756249999999999,0.5,0.0,356.3815439219166,336.8965819456617,1,0.0,0.04284854209663714,0.07674028068092459,1776433385.6032329,5,/Users/kimsumin/projects/RGMC/data/map/robot19/images/0551.png,/Users/kimsumin/projects/RGMC/data/map/robot19/overlays/0551_overlay.png,/Users/kimsumin/projects/RGMC/data/map/robot19/masks/0551_mask.png
552,0.705,0.5,0.0,355.42329778506974,349.9526530612245,1,0.0,0.09394291333862176,0.021984331877741247,1776433397.7622364,5,/Users/kimsumin/projects/RGMC/data/map/robot19/images/0552.png,/Users/kimsumin/projects/RGMC/data/map/robot19/overlays/0552_overlay.png,/Users/kimsumin/projects/RGMC/data/map/robot19/masks/0552_mask.png
553,0.734375,0.5,0.0,355.8776371308017,362.7839662447257,1,0.0,0.2906856034825222,0.11982589910720595,1776433409.6579967,5,/Users/kimsumin/projects/RGMC/data/map/robot19/images/0553.png,/Users/kimsumin/projects/RGMC/data/map/robot19/overlays/0553_overlay.png,/Users/kimsumin/projects/RGMC/data/map/robot19/masks/0553_mask.png
554,0.7637499999999999,0.5,0.0,355.08949096880133,376.9373454245672,1,0.0,0.09713120316433903,0.04780656882299598,1776433421.7316413,5,/Users/kimsumin/projects/RGMC/data/map/robot19/images/0554.png,/Users/kimsumin/projects/RGMC/data/map/robot19/overlays/0554_overlay.png,/Users/kimsumin/projects/RGMC/data/map/robot19/masks/0554_mask.png
555,0.793125,0.5,0.0,354.8489827856025,390.1010971786834,1,0.0,0.051542211518239324,0.060699295153914624,1776433434.834982,5,/Users/kimsumin/projects/RGMC/data/map/robot19/images/0555.png,/Users/kimsumin/projects/RGMC/data/map/robot19/overlays/0555_overlay.png,/Users/kimsumin/projects/RGMC/data/map/robot19/masks/0555_mask.png
556,0.8225,0.5,0.0,354.8158307210031,403.20625,1,0.0,0.13457325465434836,0.02875062606271771,1776433446.6147585,5,/Users/kimsumin/projects/RGMC/data/map/robot19/images/0556.png,/Users/kimsumin/projects/RGMC/data/map/robot19/overlays/0556_overlay.png,/Users/kimsumin/projects/RGMC/data/map/robot19/masks/0556_mask.png
557,0.8518749999999999,0.5,0.0,354.53943217665613,417.24685534591197,1,0.0,0.09032023618098999,0.06196954365026668,1776433460.6413302,5,/Users/kimsumin/projects/RGMC/data/map/robot19/images/0557.png,/Users/kimsumin/projects/RGMC/data/map/robot19/overlays/0557_overlay.png,/Users/kimsumin/projects/RGMC/data/map/robot19/masks/0557_mask.png
558,0.88125,0.5,0.0,354.2620320855615,430.2436974789916,1,0.0,0.053715750062765334,0.06217079375818145,1776433473.5446517,5,/Users/kimsumin/projects/RGMC/data/map/robot19/images/0558.png,/Users/kimsumin/projects/RGMC/data/map/robot19/overlays/0558_overlay.png,/Users/kimsumin/projects/RGMC/data/map/robot19/masks/0558_mask.png
559,0.9106249999999999,0.5,0.0,354.41923076923075,443.56384615384616,1,0.0,0.03635658198479916,0.06310527826604334,1776433485.6313088,5,/Users/kimsumin/projects/RGMC/data/map/robot19/images/0559.png,/Users/kimsumin/projects/RGMC/data/map/robot19/overlays/0559_overlay.png,/Users/kimsumin/projects/RGMC/data/map/robot19/masks/0559_mask.png
560,0.94,0.5,0.0,353.9686028257457,457.153785488959,1,0.0,0.04721722526809337,0.05762355105688763,1776433497.2976894,5,/Users/kimsumin/projects/RGMC/data/map/robot19/images/0560.png,/Users/kimsumin/projects/RGMC/data/map/robot19/overlays/0560_overlay.png,/Users/kimsumin/projects/RGMC/data/map/robot19/masks/0560_mask.png
561,0.94,0.53125,0.0,339.87987012987014,457.01785714285717,1,0.0,0.031868491135565294,0.031016254223933074,1776433510.8155048,5,/Users/kimsumin/projects/RGMC/data/map/robot19/images/0561.png,/Users/kimsumin/projects/RGMC/data/map/robot19/overlays/0561_overlay.png,/Users/kimsumin/projects/RGMC/data/map/robot19/masks/0561_mask.png
562,0.9106249999999999,0.53125,0.0,340.01015625,443.5198752922837,1,0.0,0.04887989486601019,0.08038287701476984,1776433522.9010127,5,/Users/kimsumin/projects/RGMC/data/map/robot19/images/0562.png,/Users/kimsumin/projects/RGMC/data/map/robot19/overlays/0562_overlay.png,/Users/kimsumin/projects/RGMC/data/map/robot19/masks/0562_mask.png
563,0.88125,0.53125,0.0,340.08589440504335,430.4531126871552,1,0.0,0.026631240346852256,0.060933286355432555,1776433534.7791066,5,/Users/kimsumin/projects/RGMC/data/map/robot19/images/0563.png,/Users/kimsumin/projects/RGMC/data/map/robot19/overlays/0563_overlay.png,/Users/kimsumin/projects/RGMC/data/map/robot19/masks/0563_mask.png
564,0.8518749999999999,0.53125,0.0,340.2300884955752,417.32229402261714,1,0.0,0.02481701705463288,0.03533251642528805,1776433547.0699875,5,/Users/kimsumin/projects/RGMC/data/map/robot19/images/0564.png,/Users/kimsumin/projects/RGMC/data/map/robot19/overlays/0564_overlay.png,/Users/kimsumin/projects/RGMC/data/map/robot19/masks/0564_mask.png
565,0.8225,0.53125,0.0,340.6091127098321,403.4273162939297,1,0.0,0.14313020853342937,0.06220360093617026,1776433558.853246,5,/Users/kimsumin/projects/RGMC/data/map/robot19/images/0565.png,/Users/kimsumin/projects/RGMC/data/map/robot19/overlays/0565_overlay.png,/Users/kimsumin/projects/RGMC/data/map/robot19/masks/0565_mask.png
566,0.793125,0.53125,0.0,340.8792,389.7864,1,0.0,0.0943247953359276,0.03319705379676065,1776433570.7248619,5,/Users/kimsumin/projects/RGMC/data/map/robot19/images/0566.png,/Users/kimsumin/projects/RGMC/data/map/robot19/overlays/0566_overlay.png,/Users/kimsumin/projects/RGMC/data/map/robot19/masks/0566_mask.png
567,0.7637499999999999,0.53125,0.0,340.8015012510425,377.0108695652174,1,0.0,0.06705223846722756,0.05570754399749141,1776433583.6240923,5,/Users/kimsumin/projects/RGMC/data/map/robot19/images/0567.png,/Users/kimsumin/projects/RGMC/data/map/robot19/overlays/0567_overlay.png,/Users/kimsumin/projects/RGMC/data/map/robot19/masks/0567_mask.png
568,0.734375,0.53125,0.0,341.65262172284645,363.78583916083915,1,0.0,0.42396765685316296,0.36990147821017483,1776433597.4093425,5,/Users/kimsumin/projects/RGMC/data/map/robot19/images/0568.png,/Users/kimsumin/projects/RGMC/data/map/robot19/overlays/0568_overlay.png,/Users/kimsumin/projects/RGMC/data/map/robot19/masks/0568_mask.png
569,0.705,0.53125,0.0,341.1513327601032,350.28151986183076,1,0.0,0.22828503233117392,0.03946811765581679,1776433610.663576,5,/Users/kimsumin/projects/RGMC/data/map/robot19/images/0569.png,/Users/kimsumin/projects/RGMC/data/map/robot19/overlays/0569_overlay.png,/Users/kimsumin/projects/RGMC/data/map/robot19/masks/0569_mask.png
570,0.6756249999999999,0.53125,0.0,342.11819021237307,336.8989805375348,1,0.0,0.26342686118771924,0.08951505266083888,1776433622.7540812,5,/Users/kimsumin/projects/RGMC/data/map/robot19/images/0570.png,/Users/kimsumin/projects/RGMC/data/map/robot19/overlays/0570_overlay.png,/Users/kimsumin/projects/RGMC/data/map/robot19/masks/0570_mask.png
571,0.64625,0.53125,0.0,342.58204895738896,322.6637089618456,1,0.0,0.12191840217222016,0.08160458074276278,1776433634.2096791,5,/Users/kimsumin/projects/RGMC/data/map/robot19/images/0571.png,/Users/kimsumin/projects/RGMC/data/map/robot19/overlays/0571_overlay.png,/Users/kimsumin/projects/RGMC/data/map/robot19/masks/0571_mask.png
572,0.616875,0.53125,0.0,343.28697962798935,309.67080745341616,1,0.0,0.10972548377476156,0.05050171868472264,1776433645.968268,5,/Users/kimsumin/projects/RGMC/data/map/robot19/images/0572.png,/Users/kimsumin/projects/RGMC/data/map/robot19/overlays/0572_overlay.png,/Users/kimsumin/projects/RGMC/data/map/robot19/masks/0572_mask.png
573,0.5874999999999999,0.53125,0.0,343.69622475856016,296.82716049382714,1,0.0,0.03710486270337759,0.03724464151664721,1776433658.8854182,5,/Users/kimsumin/projects/RGMC/data/map/robot19/images/0573.png,/Users/kimsumin/projects/RGMC/data/map/robot19/overlays/0573_overlay.png,/Users/kimsumin/projects/RGMC/data/map/robot19/masks/0573_mask.png
574,0.558125,0.53125,0.0,343.83206751054854,283.0997464074387,1,0.0,0.03685712863443876,0.03095178073339982,1776433673.4923162,5,/Users/kimsumin/projects/RGMC/data/map/robot19/images/0574.png,/Users/kimsumin/projects/RGMC/data/map/robot19/overlays/0574_overlay.png,/Users/kimsumin/projects/RGMC/data/map/robot19/masks/0574_mask.png
576,0.49937499999999996,0.53125,0.0,344.5216240070609,256.6222418358341,1,0.0,0.02153638772897041,0.017461634025327466,1776433696.572955,3,/Users/kimsumin/projects/RGMC/data/map/robot19/images/0576.png,/Users/kimsumin/projects/RGMC/data/map/robot19/overlays/0576_overlay.png,/Users/kimsumin/projects/RGMC/data/map/robot19/masks/0576_mask.png
577,0.47,0.53125,0.0,345.5691287878788,243.248821866164,1,0.0,0.1758113010029354,0.11691761033980028,1776433708.3570266,5,/Users/kimsumin/projects/RGMC/data/map/robot19/images/0577.png,/Users/kimsumin/projects/RGMC/data/map/robot19/overlays/0577_overlay.png,/Users/kimsumin/projects/RGMC/data/map/robot19/masks/0577_mask.png
578,0.440625,0.53125,0.0,344.96554694229116,229.95209580838323,1,0.0,0.28457910913290746,0.05577744886184211,1776433719.9212415,5,/Users/kimsumin/projects/RGMC/data/map/robot19/images/0578.png,/Users/kimsumin/projects/RGMC/data/map/robot19/overlays/0578_overlay.png,/Users/kimsumin/projects/RGMC/data/map/robot19/masks/0578_mask.png
579,0.41125,0.53125,0.0,345.35957066189627,217.108228980322,1,0.0,0.2683093624852591,0.05468084334164078,1776433732.4124854,5,/Users/kimsumin/projects/RGMC/data/map/robot19/images/0579.png,/Users/kimsumin/projects/RGMC/data/map/robot19/overlays/0579_overlay.png,/Users/kimsumin/projects/RGMC/data/map/robot19/masks/0579_mask.png
580,0.38187499999999996,0.53125,0.0,345.5526755852843,203.4382402707276,1,0.0,0.09866032850110006,0.1442025584290588,1776433744.199945,5,/Users/kimsumin/projects/RGMC/data/map/robot19/images/0580.png,/Users/kimsumin/projects/RGMC/data/map/robot19/overlays/0580_overlay.png,/Users/kimsumin/projects/RGMC/data/map/robot19/masks/0580_mask.png
581,0.3525,0.53125,0.0,345.88770053475935,190.06335616438355,1,0.0,0.22625332389011063,0.05302780788684868,1776433755.7759264,5,/Users/kimsumin/projects/RGMC/data/map/robot19/images/0581.png,/Users/kimsumin/projects/RGMC/data/map/robot19/overlays/0581_overlay.png,/Users/kimsumin/projects/RGMC/data/map/robot19/masks/0581_mask.png
582,0.323125,0.53125,0.0,346.32656663724623,177.868258178603,1,0.0,0.06007528781982408,0.07247513535439294,1776433767.3298163,5,/Users/kimsumin/projects/RGMC/data/map/robot19/images/0582.png,/Users/kimsumin/projects/RGMC/data/map/robot19/overlays/0582_overlay.png,/Users/kimsumin/projects/RGMC/data/map/robot19/masks/0582_mask.png
583,0.29374999999999996,0.53125,0.0,346.8513043478261,164.84904013961605,1,0.0,0.02457438786020273,0.06951584851905586,1776433779.2106493,5,/Users/kimsumin/projects/RGMC/data/map/robot19/images/0583.png,/Users/kimsumin/projects/RGMC/data/map/robot19/overlays/0583_overlay.png,/Users/kimsumin/projects/RGMC/data/map/robot19/masks/0583_mask.png
584,0.26437499999999997,0.53125,0.0,347.08992805755395,151.63032367972744,1,0.0,0.36061818660777495,0.11875761018370619,1776433792.3301105,5,/Users/kimsumin/projects/RGMC/data/map/robot19/images/0584.png,/Users/kimsumin/projects/RGMC/data/map/robot19/overlays/0584_overlay.png,/Users/kimsumin/projects/RGMC/data/map/robot19/masks/0584_mask.png
585,0.235,0.53125,0.0,347.27595155709344,138.5452961672474,1,0.0,0.0365940657763593,0.3279677375729067,1776433803.9906368,5,/Users/kimsumin/projects/RGMC/data/map/robot19/images/0585.png,/Users/kimsumin/projects/RGMC/data/map/robot19/overlays/0585_overlay.png,/Users/kimsumin/projects/RGMC/data/map/robot19/masks/0585_mask.png
586,0.205625,0.53125,0.0,347.6762956669499,125.52421410365335,1,0.0,0.03265581963913239,0.041809884974413236,1776433815.6604137,5,/Users/kimsumin/projects/RGMC/data/map/robot19/images/0586.png,/Users/kimsumin/projects/RGMC/data/map/robot19/overlays/0586_overlay.png,/Users/kimsumin/projects/RGMC/data/map/robot19/masks/0586_mask.png
587,0.17625,0.53125,0.0,347.7130657557643,113.28498293515358,1,0.0,0.047456183691878734,0.06516819657635892,1776433827.748156,5,/Users/kimsumin/projects/RGMC/data/map/robot19/images/0587.png,/Users/kimsumin/projects/RGMC/data/map/robot19/overlays/0587_overlay.png,/Users/kimsumin/projects/RGMC/data/map/robot19/masks/0587_mask.png
588,0.14687499999999998,0.53125,0.0,348.16580756013747,100.55882352941177,1,0.0,0.029776147184899914,0.04312283545234356,1776433840.1346798,5,/Users/kimsumin/projects/RGMC/data/map/robot19/images/0588.png,/Users/kimsumin/projects/RGMC/data/map/robot19/overlays/0588_overlay.png,/Users/kimsumin/projects/RGMC/data/map/robot19/masks/0588_mask.png
589,0.1175,0.53125,0.0,348.40389725420727,86.53745644599303,1,0.0,0.10979635437039643,0.03753392063888735,1776433852.0259793,5,/Users/kimsumin/projects/RGMC/data/map/robot19/images/0589.png,/Users/kimsumin/projects/RGMC/data/map/robot19/overlays/0589_overlay.png,/Users/kimsumin/projects/RGMC/data/map/robot19/masks/0589_mask.png
590,0.088125,0.53125,0.0,348.54995730145174,74.20448662640207,1,0.0,0.03169830247360935,0.0777893079067848,1776433865.7050965,5,/Users/kimsumin/projects/RGMC/data/map/robot19/images/0590.png,/Users/kimsumin/projects/RGMC/data/map/robot19/overlays/0590_overlay.png,/Users/kimsumin/projects/RGMC/data/map/robot19/masks/0590_mask.png
591,0.05875,0.53125,0.0,349.60201511335015,60.3727959697733,1,0.0,0.2480939394755062,0.10980646448252211,1776433878.374075,5,/Users/kimsumin/projects/RGMC/data/map/robot19/images/0591.png,/Users/kimsumin/projects/RGMC/data/map/robot19/overlays/0591_overlay.png,/Users/kimsumin/projects/RGMC/data/map/robot19/masks/0591_mask.png
592,0.029375,0.53125,0.0,349.7693588676103,46.76298157453936,1,0.0,0.22624603856886652,0.11785081046401091,1776433889.645404,5,/Users/kimsumin/projects/RGMC/data/map/robot19/images/0592.png,/Users/kimsumin/projects/RGMC/data/map/robot19/overlays/0592_overlay.png,/Users/kimsumin/projects/RGMC/data/map/robot19/masks/0592_mask.png
593,0.0,0.53125,0.0,350.10378912685337,34.30330578512397,1,0.0,0.055773449431228764,0.05091223853319694,1776433902.0988774,5,/Users/kimsumin/projects/RGMC/data/map/robot19/images/0593.png,/Users/kimsumin/projects/RGMC/data/map/robot19/overlays/0593_overlay.png,/Users/kimsumin/projects/RGMC/data/map/robot19/masks/0593_mask.png
594,0.0,0.5625,0.0,335.72108843537416,34.135089209855565,1,0.0,0.025593983705622752,0.16359484744008249,1776433914.1823814,5,/Users/kimsumin/projects/RGMC/data/map/robot19/images/0594.png,/Users/kimsumin/projects/RGMC/data/map/robot19/overlays/0594_overlay.png,/Users/kimsumin/projects/RGMC/data/map/robot19/masks/0594_mask.png
595,0.029375,0.5625,0.0,335.8053244592346,46.53846153846154,1,0.0,0.07067252956551909,0.2343905250771397,1776433926.357634,5,/Users/kimsumin/projects/RGMC/data/map/robot19/images/0595.png,/Users/kimsumin/projects/RGMC/data/map/robot19/overlays/0595_overlay.png,/Users/kimsumin/projects/RGMC/data/map/robot19/masks/0595_mask.png
596,0.05875,0.5625,0.0,335.3591489361702,61.052542372881355,1,0.0,0.03479291942816214,0.06898676985449344,1776433938.2384558,5,/Users/kimsumin/projects/RGMC/data/map/robot19/images/0596.png,/Users/kimsumin/projects/RGMC/data/map/robot19/overlays/0596_overlay.png,/Users/kimsumin/projects/RGMC/data/map/robot19/masks/0596_mask.png
597,0.088125,0.5625,0.0,335.2936772046589,73.68655462184874,1,0.0,0.0519958239085066,0.05312251717635023,1776433949.7930026,5,/Users/kimsumin/projects/RGMC/data/map/robot19/images/0597.png,/Users/kimsumin/projects/RGMC/data/map/robot19/overlays/0597_overlay.png,/Users/kimsumin/projects/RGMC/data/map/robot19/masks/0597_mask.png
598,0.1175,0.5625,0.0,335.31973355537053,86.25145711906744,1,0.0,0.05595225618881161,0.05607335922626529,1776433961.5906353,5,/Users/kimsumin/projects/RGMC/data/map/robot19/images/0598.png,/Users/kimsumin/projects/RGMC/data/map/robot19/overlays/0598_overlay.png,/Users/kimsumin/projects/RGMC/data/map/robot19/masks/0598_mask.png
599,0.14687499999999998,0.5625,0.0,334.8824034334764,100.13293310463122,1,0.0,0.025581319535406016,0.08469065937636701,1776433973.3646393,5,/Users/kimsumin/projects/RGMC/data/map/robot19/images/0599.png,/Users/kimsumin/projects/RGMC/data/map/robot19/overlays/0599_overlay.png,/Users/kimsumin/projects/RGMC/data/map/robot19/masks/0599_mask.png
600,0.17625,0.5625,0.0,333.93202293202296,113.04013104013104,1,0.0,0.05671060858361828,0.05082681558773384,1776433985.142501,5,/Users/kimsumin/projects/RGMC/data/map/robot19/images/0600.png,/Users/kimsumin/projects/RGMC/data/map/robot19/overlays/0600_overlay.png,/Users/kimsumin/projects/RGMC/data/map/robot19/masks/0600_mask.png
601,0.205625,0.5625,0.0,333.56525353283456,125.23388429752066,1,0.0,0.046245840208265956,0.02193889532088139,1776433997.219597,5,/Users/kimsumin/projects/RGMC/data/map/robot19/images/0601.png,/Users/kimsumin/projects/RGMC/data/map/robot19/overlays/0601_overlay.png,/Users/kimsumin/projects/RGMC/data/map/robot19/masks/0601_mask.png
602,0.235,0.5625,0.0,333.10702614379085,138.12254901960785,1,0.0,0.046877551252286626,0.03107721338105663,1776434009.101458,5,/Users/kimsumin/projects/RGMC/data/map/robot19/images/0602.png,/Users/kimsumin/projects/RGMC/data/map/robot19/overlays/0602_overlay.png,/Users/kimsumin/projects/RGMC/data/map/robot19/masks/0602_mask.png
603,0.26437499999999997,0.5625,0.0,332.96440677966103,150.39237288135593,1,0.0,0.08639907987294305,0.10451507580880469,1776434021.1796193,5,/Users/kimsumin/projects/RGMC/data/map/robot19/images/0603.png,/Users/kimsumin/projects/RGMC/data/map/robot19/overlays/0603_overlay.png,/Users/kimsumin/projects/RGMC/data/map/robot19/masks/0603_mask.png
604,0.29374999999999996,0.5625,0.0,332.31569965870307,164.98111587982834,1,0.0,0.15359610615990946,0.10559124995319102,1776434033.0632586,5,/Users/kimsumin/projects/RGMC/data/map/robot19/images/0604.png,/Users/kimsumin/projects/RGMC/data/map/robot19/overlays/0604_overlay.png,/Users/kimsumin/projects/RGMC/data/map/robot19/masks/0604_mask.png
605,0.323125,0.5625,0.0,331.9601018675722,177.57575757575756,1,0.0,0.08323092423899592,0.032091828102223996,1776434044.8516965,5,/Users/kimsumin/projects/RGMC/data/map/robot19/images/0605.png,/Users/kimsumin/projects/RGMC/data/map/robot19/overlays/0605_overlay.png,/Users/kimsumin/projects/RGMC/data/map/robot19/masks/0605_mask.png
606,0.3525,0.5625,0.0,331.32637075718014,189.80104257167682,1,0.0,0.07836675403378555,0.03927690342892007,1776434056.7312567,5,/Users/kimsumin/projects/RGMC/data/map/robot19/images/0606.png,/Users/kimsumin/projects/RGMC/data/map/robot19/overlays/0606_overlay.png,/Users/kimsumin/projects/RGMC/data/map/robot19/masks/0606_mask.png
607,0.38187499999999996,0.5625,0.0,331.6517040731505,203.1304347826087,1,0.0,0.0940158344696402,0.10774802824872613,1776434068.6366017,5,/Users/kimsumin/projects/RGMC/data/map/robot19/images/0607.png,/Users/kimsumin/projects/RGMC/data/map/robot19/overlays/0607_overlay.png,/Users/kimsumin/projects/RGMC/data/map/robot19/masks/0607_mask.png
608,0.41125,0.5625,0.0,331.66550825369245,216.5832614322692,1,0.0,0.0589364750059094,0.05417154420096326,1776434080.476721,5,/Users/kimsumin/projects/RGMC/data/map/robot19/images/0608.png,/Users/kimsumin/projects/RGMC/data/map/robot19/overlays/0608_overlay.png,/Users/kimsumin/projects/RGMC/data/map/robot19/masks/0608_mask.png
609,0.440625,0.5625,0.0,331.2540913006029,229.24978392394124,1,0.0,0.024485443089632145,0.05644597712106505,1776434092.1445,5,/Users/kimsumin/projects/RGMC/data/map/robot19/images/0609.png,/Users/kimsumin/projects/RGMC/data/map/robot19/overlays/0609_overlay.png,/Users/kimsumin/projects/RGMC/data/map/robot19/masks/0609_mask.png
610,0.47,0.5625,0.0,330.62185602775367,242.12269938650306,1,0.0,0.04017819133965781,0.09685314088498446,1776434104.1269138,5,/Users/kimsumin/projects/RGMC/data/map/robot19/images/0610.png,/Users/kimsumin/projects/RGMC/data/map/robot19/overlays/0610_overlay.png,/Users/kimsumin/projects/RGMC/data/map/robot19/masks/0610_mask.png
611,0.49937499999999996,0.5625,0.0,330.58125537403265,255.90034662045062,1,0.0,0.13686416818833821,0.37995280314804425,1776434117.2382889,5,/Users/kimsumin/projects/RGMC/data/map/robot19/images/0611.png,/Users/kimsumin/projects/RGMC/data/map/robot19/overlays/0611_overlay.png,/Users/kimsumin/projects/RGMC/data/map/robot19/masks/0611_mask.png
613,0.558125,0.5625,0.0,330.33214285714286,282.2333629103815,1,0.0,0.0767113297833161,0.12431839407166882,1776434141.0935695,5,/Users/kimsumin/projects/RGMC/data/map/robot19/images/0613.png,/Users/kimsumin/projects/RGMC/data/map/robot19/overlays/0613_overlay.png,/Users/kimsumin/projects/RGMC/data/map/robot19/masks/0613_mask.png
614,0.5874999999999999,0.5625,0.0,330.3294010889292,296.3046944198406,1,0.0,0.22547572677440098,0.07469414772290421,1776434153.0865748,5,/Users/kimsumin/projects/RGMC/data/map/robot19/images/0614.png,/Users/kimsumin/projects/RGMC/data/map/robot19/overlays/0614_overlay.png,/Users/kimsumin/projects/RGMC/data/map/robot19/masks/0614_mask.png
615,0.616875,0.5625,0.0,328.61424847958295,309.25629887054737,1,0.0,0.08625169048296366,0.060970876590718745,1776434164.851674,5,/Users/kimsumin/projects/RGMC/data/map/robot19/images/0615.png,/Users/kimsumin/projects/RGMC/data/map/robot19/overlays/0615_overlay.png,/Users/kimsumin/projects/RGMC/data/map/robot19/masks/0615_mask.png
616,0.64625,0.5625,0.0,328.275,322.6784482758621,1,0.0,0.07366961763306237,0.03817711382844417,1776434176.5188932,5,/Users/kimsumin/projects/RGMC/data/map/robot19/images/0616.png,/Users/kimsumin/projects/RGMC/data/map/robot19/overlays/0616_overlay.png,/Users/kimsumin/projects/RGMC/data/map/robot19/masks/0616_mask.png
617,0.6756249999999999,0.5625,0.0,327.90833333333336,335.4775,1,0.0,0.0700852883027425,0.0998878032046066,1776434189.264314,5,/Users/kimsumin/projects/RGMC/data/map/robot19/images/0617.png,/Users/kimsumin/projects/RGMC/data/map/robot19/overlays/0617_overlay.png,/Users/kimsumin/projects/RGMC/data/map/robot19/masks/0617_mask.png
618,0.705,0.5625,0.0,327.96127946127945,349.2691001697793,1,0.0,0.03649888930882161,0.041924394789657184,1776434201.2020047,5,/Users/kimsumin/projects/RGMC/data/map/robot19/images/0618.png,/Users/kimsumin/projects/RGMC/data/map/robot19/overlays/0618_overlay.png,/Users/kimsumin/projects/RGMC/data/map/robot19/masks/0618_mask.png
619,0.734375,0.5625,0.0,327.73253833049404,362.0664395229983,1,0.0,0.06769232269274478,0.06138106084856282,1776434213.3891397,5,/Users/kimsumin/projects/RGMC/data/map/robot19/images/0619.png,/Users/kimsumin/projects/RGMC/data/map/robot19/overlays/0619_overlay.png,/Users/kimsumin/projects/RGMC/data/map/robot19/masks/0619_mask.png
620,0.7637499999999999,0.5625,0.0,327.6347826086957,376.43118466898954,1,0.0,0.036083693435103356,0.05853658101842835,1776434226.2891061,5,/Users/kimsumin/projects/RGMC/data/map/robot19/images/0620.png,/Users/kimsumin/projects/RGMC/data/map/robot19/overlays/0620_overlay.png,/Users/kimsumin/projects/RGMC/data/map/robot19/masks/0620_mask.png
621,0.793125,0.5625,0.0,327.6150627615063,389.36569037656903,1,0.0,0.04160541914896498,0.04190068290931707,1776434238.4798021,5,/Users/kimsumin/projects/RGMC/data/map/robot19/images/0621.png,/Users/kimsumin/projects/RGMC/data/map/robot19/overlays/0621_overlay.png,/Users/kimsumin/projects/RGMC/data/map/robot19/masks/0621_mask.png
622,0.8225,0.5625,0.0,326.88455414012736,402.68152866242036,1,0.0,0.25063764851477605,0.03692522180997743,1776434250.5591319,5,/Users/kimsumin/projects/RGMC/data/map/robot19/images/0622.png,/Users/kimsumin/projects/RGMC/data/map/robot19/overlays/0622_overlay.png,/Users/kimsumin/projects/RGMC/data/map/robot19/masks/0622_mask.png
623,0.8518749999999999,0.5625,0.0,326.5027932960894,417.25698324022346,1,0.0,0.0941113272519698,0.04384823561497403,1776434262.3463492,5,/Users/kimsumin/projects/RGMC/data/map/robot19/images/0623.png,/Users/kimsumin/projects/RGMC/data/map/robot19/overlays/0623_overlay.png,/Users/kimsumin/projects/RGMC/data/map/robot19/masks/0623_mask.png
624,0.88125,0.5625,0.0,326.4058313632782,429.5971786833856,1,0.0,0.09885813736898856,0.06280650182244184,1776434274.9342315,5,/Users/kimsumin/projects/RGMC/data/map/robot19/images/0624.png,/Users/kimsumin/projects/RGMC/data/map/robot19/overlays/0624_overlay.png,/Users/kimsumin/projects/RGMC/data/map/robot19/masks/0624_mask.png
625,0.9106249999999999,0.5625,0.0,325.9945904173107,443.16975308641975,1,0.0,0.06824702494819562,0.04693427992919966,1776434287.0194652,5,/Users/kimsumin/projects/RGMC/data/map/robot19/images/0625.png,/Users/kimsumin/projects/RGMC/data/map/robot19/overlays/0625_overlay.png,/Users/kimsumin/projects/RGMC/data/map/robot19/masks/0625_mask.png
626,0.94,0.5625,0.0,325.5934065934066,456.9630503144654,1,0.0,0.03892441678807073,0.3220307432505092,1776434298.9984584,5,/Users/kimsumin/projects/RGMC/data/map/robot19/images/0626.png,/Users/kimsumin/projects/RGMC/data/map/robot19/overlays/0626_overlay.png,/Users/kimsumin/projects/RGMC/data/map/robot19/masks/0626_mask.png
627,0.94,0.59375,0.0,311.80470016207454,457.08885298869143,1,0.0,0.09286735685321287,0.0823790408149871,1776434310.876672,5,/Users/kimsumin/projects/RGMC/data/map/robot19/images/0627.png,/Users/kimsumin/projects/RGMC/data/map/robot19/overlays/0627_overlay.png,/Users/kimsumin/projects/RGMC/data/map/robot19/masks/0627_mask.png
628,0.9106249999999999,0.59375,0.0,311.79747832939324,443.55066771406126,1,0.0,0.036794594253415344,0.03454424679490998,1776434323.7782807,5,/Users/kimsumin/projects/RGMC/data/map/robot19/images/0628.png,/Users/kimsumin/projects/RGMC/data/map/robot19/overlays/0628_overlay.png,/Users/kimsumin/projects/RGMC/data/map/robot19/masks/0628_mask.png
629,0.88125,0.59375,0.0,312.1579818031431,429.92333058532563,1,0.0,0.014364767930496838,0.06136364122810526,1776434335.5566633,5,/Users/kimsumin/projects/RGMC/data/map/robot19/images/0629.png,/Users/kimsumin/projects/RGMC/data/map/robot19/overlays/0629_overlay.png,/Users/kimsumin/projects/RGMC/data/map/robot19/masks/0629_mask.png
630,0.8518749999999999,0.59375,0.0,312.1753948462178,417.28524046434495,1,0.0,0.04494701663244429,0.09263785639293998,1776434348.5651264,5,/Users/kimsumin/projects/RGMC/data/map/robot19/images/0630.png,/Users/kimsumin/projects/RGMC/data/map/robot19/overlays/0630_overlay.png,/Users/kimsumin/projects/RGMC/data/map/robot19/masks/0630_mask.png
631,0.8225,0.59375,0.0,311.98333333333335,403.14622641509436,1,0.0,0.09307943616085276,0.05978247695525891,1776434360.1308181,5,/Users/kimsumin/projects/RGMC/data/map/robot19/images/0631.png,/Users/kimsumin/projects/RGMC/data/map/robot19/overlays/0631_overlay.png,/Users/kimsumin/projects/RGMC/data/map/robot19/masks/0631_mask.png
632,0.793125,0.59375,0.0,312.9111111111111,389.4265560165975,1,0.0,0.18923517468863854,0.03617478695943769,1776434372.4162025,5,/Users/kimsumin/projects/RGMC/data/map/robot19/images/0632.png,/Users/kimsumin/projects/RGMC/data/map/robot19/overlays/0632_overlay.png,/Users/kimsumin/projects/RGMC/data/map/robot19/masks/0632_mask.png
633,0.7637499999999999,0.59375,0.0,313.03267411865863,376.1742489270386,1,0.0,0.17754869981486615,0.5349333046983505,1776434386.1417844,5,/Users/kimsumin/projects/RGMC/data/map/robot19/images/0633.png,/Users/kimsumin/projects/RGMC/data/map/robot19/overlays/0633_overlay.png,/Users/kimsumin/projects/RGMC/data/map/robot19/masks/0633_mask.png
634,0.734375,0.59375,0.0,313.2671009771987,362.21515892420535,1,0.0,0.1646590820779088,0.1454031586250769,1776434399.2599204,5,/Users/kimsumin/projects/RGMC/data/map/robot19/images/0634.png,/Users/kimsumin/projects/RGMC/data/map/robot19/overlays/0634_overlay.png,/Users/kimsumin/projects/RGMC/data/map/robot19/masks/0634_mask.png
635,0.705,0.59375,0.0,313.6949013157895,349.4449013157895,1,0.0,0.04419355105630884,0.06416826434256648,1776434412.253472,5,/Users/kimsumin/projects/RGMC/data/map/robot19/images/0635.png,/Users/kimsumin/projects/RGMC/data/map/robot19/overlays/0635_overlay.png,/Users/kimsumin/projects/RGMC/data/map/robot19/masks/0635_mask.png
636,0.6756249999999999,0.59375,0.0,314.4176211453744,336.3123938879457,1,0.0,0.380825098322993,0.06589276392577445,1776434425.0538743,5,/Users/kimsumin/projects/RGMC/data/map/robot19/images/0636.png,/Users/kimsumin/projects/RGMC/data/map/robot19/overlays/0636_overlay.png,/Users/kimsumin/projects/RGMC/data/map/robot19/masks/0636_mask.png
637,0.64625,0.59375,0.0,314.8969957081545,322.46326707000867,1,0.0,0.23680617739787624,0.1621685891913505,1776434436.936487,5,/Users/kimsumin/projects/RGMC/data/map/robot19/images/0637.png,/Users/kimsumin/projects/RGMC/data/map/robot19/overlays/0637_overlay.png,/Users/kimsumin/projects/RGMC/data/map/robot19/masks/0637_mask.png
638,0.616875,0.59375,0.0,315.12661498708013,309.56319862424766,1,0.0,0.029908139788738356,0.0422876646004108,1776434448.9136345,5,/Users/kimsumin/projects/RGMC/data/map/robot19/images/0638.png,/Users/kimsumin/projects/RGMC/data/map/robot19/overlays/0638_overlay.png,/Users/kimsumin/projects/RGMC/data/map/robot19/masks/0638_mask.png
639,0.5874999999999999,0.59375,0.0,315.45219638242895,296.61293103448276,1,0.0,0.038155538634271936,0.056779956017420447,1776434461.095316,5,/Users/kimsumin/projects/RGMC/data/map/robot19/images/0639.png,/Users/kimsumin/projects/RGMC/data/map/robot19/overlays/0639_overlay.png,/Users/kimsumin/projects/RGMC/data/map/robot19/masks/0639_mask.png
640,0.558125,0.59375,0.0,315.42737896494157,282.61352253756263,1,0.0,0.049719231986151906,0.17391376676795345,1776434473.0802894,5,/Users/kimsumin/projects/RGMC/data/map/robot19/images/0640.png,/Users/kimsumin/projects/RGMC/data/map/robot19/overlays/0640_overlay.png,/Users/kimsumin/projects/RGMC/data/map/robot19/masks/0640_mask.png
641,0.5287499999999999,0.59375,0.0,315.6239388794567,269.4244482173175,1,0.0,0.04343406558639699,0.05509311453234501,1776434486.080984,5,/Users/kimsumin/projects/RGMC/data/map/robot19/images/0641.png,/Users/kimsumin/projects/RGMC/data/map/robot19/overlays/0641_overlay.png,/Users/kimsumin/projects/RGMC/data/map/robot19/masks/0641_mask.png
642,0.49937499999999996,0.59375,0.0,315.86254295532643,256.13444639718807,1,0.0,0.20860339880153095,0.039376430348020276,1776434498.8835468,5,/Users/kimsumin/projects/RGMC/data/map/robot19/images/0642.png,/Users/kimsumin/projects/RGMC/data/map/robot19/overlays/0642_overlay.png,/Users/kimsumin/projects/RGMC/data/map/robot19/masks/0642_mask.png
643,0.47,0.59375,0.0,316.2276632302405,241.7414089347079,1,0.0,0.15560766256473074,0.07085670868818446,1776434510.888344,5,/Users/kimsumin/projects/RGMC/data/map/robot19/images/0643.png,/Users/kimsumin/projects/RGMC/data/map/robot19/overlays/0643_overlay.png,/Users/kimsumin/projects/RGMC/data/map/robot19/masks/0643_mask.png
644,0.440625,0.59375,0.0,316.7598253275109,229.15625,1,0.0,0.2949837680004771,0.06569301744287152,1776434522.4332988,5,/Users/kimsumin/projects/RGMC/data/map/robot19/images/0644.png,/Users/kimsumin/projects/RGMC/data/map/robot19/overlays/0644_overlay.png,/Users/kimsumin/projects/RGMC/data/map/robot19/masks/0644_mask.png
645,0.41125,0.59375,0.0,316.8496563573883,216.55391304347827,1,0.0,0.02427931674642588,0.10427486208978069,1776434534.623317,5,/Users/kimsumin/projects/RGMC/data/map/robot19/images/0645.png,/Users/kimsumin/projects/RGMC/data/map/robot19/overlays/0645_overlay.png,/Users/kimsumin/projects/RGMC/data/map/robot19/masks/0645_mask.png
646,0.38187499999999996,0.59375,0.0,316.6904176904177,202.70418006430867,1,0.0,0.24930578970423092,0.07003442121081023,1776434548.6610992,5,/Users/kimsumin/projects/RGMC/data/map/robot19/images/0646.png,/Users/kimsumin/projects/RGMC/data/map/robot19/overlays/0646_overlay.png,/Users/kimsumin/projects/RGMC/data/map/robot19/masks/0646_mask.png
647,0.3525,0.59375,0.0,318.35519591141394,189.74361158432708,1,0.0,0.0427679635925312,0.046319785906356256,1776434560.8717806,5,/Users/kimsumin/projects/RGMC/data/map/robot19/images/0647.png,/Users/kimsumin/projects/RGMC/data/map/robot19/overlays/0647_overlay.png,/Users/kimsumin/projects/RGMC/data/map/robot19/masks/0647_mask.png
648,0.323125,0.59375,0.0,318.7606694560669,177.54362416107384,1,0.0,0.032274798816482195,0.0639418822312501,1776434572.4038157,5,/Users/kimsumin/projects/RGMC/data/map/robot19/images/0648.png,/Users/kimsumin/projects/RGMC/data/map/robot19/overlays/0648_overlay.png,/Users/kimsumin/projects/RGMC/data/map/robot19/masks/0648_mask.png
649,0.29374999999999996,0.59375,0.0,318.8030560271647,164.9010989010989,1,0.0,0.04598360163100971,0.020194603990473754,1776434585.9922729,5,/Users/kimsumin/projects/RGMC/data/map/robot19/images/0649.png,/Users/kimsumin/projects/RGMC/data/map/robot19/overlays/0649_overlay.png,/Users/kimsumin/projects/RGMC/data/map/robot19/masks/0649_mask.png
650,0.26437499999999997,0.59375,0.0,319.2162828947368,151.38733552631578,1,0.0,0.015427276472371756,0.03759799287492779,1776434598.628989,5,/Users/kimsumin/projects/RGMC/data/map/robot19/images/0650.png,/Users/kimsumin/projects/RGMC/data/map/robot19/overlays/0650_overlay.png,/Users/kimsumin/projects/RGMC/data/map/robot19/masks/0650_mask.png
651,0.235,0.59375,0.0,319.2493765586035,138.46633416458852,1,0.0,0.023909405811087393,0.03019828763400078,1776434612.652585,5,/Users/kimsumin/projects/RGMC/data/map/robot19/images/0651.png,/Users/kimsumin/projects/RGMC/data/map/robot19/overlays/0651_overlay.png,/Users/kimsumin/projects/RGMC/data/map/robot19/masks/0651_mask.png
652,0.205625,0.59375,0.0,319.7657430730479,125.604670558799,1,0.0,0.026127989495139545,0.04636202731034498,1776434624.223002,5,/Users/kimsumin/projects/RGMC/data/map/robot19/images/0652.png,/Users/kimsumin/projects/RGMC/data/map/robot19/overlays/0652_overlay.png,/Users/kimsumin/projects/RGMC/data/map/robot19/masks/0652_mask.png
653,0.17625,0.59375,0.0,319.88661551577155,113.06984667802385,1,0.0,0.025362297388683445,0.05484275450733987,1776434637.5327044,5,/Users/kimsumin/projects/RGMC/data/map/robot19/images/0653.png,/Users/kimsumin/projects/RGMC/data/map/robot19/overlays/0653_overlay.png,/Users/kimsumin/projects/RGMC/data/map/robot19/masks/0653_mask.png
654,0.14687499999999998,0.59375,0.0,320.2721685689201,100.40913081650571,1,0.0,0.043873373624080225,0.07645254226789668,1776434649.9274557,5,/Users/kimsumin/projects/RGMC/data/map/robot19/images/0654.png,/Users/kimsumin/projects/RGMC/data/map/robot19/overlays/0654_overlay.png,/Users/kimsumin/projects/RGMC/data/map/robot19/masks/0654_mask.png
655,0.1175,0.59375,0.0,320.42333901192507,86.35259133389974,1,0.0,0.06658864482697703,0.06971809521806469,1776434661.9080226,5,/Users/kimsumin/projects/RGMC/data/map/robot19/images/0655.png,/Users/kimsumin/projects/RGMC/data/map/robot19/overlays/0655_overlay.png,/Users/kimsumin/projects/RGMC/data/map/robot19/masks/0655_mask.png
656,0.088125,0.59375,0.0,321.44020797227034,73.7059843885516,1,0.0,0.11990573926246914,0.04925978499052795,1776434673.9002151,5,/Users/kimsumin/projects/RGMC/data/map/robot19/images/0656.png,/Users/kimsumin/projects/RGMC/data/map/robot19/overlays/0656_overlay.png,/Users/kimsumin/projects/RGMC/data/map/robot19/masks/0656_mask.png
657,0.05875,0.59375,0.0,321.3672787979967,60.824066390041494,1,0.0,0.04456122608121122,0.06058170437283179,1776434686.4845197,5,/Users/kimsumin/projects/RGMC/data/map/robot19/images/0657.png,/Users/kimsumin/projects/RGMC/data/map/robot19/overlays/0657_overlay.png,/Users/kimsumin/projects/RGMC/data/map/robot19/masks/0657_mask.png
658,0.029375,0.59375,0.0,322.60016764459345,46.43904518329071,1,0.0,0.037246961072998575,0.09016773648537862,1776434698.4650052,5,/Users/kimsumin/projects/RGMC/data/map/robot19/images/0658.png,/Users/kimsumin/projects/RGMC/data/map/robot19/overlays/0658_overlay.png,/Users/kimsumin/projects/RGMC/data/map/robot19/masks/0658_mask.png
659,0.0,0.59375,0.0,321.69362084456424,34.20940170940171,1,0.0,0.4208959520487566,0.13351213429001818,1776434711.0571399,5,/Users/kimsumin/projects/RGMC/data/map/robot19/images/0659.png,/Users/kimsumin/projects/RGMC/data/map/robot19/overlays/0659_overlay.png,/Users/kimsumin/projects/RGMC/data/map/robot19/masks/0659_mask.png
660,0.0,0.625,0.0,308.1172069825436,34.21965317919075,1,0.0,0.056082059505346546,0.06666298633106402,1776434725.2913773,5,/Users/kimsumin/projects/RGMC/data/map/robot19/images/0660.png,/Users/kimsumin/projects/RGMC/data/map/robot19/overlays/0660_overlay.png,/Users/kimsumin/projects/RGMC/data/map/robot19/masks/0660_mask.png
661,0.029375,0.625,0.0,307.96121416526137,46.12026913372582,1,0.0,0.03291093914900355,0.11857838566896808,1776434736.9702802,5,/Users/kimsumin/projects/RGMC/data/map/robot19/images/0661.png,/Users/kimsumin/projects/RGMC/data/map/robot19/overlays/0661_overlay.png,/Users/kimsumin/projects/RGMC/data/map/robot19/masks/0661_mask.png
662,0.05875,0.625,0.0,307.73773265651437,60.5169779286927,1,0.0,0.05531719461072566,0.034448422332411334,1776434749.336072,5,/Users/kimsumin/projects/RGMC/data/map/robot19/images/0662.png,/Users/kimsumin/projects/RGMC/data/map/robot19/overlays/0662_overlay.png,/Users/kimsumin/projects/RGMC/data/map/robot19/masks/0662_mask.png
663,0.088125,0.625,0.0,307.50690495532086,73.49223221586263,1,0.0,0.04775435889179317,0.02304136610489721,1776434761.1360314,5,/Users/kimsumin/projects/RGMC/data/map/robot19/images/0663.png,/Users/kimsumin/projects/RGMC/data/map/robot19/overlays/0663_overlay.png,/Users/kimsumin/projects/RGMC/data/map/robot19/masks/0663_mask.png
664,0.1175,0.625,0.0,307.4949066213922,86.03050847457627,1,0.0,0.01563136842614425,0.017019602314564477,1776434774.3424706,5,/Users/kimsumin/projects/RGMC/data/map/robot19/images/0664.png,/Users/kimsumin/projects/RGMC/data/map/robot19/overlays/0664_overlay.png,/Users/kimsumin/projects/RGMC/data/map/robot19/masks/0664_mask.png
665,0.14687499999999998,0.625,0.0,307.17922948073704,99.24036850921273,1,0.0,0.025321841738436022,0.11509204044976586,1776434786.4239635,5,/Users/kimsumin/projects/RGMC/data/map/robot19/images/0665.png,/Users/kimsumin/projects/RGMC/data/map/robot19/overlays/0665_overlay.png,/Users/kimsumin/projects/RGMC/data/map/robot19/masks/0665_mask.png
666,0.17625,0.625,0.0,307.00578990901573,111.91246903385631,1,0.0,0.05288224357290377,0.08250576540559178,1776434798.5121803,5,/Users/kimsumin/projects/RGMC/data/map/robot19/images/0666.png,/Users/kimsumin/projects/RGMC/data/map/robot19/overlays/0666_overlay.png,/Users/kimsumin/projects/RGMC/data/map/robot19/masks/0666_mask.png
667,0.205625,0.625,0.0,306.8253424657534,125.5693493150685,1,0.0,0.03170565980427111,0.05531810761136081,1776434811.4190018,5,/Users/kimsumin/projects/RGMC/data/map/robot19/images/0667.png,/Users/kimsumin/projects/RGMC/data/map/robot19/overlays/0667_overlay.png,/Users/kimsumin/projects/RGMC/data/map/robot19/masks/0667_mask.png
668,0.235,0.625,0.0,306.34956521739133,138.03478260869565,1,0.0,0.02229678893745849,0.03532152050068051,1776434824.3128946,5,/Users/kimsumin/projects/RGMC/data/map/robot19/images/0668.png,/Users/kimsumin/projects/RGMC/data/map/robot19/overlays/0668_overlay.png,/Users/kimsumin/projects/RGMC/data/map/robot19/masks/0668_mask.png
669,0.26437499999999997,0.625,0.0,305.0098928276999,150.50780608052588,1,0.0,0.034309010791129,0.04196559133739884,1776434837.1125498,5,/Users/kimsumin/projects/RGMC/data/map/robot19/images/0669.png,/Users/kimsumin/projects/RGMC/data/map/robot19/overlays/0669_overlay.png,/Users/kimsumin/projects/RGMC/data/map/robot19/masks/0669_mask.png
670,0.29374999999999996,0.625,0.0,304.7595450852965,164.35418359057675,1,0.0,0.05796998054501456,0.04276080935552893,1776434848.9053106,5,/Users/kimsumin/projects/RGMC/data/map/robot19/images/0670.png,/Users/kimsumin/projects/RGMC/data/map/robot19/overlays/0670_overlay.png,/Users/kimsumin/projects/RGMC/data/map/robot19/masks/0670_mask.png
671,0.323125,0.625,0.0,304.0239471511148,177.26094137076797,1,0.0,0.08032730879018785,0.07889591565127523,1776434861.1760945,5,/Users/kimsumin/projects/RGMC/data/map/robot19/images/0671.png,/Users/kimsumin/projects/RGMC/data/map/robot19/overlays/0671_overlay.png,/Users/kimsumin/projects/RGMC/data/map/robot19/masks/0671_mask.png
672,0.3525,0.625,0.0,303.84893267651887,189.50701899256813,1,0.0,0.05734076937997309,0.04660104964871231,1776434876.4345021,5,/Users/kimsumin/projects/RGMC/data/map/robot19/images/0672.png,/Users/kimsumin/projects/RGMC/data/map/robot19/overlays/0672_overlay.png,/Users/kimsumin/projects/RGMC/data/map/robot19/masks/0672_mask.png
673,0.38187499999999996,0.625,0.0,303.5947767481045,202.33024431339513,1,0.0,0.04335400214893186,0.07707816332104565,1776434888.0130017,5,/Users/kimsumin/projects/RGMC/data/map/robot19/images/0673.png,/Users/kimsumin/projects/RGMC/data/map/robot19/overlays/0673_overlay.png,/Users/kimsumin/projects/RGMC/data/map/robot19/masks/0673_mask.png
674,0.41125,0.625,0.0,303.4389438943894,215.5049504950495,1,0.0,0.05495957688594193,0.05160909035424869,1776434900.6050675,5,/Users/kimsumin/projects/RGMC/data/map/robot19/images/0674.png,/Users/kimsumin/projects/RGMC/data/map/robot19/overlays/0674_overlay.png,/Users/kimsumin/projects/RGMC/data/map/robot19/masks/0674_mask.png
675,0.440625,0.625,0.0,303.11996572407884,229.0,1,0.0,0.10629098599212435,0.07989496584545532,1776434912.3882604,5,/Users/kimsumin/projects/RGMC/data/map/robot19/images/0675.png,/Users/kimsumin/projects/RGMC/data/map/robot19/overlays/0675_overlay.png,/Users/kimsumin/projects/RGMC/data/map/robot19/masks/0675_mask.png
676,0.47,0.625,0.0,302.4836488812392,241.51621160409556,1,0.0,0.2510676379081324,0.10747623377416643,1776434929.1742258,5,/Users/kimsumin/projects/RGMC/data/map/robot19/images/0676.png,/Users/kimsumin/projects/RGMC/data/map/robot19/overlays/0676_overlay.png,/Users/kimsumin/projects/RGMC/data/map/robot19/masks/0676_mask.png
677,0.49937499999999996,0.625,0.0,302.25236051502145,255.06695278969957,1,0.0,0.06070414624865913,0.3887538791371557,1776434941.2645514,5,/Users/kimsumin/projects/RGMC/data/map/robot19/images/0677.png,/Users/kimsumin/projects/RGMC/data/map/robot19/overlays/0677_overlay.png,/Users/kimsumin/projects/RGMC/data/map/robot19/masks/0677_mask.png
678,0.5287499999999999,0.625,0.0,301.76370170709794,269.3525179856115,1,0.0,0.04396676283594351,0.050601687191914844,1776434954.5667107,3,/Users/kimsumin/projects/RGMC/data/map/robot19/images/0678.png,/Users/kimsumin/projects/RGMC/data/map/robot19/overlays/0678_overlay.png,/Users/kimsumin/projects/RGMC/data/map/robot19/masks/0678_mask.png
679,0.558125,0.625,0.0,301.45065502183405,282.1943711521548,1,0.0,0.058816211774242566,0.14611815735402564,1776434967.8806927,5,/Users/kimsumin/projects/RGMC/data/map/robot19/images/0679.png,/Users/kimsumin/projects/RGMC/data/map/robot19/overlays/0679_overlay.png,/Users/kimsumin/projects/RGMC/data/map/robot19/masks/0679_mask.png
680,0.5874999999999999,0.625,0.0,301.3228736581338,295.48464163822524,1,0.0,0.22995015502497906,0.30855775727442364,1776434980.0778172,5,/Users/kimsumin/projects/RGMC/data/map/robot19/images/0680.png,/Users/kimsumin/projects/RGMC/data/map/robot19/overlays/0680_overlay.png,/Users/kimsumin/projects/RGMC/data/map/robot19/masks/0680_mask.png
681,0.616875,0.625,0.0,300.336170212766,309.2953191489362,1,0.0,0.026322571089350957,0.04969772337764682,1776434992.2558074,5,/Users/kimsumin/projects/RGMC/data/map/robot19/images/0681.png,/Users/kimsumin/projects/RGMC/data/map/robot19/overlays/0681_overlay.png,/Users/kimsumin/projects/RGMC/data/map/robot19/masks/0681_mask.png
682,0.64625,0.625,0.0,300.1559633027523,322.20033388981636,1,0.0,0.04364394343729577,0.05713616827893299,1776435004.0279534,5,/Users/kimsumin/projects/RGMC/data/map/robot19/images/0682.png,/Users/kimsumin/projects/RGMC/data/map/robot19/overlays/0682_overlay.png,/Users/kimsumin/projects/RGMC/data/map/robot19/masks/0682_mask.png
683,0.6756249999999999,0.625,0.0,299.56897959183675,334.97231270358304,1,0.0,0.03756262966344805,0.10189596634025963,1776435016.1148093,5,/Users/kimsumin/projects/RGMC/data/map/robot19/images/0683.png,/Users/kimsumin/projects/RGMC/data/map/robot19/overlays/0683_overlay.png,/Users/kimsumin/projects/RGMC/data/map/robot19/masks/0683_mask.png
684,0.705,0.625,0.0,299.96525423728815,348.76480541455163,1,0.0,0.04710387255466742,0.05280285761949691,1776435031.2663584,5,/Users/kimsumin/projects/RGMC/data/map/robot19/images/0684.png,/Users/kimsumin/projects/RGMC/data/map/robot19/overlays/0684_overlay.png,/Users/kimsumin/projects/RGMC/data/map/robot19/masks/0684_mask.png
685,0.734375,0.625,0.0,299.48036758563074,361.78174273858923,1,0.0,0.016197107556294593,0.07487181881922637,1776435043.04582,5,/Users/kimsumin/projects/RGMC/data/map/robot19/images/0685.png,/Users/kimsumin/projects/RGMC/data/map/robot19/overlays/0685_overlay.png,/Users/kimsumin/projects/RGMC/data/map/robot19/masks/0685_mask.png
686,0.7637499999999999,0.625,0.0,299.4276422764228,375.0454914703493,1,0.0,0.01987463786125294,0.07276739498595379,1776435057.900548,5,/Users/kimsumin/projects/RGMC/data/map/robot19/images/0686.png,/Users/kimsumin/projects/RGMC/data/map/robot19/overlays/0686_overlay.png,/Users/kimsumin/projects/RGMC/data/map/robot19/masks/0686_mask.png
687,0.793125,0.625,0.0,299.23185988323604,389.1929824561403,1,0.0,0.0414634958794318,0.060533180610556916,1776435070.2802417,5,/Users/kimsumin/projects/RGMC/data/map/robot19/images/0687.png,/Users/kimsumin/projects/RGMC/data/map/robot19/overlays/0687_overlay.png,/Users/kimsumin/projects/RGMC/data/map/robot19/masks/0687_mask.png
688,0.8225,0.625,0.0,299.1517637407711,402.39356435643566,1,0.0,0.04280844188620443,0.10405502176633137,1776435082.7445354,5,/Users/kimsumin/projects/RGMC/data/map/robot19/images/0688.png,/Users/kimsumin/projects/RGMC/data/map/robot19/overlays/0688_overlay.png,/Users/kimsumin/projects/RGMC/data/map/robot19/masks/0688_mask.png
689,0.8518749999999999,0.625,0.0,298.8869143780291,415.36634460547504,1,0.0,0.045008904854259214,0.0619798888927121,1776435094.766217,5,/Users/kimsumin/projects/RGMC/data/map/robot19/images/0689.png,/Users/kimsumin/projects/RGMC/data/map/robot19/overlays/0689_overlay.png,/Users/kimsumin/projects/RGMC/data/map/robot19/masks/0689_mask.png
690,0.88125,0.625,0.0,298.0112,429.4155432196669,1,0.0,0.08374623366954745,0.03200564745881307,1776435106.5364952,5,/Users/kimsumin/projects/RGMC/data/map/robot19/images/0690.png,/Users/kimsumin/projects/RGMC/data/map/robot19/overlays/0690_overlay.png,/Users/kimsumin/projects/RGMC/data/map/robot19/masks/0690_mask.png
691,0.9106249999999999,0.625,0.0,297.76645768025077,443.2176977290525,1,0.0,0.05287595101067077,0.09076021412737638,1776435119.3340106,5,/Users/kimsumin/projects/RGMC/data/map/robot19/images/0691.png,/Users/kimsumin/projects/RGMC/data/map/robot19/overlays/0691_overlay.png,/Users/kimsumin/projects/RGMC/data/map/robot19/masks/0691_mask.png
692,0.94,0.625,0.0,297.5309523809524,456.6793650793651,1,0.0,0.011668619954218813,0.3313082762843627,1776435131.2127368,5,/Users/kimsumin/projects/RGMC/data/map/robot19/images/0692.png,/Users/kimsumin/projects/RGMC/data/map/robot19/overlays/0692_overlay.png,/Users/kimsumin/projects/RGMC/data/map/robot19/masks/0692_mask.png
693,0.94,0.65625,0.0,283.2976092333059,456.5894476504534,1,0.0,0.030624241166255728,0.3515820497842744,1776435142.7948644,5,/Users/kimsumin/projects/RGMC/data/map/robot19/images/0693.png,/Users/kimsumin/projects/RGMC/data/map/robot19/overlays/0693_overlay.png,/Users/kimsumin/projects/RGMC/data/map/robot19/masks/0693_mask.png
694,0.9106249999999999,0.65625,0.0,283.5039184952978,443.0783699059561,1,0.0,0.037947064403963914,0.09467067644930487,1776435155.7886462,5,/Users/kimsumin/projects/RGMC/data/map/robot19/images/0694.png,/Users/kimsumin/projects/RGMC/data/map/robot19/overlays/0694_overlay.png,/Users/kimsumin/projects/RGMC/data/map/robot19/masks/0694_mask.png
695,0.88125,0.65625,0.0,283.6707818930041,429.319341563786,1,0.0,0.08100815294636786,0.0640519967026524,1776435167.4616785,5,/Users/kimsumin/projects/RGMC/data/map/robot19/images/0695.png,/Users/kimsumin/projects/RGMC/data/map/robot19/overlays/0695_overlay.png,/Users/kimsumin/projects/RGMC/data/map/robot19/masks/0695_mask.png
696,0.8518749999999999,0.65625,0.0,283.6910569105691,416.83631921824104,1,0.0,0.26407277477464663,0.015126667352916822,1776435179.445849,5,/Users/kimsumin/projects/RGMC/data/map/robot19/images/0696.png,/Users/kimsumin/projects/RGMC/data/map/robot19/overlays/0696_overlay.png,/Users/kimsumin/projects/RGMC/data/map/robot19/masks/0696_mask.png
697,0.8225,0.65625,0.0,284.09473684210525,402.72955465587046,1,0.0,0.11469261350190627,0.01898778148328853,1776435191.322386,5,/Users/kimsumin/projects/RGMC/data/map/robot19/images/0697.png,/Users/kimsumin/projects/RGMC/data/map/robot19/overlays/0697_overlay.png,/Users/kimsumin/projects/RGMC/data/map/robot19/masks/0697_mask.png
698,0.793125,0.65625,0.0,284.3808312128923,388.98130841121497,1,0.0,0.11126888157782211,0.04456718957468561,1776435203.7104661,5,/Users/kimsumin/projects/RGMC/data/map/robot19/images/0698.png,/Users/kimsumin/projects/RGMC/data/map/robot19/overlays/0698_overlay.png,/Users/kimsumin/projects/RGMC/data/map/robot19/masks/0698_mask.png
699,0.7637499999999999,0.65625,0.0,284.91652323580035,375.2707136997539,1,0.0,0.1381700449897422,0.45535861675866107,1776435215.6993766,5,/Users/kimsumin/projects/RGMC/data/map/robot19/images/0699.png,/Users/kimsumin/projects/RGMC/data/map/robot19/overlays/0699_overlay.png,/Users/kimsumin/projects/RGMC/data/map/robot19/masks/0699_mask.png
700,0.734375,0.65625,0.0,285.22838499184337,361.95218800648297,1,0.0,0.062066066449847745,0.032844295497503076,1776435228.38633,5,/Users/kimsumin/projects/RGMC/data/map/robot19/images/0700.png,/Users/kimsumin/projects/RGMC/data/map/robot19/overlays/0700_overlay.png,/Users/kimsumin/projects/RGMC/data/map/robot19/masks/0700_mask.png
701,0.705,0.65625,0.0,285.68117154811716,348.8535564853556,1,0.0,0.04981899429396795,0.06901660021199137,1776435241.8025067,5,/Users/kimsumin/projects/RGMC/data/map/robot19/images/0701.png,/Users/kimsumin/projects/RGMC/data/map/robot19/overlays/0701_overlay.png,/Users/kimsumin/projects/RGMC/data/map/robot19/masks/0701_mask.png
702,0.6756249999999999,0.65625,0.0,285.52016129032256,335.76456504389466,1,0.0,0.013855766193360465,0.11494519511122611,1776435255.116501,5,/Users/kimsumin/projects/RGMC/data/map/robot19/images/0702.png,/Users/kimsumin/projects/RGMC/data/map/robot19/overlays/0702_overlay.png,/Users/kimsumin/projects/RGMC/data/map/robot19/masks/0702_mask.png
703,0.64625,0.65625,0.0,286.12409927942355,322.3778501628664,1,0.0,0.028805879168318744,0.1849596417791623,1776435267.1001928,5,/Users/kimsumin/projects/RGMC/data/map/robot19/images/0703.png,/Users/kimsumin/projects/RGMC/data/map/robot19/overlays/0703_overlay.png,/Users/kimsumin/projects/RGMC/data/map/robot19/masks/0703_mask.png
704,0.616875,0.65625,0.0,286.91850594227503,309.4675767918089,1,0.0,0.046409154465988006,0.060422901883752614,1776435280.4119222,5,/Users/kimsumin/projects/RGMC/data/map/robot19/images/0704.png,/Users/kimsumin/projects/RGMC/data/map/robot19/overlays/0704_overlay.png,/Users/kimsumin/projects/RGMC/data/map/robot19/masks/0704_mask.png
705,0.5874999999999999,0.65625,0.0,287.22605694564277,296.7098445595855,1,0.0,0.06454477048131191,0.42365700020915886,1776435292.2854743,5,/Users/kimsumin/projects/RGMC/data/map/robot19/images/0705.png,/Users/kimsumin/projects/RGMC/data/map/robot19/overlays/0705_overlay.png,/Users/kimsumin/projects/RGMC/data/map/robot19/masks/0705_mask.png
706,0.558125,0.65625,0.0,287.2481203007519,282.24455611390283,1,0.0,0.02852705634830169,0.09706827310725302,1776435305.188427,5,/Users/kimsumin/projects/RGMC/data/map/robot19/images/0706.png,/Users/kimsumin/projects/RGMC/data/map/robot19/overlays/0706_overlay.png,/Users/kimsumin/projects/RGMC/data/map/robot19/masks/0706_mask.png
707,0.5287499999999999,0.65625,0.0,287.5440067057837,269.16512992455995,1,0.0,0.03268244547653627,0.04990324183337275,1776435320.1570706,5,/Users/kimsumin/projects/RGMC/data/map/robot19/images/0707.png,/Users/kimsumin/projects/RGMC/data/map/robot19/overlays/0707_overlay.png,/Users/kimsumin/projects/RGMC/data/map/robot19/masks/0707_mask.png
708,0.49937499999999996,0.65625,0.0,287.8139158576052,255.28903122498,1,0.0,0.07720545935922665,0.10695100894966322,1776435332.1258395,5,/Users/kimsumin/projects/RGMC/data/map/robot19/images/0708.png,/Users/kimsumin/projects/RGMC/data/map/robot19/overlays/0708_overlay.png,/Users/kimsumin/projects/RGMC/data/map/robot19/masks/0708_mask.png
709,0.47,0.65625,0.0,287.79017485428807,242.22897585345547,1,0.0,0.08188618331185044,0.16234890500322632,1776435345.338475,5,/Users/kimsumin/projects/RGMC/data/map/robot19/images/0709.png,/Users/kimsumin/projects/RGMC/data/map/robot19/overlays/0709_overlay.png,/Users/kimsumin/projects/RGMC/data/map/robot19/masks/0709_mask.png
710,0.440625,0.65625,0.0,288.51013513513516,229.08215767634854,1,0.0,0.3687502494849356,0.10119989800632406,1776435358.9708989,5,/Users/kimsumin/projects/RGMC/data/map/robot19/images/0710.png,/Users/kimsumin/projects/RGMC/data/map/robot19/overlays/0710_overlay.png,/Users/kimsumin/projects/RGMC/data/map/robot19/masks/0710_mask.png
711,0.41125,0.65625,0.0,289.3073803730738,215.4841592201462,1,0.0,0.06405315617926235,0.047490927635145265,1776435371.0348387,5,/Users/kimsumin/projects/RGMC/data/map/robot19/images/0711.png,/Users/kimsumin/projects/RGMC/data/map/robot19/overlays/0711_overlay.png,/Users/kimsumin/projects/RGMC/data/map/robot19/masks/0711_mask.png
712,0.38187499999999996,0.65625,0.0,289.4886914378029,202.77302100161552,1,0.0,0.017594823719047574,0.030820908245336582,1776435384.5532334,5,/Users/kimsumin/projects/RGMC/data/map/robot19/images/0712.png,/Users/kimsumin/projects/RGMC/data/map/robot19/overlays/0712_overlay.png,/Users/kimsumin/projects/RGMC/data/map/robot19/masks/0712_mask.png
713,0.3525,0.65625,0.0,290.9246401354784,189.72226926333616,1,0.0,0.05194600782114303,0.04936987692251529,1776435397.045579,5,/Users/kimsumin/projects/RGMC/data/map/robot19/images/0713.png,/Users/kimsumin/projects/RGMC/data/map/robot19/overlays/0713_overlay.png,/Users/kimsumin/projects/RGMC/data/map/robot19/masks/0713_mask.png
714,0.323125,0.65625,0.0,291.0790144435004,177.24915824915826,1,0.0,0.07549841673123903,0.05582429610022926,1776435409.954436,5,/Users/kimsumin/projects/RGMC/data/map/robot19/images/0714.png,/Users/kimsumin/projects/RGMC/data/map/robot19/overlays/0714_overlay.png,/Users/kimsumin/projects/RGMC/data/map/robot19/masks/0714_mask.png
715,0.29374999999999996,0.65625,0.0,291.1831932773109,164.55210084033612,1,0.0,0.02505911446746374,0.0987055283214575,1776435421.7214227,5,/Users/kimsumin/projects/RGMC/data/map/robot19/images/0715.png,/Users/kimsumin/projects/RGMC/data/map/robot19/overlays/0715_overlay.png,/Users/kimsumin/projects/RGMC/data/map/robot19/masks/0715_mask.png
716,0.26437499999999997,0.65625,0.0,291.3434599156118,150.77364864864865,1,0.0,0.029293025842291105,0.06393737651235547,1776435433.907734,5,/Users/kimsumin/projects/RGMC/data/map/robot19/images/0716.png,/Users/kimsumin/projects/RGMC/data/map/robot19/overlays/0716_overlay.png,/Users/kimsumin/projects/RGMC/data/map/robot19/masks/0716_mask.png
717,0.235,0.65625,0.0,291.38305084745764,138.68090452261308,1,0.0,0.07018617921065996,0.07248475192373208,1776435447.0263977,5,/Users/kimsumin/projects/RGMC/data/map/robot19/images/0717.png,/Users/kimsumin/projects/RGMC/data/map/robot19/overlays/0717_overlay.png,/Users/kimsumin/projects/RGMC/data/map/robot19/masks/0717_mask.png
718,0.205625,0.65625,0.0,291.89261744966444,125.77375946173255,1,0.0,0.046208315612769287,0.034019400696058556,1776435458.6756032,5,/Users/kimsumin/projects/RGMC/data/map/robot19/images/0718.png,/Users/kimsumin/projects/RGMC/data/map/robot19/overlays/0718_overlay.png,/Users/kimsumin/projects/RGMC/data/map/robot19/masks/0718_mask.png
719,0.17625,0.65625,0.0,292.25447154471544,112.34308943089431,1,0.0,0.05857702999190266,0.18915307531573522,1776435470.3464093,5,/Users/kimsumin/projects/RGMC/data/map/robot19/images/0719.png,/Users/kimsumin/projects/RGMC/data/map/robot19/overlays/0719_overlay.png,/Users/kimsumin/projects/RGMC/data/map/robot19/masks/0719_mask.png
720,0.14687499999999998,0.65625,0.0,292.3630849220104,100.20883882149047,1,0.0,0.06544904787645357,0.06894387769259101,1776435482.4487224,5,/Users/kimsumin/projects/RGMC/data/map/robot19/images/0720.png,/Users/kimsumin/projects/RGMC/data/map/robot19/overlays/0720_overlay.png,/Users/kimsumin/projects/RGMC/data/map/robot19/masks/0720_mask.png
721,0.1175,0.65625,0.0,292.5297569153395,86.12123745819397,1,0.0,0.16781957381074553,0.10942437779906498,1776435495.7588189,5,/Users/kimsumin/projects/RGMC/data/map/robot19/images/0721.png,/Users/kimsumin/projects/RGMC/data/map/robot19/overlays/0721_overlay.png,/Users/kimsumin/projects/RGMC/data/map/robot19/masks/0721_mask.png
722,0.088125,0.65625,0.0,293.5345963756178,73.46787479406919,1,0.0,0.09694756603330744,0.07007470306777348,1776435508.0532815,5,/Users/kimsumin/projects/RGMC/data/map/robot19/images/0722.png,/Users/kimsumin/projects/RGMC/data/map/robot19/overlays/0722_overlay.png,/Users/kimsumin/projects/RGMC/data/map/robot19/masks/0722_mask.png
723,0.05875,0.65625,0.0,294.4803149606299,60.78824546240276,1,0.0,0.3442561820403202,0.1203356045986421,1776435520.1436176,5,/Users/kimsumin/projects/RGMC/data/map/robot19/images/0723.png,/Users/kimsumin/projects/RGMC/data/map/robot19/overlays/0723_overlay.png,/Users/kimsumin/projects/RGMC/data/map/robot19/masks/0723_mask.png
724,0.029375,0.65625,0.0,294.89522212908633,46.83585858585859,1,0.0,0.08243652798288673,0.024334967777570625,1776435532.0177011,5,/Users/kimsumin/projects/RGMC/data/map/robot19/images/0724.png,/Users/kimsumin/projects/RGMC/data/map/robot19/overlays/0724_overlay.png,/Users/kimsumin/projects/RGMC/data/map/robot19/masks/0724_mask.png
725,0.0,0.65625,0.0,294.5094962840628,33.91960623461854,1,0.0,0.20638812550463992,0.10385333741977974,1776435543.8032944,5,/Users/kimsumin/projects/RGMC/data/map/robot19/images/0725.png,/Users/kimsumin/projects/RGMC/data/map/robot19/overlays/0725_overlay.png,/Users/kimsumin/projects/RGMC/data/map/robot19/masks/0725_mask.png
726,0.0,0.6875,0.0,280.15625,33.35153019023987,1,0.0,0.03620772625693672,0.12855651680493327,1776435555.45709,5,/Users/kimsumin/projects/RGMC/data/map/robot19/images/0726.png,/Users/kimsumin/projects/RGMC/data/map/robot19/overlays/0726_overlay.png,/Users/kimsumin/projects/RGMC/data/map/robot19/masks/0726_mask.png
727,0.029375,0.6875,0.0,279.8534338358459,46.01256281407035,1,0.0,0.056923603619028165,0.05500778224382827,1776435567.2358577,5,/Users/kimsumin/projects/RGMC/data/map/robot19/images/0727.png,/Users/kimsumin/projects/RGMC/data/map/robot19/overlays/0727_overlay.png,/Users/kimsumin/projects/RGMC/data/map/robot19/masks/0727_mask.png
728,0.05875,0.6875,0.0,279.61614349775783,59.61829375549692,1,0.0,0.06265525467190046,0.1106562799298554,1776435580.5566204,5,/Users/kimsumin/projects/RGMC/data/map/robot19/images/0728.png,/Users/kimsumin/projects/RGMC/data/map/robot19/overlays/0728_overlay.png,/Users/kimsumin/projects/RGMC/data/map/robot19/masks/0728_mask.png
729,0.088125,0.6875,0.0,279.2927241962775,72.6792130025663,1,0.0,0.052404772732472106,0.30158612132502177,1776435592.4218762,5,/Users/kimsumin/projects/RGMC/data/map/robot19/images/0729.png,/Users/kimsumin/projects/RGMC/data/map/robot19/overlays/0729_overlay.png,/Users/kimsumin/projects/RGMC/data/map/robot19/masks/0729_mask.png
730,0.1175,0.6875,0.0,279.4276206322795,85.54159733777038,1,0.0,0.026709809781691487,0.03732299566226576,1776435604.6086102,5,/Users/kimsumin/projects/RGMC/data/map/robot19/images/0730.png,/Users/kimsumin/projects/RGMC/data/map/robot19/overlays/0730_overlay.png,/Users/kimsumin/projects/RGMC/data/map/robot19/masks/0730_mask.png
731,0.14687499999999998,0.6875,0.0,279.0298755186722,98.37302248126561,1,0.0,0.030365632210339222,0.06227880491044172,1776435617.9320548,5,/Users/kimsumin/projects/RGMC/data/map/robot19/images/0731.png,/Users/kimsumin/projects/RGMC/data/map/robot19/overlays/0731_overlay.png,/Users/kimsumin/projects/RGMC/data/map/robot19/masks/0731_mask.png
732,0.17625,0.6875,0.0,278.8355371900826,111.56600660066006,1,0.0,0.022012452482364397,0.1821537213633815,1776435629.5946522,5,/Users/kimsumin/projects/RGMC/data/map/robot19/images/0732.png,/Users/kimsumin/projects/RGMC/data/map/robot19/overlays/0732_overlay.png,/Users/kimsumin/projects/RGMC/data/map/robot19/masks/0732_mask.png
733,0.205625,0.6875,0.0,278.6975361087511,125.24299065420561,1,0.0,0.04750573076762012,0.07852036891650636,1776435641.5803194,5,/Users/kimsumin/projects/RGMC/data/map/robot19/images/0733.png,/Users/kimsumin/projects/RGMC/data/map/robot19/overlays/0733_overlay.png,/Users/kimsumin/projects/RGMC/data/map/robot19/masks/0733_mask.png
734,0.235,0.6875,0.0,277.32904263877714,137.74616695059626,1,0.0,0.42506449441990163,0.06953035042573258,1776435654.278909,5,/Users/kimsumin/projects/RGMC/data/map/robot19/images/0734.png,/Users/kimsumin/projects/RGMC/data/map/robot19/overlays/0734_overlay.png,/Users/kimsumin/projects/RGMC/data/map/robot19/masks/0734_mask.png
735,0.26437499999999997,0.6875,0.0,277.2449310624493,150.31630170316302,1,0.0,0.040489547289104956,0.06386617855796943,1776435666.4710917,5,/Users/kimsumin/projects/RGMC/data/map/robot19/images/0735.png,/Users/kimsumin/projects/RGMC/data/map/robot19/overlays/0735_overlay.png,/Users/kimsumin/projects/RGMC/data/map/robot19/masks/0735_mask.png
736,0.29374999999999996,0.6875,0.0,276.8074380165289,164.11930405965202,1,0.0,0.0504364109759684,0.05599654277193251,1776435679.2604055,5,/Users/kimsumin/projects/RGMC/data/map/robot19/images/0736.png,/Users/kimsumin/projects/RGMC/data/map/robot19/overlays/0736_overlay.png,/Users/kimsumin/projects/RGMC/data/map/robot19/masks/0736_mask.png
737,0.323125,0.6875,0.0,276.0726672171759,176.01655629139074,1,0.0,0.04803486494537539,0.08285615771305072,1776435693.6461935,5,/Users/kimsumin/projects/RGMC/data/map/robot19/images/0737.png,/Users/kimsumin/projects/RGMC/data/map/robot19/overlays/0737_overlay.png,/Users/kimsumin/projects/RGMC/data/map/robot19/masks/0737_mask.png
738,0.3525,0.6875,0.0,275.98242677824265,189.40017211703957,1,0.0,0.24257895226660872,0.046865193421735916,1776435707.0886872,5,/Users/kimsumin/projects/RGMC/data/map/robot19/images/0738.png,/Users/kimsumin/projects/RGMC/data/map/robot19/overlays/0738_overlay.png,/Users/kimsumin/projects/RGMC/data/map/robot19/masks/0738_mask.png
739,0.38187499999999996,0.6875,0.0,275.6757425742574,202.05564784053155,1,0.0,0.01628921898081493,0.027805012726012948,1776435720.0155985,5,/Users/kimsumin/projects/RGMC/data/map/robot19/images/0739.png,/Users/kimsumin/projects/RGMC/data/map/robot19/overlays/0739_overlay.png,/Users/kimsumin/projects/RGMC/data/map/robot19/masks/0739_mask.png
740,0.41125,0.6875,0.0,275.54080791426213,215.28923582580114,1,0.0,0.08030110606795707,0.07073269301865931,1776435732.2608414,5,/Users/kimsumin/projects/RGMC/data/map/robot19/images/0740.png,/Users/kimsumin/projects/RGMC/data/map/robot19/overlays/0740_overlay.png,/Users/kimsumin/projects/RGMC/data/map/robot19/masks/0740_mask.png
741,0.440625,0.6875,0.0,275.1241554054054,228.82869198312235,1,0.0,0.015512057142257202,0.05627439422818707,1776435744.6956198,5,/Users/kimsumin/projects/RGMC/data/map/robot19/images/0741.png,/Users/kimsumin/projects/RGMC/data/map/robot19/overlays/0741_overlay.png,/Users/kimsumin/projects/RGMC/data/map/robot19/masks/0741_mask.png
742,0.47,0.6875,0.0,274.67902274641955,241.6305625524769,1,0.0,0.22785055908192467,0.08747928814002258,1776435757.5064776,5,/Users/kimsumin/projects/RGMC/data/map/robot19/images/0742.png,/Users/kimsumin/projects/RGMC/data/map/robot19/overlays/0742_overlay.png,/Users/kimsumin/projects/RGMC/data/map/robot19/masks/0742_mask.png
743,0.49937499999999996,0.6875,0.0,273.6971340046476,255.1796267496112,1,0.0,0.08783691322742375,0.1210758209625527,1776435769.2717571,5,/Users/kimsumin/projects/RGMC/data/map/robot19/images/0743.png,/Users/kimsumin/projects/RGMC/data/map/robot19/overlays/0743_overlay.png,/Users/kimsumin/projects/RGMC/data/map/robot19/masks/0743_mask.png
744,0.5287499999999999,0.6875,0.0,273.2641357027464,268.9661563255439,1,0.0,0.03949397545083077,0.04249431455358694,1776435780.948473,5,/Users/kimsumin/projects/RGMC/data/map/robot19/images/0744.png,/Users/kimsumin/projects/RGMC/data/map/robot19/overlays/0744_overlay.png,/Users/kimsumin/projects/RGMC/data/map/robot19/masks/0744_mask.png
745,0.558125,0.6875,0.0,273.1666666666667,282.10130718954247,1,0.0,0.04748666297888576,0.07307581728868882,1776435793.9545448,5,/Users/kimsumin/projects/RGMC/data/map/robot19/images/0745.png,/Users/kimsumin/projects/RGMC/data/map/robot19/overlays/0745_overlay.png,/Users/kimsumin/projects/RGMC/data/map/robot19/masks/0745_mask.png
746,0.5874999999999999,0.6875,0.0,273.1680194805195,295.2930194805195,1,0.0,0.05456745854674879,0.053873756144271354,1776435806.855933,5,/Users/kimsumin/projects/RGMC/data/map/robot19/images/0746.png,/Users/kimsumin/projects/RGMC/data/map/robot19/overlays/0746_overlay.png,/Users/kimsumin/projects/RGMC/data/map/robot19/masks/0746_mask.png
747,0.616875,0.6875,0.0,272.3980263157895,309.14729950900164,1,0.0,0.040999506169752085,0.023601429865853743,1776435820.410951,5,/Users/kimsumin/projects/RGMC/data/map/robot19/images/0747.png,/Users/kimsumin/projects/RGMC/data/map/robot19/overlays/0747_overlay.png,/Users/kimsumin/projects/RGMC/data/map/robot19/masks/0747_mask.png
748,0.64625,0.6875,0.0,271.71892770105603,322.3967213114754,1,0.0,0.05813392899507309,0.14186718745183874,1776435833.6837964,5,/Users/kimsumin/projects/RGMC/data/map/robot19/images/0748.png,/Users/kimsumin/projects/RGMC/data/map/robot19/overlays/0748_overlay.png,/Users/kimsumin/projects/RGMC/data/map/robot19/masks/0748_mask.png
749,0.6756249999999999,0.6875,0.0,271.6966560509554,335.2380573248408,1,0.0,0.031840494922106964,0.09268799644333639,1776435846.4155827,5,/Users/kimsumin/projects/RGMC/data/map/robot19/images/0749.png,/Users/kimsumin/projects/RGMC/data/map/robot19/overlays/0749_overlay.png,/Users/kimsumin/projects/RGMC/data/map/robot19/masks/0749_mask.png
750,0.705,0.6875,0.0,271.5406091370558,348.698224852071,1,0.0,0.021987287844319657,0.03420695946001926,1776435858.7298658,5,/Users/kimsumin/projects/RGMC/data/map/robot19/images/0750.png,/Users/kimsumin/projects/RGMC/data/map/robot19/overlays/0750_overlay.png,/Users/kimsumin/projects/RGMC/data/map/robot19/masks/0750_mask.png
751,0.734375,0.6875,0.0,271.3765690376569,361.5740585774059,1,0.0,0.020132366118685057,0.0702104046723507,1776435871.5777006,5,/Users/kimsumin/projects/RGMC/data/map/robot19/images/0751.png,/Users/kimsumin/projects/RGMC/data/map/robot19/overlays/0751_overlay.png,/Users/kimsumin/projects/RGMC/data/map/robot19/masks/0751_mask.png
752,0.7637499999999999,0.6875,0.0,271.0332778702163,374.61373035566584,1,0.0,0.045301379620187036,0.1677886268728467,1776435884.3730736,5,/Users/kimsumin/projects/RGMC/data/map/robot19/images/0752.png,/Users/kimsumin/projects/RGMC/data/map/robot19/overlays/0752_overlay.png,/Users/kimsumin/projects/RGMC/data/map/robot19/masks/0752_mask.png
753,0.793125,0.6875,0.0,271.1505102040816,388.78316326530614,1,0.0,0.038913822596123436,0.02807080141399638,1776435895.9438207,5,/Users/kimsumin/projects/RGMC/data/map/robot19/images/0753.png,/Users/kimsumin/projects/RGMC/data/map/robot19/overlays/0753_overlay.png,/Users/kimsumin/projects/RGMC/data/map/robot19/masks/0753_mask.png
754,0.8225,0.6875,0.0,270.74027072758037,401.74511469838575,1,0.0,0.052490342903169264,0.07625565154723725,1776435908.128382,5,/Users/kimsumin/projects/RGMC/data/map/robot19/images/0754.png,/Users/kimsumin/projects/RGMC/data/map/robot19/overlays/0754_overlay.png,/Users/kimsumin/projects/RGMC/data/map/robot19/masks/0754_mask.png
755,0.8518749999999999,0.6875,0.0,270.20932134096483,415.43104806934593,1,0.0,0.40958205990603597,0.036890812522130424,1776435920.0296395,5,/Users/kimsumin/projects/RGMC/data/map/robot19/images/0755.png,/Users/kimsumin/projects/RGMC/data/map/robot19/overlays/0755_overlay.png,/Users/kimsumin/projects/RGMC/data/map/robot19/masks/0755_mask.png
756,0.88125,0.6875,0.0,269.42600163532296,428.9743377483444,1,0.0,0.06583691129896646,0.06893216833372247,1776435931.9983523,5,/Users/kimsumin/projects/RGMC/data/map/robot19/images/0756.png,/Users/kimsumin/projects/RGMC/data/map/robot19/overlays/0756_overlay.png,/Users/kimsumin/projects/RGMC/data/map/robot19/masks/0756_mask.png
757,0.9106249999999999,0.6875,0.0,268.5357723577236,442.9448051948052,1,0.0,0.03902430520764435,0.05265240174576561,1776435943.9662993,5,/Users/kimsumin/projects/RGMC/data/map/robot19/images/0757.png,/Users/kimsumin/projects/RGMC/data/map/robot19/overlays/0757_overlay.png,/Users/kimsumin/projects/RGMC/data/map/robot19/masks/0757_mask.png
758,0.94,0.6875,0.0,268.22673031026255,456.05284227381907,1,0.0,0.16719189069006624,0.26621689636525275,1776435957.896718,5,/Users/kimsumin/projects/RGMC/data/map/robot19/images/0758.png,/Users/kimsumin/projects/RGMC/data/map/robot19/overlays/0758_overlay.png,/Users/kimsumin/projects/RGMC/data/map/robot19/masks/0758_mask.png
759,0.94,0.71875,0.0,255.0,456.13130504403523,1,0.0,0.06325270440590534,0.024936857788113324,1776435969.9802234,5,/Users/kimsumin/projects/RGMC/data/map/robot19/images/0759.png,/Users/kimsumin/projects/RGMC/data/map/robot19/overlays/0759_overlay.png,/Users/kimsumin/projects/RGMC/data/map/robot19/masks/0759_mask.png
760,0.9106249999999999,0.71875,0.0,255.1008,442.96981731532964,1,0.0,0.027094214244658677,0.07564626526131339,1776435981.6537836,5,/Users/kimsumin/projects/RGMC/data/map/robot19/images/0760.png,/Users/kimsumin/projects/RGMC/data/map/robot19/overlays/0760_overlay.png,/Users/kimsumin/projects/RGMC/data/map/robot19/masks/0760_mask.png
761,0.88125,0.71875,0.0,255.41631623212783,429.38267451640036,1,0.0,0.022312182244749984,0.027211296054209345,1776435993.6362495,5,/Users/kimsumin/projects/RGMC/data/map/robot19/images/0761.png,/Users/kimsumin/projects/RGMC/data/map/robot19/overlays/0761_overlay.png,/Users/kimsumin/projects/RGMC/data/map/robot19/masks/0761_mask.png
762,0.8518749999999999,0.71875,0.0,255.33123028391168,416.18037974683546,1,0.0,0.03920490070631911,0.33415827449828633,1776436007.9616778,5,/Users/kimsumin/projects/RGMC/data/map/robot19/images/0762.png,/Users/kimsumin/projects/RGMC/data/map/robot19/overlays/0762_overlay.png,/Users/kimsumin/projects/RGMC/data/map/robot19/masks/0762_mask.png
763,0.8225,0.71875,0.0,255.73615635179152,402.61776691116546,1,0.0,0.03532451751157427,0.08638283104976262,1776436019.822738,5,/Users/kimsumin/projects/RGMC/data/map/robot19/images/0763.png,/Users/kimsumin/projects/RGMC/data/map/robot19/overlays/0763_overlay.png,/Users/kimsumin/projects/RGMC/data/map/robot19/masks/0763_mask.png
764,0.793125,0.71875,0.0,255.9440267335004,389.05709487825357,1,0.0,0.14957118830966515,0.06535608130173849,1776436032.7483935,5,/Users/kimsumin/projects/RGMC/data/map/robot19/images/0764.png,/Users/kimsumin/projects/RGMC/data/map/robot19/overlays/0764_overlay.png,/Users/kimsumin/projects/RGMC/data/map/robot19/masks/0764_mask.png
765,0.7637499999999999,0.71875,0.0,256.5290791599354,375.01777059773826,1,0.0,0.03773159296381975,0.10222892672066329,1776436045.2455647,5,/Users/kimsumin/projects/RGMC/data/map/robot19/images/0765.png,/Users/kimsumin/projects/RGMC/data/map/robot19/overlays/0765_overlay.png,/Users/kimsumin/projects/RGMC/data/map/robot19/masks/0765_mask.png
766,0.734375,0.71875,0.0,256.80964052287584,361.9065573770492,1,0.0,0.022386379267444297,0.05481181109161103,1776436058.4544134,5,/Users/kimsumin/projects/RGMC/data/map/robot19/images/0766.png,/Users/kimsumin/projects/RGMC/data/map/robot19/overlays/0766_overlay.png,/Users/kimsumin/projects/RGMC/data/map/robot19/masks/0766_mask.png
767,0.705,0.71875,0.0,257.4400330851944,348.7965260545906,1,0.0,0.045331274489230425,0.05734523511962969,1776436070.4482071,5,/Users/kimsumin/projects/RGMC/data/map/robot19/images/0767.png,/Users/kimsumin/projects/RGMC/data/map/robot19/overlays/0767_overlay.png,/Users/kimsumin/projects/RGMC/data/map/robot19/masks/0767_mask.png
768,0.6756249999999999,0.71875,0.0,257.7948922585794,335.28651237031124,1,0.0,0.030955126718982203,0.026427575196509876,1776436082.9278603,5,/Users/kimsumin/projects/RGMC/data/map/robot19/images/0768.png,/Users/kimsumin/projects/RGMC/data/map/robot19/overlays/0768_overlay.png,/Users/kimsumin/projects/RGMC/data/map/robot19/masks/0768_mask.png
769,0.64625,0.71875,0.0,257.9944089456869,322.53206650831356,1,0.0,0.04790570577096745,0.1046088738623713,1776436095.1150331,5,/Users/kimsumin/projects/RGMC/data/map/robot19/images/0769.png,/Users/kimsumin/projects/RGMC/data/map/robot19/overlays/0769_overlay.png,/Users/kimsumin/projects/RGMC/data/map/robot19/masks/0769_mask.png
770,0.616875,0.71875,0.0,258.67378800328675,309.5593080724876,1,0.0,0.3429264297483325,0.08550416985380438,1776436107.368838,5,/Users/kimsumin/projects/RGMC/data/map/robot19/images/0770.png,/Users/kimsumin/projects/RGMC/data/map/robot19/overlays/0770_overlay.png,/Users/kimsumin/projects/RGMC/data/map/robot19/masks/0770_mask.png
771,0.5874999999999999,0.71875,0.0,259.15849673202615,295.88763136620855,1,0.0,0.044401326749941426,0.07245864852233311,1776436119.202392,5,/Users/kimsumin/projects/RGMC/data/map/robot19/images/0771.png,/Users/kimsumin/projects/RGMC/data/map/robot19/overlays/0771_overlay.png,/Users/kimsumin/projects/RGMC/data/map/robot19/masks/0771_mask.png
772,0.558125,0.71875,0.0,259.25374376039935,282.1545530492899,1,0.0,0.025282030706223223,0.04147355174178506,1776436131.2604485,5,/Users/kimsumin/projects/RGMC/data/map/robot19/images/0772.png,/Users/kimsumin/projects/RGMC/data/map/robot19/overlays/0772_overlay.png,/Users/kimsumin/projects/RGMC/data/map/robot19/masks/0772_mask.png
773,0.5287499999999999,0.71875,0.0,259.4190871369295,269.4100246507806,1,0.0,0.08109843483584012,0.11298046237256622,1776436145.697479,5,/Users/kimsumin/projects/RGMC/data/map/robot19/images/0773.png,/Users/kimsumin/projects/RGMC/data/map/robot19/overlays/0773_overlay.png,/Users/kimsumin/projects/RGMC/data/map/robot19/masks/0773_mask.png
774,0.49937499999999996,0.71875,0.0,259.1875498802873,255.58178887993554,1,0.0,0.14389133244250896,0.07111527446843509,1776436158.5113027,5,/Users/kimsumin/projects/RGMC/data/map/robot19/images/0774.png,/Users/kimsumin/projects/RGMC/data/map/robot19/overlays/0774_overlay.png,/Users/kimsumin/projects/RGMC/data/map/robot19/masks/0774_mask.png
775,0.47,0.71875,0.0,259.96380471380473,241.9083969465649,1,0.0,0.08079746456970906,0.06940297297713334,1776436170.478212,5,/Users/kimsumin/projects/RGMC/data/map/robot19/images/0775.png,/Users/kimsumin/projects/RGMC/data/map/robot19/overlays/0775_overlay.png,/Users/kimsumin/projects/RGMC/data/map/robot19/masks/0775_mask.png
776,0.440625,0.71875,0.0,260.7506053268765,229.19545823195458,1,0.0,0.03339379705244961,0.06947856191983882,1776436184.2013838,5,/Users/kimsumin/projects/RGMC/data/map/robot19/images/0776.png,/Users/kimsumin/projects/RGMC/data/map/robot19/overlays/0776_overlay.png,/Users/kimsumin/projects/RGMC/data/map/robot19/masks/0776_mask.png
777,0.41125,0.71875,0.0,261.2628043660789,216.12930310663307,1,0.0,0.2810791655638706,0.054859474596257785,1776436196.8982644,5,/Users/kimsumin/projects/RGMC/data/map/robot19/images/0777.png,/Users/kimsumin/projects/RGMC/data/map/robot19/overlays/0777_overlay.png,/Users/kimsumin/projects/RGMC/data/map/robot19/masks/0777_mask.png
778,0.38187499999999996,0.71875,0.0,261.5684210526316,202.28733766233765,1,0.0,0.05192703141519929,0.1025955223708009,1776436210.00466,5,/Users/kimsumin/projects/RGMC/data/map/robot19/images/0778.png,/Users/kimsumin/projects/RGMC/data/map/robot19/overlays/0778_overlay.png,/Users/kimsumin/projects/RGMC/data/map/robot19/masks/0778_mask.png
779,0.3525,0.71875,0.0,262.733164983165,189.53535353535352,1,0.0,0.04300608299261022,0.07668111120134559,1776436221.5794008,5,/Users/kimsumin/projects/RGMC/data/map/robot19/images/0779.png,/Users/kimsumin/projects/RGMC/data/map/robot19/overlays/0779_overlay.png,/Users/kimsumin/projects/RGMC/data/map/robot19/masks/0779_mask.png
780,0.323125,0.71875,0.0,262.8781512605042,177.00169204737733,1,0.0,0.04461256168285449,0.04805777800627772,1776436232.9471638,5,/Users/kimsumin/projects/RGMC/data/map/robot19/images/0780.png,/Users/kimsumin/projects/RGMC/data/map/robot19/overlays/0780_overlay.png,/Users/kimsumin/projects/RGMC/data/map/robot19/masks/0780_mask.png
781,0.29374999999999996,0.71875,0.0,263.1798319327731,164.215306980656,1,0.0,0.02476107266192261,0.060395943096983894,1776436244.9376674,5,/Users/kimsumin/projects/RGMC/data/map/robot19/images/0781.png,/Users/kimsumin/projects/RGMC/data/map/robot19/overlays/0781_overlay.png,/Users/kimsumin/projects/RGMC/data/map/robot19/masks/0781_mask.png
782,0.26437499999999997,0.71875,0.0,263.279128248114,150.47310924369748,1,0.0,0.05028846850296913,0.07231012559631003,1776436256.7026448,5,/Users/kimsumin/projects/RGMC/data/map/robot19/images/0782.png,/Users/kimsumin/projects/RGMC/data/map/robot19/overlays/0782_overlay.png,/Users/kimsumin/projects/RGMC/data/map/robot19/masks/0782_mask.png
783,0.235,0.71875,0.0,263.39866555462885,137.98656591099916,1,0.0,0.027314945877112275,0.030953774867014085,1776436267.461984,5,/Users/kimsumin/projects/RGMC/data/map/robot19/images/0783.png,/Users/kimsumin/projects/RGMC/data/map/robot19/overlays/0783_overlay.png,/Users/kimsumin/projects/RGMC/data/map/robot19/masks/0783_mask.png
784,0.205625,0.71875,0.0,263.71059216013344,125.45492487479132,1,0.0,0.02283366084870055,0.05456488644820402,1776436279.3295386,5,/Users/kimsumin/projects/RGMC/data/map/robot19/images/0784.png,/Users/kimsumin/projects/RGMC/data/map/robot19/overlays/0784_overlay.png,/Users/kimsumin/projects/RGMC/data/map/robot19/masks/0784_mask.png
785,0.17625,0.71875,0.0,263.8369565217391,111.6268656716418,1,0.0,0.06500252512125258,0.09941766152848314,1776436291.211013,5,/Users/kimsumin/projects/RGMC/data/map/robot19/images/0785.png,/Users/kimsumin/projects/RGMC/data/map/robot19/overlays/0785_overlay.png,/Users/kimsumin/projects/RGMC/data/map/robot19/masks/0785_mask.png
786,0.14687499999999998,0.71875,0.0,264.2691001697793,99.12604340567613,1,0.0,0.10108684102778065,0.1537807361398382,1776436302.787103,5,/Users/kimsumin/projects/RGMC/data/map/robot19/images/0786.png,/Users/kimsumin/projects/RGMC/data/map/robot19/overlays/0786_overlay.png,/Users/kimsumin/projects/RGMC/data/map/robot19/masks/0786_mask.png
787,0.1175,0.71875,0.0,265.0816491511722,85.78275020341741,1,0.0,0.07313799798546312,0.10626469318613566,1776436314.6609619,5,/Users/kimsumin/projects/RGMC/data/map/robot19/images/0787.png,/Users/kimsumin/projects/RGMC/data/map/robot19/overlays/0787_overlay.png,/Users/kimsumin/projects/RGMC/data/map/robot19/masks/0787_mask.png
788,0.088125,0.71875,0.0,266.17036379769297,72.76554174067496,1,0.0,0.044306679929969194,0.04971549817776636,1776436326.540144,5,/Users/kimsumin/projects/RGMC/data/map/robot19/images/0788.png,/Users/kimsumin/projects/RGMC/data/map/robot19/overlays/0788_overlay.png,/Users/kimsumin/projects/RGMC/data/map/robot19/masks/0788_mask.png
789,0.05875,0.71875,0.0,266.5376799322608,59.357324301439455,1,0.0,0.05422477494897045,0.08331374069825392,1776436338.210523,5,/Users/kimsumin/projects/RGMC/data/map/robot19/images/0789.png,/Users/kimsumin/projects/RGMC/data/map/robot19/overlays/0789_overlay.png,/Users/kimsumin/projects/RGMC/data/map/robot19/masks/0789_mask.png
790,0.029375,0.71875,0.0,266.6649528706084,45.77101200686106,1,0.0,0.06169274694617127,0.10533269303119137,1776436350.0928485,5,/Users/kimsumin/projects/RGMC/data/map/robot19/images/0790.png,/Users/kimsumin/projects/RGMC/data/map/robot19/overlays/0790_overlay.png,/Users/kimsumin/projects/RGMC/data/map/robot19/masks/0790_mask.png
791,0.0,0.71875,0.0,266.8528678304239,33.22828784119107,1,0.0,0.1019545520171407,0.06332125543447849,1776436362.1850998,5,/Users/kimsumin/projects/RGMC/data/map/robot19/images/0791.png,/Users/kimsumin/projects/RGMC/data/map/robot19/overlays/0791_overlay.png,/Users/kimsumin/projects/RGMC/data/map/robot19/masks/0791_mask.png
792,0.0,0.75,0.0,252.03114186851212,32.77405498281787,1,0.0,0.057278322621950026,0.04163863704024824,1776436373.8512676,5,/Users/kimsumin/projects/RGMC/data/map/robot19/images/0792.png,/Users/kimsumin/projects/RGMC/data/map/robot19/overlays/0792_overlay.png,/Users/kimsumin/projects/RGMC/data/map/robot19/masks/0792_mask.png
793,0.029375,0.75,0.0,251.88640275387263,45.43459552495697,1,0.0,0.11564694227551757,0.11497769423458554,1776436385.7275558,5,/Users/kimsumin/projects/RGMC/data/map/robot19/images/0793.png,/Users/kimsumin/projects/RGMC/data/map/robot19/overlays/0793_overlay.png,/Users/kimsumin/projects/RGMC/data/map/robot19/masks/0793_mask.png
794,0.05875,0.75,0.0,251.66920473773266,58.830536912751676,1,0.0,0.13071644548716027,0.12463261538649767,1776436397.504665,5,/Users/kimsumin/projects/RGMC/data/map/robot19/images/0794.png,/Users/kimsumin/projects/RGMC/data/map/robot19/overlays/0794_overlay.png,/Users/kimsumin/projects/RGMC/data/map/robot19/masks/0794_mask.png
795,0.088125,0.75,0.0,251.42150170648463,71.06582278481012,1,0.0,0.10420404743664581,0.1248730610021083,1776436409.6883721,5,/Users/kimsumin/projects/RGMC/data/map/robot19/images/0795.png,/Users/kimsumin/projects/RGMC/data/map/robot19/overlays/0795_overlay.png,/Users/kimsumin/projects/RGMC/data/map/robot19/masks/0795_mask.png
796,0.1175,0.75,0.0,251.30756302521007,85.11932773109244,1,0.0,0.03925984688791284,0.07035854311073965,1776436421.781908,5,/Users/kimsumin/projects/RGMC/data/map/robot19/images/0796.png,/Users/kimsumin/projects/RGMC/data/map/robot19/overlays/0796_overlay.png,/Users/kimsumin/projects/RGMC/data/map/robot19/masks/0796_mask.png
797,0.14687499999999998,0.75,0.0,251.0547138047138,98.42677824267783,1,0.0,0.03783938557481227,0.04637221453542988,1776436433.546109,5,/Users/kimsumin/projects/RGMC/data/map/robot19/images/0797.png,/Users/kimsumin/projects/RGMC/data/map/robot19/overlays/0797_overlay.png,/Users/kimsumin/projects/RGMC/data/map/robot19/masks/0797_mask.png
798,0.17625,0.75,0.0,249.97044728434506,110.61102236421725,1,0.0,0.5032607000988192,0.06287144896560974,1776436446.2469041,5,/Users/kimsumin/projects/RGMC/data/map/robot19/images/0798.png,/Users/kimsumin/projects/RGMC/data/map/robot19/overlays/0798_overlay.png,/Users/kimsumin/projects/RGMC/data/map/robot19/masks/0798_mask.png
799,0.205625,0.75,0.0,249.78846153846155,124.86195826645265,1,0.0,0.06699173128608404,0.0468847676825143,1776436458.9471493,5,/Users/kimsumin/projects/RGMC/data/map/robot19/images/0799.png,/Users/kimsumin/projects/RGMC/data/map/robot19/overlays/0799_overlay.png,/Users/kimsumin/projects/RGMC/data/map/robot19/masks/0799_mask.png
800,0.235,0.75,0.0,249.34251012145748,137.36275303643725,1,0.0,0.014965286365838229,0.03890045004497551,1776436471.5412273,5,/Users/kimsumin/projects/RGMC/data/map/robot19/images/0800.png,/Users/kimsumin/projects/RGMC/data/map/robot19/overlays/0800_overlay.png,/Users/kimsumin/projects/RGMC/data/map/robot19/masks/0800_mask.png
801,0.26437499999999997,0.75,0.0,249.3987341772152,150.06724683544303,1,0.0,0.03256560650559868,0.04114119833886079,1776436483.2096012,5,/Users/kimsumin/projects/RGMC/data/map/robot19/images/0801.png,/Users/kimsumin/projects/RGMC/data/map/robot19/overlays/0801_overlay.png,/Users/kimsumin/projects/RGMC/data/map/robot19/masks/0801_mask.png
802,0.29374999999999996,0.75,0.0,248.92101105845182,163.04229848363926,1,0.0,0.04117850126167359,0.0721473819137633,1776436496.0118403,5,/Users/kimsumin/projects/RGMC/data/map/robot19/images/0802.png,/Users/kimsumin/projects/RGMC/data/map/robot19/overlays/0802_overlay.png,/Users/kimsumin/projects/RGMC/data/map/robot19/masks/0802_mask.png
803,0.323125,0.75,0.0,248.15441783649877,175.92733278282412,1,0.0,0.22721976918063122,0.29147104929948026,1776436508.9138901,5,/Users/kimsumin/projects/RGMC/data/map/robot19/images/0803.png,/Users/kimsumin/projects/RGMC/data/map/robot19/overlays/0803_overlay.png,/Users/kimsumin/projects/RGMC/data/map/robot19/masks/0803_mask.png
804,0.3525,0.75,0.0,248.36454849498327,189.20652173913044,1,0.0,0.11175940351982636,0.02398002342511503,1776436520.4994967,5,/Users/kimsumin/projects/RGMC/data/map/robot19/images/0804.png,/Users/kimsumin/projects/RGMC/data/map/robot19/overlays/0804_overlay.png,/Users/kimsumin/projects/RGMC/data/map/robot19/masks/0804_mask.png
805,0.38187499999999996,0.75,0.0,247.66583124477862,202.17710944026734,1,0.0,0.04917823345257735,0.0346776350001345,1776436532.9768832,5,/Users/kimsumin/projects/RGMC/data/map/robot19/images/0805.png,/Users/kimsumin/projects/RGMC/data/map/robot19/overlays/0805_overlay.png,/Users/kimsumin/projects/RGMC/data/map/robot19/masks/0805_mask.png
806,0.41125,0.75,0.0,247.3004255319149,215.04262574595055,1,0.0,0.061170065818063536,0.014714146676464259,1776436544.654099,5,/Users/kimsumin/projects/RGMC/data/map/robot19/images/0806.png,/Users/kimsumin/projects/RGMC/data/map/robot19/overlays/0806_overlay.png,/Users/kimsumin/projects/RGMC/data/map/robot19/masks/0806_mask.png
807,0.440625,0.75,0.0,247.11308016877638,228.90042194092828,1,0.0,0.029400400696015537,0.03370203238959224,1776436556.6441936,5,/Users/kimsumin/projects/RGMC/data/map/robot19/images/0807.png,/Users/kimsumin/projects/RGMC/data/map/robot19/overlays/0807_overlay.png,/Users/kimsumin/projects/RGMC/data/map/robot19/masks/0807_mask.png
808,0.47,0.75,0.0,246.75042016806722,241.69565217391303,1,0.0,0.025754425916102358,0.09012379383279515,1776436569.1284335,5,/Users/kimsumin/projects/RGMC/data/map/robot19/images/0808.png,/Users/kimsumin/projects/RGMC/data/map/robot19/overlays/0808_overlay.png,/Users/kimsumin/projects/RGMC/data/map/robot19/masks/0808_mask.png
809,0.49937499999999996,0.75,0.0,246.41632653061225,254.86612244897958,1,0.0,0.0606764888016558,0.0240582219461325,1776436581.3098717,5,/Users/kimsumin/projects/RGMC/data/map/robot19/images/0809.png,/Users/kimsumin/projects/RGMC/data/map/robot19/overlays/0809_overlay.png,/Users/kimsumin/projects/RGMC/data/map/robot19/masks/0809_mask.png
810,0.5287499999999999,0.75,0.0,246.3519313304721,268.70223752151463,1,0.0,0.087642050757921,0.07667014423366154,1776436593.4975915,5,/Users/kimsumin/projects/RGMC/data/map/robot19/images/0810.png,/Users/kimsumin/projects/RGMC/data/map/robot19/overlays/0810_overlay.png,/Users/kimsumin/projects/RGMC/data/map/robot19/masks/0810_mask.png
811,0.558125,0.75,0.0,245.01857835218092,281.6163166397415,1,0.0,0.07664897569266205,0.08002656626308367,1776436605.4867857,5,/Users/kimsumin/projects/RGMC/data/map/robot19/images/0811.png,/Users/kimsumin/projects/RGMC/data/map/robot19/overlays/0811_overlay.png,/Users/kimsumin/projects/RGMC/data/map/robot19/masks/0811_mask.png
812,0.5874999999999999,0.75,0.0,244.5475806451613,295.4943639291465,1,0.0,0.16405611366114958,0.16891723369612657,1776436617.5619326,5,/Users/kimsumin/projects/RGMC/data/map/robot19/images/0812.png,/Users/kimsumin/projects/RGMC/data/map/robot19/overlays/0812_overlay.png,/Users/kimsumin/projects/RGMC/data/map/robot19/masks/0812_mask.png
813,0.616875,0.75,0.0,243.96794370602032,308.8921032056294,1,0.0,0.06380633846672075,0.3032034422314139,1776436629.0339446,5,/Users/kimsumin/projects/RGMC/data/map/robot19/images/0813.png,/Users/kimsumin/projects/RGMC/data/map/robot19/overlays/0813_overlay.png,/Users/kimsumin/projects/RGMC/data/map/robot19/masks/0813_mask.png
814,0.64625,0.75,0.0,243.76644736842104,321.8787128712871,1,0.0,0.05832077755327745,0.03585568945092836,1776436641.2300227,5,/Users/kimsumin/projects/RGMC/data/map/robot19/images/0814.png,/Users/kimsumin/projects/RGMC/data/map/robot19/overlays/0814_overlay.png,/Users/kimsumin/projects/RGMC/data/map/robot19/masks/0814_mask.png
815,0.6756249999999999,0.75,0.0,243.5776859504132,334.6243781094527,1,0.0,0.027056313899584322,0.04457253922830719,1776436653.0986385,5,/Users/kimsumin/projects/RGMC/data/map/robot19/images/0815.png,/Users/kimsumin/projects/RGMC/data/map/robot19/overlays/0815_overlay.png,/Users/kimsumin/projects/RGMC/data/map/robot19/masks/0815_mask.png
816,0.705,0.75,0.0,243.6824034334764,348.7527896995708,1,0.0,0.04503525428307834,0.049136106143175845,1776436664.9736922,5,/Users/kimsumin/projects/RGMC/data/map/robot19/images/0816.png,/Users/kimsumin/projects/RGMC/data/map/robot19/overlays/0816_overlay.png,/Users/kimsumin/projects/RGMC/data/map/robot19/masks/0816_mask.png
817,0.734375,0.75,0.0,243.26773648648648,361.56329651656756,1,0.0,0.04635769686419962,0.04304867258101006,1776436677.1770425,5,/Users/kimsumin/projects/RGMC/data/map/robot19/images/0817.png,/Users/kimsumin/projects/RGMC/data/map/robot19/overlays/0817_overlay.png,/Users/kimsumin/projects/RGMC/data/map/robot19/masks/0817_mask.png
818,0.7637499999999999,0.75,0.0,242.89000839630563,374.89010067114094,1,0.0,0.04245646427790582,0.03407347318461337,1776436689.7866707,5,/Users/kimsumin/projects/RGMC/data/map/robot19/images/0818.png,/Users/kimsumin/projects/RGMC/data/map/robot19/overlays/0818_overlay.png,/Users/kimsumin/projects/RGMC/data/map/robot19/masks/0818_mask.png
819,0.793125,0.75,0.0,242.64918314703354,388.8271711092003,1,0.0,0.3770092867453134,0.04607660109249936,1776436701.943272,5,/Users/kimsumin/projects/RGMC/data/map/robot19/images/0819.png,/Users/kimsumin/projects/RGMC/data/map/robot19/overlays/0819_overlay.png,/Users/kimsumin/projects/RGMC/data/map/robot19/masks/0819_mask.png
820,0.8225,0.75,0.0,241.7560975609756,401.62919463087246,1,0.0,0.07789344291653658,0.08252727811749305,1776436714.5489178,5,/Users/kimsumin/projects/RGMC/data/map/robot19/images/0820.png,/Users/kimsumin/projects/RGMC/data/map/robot19/overlays/0820_overlay.png,/Users/kimsumin/projects/RGMC/data/map/robot19/masks/0820_mask.png
821,0.8518749999999999,0.75,0.0,241.29892141756548,415.504221028396,1,0.0,0.02522612596519597,0.038598017335454315,1776436726.519954,5,/Users/kimsumin/projects/RGMC/data/map/robot19/images/0821.png,/Users/kimsumin/projects/RGMC/data/map/robot19/overlays/0821_overlay.png,/Users/kimsumin/projects/RGMC/data/map/robot19/masks/0821_mask.png
822,0.88125,0.75,0.0,241.0860820595334,428.9903459372486,1,0.0,0.016644225910037627,0.056778847416726376,1776436738.5380263,5,/Users/kimsumin/projects/RGMC/data/map/robot19/images/0822.png,/Users/kimsumin/projects/RGMC/data/map/robot19/overlays/0822_overlay.png,/Users/kimsumin/projects/RGMC/data/map/robot19/masks/0822_mask.png
823,0.9106249999999999,0.75,0.0,240.54763811048838,442.5409054805401,1,0.0,0.0405010390079881,0.04425397476758828,1776436751.9248998,5,/Users/kimsumin/projects/RGMC/data/map/robot19/images/0823.png,/Users/kimsumin/projects/RGMC/data/map/robot19/overlays/0823_overlay.png,/Users/kimsumin/projects/RGMC/data/map/robot19/masks/0823_mask.png
824,0.94,0.75,0.0,240.37460317460318,455.97404703974047,1,0.0,0.3063608655643845,0.13432046484145574,1776436764.3033288,5,/Users/kimsumin/projects/RGMC/data/map/robot19/images/0824.png,/Users/kimsumin/projects/RGMC/data/map/robot19/overlays/0824_overlay.png,/Users/kimsumin/projects/RGMC/data/map/robot19/masks/0824_mask.png
825,0.94,0.78125,0.0,225.74328593996842,456.5262295081967,1,0.0,0.03862482940864914,0.28492627652859803,1776436778.5329776,5,/Users/kimsumin/projects/RGMC/data/map/robot19/images/0825.png,/Users/kimsumin/projects/RGMC/data/map/robot19/overlays/0825_overlay.png,/Users/kimsumin/projects/RGMC/data/map/robot19/masks/0825_mask.png
826,0.9106249999999999,0.78125,0.0,225.72690763052208,442.7708333333333,1,0.0,0.02650732047662363,0.04236279180701348,1776436791.160101,5,/Users/kimsumin/projects/RGMC/data/map/robot19/images/0826.png,/Users/kimsumin/projects/RGMC/data/map/robot19/overlays/0826_overlay.png,/Users/kimsumin/projects/RGMC/data/map/robot19/masks/0826_mask.png
827,0.88125,0.78125,0.0,227.098755186722,429.3189368770764,1,0.0,0.026186301029976884,0.04315713221877232,1776436804.5503428,5,/Users/kimsumin/projects/RGMC/data/map/robot19/images/0827.png,/Users/kimsumin/projects/RGMC/data/map/robot19/overlays/0827_overlay.png,/Users/kimsumin/projects/RGMC/data/map/robot19/masks/0827_mask.png
828,0.8518749999999999,0.78125,0.0,226.94258373205741,415.951316839585,1,0.0,0.040012663422213615,0.043541306023331616,1776436816.5398285,5,/Users/kimsumin/projects/RGMC/data/map/robot19/images/0828.png,/Users/kimsumin/projects/RGMC/data/map/robot19/overlays/0828_overlay.png,/Users/kimsumin/projects/RGMC/data/map/robot19/masks/0828_mask.png
829,0.8225,0.78125,0.0,227.1730132450331,402.1709543568465,1,0.0,0.019551006860380794,0.05450040533833334,1776436829.32752,5,/Users/kimsumin/projects/RGMC/data/map/robot19/images/0829.png,/Users/kimsumin/projects/RGMC/data/map/robot19/overlays/0829_overlay.png,/Users/kimsumin/projects/RGMC/data/map/robot19/masks/0829_mask.png
830,0.793125,0.78125,0.0,227.49535080304312,389.2738799661877,1,0.0,0.04772786034417014,0.05779475251254058,1776436842.4343963,5,/Users/kimsumin/projects/RGMC/data/map/robot19/images/0830.png,/Users/kimsumin/projects/RGMC/data/map/robot19/overlays/0830_overlay.png,/Users/kimsumin/projects/RGMC/data/map/robot19/masks/0830_mask.png
831,0.7637499999999999,0.78125,0.0,227.87646076794658,375.2784918594687,1,0.0,0.21178308531024256,0.06470945069681189,1776436855.6487262,5,/Users/kimsumin/projects/RGMC/data/map/robot19/images/0831.png,/Users/kimsumin/projects/RGMC/data/map/robot19/overlays/0831_overlay.png,/Users/kimsumin/projects/RGMC/data/map/robot19/masks/0831_mask.png
832,0.734375,0.78125,0.0,228.44312393887947,361.75785896346645,1,0.0,0.12710489123347501,0.03168203705881272,1776436868.9616995,5,/Users/kimsumin/projects/RGMC/data/map/robot19/images/0832.png,/Users/kimsumin/projects/RGMC/data/map/robot19/overlays/0832_overlay.png,/Users/kimsumin/projects/RGMC/data/map/robot19/masks/0832_mask.png
833,0.705,0.78125,0.0,228.96461668070768,348.69924178601514,1,0.0,0.205778476695356,0.05992974779128399,1776436880.9380403,5,/Users/kimsumin/projects/RGMC/data/map/robot19/images/0833.png,/Users/kimsumin/projects/RGMC/data/map/robot19/overlays/0833_overlay.png,/Users/kimsumin/projects/RGMC/data/map/robot19/masks/0833_mask.png
834,0.6756249999999999,0.78125,0.0,229.04980544747082,334.76964980544744,1,0.0,0.04978022151268004,0.09027035181815983,1776436893.0269208,5,/Users/kimsumin/projects/RGMC/data/map/robot19/images/0834.png,/Users/kimsumin/projects/RGMC/data/map/robot19/overlays/0834_overlay.png,/Users/kimsumin/projects/RGMC/data/map/robot19/masks/0834_mask.png
835,0.64625,0.78125,0.0,229.2812995245642,322.01913875598086,1,0.0,0.046266638515372674,0.03546991218910071,1776436905.4157374,5,/Users/kimsumin/projects/RGMC/data/map/robot19/images/0835.png,/Users/kimsumin/projects/RGMC/data/map/robot19/overlays/0835_overlay.png,/Users/kimsumin/projects/RGMC/data/map/robot19/masks/0835_mask.png
836,0.616875,0.78125,0.0,229.34260731319554,308.9612034837688,1,0.0,0.07139454125447349,0.1777715946161093,1776436917.600793,5,/Users/kimsumin/projects/RGMC/data/map/robot19/images/0836.png,/Users/kimsumin/projects/RGMC/data/map/robot19/overlays/0836_overlay.png,/Users/kimsumin/projects/RGMC/data/map/robot19/masks/0836_mask.png
837,0.5874999999999999,0.78125,0.0,230.741961414791,295.3198707592892,1,0.0,0.0578751638415306,0.04694477220743611,1776436929.5873036,5,/Users/kimsumin/projects/RGMC/data/map/robot19/images/0837.png,/Users/kimsumin/projects/RGMC/data/map/robot19/overlays/0837_overlay.png,/Users/kimsumin/projects/RGMC/data/map/robot19/masks/0837_mask.png
838,0.558125,0.78125,0.0,231.04329725228976,281.52039966694423,1,0.0,0.03733221230743738,0.04861022486229681,1776436941.5904503,5,/Users/kimsumin/projects/RGMC/data/map/robot19/images/0838.png,/Users/kimsumin/projects/RGMC/data/map/robot19/overlays/0838_overlay.png,/Users/kimsumin/projects/RGMC/data/map/robot19/masks/0838_mask.png
839,0.5287499999999999,0.78125,0.0,231.2999157540017,268.8724662162162,1,0.0,0.04959580178417097,0.0349795303597116,1776436955.8987474,5,/Users/kimsumin/projects/RGMC/data/map/robot19/images/0839.png,/Users/kimsumin/projects/RGMC/data/map/robot19/overlays/0839_overlay.png,/Users/kimsumin/projects/RGMC/data/map/robot19/masks/0839_mask.png
840,0.49937499999999996,0.78125,0.0,231.34546925566343,255.35656401944894,1,0.0,0.026857884989349615,0.03423352906229261,1776436968.138707,5,/Users/kimsumin/projects/RGMC/data/map/robot19/images/0840.png,/Users/kimsumin/projects/RGMC/data/map/robot19/overlays/0840_overlay.png,/Users/kimsumin/projects/RGMC/data/map/robot19/masks/0840_mask.png
841,0.47,0.78125,0.0,231.8622950819672,241.80509868421052,1,0.0,0.17458066537370773,0.10773322811957307,1776436980.061455,5,/Users/kimsumin/projects/RGMC/data/map/robot19/images/0841.png,/Users/kimsumin/projects/RGMC/data/map/robot19/overlays/0841_overlay.png,/Users/kimsumin/projects/RGMC/data/map/robot19/masks/0841_mask.png
842,0.440625,0.78125,0.0,232.1069387755102,229.29050736497544,1,0.0,0.08758859736618789,0.08127909742326525,1776436993.5795338,5,/Users/kimsumin/projects/RGMC/data/map/robot19/images/0842.png,/Users/kimsumin/projects/RGMC/data/map/robot19/overlays/0842_overlay.png,/Users/kimsumin/projects/RGMC/data/map/robot19/masks/0842_mask.png
843,0.41125,0.78125,0.0,233.00082440230833,215.48209825145713,1,0.0,0.06183495355358772,0.05467828406890667,1776437008.328623,5,/Users/kimsumin/projects/RGMC/data/map/robot19/images/0843.png,/Users/kimsumin/projects/RGMC/data/map/robot19/overlays/0843_overlay.png,/Users/kimsumin/projects/RGMC/data/map/robot19/masks/0843_mask.png
844,0.38187499999999996,0.78125,0.0,233.23731587561375,202.44224422442244,1,0.0,0.0925005605613719,0.06245531944300527,1776437020.202707,5,/Users/kimsumin/projects/RGMC/data/map/robot19/images/0844.png,/Users/kimsumin/projects/RGMC/data/map/robot19/overlays/0844_overlay.png,/Users/kimsumin/projects/RGMC/data/map/robot19/masks/0844_mask.png
845,0.3525,0.78125,0.0,233.83831851253032,189.31163547599675,1,0.0,0.41188297137759167,0.040870588386914646,1776437032.087188,5,/Users/kimsumin/projects/RGMC/data/map/robot19/images/0845.png,/Users/kimsumin/projects/RGMC/data/map/robot19/overlays/0845_overlay.png,/Users/kimsumin/projects/RGMC/data/map/robot19/masks/0845_mask.png
846,0.323125,0.78125,0.0,233.98873692679,176.40133222314736,1,0.0,0.03170299924768054,0.3867994764094701,1776437044.2713678,5,/Users/kimsumin/projects/RGMC/data/map/robot19/images/0846.png,/Users/kimsumin/projects/RGMC/data/map/robot19/overlays/0846_overlay.png,/Users/kimsumin/projects/RGMC/data/map/robot19/masks/0846_mask.png
847,0.29374999999999996,0.78125,0.0,234.0945194598888,162.90786338363782,1,0.0,0.08385129991988031,0.02410153072688591,1776437057.285917,5,/Users/kimsumin/projects/RGMC/data/map/robot19/images/0847.png,/Users/kimsumin/projects/RGMC/data/map/robot19/overlays/0847_overlay.png,/Users/kimsumin/projects/RGMC/data/map/robot19/masks/0847_mask.png
848,0.26437499999999997,0.78125,0.0,234.50487012987014,150.06677524429966,1,0.0,0.3055249768254918,0.06238405716303467,1776437069.460633,5,/Users/kimsumin/projects/RGMC/data/map/robot19/images/0848.png,/Users/kimsumin/projects/RGMC/data/map/robot19/overlays/0848_overlay.png,/Users/kimsumin/projects/RGMC/data/map/robot19/masks/0848_mask.png
849,0.235,0.78125,0.0,235.45968412302577,137.65948632974317,1,0.0,0.08781969871898085,0.07296754772121036,1776437081.1359384,5,/Users/kimsumin/projects/RGMC/data/map/robot19/images/0849.png,/Users/kimsumin/projects/RGMC/data/map/robot19/overlays/0849_overlay.png,/Users/kimsumin/projects/RGMC/data/map/robot19/masks/0849_mask.png
850,0.205625,0.78125,0.0,235.06727574750832,124.58088851634535,1,0.0,0.20180247180414176,0.018596553151473853,1776437092.819751,5,/Users/kimsumin/projects/RGMC/data/map/robot19/images/0850.png,/Users/kimsumin/projects/RGMC/data/map/robot19/overlays/0850_overlay.png,/Users/kimsumin/projects/RGMC/data/map/robot19/masks/0850_mask.png
851,0.17625,0.78125,0.0,235.81521739130434,110.62071846282373,1,0.0,0.19856451441643608,0.14717530523047773,1776437104.8865066,5,/Users/kimsumin/projects/RGMC/data/map/robot19/images/0851.png,/Users/kimsumin/projects/RGMC/data/map/robot19/overlays/0851_overlay.png,/Users/kimsumin/projects/RGMC/data/map/robot19/masks/0851_mask.png
852,0.14687499999999998,0.78125,0.0,235.9863364645602,98.11215753424658,1,0.0,0.06518670036437216,0.03094878393119878,1776437116.8728197,5,/Users/kimsumin/projects/RGMC/data/map/robot19/images/0852.png,/Users/kimsumin/projects/RGMC/data/map/robot19/overlays/0852_overlay.png,/Users/kimsumin/projects/RGMC/data/map/robot19/masks/0852_mask.png
853,0.1175,0.78125,0.0,236.7828618968386,85.41916666666667,1,0.0,0.034847881869375416,0.08250578180962534,1776437128.8511977,5,/Users/kimsumin/projects/RGMC/data/map/robot19/images/0853.png,/Users/kimsumin/projects/RGMC/data/map/robot19/overlays/0853_overlay.png,/Users/kimsumin/projects/RGMC/data/map/robot19/masks/0853_mask.png
854,0.088125,0.78125,0.0,237.0776859504132,71.96925704526046,1,0.0,0.06694174632297382,0.3015973202944197,1776437140.625513,5,/Users/kimsumin/projects/RGMC/data/map/robot19/images/0854.png,/Users/kimsumin/projects/RGMC/data/map/robot19/overlays/0854_overlay.png,/Users/kimsumin/projects/RGMC/data/map/robot19/masks/0854_mask.png
855,0.05875,0.78125,0.0,237.56529064869417,58.48078565328779,1,0.0,0.2731730010389156,0.05456904830357586,1776437152.758454,5,/Users/kimsumin/projects/RGMC/data/map/robot19/images/0855.png,/Users/kimsumin/projects/RGMC/data/map/robot19/overlays/0855_overlay.png,/Users/kimsumin/projects/RGMC/data/map/robot19/masks/0855_mask.png
856,0.029375,0.78125,0.0,238.42068965517242,45.501296456352634,1,0.0,0.015407178593862595,0.04754885421772649,1776437164.6934876,5,/Users/kimsumin/projects/RGMC/data/map/robot19/images/0856.png,/Users/kimsumin/projects/RGMC/data/map/robot19/overlays/0856_overlay.png,/Users/kimsumin/projects/RGMC/data/map/robot19/masks/0856_mask.png
857,0.0,0.78125,0.0,238.22569737954353,32.675513698630134,1,0.0,0.13136161202707522,0.07912499196141111,1776437176.8829699,5,/Users/kimsumin/projects/RGMC/data/map/robot19/images/0857.png,/Users/kimsumin/projects/RGMC/data/map/robot19/overlays/0857_overlay.png,/Users/kimsumin/projects/RGMC/data/map/robot19/masks/0857_mask.png
858,0.0,0.8125,0.0,223.81090589270008,31.433389544688026,1,0.0,0.1831989853243593,0.2351383570260678,1776437188.962015,5,/Users/kimsumin/projects/RGMC/data/map/robot19/images/0858.png,/Users/kimsumin/projects/RGMC/data/map/robot19/overlays/0858_overlay.png,/Users/kimsumin/projects/RGMC/data/map/robot19/masks/0858_mask.png
859,0.029375,0.8125,0.0,223.26083333333332,44.80833333333333,1,0.0,0.0801691017137071,0.06700640275667939,1776437201.0460443,5,/Users/kimsumin/projects/RGMC/data/map/robot19/images/0859.png,/Users/kimsumin/projects/RGMC/data/map/robot19/overlays/0859_overlay.png,/Users/kimsumin/projects/RGMC/data/map/robot19/masks/0859_mask.png
860,0.05875,0.8125,0.0,222.9715719063545,58.05126050420168,1,0.0,0.04268160781520828,0.03524787694644824,1776437212.815286,5,/Users/kimsumin/projects/RGMC/data/map/robot19/images/0860.png,/Users/kimsumin/projects/RGMC/data/map/robot19/overlays/0860_overlay.png,/Users/kimsumin/projects/RGMC/data/map/robot19/masks/0860_mask.png
861,0.088125,0.8125,0.0,222.9537925021796,70.86486486486487,1,0.0,0.03945927211623753,0.11454014091387263,1776437224.1206732,5,/Users/kimsumin/projects/RGMC/data/map/robot19/images/0861.png,/Users/kimsumin/projects/RGMC/data/map/robot19/overlays/0861_overlay.png,/Users/kimsumin/projects/RGMC/data/map/robot19/masks/0861_mask.png
862,0.1175,0.8125,0.0,223.02459711620017,84.87989778534923,1,0.0,0.0751106500352582,0.10148089947383712,1776437235.5517435,5,/Users/kimsumin/projects/RGMC/data/map/robot19/images/0862.png,/Users/kimsumin/projects/RGMC/data/map/robot19/overlays/0862_overlay.png,/Users/kimsumin/projects/RGMC/data/map/robot19/masks/0862_mask.png
863,0.14687499999999998,0.8125,0.0,221.79872204472844,97.92891373801918,1,0.0,0.04151886234464627,0.01942567420236579,1776437247.6364782,5,/Users/kimsumin/projects/RGMC/data/map/robot19/images/0863.png,/Users/kimsumin/projects/RGMC/data/map/robot19/overlays/0863_overlay.png,/Users/kimsumin/projects/RGMC/data/map/robot19/masks/0863_mask.png
864,0.17625,0.8125,0.0,221.51574803149606,110.2992125984252,1,0.0,0.04958021260427035,0.03538359800771453,1776437259.8213496,5,/Users/kimsumin/projects/RGMC/data/map/robot19/images/0864.png,/Users/kimsumin/projects/RGMC/data/map/robot19/overlays/0864_overlay.png,/Users/kimsumin/projects/RGMC/data/map/robot19/masks/0864_mask.png
865,0.205625,0.8125,0.0,221.341384863124,124.06188925081433,1,0.0,0.0370214217172609,0.07301773440088972,1776437271.8047867,5,/Users/kimsumin/projects/RGMC/data/map/robot19/images/0865.png,/Users/kimsumin/projects/RGMC/data/map/robot19/overlays/0865_overlay.png,/Users/kimsumin/projects/RGMC/data/map/robot19/masks/0865_mask.png
866,0.235,0.8125,0.0,221.34375,136.721044045677,1,0.0,0.10061882154572319,0.050235743882353294,1776437283.7870073,5,/Users/kimsumin/projects/RGMC/data/map/robot19/images/0866.png,/Users/kimsumin/projects/RGMC/data/map/robot19/overlays/0866_overlay.png,/Users/kimsumin/projects/RGMC/data/map/robot19/masks/0866_mask.png
867,0.26437499999999997,0.8125,0.0,220.98953301127213,149.51932367149757,1,0.0,0.06720670990801081,0.08844814698025442,1776437295.8703687,5,/Users/kimsumin/projects/RGMC/data/map/robot19/images/0867.png,/Users/kimsumin/projects/RGMC/data/map/robot19/overlays/0867_overlay.png,/Users/kimsumin/projects/RGMC/data/map/robot19/masks/0867_mask.png
868,0.29374999999999996,0.8125,0.0,220.3255439161966,162.07010475423047,1,0.0,0.24035317656214839,0.06857519987425423,1776437307.9548414,5,/Users/kimsumin/projects/RGMC/data/map/robot19/images/0868.png,/Users/kimsumin/projects/RGMC/data/map/robot19/overlays/0868_overlay.png,/Users/kimsumin/projects/RGMC/data/map/robot19/masks/0868_mask.png
869,0.323125,0.8125,0.0,219.70421393841167,175.18322475570034,1,0.0,0.04463110595287099,0.06340457446612104,1776437319.839348,5,/Users/kimsumin/projects/RGMC/data/map/robot19/images/0869.png,/Users/kimsumin/projects/RGMC/data/map/robot19/overlays/0869_overlay.png,/Users/kimsumin/projects/RGMC/data/map/robot19/masks/0869_mask.png
870,0.3525,0.8125,0.0,219.5664395229983,188.84995737425405,1,0.0,0.03843868724768881,0.08141384263701314,1776437331.403679,5,/Users/kimsumin/projects/RGMC/data/map/robot19/images/0870.png,/Users/kimsumin/projects/RGMC/data/map/robot19/overlays/0870_overlay.png,/Users/kimsumin/projects/RGMC/data/map/robot19/masks/0870_mask.png
871,0.38187499999999996,0.8125,0.0,219.38902743142145,202.19700748129677,1,0.0,0.03569977059104196,0.06135729142202472,1776437343.2760968,5,/Users/kimsumin/projects/RGMC/data/map/robot19/images/0871.png,/Users/kimsumin/projects/RGMC/data/map/robot19/overlays/0871_overlay.png,/Users/kimsumin/projects/RGMC/data/map/robot19/masks/0871_mask.png
872,0.41125,0.8125,0.0,219.12594458438286,214.5772151898734,1,0.0,0.02826232510474824,0.07924154368901525,1776437355.263686,5,/Users/kimsumin/projects/RGMC/data/map/robot19/images/0872.png,/Users/kimsumin/projects/RGMC/data/map/robot19/overlays/0872_overlay.png,/Users/kimsumin/projects/RGMC/data/map/robot19/masks/0872_mask.png
873,0.440625,0.8125,0.0,217.90916463909164,228.6829268292683,1,0.0,0.04023948454330608,0.0638686848728171,1776437367.1506546,5,/Users/kimsumin/projects/RGMC/data/map/robot19/images/0873.png,/Users/kimsumin/projects/RGMC/data/map/robot19/overlays/0873_overlay.png,/Users/kimsumin/projects/RGMC/data/map/robot19/masks/0873_mask.png
874,0.47,0.8125,0.0,217.8450819672131,241.15888615888616,1,0.0,0.09085195346517136,0.08696415582578654,1776437378.8225167,5,/Users/kimsumin/projects/RGMC/data/map/robot19/images/0874.png,/Users/kimsumin/projects/RGMC/data/map/robot19/overlays/0874_overlay.png,/Users/kimsumin/projects/RGMC/data/map/robot19/masks/0874_mask.png
875,0.49937499999999996,0.8125,0.0,217.7771236333053,253.95524816924328,1,0.0,0.1618415021673221,0.09475419004522322,1776437390.5032668,5,/Users/kimsumin/projects/RGMC/data/map/robot19/images/0875.png,/Users/kimsumin/projects/RGMC/data/map/robot19/overlays/0875_overlay.png,/Users/kimsumin/projects/RGMC/data/map/robot19/masks/0875_mask.png
876,0.5287499999999999,0.8125,0.0,217.0752427184466,267.43471337579615,1,0.0,0.060691095434106536,0.06547824180760867,1776437402.0573435,5,/Users/kimsumin/projects/RGMC/data/map/robot19/images/0876.png,/Users/kimsumin/projects/RGMC/data/map/robot19/overlays/0876_overlay.png,/Users/kimsumin/projects/RGMC/data/map/robot19/masks/0876_mask.png
877,0.558125,0.8125,0.0,216.56280991735537,281.28831814415906,1,0.0,0.0633597280883791,0.09166163208532997,1776437413.9330602,5,/Users/kimsumin/projects/RGMC/data/map/robot19/images/0877.png,/Users/kimsumin/projects/RGMC/data/map/robot19/overlays/0877_overlay.png,/Users/kimsumin/projects/RGMC/data/map/robot19/masks/0877_mask.png
878,0.5874999999999999,0.8125,0.0,215.83333333333334,294.3821548821549,1,0.0,0.09024719017698908,0.07171122319760084,1776437426.1188104,5,/Users/kimsumin/projects/RGMC/data/map/robot19/images/0878.png,/Users/kimsumin/projects/RGMC/data/map/robot19/overlays/0878_overlay.png,/Users/kimsumin/projects/RGMC/data/map/robot19/masks/0878_mask.png
879,0.616875,0.8125,0.0,215.9351081530782,308.56206896551726,1,0.0,0.04099038497467547,0.3278891415709867,1776437440.4707303,5,/Users/kimsumin/projects/RGMC/data/map/robot19/images/0879.png,/Users/kimsumin/projects/RGMC/data/map/robot19/overlays/0879_overlay.png,/Users/kimsumin/projects/RGMC/data/map/robot19/masks/0879_mask.png
880,0.64625,0.8125,0.0,215.57286432160805,321.68991596638654,1,0.0,0.07648896117839686,0.03943929128005162,1776437453.3917515,5,/Users/kimsumin/projects/RGMC/data/map/robot19/images/0880.png,/Users/kimsumin/projects/RGMC/data/map/robot19/overlays/0880_overlay.png,/Users/kimsumin/projects/RGMC/data/map/robot19/masks/0880_mask.png
881,0.6756249999999999,0.8125,0.0,215.40802675585283,333.9478908188586,1,0.0,0.045749670652779316,0.0708489499754413,1776437464.946533,5,/Users/kimsumin/projects/RGMC/data/map/robot19/images/0881.png,/Users/kimsumin/projects/RGMC/data/map/robot19/overlays/0881_overlay.png,/Users/kimsumin/projects/RGMC/data/map/robot19/masks/0881_mask.png
882,0.705,0.8125,0.0,215.16077441077442,348.41121495327104,1,0.0,0.04758245999485891,0.07817364482010519,1776437477.148489,5,/Users/kimsumin/projects/RGMC/data/map/robot19/images/0882.png,/Users/kimsumin/projects/RGMC/data/map/robot19/overlays/0882_overlay.png,/Users/kimsumin/projects/RGMC/data/map/robot19/masks/0882_mask.png
883,0.734375,0.8125,0.0,214.89029535864978,361.2705682782019,1,0.0,0.042254447704409094,0.02738471570159206,1776437489.2396884,5,/Users/kimsumin/projects/RGMC/data/map/robot19/images/0883.png,/Users/kimsumin/projects/RGMC/data/map/robot19/overlays/0883_overlay.png,/Users/kimsumin/projects/RGMC/data/map/robot19/masks/0883_mask.png
884,0.7637499999999999,0.8125,0.0,214.42736486486487,374.5941780821918,1,0.0,0.2562521401932824,0.2573405860425491,1776437500.974173,5,/Users/kimsumin/projects/RGMC/data/map/robot19/images/0884.png,/Users/kimsumin/projects/RGMC/data/map/robot19/overlays/0884_overlay.png,/Users/kimsumin/projects/RGMC/data/map/robot19/masks/0884_mask.png
885,0.793125,0.8125,0.0,213.14762301918265,388.64023372287147,1,0.0,0.050008949587619624,0.06449355650202884,1776437513.0648625,5,/Users/kimsumin/projects/RGMC/data/map/robot19/images/0885.png,/Users/kimsumin/projects/RGMC/data/map/robot19/overlays/0885_overlay.png,/Users/kimsumin/projects/RGMC/data/map/robot19/masks/0885_mask.png
886,0.8225,0.8125,0.0,212.51724137931035,402.08999158957107,1,0.0,0.06525298497326262,0.06340345609912067,1776437524.8395154,5,/Users/kimsumin/projects/RGMC/data/map/robot19/images/0886.png,/Users/kimsumin/projects/RGMC/data/map/robot19/overlays/0886_overlay.png,/Users/kimsumin/projects/RGMC/data/map/robot19/masks/0886_mask.png
887,0.8518749999999999,0.8125,0.0,211.93844924060753,415.56115107913666,1,0.0,0.03150507071320059,0.05740935648100775,1776437536.7175899,5,/Users/kimsumin/projects/RGMC/data/map/robot19/images/0887.png,/Users/kimsumin/projects/RGMC/data/map/robot19/overlays/0887_overlay.png,/Users/kimsumin/projects/RGMC/data/map/robot19/masks/0887_mask.png
888,0.88125,0.8125,0.0,212.01093355761145,429.1447811447811,1,0.0,0.024900083404352666,0.017434827895686227,1776437549.2057977,5,/Users/kimsumin/projects/RGMC/data/map/robot19/images/0888.png,/Users/kimsumin/projects/RGMC/data/map/robot19/overlays/0888_overlay.png,/Users/kimsumin/projects/RGMC/data/map/robot19/masks/0888_mask.png
889,0.9106249999999999,0.8125,0.0,211.68062397372742,442.4739022369511,1,0.0,0.03427810195885398,0.0921065541408686,1776437561.4991286,5,/Users/kimsumin/projects/RGMC/data/map/robot19/images/0889.png,/Users/kimsumin/projects/RGMC/data/map/robot19/overlays/0889_overlay.png,/Users/kimsumin/projects/RGMC/data/map/robot19/masks/0889_mask.png
890,0.94,0.8125,0.0,211.51465798045604,455.69218241042347,1,0.0,0.019201035000546606,0.04834621565939966,1776437573.5823627,5,/Users/kimsumin/projects/RGMC/data/map/robot19/images/0890.png,/Users/kimsumin/projects/RGMC/data/map/robot19/overlays/0890_overlay.png,/Users/kimsumin/projects/RGMC/data/map/robot19/masks/0890_mask.png
891,0.94,0.84375,0.0,197.1789638932496,455.7057890563045,1,0.0,0.05672801654257125,0.04723137095844127,1776437585.457315,5,/Users/kimsumin/projects/RGMC/data/map/robot19/images/0891.png,/Users/kimsumin/projects/RGMC/data/map/robot19/overlays/0891_overlay.png,/Users/kimsumin/projects/RGMC/data/map/robot19/masks/0891_mask.png
892,0.9106249999999999,0.84375,0.0,197.9206081081081,442.9224283305228,1,0.0,0.39103865636460705,0.05159891274056445,1776437598.8949206,5,/Users/kimsumin/projects/RGMC/data/map/robot19/images/0892.png,/Users/kimsumin/projects/RGMC/data/map/robot19/overlays/0892_overlay.png,/Users/kimsumin/projects/RGMC/data/map/robot19/masks/0892_mask.png
893,0.88125,0.84375,0.0,197.32654723127035,429.3098705501618,1,0.0,0.49018697956029084,0.03817405310543295,1776437610.784435,5,/Users/kimsumin/projects/RGMC/data/map/robot19/images/0893.png,/Users/kimsumin/projects/RGMC/data/map/robot19/overlays/0893_overlay.png,/Users/kimsumin/projects/RGMC/data/map/robot19/masks/0893_mask.png
894,0.8518749999999999,0.84375,0.0,198.35198702351988,415.9967793880837,1,0.0,0.0566332824392781,0.03606484359363679,1776437623.9644825,5,/Users/kimsumin/projects/RGMC/data/map/robot19/images/0894.png,/Users/kimsumin/projects/RGMC/data/map/robot19/overlays/0894_overlay.png,/Users/kimsumin/projects/RGMC/data/map/robot19/masks/0894_mask.png
895,0.8225,0.84375,0.0,198.9806884970613,402.364774624374,1,0.0,0.04627728540200446,0.06667684930799642,1776437637.1783197,5,/Users/kimsumin/projects/RGMC/data/map/robot19/images/0895.png,/Users/kimsumin/projects/RGMC/data/map/robot19/overlays/0895_overlay.png,/Users/kimsumin/projects/RGMC/data/map/robot19/masks/0895_mask.png
896,0.793125,0.84375,0.0,199.19420783645657,389.0823327615781,1,0.0,0.039394149026593446,0.03406737809301604,1776437649.0496392,5,/Users/kimsumin/projects/RGMC/data/map/robot19/images/0896.png,/Users/kimsumin/projects/RGMC/data/map/robot19/overlays/0896_overlay.png,/Users/kimsumin/projects/RGMC/data/map/robot19/masks/0896_mask.png
897,0.7637499999999999,0.84375,0.0,199.44251447477254,375.0156636438582,1,0.0,0.04855929550100449,0.039777516583565174,1776437661.0337725,5,/Users/kimsumin/projects/RGMC/data/map/robot19/images/0897.png,/Users/kimsumin/projects/RGMC/data/map/robot19/overlays/0897_overlay.png,/Users/kimsumin/projects/RGMC/data/map/robot19/masks/0897_mask.png
898,0.734375,0.84375,0.0,199.64429530201343,361.61603375527426,1,0.0,0.08655521643893915,0.041914318670592886,1776437672.6016405,5,/Users/kimsumin/projects/RGMC/data/map/robot19/images/0898.png,/Users/kimsumin/projects/RGMC/data/map/robot19/overlays/0898_overlay.png,/Users/kimsumin/projects/RGMC/data/map/robot19/masks/0898_mask.png
899,0.705,0.84375,0.0,200.75782537067545,348.8369384359401,1,0.0,0.04879670036187366,0.0776188403898335,1776437684.2766306,5,/Users/kimsumin/projects/RGMC/data/map/robot19/images/0899.png,/Users/kimsumin/projects/RGMC/data/map/robot19/overlays/0899_overlay.png,/Users/kimsumin/projects/RGMC/data/map/robot19/masks/0899_mask.png
900,0.6756249999999999,0.84375,0.0,200.96122112211222,334.3112582781457,1,0.0,0.05686530493570891,0.045981271393775655,1776437699.5253196,5,/Users/kimsumin/projects/RGMC/data/map/robot19/images/0900.png,/Users/kimsumin/projects/RGMC/data/map/robot19/overlays/0900_overlay.png,/Users/kimsumin/projects/RGMC/data/map/robot19/masks/0900_mask.png
901,0.64625,0.84375,0.0,201.49149659863946,321.79915611814346,1,0.0,0.06425561479031502,0.03337119476086727,1776437711.3244488,5,/Users/kimsumin/projects/RGMC/data/map/robot19/images/0901.png,/Users/kimsumin/projects/RGMC/data/map/robot19/overlays/0901_overlay.png,/Users/kimsumin/projects/RGMC/data/map/robot19/masks/0901_mask.png
902,0.616875,0.84375,0.0,201.61303630363037,308.60251046025104,1,0.0,0.07494689117480144,0.056823074344825274,1776437723.3964634,5,/Users/kimsumin/projects/RGMC/data/map/robot19/images/0902.png,/Users/kimsumin/projects/RGMC/data/map/robot19/overlays/0902_overlay.png,/Users/kimsumin/projects/RGMC/data/map/robot19/masks/0902_mask.png
903,0.5874999999999999,0.84375,0.0,202.06870229007635,294.63867684478373,1,0.0,0.04589390156679526,0.09986961385409546,1776437735.07049,5,/Users/kimsumin/projects/RGMC/data/map/robot19/images/0903.png,/Users/kimsumin/projects/RGMC/data/map/robot19/overlays/0903_overlay.png,/Users/kimsumin/projects/RGMC/data/map/robot19/masks/0903_mask.png
904,0.558125,0.84375,0.0,202.2835943940643,281.3297609233306,1,0.0,0.03643007858589925,0.09181442293350262,1776437747.4962406,5,/Users/kimsumin/projects/RGMC/data/map/robot19/images/0904.png,/Users/kimsumin/projects/RGMC/data/map/robot19/overlays/0904_overlay.png,/Users/kimsumin/projects/RGMC/data/map/robot19/masks/0904_mask.png
905,0.5287499999999999,0.84375,0.0,203.18550474547024,268.2229845626072,1,0.0,0.06885780395254086,0.08903383532009138,1776437760.7693224,5,/Users/kimsumin/projects/RGMC/data/map/robot19/images/0905.png,/Users/kimsumin/projects/RGMC/data/map/robot19/overlays/0905_overlay.png,/Users/kimsumin/projects/RGMC/data/map/robot19/masks/0905_mask.png
906,0.49937499999999996,0.84375,0.0,202.64316057774002,254.32560137457045,1,0.0,0.27054407369977435,0.0854786072139816,1776437772.4417665,5,/Users/kimsumin/projects/RGMC/data/map/robot19/images/0906.png,/Users/kimsumin/projects/RGMC/data/map/robot19/overlays/0906_overlay.png,/Users/kimsumin/projects/RGMC/data/map/robot19/masks/0906_mask.png
907,0.47,0.84375,0.0,203.66638513513513,241.19406779661017,1,0.0,0.06826818957421149,0.055874312470655,1776437784.5240417,5,/Users/kimsumin/projects/RGMC/data/map/robot19/images/0907.png,/Users/kimsumin/projects/RGMC/data/map/robot19/overlays/0907_overlay.png,/Users/kimsumin/projects/RGMC/data/map/robot19/masks/0907_mask.png
908,0.440625,0.84375,0.0,203.07956448911222,228.95142378559464,1,0.0,0.08577699508323722,0.0761718971617231,1776437796.715977,5,/Users/kimsumin/projects/RGMC/data/map/robot19/images/0908.png,/Users/kimsumin/projects/RGMC/data/map/robot19/overlays/0908_overlay.png,/Users/kimsumin/projects/RGMC/data/map/robot19/masks/0908_mask.png
909,0.41125,0.84375,0.0,204.55755102040817,214.79510204081632,1,0.0,0.05380313927533822,0.06430682845827261,1776437808.5442586,5,/Users/kimsumin/projects/RGMC/data/map/robot19/images/0909.png,/Users/kimsumin/projects/RGMC/data/map/robot19/overlays/0909_overlay.png,/Users/kimsumin/projects/RGMC/data/map/robot19/masks/0909_mask.png
910,0.38187499999999996,0.84375,0.0,204.60335195530726,202.02405773857257,1,0.0,0.0757925222081344,0.04519092820069359,1776437822.4197176,5,/Users/kimsumin/projects/RGMC/data/map/robot19/images/0910.png,/Users/kimsumin/projects/RGMC/data/map/robot19/overlays/0910_overlay.png,/Users/kimsumin/projects/RGMC/data/map/robot19/masks/0910_mask.png
911,0.3525,0.84375,0.0,205.1680463576159,189.02722772277227,1,0.0,0.05395092764448795,0.07827707434071376,1776437834.7294164,5,/Users/kimsumin/projects/RGMC/data/map/robot19/images/0911.png,/Users/kimsumin/projects/RGMC/data/map/robot19/overlays/0911_overlay.png,/Users/kimsumin/projects/RGMC/data/map/robot19/masks/0911_mask.png
912,0.323125,0.84375,0.0,205.45287739783151,175.98683127572016,1,0.0,0.05020833737648421,0.05130050975919591,1776437847.3000255,5,/Users/kimsumin/projects/RGMC/data/map/robot19/images/0912.png,/Users/kimsumin/projects/RGMC/data/map/robot19/overlays/0912_overlay.png,/Users/kimsumin/projects/RGMC/data/map/robot19/masks/0912_mask.png
913,0.29374999999999996,0.84375,0.0,205.83306836248013,162.2611464968153,1,0.0,0.04624461043207634,0.09238724619909254,1776437859.386546,5,/Users/kimsumin/projects/RGMC/data/map/robot19/images/0913.png,/Users/kimsumin/projects/RGMC/data/map/robot19/overlays/0913_overlay.png,/Users/kimsumin/projects/RGMC/data/map/robot19/masks/0913_mask.png
914,0.26437499999999997,0.84375,0.0,206.3985209531635,149.96984515077423,1,0.0,0.09648808453916542,0.03606542319873398,1776437871.8035936,5,/Users/kimsumin/projects/RGMC/data/map/robot19/images/0914.png,/Users/kimsumin/projects/RGMC/data/map/robot19/overlays/0914_overlay.png,/Users/kimsumin/projects/RGMC/data/map/robot19/masks/0914_mask.png
915,0.235,0.84375,0.0,207.2294520547945,136.76284246575344,1,0.0,0.34090667687285164,0.15827118202075716,1776437883.7466495,5,/Users/kimsumin/projects/RGMC/data/map/robot19/images/0915.png,/Users/kimsumin/projects/RGMC/data/map/robot19/overlays/0915_overlay.png,/Users/kimsumin/projects/RGMC/data/map/robot19/masks/0915_mask.png
916,0.205625,0.84375,0.0,207.4375,124.00782608695653,1,0.0,0.049908059642010526,0.13313894796248169,1776437895.835313,5,/Users/kimsumin/projects/RGMC/data/map/robot19/images/0916.png,/Users/kimsumin/projects/RGMC/data/map/robot19/overlays/0916_overlay.png,/Users/kimsumin/projects/RGMC/data/map/robot19/masks/0916_mask.png
917,0.17625,0.84375,0.0,208.23504983388705,110.2495867768595,1,0.0,0.07989157830673695,0.0662034324375597,1776437908.5391128,5,/Users/kimsumin/projects/RGMC/data/map/robot19/images/0917.png,/Users/kimsumin/projects/RGMC/data/map/robot19/overlays/0917_overlay.png,/Users/kimsumin/projects/RGMC/data/map/robot19/masks/0917_mask.png
918,0.14687499999999998,0.84375,0.0,208.346623270952,97.69782433521354,1,0.0,0.09823842790163581,0.06513562352503732,1776437920.223216,5,/Users/kimsumin/projects/RGMC/data/map/robot19/images/0918.png,/Users/kimsumin/projects/RGMC/data/map/robot19/overlays/0918_overlay.png,/Users/kimsumin/projects/RGMC/data/map/robot19/masks/0918_mask.png
919,0.1175,0.84375,0.0,208.43555181128897,84.82521008403361,1,0.0,0.14705583886495935,0.09468570804554849,1776437932.1038473,5,/Users/kimsumin/projects/RGMC/data/map/robot19/images/0919.png,/Users/kimsumin/projects/RGMC/data/map/robot19/overlays/0919_overlay.png,/Users/kimsumin/projects/RGMC/data/map/robot19/masks/0919_mask.png
920,0.088125,0.84375,0.0,208.6043405676127,71.03174603174604,1,0.0,0.054950385883900034,0.04119485396646622,1776437943.8638446,5,/Users/kimsumin/projects/RGMC/data/map/robot19/images/0920.png,/Users/kimsumin/projects/RGMC/data/map/robot19/overlays/0920_overlay.png,/Users/kimsumin/projects/RGMC/data/map/robot19/masks/0920_mask.png
921,0.05875,0.84375,0.0,208.37770382695507,58.26358475263585,1,0.0,0.24382765338688545,0.11385615620039834,1776437956.6651316,5,/Users/kimsumin/projects/RGMC/data/map/robot19/images/0921.png,/Users/kimsumin/projects/RGMC/data/map/robot19/overlays/0921_overlay.png,/Users/kimsumin/projects/RGMC/data/map/robot19/masks/0921_mask.png
922,0.029375,0.84375,0.0,208.92205638474294,45.06384742951907,1,0.0,0.049482037542843076,0.06787488679854578,1776437968.2451181,5,/Users/kimsumin/projects/RGMC/data/map/robot19/images/0922.png,/Users/kimsumin/projects/RGMC/data/map/robot19/overlays/0922_overlay.png,/Users/kimsumin/projects/RGMC/data/map/robot19/masks/0922_mask.png
923,0.0,0.84375,0.0,209.79588336192108,32.30962705984388,1,0.0,0.3142113661571226,0.09409157856188251,1776437980.1139,5,/Users/kimsumin/projects/RGMC/data/map/robot19/images/0923.png,/Users/kimsumin/projects/RGMC/data/map/robot19/overlays/0923_overlay.png,/Users/kimsumin/projects/RGMC/data/map/robot19/masks/0923_mask.png
924,0.0,0.875,0.0,195.6427939876216,31.658557046979865,1,0.0,0.04313168157496767,0.28694558976077605,1776437992.2116249,5,/Users/kimsumin/projects/RGMC/data/map/robot19/images/0924.png,/Users/kimsumin/projects/RGMC/data/map/robot19/overlays/0924_overlay.png,/Users/kimsumin/projects/RGMC/data/map/robot19/masks/0924_mask.png
925,0.029375,0.875,0.0,195.2381363244176,44.89200680272109,1,0.0,0.034471894265818516,0.07330533584239572,1776438004.2792952,5,/Users/kimsumin/projects/RGMC/data/map/robot19/images/0925.png,/Users/kimsumin/projects/RGMC/data/map/robot19/overlays/0925_overlay.png,/Users/kimsumin/projects/RGMC/data/map/robot19/masks/0925_mask.png
926,0.05875,0.875,0.0,194.876677852349,57.73322147651007,1,0.0,0.08005659570793344,0.06988642274621001,1776438016.5670826,5,/Users/kimsumin/projects/RGMC/data/map/robot19/images/0926.png,/Users/kimsumin/projects/RGMC/data/map/robot19/overlays/0926_overlay.png,/Users/kimsumin/projects/RGMC/data/map/robot19/masks/0926_mask.png
927,0.088125,0.875,0.0,193.9935170178282,70.16693679092383,1,0.0,0.08027651697306493,0.03704404896711818,1776438028.5624025,5,/Users/kimsumin/projects/RGMC/data/map/robot19/images/0927.png,/Users/kimsumin/projects/RGMC/data/map/robot19/overlays/0927_overlay.png,/Users/kimsumin/projects/RGMC/data/map/robot19/masks/0927_mask.png
928,0.1175,0.875,0.0,193.80337552742617,83.96833333333333,1,0.0,0.30520347250744,0.055749082996563594,1776438040.2226279,5,/Users/kimsumin/projects/RGMC/data/map/robot19/images/0928.png,/Users/kimsumin/projects/RGMC/data/map/robot19/overlays/0928_overlay.png,/Users/kimsumin/projects/RGMC/data/map/robot19/masks/0928_mask.png
929,0.14687499999999998,0.875,0.0,193.49139414802065,96.88037865748709,1,0.0,0.06819668662831546,0.05402470333922639,1776438052.1018014,5,/Users/kimsumin/projects/RGMC/data/map/robot19/images/0929.png,/Users/kimsumin/projects/RGMC/data/map/robot19/overlays/0929_overlay.png,/Users/kimsumin/projects/RGMC/data/map/robot19/masks/0929_mask.png
930,0.17625,0.875,0.0,193.45169491525425,109.31016949152543,1,0.0,0.029533703438887775,0.054884656101500624,1776438063.876078,5,/Users/kimsumin/projects/RGMC/data/map/robot19/images/0930.png,/Users/kimsumin/projects/RGMC/data/map/robot19/overlays/0930_overlay.png,/Users/kimsumin/projects/RGMC/data/map/robot19/masks/0930_mask.png
931,0.205625,0.875,0.0,192.84174508126603,122.34860883797054,1,0.0,0.08069995309776715,0.42338784232427934,1776438075.452472,5,/Users/kimsumin/projects/RGMC/data/map/robot19/images/0931.png,/Users/kimsumin/projects/RGMC/data/map/robot19/overlays/0931_overlay.png,/Users/kimsumin/projects/RGMC/data/map/robot19/masks/0931_mask.png
932,0.235,0.875,0.0,192.7286559594252,136.07905803195962,1,0.0,0.050133042170698014,0.08620924325196162,1776438087.3266757,5,/Users/kimsumin/projects/RGMC/data/map/robot19/images/0932.png,/Users/kimsumin/projects/RGMC/data/map/robot19/overlays/0932_overlay.png,/Users/kimsumin/projects/RGMC/data/map/robot19/masks/0932_mask.png
933,0.26437499999999997,0.875,0.0,192.48998330550918,148.88861180382378,1,0.0,0.06685158746384605,0.06701098100469065,1776438098.7435346,5,/Users/kimsumin/projects/RGMC/data/map/robot19/images/0933.png,/Users/kimsumin/projects/RGMC/data/map/robot19/overlays/0933_overlay.png,/Users/kimsumin/projects/RGMC/data/map/robot19/masks/0933_mask.png
934,0.29374999999999996,0.875,0.0,192.4759535655058,161.984219269103,1,0.0,0.1763857155031169,0.03888990106058348,1776438110.983262,5,/Users/kimsumin/projects/RGMC/data/map/robot19/images/0934.png,/Users/kimsumin/projects/RGMC/data/map/robot19/overlays/0934_overlay.png,/Users/kimsumin/projects/RGMC/data/map/robot19/masks/0934_mask.png
935,0.323125,0.875,0.0,191.36127409891031,174.34031852472756,1,0.0,0.037334498499373536,0.04118554325390661,1776438123.040608,5,/Users/kimsumin/projects/RGMC/data/map/robot19/images/0935.png,/Users/kimsumin/projects/RGMC/data/map/robot19/overlays/0935_overlay.png,/Users/kimsumin/projects/RGMC/data/map/robot19/masks/0935_mask.png
936,0.3525,0.875,0.0,191.2128205128205,188.5974358974359,1,0.0,0.050816038505604934,0.10828093650313239,1776438134.8450565,5,/Users/kimsumin/projects/RGMC/data/map/robot19/images/0936.png,/Users/kimsumin/projects/RGMC/data/map/robot19/overlays/0936_overlay.png,/Users/kimsumin/projects/RGMC/data/map/robot19/masks/0936_mask.png
937,0.38187499999999996,0.875,0.0,190.98341625207297,201.51243781094527,1,0.0,0.05475322941952629,0.07385302991432263,1776438146.5265737,5,/Users/kimsumin/projects/RGMC/data/map/robot19/images/0937.png,/Users/kimsumin/projects/RGMC/data/map/robot19/overlays/0937_overlay.png,/Users/kimsumin/projects/RGMC/data/map/robot19/masks/0937_mask.png
938,0.41125,0.875,0.0,189.64636075949366,214.73717948717947,1,0.0,0.06706471497994874,0.09545176242556323,1776438158.5439787,5,/Users/kimsumin/projects/RGMC/data/map/robot19/images/0938.png,/Users/kimsumin/projects/RGMC/data/map/robot19/overlays/0938_overlay.png,/Users/kimsumin/projects/RGMC/data/map/robot19/masks/0938_mask.png
939,0.440625,0.875,0.0,189.38125496425735,229.20254169976172,1,0.0,0.0712829507958556,0.03820172317184585,1776438171.6041436,5,/Users/kimsumin/projects/RGMC/data/map/robot19/images/0939.png,/Users/kimsumin/projects/RGMC/data/map/robot19/overlays/0939_overlay.png,/Users/kimsumin/projects/RGMC/data/map/robot19/masks/0939_mask.png
940,0.47,0.875,0.0,189.02893890675242,241.26693548387098,1,0.0,0.06711912037416562,0.069527725397908,1776438183.7905455,5,/Users/kimsumin/projects/RGMC/data/map/robot19/images/0940.png,/Users/kimsumin/projects/RGMC/data/map/robot19/overlays/0940_overlay.png,/Users/kimsumin/projects/RGMC/data/map/robot19/masks/0940_mask.png
941,0.49937499999999996,0.875,0.0,188.98966613672496,254.2755591054313,1,0.0,0.0663742383448132,0.08076307732006269,1776438199.4966958,5,/Users/kimsumin/projects/RGMC/data/map/robot19/images/0941.png,/Users/kimsumin/projects/RGMC/data/map/robot19/overlays/0941_overlay.png,/Users/kimsumin/projects/RGMC/data/map/robot19/masks/0941_mask.png
942,0.5287499999999999,0.875,0.0,188.28794449262793,266.24978317432783,1,0.0,0.07277635642262749,0.12355105667991999,1776438211.6426535,5,/Users/kimsumin/projects/RGMC/data/map/robot19/images/0942.png,/Users/kimsumin/projects/RGMC/data/map/robot19/overlays/0942_overlay.png,/Users/kimsumin/projects/RGMC/data/map/robot19/masks/0942_mask.png
943,0.558125,0.875,0.0,187.79216354344123,281.0451448040886,1,0.0,0.011110697545073931,0.019217981712384313,1776438223.7233803,5,/Users/kimsumin/projects/RGMC/data/map/robot19/images/0943.png,/Users/kimsumin/projects/RGMC/data/map/robot19/overlays/0943_overlay.png,/Users/kimsumin/projects/RGMC/data/map/robot19/masks/0943_mask.png
944,0.5874999999999999,0.875,0.0,187.64740866610026,294.06372132540355,1,0.0,0.04733564406764052,0.0823714461837772,1776438235.4168046,5,/Users/kimsumin/projects/RGMC/data/map/robot19/images/0944.png,/Users/kimsumin/projects/RGMC/data/map/robot19/overlays/0944_overlay.png,/Users/kimsumin/projects/RGMC/data/map/robot19/masks/0944_mask.png
945,0.616875,0.875,0.0,187.47438016528926,307.5238486842105,1,0.0,0.018784533816532924,0.04727804051418681,1776438248.4180794,5,/Users/kimsumin/projects/RGMC/data/map/robot19/images/0945.png,/Users/kimsumin/projects/RGMC/data/map/robot19/overlays/0945_overlay.png,/Users/kimsumin/projects/RGMC/data/map/robot19/masks/0945_mask.png
946,0.64625,0.875,0.0,186.79313232830822,321.3887973640857,1,0.0,0.048509981686060265,0.042035471078530895,1776438261.7186713,5,/Users/kimsumin/projects/RGMC/data/map/robot19/images/0946.png,/Users/kimsumin/projects/RGMC/data/map/robot19/overlays/0946_overlay.png,/Users/kimsumin/projects/RGMC/data/map/robot19/masks/0946_mask.png
947,0.6756249999999999,0.875,0.0,186.27566693613582,333.9273607748184,1,0.0,0.027288965177420167,0.04152806197671648,1776438273.6944644,5,/Users/kimsumin/projects/RGMC/data/map/robot19/images/0947.png,/Users/kimsumin/projects/RGMC/data/map/robot19/overlays/0947_overlay.png,/Users/kimsumin/projects/RGMC/data/map/robot19/masks/0947_mask.png
948,0.705,0.875,0.0,186.00586264656616,348.46166666666664,1,0.0,0.08901203547181112,0.06545078150311637,1776438285.8875563,5,/Users/kimsumin/projects/RGMC/data/map/robot19/images/0948.png,/Users/kimsumin/projects/RGMC/data/map/robot19/overlays/0948_overlay.png,/Users/kimsumin/projects/RGMC/data/map/robot19/masks/0948_mask.png
949,0.734375,0.875,0.0,185.53763440860214,361.1917355371901,1,0.0,0.08132505620935056,0.08401901087761815,1776438297.9676652,5,/Users/kimsumin/projects/RGMC/data/map/robot19/images/0949.png,/Users/kimsumin/projects/RGMC/data/map/robot19/overlays/0949_overlay.png,/Users/kimsumin/projects/RGMC/data/map/robot19/masks/0949_mask.png
950,0.7637499999999999,0.875,0.0,185.519341563786,374.1175020542317,1,0.0,0.06122700699344014,0.03883582175337805,1776438309.9494305,5,/Users/kimsumin/projects/RGMC/data/map/robot19/images/0950.png,/Users/kimsumin/projects/RGMC/data/map/robot19/overlays/0950_overlay.png,/Users/kimsumin/projects/RGMC/data/map/robot19/masks/0950_mask.png
951,0.793125,0.875,0.0,185.0836751435603,388.6575456053068,1,0.0,0.11339338576641664,0.10030957255780891,1776438321.8241837,5,/Users/kimsumin/projects/RGMC/data/map/robot19/images/0951.png,/Users/kimsumin/projects/RGMC/data/map/robot19/overlays/0951_overlay.png,/Users/kimsumin/projects/RGMC/data/map/robot19/masks/0951_mask.png
952,0.8225,0.875,0.0,184.21552436003304,402.13955408753094,1,0.0,0.03648533754633889,0.047918386297425855,1776438333.9136891,5,/Users/kimsumin/projects/RGMC/data/map/robot19/images/0952.png,/Users/kimsumin/projects/RGMC/data/map/robot19/overlays/0952_overlay.png,/Users/kimsumin/projects/RGMC/data/map/robot19/masks/0952_mask.png
953,0.8518749999999999,0.875,0.0,183.42492012779553,416.0455271565495,1,0.0,0.09291373439435063,0.057533949344341015,1776438347.1527946,5,/Users/kimsumin/projects/RGMC/data/map/robot19/images/0953.png,/Users/kimsumin/projects/RGMC/data/map/robot19/overlays/0953_overlay.png,/Users/kimsumin/projects/RGMC/data/map/robot19/masks/0953_mask.png
954,0.88125,0.875,0.0,183.70783645655877,429.08087615838247,1,0.0,0.02607251244415822,0.04652086234168151,1776438359.923422,5,/Users/kimsumin/projects/RGMC/data/map/robot19/images/0954.png,/Users/kimsumin/projects/RGMC/data/map/robot19/overlays/0954_overlay.png,/Users/kimsumin/projects/RGMC/data/map/robot19/masks/0954_mask.png
955,0.9106249999999999,0.875,0.0,183.44991652754592,442.3808333333333,1,0.0,0.03163425752545154,0.1369911924830269,1776438373.0287766,5,/Users/kimsumin/projects/RGMC/data/map/robot19/images/0955.png,/Users/kimsumin/projects/RGMC/data/map/robot19/overlays/0955_overlay.png,/Users/kimsumin/projects/RGMC/data/map/robot19/masks/0955_mask.png
956,0.94,0.875,0.0,183.05716586151368,455.68167202572346,1,0.0,0.038723355333346574,0.03135185285531308,1776438384.7066624,5,/Users/kimsumin/projects/RGMC/data/map/robot19/images/0956.png,/Users/kimsumin/projects/RGMC/data/map/robot19/overlays/0956_overlay.png,/Users/kimsumin/projects/RGMC/data/map/robot19/masks/0956_mask.png
957,0.94,0.90625,0.0,168.87758346581876,455.74226804123714,1,0.0,0.05258713006510329,0.06741408802507408,1776438396.769317,5,/Users/kimsumin/projects/RGMC/data/map/robot19/images/0957.png,/Users/kimsumin/projects/RGMC/data/map/robot19/overlays/0957_overlay.png,/Users/kimsumin/projects/RGMC/data/map/robot19/masks/0957_mask.png
958,0.9106249999999999,0.90625,0.0,168.39361702127658,442.84640522875816,1,0.0,0.1718229993007461,0.11033395231634023,1776438409.7838776,5,/Users/kimsumin/projects/RGMC/data/map/robot19/images/0958.png,/Users/kimsumin/projects/RGMC/data/map/robot19/overlays/0958_overlay.png,/Users/kimsumin/projects/RGMC/data/map/robot19/masks/0958_mask.png
959,0.88125,0.90625,0.0,169.05939788445892,429.37581699346407,1,0.0,0.026728703446818766,0.018419552249088617,1776438422.0718515,5,/Users/kimsumin/projects/RGMC/data/map/robot19/images/0959.png,/Users/kimsumin/projects/RGMC/data/map/robot19/overlays/0959_overlay.png,/Users/kimsumin/projects/RGMC/data/map/robot19/masks/0959_mask.png
960,0.8518749999999999,0.90625,0.0,169.2648854961832,415.89236641221373,1,0.0,0.059077517349470844,0.07394108376566512,1776438434.475768,5,/Users/kimsumin/projects/RGMC/data/map/robot19/images/0960.png,/Users/kimsumin/projects/RGMC/data/map/robot19/overlays/0960_overlay.png,/Users/kimsumin/projects/RGMC/data/map/robot19/masks/0960_mask.png
961,0.8225,0.90625,0.0,169.68836452400325,402.40291262135923,1,0.0,0.06778783596589627,0.1437662081240786,1776438446.8588717,5,/Users/kimsumin/projects/RGMC/data/map/robot19/images/0961.png,/Users/kimsumin/projects/RGMC/data/map/robot19/overlays/0961_overlay.png,/Users/kimsumin/projects/RGMC/data/map/robot19/masks/0961_mask.png
962,0.793125,0.90625,0.0,169.89346246973366,388.98466505246165,1,0.0,0.020241394936256114,0.05200619168167387,1776438459.142314,5,/Users/kimsumin/projects/RGMC/data/map/robot19/images/0962.png,/Users/kimsumin/projects/RGMC/data/map/robot19/overlays/0962_overlay.png,/Users/kimsumin/projects/RGMC/data/map/robot19/masks/0962_mask.png
963,0.7637499999999999,0.90625,0.0,170.73762376237624,374.76402640264024,1,0.0,0.29318223024922957,0.061879878349383154,1776438471.126783,5,/Users/kimsumin/projects/RGMC/data/map/robot19/images/0963.png,/Users/kimsumin/projects/RGMC/data/map/robot19/overlays/0963_overlay.png,/Users/kimsumin/projects/RGMC/data/map/robot19/masks/0963_mask.png
964,0.734375,0.90625,0.0,171.31402183039464,361.5201680672269,1,0.0,0.04682121706507772,0.02107084033614653,1776438482.8070493,5,/Users/kimsumin/projects/RGMC/data/map/robot19/images/0964.png,/Users/kimsumin/projects/RGMC/data/map/robot19/overlays/0964_overlay.png,/Users/kimsumin/projects/RGMC/data/map/robot19/masks/0964_mask.png
965,0.705,0.90625,0.0,171.5,348.2703862660944,1,0.0,0.03497959515993099,0.04395789057712475,1776438494.5811734,5,/Users/kimsumin/projects/RGMC/data/map/robot19/images/0965.png,/Users/kimsumin/projects/RGMC/data/map/robot19/overlays/0965_overlay.png,/Users/kimsumin/projects/RGMC/data/map/robot19/masks/0965_mask.png
966,0.6756249999999999,0.90625,0.0,171.74475230898403,334.33249370277076,1,0.0,0.01246264358707669,0.013426022182557996,1776438506.9657505,5,/Users/kimsumin/projects/RGMC/data/map/robot19/images/0966.png,/Users/kimsumin/projects/RGMC/data/map/robot19/overlays/0966_overlay.png,/Users/kimsumin/projects/RGMC/data/map/robot19/masks/0966_mask.png
967,0.64625,0.90625,0.0,172.26796280642435,321.58452481076534,1,0.0,0.03454008571282877,0.03760317444251649,1776438518.4378586,5,/Users/kimsumin/projects/RGMC/data/map/robot19/images/0967.png,/Users/kimsumin/projects/RGMC/data/map/robot19/overlays/0967_overlay.png,/Users/kimsumin/projects/RGMC/data/map/robot19/masks/0967_mask.png
968,0.616875,0.90625,0.0,172.9720447284345,307.8361310951239,1,0.0,0.046925946625548824,0.06081082442988239,1776438531.2367978,5,/Users/kimsumin/projects/RGMC/data/map/robot19/images/0968.png,/Users/kimsumin/projects/RGMC/data/map/robot19/overlays/0968_overlay.png,/Users/kimsumin/projects/RGMC/data/map/robot19/masks/0968_mask.png
969,0.5874999999999999,0.90625,0.0,172.59726962457339,294.1877133105802,1,0.0,0.26836437853902745,0.02851803264748585,1776438543.0149484,5,/Users/kimsumin/projects/RGMC/data/map/robot19/images/0969.png,/Users/kimsumin/projects/RGMC/data/map/robot19/overlays/0969_overlay.png,/Users/kimsumin/projects/RGMC/data/map/robot19/masks/0969_mask.png
970,0.558125,0.90625,0.0,174.15174129353233,281.3487574978578,1,0.0,0.20916452226958362,0.07615340820773599,1776438556.1297853,5,/Users/kimsumin/projects/RGMC/data/map/robot19/images/0970.png,/Users/kimsumin/projects/RGMC/data/map/robot19/overlays/0970_overlay.png,/Users/kimsumin/projects/RGMC/data/map/robot19/masks/0970_mask.png
971,0.5287499999999999,0.90625,0.0,174.79679144385025,267.68777876895626,1,0.0,0.05764167876106019,0.15998564458981887,1776438568.2055612,5,/Users/kimsumin/projects/RGMC/data/map/robot19/images/0971.png,/Users/kimsumin/projects/RGMC/data/map/robot19/overlays/0971_overlay.png,/Users/kimsumin/projects/RGMC/data/map/robot19/masks/0971_mask.png
972,0.49937499999999996,0.90625,0.0,174.70578512396693,254.09834710743803,1,0.0,0.03895021080404741,0.03691705539231198,1776438580.1843364,5,/Users/kimsumin/projects/RGMC/data/map/robot19/images/0972.png,/Users/kimsumin/projects/RGMC/data/map/robot19/overlays/0972_overlay.png,/Users/kimsumin/projects/RGMC/data/map/robot19/masks/0972_mask.png
974,0.440625,0.90625,0.0,175.04922067268254,228.94292803970222,1,0.0,0.08907755092893092,0.058261708962882186,1776438603.938775,5,/Users/kimsumin/projects/RGMC/data/map/robot19/images/0974.png,/Users/kimsumin/projects/RGMC/data/map/robot19/overlays/0974_overlay.png,/Users/kimsumin/projects/RGMC/data/map/robot19/masks/0974_mask.png
975,0.41125,0.90625,0.0,175.13561224661646,215.06157638977953,1,0.0,0.03622238076620402,0.07301909142362731,1776438615.8194642,4,/Users/kimsumin/projects/RGMC/data/map/robot19/images/0975.png,/Users/kimsumin/projects/RGMC/data/map/robot19/overlays/0975_overlay.png,/Users/kimsumin/projects/RGMC/data/map/robot19/masks/0975_mask.png
976,0.38187499999999996,0.90625,0.0,175.75479566305253,201.82104391052195,1,0.0,0.0925934573678933,0.082667530632405,1776438627.699421,5,/Users/kimsumin/projects/RGMC/data/map/robot19/images/0976.png,/Users/kimsumin/projects/RGMC/data/map/robot19/overlays/0976_overlay.png,/Users/kimsumin/projects/RGMC/data/map/robot19/masks/0976_mask.png
977,0.3525,0.90625,0.0,176.5336170212766,188.2253164556962,1,0.0,0.05650461721365592,0.054081547695420125,1776438639.7778277,5,/Users/kimsumin/projects/RGMC/data/map/robot19/images/0977.png,/Users/kimsumin/projects/RGMC/data/map/robot19/overlays/0977_overlay.png,/Users/kimsumin/projects/RGMC/data/map/robot19/masks/0977_mask.png
978,0.323125,0.90625,0.0,176.6204918032787,174.96138044371406,1,0.0,0.037497907705459646,0.07727252253025073,1776438651.7592397,5,/Users/kimsumin/projects/RGMC/data/map/robot19/images/0978.png,/Users/kimsumin/projects/RGMC/data/map/robot19/overlays/0978_overlay.png,/Users/kimsumin/projects/RGMC/data/map/robot19/masks/0978_mask.png
979,0.29374999999999996,0.90625,0.0,177.59333333333333,162.1509433962264,1,0.0,0.12555148728614757,0.07174198138429988,1776438663.6368802,5,/Users/kimsumin/projects/RGMC/data/map/robot19/images/0979.png,/Users/kimsumin/projects/RGMC/data/map/robot19/overlays/0979_overlay.png,/Users/kimsumin/projects/RGMC/data/map/robot19/masks/0979_mask.png
980,0.26437499999999997,0.90625,0.0,178.62641181581233,149.25543006081668,1,0.0,0.06387331655149796,0.09460460502995431,1776438676.7975368,5,/Users/kimsumin/projects/RGMC/data/map/robot19/images/0980.png,/Users/kimsumin/projects/RGMC/data/map/robot19/overlays/0980_overlay.png,/Users/kimsumin/projects/RGMC/data/map/robot19/masks/0980_mask.png
981,0.235,0.90625,0.0,178.87434554973822,136.27632687447345,1,0.0,0.3703184737987231,0.11559261614894685,1776438689.3413992,5,/Users/kimsumin/projects/RGMC/data/map/robot19/images/0981.png,/Users/kimsumin/projects/RGMC/data/map/robot19/overlays/0981_overlay.png,/Users/kimsumin/projects/RGMC/data/map/robot19/masks/0981_mask.png
982,0.205625,0.90625,0.0,178.8586762075134,123.22759856630825,1,0.0,0.028583599839902222,0.02074539188514742,1776438703.8689935,5,/Users/kimsumin/projects/RGMC/data/map/robot19/images/0982.png,/Users/kimsumin/projects/RGMC/data/map/robot19/overlays/0982_overlay.png,/Users/kimsumin/projects/RGMC/data/map/robot19/masks/0982_mask.png
983,0.17625,0.90625,0.0,179.27534965034965,109.70840630472854,1,0.0,0.04773980900977704,0.06197800561297763,1776438715.8124475,5,/Users/kimsumin/projects/RGMC/data/map/robot19/images/0983.png,/Users/kimsumin/projects/RGMC/data/map/robot19/overlays/0983_overlay.png,/Users/kimsumin/projects/RGMC/data/map/robot19/masks/0983_mask.png
984,0.14687499999999998,0.90625,0.0,179.67705627705627,96.9073593073593,1,0.0,0.03167118300512343,0.04637111368616457,1776438728.0532343,5,/Users/kimsumin/projects/RGMC/data/map/robot19/images/0984.png,/Users/kimsumin/projects/RGMC/data/map/robot19/overlays/0984_overlay.png,/Users/kimsumin/projects/RGMC/data/map/robot19/masks/0984_mask.png
985,0.1175,0.90625,0.0,179.79569892473117,84.00449640287769,1,0.0,0.04672336355117667,0.13911565730482411,1776438740.8605478,5,/Users/kimsumin/projects/RGMC/data/map/robot19/images/0985.png,/Users/kimsumin/projects/RGMC/data/map/robot19/overlays/0985_overlay.png,/Users/kimsumin/projects/RGMC/data/map/robot19/masks/0985_mask.png
986,0.088125,0.90625,0.0,179.97631133671743,70.11993243243244,1,0.0,0.019840824946478455,0.05775214159796312,1776438752.7252302,5,/Users/kimsumin/projects/RGMC/data/map/robot19/images/0986.png,/Users/kimsumin/projects/RGMC/data/map/robot19/overlays/0986_overlay.png,/Users/kimsumin/projects/RGMC/data/map/robot19/masks/0986_mask.png
987,0.05875,0.90625,0.0,180.24247635425624,57.63244176013805,1,0.0,0.02912634467293292,0.08014331128899149,1776438764.5057359,5,/Users/kimsumin/projects/RGMC/data/map/robot19/images/0987.png,/Users/kimsumin/projects/RGMC/data/map/robot19/overlays/0987_overlay.png,/Users/kimsumin/projects/RGMC/data/map/robot19/masks/0987_mask.png
988,0.029375,0.90625,0.0,181.02745424292846,45.112794612794616,1,0.0,0.13440338159478635,0.06083436967192934,1776438776.3860047,5,/Users/kimsumin/projects/RGMC/data/map/robot19/images/0988.png,/Users/kimsumin/projects/RGMC/data/map/robot19/overlays/0988_overlay.png,/Users/kimsumin/projects/RGMC/data/map/robot19/masks/0988_mask.png
989,0.0,0.90625,0.0,182.11508282476024,31.259162303664922,1,0.0,0.019521679928761578,0.05730188060319649,1776438788.464195,5,/Users/kimsumin/projects/RGMC/data/map/robot19/images/0989.png,/Users/kimsumin/projects/RGMC/data/map/robot19/overlays/0989_overlay.png,/Users/kimsumin/projects/RGMC/data/map/robot19/masks/0989_mask.png
990,0.0,0.9375,0.0,167.2883275261324,30.575282854656223,1,0.0,0.037396543743926695,0.024368619396509066,1776438800.1391642,5,/Users/kimsumin/projects/RGMC/data/map/robot19/images/0990.png,/Users/kimsumin/projects/RGMC/data/map/robot19/overlays/0990_overlay.png,/Users/kimsumin/projects/RGMC/data/map/robot19/masks/0990_mask.png
991,0.029375,0.9375,0.0,167.0407279029463,44.08239375542064,1,0.0,0.05988241891568015,0.041667942409930527,1776438812.0223463,5,/Users/kimsumin/projects/RGMC/data/map/robot19/images/0991.png,/Users/kimsumin/projects/RGMC/data/map/robot19/overlays/0991_overlay.png,/Users/kimsumin/projects/RGMC/data/map/robot19/masks/0991_mask.png
992,0.05875,0.9375,0.0,166.9372852233677,56.88179465056083,1,0.0,0.0343873005429178,0.047322867393858,1776438823.8963134,5,/Users/kimsumin/projects/RGMC/data/map/robot19/images/0992.png,/Users/kimsumin/projects/RGMC/data/map/robot19/overlays/0992_overlay.png,/Users/kimsumin/projects/RGMC/data/map/robot19/masks/0992_mask.png
993,0.088125,0.9375,0.0,166.49614395886888,69.55955441302486,1,0.0,0.036703117076802294,0.03499228875046888,1776438835.9840858,5,/Users/kimsumin/projects/RGMC/data/map/robot19/images/0993.png,/Users/kimsumin/projects/RGMC/data/map/robot19/overlays/0993_overlay.png,/Users/kimsumin/projects/RGMC/data/map/robot19/masks/0993_mask.png
994,0.1175,0.9375,0.0,166.55274629468178,82.47007805724198,1,0.0,0.04773154040089116,0.023049642890992653,1776438848.164565,5,/Users/kimsumin/projects/RGMC/data/map/robot19/images/0994.png,/Users/kimsumin/projects/RGMC/data/map/robot19/overlays/0994_overlay.png,/Users/kimsumin/projects/RGMC/data/map/robot19/masks/0994_mask.png
995,0.14687499999999998,0.9375,0.0,165.34167385677307,96.57130657557643,1,0.0,0.05071196510449094,0.09283440899115739,1776438860.1506405,5,/Users/kimsumin/projects/RGMC/data/map/robot19/images/0995.png,/Users/kimsumin/projects/RGMC/data/map/robot19/overlays/0995_overlay.png,/Users/kimsumin/projects/RGMC/data/map/robot19/masks/0995_mask.png
996,0.17625,0.9375,0.0,165.46259673258814,109.23156089193824,1,0.0,0.06598483074340541,0.02764013014857283,1776438873.3703127,5,/Users/kimsumin/projects/RGMC/data/map/robot19/images/0996.png,/Users/kimsumin/projects/RGMC/data/map/robot19/overlays/0996_overlay.png,/Users/kimsumin/projects/RGMC/data/map/robot19/masks/0996_mask.png
997,0.205625,0.9375,0.0,164.14018691588785,121.85591766723842,1,0.0,0.10933137076494247,0.06618430793395304,1776438884.8236828,5,/Users/kimsumin/projects/RGMC/data/map/robot19/images/0997.png,/Users/kimsumin/projects/RGMC/data/map/robot19/overlays/0997_overlay.png,/Users/kimsumin/projects/RGMC/data/map/robot19/masks/0997_mask.png
998,0.235,0.9375,0.0,164.29029462738302,135.37971274685816,1,0.0,0.13390710139221879,0.38029239591374503,1776438896.804718,5,/Users/kimsumin/projects/RGMC/data/map/robot19/images/0998.png,/Users/kimsumin/projects/RGMC/data/map/robot19/overlays/0998_overlay.png,/Users/kimsumin/projects/RGMC/data/map/robot19/masks/0998_mask.png
999,0.26437499999999997,0.9375,0.0,163.60745233968805,148.7656794425087,1,0.0,0.05114582467296498,0.06644203870510622,1776438909.727254,5,/Users/kimsumin/projects/RGMC/data/map/robot19/images/0999.png,/Users/kimsumin/projects/RGMC/data/map/robot19/overlays/0999_overlay.png,/Users/kimsumin/projects/RGMC/data/map/robot19/masks/0999_mask.png
1000,0.29374999999999996,0.9375,0.0,163.49659284497446,161.86745964316057,1,0.0,0.037097983095371,0.049802424913818345,1776438921.689259,5,/Users/kimsumin/projects/RGMC/data/map/robot19/images/1000.png,/Users/kimsumin/projects/RGMC/data/map/robot19/overlays/1000_overlay.png,/Users/kimsumin/projects/RGMC/data/map/robot19/masks/1000_mask.png
1001,0.323125,0.9375,0.0,163.1029535864979,174.34641638225256,1,0.0,0.04821946418405838,0.24035000598388603,1776438933.6686916,5,/Users/kimsumin/projects/RGMC/data/map/robot19/images/1001.png,/Users/kimsumin/projects/RGMC/data/map/robot19/overlays/1001_overlay.png,/Users/kimsumin/projects/RGMC/data/map/robot19/masks/1001_mask.png
1002,0.3525,0.9375,0.0,162.90671316477767,188.19267654751525,1,0.0,0.036560443577991396,0.08008914575046469,1776438945.7674766,5,/Users/kimsumin/projects/RGMC/data/map/robot19/images/1002.png,/Users/kimsumin/projects/RGMC/data/map/robot19/overlays/1002_overlay.png,/Users/kimsumin/projects/RGMC/data/map/robot19/masks/1002_mask.png
1003,0.38187499999999996,0.9375,0.0,162.34167385677307,201.24291845493562,1,0.0,0.03821821013314896,0.05409095048505963,1776438958.969483,5,/Users/kimsumin/projects/RGMC/data/map/robot19/images/1003.png,/Users/kimsumin/projects/RGMC/data/map/robot19/overlays/1003_overlay.png,/Users/kimsumin/projects/RGMC/data/map/robot19/masks/1003_mask.png
1004,0.41125,0.9375,0.0,161.12591986917417,213.83940397350995,1,0.0,0.15527751314698712,0.04674460039610566,1776438970.9430711,5,/Users/kimsumin/projects/RGMC/data/map/robot19/images/1004.png,/Users/kimsumin/projects/RGMC/data/map/robot19/overlays/1004_overlay.png,/Users/kimsumin/projects/RGMC/data/map/robot19/masks/1004_mask.png
1005,0.440625,0.9375,0.0,159.7771285475793,228.3973399833749,1,0.0,0.13654498681450183,0.05970364329587529,1776438982.9258265,5,/Users/kimsumin/projects/RGMC/data/map/robot19/images/1005.png,/Users/kimsumin/projects/RGMC/data/map/robot19/overlays/1005_overlay.png,/Users/kimsumin/projects/RGMC/data/map/robot19/masks/1005_mask.png
1006,0.47,0.9375,0.0,160.15557337610264,240.9037690457097,1,0.0,0.06475645007078616,0.012010981823471528,1776438994.8145995,3,/Users/kimsumin/projects/RGMC/data/map/robot19/images/1006.png,/Users/kimsumin/projects/RGMC/data/map/robot19/overlays/1006_overlay.png,/Users/kimsumin/projects/RGMC/data/map/robot19/masks/1006_mask.png
1007,0.49937499999999996,0.9375,0.0,159.53076292042658,253.59428571428572,1,0.0,0.04406882170054035,0.047645507094663496,1776439006.8254058,5,/Users/kimsumin/projects/RGMC/data/map/robot19/images/1007.png,/Users/kimsumin/projects/RGMC/data/map/robot19/overlays/1007_overlay.png,/Users/kimsumin/projects/RGMC/data/map/robot19/masks/1007_mask.png
1008,0.5287499999999999,0.9375,0.0,159.6090289608177,266.25214408233273,1,0.0,0.03651215308203841,0.09667918087968767,1776439018.810993,5,/Users/kimsumin/projects/RGMC/data/map/robot19/images/1008.png,/Users/kimsumin/projects/RGMC/data/map/robot19/overlays/1008_overlay.png,/Users/kimsumin/projects/RGMC/data/map/robot19/masks/1008_mask.png
1009,0.558125,0.9375,0.0,159.46446700507613,280.84081287044876,1,0.0,0.059693876076621515,0.07808488995023823,1776439030.1362975,5,/Users/kimsumin/projects/RGMC/data/map/robot19/images/1009.png,/Users/kimsumin/projects/RGMC/data/map/robot19/overlays/1009_overlay.png,/Users/kimsumin/projects/RGMC/data/map/robot19/masks/1009_mask.png
1010,0.5874999999999999,0.9375,0.0,159.19259882253996,293.79394449116904,1,0.0,0.007520149587039111,0.046430832352191365,1776439042.4365647,5,/Users/kimsumin/projects/RGMC/data/map/robot19/images/1010.png,/Users/kimsumin/projects/RGMC/data/map/robot19/overlays/1010_overlay.png,/Users/kimsumin/projects/RGMC/data/map/robot19/masks/1010_mask.png
1011,0.616875,0.9375,0.0,159.27226890756302,307.2172818791946,1,0.0,0.08251728946601394,0.1136657433218735,1776439055.427864,5,/Users/kimsumin/projects/RGMC/data/map/robot19/images/1011.png,/Users/kimsumin/projects/RGMC/data/map/robot19/overlays/1011_overlay.png,/Users/kimsumin/projects/RGMC/data/map/robot19/masks/1011_mask.png
1012,0.64625,0.9375,0.0,158.96810344827585,320.8229706390328,1,0.0,0.03069867517242506,0.03717012099633767,1776439068.3724177,5,/Users/kimsumin/projects/RGMC/data/map/robot19/images/1012.png,/Users/kimsumin/projects/RGMC/data/map/robot19/overlays/1012_overlay.png,/Users/kimsumin/projects/RGMC/data/map/robot19/masks/1012_mask.png
1013,0.6756249999999999,0.9375,0.0,157.55685618729098,334.11284722222223,1,0.0,0.32821169883376666,0.020643653824164786,1776439080.2084332,5,/Users/kimsumin/projects/RGMC/data/map/robot19/images/1013.png,/Users/kimsumin/projects/RGMC/data/map/robot19/overlays/1013_overlay.png,/Users/kimsumin/projects/RGMC/data/map/robot19/masks/1013_mask.png
1014,0.705,0.9375,0.0,156.56726649528707,347.2433590402742,1,0.0,0.04298333631778638,0.07140290994796783,1776439092.0914927,5,/Users/kimsumin/projects/RGMC/data/map/robot19/images/1014.png,/Users/kimsumin/projects/RGMC/data/map/robot19/overlays/1014_overlay.png,/Users/kimsumin/projects/RGMC/data/map/robot19/masks/1014_mask.png
1015,0.734375,0.9375,0.0,156.25932203389831,361.4308736217133,1,0.0,0.25490441482149734,0.04014771955791214,1776439103.9641516,5,/Users/kimsumin/projects/RGMC/data/map/robot19/images/1015.png,/Users/kimsumin/projects/RGMC/data/map/robot19/overlays/1015_overlay.png,/Users/kimsumin/projects/RGMC/data/map/robot19/masks/1015_mask.png
1016,0.7637499999999999,0.9375,0.0,155.81780366056572,374.53865336658356,1,0.0,0.04598089514438339,0.10637634856421734,1776439116.153161,5,/Users/kimsumin/projects/RGMC/data/map/robot19/images/1016.png,/Users/kimsumin/projects/RGMC/data/map/robot19/overlays/1016_overlay.png,/Users/kimsumin/projects/RGMC/data/map/robot19/masks/1016_mask.png
1017,0.793125,0.9375,0.0,155.62150719729044,388.60119555935097,1,0.0,0.022006477546288546,0.29607629896171217,1776439128.7814445,5,/Users/kimsumin/projects/RGMC/data/map/robot19/images/1017.png,/Users/kimsumin/projects/RGMC/data/map/robot19/overlays/1017_overlay.png,/Users/kimsumin/projects/RGMC/data/map/robot19/masks/1017_mask.png
1018,0.8225,0.9375,0.0,155.42653232577666,401.7229219143577,1,0.0,0.06279372296558679,0.03146950936540407,1776439141.0361602,5,/Users/kimsumin/projects/RGMC/data/map/robot19/images/1018.png,/Users/kimsumin/projects/RGMC/data/map/robot19/overlays/1018_overlay.png,/Users/kimsumin/projects/RGMC/data/map/robot19/masks/1018_mask.png
1019,0.8518749999999999,0.9375,0.0,155.11522965350522,415.23132530120483,1,0.0,0.035295578296960055,0.050305626752561866,1776439153.1171129,5,/Users/kimsumin/projects/RGMC/data/map/robot19/images/1019.png,/Users/kimsumin/projects/RGMC/data/map/robot19/overlays/1019_overlay.png,/Users/kimsumin/projects/RGMC/data/map/robot19/masks/1019_mask.png
1020,0.88125,0.9375,0.0,155.2970464135021,429.13755274261604,1,0.0,0.04684000161931631,0.03535177072553825,1776439164.9929008,5,/Users/kimsumin/projects/RGMC/data/map/robot19/images/1020.png,/Users/kimsumin/projects/RGMC/data/map/robot19/overlays/1020_overlay.png,/Users/kimsumin/projects/RGMC/data/map/robot19/masks/1020_mask.png
1021,0.9106249999999999,0.9375,0.0,154.75626043405677,442.4690117252931,1,0.0,0.26623117841963384,0.046992347278010174,1776439177.900868,5,/Users/kimsumin/projects/RGMC/data/map/robot19/images/1021.png,/Users/kimsumin/projects/RGMC/data/map/robot19/overlays/1021_overlay.png,/Users/kimsumin/projects/RGMC/data/map/robot19/masks/1021_mask.png
1022,0.94,0.9375,0.0,153.82329945269743,455.76489028213166,1,0.0,0.046276330645655846,0.01477091641034749,1776439189.6758268,5,/Users/kimsumin/projects/RGMC/data/map/robot19/images/1022.png,/Users/kimsumin/projects/RGMC/data/map/robot19/overlays/1022_overlay.png,/Users/kimsumin/projects/RGMC/data/map/robot19/masks/1022_mask.png
1023,0.94,0.96875,0.0,139.62256493506493,455.73133116883116,1,0.0,0.019255505297891756,0.0882741275470784,1776439201.452254,5,/Users/kimsumin/projects/RGMC/data/map/robot19/images/1023.png,/Users/kimsumin/projects/RGMC/data/map/robot19/overlays/1023_overlay.png,/Users/kimsumin/projects/RGMC/data/map/robot19/masks/1023_mask.png
1024,0.9106249999999999,0.96875,0.0,139.80634390651085,442.43771043771045,1,0.0,0.0733030700125945,0.15006197839619717,1776439213.3433478,5,/Users/kimsumin/projects/RGMC/data/map/robot19/images/1024.png,/Users/kimsumin/projects/RGMC/data/map/robot19/overlays/1024_overlay.png,/Users/kimsumin/projects/RGMC/data/map/robot19/masks/1024_mask.png
1025,0.88125,0.96875,0.0,140.10247651579846,429.391638225256,1,0.0,0.0191783181333578,0.0159170175093994,1776439226.1405127,5,/Users/kimsumin/projects/RGMC/data/map/robot19/images/1025.png,/Users/kimsumin/projects/RGMC/data/map/robot19/overlays/1025_overlay.png,/Users/kimsumin/projects/RGMC/data/map/robot19/masks/1025_mask.png
1026,0.8518749999999999,0.96875,0.0,140.51332288401255,415.80172413793105,1,0.0,0.1773196029802038,0.03813674969186554,1776439237.8044016,5,/Users/kimsumin/projects/RGMC/data/map/robot19/images/1026.png,/Users/kimsumin/projects/RGMC/data/map/robot19/overlays/1026_overlay.png,/Users/kimsumin/projects/RGMC/data/map/robot19/masks/1026_mask.png
1027,0.8225,0.96875,0.0,141.38599348534203,402.2369706840391,1,0.0,0.06391458039192251,0.09053514693944144,1776439249.8895044,5,/Users/kimsumin/projects/RGMC/data/map/robot19/images/1027.png,/Users/kimsumin/projects/RGMC/data/map/robot19/overlays/1027_overlay.png,/Users/kimsumin/projects/RGMC/data/map/robot19/masks/1027_mask.png
1028,0.793125,0.96875,0.0,142.290350877193,388.89122807017543,1,0.0,0.42932898911757406,0.04778930029499189,1776439263.3446105,5,/Users/kimsumin/projects/RGMC/data/map/robot19/images/1028.png,/Users/kimsumin/projects/RGMC/data/map/robot19/overlays/1028_overlay.png,/Users/kimsumin/projects/RGMC/data/map/robot19/masks/1028_mask.png
1029,0.7637499999999999,0.96875,0.0,142.29579831932773,375.2279226240538,1,0.0,0.10865850626290575,0.11262030746695577,1776439277.3104732,5,/Users/kimsumin/projects/RGMC/data/map/robot19/images/1029.png,/Users/kimsumin/projects/RGMC/data/map/robot19/overlays/1029_overlay.png,/Users/kimsumin/projects/RGMC/data/map/robot19/masks/1029_mask.png
1030,0.734375,0.96875,0.0,142.80251046025106,361.5539748953975,1,0.0,0.0631039416303415,0.05985465074488061,1776439289.6271663,5,/Users/kimsumin/projects/RGMC/data/map/robot19/images/1030.png,/Users/kimsumin/projects/RGMC/data/map/robot19/overlays/1030_overlay.png,/Users/kimsumin/projects/RGMC/data/map/robot19/masks/1030_mask.png
1031,0.705,0.96875,0.0,143.15964912280702,348.1088850174216,1,0.0,0.02871627961481616,0.07985512931202692,1776439301.9496126,5,/Users/kimsumin/projects/RGMC/data/map/robot19/images/1031.png,/Users/kimsumin/projects/RGMC/data/map/robot19/overlays/1031_overlay.png,/Users/kimsumin/projects/RGMC/data/map/robot19/masks/1031_mask.png
1032,0.6756249999999999,0.96875,0.0,143.64590443686006,333.9871575342466,1,0.0,0.04516129871718464,0.03899166896250672,1776439314.5593064,5,/Users/kimsumin/projects/RGMC/data/map/robot19/images/1032.png,/Users/kimsumin/projects/RGMC/data/map/robot19/overlays/1032_overlay.png,/Users/kimsumin/projects/RGMC/data/map/robot19/masks/1032_mask.png
1033,0.64625,0.96875,0.0,143.8501712328767,321.27668659265584,1,0.0,0.04920823334573372,0.03812007254393687,1776439327.8104925,5,/Users/kimsumin/projects/RGMC/data/map/robot19/images/1033.png,/Users/kimsumin/projects/RGMC/data/map/robot19/overlays/1033_overlay.png,/Users/kimsumin/projects/RGMC/data/map/robot19/masks/1033_mask.png
1034,0.616875,0.96875,0.0,144.1233108108108,307.3123425692695,1,0.0,0.2787752035078301,0.0999171337694141,1776439339.48726,5,/Users/kimsumin/projects/RGMC/data/map/robot19/images/1034.png,/Users/kimsumin/projects/RGMC/data/map/robot19/overlays/1034_overlay.png,/Users/kimsumin/projects/RGMC/data/map/robot19/masks/1034_mask.png
1035,0.5874999999999999,0.96875,0.0,144.72712418300654,294.01307189542484,1,0.0,0.2506324997224532,0.02769555081046036,1776439351.466815,5,/Users/kimsumin/projects/RGMC/data/map/robot19/images/1035.png,/Users/kimsumin/projects/RGMC/data/map/robot19/overlays/1035_overlay.png,/Users/kimsumin/projects/RGMC/data/map/robot19/masks/1035_mask.png
1036,0.558125,0.96875,0.0,144.91135045567523,280.95,1,0.0,0.06379983568268278,0.08825176428422288,1776439363.9622617,5,/Users/kimsumin/projects/RGMC/data/map/robot19/images/1036.png,/Users/kimsumin/projects/RGMC/data/map/robot19/overlays/1036_overlay.png,/Users/kimsumin/projects/RGMC/data/map/robot19/masks/1036_mask.png
1037,0.5287499999999999,0.96875,0.0,145.21104699093158,267.2901896125309,1,0.0,0.05577698972488258,0.07621733099455427,1776439376.4516206,5,/Users/kimsumin/projects/RGMC/data/map/robot19/images/1037.png,/Users/kimsumin/projects/RGMC/data/map/robot19/overlays/1037_overlay.png,/Users/kimsumin/projects/RGMC/data/map/robot19/masks/1037_mask.png
1038,0.49937499999999996,0.96875,0.0,146.4452861952862,253.60858585858585,1,0.0,0.13422315982819033,0.054927157316658294,1776439388.3423648,5,/Users/kimsumin/projects/RGMC/data/map/robot19/images/1038.png,/Users/kimsumin/projects/RGMC/data/map/robot19/overlays/1038_overlay.png,/Users/kimsumin/projects/RGMC/data/map/robot19/masks/1038_mask.png
1039,0.47,0.96875,0.0,146.55257834306929,241.2574127363241,1,0.0,0.028233241521788095,0.016221536203806675,1776439400.7326076,4,/Users/kimsumin/projects/RGMC/data/map/robot19/images/1039.png,/Users/kimsumin/projects/RGMC/data/map/robot19/overlays/1039_overlay.png,/Users/kimsumin/projects/RGMC/data/map/robot19/masks/1039_mask.png
1040,0.440625,0.96875,0.0,146.24957118353345,228.6010230179028,1,0.0,0.062199842240218475,0.04209405901071634,1776439412.4966319,5,/Users/kimsumin/projects/RGMC/data/map/robot19/images/1040.png,/Users/kimsumin/projects/RGMC/data/map/robot19/overlays/1040_overlay.png,/Users/kimsumin/projects/RGMC/data/map/robot19/masks/1040_mask.png
1041,0.41125,0.96875,0.0,146.48553900087643,214.63515901060072,1,0.0,0.2594615816117058,0.08520421062304671,1776439424.3769886,5,/Users/kimsumin/projects/RGMC/data/map/robot19/images/1041.png,/Users/kimsumin/projects/RGMC/data/map/robot19/overlays/1041_overlay.png,/Users/kimsumin/projects/RGMC/data/map/robot19/masks/1041_mask.png
1042,0.38187499999999996,0.96875,0.0,147.3402239448751,201.73711340206185,1,0.0,0.08690472293217304,0.06329150305227955,1776439436.5636673,5,/Users/kimsumin/projects/RGMC/data/map/robot19/images/1042.png,/Users/kimsumin/projects/RGMC/data/map/robot19/overlays/1042_overlay.png,/Users/kimsumin/projects/RGMC/data/map/robot19/masks/1042_mask.png
1043,0.3525,0.96875,0.0,148.09685863874344,188.8416447944007,1,0.0,0.05878117508614354,0.044535726740472105,1776439448.3393133,5,/Users/kimsumin/projects/RGMC/data/map/robot19/images/1043.png,/Users/kimsumin/projects/RGMC/data/map/robot19/overlays/1043_overlay.png,/Users/kimsumin/projects/RGMC/data/map/robot19/masks/1043_mask.png
1044,0.323125,0.96875,0.0,148.64383561643837,174.1498287671233,1,0.0,0.16304027229699003,0.023829286513248595,1776439460.020464,5,/Users/kimsumin/projects/RGMC/data/map/robot19/images/1044.png,/Users/kimsumin/projects/RGMC/data/map/robot19/overlays/1044_overlay.png,/Users/kimsumin/projects/RGMC/data/map/robot19/masks/1044_mask.png
1045,0.29374999999999996,0.96875,0.0,149.5602189781022,162.0410583941606,1,0.0,0.023257202476535167,0.06747185324889249,1776439473.019038,5,/Users/kimsumin/projects/RGMC/data/map/robot19/images/1045.png,/Users/kimsumin/projects/RGMC/data/map/robot19/overlays/1045_overlay.png,/Users/kimsumin/projects/RGMC/data/map/robot19/masks/1045_mask.png
1046,0.26437499999999997,0.96875,0.0,150.32919254658384,149.03194321206743,1,0.0,0.2969750635330315,0.05897792660902186,1776439484.8948276,5,/Users/kimsumin/projects/RGMC/data/map/robot19/images/1046.png,/Users/kimsumin/projects/RGMC/data/map/robot19/overlays/1046_overlay.png,/Users/kimsumin/projects/RGMC/data/map/robot19/masks/1046_mask.png
1047,0.235,0.96875,0.0,150.96657633242998,135.27542754275427,1,0.0,0.06125440461768316,0.11856337167663923,1776439496.6750877,5,/Users/kimsumin/projects/RGMC/data/map/robot19/images/1047.png,/Users/kimsumin/projects/RGMC/data/map/robot19/overlays/1047_overlay.png,/Users/kimsumin/projects/RGMC/data/map/robot19/masks/1047_mask.png
1048,0.205625,0.96875,0.0,150.7393665158371,122.87420814479638,1,0.0,0.07112325639994173,0.33084164280871114,1776439508.633958,5,/Users/kimsumin/projects/RGMC/data/map/robot19/images/1048.png,/Users/kimsumin/projects/RGMC/data/map/robot19/overlays/1048_overlay.png,/Users/kimsumin/projects/RGMC/data/map/robot19/masks/1048_mask.png
1049,0.17625,0.96875,0.0,151.31423611111111,109.25389948006932,1,0.0,0.04746024532962627,0.021178939740833107,1776439523.2744355,5,/Users/kimsumin/projects/RGMC/data/map/robot19/images/1049.png,/Users/kimsumin/projects/RGMC/data/map/robot19/overlays/1049_overlay.png,/Users/kimsumin/projects/RGMC/data/map/robot19/masks/1049_mask.png
1050,0.14687499999999998,0.96875,0.0,151.40509666080843,96.62001771479186,1,0.0,0.07109378428918707,0.03126051642074705,1776439535.6709976,5,/Users/kimsumin/projects/RGMC/data/map/robot19/images/1050.png,/Users/kimsumin/projects/RGMC/data/map/robot19/overlays/1050_overlay.png,/Users/kimsumin/projects/RGMC/data/map/robot19/masks/1050_mask.png
1051,0.1175,0.96875,0.0,151.81916817359854,83.67057761732852,1,0.0,0.04627680591199853,0.1394663312604829,1776439547.9849243,5,/Users/kimsumin/projects/RGMC/data/map/robot19/images/1051.png,/Users/kimsumin/projects/RGMC/data/map/robot19/overlays/1051_overlay.png,/Users/kimsumin/projects/RGMC/data/map/robot19/masks/1051_mask.png
1052,0.088125,0.96875,0.0,152.16326530612244,69.79675491033305,1,0.0,0.1668460380681382,0.026718241911215083,1776439560.6718812,5,/Users/kimsumin/projects/RGMC/data/map/robot19/images/1052.png,/Users/kimsumin/projects/RGMC/data/map/robot19/overlays/1052_overlay.png,/Users/kimsumin/projects/RGMC/data/map/robot19/masks/1052_mask.png
1053,0.05875,0.96875,0.0,152.60973526900085,56.94458653026428,1,0.0,0.0876881917463765,0.05262050514128035,1776439572.3558705,5,/Users/kimsumin/projects/RGMC/data/map/robot19/images/1053.png,/Users/kimsumin/projects/RGMC/data/map/robot19/overlays/1053_overlay.png,/Users/kimsumin/projects/RGMC/data/map/robot19/masks/1053_mask.png
1054,0.029375,0.96875,0.0,153.38751069289992,44.05967604433078,1,0.0,0.13006797654440544,0.08524386592196166,1776439584.738889,5,/Users/kimsumin/projects/RGMC/data/map/robot19/images/1054.png,/Users/kimsumin/projects/RGMC/data/map/robot19/overlays/1054_overlay.png,/Users/kimsumin/projects/RGMC/data/map/robot19/masks/1054_mask.png
1055,0.0,0.96875,0.0,153.155800169348,30.155274261603374,1,0.0,0.4330239243593786,0.060622096614888016,1776439596.6193638,5,/Users/kimsumin/projects/RGMC/data/map/robot19/images/1055.png,/Users/kimsumin/projects/RGMC/data/map/robot19/overlays/1055_overlay.png,/Users/kimsumin/projects/RGMC/data/map/robot19/masks/1055_mask.png
1056,0.0,1.0,0.0,139.17150170648463,30.009450171821307,1,0.0,0.07331737183006351,0.06841568949536767,1776439608.510685,5,/Users/kimsumin/projects/RGMC/data/map/robot19/images/1056.png,/Users/kimsumin/projects/RGMC/data/map/robot19/overlays/1056_overlay.png,/Users/kimsumin/projects/RGMC/data/map/robot19/masks/1056_mask.png
1057,0.029375,1.0,0.0,138.90681003584228,43.42490842490842,1,0.0,0.05834903685314118,0.37549109223212007,1776439620.275271,5,/Users/kimsumin/projects/RGMC/data/map/robot19/images/1057.png,/Users/kimsumin/projects/RGMC/data/map/robot19/overlays/1057_overlay.png,/Users/kimsumin/projects/RGMC/data/map/robot19/masks/1057_mask.png
1058,0.05875,1.0,0.0,138.5615114235501,56.37170474516696,1,0.0,0.06720974696284833,0.09945931946781542,1776439632.0460083,5,/Users/kimsumin/projects/RGMC/data/map/robot19/images/1058.png,/Users/kimsumin/projects/RGMC/data/map/robot19/overlays/1058_overlay.png,/Users/kimsumin/projects/RGMC/data/map/robot19/masks/1058_mask.png
1059,0.088125,1.0,0.0,138.47748513169074,69.2874149659864,1,0.0,0.027608479055239898,0.019319292552019102,1776439643.8210893,5,/Users/kimsumin/projects/RGMC/data/map/robot19/images/1059.png,/Users/kimsumin/projects/RGMC/data/map/robot19/overlays/1059_overlay.png,/Users/kimsumin/projects/RGMC/data/map/robot19/masks/1059_mask.png
1060,0.1175,1.0,0.0,137.34198331788693,82.33642261353104,1,0.0,0.2935275266829667,0.05485014722607214,1776439655.9044642,5,/Users/kimsumin/projects/RGMC/data/map/robot19/images/1060.png,/Users/kimsumin/projects/RGMC/data/map/robot19/overlays/1060_overlay.png,/Users/kimsumin/projects/RGMC/data/map/robot19/masks/1060_mask.png
1061,0.14687499999999998,1.0,0.0,137.32404181184668,95.91644678979772,1,0.0,0.35567096289587274,0.07777993759400405,1776439668.0905793,5,/Users/kimsumin/projects/RGMC/data/map/robot19/images/1061.png,/Users/kimsumin/projects/RGMC/data/map/robot19/overlays/1061_overlay.png,/Users/kimsumin/projects/RGMC/data/map/robot19/masks/1061_mask.png
1062,0.17625,1.0,0.0,136.80662020905925,108.68502581755594,1,0.0,0.043356395474061886,0.056892147449492066,1776439679.6631038,5,/Users/kimsumin/projects/RGMC/data/map/robot19/images/1062.png,/Users/kimsumin/projects/RGMC/data/map/robot19/overlays/1062_overlay.png,/Users/kimsumin/projects/RGMC/data/map/robot19/masks/1062_mask.png
1063,0.205625,1.0,0.0,135.96913580246914,121.64991181657848,1,0.0,0.024759020772826247,0.03587140614853378,1776439691.9491026,5,/Users/kimsumin/projects/RGMC/data/map/robot19/images/1063.png,/Users/kimsumin/projects/RGMC/data/map/robot19/overlays/1063_overlay.png,/Users/kimsumin/projects/RGMC/data/map/robot19/masks/1063_mask.png
1064,0.235,1.0,0.0,135.76990376202974,134.40594925634295,1,0.0,0.044179886243808496,0.08615844423925893,1776439703.7814221,5,/Users/kimsumin/projects/RGMC/data/map/robot19/images/1064.png,/Users/kimsumin/projects/RGMC/data/map/robot19/overlays/1064_overlay.png,/Users/kimsumin/projects/RGMC/data/map/robot19/masks/1064_mask.png
1065,0.26437499999999997,1.0,0.0,135.57992895204262,148.44849023090586,1,0.0,0.07236247387023284,0.04451453418071456,1776439716.539254,5,/Users/kimsumin/projects/RGMC/data/map/robot19/images/1065.png,/Users/kimsumin/projects/RGMC/data/map/robot19/overlays/1065_overlay.png,/Users/kimsumin/projects/RGMC/data/map/robot19/masks/1065_mask.png
1066,0.29374999999999996,1.0,0.0,135.44045534150612,161.4632224168126,1,0.0,0.0436809469396851,0.04570047252371635,1776439730.6620839,5,/Users/kimsumin/projects/RGMC/data/map/robot19/images/1066.png,/Users/kimsumin/projects/RGMC/data/map/robot19/overlays/1066_overlay.png,/Users/kimsumin/projects/RGMC/data/map/robot19/masks/1066_mask.png
1067,0.323125,1.0,0.0,134.49956101843722,173.88898601398603,1,0.0,0.07546660211842127,0.04536467709863992,1776439743.565094,5,/Users/kimsumin/projects/RGMC/data/map/robot19/images/1067.png,/Users/kimsumin/projects/RGMC/data/map/robot19/overlays/1067_overlay.png,/Users/kimsumin/projects/RGMC/data/map/robot19/masks/1067_mask.png
1068,0.3525,1.0,0.0,134.20957542908764,188.11472448057813,1,0.0,0.27091406696071624,0.07593947814532938,1776439755.6192315,5,/Users/kimsumin/projects/RGMC/data/map/robot19/images/1068.png,/Users/kimsumin/projects/RGMC/data/map/robot19/overlays/1068_overlay.png,/Users/kimsumin/projects/RGMC/data/map/robot19/masks/1068_mask.png
1069,0.38187499999999996,1.0,0.0,133.35714285714286,201.1751111111111,1,0.0,0.24048016651622145,0.11893980183960483,1776439768.1353743,5,/Users/kimsumin/projects/RGMC/data/map/robot19/images/1069.png,/Users/kimsumin/projects/RGMC/data/map/robot19/overlays/1069_overlay.png,/Users/kimsumin/projects/RGMC/data/map/robot19/masks/1069_mask.png
1070,0.41125,1.0,0.0,132.35400516795866,214.09388458225666,1,0.0,0.06612334196969255,0.028204366348349816,1776439780.1322744,5,/Users/kimsumin/projects/RGMC/data/map/robot19/images/1070.png,/Users/kimsumin/projects/RGMC/data/map/robot19/overlays/1070_overlay.png,/Users/kimsumin/projects/RGMC/data/map/robot19/masks/1070_mask.png
1071,0.440625,1.0,0.0,131.59416666666667,227.33916666666667,1,0.0,0.038266622776953696,0.044349336016457644,1776439793.4374418,5,/Users/kimsumin/projects/RGMC/data/map/robot19/images/1071.png,/Users/kimsumin/projects/RGMC/data/map/robot19/overlays/1071_overlay.png,/Users/kimsumin/projects/RGMC/data/map/robot19/masks/1071_mask.png
1073,0.49937499999999996,1.0,0.0,131.3375314861461,253.45172124265324,1,0.0,0.051181968714554056,0.06938282183571547,1776439817.0887635,5,/Users/kimsumin/projects/RGMC/data/map/robot19/images/1073.png,/Users/kimsumin/projects/RGMC/data/map/robot19/overlays/1073_overlay.png,/Users/kimsumin/projects/RGMC/data/map/robot19/masks/1073_mask.png
1074,0.5287499999999999,1.0,0.0,131.13144329896906,266.7061855670103,1,0.0,0.023632588075486398,0.1125130227904175,1776439828.6949232,5,/Users/kimsumin/projects/RGMC/data/map/robot19/images/1074.png,/Users/kimsumin/projects/RGMC/data/map/robot19/overlays/1074_overlay.png,/Users/kimsumin/projects/RGMC/data/map/robot19/masks/1074_mask.png
1075,0.558125,1.0,0.0,130.93781942078365,279.6243611584327,1,0.0,0.04617929431220712,0.2884554969676211,1776439840.6374466,5,/Users/kimsumin/projects/RGMC/data/map/robot19/images/1075.png,/Users/kimsumin/projects/RGMC/data/map/robot19/overlays/1075_overlay.png,/Users/kimsumin/projects/RGMC/data/map/robot19/masks/1075_mask.png
1076,0.5874999999999999,1.0,0.0,130.95176571920757,293.37456747404843,1,0.0,0.031077903067742867,0.030274308364552593,1776439852.5306833,5,/Users/kimsumin/projects/RGMC/data/map/robot19/images/1076.png,/Users/kimsumin/projects/RGMC/data/map/robot19/overlays/1076_overlay.png,/Users/kimsumin/projects/RGMC/data/map/robot19/masks/1076_mask.png
1077,0.616875,1.0,0.0,130.60270498732038,306.4032121724429,1,0.0,0.04581282333789465,0.05034091007082201,1776439865.8854997,5,/Users/kimsumin/projects/RGMC/data/map/robot19/images/1077.png,/Users/kimsumin/projects/RGMC/data/map/robot19/overlays/1077_overlay.png,/Users/kimsumin/projects/RGMC/data/map/robot19/masks/1077_mask.png
1078,0.64625,1.0,0.0,129.5605042016807,320.66583541147133,1,0.0,0.34407858706664035,0.05936419076622782,1776439878.810251,5,/Users/kimsumin/projects/RGMC/data/map/robot19/images/1078.png,/Users/kimsumin/projects/RGMC/data/map/robot19/overlays/1078_overlay.png,/Users/kimsumin/projects/RGMC/data/map/robot19/masks/1078_mask.png
1079,0.6756249999999999,1.0,0.0,129.18593371059015,333.7512274959083,1,0.0,0.07354404544751623,0.0717163332305512,1776439891.2238472,5,/Users/kimsumin/projects/RGMC/data/map/robot19/images/1079.png,/Users/kimsumin/projects/RGMC/data/map/robot19/overlays/1079_overlay.png,/Users/kimsumin/projects/RGMC/data/map/robot19/masks/1079_mask.png
1080,0.705,1.0,0.0,128.84290540540542,348.1738396624473,1,0.0,0.04660042823889544,0.04385752865982062,1776439902.7970927,5,/Users/kimsumin/projects/RGMC/data/map/robot19/images/1080.png,/Users/kimsumin/projects/RGMC/data/map/robot19/overlays/1080_overlay.png,/Users/kimsumin/projects/RGMC/data/map/robot19/masks/1080_mask.png
1081,0.734375,1.0,0.0,127.72878535773711,361.6381031613977,1,0.0,0.03454892420951201,0.06229758567941745,1776439916.0327654,5,/Users/kimsumin/projects/RGMC/data/map/robot19/images/1081.png,/Users/kimsumin/projects/RGMC/data/map/robot19/overlays/1081_overlay.png,/Users/kimsumin/projects/RGMC/data/map/robot19/masks/1081_mask.png
1082,0.7637499999999999,1.0,0.0,127.75434243176178,374.1912384161752,1,0.0,0.060862057053893595,0.09447415582339881,1776439929.2186317,5,/Users/kimsumin/projects/RGMC/data/map/robot19/images/1082.png,/Users/kimsumin/projects/RGMC/data/map/robot19/overlays/1082_overlay.png,/Users/kimsumin/projects/RGMC/data/map/robot19/masks/1082_mask.png
1083,0.793125,1.0,0.0,127.43566021867115,388.62626262626264,1,0.0,0.05441562957575913,0.23583377579822387,1776439940.9931047,5,/Users/kimsumin/projects/RGMC/data/map/robot19/images/1083.png,/Users/kimsumin/projects/RGMC/data/map/robot19/overlays/1083_overlay.png,/Users/kimsumin/projects/RGMC/data/map/robot19/masks/1083_mask.png
1084,0.8225,1.0,0.0,127.15750615258409,401.8338788870704,1,0.0,0.08789715865791446,0.05434230486384217,1776439952.9728587,5,/Users/kimsumin/projects/RGMC/data/map/robot19/images/1084.png,/Users/kimsumin/projects/RGMC/data/map/robot19/overlays/1084_overlay.png,/Users/kimsumin/projects/RGMC/data/map/robot19/masks/1084_mask.png
1085,0.8518749999999999,1.0,0.0,126.58414239482201,415.2769726247987,1,0.0,0.04823138419317228,0.03215526023009051,1776439964.9565701,5,/Users/kimsumin/projects/RGMC/data/map/robot19/images/1085.png,/Users/kimsumin/projects/RGMC/data/map/robot19/overlays/1085_overlay.png,/Users/kimsumin/projects/RGMC/data/map/robot19/masks/1085_mask.png
1086,0.88125,1.0,0.0,126.9353448275862,428.75172413793103,1,0.0,0.0497529634773478,0.04635640158225442,1776439979.0664263,5,/Users/kimsumin/projects/RGMC/data/map/robot19/images/1086.png,/Users/kimsumin/projects/RGMC/data/map/robot19/overlays/1086_overlay.png,/Users/kimsumin/projects/RGMC/data/map/robot19/masks/1086_mask.png
1087,0.9106249999999999,1.0,0.0,126.55236486486487,441.82278481012656,1,0.0,0.032541034992855454,0.02998009957520485,1776439990.895025,5,/Users/kimsumin/projects/RGMC/data/map/robot19/images/1087.png,/Users/kimsumin/projects/RGMC/data/map/robot19/overlays/1087_overlay.png,/Users/kimsumin/projects/RGMC/data/map/robot19/masks/1087_mask.png
1088,0.94,1.0,0.0,125.0721568627451,455.50749802683504,1,0.0,0.04992875170593316,0.08301508947333329,1776440003.7681034,5,/Users/kimsumin/projects/RGMC/data/map/robot19/images/1088.png,/Users/kimsumin/projects/RGMC/data/map/robot19/overlays/1088_overlay.png,/Users/kimsumin/projects/RGMC/data/map/robot19/masks/1088_mask.png
