idx,x,y,z,u,v,ok,confidence,std_u,std_v,timestamp,n_valid,image_path,overlay_path,mask_path
0,0.0,0.0,,578.8798999165972,47.195686900958464,1,0.0,0.3714275370435756,0.09483724505158582,1777476154.2845657,5,/Users/kimsumin/projects/RGMC/data/map/robot1/images/0000.png,/Users/kimsumin/projects/RGMC/data/map/robot1/overlays/0000_overlay.png,/Users/kimsumin/projects/RGMC/data/map/robot1/masks/0000_mask.png
1,0.02875,0.0,,578.2871369294605,60.70747740345111,1,0.0,0.37575957984274166,0.07741263968362104,1777476164.836544,5,/Users/kimsumin/projects/RGMC/data/map/robot1/images/0001.png,/Users/kimsumin/projects/RGMC/data/map/robot1/overlays/0001_overlay.png,/Users/kimsumin/projects/RGMC/data/map/robot1/masks/0001_mask.png
2,0.0575,0.0,,577.8764607679466,73.37934027777777,1,0.0,0.4551928784575699,0.09724998660187235,1777476174.337148,5,/Users/kimsumin/projects/RGMC/data/map/robot1/images/0002.png,/Users/kimsumin/projects/RGMC/data/map/robot1/overlays/0002_overlay.png,/Users/kimsumin/projects/RGMC/data/map/robot1/masks/0002_mask.png
3,0.08625000000000001,0.0,,578.1524042379788,85.86563517915309,1,0.0,0.022021842347028354,0.03463750870151137,1777476184.0753634,5,/Users/kimsumin/projects/RGMC/data/map/robot1/images/0003.png,/Users/kimsumin/projects/RGMC/data/map/robot1/overlays/0003_overlay.png,/Users/kimsumin/projects/RGMC/data/map/robot1/masks/0003_mask.png
4,0.115,0.0,,577.8741319444445,99.32149046793761,1,0.0,0.06425985071809272,0.017824441657826103,1777476193.5922174,5,/Users/kimsumin/projects/RGMC/data/map/robot1/images/0004.png,/Users/kimsumin/projects/RGMC/data/map/robot1/overlays/0004_overlay.png,/Users/kimsumin/projects/RGMC/data/map/robot1/masks/0004_mask.png
5,0.14375000000000002,0.0,,577.1763683753258,112.29192006950478,1,0.0,0.35986467613312817,0.052785557351845015,1777476203.209817,5,/Users/kimsumin/projects/RGMC/data/map/robot1/images/0005.png,/Users/kimsumin/projects/RGMC/data/map/robot1/overlays/0005_overlay.png,/Users/kimsumin/projects/RGMC/data/map/robot1/masks/0005_mask.png
6,0.17250000000000001,0.0,,577.8567860116569,124.97277227722772,1,0.0,0.035387193948592174,0.04398965322111286,1777476212.8094227,5,/Users/kimsumin/projects/RGMC/data/map/robot1/images/0006.png,/Users/kimsumin/projects/RGMC/data/map/robot1/overlays/0006_overlay.png,/Users/kimsumin/projects/RGMC/data/map/robot1/masks/0006_mask.png
7,0.20125,0.0,,577.4758735440931,137.6644351464435,1,0.0,0.3031806094387799,0.03780496121163703,1777476223.4889917,5,/Users/kimsumin/projects/RGMC/data/map/robot1/images/0007.png,/Users/kimsumin/projects/RGMC/data/map/robot1/overlays/0007_overlay.png,/Users/kimsumin/projects/RGMC/data/map/robot1/masks/0007_mask.png
8,0.23,0.0,,577.4731993299832,150.2378516624041,1,0.0,0.793804788684248,0.07556499759020024,1777476233.1135108,5,/Users/kimsumin/projects/RGMC/data/map/robot1/images/0008.png,/Users/kimsumin/projects/RGMC/data/map/robot1/overlays/0008_overlay.png,/Users/kimsumin/projects/RGMC/data/map/robot1/masks/0008_mask.png
9,0.25875000000000004,0.0,,577.4763113367175,163.57167090754876,1,0.0,0.02739422948714261,0.07559348354967284,1777476242.7035162,5,/Users/kimsumin/projects/RGMC/data/map/robot1/images/0009.png,/Users/kimsumin/projects/RGMC/data/map/robot1/overlays/0009_overlay.png,/Users/kimsumin/projects/RGMC/data/map/robot1/masks/0009_mask.png
10,0.28750000000000003,0.0,,576.6236099230111,176.33870967741936,1,0.0,0.13895470113644312,0.03782638501685281,1777476252.297602,5,/Users/kimsumin/projects/RGMC/data/map/robot1/images/0010.png,/Users/kimsumin/projects/RGMC/data/map/robot1/overlays/0010_overlay.png,/Users/kimsumin/projects/RGMC/data/map/robot1/masks/0010_mask.png
11,0.31625000000000003,0.0,,576.6720890410959,188.85008517887564,1,0.0,0.4092580907457561,0.04958580932040845,1777476262.8684938,5,/Users/kimsumin/projects/RGMC/data/map/robot1/images/0011.png,/Users/kimsumin/projects/RGMC/data/map/robot1/overlays/0011_overlay.png,/Users/kimsumin/projects/RGMC/data/map/robot1/masks/0011_mask.png
12,0.34500000000000003,0.0,,577.1778886118038,201.54704412989176,1,0.0,0.06494554452199916,0.028135796387188414,1777476272.5983596,5,/Users/kimsumin/projects/RGMC/data/map/robot1/images/0012.png,/Users/kimsumin/projects/RGMC/data/map/robot1/overlays/0012_overlay.png,/Users/kimsumin/projects/RGMC/data/map/robot1/masks/0012_mask.png
13,0.37375,0.0,,577.40625,214.08552631578948,1,0.0,0.0358822047336018,0.07203171588834752,1777476282.1750329,5,/Users/kimsumin/projects/RGMC/data/map/robot1/images/0013.png,/Users/kimsumin/projects/RGMC/data/map/robot1/overlays/0013_overlay.png,/Users/kimsumin/projects/RGMC/data/map/robot1/masks/0013_mask.png
14,0.4025,0.0,,577.1299342105264,226.77906976744185,1,0.0,0.07067694866522291,0.32032359526836496,1777476291.8054655,5,/Users/kimsumin/projects/RGMC/data/map/robot1/images/0014.png,/Users/kimsumin/projects/RGMC/data/map/robot1/overlays/0014_overlay.png,/Users/kimsumin/projects/RGMC/data/map/robot1/masks/0014_mask.png
15,0.43125,0.0,,576.9534136546184,240.05466237942122,1,0.0,0.30241979395160135,0.07804770466323836,1777476301.5437758,5,/Users/kimsumin/projects/RGMC/data/map/robot1/images/0015.png,/Users/kimsumin/projects/RGMC/data/map/robot1/overlays/0015_overlay.png,/Users/kimsumin/projects/RGMC/data/map/robot1/masks/0015_mask.png
16,0.46,0.0,,576.4974003466205,252.98093587521663,1,0.0,0.036536573258844594,0.1113497876341106,1777476313.5766091,5,/Users/kimsumin/projects/RGMC/data/map/robot1/images/0016.png,/Users/kimsumin/projects/RGMC/data/map/robot1/overlays/0016_overlay.png,/Users/kimsumin/projects/RGMC/data/map/robot1/masks/0016_mask.png
17,0.48875,0.0,,576.2411764705882,265.8993174061433,1,0.0,0.2586174924780767,0.04657827279746119,1777476323.200711,5,/Users/kimsumin/projects/RGMC/data/map/robot1/images/0017.png,/Users/kimsumin/projects/RGMC/data/map/robot1/overlays/0017_overlay.png,/Users/kimsumin/projects/RGMC/data/map/robot1/masks/0017_mask.png
18,0.5175000000000001,0.0,,577.1896697713802,278.5806988352745,1,0.0,0.05108742530310577,0.07447854867890588,1777476332.7091422,5,/Users/kimsumin/projects/RGMC/data/map/robot1/images/0018.png,/Users/kimsumin/projects/RGMC/data/map/robot1/overlays/0018_overlay.png,/Users/kimsumin/projects/RGMC/data/map/robot1/masks/0018_mask.png
19,0.54625,0.0,,576.4610673665792,291.78033658104516,1,0.0,0.015330999150703482,0.08822115360411012,1777476342.3368125,5,/Users/kimsumin/projects/RGMC/data/map/robot1/images/0019.png,/Users/kimsumin/projects/RGMC/data/map/robot1/overlays/0019_overlay.png,/Users/kimsumin/projects/RGMC/data/map/robot1/masks/0019_mask.png
20,0.5750000000000001,0.0,,577.1134105960265,304.9503311258278,1,0.0,0.07948901550231288,0.03515488892633466,1777476351.932323,5,/Users/kimsumin/projects/RGMC/data/map/robot1/images/0020.png,/Users/kimsumin/projects/RGMC/data/map/robot1/overlays/0020_overlay.png,/Users/kimsumin/projects/RGMC/data/map/robot1/masks/0020_mask.png
21,0.60375,0.0,,577.2838392124693,317.48450244698205,1,0.0,0.02855992621023282,0.08568587263600078,1777476362.5203261,5,/Users/kimsumin/projects/RGMC/data/map/robot1/images/0021.png,/Users/kimsumin/projects/RGMC/data/map/robot1/overlays/0021_overlay.png,/Users/kimsumin/projects/RGMC/data/map/robot1/masks/0021_mask.png
22,0.6325000000000001,0.0,,577.2346600331675,330.1946975973488,1,0.0,0.01973248661317568,0.028906534043294112,1777476372.2020621,5,/Users/kimsumin/projects/RGMC/data/map/robot1/images/0022.png,/Users/kimsumin/projects/RGMC/data/map/robot1/overlays/0022_overlay.png,/Users/kimsumin/projects/RGMC/data/map/robot1/masks/0022_mask.png
23,0.66125,0.0,,577.0913580246913,342.7218106995885,1,0.0,0.0334745127773302,0.026928875961990333,1777476381.7316072,5,/Users/kimsumin/projects/RGMC/data/map/robot1/images/0023.png,/Users/kimsumin/projects/RGMC/data/map/robot1/overlays/0023_overlay.png,/Users/kimsumin/projects/RGMC/data/map/robot1/masks/0023_mask.png
24,0.6900000000000001,0.0,,576.6292428198434,356.27502175805046,1,0.0,0.3845551493305621,0.06524392928428094,1777476391.3546445,5,/Users/kimsumin/projects/RGMC/data/map/robot1/images/0024.png,/Users/kimsumin/projects/RGMC/data/map/robot1/overlays/0024_overlay.png,/Users/kimsumin/projects/RGMC/data/map/robot1/masks/0024_mask.png
25,0.71875,0.0,,576.4547803617571,369.11244635193134,1,0.0,0.02325639525432942,0.058090237260020876,1777476401.0208018,5,/Users/kimsumin/projects/RGMC/data/map/robot1/images/0025.png,/Users/kimsumin/projects/RGMC/data/map/robot1/overlays/0025_overlay.png,/Users/kimsumin/projects/RGMC/data/map/robot1/masks/0025_mask.png
26,0.7475,0.0,,576.3356047700171,381.6734693877551,1,0.0,0.0313333581469921,0.04077653061440202,1777476410.5929112,5,/Users/kimsumin/projects/RGMC/data/map/robot1/images/0026.png,/Users/kimsumin/projects/RGMC/data/map/robot1/overlays/0026_overlay.png,/Users/kimsumin/projects/RGMC/data/map/robot1/masks/0026_mask.png
27,0.77625,0.0,,576.5502183406113,394.2227074235808,1,0.0,0.031519548857116934,0.0394938259614546,1777476420.2837126,5,/Users/kimsumin/projects/RGMC/data/map/robot1/images/0027.png,/Users/kimsumin/projects/RGMC/data/map/robot1/overlays/0027_overlay.png,/Users/kimsumin/projects/RGMC/data/map/robot1/masks/0027_mask.png
28,0.805,0.0,,576.4,407.6320201173512,1,0.0,0.04338796567894082,0.3104176266101743,1777476429.8519943,5,/Users/kimsumin/projects/RGMC/data/map/robot1/images/0028.png,/Users/kimsumin/projects/RGMC/data/map/robot1/overlays/0028_overlay.png,/Users/kimsumin/projects/RGMC/data/map/robot1/masks/0028_mask.png
29,0.83375,0.0,,577.5485762144053,420.7929883138564,1,0.0,0.410555324428001,0.06643468316866594,1777476440.4710407,5,/Users/kimsumin/projects/RGMC/data/map/robot1/images/0029.png,/Users/kimsumin/projects/RGMC/data/map/robot1/overlays/0029_overlay.png,/Users/kimsumin/projects/RGMC/data/map/robot1/masks/0029_mask.png
30,0.8625,0.0,,577.265,433.5557404326123,1,0.0,0.30951464620208347,0.06040139840467499,1777476449.9913778,5,/Users/kimsumin/projects/RGMC/data/map/robot1/images/0030.png,/Users/kimsumin/projects/RGMC/data/map/robot1/overlays/0030_overlay.png,/Users/kimsumin/projects/RGMC/data/map/robot1/masks/0030_mask.png
31,0.89125,0.0,,576.9763513513514,446.13047068538395,1,0.0,0.33039090385210235,0.09500034517569378,1777476459.5449848,5,/Users/kimsumin/projects/RGMC/data/map/robot1/images/0031.png,/Users/kimsumin/projects/RGMC/data/map/robot1/overlays/0031_overlay.png,/Users/kimsumin/projects/RGMC/data/map/robot1/masks/0031_mask.png
32,0.92,0.0,,577.471986417657,458.5398981324278,1,0.0,0.1872974599431382,0.043436420027997934,1777476469.2340918,5,/Users/kimsumin/projects/RGMC/data/map/robot1/images/0032.png,/Users/kimsumin/projects/RGMC/data/map/robot1/overlays/0032_overlay.png,/Users/kimsumin/projects/RGMC/data/map/robot1/masks/0032_mask.png
33,0.92,0.03125,,563.3414001728609,458.44300518134713,1,0.0,0.027178533087688833,0.028776879236469197,1777476478.802074,5,/Users/kimsumin/projects/RGMC/data/map/robot1/images/0033.png,/Users/kimsumin/projects/RGMC/data/map/robot1/overlays/0033_overlay.png,/Users/kimsumin/projects/RGMC/data/map/robot1/masks/0033_mask.png
34,0.89125,0.03125,,563.3115879828326,445.9153846153846,1,0.0,0.043642108678792875,0.042018050464275564,1777476489.0178268,5,/Users/kimsumin/projects/RGMC/data/map/robot1/images/0034.png,/Users/kimsumin/projects/RGMC/data/map/robot1/overlays/0034_overlay.png,/Users/kimsumin/projects/RGMC/data/map/robot1/masks/0034_mask.png
35,0.8625,0.03125,,563.2396907216495,433.4748936170213,1,0.0,0.044999054421312606,0.08040536096180687,1777476498.5535407,5,/Users/kimsumin/projects/RGMC/data/map/robot1/images/0035.png,/Users/kimsumin/projects/RGMC/data/map/robot1/overlays/0035_overlay.png,/Users/kimsumin/projects/RGMC/data/map/robot1/masks/0035_mask.png
36,0.83375,0.03125,,563.35646958012,420.96649484536084,1,0.0,0.037693772684622165,0.031213893230223725,1777476508.4720275,5,/Users/kimsumin/projects/RGMC/data/map/robot1/images/0036.png,/Users/kimsumin/projects/RGMC/data/map/robot1/overlays/0036_overlay.png,/Users/kimsumin/projects/RGMC/data/map/robot1/masks/0036_mask.png
37,0.805,0.03125,,562.8554861730597,408.1150758251561,1,0.0,0.08215964059567152,0.07553979030704268,1777476518.1042762,5,/Users/kimsumin/projects/RGMC/data/map/robot1/images/0037.png,/Users/kimsumin/projects/RGMC/data/map/robot1/overlays/0037_overlay.png,/Users/kimsumin/projects/RGMC/data/map/robot1/masks/0037_mask.png
38,0.77625,0.03125,,562.8305235137533,394.4108867427568,1,0.0,0.07970672772961264,0.06493477447719753,1777476527.7761338,5,/Users/kimsumin/projects/RGMC/data/map/robot1/images/0038.png,/Users/kimsumin/projects/RGMC/data/map/robot1/overlays/0038_overlay.png,/Users/kimsumin/projects/RGMC/data/map/robot1/masks/0038_mask.png
39,0.7475,0.03125,,563.1365187713311,381.6666666666667,1,0.0,0.022301468428847726,0.0265275665384846,1777476537.730851,5,/Users/kimsumin/projects/RGMC/data/map/robot1/images/0039.png,/Users/kimsumin/projects/RGMC/data/map/robot1/overlays/0039_overlay.png,/Users/kimsumin/projects/RGMC/data/map/robot1/masks/0039_mask.png
40,0.71875,0.03125,,563.0652920962199,369.2510748065348,1,0.0,0.05855942404394031,0.05309291319181513,1777476547.2884934,5,/Users/kimsumin/projects/RGMC/data/map/robot1/images/0040.png,/Users/kimsumin/projects/RGMC/data/map/robot1/overlays/0040_overlay.png,/Users/kimsumin/projects/RGMC/data/map/robot1/masks/0040_mask.png
41,0.6900000000000001,0.03125,,563.1590524534687,356.54991816693945,1,0.0,0.28138242939364055,0.026607362539972666,1777476558.615724,5,/Users/kimsumin/projects/RGMC/data/map/robot1/images/0041.png,/Users/kimsumin/projects/RGMC/data/map/robot1/overlays/0041_overlay.png,/Users/kimsumin/projects/RGMC/data/map/robot1/masks/0041_mask.png
42,0.66125,0.03125,,563.1628498727736,342.79050042408824,1,0.0,0.057804669664681375,0.03383539431942626,1777476568.1870644,5,/Users/kimsumin/projects/RGMC/data/map/robot1/images/0042.png,/Users/kimsumin/projects/RGMC/data/map/robot1/overlays/0042_overlay.png,/Users/kimsumin/projects/RGMC/data/map/robot1/masks/0042_mask.png
43,0.6325000000000001,0.03125,,563.0931989924434,330.36641852770884,1,0.0,0.03951445137229217,0.1036915016686024,1777476577.8172584,5,/Users/kimsumin/projects/RGMC/data/map/robot1/images/0043.png,/Users/kimsumin/projects/RGMC/data/map/robot1/overlays/0043_overlay.png,/Users/kimsumin/projects/RGMC/data/map/robot1/masks/0043_mask.png
44,0.60375,0.03125,,563.3872053872054,317.63468013468014,1,0.0,0.04776271731980264,0.059315743270972235,1777476588.0172012,5,/Users/kimsumin/projects/RGMC/data/map/robot1/images/0044.png,/Users/kimsumin/projects/RGMC/data/map/robot1/overlays/0044_overlay.png,/Users/kimsumin/projects/RGMC/data/map/robot1/masks/0044_mask.png
45,0.5750000000000001,0.03125,,563.1153198653199,304.9822934232715,1,0.0,0.04001048856298659,0.05080556991093863,1777476597.658598,5,/Users/kimsumin/projects/RGMC/data/map/robot1/images/0045.png,/Users/kimsumin/projects/RGMC/data/map/robot1/overlays/0045_overlay.png,/Users/kimsumin/projects/RGMC/data/map/robot1/masks/0045_mask.png
46,0.54625,0.03125,,563.2104362703166,292.27512776831344,1,0.0,0.03707399944788454,0.07032823776206065,1777476607.353983,5,/Users/kimsumin/projects/RGMC/data/map/robot1/images/0046.png,/Users/kimsumin/projects/RGMC/data/map/robot1/overlays/0046_overlay.png,/Users/kimsumin/projects/RGMC/data/map/robot1/masks/0046_mask.png
47,0.5175000000000001,0.03125,,563.335593220339,278.4978795589483,1,0.0,0.06434305363847485,0.04978471452991687,1777476617.945806,5,/Users/kimsumin/projects/RGMC/data/map/robot1/images/0047.png,/Users/kimsumin/projects/RGMC/data/map/robot1/overlays/0047_overlay.png,/Users/kimsumin/projects/RGMC/data/map/robot1/masks/0047_mask.png
48,0.48875,0.03125,,563.0957535387178,266.14404662781016,1,0.0,0.2941628850531353,0.044046297155647215,1777476627.5492196,5,/Users/kimsumin/projects/RGMC/data/map/robot1/images/0048.png,/Users/kimsumin/projects/RGMC/data/map/robot1/overlays/0048_overlay.png,/Users/kimsumin/projects/RGMC/data/map/robot1/masks/0048_mask.png
49,0.46,0.03125,,563.53216374269,253.38833333333332,1,0.0,0.01993984351748311,0.02002108585291777,1777476637.1697996,5,/Users/kimsumin/projects/RGMC/data/map/robot1/images/0049.png,/Users/kimsumin/projects/RGMC/data/map/robot1/overlays/0049_overlay.png,/Users/kimsumin/projects/RGMC/data/map/robot1/masks/0049_mask.png
50,0.43125,0.03125,,563.2661087866109,240.82456140350877,1,0.0,0.039322951451460676,0.06534982811662689,1777476646.806506,5,/Users/kimsumin/projects/RGMC/data/map/robot1/images/0050.png,/Users/kimsumin/projects/RGMC/data/map/robot1/overlays/0050_overlay.png,/Users/kimsumin/projects/RGMC/data/map/robot1/masks/0050_mask.png
51,0.4025,0.03125,,563.2466666666667,227.36811352253756,1,0.0,0.04277611355955607,0.2944482567386393,1777476657.115444,5,/Users/kimsumin/projects/RGMC/data/map/robot1/images/0051.png,/Users/kimsumin/projects/RGMC/data/map/robot1/overlays/0051_overlay.png,/Users/kimsumin/projects/RGMC/data/map/robot1/masks/0051_mask.png
52,0.37375,0.03125,,563.3076923076923,214.14708368554523,1,0.0,0.037086463405761445,0.07961742581782974,1777476666.8371675,5,/Users/kimsumin/projects/RGMC/data/map/robot1/images/0052.png,/Users/kimsumin/projects/RGMC/data/map/robot1/overlays/0052_overlay.png,/Users/kimsumin/projects/RGMC/data/map/robot1/masks/0052_mask.png
53,0.34500000000000003,0.03125,,563.446049277825,201.74539363484087,1,0.0,0.033598348178419904,0.05429132532522458,1777476676.4644396,5,/Users/kimsumin/projects/RGMC/data/map/robot1/images/0053.png,/Users/kimsumin/projects/RGMC/data/map/robot1/overlays/0053_overlay.png,/Users/kimsumin/projects/RGMC/data/map/robot1/masks/0053_mask.png
54,0.31625000000000003,0.03125,,563.4356602186712,188.99830938292476,1,0.0,0.03967086950243692,0.046458394087912185,1777476686.1237068,5,/Users/kimsumin/projects/RGMC/data/map/robot1/images/0054.png,/Users/kimsumin/projects/RGMC/data/map/robot1/overlays/0054_overlay.png,/Users/kimsumin/projects/RGMC/data/map/robot1/masks/0054_mask.png
55,0.28750000000000003,0.03125,,563.4877222692634,176.47457627118644,1,0.0,0.05478206358357977,0.20338711543336763,1777476695.7360141,5,/Users/kimsumin/projects/RGMC/data/map/robot1/images/0055.png,/Users/kimsumin/projects/RGMC/data/map/robot1/overlays/0055_overlay.png,/Users/kimsumin/projects/RGMC/data/map/robot1/masks/0055_mask.png
56,0.25875000000000004,0.03125,,563.433962264151,164.073756432247,1,0.0,0.038307451351579036,0.06266493839634457,1777476705.5974295,5,/Users/kimsumin/projects/RGMC/data/map/robot1/images/0056.png,/Users/kimsumin/projects/RGMC/data/map/robot1/overlays/0056_overlay.png,/Users/kimsumin/projects/RGMC/data/map/robot1/masks/0056_mask.png
57,0.23,0.03125,,563.4207836456559,150.27612574341546,1,0.0,0.03015252638185498,0.04692366492378694,1777476716.8041208,5,/Users/kimsumin/projects/RGMC/data/map/robot1/images/0057.png,/Users/kimsumin/projects/RGMC/data/map/robot1/overlays/0057_overlay.png,/Users/kimsumin/projects/RGMC/data/map/robot1/masks/0057_mask.png
58,0.20125,0.03125,,563.4765558397272,137.86661002548854,1,0.0,0.050178119548169954,0.07475848589247452,1777476726.650137,5,/Users/kimsumin/projects/RGMC/data/map/robot1/images/0058.png,/Users/kimsumin/projects/RGMC/data/map/robot1/overlays/0058_overlay.png,/Users/kimsumin/projects/RGMC/data/map/robot1/masks/0058_mask.png
59,0.17250000000000001,0.03125,,563.7668085106383,125.26525423728813,1,0.0,0.028083065352413547,0.0429719326505933,1777476736.3781888,5,/Users/kimsumin/projects/RGMC/data/map/robot1/images/0059.png,/Users/kimsumin/projects/RGMC/data/map/robot1/overlays/0059_overlay.png,/Users/kimsumin/projects/RGMC/data/map/robot1/masks/0059_mask.png
60,0.14375000000000002,0.03125,,563.6290877796902,112.45141874462597,1,0.0,0.031205126303342857,0.018069368318366752,1777476746.6804256,5,/Users/kimsumin/projects/RGMC/data/map/robot1/images/0060.png,/Users/kimsumin/projects/RGMC/data/map/robot1/overlays/0060_overlay.png,/Users/kimsumin/projects/RGMC/data/map/robot1/masks/0060_mask.png
61,0.115,0.03125,,563.6675369886858,99.52304964539007,1,0.0,0.05429070836768223,0.11725351193364128,1777476756.244507,5,/Users/kimsumin/projects/RGMC/data/map/robot1/images/0061.png,/Users/kimsumin/projects/RGMC/data/map/robot1/overlays/0061_overlay.png,/Users/kimsumin/projects/RGMC/data/map/robot1/masks/0061_mask.png
62,0.08625000000000001,0.03125,,563.8170212765957,85.91829787234043,1,0.0,0.07636333640876532,0.09752539440343783,1777476765.8440022,5,/Users/kimsumin/projects/RGMC/data/map/robot1/images/0062.png,/Users/kimsumin/projects/RGMC/data/map/robot1/overlays/0062_overlay.png,/Users/kimsumin/projects/RGMC/data/map/robot1/masks/0062_mask.png
63,0.0575,0.03125,,563.8593350383632,73.5458404074703,1,0.0,0.03570969281414716,0.07754044772887586,1777476776.6680439,5,/Users/kimsumin/projects/RGMC/data/map/robot1/images/0063.png,/Users/kimsumin/projects/RGMC/data/map/robot1/overlays/0063_overlay.png,/Users/kimsumin/projects/RGMC/data/map/robot1/masks/0063_mask.png
64,0.02875,0.03125,,563.9644970414201,61.04233700254022,1,0.0,0.03411819026646191,0.021816377555898808,1777476786.2618065,5,/Users/kimsumin/projects/RGMC/data/map/robot1/images/0064.png,/Users/kimsumin/projects/RGMC/data/map/robot1/overlays/0064_overlay.png,/Users/kimsumin/projects/RGMC/data/map/robot1/masks/0064_mask.png
65,0.0,0.03125,,563.885372112917,48.34435962680237,1,0.0,0.0666501176387591,0.28350531889878705,1777476795.9324114,5,/Users/kimsumin/projects/RGMC/data/map/robot1/images/0065.png,/Users/kimsumin/projects/RGMC/data/map/robot1/overlays/0065_overlay.png,/Users/kimsumin/projects/RGMC/data/map/robot1/masks/0065_mask.png
66,0.0,0.0625,,550.4957912457912,47.58102434928632,1,0.0,0.3906805361529736,0.11928620155068975,1777476805.4933274,5,/Users/kimsumin/projects/RGMC/data/map/robot1/images/0066.png,/Users/kimsumin/projects/RGMC/data/map/robot1/overlays/0066_overlay.png,/Users/kimsumin/projects/RGMC/data/map/robot1/masks/0066_mask.png
67,0.02875,0.0625,,549.5280991735538,60.756218905472636,1,0.0,0.056430478125969276,0.07777932520662816,1777476815.9353154,5,/Users/kimsumin/projects/RGMC/data/map/robot1/images/0067.png,/Users/kimsumin/projects/RGMC/data/map/robot1/overlays/0067_overlay.png,/Users/kimsumin/projects/RGMC/data/map/robot1/masks/0067_mask.png
68,0.0575,0.0625,,549.5895953757225,73.41126997476871,1,0.0,0.09231084878988378,0.051827521531601646,1777476825.5437326,5,/Users/kimsumin/projects/RGMC/data/map/robot1/images/0068.png,/Users/kimsumin/projects/RGMC/data/map/robot1/overlays/0068_overlay.png,/Users/kimsumin/projects/RGMC/data/map/robot1/masks/0068_mask.png
69,0.08625000000000001,0.0625,,549.4884868421053,85.69641367806506,1,0.0,0.07295932702098815,0.040585503323952284,1777476836.7906432,5,/Users/kimsumin/projects/RGMC/data/map/robot1/images/0069.png,/Users/kimsumin/projects/RGMC/data/map/robot1/overlays/0069_overlay.png,/Users/kimsumin/projects/RGMC/data/map/robot1/masks/0069_mask.png
70,0.115,0.0625,,549.3817733990148,98.59574468085107,1,0.0,0.04234895525138174,0.4748790510092601,1777476847.6187587,5,/Users/kimsumin/projects/RGMC/data/map/robot1/images/0070.png,/Users/kimsumin/projects/RGMC/data/map/robot1/overlays/0070_overlay.png,/Users/kimsumin/projects/RGMC/data/map/robot1/masks/0070_mask.png
71,0.14375000000000002,0.0625,,549.5401521555368,111.91885038038885,1,0.0,0.04029112800128592,0.031248814871093194,1777476857.1199384,5,/Users/kimsumin/projects/RGMC/data/map/robot1/images/0071.png,/Users/kimsumin/projects/RGMC/data/map/robot1/overlays/0071_overlay.png,/Users/kimsumin/projects/RGMC/data/map/robot1/masks/0071_mask.png
72,0.17250000000000001,0.0625,,548.4508928571429,124.95563442768412,1,0.0,0.07403322224573505,0.07990664526368296,1777476866.7392793,5,/Users/kimsumin/projects/RGMC/data/map/robot1/images/0072.png,/Users/kimsumin/projects/RGMC/data/map/robot1/overlays/0072_overlay.png,/Users/kimsumin/projects/RGMC/data/map/robot1/masks/0072_mask.png
73,0.20125,0.0625,,549.0025531914894,137.73119188503804,1,0.0,0.16347387727763657,0.025044134386857625,1777476876.3884256,5,/Users/kimsumin/projects/RGMC/data/map/robot1/images/0073.png,/Users/kimsumin/projects/RGMC/data/map/robot1/overlays/0073_overlay.png,/Users/kimsumin/projects/RGMC/data/map/robot1/masks/0073_mask.png
74,0.23,0.0625,,548.4768153980752,150.14934497816594,1,0.0,0.08279954752136354,0.046463695162451746,1777476886.0251434,5,/Users/kimsumin/projects/RGMC/data/map/robot1/images/0074.png,/Users/kimsumin/projects/RGMC/data/map/robot1/overlays/0074_overlay.png,/Users/kimsumin/projects/RGMC/data/map/robot1/masks/0074_mask.png
75,0.25875000000000004,0.0625,,548.3729683490162,162.94307561597282,1,0.0,0.10075399208891946,0.16613140226678186,1777476896.6265066,5,/Users/kimsumin/projects/RGMC/data/map/robot1/images/0075.png,/Users/kimsumin/projects/RGMC/data/map/robot1/overlays/0075_overlay.png,/Users/kimsumin/projects/RGMC/data/map/robot1/masks/0075_mask.png
76,0.28750000000000003,0.0625,,548.1561668145519,176.39396628216505,1,0.0,0.21879800369076297,0.07384247342948994,1777476906.3065836,5,/Users/kimsumin/projects/RGMC/data/map/robot1/images/0076.png,/Users/kimsumin/projects/RGMC/data/map/robot1/overlays/0076_overlay.png,/Users/kimsumin/projects/RGMC/data/map/robot1/masks/0076_mask.png
77,0.31625000000000003,0.0625,,548.4487847222222,189.08767361111111,1,0.0,0.020686630842600834,0.04272311593102254,1777476917.0364404,5,/Users/kimsumin/projects/RGMC/data/map/robot1/images/0077.png,/Users/kimsumin/projects/RGMC/data/map/robot1/overlays/0077_overlay.png,/Users/kimsumin/projects/RGMC/data/map/robot1/masks/0077_mask.png
78,0.34500000000000003,0.0625,,549.0715474209651,201.53349875930522,1,0.0,0.07625605713316312,0.03836597010304187,1777476926.6134808,5,/Users/kimsumin/projects/RGMC/data/map/robot1/images/0078.png,/Users/kimsumin/projects/RGMC/data/map/robot1/overlays/0078_overlay.png,/Users/kimsumin/projects/RGMC/data/map/robot1/masks/0078_mask.png
79,0.37375,0.0625,,548.8095238095239,214.02874049027895,1,0.0,0.13996271221354553,0.037145169164625104,1777476936.1704917,5,/Users/kimsumin/projects/RGMC/data/map/robot1/images/0079.png,/Users/kimsumin/projects/RGMC/data/map/robot1/overlays/0079_overlay.png,/Users/kimsumin/projects/RGMC/data/map/robot1/masks/0079_mask.png
80,0.4025,0.0625,,549.1130363036303,227.03547854785478,1,0.0,0.016963111490203964,0.10062620774243726,1777476945.7457104,5,/Users/kimsumin/projects/RGMC/data/map/robot1/images/0080.png,/Users/kimsumin/projects/RGMC/data/map/robot1/overlays/0080_overlay.png,/Users/kimsumin/projects/RGMC/data/map/robot1/masks/0080_mask.png
81,0.43125,0.0625,,548.9041204437401,240.58934426229507,1,0.0,0.07236795597453878,0.2283490107720818,1777476955.4135635,5,/Users/kimsumin/projects/RGMC/data/map/robot1/images/0081.png,/Users/kimsumin/projects/RGMC/data/map/robot1/overlays/0081_overlay.png,/Users/kimsumin/projects/RGMC/data/map/robot1/masks/0081_mask.png
82,0.46,0.0625,,548.6902953586498,253.09535655058042,1,0.0,0.22722561181476233,0.0441356765646144,1777476964.976278,5,/Users/kimsumin/projects/RGMC/data/map/robot1/images/0082.png,/Users/kimsumin/projects/RGMC/data/map/robot1/overlays/0082_overlay.png,/Users/kimsumin/projects/RGMC/data/map/robot1/masks/0082_mask.png
83,0.48875,0.0625,,548.6669401148482,266.05906480721904,1,0.0,0.09865022985884686,0.060418774522369365,1777476974.7224138,5,/Users/kimsumin/projects/RGMC/data/map/robot1/images/0083.png,/Users/kimsumin/projects/RGMC/data/map/robot1/overlays/0083_overlay.png,/Users/kimsumin/projects/RGMC/data/map/robot1/masks/0083_mask.png
84,0.5175000000000001,0.0625,,548.4450127877238,278.2671821305842,1,0.0,0.14492598331959253,0.0772381092320798,1777476984.3169937,5,/Users/kimsumin/projects/RGMC/data/map/robot1/images/0084.png,/Users/kimsumin/projects/RGMC/data/map/robot1/overlays/0084_overlay.png,/Users/kimsumin/projects/RGMC/data/map/robot1/masks/0084_mask.png
85,0.54625,0.0625,,548.3508474576271,291.1177966101695,1,0.0,0.15987341799850524,0.13764722456278491,1777476993.8610477,5,/Users/kimsumin/projects/RGMC/data/map/robot1/images/0085.png,/Users/kimsumin/projects/RGMC/data/map/robot1/overlays/0085_overlay.png,/Users/kimsumin/projects/RGMC/data/map/robot1/masks/0085_mask.png
86,0.5750000000000001,0.0625,,548.6736053288926,304.759367194005,1,0.0,0.06919214331414894,0.04850946432806249,1777477004.1422365,5,/Users/kimsumin/projects/RGMC/data/map/robot1/images/0086.png,/Users/kimsumin/projects/RGMC/data/map/robot1/overlays/0086_overlay.png,/Users/kimsumin/projects/RGMC/data/map/robot1/masks/0086_mask.png
87,0.60375,0.0625,,548.0644329896908,317.2912371134021,1,0.0,0.11852701098327721,0.043810833353409406,1777477014.7971704,5,/Users/kimsumin/projects/RGMC/data/map/robot1/images/0087.png,/Users/kimsumin/projects/RGMC/data/map/robot1/overlays/0087_overlay.png,/Users/kimsumin/projects/RGMC/data/map/robot1/masks/0087_mask.png
88,0.6325000000000001,0.0625,,548.6761594792514,330.20227457351746,1,0.0,0.10108984161101917,0.05185976850756922,1777477026.2555454,5,/Users/kimsumin/projects/RGMC/data/map/robot1/images/0088.png,/Users/kimsumin/projects/RGMC/data/map/robot1/overlays/0088_overlay.png,/Users/kimsumin/projects/RGMC/data/map/robot1/masks/0088_mask.png
89,0.66125,0.0625,,548.5369908561928,342.6633416458853,1,0.0,0.05048562575904461,0.0607635779360865,1777477035.7040083,5,/Users/kimsumin/projects/RGMC/data/map/robot1/images/0089.png,/Users/kimsumin/projects/RGMC/data/map/robot1/overlays/0089_overlay.png,/Users/kimsumin/projects/RGMC/data/map/robot1/masks/0089_mask.png
90,0.6900000000000001,0.0625,,547.6472694717995,356.47457627118644,1,0.0,0.1835441375003508,0.05467339509978718,1777477045.2206142,5,/Users/kimsumin/projects/RGMC/data/map/robot1/images/0090.png,/Users/kimsumin/projects/RGMC/data/map/robot1/overlays/0090_overlay.png,/Users/kimsumin/projects/RGMC/data/map/robot1/masks/0090_mask.png
91,0.71875,0.0625,,548.2330180567498,368.9904513888889,1,0.0,0.06652525460490483,0.04553375026725416,1777477054.7221239,5,/Users/kimsumin/projects/RGMC/data/map/robot1/images/0091.png,/Users/kimsumin/projects/RGMC/data/map/robot1/overlays/0091_overlay.png,/Users/kimsumin/projects/RGMC/data/map/robot1/masks/0091_mask.png
92,0.7475,0.0625,,548.0103986135182,381.43327556325823,1,0.0,0.03276643958250999,0.07224738665942831,1777477065.1989105,5,/Users/kimsumin/projects/RGMC/data/map/robot1/images/0092.png,/Users/kimsumin/projects/RGMC/data/map/robot1/overlays/0092_overlay.png,/Users/kimsumin/projects/RGMC/data/map/robot1/masks/0092_mask.png
93,0.77625,0.0625,,548.0666089965398,394.40263157894736,1,0.0,0.16970770805975463,0.06562919213310514,1777477074.8376496,5,/Users/kimsumin/projects/RGMC/data/map/robot1/images/0093.png,/Users/kimsumin/projects/RGMC/data/map/robot1/overlays/0093_overlay.png,/Users/kimsumin/projects/RGMC/data/map/robot1/masks/0093_mask.png
94,0.805,0.0625,,547.7843833185448,406.76725663716815,1,0.0,0.1847017572832226,0.2982426821527792,1777477084.4668837,5,/Users/kimsumin/projects/RGMC/data/map/robot1/images/0094.png,/Users/kimsumin/projects/RGMC/data/map/robot1/overlays/0094_overlay.png,/Users/kimsumin/projects/RGMC/data/map/robot1/masks/0094_mask.png
95,0.83375,0.0625,,548.2289679098005,420.6469565217391,1,0.0,0.057651914035946224,0.062122600469750586,1777477094.0878856,5,/Users/kimsumin/projects/RGMC/data/map/robot1/images/0095.png,/Users/kimsumin/projects/RGMC/data/map/robot1/overlays/0095_overlay.png,/Users/kimsumin/projects/RGMC/data/map/robot1/masks/0095_mask.png
96,0.8625,0.0625,,548.6854499579479,433.44568006843457,1,0.0,0.02756951910112386,0.04393426684155941,1777477103.6937916,5,/Users/kimsumin/projects/RGMC/data/map/robot1/images/0096.png,/Users/kimsumin/projects/RGMC/data/map/robot1/overlays/0096_overlay.png,/Users/kimsumin/projects/RGMC/data/map/robot1/masks/0096_mask.png
97,0.89125,0.0625,,548.3713550600343,445.6903114186851,1,0.0,0.188020558431052,0.045562959565393586,1777477113.1934865,5,/Users/kimsumin/projects/RGMC/data/map/robot1/images/0097.png,/Users/kimsumin/projects/RGMC/data/map/robot1/overlays/0097_overlay.png,/Users/kimsumin/projects/RGMC/data/map/robot1/masks/0097_mask.png
98,0.92,0.0625,,548.4536878216123,458.3713550600343,1,0.0,0.041621000790390175,0.06346160722944193,1777477122.7440426,5,/Users/kimsumin/projects/RGMC/data/map/robot1/images/0098.png,/Users/kimsumin/projects/RGMC/data/map/robot1/overlays/0098_overlay.png,/Users/kimsumin/projects/RGMC/data/map/robot1/masks/0098_mask.png
99,0.92,0.09375,,535.3228782287823,459.3030303030303,1,0.0,0.04182004547392342,0.03501270275810959,1777477132.964635,5,/Users/kimsumin/projects/RGMC/data/map/robot1/images/0099.png,/Users/kimsumin/projects/RGMC/data/map/robot1/overlays/0099_overlay.png,/Users/kimsumin/projects/RGMC/data/map/robot1/masks/0099_mask.png
100,0.89125,0.09375,,535.0657318141981,446.23663453111305,1,0.0,0.038617428332919104,0.03884164908413191,1777477142.5770733,5,/Users/kimsumin/projects/RGMC/data/map/robot1/images/0100.png,/Users/kimsumin/projects/RGMC/data/map/robot1/overlays/0100_overlay.png,/Users/kimsumin/projects/RGMC/data/map/robot1/masks/0100_mask.png
101,0.8625,0.09375,,535.1706896551724,433.58103448275864,1,0.0,0.062389020886763215,0.026254116379024493,1777477152.1424546,5,/Users/kimsumin/projects/RGMC/data/map/robot1/images/0101.png,/Users/kimsumin/projects/RGMC/data/map/robot1/overlays/0101_overlay.png,/Users/kimsumin/projects/RGMC/data/map/robot1/masks/0101_mask.png
102,0.83375,0.09375,,535.0070052539404,420.74340949033393,1,0.0,0.02201769198799319,0.03432632648410965,1777477162.9362113,5,/Users/kimsumin/projects/RGMC/data/map/robot1/images/0102.png,/Users/kimsumin/projects/RGMC/data/map/robot1/overlays/0102_overlay.png,/Users/kimsumin/projects/RGMC/data/map/robot1/masks/0102_mask.png
103,0.805,0.09375,,534.8046804680469,407.8291366906475,1,0.0,0.042393934290999205,0.29716818363227043,1777477172.7377753,5,/Users/kimsumin/projects/RGMC/data/map/robot1/images/0103.png,/Users/kimsumin/projects/RGMC/data/map/robot1/overlays/0103_overlay.png,/Users/kimsumin/projects/RGMC/data/map/robot1/masks/0103_mask.png
104,0.77625,0.09375,,534.8299817184643,395.45345622119817,1,0.0,0.049320479620843106,0.3931749008248084,1777477182.2902265,5,/Users/kimsumin/projects/RGMC/data/map/robot1/images/0104.png,/Users/kimsumin/projects/RGMC/data/map/robot1/overlays/0104_overlay.png,/Users/kimsumin/projects/RGMC/data/map/robot1/masks/0104_mask.png
105,0.7475,0.09375,,534.5124777183601,381.8587921847247,1,0.0,0.17579237634927883,0.03791300641729348,1777477191.797208,5,/Users/kimsumin/projects/RGMC/data/map/robot1/images/0105.png,/Users/kimsumin/projects/RGMC/data/map/robot1/overlays/0105_overlay.png,/Users/kimsumin/projects/RGMC/data/map/robot1/masks/0105_mask.png
106,0.71875,0.09375,,534.0931989924434,368.9932829554996,1,0.0,0.0520961539143994,0.029247253155093928,1777477201.4951508,5,/Users/kimsumin/projects/RGMC/data/map/robot1/images/0106.png,/Users/kimsumin/projects/RGMC/data/map/robot1/overlays/0106_overlay.png,/Users/kimsumin/projects/RGMC/data/map/robot1/masks/0106_mask.png
107,0.6900000000000001,0.09375,,534.8012367491166,356.4690812720848,1,0.0,0.03359018580933379,0.03818649678054479,1777477211.0651832,5,/Users/kimsumin/projects/RGMC/data/map/robot1/images/0107.png,/Users/kimsumin/projects/RGMC/data/map/robot1/overlays/0107_overlay.png,/Users/kimsumin/projects/RGMC/data/map/robot1/masks/0107_mask.png
108,0.66125,0.09375,,534.7879310344828,342.6086206896552,1,0.0,0.06529085755935508,0.07272749879413688,1777477220.6500719,5,/Users/kimsumin/projects/RGMC/data/map/robot1/images/0108.png,/Users/kimsumin/projects/RGMC/data/map/robot1/overlays/0108_overlay.png,/Users/kimsumin/projects/RGMC/data/map/robot1/masks/0108_mask.png
109,0.6325000000000001,0.09375,,534.7630008525149,330.26683716965044,1,0.0,0.038310482883187044,0.05477991377008827,1777477231.266665,5,/Users/kimsumin/projects/RGMC/data/map/robot1/images/0109.png,/Users/kimsumin/projects/RGMC/data/map/robot1/overlays/0109_overlay.png,/Users/kimsumin/projects/RGMC/data/map/robot1/masks/0109_mask.png
110,0.60375,0.09375,,534.8307426597582,317.4421416234888,1,0.0,0.04751187605736764,0.03864829210018147,1777477240.856958,5,/Users/kimsumin/projects/RGMC/data/map/robot1/images/0110.png,/Users/kimsumin/projects/RGMC/data/map/robot1/overlays/0110_overlay.png,/Users/kimsumin/projects/RGMC/data/map/robot1/masks/0110_mask.png
111,0.5750000000000001,0.09375,,534.9104991394148,304.5940766550523,1,0.0,0.07185068517978863,0.04362241487756414,1777477250.465114,5,/Users/kimsumin/projects/RGMC/data/map/robot1/images/0111.png,/Users/kimsumin/projects/RGMC/data/map/robot1/overlays/0111_overlay.png,/Users/kimsumin/projects/RGMC/data/map/robot1/masks/0111_mask.png
112,0.54625,0.09375,,534.8365627632687,291.08227311280746,1,0.0,0.05711107115637393,0.11067798385722856,1777477260.0319324,5,/Users/kimsumin/projects/RGMC/data/map/robot1/images/0112.png,/Users/kimsumin/projects/RGMC/data/map/robot1/overlays/0112_overlay.png,/Users/kimsumin/projects/RGMC/data/map/robot1/masks/0112_mask.png
113,0.5175000000000001,0.09375,,535.0629787234043,278.34358974358975,1,0.0,0.044927085630292275,0.028239534022716162,1777477269.544198,5,/Users/kimsumin/projects/RGMC/data/map/robot1/images/0113.png,/Users/kimsumin/projects/RGMC/data/map/robot1/overlays/0113_overlay.png,/Users/kimsumin/projects/RGMC/data/map/robot1/masks/0113_mask.png
114,0.48875,0.09375,,535.0058381984987,265.8543046357616,1,0.0,0.045722773388173356,0.05489169541457939,1777477279.0419915,5,/Users/kimsumin/projects/RGMC/data/map/robot1/images/0114.png,/Users/kimsumin/projects/RGMC/data/map/robot1/overlays/0114_overlay.png,/Users/kimsumin/projects/RGMC/data/map/robot1/masks/0114_mask.png
115,0.46,0.09375,,535.0323129251701,253.16596104995767,1,0.0,0.06077762230759329,0.07428892898541026,1777477288.5939255,5,/Users/kimsumin/projects/RGMC/data/map/robot1/images/0115.png,/Users/kimsumin/projects/RGMC/data/map/robot1/overlays/0115_overlay.png,/Users/kimsumin/projects/RGMC/data/map/robot1/masks/0115_mask.png
116,0.43125,0.09375,,535.1392712550607,240.54773869346732,1,0.0,0.03200746009537057,0.3725800093742326,1777477298.190254,5,/Users/kimsumin/projects/RGMC/data/map/robot1/images/0116.png,/Users/kimsumin/projects/RGMC/data/map/robot1/overlays/0116_overlay.png,/Users/kimsumin/projects/RGMC/data/map/robot1/masks/0116_mask.png
117,0.4025,0.09375,,535.0598591549295,227.784021071115,1,0.0,0.02855053135863791,0.06110018479293255,1777477307.7718472,5,/Users/kimsumin/projects/RGMC/data/map/robot1/images/0117.png,/Users/kimsumin/projects/RGMC/data/map/robot1/overlays/0117_overlay.png,/Users/kimsumin/projects/RGMC/data/map/robot1/masks/0117_mask.png
118,0.37375,0.09375,,534.9055793991416,214.1242450388266,1,0.0,0.03704228044960707,0.191640580189135,1777477317.9968534,5,/Users/kimsumin/projects/RGMC/data/map/robot1/images/0118.png,/Users/kimsumin/projects/RGMC/data/map/robot1/overlays/0118_overlay.png,/Users/kimsumin/projects/RGMC/data/map/robot1/masks/0118_mask.png
119,0.34500000000000003,0.09375,,535.1632302405499,201.59342560553634,1,0.0,0.046288447834969375,0.06807849028049538,1777477327.621837,5,/Users/kimsumin/projects/RGMC/data/map/robot1/images/0119.png,/Users/kimsumin/projects/RGMC/data/map/robot1/overlays/0119_overlay.png,/Users/kimsumin/projects/RGMC/data/map/robot1/masks/0119_mask.png
120,0.31625000000000003,0.09375,,535.1185121107267,189.07445887445888,1,0.0,0.11087442797719096,0.05762087255347243,1777477337.3333879,5,/Users/kimsumin/projects/RGMC/data/map/robot1/images/0120.png,/Users/kimsumin/projects/RGMC/data/map/robot1/overlays/0120_overlay.png,/Users/kimsumin/projects/RGMC/data/map/robot1/masks/0120_mask.png
121,0.28750000000000003,0.09375,,535.2282986111111,176.37889273356402,1,0.0,0.032829607076254555,0.0743246857956793,1777477347.0207274,5,/Users/kimsumin/projects/RGMC/data/map/robot1/images/0121.png,/Users/kimsumin/projects/RGMC/data/map/robot1/overlays/0121_overlay.png,/Users/kimsumin/projects/RGMC/data/map/robot1/masks/0121_mask.png
122,0.25875000000000004,0.09375,,535.3501326259947,163.60389036251107,1,0.0,0.030178576351188983,0.06692247608204815,1777477356.614342,5,/Users/kimsumin/projects/RGMC/data/map/robot1/images/0122.png,/Users/kimsumin/projects/RGMC/data/map/robot1/overlays/0122_overlay.png,/Users/kimsumin/projects/RGMC/data/map/robot1/masks/0122_mask.png
123,0.23,0.09375,,535.411914893617,150.08425531914892,1,0.0,0.011527791331527006,0.009738833188258815,1777477366.1909983,5,/Users/kimsumin/projects/RGMC/data/map/robot1/images/0123.png,/Users/kimsumin/projects/RGMC/data/map/robot1/overlays/0123_overlay.png,/Users/kimsumin/projects/RGMC/data/map/robot1/masks/0123_mask.png
124,0.20125,0.09375,,535.3809523809524,137.4100169779287,1,0.0,0.02431138689463255,0.04444064727564365,1777477375.7223914,5,/Users/kimsumin/projects/RGMC/data/map/robot1/images/0124.png,/Users/kimsumin/projects/RGMC/data/map/robot1/overlays/0124_overlay.png,/Users/kimsumin/projects/RGMC/data/map/robot1/masks/0124_mask.png
125,0.17250000000000001,0.09375,,535.3741258741259,124.88636363636364,1,0.0,0.06403068385546863,0.0551142271678302,1777477385.3825953,5,/Users/kimsumin/projects/RGMC/data/map/robot1/images/0125.png,/Users/kimsumin/projects/RGMC/data/map/robot1/overlays/0125_overlay.png,/Users/kimsumin/projects/RGMC/data/map/robot1/masks/0125_mask.png
126,0.14375000000000002,0.09375,,535.5429787234043,112.2468085106383,1,0.0,0.026785707390929545,0.07895490672971432,1777477395.6538885,5,/Users/kimsumin/projects/RGMC/data/map/robot1/images/0126.png,/Users/kimsumin/projects/RGMC/data/map/robot1/overlays/0126_overlay.png,/Users/kimsumin/projects/RGMC/data/map/robot1/masks/0126_mask.png
127,0.115,0.09375,,535.5244444444445,99.30284191829485,1,0.0,0.0508500359271052,0.08855853239171951,1777477405.3450394,5,/Users/kimsumin/projects/RGMC/data/map/robot1/images/0127.png,/Users/kimsumin/projects/RGMC/data/map/robot1/overlays/0127_overlay.png,/Users/kimsumin/projects/RGMC/data/map/robot1/masks/0127_mask.png
128,0.08625000000000001,0.09375,,535.4919011082694,85.7374681393373,1,0.0,0.024388268079165987,0.06138198728866085,1777477414.8495765,5,/Users/kimsumin/projects/RGMC/data/map/robot1/images/0128.png,/Users/kimsumin/projects/RGMC/data/map/robot1/overlays/0128_overlay.png,/Users/kimsumin/projects/RGMC/data/map/robot1/masks/0128_mask.png
129,0.0575,0.09375,,535.5182291666666,73.29921942758023,1,0.0,0.03043052238384022,0.026381885237057003,1777477425.0506153,5,/Users/kimsumin/projects/RGMC/data/map/robot1/images/0129.png,/Users/kimsumin/projects/RGMC/data/map/robot1/overlays/0129_overlay.png,/Users/kimsumin/projects/RGMC/data/map/robot1/masks/0129_mask.png
130,0.02875,0.09375,,535.4747386759582,60.461672473867594,1,0.0,0.02153158348286036,0.07740224372572582,1777477434.532889,5,/Users/kimsumin/projects/RGMC/data/map/robot1/images/0130.png,/Users/kimsumin/projects/RGMC/data/map/robot1/overlays/0130_overlay.png,/Users/kimsumin/projects/RGMC/data/map/robot1/masks/0130_mask.png
131,0.0,0.09375,,535.6785714285714,47.269579554822755,1,0.0,0.03701883864708666,0.07071013655132789,1777477444.1001852,5,/Users/kimsumin/projects/RGMC/data/map/robot1/images/0131.png,/Users/kimsumin/projects/RGMC/data/map/robot1/overlays/0131_overlay.png,/Users/kimsumin/projects/RGMC/data/map/robot1/masks/0131_mask.png
132,0.0,0.125,,520.5717863105175,47.095993322203675,1,0.0,0.06754591082793968,0.06823809676949956,1777477453.707482,5,/Users/kimsumin/projects/RGMC/data/map/robot1/images/0132.png,/Users/kimsumin/projects/RGMC/data/map/robot1/overlays/0132_overlay.png,/Users/kimsumin/projects/RGMC/data/map/robot1/masks/0132_mask.png
133,0.02875,0.125,,520.4568221070812,60.15944540727903,1,0.0,0.0636755233230188,0.06097832528790861,1777477463.2816708,5,/Users/kimsumin/projects/RGMC/data/map/robot1/images/0133.png,/Users/kimsumin/projects/RGMC/data/map/robot1/overlays/0133_overlay.png,/Users/kimsumin/projects/RGMC/data/map/robot1/masks/0133_mask.png
134,0.0575,0.125,,520.4699215344376,73.08616187989556,1,0.0,0.046396536752317454,0.07827883491769762,1777477474.8454828,5,/Users/kimsumin/projects/RGMC/data/map/robot1/images/0134.png,/Users/kimsumin/projects/RGMC/data/map/robot1/overlays/0134_overlay.png,/Users/kimsumin/projects/RGMC/data/map/robot1/masks/0134_mask.png
135,0.08625000000000001,0.125,,520.590717299578,85.72198820556024,1,0.0,0.05455046237316098,0.08705787460587122,1777477485.3715038,5,/Users/kimsumin/projects/RGMC/data/map/robot1/images/0135.png,/Users/kimsumin/projects/RGMC/data/map/robot1/overlays/0135_overlay.png,/Users/kimsumin/projects/RGMC/data/map/robot1/masks/0135_mask.png
136,0.115,0.125,,520.5079764903443,98.45408593091828,1,0.0,0.274423904526908,0.1211031559437706,1777477494.9586112,5,/Users/kimsumin/projects/RGMC/data/map/robot1/images/0136.png,/Users/kimsumin/projects/RGMC/data/map/robot1/overlays/0136_overlay.png,/Users/kimsumin/projects/RGMC/data/map/robot1/masks/0136_mask.png
137,0.14375000000000002,0.125,,520.4406224406224,111.3005733005733,1,0.0,0.04727322522585649,0.08514977997061243,1777477504.5685956,5,/Users/kimsumin/projects/RGMC/data/map/robot1/images/0137.png,/Users/kimsumin/projects/RGMC/data/map/robot1/overlays/0137_overlay.png,/Users/kimsumin/projects/RGMC/data/map/robot1/masks/0137_mask.png
138,0.17250000000000001,0.125,,520.4778837814397,124.60569456427955,1,0.0,0.09684445333402904,0.08725430201258141,1777477514.133971,5,/Users/kimsumin/projects/RGMC/data/map/robot1/images/0138.png,/Users/kimsumin/projects/RGMC/data/map/robot1/overlays/0138_overlay.png,/Users/kimsumin/projects/RGMC/data/map/robot1/masks/0138_mask.png
139,0.20125,0.125,,520.4844827586207,137.07155172413792,1,0.0,0.045703765510931194,0.058406662892748464,1777477523.8096218,5,/Users/kimsumin/projects/RGMC/data/map/robot1/images/0139.png,/Users/kimsumin/projects/RGMC/data/map/robot1/overlays/0139_overlay.png,/Users/kimsumin/projects/RGMC/data/map/robot1/masks/0139_mask.png
140,0.23,0.125,,520.5287162162163,149.7281879194631,1,0.0,0.10279238017247722,0.056584281329220595,1777477533.322855,5,/Users/kimsumin/projects/RGMC/data/map/robot1/images/0140.png,/Users/kimsumin/projects/RGMC/data/map/robot1/overlays/0140_overlay.png,/Users/kimsumin/projects/RGMC/data/map/robot1/masks/0140_mask.png
141,0.25875000000000004,0.125,,520.48158131177,163.24820143884892,1,0.0,0.05423270131326168,0.04768684113744536,1777477543.0521603,5,/Users/kimsumin/projects/RGMC/data/map/robot1/images/0141.png,/Users/kimsumin/projects/RGMC/data/map/robot1/overlays/0141_overlay.png,/Users/kimsumin/projects/RGMC/data/map/robot1/masks/0141_mask.png
142,0.28750000000000003,0.125,,520.2537313432836,175.31923714759535,1,0.0,0.027059915551984264,0.011295253944944328,1777477553.2730308,5,/Users/kimsumin/projects/RGMC/data/map/robot1/images/0142.png,/Users/kimsumin/projects/RGMC/data/map/robot1/overlays/0142_overlay.png,/Users/kimsumin/projects/RGMC/data/map/robot1/masks/0142_mask.png
143,0.31625000000000003,0.125,,520.2772612003381,188.88150042625745,1,0.0,0.04044285538704227,0.06294947613466308,1777477562.786618,5,/Users/kimsumin/projects/RGMC/data/map/robot1/images/0143.png,/Users/kimsumin/projects/RGMC/data/map/robot1/overlays/0143_overlay.png,/Users/kimsumin/projects/RGMC/data/map/robot1/masks/0143_mask.png
144,0.34500000000000003,0.125,,520.2632933104632,201.1389599317988,1,0.0,0.04423303762566768,0.022592292758327952,1777477572.4049995,5,/Users/kimsumin/projects/RGMC/data/map/robot1/images/0144.png,/Users/kimsumin/projects/RGMC/data/map/robot1/overlays/0144_overlay.png,/Users/kimsumin/projects/RGMC/data/map/robot1/masks/0144_mask.png
145,0.37375,0.125,,520.2694256756756,214.12267343485618,1,0.0,0.024681439366751722,0.0537172221155537,1777477582.0767727,5,/Users/kimsumin/projects/RGMC/data/map/robot1/images/0145.png,/Users/kimsumin/projects/RGMC/data/map/robot1/overlays/0145_overlay.png,/Users/kimsumin/projects/RGMC/data/map/robot1/masks/0145_mask.png
146,0.4025,0.125,,520.2475,226.66276150627615,1,0.0,0.01162638421288757,0.10644071385976572,1777477591.6581478,5,/Users/kimsumin/projects/RGMC/data/map/robot1/images/0146.png,/Users/kimsumin/projects/RGMC/data/map/robot1/overlays/0146_overlay.png,/Users/kimsumin/projects/RGMC/data/map/robot1/masks/0146_mask.png
147,0.43125,0.125,,520.0651996740016,239.85900570497148,1,0.0,0.26324830909897423,0.05924215403459816,1777477601.1956089,5,/Users/kimsumin/projects/RGMC/data/map/robot1/images/0147.png,/Users/kimsumin/projects/RGMC/data/map/robot1/overlays/0147_overlay.png,/Users/kimsumin/projects/RGMC/data/map/robot1/masks/0147_mask.png
148,0.46,0.125,,520.1551433389544,252.81764206955046,1,0.0,0.038323146853645844,0.07096603462317125,1777477610.7373178,5,/Users/kimsumin/projects/RGMC/data/map/robot1/images/0148.png,/Users/kimsumin/projects/RGMC/data/map/robot1/overlays/0148_overlay.png,/Users/kimsumin/projects/RGMC/data/map/robot1/masks/0148_mask.png
149,0.48875,0.125,,520.6283400809716,265.7408906882591,1,0.0,0.06012181998016394,0.02508410698332566,1777477620.3991895,5,/Users/kimsumin/projects/RGMC/data/map/robot1/images/0149.png,/Users/kimsumin/projects/RGMC/data/map/robot1/overlays/0149_overlay.png,/Users/kimsumin/projects/RGMC/data/map/robot1/masks/0149_mask.png
150,0.5175000000000001,0.125,,520.1274426508071,278.23813559322036,1,0.0,0.08028967040139917,0.0492836776903654,1777477629.9669268,5,/Users/kimsumin/projects/RGMC/data/map/robot1/images/0150.png,/Users/kimsumin/projects/RGMC/data/map/robot1/overlays/0150_overlay.png,/Users/kimsumin/projects/RGMC/data/map/robot1/masks/0150_mask.png
151,0.54625,0.125,,520.0827759197324,290.69449081803003,1,0.0,0.05095335345034072,0.09136726967078224,1777477639.5696626,5,/Users/kimsumin/projects/RGMC/data/map/robot1/images/0151.png,/Users/kimsumin/projects/RGMC/data/map/robot1/overlays/0151_overlay.png,/Users/kimsumin/projects/RGMC/data/map/robot1/masks/0151_mask.png
152,0.5750000000000001,0.125,,520.0852514919011,304.49616368286445,1,0.0,0.03417310089916929,0.324101526242709,1777477649.1245506,5,/Users/kimsumin/projects/RGMC/data/map/robot1/images/0152.png,/Users/kimsumin/projects/RGMC/data/map/robot1/overlays/0152_overlay.png,/Users/kimsumin/projects/RGMC/data/map/robot1/masks/0152_mask.png
153,0.60375,0.125,,519.928448275862,317.0315699658703,1,0.0,0.018041903320409055,0.08895293525010997,1777477658.626209,5,/Users/kimsumin/projects/RGMC/data/map/robot1/images/0153.png,/Users/kimsumin/projects/RGMC/data/map/robot1/overlays/0153_overlay.png,/Users/kimsumin/projects/RGMC/data/map/robot1/masks/0153_mask.png
154,0.6325000000000001,0.125,,519.9822485207101,329.8054375531011,1,0.0,0.03499809361076344,0.044347507661687796,1777477668.2359,5,/Users/kimsumin/projects/RGMC/data/map/robot1/images/0154.png,/Users/kimsumin/projects/RGMC/data/map/robot1/overlays/0154_overlay.png,/Users/kimsumin/projects/RGMC/data/map/robot1/masks/0154_mask.png
155,0.66125,0.125,,519.9012658227848,342.3394957983193,1,0.0,0.04281736601697708,0.054801071298295125,1777477677.8648162,5,/Users/kimsumin/projects/RGMC/data/map/robot1/images/0155.png,/Users/kimsumin/projects/RGMC/data/map/robot1/overlays/0155_overlay.png,/Users/kimsumin/projects/RGMC/data/map/robot1/masks/0155_mask.png
156,0.6900000000000001,0.125,,519.9823165340407,355.803730017762,1,0.0,0.04458657276087646,0.050072321458485856,1777477687.370195,5,/Users/kimsumin/projects/RGMC/data/map/robot1/images/0156.png,/Users/kimsumin/projects/RGMC/data/map/robot1/overlays/0156_overlay.png,/Users/kimsumin/projects/RGMC/data/map/robot1/masks/0156_mask.png
157,0.71875,0.125,,520.015638575152,368.74370112945263,1,0.0,0.027117407269353844,0.09715416641418817,1777477697.0113559,5,/Users/kimsumin/projects/RGMC/data/map/robot1/images/0157.png,/Users/kimsumin/projects/RGMC/data/map/robot1/overlays/0157_overlay.png,/Users/kimsumin/projects/RGMC/data/map/robot1/masks/0157_mask.png
158,0.7475,0.125,,519.7562446167098,381.63706896551724,1,0.0,0.027025651036160888,0.05584708987485169,1777477706.6992228,5,/Users/kimsumin/projects/RGMC/data/map/robot1/images/0158.png,/Users/kimsumin/projects/RGMC/data/map/robot1/overlays/0158_overlay.png,/Users/kimsumin/projects/RGMC/data/map/robot1/masks/0158_mask.png
159,0.77625,0.125,,520.1422376409367,393.94240837696333,1,0.0,0.04475460789297577,0.041213425137094396,1777477716.4087005,5,/Users/kimsumin/projects/RGMC/data/map/robot1/images/0159.png,/Users/kimsumin/projects/RGMC/data/map/robot1/overlays/0159_overlay.png,/Users/kimsumin/projects/RGMC/data/map/robot1/masks/0159_mask.png
160,0.805,0.125,,520.108604845447,407.02426778242676,1,0.0,0.043509319077315256,0.05702105615663311,1777477725.99597,5,/Users/kimsumin/projects/RGMC/data/map/robot1/images/0160.png,/Users/kimsumin/projects/RGMC/data/map/robot1/overlays/0160_overlay.png,/Users/kimsumin/projects/RGMC/data/map/robot1/masks/0160_mask.png
161,0.83375,0.125,,520.2285208148804,420.1762114537445,1,0.0,0.035990452950426556,0.03582652843271435,1777477735.577662,5,/Users/kimsumin/projects/RGMC/data/map/robot1/images/0161.png,/Users/kimsumin/projects/RGMC/data/map/robot1/overlays/0161_overlay.png,/Users/kimsumin/projects/RGMC/data/map/robot1/masks/0161_mask.png
162,0.8625,0.125,,520.0177304964539,432.92014196983143,1,0.0,0.046897889266261615,0.06121262722861234,1777477745.1458385,5,/Users/kimsumin/projects/RGMC/data/map/robot1/images/0162.png,/Users/kimsumin/projects/RGMC/data/map/robot1/overlays/0162_overlay.png,/Users/kimsumin/projects/RGMC/data/map/robot1/masks/0162_mask.png
163,0.89125,0.125,,519.9391304347826,445.53711790393015,1,0.0,0.018049139477676782,0.020688646823338232,1777477755.049526,5,/Users/kimsumin/projects/RGMC/data/map/robot1/images/0163.png,/Users/kimsumin/projects/RGMC/data/map/robot1/overlays/0163_overlay.png,/Users/kimsumin/projects/RGMC/data/map/robot1/masks/0163_mask.png
164,0.92,0.125,,519.9675153643547,457.9153439153439,1,0.0,0.05001046430803921,0.06767940429598153,1777477764.6947439,5,/Users/kimsumin/projects/RGMC/data/map/robot1/images/0164.png,/Users/kimsumin/projects/RGMC/data/map/robot1/overlays/0164_overlay.png,/Users/kimsumin/projects/RGMC/data/map/robot1/masks/0164_mask.png
165,0.92,0.15625,,506.70999115826703,458.0945229681979,1,0.0,0.048531733017137944,0.038909539461586706,1777477775.3719518,5,/Users/kimsumin/projects/RGMC/data/map/robot1/images/0165.png,/Users/kimsumin/projects/RGMC/data/map/robot1/overlays/0165_overlay.png,/Users/kimsumin/projects/RGMC/data/map/robot1/masks/0165_mask.png
166,0.89125,0.15625,,506.35555555555555,445.6201022146508,1,0.0,0.4309786435865286,0.07581548097429784,1777477789.0082173,5,/Users/kimsumin/projects/RGMC/data/map/robot1/images/0166.png,/Users/kimsumin/projects/RGMC/data/map/robot1/overlays/0166_overlay.png,/Users/kimsumin/projects/RGMC/data/map/robot1/masks/0166_mask.png
167,0.8625,0.15625,,505.52284263959393,433.1962774957699,1,0.0,0.5102549596922797,0.06346631760235523,1777477798.7066839,5,/Users/kimsumin/projects/RGMC/data/map/robot1/images/0167.png,/Users/kimsumin/projects/RGMC/data/map/robot1/overlays/0167_overlay.png,/Users/kimsumin/projects/RGMC/data/map/robot1/masks/0167_mask.png
168,0.83375,0.15625,,505.8224299065421,420.52761257434156,1,0.0,0.3338305363798298,0.06057322091696918,1777477808.3312948,5,/Users/kimsumin/projects/RGMC/data/map/robot1/images/0168.png,/Users/kimsumin/projects/RGMC/data/map/robot1/overlays/0168_overlay.png,/Users/kimsumin/projects/RGMC/data/map/robot1/masks/0168_mask.png
169,0.805,0.15625,,505.38171140939596,407.43288590604027,1,0.0,0.3435724412304498,0.2568802026006747,1777477818.941756,5,/Users/kimsumin/projects/RGMC/data/map/robot1/images/0169.png,/Users/kimsumin/projects/RGMC/data/map/robot1/overlays/0169_overlay.png,/Users/kimsumin/projects/RGMC/data/map/robot1/masks/0169_mask.png
170,0.77625,0.15625,,505.74451939291737,394.1273187183811,1,0.0,0.3265918688833367,0.027852023066071763,1777477828.5271218,5,/Users/kimsumin/projects/RGMC/data/map/robot1/images/0170.png,/Users/kimsumin/projects/RGMC/data/map/robot1/overlays/0170_overlay.png,/Users/kimsumin/projects/RGMC/data/map/robot1/masks/0170_mask.png
171,0.7475,0.15625,,505.94295028524857,381.5588952071487,1,0.0,0.06236114677027208,0.03368921616384896,1777477838.2467537,5,/Users/kimsumin/projects/RGMC/data/map/robot1/images/0171.png,/Users/kimsumin/projects/RGMC/data/map/robot1/overlays/0171_overlay.png,/Users/kimsumin/projects/RGMC/data/map/robot1/masks/0171_mask.png
172,0.71875,0.15625,,505.6354515050167,369.0324729392173,1,0.0,0.07538128094559994,0.04386281822029263,1777477848.065716,5,/Users/kimsumin/projects/RGMC/data/map/robot1/images/0172.png,/Users/kimsumin/projects/RGMC/data/map/robot1/overlays/0172_overlay.png,/Users/kimsumin/projects/RGMC/data/map/robot1/masks/0172_mask.png
173,0.6900000000000001,0.15625,,505.77140482128016,356.095,1,0.0,0.04784742287646729,0.3370670171987942,1777477857.7946992,5,/Users/kimsumin/projects/RGMC/data/map/robot1/images/0173.png,/Users/kimsumin/projects/RGMC/data/map/robot1/overlays/0173_overlay.png,/Users/kimsumin/projects/RGMC/data/map/robot1/masks/0173_mask.png
174,0.66125,0.15625,,505.79433198380565,342.64775613886536,1,0.0,0.4767852695144256,0.10112432718060121,1777477867.3511915,5,/Users/kimsumin/projects/RGMC/data/map/robot1/images/0174.png,/Users/kimsumin/projects/RGMC/data/map/robot1/overlays/0174_overlay.png,/Users/kimsumin/projects/RGMC/data/map/robot1/masks/0174_mask.png
175,0.6325000000000001,0.15625,,505.8744971842317,330.0491539081386,1,0.0,0.05251824771326576,0.04882543751211303,1777477877.0565574,5,/Users/kimsumin/projects/RGMC/data/map/robot1/images/0175.png,/Users/kimsumin/projects/RGMC/data/map/robot1/overlays/0175_overlay.png,/Users/kimsumin/projects/RGMC/data/map/robot1/masks/0175_mask.png
176,0.60375,0.15625,,505.9926590538336,317.1918032786885,1,0.0,0.092751828861397,0.07210211150849953,1777477886.6430085,5,/Users/kimsumin/projects/RGMC/data/map/robot1/images/0176.png,/Users/kimsumin/projects/RGMC/data/map/robot1/overlays/0176_overlay.png,/Users/kimsumin/projects/RGMC/data/map/robot1/masks/0176_mask.png
177,0.5750000000000001,0.15625,,506.65514261019877,304.77814569536423,1,0.0,0.3500261594638305,0.03785872810292042,1777477897.5135002,5,/Users/kimsumin/projects/RGMC/data/map/robot1/images/0177.png,/Users/kimsumin/projects/RGMC/data/map/robot1/overlays/0177_overlay.png,/Users/kimsumin/projects/RGMC/data/map/robot1/masks/0177_mask.png
178,0.54625,0.15625,,505.84873262469335,290.8308943089431,1,0.0,0.051640709582568896,0.07413087715388764,1777477908.3050256,5,/Users/kimsumin/projects/RGMC/data/map/robot1/images/0178.png,/Users/kimsumin/projects/RGMC/data/map/robot1/overlays/0178_overlay.png,/Users/kimsumin/projects/RGMC/data/map/robot1/masks/0178_mask.png
179,0.5175000000000001,0.15625,,506.80288870008496,278.151566469094,1,0.0,0.4420432170313409,0.11673525512856682,1777477919.3383944,5,/Users/kimsumin/projects/RGMC/data/map/robot1/images/0179.png,/Users/kimsumin/projects/RGMC/data/map/robot1/overlays/0179_overlay.png,/Users/kimsumin/projects/RGMC/data/map/robot1/masks/0179_mask.png
180,0.48875,0.15625,,505.91107518189165,265.6434923201293,1,0.0,0.05197904061204919,0.07599298989857724,1777477932.2403924,5,/Users/kimsumin/projects/RGMC/data/map/robot1/images/0180.png,/Users/kimsumin/projects/RGMC/data/map/robot1/overlays/0180_overlay.png,/Users/kimsumin/projects/RGMC/data/map/robot1/masks/0180_mask.png
181,0.46,0.15625,,505.97649918962725,252.95948136142624,1,0.0,0.052017514990592886,0.05984223649770349,1777477941.8271484,5,/Users/kimsumin/projects/RGMC/data/map/robot1/images/0181.png,/Users/kimsumin/projects/RGMC/data/map/robot1/overlays/0181_overlay.png,/Users/kimsumin/projects/RGMC/data/map/robot1/masks/0181_mask.png
182,0.43125,0.15625,,506.6298200514139,239.9090909090909,1,0.0,0.056303512970381935,0.28590849419112024,1777477951.351131,5,/Users/kimsumin/projects/RGMC/data/map/robot1/images/0182.png,/Users/kimsumin/projects/RGMC/data/map/robot1/overlays/0182_overlay.png,/Users/kimsumin/projects/RGMC/data/map/robot1/masks/0182_mask.png
183,0.4025,0.15625,,506.13502454991817,226.50573770491803,1,0.0,0.30441684141286707,0.14255965072555285,1777477960.892129,5,/Users/kimsumin/projects/RGMC/data/map/robot1/images/0183.png,/Users/kimsumin/projects/RGMC/data/map/robot1/overlays/0183_overlay.png,/Users/kimsumin/projects/RGMC/data/map/robot1/masks/0183_mask.png
184,0.37375,0.15625,,507.07841483979763,214.15767284991568,1,0.0,0.03468728265551205,0.03797212114565524,1777477970.5527515,5,/Users/kimsumin/projects/RGMC/data/map/robot1/images/0184.png,/Users/kimsumin/projects/RGMC/data/map/robot1/overlays/0184_overlay.png,/Users/kimsumin/projects/RGMC/data/map/robot1/masks/0184_mask.png
185,0.34500000000000003,0.15625,,506.9666381522669,201.53623188405797,1,0.0,0.053980968383816864,0.05411681102894115,1777477980.1165376,5,/Users/kimsumin/projects/RGMC/data/map/robot1/images/0185.png,/Users/kimsumin/projects/RGMC/data/map/robot1/overlays/0185_overlay.png,/Users/kimsumin/projects/RGMC/data/map/robot1/masks/0185_mask.png
186,0.31625000000000003,0.15625,,507.1968040370059,189.03035413153458,1,0.0,0.0281638137530933,0.03683051141002025,1777477990.3734448,5,/Users/kimsumin/projects/RGMC/data/map/robot1/images/0186.png,/Users/kimsumin/projects/RGMC/data/map/robot1/overlays/0186_overlay.png,/Users/kimsumin/projects/RGMC/data/map/robot1/masks/0186_mask.png
187,0.28750000000000003,0.15625,,507.03308519437553,175.42821985233797,1,0.0,0.05763504357059437,0.05889982783370707,1777478001.9199252,5,/Users/kimsumin/projects/RGMC/data/map/robot1/images/0187.png,/Users/kimsumin/projects/RGMC/data/map/robot1/overlays/0187_overlay.png,/Users/kimsumin/projects/RGMC/data/map/robot1/masks/0187_mask.png
188,0.25875000000000004,0.15625,,507.11509591326103,162.96728187919464,1,0.0,0.04595391890519965,0.0907883349136054,1777478012.0832887,5,/Users/kimsumin/projects/RGMC/data/map/robot1/images/0188.png,/Users/kimsumin/projects/RGMC/data/map/robot1/overlays/0188_overlay.png,/Users/kimsumin/projects/RGMC/data/map/robot1/masks/0188_mask.png
189,0.23,0.15625,,507.3042016806723,149.93575655114117,1,0.0,0.049371967235385714,0.018627204145334572,1777478021.598539,5,/Users/kimsumin/projects/RGMC/data/map/robot1/images/0189.png,/Users/kimsumin/projects/RGMC/data/map/robot1/overlays/0189_overlay.png,/Users/kimsumin/projects/RGMC/data/map/robot1/masks/0189_mask.png
190,0.20125,0.15625,,507.1109200343938,137.47296137339055,1,0.0,0.05641579401350497,0.03584623069204727,1777478031.9007006,5,/Users/kimsumin/projects/RGMC/data/map/robot1/images/0190.png,/Users/kimsumin/projects/RGMC/data/map/robot1/overlays/0190_overlay.png,/Users/kimsumin/projects/RGMC/data/map/robot1/masks/0190_mask.png
191,0.17250000000000001,0.15625,,507.2160546541418,124.97440273037543,1,0.0,0.010955716753270247,0.012463351317847636,1777478041.543949,5,/Users/kimsumin/projects/RGMC/data/map/robot1/images/0191.png,/Users/kimsumin/projects/RGMC/data/map/robot1/overlays/0191_overlay.png,/Users/kimsumin/projects/RGMC/data/map/robot1/masks/0191_mask.png
192,0.14375000000000002,0.15625,,506.94754653130286,112.08253692441356,1,0.0,0.06713458087160507,0.3044722966295966,1777478051.273931,5,/Users/kimsumin/projects/RGMC/data/map/robot1/images/0192.png,/Users/kimsumin/projects/RGMC/data/map/robot1/overlays/0192_overlay.png,/Users/kimsumin/projects/RGMC/data/map/robot1/masks/0192_mask.png
193,0.115,0.15625,,506.94970161977835,98.52527849185947,1,0.0,0.018643110755749384,0.021191531321764868,1777478060.8285704,5,/Users/kimsumin/projects/RGMC/data/map/robot1/images/0193.png,/Users/kimsumin/projects/RGMC/data/map/robot1/overlays/0193_overlay.png,/Users/kimsumin/projects/RGMC/data/map/robot1/masks/0193_mask.png
194,0.08625000000000001,0.15625,,507.1972904318374,85.8397976391231,1,0.0,0.036960099608008716,0.06958390734381815,1777478070.5622883,5,/Users/kimsumin/projects/RGMC/data/map/robot1/images/0194.png,/Users/kimsumin/projects/RGMC/data/map/robot1/overlays/0194_overlay.png,/Users/kimsumin/projects/RGMC/data/map/robot1/masks/0194_mask.png
195,0.0575,0.15625,,506.93385552654485,73.52276707530648,1,0.0,0.06968789859146975,0.04571125376399812,1777478080.3038077,5,/Users/kimsumin/projects/RGMC/data/map/robot1/images/0195.png,/Users/kimsumin/projects/RGMC/data/map/robot1/overlays/0195_overlay.png,/Users/kimsumin/projects/RGMC/data/map/robot1/masks/0195_mask.png
196,0.02875,0.15625,,506.8798955613577,60.57192374350087,1,0.0,0.0747250205891413,0.0772094562304321,1777478089.8783176,5,/Users/kimsumin/projects/RGMC/data/map/robot1/images/0196.png,/Users/kimsumin/projects/RGMC/data/map/robot1/overlays/0196_overlay.png,/Users/kimsumin/projects/RGMC/data/map/robot1/masks/0196_mask.png
197,0.0,0.15625,,507.0897651006711,47.22231543624161,1,0.0,0.04289827157544413,0.08082170854277929,1777478099.4638183,5,/Users/kimsumin/projects/RGMC/data/map/robot1/images/0197.png,/Users/kimsumin/projects/RGMC/data/map/robot1/overlays/0197_overlay.png,/Users/kimsumin/projects/RGMC/data/map/robot1/masks/0197_mask.png
198,0.0,0.1875,,492.4270225187656,46.958193979933114,1,0.0,0.05743158968637584,0.09835198054252808,1777478109.0769444,5,/Users/kimsumin/projects/RGMC/data/map/robot1/images/0198.png,/Users/kimsumin/projects/RGMC/data/map/robot1/overlays/0198_overlay.png,/Users/kimsumin/projects/RGMC/data/map/robot1/masks/0198_mask.png
199,0.02875,0.1875,,492.2094827586207,60.599137931034484,1,0.0,0.009754184015964732,0.04912219866057019,1777478118.6872528,5,/Users/kimsumin/projects/RGMC/data/map/robot1/images/0199.png,/Users/kimsumin/projects/RGMC/data/map/robot1/overlays/0199_overlay.png,/Users/kimsumin/projects/RGMC/data/map/robot1/masks/0199_mask.png
200,0.0575,0.1875,,492.15686274509807,73.28837998303648,1,0.0,0.04603678366234852,0.0714228432312738,1777478128.267641,5,/Users/kimsumin/projects/RGMC/data/map/robot1/images/0200.png,/Users/kimsumin/projects/RGMC/data/map/robot1/overlays/0200_overlay.png,/Users/kimsumin/projects/RGMC/data/map/robot1/masks/0200_mask.png
201,0.08625000000000001,0.1875,,492.14126712328766,85.63566552901024,1,0.0,0.13550865267559384,0.058568034720611485,1777478138.1109018,5,/Users/kimsumin/projects/RGMC/data/map/robot1/images/0201.png,/Users/kimsumin/projects/RGMC/data/map/robot1/overlays/0201_overlay.png,/Users/kimsumin/projects/RGMC/data/map/robot1/masks/0201_mask.png
202,0.115,0.1875,,492.0642201834862,98.87833333333333,1,0.0,0.04674971218925124,0.05562664859104003,1777478147.6677034,5,/Users/kimsumin/projects/RGMC/data/map/robot1/images/0202.png,/Users/kimsumin/projects/RGMC/data/map/robot1/overlays/0202_overlay.png,/Users/kimsumin/projects/RGMC/data/map/robot1/masks/0202_mask.png
203,0.14375000000000002,0.1875,,491.6231759656652,111.10147441457069,1,0.0,0.03368248542268396,0.1253824091886825,1777478157.999146,5,/Users/kimsumin/projects/RGMC/data/map/robot1/images/0203.png,/Users/kimsumin/projects/RGMC/data/map/robot1/overlays/0203_overlay.png,/Users/kimsumin/projects/RGMC/data/map/robot1/masks/0203_mask.png
204,0.17250000000000001,0.1875,,492.2283737024221,124.82717110920035,1,0.0,0.00996855855586393,0.05390152092454932,1777478167.5930598,5,/Users/kimsumin/projects/RGMC/data/map/robot1/images/0204.png,/Users/kimsumin/projects/RGMC/data/map/robot1/overlays/0204_overlay.png,/Users/kimsumin/projects/RGMC/data/map/robot1/masks/0204_mask.png
205,0.20125,0.1875,,492.2434266327396,137.16723549488054,1,0.0,0.10184382612519688,0.05751496633471347,1777478177.2509062,5,/Users/kimsumin/projects/RGMC/data/map/robot1/images/0205.png,/Users/kimsumin/projects/RGMC/data/map/robot1/overlays/0205_overlay.png,/Users/kimsumin/projects/RGMC/data/map/robot1/masks/0205_mask.png
206,0.23,0.1875,,492.0489451476793,149.7961246840775,1,0.0,0.04083509469108948,0.03257633812087077,1777478187.6575289,5,/Users/kimsumin/projects/RGMC/data/map/robot1/images/0206.png,/Users/kimsumin/projects/RGMC/data/map/robot1/overlays/0206_overlay.png,/Users/kimsumin/projects/RGMC/data/map/robot1/masks/0206_mask.png
207,0.25875000000000004,0.1875,,492.09114139693355,162.72719522591646,1,0.0,0.07336583475384152,0.0377550734079467,1777478197.3390274,5,/Users/kimsumin/projects/RGMC/data/map/robot1/images/0207.png,/Users/kimsumin/projects/RGMC/data/map/robot1/overlays/0207_overlay.png,/Users/kimsumin/projects/RGMC/data/map/robot1/masks/0207_mask.png
208,0.28750000000000003,0.1875,,492.0711920529801,175.01663893510815,1,0.0,0.034413734270601314,0.05712925845350083,1777478206.9693124,5,/Users/kimsumin/projects/RGMC/data/map/robot1/images/0208.png,/Users/kimsumin/projects/RGMC/data/map/robot1/overlays/0208_overlay.png,/Users/kimsumin/projects/RGMC/data/map/robot1/masks/0208_mask.png
209,0.31625000000000003,0.1875,,492.00596760443307,188.8929794520548,1,0.0,0.07339133738788844,0.11116161887360924,1777478216.5980778,5,/Users/kimsumin/projects/RGMC/data/map/robot1/images/0209.png,/Users/kimsumin/projects/RGMC/data/map/robot1/overlays/0209_overlay.png,/Users/kimsumin/projects/RGMC/data/map/robot1/masks/0209_mask.png
210,0.34500000000000003,0.1875,,492.0798640611725,201.26230899830222,1,0.0,0.03142330645886118,0.05915302304943126,1777478226.477366,5,/Users/kimsumin/projects/RGMC/data/map/robot1/images/0210.png,/Users/kimsumin/projects/RGMC/data/map/robot1/overlays/0210_overlay.png,/Users/kimsumin/projects/RGMC/data/map/robot1/masks/0210_mask.png
211,0.37375,0.1875,,492.10499576629974,213.90762711864406,1,0.0,0.03632391920283485,0.030019027281816726,1777478236.109312,5,/Users/kimsumin/projects/RGMC/data/map/robot1/images/0211.png,/Users/kimsumin/projects/RGMC/data/map/robot1/overlays/0211_overlay.png,/Users/kimsumin/projects/RGMC/data/map/robot1/masks/0211_mask.png
212,0.4025,0.1875,,491.96732588134137,226.67296137339056,1,0.0,0.0565898349577865,0.060462297387357325,1777478246.7266288,5,/Users/kimsumin/projects/RGMC/data/map/robot1/images/0212.png,/Users/kimsumin/projects/RGMC/data/map/robot1/overlays/0212_overlay.png,/Users/kimsumin/projects/RGMC/data/map/robot1/masks/0212_mask.png
213,0.43125,0.1875,,491.92945036915506,239.71815940838127,1,0.0,0.03774327745753439,0.02856842347465222,1777478257.1212673,5,/Users/kimsumin/projects/RGMC/data/map/robot1/images/0213.png,/Users/kimsumin/projects/RGMC/data/map/robot1/overlays/0213_overlay.png,/Users/kimsumin/projects/RGMC/data/map/robot1/masks/0213_mask.png
214,0.46,0.1875,,491.8652542372881,252.85508474576272,1,0.0,0.0167710770938931,0.029741316130974665,1777478266.6942039,5,/Users/kimsumin/projects/RGMC/data/map/robot1/images/0214.png,/Users/kimsumin/projects/RGMC/data/map/robot1/overlays/0214_overlay.png,/Users/kimsumin/projects/RGMC/data/map/robot1/masks/0214_mask.png
215,0.48875,0.1875,,491.86778242677826,265.65020920502093,1,0.0,0.034013821255446296,0.044603516225790577,1777478276.2326133,5,/Users/kimsumin/projects/RGMC/data/map/robot1/images/0215.png,/Users/kimsumin/projects/RGMC/data/map/robot1/overlays/0215_overlay.png,/Users/kimsumin/projects/RGMC/data/map/robot1/masks/0215_mask.png
216,0.5175000000000001,0.1875,,492.03043110735416,277.97299578059074,1,0.0,0.029243330672305612,0.017670546161421885,1777478285.8716588,5,/Users/kimsumin/projects/RGMC/data/map/robot1/images/0216.png,/Users/kimsumin/projects/RGMC/data/map/robot1/overlays/0216_overlay.png,/Users/kimsumin/projects/RGMC/data/map/robot1/masks/0216_mask.png
217,0.54625,0.1875,,491.88171140939596,290.80872483221475,1,0.0,0.042758404910062255,0.05365225683706269,1777478295.6597896,5,/Users/kimsumin/projects/RGMC/data/map/robot1/images/0217.png,/Users/kimsumin/projects/RGMC/data/map/robot1/overlays/0217_overlay.png,/Users/kimsumin/projects/RGMC/data/map/robot1/masks/0217_mask.png
218,0.5750000000000001,0.1875,,491.8980458793543,304.5853865760408,1,0.0,0.02414244427099973,0.037558461131044794,1777478305.1848598,5,/Users/kimsumin/projects/RGMC/data/map/robot1/images/0218.png,/Users/kimsumin/projects/RGMC/data/map/robot1/overlays/0218_overlay.png,/Users/kimsumin/projects/RGMC/data/map/robot1/masks/0218_mask.png
219,0.60375,0.1875,,491.8042553191489,316.9803250641574,1,0.0,0.10847808914152075,0.09686632936485354,1777478314.9356556,5,/Users/kimsumin/projects/RGMC/data/map/robot1/images/0219.png,/Users/kimsumin/projects/RGMC/data/map/robot1/overlays/0219_overlay.png,/Users/kimsumin/projects/RGMC/data/map/robot1/masks/0219_mask.png
220,0.6325000000000001,0.1875,,491.63735343383587,330.0249169435216,1,0.0,0.08325881792144382,0.0542906180730645,1777478324.713848,5,/Users/kimsumin/projects/RGMC/data/map/robot1/images/0220.png,/Users/kimsumin/projects/RGMC/data/map/robot1/overlays/0220_overlay.png,/Users/kimsumin/projects/RGMC/data/map/robot1/masks/0220_mask.png
221,0.66125,0.1875,,491.8122344944775,342.10025488530164,1,0.0,0.0315163811332377,0.05064724790652329,1777478334.4361732,5,/Users/kimsumin/projects/RGMC/data/map/robot1/images/0221.png,/Users/kimsumin/projects/RGMC/data/map/robot1/overlays/0221_overlay.png,/Users/kimsumin/projects/RGMC/data/map/robot1/masks/0221_mask.png
222,0.6900000000000001,0.1875,,491.64273789649417,355.4265442404007,1,0.0,0.04287428975443237,0.07993411242999479,1777478344.1586936,5,/Users/kimsumin/projects/RGMC/data/map/robot1/images/0222.png,/Users/kimsumin/projects/RGMC/data/map/robot1/overlays/0222_overlay.png,/Users/kimsumin/projects/RGMC/data/map/robot1/masks/0222_mask.png
223,0.71875,0.1875,,491.8005093378608,368.72579263067695,1,0.0,0.02444047953473843,0.07880048954581367,1777478354.8320425,5,/Users/kimsumin/projects/RGMC/data/map/robot1/images/0223.png,/Users/kimsumin/projects/RGMC/data/map/robot1/overlays/0223_overlay.png,/Users/kimsumin/projects/RGMC/data/map/robot1/masks/0223_mask.png
224,0.7475,0.1875,,491.7,381.3182207014542,1,0.0,0.023267263498062258,0.04190263420035353,1777478364.5331225,5,/Users/kimsumin/projects/RGMC/data/map/robot1/images/0224.png,/Users/kimsumin/projects/RGMC/data/map/robot1/overlays/0224_overlay.png,/Users/kimsumin/projects/RGMC/data/map/robot1/masks/0224_mask.png
225,0.77625,0.1875,,491.85494880546077,394.2226962457338,1,0.0,0.012384910986810915,0.019951344124648704,1777478374.1329775,5,/Users/kimsumin/projects/RGMC/data/map/robot1/images/0225.png,/Users/kimsumin/projects/RGMC/data/map/robot1/overlays/0225_overlay.png,/Users/kimsumin/projects/RGMC/data/map/robot1/masks/0225_mask.png
226,0.805,0.1875,,491.79191745485815,406.63339070567986,1,0.0,0.0272862809080123,0.032804640202618175,1777478383.7700427,5,/Users/kimsumin/projects/RGMC/data/map/robot1/images/0226.png,/Users/kimsumin/projects/RGMC/data/map/robot1/overlays/0226_overlay.png,/Users/kimsumin/projects/RGMC/data/map/robot1/masks/0226_mask.png
227,0.83375,0.1875,,492.01469317199656,420.62857142857143,1,0.0,0.03511982771689989,0.026932664636314635,1777478393.4703255,5,/Users/kimsumin/projects/RGMC/data/map/robot1/images/0227.png,/Users/kimsumin/projects/RGMC/data/map/robot1/overlays/0227_overlay.png,/Users/kimsumin/projects/RGMC/data/map/robot1/masks/0227_mask.png
228,0.8625,0.1875,,491.9259911894273,432.9692712906058,1,0.0,0.02271359281968093,0.07289473731950674,1777478403.0534477,5,/Users/kimsumin/projects/RGMC/data/map/robot1/images/0228.png,/Users/kimsumin/projects/RGMC/data/map/robot1/overlays/0228_overlay.png,/Users/kimsumin/projects/RGMC/data/map/robot1/masks/0228_mask.png
229,0.89125,0.1875,,491.78299379982286,445.42165492957747,1,0.0,0.05210465548119077,0.05808625005294273,1777478413.6874652,5,/Users/kimsumin/projects/RGMC/data/map/robot1/images/0229.png,/Users/kimsumin/projects/RGMC/data/map/robot1/overlays/0229_overlay.png,/Users/kimsumin/projects/RGMC/data/map/robot1/masks/0229_mask.png
230,0.92,0.1875,,491.8388214904679,458.2157712305026,1,0.0,0.03585469783683947,0.017361127105819805,1777478423.3808906,5,/Users/kimsumin/projects/RGMC/data/map/robot1/images/0230.png,/Users/kimsumin/projects/RGMC/data/map/robot1/overlays/0230_overlay.png,/Users/kimsumin/projects/RGMC/data/map/robot1/masks/0230_mask.png
231,0.92,0.21875,,478.76236749116606,458.2546583850932,1,0.0,0.0393103190402208,0.3810419542602905,1777478433.093218,5,/Users/kimsumin/projects/RGMC/data/map/robot1/images/0231.png,/Users/kimsumin/projects/RGMC/data/map/robot1/overlays/0231_overlay.png,/Users/kimsumin/projects/RGMC/data/map/robot1/masks/0231_mask.png
232,0.89125,0.21875,,477.474678111588,445.7177489177489,1,0.0,0.4905389289191816,0.10155550570823868,1777478443.3126533,5,/Users/kimsumin/projects/RGMC/data/map/robot1/images/0232.png,/Users/kimsumin/projects/RGMC/data/map/robot1/overlays/0232_overlay.png,/Users/kimsumin/projects/RGMC/data/map/robot1/masks/0232_mask.png
233,0.8625,0.21875,,477.8177128116939,433.143347639485,1,0.0,0.2761254073357883,0.022841688713976616,1777478452.9190743,5,/Users/kimsumin/projects/RGMC/data/map/robot1/images/0233.png,/Users/kimsumin/projects/RGMC/data/map/robot1/overlays/0233_overlay.png,/Users/kimsumin/projects/RGMC/data/map/robot1/masks/0233_mask.png
234,0.83375,0.21875,,478.431338028169,420.858113848768,1,0.0,0.43885941396838296,0.0616493128212449,1777478462.6001928,5,/Users/kimsumin/projects/RGMC/data/map/robot1/images/0234.png,/Users/kimsumin/projects/RGMC/data/map/robot1/overlays/0234_overlay.png,/Users/kimsumin/projects/RGMC/data/map/robot1/masks/0234_mask.png
235,0.805,0.21875,,477.40084388185653,406.7229845626072,1,0.0,0.08588757846167018,0.027858267257274336,1777478472.1476307,5,/Users/kimsumin/projects/RGMC/data/map/robot1/images/0235.png,/Users/kimsumin/projects/RGMC/data/map/robot1/overlays/0235_overlay.png,/Users/kimsumin/projects/RGMC/data/map/robot1/masks/0235_mask.png
236,0.77625,0.21875,,478.54410480349344,394.29606986899563,1,0.0,0.08632028291135244,0.03624035657900169,1777478481.8133056,5,/Users/kimsumin/projects/RGMC/data/map/robot1/images/0236.png,/Users/kimsumin/projects/RGMC/data/map/robot1/overlays/0236_overlay.png,/Users/kimsumin/projects/RGMC/data/map/robot1/masks/0236_mask.png
237,0.7475,0.21875,,477.43002544529264,381.54283290924513,1,0.0,0.049302511659392916,0.04913416772594141,1777478491.3769732,5,/Users/kimsumin/projects/RGMC/data/map/robot1/images/0237.png,/Users/kimsumin/projects/RGMC/data/map/robot1/overlays/0237_overlay.png,/Users/kimsumin/projects/RGMC/data/map/robot1/masks/0237_mask.png
238,0.71875,0.21875,,477.6015100671141,368.95298068849706,1,0.0,0.11586458588690161,0.0602133930017172,1777478500.9746149,5,/Users/kimsumin/projects/RGMC/data/map/robot1/images/0238.png,/Users/kimsumin/projects/RGMC/data/map/robot1/overlays/0238_overlay.png,/Users/kimsumin/projects/RGMC/data/map/robot1/masks/0238_mask.png
239,0.6900000000000001,0.21875,,477.16346955796496,355.6546349466776,1,0.0,0.06362175167306426,0.11381141110879478,1777478510.7209158,5,/Users/kimsumin/projects/RGMC/data/map/robot1/images/0239.png,/Users/kimsumin/projects/RGMC/data/map/robot1/overlays/0239_overlay.png,/Users/kimsumin/projects/RGMC/data/map/robot1/masks/0239_mask.png
240,0.66125,0.21875,,477.46205170975816,342.3279661016949,1,0.0,0.024095725350582263,0.043248516085573493,1777478521.2492323,5,/Users/kimsumin/projects/RGMC/data/map/robot1/images/0240.png,/Users/kimsumin/projects/RGMC/data/map/robot1/overlays/0240_overlay.png,/Users/kimsumin/projects/RGMC/data/map/robot1/masks/0240_mask.png
241,0.6325000000000001,0.21875,,477.640522875817,330.11165845648605,1,0.0,0.09413649069206328,0.03626994731966593,1777478531.5221314,5,/Users/kimsumin/projects/RGMC/data/map/robot1/images/0241.png,/Users/kimsumin/projects/RGMC/data/map/robot1/overlays/0241_overlay.png,/Users/kimsumin/projects/RGMC/data/map/robot1/masks/0241_mask.png
242,0.60375,0.21875,,477.5177539223782,317.1095317725752,1,0.0,0.048315377911489814,0.0192282387125263,1777478541.3098192,5,/Users/kimsumin/projects/RGMC/data/map/robot1/images/0242.png,/Users/kimsumin/projects/RGMC/data/map/robot1/overlays/0242_overlay.png,/Users/kimsumin/projects/RGMC/data/map/robot1/masks/0242_mask.png
243,0.5750000000000001,0.21875,,477.7568013190437,304.6829470198675,1,0.0,0.04565234074441674,0.04973667947533785,1777478550.9857328,5,/Users/kimsumin/projects/RGMC/data/map/robot1/images/0243.png,/Users/kimsumin/projects/RGMC/data/map/robot1/overlays/0243_overlay.png,/Users/kimsumin/projects/RGMC/data/map/robot1/masks/0243_mask.png
244,0.54625,0.21875,,477.44003241491083,290.8006482982172,1,0.0,0.04560199296836677,0.03681204772487203,1777478560.5016043,5,/Users/kimsumin/projects/RGMC/data/map/robot1/images/0244.png,/Users/kimsumin/projects/RGMC/data/map/robot1/overlays/0244_overlay.png,/Users/kimsumin/projects/RGMC/data/map/robot1/masks/0244_mask.png
245,0.5175000000000001,0.21875,,477.6647206005004,278.0907577019151,1,0.0,0.08069871694069818,0.07239507598888847,1777478570.144785,5,/Users/kimsumin/projects/RGMC/data/map/robot1/images/0245.png,/Users/kimsumin/projects/RGMC/data/map/robot1/overlays/0245_overlay.png,/Users/kimsumin/projects/RGMC/data/map/robot1/masks/0245_mask.png
246,0.48875,0.21875,,477.91741618969746,265.67202572347264,1,0.0,0.3808634650664564,0.0589848190133782,1777478580.5421643,5,/Users/kimsumin/projects/RGMC/data/map/robot1/images/0246.png,/Users/kimsumin/projects/RGMC/data/map/robot1/overlays/0246_overlay.png,/Users/kimsumin/projects/RGMC/data/map/robot1/masks/0246_mask.png
247,0.46,0.21875,,478.538864628821,252.85951134380454,1,0.0,0.375639702136977,0.052711590736311466,1777478590.2504017,5,/Users/kimsumin/projects/RGMC/data/map/robot1/images/0247.png,/Users/kimsumin/projects/RGMC/data/map/robot1/overlays/0247_overlay.png,/Users/kimsumin/projects/RGMC/data/map/robot1/masks/0247_mask.png
248,0.43125,0.21875,,478.05848434925866,239.68874700718277,1,0.0,0.3510282515836144,0.28702533396083446,1777478600.5110462,5,/Users/kimsumin/projects/RGMC/data/map/robot1/images/0248.png,/Users/kimsumin/projects/RGMC/data/map/robot1/overlays/0248_overlay.png,/Users/kimsumin/projects/RGMC/data/map/robot1/masks/0248_mask.png
249,0.4025,0.21875,,478.63881856540087,226.5393734123624,1,0.0,0.04160048689648993,0.061396642003774114,1777478610.072215,5,/Users/kimsumin/projects/RGMC/data/map/robot1/images/0249.png,/Users/kimsumin/projects/RGMC/data/map/robot1/overlays/0249_overlay.png,/Users/kimsumin/projects/RGMC/data/map/robot1/masks/0249_mask.png
250,0.37375,0.21875,,478.5914634146341,214.0051948051948,1,0.0,0.09891724234766035,0.043975117009212104,1777478619.6126585,5,/Users/kimsumin/projects/RGMC/data/map/robot1/images/0250.png,/Users/kimsumin/projects/RGMC/data/map/robot1/overlays/0250_overlay.png,/Users/kimsumin/projects/RGMC/data/map/robot1/masks/0250_mask.png
251,0.34500000000000003,0.21875,,478.8867924528302,201.20862068965516,1,0.0,0.04233854496829314,0.03216348991040166,1777478629.1697452,5,/Users/kimsumin/projects/RGMC/data/map/robot1/images/0251.png,/Users/kimsumin/projects/RGMC/data/map/robot1/overlays/0251_overlay.png,/Users/kimsumin/projects/RGMC/data/map/robot1/masks/0251_mask.png
252,0.31625000000000003,0.21875,,478.83275563258235,188.77565217391304,1,0.0,0.05279532998481783,0.0316331053786932,1777478639.4155996,5,/Users/kimsumin/projects/RGMC/data/map/robot1/images/0252.png,/Users/kimsumin/projects/RGMC/data/map/robot1/overlays/0252_overlay.png,/Users/kimsumin/projects/RGMC/data/map/robot1/masks/0252_mask.png
253,0.28750000000000003,0.21875,,478.7705735660848,175.1168614357262,1,0.0,0.019762560544625492,0.11529457162958344,1777478649.0441895,5,/Users/kimsumin/projects/RGMC/data/map/robot1/images/0253.png,/Users/kimsumin/projects/RGMC/data/map/robot1/overlays/0253_overlay.png,/Users/kimsumin/projects/RGMC/data/map/robot1/masks/0253_mask.png
254,0.25875000000000004,0.21875,,478.7978003384095,162.23604060913706,1,0.0,0.06246730845838069,0.034082563161978996,1777478658.7338266,5,/Users/kimsumin/projects/RGMC/data/map/robot1/images/0254.png,/Users/kimsumin/projects/RGMC/data/map/robot1/overlays/0254_overlay.png,/Users/kimsumin/projects/RGMC/data/map/robot1/masks/0254_mask.png
255,0.23,0.21875,,478.9107142857143,149.77007607776838,1,0.0,0.09047133989409546,0.07080334044690727,1777478668.9921823,5,/Users/kimsumin/projects/RGMC/data/map/robot1/images/0255.png,/Users/kimsumin/projects/RGMC/data/map/robot1/overlays/0255_overlay.png,/Users/kimsumin/projects/RGMC/data/map/robot1/masks/0255_mask.png
256,0.20125,0.21875,,479.0128205128205,137.14957264957266,1,0.0,0.03623170771161478,0.08015485774398881,1777478678.8506787,5,/Users/kimsumin/projects/RGMC/data/map/robot1/images/0256.png,/Users/kimsumin/projects/RGMC/data/map/robot1/overlays/0256_overlay.png,/Users/kimsumin/projects/RGMC/data/map/robot1/masks/0256_mask.png
257,0.17250000000000001,0.21875,,479.0846286701209,124.75844155844156,1,0.0,0.036936310724991664,0.035055890699031776,1777478688.4673538,5,/Users/kimsumin/projects/RGMC/data/map/robot1/images/0257.png,/Users/kimsumin/projects/RGMC/data/map/robot1/overlays/0257_overlay.png,/Users/kimsumin/projects/RGMC/data/map/robot1/masks/0257_mask.png
258,0.14375000000000002,0.21875,,479.00912106135985,111.04647302904564,1,0.0,0.05166672398423703,0.03837324153074922,1777478698.0524895,5,/Users/kimsumin/projects/RGMC/data/map/robot1/images/0258.png,/Users/kimsumin/projects/RGMC/data/map/robot1/overlays/0258_overlay.png,/Users/kimsumin/projects/RGMC/data/map/robot1/masks/0258_mask.png
259,0.115,0.21875,,479.10769230769233,98.20153714773697,1,0.0,0.02273782738862593,0.0681434241645871,1777478709.395026,5,/Users/kimsumin/projects/RGMC/data/map/robot1/images/0259.png,/Users/kimsumin/projects/RGMC/data/map/robot1/overlays/0259_overlay.png,/Users/kimsumin/projects/RGMC/data/map/robot1/masks/0259_mask.png
260,0.08625000000000001,0.21875,,479.01113967437874,85.58361774744027,1,0.0,0.33987804038794234,0.027609056625734495,1777478718.9386559,5,/Users/kimsumin/projects/RGMC/data/map/robot1/images/0260.png,/Users/kimsumin/projects/RGMC/data/map/robot1/overlays/0260_overlay.png,/Users/kimsumin/projects/RGMC/data/map/robot1/masks/0260_mask.png
261,0.0575,0.21875,,479.1157804459691,73.1303602058319,1,0.0,0.04931829349222128,0.07386372283450023,1777478729.5772147,5,/Users/kimsumin/projects/RGMC/data/map/robot1/images/0261.png,/Users/kimsumin/projects/RGMC/data/map/robot1/overlays/0261_overlay.png,/Users/kimsumin/projects/RGMC/data/map/robot1/masks/0261_mask.png
262,0.02875,0.21875,,478.89418907198615,60.29616724738676,1,0.0,0.02155294167064611,0.04683169010696676,1777478739.2195728,5,/Users/kimsumin/projects/RGMC/data/map/robot1/images/0262.png,/Users/kimsumin/projects/RGMC/data/map/robot1/overlays/0262_overlay.png,/Users/kimsumin/projects/RGMC/data/map/robot1/masks/0262_mask.png
263,0.0,0.21875,,479.1946755407654,46.88657214345288,1,0.0,0.035263230186645046,0.1946131029575384,1777478748.8656697,5,/Users/kimsumin/projects/RGMC/data/map/robot1/images/0263.png,/Users/kimsumin/projects/RGMC/data/map/robot1/overlays/0263_overlay.png,/Users/kimsumin/projects/RGMC/data/map/robot1/masks/0263_mask.png
264,0.0,0.25,,464.19705641864266,46.81481481481482,1,0.0,0.04485174149829327,0.05445915701845672,1777478758.3793063,5,/Users/kimsumin/projects/RGMC/data/map/robot1/images/0264.png,/Users/kimsumin/projects/RGMC/data/map/robot1/overlays/0264_overlay.png,/Users/kimsumin/projects/RGMC/data/map/robot1/masks/0264_mask.png
265,0.02875,0.25,,464.0596252129472,60.084922010398614,1,0.0,0.0520907763717068,0.05581033524547969,1777478768.6424184,5,/Users/kimsumin/projects/RGMC/data/map/robot1/images/0265.png,/Users/kimsumin/projects/RGMC/data/map/robot1/overlays/0265_overlay.png,/Users/kimsumin/projects/RGMC/data/map/robot1/masks/0265_mask.png
266,0.0575,0.25,,464.1938514090521,72.96327924850556,1,0.0,0.04943719725344109,0.06460003000492166,1777478778.529679,5,/Users/kimsumin/projects/RGMC/data/map/robot1/images/0266.png,/Users/kimsumin/projects/RGMC/data/map/robot1/overlays/0266_overlay.png,/Users/kimsumin/projects/RGMC/data/map/robot1/masks/0266_mask.png
267,0.08625000000000001,0.25,,464.26861924686193,85.36150627615062,1,0.0,0.03043199183698847,0.031929166884720785,1777478788.1849582,5,/Users/kimsumin/projects/RGMC/data/map/robot1/images/0267.png,/Users/kimsumin/projects/RGMC/data/map/robot1/overlays/0267_overlay.png,/Users/kimsumin/projects/RGMC/data/map/robot1/masks/0267_mask.png
268,0.115,0.25,,464.3833619210978,97.84040747028862,1,0.0,0.06930208742173571,0.030799226932312664,1777478797.891673,5,/Users/kimsumin/projects/RGMC/data/map/robot1/images/0268.png,/Users/kimsumin/projects/RGMC/data/map/robot1/overlays/0268_overlay.png,/Users/kimsumin/projects/RGMC/data/map/robot1/masks/0268_mask.png
269,0.14375000000000002,0.25,,464.294693877551,110.85726004922067,1,0.0,0.030696016833693912,0.026806853852545713,1777478807.621398,5,/Users/kimsumin/projects/RGMC/data/map/robot1/images/0269.png,/Users/kimsumin/projects/RGMC/data/map/robot1/overlays/0269_overlay.png,/Users/kimsumin/projects/RGMC/data/map/robot1/masks/0269_mask.png
270,0.17250000000000001,0.25,,464.2288642186166,124.33731853116994,1,0.0,0.04653526435902693,0.06778780052466384,1777478817.913269,5,/Users/kimsumin/projects/RGMC/data/map/robot1/images/0270.png,/Users/kimsumin/projects/RGMC/data/map/robot1/overlays/0270_overlay.png,/Users/kimsumin/projects/RGMC/data/map/robot1/masks/0270_mask.png
271,0.20125,0.25,,464.22688356164383,136.91352739726028,1,0.0,0.02912510364733993,0.06396211086683477,1777478828.0678742,5,/Users/kimsumin/projects/RGMC/data/map/robot1/images/0271.png,/Users/kimsumin/projects/RGMC/data/map/robot1/overlays/0271_overlay.png,/Users/kimsumin/projects/RGMC/data/map/robot1/masks/0271_mask.png
272,0.23,0.25,,464.16624895572266,149.55218855218854,1,0.0,0.017732987504604694,0.05478443873755968,1777478838.232441,5,/Users/kimsumin/projects/RGMC/data/map/robot1/images/0272.png,/Users/kimsumin/projects/RGMC/data/map/robot1/overlays/0272_overlay.png,/Users/kimsumin/projects/RGMC/data/map/robot1/masks/0272_mask.png
273,0.25875000000000004,0.25,,464.003367003367,162.02021903959562,1,0.0,0.037721516999548184,0.08043364236844797,1777478848.5655253,5,/Users/kimsumin/projects/RGMC/data/map/robot1/images/0273.png,/Users/kimsumin/projects/RGMC/data/map/robot1/overlays/0273_overlay.png,/Users/kimsumin/projects/RGMC/data/map/robot1/masks/0273_mask.png
274,0.28750000000000003,0.25,,463.873572593801,175.03652597402598,1,0.0,0.021244075159654055,0.048187862933024614,1777478858.193854,5,/Users/kimsumin/projects/RGMC/data/map/robot1/images/0274.png,/Users/kimsumin/projects/RGMC/data/map/robot1/overlays/0274_overlay.png,/Users/kimsumin/projects/RGMC/data/map/robot1/masks/0274_mask.png
275,0.31625000000000003,0.25,,463.75757575757575,188.54933110367892,1,0.0,0.04796761696389738,0.07392785242363853,1777478867.7610908,5,/Users/kimsumin/projects/RGMC/data/map/robot1/images/0275.png,/Users/kimsumin/projects/RGMC/data/map/robot1/overlays/0275_overlay.png,/Users/kimsumin/projects/RGMC/data/map/robot1/masks/0275_mask.png
276,0.34500000000000003,0.25,,464.08898305084745,201.0211685012701,1,0.0,0.04364253279492308,0.025165401283927576,1777478877.968586,5,/Users/kimsumin/projects/RGMC/data/map/robot1/images/0276.png,/Users/kimsumin/projects/RGMC/data/map/robot1/overlays/0276_overlay.png,/Users/kimsumin/projects/RGMC/data/map/robot1/masks/0276_mask.png
277,0.37375,0.25,,463.87,213.8125,1,0.0,0.032397728696596635,0.04085135332490052,1777478887.5436454,5,/Users/kimsumin/projects/RGMC/data/map/robot1/images/0277.png,/Users/kimsumin/projects/RGMC/data/map/robot1/overlays/0277_overlay.png,/Users/kimsumin/projects/RGMC/data/map/robot1/masks/0277_mask.png
278,0.4025,0.25,,463.83459915611814,226.15033783783784,1,0.0,0.02980727904350458,0.0284025377503749,1777478897.7868347,5,/Users/kimsumin/projects/RGMC/data/map/robot1/images/0278.png,/Users/kimsumin/projects/RGMC/data/map/robot1/overlays/0278_overlay.png,/Users/kimsumin/projects/RGMC/data/map/robot1/masks/0278_mask.png
279,0.43125,0.25,,463.9591503267974,239.6143790849673,1,0.0,0.004689608883796107,0.05129404985796462,1777478907.4490907,5,/Users/kimsumin/projects/RGMC/data/map/robot1/images/0279.png,/Users/kimsumin/projects/RGMC/data/map/robot1/overlays/0279_overlay.png,/Users/kimsumin/projects/RGMC/data/map/robot1/masks/0279_mask.png
280,0.46,0.25,,463.8776732249786,252.7017094017094,1,0.0,0.03294764837376467,0.03546828481425069,1777478917.111166,5,/Users/kimsumin/projects/RGMC/data/map/robot1/images/0280.png,/Users/kimsumin/projects/RGMC/data/map/robot1/overlays/0280_overlay.png,/Users/kimsumin/projects/RGMC/data/map/robot1/masks/0280_mask.png
281,0.48875,0.25,,463.8157894736842,265.3794567062818,1,0.0,0.031273827683569115,0.06457796212572953,1777478927.3822756,5,/Users/kimsumin/projects/RGMC/data/map/robot1/images/0281.png,/Users/kimsumin/projects/RGMC/data/map/robot1/overlays/0281_overlay.png,/Users/kimsumin/projects/RGMC/data/map/robot1/masks/0281_mask.png
282,0.5175000000000001,0.25,,463.7753378378378,277.9578414839798,1,0.0,0.032896031154552925,0.047066913500433294,1777478937.022275,5,/Users/kimsumin/projects/RGMC/data/map/robot1/images/0282.png,/Users/kimsumin/projects/RGMC/data/map/robot1/overlays/0282_overlay.png,/Users/kimsumin/projects/RGMC/data/map/robot1/masks/0282_mask.png
283,0.54625,0.25,,463.8090832632464,290.453781512605,1,0.0,0.03137870431730472,0.09431990822789758,1777478947.3255515,5,/Users/kimsumin/projects/RGMC/data/map/robot1/images/0283.png,/Users/kimsumin/projects/RGMC/data/map/robot1/overlays/0283_overlay.png,/Users/kimsumin/projects/RGMC/data/map/robot1/masks/0283_mask.png
284,0.5750000000000001,0.25,,463.81742738589213,303.6672171758877,1,0.0,0.01995099400793923,0.07955844214749458,1777478956.930517,5,/Users/kimsumin/projects/RGMC/data/map/robot1/images/0284.png,/Users/kimsumin/projects/RGMC/data/map/robot1/overlays/0284_overlay.png,/Users/kimsumin/projects/RGMC/data/map/robot1/masks/0284_mask.png
285,0.60375,0.25,,463.68674698795184,316.87865748709123,1,0.0,0.04804642717745673,0.055404309891631795,1777478966.7149396,5,/Users/kimsumin/projects/RGMC/data/map/robot1/images/0285.png,/Users/kimsumin/projects/RGMC/data/map/robot1/overlays/0285_overlay.png,/Users/kimsumin/projects/RGMC/data/map/robot1/masks/0285_mask.png
286,0.6325000000000001,0.25,,463.67343485617596,329.77072758037224,1,0.0,0.0423750594717931,0.02349373270590227,1777478976.373256,5,/Users/kimsumin/projects/RGMC/data/map/robot1/images/0286.png,/Users/kimsumin/projects/RGMC/data/map/robot1/overlays/0286_overlay.png,/Users/kimsumin/projects/RGMC/data/map/robot1/masks/0286_mask.png
287,0.66125,0.25,,463.6890034364261,342.2459574468085,1,0.0,0.03464302441168037,0.028871973553644924,1777478986.0551944,5,/Users/kimsumin/projects/RGMC/data/map/robot1/images/0287.png,/Users/kimsumin/projects/RGMC/data/map/robot1/overlays/0287_overlay.png,/Users/kimsumin/projects/RGMC/data/map/robot1/masks/0287_mask.png
288,0.6900000000000001,0.25,,463.5774767146486,355.0050420168067,1,0.0,0.02089876418257148,0.07633018081200063,1777478995.8304386,5,/Users/kimsumin/projects/RGMC/data/map/robot1/images/0288.png,/Users/kimsumin/projects/RGMC/data/map/robot1/overlays/0288_overlay.png,/Users/kimsumin/projects/RGMC/data/map/robot1/masks/0288_mask.png
289,0.71875,0.25,,463.71514629948365,368.7942708333333,1,0.0,0.05233219102303549,0.06975117105779326,1777479005.6229699,5,/Users/kimsumin/projects/RGMC/data/map/robot1/images/0289.png,/Users/kimsumin/projects/RGMC/data/map/robot1/overlays/0289_overlay.png,/Users/kimsumin/projects/RGMC/data/map/robot1/masks/0289_mask.png
290,0.7475,0.25,,463.470078057242,381.27115716753025,1,0.0,0.0375040006682984,0.017634991401921755,1777479015.5037875,5,/Users/kimsumin/projects/RGMC/data/map/robot1/images/0290.png,/Users/kimsumin/projects/RGMC/data/map/robot1/overlays/0290_overlay.png,/Users/kimsumin/projects/RGMC/data/map/robot1/masks/0290_mask.png
291,0.77625,0.25,,463.72506504770166,393.68989547038325,1,0.0,0.023521610612835153,0.0493302951386291,1777479025.4843504,5,/Users/kimsumin/projects/RGMC/data/map/robot1/images/0291.png,/Users/kimsumin/projects/RGMC/data/map/robot1/overlays/0291_overlay.png,/Users/kimsumin/projects/RGMC/data/map/robot1/masks/0291_mask.png
292,0.805,0.25,,463.6522491349481,406.55689655172415,1,0.0,0.01992543644763866,0.18362652397584497,1777479034.951875,5,/Users/kimsumin/projects/RGMC/data/map/robot1/images/0292.png,/Users/kimsumin/projects/RGMC/data/map/robot1/overlays/0292_overlay.png,/Users/kimsumin/projects/RGMC/data/map/robot1/masks/0292_mask.png
293,0.83375,0.25,,464.0035149384886,420.17816593886465,1,0.0,0.055764873301181066,0.06664575807953187,1777479044.5485332,5,/Users/kimsumin/projects/RGMC/data/map/robot1/images/0293.png,/Users/kimsumin/projects/RGMC/data/map/robot1/overlays/0293_overlay.png,/Users/kimsumin/projects/RGMC/data/map/robot1/masks/0293_mask.png
294,0.8625,0.25,,463.75859030837006,432.81321585903083,1,0.0,0.041363506423232235,0.04628158123889616,1777479054.2593677,5,/Users/kimsumin/projects/RGMC/data/map/robot1/images/0294.png,/Users/kimsumin/projects/RGMC/data/map/robot1/overlays/0294_overlay.png,/Users/kimsumin/projects/RGMC/data/map/robot1/masks/0294_mask.png
295,0.89125,0.25,,463.6602451838879,445.3158355205599,1,0.0,0.03649595206034122,0.09349413086555189,1777479063.8019476,5,/Users/kimsumin/projects/RGMC/data/map/robot1/images/0295.png,/Users/kimsumin/projects/RGMC/data/map/robot1/overlays/0295_overlay.png,/Users/kimsumin/projects/RGMC/data/map/robot1/masks/0295_mask.png
296,0.92,0.25,,463.59843205574913,457.82142857142856,1,0.0,0.07037700451095562,0.09159876308266449,1777479074.4533548,5,/Users/kimsumin/projects/RGMC/data/map/robot1/images/0296.png,/Users/kimsumin/projects/RGMC/data/map/robot1/overlays/0296_overlay.png,/Users/kimsumin/projects/RGMC/data/map/robot1/masks/0296_mask.png
297,0.92,0.28125,,450.2314487632509,458.09706144256455,1,0.0,0.31722879558683187,0.09138462057194906,1777479084.3974233,5,/Users/kimsumin/projects/RGMC/data/map/robot1/images/0297.png,/Users/kimsumin/projects/RGMC/data/map/robot1/overlays/0297_overlay.png,/Users/kimsumin/projects/RGMC/data/map/robot1/masks/0297_mask.png
298,0.89125,0.28125,,449.47518923465094,445.36204013377926,1,0.0,0.051604743099639624,0.050348025264342025,1777479094.617413,5,/Users/kimsumin/projects/RGMC/data/map/robot1/images/0298.png,/Users/kimsumin/projects/RGMC/data/map/robot1/overlays/0298_overlay.png,/Users/kimsumin/projects/RGMC/data/map/robot1/masks/0298_mask.png
299,0.8625,0.28125,,448.6347826086957,432.8336221837088,1,0.0,0.033101724110530535,0.03978784784574991,1777479104.6289127,5,/Users/kimsumin/projects/RGMC/data/map/robot1/images/0299.png,/Users/kimsumin/projects/RGMC/data/map/robot1/overlays/0299_overlay.png,/Users/kimsumin/projects/RGMC/data/map/robot1/masks/0299_mask.png
300,0.83375,0.28125,,448.85224274406335,420.11842105263156,1,0.0,0.4114222097426118,0.39448237529905256,1777479114.2790632,5,/Users/kimsumin/projects/RGMC/data/map/robot1/images/0300.png,/Users/kimsumin/projects/RGMC/data/map/robot1/overlays/0300_overlay.png,/Users/kimsumin/projects/RGMC/data/map/robot1/masks/0300_mask.png
301,0.805,0.28125,,448.6649659863946,406.77241962774957,1,0.0,0.21585910549622228,0.10892053075318245,1777479123.8445122,5,/Users/kimsumin/projects/RGMC/data/map/robot1/images/0301.png,/Users/kimsumin/projects/RGMC/data/map/robot1/overlays/0301_overlay.png,/Users/kimsumin/projects/RGMC/data/map/robot1/masks/0301_mask.png
302,0.77625,0.28125,,449.11053984575835,393.848976109215,1,0.0,0.2262865570381489,0.07671153373208707,1777479133.37554,5,/Users/kimsumin/projects/RGMC/data/map/robot1/images/0302.png,/Users/kimsumin/projects/RGMC/data/map/robot1/overlays/0302_overlay.png,/Users/kimsumin/projects/RGMC/data/map/robot1/masks/0302_mask.png
303,0.7475,0.28125,,449.0650205761317,381.2087254063302,1,0.0,0.3501550633053066,0.0818497920483506,1777479143.115478,5,/Users/kimsumin/projects/RGMC/data/map/robot1/images/0303.png,/Users/kimsumin/projects/RGMC/data/map/robot1/overlays/0303_overlay.png,/Users/kimsumin/projects/RGMC/data/map/robot1/masks/0303_mask.png
304,0.71875,0.28125,,448.46127366609295,368.5197934595525,1,0.0,0.26151340823268854,0.10126143686665409,1777479152.6873815,5,/Users/kimsumin/projects/RGMC/data/map/robot1/images/0304.png,/Users/kimsumin/projects/RGMC/data/map/robot1/overlays/0304_overlay.png,/Users/kimsumin/projects/RGMC/data/map/robot1/masks/0304_mask.png
305,0.6900000000000001,0.28125,,448.9665306122449,355.3954434499593,1,0.0,0.28248541279738404,0.10318483215452197,1777479162.2600951,5,/Users/kimsumin/projects/RGMC/data/map/robot1/images/0305.png,/Users/kimsumin/projects/RGMC/data/map/robot1/overlays/0305_overlay.png,/Users/kimsumin/projects/RGMC/data/map/robot1/masks/0305_mask.png
306,0.66125,0.28125,,448.8079191238416,342.2935855263158,1,0.0,0.270931137235627,0.09379832709420349,1777479172.4629347,5,/Users/kimsumin/projects/RGMC/data/map/robot1/images/0306.png,/Users/kimsumin/projects/RGMC/data/map/robot1/overlays/0306_overlay.png,/Users/kimsumin/projects/RGMC/data/map/robot1/masks/0306_mask.png
307,0.6325000000000001,0.28125,,449.37510373443985,329.73905862923203,1,0.0,0.06291269489543551,0.0707934286861078,1777479182.4339395,5,/Users/kimsumin/projects/RGMC/data/map/robot1/images/0307.png,/Users/kimsumin/projects/RGMC/data/map/robot1/overlays/0307_overlay.png,/Users/kimsumin/projects/RGMC/data/map/robot1/masks/0307_mask.png
308,0.60375,0.28125,,449.25758818703855,317.01395730706076,1,0.0,0.27960544203802035,0.08384403474968022,1777479192.1225138,5,/Users/kimsumin/projects/RGMC/data/map/robot1/images/0308.png,/Users/kimsumin/projects/RGMC/data/map/robot1/overlays/0308_overlay.png,/Users/kimsumin/projects/RGMC/data/map/robot1/masks/0308_mask.png
309,0.5750000000000001,0.28125,,449.0758676351897,303.8321226795803,1,0.0,0.27753754168412936,0.09969402743814036,1777479202.4621406,5,/Users/kimsumin/projects/RGMC/data/map/robot1/images/0309.png,/Users/kimsumin/projects/RGMC/data/map/robot1/overlays/0309_overlay.png,/Users/kimsumin/projects/RGMC/data/map/robot1/masks/0309_mask.png
310,0.54625,0.28125,,448.79780960404383,290.71416666666664,1,0.0,0.16229898621423838,0.045069755301440695,1777479211.941026,5,/Users/kimsumin/projects/RGMC/data/map/robot1/images/0310.png,/Users/kimsumin/projects/RGMC/data/map/robot1/overlays/0310_overlay.png,/Users/kimsumin/projects/RGMC/data/map/robot1/masks/0310_mask.png
311,0.5175000000000001,0.28125,,448.68003412969284,277.9165247018739,1,0.0,0.04176356478644257,0.06333455890200182,1777479221.602962,5,/Users/kimsumin/projects/RGMC/data/map/robot1/images/0311.png,/Users/kimsumin/projects/RGMC/data/map/robot1/overlays/0311_overlay.png,/Users/kimsumin/projects/RGMC/data/map/robot1/masks/0311_mask.png
312,0.48875,0.28125,,449.55713094245203,265.4792358803987,1,0.0,0.10409128557504,0.0461351466696702,1777479231.268224,5,/Users/kimsumin/projects/RGMC/data/map/robot1/images/0312.png,/Users/kimsumin/projects/RGMC/data/map/robot1/overlays/0312_overlay.png,/Users/kimsumin/projects/RGMC/data/map/robot1/masks/0312_mask.png
313,0.46,0.28125,,450.5021720243267,253.00434404865334,1,0.0,0.32912364731763083,0.049117370241365206,1777479240.8790352,5,/Users/kimsumin/projects/RGMC/data/map/robot1/images/0313.png,/Users/kimsumin/projects/RGMC/data/map/robot1/overlays/0313_overlay.png,/Users/kimsumin/projects/RGMC/data/map/robot1/masks/0313_mask.png
314,0.43125,0.28125,,449.8231017770598,239.5767366720517,1,0.0,0.05695406688934887,0.036548832282845674,1777479250.518418,5,/Users/kimsumin/projects/RGMC/data/map/robot1/images/0314.png,/Users/kimsumin/projects/RGMC/data/map/robot1/overlays/0314_overlay.png,/Users/kimsumin/projects/RGMC/data/map/robot1/masks/0314_mask.png
315,0.4025,0.28125,,449.9830651989839,226.28450465707027,1,0.0,0.26125162167579896,0.04769609492998683,1777479260.1815765,5,/Users/kimsumin/projects/RGMC/data/map/robot1/images/0315.png,/Users/kimsumin/projects/RGMC/data/map/robot1/overlays/0315_overlay.png,/Users/kimsumin/projects/RGMC/data/map/robot1/masks/0315_mask.png
316,0.37375,0.28125,,450.20116861435724,213.70965058236274,1,0.0,0.029598588296912438,0.061271142950948494,1777479271.2009237,5,/Users/kimsumin/projects/RGMC/data/map/robot1/images/0316.png,/Users/kimsumin/projects/RGMC/data/map/robot1/overlays/0316_overlay.png,/Users/kimsumin/projects/RGMC/data/map/robot1/masks/0316_mask.png
317,0.34500000000000003,0.28125,,450.43809523809523,201.08623693379792,1,0.0,0.0628134315251219,0.03782901606037788,1777479281.6735444,5,/Users/kimsumin/projects/RGMC/data/map/robot1/images/0317.png,/Users/kimsumin/projects/RGMC/data/map/robot1/overlays/0317_overlay.png,/Users/kimsumin/projects/RGMC/data/map/robot1/masks/0317_mask.png
318,0.31625000000000003,0.28125,,449.8988294314381,188.43843594009982,1,0.0,0.25015199719575226,0.09874153361325247,1777479291.1576257,5,/Users/kimsumin/projects/RGMC/data/map/robot1/images/0318.png,/Users/kimsumin/projects/RGMC/data/map/robot1/overlays/0318_overlay.png,/Users/kimsumin/projects/RGMC/data/map/robot1/masks/0318_mask.png
319,0.28750000000000003,0.28125,,449.7977346278317,174.9902912621359,1,0.0,0.049101911543302235,0.03843891720216786,1777479300.6987896,5,/Users/kimsumin/projects/RGMC/data/map/robot1/images/0319.png,/Users/kimsumin/projects/RGMC/data/map/robot1/overlays/0319_overlay.png,/Users/kimsumin/projects/RGMC/data/map/robot1/masks/0319_mask.png
320,0.25875000000000004,0.28125,,450.5235646958012,162.46443873179092,1,0.0,0.0633862376149896,0.02194292506056201,1777479311.4325633,5,/Users/kimsumin/projects/RGMC/data/map/robot1/images/0320.png,/Users/kimsumin/projects/RGMC/data/map/robot1/overlays/0320_overlay.png,/Users/kimsumin/projects/RGMC/data/map/robot1/masks/0320_mask.png
321,0.23,0.28125,,450.86172006745363,149.97470489038787,1,0.0,0.327562225488357,0.05221067687190428,1777479321.0500054,5,/Users/kimsumin/projects/RGMC/data/map/robot1/images/0321.png,/Users/kimsumin/projects/RGMC/data/map/robot1/overlays/0321_overlay.png,/Users/kimsumin/projects/RGMC/data/map/robot1/masks/0321_mask.png
322,0.20125,0.28125,,450.50600343053173,137.1432269197584,1,0.0,0.061263768241069966,0.016935355379256677,1777479331.5569654,5,/Users/kimsumin/projects/RGMC/data/map/robot1/images/0322.png,/Users/kimsumin/projects/RGMC/data/map/robot1/overlays/0322_overlay.png,/Users/kimsumin/projects/RGMC/data/map/robot1/masks/0322_mask.png
323,0.17250000000000001,0.28125,,450.90387858347384,124.88983050847457,1,0.0,0.0629232086723858,0.06802315882529233,1777479341.970305,5,/Users/kimsumin/projects/RGMC/data/map/robot1/images/0323.png,/Users/kimsumin/projects/RGMC/data/map/robot1/overlays/0323_overlay.png,/Users/kimsumin/projects/RGMC/data/map/robot1/masks/0323_mask.png
324,0.14375000000000002,0.28125,,450.8761354252684,111.2336227308603,1,0.0,0.3651956786695987,0.08449166413277126,1777479351.7709446,5,/Users/kimsumin/projects/RGMC/data/map/robot1/images/0324.png,/Users/kimsumin/projects/RGMC/data/map/robot1/overlays/0324_overlay.png,/Users/kimsumin/projects/RGMC/data/map/robot1/masks/0324_mask.png
325,0.115,0.28125,,450.81589958159,98.37617021276596,1,0.0,0.04021162517783257,0.11785072250094109,1777479361.4694004,5,/Users/kimsumin/projects/RGMC/data/map/robot1/images/0325.png,/Users/kimsumin/projects/RGMC/data/map/robot1/overlays/0325_overlay.png,/Users/kimsumin/projects/RGMC/data/map/robot1/masks/0325_mask.png
326,0.08625000000000001,0.28125,,451.2485106382979,85.69602032176122,1,0.0,0.04458305922116718,0.03904558014174769,1777479371.054697,5,/Users/kimsumin/projects/RGMC/data/map/robot1/images/0326.png,/Users/kimsumin/projects/RGMC/data/map/robot1/overlays/0326_overlay.png,/Users/kimsumin/projects/RGMC/data/map/robot1/masks/0326_mask.png
327,0.0575,0.28125,,450.6412478336222,73.38695652173914,1,0.0,0.051641700403682315,0.03479659882411888,1777479381.5520377,5,/Users/kimsumin/projects/RGMC/data/map/robot1/images/0327.png,/Users/kimsumin/projects/RGMC/data/map/robot1/overlays/0327_overlay.png,/Users/kimsumin/projects/RGMC/data/map/robot1/masks/0327_mask.png
328,0.02875,0.28125,,450.780487804878,60.20559930008749,1,0.0,0.0817901044491349,0.048906659708691444,1777479391.1900346,5,/Users/kimsumin/projects/RGMC/data/map/robot1/images/0328.png,/Users/kimsumin/projects/RGMC/data/map/robot1/overlays/0328_overlay.png,/Users/kimsumin/projects/RGMC/data/map/robot1/masks/0328_mask.png
329,0.0,0.28125,,451.0033305578684,47.10322047894302,1,0.0,0.0430492571630073,0.11509273666733463,1777479400.7849798,5,/Users/kimsumin/projects/RGMC/data/map/robot1/images/0329.png,/Users/kimsumin/projects/RGMC/data/map/robot1/overlays/0329_overlay.png,/Users/kimsumin/projects/RGMC/data/map/robot1/masks/0329_mask.png
330,0.0,0.3125,,436.2760942760943,46.568708609271525,1,0.0,0.0500933204834657,0.10072543833814439,1777479410.6418617,5,/Users/kimsumin/projects/RGMC/data/map/robot1/images/0330.png,/Users/kimsumin/projects/RGMC/data/map/robot1/overlays/0330_overlay.png,/Users/kimsumin/projects/RGMC/data/map/robot1/masks/0330_mask.png
331,0.02875,0.3125,,436.13157894736844,60.259574468085106,1,0.0,0.05695833989017881,0.03364212591191774,1777479420.2873654,5,/Users/kimsumin/projects/RGMC/data/map/robot1/images/0331.png,/Users/kimsumin/projects/RGMC/data/map/robot1/overlays/0331_overlay.png,/Users/kimsumin/projects/RGMC/data/map/robot1/masks/0331_mask.png
332,0.0575,0.3125,,436.16243654822335,72.91109229466554,1,0.0,0.016367200437802047,0.0465237345072242,1777479431.2454937,5,/Users/kimsumin/projects/RGMC/data/map/robot1/images/0332.png,/Users/kimsumin/projects/RGMC/data/map/robot1/overlays/0332_overlay.png,/Users/kimsumin/projects/RGMC/data/map/robot1/masks/0332_mask.png
333,0.08625000000000001,0.3125,,436.21160409556313,85.47440273037543,1,0.0,0.03512757988601491,0.0699109095682524,1777479441.1785426,5,/Users/kimsumin/projects/RGMC/data/map/robot1/images/0333.png,/Users/kimsumin/projects/RGMC/data/map/robot1/overlays/0333_overlay.png,/Users/kimsumin/projects/RGMC/data/map/robot1/masks/0333_mask.png
334,0.115,0.3125,,436.2550505050505,98.08277027027027,1,0.0,0.061115930078304646,0.03877380290704074,1777479450.804152,5,/Users/kimsumin/projects/RGMC/data/map/robot1/images/0334.png,/Users/kimsumin/projects/RGMC/data/map/robot1/overlays/0334_overlay.png,/Users/kimsumin/projects/RGMC/data/map/robot1/masks/0334_mask.png
335,0.14375000000000002,0.3125,,436.0158201498751,110.81094527363184,1,0.0,0.013535843803903451,0.0696879435035381,1777479461.2771795,5,/Users/kimsumin/projects/RGMC/data/map/robot1/images/0335.png,/Users/kimsumin/projects/RGMC/data/map/robot1/overlays/0335_overlay.png,/Users/kimsumin/projects/RGMC/data/map/robot1/masks/0335_mask.png
336,0.17250000000000001,0.3125,,435.9597602739726,124.68143100511074,1,0.0,0.04836482287061416,0.052035257410669535,1777479470.9027777,5,/Users/kimsumin/projects/RGMC/data/map/robot1/images/0336.png,/Users/kimsumin/projects/RGMC/data/map/robot1/overlays/0336_overlay.png,/Users/kimsumin/projects/RGMC/data/map/robot1/masks/0336_mask.png
337,0.20125,0.3125,,435.92942176870747,136.88455008488964,1,0.0,0.035334318185287705,0.05154417690159493,1777479481.2474868,5,/Users/kimsumin/projects/RGMC/data/map/robot1/images/0337.png,/Users/kimsumin/projects/RGMC/data/map/robot1/overlays/0337_overlay.png,/Users/kimsumin/projects/RGMC/data/map/robot1/masks/0337_mask.png
338,0.23,0.3125,,435.87617421007684,149.47485080988918,1,0.0,0.026131036796290214,0.08275578108067513,1777479490.8162885,5,/Users/kimsumin/projects/RGMC/data/map/robot1/images/0338.png,/Users/kimsumin/projects/RGMC/data/map/robot1/overlays/0338_overlay.png,/Users/kimsumin/projects/RGMC/data/map/robot1/masks/0338_mask.png
339,0.25875000000000004,0.3125,,435.7919123841618,162.30613961312028,1,0.0,0.03597409267239424,0.037275166291515005,1777479500.4107096,5,/Users/kimsumin/projects/RGMC/data/map/robot1/images/0339.png,/Users/kimsumin/projects/RGMC/data/map/robot1/overlays/0339_overlay.png,/Users/kimsumin/projects/RGMC/data/map/robot1/masks/0339_mask.png
340,0.28750000000000003,0.3125,,435.8150627615063,175.02510460251045,1,0.0,0.05709694433096575,0.13689549862362535,1777479510.0330062,5,/Users/kimsumin/projects/RGMC/data/map/robot1/images/0340.png,/Users/kimsumin/projects/RGMC/data/map/robot1/overlays/0340_overlay.png,/Users/kimsumin/projects/RGMC/data/map/robot1/masks/0340_mask.png
341,0.31625000000000003,0.3125,,435.70989761092153,188.56351236146634,1,0.0,0.03403675843048664,0.05590550728834874,1777479519.630493,5,/Users/kimsumin/projects/RGMC/data/map/robot1/images/0341.png,/Users/kimsumin/projects/RGMC/data/map/robot1/overlays/0341_overlay.png,/Users/kimsumin/projects/RGMC/data/map/robot1/masks/0341_mask.png
342,0.34500000000000003,0.3125,,435.7328178694158,201.00683760683762,1,0.0,0.04257318700905932,0.04470899936390065,1777479529.228817,5,/Users/kimsumin/projects/RGMC/data/map/robot1/images/0342.png,/Users/kimsumin/projects/RGMC/data/map/robot1/overlays/0342_overlay.png,/Users/kimsumin/projects/RGMC/data/map/robot1/masks/0342_mask.png
343,0.37375,0.3125,,435.86324786324786,213.71245733788396,1,0.0,0.06580634833656542,0.06038429995011694,1777479538.7808678,5,/Users/kimsumin/projects/RGMC/data/map/robot1/images/0343.png,/Users/kimsumin/projects/RGMC/data/map/robot1/overlays/0343_overlay.png,/Users/kimsumin/projects/RGMC/data/map/robot1/masks/0343_mask.png
344,0.4025,0.3125,,435.82057823129253,226.31329381879763,1,0.0,0.04993002431654647,0.04391538615734852,1777479548.3177574,5,/Users/kimsumin/projects/RGMC/data/map/robot1/images/0344.png,/Users/kimsumin/projects/RGMC/data/map/robot1/overlays/0344_overlay.png,/Users/kimsumin/projects/RGMC/data/map/robot1/masks/0344_mask.png
345,0.43125,0.3125,,435.80639868744873,239.28606356968214,1,0.0,0.0714692511373349,0.14132817169131706,1777479557.9869006,5,/Users/kimsumin/projects/RGMC/data/map/robot1/images/0345.png,/Users/kimsumin/projects/RGMC/data/map/robot1/overlays/0345_overlay.png,/Users/kimsumin/projects/RGMC/data/map/robot1/masks/0345_mask.png
346,0.46,0.3125,,435.64974182444064,252.61736887360274,1,0.0,0.04428716182804645,0.04374547299267629,1777479567.6116645,5,/Users/kimsumin/projects/RGMC/data/map/robot1/images/0346.png,/Users/kimsumin/projects/RGMC/data/map/robot1/overlays/0346_overlay.png,/Users/kimsumin/projects/RGMC/data/map/robot1/masks/0346_mask.png
347,0.48875,0.3125,,435.67679324894516,265.73164556962024,1,0.0,0.03115451016534564,0.08127915644039795,1777479577.321061,5,/Users/kimsumin/projects/RGMC/data/map/robot1/images/0347.png,/Users/kimsumin/projects/RGMC/data/map/robot1/overlays/0347_overlay.png,/Users/kimsumin/projects/RGMC/data/map/robot1/masks/0347_mask.png
348,0.5175000000000001,0.3125,,435.6085106382979,277.86382978723407,1,0.0,0.027295559782528588,0.05009144326120125,1777479586.8827295,5,/Users/kimsumin/projects/RGMC/data/map/robot1/images/0348.png,/Users/kimsumin/projects/RGMC/data/map/robot1/overlays/0348_overlay.png,/Users/kimsumin/projects/RGMC/data/map/robot1/masks/0348_mask.png
349,0.54625,0.3125,,435.3981403212172,290.5628691983122,1,0.0,0.0717820702413842,0.08600446188904375,1777479596.4443262,5,/Users/kimsumin/projects/RGMC/data/map/robot1/images/0349.png,/Users/kimsumin/projects/RGMC/data/map/robot1/overlays/0349_overlay.png,/Users/kimsumin/projects/RGMC/data/map/robot1/masks/0349_mask.png
350,0.5750000000000001,0.3125,,435.4,303.55823627287856,1,0.0,0.044093654419030126,0.023272238854394483,1777479606.124613,5,/Users/kimsumin/projects/RGMC/data/map/robot1/images/0350.png,/Users/kimsumin/projects/RGMC/data/map/robot1/overlays/0350_overlay.png,/Users/kimsumin/projects/RGMC/data/map/robot1/masks/0350_mask.png
351,0.60375,0.3125,,435.45260461144323,316.9597602739726,1,0.0,0.028270130364795164,0.0750741540260916,1777479615.7442524,5,/Users/kimsumin/projects/RGMC/data/map/robot1/images/0351.png,/Users/kimsumin/projects/RGMC/data/map/robot1/overlays/0351_overlay.png,/Users/kimsumin/projects/RGMC/data/map/robot1/masks/0351_mask.png
352,0.6325000000000001,0.3125,,435.3486394557823,329.7813559322034,1,0.0,0.038643712656336066,0.0684540429838713,1777479625.3012712,5,/Users/kimsumin/projects/RGMC/data/map/robot1/images/0352.png,/Users/kimsumin/projects/RGMC/data/map/robot1/overlays/0352_overlay.png,/Users/kimsumin/projects/RGMC/data/map/robot1/masks/0352_mask.png
353,0.66125,0.3125,,435.44558697515,342.07026563838906,1,0.0,0.00808697748073244,0.010589846747001516,1777479635.548845,5,/Users/kimsumin/projects/RGMC/data/map/robot1/images/0353.png,/Users/kimsumin/projects/RGMC/data/map/robot1/overlays/0353_overlay.png,/Users/kimsumin/projects/RGMC/data/map/robot1/masks/0353_mask.png
354,0.6900000000000001,0.3125,,435.3391959798995,355.0430743243243,1,0.0,0.02413871985246053,0.10633585068796049,1777479647.223167,5,/Users/kimsumin/projects/RGMC/data/map/robot1/images/0354.png,/Users/kimsumin/projects/RGMC/data/map/robot1/overlays/0354_overlay.png,/Users/kimsumin/projects/RGMC/data/map/robot1/masks/0354_mask.png
355,0.71875,0.3125,,435.4043082021541,367.9494195688226,1,0.0,0.04603564806318839,0.10305152991449232,1777479656.8718038,5,/Users/kimsumin/projects/RGMC/data/map/robot1/images/0355.png,/Users/kimsumin/projects/RGMC/data/map/robot1/overlays/0355_overlay.png,/Users/kimsumin/projects/RGMC/data/map/robot1/masks/0355_mask.png
356,0.7475,0.3125,,435.4551002615519,381.19293712316966,1,0.0,0.02768827493940846,0.06291844919193951,1777479666.483233,5,/Users/kimsumin/projects/RGMC/data/map/robot1/images/0356.png,/Users/kimsumin/projects/RGMC/data/map/robot1/overlays/0356_overlay.png,/Users/kimsumin/projects/RGMC/data/map/robot1/masks/0356_mask.png
357,0.77625,0.3125,,435.43004291845494,393.7969151670951,1,0.0,0.04486101235415536,0.049185706558267865,1777479676.0898488,5,/Users/kimsumin/projects/RGMC/data/map/robot1/images/0357.png,/Users/kimsumin/projects/RGMC/data/map/robot1/overlays/0357_overlay.png,/Users/kimsumin/projects/RGMC/data/map/robot1/masks/0357_mask.png
358,0.805,0.3125,,435.4982638888889,406.1822916666667,1,0.0,0.028258316612779444,0.050066275356721764,1777479685.7019172,5,/Users/kimsumin/projects/RGMC/data/map/robot1/images/0358.png,/Users/kimsumin/projects/RGMC/data/map/robot1/overlays/0358_overlay.png,/Users/kimsumin/projects/RGMC/data/map/robot1/masks/0358_mask.png
359,0.83375,0.3125,,435.7157190635451,419.40502092050207,1,0.0,0.03656399825082578,0.048834226610918005,1777479695.348246,5,/Users/kimsumin/projects/RGMC/data/map/robot1/images/0359.png,/Users/kimsumin/projects/RGMC/data/map/robot1/overlays/0359_overlay.png,/Users/kimsumin/projects/RGMC/data/map/robot1/masks/0359_mask.png
360,0.8625,0.3125,,435.4496937882765,432.63508771929827,1,0.0,0.059128198124868775,0.07025493204565184,1777479704.9669192,5,/Users/kimsumin/projects/RGMC/data/map/robot1/images/0360.png,/Users/kimsumin/projects/RGMC/data/map/robot1/overlays/0360_overlay.png,/Users/kimsumin/projects/RGMC/data/map/robot1/masks/0360_mask.png
361,0.89125,0.3125,,435.56955380577426,445.2869641294838,1,0.0,0.03365277255170497,0.024661306994057518,1777479714.5265806,5,/Users/kimsumin/projects/RGMC/data/map/robot1/images/0361.png,/Users/kimsumin/projects/RGMC/data/map/robot1/overlays/0361_overlay.png,/Users/kimsumin/projects/RGMC/data/map/robot1/masks/0361_mask.png
362,0.92,0.3125,,435.53339041095893,458.11196581196583,1,0.0,0.05446548083953177,0.05289606941461395,1777479724.7913287,5,/Users/kimsumin/projects/RGMC/data/map/robot1/images/0362.png,/Users/kimsumin/projects/RGMC/data/map/robot1/overlays/0362_overlay.png,/Users/kimsumin/projects/RGMC/data/map/robot1/masks/0362_mask.png
363,0.92,0.34375,,421.69134775374374,458.20506329113925,1,0.0,0.37878136318234795,0.06056752580258452,1777479735.3790283,5,/Users/kimsumin/projects/RGMC/data/map/robot1/images/0363.png,/Users/kimsumin/projects/RGMC/data/map/robot1/overlays/0363_overlay.png,/Users/kimsumin/projects/RGMC/data/map/robot1/masks/0363_mask.png
364,0.89125,0.34375,,420.676116838488,445.35051546391753,1,0.0,0.0991049911118974,0.04646177030296276,1777479744.9692066,5,/Users/kimsumin/projects/RGMC/data/map/robot1/images/0364.png,/Users/kimsumin/projects/RGMC/data/map/robot1/overlays/0364_overlay.png,/Users/kimsumin/projects/RGMC/data/map/robot1/masks/0364_mask.png
365,0.8625,0.34375,,421.0997464074387,432.91942324003395,1,0.0,0.0746627873293592,0.02371495538648225,1777479754.5718338,5,/Users/kimsumin/projects/RGMC/data/map/robot1/images/0365.png,/Users/kimsumin/projects/RGMC/data/map/robot1/overlays/0365_overlay.png,/Users/kimsumin/projects/RGMC/data/map/robot1/masks/0365_mask.png
366,0.83375,0.34375,,421.32409012131717,420.20157068062827,1,0.0,0.07122542382049847,0.11116344192292826,1777479764.2196772,5,/Users/kimsumin/projects/RGMC/data/map/robot1/images/0366.png,/Users/kimsumin/projects/RGMC/data/map/robot1/overlays/0366_overlay.png,/Users/kimsumin/projects/RGMC/data/map/robot1/masks/0366_mask.png
367,0.805,0.34375,,420.86251067463706,406.4431137724551,1,0.0,0.15354933883682956,0.10104080689761398,1777479773.8988512,5,/Users/kimsumin/projects/RGMC/data/map/robot1/images/0367.png,/Users/kimsumin/projects/RGMC/data/map/robot1/overlays/0367_overlay.png,/Users/kimsumin/projects/RGMC/data/map/robot1/masks/0367_mask.png
368,0.77625,0.34375,,421.076724137931,393.99055793991414,1,0.0,0.11165777187630567,0.032438649836104526,1777479784.5010567,5,/Users/kimsumin/projects/RGMC/data/map/robot1/images/0368.png,/Users/kimsumin/projects/RGMC/data/map/robot1/overlays/0368_overlay.png,/Users/kimsumin/projects/RGMC/data/map/robot1/masks/0368_mask.png
369,0.7475,0.34375,,420.820819112628,381.36092150170646,1,0.0,0.06628761530928994,0.013631756942004844,1777479796.8640075,5,/Users/kimsumin/projects/RGMC/data/map/robot1/images/0369.png,/Users/kimsumin/projects/RGMC/data/map/robot1/overlays/0369_overlay.png,/Users/kimsumin/projects/RGMC/data/map/robot1/masks/0369_mask.png
370,0.71875,0.34375,,420.9130434782609,368.55652173913046,1,0.0,0.2484796693935445,0.22742963723355683,1777479807.4272149,5,/Users/kimsumin/projects/RGMC/data/map/robot1/images/0370.png,/Users/kimsumin/projects/RGMC/data/map/robot1/overlays/0370_overlay.png,/Users/kimsumin/projects/RGMC/data/map/robot1/masks/0370_mask.png
371,0.6900000000000001,0.34375,,420.4667221297837,355.5993349958437,1,0.0,0.06155622904455457,0.044435717278115565,1777479817.0851216,5,/Users/kimsumin/projects/RGMC/data/map/robot1/images/0371.png,/Users/kimsumin/projects/RGMC/data/map/robot1/overlays/0371_overlay.png,/Users/kimsumin/projects/RGMC/data/map/robot1/masks/0371_mask.png
372,0.66125,0.34375,,420.74831081081084,342.27989821882954,1,0.0,0.1412710698099005,0.08601729934503083,1777479826.8525581,5,/Users/kimsumin/projects/RGMC/data/map/robot1/images/0372.png,/Users/kimsumin/projects/RGMC/data/map/robot1/overlays/0372_overlay.png,/Users/kimsumin/projects/RGMC/data/map/robot1/masks/0372_mask.png
373,0.6325000000000001,0.34375,,421.1975,329.7944969905417,1,0.0,0.22385811878331655,0.037948133301301076,1777479836.6870127,5,/Users/kimsumin/projects/RGMC/data/map/robot1/images/0373.png,/Users/kimsumin/projects/RGMC/data/map/robot1/overlays/0373_overlay.png,/Users/kimsumin/projects/RGMC/data/map/robot1/masks/0373_mask.png
374,0.60375,0.34375,,421.078348778433,316.93407534246575,1,0.0,0.05616673346824299,0.04575924756985948,1777479846.3280401,5,/Users/kimsumin/projects/RGMC/data/map/robot1/images/0374.png,/Users/kimsumin/projects/RGMC/data/map/robot1/overlays/0374_overlay.png,/Users/kimsumin/projects/RGMC/data/map/robot1/masks/0374_mask.png
375,0.5750000000000001,0.34375,,421.0377668308703,303.4860883797054,1,0.0,0.02715340291192685,0.06554738081116579,1777479856.600192,5,/Users/kimsumin/projects/RGMC/data/map/robot1/images/0375.png,/Users/kimsumin/projects/RGMC/data/map/robot1/overlays/0375_overlay.png,/Users/kimsumin/projects/RGMC/data/map/robot1/masks/0375_mask.png
376,0.54625,0.34375,,420.9686440677966,290.64912280701753,1,0.0,0.0400024385564691,0.03966293273271309,1777479866.1099422,5,/Users/kimsumin/projects/RGMC/data/map/robot1/images/0376.png,/Users/kimsumin/projects/RGMC/data/map/robot1/overlays/0376_overlay.png,/Users/kimsumin/projects/RGMC/data/map/robot1/masks/0376_mask.png
377,0.5175000000000001,0.34375,,420.73292999135697,277.7484874675886,1,0.0,0.09733366471536081,0.04129532725905138,1777479875.7116454,5,/Users/kimsumin/projects/RGMC/data/map/robot1/images/0377.png,/Users/kimsumin/projects/RGMC/data/map/robot1/overlays/0377_overlay.png,/Users/kimsumin/projects/RGMC/data/map/robot1/masks/0377_mask.png
378,0.48875,0.34375,,421.30703986429177,265.44165946413136,1,0.0,0.1520282757098286,0.05430261366481185,1777479885.2880301,5,/Users/kimsumin/projects/RGMC/data/map/robot1/images/0378.png,/Users/kimsumin/projects/RGMC/data/map/robot1/overlays/0378_overlay.png,/Users/kimsumin/projects/RGMC/data/map/robot1/masks/0378_mask.png
379,0.46,0.34375,,421.1491002570694,252.7985927880387,1,0.0,0.12936598115852985,0.11798809686573983,1777479895.8347833,5,/Users/kimsumin/projects/RGMC/data/map/robot1/images/0379.png,/Users/kimsumin/projects/RGMC/data/map/robot1/overlays/0379_overlay.png,/Users/kimsumin/projects/RGMC/data/map/robot1/masks/0379_mask.png
380,0.43125,0.34375,,421.3169681309216,240.0353143841516,1,0.0,0.08142833801437685,0.11283044261516834,1777479905.3541665,5,/Users/kimsumin/projects/RGMC/data/map/robot1/images/0380.png,/Users/kimsumin/projects/RGMC/data/map/robot1/overlays/0380_overlay.png,/Users/kimsumin/projects/RGMC/data/map/robot1/masks/0380_mask.png
381,0.4025,0.34375,,421.44884488448844,226.27970297029702,1,0.0,0.05950973191197577,0.06683487473318636,1777479915.6721702,5,/Users/kimsumin/projects/RGMC/data/map/robot1/images/0381.png,/Users/kimsumin/projects/RGMC/data/map/robot1/overlays/0381_overlay.png,/Users/kimsumin/projects/RGMC/data/map/robot1/masks/0381_mask.png
382,0.37375,0.34375,,421.2158333333333,213.6619365609349,1,0.0,0.09718814455177854,0.04098612496780849,1777479926.2008939,5,/Users/kimsumin/projects/RGMC/data/map/robot1/images/0382.png,/Users/kimsumin/projects/RGMC/data/map/robot1/overlays/0382_overlay.png,/Users/kimsumin/projects/RGMC/data/map/robot1/masks/0382_mask.png
383,0.34500000000000003,0.34375,,421.5436408977556,200.90074441687344,1,0.0,0.0614994035735444,0.06862254302672613,1777479935.943357,5,/Users/kimsumin/projects/RGMC/data/map/robot1/images/0383.png,/Users/kimsumin/projects/RGMC/data/map/robot1/overlays/0383_overlay.png,/Users/kimsumin/projects/RGMC/data/map/robot1/masks/0383_mask.png
384,0.31625000000000003,0.34375,,421.35642737896495,188.75292153589317,1,0.0,0.050528565297963554,0.02087861454167484,1777479945.514011,5,/Users/kimsumin/projects/RGMC/data/map/robot1/images/0384.png,/Users/kimsumin/projects/RGMC/data/map/robot1/overlays/0384_overlay.png,/Users/kimsumin/projects/RGMC/data/map/robot1/masks/0384_mask.png
385,0.28750000000000003,0.34375,,421.3533278553821,175.05896805896805,1,0.0,0.08295786446517131,0.0907539925342903,1777479955.2620857,5,/Users/kimsumin/projects/RGMC/data/map/robot1/images/0385.png,/Users/kimsumin/projects/RGMC/data/map/robot1/overlays/0385_overlay.png,/Users/kimsumin/projects/RGMC/data/map/robot1/masks/0385_mask.png
386,0.25875000000000004,0.34375,,421.42857142857144,162.44557823129253,1,0.0,0.5061939015158876,0.04600367630731317,1777479965.2332606,5,/Users/kimsumin/projects/RGMC/data/map/robot1/images/0386.png,/Users/kimsumin/projects/RGMC/data/map/robot1/overlays/0386_overlay.png,/Users/kimsumin/projects/RGMC/data/map/robot1/masks/0386_mask.png
387,0.23,0.34375,,421.4954128440367,149.59019118869492,1,0.0,0.0700660787769013,0.04981414550257544,1777479975.7960231,5,/Users/kimsumin/projects/RGMC/data/map/robot1/images/0387.png,/Users/kimsumin/projects/RGMC/data/map/robot1/overlays/0387_overlay.png,/Users/kimsumin/projects/RGMC/data/map/robot1/masks/0387_mask.png
388,0.20125,0.34375,,421.61733442354864,136.98368678629691,1,0.0,0.05081137230634947,0.037095545974306726,1777479985.4148536,5,/Users/kimsumin/projects/RGMC/data/map/robot1/images/0388.png,/Users/kimsumin/projects/RGMC/data/map/robot1/overlays/0388_overlay.png,/Users/kimsumin/projects/RGMC/data/map/robot1/masks/0388_mask.png
389,0.17250000000000001,0.34375,,421.7968620974401,124.37076796036334,1,0.0,0.03656707691124878,0.01655269736476643,1777479995.074686,5,/Users/kimsumin/projects/RGMC/data/map/robot1/images/0389.png,/Users/kimsumin/projects/RGMC/data/map/robot1/overlays/0389_overlay.png,/Users/kimsumin/projects/RGMC/data/map/robot1/masks/0389_mask.png
390,0.14375000000000002,0.34375,,421.9713831478537,110.89904610492846,1,0.0,0.04031192270613538,0.07601141186588788,1777480004.6198123,5,/Users/kimsumin/projects/RGMC/data/map/robot1/images/0390.png,/Users/kimsumin/projects/RGMC/data/map/robot1/overlays/0390_overlay.png,/Users/kimsumin/projects/RGMC/data/map/robot1/masks/0390_mask.png
391,0.115,0.34375,,422.9020920502092,98.26861924686193,1,0.0,0.060046186360353554,0.03876783407617527,1777480014.1541417,5,/Users/kimsumin/projects/RGMC/data/map/robot1/images/0391.png,/Users/kimsumin/projects/RGMC/data/map/robot1/overlays/0391_overlay.png,/Users/kimsumin/projects/RGMC/data/map/robot1/masks/0391_mask.png
392,0.08625000000000001,0.34375,,422.9620253164557,85.55163727959697,1,0.0,0.05153369070432736,0.06365944569941562,1777480023.7603261,5,/Users/kimsumin/projects/RGMC/data/map/robot1/images/0392.png,/Users/kimsumin/projects/RGMC/data/map/robot1/overlays/0392_overlay.png,/Users/kimsumin/projects/RGMC/data/map/robot1/masks/0392_mask.png
393,0.0575,0.34375,,422.96875,73.13350125944585,1,0.0,0.0467960326573637,0.05166033341305511,1777480033.3180695,5,/Users/kimsumin/projects/RGMC/data/map/robot1/images/0393.png,/Users/kimsumin/projects/RGMC/data/map/robot1/overlays/0393_overlay.png,/Users/kimsumin/projects/RGMC/data/map/robot1/masks/0393_mask.png
394,0.02875,0.34375,,422.78,60.37391304347826,1,0.0,0.08360680400313791,0.05288180725428108,1777480042.9283943,5,/Users/kimsumin/projects/RGMC/data/map/robot1/images/0394.png,/Users/kimsumin/projects/RGMC/data/map/robot1/overlays/0394_overlay.png,/Users/kimsumin/projects/RGMC/data/map/robot1/masks/0394_mask.png
395,0.0,0.34375,,422.53068280034574,46.17804667242869,1,0.0,0.0745640023575226,0.04603849551334754,1777480052.5076582,5,/Users/kimsumin/projects/RGMC/data/map/robot1/images/0395.png,/Users/kimsumin/projects/RGMC/data/map/robot1/overlays/0395_overlay.png,/Users/kimsumin/projects/RGMC/data/map/robot1/masks/0395_mask.png
396,0.0,0.375,,408.008347245409,46.109271523178805,1,0.0,0.07485101189758453,0.08050935915575537,1777480062.1337435,5,/Users/kimsumin/projects/RGMC/data/map/robot1/images/0396.png,/Users/kimsumin/projects/RGMC/data/map/robot1/overlays/0396_overlay.png,/Users/kimsumin/projects/RGMC/data/map/robot1/masks/0396_mask.png
397,0.02875,0.375,,407.9747262005055,60.37385512073272,1,0.0,0.061449778595753964,0.04303513633321593,1777480071.8654082,5,/Users/kimsumin/projects/RGMC/data/map/robot1/images/0397.png,/Users/kimsumin/projects/RGMC/data/map/robot1/overlays/0397_overlay.png,/Users/kimsumin/projects/RGMC/data/map/robot1/masks/0397_mask.png
398,0.0575,0.375,,408.1439330543933,72.88748950461797,1,0.0,0.062071014561435336,0.04809187604136866,1777480081.4336042,5,/Users/kimsumin/projects/RGMC/data/map/robot1/images/0398.png,/Users/kimsumin/projects/RGMC/data/map/robot1/overlays/0398_overlay.png,/Users/kimsumin/projects/RGMC/data/map/robot1/masks/0398_mask.png
399,0.08625000000000001,0.375,,408.1454696591854,85.44147157190635,1,0.0,0.027031047204204142,0.06039928399789926,1777480091.0615408,5,/Users/kimsumin/projects/RGMC/data/map/robot1/images/0399.png,/Users/kimsumin/projects/RGMC/data/map/robot1/overlays/0399_overlay.png,/Users/kimsumin/projects/RGMC/data/map/robot1/masks/0399_mask.png
400,0.115,0.375,,408.03532380151387,98.02350965575147,1,0.0,0.04296121103769114,0.08959960924116171,1777480100.6122425,5,/Users/kimsumin/projects/RGMC/data/map/robot1/images/0400.png,/Users/kimsumin/projects/RGMC/data/map/robot1/overlays/0400_overlay.png,/Users/kimsumin/projects/RGMC/data/map/robot1/masks/0400_mask.png
401,0.14375000000000002,0.375,,407.9230769230769,111.20114006514657,1,0.0,0.03233636535411694,0.04547718174521954,1777480110.1119275,5,/Users/kimsumin/projects/RGMC/data/map/robot1/images/0401.png,/Users/kimsumin/projects/RGMC/data/map/robot1/overlays/0401_overlay.png,/Users/kimsumin/projects/RGMC/data/map/robot1/masks/0401_mask.png
402,0.17250000000000001,0.375,,407.77552742616035,124.38143459915612,1,0.0,0.036980005449506914,0.056790054711277856,1777480119.7138038,5,/Users/kimsumin/projects/RGMC/data/map/robot1/images/0402.png,/Users/kimsumin/projects/RGMC/data/map/robot1/overlays/0402_overlay.png,/Users/kimsumin/projects/RGMC/data/map/robot1/masks/0402_mask.png
403,0.20125,0.375,,407.79237288135596,136.97375105842505,1,0.0,0.033090533669828094,0.023825521201646657,1777480129.3641655,5,/Users/kimsumin/projects/RGMC/data/map/robot1/images/0403.png,/Users/kimsumin/projects/RGMC/data/map/robot1/overlays/0403_overlay.png,/Users/kimsumin/projects/RGMC/data/map/robot1/masks/0403_mask.png
404,0.23,0.375,,407.73423044575276,149.58957106812449,1,0.0,0.03037451782112983,0.023077059408201036,1777480138.9360926,5,/Users/kimsumin/projects/RGMC/data/map/robot1/images/0404.png,/Users/kimsumin/projects/RGMC/data/map/robot1/overlays/0404_overlay.png,/Users/kimsumin/projects/RGMC/data/map/robot1/masks/0404_mask.png
405,0.25875000000000004,0.375,,407.7000842459983,162.15221088435374,1,0.0,0.056429298132639374,0.03924456040073122,1777480148.49748,5,/Users/kimsumin/projects/RGMC/data/map/robot1/images/0405.png,/Users/kimsumin/projects/RGMC/data/map/robot1/overlays/0405_overlay.png,/Users/kimsumin/projects/RGMC/data/map/robot1/masks/0405_mask.png
406,0.28750000000000003,0.375,,407.60818713450294,175.04394693200663,1,0.0,0.04946668406155456,0.06518937322483045,1777480158.077919,5,/Users/kimsumin/projects/RGMC/data/map/robot1/images/0406.png,/Users/kimsumin/projects/RGMC/data/map/robot1/overlays/0406_overlay.png,/Users/kimsumin/projects/RGMC/data/map/robot1/masks/0406_mask.png
407,0.31625000000000003,0.375,,407.70379965457687,188.3678756476684,1,0.0,0.03148848263456192,0.030650983640662172,1777480167.6187935,5,/Users/kimsumin/projects/RGMC/data/map/robot1/images/0407.png,/Users/kimsumin/projects/RGMC/data/map/robot1/overlays/0407_overlay.png,/Users/kimsumin/projects/RGMC/data/map/robot1/masks/0407_mask.png
408,0.34500000000000003,0.375,,407.6896551724138,200.92156862745097,1,0.0,0.04745437712479994,0.0723907331424969,1777480177.1966007,5,/Users/kimsumin/projects/RGMC/data/map/robot1/images/0408.png,/Users/kimsumin/projects/RGMC/data/map/robot1/overlays/0408_overlay.png,/Users/kimsumin/projects/RGMC/data/map/robot1/masks/0408_mask.png
409,0.37375,0.375,,407.51535836177476,213.5072340425532,1,0.0,0.03096362504829248,0.043319416224264724,1777480186.8583663,5,/Users/kimsumin/projects/RGMC/data/map/robot1/images/0409.png,/Users/kimsumin/projects/RGMC/data/map/robot1/overlays/0409_overlay.png,/Users/kimsumin/projects/RGMC/data/map/robot1/masks/0409_mask.png
410,0.4025,0.375,,407.6853448275862,226.01633705932932,1,0.0,0.025433845209633536,0.07425767863832514,1777480196.8597705,5,/Users/kimsumin/projects/RGMC/data/map/robot1/images/0410.png,/Users/kimsumin/projects/RGMC/data/map/robot1/overlays/0410_overlay.png,/Users/kimsumin/projects/RGMC/data/map/robot1/masks/0410_mask.png
411,0.43125,0.375,,407.59140690817185,239.59416445623341,1,0.0,0.057469503963407255,0.3864437379060871,1777480206.4620278,5,/Users/kimsumin/projects/RGMC/data/map/robot1/images/0411.png,/Users/kimsumin/projects/RGMC/data/map/robot1/overlays/0411_overlay.png,/Users/kimsumin/projects/RGMC/data/map/robot1/masks/0411_mask.png
412,0.46,0.375,,407.3748910200523,252.60767218831734,1,0.0,0.043489174951213995,0.0469302958076906,1777480216.0572917,5,/Users/kimsumin/projects/RGMC/data/map/robot1/images/0412.png,/Users/kimsumin/projects/RGMC/data/map/robot1/overlays/0412_overlay.png,/Users/kimsumin/projects/RGMC/data/map/robot1/masks/0412_mask.png
413,0.48875,0.375,,407.60988074957413,265.2702472293265,1,0.0,0.043887090150558694,0.05992378091735556,1777480225.6152272,5,/Users/kimsumin/projects/RGMC/data/map/robot1/images/0413.png,/Users/kimsumin/projects/RGMC/data/map/robot1/overlays/0413_overlay.png,/Users/kimsumin/projects/RGMC/data/map/robot1/masks/0413_mask.png
414,0.5175000000000001,0.375,,407.51727115716756,277.69257340241796,1,0.0,0.03128486727310736,0.01956846922864577,1777480235.229168,5,/Users/kimsumin/projects/RGMC/data/map/robot1/images/0414.png,/Users/kimsumin/projects/RGMC/data/map/robot1/overlays/0414_overlay.png,/Users/kimsumin/projects/RGMC/data/map/robot1/masks/0414_mask.png
415,0.54625,0.375,,407.47129391602397,290.3762798634812,1,0.0,0.03113439286746645,0.07575561039527369,1777480244.7031515,5,/Users/kimsumin/projects/RGMC/data/map/robot1/images/0415.png,/Users/kimsumin/projects/RGMC/data/map/robot1/overlays/0415_overlay.png,/Users/kimsumin/projects/RGMC/data/map/robot1/masks/0415_mask.png
416,0.5750000000000001,0.375,,407.4848746758859,304.24477351916374,1,0.0,0.03638086201348622,0.3486383180845045,1777480254.2592392,5,/Users/kimsumin/projects/RGMC/data/map/robot1/images/0416.png,/Users/kimsumin/projects/RGMC/data/map/robot1/overlays/0416_overlay.png,/Users/kimsumin/projects/RGMC/data/map/robot1/masks/0416_mask.png
417,0.60375,0.375,,407.3194805194805,316.95030514385354,1,0.0,0.0486572850551614,0.03679241301607816,1777480263.8647254,5,/Users/kimsumin/projects/RGMC/data/map/robot1/images/0417.png,/Users/kimsumin/projects/RGMC/data/map/robot1/overlays/0417_overlay.png,/Users/kimsumin/projects/RGMC/data/map/robot1/masks/0417_mask.png
418,0.6325000000000001,0.375,,407.29803586678054,329.5738684884714,1,0.0,0.03085643260125827,0.03135374727798475,1777480273.449553,5,/Users/kimsumin/projects/RGMC/data/map/robot1/images/0418.png,/Users/kimsumin/projects/RGMC/data/map/robot1/overlays/0418_overlay.png,/Users/kimsumin/projects/RGMC/data/map/robot1/masks/0418_mask.png
419,0.66125,0.375,,407.37951807228916,342.0905982905983,1,0.0,0.03475216319841976,0.05837591170049074,1777480283.0637789,5,/Users/kimsumin/projects/RGMC/data/map/robot1/images/0419.png,/Users/kimsumin/projects/RGMC/data/map/robot1/overlays/0419_overlay.png,/Users/kimsumin/projects/RGMC/data/map/robot1/masks/0419_mask.png
420,0.6900000000000001,0.375,,407.2153716216216,354.8702611625948,1,0.0,0.03929943768913366,0.055257912987651044,1777480292.5943427,5,/Users/kimsumin/projects/RGMC/data/map/robot1/images/0420.png,/Users/kimsumin/projects/RGMC/data/map/robot1/overlays/0420_overlay.png,/Users/kimsumin/projects/RGMC/data/map/robot1/masks/0420_mask.png
421,0.71875,0.375,,407.4580863674852,367.77364864864865,1,0.0,0.05068549961170632,0.06661045695701034,1777480302.1344824,5,/Users/kimsumin/projects/RGMC/data/map/robot1/images/0421.png,/Users/kimsumin/projects/RGMC/data/map/robot1/overlays/0421_overlay.png,/Users/kimsumin/projects/RGMC/data/map/robot1/masks/0421_mask.png
422,0.7475,0.375,,407.3333333333333,381.0968020743302,1,0.0,0.01961987675312514,0.043896263735844314,1777480311.6929283,5,/Users/kimsumin/projects/RGMC/data/map/robot1/images/0422.png,/Users/kimsumin/projects/RGMC/data/map/robot1/overlays/0422_overlay.png,/Users/kimsumin/projects/RGMC/data/map/robot1/masks/0422_mask.png
423,0.77625,0.375,,407.5661827497865,393.5798462852263,1,0.0,0.03911750639104971,0.03384990224964535,1777480321.321869,5,/Users/kimsumin/projects/RGMC/data/map/robot1/images/0423.png,/Users/kimsumin/projects/RGMC/data/map/robot1/overlays/0423_overlay.png,/Users/kimsumin/projects/RGMC/data/map/robot1/masks/0423_mask.png
424,0.805,0.375,,407.3760757314974,406.12908777969017,1,0.0,0.045458708021224224,0.02125800491456977,1777480330.9551787,5,/Users/kimsumin/projects/RGMC/data/map/robot1/images/0424.png,/Users/kimsumin/projects/RGMC/data/map/robot1/overlays/0424_overlay.png,/Users/kimsumin/projects/RGMC/data/map/robot1/masks/0424_mask.png
425,0.83375,0.375,,407.62522045855377,419.84656084656086,1,0.0,0.028505686946008656,0.35604250070086746,1777480340.4828663,5,/Users/kimsumin/projects/RGMC/data/map/robot1/images/0425.png,/Users/kimsumin/projects/RGMC/data/map/robot1/overlays/0425_overlay.png,/Users/kimsumin/projects/RGMC/data/map/robot1/masks/0425_mask.png
426,0.8625,0.375,,407.512467755804,432.6104347826087,1,0.0,0.043732747095362755,0.06877356321148852,1777480350.0042408,5,/Users/kimsumin/projects/RGMC/data/map/robot1/images/0426.png,/Users/kimsumin/projects/RGMC/data/map/robot1/overlays/0426_overlay.png,/Users/kimsumin/projects/RGMC/data/map/robot1/masks/0426_mask.png
427,0.89125,0.375,,407.6280276816609,445.17100694444446,1,0.0,0.034484623039779325,0.0706580597772622,1777480359.5950294,5,/Users/kimsumin/projects/RGMC/data/map/robot1/images/0427.png,/Users/kimsumin/projects/RGMC/data/map/robot1/overlays/0427_overlay.png,/Users/kimsumin/projects/RGMC/data/map/robot1/masks/0427_mask.png
428,0.92,0.375,,407.33735979292493,457.7365217391304,1,0.0,0.050634926251524874,0.06414213442702572,1777480369.15573,5,/Users/kimsumin/projects/RGMC/data/map/robot1/images/0428.png,/Users/kimsumin/projects/RGMC/data/map/robot1/overlays/0428_overlay.png,/Users/kimsumin/projects/RGMC/data/map/robot1/masks/0428_mask.png
429,0.92,0.40625,,392.47684391080617,457.4888888888889,1,0.0,0.04727930760138851,0.04887892144770969,1777480378.656459,5,/Users/kimsumin/projects/RGMC/data/map/robot1/images/0429.png,/Users/kimsumin/projects/RGMC/data/map/robot1/overlays/0429_overlay.png,/Users/kimsumin/projects/RGMC/data/map/robot1/masks/0429_mask.png
430,0.89125,0.40625,,392.43660789252726,445.14970563498736,1,0.0,0.010092096049908857,0.014772253865985109,1777480388.155754,5,/Users/kimsumin/projects/RGMC/data/map/robot1/images/0430.png,/Users/kimsumin/projects/RGMC/data/map/robot1/overlays/0430_overlay.png,/Users/kimsumin/projects/RGMC/data/map/robot1/masks/0430_mask.png
431,0.8625,0.40625,,392.22194304857624,432.78056951423787,1,0.0,0.03226726482879035,0.040077876980167224,1777480397.7829425,5,/Users/kimsumin/projects/RGMC/data/map/robot1/images/0431.png,/Users/kimsumin/projects/RGMC/data/map/robot1/overlays/0431_overlay.png,/Users/kimsumin/projects/RGMC/data/map/robot1/masks/0431_mask.png
432,0.83375,0.40625,,393.2547717842324,419.18796372629845,1,0.0,0.015950400840836054,0.4620163914132184,1777480407.4599025,5,/Users/kimsumin/projects/RGMC/data/map/robot1/images/0432.png,/Users/kimsumin/projects/RGMC/data/map/robot1/overlays/0432_overlay.png,/Users/kimsumin/projects/RGMC/data/map/robot1/masks/0432_mask.png
433,0.805,0.40625,,392.32305055698373,406.0085910652921,1,0.0,0.02553285509370561,0.06464359211037395,1777480417.1040697,5,/Users/kimsumin/projects/RGMC/data/map/robot1/images/0433.png,/Users/kimsumin/projects/RGMC/data/map/robot1/overlays/0433_overlay.png,/Users/kimsumin/projects/RGMC/data/map/robot1/masks/0433_mask.png
434,0.77625,0.40625,,392.4909716251075,393.4488392089424,1,0.0,0.18528095097503366,0.03835118865558006,1777480426.6593728,5,/Users/kimsumin/projects/RGMC/data/map/robot1/images/0434.png,/Users/kimsumin/projects/RGMC/data/map/robot1/overlays/0434_overlay.png,/Users/kimsumin/projects/RGMC/data/map/robot1/masks/0434_mask.png
435,0.7475,0.40625,,392.08943781942077,380.9931798806479,1,0.0,0.03194780161378764,0.02065592304830921,1777480436.2869039,5,/Users/kimsumin/projects/RGMC/data/map/robot1/images/0435.png,/Users/kimsumin/projects/RGMC/data/map/robot1/overlays/0435_overlay.png,/Users/kimsumin/projects/RGMC/data/map/robot1/masks/0435_mask.png
436,0.71875,0.40625,,392.47474747474746,367.75568660488625,1,0.0,0.04398328378497452,0.03311801224642592,1777480445.8943088,5,/Users/kimsumin/projects/RGMC/data/map/robot1/images/0436.png,/Users/kimsumin/projects/RGMC/data/map/robot1/overlays/0436_overlay.png,/Users/kimsumin/projects/RGMC/data/map/robot1/masks/0436_mask.png
437,0.6900000000000001,0.40625,,392.2857142857143,354.9801816680429,1,0.0,0.032554464020535946,0.031246299006967723,1777480455.5308719,5,/Users/kimsumin/projects/RGMC/data/map/robot1/images/0437.png,/Users/kimsumin/projects/RGMC/data/map/robot1/overlays/0437_overlay.png,/Users/kimsumin/projects/RGMC/data/map/robot1/masks/0437_mask.png
438,0.66125,0.40625,,392.42271562766865,341.933390264731,1,0.0,0.06373890257255564,0.03816930447963806,1777480465.2176604,5,/Users/kimsumin/projects/RGMC/data/map/robot1/images/0438.png,/Users/kimsumin/projects/RGMC/data/map/robot1/overlays/0438_overlay.png,/Users/kimsumin/projects/RGMC/data/map/robot1/masks/0438_mask.png
439,0.6325000000000001,0.40625,,392.4148845166809,329.48974358974357,1,0.0,0.020490056768750924,0.03151296155974465,1777480475.8330407,5,/Users/kimsumin/projects/RGMC/data/map/robot1/images/0439.png,/Users/kimsumin/projects/RGMC/data/map/robot1/overlays/0439_overlay.png,/Users/kimsumin/projects/RGMC/data/map/robot1/masks/0439_mask.png
440,0.60375,0.40625,,392.51694178974805,316.83463881636203,1,0.0,0.06748715264263833,0.1234196120786781,1777480486.5706677,5,/Users/kimsumin/projects/RGMC/data/map/robot1/images/0440.png,/Users/kimsumin/projects/RGMC/data/map/robot1/overlays/0440_overlay.png,/Users/kimsumin/projects/RGMC/data/map/robot1/masks/0440_mask.png
441,0.5750000000000001,0.40625,,392.3705627705628,303.27878787878785,1,0.0,0.0884017651361831,0.32344623802252653,1777480496.1521804,5,/Users/kimsumin/projects/RGMC/data/map/robot1/images/0441.png,/Users/kimsumin/projects/RGMC/data/map/robot1/overlays/0441_overlay.png,/Users/kimsumin/projects/RGMC/data/map/robot1/masks/0441_mask.png
442,0.54625,0.40625,,392.9822485207101,290.23881856540083,1,0.0,0.08268775455948518,0.08063182274446906,1777480506.116755,5,/Users/kimsumin/projects/RGMC/data/map/robot1/images/0442.png,/Users/kimsumin/projects/RGMC/data/map/robot1/overlays/0442_overlay.png,/Users/kimsumin/projects/RGMC/data/map/robot1/masks/0442_mask.png
443,0.5175000000000001,0.40625,,393.25360474978794,277.6276505513147,1,0.0,0.18269602450822675,0.09241223076164558,1777480515.7347887,5,/Users/kimsumin/projects/RGMC/data/map/robot1/images/0443.png,/Users/kimsumin/projects/RGMC/data/map/robot1/overlays/0443_overlay.png,/Users/kimsumin/projects/RGMC/data/map/robot1/masks/0443_mask.png
444,0.48875,0.40625,,393.3347978910369,265.207381370826,1,0.0,0.0752525253333094,0.08258986993454887,1777480525.332895,5,/Users/kimsumin/projects/RGMC/data/map/robot1/images/0444.png,/Users/kimsumin/projects/RGMC/data/map/robot1/overlays/0444_overlay.png,/Users/kimsumin/projects/RGMC/data/map/robot1/masks/0444_mask.png
445,0.46,0.40625,,393.390527256479,252.4891500904159,1,0.0,0.251079045040294,0.061352176288280456,1777480535.8390143,5,/Users/kimsumin/projects/RGMC/data/map/robot1/images/0445.png,/Users/kimsumin/projects/RGMC/data/map/robot1/overlays/0445_overlay.png,/Users/kimsumin/projects/RGMC/data/map/robot1/masks/0445_mask.png
446,0.43125,0.40625,,393.367700729927,239.49809885931558,1,0.0,0.05569165811105217,0.33775652053819344,1777480545.447444,5,/Users/kimsumin/projects/RGMC/data/map/robot1/images/0446.png,/Users/kimsumin/projects/RGMC/data/map/robot1/overlays/0446_overlay.png,/Users/kimsumin/projects/RGMC/data/map/robot1/masks/0446_mask.png
447,0.4025,0.40625,,392.90836298932385,226.1198957428323,1,0.0,0.3651780798013405,0.07314519307046266,1777480555.1175573,5,/Users/kimsumin/projects/RGMC/data/map/robot1/images/0447.png,/Users/kimsumin/projects/RGMC/data/map/robot1/overlays/0447_overlay.png,/Users/kimsumin/projects/RGMC/data/map/robot1/masks/0447_mask.png
448,0.37375,0.40625,,392.90467784642544,213.75179211469535,1,0.0,0.14849179683327343,0.07295377426741623,1777480566.234813,5,/Users/kimsumin/projects/RGMC/data/map/robot1/images/0448.png,/Users/kimsumin/projects/RGMC/data/map/robot1/overlays/0448_overlay.png,/Users/kimsumin/projects/RGMC/data/map/robot1/masks/0448_mask.png
449,0.34500000000000003,0.40625,,392.8348134991119,200.76998223801067,1,0.0,0.21113372344740086,0.10534694293708718,1777480575.8518517,5,/Users/kimsumin/projects/RGMC/data/map/robot1/images/0449.png,/Users/kimsumin/projects/RGMC/data/map/robot1/overlays/0449_overlay.png,/Users/kimsumin/projects/RGMC/data/map/robot1/masks/0449_mask.png
450,0.31625000000000003,0.40625,,392.8299379982285,188.3541300527241,1,0.0,0.4018946492345374,0.054845564470452066,1777480585.4114375,5,/Users/kimsumin/projects/RGMC/data/map/robot1/images/0450.png,/Users/kimsumin/projects/RGMC/data/map/robot1/overlays/0450_overlay.png,/Users/kimsumin/projects/RGMC/data/map/robot1/masks/0450_mask.png
451,0.28750000000000003,0.40625,,392.9271186440678,174.63131313131314,1,0.0,0.2353731755447751,0.1434512184377685,1777480595.3477597,5,/Users/kimsumin/projects/RGMC/data/map/robot1/images/0451.png,/Users/kimsumin/projects/RGMC/data/map/robot1/overlays/0451_overlay.png,/Users/kimsumin/projects/RGMC/data/map/robot1/masks/0451_mask.png
452,0.25875000000000004,0.40625,,393.3722267871816,162.13393590797043,1,0.0,0.2761647076556693,0.05821038384193716,1777480604.9068632,5,/Users/kimsumin/projects/RGMC/data/map/robot1/images/0452.png,/Users/kimsumin/projects/RGMC/data/map/robot1/overlays/0452_overlay.png,/Users/kimsumin/projects/RGMC/data/map/robot1/masks/0452_mask.png
453,0.23,0.40625,,392.93615185504746,149.35969387755102,1,0.0,0.25567978508607975,0.006341516452038713,1777480614.463718,5,/Users/kimsumin/projects/RGMC/data/map/robot1/images/0453.png,/Users/kimsumin/projects/RGMC/data/map/robot1/overlays/0453_overlay.png,/Users/kimsumin/projects/RGMC/data/map/robot1/masks/0453_mask.png
454,0.20125,0.40625,,393.1441368078176,136.86136177194422,1,0.0,0.21231765875510425,0.05945673018510491,1777480624.045383,5,/Users/kimsumin/projects/RGMC/data/map/robot1/images/0454.png,/Users/kimsumin/projects/RGMC/data/map/robot1/overlays/0454_overlay.png,/Users/kimsumin/projects/RGMC/data/map/robot1/masks/0454_mask.png
455,0.17250000000000001,0.40625,,393.6737012987013,124.3428805237316,1,0.0,0.03481038557944724,0.05042048437906544,1777480633.62979,5,/Users/kimsumin/projects/RGMC/data/map/robot1/images/0455.png,/Users/kimsumin/projects/RGMC/data/map/robot1/overlays/0455_overlay.png,/Users/kimsumin/projects/RGMC/data/map/robot1/masks/0455_mask.png
456,0.14375000000000002,0.40625,,393.57064793130365,111.2864949258392,1,0.0,0.019989778284301003,0.06240933203628489,1777480643.232741,5,/Users/kimsumin/projects/RGMC/data/map/robot1/images/0456.png,/Users/kimsumin/projects/RGMC/data/map/robot1/overlays/0456_overlay.png,/Users/kimsumin/projects/RGMC/data/map/robot1/masks/0456_mask.png
457,0.115,0.40625,,394.08181818181816,98.4361088211047,1,0.0,0.040109102914602096,0.043960281639369235,1777480653.081539,5,/Users/kimsumin/projects/RGMC/data/map/robot1/images/0457.png,/Users/kimsumin/projects/RGMC/data/map/robot1/overlays/0457_overlay.png,/Users/kimsumin/projects/RGMC/data/map/robot1/masks/0457_mask.png
458,0.08625000000000001,0.40625,,394.04236610711433,85.62589928057554,1,0.0,0.1053350193949999,0.039455771726340357,1777480664.1360373,5,/Users/kimsumin/projects/RGMC/data/map/robot1/images/0458.png,/Users/kimsumin/projects/RGMC/data/map/robot1/overlays/0458_overlay.png,/Users/kimsumin/projects/RGMC/data/map/robot1/masks/0458_mask.png
459,0.0575,0.40625,,394.6218776916451,73.25809199318569,1,0.0,0.043761648168640796,0.03326770206701881,1777480673.709772,5,/Users/kimsumin/projects/RGMC/data/map/robot1/images/0459.png,/Users/kimsumin/projects/RGMC/data/map/robot1/overlays/0459_overlay.png,/Users/kimsumin/projects/RGMC/data/map/robot1/masks/0459_mask.png
460,0.02875,0.40625,,393.8600167644594,60.051796157059314,1,0.0,0.07096411274835139,0.03423924881924936,1777480683.2815557,5,/Users/kimsumin/projects/RGMC/data/map/robot1/images/0460.png,/Users/kimsumin/projects/RGMC/data/map/robot1/overlays/0460_overlay.png,/Users/kimsumin/projects/RGMC/data/map/robot1/masks/0460_mask.png
461,0.0,0.40625,,394.7832345469941,46.30984719864177,1,0.0,0.03241805364268562,0.09706839266186933,1777480692.8569465,5,/Users/kimsumin/projects/RGMC/data/map/robot1/images/0461.png,/Users/kimsumin/projects/RGMC/data/map/robot1/overlays/0461_overlay.png,/Users/kimsumin/projects/RGMC/data/map/robot1/masks/0461_mask.png
462,0.0,0.4375,,379.91239669421486,45.96694214876033,1,0.0,0.030408771519845074,0.05496731700283712,1777480702.4730651,5,/Users/kimsumin/projects/RGMC/data/map/robot1/images/0462.png,/Users/kimsumin/projects/RGMC/data/map/robot1/overlays/0462_overlay.png,/Users/kimsumin/projects/RGMC/data/map/robot1/masks/0462_mask.png
463,0.02875,0.4375,,379.56286427976687,58.74581939799331,1,0.0,0.07340698092837401,0.11494289481384538,1777480713.0904005,5,/Users/kimsumin/projects/RGMC/data/map/robot1/images/0463.png,/Users/kimsumin/projects/RGMC/data/map/robot1/overlays/0463_overlay.png,/Users/kimsumin/projects/RGMC/data/map/robot1/masks/0463_mask.png
464,0.0575,0.4375,,379.8224852071006,72.3920741989882,1,0.0,0.0530876899170361,0.0961218532359025,1777480723.6753738,5,/Users/kimsumin/projects/RGMC/data/map/robot1/images/0464.png,/Users/kimsumin/projects/RGMC/data/map/robot1/overlays/0464_overlay.png,/Users/kimsumin/projects/RGMC/data/map/robot1/masks/0464_mask.png
465,0.08625000000000001,0.4375,,379.9755067567568,85.1858108108108,1,0.0,0.07513945291481655,0.05783146213669424,1777480733.260654,5,/Users/kimsumin/projects/RGMC/data/map/robot1/images/0465.png,/Users/kimsumin/projects/RGMC/data/map/robot1/overlays/0465_overlay.png,/Users/kimsumin/projects/RGMC/data/map/robot1/masks/0465_mask.png
466,0.115,0.4375,,379.85475792988314,98.01831806827644,1,0.0,0.012790347659340414,0.047244474020700686,1777480743.490919,5,/Users/kimsumin/projects/RGMC/data/map/robot1/images/0466.png,/Users/kimsumin/projects/RGMC/data/map/robot1/overlays/0466_overlay.png,/Users/kimsumin/projects/RGMC/data/map/robot1/masks/0466_mask.png
467,0.14375000000000002,0.4375,,379.66107382550337,110.87835570469798,1,0.0,0.02931724345545908,0.01198654714497408,1777480753.085499,5,/Users/kimsumin/projects/RGMC/data/map/robot1/images/0467.png,/Users/kimsumin/projects/RGMC/data/map/robot1/overlays/0467_overlay.png,/Users/kimsumin/projects/RGMC/data/map/robot1/masks/0467_mask.png
468,0.17250000000000001,0.4375,,379.4376569037657,124.39246861924686,1,0.0,0.06671711718398665,0.07527191200332424,1777480763.2768261,5,/Users/kimsumin/projects/RGMC/data/map/robot1/images/0468.png,/Users/kimsumin/projects/RGMC/data/map/robot1/overlays/0468_overlay.png,/Users/kimsumin/projects/RGMC/data/map/robot1/masks/0468_mask.png
469,0.20125,0.4375,,379.44040574809804,136.81403212172444,1,0.0,0.03608299210966126,0.028389991300062298,1777480772.8525999,5,/Users/kimsumin/projects/RGMC/data/map/robot1/images/0469.png,/Users/kimsumin/projects/RGMC/data/map/robot1/overlays/0469_overlay.png,/Users/kimsumin/projects/RGMC/data/map/robot1/masks/0469_mask.png
470,0.23,0.4375,,379.50338983050847,149.45008460236886,1,0.0,0.040716141989519936,0.043380680275741317,1777480782.4115365,5,/Users/kimsumin/projects/RGMC/data/map/robot1/images/0470.png,/Users/kimsumin/projects/RGMC/data/map/robot1/overlays/0470_overlay.png,/Users/kimsumin/projects/RGMC/data/map/robot1/masks/0470_mask.png
471,0.25875000000000004,0.4375,,379.37324525185795,162.09413707679604,1,0.0,0.007597027250199062,0.00033030553262278776,1777480792.0443327,5,/Users/kimsumin/projects/RGMC/data/map/robot1/images/0471.png,/Users/kimsumin/projects/RGMC/data/map/robot1/overlays/0471_overlay.png,/Users/kimsumin/projects/RGMC/data/map/robot1/masks/0471_mask.png
472,0.28750000000000003,0.4375,,379.44698897370654,174.49787955894826,1,0.0,0.025994426708785223,0.02491317655136604,1777480802.3446372,5,/Users/kimsumin/projects/RGMC/data/map/robot1/images/0472.png,/Users/kimsumin/projects/RGMC/data/map/robot1/overlays/0472_overlay.png,/Users/kimsumin/projects/RGMC/data/map/robot1/masks/0472_mask.png
473,0.31625000000000003,0.4375,,379.4843234323432,188.53031596925703,1,0.0,0.022541406623961677,0.28718205084045717,1777480811.893989,5,/Users/kimsumin/projects/RGMC/data/map/robot1/images/0473.png,/Users/kimsumin/projects/RGMC/data/map/robot1/overlays/0473_overlay.png,/Users/kimsumin/projects/RGMC/data/map/robot1/masks/0473_mask.png
474,0.34500000000000003,0.4375,,379.4839549002602,200.75888985255855,1,0.0,0.011974118758318436,0.016251199293541314,1777480822.1435804,5,/Users/kimsumin/projects/RGMC/data/map/robot1/images/0474.png,/Users/kimsumin/projects/RGMC/data/map/robot1/overlays/0474_overlay.png,/Users/kimsumin/projects/RGMC/data/map/robot1/masks/0474_mask.png
475,0.37375,0.4375,,379.3530434782609,213.4777680906713,1,0.0,0.04033493231083466,0.027375992826631116,1777480831.8669643,5,/Users/kimsumin/projects/RGMC/data/map/robot1/images/0475.png,/Users/kimsumin/projects/RGMC/data/map/robot1/overlays/0475_overlay.png,/Users/kimsumin/projects/RGMC/data/map/robot1/masks/0475_mask.png
476,0.4025,0.4375,,379.2513043478261,226.03829416884247,1,0.0,0.020170305167145523,0.04162217682145191,1777480841.4560173,5,/Users/kimsumin/projects/RGMC/data/map/robot1/images/0476.png,/Users/kimsumin/projects/RGMC/data/map/robot1/overlays/0476_overlay.png,/Users/kimsumin/projects/RGMC/data/map/robot1/masks/0476_mask.png
477,0.43125,0.4375,,379.4777680906713,238.46784140969163,1,0.0,0.056442209255935766,0.019081814611622876,1777480851.0797796,5,/Users/kimsumin/projects/RGMC/data/map/robot1/images/0477.png,/Users/kimsumin/projects/RGMC/data/map/robot1/overlays/0477_overlay.png,/Users/kimsumin/projects/RGMC/data/map/robot1/masks/0477_mask.png
478,0.46,0.4375,,379.1969831410825,252.08540925266905,1,0.0,0.04663826016701613,0.05217749670760109,1777480860.8596964,5,/Users/kimsumin/projects/RGMC/data/map/robot1/images/0478.png,/Users/kimsumin/projects/RGMC/data/map/robot1/overlays/0478_overlay.png,/Users/kimsumin/projects/RGMC/data/map/robot1/masks/0478_mask.png
479,0.48875,0.4375,,379.3646748681898,264.918349429324,1,0.0,0.036548637553583396,0.030089311344715992,1777480870.4283607,5,/Users/kimsumin/projects/RGMC/data/map/robot1/images/0479.png,/Users/kimsumin/projects/RGMC/data/map/robot1/overlays/0479_overlay.png,/Users/kimsumin/projects/RGMC/data/map/robot1/masks/0479_mask.png
480,0.5175000000000001,0.4375,,379.42768959435625,277.60229276895944,1,0.0,0.051790908254899015,0.05671620778053831,1777480880.0193553,5,/Users/kimsumin/projects/RGMC/data/map/robot1/images/0480.png,/Users/kimsumin/projects/RGMC/data/map/robot1/overlays/0480_overlay.png,/Users/kimsumin/projects/RGMC/data/map/robot1/masks/0480_mask.png
481,0.54625,0.4375,,379.2443280977312,290.44718309859155,1,0.0,0.020415404391846102,0.028200397507357196,1777480891.1062899,5,/Users/kimsumin/projects/RGMC/data/map/robot1/images/0481.png,/Users/kimsumin/projects/RGMC/data/map/robot1/overlays/0481_overlay.png,/Users/kimsumin/projects/RGMC/data/map/robot1/masks/0481_mask.png
482,0.5750000000000001,0.4375,,379.06144256455923,303.13380281690144,1,0.0,0.0587336567495277,0.09271837782635692,1777480900.625456,5,/Users/kimsumin/projects/RGMC/data/map/robot1/images/0482.png,/Users/kimsumin/projects/RGMC/data/map/robot1/overlays/0482_overlay.png,/Users/kimsumin/projects/RGMC/data/map/robot1/masks/0482_mask.png
483,0.60375,0.4375,,379.35253054101224,316.68466898954705,1,0.0,0.052743879036751935,0.05519126529350765,1777480910.2554848,5,/Users/kimsumin/projects/RGMC/data/map/robot1/images/0483.png,/Users/kimsumin/projects/RGMC/data/map/robot1/overlays/0483_overlay.png,/Users/kimsumin/projects/RGMC/data/map/robot1/masks/0483_mask.png
484,0.6325000000000001,0.4375,,379.11361665221165,329.542783059637,1,0.0,0.027471425262435904,0.039686468330516984,1777480919.7590995,5,/Users/kimsumin/projects/RGMC/data/map/robot1/images/0484.png,/Users/kimsumin/projects/RGMC/data/map/robot1/overlays/0484_overlay.png,/Users/kimsumin/projects/RGMC/data/map/robot1/masks/0484_mask.png
485,0.66125,0.4375,,379.35968722849697,342.05052264808364,1,0.0,0.04518565374784681,0.023317877130444826,1777480929.2908688,5,/Users/kimsumin/projects/RGMC/data/map/robot1/images/0485.png,/Users/kimsumin/projects/RGMC/data/map/robot1/overlays/0485_overlay.png,/Users/kimsumin/projects/RGMC/data/map/robot1/masks/0485_mask.png
486,0.6900000000000001,0.4375,,379.21227621483376,354.8005115089514,1,0.0,0.06535765466911017,0.05593746894849501,1777480941.3691158,5,/Users/kimsumin/projects/RGMC/data/map/robot1/images/0486.png,/Users/kimsumin/projects/RGMC/data/map/robot1/overlays/0486_overlay.png,/Users/kimsumin/projects/RGMC/data/map/robot1/masks/0486_mask.png
487,0.71875,0.4375,,379.18391787852863,367.57570573139435,1,0.0,0.05506097509703917,0.05230025416898645,1777480952.6896122,5,/Users/kimsumin/projects/RGMC/data/map/robot1/images/0487.png,/Users/kimsumin/projects/RGMC/data/map/robot1/overlays/0487_overlay.png,/Users/kimsumin/projects/RGMC/data/map/robot1/masks/0487_mask.png
488,0.7475,0.4375,,379.2630208333333,380.99308556611925,1,0.0,0.03709509526971193,0.04093391991133276,1777480964.028693,5,/Users/kimsumin/projects/RGMC/data/map/robot1/images/0488.png,/Users/kimsumin/projects/RGMC/data/map/robot1/overlays/0488_overlay.png,/Users/kimsumin/projects/RGMC/data/map/robot1/masks/0488_mask.png
489,0.77625,0.4375,,379.4172413793103,393.5803418803419,1,0.0,0.051460333867459684,0.0542309415121738,1777480974.6014574,5,/Users/kimsumin/projects/RGMC/data/map/robot1/images/0489.png,/Users/kimsumin/projects/RGMC/data/map/robot1/overlays/0489_overlay.png,/Users/kimsumin/projects/RGMC/data/map/robot1/masks/0489_mask.png
490,0.805,0.4375,,379.41818181818184,406.08051948051946,1,0.0,0.02742557531888403,0.03468195714810721,1777480984.2894008,5,/Users/kimsumin/projects/RGMC/data/map/robot1/images/0490.png,/Users/kimsumin/projects/RGMC/data/map/robot1/overlays/0490_overlay.png,/Users/kimsumin/projects/RGMC/data/map/robot1/masks/0490_mask.png
491,0.83375,0.4375,,379.4852817493692,419.2968881412952,1,0.0,0.011983925849533941,0.014621773345001612,1777480993.9106126,5,/Users/kimsumin/projects/RGMC/data/map/robot1/images/0491.png,/Users/kimsumin/projects/RGMC/data/map/robot1/overlays/0491_overlay.png,/Users/kimsumin/projects/RGMC/data/map/robot1/masks/0491_mask.png
492,0.8625,0.4375,,379.1357921207041,432.86543313709,1,0.0,0.04407517877236572,0.07995993283946302,1777481003.5147846,5,/Users/kimsumin/projects/RGMC/data/map/robot1/images/0492.png,/Users/kimsumin/projects/RGMC/data/map/robot1/overlays/0492_overlay.png,/Users/kimsumin/projects/RGMC/data/map/robot1/masks/0492_mask.png
493,0.89125,0.4375,,378.4592592592593,445.26960784313724,1,0.0,0.2954674667868001,0.05927455475991335,1777481013.0204186,5,/Users/kimsumin/projects/RGMC/data/map/robot1/images/0493.png,/Users/kimsumin/projects/RGMC/data/map/robot1/overlays/0493_overlay.png,/Users/kimsumin/projects/RGMC/data/map/robot1/masks/0493_mask.png
494,0.92,0.4375,,379.04948805460754,457.7058319039451,1,0.0,0.037920256906677184,0.07376099850029559,1777481024.8360085,5,/Users/kimsumin/projects/RGMC/data/map/robot1/images/0494.png,/Users/kimsumin/projects/RGMC/data/map/robot1/overlays/0494_overlay.png,/Users/kimsumin/projects/RGMC/data/map/robot1/masks/0494_mask.png
495,0.92,0.46875,,364.4183501683502,457.79359730412807,1,0.0,0.07044288960589268,0.0943414091489658,1777481035.0223916,5,/Users/kimsumin/projects/RGMC/data/map/robot1/images/0495.png,/Users/kimsumin/projects/RGMC/data/map/robot1/overlays/0495_overlay.png,/Users/kimsumin/projects/RGMC/data/map/robot1/masks/0495_mask.png
496,0.89125,0.46875,,364.43305084745765,445.2075149444919,1,0.0,0.039189631202895335,0.039167894072435844,1777481044.6227999,5,/Users/kimsumin/projects/RGMC/data/map/robot1/images/0496.png,/Users/kimsumin/projects/RGMC/data/map/robot1/overlays/0496_overlay.png,/Users/kimsumin/projects/RGMC/data/map/robot1/masks/0496_mask.png
497,0.8625,0.46875,,364.3826232247285,433.1164495114007,1,0.0,0.2387919315361508,0.06468784053531458,1777481054.2880988,5,/Users/kimsumin/projects/RGMC/data/map/robot1/images/0497.png,/Users/kimsumin/projects/RGMC/data/map/robot1/overlays/0497_overlay.png,/Users/kimsumin/projects/RGMC/data/map/robot1/masks/0497_mask.png
498,0.83375,0.46875,,364.55012853470436,418.5841325196164,1,0.0,0.02133060835307905,0.20426828643296693,1777481064.5343482,5,/Users/kimsumin/projects/RGMC/data/map/robot1/images/0498.png,/Users/kimsumin/projects/RGMC/data/map/robot1/overlays/0498_overlay.png,/Users/kimsumin/projects/RGMC/data/map/robot1/masks/0498_mask.png
499,0.805,0.46875,,364.34251290877796,406.1557659208262,1,0.0,0.031109712693034912,0.025672282656792236,1777481074.22226,5,/Users/kimsumin/projects/RGMC/data/map/robot1/images/0499.png,/Users/kimsumin/projects/RGMC/data/map/robot1/overlays/0499_overlay.png,/Users/kimsumin/projects/RGMC/data/map/robot1/masks/0499_mask.png
500,0.77625,0.46875,,364.4039621016365,393.67700258397934,1,0.0,0.04583649186033522,0.044438580927998975,1777481083.7742605,5,/Users/kimsumin/projects/RGMC/data/map/robot1/images/0500.png,/Users/kimsumin/projects/RGMC/data/map/robot1/overlays/0500_overlay.png,/Users/kimsumin/projects/RGMC/data/map/robot1/masks/0500_mask.png
501,0.7475,0.46875,,364.13443191673895,381.1177504393673,1,0.0,0.030641966940760764,0.034408540771869306,1777481093.3406365,5,/Users/kimsumin/projects/RGMC/data/map/robot1/images/0501.png,/Users/kimsumin/projects/RGMC/data/map/robot1/overlays/0501_overlay.png,/Users/kimsumin/projects/RGMC/data/map/robot1/masks/0501_mask.png
502,0.71875,0.46875,,364.2642980935875,367.20740103270225,1,0.0,0.01874594584059822,0.0721251233751328,1777481104.4517443,5,/Users/kimsumin/projects/RGMC/data/map/robot1/images/0502.png,/Users/kimsumin/projects/RGMC/data/map/robot1/overlays/0502_overlay.png,/Users/kimsumin/projects/RGMC/data/map/robot1/masks/0502_mask.png
503,0.6900000000000001,0.46875,,364.42576791808875,355.1146010186757,1,0.0,0.051643152509113256,0.04665301413780111,1777481114.1462839,5,/Users/kimsumin/projects/RGMC/data/map/robot1/images/0503.png,/Users/kimsumin/projects/RGMC/data/map/robot1/overlays/0503_overlay.png,/Users/kimsumin/projects/RGMC/data/map/robot1/masks/0503_mask.png
504,0.66125,0.46875,,364.2924281984334,341.91993037423845,1,0.0,0.02084587699158896,0.04289833408968799,1777481123.8099706,5,/Users/kimsumin/projects/RGMC/data/map/robot1/images/0504.png,/Users/kimsumin/projects/RGMC/data/map/robot1/overlays/0504_overlay.png,/Users/kimsumin/projects/RGMC/data/map/robot1/masks/0504_mask.png
505,0.6325000000000001,0.46875,,364.50565709312446,329.4106364428945,1,0.0,0.04006679154705587,0.0508779212583644,1777481133.3525743,5,/Users/kimsumin/projects/RGMC/data/map/robot1/images/0505.png,/Users/kimsumin/projects/RGMC/data/map/robot1/overlays/0505_overlay.png,/Users/kimsumin/projects/RGMC/data/map/robot1/masks/0505_mask.png
506,0.60375,0.46875,,364.43528368794324,316.4354407836153,1,0.0,0.027381695014106373,0.05577209843945415,1777481142.998305,5,/Users/kimsumin/projects/RGMC/data/map/robot1/images/0506.png,/Users/kimsumin/projects/RGMC/data/map/robot1/overlays/0506_overlay.png,/Users/kimsumin/projects/RGMC/data/map/robot1/masks/0506_mask.png
507,0.5750000000000001,0.46875,,364.26183844011143,303.16713091922,1,0.0,0.0871547215371644,0.28392878865091004,1777481152.6536615,5,/Users/kimsumin/projects/RGMC/data/map/robot1/images/0507.png,/Users/kimsumin/projects/RGMC/data/map/robot1/overlays/0507_overlay.png,/Users/kimsumin/projects/RGMC/data/map/robot1/masks/0507_mask.png
508,0.54625,0.46875,,364.3524734982332,290.0874558303887,1,0.0,0.044398793831345144,0.035897392865975326,1777481162.8990343,5,/Users/kimsumin/projects/RGMC/data/map/robot1/images/0508.png,/Users/kimsumin/projects/RGMC/data/map/robot1/overlays/0508_overlay.png,/Users/kimsumin/projects/RGMC/data/map/robot1/masks/0508_mask.png
509,0.5175000000000001,0.46875,,364.35004476275736,277.3884892086331,1,0.0,0.050242650260185304,0.044707615547364896,1777481172.506047,5,/Users/kimsumin/projects/RGMC/data/map/robot1/images/0509.png,/Users/kimsumin/projects/RGMC/data/map/robot1/overlays/0509_overlay.png,/Users/kimsumin/projects/RGMC/data/map/robot1/masks/0509_mask.png
510,0.48875,0.46875,,364.0557620817844,264.59818181818184,1,0.0,0.25313749825461396,0.039687390254271836,1777481182.1499658,5,/Users/kimsumin/projects/RGMC/data/map/robot1/images/0510.png,/Users/kimsumin/projects/RGMC/data/map/robot1/overlays/0510_overlay.png,/Users/kimsumin/projects/RGMC/data/map/robot1/masks/0510_mask.png
511,0.46,0.46875,,364.3454706927176,251.90418604651163,1,0.0,0.07148313507084939,0.1877825154108599,1777481191.7648869,5,/Users/kimsumin/projects/RGMC/data/map/robot1/images/0511.png,/Users/kimsumin/projects/RGMC/data/map/robot1/overlays/0511_overlay.png,/Users/kimsumin/projects/RGMC/data/map/robot1/masks/0511_mask.png
512,0.43125,0.46875,,364.85307621671257,238.17922794117646,1,0.0,0.054194352680130196,0.10707219824160469,1777481201.3351269,5,/Users/kimsumin/projects/RGMC/data/map/robot1/images/0512.png,/Users/kimsumin/projects/RGMC/data/map/robot1/overlays/0512_overlay.png,/Users/kimsumin/projects/RGMC/data/map/robot1/masks/0512_mask.png
513,0.4025,0.46875,,364.54698581560285,226.0692375109553,1,0.0,0.024798364985047158,0.03937502885015876,1777481210.8952231,5,/Users/kimsumin/projects/RGMC/data/map/robot1/images/0513.png,/Users/kimsumin/projects/RGMC/data/map/robot1/overlays/0513_overlay.png,/Users/kimsumin/projects/RGMC/data/map/robot1/masks/0513_mask.png
514,0.37375,0.46875,,364.7085561497326,213.26648841354725,1,0.0,0.06915533935543834,0.052198415765715905,1777481221.309852,5,/Users/kimsumin/projects/RGMC/data/map/robot1/images/0514.png,/Users/kimsumin/projects/RGMC/data/map/robot1/overlays/0514_overlay.png,/Users/kimsumin/projects/RGMC/data/map/robot1/masks/0514_mask.png
515,0.34500000000000003,0.46875,,364.1736363636364,200.74454545454546,1,0.0,0.03138459476277363,0.05851722821716434,1777481230.8685975,5,/Users/kimsumin/projects/RGMC/data/map/robot1/images/0515.png,/Users/kimsumin/projects/RGMC/data/map/robot1/overlays/0515_overlay.png,/Users/kimsumin/projects/RGMC/data/map/robot1/masks/0515_mask.png
516,0.31625000000000003,0.46875,,364.9283276450512,187.21843003412968,1,0.0,0.05691895760959464,0.04486324679388103,1777481241.450321,5,/Users/kimsumin/projects/RGMC/data/map/robot1/images/0516.png,/Users/kimsumin/projects/RGMC/data/map/robot1/overlays/0516_overlay.png,/Users/kimsumin/projects/RGMC/data/map/robot1/masks/0516_mask.png
517,0.28750000000000003,0.46875,,364.8092386655261,174.49914675767917,1,0.0,0.05863582486969845,0.08596988174106507,1777481251.0934203,5,/Users/kimsumin/projects/RGMC/data/map/robot1/images/0517.png,/Users/kimsumin/projects/RGMC/data/map/robot1/overlays/0517_overlay.png,/Users/kimsumin/projects/RGMC/data/map/robot1/masks/0517_mask.png
518,0.25875000000000004,0.46875,,365.04948805460754,161.9152397260274,1,0.0,0.1974435628186036,0.04796754315027997,1777481260.650115,5,/Users/kimsumin/projects/RGMC/data/map/robot1/images/0518.png,/Users/kimsumin/projects/RGMC/data/map/robot1/overlays/0518_overlay.png,/Users/kimsumin/projects/RGMC/data/map/robot1/masks/0518_mask.png
519,0.23,0.46875,,365.02837489251937,149.18376068376068,1,0.0,0.07275461742940113,0.02431017173025525,1777481270.5210834,5,/Users/kimsumin/projects/RGMC/data/map/robot1/images/0519.png,/Users/kimsumin/projects/RGMC/data/map/robot1/overlays/0519_overlay.png,/Users/kimsumin/projects/RGMC/data/map/robot1/masks/0519_mask.png
520,0.20125,0.46875,,364.6436583261432,136.49525452976704,1,0.0,0.04706668174467711,0.10388400632177137,1777481280.0517051,5,/Users/kimsumin/projects/RGMC/data/map/robot1/images/0520.png,/Users/kimsumin/projects/RGMC/data/map/robot1/overlays/0520_overlay.png,/Users/kimsumin/projects/RGMC/data/map/robot1/masks/0520_mask.png
521,0.17250000000000001,0.46875,,365.30541455160744,123.99576988155668,1,0.0,0.07368306779079305,0.06102304187327293,1777481290.3406923,5,/Users/kimsumin/projects/RGMC/data/map/robot1/images/0521.png,/Users/kimsumin/projects/RGMC/data/map/robot1/overlays/0521_overlay.png,/Users/kimsumin/projects/RGMC/data/map/robot1/masks/0521_mask.png
522,0.14375000000000002,0.46875,,365.42524916943523,110.48326530612245,1,0.0,0.05850596948711706,0.17866749190321896,1777481299.8495026,5,/Users/kimsumin/projects/RGMC/data/map/robot1/images/0522.png,/Users/kimsumin/projects/RGMC/data/map/robot1/overlays/0522_overlay.png,/Users/kimsumin/projects/RGMC/data/map/robot1/masks/0522_mask.png
523,0.115,0.46875,,365.7945768282662,98.25672371638142,1,0.0,0.02367220419184803,0.04457971103668662,1777481309.4132311,5,/Users/kimsumin/projects/RGMC/data/map/robot1/images/0523.png,/Users/kimsumin/projects/RGMC/data/map/robot1/overlays/0523_overlay.png,/Users/kimsumin/projects/RGMC/data/map/robot1/masks/0523_mask.png
524,0.08625000000000001,0.46875,,365.64521452145215,85.16405605935697,1,0.0,0.06362892998946189,0.05232591783912625,1777481319.1114247,5,/Users/kimsumin/projects/RGMC/data/map/robot1/images/0524.png,/Users/kimsumin/projects/RGMC/data/map/robot1/overlays/0524_overlay.png,/Users/kimsumin/projects/RGMC/data/map/robot1/masks/0524_mask.png
525,0.0575,0.46875,,365.7692932575142,72.61332250203087,1,0.0,0.02755511650874487,0.07491647340821178,1777481329.6405494,5,/Users/kimsumin/projects/RGMC/data/map/robot1/images/0525.png,/Users/kimsumin/projects/RGMC/data/map/robot1/overlays/0525_overlay.png,/Users/kimsumin/projects/RGMC/data/map/robot1/masks/0525_mask.png
526,0.02875,0.46875,,365.69341894060994,58.94774346793349,1,0.0,0.11523277431250135,0.13494036115311683,1777481339.1854522,5,/Users/kimsumin/projects/RGMC/data/map/robot1/images/0526.png,/Users/kimsumin/projects/RGMC/data/map/robot1/overlays/0526_overlay.png,/Users/kimsumin/projects/RGMC/data/map/robot1/masks/0526_mask.png
527,0.0,0.46875,,366.0287120590648,46.17292006525285,1,0.0,0.42228891897633997,0.050762803416221906,1777481348.7970405,5,/Users/kimsumin/projects/RGMC/data/map/robot1/images/0527.png,/Users/kimsumin/projects/RGMC/data/map/robot1/overlays/0527_overlay.png,/Users/kimsumin/projects/RGMC/data/map/robot1/masks/0527_mask.png
528,0.0,0.5,,351.4310924369748,45.89121338912134,1,0.0,0.06237536505884125,0.047576563283363515,1777481358.3213494,5,/Users/kimsumin/projects/RGMC/data/map/robot1/images/0528.png,/Users/kimsumin/projects/RGMC/data/map/robot1/overlays/0528_overlay.png,/Users/kimsumin/projects/RGMC/data/map/robot1/masks/0528_mask.png
529,0.02875,0.5,,351.8088360237893,59.80154639175258,1,0.0,0.027273792937975473,0.17774085975774145,1777481367.9990041,5,/Users/kimsumin/projects/RGMC/data/map/robot1/images/0529.png,/Users/kimsumin/projects/RGMC/data/map/robot1/overlays/0529_overlay.png,/Users/kimsumin/projects/RGMC/data/map/robot1/masks/0529_mask.png
530,0.0575,0.5,,351.7698145025295,72.60906040268456,1,0.0,0.024272338214040266,0.07198683594411777,1777481377.561967,5,/Users/kimsumin/projects/RGMC/data/map/robot1/images/0530.png,/Users/kimsumin/projects/RGMC/data/map/robot1/overlays/0530_overlay.png,/Users/kimsumin/projects/RGMC/data/map/robot1/masks/0530_mask.png
531,0.08625000000000001,0.5,,351.7940928270042,85.1883445945946,1,0.0,0.04272863117138095,0.04096181204552613,1777481387.1449358,5,/Users/kimsumin/projects/RGMC/data/map/robot1/images/0531.png,/Users/kimsumin/projects/RGMC/data/map/robot1/overlays/0531_overlay.png,/Users/kimsumin/projects/RGMC/data/map/robot1/masks/0531_mask.png
532,0.115,0.5,,351.65930331350893,97.84706881903143,1,0.0,0.035843849995134576,0.037441588280233175,1777481396.740806,5,/Users/kimsumin/projects/RGMC/data/map/robot1/images/0532.png,/Users/kimsumin/projects/RGMC/data/map/robot1/overlays/0532_overlay.png,/Users/kimsumin/projects/RGMC/data/map/robot1/masks/0532_mask.png
533,0.14375000000000002,0.5,,351.5890637945319,110.49958574979287,1,0.0,0.04516539244338452,0.1466342264304184,1777481406.2899573,5,/Users/kimsumin/projects/RGMC/data/map/robot1/images/0533.png,/Users/kimsumin/projects/RGMC/data/map/robot1/overlays/0533_overlay.png,/Users/kimsumin/projects/RGMC/data/map/robot1/masks/0533_mask.png
534,0.17250000000000001,0.5,,351.4683434518647,124.17406440382942,1,0.0,0.029718091899263624,0.03813071709565345,1777481416.2338927,5,/Users/kimsumin/projects/RGMC/data/map/robot1/images/0534.png,/Users/kimsumin/projects/RGMC/data/map/robot1/overlays/0534_overlay.png,/Users/kimsumin/projects/RGMC/data/map/robot1/masks/0534_mask.png
535,0.20125,0.5,,351.4563758389262,136.91023489932886,1,0.0,0.028801074466631296,0.03828299086601058,1777481425.8610737,5,/Users/kimsumin/projects/RGMC/data/map/robot1/images/0535.png,/Users/kimsumin/projects/RGMC/data/map/robot1/overlays/0535_overlay.png,/Users/kimsumin/projects/RGMC/data/map/robot1/masks/0535_mask.png
536,0.23,0.5,,351.43996569468266,149.11197243755385,1,0.0,0.011368886827124357,0.03390298525796409,1777481435.7009413,5,/Users/kimsumin/projects/RGMC/data/map/robot1/images/0536.png,/Users/kimsumin/projects/RGMC/data/map/robot1/overlays/0536_overlay.png,/Users/kimsumin/projects/RGMC/data/map/robot1/masks/0536_mask.png
537,0.25875000000000004,0.5,,351.15855704697987,162.04366078925273,1,0.0,0.04562638025649904,0.061236362640341095,1777481445.2629104,5,/Users/kimsumin/projects/RGMC/data/map/robot1/images/0537.png,/Users/kimsumin/projects/RGMC/data/map/robot1/overlays/0537_overlay.png,/Users/kimsumin/projects/RGMC/data/map/robot1/masks/0537_mask.png
538,0.28750000000000003,0.5,,351.2738799661877,174.10632911392406,1,0.0,0.028256898578246575,0.02243369921872973,1777481454.985088,5,/Users/kimsumin/projects/RGMC/data/map/robot1/images/0538.png,/Users/kimsumin/projects/RGMC/data/map/robot1/overlays/0538_overlay.png,/Users/kimsumin/projects/RGMC/data/map/robot1/masks/0538_mask.png
539,0.31625000000000003,0.5,,351.1520068317677,187.97340425531914,1,0.0,0.03881754268074394,0.3736138182081638,1777481464.6458898,5,/Users/kimsumin/projects/RGMC/data/map/robot1/images/0539.png,/Users/kimsumin/projects/RGMC/data/map/robot1/overlays/0539_overlay.png,/Users/kimsumin/projects/RGMC/data/map/robot1/masks/0539_mask.png
540,0.34500000000000003,0.5,,351.2894736842105,200.65905096660808,1,0.0,0.02497600563203205,0.014185413849568054,1777481474.2550364,5,/Users/kimsumin/projects/RGMC/data/map/robot1/images/0540.png,/Users/kimsumin/projects/RGMC/data/map/robot1/overlays/0540_overlay.png,/Users/kimsumin/projects/RGMC/data/map/robot1/masks/0540_mask.png
541,0.37375,0.5,,350.92341549295776,213.47769028871392,1,0.0,0.10061515300151978,0.06182507400203357,1777481483.9450986,5,/Users/kimsumin/projects/RGMC/data/map/robot1/images/0541.png,/Users/kimsumin/projects/RGMC/data/map/robot1/overlays/0541_overlay.png,/Users/kimsumin/projects/RGMC/data/map/robot1/masks/0541_mask.png
542,0.4025,0.5,,351.2324561403509,225.73157894736843,1,0.0,0.024117008364636202,0.06550059562085422,1777481493.5407906,5,/Users/kimsumin/projects/RGMC/data/map/robot1/images/0542.png,/Users/kimsumin/projects/RGMC/data/map/robot1/overlays/0542_overlay.png,/Users/kimsumin/projects/RGMC/data/map/robot1/masks/0542_mask.png
543,0.43125,0.5,,351.0670194003527,238.44307149161517,1,0.0,0.04072359826413969,0.04424479766649687,1777481504.100176,5,/Users/kimsumin/projects/RGMC/data/map/robot1/images/0543.png,/Users/kimsumin/projects/RGMC/data/map/robot1/overlays/0543_overlay.png,/Users/kimsumin/projects/RGMC/data/map/robot1/masks/0543_mask.png
544,0.46,0.5,,350.93699369936996,251.84386281588448,1,0.0,0.05365197440994343,0.05717696624270998,1777481513.7055657,5,/Users/kimsumin/projects/RGMC/data/map/robot1/images/0544.png,/Users/kimsumin/projects/RGMC/data/map/robot1/overlays/0544_overlay.png,/Users/kimsumin/projects/RGMC/data/map/robot1/masks/0544_mask.png
545,0.48875,0.5,,350.3611650485437,264.0155339805825,1,0.0,0.023238388338996135,0.029817855063956036,1777481523.332697,5,/Users/kimsumin/projects/RGMC/data/map/robot1/images/0545.png,/Users/kimsumin/projects/RGMC/data/map/robot1/overlays/0545_overlay.png,/Users/kimsumin/projects/RGMC/data/map/robot1/masks/0545_mask.png
546,0.5175000000000001,0.5,,350.08946877912393,277.2324929971989,1,0.0,0.219097948088416,0.03415373528401552,1777481534.0428774,5,/Users/kimsumin/projects/RGMC/data/map/robot1/images/0546.png,/Users/kimsumin/projects/RGMC/data/map/robot1/overlays/0546_overlay.png,/Users/kimsumin/projects/RGMC/data/map/robot1/masks/0546_mask.png
547,0.54625,0.5,,351.04761904761904,289.7574123989218,1,0.0,0.05163252738416031,0.0683998257075906,1777481543.6026022,5,/Users/kimsumin/projects/RGMC/data/map/robot1/images/0547.png,/Users/kimsumin/projects/RGMC/data/map/robot1/overlays/0547_overlay.png,/Users/kimsumin/projects/RGMC/data/map/robot1/masks/0547_mask.png
548,0.5750000000000001,0.5,,351.1691762621789,302.65602836879435,1,0.0,0.07315159732817743,0.17318175584591544,1777481553.087091,5,/Users/kimsumin/projects/RGMC/data/map/robot1/images/0548.png,/Users/kimsumin/projects/RGMC/data/map/robot1/overlays/0548_overlay.png,/Users/kimsumin/projects/RGMC/data/map/robot1/masks/0548_mask.png
549,0.60375,0.5,,351.2314566577301,316.1340482573726,1,0.0,0.018796894867931284,0.08364508742895993,1777481562.7483616,5,/Users/kimsumin/projects/RGMC/data/map/robot1/images/0549.png,/Users/kimsumin/projects/RGMC/data/map/robot1/overlays/0549_overlay.png,/Users/kimsumin/projects/RGMC/data/map/robot1/masks/0549_mask.png
550,0.6325000000000001,0.5,,351.4868881118881,329.15034965034965,1,0.0,0.046888757817773845,0.05643847873660043,1777481572.2361944,5,/Users/kimsumin/projects/RGMC/data/map/robot1/images/0550.png,/Users/kimsumin/projects/RGMC/data/map/robot1/overlays/0550_overlay.png,/Users/kimsumin/projects/RGMC/data/map/robot1/masks/0550_mask.png
551,0.66125,0.5,,351.09511343804536,341.8020924149956,1,0.0,0.04358394487399,0.04627153235963916,1777481581.9456594,5,/Users/kimsumin/projects/RGMC/data/map/robot1/images/0551.png,/Users/kimsumin/projects/RGMC/data/map/robot1/overlays/0551_overlay.png,/Users/kimsumin/projects/RGMC/data/map/robot1/masks/0551_mask.png
552,0.6900000000000001,0.5,,351.01626712328766,354.70937231298365,1,0.0,0.038996841291761106,0.10825996612658295,1777481591.4861026,5,/Users/kimsumin/projects/RGMC/data/map/robot1/images/0552.png,/Users/kimsumin/projects/RGMC/data/map/robot1/overlays/0552_overlay.png,/Users/kimsumin/projects/RGMC/data/map/robot1/masks/0552_mask.png
553,0.71875,0.5,,351.11958405545926,367.01655052264806,1,0.0,0.013657178738272305,0.10377938049359825,1777481601.071449,5,/Users/kimsumin/projects/RGMC/data/map/robot1/images/0553.png,/Users/kimsumin/projects/RGMC/data/map/robot1/overlays/0553_overlay.png,/Users/kimsumin/projects/RGMC/data/map/robot1/masks/0553_mask.png
554,0.7475,0.5,,350.8544474393531,380.2162162162162,1,0.0,0.05480732620056122,0.0916824201930542,1777481610.7416496,5,/Users/kimsumin/projects/RGMC/data/map/robot1/images/0554.png,/Users/kimsumin/projects/RGMC/data/map/robot1/overlays/0554_overlay.png,/Users/kimsumin/projects/RGMC/data/map/robot1/masks/0554_mask.png
555,0.77625,0.5,,351.3682842287695,393.07019064124785,1,0.0,0.023372624413319946,0.04755391094679483,1777481620.3824391,5,/Users/kimsumin/projects/RGMC/data/map/robot1/images/0555.png,/Users/kimsumin/projects/RGMC/data/map/robot1/overlays/0555_overlay.png,/Users/kimsumin/projects/RGMC/data/map/robot1/masks/0555_mask.png
556,0.805,0.5,,351.2261904761905,405.9423240033927,1,0.0,0.0348834015169798,0.048574105799591316,1777481629.9347289,5,/Users/kimsumin/projects/RGMC/data/map/robot1/images/0556.png,/Users/kimsumin/projects/RGMC/data/map/robot1/overlays/0556_overlay.png,/Users/kimsumin/projects/RGMC/data/map/robot1/masks/0556_mask.png
557,0.83375,0.5,,351.1784482758621,418.173275862069,1,0.0,0.05744053774120091,0.02677594944138133,1777481640.5548358,5,/Users/kimsumin/projects/RGMC/data/map/robot1/images/0557.png,/Users/kimsumin/projects/RGMC/data/map/robot1/overlays/0557_overlay.png,/Users/kimsumin/projects/RGMC/data/map/robot1/masks/0557_mask.png
558,0.8625,0.5,,351.1757779646762,432.7565290648694,1,0.0,0.07708761318476864,0.0835824848033593,1777481650.2316737,5,/Users/kimsumin/projects/RGMC/data/map/robot1/images/0558.png,/Users/kimsumin/projects/RGMC/data/map/robot1/overlays/0558_overlay.png,/Users/kimsumin/projects/RGMC/data/map/robot1/masks/0558_mask.png
559,0.89125,0.5,,351.243922883487,445.15384615384613,1,0.0,0.033017792476228436,0.03251947679565049,1777481659.776676,5,/Users/kimsumin/projects/RGMC/data/map/robot1/images/0559.png,/Users/kimsumin/projects/RGMC/data/map/robot1/overlays/0559_overlay.png,/Users/kimsumin/projects/RGMC/data/map/robot1/masks/0559_mask.png
560,0.92,0.5,,350.916314454776,457.82828282828285,1,0.0,0.05404385131470568,0.06241825800632744,1777481669.3043337,5,/Users/kimsumin/projects/RGMC/data/map/robot1/images/0560.png,/Users/kimsumin/projects/RGMC/data/map/robot1/overlays/0560_overlay.png,/Users/kimsumin/projects/RGMC/data/map/robot1/masks/0560_mask.png
561,0.92,0.53125,,336.30643776824036,457.763698630137,1,0.0,0.0688010744218571,0.06239577444625596,1777481678.8970788,5,/Users/kimsumin/projects/RGMC/data/map/robot1/images/0561.png,/Users/kimsumin/projects/RGMC/data/map/robot1/overlays/0561_overlay.png,/Users/kimsumin/projects/RGMC/data/map/robot1/masks/0561_mask.png
562,0.89125,0.53125,,336.2123966942149,445.49342105263156,1,0.0,0.037581491375109514,0.06644527371423573,1777481688.4821527,5,/Users/kimsumin/projects/RGMC/data/map/robot1/images/0562.png,/Users/kimsumin/projects/RGMC/data/map/robot1/overlays/0562_overlay.png,/Users/kimsumin/projects/RGMC/data/map/robot1/masks/0562_mask.png
563,0.8625,0.53125,,336.1570109151973,432.87729549248746,1,0.0,0.040944893710279616,0.05321230454098452,1777481698.1384842,5,/Users/kimsumin/projects/RGMC/data/map/robot1/images/0563.png,/Users/kimsumin/projects/RGMC/data/map/robot1/overlays/0563_overlay.png,/Users/kimsumin/projects/RGMC/data/map/robot1/masks/0563_mask.png
564,0.83375,0.53125,,335.85852090032154,419.29975825946815,1,0.0,0.019423727652200056,0.02968502399196824,1777481707.8916464,5,/Users/kimsumin/projects/RGMC/data/map/robot1/images/0564.png,/Users/kimsumin/projects/RGMC/data/map/robot1/overlays/0564_overlay.png,/Users/kimsumin/projects/RGMC/data/map/robot1/masks/0564_mask.png
565,0.805,0.53125,,335.9410278011794,406.28547297297297,1,0.0,0.05415243227628967,0.046523405069519894,1777481717.5211482,5,/Users/kimsumin/projects/RGMC/data/map/robot1/images/0565.png,/Users/kimsumin/projects/RGMC/data/map/robot1/overlays/0565_overlay.png,/Users/kimsumin/projects/RGMC/data/map/robot1/masks/0565_mask.png
566,0.77625,0.53125,,336.0484693877551,393.47346251053074,1,0.0,0.06343967568410269,0.059974069984220384,1777481727.188305,5,/Users/kimsumin/projects/RGMC/data/map/robot1/images/0566.png,/Users/kimsumin/projects/RGMC/data/map/robot1/overlays/0566_overlay.png,/Users/kimsumin/projects/RGMC/data/map/robot1/masks/0566_mask.png
567,0.7475,0.53125,,335.90285204991085,380.21669626998226,1,0.0,0.03192825168525135,0.10950042589856032,1777481736.7258542,5,/Users/kimsumin/projects/RGMC/data/map/robot1/images/0567.png,/Users/kimsumin/projects/RGMC/data/map/robot1/overlays/0567_overlay.png,/Users/kimsumin/projects/RGMC/data/map/robot1/masks/0567_mask.png
568,0.71875,0.53125,,336.11739864864865,367.38813559322034,1,0.0,0.026888423318035683,0.04965283131859041,1777481746.3489513,5,/Users/kimsumin/projects/RGMC/data/map/robot1/images/0568.png,/Users/kimsumin/projects/RGMC/data/map/robot1/overlays/0568_overlay.png,/Users/kimsumin/projects/RGMC/data/map/robot1/masks/0568_mask.png
569,0.6900000000000001,0.53125,,336.0415606446141,354.19659574468085,1,0.0,0.02665857444850281,0.0316917129245817,1777481756.066852,5,/Users/kimsumin/projects/RGMC/data/map/robot1/images/0569.png,/Users/kimsumin/projects/RGMC/data/map/robot1/overlays/0569_overlay.png,/Users/kimsumin/projects/RGMC/data/map/robot1/masks/0569_mask.png
570,0.66125,0.53125,,336.10026155187444,341.66434176111596,1,0.0,0.06595717812090333,0.052264220943372706,1777481765.61411,5,/Users/kimsumin/projects/RGMC/data/map/robot1/images/0570.png,/Users/kimsumin/projects/RGMC/data/map/robot1/overlays/0570_overlay.png,/Users/kimsumin/projects/RGMC/data/map/robot1/masks/0570_mask.png
571,0.6325000000000001,0.53125,,336.1818181818182,328.95964912280704,1,0.0,0.026827020243251565,0.0452733767850832,1777481775.1408904,5,/Users/kimsumin/projects/RGMC/data/map/robot1/images/0571.png,/Users/kimsumin/projects/RGMC/data/map/robot1/overlays/0571_overlay.png,/Users/kimsumin/projects/RGMC/data/map/robot1/masks/0571_mask.png
572,0.60375,0.53125,,336.37093862815885,316.020702070207,1,0.0,0.02517176950971881,0.08098320608089661,1777481784.808835,5,/Users/kimsumin/projects/RGMC/data/map/robot1/images/0572.png,/Users/kimsumin/projects/RGMC/data/map/robot1/overlays/0572_overlay.png,/Users/kimsumin/projects/RGMC/data/map/robot1/masks/0572_mask.png
573,0.5750000000000001,0.53125,,336.39084507042253,302.4586267605634,1,0.0,0.03786911099167615,0.30037876320977724,1777481794.3952684,5,/Users/kimsumin/projects/RGMC/data/map/robot1/images/0573.png,/Users/kimsumin/projects/RGMC/data/map/robot1/overlays/0573_overlay.png,/Users/kimsumin/projects/RGMC/data/map/robot1/masks/0573_mask.png
574,0.54625,0.53125,,336.274165202109,289.5616197183099,1,0.0,0.07993723924590677,0.03147885904530351,1777481803.9242606,5,/Users/kimsumin/projects/RGMC/data/map/robot1/images/0574.png,/Users/kimsumin/projects/RGMC/data/map/robot1/overlays/0574_overlay.png,/Users/kimsumin/projects/RGMC/data/map/robot1/masks/0574_mask.png
575,0.5175000000000001,0.53125,,336.30545774647885,277.22095070422534,1,0.0,0.00951069898837913,0.013627303956985137,1777481813.470128,5,/Users/kimsumin/projects/RGMC/data/map/robot1/images/0575.png,/Users/kimsumin/projects/RGMC/data/map/robot1/overlays/0575_overlay.png,/Users/kimsumin/projects/RGMC/data/map/robot1/masks/0575_mask.png
576,0.48875,0.53125,,336.1931608133087,263.7852534562212,1,0.0,0.08346848540605015,0.23577887470390294,1777481823.0080152,5,/Users/kimsumin/projects/RGMC/data/map/robot1/images/0576.png,/Users/kimsumin/projects/RGMC/data/map/robot1/overlays/0576_overlay.png,/Users/kimsumin/projects/RGMC/data/map/robot1/masks/0576_mask.png
577,0.46,0.53125,,336.29758713136727,251.98033958891867,1,0.0,0.06219002435726894,0.07113206006123753,1777481832.572737,5,/Users/kimsumin/projects/RGMC/data/map/robot1/images/0577.png,/Users/kimsumin/projects/RGMC/data/map/robot1/overlays/0577_overlay.png,/Users/kimsumin/projects/RGMC/data/map/robot1/masks/0577_mask.png
578,0.43125,0.53125,,336.74301172227234,238.2678088367899,1,0.0,0.04842595662945905,0.029671265362239126,1777481842.159852,5,/Users/kimsumin/projects/RGMC/data/map/robot1/images/0578.png,/Users/kimsumin/projects/RGMC/data/map/robot1/overlays/0578_overlay.png,/Users/kimsumin/projects/RGMC/data/map/robot1/masks/0578_mask.png
579,0.4025,0.53125,,336.40226876090753,225.59685863874344,1,0.0,0.06542766907002058,0.06628198651804297,1777481851.8236024,5,/Users/kimsumin/projects/RGMC/data/map/robot1/images/0579.png,/Users/kimsumin/projects/RGMC/data/map/robot1/overlays/0579_overlay.png,/Users/kimsumin/projects/RGMC/data/map/robot1/masks/0579_mask.png
580,0.37375,0.53125,,336.411198600175,213.25021872265967,1,0.0,0.10226468817593466,0.04475453113096043,1777481861.548832,5,/Users/kimsumin/projects/RGMC/data/map/robot1/images/0580.png,/Users/kimsumin/projects/RGMC/data/map/robot1/overlays/0580_overlay.png,/Users/kimsumin/projects/RGMC/data/map/robot1/masks/0580_mask.png
581,0.34500000000000003,0.53125,,336.26364399664146,199.7359125315391,1,0.0,0.010949345111480723,0.35527170516961754,1777481872.1762347,5,/Users/kimsumin/projects/RGMC/data/map/robot1/images/0581.png,/Users/kimsumin/projects/RGMC/data/map/robot1/overlays/0581_overlay.png,/Users/kimsumin/projects/RGMC/data/map/robot1/masks/0581_mask.png
582,0.31625000000000003,0.53125,,336.4606931530008,187.47590870667793,1,0.0,0.05234078576224458,0.009467463021952083,1777481881.824856,5,/Users/kimsumin/projects/RGMC/data/map/robot1/images/0582.png,/Users/kimsumin/projects/RGMC/data/map/robot1/overlays/0582_overlay.png,/Users/kimsumin/projects/RGMC/data/map/robot1/masks/0582_mask.png
583,0.28750000000000003,0.53125,,336.3679653679654,174.27445887445887,1,0.0,0.04540879968084021,0.08100188797753621,1777481891.3658562,5,/Users/kimsumin/projects/RGMC/data/map/robot1/images/0583.png,/Users/kimsumin/projects/RGMC/data/map/robot1/overlays/0583_overlay.png,/Users/kimsumin/projects/RGMC/data/map/robot1/masks/0583_mask.png
584,0.25875000000000004,0.53125,,336.34129692832767,161.70102214650765,1,0.0,0.07536280028321932,0.07834385971488149,1777481900.9373355,5,/Users/kimsumin/projects/RGMC/data/map/robot1/images/0584.png,/Users/kimsumin/projects/RGMC/data/map/robot1/overlays/0584_overlay.png,/Users/kimsumin/projects/RGMC/data/map/robot1/masks/0584_mask.png
585,0.23,0.53125,,336.3931330472103,149.11931330472103,1,0.0,0.00891675512415539,0.025628885658416714,1777481910.4949424,5,/Users/kimsumin/projects/RGMC/data/map/robot1/images/0585.png,/Users/kimsumin/projects/RGMC/data/map/robot1/overlays/0585_overlay.png,/Users/kimsumin/projects/RGMC/data/map/robot1/masks/0585_mask.png
586,0.20125,0.53125,,336.2317487266553,136.73831775700936,1,0.0,0.03581585018926384,0.037046936560686576,1777481920.4295895,5,/Users/kimsumin/projects/RGMC/data/map/robot1/images/0586.png,/Users/kimsumin/projects/RGMC/data/map/robot1/overlays/0586_overlay.png,/Users/kimsumin/projects/RGMC/data/map/robot1/masks/0586_mask.png
587,0.17250000000000001,0.53125,,336.36340425531915,124.17191489361701,1,0.0,0.02552995776641046,0.009371403627125354,1777481929.9840271,5,/Users/kimsumin/projects/RGMC/data/map/robot1/images/0587.png,/Users/kimsumin/projects/RGMC/data/map/robot1/overlays/0587_overlay.png,/Users/kimsumin/projects/RGMC/data/map/robot1/masks/0587_mask.png
588,0.14375000000000002,0.53125,,336.98575020955576,110.56328583403186,1,0.0,0.05415255786122448,0.047559780122082174,1777481939.6412992,5,/Users/kimsumin/projects/RGMC/data/map/robot1/images/0588.png,/Users/kimsumin/projects/RGMC/data/map/robot1/overlays/0588_overlay.png,/Users/kimsumin/projects/RGMC/data/map/robot1/masks/0588_mask.png
589,0.115,0.53125,,336.5880341880342,97.83734939759036,1,0.0,0.03140968061752363,0.07409044034276525,1777481949.2510567,5,/Users/kimsumin/projects/RGMC/data/map/robot1/images/0589.png,/Users/kimsumin/projects/RGMC/data/map/robot1/overlays/0589_overlay.png,/Users/kimsumin/projects/RGMC/data/map/robot1/masks/0589_mask.png
590,0.08625000000000001,0.53125,,336.86700767263426,85.22155688622755,1,0.0,0.041702272712551454,0.05426387435066863,1777481958.8315232,5,/Users/kimsumin/projects/RGMC/data/map/robot1/images/0590.png,/Users/kimsumin/projects/RGMC/data/map/robot1/overlays/0590_overlay.png,/Users/kimsumin/projects/RGMC/data/map/robot1/masks/0590_mask.png
591,0.0575,0.53125,,336.61512319456244,72.66609735269,1,0.0,0.027369116340352335,0.08328772075069801,1777481968.4347906,5,/Users/kimsumin/projects/RGMC/data/map/robot1/images/0591.png,/Users/kimsumin/projects/RGMC/data/map/robot1/overlays/0591_overlay.png,/Users/kimsumin/projects/RGMC/data/map/robot1/masks/0591_mask.png
592,0.02875,0.53125,,336.63518197573654,59.822299651567945,1,0.0,0.044425299121858886,0.09675613539780796,1777481977.9491658,5,/Users/kimsumin/projects/RGMC/data/map/robot1/images/0592.png,/Users/kimsumin/projects/RGMC/data/map/robot1/overlays/0592_overlay.png,/Users/kimsumin/projects/RGMC/data/map/robot1/masks/0592_mask.png
593,0.0,0.53125,,337.33869670152853,46.12841091492777,1,0.0,0.03914813753647237,0.05456323458266258,1777481987.4938476,5,/Users/kimsumin/projects/RGMC/data/map/robot1/images/0593.png,/Users/kimsumin/projects/RGMC/data/map/robot1/overlays/0593_overlay.png,/Users/kimsumin/projects/RGMC/data/map/robot1/masks/0593_mask.png
594,0.0,0.5625,,323.3943894389439,45.92178770949721,1,0.0,0.39028601704003446,0.04547137701177778,1777481997.1115892,5,/Users/kimsumin/projects/RGMC/data/map/robot1/images/0594.png,/Users/kimsumin/projects/RGMC/data/map/robot1/overlays/0594_overlay.png,/Users/kimsumin/projects/RGMC/data/map/robot1/masks/0594_mask.png
595,0.02875,0.5625,,322.2692307692308,58.550080775444265,1,0.0,0.4424893582230249,0.14320806295014635,1777482006.6576624,5,/Users/kimsumin/projects/RGMC/data/map/robot1/images/0595.png,/Users/kimsumin/projects/RGMC/data/map/robot1/overlays/0595_overlay.png,/Users/kimsumin/projects/RGMC/data/map/robot1/masks/0595_mask.png
596,0.0575,0.5625,,323.5765611633875,72.23168654173764,1,0.0,0.4377688399835362,0.32383057495473816,1777482016.252729,5,/Users/kimsumin/projects/RGMC/data/map/robot1/images/0596.png,/Users/kimsumin/projects/RGMC/data/map/robot1/overlays/0596_overlay.png,/Users/kimsumin/projects/RGMC/data/map/robot1/masks/0596_mask.png
597,0.08625000000000001,0.5625,,323.6128486897718,85.23829787234042,1,0.0,0.6418786273092808,0.09138054771641041,1777482025.854091,5,/Users/kimsumin/projects/RGMC/data/map/robot1/images/0597.png,/Users/kimsumin/projects/RGMC/data/map/robot1/overlays/0597_overlay.png,/Users/kimsumin/projects/RGMC/data/map/robot1/masks/0597_mask.png
598,0.115,0.5625,,323.5604770017036,97.96081771720613,1,0.0,0.061292383086555276,0.06569990278802819,1777482035.4263291,5,/Users/kimsumin/projects/RGMC/data/map/robot1/images/0598.png,/Users/kimsumin/projects/RGMC/data/map/robot1/overlays/0598_overlay.png,/Users/kimsumin/projects/RGMC/data/map/robot1/masks/0598_mask.png
599,0.14375000000000002,0.5625,,323.531197301855,110.35084745762713,1,0.0,0.02356614791096913,0.04743790002246612,1777482044.975636,5,/Users/kimsumin/projects/RGMC/data/map/robot1/images/0599.png,/Users/kimsumin/projects/RGMC/data/map/robot1/overlays/0599_overlay.png,/Users/kimsumin/projects/RGMC/data/map/robot1/masks/0599_mask.png
600,0.17250000000000001,0.5625,,323.4126050420168,123.39495798319328,1,0.0,0.048754910716001264,0.02564855926581418,1777482054.7254188,5,/Users/kimsumin/projects/RGMC/data/map/robot1/images/0600.png,/Users/kimsumin/projects/RGMC/data/map/robot1/overlays/0600_overlay.png,/Users/kimsumin/projects/RGMC/data/map/robot1/masks/0600_mask.png
601,0.20125,0.5625,,323.32876712328766,136.5730145175064,1,0.0,0.0363839908216424,0.023335957937476226,1777482064.296625,5,/Users/kimsumin/projects/RGMC/data/map/robot1/images/0601.png,/Users/kimsumin/projects/RGMC/data/map/robot1/overlays/0601_overlay.png,/Users/kimsumin/projects/RGMC/data/map/robot1/masks/0601_mask.png
602,0.23,0.5625,,323.4,149.37895637296836,1,0.0,0.3944217741505869,0.04333452455373057,1777482073.9474404,5,/Users/kimsumin/projects/RGMC/data/map/robot1/images/0602.png,/Users/kimsumin/projects/RGMC/data/map/robot1/overlays/0602_overlay.png,/Users/kimsumin/projects/RGMC/data/map/robot1/masks/0602_mask.png
603,0.25875000000000004,0.5625,,323.09772535804547,161.8549874266555,1,0.0,0.0398350181918879,0.04797043848868759,1777482083.5111475,5,/Users/kimsumin/projects/RGMC/data/map/robot1/images/0603.png,/Users/kimsumin/projects/RGMC/data/map/robot1/overlays/0603_overlay.png,/Users/kimsumin/projects/RGMC/data/map/robot1/masks/0603_mask.png
604,0.28750000000000003,0.5625,,323.17722602739724,174.1127241673783,1,0.0,0.0405432614127397,0.045627588196614575,1777482093.0709593,5,/Users/kimsumin/projects/RGMC/data/map/robot1/images/0604.png,/Users/kimsumin/projects/RGMC/data/map/robot1/overlays/0604_overlay.png,/Users/kimsumin/projects/RGMC/data/map/robot1/masks/0604_mask.png
605,0.31625000000000003,0.5625,,323.1119402985075,187.1442869057548,1,0.0,0.033835348183897634,0.09485711443070635,1777482102.6250625,5,/Users/kimsumin/projects/RGMC/data/map/robot1/images/0605.png,/Users/kimsumin/projects/RGMC/data/map/robot1/overlays/0605_overlay.png,/Users/kimsumin/projects/RGMC/data/map/robot1/masks/0605_mask.png
606,0.34500000000000003,0.5625,,322.3033980582524,199.73482428115017,1,0.0,0.297576862124872,0.05397476981904796,1777482112.1805272,5,/Users/kimsumin/projects/RGMC/data/map/robot1/images/0606.png,/Users/kimsumin/projects/RGMC/data/map/robot1/overlays/0606_overlay.png,/Users/kimsumin/projects/RGMC/data/map/robot1/masks/0606_mask.png
607,0.37375,0.5625,,323.0596760443308,213.3393009377664,1,0.0,0.18221362890073775,0.037047347881555934,1777482121.729748,5,/Users/kimsumin/projects/RGMC/data/map/robot1/images/0607.png,/Users/kimsumin/projects/RGMC/data/map/robot1/overlays/0607_overlay.png,/Users/kimsumin/projects/RGMC/data/map/robot1/masks/0607_mask.png
608,0.4025,0.5625,,323.0033698399326,225.92966101694915,1,0.0,0.023404244574155544,0.03739938248436148,1777482131.4210348,5,/Users/kimsumin/projects/RGMC/data/map/robot1/images/0608.png,/Users/kimsumin/projects/RGMC/data/map/robot1/overlays/0608_overlay.png,/Users/kimsumin/projects/RGMC/data/map/robot1/masks/0608_mask.png
609,0.43125,0.5625,,322.92618025751074,237.9846547314578,1,0.0,0.2169219157244353,0.09831672068852167,1777482141.0498123,5,/Users/kimsumin/projects/RGMC/data/map/robot1/images/0609.png,/Users/kimsumin/projects/RGMC/data/map/robot1/overlays/0609_overlay.png,/Users/kimsumin/projects/RGMC/data/map/robot1/masks/0609_mask.png
610,0.46,0.5625,,322.90656565656565,251.11467116357505,1,0.0,0.04943003608796946,0.04276306088409546,1777482150.6767132,5,/Users/kimsumin/projects/RGMC/data/map/robot1/images/0610.png,/Users/kimsumin/projects/RGMC/data/map/robot1/overlays/0610_overlay.png,/Users/kimsumin/projects/RGMC/data/map/robot1/masks/0610_mask.png
611,0.48875,0.5625,,322.80265486725665,264.3494623655914,1,0.0,0.13284523429705367,0.12153092245202868,1777482160.2712734,5,/Users/kimsumin/projects/RGMC/data/map/robot1/images/0611.png,/Users/kimsumin/projects/RGMC/data/map/robot1/overlays/0611_overlay.png,/Users/kimsumin/projects/RGMC/data/map/robot1/masks/0611_mask.png
612,0.5175000000000001,0.5625,,323.09798775153104,277.30856643356645,1,0.0,0.02631122000764648,0.011468384297684809,1777482170.3997927,5,/Users/kimsumin/projects/RGMC/data/map/robot1/images/0612.png,/Users/kimsumin/projects/RGMC/data/map/robot1/overlays/0612_overlay.png,/Users/kimsumin/projects/RGMC/data/map/robot1/masks/0612_mask.png
613,0.54625,0.5625,,322.87521663778165,289.81109185441943,1,0.0,0.21923736982542563,0.05736610384532961,1777482180.042988,5,/Users/kimsumin/projects/RGMC/data/map/robot1/images/0613.png,/Users/kimsumin/projects/RGMC/data/map/robot1/overlays/0613_overlay.png,/Users/kimsumin/projects/RGMC/data/map/robot1/masks/0613_mask.png
614,0.5750000000000001,0.5625,,322.335864978903,302.2270042194093,1,0.0,0.25952171740694285,0.07144360312103563,1777482190.2453408,5,/Users/kimsumin/projects/RGMC/data/map/robot1/images/0614.png,/Users/kimsumin/projects/RGMC/data/map/robot1/overlays/0614_overlay.png,/Users/kimsumin/projects/RGMC/data/map/robot1/masks/0614_mask.png
615,0.60375,0.5625,,323.0164217804667,315.1382886776145,1,0.0,0.029093771888813066,0.08737771874960584,1777482199.906949,5,/Users/kimsumin/projects/RGMC/data/map/robot1/images/0615.png,/Users/kimsumin/projects/RGMC/data/map/robot1/overlays/0615_overlay.png,/Users/kimsumin/projects/RGMC/data/map/robot1/masks/0615_mask.png
616,0.6325000000000001,0.5625,,322.85093167701865,328.69483985765123,1,0.0,0.027725129485405856,0.0821258812648605,1777482209.476322,5,/Users/kimsumin/projects/RGMC/data/map/robot1/images/0616.png,/Users/kimsumin/projects/RGMC/data/map/robot1/overlays/0616_overlay.png,/Users/kimsumin/projects/RGMC/data/map/robot1/masks/0616_mask.png
617,0.66125,0.5625,,322.8670212765957,341.40248226950354,1,0.0,0.07225435130021476,0.07037774637087207,1777482218.9801095,5,/Users/kimsumin/projects/RGMC/data/map/robot1/images/0617.png,/Users/kimsumin/projects/RGMC/data/map/robot1/overlays/0617_overlay.png,/Users/kimsumin/projects/RGMC/data/map/robot1/masks/0617_mask.png
618,0.6900000000000001,0.5625,,322.69157254561253,354.0477845351868,1,0.0,0.0695133327342661,0.052961634873077666,1777482228.559389,5,/Users/kimsumin/projects/RGMC/data/map/robot1/images/0618.png,/Users/kimsumin/projects/RGMC/data/map/robot1/overlays/0618_overlay.png,/Users/kimsumin/projects/RGMC/data/map/robot1/masks/0618_mask.png
619,0.71875,0.5625,,322.7966841186736,366.6106194690266,1,0.0,0.03474367132648775,0.1104190867366982,1777482238.9511282,5,/Users/kimsumin/projects/RGMC/data/map/robot1/images/0619.png,/Users/kimsumin/projects/RGMC/data/map/robot1/overlays/0619_overlay.png,/Users/kimsumin/projects/RGMC/data/map/robot1/masks/0619_mask.png
620,0.7475,0.5625,,322.90868397493284,380.2873769024172,1,0.0,0.07537043963909984,0.05735665451229698,1777482248.6720617,5,/Users/kimsumin/projects/RGMC/data/map/robot1/images/0620.png,/Users/kimsumin/projects/RGMC/data/map/robot1/overlays/0620_overlay.png,/Users/kimsumin/projects/RGMC/data/map/robot1/masks/0620_mask.png
621,0.77625,0.5625,,322.78767123287673,393.2865748709122,1,0.0,0.09833924537700904,0.045712781426871504,1777482258.262365,5,/Users/kimsumin/projects/RGMC/data/map/robot1/images/0621.png,/Users/kimsumin/projects/RGMC/data/map/robot1/overlays/0621_overlay.png,/Users/kimsumin/projects/RGMC/data/map/robot1/masks/0621_mask.png
622,0.805,0.5625,,323.0997442455243,406.0008635578584,1,0.0,0.09049797418889957,0.03978280973762598,1777482267.8691957,5,/Users/kimsumin/projects/RGMC/data/map/robot1/images/0622.png,/Users/kimsumin/projects/RGMC/data/map/robot1/overlays/0622_overlay.png,/Users/kimsumin/projects/RGMC/data/map/robot1/masks/0622_mask.png
623,0.83375,0.5625,,323.09202958093675,418.87798845836767,1,0.0,0.1801743659047175,0.0639368112918634,1777482277.4478476,5,/Users/kimsumin/projects/RGMC/data/map/robot1/images/0623.png,/Users/kimsumin/projects/RGMC/data/map/robot1/overlays/0623_overlay.png,/Users/kimsumin/projects/RGMC/data/map/robot1/masks/0623_mask.png
624,0.8625,0.5625,,322.94368600682594,432.5872742906277,1,0.0,0.31588927583006243,0.04646273855961047,1777482287.0479066,5,/Users/kimsumin/projects/RGMC/data/map/robot1/images/0624.png,/Users/kimsumin/projects/RGMC/data/map/robot1/overlays/0624_overlay.png,/Users/kimsumin/projects/RGMC/data/map/robot1/masks/0624_mask.png
625,0.89125,0.5625,,322.4678076609617,445.29402261712437,1,0.0,0.03866580915062673,0.047706237880124534,1777482296.7030425,5,/Users/kimsumin/projects/RGMC/data/map/robot1/images/0625.png,/Users/kimsumin/projects/RGMC/data/map/robot1/overlays/0625_overlay.png,/Users/kimsumin/projects/RGMC/data/map/robot1/masks/0625_mask.png
626,0.92,0.5625,,323.04170212765956,457.3523404255319,1,0.0,0.047719068205054824,0.057852388757313494,1777482306.3803892,5,/Users/kimsumin/projects/RGMC/data/map/robot1/images/0626.png,/Users/kimsumin/projects/RGMC/data/map/robot1/overlays/0626_overlay.png,/Users/kimsumin/projects/RGMC/data/map/robot1/masks/0626_mask.png
627,0.92,0.59375,,308.47877758913415,457.7811980033278,1,0.0,0.09776769286722824,0.04849091652313573,1777482316.0012362,5,/Users/kimsumin/projects/RGMC/data/map/robot1/images/0627.png,/Users/kimsumin/projects/RGMC/data/map/robot1/overlays/0627_overlay.png,/Users/kimsumin/projects/RGMC/data/map/robot1/masks/0627_mask.png
628,0.89125,0.59375,,308.28656462585036,445.05617021276595,1,0.0,0.09389720164487868,0.06092960607666539,1777482325.8652399,5,/Users/kimsumin/projects/RGMC/data/map/robot1/images/0628.png,/Users/kimsumin/projects/RGMC/data/map/robot1/overlays/0628_overlay.png,/Users/kimsumin/projects/RGMC/data/map/robot1/masks/0628_mask.png
629,0.8625,0.59375,,308.0514522821577,432.69626556016595,1,0.0,0.06272594205326625,0.31756987131207304,1777482335.3926873,5,/Users/kimsumin/projects/RGMC/data/map/robot1/images/0629.png,/Users/kimsumin/projects/RGMC/data/map/robot1/overlays/0629_overlay.png,/Users/kimsumin/projects/RGMC/data/map/robot1/masks/0629_mask.png
630,0.83375,0.59375,,308.10325203252034,419.0310711365495,1,0.0,0.051240370741381505,0.06982275845999773,1777482344.9343455,5,/Users/kimsumin/projects/RGMC/data/map/robot1/images/0630.png,/Users/kimsumin/projects/RGMC/data/map/robot1/overlays/0630_overlay.png,/Users/kimsumin/projects/RGMC/data/map/robot1/masks/0630_mask.png
631,0.805,0.59375,,307.82530120481925,405.8464837049743,1,0.0,0.019231583091660513,0.0601353971286945,1777482354.513673,5,/Users/kimsumin/projects/RGMC/data/map/robot1/images/0631.png,/Users/kimsumin/projects/RGMC/data/map/robot1/overlays/0631_overlay.png,/Users/kimsumin/projects/RGMC/data/map/robot1/masks/0631_mask.png
632,0.77625,0.59375,,307.9468267581475,393.2020373514431,1,0.0,0.08010061647975313,0.0493153355471689,1777482364.1894538,5,/Users/kimsumin/projects/RGMC/data/map/robot1/images/0632.png,/Users/kimsumin/projects/RGMC/data/map/robot1/overlays/0632_overlay.png,/Users/kimsumin/projects/RGMC/data/map/robot1/masks/0632_mask.png
633,0.7475,0.59375,,307.95246326707,380.4776247848537,1,0.0,0.08260128238990676,0.036882967281327034,1777482373.74063,5,/Users/kimsumin/projects/RGMC/data/map/robot1/images/0633.png,/Users/kimsumin/projects/RGMC/data/map/robot1/overlays/0633_overlay.png,/Users/kimsumin/projects/RGMC/data/map/robot1/masks/0633_mask.png
634,0.71875,0.59375,,307.87416666666667,366.97335553705244,1,0.0,0.019908182167062284,0.0577131110944672,1777482383.2995794,5,/Users/kimsumin/projects/RGMC/data/map/robot1/images/0634.png,/Users/kimsumin/projects/RGMC/data/map/robot1/overlays/0634_overlay.png,/Users/kimsumin/projects/RGMC/data/map/robot1/masks/0634_mask.png
635,0.6900000000000001,0.59375,,307.99155405405406,354.0788590604027,1,0.0,0.029932127002111286,0.046571626873960756,1777482393.102542,5,/Users/kimsumin/projects/RGMC/data/map/robot1/images/0635.png,/Users/kimsumin/projects/RGMC/data/map/robot1/overlays/0635_overlay.png,/Users/kimsumin/projects/RGMC/data/map/robot1/masks/0635_mask.png
636,0.66125,0.59375,,308.0153846153846,341.319897084048,1,0.0,0.04222973824970342,0.032844688598874586,1777482402.8393154,5,/Users/kimsumin/projects/RGMC/data/map/robot1/images/0636.png,/Users/kimsumin/projects/RGMC/data/map/robot1/overlays/0636_overlay.png,/Users/kimsumin/projects/RGMC/data/map/robot1/masks/0636_mask.png
637,0.6325000000000001,0.59375,,308.1293706293706,328.6136363636364,1,0.0,0.07584398140456478,0.035115305468345744,1777482412.3999631,5,/Users/kimsumin/projects/RGMC/data/map/robot1/images/0637.png,/Users/kimsumin/projects/RGMC/data/map/robot1/overlays/0637_overlay.png,/Users/kimsumin/projects/RGMC/data/map/robot1/masks/0637_mask.png
638,0.60375,0.59375,,308.2093802345059,315.4807370184255,1,0.0,0.054817884306619234,0.07649196707095601,1777482422.0307455,5,/Users/kimsumin/projects/RGMC/data/map/robot1/images/0638.png,/Users/kimsumin/projects/RGMC/data/map/robot1/overlays/0638_overlay.png,/Users/kimsumin/projects/RGMC/data/map/robot1/masks/0638_mask.png
639,0.5750000000000001,0.59375,,308.25550660792953,302.0858143607706,1,0.0,0.0597696417866204,0.06728254168965984,1777482431.5048487,5,/Users/kimsumin/projects/RGMC/data/map/robot1/images/0639.png,/Users/kimsumin/projects/RGMC/data/map/robot1/overlays/0639_overlay.png,/Users/kimsumin/projects/RGMC/data/map/robot1/masks/0639_mask.png
640,0.54625,0.59375,,308.23200677392043,289.70748898678414,1,0.0,0.2751192633236632,0.04688025312389676,1777482441.0812373,5,/Users/kimsumin/projects/RGMC/data/map/robot1/images/0640.png,/Users/kimsumin/projects/RGMC/data/map/robot1/overlays/0640_overlay.png,/Users/kimsumin/projects/RGMC/data/map/robot1/masks/0640_mask.png
641,0.5175000000000001,0.59375,,308.12165660051767,276.9109766637857,1,0.0,0.04553367230036642,0.08499494465999057,1777482451.6412709,5,/Users/kimsumin/projects/RGMC/data/map/robot1/images/0641.png,/Users/kimsumin/projects/RGMC/data/map/robot1/overlays/0641_overlay.png,/Users/kimsumin/projects/RGMC/data/map/robot1/masks/0641_mask.png
642,0.48875,0.59375,,308.14759825327513,264.49869904596704,1,0.0,0.019363625688439134,0.04468571829514116,1777482461.2195866,5,/Users/kimsumin/projects/RGMC/data/map/robot1/images/0642.png,/Users/kimsumin/projects/RGMC/data/map/robot1/overlays/0642_overlay.png,/Users/kimsumin/projects/RGMC/data/map/robot1/masks/0642_mask.png
643,0.46,0.59375,,307.99168744804655,251.10517529215358,1,0.0,0.028292685741742936,0.02484171950301487,1777482470.9662628,5,/Users/kimsumin/projects/RGMC/data/map/robot1/images/0643.png,/Users/kimsumin/projects/RGMC/data/map/robot1/overlays/0643_overlay.png,/Users/kimsumin/projects/RGMC/data/map/robot1/masks/0643_mask.png
644,0.43125,0.59375,,307.99155405405406,238.0828402366864,1,0.0,0.037578654675452974,0.06080586213434206,1777482480.5623229,5,/Users/kimsumin/projects/RGMC/data/map/robot1/images/0644.png,/Users/kimsumin/projects/RGMC/data/map/robot1/overlays/0644_overlay.png,/Users/kimsumin/projects/RGMC/data/map/robot1/masks/0644_mask.png
645,0.4025,0.59375,,307.46947549441103,225.7292202227935,1,0.0,0.11963057843601684,0.03899930241860614,1777482490.1166205,5,/Users/kimsumin/projects/RGMC/data/map/robot1/images/0645.png,/Users/kimsumin/projects/RGMC/data/map/robot1/overlays/0645_overlay.png,/Users/kimsumin/projects/RGMC/data/map/robot1/masks/0645_mask.png
646,0.37375,0.59375,,308.0164744645799,212.31219110378913,1,0.0,0.021375069314151684,0.3518072994377357,1777482499.6975935,5,/Users/kimsumin/projects/RGMC/data/map/robot1/images/0646.png,/Users/kimsumin/projects/RGMC/data/map/robot1/overlays/0646_overlay.png,/Users/kimsumin/projects/RGMC/data/map/robot1/masks/0646_mask.png
647,0.34500000000000003,0.59375,,308.42973192526404,199.9481781376518,1,0.0,0.052252476313402164,0.06009236910065738,1777482509.3322406,5,/Users/kimsumin/projects/RGMC/data/map/robot1/images/0647.png,/Users/kimsumin/projects/RGMC/data/map/robot1/overlays/0647_overlay.png,/Users/kimsumin/projects/RGMC/data/map/robot1/masks/0647_mask.png
648,0.31625000000000003,0.59375,,308.3961474036851,187.53993344425956,1,0.0,0.0992425335580704,0.03577562234239591,1777482518.9305146,5,/Users/kimsumin/projects/RGMC/data/map/robot1/images/0648.png,/Users/kimsumin/projects/RGMC/data/map/robot1/overlays/0648_overlay.png,/Users/kimsumin/projects/RGMC/data/map/robot1/masks/0648_mask.png
649,0.28750000000000003,0.59375,,307.7335025380711,174.57963446475196,1,0.0,0.045505215809584165,0.2883793767314825,1777482528.509351,5,/Users/kimsumin/projects/RGMC/data/map/robot1/images/0649.png,/Users/kimsumin/projects/RGMC/data/map/robot1/overlays/0649_overlay.png,/Users/kimsumin/projects/RGMC/data/map/robot1/masks/0649_mask.png
650,0.25875000000000004,0.59375,,308.2529021558872,162.2669983416252,1,0.0,0.055649212699240606,0.10085900914221453,1777482538.1726336,5,/Users/kimsumin/projects/RGMC/data/map/robot1/images/0650.png,/Users/kimsumin/projects/RGMC/data/map/robot1/overlays/0650_overlay.png,/Users/kimsumin/projects/RGMC/data/map/robot1/masks/0650_mask.png
651,0.23,0.59375,,308.3040201005025,149.57820299500833,1,0.0,0.05359444113365429,0.03686819169173073,1777482547.7361114,5,/Users/kimsumin/projects/RGMC/data/map/robot1/images/0651.png,/Users/kimsumin/projects/RGMC/data/map/robot1/overlays/0651_overlay.png,/Users/kimsumin/projects/RGMC/data/map/robot1/masks/0651_mask.png
652,0.20125,0.59375,,308.2011637572735,137.08848080133555,1,0.0,0.07328891486635161,0.07191788691703628,1777482557.4251611,5,/Users/kimsumin/projects/RGMC/data/map/robot1/images/0652.png,/Users/kimsumin/projects/RGMC/data/map/robot1/overlays/0652_overlay.png,/Users/kimsumin/projects/RGMC/data/map/robot1/masks/0652_mask.png
653,0.17250000000000001,0.59375,,308.36044520547944,124.43474503025065,1,0.0,0.05191098216712143,0.07628746981956838,1777482567.0285687,5,/Users/kimsumin/projects/RGMC/data/map/robot1/images/0653.png,/Users/kimsumin/projects/RGMC/data/map/robot1/overlays/0653_overlay.png,/Users/kimsumin/projects/RGMC/data/map/robot1/masks/0653_mask.png
654,0.14375000000000002,0.59375,,309.2569105691057,110.68512396694214,1,0.0,0.0337585252316652,0.24906123964632643,1777482576.5478575,5,/Users/kimsumin/projects/RGMC/data/map/robot1/images/0654.png,/Users/kimsumin/projects/RGMC/data/map/robot1/overlays/0654_overlay.png,/Users/kimsumin/projects/RGMC/data/map/robot1/masks/0654_mask.png
655,0.115,0.59375,,308.9974895397489,98.20753138075314,1,0.0,0.12594663363087677,0.135517955421107,1777482586.1503394,5,/Users/kimsumin/projects/RGMC/data/map/robot1/images/0655.png,/Users/kimsumin/projects/RGMC/data/map/robot1/overlays/0655_overlay.png,/Users/kimsumin/projects/RGMC/data/map/robot1/masks/0655_mask.png
656,0.08625000000000001,0.59375,,309.65120132560065,85.63418662262593,1,0.0,0.04695536003796407,0.04716082203249464,1777482595.7539344,5,/Users/kimsumin/projects/RGMC/data/map/robot1/images/0656.png,/Users/kimsumin/projects/RGMC/data/map/robot1/overlays/0656_overlay.png,/Users/kimsumin/projects/RGMC/data/map/robot1/masks/0656_mask.png
657,0.0575,0.59375,,308.83429991714996,71.71963394342762,1,0.0,0.19577662447346697,0.25925886464357834,1777482605.3890224,5,/Users/kimsumin/projects/RGMC/data/map/robot1/images/0657.png,/Users/kimsumin/projects/RGMC/data/map/robot1/overlays/0657_overlay.png,/Users/kimsumin/projects/RGMC/data/map/robot1/masks/0657_mask.png
658,0.02875,0.59375,,309.1318407960199,58.41611295681063,1,0.0,0.06156220034579844,0.5705051707626428,1777482615.0430312,5,/Users/kimsumin/projects/RGMC/data/map/robot1/images/0658.png,/Users/kimsumin/projects/RGMC/data/map/robot1/overlays/0658_overlay.png,/Users/kimsumin/projects/RGMC/data/map/robot1/masks/0658_mask.png
659,0.0,0.59375,,309.1517857142857,45.97149837133551,1,0.0,0.09867649592012522,0.09059069608063014,1777482624.5998292,5,/Users/kimsumin/projects/RGMC/data/map/robot1/images/0659.png,/Users/kimsumin/projects/RGMC/data/map/robot1/overlays/0659_overlay.png,/Users/kimsumin/projects/RGMC/data/map/robot1/masks/0659_mask.png
660,0.0,0.625,,295.4983416252073,45.888422818791945,1,0.0,0.04552196765476607,0.10796388899217593,1777482634.1783493,5,/Users/kimsumin/projects/RGMC/data/map/robot1/images/0660.png,/Users/kimsumin/projects/RGMC/data/map/robot1/overlays/0660_overlay.png,/Users/kimsumin/projects/RGMC/data/map/robot1/masks/0660_mask.png
661,0.02875,0.625,,295.7687296416938,58.83794788273616,1,0.0,0.07612636449660988,0.43661638609743914,1777482643.7181547,5,/Users/kimsumin/projects/RGMC/data/map/robot1/images/0661.png,/Users/kimsumin/projects/RGMC/data/map/robot1/overlays/0661_overlay.png,/Users/kimsumin/projects/RGMC/data/map/robot1/masks/0661_mask.png
662,0.0575,0.625,,295.7573221757322,71.56820083682008,1,0.0,0.051272149112568416,0.1312301712225701,1777482653.273277,5,/Users/kimsumin/projects/RGMC/data/map/robot1/images/0662.png,/Users/kimsumin/projects/RGMC/data/map/robot1/overlays/0662_overlay.png,/Users/kimsumin/projects/RGMC/data/map/robot1/masks/0662_mask.png
663,0.08625000000000001,0.625,,295.7905629139073,85.64598842018196,1,0.0,0.06267753266876344,0.08774754100336157,1777482662.8953738,5,/Users/kimsumin/projects/RGMC/data/map/robot1/images/0663.png,/Users/kimsumin/projects/RGMC/data/map/robot1/overlays/0663_overlay.png,/Users/kimsumin/projects/RGMC/data/map/robot1/masks/0663_mask.png
664,0.115,0.625,,295.55247691015956,97.98656591099916,1,0.0,0.030844372584160652,0.051019026933004474,1777482672.4718971,5,/Users/kimsumin/projects/RGMC/data/map/robot1/images/0664.png,/Users/kimsumin/projects/RGMC/data/map/robot1/overlays/0664_overlay.png,/Users/kimsumin/projects/RGMC/data/map/robot1/masks/0664_mask.png
665,0.14375000000000002,0.625,,295.4698596201486,110.48142031379025,1,0.0,0.05028189655701487,0.06960845634646891,1777482682.0132442,5,/Users/kimsumin/projects/RGMC/data/map/robot1/images/0665.png,/Users/kimsumin/projects/RGMC/data/map/robot1/overlays/0665_overlay.png,/Users/kimsumin/projects/RGMC/data/map/robot1/masks/0665_mask.png
666,0.17250000000000001,0.625,,295.4804003336113,124.5266272189349,1,0.0,0.05800590606866723,0.13054799726705418,1777482691.6139896,5,/Users/kimsumin/projects/RGMC/data/map/robot1/images/0666.png,/Users/kimsumin/projects/RGMC/data/map/robot1/overlays/0666_overlay.png,/Users/kimsumin/projects/RGMC/data/map/robot1/masks/0666_mask.png
667,0.20125,0.625,,295.3358147229115,136.908940397351,1,0.0,0.023677537952239883,0.01682823010980222,1777482701.2453647,5,/Users/kimsumin/projects/RGMC/data/map/robot1/images/0667.png,/Users/kimsumin/projects/RGMC/data/map/robot1/overlays/0667_overlay.png,/Users/kimsumin/projects/RGMC/data/map/robot1/masks/0667_mask.png
668,0.23,0.625,,295.48837209302326,149.54817275747507,1,0.0,0.01992133850055301,0.05154167907435592,1777482710.8035605,5,/Users/kimsumin/projects/RGMC/data/map/robot1/images/0668.png,/Users/kimsumin/projects/RGMC/data/map/robot1/overlays/0668_overlay.png,/Users/kimsumin/projects/RGMC/data/map/robot1/masks/0668_mask.png
669,0.25875000000000004,0.625,,295.3205342237062,161.99334995843725,1,0.0,0.027684678330125344,0.05185411474797742,1777482720.3341012,5,/Users/kimsumin/projects/RGMC/data/map/robot1/images/0669.png,/Users/kimsumin/projects/RGMC/data/map/robot1/overlays/0669_overlay.png,/Users/kimsumin/projects/RGMC/data/map/robot1/masks/0669_mask.png
670,0.28750000000000003,0.625,,295.2466555183947,174.3913043478261,1,0.0,0.06516994179659151,0.084352625523202,1777482729.9132147,5,/Users/kimsumin/projects/RGMC/data/map/robot1/images/0670.png,/Users/kimsumin/projects/RGMC/data/map/robot1/overlays/0670_overlay.png,/Users/kimsumin/projects/RGMC/data/map/robot1/masks/0670_mask.png
671,0.31625000000000003,0.625,,295.1338199513382,187.51419302514194,1,0.0,0.03669128685108247,0.03263544611220283,1777482739.463405,5,/Users/kimsumin/projects/RGMC/data/map/robot1/images/0671.png,/Users/kimsumin/projects/RGMC/data/map/robot1/overlays/0671_overlay.png,/Users/kimsumin/projects/RGMC/data/map/robot1/masks/0671_mask.png
672,0.34500000000000003,0.625,,295.30638641875504,199.75653594771242,1,0.0,0.02030508527056042,0.05446719954772887,1777482749.0241716,5,/Users/kimsumin/projects/RGMC/data/map/robot1/images/0672.png,/Users/kimsumin/projects/RGMC/data/map/robot1/overlays/0672_overlay.png,/Users/kimsumin/projects/RGMC/data/map/robot1/masks/0672_mask.png
673,0.37375,0.625,,295.0899513776337,212.3770226537217,1,0.0,0.03966930856687019,0.08008332339957513,1777482758.584153,5,/Users/kimsumin/projects/RGMC/data/map/robot1/images/0673.png,/Users/kimsumin/projects/RGMC/data/map/robot1/overlays/0673_overlay.png,/Users/kimsumin/projects/RGMC/data/map/robot1/masks/0673_mask.png
674,0.4025,0.625,,295.1192660550459,225.61129848229342,1,0.0,0.03577318788657801,0.04677722912953777,1777482768.1838706,5,/Users/kimsumin/projects/RGMC/data/map/robot1/images/0674.png,/Users/kimsumin/projects/RGMC/data/map/robot1/overlays/0674_overlay.png,/Users/kimsumin/projects/RGMC/data/map/robot1/masks/0674_mask.png
675,0.43125,0.625,,295.09515717926934,238.16328257191202,1,0.0,0.0327406623052623,0.026052840722147138,1777482777.9201474,5,/Users/kimsumin/projects/RGMC/data/map/robot1/images/0675.png,/Users/kimsumin/projects/RGMC/data/map/robot1/overlays/0675_overlay.png,/Users/kimsumin/projects/RGMC/data/map/robot1/masks/0675_mask.png
676,0.46,0.625,,294.95054484492874,250.7191953059514,1,0.0,0.06298206699796186,0.08244031480279727,1777482787.480926,5,/Users/kimsumin/projects/RGMC/data/map/robot1/images/0676.png,/Users/kimsumin/projects/RGMC/data/map/robot1/overlays/0676_overlay.png,/Users/kimsumin/projects/RGMC/data/map/robot1/masks/0676_mask.png
677,0.48875,0.625,,295.267593397046,264.32232841007817,1,0.0,0.07083524413085499,0.24814306336217423,1777482797.0693438,5,/Users/kimsumin/projects/RGMC/data/map/robot1/images/0677.png,/Users/kimsumin/projects/RGMC/data/map/robot1/overlays/0677_overlay.png,/Users/kimsumin/projects/RGMC/data/map/robot1/masks/0677_mask.png
678,0.5175000000000001,0.625,,295.1385799828914,277.0713058419244,1,0.0,0.021818959443409,0.07574496533822497,1777482806.656866,5,/Users/kimsumin/projects/RGMC/data/map/robot1/images/0678.png,/Users/kimsumin/projects/RGMC/data/map/robot1/overlays/0678_overlay.png,/Users/kimsumin/projects/RGMC/data/map/robot1/masks/0678_mask.png
679,0.54625,0.625,,295.0798640611725,289.79014443500427,1,0.0,0.03392011532463551,0.041799713999199926,1777482816.2125466,5,/Users/kimsumin/projects/RGMC/data/map/robot1/images/0679.png,/Users/kimsumin/projects/RGMC/data/map/robot1/overlays/0679_overlay.png,/Users/kimsumin/projects/RGMC/data/map/robot1/masks/0679_mask.png
680,0.5750000000000001,0.625,,295.11441048034936,302.2934595524957,1,0.0,0.03963235465014062,0.12178083296775051,1777482825.7704077,5,/Users/kimsumin/projects/RGMC/data/map/robot1/images/0680.png,/Users/kimsumin/projects/RGMC/data/map/robot1/overlays/0680_overlay.png,/Users/kimsumin/projects/RGMC/data/map/robot1/masks/0680_mask.png
681,0.60375,0.625,,294.9090143218197,314.90384615384613,1,0.0,0.02316088684014517,0.07952552033151422,1777482835.447841,5,/Users/kimsumin/projects/RGMC/data/map/robot1/images/0681.png,/Users/kimsumin/projects/RGMC/data/map/robot1/overlays/0681_overlay.png,/Users/kimsumin/projects/RGMC/data/map/robot1/masks/0681_mask.png
682,0.6325000000000001,0.625,,295.23896103896107,328.44329004329006,1,0.0,0.03317298503134401,0.013175271875400395,1777482845.1212997,5,/Users/kimsumin/projects/RGMC/data/map/robot1/images/0682.png,/Users/kimsumin/projects/RGMC/data/map/robot1/overlays/0682_overlay.png,/Users/kimsumin/projects/RGMC/data/map/robot1/masks/0682_mask.png
683,0.66125,0.625,,295.0283993115318,340.9296740994854,1,0.0,0.03224165590072123,0.04992347236688816,1777482854.6564302,5,/Users/kimsumin/projects/RGMC/data/map/robot1/images/0683.png,/Users/kimsumin/projects/RGMC/data/map/robot1/overlays/0683_overlay.png,/Users/kimsumin/projects/RGMC/data/map/robot1/masks/0683_mask.png
684,0.6900000000000001,0.625,,294.6037581699346,354.57026143790847,1,0.0,0.038765170170221956,0.08019061779899789,1777482864.310223,5,/Users/kimsumin/projects/RGMC/data/map/robot1/images/0684.png,/Users/kimsumin/projects/RGMC/data/map/robot1/overlays/0684_overlay.png,/Users/kimsumin/projects/RGMC/data/map/robot1/masks/0684_mask.png
685,0.71875,0.625,,294.9174236168456,366.88852188274154,1,0.0,0.03431451030662823,0.05590070327551941,1777482874.4706037,5,/Users/kimsumin/projects/RGMC/data/map/robot1/images/0685.png,/Users/kimsumin/projects/RGMC/data/map/robot1/overlays/0685_overlay.png,/Users/kimsumin/projects/RGMC/data/map/robot1/masks/0685_mask.png
686,0.7475,0.625,,294.96010407632264,380.0755864465682,1,0.0,0.03129092578166128,0.07121038198855568,1777482884.1874266,5,/Users/kimsumin/projects/RGMC/data/map/robot1/images/0686.png,/Users/kimsumin/projects/RGMC/data/map/robot1/overlays/0686_overlay.png,/Users/kimsumin/projects/RGMC/data/map/robot1/masks/0686_mask.png
687,0.77625,0.625,,295.0328282828283,392.8661616161616,1,0.0,0.035747680176101186,0.04775777090537847,1777482893.7298567,5,/Users/kimsumin/projects/RGMC/data/map/robot1/images/0687.png,/Users/kimsumin/projects/RGMC/data/map/robot1/overlays/0687_overlay.png,/Users/kimsumin/projects/RGMC/data/map/robot1/masks/0687_mask.png
688,0.805,0.625,,294.75486052409127,405.6325660699062,1,0.0,0.024117452842883486,0.0433381440107273,1777482903.1635733,5,/Users/kimsumin/projects/RGMC/data/map/robot1/images/0688.png,/Users/kimsumin/projects/RGMC/data/map/robot1/overlays/0688_overlay.png,/Users/kimsumin/projects/RGMC/data/map/robot1/masks/0688_mask.png
689,0.83375,0.625,,294.8907284768212,418.7301324503311,1,0.0,0.013754555540856896,0.06669379902758223,1777482912.7795157,5,/Users/kimsumin/projects/RGMC/data/map/robot1/images/0689.png,/Users/kimsumin/projects/RGMC/data/map/robot1/overlays/0689_overlay.png,/Users/kimsumin/projects/RGMC/data/map/robot1/masks/0689_mask.png
690,0.8625,0.625,,294.9645569620253,432.410970464135,1,0.0,0.278211690869527,0.012009508186067401,1777482922.3447444,5,/Users/kimsumin/projects/RGMC/data/map/robot1/images/0690.png,/Users/kimsumin/projects/RGMC/data/map/robot1/overlays/0690_overlay.png,/Users/kimsumin/projects/RGMC/data/map/robot1/masks/0690_mask.png
691,0.89125,0.625,,294.9202037351443,445.0016934801016,1,0.0,0.05870502849895731,0.08319091596664382,1777482931.9251766,5,/Users/kimsumin/projects/RGMC/data/map/robot1/images/0691.png,/Users/kimsumin/projects/RGMC/data/map/robot1/overlays/0691_overlay.png,/Users/kimsumin/projects/RGMC/data/map/robot1/masks/0691_mask.png
692,0.92,0.625,,294.8746887966805,457.76407284768214,1,0.0,0.01990296862206907,0.06274152422633049,1777482941.4687343,5,/Users/kimsumin/projects/RGMC/data/map/robot1/images/0692.png,/Users/kimsumin/projects/RGMC/data/map/robot1/overlays/0692_overlay.png,/Users/kimsumin/projects/RGMC/data/map/robot1/masks/0692_mask.png
693,0.92,0.65625,,280.29262086513995,457.4754653130288,1,0.0,0.07650007250757114,0.09478533036767998,1777482951.052656,5,/Users/kimsumin/projects/RGMC/data/map/robot1/images/0693.png,/Users/kimsumin/projects/RGMC/data/map/robot1/overlays/0693_overlay.png,/Users/kimsumin/projects/RGMC/data/map/robot1/masks/0693_mask.png
694,0.89125,0.65625,,280.02671118530884,445.12311557788945,1,0.0,0.10045837264983251,0.05052258959803837,1777482960.5156543,5,/Users/kimsumin/projects/RGMC/data/map/robot1/images/0694.png,/Users/kimsumin/projects/RGMC/data/map/robot1/overlays/0694_overlay.png,/Users/kimsumin/projects/RGMC/data/map/robot1/masks/0694_mask.png
695,0.8625,0.65625,,280.08501683501686,432.3240740740741,1,0.0,0.025203533558242387,0.060763874343370564,1777482970.1468043,5,/Users/kimsumin/projects/RGMC/data/map/robot1/images/0695.png,/Users/kimsumin/projects/RGMC/data/map/robot1/overlays/0695_overlay.png,/Users/kimsumin/projects/RGMC/data/map/robot1/masks/0695_mask.png
696,0.83375,0.65625,,279.9855189058729,418.92196299275946,1,0.0,0.029263181720019453,0.43390713303483475,1777482979.7631721,5,/Users/kimsumin/projects/RGMC/data/map/robot1/images/0696.png,/Users/kimsumin/projects/RGMC/data/map/robot1/overlays/0696_overlay.png,/Users/kimsumin/projects/RGMC/data/map/robot1/masks/0696_mask.png
697,0.805,0.65625,,279.8782104391052,405.824357912179,1,0.0,0.07830511572035401,0.058723476248138604,1777482989.4033258,5,/Users/kimsumin/projects/RGMC/data/map/robot1/images/0697.png,/Users/kimsumin/projects/RGMC/data/map/robot1/overlays/0697_overlay.png,/Users/kimsumin/projects/RGMC/data/map/robot1/masks/0697_mask.png
698,0.77625,0.65625,,279.8476821192053,393.2052761747733,1,0.0,0.07306413346415604,0.07977672677530373,1777482998.9201114,5,/Users/kimsumin/projects/RGMC/data/map/robot1/images/0698.png,/Users/kimsumin/projects/RGMC/data/map/robot1/overlays/0698_overlay.png,/Users/kimsumin/projects/RGMC/data/map/robot1/masks/0698_mask.png
699,0.7475,0.65625,,280.0497890295359,380.25212224108657,1,0.0,0.04873887713833867,0.03699175284974825,1777483008.4566958,5,/Users/kimsumin/projects/RGMC/data/map/robot1/images/0699.png,/Users/kimsumin/projects/RGMC/data/map/robot1/overlays/0699_overlay.png,/Users/kimsumin/projects/RGMC/data/map/robot1/masks/0699_mask.png
700,0.71875,0.65625,,279.93220338983053,367.1578519121237,1,0.0,0.07960229092151047,0.07466401043720669,1777483018.122804,5,/Users/kimsumin/projects/RGMC/data/map/robot1/images/0700.png,/Users/kimsumin/projects/RGMC/data/map/robot1/overlays/0700_overlay.png,/Users/kimsumin/projects/RGMC/data/map/robot1/masks/0700_mask.png
701,0.6900000000000001,0.65625,,279.72035256410254,354.4234161988773,1,0.0,0.01990525288869856,0.012922093469514444,1777483027.7407982,5,/Users/kimsumin/projects/RGMC/data/map/robot1/images/0701.png,/Users/kimsumin/projects/RGMC/data/map/robot1/overlays/0701_overlay.png,/Users/kimsumin/projects/RGMC/data/map/robot1/masks/0701_mask.png
702,0.66125,0.65625,,280.14817880794703,341.3525,1,0.0,0.04728451701585051,0.035835070478170715,1777483037.3032444,5,/Users/kimsumin/projects/RGMC/data/map/robot1/images/0702.png,/Users/kimsumin/projects/RGMC/data/map/robot1/overlays/0702_overlay.png,/Users/kimsumin/projects/RGMC/data/map/robot1/masks/0702_mask.png
703,0.6325000000000001,0.65625,,280.0852514919011,328.6558773424191,1,0.0,0.016648919186211537,0.035022624708395865,1777483046.841436,5,/Users/kimsumin/projects/RGMC/data/map/robot1/images/0703.png,/Users/kimsumin/projects/RGMC/data/map/robot1/overlays/0703_overlay.png,/Users/kimsumin/projects/RGMC/data/map/robot1/masks/0703_mask.png
704,0.60375,0.65625,,280.3570159857904,315.72291296625224,1,0.0,0.06014044984154724,0.057210490444718654,1777483056.436287,5,/Users/kimsumin/projects/RGMC/data/map/robot1/images/0704.png,/Users/kimsumin/projects/RGMC/data/map/robot1/overlays/0704_overlay.png,/Users/kimsumin/projects/RGMC/data/map/robot1/masks/0704_mask.png
705,0.5750000000000001,0.65625,,280.2463519313305,302.36738197424893,1,0.0,0.03306137905848619,0.07246663747622853,1777483065.957781,5,/Users/kimsumin/projects/RGMC/data/map/robot1/images/0705.png,/Users/kimsumin/projects/RGMC/data/map/robot1/overlays/0705_overlay.png,/Users/kimsumin/projects/RGMC/data/map/robot1/masks/0705_mask.png
706,0.54625,0.65625,,280.2495711835335,289.50216076058774,1,0.0,0.06185546029669179,0.08096987186986244,1777483075.5111964,5,/Users/kimsumin/projects/RGMC/data/map/robot1/images/0706.png,/Users/kimsumin/projects/RGMC/data/map/robot1/overlays/0706_overlay.png,/Users/kimsumin/projects/RGMC/data/map/robot1/masks/0706_mask.png
707,0.5175000000000001,0.65625,,280.1323283082077,277.25271059216016,1,0.0,0.02413666807655569,0.03754617643696657,1777483085.151407,5,/Users/kimsumin/projects/RGMC/data/map/robot1/images/0707.png,/Users/kimsumin/projects/RGMC/data/map/robot1/overlays/0707_overlay.png,/Users/kimsumin/projects/RGMC/data/map/robot1/masks/0707_mask.png
708,0.48875,0.65625,,280.25854513584574,264.3068280034572,1,0.0,0.07124678067522722,0.11813742917798897,1777483094.7137764,5,/Users/kimsumin/projects/RGMC/data/map/robot1/images/0708.png,/Users/kimsumin/projects/RGMC/data/map/robot1/overlays/0708_overlay.png,/Users/kimsumin/projects/RGMC/data/map/robot1/masks/0708_mask.png
709,0.46,0.65625,,280.27431421446386,251.17252657399837,1,0.0,0.04354376033984026,0.4508939852250447,1777483104.3254535,5,/Users/kimsumin/projects/RGMC/data/map/robot1/images/0709.png,/Users/kimsumin/projects/RGMC/data/map/robot1/overlays/0709_overlay.png,/Users/kimsumin/projects/RGMC/data/map/robot1/masks/0709_mask.png
710,0.43125,0.65625,,280.28003384094757,238.15,1,0.0,0.025290563319805587,0.02848721023337975,1777483113.8739164,5,/Users/kimsumin/projects/RGMC/data/map/robot1/images/0710.png,/Users/kimsumin/projects/RGMC/data/map/robot1/overlays/0710_overlay.png,/Users/kimsumin/projects/RGMC/data/map/robot1/masks/0710_mask.png
711,0.4025,0.65625,,280.20480928689886,225.7435684647303,1,0.0,0.038700952931745455,0.04568524576444025,1777483123.4401524,5,/Users/kimsumin/projects/RGMC/data/map/robot1/images/0711.png,/Users/kimsumin/projects/RGMC/data/map/robot1/overlays/0711_overlay.png,/Users/kimsumin/projects/RGMC/data/map/robot1/masks/0711_mask.png
712,0.37375,0.65625,,280.2769726247987,212.33708769107,1,0.0,0.028866961245271505,0.038701378701531626,1777483133.2398653,5,/Users/kimsumin/projects/RGMC/data/map/robot1/images/0712.png,/Users/kimsumin/projects/RGMC/data/map/robot1/overlays/0712_overlay.png,/Users/kimsumin/projects/RGMC/data/map/robot1/masks/0712_mask.png
713,0.34500000000000003,0.65625,,280.3515687851971,199.95701540957015,1,0.0,0.03755512218493993,0.06832699640128431,1777483142.8207622,5,/Users/kimsumin/projects/RGMC/data/map/robot1/images/0713.png,/Users/kimsumin/projects/RGMC/data/map/robot1/overlays/0713_overlay.png,/Users/kimsumin/projects/RGMC/data/map/robot1/masks/0713_mask.png
714,0.31625000000000003,0.65625,,280.4270664505673,187.6273393002441,1,0.0,0.07567715623063456,0.060078224524841344,1777483152.4256017,5,/Users/kimsumin/projects/RGMC/data/map/robot1/images/0714.png,/Users/kimsumin/projects/RGMC/data/map/robot1/overlays/0714_overlay.png,/Users/kimsumin/projects/RGMC/data/map/robot1/masks/0714_mask.png
715,0.28750000000000003,0.65625,,280.54954204829306,174.6325,1,0.0,0.09605440571281178,0.015450492790808297,1777483161.9221754,5,/Users/kimsumin/projects/RGMC/data/map/robot1/images/0715.png,/Users/kimsumin/projects/RGMC/data/map/robot1/overlays/0715_overlay.png,/Users/kimsumin/projects/RGMC/data/map/robot1/masks/0715_mask.png
716,0.25875000000000004,0.65625,,280.5297569153395,161.81968569065344,1,0.0,0.2507331702207312,0.06138764841392945,1777483171.4934537,5,/Users/kimsumin/projects/RGMC/data/map/robot1/images/0716.png,/Users/kimsumin/projects/RGMC/data/map/robot1/overlays/0716_overlay.png,/Users/kimsumin/projects/RGMC/data/map/robot1/masks/0716_mask.png
717,0.23,0.65625,,280.6456759026029,149.41289782244556,1,0.0,0.24807803668220307,0.09577078041430569,1777483181.0717618,5,/Users/kimsumin/projects/RGMC/data/map/robot1/images/0717.png,/Users/kimsumin/projects/RGMC/data/map/robot1/overlays/0717_overlay.png,/Users/kimsumin/projects/RGMC/data/map/robot1/masks/0717_mask.png
718,0.20125,0.65625,,280.86601307189545,136.9567387687188,1,0.0,0.0354603331438744,0.05535657763958308,1777483190.6613796,5,/Users/kimsumin/projects/RGMC/data/map/robot1/images/0718.png,/Users/kimsumin/projects/RGMC/data/map/robot1/overlays/0718_overlay.png,/Users/kimsumin/projects/RGMC/data/map/robot1/masks/0718_mask.png
719,0.17250000000000001,0.65625,,281.16899097621,124.48154362416108,1,0.0,0.3509513133527621,0.08825291226737852,1777483200.203004,5,/Users/kimsumin/projects/RGMC/data/map/robot1/images/0719.png,/Users/kimsumin/projects/RGMC/data/map/robot1/overlays/0719_overlay.png,/Users/kimsumin/projects/RGMC/data/map/robot1/masks/0719_mask.png
720,0.14375000000000002,0.65625,,281.227899432279,110.64542483660131,1,0.0,0.029258062997643386,0.04572920200378556,1777483209.7116604,5,/Users/kimsumin/projects/RGMC/data/map/robot1/images/0720.png,/Users/kimsumin/projects/RGMC/data/map/robot1/overlays/0720_overlay.png,/Users/kimsumin/projects/RGMC/data/map/robot1/masks/0720_mask.png
721,0.115,0.65625,,280.8100418410042,98.36066945606694,1,0.0,0.04628735550508144,0.13446455797435164,1777483219.2969677,5,/Users/kimsumin/projects/RGMC/data/map/robot1/images/0721.png,/Users/kimsumin/projects/RGMC/data/map/robot1/overlays/0721_overlay.png,/Users/kimsumin/projects/RGMC/data/map/robot1/masks/0721_mask.png
722,0.08625000000000001,0.65625,,281.34786184210526,85.24157764995891,1,0.0,0.05526633317110016,0.04337383849645589,1777483228.9761796,5,/Users/kimsumin/projects/RGMC/data/map/robot1/images/0722.png,/Users/kimsumin/projects/RGMC/data/map/robot1/overlays/0722_overlay.png,/Users/kimsumin/projects/RGMC/data/map/robot1/masks/0722_mask.png
723,0.0575,0.65625,,281.1643612693247,72.01062959934588,1,0.0,0.03531725571638002,0.10955983480375693,1777483238.5448515,5,/Users/kimsumin/projects/RGMC/data/map/robot1/images/0723.png,/Users/kimsumin/projects/RGMC/data/map/robot1/overlays/0723_overlay.png,/Users/kimsumin/projects/RGMC/data/map/robot1/masks/0723_mask.png
724,0.02875,0.65625,,281.3150123051682,58.68003273322422,1,0.0,0.10423447358766094,0.10691803492401743,1777483248.2751045,5,/Users/kimsumin/projects/RGMC/data/map/robot1/images/0724.png,/Users/kimsumin/projects/RGMC/data/map/robot1/overlays/0724_overlay.png,/Users/kimsumin/projects/RGMC/data/map/robot1/masks/0724_mask.png
725,0.0,0.65625,,281.13316790736144,45.93382961124897,1,0.0,0.07636828469722101,0.04219485123147357,1777483257.8786771,5,/Users/kimsumin/projects/RGMC/data/map/robot1/images/0725.png,/Users/kimsumin/projects/RGMC/data/map/robot1/overlays/0725_overlay.png,/Users/kimsumin/projects/RGMC/data/map/robot1/masks/0725_mask.png
726,0.0,0.6875,,267.64953664700926,45.770066889632105,1,0.0,0.0829445271485131,0.041328854514256885,1777483267.523045,5,/Users/kimsumin/projects/RGMC/data/map/robot1/images/0726.png,/Users/kimsumin/projects/RGMC/data/map/robot1/overlays/0726_overlay.png,/Users/kimsumin/projects/RGMC/data/map/robot1/masks/0726_mask.png
727,0.02875,0.6875,,267.3702451394759,58.29021276595745,1,0.0,0.06798234686628711,0.025311969157901782,1777483277.0733087,5,/Users/kimsumin/projects/RGMC/data/map/robot1/images/0727.png,/Users/kimsumin/projects/RGMC/data/map/robot1/overlays/0727_overlay.png,/Users/kimsumin/projects/RGMC/data/map/robot1/masks/0727_mask.png
728,0.0575,0.6875,,267.6663907284768,71.83034257748777,1,0.0,0.029010865422213077,0.33476166262013535,1777483286.8805592,5,/Users/kimsumin/projects/RGMC/data/map/robot1/images/0728.png,/Users/kimsumin/projects/RGMC/data/map/robot1/overlays/0728_overlay.png,/Users/kimsumin/projects/RGMC/data/map/robot1/masks/0728_mask.png
729,0.08625000000000001,0.6875,,267.5549872122762,85.12256973795435,1,0.0,0.09608268179948018,0.12067209659124854,1777483296.5034482,5,/Users/kimsumin/projects/RGMC/data/map/robot1/images/0729.png,/Users/kimsumin/projects/RGMC/data/map/robot1/overlays/0729_overlay.png,/Users/kimsumin/projects/RGMC/data/map/robot1/masks/0729_mask.png
730,0.115,0.6875,,267.42065491183877,97.72372881355932,1,0.0,0.04167483980560008,0.08523968029515137,1777483306.111976,5,/Users/kimsumin/projects/RGMC/data/map/robot1/images/0730.png,/Users/kimsumin/projects/RGMC/data/map/robot1/overlays/0730_overlay.png,/Users/kimsumin/projects/RGMC/data/map/robot1/masks/0730_mask.png
731,0.14375000000000002,0.6875,,267.61124896608766,110.25269262634632,1,0.0,0.031179456653302455,0.04949166756090723,1777483315.5738618,5,/Users/kimsumin/projects/RGMC/data/map/robot1/images/0731.png,/Users/kimsumin/projects/RGMC/data/map/robot1/overlays/0731_overlay.png,/Users/kimsumin/projects/RGMC/data/map/robot1/masks/0731_mask.png
732,0.17250000000000001,0.6875,,267.39565943238733,123.28773978315263,1,0.0,0.03292047037273181,0.04110543153624005,1777483325.132755,5,/Users/kimsumin/projects/RGMC/data/map/robot1/images/0732.png,/Users/kimsumin/projects/RGMC/data/map/robot1/overlays/0732_overlay.png,/Users/kimsumin/projects/RGMC/data/map/robot1/masks/0732_mask.png
733,0.20125,0.6875,,267.6227848101266,136.89782244556113,1,0.0,0.03601348427970884,0.10055379346521769,1777483334.8135169,5,/Users/kimsumin/projects/RGMC/data/map/robot1/images/0733.png,/Users/kimsumin/projects/RGMC/data/map/robot1/overlays/0733_overlay.png,/Users/kimsumin/projects/RGMC/data/map/robot1/masks/0733_mask.png
734,0.23,0.6875,,267.49747474747477,149.3752093802345,1,0.0,0.04231727106526487,0.049579325608746165,1777483344.4609923,5,/Users/kimsumin/projects/RGMC/data/map/robot1/images/0734.png,/Users/kimsumin/projects/RGMC/data/map/robot1/overlays/0734_overlay.png,/Users/kimsumin/projects/RGMC/data/map/robot1/masks/0734_mask.png
735,0.25875000000000004,0.6875,,267.27603305785124,161.94462809917354,1,0.0,0.043123686266242155,0.009268403484799802,1777483353.9605153,5,/Users/kimsumin/projects/RGMC/data/map/robot1/images/0735.png,/Users/kimsumin/projects/RGMC/data/map/robot1/overlays/0735_overlay.png,/Users/kimsumin/projects/RGMC/data/map/robot1/masks/0735_mask.png
736,0.28750000000000003,0.6875,,267.33029801324506,174.17857142857142,1,0.0,0.030770176296750214,0.05115653097902215,1777483363.4477925,5,/Users/kimsumin/projects/RGMC/data/map/robot1/images/0736.png,/Users/kimsumin/projects/RGMC/data/map/robot1/overlays/0736_overlay.png,/Users/kimsumin/projects/RGMC/data/map/robot1/masks/0736_mask.png
737,0.31625000000000003,0.6875,,267.1209935897436,187.84354838709677,1,0.0,0.020099832646013116,0.07379284997080728,1777483372.951184,5,/Users/kimsumin/projects/RGMC/data/map/robot1/images/0737.png,/Users/kimsumin/projects/RGMC/data/map/robot1/overlays/0737_overlay.png,/Users/kimsumin/projects/RGMC/data/map/robot1/masks/0737_mask.png
738,0.34500000000000003,0.6875,,267.2518518518518,199.86099754701553,1,0.0,0.04394826861203398,0.0764306295846291,1777483382.4810822,5,/Users/kimsumin/projects/RGMC/data/map/robot1/images/0738.png,/Users/kimsumin/projects/RGMC/data/map/robot1/overlays/0738_overlay.png,/Users/kimsumin/projects/RGMC/data/map/robot1/masks/0738_mask.png
739,0.37375,0.6875,,267.2038753159225,213.273799494524,1,0.0,0.04646987268291978,0.4173708985230765,1777483392.0873961,5,/Users/kimsumin/projects/RGMC/data/map/robot1/images/0739.png,/Users/kimsumin/projects/RGMC/data/map/robot1/overlays/0739_overlay.png,/Users/kimsumin/projects/RGMC/data/map/robot1/masks/0739_mask.png
740,0.4025,0.6875,,267.1271676300578,225.81683168316832,1,0.0,0.023407050473905507,0.05029261484000469,1777483401.7036471,5,/Users/kimsumin/projects/RGMC/data/map/robot1/images/0740.png,/Users/kimsumin/projects/RGMC/data/map/robot1/overlays/0740_overlay.png,/Users/kimsumin/projects/RGMC/data/map/robot1/masks/0740_mask.png
741,0.43125,0.6875,,267.1433333333333,238.06844741235392,1,0.0,0.013423325107368909,0.026470086315533606,1777483411.2223375,5,/Users/kimsumin/projects/RGMC/data/map/robot1/images/0741.png,/Users/kimsumin/projects/RGMC/data/map/robot1/overlays/0741_overlay.png,/Users/kimsumin/projects/RGMC/data/map/robot1/masks/0741_mask.png
742,0.46,0.6875,,267.11083333333335,250.84971098265896,1,0.0,0.03785822570184618,0.07899043132344208,1777483420.8432317,5,/Users/kimsumin/projects/RGMC/data/map/robot1/images/0742.png,/Users/kimsumin/projects/RGMC/data/map/robot1/overlays/0742_overlay.png,/Users/kimsumin/projects/RGMC/data/map/robot1/masks/0742_mask.png
743,0.48875,0.6875,,267.2280701754386,263.4021648626145,1,0.0,0.03862767922858542,0.08712308297349858,1777483430.5474072,5,/Users/kimsumin/projects/RGMC/data/map/robot1/images/0743.png,/Users/kimsumin/projects/RGMC/data/map/robot1/overlays/0743_overlay.png,/Users/kimsumin/projects/RGMC/data/map/robot1/masks/0743_mask.png
744,0.5175000000000001,0.6875,,267.1506849315069,277.11986301369865,1,0.0,0.031528048459028346,0.03128097453576321,1777483440.2859356,5,/Users/kimsumin/projects/RGMC/data/map/robot1/images/0744.png,/Users/kimsumin/projects/RGMC/data/map/robot1/overlays/0744_overlay.png,/Users/kimsumin/projects/RGMC/data/map/robot1/masks/0744_mask.png
745,0.54625,0.6875,,267.22455845248106,289.7336134453781,1,0.0,0.014485836867983343,0.026254375669458523,1777483449.9313147,5,/Users/kimsumin/projects/RGMC/data/map/robot1/images/0745.png,/Users/kimsumin/projects/RGMC/data/map/robot1/overlays/0745_overlay.png,/Users/kimsumin/projects/RGMC/data/map/robot1/masks/0745_mask.png
746,0.5750000000000001,0.6875,,267.24510638297875,302.2604255319149,1,0.0,0.012383063213437717,0.06133519053965649,1777483459.4487653,5,/Users/kimsumin/projects/RGMC/data/map/robot1/images/0746.png,/Users/kimsumin/projects/RGMC/data/map/robot1/overlays/0746_overlay.png,/Users/kimsumin/projects/RGMC/data/map/robot1/masks/0746_mask.png
747,0.60375,0.6875,,267.04672897196264,314.61295822676897,1,0.0,0.02060999527752703,0.05322184002069265,1777483469.0753534,5,/Users/kimsumin/projects/RGMC/data/map/robot1/images/0747.png,/Users/kimsumin/projects/RGMC/data/map/robot1/overlays/0747_overlay.png,/Users/kimsumin/projects/RGMC/data/map/robot1/masks/0747_mask.png
748,0.6325000000000001,0.6875,,266.99059024807525,328.6715141146279,1,0.0,0.04839920714168598,0.061929459402112044,1777483478.591992,5,/Users/kimsumin/projects/RGMC/data/map/robot1/images/0748.png,/Users/kimsumin/projects/RGMC/data/map/robot1/overlays/0748_overlay.png,/Users/kimsumin/projects/RGMC/data/map/robot1/masks/0748_mask.png
749,0.66125,0.6875,,266.90429042904293,341.5990099009901,1,0.0,0.0310074216589284,0.0405860690592134,1777483488.2028983,5,/Users/kimsumin/projects/RGMC/data/map/robot1/images/0749.png,/Users/kimsumin/projects/RGMC/data/map/robot1/overlays/0749_overlay.png,/Users/kimsumin/projects/RGMC/data/map/robot1/masks/0749_mask.png
750,0.6900000000000001,0.6875,,266.71226021684737,354.37178423236514,1,0.0,0.06081618059798306,0.14233488674330663,1777483497.7759385,5,/Users/kimsumin/projects/RGMC/data/map/robot1/images/0750.png,/Users/kimsumin/projects/RGMC/data/map/robot1/overlays/0750_overlay.png,/Users/kimsumin/projects/RGMC/data/map/robot1/masks/0750_mask.png
751,0.71875,0.6875,,266.67598684210526,367.1670761670762,1,0.0,0.030028314532292065,0.07202434472852362,1777483507.3949518,5,/Users/kimsumin/projects/RGMC/data/map/robot1/images/0751.png,/Users/kimsumin/projects/RGMC/data/map/robot1/overlays/0751_overlay.png,/Users/kimsumin/projects/RGMC/data/map/robot1/masks/0751_mask.png
752,0.7475,0.6875,,266.86746987951807,380.3631669535284,1,0.0,0.0607909559205708,0.05352035409497204,1777483516.9346051,5,/Users/kimsumin/projects/RGMC/data/map/robot1/images/0752.png,/Users/kimsumin/projects/RGMC/data/map/robot1/overlays/0752_overlay.png,/Users/kimsumin/projects/RGMC/data/map/robot1/masks/0752_mask.png
753,0.77625,0.6875,,266.81138487680545,393.0964163822526,1,0.0,0.01574833893495456,0.05724780127302303,1777483526.5328808,5,/Users/kimsumin/projects/RGMC/data/map/robot1/images/0753.png,/Users/kimsumin/projects/RGMC/data/map/robot1/overlays/0753_overlay.png,/Users/kimsumin/projects/RGMC/data/map/robot1/masks/0753_mask.png
754,0.805,0.6875,,266.8428693424424,405.90435525192146,1,0.0,0.008046134124996369,0.00733775733934171,1777483536.184875,5,/Users/kimsumin/projects/RGMC/data/map/robot1/images/0754.png,/Users/kimsumin/projects/RGMC/data/map/robot1/overlays/0754_overlay.png,/Users/kimsumin/projects/RGMC/data/map/robot1/masks/0754_mask.png
755,0.83375,0.6875,,266.6795302013423,418.866610738255,1,0.0,0.05649975843661799,0.44489152226232026,1777483545.7122247,5,/Users/kimsumin/projects/RGMC/data/map/robot1/images/0755.png,/Users/kimsumin/projects/RGMC/data/map/robot1/overlays/0755_overlay.png,/Users/kimsumin/projects/RGMC/data/map/robot1/masks/0755_mask.png
756,0.8625,0.6875,,266.61683848797253,432.61785095320624,1,0.0,0.021222631167956675,0.03609072387200314,1777483555.3525968,5,/Users/kimsumin/projects/RGMC/data/map/robot1/images/0756.png,/Users/kimsumin/projects/RGMC/data/map/robot1/overlays/0756_overlay.png,/Users/kimsumin/projects/RGMC/data/map/robot1/masks/0756_mask.png
757,0.89125,0.6875,,266.6550255536627,445.12958226768967,1,0.0,0.27610053875091,0.08321024774037342,1777483564.9499135,5,/Users/kimsumin/projects/RGMC/data/map/robot1/images/0757.png,/Users/kimsumin/projects/RGMC/data/map/robot1/overlays/0757_overlay.png,/Users/kimsumin/projects/RGMC/data/map/robot1/masks/0757_mask.png
758,0.92,0.6875,,266.62714776632305,457.56566523605153,1,0.0,0.02657720743414298,0.04633377054797208,1777483574.549736,5,/Users/kimsumin/projects/RGMC/data/map/robot1/images/0758.png,/Users/kimsumin/projects/RGMC/data/map/robot1/overlays/0758_overlay.png,/Users/kimsumin/projects/RGMC/data/map/robot1/masks/0758_mask.png
759,0.92,0.71875,,252.1659574468085,458.0213128729753,1,0.0,0.007773036119963424,0.04885614905011144,1777483584.2665193,5,/Users/kimsumin/projects/RGMC/data/map/robot1/images/0759.png,/Users/kimsumin/projects/RGMC/data/map/robot1/overlays/0759_overlay.png,/Users/kimsumin/projects/RGMC/data/map/robot1/masks/0759_mask.png
760,0.89125,0.71875,,251.88500851788757,445.41396933560475,1,0.0,0.0477021751748389,0.03947565975424942,1777483593.811001,5,/Users/kimsumin/projects/RGMC/data/map/robot1/images/0760.png,/Users/kimsumin/projects/RGMC/data/map/robot1/overlays/0760_overlay.png,/Users/kimsumin/projects/RGMC/data/map/robot1/masks/0760_mask.png
761,0.8625,0.71875,,251.8534923339012,432.7274275979557,1,0.0,0.03447498778068607,0.08071489015488727,1777483603.5126936,5,/Users/kimsumin/projects/RGMC/data/map/robot1/images/0761.png,/Users/kimsumin/projects/RGMC/data/map/robot1/overlays/0761_overlay.png,/Users/kimsumin/projects/RGMC/data/map/robot1/masks/0761_mask.png
762,0.83375,0.71875,,251.90775862068966,419.3015741507871,1,0.0,0.034679007869099165,0.40905281722061965,1777483613.0927086,5,/Users/kimsumin/projects/RGMC/data/map/robot1/images/0762.png,/Users/kimsumin/projects/RGMC/data/map/robot1/overlays/0762_overlay.png,/Users/kimsumin/projects/RGMC/data/map/robot1/masks/0762_mask.png
763,0.805,0.71875,,251.85677966101696,405.8915254237288,1,0.0,0.04796124411560389,0.05863343750941661,1777483624.9466095,5,/Users/kimsumin/projects/RGMC/data/map/robot1/images/0763.png,/Users/kimsumin/projects/RGMC/data/map/robot1/overlays/0763_overlay.png,/Users/kimsumin/projects/RGMC/data/map/robot1/masks/0763_mask.png
764,0.77625,0.71875,,251.96446700507613,393.14382978723404,1,0.0,0.02150469179178861,0.053401904875203146,1777483634.5256188,5,/Users/kimsumin/projects/RGMC/data/map/robot1/images/0764.png,/Users/kimsumin/projects/RGMC/data/map/robot1/overlays/0764_overlay.png,/Users/kimsumin/projects/RGMC/data/map/robot1/masks/0764_mask.png
765,0.7475,0.71875,,251.93023255813952,380.4651162790698,1,0.0,0.04776294681412346,0.043708790625276724,1777483644.1392329,5,/Users/kimsumin/projects/RGMC/data/map/robot1/images/0765.png,/Users/kimsumin/projects/RGMC/data/map/robot1/overlays/0765_overlay.png,/Users/kimsumin/projects/RGMC/data/map/robot1/masks/0765_mask.png
766,0.71875,0.71875,,251.9306358381503,367.1780708985985,1,0.0,0.022214821179183424,0.03323283357418844,1777483653.695818,5,/Users/kimsumin/projects/RGMC/data/map/robot1/images/0766.png,/Users/kimsumin/projects/RGMC/data/map/robot1/overlays/0766_overlay.png,/Users/kimsumin/projects/RGMC/data/map/robot1/masks/0766_mask.png
767,0.6900000000000001,0.71875,,252.12373737373738,354.2833193629505,1,0.0,0.052696256577125664,0.06957774409372845,1777483663.2178478,5,/Users/kimsumin/projects/RGMC/data/map/robot1/images/0767.png,/Users/kimsumin/projects/RGMC/data/map/robot1/overlays/0767_overlay.png,/Users/kimsumin/projects/RGMC/data/map/robot1/masks/0767_mask.png
768,0.66125,0.71875,,251.90726817042608,341.7786131996658,1,0.0,0.056842432174239045,0.07403014787609212,1777483672.765153,5,/Users/kimsumin/projects/RGMC/data/map/robot1/images/0768.png,/Users/kimsumin/projects/RGMC/data/map/robot1/overlays/0768_overlay.png,/Users/kimsumin/projects/RGMC/data/map/robot1/masks/0768_mask.png
769,0.6325000000000001,0.71875,,252.10442773600667,329.0566666666667,1,0.0,0.03075309537744188,0.08370826039947155,1777483682.2873256,5,/Users/kimsumin/projects/RGMC/data/map/robot1/images/0769.png,/Users/kimsumin/projects/RGMC/data/map/robot1/overlays/0769_overlay.png,/Users/kimsumin/projects/RGMC/data/map/robot1/masks/0769_mask.png
770,0.60375,0.71875,,252.34052111410602,315.5004484304933,1,0.0,0.06826714020818256,0.08564706544946066,1777483691.8446476,5,/Users/kimsumin/projects/RGMC/data/map/robot1/images/0770.png,/Users/kimsumin/projects/RGMC/data/map/robot1/overlays/0770_overlay.png,/Users/kimsumin/projects/RGMC/data/map/robot1/masks/0770_mask.png
771,0.5750000000000001,0.71875,,252.44415807560136,302.1485664639444,1,0.0,0.031847272750340716,0.060809639371652,1777483704.523379,5,/Users/kimsumin/projects/RGMC/data/map/robot1/images/0771.png,/Users/kimsumin/projects/RGMC/data/map/robot1/overlays/0771_overlay.png,/Users/kimsumin/projects/RGMC/data/map/robot1/masks/0771_mask.png
772,0.54625,0.71875,,252.34969853574503,289.5956896551724,1,0.0,0.10603217108469741,0.051710803935947826,1777483714.187229,5,/Users/kimsumin/projects/RGMC/data/map/robot1/images/0772.png,/Users/kimsumin/projects/RGMC/data/map/robot1/overlays/0772_overlay.png,/Users/kimsumin/projects/RGMC/data/map/robot1/masks/0772_mask.png
773,0.5175000000000001,0.71875,,252.66899563318776,277.0448275862069,1,0.0,0.050547044640542625,0.01933271014685386,1777483723.7061653,5,/Users/kimsumin/projects/RGMC/data/map/robot1/images/0773.png,/Users/kimsumin/projects/RGMC/data/map/robot1/overlays/0773_overlay.png,/Users/kimsumin/projects/RGMC/data/map/robot1/masks/0773_mask.png
774,0.48875,0.71875,,252.6100795755968,264.2145998240985,1,0.0,0.14794734629242584,0.39109370420241446,1777483733.305175,5,/Users/kimsumin/projects/RGMC/data/map/robot1/images/0774.png,/Users/kimsumin/projects/RGMC/data/map/robot1/overlays/0774_overlay.png,/Users/kimsumin/projects/RGMC/data/map/robot1/masks/0774_mask.png
775,0.46,0.71875,,252.71477369769428,251.00677392040643,1,0.0,0.08652298849226339,0.02724279988942399,1777483742.8686287,5,/Users/kimsumin/projects/RGMC/data/map/robot1/images/0775.png,/Users/kimsumin/projects/RGMC/data/map/robot1/overlays/0775_overlay.png,/Users/kimsumin/projects/RGMC/data/map/robot1/masks/0775_mask.png
776,0.43125,0.71875,,252.64906303236796,238.2194705380017,1,0.0,0.02081350507415108,0.059906105389723956,1777483752.4428399,5,/Users/kimsumin/projects/RGMC/data/map/robot1/images/0776.png,/Users/kimsumin/projects/RGMC/data/map/robot1/overlays/0776_overlay.png,/Users/kimsumin/projects/RGMC/data/map/robot1/masks/0776_mask.png
777,0.4025,0.71875,,252.85561936013124,225.95285359801488,1,0.0,0.2368561364262026,0.06964823751065617,1777483762.0680804,5,/Users/kimsumin/projects/RGMC/data/map/robot1/images/0777.png,/Users/kimsumin/projects/RGMC/data/map/robot1/overlays/0777_overlay.png,/Users/kimsumin/projects/RGMC/data/map/robot1/masks/0777_mask.png
778,0.37375,0.71875,,252.82712985938792,213.24086378737542,1,0.0,0.06566973933933173,0.04069912475413988,1777483771.728258,5,/Users/kimsumin/projects/RGMC/data/map/robot1/images/0778.png,/Users/kimsumin/projects/RGMC/data/map/robot1/overlays/0778_overlay.png,/Users/kimsumin/projects/RGMC/data/map/robot1/masks/0778_mask.png
779,0.34500000000000003,0.71875,,252.5174089068826,199.89242053789732,1,0.0,0.04256394783712881,0.0846128818851316,1777483781.9732814,5,/Users/kimsumin/projects/RGMC/data/map/robot1/images/0779.png,/Users/kimsumin/projects/RGMC/data/map/robot1/overlays/0779_overlay.png,/Users/kimsumin/projects/RGMC/data/map/robot1/masks/0779_mask.png
780,0.31625000000000003,0.71875,,252.15178571428572,187.41157556270096,1,0.0,0.013893081952174166,0.07260849425010416,1777483792.4851093,5,/Users/kimsumin/projects/RGMC/data/map/robot1/images/0780.png,/Users/kimsumin/projects/RGMC/data/map/robot1/overlays/0780_overlay.png,/Users/kimsumin/projects/RGMC/data/map/robot1/masks/0780_mask.png
781,0.28750000000000003,0.71875,,252.77894736842106,174.75261885576148,1,0.0,0.06885529988386799,0.019847174704003847,1777483802.0997162,5,/Users/kimsumin/projects/RGMC/data/map/robot1/images/0781.png,/Users/kimsumin/projects/RGMC/data/map/robot1/overlays/0781_overlay.png,/Users/kimsumin/projects/RGMC/data/map/robot1/masks/0781_mask.png
782,0.25875000000000004,0.71875,,252.49170812603649,161.82676518883414,1,0.0,0.36057233150213597,0.10871479183712374,1777483812.3247235,5,/Users/kimsumin/projects/RGMC/data/map/robot1/images/0782.png,/Users/kimsumin/projects/RGMC/data/map/robot1/overlays/0782_overlay.png,/Users/kimsumin/projects/RGMC/data/map/robot1/masks/0782_mask.png
783,0.23,0.71875,,253.4001643385374,149.46911519198665,1,0.0,0.05076816540919541,0.0885166373368951,1777483821.9678917,5,/Users/kimsumin/projects/RGMC/data/map/robot1/images/0783.png,/Users/kimsumin/projects/RGMC/data/map/robot1/overlays/0783_overlay.png,/Users/kimsumin/projects/RGMC/data/map/robot1/masks/0783_mask.png
784,0.20125,0.71875,,253.16413130504404,136.93036437246963,1,0.0,0.0971607833581196,0.0932310092828431,1777483831.4510405,5,/Users/kimsumin/projects/RGMC/data/map/robot1/images/0784.png,/Users/kimsumin/projects/RGMC/data/map/robot1/overlays/0784_overlay.png,/Users/kimsumin/projects/RGMC/data/map/robot1/masks/0784_mask.png
785,0.17250000000000001,0.71875,,253.21903959561922,124.06571187868576,1,0.0,0.05770109595481798,0.2016424344588465,1777483841.0035465,5,/Users/kimsumin/projects/RGMC/data/map/robot1/images/0785.png,/Users/kimsumin/projects/RGMC/data/map/robot1/overlays/0785_overlay.png,/Users/kimsumin/projects/RGMC/data/map/robot1/masks/0785_mask.png
786,0.14375000000000002,0.71875,,253.4468425259792,110.41423948220064,1,0.0,0.09614420410894801,0.06375834413134915,1777483850.8581407,5,/Users/kimsumin/projects/RGMC/data/map/robot1/images/0786.png,/Users/kimsumin/projects/RGMC/data/map/robot1/overlays/0786_overlay.png,/Users/kimsumin/projects/RGMC/data/map/robot1/masks/0786_mask.png
787,0.115,0.71875,,253.3694060211554,97.77298616761595,1,0.0,0.02856132699710881,0.08314697905136485,1777483860.5499454,5,/Users/kimsumin/projects/RGMC/data/map/robot1/images/0787.png,/Users/kimsumin/projects/RGMC/data/map/robot1/overlays/0787_overlay.png,/Users/kimsumin/projects/RGMC/data/map/robot1/masks/0787_mask.png
788,0.08625000000000001,0.71875,,253.60326530612244,85.40816326530613,1,0.0,0.07394376320442844,0.07566486775983723,1777483870.2259853,5,/Users/kimsumin/projects/RGMC/data/map/robot1/images/0788.png,/Users/kimsumin/projects/RGMC/data/map/robot1/overlays/0788_overlay.png,/Users/kimsumin/projects/RGMC/data/map/robot1/masks/0788_mask.png
789,0.0575,0.71875,,253.3322119428091,71.84861227922624,1,0.0,0.031211397860527644,0.3572961478870482,1777483879.8698752,5,/Users/kimsumin/projects/RGMC/data/map/robot1/images/0789.png,/Users/kimsumin/projects/RGMC/data/map/robot1/overlays/0789_overlay.png,/Users/kimsumin/projects/RGMC/data/map/robot1/masks/0789_mask.png
790,0.02875,0.71875,,253.75020016012812,58.91353996737357,1,0.0,0.1181494958019909,0.11488545018423413,1777483889.4715788,5,/Users/kimsumin/projects/RGMC/data/map/robot1/images/0790.png,/Users/kimsumin/projects/RGMC/data/map/robot1/overlays/0790_overlay.png,/Users/kimsumin/projects/RGMC/data/map/robot1/masks/0790_mask.png
791,0.0,0.71875,,253.3658736669401,45.77686628383921,1,0.0,0.05701441091224671,0.09030565133633296,1777483899.690656,5,/Users/kimsumin/projects/RGMC/data/map/robot1/images/0791.png,/Users/kimsumin/projects/RGMC/data/map/robot1/overlays/0791_overlay.png,/Users/kimsumin/projects/RGMC/data/map/robot1/masks/0791_mask.png
792,0.0,0.75,,239.38898305084746,45.68518518518518,1,0.0,0.0551722263472077,0.04294041706299132,1777483909.387285,5,/Users/kimsumin/projects/RGMC/data/map/robot1/images/0792.png,/Users/kimsumin/projects/RGMC/data/map/robot1/overlays/0792_overlay.png,/Users/kimsumin/projects/RGMC/data/map/robot1/masks/0792_mask.png
793,0.02875,0.75,,239.53755274261604,58.414551607445006,1,0.0,0.09599266021288586,0.1319804995806314,1777483919.7787971,5,/Users/kimsumin/projects/RGMC/data/map/robot1/images/0793.png,/Users/kimsumin/projects/RGMC/data/map/robot1/overlays/0793_overlay.png,/Users/kimsumin/projects/RGMC/data/map/robot1/masks/0793_mask.png
794,0.0575,0.75,,239.6857855361596,71.10356255178128,1,0.0,0.0548026648065682,0.15463671628433662,1777483929.392781,5,/Users/kimsumin/projects/RGMC/data/map/robot1/images/0794.png,/Users/kimsumin/projects/RGMC/data/map/robot1/overlays/0794_overlay.png,/Users/kimsumin/projects/RGMC/data/map/robot1/masks/0794_mask.png
795,0.08625000000000001,0.75,,239.47574468085105,84.76255319148936,1,0.0,0.04897750194375123,0.04987897698748834,1777483940.339964,5,/Users/kimsumin/projects/RGMC/data/map/robot1/images/0795.png,/Users/kimsumin/projects/RGMC/data/map/robot1/overlays/0795_overlay.png,/Users/kimsumin/projects/RGMC/data/map/robot1/masks/0795_mask.png
796,0.115,0.75,,239.65012406947892,97.5794701986755,1,0.0,0.012476018966804319,0.055432596646195584,1777483950.0547707,5,/Users/kimsumin/projects/RGMC/data/map/robot1/images/0796.png,/Users/kimsumin/projects/RGMC/data/map/robot1/overlays/0796_overlay.png,/Users/kimsumin/projects/RGMC/data/map/robot1/masks/0796_mask.png
797,0.14375000000000002,0.75,,239.66329966329965,110.23224728487887,1,0.0,0.06455059085557067,0.07292914991607707,1777483959.6244924,5,/Users/kimsumin/projects/RGMC/data/map/robot1/images/0797.png,/Users/kimsumin/projects/RGMC/data/map/robot1/overlays/0797_overlay.png,/Users/kimsumin/projects/RGMC/data/map/robot1/masks/0797_mask.png
798,0.17250000000000001,0.75,,239.47727272727272,123.7739965095986,1,0.0,0.1268771421661189,0.07589294044015307,1777483970.181212,5,/Users/kimsumin/projects/RGMC/data/map/robot1/images/0798.png,/Users/kimsumin/projects/RGMC/data/map/robot1/overlays/0798_overlay.png,/Users/kimsumin/projects/RGMC/data/map/robot1/masks/0798_mask.png
799,0.20125,0.75,,239.63719008264462,136.66777133388567,1,0.0,0.014702544317189016,0.14020374651000256,1777483979.7860925,5,/Users/kimsumin/projects/RGMC/data/map/robot1/images/0799.png,/Users/kimsumin/projects/RGMC/data/map/robot1/overlays/0799_overlay.png,/Users/kimsumin/projects/RGMC/data/map/robot1/masks/0799_mask.png
800,0.23,0.75,,239.5466778805719,149.16568544995795,1,0.0,0.00963500447477013,0.06322557861295303,1777483989.5007975,5,/Users/kimsumin/projects/RGMC/data/map/robot1/images/0800.png,/Users/kimsumin/projects/RGMC/data/map/robot1/overlays/0800_overlay.png,/Users/kimsumin/projects/RGMC/data/map/robot1/masks/0800_mask.png
801,0.25875000000000004,0.75,,239.2355338223309,162.0521597392013,1,0.0,0.038359777339442284,0.08004289067434993,1777483999.302723,5,/Users/kimsumin/projects/RGMC/data/map/robot1/images/0801.png,/Users/kimsumin/projects/RGMC/data/map/robot1/overlays/0801_overlay.png,/Users/kimsumin/projects/RGMC/data/map/robot1/masks/0801_mask.png
802,0.28750000000000003,0.75,,239.5004135649297,174.34628099173554,1,0.0,0.06585686876611456,0.05198293986101302,1777484008.854968,5,/Users/kimsumin/projects/RGMC/data/map/robot1/images/0802.png,/Users/kimsumin/projects/RGMC/data/map/robot1/overlays/0802_overlay.png,/Users/kimsumin/projects/RGMC/data/map/robot1/masks/0802_mask.png
803,0.31625000000000003,0.75,,239.33493205435653,187.39088729016785,1,0.0,0.01626578978743525,0.011735417628337927,1777484018.4627268,5,/Users/kimsumin/projects/RGMC/data/map/robot1/images/0803.png,/Users/kimsumin/projects/RGMC/data/map/robot1/overlays/0803_overlay.png,/Users/kimsumin/projects/RGMC/data/map/robot1/masks/0803_mask.png
804,0.34500000000000003,0.75,,239.36006546644845,199.40243902439025,1,0.0,0.3498802885228398,0.09885450384873679,1777484029.3247535,5,/Users/kimsumin/projects/RGMC/data/map/robot1/images/0804.png,/Users/kimsumin/projects/RGMC/data/map/robot1/overlays/0804_overlay.png,/Users/kimsumin/projects/RGMC/data/map/robot1/masks/0804_mask.png
805,0.37375,0.75,,239.27740303541316,212.76391231028668,1,0.0,0.05117224927739226,0.37321754307195715,1777484039.9852898,5,/Users/kimsumin/projects/RGMC/data/map/robot1/images/0805.png,/Users/kimsumin/projects/RGMC/data/map/robot1/overlays/0805_overlay.png,/Users/kimsumin/projects/RGMC/data/map/robot1/masks/0805_mask.png
806,0.4025,0.75,,238.8160261651676,225.67002518891687,1,0.0,0.38643305497860136,0.07204171851385377,1777484049.6619806,5,/Users/kimsumin/projects/RGMC/data/map/robot1/images/0806.png,/Users/kimsumin/projects/RGMC/data/map/robot1/overlays/0806_overlay.png,/Users/kimsumin/projects/RGMC/data/map/robot1/masks/0806_mask.png
807,0.43125,0.75,,239.20959595959596,237.9949494949495,1,0.0,0.020902329645282252,0.03604740098352521,1777484059.3410199,5,/Users/kimsumin/projects/RGMC/data/map/robot1/images/0807.png,/Users/kimsumin/projects/RGMC/data/map/robot1/overlays/0807_overlay.png,/Users/kimsumin/projects/RGMC/data/map/robot1/masks/0807_mask.png
808,0.46,0.75,,239.34879867439935,250.77504105090313,1,0.0,0.026715180591779818,0.006035923596614494,1777484069.0831704,5,/Users/kimsumin/projects/RGMC/data/map/robot1/images/0808.png,/Users/kimsumin/projects/RGMC/data/map/robot1/overlays/0808_overlay.png,/Users/kimsumin/projects/RGMC/data/map/robot1/masks/0808_mask.png
809,0.48875,0.75,,239.2770979020979,263.2643391521197,1,0.0,0.046580257241605666,0.3835784817828338,1777484078.8243182,5,/Users/kimsumin/projects/RGMC/data/map/robot1/images/0809.png,/Users/kimsumin/projects/RGMC/data/map/robot1/overlays/0809_overlay.png,/Users/kimsumin/projects/RGMC/data/map/robot1/masks/0809_mask.png
810,0.5175000000000001,0.75,,239.22849915682968,277.10286677908937,1,0.0,0.0037545899781376416,0.009686018999228453,1777484088.4298637,5,/Users/kimsumin/projects/RGMC/data/map/robot1/images/0810.png,/Users/kimsumin/projects/RGMC/data/map/robot1/overlays/0810_overlay.png,/Users/kimsumin/projects/RGMC/data/map/robot1/masks/0810_mask.png
811,0.54625,0.75,,239.20797962648558,289.5220713073005,1,0.0,0.021025075270473297,0.0278746064556995,1777484097.9957716,5,/Users/kimsumin/projects/RGMC/data/map/robot1/images/0811.png,/Users/kimsumin/projects/RGMC/data/map/robot1/overlays/0811_overlay.png,/Users/kimsumin/projects/RGMC/data/map/robot1/masks/0811_mask.png
812,0.5750000000000001,0.75,,239.31569965870307,302.11338448422845,1,0.0,0.031938554166208256,0.03750143855517004,1777484107.544213,5,/Users/kimsumin/projects/RGMC/data/map/robot1/images/0812.png,/Users/kimsumin/projects/RGMC/data/map/robot1/overlays/0812_overlay.png,/Users/kimsumin/projects/RGMC/data/map/robot1/masks/0812_mask.png
813,0.60375,0.75,,238.9869109947644,314.5059121621622,1,0.0,0.29767719287599753,0.5144830950410021,1777484117.1307395,5,/Users/kimsumin/projects/RGMC/data/map/robot1/images/0813.png,/Users/kimsumin/projects/RGMC/data/map/robot1/overlays/0813_overlay.png,/Users/kimsumin/projects/RGMC/data/map/robot1/masks/0813_mask.png
814,0.6325000000000001,0.75,,239.107653490328,328.78854254422913,1,0.0,0.048649084805642034,0.10972157565467448,1777484126.9431193,5,/Users/kimsumin/projects/RGMC/data/map/robot1/images/0814.png,/Users/kimsumin/projects/RGMC/data/map/robot1/overlays/0814_overlay.png,/Users/kimsumin/projects/RGMC/data/map/robot1/masks/0814_mask.png
815,0.66125,0.75,,238.8966386554622,341.52542372881356,1,0.0,0.036959503577519384,0.028714134675659128,1777484136.8891637,5,/Users/kimsumin/projects/RGMC/data/map/robot1/images/0815.png,/Users/kimsumin/projects/RGMC/data/map/robot1/overlays/0815_overlay.png,/Users/kimsumin/projects/RGMC/data/map/robot1/masks/0815_mask.png
816,0.6900000000000001,0.75,,238.8972198820556,354.21065989847716,1,0.0,0.05131317206458521,0.050940748936155585,1777484146.5291145,5,/Users/kimsumin/projects/RGMC/data/map/robot1/images/0816.png,/Users/kimsumin/projects/RGMC/data/map/robot1/overlays/0816_overlay.png,/Users/kimsumin/projects/RGMC/data/map/robot1/masks/0816_mask.png
817,0.71875,0.75,,238.86378737541528,366.893300248139,1,0.0,0.03510502806021796,0.05063539184257963,1777484156.775408,5,/Users/kimsumin/projects/RGMC/data/map/robot1/images/0817.png,/Users/kimsumin/projects/RGMC/data/map/robot1/overlays/0817_overlay.png,/Users/kimsumin/projects/RGMC/data/map/robot1/masks/0817_mask.png
818,0.7475,0.75,,238.68549087749784,380.36693191865606,1,0.0,0.05507669166565139,0.04946615146121958,1777484166.329155,5,/Users/kimsumin/projects/RGMC/data/map/robot1/images/0818.png,/Users/kimsumin/projects/RGMC/data/map/robot1/overlays/0818_overlay.png,/Users/kimsumin/projects/RGMC/data/map/robot1/masks/0818_mask.png
819,0.77625,0.75,,238.66127659574468,393.2442553191489,1,0.0,0.06631479241088037,0.06059285378898807,1777484176.062862,5,/Users/kimsumin/projects/RGMC/data/map/robot1/images/0819.png,/Users/kimsumin/projects/RGMC/data/map/robot1/overlays/0819_overlay.png,/Users/kimsumin/projects/RGMC/data/map/robot1/masks/0819_mask.png
820,0.805,0.75,,238.63368055555554,406.01909722222223,1,0.0,0.010302019432586686,0.011445869350989735,1777484185.6616197,5,/Users/kimsumin/projects/RGMC/data/map/robot1/images/0820.png,/Users/kimsumin/projects/RGMC/data/map/robot1/overlays/0820_overlay.png,/Users/kimsumin/projects/RGMC/data/map/robot1/masks/0820_mask.png
821,0.83375,0.75,,238.63704945515508,419.3456686291001,1,0.0,0.04585168694182686,0.3533890027768546,1777484195.3396516,5,/Users/kimsumin/projects/RGMC/data/map/robot1/images/0821.png,/Users/kimsumin/projects/RGMC/data/map/robot1/overlays/0821_overlay.png,/Users/kimsumin/projects/RGMC/data/map/robot1/masks/0821_mask.png
822,0.8625,0.75,,238.63582842724978,432.77169334456613,1,0.0,0.05562762129465349,0.050215403822518156,1777484205.2367313,5,/Users/kimsumin/projects/RGMC/data/map/robot1/images/0822.png,/Users/kimsumin/projects/RGMC/data/map/robot1/overlays/0822_overlay.png,/Users/kimsumin/projects/RGMC/data/map/robot1/masks/0822_mask.png
823,0.89125,0.75,,238.58647260273972,445.36472602739724,1,0.0,0.06793560125656098,0.05055315735501219,1777484214.9930816,5,/Users/kimsumin/projects/RGMC/data/map/robot1/images/0823.png,/Users/kimsumin/projects/RGMC/data/map/robot1/overlays/0823_overlay.png,/Users/kimsumin/projects/RGMC/data/map/robot1/masks/0823_mask.png
824,0.92,0.75,,238.53305084745762,457.95250212044107,1,0.0,0.029131150909538,0.010747448512757244,1777484224.6742003,5,/Users/kimsumin/projects/RGMC/data/map/robot1/images/0824.png,/Users/kimsumin/projects/RGMC/data/map/robot1/overlays/0824_overlay.png,/Users/kimsumin/projects/RGMC/data/map/robot1/masks/0824_mask.png
825,0.92,0.78125,,223.74701873935265,457.71209540034073,1,0.0,0.058061944240462376,0.06632721095982179,1777484234.417761,5,/Users/kimsumin/projects/RGMC/data/map/robot1/images/0825.png,/Users/kimsumin/projects/RGMC/data/map/robot1/overlays/0825_overlay.png,/Users/kimsumin/projects/RGMC/data/map/robot1/masks/0825_mask.png
826,0.89125,0.78125,,223.59109991603694,445.6482582837723,1,0.0,0.06409759253057949,0.04276897388576691,1777484244.012838,5,/Users/kimsumin/projects/RGMC/data/map/robot1/images/0826.png,/Users/kimsumin/projects/RGMC/data/map/robot1/overlays/0826_overlay.png,/Users/kimsumin/projects/RGMC/data/map/robot1/masks/0826_mask.png
827,0.8625,0.78125,,223.59343434343435,432.8662741799832,1,0.0,0.060250615301393015,0.04896622962646036,1777484253.6450727,5,/Users/kimsumin/projects/RGMC/data/map/robot1/images/0827.png,/Users/kimsumin/projects/RGMC/data/map/robot1/overlays/0827_overlay.png,/Users/kimsumin/projects/RGMC/data/map/robot1/masks/0827_mask.png
828,0.83375,0.78125,,223.65144863915717,420.0261780104712,1,0.0,0.04431292007078404,0.06571868205256974,1777484263.8571088,5,/Users/kimsumin/projects/RGMC/data/map/robot1/images/0828.png,/Users/kimsumin/projects/RGMC/data/map/robot1/overlays/0828_overlay.png,/Users/kimsumin/projects/RGMC/data/map/robot1/masks/0828_mask.png
829,0.805,0.78125,,223.57748917748918,406.1023417172593,1,0.0,0.060159506897718776,0.04653970000450433,1777484274.145317,5,/Users/kimsumin/projects/RGMC/data/map/robot1/images/0829.png,/Users/kimsumin/projects/RGMC/data/map/robot1/overlays/0829_overlay.png,/Users/kimsumin/projects/RGMC/data/map/robot1/masks/0829_mask.png
830,0.77625,0.78125,,223.7382779198636,393.58361774744026,1,0.0,0.041059509606775894,0.027756511968138834,1777484283.7357984,5,/Users/kimsumin/projects/RGMC/data/map/robot1/images/0830.png,/Users/kimsumin/projects/RGMC/data/map/robot1/overlays/0830_overlay.png,/Users/kimsumin/projects/RGMC/data/map/robot1/masks/0830_mask.png
831,0.7475,0.78125,,223.67391304347825,380.6402070750647,1,0.0,0.017875118144742023,0.06094452369264324,1777484293.363756,5,/Users/kimsumin/projects/RGMC/data/map/robot1/images/0831.png,/Users/kimsumin/projects/RGMC/data/map/robot1/overlays/0831_overlay.png,/Users/kimsumin/projects/RGMC/data/map/robot1/masks/0831_mask.png
832,0.71875,0.78125,,223.99178307313065,367.3755135579293,1,0.0,0.05104319152008816,0.07816883802880828,1777484303.2194214,5,/Users/kimsumin/projects/RGMC/data/map/robot1/images/0832.png,/Users/kimsumin/projects/RGMC/data/map/robot1/overlays/0832_overlay.png,/Users/kimsumin/projects/RGMC/data/map/robot1/masks/0832_mask.png
833,0.6900000000000001,0.78125,,223.6940486169321,354.11888701517705,1,0.0,0.04033327079197016,0.03377477122089999,1777484313.2424164,5,/Users/kimsumin/projects/RGMC/data/map/robot1/images/0833.png,/Users/kimsumin/projects/RGMC/data/map/robot1/overlays/0833_overlay.png,/Users/kimsumin/projects/RGMC/data/map/robot1/masks/0833_mask.png
834,0.66125,0.78125,,223.8414937759336,341.62240663900417,1,0.0,0.06708546360304021,0.057051852319164535,1777484322.964211,5,/Users/kimsumin/projects/RGMC/data/map/robot1/images/0834.png,/Users/kimsumin/projects/RGMC/data/map/robot1/overlays/0834_overlay.png,/Users/kimsumin/projects/RGMC/data/map/robot1/masks/0834_mask.png
835,0.6325000000000001,0.78125,,223.94608256107836,328.9418702611626,1,0.0,0.024492438392227457,0.07499441363363799,1777484332.6836376,5,/Users/kimsumin/projects/RGMC/data/map/robot1/images/0835.png,/Users/kimsumin/projects/RGMC/data/map/robot1/overlays/0835_overlay.png,/Users/kimsumin/projects/RGMC/data/map/robot1/masks/0835_mask.png
836,0.60375,0.78125,,223.80245901639344,315.0237704918033,1,0.0,0.08134465262775664,0.46924019465802386,1777484343.4964924,5,/Users/kimsumin/projects/RGMC/data/map/robot1/images/0836.png,/Users/kimsumin/projects/RGMC/data/map/robot1/overlays/0836_overlay.png,/Users/kimsumin/projects/RGMC/data/map/robot1/masks/0836_mask.png
837,0.5750000000000001,0.78125,,224.15536480686694,302.1792452830189,1,0.0,0.2264651060404094,0.0987074995927718,1777484353.850943,5,/Users/kimsumin/projects/RGMC/data/map/robot1/images/0837.png,/Users/kimsumin/projects/RGMC/data/map/robot1/overlays/0837_overlay.png,/Users/kimsumin/projects/RGMC/data/map/robot1/masks/0837_mask.png
838,0.54625,0.78125,,224.83151718357084,289.40190972222223,1,0.0,0.2714194963750255,0.0915409787000423,1777484363.7723289,5,/Users/kimsumin/projects/RGMC/data/map/robot1/images/0838.png,/Users/kimsumin/projects/RGMC/data/map/robot1/overlays/0838_overlay.png,/Users/kimsumin/projects/RGMC/data/map/robot1/masks/0838_mask.png
839,0.5175000000000001,0.78125,,224.84006595218466,277.1469622331691,1,0.0,0.07455786350921266,0.034434050109958016,1777484374.7706068,5,/Users/kimsumin/projects/RGMC/data/map/robot1/images/0839.png,/Users/kimsumin/projects/RGMC/data/map/robot1/overlays/0839_overlay.png,/Users/kimsumin/projects/RGMC/data/map/robot1/masks/0839_mask.png
840,0.48875,0.78125,,224.98217317487266,263.4468267581475,1,0.0,0.19862967260714512,0.0313420891622297,1777484384.4620247,5,/Users/kimsumin/projects/RGMC/data/map/robot1/images/0840.png,/Users/kimsumin/projects/RGMC/data/map/robot1/overlays/0840_overlay.png,/Users/kimsumin/projects/RGMC/data/map/robot1/masks/0840_mask.png
841,0.46,0.78125,,225.1929392446634,250.86938775510205,1,0.0,0.09631753300968836,0.04332423829803329,1777484394.164583,5,/Users/kimsumin/projects/RGMC/data/map/robot1/images/0841.png,/Users/kimsumin/projects/RGMC/data/map/robot1/overlays/0841_overlay.png,/Users/kimsumin/projects/RGMC/data/map/robot1/masks/0841_mask.png
842,0.43125,0.78125,,225.01153212520592,238.16721854304635,1,0.0,0.049710628946292315,0.04084876731301332,1777484403.809353,5,/Users/kimsumin/projects/RGMC/data/map/robot1/images/0842.png,/Users/kimsumin/projects/RGMC/data/map/robot1/overlays/0842_overlay.png,/Users/kimsumin/projects/RGMC/data/map/robot1/masks/0842_mask.png
843,0.4025,0.78125,,225.14787581699346,225.5848287112561,1,0.0,0.05484707163415125,0.018996087034936278,1777484413.5058496,5,/Users/kimsumin/projects/RGMC/data/map/robot1/images/0843.png,/Users/kimsumin/projects/RGMC/data/map/robot1/overlays/0843_overlay.png,/Users/kimsumin/projects/RGMC/data/map/robot1/masks/0843_mask.png
844,0.37375,0.78125,,224.8102189781022,213.09844134536505,1,0.0,0.09504402676938516,0.06849095463961635,1777484423.3494554,5,/Users/kimsumin/projects/RGMC/data/map/robot1/images/0844.png,/Users/kimsumin/projects/RGMC/data/map/robot1/overlays/0844_overlay.png,/Users/kimsumin/projects/RGMC/data/map/robot1/masks/0844_mask.png
845,0.34500000000000003,0.78125,,224.78535773710482,200.47215295095594,1,0.0,0.0561806760640385,0.25050778028717785,1777484433.5022175,5,/Users/kimsumin/projects/RGMC/data/map/robot1/images/0845.png,/Users/kimsumin/projects/RGMC/data/map/robot1/overlays/0845_overlay.png,/Users/kimsumin/projects/RGMC/data/map/robot1/masks/0845_mask.png
846,0.31625000000000003,0.78125,,224.6115896632733,187.5152701644479,1,0.0,0.05305670261051292,0.03982642782767378,1777484443.186303,5,/Users/kimsumin/projects/RGMC/data/map/robot1/images/0846.png,/Users/kimsumin/projects/RGMC/data/map/robot1/overlays/0846_overlay.png,/Users/kimsumin/projects/RGMC/data/map/robot1/masks/0846_mask.png
847,0.28750000000000003,0.78125,,224.62280701754386,174.29585326953747,1,0.0,0.042101956722851455,0.06734312725014306,1777484452.7861063,5,/Users/kimsumin/projects/RGMC/data/map/robot1/images/0847.png,/Users/kimsumin/projects/RGMC/data/map/robot1/overlays/0847_overlay.png,/Users/kimsumin/projects/RGMC/data/map/robot1/masks/0847_mask.png
848,0.25875000000000004,0.78125,,224.46201550387596,161.84470588235294,1,0.0,0.25517176372941763,0.13514786661034867,1777484462.8955958,5,/Users/kimsumin/projects/RGMC/data/map/robot1/images/0848.png,/Users/kimsumin/projects/RGMC/data/map/robot1/overlays/0848_overlay.png,/Users/kimsumin/projects/RGMC/data/map/robot1/masks/0848_mask.png
849,0.23,0.78125,,224.6986301369863,149.1755233494364,1,0.0,0.052025472338023813,0.04143541081379173,1777484472.5798016,5,/Users/kimsumin/projects/RGMC/data/map/robot1/images/0849.png,/Users/kimsumin/projects/RGMC/data/map/robot1/overlays/0849_overlay.png,/Users/kimsumin/projects/RGMC/data/map/robot1/masks/0849_mask.png
850,0.20125,0.78125,,224.85016025641025,135.30948553054662,1,0.0,0.0817950396114227,0.046229952573015196,1777484482.9007764,5,/Users/kimsumin/projects/RGMC/data/map/robot1/images/0850.png,/Users/kimsumin/projects/RGMC/data/map/robot1/overlays/0850_overlay.png,/Users/kimsumin/projects/RGMC/data/map/robot1/masks/0850_mask.png
851,0.17250000000000001,0.78125,,224.8934356351236,123.35068259385666,1,0.0,0.029555186667613923,0.4339728429129725,1777484493.5120149,5,/Users/kimsumin/projects/RGMC/data/map/robot1/images/0851.png,/Users/kimsumin/projects/RGMC/data/map/robot1/overlays/0851_overlay.png,/Users/kimsumin/projects/RGMC/data/map/robot1/masks/0851_mask.png
852,0.14375000000000002,0.78125,,225.26136363636363,109.93262987012987,1,0.0,0.081965097562198,0.15304296314857632,1777484503.22562,5,/Users/kimsumin/projects/RGMC/data/map/robot1/images/0852.png,/Users/kimsumin/projects/RGMC/data/map/robot1/overlays/0852_overlay.png,/Users/kimsumin/projects/RGMC/data/map/robot1/masks/0852_mask.png
853,0.115,0.78125,,225.13173156586578,97.37199668599834,1,0.0,0.012831130416590978,0.017700300574971538,1777484512.8848648,5,/Users/kimsumin/projects/RGMC/data/map/robot1/images/0853.png,/Users/kimsumin/projects/RGMC/data/map/robot1/overlays/0853_overlay.png,/Users/kimsumin/projects/RGMC/data/map/robot1/masks/0853_mask.png
854,0.08625000000000001,0.78125,,225.13754325259515,84.42733564013841,1,0.0,0.058466244344697695,0.032889746118158175,1777484522.5449963,5,/Users/kimsumin/projects/RGMC/data/map/robot1/images/0854.png,/Users/kimsumin/projects/RGMC/data/map/robot1/overlays/0854_overlay.png,/Users/kimsumin/projects/RGMC/data/map/robot1/masks/0854_mask.png
855,0.0575,0.78125,,224.7849372384937,70.81487603305786,1,0.0,0.10431861168386357,0.19585801427173502,1777484532.1499758,5,/Users/kimsumin/projects/RGMC/data/map/robot1/images/0855.png,/Users/kimsumin/projects/RGMC/data/map/robot1/overlays/0855_overlay.png,/Users/kimsumin/projects/RGMC/data/map/robot1/masks/0855_mask.png
856,0.02875,0.78125,,225.08561928512054,58.075020610057706,1,0.0,0.06997000839947475,0.027343027204546205,1777484541.8003519,5,/Users/kimsumin/projects/RGMC/data/map/robot1/images/0856.png,/Users/kimsumin/projects/RGMC/data/map/robot1/overlays/0856_overlay.png,/Users/kimsumin/projects/RGMC/data/map/robot1/masks/0856_mask.png
857,0.0,0.78125,,225.2138630600169,45.52671755725191,1,0.0,0.09851356739052046,0.06767079583491747,1777484551.3447134,5,/Users/kimsumin/projects/RGMC/data/map/robot1/images/0857.png,/Users/kimsumin/projects/RGMC/data/map/robot1/overlays/0857_overlay.png,/Users/kimsumin/projects/RGMC/data/map/robot1/masks/0857_mask.png
858,0.0,0.8125,,211.13155631986243,45.06792777300086,1,0.0,0.028399524287857685,0.03532819740989581,1777484561.129046,5,/Users/kimsumin/projects/RGMC/data/map/robot1/images/0858.png,/Users/kimsumin/projects/RGMC/data/map/robot1/overlays/0858_overlay.png,/Users/kimsumin/projects/RGMC/data/map/robot1/masks/0858_mask.png
859,0.02875,0.8125,,210.8598949211909,57.56867891513561,1,0.0,0.036829540531147405,0.056656613358617276,1777484570.6532044,5,/Users/kimsumin/projects/RGMC/data/map/robot1/images/0859.png,/Users/kimsumin/projects/RGMC/data/map/robot1/overlays/0859_overlay.png,/Users/kimsumin/projects/RGMC/data/map/robot1/masks/0859_mask.png
860,0.0575,0.8125,,211.10207612456747,70.07698961937716,1,0.0,0.05467655526667285,0.015896064813203225,1777484580.764929,5,/Users/kimsumin/projects/RGMC/data/map/robot1/images/0860.png,/Users/kimsumin/projects/RGMC/data/map/robot1/overlays/0860_overlay.png,/Users/kimsumin/projects/RGMC/data/map/robot1/masks/0860_mask.png
861,0.08625000000000001,0.8125,,211.17493237150586,83.8863841298467,1,0.0,0.037203625230752636,0.08466663089689032,1777484592.2498872,5,/Users/kimsumin/projects/RGMC/data/map/robot1/images/0861.png,/Users/kimsumin/projects/RGMC/data/map/robot1/overlays/0861_overlay.png,/Users/kimsumin/projects/RGMC/data/map/robot1/masks/0861_mask.png
862,0.115,0.8125,,211.26957295373666,96.55160142348754,1,0.0,0.04571811409268146,0.09308342761826631,1777484602.877773,5,/Users/kimsumin/projects/RGMC/data/map/robot1/images/0862.png,/Users/kimsumin/projects/RGMC/data/map/robot1/overlays/0862_overlay.png,/Users/kimsumin/projects/RGMC/data/map/robot1/masks/0862_mask.png
863,0.14375000000000002,0.8125,,210.72750210260725,109.47855340622371,1,0.0,0.2560747060762903,0.12001597782579951,1777484612.5015337,5,/Users/kimsumin/projects/RGMC/data/map/robot1/images/0863.png,/Users/kimsumin/projects/RGMC/data/map/robot1/overlays/0863_overlay.png,/Users/kimsumin/projects/RGMC/data/map/robot1/masks/0863_mask.png
864,0.17250000000000001,0.8125,,210.06208609271522,122.52152317880795,1,0.0,0.424302093349265,0.10543787246744471,1777484622.1482983,5,/Users/kimsumin/projects/RGMC/data/map/robot1/images/0864.png,/Users/kimsumin/projects/RGMC/data/map/robot1/overlays/0864_overlay.png,/Users/kimsumin/projects/RGMC/data/map/robot1/masks/0864_mask.png
865,0.20125,0.8125,,209.6064814814815,135.28626543209876,1,0.0,0.05025565972057461,0.19567087932135593,1777484631.856639,5,/Users/kimsumin/projects/RGMC/data/map/robot1/images/0865.png,/Users/kimsumin/projects/RGMC/data/map/robot1/overlays/0865_overlay.png,/Users/kimsumin/projects/RGMC/data/map/robot1/masks/0865_mask.png
866,0.23,0.8125,,209.69072164948454,148.91038858049168,1,0.0,0.021320756763468788,0.08336619116872926,1777484641.6864874,5,/Users/kimsumin/projects/RGMC/data/map/robot1/images/0866.png,/Users/kimsumin/projects/RGMC/data/map/robot1/overlays/0866_overlay.png,/Users/kimsumin/projects/RGMC/data/map/robot1/masks/0866_mask.png
867,0.25875000000000004,0.8125,,209.81919111816018,161.42014162077103,1,0.0,0.06447091399835178,0.060416987028747884,1777484651.245155,5,/Users/kimsumin/projects/RGMC/data/map/robot1/images/0867.png,/Users/kimsumin/projects/RGMC/data/map/robot1/overlays/0867_overlay.png,/Users/kimsumin/projects/RGMC/data/map/robot1/masks/0867_mask.png
868,0.28750000000000003,0.8125,,210.0166270783848,173.98817034700315,1,0.0,0.040941122432969664,0.050751676360094394,1777484661.5963278,5,/Users/kimsumin/projects/RGMC/data/map/robot1/images/0868.png,/Users/kimsumin/projects/RGMC/data/map/robot1/overlays/0868_overlay.png,/Users/kimsumin/projects/RGMC/data/map/robot1/masks/0868_mask.png
869,0.31625000000000003,0.8125,,210.0486223662885,186.53079416531605,1,0.0,0.03532709001027876,0.06367151032960194,1777484671.2669995,5,/Users/kimsumin/projects/RGMC/data/map/robot1/images/0869.png,/Users/kimsumin/projects/RGMC/data/map/robot1/overlays/0869_overlay.png,/Users/kimsumin/projects/RGMC/data/map/robot1/masks/0869_mask.png
870,0.34500000000000003,0.8125,,210.4171382376718,199.14622258326563,1,0.0,0.06985782035831829,0.052927082394582776,1777484680.861904,5,/Users/kimsumin/projects/RGMC/data/map/robot1/images/0870.png,/Users/kimsumin/projects/RGMC/data/map/robot1/overlays/0870_overlay.png,/Users/kimsumin/projects/RGMC/data/map/robot1/masks/0870_mask.png
871,0.37375,0.8125,,210.44170771756978,212.6179129005752,1,0.0,0.05546918508488109,0.055146157881388526,1777484691.080602,5,/Users/kimsumin/projects/RGMC/data/map/robot1/images/0871.png,/Users/kimsumin/projects/RGMC/data/map/robot1/overlays/0871_overlay.png,/Users/kimsumin/projects/RGMC/data/map/robot1/masks/0871_mask.png
872,0.4025,0.8125,,210.7242225859247,225.49418604651163,1,0.0,0.2718504475366227,0.036693211198580204,1777484701.3209007,5,/Users/kimsumin/projects/RGMC/data/map/robot1/images/0872.png,/Users/kimsumin/projects/RGMC/data/map/robot1/overlays/0872_overlay.png,/Users/kimsumin/projects/RGMC/data/map/robot1/masks/0872_mask.png
873,0.43125,0.8125,,211.04047217537942,237.99072512647555,1,0.0,0.055433327326347946,0.04308235165387539,1777484710.883312,5,/Users/kimsumin/projects/RGMC/data/map/robot1/images/0873.png,/Users/kimsumin/projects/RGMC/data/map/robot1/overlays/0873_overlay.png,/Users/kimsumin/projects/RGMC/data/map/robot1/masks/0873_mask.png
874,0.46,0.8125,,210.98410041841004,250.51537822111388,1,0.0,0.1625023164910568,0.049266525990046016,1777484720.4525409,5,/Users/kimsumin/projects/RGMC/data/map/robot1/images/0874.png,/Users/kimsumin/projects/RGMC/data/map/robot1/overlays/0874_overlay.png,/Users/kimsumin/projects/RGMC/data/map/robot1/masks/0874_mask.png
875,0.48875,0.8125,,211.11082693947145,263.50379746835443,1,0.0,0.07338338427823797,0.31249219110463244,1777484730.761045,5,/Users/kimsumin/projects/RGMC/data/map/robot1/images/0875.png,/Users/kimsumin/projects/RGMC/data/map/robot1/overlays/0875_overlay.png,/Users/kimsumin/projects/RGMC/data/map/robot1/masks/0875_mask.png
876,0.5175000000000001,0.8125,,211.2015437392796,276.77237851662403,1,0.0,0.09566117906907713,0.07642409231627338,1777484741.2040586,5,/Users/kimsumin/projects/RGMC/data/map/robot1/images/0876.png,/Users/kimsumin/projects/RGMC/data/map/robot1/overlays/0876_overlay.png,/Users/kimsumin/projects/RGMC/data/map/robot1/masks/0876_mask.png
877,0.54625,0.8125,,210.69453924914677,289.31872852233676,1,0.0,0.04955937019685179,0.0525161906875915,1777484750.8317323,5,/Users/kimsumin/projects/RGMC/data/map/robot1/images/0877.png,/Users/kimsumin/projects/RGMC/data/map/robot1/overlays/0877_overlay.png,/Users/kimsumin/projects/RGMC/data/map/robot1/masks/0877_mask.png
878,0.5750000000000001,0.8125,,210.7485380116959,301.8758503401361,1,0.0,0.2115239429385624,0.11928184789725554,1777484760.4170816,5,/Users/kimsumin/projects/RGMC/data/map/robot1/images/0878.png,/Users/kimsumin/projects/RGMC/data/map/robot1/overlays/0878_overlay.png,/Users/kimsumin/projects/RGMC/data/map/robot1/masks/0878_mask.png
879,0.60375,0.8125,,210.24457429048414,314.75876460767944,1,0.0,0.057367093886791794,0.3248651289026703,1777484770.0197785,5,/Users/kimsumin/projects/RGMC/data/map/robot1/images/0879.png,/Users/kimsumin/projects/RGMC/data/map/robot1/overlays/0879_overlay.png,/Users/kimsumin/projects/RGMC/data/map/robot1/masks/0879_mask.png
880,0.6325000000000001,0.8125,,210.55486173059768,328.7281639928699,1,0.0,0.23778190990807235,0.10999470216867184,1777484779.617345,5,/Users/kimsumin/projects/RGMC/data/map/robot1/images/0880.png,/Users/kimsumin/projects/RGMC/data/map/robot1/overlays/0880_overlay.png,/Users/kimsumin/projects/RGMC/data/map/robot1/masks/0880_mask.png
881,0.66125,0.8125,,210.60564585115483,341.37895637296833,1,0.0,0.1941115012705827,0.12676991302431473,1777484790.2194738,5,/Users/kimsumin/projects/RGMC/data/map/robot1/images/0881.png,/Users/kimsumin/projects/RGMC/data/map/robot1/overlays/0881_overlay.png,/Users/kimsumin/projects/RGMC/data/map/robot1/masks/0881_mask.png
882,0.6900000000000001,0.8125,,210.28148774302622,354.25688073394497,1,0.0,0.2213757263709867,0.07934818626811115,1777484799.8506694,5,/Users/kimsumin/projects/RGMC/data/map/robot1/images/0882.png,/Users/kimsumin/projects/RGMC/data/map/robot1/overlays/0882_overlay.png,/Users/kimsumin/projects/RGMC/data/map/robot1/masks/0882_mask.png
883,0.71875,0.8125,,209.6502024291498,366.95303643724696,1,0.0,0.04283738934343453,0.13688503495379475,1777484809.4369552,5,/Users/kimsumin/projects/RGMC/data/map/robot1/images/0883.png,/Users/kimsumin/projects/RGMC/data/map/robot1/overlays/0883_overlay.png,/Users/kimsumin/projects/RGMC/data/map/robot1/masks/0883_mask.png
884,0.7475,0.8125,,209.56754460492778,380.4114627887083,1,0.0,0.11475746616259215,0.038215003492754716,1777484819.6877835,5,/Users/kimsumin/projects/RGMC/data/map/robot1/images/0884.png,/Users/kimsumin/projects/RGMC/data/map/robot1/overlays/0884_overlay.png,/Users/kimsumin/projects/RGMC/data/map/robot1/masks/0884_mask.png
885,0.77625,0.8125,,209.54103852596316,393.23539094650204,1,0.0,0.01900463605953509,0.06799718502773691,1777484829.345699,5,/Users/kimsumin/projects/RGMC/data/map/robot1/images/0885.png,/Users/kimsumin/projects/RGMC/data/map/robot1/overlays/0885_overlay.png,/Users/kimsumin/projects/RGMC/data/map/robot1/masks/0885_mask.png
886,0.805,0.8125,,209.35893155258765,406.21452420701166,1,0.0,0.06352508077504812,0.054392894197454744,1777484838.9621036,5,/Users/kimsumin/projects/RGMC/data/map/robot1/images/0886.png,/Users/kimsumin/projects/RGMC/data/map/robot1/overlays/0886_overlay.png,/Users/kimsumin/projects/RGMC/data/map/robot1/masks/0886_mask.png
887,0.83375,0.8125,,209.874251497006,419.84602076124565,1,0.0,0.08801159069895348,0.044495268321277835,1777484848.5907683,5,/Users/kimsumin/projects/RGMC/data/map/robot1/images/0887.png,/Users/kimsumin/projects/RGMC/data/map/robot1/overlays/0887_overlay.png,/Users/kimsumin/projects/RGMC/data/map/robot1/masks/0887_mask.png
888,0.8625,0.8125,,209.5049180327869,432.7931609674729,1,0.0,0.0668390332356456,0.05208494787838468,1777484858.1075814,5,/Users/kimsumin/projects/RGMC/data/map/robot1/images/0888.png,/Users/kimsumin/projects/RGMC/data/map/robot1/overlays/0888_overlay.png,/Users/kimsumin/projects/RGMC/data/map/robot1/masks/0888_mask.png
889,0.89125,0.8125,,209.74753289473685,445.3149671052632,1,0.0,0.07903726042662211,0.04038311358065023,1777484867.729224,5,/Users/kimsumin/projects/RGMC/data/map/robot1/images/0889.png,/Users/kimsumin/projects/RGMC/data/map/robot1/overlays/0889_overlay.png,/Users/kimsumin/projects/RGMC/data/map/robot1/masks/0889_mask.png
890,0.92,0.8125,,209.8125,457.6811594202899,1,0.0,0.27934868638086924,0.10238355472670205,1777484877.359872,5,/Users/kimsumin/projects/RGMC/data/map/robot1/images/0890.png,/Users/kimsumin/projects/RGMC/data/map/robot1/overlays/0890_overlay.png,/Users/kimsumin/projects/RGMC/data/map/robot1/masks/0890_mask.png
891,0.92,0.84375,,195.7824978759558,457.94880546075086,1,0.0,0.04090850854580094,0.07077284590162715,1777484886.9871798,5,/Users/kimsumin/projects/RGMC/data/map/robot1/images/0891.png,/Users/kimsumin/projects/RGMC/data/map/robot1/overlays/0891_overlay.png,/Users/kimsumin/projects/RGMC/data/map/robot1/masks/0891_mask.png
892,0.89125,0.84375,,195.5557461406518,445.48945147679325,1,0.0,0.07745748407401137,0.07673543230717748,1777484896.5613286,5,/Users/kimsumin/projects/RGMC/data/map/robot1/images/0892.png,/Users/kimsumin/projects/RGMC/data/map/robot1/overlays/0892_overlay.png,/Users/kimsumin/projects/RGMC/data/map/robot1/masks/0892_mask.png
893,0.8625,0.84375,,195.37678721614802,432.80167364016734,1,0.0,0.0601945214657237,0.0650238065486727,1777484906.1211672,5,/Users/kimsumin/projects/RGMC/data/map/robot1/images/0893.png,/Users/kimsumin/projects/RGMC/data/map/robot1/overlays/0893_overlay.png,/Users/kimsumin/projects/RGMC/data/map/robot1/masks/0893_mask.png
894,0.83375,0.84375,,195.32614322691975,419.93804537521817,1,0.0,0.045610814974931115,0.3238900063866341,1777484917.3857346,5,/Users/kimsumin/projects/RGMC/data/map/robot1/images/0894.png,/Users/kimsumin/projects/RGMC/data/map/robot1/overlays/0894_overlay.png,/Users/kimsumin/projects/RGMC/data/map/robot1/masks/0894_mask.png
895,0.805,0.84375,,195.36301369863014,406.2303082191781,1,0.0,0.02149434621315147,0.07032937138312091,1777484927.0792289,5,/Users/kimsumin/projects/RGMC/data/map/robot1/images/0895.png,/Users/kimsumin/projects/RGMC/data/map/robot1/overlays/0895_overlay.png,/Users/kimsumin/projects/RGMC/data/map/robot1/masks/0895_mask.png
896,0.77625,0.84375,,195.37638062871707,393.5012809564475,1,0.0,0.043371279892091226,0.043146742386114476,1777484936.6489913,5,/Users/kimsumin/projects/RGMC/data/map/robot1/images/0896.png,/Users/kimsumin/projects/RGMC/data/map/robot1/overlays/0896_overlay.png,/Users/kimsumin/projects/RGMC/data/map/robot1/masks/0896_mask.png
897,0.7475,0.84375,,195.62445030782763,380.66490765171505,1,0.0,0.059062632047734605,0.08454976022291263,1777484946.3339508,5,/Users/kimsumin/projects/RGMC/data/map/robot1/images/0897.png,/Users/kimsumin/projects/RGMC/data/map/robot1/overlays/0897_overlay.png,/Users/kimsumin/projects/RGMC/data/map/robot1/masks/0897_mask.png
898,0.71875,0.84375,,195.31452282157676,367.26090534979426,1,0.0,0.18233442757372303,0.07390910351407001,1777484957.0058482,5,/Users/kimsumin/projects/RGMC/data/map/robot1/images/0898.png,/Users/kimsumin/projects/RGMC/data/map/robot1/overlays/0898_overlay.png,/Users/kimsumin/projects/RGMC/data/map/robot1/masks/0898_mask.png
899,0.6900000000000001,0.84375,,195.69725557461408,354.37993138936537,1,0.0,0.04149667676515855,0.179389277849082,1777484966.5781574,5,/Users/kimsumin/projects/RGMC/data/map/robot1/images/0899.png,/Users/kimsumin/projects/RGMC/data/map/robot1/overlays/0899_overlay.png,/Users/kimsumin/projects/RGMC/data/map/robot1/masks/0899_mask.png
900,0.66125,0.84375,,195.15119145439607,341.35831960461286,1,0.0,0.04291116825257346,0.07611193506671889,1777484976.8266087,5,/Users/kimsumin/projects/RGMC/data/map/robot1/images/0900.png,/Users/kimsumin/projects/RGMC/data/map/robot1/overlays/0900_overlay.png,/Users/kimsumin/projects/RGMC/data/map/robot1/masks/0900_mask.png
901,0.6325000000000001,0.84375,,195.7602131438721,328.5458553791887,1,0.0,0.06828099020484142,0.09826082886635143,1777484986.473451,5,/Users/kimsumin/projects/RGMC/data/map/robot1/images/0901.png,/Users/kimsumin/projects/RGMC/data/map/robot1/overlays/0901_overlay.png,/Users/kimsumin/projects/RGMC/data/map/robot1/masks/0901_mask.png
902,0.60375,0.84375,,195.88521739130434,314.8349344978166,1,0.0,0.057225479071743156,0.31268186164200334,1777484996.0687127,5,/Users/kimsumin/projects/RGMC/data/map/robot1/images/0902.png,/Users/kimsumin/projects/RGMC/data/map/robot1/overlays/0902_overlay.png,/Users/kimsumin/projects/RGMC/data/map/robot1/masks/0902_mask.png
903,0.5750000000000001,0.84375,,196.12139737991265,302.0899563318777,1,0.0,0.02464616496730123,0.0683404237315729,1777485005.8153336,5,/Users/kimsumin/projects/RGMC/data/map/robot1/images/0903.png,/Users/kimsumin/projects/RGMC/data/map/robot1/overlays/0903_overlay.png,/Users/kimsumin/projects/RGMC/data/map/robot1/masks/0903_mask.png
904,0.54625,0.84375,,196.1628318584071,289.438704028021,1,0.0,0.03091065745592536,0.05341444062582601,1777485015.424865,5,/Users/kimsumin/projects/RGMC/data/map/robot1/images/0904.png,/Users/kimsumin/projects/RGMC/data/map/robot1/overlays/0904_overlay.png,/Users/kimsumin/projects/RGMC/data/map/robot1/masks/0904_mask.png
905,0.5175000000000001,0.84375,,195.81607142857143,276.86607142857144,1,0.0,0.16080417802320385,0.06177156490088731,1777485025.0261505,5,/Users/kimsumin/projects/RGMC/data/map/robot1/images/0905.png,/Users/kimsumin/projects/RGMC/data/map/robot1/overlays/0905_overlay.png,/Users/kimsumin/projects/RGMC/data/map/robot1/masks/0905_mask.png
906,0.48875,0.84375,,196.14713656387664,264.0131926121372,1,0.0,0.24025752086850224,0.3064465237657388,1777485034.6959713,5,/Users/kimsumin/projects/RGMC/data/map/robot1/images/0906.png,/Users/kimsumin/projects/RGMC/data/map/robot1/overlays/0906_overlay.png,/Users/kimsumin/projects/RGMC/data/map/robot1/masks/0906_mask.png
907,0.46,0.84375,,196.15277777777777,250.77681660899654,1,0.0,0.103353942866541,0.05938098741024791,1777485044.236115,5,/Users/kimsumin/projects/RGMC/data/map/robot1/images/0907.png,/Users/kimsumin/projects/RGMC/data/map/robot1/overlays/0907_overlay.png,/Users/kimsumin/projects/RGMC/data/map/robot1/masks/0907_mask.png
908,0.43125,0.84375,,196.1717259323504,237.8542402826855,1,0.0,0.1799611717521062,0.03455166869796317,1777485053.8050325,5,/Users/kimsumin/projects/RGMC/data/map/robot1/images/0908.png,/Users/kimsumin/projects/RGMC/data/map/robot1/overlays/0908_overlay.png,/Users/kimsumin/projects/RGMC/data/map/robot1/masks/0908_mask.png
909,0.4025,0.84375,,196.99670781893005,225.4058091286307,1,0.0,0.0830137948230219,0.048505899910569444,1777485063.3882134,5,/Users/kimsumin/projects/RGMC/data/map/robot1/images/0909.png,/Users/kimsumin/projects/RGMC/data/map/robot1/overlays/0909_overlay.png,/Users/kimsumin/projects/RGMC/data/map/robot1/masks/0909_mask.png
910,0.37375,0.84375,,196.614733276884,212.99408783783784,1,0.0,0.16266095329110467,0.11037011667160737,1777485072.9838357,5,/Users/kimsumin/projects/RGMC/data/map/robot1/images/0910.png,/Users/kimsumin/projects/RGMC/data/map/robot1/overlays/0910_overlay.png,/Users/kimsumin/projects/RGMC/data/map/robot1/masks/0910_mask.png
911,0.34500000000000003,0.84375,,196.16114982578398,199.9991189427313,1,0.0,0.04410099669435984,0.048920144625953114,1777485082.5092309,5,/Users/kimsumin/projects/RGMC/data/map/robot1/images/0911.png,/Users/kimsumin/projects/RGMC/data/map/robot1/overlays/0911_overlay.png,/Users/kimsumin/projects/RGMC/data/map/robot1/masks/0911_mask.png
912,0.31625000000000003,0.84375,,196.34676742233418,186.8558178752108,1,0.0,0.1638245711578788,0.13349987470175462,1777485092.0222316,5,/Users/kimsumin/projects/RGMC/data/map/robot1/images/0912.png,/Users/kimsumin/projects/RGMC/data/map/robot1/overlays/0912_overlay.png,/Users/kimsumin/projects/RGMC/data/map/robot1/masks/0912_mask.png
913,0.28750000000000003,0.84375,,196.0751689189189,173.71234042553192,1,0.0,0.03614735825853097,0.05223900238908399,1777485101.6669548,5,/Users/kimsumin/projects/RGMC/data/map/robot1/images/0913.png,/Users/kimsumin/projects/RGMC/data/map/robot1/overlays/0913_overlay.png,/Users/kimsumin/projects/RGMC/data/map/robot1/masks/0913_mask.png
914,0.25875000000000004,0.84375,,195.77861319966584,161.29145728643215,1,0.0,0.023455580333448717,0.03435906517576815,1777485111.2509396,5,/Users/kimsumin/projects/RGMC/data/map/robot1/images/0914.png,/Users/kimsumin/projects/RGMC/data/map/robot1/overlays/0914_overlay.png,/Users/kimsumin/projects/RGMC/data/map/robot1/masks/0914_mask.png
915,0.23,0.84375,,195.73305439330545,148.74516400336418,1,0.0,0.37632421355564377,0.06066841015266035,1777485120.931988,5,/Users/kimsumin/projects/RGMC/data/map/robot1/images/0915.png,/Users/kimsumin/projects/RGMC/data/map/robot1/overlays/0915_overlay.png,/Users/kimsumin/projects/RGMC/data/map/robot1/masks/0915_mask.png
916,0.20125,0.84375,,194.7457757296467,135.3847891566265,1,0.0,0.18371458271369837,0.3016904342549109,1777485130.743576,5,/Users/kimsumin/projects/RGMC/data/map/robot1/images/0916.png,/Users/kimsumin/projects/RGMC/data/map/robot1/overlays/0916_overlay.png,/Users/kimsumin/projects/RGMC/data/map/robot1/masks/0916_mask.png
917,0.17250000000000001,0.84375,,195.5427135678392,122.87237615449202,1,0.0,0.042442649638570126,0.2873099398015152,1777485140.4289172,5,/Users/kimsumin/projects/RGMC/data/map/robot1/images/0917.png,/Users/kimsumin/projects/RGMC/data/map/robot1/overlays/0917_overlay.png,/Users/kimsumin/projects/RGMC/data/map/robot1/masks/0917_mask.png
918,0.14375000000000002,0.84375,,195.71028806584363,110.14075286415712,1,0.0,0.022810949729497224,0.05332618016386491,1777485150.7538545,5,/Users/kimsumin/projects/RGMC/data/map/robot1/images/0918.png,/Users/kimsumin/projects/RGMC/data/map/robot1/overlays/0918_overlay.png,/Users/kimsumin/projects/RGMC/data/map/robot1/masks/0918_mask.png
919,0.115,0.84375,,196.5196471531676,97.03676470588235,1,0.0,0.01915776963681726,0.09251843000259771,1777485160.9479775,5,/Users/kimsumin/projects/RGMC/data/map/robot1/images/0919.png,/Users/kimsumin/projects/RGMC/data/map/robot1/overlays/0919_overlay.png,/Users/kimsumin/projects/RGMC/data/map/robot1/masks/0919_mask.png
920,0.08625000000000001,0.84375,,196.9965811965812,84.12147134302823,1,0.0,0.0882688768483212,0.11234065529385648,1777485170.5444,5,/Users/kimsumin/projects/RGMC/data/map/robot1/images/0920.png,/Users/kimsumin/projects/RGMC/data/map/robot1/overlays/0920_overlay.png,/Users/kimsumin/projects/RGMC/data/map/robot1/masks/0920_mask.png
921,0.0575,0.84375,,196.7905803195963,70.19611158072696,1,0.0,0.09884141153660621,0.05264302928319216,1777485180.2602503,5,/Users/kimsumin/projects/RGMC/data/map/robot1/images/0921.png,/Users/kimsumin/projects/RGMC/data/map/robot1/overlays/0921_overlay.png,/Users/kimsumin/projects/RGMC/data/map/robot1/masks/0921_mask.png
922,0.02875,0.84375,,196.8473469387755,57.692626346313176,1,0.0,0.2656430357895373,0.11354916472871388,1777485189.8600883,5,/Users/kimsumin/projects/RGMC/data/map/robot1/images/0922.png,/Users/kimsumin/projects/RGMC/data/map/robot1/overlays/0922_overlay.png,/Users/kimsumin/projects/RGMC/data/map/robot1/masks/0922_mask.png
923,0.0,0.84375,,196.9816513761468,45.12924606462303,1,0.0,0.06863664027461824,0.05760524379677265,1777485199.5198839,5,/Users/kimsumin/projects/RGMC/data/map/robot1/images/0923.png,/Users/kimsumin/projects/RGMC/data/map/robot1/overlays/0923_overlay.png,/Users/kimsumin/projects/RGMC/data/map/robot1/masks/0923_mask.png
924,0.0,0.875,,182.82142857142858,44.89487402258905,1,0.0,0.09442734026926942,0.07192031116666661,1777485209.2071717,5,/Users/kimsumin/projects/RGMC/data/map/robot1/images/0924.png,/Users/kimsumin/projects/RGMC/data/map/robot1/overlays/0924_overlay.png,/Users/kimsumin/projects/RGMC/data/map/robot1/masks/0924_mask.png
925,0.02875,0.875,,183.00680272108843,57.55187074829932,1,0.0,0.0639095320070376,0.07239746871904808,1777485218.907685,5,/Users/kimsumin/projects/RGMC/data/map/robot1/images/0925.png,/Users/kimsumin/projects/RGMC/data/map/robot1/overlays/0925_overlay.png,/Users/kimsumin/projects/RGMC/data/map/robot1/masks/0925_mask.png
926,0.0575,0.875,,182.85889570552146,69.96596858638743,1,0.0,0.0805217326044288,0.035220354152110916,1777485228.5097613,5,/Users/kimsumin/projects/RGMC/data/map/robot1/images/0926.png,/Users/kimsumin/projects/RGMC/data/map/robot1/overlays/0926_overlay.png,/Users/kimsumin/projects/RGMC/data/map/robot1/masks/0926_mask.png
927,0.08625000000000001,0.875,,181.37293729372936,84.20709570957095,1,0.0,0.0708602967601368,0.08873080753149197,1777485238.0496316,5,/Users/kimsumin/projects/RGMC/data/map/robot1/images/0927.png,/Users/kimsumin/projects/RGMC/data/map/robot1/overlays/0927_overlay.png,/Users/kimsumin/projects/RGMC/data/map/robot1/masks/0927_mask.png
928,0.115,0.875,,181.136607828089,97.13766434648105,1,0.0,0.05748909383274145,0.06140646274950563,1777485247.7254853,5,/Users/kimsumin/projects/RGMC/data/map/robot1/images/0928.png,/Users/kimsumin/projects/RGMC/data/map/robot1/overlays/0928_overlay.png,/Users/kimsumin/projects/RGMC/data/map/robot1/masks/0928_mask.png
929,0.14375000000000002,0.875,,181.20819935691318,110.23095238095237,1,0.0,0.036593155787168104,0.025177149669258686,1777485258.227416,5,/Users/kimsumin/projects/RGMC/data/map/robot1/images/0929.png,/Users/kimsumin/projects/RGMC/data/map/robot1/overlays/0929_overlay.png,/Users/kimsumin/projects/RGMC/data/map/robot1/masks/0929_mask.png
930,0.17250000000000001,0.875,,181.40427215189874,122.6993670886076,1,0.0,0.048356775453877274,0.06990703130234241,1777485267.8230011,5,/Users/kimsumin/projects/RGMC/data/map/robot1/images/0930.png,/Users/kimsumin/projects/RGMC/data/map/robot1/overlays/0930_overlay.png,/Users/kimsumin/projects/RGMC/data/map/robot1/masks/0930_mask.png
931,0.20125,0.875,,181.58054226475278,134.7326968973747,1,0.0,0.03421546188465782,0.0604270320658779,1777485277.524042,5,/Users/kimsumin/projects/RGMC/data/map/robot1/images/0931.png,/Users/kimsumin/projects/RGMC/data/map/robot1/overlays/0931_overlay.png,/Users/kimsumin/projects/RGMC/data/map/robot1/masks/0931_mask.png
932,0.23,0.875,,181.70717781402936,148.56603773584905,1,0.0,0.06931382229914612,0.031456936568500585,1777485287.8724344,5,/Users/kimsumin/projects/RGMC/data/map/robot1/images/0932.png,/Users/kimsumin/projects/RGMC/data/map/robot1/overlays/0932_overlay.png,/Users/kimsumin/projects/RGMC/data/map/robot1/masks/0932_mask.png
933,0.25875000000000004,0.875,,181.94412489728842,161.0668841761827,1,0.0,0.034471286585648936,0.09116505618952184,1777485298.1808221,5,/Users/kimsumin/projects/RGMC/data/map/robot1/images/0933.png,/Users/kimsumin/projects/RGMC/data/map/robot1/overlays/0933_overlay.png,/Users/kimsumin/projects/RGMC/data/map/robot1/masks/0933_mask.png
934,0.28750000000000003,0.875,,182.00410172272353,173.5844262295082,1,0.0,0.02584736924177288,0.02180870546972934,1777485307.920934,5,/Users/kimsumin/projects/RGMC/data/map/robot1/images/0934.png,/Users/kimsumin/projects/RGMC/data/map/robot1/overlays/0934_overlay.png,/Users/kimsumin/projects/RGMC/data/map/robot1/masks/0934_mask.png
935,0.31625000000000003,0.875,,182.0358306188925,186.4489291598023,1,0.0,0.045695720148219904,0.05263727875855349,1777485317.5182195,5,/Users/kimsumin/projects/RGMC/data/map/robot1/images/0935.png,/Users/kimsumin/projects/RGMC/data/map/robot1/overlays/0935_overlay.png,/Users/kimsumin/projects/RGMC/data/map/robot1/masks/0935_mask.png
936,0.34500000000000003,0.875,,183.02695871946082,199.3026981450253,1,0.0,0.06978965757513425,0.03389092473025179,1777485327.8021903,5,/Users/kimsumin/projects/RGMC/data/map/robot1/images/0936.png,/Users/kimsumin/projects/RGMC/data/map/robot1/overlays/0936_overlay.png,/Users/kimsumin/projects/RGMC/data/map/robot1/masks/0936_mask.png
937,0.37375,0.875,,182.28852739726028,212.40721649484536,1,0.0,0.05541300058318096,0.037201509285346684,1777485337.393821,5,/Users/kimsumin/projects/RGMC/data/map/robot1/images/0937.png,/Users/kimsumin/projects/RGMC/data/map/robot1/overlays/0937_overlay.png,/Users/kimsumin/projects/RGMC/data/map/robot1/masks/0937_mask.png
938,0.4025,0.875,,183.11885612153708,225.1496899911426,1,0.0,0.1046879322205521,0.0459890889757749,1777485347.6267478,5,/Users/kimsumin/projects/RGMC/data/map/robot1/images/0938.png,/Users/kimsumin/projects/RGMC/data/map/robot1/overlays/0938_overlay.png,/Users/kimsumin/projects/RGMC/data/map/robot1/masks/0938_mask.png
939,0.43125,0.875,,182.29775784753363,237.83865086599818,1,0.0,0.23955771370501944,0.08388324880343756,1777485357.3370583,5,/Users/kimsumin/projects/RGMC/data/map/robot1/images/0939.png,/Users/kimsumin/projects/RGMC/data/map/robot1/overlays/0939_overlay.png,/Users/kimsumin/projects/RGMC/data/map/robot1/masks/0939_mask.png
940,0.46,0.875,,181.84995808885162,249.86010362694302,1,0.0,0.1217040686756597,0.18548767378200878,1777485366.9330516,5,/Users/kimsumin/projects/RGMC/data/map/robot1/images/0940.png,/Users/kimsumin/projects/RGMC/data/map/robot1/overlays/0940_overlay.png,/Users/kimsumin/projects/RGMC/data/map/robot1/masks/0940_mask.png
941,0.48875,0.875,,181.26954921803127,262.25390984360627,1,0.0,0.22193459194656498,0.04525769978248118,1777485376.5177794,5,/Users/kimsumin/projects/RGMC/data/map/robot1/images/0941.png,/Users/kimsumin/projects/RGMC/data/map/robot1/overlays/0941_overlay.png,/Users/kimsumin/projects/RGMC/data/map/robot1/masks/0941_mask.png
942,0.5175000000000001,0.875,,180.72766695576757,276.8347902097902,1,0.0,0.09754075373351849,0.11658713159766916,1777485386.2167733,5,/Users/kimsumin/projects/RGMC/data/map/robot1/images/0942.png,/Users/kimsumin/projects/RGMC/data/map/robot1/overlays/0942_overlay.png,/Users/kimsumin/projects/RGMC/data/map/robot1/masks/0942_mask.png
943,0.54625,0.875,,181.6139188069594,289.97438016528923,1,0.0,0.10097986326847139,0.09951065307812634,1777485395.7589777,5,/Users/kimsumin/projects/RGMC/data/map/robot1/images/0943.png,/Users/kimsumin/projects/RGMC/data/map/robot1/overlays/0943_overlay.png,/Users/kimsumin/projects/RGMC/data/map/robot1/masks/0943_mask.png
944,0.5750000000000001,0.875,,180.37223168654174,302.24531516183987,1,0.0,0.35597728708949083,0.12386552995597908,1777485406.1356783,5,/Users/kimsumin/projects/RGMC/data/map/robot1/images/0944.png,/Users/kimsumin/projects/RGMC/data/map/robot1/overlays/0944_overlay.png,/Users/kimsumin/projects/RGMC/data/map/robot1/masks/0944_mask.png
945,0.60375,0.875,,180.7891402714932,315.5970561177553,1,0.0,0.12662991551652203,0.3276838629334852,1777485415.804258,5,/Users/kimsumin/projects/RGMC/data/map/robot1/images/0945.png,/Users/kimsumin/projects/RGMC/data/map/robot1/overlays/0945_overlay.png,/Users/kimsumin/projects/RGMC/data/map/robot1/masks/0945_mask.png
946,0.6325000000000001,0.875,,180.92641843971631,328.7402135231317,1,0.0,0.2964255673169174,0.06727410990998557,1777485426.1433895,5,/Users/kimsumin/projects/RGMC/data/map/robot1/images/0946.png,/Users/kimsumin/projects/RGMC/data/map/robot1/overlays/0946_overlay.png,/Users/kimsumin/projects/RGMC/data/map/robot1/masks/0946_mask.png
947,0.66125,0.875,,181.3795744680851,341.5135135135135,1,0.0,0.05853597098601081,0.030306453451508477,1777485435.730989,5,/Users/kimsumin/projects/RGMC/data/map/robot1/images/0947.png,/Users/kimsumin/projects/RGMC/data/map/robot1/overlays/0947_overlay.png,/Users/kimsumin/projects/RGMC/data/map/robot1/masks/0947_mask.png
948,0.6900000000000001,0.875,,181.5252352437981,354.33161953727506,1,0.0,0.03856911019940151,0.03912705326497544,1777485445.2977638,5,/Users/kimsumin/projects/RGMC/data/map/robot1/images/0948.png,/Users/kimsumin/projects/RGMC/data/map/robot1/overlays/0948_overlay.png,/Users/kimsumin/projects/RGMC/data/map/robot1/masks/0948_mask.png
949,0.71875,0.875,,181.41612377850163,367.4862012987013,1,0.0,0.02947996952952722,0.06915128393980963,1777485455.5496044,5,/Users/kimsumin/projects/RGMC/data/map/robot1/images/0949.png,/Users/kimsumin/projects/RGMC/data/map/robot1/overlays/0949_overlay.png,/Users/kimsumin/projects/RGMC/data/map/robot1/masks/0949_mask.png
950,0.7475,0.875,,181.14310051107324,380.33474936278674,1,0.0,0.3109115618402158,0.051987113373073886,1777485466.169415,5,/Users/kimsumin/projects/RGMC/data/map/robot1/images/0950.png,/Users/kimsumin/projects/RGMC/data/map/robot1/overlays/0950_overlay.png,/Users/kimsumin/projects/RGMC/data/map/robot1/masks/0950_mask.png
951,0.77625,0.875,,181.16420361247947,393.5738916256158,1,0.0,0.09053920554602088,0.013439359544442015,1777485476.4189255,5,/Users/kimsumin/projects/RGMC/data/map/robot1/images/0951.png,/Users/kimsumin/projects/RGMC/data/map/robot1/overlays/0951_overlay.png,/Users/kimsumin/projects/RGMC/data/map/robot1/masks/0951_mask.png
952,0.805,0.875,,180.94745484400656,406.053024026512,1,0.0,0.03638245485394501,0.03279713419051355,1777485486.0381277,5,/Users/kimsumin/projects/RGMC/data/map/robot1/images/0952.png,/Users/kimsumin/projects/RGMC/data/map/robot1/overlays/0952_overlay.png,/Users/kimsumin/projects/RGMC/data/map/robot1/masks/0952_mask.png
953,0.83375,0.875,,180.8827868852459,419.320987654321,1,0.0,0.17614611590110404,0.0521602435471129,1777485495.693148,5,/Users/kimsumin/projects/RGMC/data/map/robot1/images/0953.png,/Users/kimsumin/projects/RGMC/data/map/robot1/overlays/0953_overlay.png,/Users/kimsumin/projects/RGMC/data/map/robot1/masks/0953_mask.png
954,0.8625,0.875,,181.0778588807786,432.7588477366255,1,0.0,0.05827756213295553,0.057796864593816666,1777485505.1937387,5,/Users/kimsumin/projects/RGMC/data/map/robot1/images/0954.png,/Users/kimsumin/projects/RGMC/data/map/robot1/overlays/0954_overlay.png,/Users/kimsumin/projects/RGMC/data/map/robot1/masks/0954_mask.png
955,0.89125,0.875,,181.03939647946353,445.2021630615641,1,0.0,0.2336879815997851,0.020430117474529497,1777485514.844124,5,/Users/kimsumin/projects/RGMC/data/map/robot1/images/0955.png,/Users/kimsumin/projects/RGMC/data/map/robot1/overlays/0955_overlay.png,/Users/kimsumin/projects/RGMC/data/map/robot1/masks/0955_mask.png
956,0.92,0.875,,181.38698915763135,458.0828451882845,1,0.0,0.021894031603098094,0.05788528279864959,1777485525.309111,5,/Users/kimsumin/projects/RGMC/data/map/robot1/images/0956.png,/Users/kimsumin/projects/RGMC/data/map/robot1/overlays/0956_overlay.png,/Users/kimsumin/projects/RGMC/data/map/robot1/masks/0956_mask.png
957,0.92,0.90625,,167.28374892519346,458.0728363324764,1,0.0,0.06875534303810471,0.045852036848590565,1777485534.8731637,5,/Users/kimsumin/projects/RGMC/data/map/robot1/images/0957.png,/Users/kimsumin/projects/RGMC/data/map/robot1/overlays/0957_overlay.png,/Users/kimsumin/projects/RGMC/data/map/robot1/masks/0957_mask.png
958,0.89125,0.90625,,167.02651839178785,445.59794696321643,1,0.0,0.057705386156682546,0.07689299715483344,1777485544.4240906,5,/Users/kimsumin/projects/RGMC/data/map/robot1/images/0958.png,/Users/kimsumin/projects/RGMC/data/map/robot1/overlays/0958_overlay.png,/Users/kimsumin/projects/RGMC/data/map/robot1/masks/0958_mask.png
959,0.8625,0.90625,,166.97807757166947,432.9248310810811,1,0.0,0.022639687695038407,0.024653220519108367,1777485554.2667918,5,/Users/kimsumin/projects/RGMC/data/map/robot1/images/0959.png,/Users/kimsumin/projects/RGMC/data/map/robot1/overlays/0959_overlay.png,/Users/kimsumin/projects/RGMC/data/map/robot1/masks/0959_mask.png
960,0.83375,0.90625,,167.03968253968253,420.0740740740741,1,0.0,0.057893629743511,0.034436398281158395,1777485564.6300426,5,/Users/kimsumin/projects/RGMC/data/map/robot1/images/0960.png,/Users/kimsumin/projects/RGMC/data/map/robot1/overlays/0960_overlay.png,/Users/kimsumin/projects/RGMC/data/map/robot1/masks/0960_mask.png
961,0.805,0.90625,,166.9486531986532,406.2371575342466,1,0.0,0.02529687316463779,0.07092341480256538,1777485574.1971827,5,/Users/kimsumin/projects/RGMC/data/map/robot1/images/0961.png,/Users/kimsumin/projects/RGMC/data/map/robot1/overlays/0961_overlay.png,/Users/kimsumin/projects/RGMC/data/map/robot1/masks/0961_mask.png
962,0.77625,0.90625,,167.12182741116752,393.58452481076534,1,0.0,0.027442028476120605,0.018783958962327957,1777485583.7853692,5,/Users/kimsumin/projects/RGMC/data/map/robot1/images/0962.png,/Users/kimsumin/projects/RGMC/data/map/robot1/overlays/0962_overlay.png,/Users/kimsumin/projects/RGMC/data/map/robot1/masks/0962_mask.png
963,0.7475,0.90625,,167.0086956521739,380.7986111111111,1,0.0,0.04527136763499228,0.03355142080023361,1777485593.3897405,5,/Users/kimsumin/projects/RGMC/data/map/robot1/images/0963.png,/Users/kimsumin/projects/RGMC/data/map/robot1/overlays/0963_overlay.png,/Users/kimsumin/projects/RGMC/data/map/robot1/masks/0963_mask.png
964,0.71875,0.90625,,167.22306397306397,367.64864864864865,1,0.0,0.08752172329612773,0.05236018783885277,1777485603.9508238,5,/Users/kimsumin/projects/RGMC/data/map/robot1/images/0964.png,/Users/kimsumin/projects/RGMC/data/map/robot1/overlays/0964_overlay.png,/Users/kimsumin/projects/RGMC/data/map/robot1/masks/0964_mask.png
965,0.6900000000000001,0.90625,,167.08988764044943,354.5,1,0.0,0.05750984165483717,0.06734336273847014,1777485613.6079376,5,/Users/kimsumin/projects/RGMC/data/map/robot1/images/0965.png,/Users/kimsumin/projects/RGMC/data/map/robot1/overlays/0965_overlay.png,/Users/kimsumin/projects/RGMC/data/map/robot1/masks/0965_mask.png
966,0.66125,0.90625,,167.12987012987014,341.7083692838654,1,0.0,0.04057022587102583,0.06160352575484583,1777485623.3399973,5,/Users/kimsumin/projects/RGMC/data/map/robot1/images/0966.png,/Users/kimsumin/projects/RGMC/data/map/robot1/overlays/0966_overlay.png,/Users/kimsumin/projects/RGMC/data/map/robot1/masks/0966_mask.png
967,0.6325000000000001,0.90625,,167.32413178984862,328.98223801065717,1,0.0,0.06354055970818505,0.06132249790792531,1777485632.9317274,5,/Users/kimsumin/projects/RGMC/data/map/robot1/images/0967.png,/Users/kimsumin/projects/RGMC/data/map/robot1/overlays/0967_overlay.png,/Users/kimsumin/projects/RGMC/data/map/robot1/masks/0967_mask.png
968,0.60375,0.90625,,167.11217391304348,315.3391304347826,1,0.0,0.06553247019789725,0.02944763964070849,1777485642.4645717,5,/Users/kimsumin/projects/RGMC/data/map/robot1/images/0968.png,/Users/kimsumin/projects/RGMC/data/map/robot1/overlays/0968_overlay.png,/Users/kimsumin/projects/RGMC/data/map/robot1/masks/0968_mask.png
969,0.5750000000000001,0.90625,,167.25473321858863,302.4114088159032,1,0.0,0.0563118627365865,0.06767744834278133,1777485652.0632584,5,/Users/kimsumin/projects/RGMC/data/map/robot1/images/0969.png,/Users/kimsumin/projects/RGMC/data/map/robot1/overlays/0969_overlay.png,/Users/kimsumin/projects/RGMC/data/map/robot1/masks/0969_mask.png
970,0.54625,0.90625,,167.35489361702128,289.7448979591837,1,0.0,0.08745053740375112,0.08180368447951739,1777485661.6304545,5,/Users/kimsumin/projects/RGMC/data/map/robot1/images/0970.png,/Users/kimsumin/projects/RGMC/data/map/robot1/overlays/0970_overlay.png,/Users/kimsumin/projects/RGMC/data/map/robot1/masks/0970_mask.png
971,0.5175000000000001,0.90625,,167.03739130434784,277.07568027210885,1,0.0,0.10471376004239438,0.0567616529359425,1777485671.1621196,5,/Users/kimsumin/projects/RGMC/data/map/robot1/images/0971.png,/Users/kimsumin/projects/RGMC/data/map/robot1/overlays/0971_overlay.png,/Users/kimsumin/projects/RGMC/data/map/robot1/masks/0971_mask.png
973,0.46,0.90625,,167.47826086956522,250.45692567567568,1,0.0,0.06384208831868776,0.05662838603313272,1777485690.2705352,5,/Users/kimsumin/projects/RGMC/data/map/robot1/images/0973.png,/Users/kimsumin/projects/RGMC/data/map/robot1/overlays/0973_overlay.png,/Users/kimsumin/projects/RGMC/data/map/robot1/masks/0973_mask.png
974,0.43125,0.90625,,167.67922874671342,237.84662576687117,1,0.0,0.0440802892618732,0.022570013261157637,1777485699.753011,5,/Users/kimsumin/projects/RGMC/data/map/robot1/images/0974.png,/Users/kimsumin/projects/RGMC/data/map/robot1/overlays/0974_overlay.png,/Users/kimsumin/projects/RGMC/data/map/robot1/masks/0974_mask.png
975,0.4025,0.90625,,167.7169974115617,225.28806228373702,1,0.0,0.06096934216186866,0.03274347646463667,1777485709.3453364,5,/Users/kimsumin/projects/RGMC/data/map/robot1/images/0975.png,/Users/kimsumin/projects/RGMC/data/map/robot1/overlays/0975_overlay.png,/Users/kimsumin/projects/RGMC/data/map/robot1/masks/0975_mask.png
976,0.37375,0.90625,,167.68849557522122,212.54690265486727,1,0.0,0.03523241415892934,0.06342225213725705,1777485718.8676715,5,/Users/kimsumin/projects/RGMC/data/map/robot1/images/0976.png,/Users/kimsumin/projects/RGMC/data/map/robot1/overlays/0976_overlay.png,/Users/kimsumin/projects/RGMC/data/map/robot1/masks/0976_mask.png
977,0.34500000000000003,0.90625,,167.7650042265427,199.29857022708157,1,0.0,0.05395166291828392,0.05004246647076659,1777485729.1128983,5,/Users/kimsumin/projects/RGMC/data/map/robot1/images/0977.png,/Users/kimsumin/projects/RGMC/data/map/robot1/overlays/0977_overlay.png,/Users/kimsumin/projects/RGMC/data/map/robot1/masks/0977_mask.png
978,0.31625000000000003,0.90625,,167.7843137254902,186.35976129582266,1,0.0,0.054228321345984494,0.43132379153449873,1777485740.6484158,5,/Users/kimsumin/projects/RGMC/data/map/robot1/images/0978.png,/Users/kimsumin/projects/RGMC/data/map/robot1/overlays/0978_overlay.png,/Users/kimsumin/projects/RGMC/data/map/robot1/masks/0978_mask.png
979,0.28750000000000003,0.90625,,167.92960135708228,173.58157227387997,1,0.0,0.04857843891543761,0.018588476156394845,1777485750.2153049,5,/Users/kimsumin/projects/RGMC/data/map/robot1/images/0979.png,/Users/kimsumin/projects/RGMC/data/map/robot1/overlays/0979_overlay.png,/Users/kimsumin/projects/RGMC/data/map/robot1/masks/0979_mask.png
980,0.25875000000000004,0.90625,,167.89949324324326,161.0854063018242,1,0.0,0.20755329383235085,0.0376742905713605,1777485759.7605083,5,/Users/kimsumin/projects/RGMC/data/map/robot1/images/0980.png,/Users/kimsumin/projects/RGMC/data/map/robot1/overlays/0980_overlay.png,/Users/kimsumin/projects/RGMC/data/map/robot1/masks/0980_mask.png
981,0.23,0.90625,,168.19612794612794,148.37878787878788,1,0.0,0.07751086853031743,0.039161659701019015,1777485769.335449,5,/Users/kimsumin/projects/RGMC/data/map/robot1/images/0981.png,/Users/kimsumin/projects/RGMC/data/map/robot1/overlays/0981_overlay.png,/Users/kimsumin/projects/RGMC/data/map/robot1/masks/0981_mask.png
982,0.20125,0.90625,,168.1583198707593,134.82309582309583,1,0.0,0.10216198213748139,0.06822475802435908,1777485779.1460538,5,/Users/kimsumin/projects/RGMC/data/map/robot1/images/0982.png,/Users/kimsumin/projects/RGMC/data/map/robot1/overlays/0982_overlay.png,/Users/kimsumin/projects/RGMC/data/map/robot1/masks/0982_mask.png
983,0.17250000000000001,0.90625,,168.1765663140765,122.27502034174125,1,0.0,0.08448356567167532,0.06331162732927181,1777485788.7201114,5,/Users/kimsumin/projects/RGMC/data/map/robot1/images/0983.png,/Users/kimsumin/projects/RGMC/data/map/robot1/overlays/0983_overlay.png,/Users/kimsumin/projects/RGMC/data/map/robot1/masks/0983_mask.png
984,0.14375000000000002,0.90625,,167.3860082304527,109.74875621890547,1,0.0,0.16462313957098368,0.046428780382913426,1777485798.3170164,5,/Users/kimsumin/projects/RGMC/data/map/robot1/images/0984.png,/Users/kimsumin/projects/RGMC/data/map/robot1/overlays/0984_overlay.png,/Users/kimsumin/projects/RGMC/data/map/robot1/masks/0984_mask.png
985,0.115,0.90625,,167.7672697368421,97.10819672131147,1,0.0,0.030624040493396842,0.061956589411391684,1777485808.2427058,5,/Users/kimsumin/projects/RGMC/data/map/robot1/images/0985.png,/Users/kimsumin/projects/RGMC/data/map/robot1/overlays/0985_overlay.png,/Users/kimsumin/projects/RGMC/data/map/robot1/masks/0985_mask.png
986,0.08625000000000001,0.90625,,167.31360946745562,84.54035683942226,1,0.0,0.02570554316478983,0.0901279797799627,1777485818.0817142,5,/Users/kimsumin/projects/RGMC/data/map/robot1/images/0986.png,/Users/kimsumin/projects/RGMC/data/map/robot1/overlays/0986_overlay.png,/Users/kimsumin/projects/RGMC/data/map/robot1/masks/0986_mask.png
987,0.0575,0.90625,,168.07603305785125,70.45507007419621,1,0.0,0.08789983682281202,0.038705188163031166,1777485827.6359076,5,/Users/kimsumin/projects/RGMC/data/map/robot1/images/0987.png,/Users/kimsumin/projects/RGMC/data/map/robot1/overlays/0987_overlay.png,/Users/kimsumin/projects/RGMC/data/map/robot1/masks/0987_mask.png
988,0.02875,0.90625,,168.4324772162386,57.99,1,0.0,0.28015209516186573,0.1132040604208161,1777485837.1327355,5,/Users/kimsumin/projects/RGMC/data/map/robot1/images/0988.png,/Users/kimsumin/projects/RGMC/data/map/robot1/overlays/0988_overlay.png,/Users/kimsumin/projects/RGMC/data/map/robot1/masks/0988_mask.png
989,0.0,0.90625,,168.34681583476765,44.77424892703863,1,0.0,0.19107854067497093,0.0872146597678398,1777485846.6918159,5,/Users/kimsumin/projects/RGMC/data/map/robot1/images/0989.png,/Users/kimsumin/projects/RGMC/data/map/robot1/overlays/0989_overlay.png,/Users/kimsumin/projects/RGMC/data/map/robot1/masks/0989_mask.png
990,0.0,0.9375,,153.25488663017984,44.351837372947614,1,0.0,0.12367086829462709,0.4477204653373859,1777485856.7857592,5,/Users/kimsumin/projects/RGMC/data/map/robot1/images/0990.png,/Users/kimsumin/projects/RGMC/data/map/robot1/overlays/0990_overlay.png,/Users/kimsumin/projects/RGMC/data/map/robot1/masks/0990_mask.png
991,0.02875,0.9375,,153.69051580698834,57.623488773747845,1,0.0,0.39476936791736,0.05860083154651522,1777485866.3940263,5,/Users/kimsumin/projects/RGMC/data/map/robot1/images/0991.png,/Users/kimsumin/projects/RGMC/data/map/robot1/overlays/0991_overlay.png,/Users/kimsumin/projects/RGMC/data/map/robot1/masks/0991_mask.png
992,0.0575,0.9375,,153.5647921760391,70.27591836734693,1,0.0,0.05274105906105394,0.04983922830774008,1777485875.8988874,5,/Users/kimsumin/projects/RGMC/data/map/robot1/images/0992.png,/Users/kimsumin/projects/RGMC/data/map/robot1/overlays/0992_overlay.png,/Users/kimsumin/projects/RGMC/data/map/robot1/masks/0992_mask.png
993,0.08625000000000001,0.9375,,152.93739565943238,84.18294701986756,1,0.0,0.0917445036230745,0.08169555661974645,1777485885.5058403,5,/Users/kimsumin/projects/RGMC/data/map/robot1/images/0993.png,/Users/kimsumin/projects/RGMC/data/map/robot1/overlays/0993_overlay.png,/Users/kimsumin/projects/RGMC/data/map/robot1/masks/0993_mask.png
994,0.115,0.9375,,153.10673234811165,96.8031173092699,1,0.0,0.04726310921496382,0.018027358927152928,1777485895.0989423,5,/Users/kimsumin/projects/RGMC/data/map/robot1/images/0994.png,/Users/kimsumin/projects/RGMC/data/map/robot1/overlays/0994_overlay.png,/Users/kimsumin/projects/RGMC/data/map/robot1/masks/0994_mask.png
995,0.14375000000000002,0.9375,,153.00327064595257,109.30089213300892,1,0.0,0.08831172441614495,0.04431830186595009,1777485904.9002779,5,/Users/kimsumin/projects/RGMC/data/map/robot1/images/0995.png,/Users/kimsumin/projects/RGMC/data/map/robot1/overlays/0995_overlay.png,/Users/kimsumin/projects/RGMC/data/map/robot1/masks/0995_mask.png
996,0.17250000000000001,0.9375,,153.2694805194805,121.7086038961039,1,0.0,0.07029293530049915,0.082798356764853,1777485914.53179,5,/Users/kimsumin/projects/RGMC/data/map/robot1/images/0996.png,/Users/kimsumin/projects/RGMC/data/map/robot1/overlays/0996_overlay.png,/Users/kimsumin/projects/RGMC/data/map/robot1/masks/0996_mask.png
997,0.20125,0.9375,,153.4947538337369,134.49560351718625,1,0.0,0.06815329050960532,0.05364342697798194,1777485924.1878974,5,/Users/kimsumin/projects/RGMC/data/map/robot1/images/0997.png,/Users/kimsumin/projects/RGMC/data/map/robot1/overlays/0997_overlay.png,/Users/kimsumin/projects/RGMC/data/map/robot1/masks/0997_mask.png
998,0.23,0.9375,,153.56801319043694,148.08533554266776,1,0.0,0.03901268990590697,0.08150775073982888,1777485933.7842493,5,/Users/kimsumin/projects/RGMC/data/map/robot1/images/0998.png,/Users/kimsumin/projects/RGMC/data/map/robot1/overlays/0998_overlay.png,/Users/kimsumin/projects/RGMC/data/map/robot1/masks/0998_mask.png
999,0.25875000000000004,0.9375,,153.7821368948247,160.99502074688797,1,0.0,0.34087366486919557,0.026638252925008227,1777485945.0577593,5,/Users/kimsumin/projects/RGMC/data/map/robot1/images/0999.png,/Users/kimsumin/projects/RGMC/data/map/robot1/overlays/0999_overlay.png,/Users/kimsumin/projects/RGMC/data/map/robot1/masks/0999_mask.png
1000,0.28750000000000003,0.9375,,153.84297520661158,173.42396694214875,1,0.0,0.07735393202547242,0.09110504231638533,1777485954.7411513,5,/Users/kimsumin/projects/RGMC/data/map/robot1/images/1000.png,/Users/kimsumin/projects/RGMC/data/map/robot1/overlays/1000_overlay.png,/Users/kimsumin/projects/RGMC/data/map/robot1/masks/1000_mask.png
1001,0.31625000000000003,0.9375,,153.7229845626072,186.1180496150556,1,0.0,0.050194658094298863,0.04288699762226985,1777485964.3459911,5,/Users/kimsumin/projects/RGMC/data/map/robot1/images/1001.png,/Users/kimsumin/projects/RGMC/data/map/robot1/overlays/1001_overlay.png,/Users/kimsumin/projects/RGMC/data/map/robot1/masks/1001_mask.png
1002,0.34500000000000003,0.9375,,153.3397169025812,198.90757701915072,1,0.0,0.4137668213358809,0.07394578398376482,1777485974.113036,5,/Users/kimsumin/projects/RGMC/data/map/robot1/images/1002.png,/Users/kimsumin/projects/RGMC/data/map/robot1/overlays/1002_overlay.png,/Users/kimsumin/projects/RGMC/data/map/robot1/masks/1002_mask.png
1003,0.37375,0.9375,,152.98557258791703,212.2293165467626,1,0.0,0.08999886820453377,0.07918925527080957,1777485983.7280123,5,/Users/kimsumin/projects/RGMC/data/map/robot1/images/1003.png,/Users/kimsumin/projects/RGMC/data/map/robot1/overlays/1003_overlay.png,/Users/kimsumin/projects/RGMC/data/map/robot1/masks/1003_mask.png
1004,0.4025,0.9375,,152.61900684931507,225.13327601031816,1,0.0,0.05674547627648298,0.06344510578842569,1777485993.2784884,5,/Users/kimsumin/projects/RGMC/data/map/robot1/images/1004.png,/Users/kimsumin/projects/RGMC/data/map/robot1/overlays/1004_overlay.png,/Users/kimsumin/projects/RGMC/data/map/robot1/masks/1004_mask.png
1005,0.43125,0.9375,,153.53642987249543,237.78019113814074,1,0.0,0.4445099569105914,0.048931103288157314,1777486003.2189975,5,/Users/kimsumin/projects/RGMC/data/map/robot1/images/1005.png,/Users/kimsumin/projects/RGMC/data/map/robot1/overlays/1005_overlay.png,/Users/kimsumin/projects/RGMC/data/map/robot1/masks/1005_mask.png
1006,0.46,0.9375,,152.37489539748955,250.655,1,0.0,0.0716667203632946,0.1118442842385553,1777486012.8417995,5,/Users/kimsumin/projects/RGMC/data/map/robot1/images/1006.png,/Users/kimsumin/projects/RGMC/data/map/robot1/overlays/1006_overlay.png,/Users/kimsumin/projects/RGMC/data/map/robot1/masks/1006_mask.png
1007,0.48875,0.9375,,152.5232945091514,263.4424703891709,1,0.0,0.027331555686912475,0.015754190412072544,1777486022.5258172,3,/Users/kimsumin/projects/RGMC/data/map/robot1/images/1007.png,/Users/kimsumin/projects/RGMC/data/map/robot1/overlays/1007_overlay.png,/Users/kimsumin/projects/RGMC/data/map/robot1/masks/1007_mask.png
1008,0.5175000000000001,0.9375,,151.83701883701883,277.1060855263158,1,0.0,0.05708740102101128,0.04532567434830758,1777486032.228736,5,/Users/kimsumin/projects/RGMC/data/map/robot1/images/1008.png,/Users/kimsumin/projects/RGMC/data/map/robot1/overlays/1008_overlay.png,/Users/kimsumin/projects/RGMC/data/map/robot1/masks/1008_mask.png
1009,0.54625,0.9375,,152.20916162489195,289.68798617113225,1,0.0,0.07627378961842314,0.0902077925128556,1777486041.8107574,5,/Users/kimsumin/projects/RGMC/data/map/robot1/images/1009.png,/Users/kimsumin/projects/RGMC/data/map/robot1/overlays/1009_overlay.png,/Users/kimsumin/projects/RGMC/data/map/robot1/masks/1009_mask.png
1010,0.5750000000000001,0.9375,,152.3249348392702,302.1380208333333,1,0.0,0.09367919425386553,0.06126056246468003,1777486051.4828687,5,/Users/kimsumin/projects/RGMC/data/map/robot1/images/1010.png,/Users/kimsumin/projects/RGMC/data/map/robot1/overlays/1010_overlay.png,/Users/kimsumin/projects/RGMC/data/map/robot1/masks/1010_mask.png
1011,0.60375,0.9375,,152.55148342059337,315.2416225749559,1,0.0,0.09595976002407061,0.03624919889195188,1777486061.262788,5,/Users/kimsumin/projects/RGMC/data/map/robot1/images/1011.png,/Users/kimsumin/projects/RGMC/data/map/robot1/overlays/1011_overlay.png,/Users/kimsumin/projects/RGMC/data/map/robot1/masks/1011_mask.png
1012,0.6325000000000001,0.9375,,152.34732142857143,328.55892857142857,1,0.0,0.0800027953645438,0.09947048411247195,1777486070.8454633,5,/Users/kimsumin/projects/RGMC/data/map/robot1/images/1012.png,/Users/kimsumin/projects/RGMC/data/map/robot1/overlays/1012_overlay.png,/Users/kimsumin/projects/RGMC/data/map/robot1/masks/1012_mask.png
1013,0.66125,0.9375,,152.39581517000872,341.58763759525823,1,0.0,0.2795189328356305,0.07978495867521203,1777486080.7595775,5,/Users/kimsumin/projects/RGMC/data/map/robot1/images/1013.png,/Users/kimsumin/projects/RGMC/data/map/robot1/overlays/1013_overlay.png,/Users/kimsumin/projects/RGMC/data/map/robot1/masks/1013_mask.png
1014,0.6900000000000001,0.9375,,152.8577441077441,354.38171140939596,1,0.0,0.28635664937421557,0.11853966862031293,1777486090.4049401,5,/Users/kimsumin/projects/RGMC/data/map/robot1/images/1014.png,/Users/kimsumin/projects/RGMC/data/map/robot1/overlays/1014_overlay.png,/Users/kimsumin/projects/RGMC/data/map/robot1/masks/1014_mask.png
1015,0.71875,0.9375,,152.75953565505804,367.4331683168317,1,0.0,0.25260045043070334,0.04615708320468179,1777486099.992661,5,/Users/kimsumin/projects/RGMC/data/map/robot1/images/1015.png,/Users/kimsumin/projects/RGMC/data/map/robot1/overlays/1015_overlay.png,/Users/kimsumin/projects/RGMC/data/map/robot1/masks/1015_mask.png
1016,0.7475,0.9375,,152.11858407079646,380.64134275618375,1,0.0,0.29183964319423483,0.07677270615131615,1777486109.4983745,5,/Users/kimsumin/projects/RGMC/data/map/robot1/images/1016.png,/Users/kimsumin/projects/RGMC/data/map/robot1/overlays/1016_overlay.png,/Users/kimsumin/projects/RGMC/data/map/robot1/masks/1016_mask.png
1017,0.77625,0.9375,,152.31239242685027,393.5478861087144,1,0.0,0.048903117116726104,0.04920925931335011,1777486119.0459707,5,/Users/kimsumin/projects/RGMC/data/map/robot1/images/1017.png,/Users/kimsumin/projects/RGMC/data/map/robot1/overlays/1017_overlay.png,/Users/kimsumin/projects/RGMC/data/map/robot1/masks/1017_mask.png
1018,0.805,0.9375,,152.0274678111588,406.26706484641636,1,0.0,0.2783365743464676,0.09169075953036024,1777486128.5699587,5,/Users/kimsumin/projects/RGMC/data/map/robot1/images/1018.png,/Users/kimsumin/projects/RGMC/data/map/robot1/overlays/1018_overlay.png,/Users/kimsumin/projects/RGMC/data/map/robot1/masks/1018_mask.png
1019,0.83375,0.9375,,152.352733686067,419.99559082892415,1,0.0,0.06049383790590471,0.09267512472230453,1777486138.1745045,5,/Users/kimsumin/projects/RGMC/data/map/robot1/images/1019.png,/Users/kimsumin/projects/RGMC/data/map/robot1/overlays/1019_overlay.png,/Users/kimsumin/projects/RGMC/data/map/robot1/masks/1019_mask.png
1020,0.8625,0.9375,,152.21061792863358,432.75760208514333,1,0.0,0.043022055945028406,0.06690487707205922,1777486147.7818127,5,/Users/kimsumin/projects/RGMC/data/map/robot1/images/1020.png,/Users/kimsumin/projects/RGMC/data/map/robot1/overlays/1020_overlay.png,/Users/kimsumin/projects/RGMC/data/map/robot1/masks/1020_mask.png
1021,0.89125,0.9375,,152.32932072226998,445.2730404823428,1,0.0,0.047793558985946,0.049747116565548796,1777486157.3913436,5,/Users/kimsumin/projects/RGMC/data/map/robot1/images/1021.png,/Users/kimsumin/projects/RGMC/data/map/robot1/overlays/1021_overlay.png,/Users/kimsumin/projects/RGMC/data/map/robot1/masks/1021_mask.png
1022,0.92,0.9375,,152.34280792420327,457.7768166089965,1,0.0,0.020979400840492796,0.037152915912978764,1777486166.9930015,5,/Users/kimsumin/projects/RGMC/data/map/robot1/images/1022.png,/Users/kimsumin/projects/RGMC/data/map/robot1/overlays/1022_overlay.png,/Users/kimsumin/projects/RGMC/data/map/robot1/masks/1022_mask.png
1023,0.92,0.96875,,139.0931623931624,458.0308219178082,1,0.0,0.06865012763436869,0.06311427660249838,1777486176.556771,5,/Users/kimsumin/projects/RGMC/data/map/robot1/images/1023.png,/Users/kimsumin/projects/RGMC/data/map/robot1/overlays/1023_overlay.png,/Users/kimsumin/projects/RGMC/data/map/robot1/masks/1023_mask.png
1024,0.89125,0.96875,,138.90051457975986,445.58369098712444,1,0.0,0.030919428357388114,0.039336950090483,1777486186.1057327,5,/Users/kimsumin/projects/RGMC/data/map/robot1/images/1024.png,/Users/kimsumin/projects/RGMC/data/map/robot1/overlays/1024_overlay.png,/Users/kimsumin/projects/RGMC/data/map/robot1/masks/1024_mask.png
1025,0.8625,0.96875,,138.7310996563574,432.97582037996546,1,0.0,0.028397906451799113,0.08344078621120127,1777486195.7101228,5,/Users/kimsumin/projects/RGMC/data/map/robot1/images/1025.png,/Users/kimsumin/projects/RGMC/data/map/robot1/overlays/1025_overlay.png,/Users/kimsumin/projects/RGMC/data/map/robot1/masks/1025_mask.png
1026,0.83375,0.96875,,138.7875955819881,419.4768323504633,1,0.0,0.04478365587469137,0.06083588798648978,1777486205.3264806,5,/Users/kimsumin/projects/RGMC/data/map/robot1/images/1026.png,/Users/kimsumin/projects/RGMC/data/map/robot1/overlays/1026_overlay.png,/Users/kimsumin/projects/RGMC/data/map/robot1/masks/1026_mask.png
1027,0.805,0.96875,,138.7337278106509,406.0922946655377,1,0.0,0.01772694358366875,0.07960552428052133,1777486214.876512,5,/Users/kimsumin/projects/RGMC/data/map/robot1/images/1027.png,/Users/kimsumin/projects/RGMC/data/map/robot1/overlays/1027_overlay.png,/Users/kimsumin/projects/RGMC/data/map/robot1/masks/1027_mask.png
1028,0.77625,0.96875,,138.81421232876713,393.8499142367067,1,0.0,0.04597005495406543,0.04845381328912193,1777486224.4244483,5,/Users/kimsumin/projects/RGMC/data/map/robot1/images/1028.png,/Users/kimsumin/projects/RGMC/data/map/robot1/overlays/1028_overlay.png,/Users/kimsumin/projects/RGMC/data/map/robot1/masks/1028_mask.png
1029,0.7475,0.96875,,138.86096718480138,380.9817391304348,1,0.0,0.060481660555173504,0.02805502281353974,1777486234.054834,5,/Users/kimsumin/projects/RGMC/data/map/robot1/images/1029.png,/Users/kimsumin/projects/RGMC/data/map/robot1/overlays/1029_overlay.png,/Users/kimsumin/projects/RGMC/data/map/robot1/masks/1029_mask.png
1030,0.71875,0.96875,,138.92966101694915,367.46101694915257,1,0.0,0.02388167299329154,0.03749646315737017,1777486243.651325,5,/Users/kimsumin/projects/RGMC/data/map/robot1/images/1030.png,/Users/kimsumin/projects/RGMC/data/map/robot1/overlays/1030_overlay.png,/Users/kimsumin/projects/RGMC/data/map/robot1/masks/1030_mask.png
1031,0.6900000000000001,0.96875,,138.9286328460877,354.67841788478074,1,0.0,0.052665878799980394,0.05000894170987396,1777486253.3801503,5,/Users/kimsumin/projects/RGMC/data/map/robot1/images/1031.png,/Users/kimsumin/projects/RGMC/data/map/robot1/overlays/1031_overlay.png,/Users/kimsumin/projects/RGMC/data/map/robot1/masks/1031_mask.png
1032,0.66125,0.96875,,138.95822676896844,341.69795221843003,1,0.0,0.055718782477504496,0.0759622178546403,1777486263.0067573,5,/Users/kimsumin/projects/RGMC/data/map/robot1/images/1032.png,/Users/kimsumin/projects/RGMC/data/map/robot1/overlays/1032_overlay.png,/Users/kimsumin/projects/RGMC/data/map/robot1/masks/1032_mask.png
1033,0.6325000000000001,0.96875,,138.8100706713781,328.87566137566137,1,0.0,0.029421346786433655,0.046536634865581294,1777486272.7073123,5,/Users/kimsumin/projects/RGMC/data/map/robot1/images/1033.png,/Users/kimsumin/projects/RGMC/data/map/robot1/overlays/1033_overlay.png,/Users/kimsumin/projects/RGMC/data/map/robot1/masks/1033_mask.png
1034,0.60375,0.96875,,138.74743150684932,315.44948630136986,1,0.0,0.032362642915986034,0.15035712721669425,1777486282.3072937,5,/Users/kimsumin/projects/RGMC/data/map/robot1/images/1034.png,/Users/kimsumin/projects/RGMC/data/map/robot1/overlays/1034_overlay.png,/Users/kimsumin/projects/RGMC/data/map/robot1/masks/1034_mask.png
1035,0.5750000000000001,0.96875,,138.74380871050386,302.3001700680272,1,0.0,0.058119053692090056,0.04703161156622842,1777486291.868774,5,/Users/kimsumin/projects/RGMC/data/map/robot1/images/1035.png,/Users/kimsumin/projects/RGMC/data/map/robot1/overlays/1035_overlay.png,/Users/kimsumin/projects/RGMC/data/map/robot1/masks/1035_mask.png
1036,0.54625,0.96875,,137.63440860215053,290.01788908765656,1,0.0,0.15491894793061847,0.1153053727207568,1777486302.4812915,5,/Users/kimsumin/projects/RGMC/data/map/robot1/images/1036.png,/Users/kimsumin/projects/RGMC/data/map/robot1/overlays/1036_overlay.png,/Users/kimsumin/projects/RGMC/data/map/robot1/masks/1036_mask.png
1037,0.5175000000000001,0.96875,,137.6415425065732,277.4266900790167,1,0.0,0.39406014486936913,0.07383500822538869,1777486312.3549798,5,/Users/kimsumin/projects/RGMC/data/map/robot1/images/1037.png,/Users/kimsumin/projects/RGMC/data/map/robot1/overlays/1037_overlay.png,/Users/kimsumin/projects/RGMC/data/map/robot1/masks/1037_mask.png
1039,0.46,0.96875,,138.7990115321252,250.97863599013968,1,0.0,0.18361469135932493,0.12964645075144118,1777486331.511148,5,/Users/kimsumin/projects/RGMC/data/map/robot1/images/1039.png,/Users/kimsumin/projects/RGMC/data/map/robot1/overlays/1039_overlay.png,/Users/kimsumin/projects/RGMC/data/map/robot1/masks/1039_mask.png
1040,0.43125,0.96875,,139.15622317596566,237.6617391304348,1,0.0,0.04246023188985073,0.05512790569893397,1777486341.136854,5,/Users/kimsumin/projects/RGMC/data/map/robot1/images/1040.png,/Users/kimsumin/projects/RGMC/data/map/robot1/overlays/1040_overlay.png,/Users/kimsumin/projects/RGMC/data/map/robot1/masks/1040_mask.png
1041,0.4025,0.96875,,138.52852049910874,225.52941176470588,1,0.0,0.25061984431897716,0.05033886065568263,1777486351.3688474,5,/Users/kimsumin/projects/RGMC/data/map/robot1/images/1041.png,/Users/kimsumin/projects/RGMC/data/map/robot1/overlays/1041_overlay.png,/Users/kimsumin/projects/RGMC/data/map/robot1/masks/1041_mask.png
1042,0.37375,0.96875,,139.30008748906386,212.6120840630473,1,0.0,0.042924098661092265,0.048178020061702194,1777486362.0472798,5,/Users/kimsumin/projects/RGMC/data/map/robot1/images/1042.png,/Users/kimsumin/projects/RGMC/data/map/robot1/overlays/1042_overlay.png,/Users/kimsumin/projects/RGMC/data/map/robot1/masks/1042_mask.png
1043,0.34500000000000003,0.96875,,139.41773231031544,199.32139812446718,1,0.0,0.031345699604713735,0.27521198459740775,1777486372.3928187,5,/Users/kimsumin/projects/RGMC/data/map/robot1/images/1043.png,/Users/kimsumin/projects/RGMC/data/map/robot1/overlays/1043_overlay.png,/Users/kimsumin/projects/RGMC/data/map/robot1/masks/1043_mask.png
1044,0.31625000000000003,0.96875,,139.54305200341005,186.293867120954,1,0.0,0.029196799302950556,0.05117596020118908,1777486382.0815413,5,/Users/kimsumin/projects/RGMC/data/map/robot1/images/1044.png,/Users/kimsumin/projects/RGMC/data/map/robot1/overlays/1044_overlay.png,/Users/kimsumin/projects/RGMC/data/map/robot1/masks/1044_mask.png
1045,0.28750000000000003,0.96875,,139.56329651656753,173.5556499575191,1,0.0,0.033287463168401185,0.06296906919899534,1777486394.692653,5,/Users/kimsumin/projects/RGMC/data/map/robot1/images/1045.png,/Users/kimsumin/projects/RGMC/data/map/robot1/overlays/1045_overlay.png,/Users/kimsumin/projects/RGMC/data/map/robot1/masks/1045_mask.png
1046,0.25875000000000004,0.96875,,139.62681468830058,160.73562231759658,1,0.0,0.05131321863173878,0.04897660225448045,1777486405.0344114,5,/Users/kimsumin/projects/RGMC/data/map/robot1/images/1046.png,/Users/kimsumin/projects/RGMC/data/map/robot1/overlays/1046_overlay.png,/Users/kimsumin/projects/RGMC/data/map/robot1/masks/1046_mask.png
1047,0.23,0.96875,,139.47744680851065,148.22042553191488,1,0.0,0.04131471042524738,0.10691239500904862,1777486414.678959,5,/Users/kimsumin/projects/RGMC/data/map/robot1/images/1047.png,/Users/kimsumin/projects/RGMC/data/map/robot1/overlays/1047_overlay.png,/Users/kimsumin/projects/RGMC/data/map/robot1/masks/1047_mask.png
1048,0.20125,0.96875,,139.47128378378378,134.25209380234506,1,0.0,0.1328646177530222,0.04995600384250699,1777486424.664561,5,/Users/kimsumin/projects/RGMC/data/map/robot1/images/1048.png,/Users/kimsumin/projects/RGMC/data/map/robot1/overlays/1048_overlay.png,/Users/kimsumin/projects/RGMC/data/map/robot1/masks/1048_mask.png
1049,0.17250000000000001,0.96875,,139.3491124260355,121.82303132938188,1,0.0,0.03411730675486053,0.06636848972950135,1777486435.0113287,5,/Users/kimsumin/projects/RGMC/data/map/robot1/images/1049.png,/Users/kimsumin/projects/RGMC/data/map/robot1/overlays/1049_overlay.png,/Users/kimsumin/projects/RGMC/data/map/robot1/masks/1049_mask.png
1050,0.14375000000000002,0.96875,,139.43771043771045,109.21158690176323,1,0.0,0.0534325002171225,0.04501192097214926,1777486444.785937,5,/Users/kimsumin/projects/RGMC/data/map/robot1/images/1050.png,/Users/kimsumin/projects/RGMC/data/map/robot1/overlays/1050_overlay.png,/Users/kimsumin/projects/RGMC/data/map/robot1/masks/1050_mask.png
1051,0.115,0.96875,,139.44833475661827,96.41402908468777,1,0.0,0.06602141273347992,0.05590615587431778,1777486454.4525232,5,/Users/kimsumin/projects/RGMC/data/map/robot1/images/1051.png,/Users/kimsumin/projects/RGMC/data/map/robot1/overlays/1051_overlay.png,/Users/kimsumin/projects/RGMC/data/map/robot1/masks/1051_mask.png
1052,0.08625000000000001,0.96875,,139.4391304347826,84.11754537597234,1,0.0,0.04618041001905447,0.06815908022001657,1777486464.12074,5,/Users/kimsumin/projects/RGMC/data/map/robot1/images/1052.png,/Users/kimsumin/projects/RGMC/data/map/robot1/overlays/1052_overlay.png,/Users/kimsumin/projects/RGMC/data/map/robot1/masks/1052_mask.png
1053,0.0575,0.96875,,139.51802179379715,70.18992568125516,1,0.0,0.12731065830535462,0.0440564687042338,1777486473.8054192,5,/Users/kimsumin/projects/RGMC/data/map/robot1/images/1053.png,/Users/kimsumin/projects/RGMC/data/map/robot1/overlays/1053_overlay.png,/Users/kimsumin/projects/RGMC/data/map/robot1/masks/1053_mask.png
1054,0.02875,0.96875,,139.40849673202615,57.589300411522636,1,0.0,0.044844824345950725,0.06066562246265118,1777486483.5428464,5,/Users/kimsumin/projects/RGMC/data/map/robot1/images/1054.png,/Users/kimsumin/projects/RGMC/data/map/robot1/overlays/1054_overlay.png,/Users/kimsumin/projects/RGMC/data/map/robot1/masks/1054_mask.png
1055,0.0,0.96875,,139.35652173913044,44.64477848101266,1,0.0,0.05839636246332481,0.25130461530201864,1777486494.3340602,5,/Users/kimsumin/projects/RGMC/data/map/robot1/images/1055.png,/Users/kimsumin/projects/RGMC/data/map/robot1/overlays/1055_overlay.png,/Users/kimsumin/projects/RGMC/data/map/robot1/masks/1055_mask.png
1056,0.0,1.0,,125.03861308116628,43.30305532617671,1,0.0,0.43542749355933874,0.09902126988149636,1777486504.2607841,5,/Users/kimsumin/projects/RGMC/data/map/robot1/images/1056.png,/Users/kimsumin/projects/RGMC/data/map/robot1/overlays/1056_overlay.png,/Users/kimsumin/projects/RGMC/data/map/robot1/masks/1056_mask.png
1057,0.02875,1.0,,125.14744645799011,57.05267629566695,1,0.0,0.2808722278223026,0.052483293024915695,1777486514.5737073,5,/Users/kimsumin/projects/RGMC/data/map/robot1/images/1057.png,/Users/kimsumin/projects/RGMC/data/map/robot1/overlays/1057_overlay.png,/Users/kimsumin/projects/RGMC/data/map/robot1/masks/1057_mask.png
1058,0.0575,1.0,,125.5240464344942,69.87375415282392,1,0.0,0.05349662332041542,0.03556863608874493,1777486524.7615592,5,/Users/kimsumin/projects/RGMC/data/map/robot1/images/1058.png,/Users/kimsumin/projects/RGMC/data/map/robot1/overlays/1058_overlay.png,/Users/kimsumin/projects/RGMC/data/map/robot1/masks/1058_mask.png
1059,0.08625000000000001,1.0,,124.60379061371842,83.29469901168014,1,0.0,0.05640145547987332,0.07351236804051335,1777486534.3551328,5,/Users/kimsumin/projects/RGMC/data/map/robot1/images/1059.png,/Users/kimsumin/projects/RGMC/data/map/robot1/overlays/1059_overlay.png,/Users/kimsumin/projects/RGMC/data/map/robot1/masks/1059_mask.png
1060,0.115,1.0,,125.19803600654664,95.18903436988543,1,0.0,0.0722425460922571,0.04234501057099409,1777486545.244968,5,/Users/kimsumin/projects/RGMC/data/map/robot1/images/1060.png,/Users/kimsumin/projects/RGMC/data/map/robot1/overlays/1060_overlay.png,/Users/kimsumin/projects/RGMC/data/map/robot1/masks/1060_mask.png
1061,0.14375000000000002,1.0,,125.3445945945946,109.05214465937763,1,0.0,0.08053220181424474,0.04291256711903292,1777486555.040492,5,/Users/kimsumin/projects/RGMC/data/map/robot1/images/1061.png,/Users/kimsumin/projects/RGMC/data/map/robot1/overlays/1061_overlay.png,/Users/kimsumin/projects/RGMC/data/map/robot1/masks/1061_mask.png
1062,0.17250000000000001,1.0,,125.52033195020746,121.45320623916811,1,0.0,0.4464551598645711,0.04378196176269602,1777486564.5538754,5,/Users/kimsumin/projects/RGMC/data/map/robot1/images/1062.png,/Users/kimsumin/projects/RGMC/data/map/robot1/overlays/1062_overlay.png,/Users/kimsumin/projects/RGMC/data/map/robot1/masks/1062_mask.png
1063,0.20125,1.0,,125.38555194805195,133.8734693877551,1,0.0,0.03252297899469207,0.05086309165561345,1777486574.8203857,5,/Users/kimsumin/projects/RGMC/data/map/robot1/images/1063.png,/Users/kimsumin/projects/RGMC/data/map/robot1/overlays/1063_overlay.png,/Users/kimsumin/projects/RGMC/data/map/robot1/masks/1063_mask.png
1064,0.23,1.0,,125.50638297872341,147.9171597633136,1,0.0,0.051971592321190814,0.02893481213378231,1777486585.0451775,5,/Users/kimsumin/projects/RGMC/data/map/robot1/images/1064.png,/Users/kimsumin/projects/RGMC/data/map/robot1/overlays/1064_overlay.png,/Users/kimsumin/projects/RGMC/data/map/robot1/masks/1064_mask.png
1065,0.25875000000000004,1.0,,125.52613827993255,160.70657672849916,1,0.0,0.0462718395011118,0.06592465613805389,1777486595.318251,5,/Users/kimsumin/projects/RGMC/data/map/robot1/images/1065.png,/Users/kimsumin/projects/RGMC/data/map/robot1/overlays/1065_overlay.png,/Users/kimsumin/projects/RGMC/data/map/robot1/masks/1065_mask.png
1066,0.28750000000000003,1.0,,124.75371179039301,173.36690017513135,1,0.0,0.26168927070554776,0.08663894422133714,1777486604.8919132,5,/Users/kimsumin/projects/RGMC/data/map/robot1/images/1066.png,/Users/kimsumin/projects/RGMC/data/map/robot1/overlays/1066_overlay.png,/Users/kimsumin/projects/RGMC/data/map/robot1/masks/1066_mask.png
1067,0.31625000000000003,1.0,,124.54173913043478,185.96637931034482,1,0.0,0.04651235966206643,0.08291766421699023,1777486615.1635811,5,/Users/kimsumin/projects/RGMC/data/map/robot1/images/1067.png,/Users/kimsumin/projects/RGMC/data/map/robot1/overlays/1067_overlay.png,/Users/kimsumin/projects/RGMC/data/map/robot1/masks/1067_mask.png
1068,0.34500000000000003,1.0,,124.73181419807187,198.65134431916738,1,0.0,0.06490172938761614,0.10579211847302922,1777486624.9311967,5,/Users/kimsumin/projects/RGMC/data/map/robot1/images/1068.png,/Users/kimsumin/projects/RGMC/data/map/robot1/overlays/1068_overlay.png,/Users/kimsumin/projects/RGMC/data/map/robot1/masks/1068_mask.png
1069,0.37375,1.0,,124.59946236559139,212.0963963963964,1,0.0,0.05820772923645902,0.07367460209789843,1777486634.5136752,5,/Users/kimsumin/projects/RGMC/data/map/robot1/images/1069.png,/Users/kimsumin/projects/RGMC/data/map/robot1/overlays/1069_overlay.png,/Users/kimsumin/projects/RGMC/data/map/robot1/masks/1069_mask.png
1070,0.4025,1.0,,124.49211908931699,225.2667829119442,1,0.0,0.037481266105116255,0.05512074332950986,1777486644.2072134,5,/Users/kimsumin/projects/RGMC/data/map/robot1/images/1070.png,/Users/kimsumin/projects/RGMC/data/map/robot1/overlays/1070_overlay.png,/Users/kimsumin/projects/RGMC/data/map/robot1/masks/1070_mask.png
1071,0.43125,1.0,,124.249348392702,237.48028045574057,1,0.0,0.037762778571064255,0.08554034899342541,1777486653.8715854,5,/Users/kimsumin/projects/RGMC/data/map/robot1/images/1071.png,/Users/kimsumin/projects/RGMC/data/map/robot1/overlays/1071_overlay.png,/Users/kimsumin/projects/RGMC/data/map/robot1/masks/1071_mask.png
1072,0.46,1.0,,123.74813587406794,251.2826086956522,1,0.0,0.0843298947309681,0.049713443217520754,1777486663.4591508,5,/Users/kimsumin/projects/RGMC/data/map/robot1/images/1072.png,/Users/kimsumin/projects/RGMC/data/map/robot1/overlays/1072_overlay.png,/Users/kimsumin/projects/RGMC/data/map/robot1/masks/1072_mask.png
1074,0.5175000000000001,1.0,,123.9436026936027,275.99915966386556,1,0.0,0.07493655299854397,0.0598483370833742,1777486683.004301,5,/Users/kimsumin/projects/RGMC/data/map/robot1/images/1074.png,/Users/kimsumin/projects/RGMC/data/map/robot1/overlays/1074_overlay.png,/Users/kimsumin/projects/RGMC/data/map/robot1/masks/1074_mask.png
1075,0.54625,1.0,,123.93793706293707,289.74285714285713,1,0.0,0.10535878054409682,0.0884190410416169,1777486692.7511098,5,/Users/kimsumin/projects/RGMC/data/map/robot1/images/1075.png,/Users/kimsumin/projects/RGMC/data/map/robot1/overlays/1075_overlay.png,/Users/kimsumin/projects/RGMC/data/map/robot1/masks/1075_mask.png
1076,0.5750000000000001,1.0,,123.94347826086957,302.0495652173913,1,0.0,0.02662165757542239,0.0918969212639614,1777486702.3881528,5,/Users/kimsumin/projects/RGMC/data/map/robot1/images/1076.png,/Users/kimsumin/projects/RGMC/data/map/robot1/overlays/1076_overlay.png,/Users/kimsumin/projects/RGMC/data/map/robot1/masks/1076_mask.png
1077,0.60375,1.0,,124.07268170426065,314.73741610738256,1,0.0,0.0992282079410081,0.13308644102042744,1777486713.0375338,5,/Users/kimsumin/projects/RGMC/data/map/robot1/images/1077.png,/Users/kimsumin/projects/RGMC/data/map/robot1/overlays/1077_overlay.png,/Users/kimsumin/projects/RGMC/data/map/robot1/masks/1077_mask.png
1078,0.6325000000000001,1.0,,124.12979094076655,327.4192139737991,1,0.0,0.03798831954485499,0.09545744211535663,1777486723.436499,5,/Users/kimsumin/projects/RGMC/data/map/robot1/images/1078.png,/Users/kimsumin/projects/RGMC/data/map/robot1/overlays/1078_overlay.png,/Users/kimsumin/projects/RGMC/data/map/robot1/masks/1078_mask.png
1079,0.66125,1.0,,124.19650655021834,341.1922077922078,1,0.0,0.02531000314908884,0.02490457002218743,1777486732.937486,5,/Users/kimsumin/projects/RGMC/data/map/robot1/images/1079.png,/Users/kimsumin/projects/RGMC/data/map/robot1/overlays/1079_overlay.png,/Users/kimsumin/projects/RGMC/data/map/robot1/masks/1079_mask.png
1080,0.6900000000000001,1.0,,124.15499124343258,354.244579358196,1,0.0,0.3347622053450934,0.04448066872537906,1777486742.6154969,5,/Users/kimsumin/projects/RGMC/data/map/robot1/images/1080.png,/Users/kimsumin/projects/RGMC/data/map/robot1/overlays/1080_overlay.png,/Users/kimsumin/projects/RGMC/data/map/robot1/masks/1080_mask.png
1081,0.71875,1.0,,123.9228159457167,366.94463373083477,1,0.0,0.019959396776001982,0.06615510476354523,1777486752.51249,5,/Users/kimsumin/projects/RGMC/data/map/robot1/images/1081.png,/Users/kimsumin/projects/RGMC/data/map/robot1/overlays/1081_overlay.png,/Users/kimsumin/projects/RGMC/data/map/robot1/masks/1081_mask.png
1082,0.7475,1.0,,123.89354275741711,380.4869791666667,1,0.0,0.059647264475014825,0.0715063125882764,1777486762.4315696,5,/Users/kimsumin/projects/RGMC/data/map/robot1/images/1082.png,/Users/kimsumin/projects/RGMC/data/map/robot1/overlays/1082_overlay.png,/Users/kimsumin/projects/RGMC/data/map/robot1/masks/1082_mask.png
1083,0.77625,1.0,,123.95748299319727,393.6224489795918,1,0.0,0.058292672163329284,0.09041058762778048,1777486772.1728888,5,/Users/kimsumin/projects/RGMC/data/map/robot1/images/1083.png,/Users/kimsumin/projects/RGMC/data/map/robot1/overlays/1083_overlay.png,/Users/kimsumin/projects/RGMC/data/map/robot1/masks/1083_mask.png
1084,0.805,1.0,,123.80373831775701,406.18066157760813,1,0.0,0.06430846375336485,0.023611415304872332,1777486782.0635958,5,/Users/kimsumin/projects/RGMC/data/map/robot1/images/1084.png,/Users/kimsumin/projects/RGMC/data/map/robot1/overlays/1084_overlay.png,/Users/kimsumin/projects/RGMC/data/map/robot1/masks/1084_mask.png
1085,0.83375,1.0,,124.0530303030303,419.5399495374264,1,0.0,0.023061467602677323,0.26814117824119105,1777486792.3837082,5,/Users/kimsumin/projects/RGMC/data/map/robot1/images/1085.png,/Users/kimsumin/projects/RGMC/data/map/robot1/overlays/1085_overlay.png,/Users/kimsumin/projects/RGMC/data/map/robot1/masks/1085_mask.png
1086,0.8625,1.0,,123.94533221194281,432.99662447257384,1,0.0,0.0608673320183013,0.06359370674439405,1777486801.9071734,5,/Users/kimsumin/projects/RGMC/data/map/robot1/images/1086.png,/Users/kimsumin/projects/RGMC/data/map/robot1/overlays/1086_overlay.png,/Users/kimsumin/projects/RGMC/data/map/robot1/masks/1086_mask.png
1087,0.89125,1.0,,124.05454545454545,445.28360797918475,1,0.0,0.0168755373628684,0.05147490978834409,1777486811.7566478,5,/Users/kimsumin/projects/RGMC/data/map/robot1/images/1087.png,/Users/kimsumin/projects/RGMC/data/map/robot1/overlays/1087_overlay.png,/Users/kimsumin/projects/RGMC/data/map/robot1/masks/1087_mask.png
1088,0.92,1.0,,124.2062818336163,458.1060220525869,1,0.0,0.04991198851820893,0.06867936954042189,1777486821.433613,5,/Users/kimsumin/projects/RGMC/data/map/robot1/images/1088.png,/Users/kimsumin/projects/RGMC/data/map/robot1/overlays/1088_overlay.png,/Users/kimsumin/projects/RGMC/data/map/robot1/masks/1088_mask.png
