idx,x,y,z,u,v,ok,confidence,std_u,std_v,timestamp,n_valid,image_path,overlay_path,mask_path
0,0.0,0.0,0.0,592.664418212479,33.02596314907873,1,0.0,0.08515709197566654,0.06586692512223323,1777475647.8583367,5,/Users/kimsumin/projects/RGMC/data/map/robot17/images/0000.png,/Users/kimsumin/projects/RGMC/data/map/robot17/overlays/0000_overlay.png,/Users/kimsumin/projects/RGMC/data/map/robot17/masks/0000_mask.png
1,0.0296875,0.0,0.0,595.5599268069533,38.831826401446655,1,0.0,0.08285772201858171,0.08107918594775176,1777475658.637433,5,/Users/kimsumin/projects/RGMC/data/map/robot17/images/0001.png,/Users/kimsumin/projects/RGMC/data/map/robot17/overlays/0001_overlay.png,/Users/kimsumin/projects/RGMC/data/map/robot17/masks/0001_mask.png
2,0.059375,0.0,0.0,598.6613358419568,51.22875816993464,1,0.0,0.36490453405175144,0.017710688196678478,1777475669.3024504,5,/Users/kimsumin/projects/RGMC/data/map/robot17/images/0002.png,/Users/kimsumin/projects/RGMC/data/map/robot17/overlays/0002_overlay.png,/Users/kimsumin/projects/RGMC/data/map/robot17/masks/0002_mask.png
3,0.08906249999999999,0.0,0.0,599.081876724931,63.40812557710065,1,0.0,0.03998349139593969,0.057556468484665516,1777475680.058387,5,/Users/kimsumin/projects/RGMC/data/map/robot17/images/0003.png,/Users/kimsumin/projects/RGMC/data/map/robot17/overlays/0003_overlay.png,/Users/kimsumin/projects/RGMC/data/map/robot17/masks/0003_mask.png
4,0.11875,0.0,0.0,599.1639492753624,75.8161231884058,1,0.0,0.060093994030993546,0.025346445028956253,1777475690.8250628,5,/Users/kimsumin/projects/RGMC/data/map/robot17/images/0004.png,/Users/kimsumin/projects/RGMC/data/map/robot17/overlays/0004_overlay.png,/Users/kimsumin/projects/RGMC/data/map/robot17/masks/0004_mask.png
5,0.1484375,0.0,0.0,599.3900709219859,88.68805704099822,1,0.0,0.02887481011023571,0.0734811909131939,1777475701.559556,5,/Users/kimsumin/projects/RGMC/data/map/robot17/images/0005.png,/Users/kimsumin/projects/RGMC/data/map/robot17/overlays/0005_overlay.png,/Users/kimsumin/projects/RGMC/data/map/robot17/masks/0005_mask.png
6,0.17812499999999998,0.0,0.0,599.3894189071987,101.5,1,0.0,0.075050421350709,0.07903937666537131,1777475712.7187312,5,/Users/kimsumin/projects/RGMC/data/map/robot17/images/0006.png,/Users/kimsumin/projects/RGMC/data/map/robot17/overlays/0006_overlay.png,/Users/kimsumin/projects/RGMC/data/map/robot17/masks/0006_mask.png
7,0.20781249999999998,0.0,0.0,599.5384615384615,115.13369963369964,1,0.0,0.0563661044424841,0.04677502855572535,1777475723.4920194,5,/Users/kimsumin/projects/RGMC/data/map/robot17/images/0007.png,/Users/kimsumin/projects/RGMC/data/map/robot17/overlays/0007_overlay.png,/Users/kimsumin/projects/RGMC/data/map/robot17/masks/0007_mask.png
8,0.2375,0.0,0.0,599.5166051660517,127.2948717948718,1,0.0,0.05722365693419648,0.2258598695291237,1777475734.090713,5,/Users/kimsumin/projects/RGMC/data/map/robot17/images/0008.png,/Users/kimsumin/projects/RGMC/data/map/robot17/overlays/0008_overlay.png,/Users/kimsumin/projects/RGMC/data/map/robot17/masks/0008_mask.png
9,0.26718749999999997,0.0,0.0,599.729184925504,141.30061349693253,1,0.0,0.04101218607541538,0.05156748665288202,1777475744.5318093,5,/Users/kimsumin/projects/RGMC/data/map/robot17/images/0009.png,/Users/kimsumin/projects/RGMC/data/map/robot17/overlays/0009_overlay.png,/Users/kimsumin/projects/RGMC/data/map/robot17/masks/0009_mask.png
10,0.296875,0.0,0.0,599.6847161572052,153.29082969432315,1,0.0,0.057057728193669756,0.056963704994966745,1777475756.1295772,5,/Users/kimsumin/projects/RGMC/data/map/robot17/images/0010.png,/Users/kimsumin/projects/RGMC/data/map/robot17/overlays/0010_overlay.png,/Users/kimsumin/projects/RGMC/data/map/robot17/masks/0010_mask.png
11,0.3265625,0.0,0.0,599.6482142857143,167.2471008028546,1,0.0,0.07967887566844983,0.056194532810633066,1777475766.6126857,5,/Users/kimsumin/projects/RGMC/data/map/robot17/images/0011.png,/Users/kimsumin/projects/RGMC/data/map/robot17/overlays/0011_overlay.png,/Users/kimsumin/projects/RGMC/data/map/robot17/masks/0011_mask.png
12,0.35624999999999996,0.0,0.0,600.0483175150993,180.47869674185463,1,0.0,0.310303447715029,0.03855664090811529,1777475777.4707284,5,/Users/kimsumin/projects/RGMC/data/map/robot17/images/0012.png,/Users/kimsumin/projects/RGMC/data/map/robot17/overlays/0012_overlay.png,/Users/kimsumin/projects/RGMC/data/map/robot17/masks/0012_mask.png
13,0.3859375,0.0,0.0,599.9688888888888,194.8382222222222,1,0.0,0.22597205300075834,0.028751584961034433,1777475788.157321,5,/Users/kimsumin/projects/RGMC/data/map/robot17/images/0013.png,/Users/kimsumin/projects/RGMC/data/map/robot17/overlays/0013_overlay.png,/Users/kimsumin/projects/RGMC/data/map/robot17/masks/0013_mask.png
14,0.41562499999999997,0.0,0.0,599.8612873980054,207.33843384338434,1,0.0,0.03006822458168162,0.0920193408858245,1777475800.342202,5,/Users/kimsumin/projects/RGMC/data/map/robot17/images/0014.png,/Users/kimsumin/projects/RGMC/data/map/robot17/overlays/0014_overlay.png,/Users/kimsumin/projects/RGMC/data/map/robot17/masks/0014_mask.png
15,0.4453125,0.0,0.0,599.83542039356,218.9892665474061,1,0.0,0.30115864630622147,0.03757615190350165,1777475811.0766847,5,/Users/kimsumin/projects/RGMC/data/map/robot17/images/0015.png,/Users/kimsumin/projects/RGMC/data/map/robot17/overlays/0015_overlay.png,/Users/kimsumin/projects/RGMC/data/map/robot17/masks/0015_mask.png
16,0.475,0.0,0.0,599.754039497307,231.43755615453728,1,0.0,0.02326896019521963,0.05297713109027738,1777475821.6416988,5,/Users/kimsumin/projects/RGMC/data/map/robot17/images/0016.png,/Users/kimsumin/projects/RGMC/data/map/robot17/overlays/0016_overlay.png,/Users/kimsumin/projects/RGMC/data/map/robot17/masks/0016_mask.png
17,0.5046875,0.0,0.0,600.134879725086,245.15893470790377,1,0.0,0.01563300233809343,0.022809365234615787,1777475832.064885,5,/Users/kimsumin/projects/RGMC/data/map/robot17/images/0017.png,/Users/kimsumin/projects/RGMC/data/map/robot17/overlays/0017_overlay.png,/Users/kimsumin/projects/RGMC/data/map/robot17/masks/0017_mask.png
18,0.5343749999999999,0.0,0.0,600.197889182058,259.24186455584874,1,0.0,0.018434435104077457,0.03134740144044513,1777475842.6374617,5,/Users/kimsumin/projects/RGMC/data/map/robot17/images/0018.png,/Users/kimsumin/projects/RGMC/data/map/robot17/overlays/0018_overlay.png,/Users/kimsumin/projects/RGMC/data/map/robot17/masks/0018_mask.png
19,0.5640625,0.0,0.0,600.7671821305842,272.39261168384877,1,0.0,0.05991631729781531,0.06658028331907058,1777475853.9022608,5,/Users/kimsumin/projects/RGMC/data/map/robot17/images/0019.png,/Users/kimsumin/projects/RGMC/data/map/robot17/overlays/0019_overlay.png,/Users/kimsumin/projects/RGMC/data/map/robot17/masks/0019_mask.png
20,0.59375,0.0,0.0,601.118989405053,284.9869600651997,1,0.0,0.03923665657209944,0.06780344363729296,1777475864.4005842,5,/Users/kimsumin/projects/RGMC/data/map/robot17/images/0020.png,/Users/kimsumin/projects/RGMC/data/map/robot17/overlays/0020_overlay.png,/Users/kimsumin/projects/RGMC/data/map/robot17/masks/0020_mask.png
21,0.6234375,0.0,0.0,601.0697292863002,297.877868852459,1,0.0,0.03809807402579684,0.02296493942534314,1777475875.0073826,5,/Users/kimsumin/projects/RGMC/data/map/robot17/images/0021.png,/Users/kimsumin/projects/RGMC/data/map/robot17/overlays/0021_overlay.png,/Users/kimsumin/projects/RGMC/data/map/robot17/masks/0021_mask.png
22,0.653125,0.0,0.0,601.1188589540412,311.02139461172743,1,0.0,0.03860061945745032,0.03615301144628233,1777475885.8363323,5,/Users/kimsumin/projects/RGMC/data/map/robot17/images/0022.png,/Users/kimsumin/projects/RGMC/data/map/robot17/overlays/0022_overlay.png,/Users/kimsumin/projects/RGMC/data/map/robot17/masks/0022_mask.png
23,0.6828124999999999,0.0,0.0,601.624203821656,324.99044585987264,1,0.0,0.05140129459950937,0.037445649442815476,1777475899.3334827,5,/Users/kimsumin/projects/RGMC/data/map/robot17/images/0023.png,/Users/kimsumin/projects/RGMC/data/map/robot17/overlays/0023_overlay.png,/Users/kimsumin/projects/RGMC/data/map/robot17/masks/0023_mask.png
24,0.7124999999999999,0.0,0.0,601.7522267206477,338.16275303643727,1,0.0,0.039778581120945476,0.02974337330596563,1777475910.6577177,5,/Users/kimsumin/projects/RGMC/data/map/robot17/images/0024.png,/Users/kimsumin/projects/RGMC/data/map/robot17/overlays/0024_overlay.png,/Users/kimsumin/projects/RGMC/data/map/robot17/masks/0024_mask.png
25,0.7421875,0.0,0.0,601.6640378548896,351.3706624605678,1,0.0,0.043997956395193896,0.02413264920801075,1777475921.2153263,5,/Users/kimsumin/projects/RGMC/data/map/robot17/images/0025.png,/Users/kimsumin/projects/RGMC/data/map/robot17/overlays/0025_overlay.png,/Users/kimsumin/projects/RGMC/data/map/robot17/masks/0025_mask.png
26,0.771875,0.0,0.0,601.9516256938938,364.97224425059477,1,0.0,0.04889928317693375,0.040632856924091305,1777475933.0534246,5,/Users/kimsumin/projects/RGMC/data/map/robot17/images/0026.png,/Users/kimsumin/projects/RGMC/data/map/robot17/overlays/0026_overlay.png,/Users/kimsumin/projects/RGMC/data/map/robot17/masks/0026_mask.png
27,0.8015625,0.0,0.0,601.905750798722,378.15894568690095,1,0.0,0.024729129336139508,0.028659965072671288,1777475946.014365,5,/Users/kimsumin/projects/RGMC/data/map/robot17/images/0027.png,/Users/kimsumin/projects/RGMC/data/map/robot17/overlays/0027_overlay.png,/Users/kimsumin/projects/RGMC/data/map/robot17/masks/0027_mask.png
28,0.8312499999999999,0.0,0.0,603.0439469320066,393.47337770382694,1,0.0,0.03799219584393965,0.05071250489876124,1777475957.4884236,5,/Users/kimsumin/projects/RGMC/data/map/robot17/images/0028.png,/Users/kimsumin/projects/RGMC/data/map/robot17/overlays/0028_overlay.png,/Users/kimsumin/projects/RGMC/data/map/robot17/masks/0028_mask.png
29,0.8609374999999999,0.0,0.0,603.2517928286852,407.34003215434086,1,0.0,0.05025830498216057,0.067795052192173,1777475968.1088328,5,/Users/kimsumin/projects/RGMC/data/map/robot17/images/0029.png,/Users/kimsumin/projects/RGMC/data/map/robot17/overlays/0029_overlay.png,/Users/kimsumin/projects/RGMC/data/map/robot17/masks/0029_mask.png
30,0.890625,0.0,0.0,603.5173841059602,421.47599337748346,1,0.0,0.024061033201379645,0.06795742784796478,1777475981.008645,5,/Users/kimsumin/projects/RGMC/data/map/robot17/images/0030.png,/Users/kimsumin/projects/RGMC/data/map/robot17/overlays/0030_overlay.png,/Users/kimsumin/projects/RGMC/data/map/robot17/masks/0030_mask.png
31,0.9203125,0.0,0.0,603.5753424657535,435.04834810636584,1,0.0,0.010077656452034515,0.013348117437367506,1777475991.9645302,5,/Users/kimsumin/projects/RGMC/data/map/robot17/images/0031.png,/Users/kimsumin/projects/RGMC/data/map/robot17/overlays/0031_overlay.png,/Users/kimsumin/projects/RGMC/data/map/robot17/masks/0031_mask.png
32,0.95,0.0,0.0,604.144844517185,448.55891980360065,1,0.0,0.08747900121326661,0.018504902886439918,1777476002.380954,5,/Users/kimsumin/projects/RGMC/data/map/robot17/images/0032.png,/Users/kimsumin/projects/RGMC/data/map/robot17/overlays/0032_overlay.png,/Users/kimsumin/projects/RGMC/data/map/robot17/masks/0032_mask.png
33,0.95,0.03125,0.0,597.2342271293376,455.19558359621453,1,0.0,0.03984481119172878,0.05036006796414113,1777476013.6301458,5,/Users/kimsumin/projects/RGMC/data/map/robot17/images/0033.png,/Users/kimsumin/projects/RGMC/data/map/robot17/overlays/0033_overlay.png,/Users/kimsumin/projects/RGMC/data/map/robot17/masks/0033_mask.png
34,0.9203125,0.03125,0.0,595.2020287404903,452.8709677419355,1,0.0,0.3320450109394347,0.03745215655058799,1777476025.722834,5,/Users/kimsumin/projects/RGMC/data/map/robot17/images/0034.png,/Users/kimsumin/projects/RGMC/data/map/robot17/overlays/0034_overlay.png,/Users/kimsumin/projects/RGMC/data/map/robot17/masks/0034_mask.png
35,0.890625,0.03125,0.0,591.0487394957984,441.8533109807209,1,0.0,0.30049680024947106,0.06703572942384917,1777476036.580845,5,/Users/kimsumin/projects/RGMC/data/map/robot17/images/0035.png,/Users/kimsumin/projects/RGMC/data/map/robot17/overlays/0035_overlay.png,/Users/kimsumin/projects/RGMC/data/map/robot17/masks/0035_mask.png
36,0.8609374999999999,0.03125,0.0,589.6286186931349,428.6189300411523,1,0.0,0.0876881506568431,0.07082606670019888,1777476048.7522068,5,/Users/kimsumin/projects/RGMC/data/map/robot17/images/0036.png,/Users/kimsumin/projects/RGMC/data/map/robot17/overlays/0036_overlay.png,/Users/kimsumin/projects/RGMC/data/map/robot17/masks/0036_mask.png
37,0.8312499999999999,0.03125,0.0,589.5122549019608,413.7391304347826,1,0.0,0.02895156132293327,0.024292736803860678,1777476059.4589067,5,/Users/kimsumin/projects/RGMC/data/map/robot17/images/0037.png,/Users/kimsumin/projects/RGMC/data/map/robot17/overlays/0037_overlay.png,/Users/kimsumin/projects/RGMC/data/map/robot17/masks/0037_mask.png
38,0.8015625,0.03125,0.0,589.1869918699186,400.9593495934959,1,0.0,0.012763190838503462,0.0241152959993429,1777476070.16801,5,/Users/kimsumin/projects/RGMC/data/map/robot17/images/0038.png,/Users/kimsumin/projects/RGMC/data/map/robot17/overlays/0038_overlay.png,/Users/kimsumin/projects/RGMC/data/map/robot17/masks/0038_mask.png
39,0.771875,0.03125,0.0,588.5480132450331,386.53101736972707,1,0.0,0.03566255761317704,0.014206656228003597,1777476081.570355,5,/Users/kimsumin/projects/RGMC/data/map/robot17/images/0039.png,/Users/kimsumin/projects/RGMC/data/map/robot17/overlays/0039_overlay.png,/Users/kimsumin/projects/RGMC/data/map/robot17/masks/0039_mask.png
40,0.7421875,0.03125,0.0,588.1686440677967,373.1749585406302,1,0.0,0.19063259712332956,0.04022922495695249,1777476092.6294234,5,/Users/kimsumin/projects/RGMC/data/map/robot17/images/0040.png,/Users/kimsumin/projects/RGMC/data/map/robot17/overlays/0040_overlay.png,/Users/kimsumin/projects/RGMC/data/map/robot17/masks/0040_mask.png
41,0.7124999999999999,0.03125,0.0,588.0043252595156,359.8210347752333,1,0.0,0.08940033809574999,0.08126180579067777,1777476103.3689141,5,/Users/kimsumin/projects/RGMC/data/map/robot17/images/0041.png,/Users/kimsumin/projects/RGMC/data/map/robot17/overlays/0041_overlay.png,/Users/kimsumin/projects/RGMC/data/map/robot17/masks/0041_mask.png
42,0.6828124999999999,0.03125,0.0,587.5429752066116,345.8221670802316,1,0.0,0.019928574395047208,0.04965166663940696,1777476113.8425667,5,/Users/kimsumin/projects/RGMC/data/map/robot17/images/0042.png,/Users/kimsumin/projects/RGMC/data/map/robot17/overlays/0042_overlay.png,/Users/kimsumin/projects/RGMC/data/map/robot17/masks/0042_mask.png
43,0.653125,0.03125,0.0,587.5883361921098,332.39134125636673,1,0.0,0.0649379816048658,0.06997097122524601,1777476125.0281928,5,/Users/kimsumin/projects/RGMC/data/map/robot17/images/0043.png,/Users/kimsumin/projects/RGMC/data/map/robot17/overlays/0043_overlay.png,/Users/kimsumin/projects/RGMC/data/map/robot17/masks/0043_mask.png
44,0.6234375,0.03125,0.0,587.398654331371,317.9739495798319,1,0.0,0.021794472580849322,0.0653850360715176,1777476136.83686,5,/Users/kimsumin/projects/RGMC/data/map/robot17/images/0044.png,/Users/kimsumin/projects/RGMC/data/map/robot17/overlays/0044_overlay.png,/Users/kimsumin/projects/RGMC/data/map/robot17/masks/0044_mask.png
45,0.59375,0.03125,0.0,587.0737913486005,305.14940577249575,1,0.0,0.041390536129166204,0.0434631739687792,1777476148.5108395,5,/Users/kimsumin/projects/RGMC/data/map/robot17/images/0045.png,/Users/kimsumin/projects/RGMC/data/map/robot17/overlays/0045_overlay.png,/Users/kimsumin/projects/RGMC/data/map/robot17/masks/0045_mask.png
46,0.5640625,0.03125,0.0,587.0318142734308,290.8847139197267,1,0.0,0.3672799124475179,0.041868696413269936,1777476159.4867215,5,/Users/kimsumin/projects/RGMC/data/map/robot17/images/0046.png,/Users/kimsumin/projects/RGMC/data/map/robot17/overlays/0046_overlay.png,/Users/kimsumin/projects/RGMC/data/map/robot17/masks/0046_mask.png
47,0.5343749999999999,0.03125,0.0,587.3538851351351,277.42736486486484,1,0.0,0.03282520055986768,0.04163077614688592,1777476171.0451999,5,/Users/kimsumin/projects/RGMC/data/map/robot17/images/0047.png,/Users/kimsumin/projects/RGMC/data/map/robot17/overlays/0047_overlay.png,/Users/kimsumin/projects/RGMC/data/map/robot17/masks/0047_mask.png
48,0.5046875,0.03125,0.0,587.0595446584939,263.69410745233967,1,0.0,0.009279447739142523,0.09516637280708035,1777476182.6633387,5,/Users/kimsumin/projects/RGMC/data/map/robot17/images/0048.png,/Users/kimsumin/projects/RGMC/data/map/robot17/overlays/0048_overlay.png,/Users/kimsumin/projects/RGMC/data/map/robot17/masks/0048_mask.png
49,0.475,0.03125,0.0,586.7363481228668,249.9796782387807,1,0.0,0.4882174994029727,0.05407615943398191,1777476193.9514613,5,/Users/kimsumin/projects/RGMC/data/map/robot17/images/0049.png,/Users/kimsumin/projects/RGMC/data/map/robot17/overlays/0049_overlay.png,/Users/kimsumin/projects/RGMC/data/map/robot17/masks/0049_mask.png
50,0.4453125,0.03125,0.0,586.3247078464107,236.51836393989984,1,0.0,0.3703656177348503,0.005117084612798026,1777476205.421274,5,/Users/kimsumin/projects/RGMC/data/map/robot17/images/0050.png,/Users/kimsumin/projects/RGMC/data/map/robot17/overlays/0050_overlay.png,/Users/kimsumin/projects/RGMC/data/map/robot17/masks/0050_mask.png
51,0.41562499999999997,0.03125,0.0,587.0896265560166,221.4794979079498,1,0.0,0.4436926434713424,0.056554322890628436,1777476216.450571,5,/Users/kimsumin/projects/RGMC/data/map/robot17/images/0051.png,/Users/kimsumin/projects/RGMC/data/map/robot17/overlays/0051_overlay.png,/Users/kimsumin/projects/RGMC/data/map/robot17/masks/0051_mask.png
52,0.3859375,0.03125,0.0,585.597489539749,209.26306465899026,1,0.0,0.42964263368034844,0.021477186467435388,1777476228.7965093,5,/Users/kimsumin/projects/RGMC/data/map/robot17/images/0052.png,/Users/kimsumin/projects/RGMC/data/map/robot17/overlays/0052_overlay.png,/Users/kimsumin/projects/RGMC/data/map/robot17/masks/0052_mask.png
53,0.35624999999999996,0.03125,0.0,585.7445561139028,195.7110552763819,1,0.0,0.039846511486654634,0.01809838213116067,1777476239.7556129,5,/Users/kimsumin/projects/RGMC/data/map/robot17/images/0053.png,/Users/kimsumin/projects/RGMC/data/map/robot17/overlays/0053_overlay.png,/Users/kimsumin/projects/RGMC/data/map/robot17/masks/0053_mask.png
54,0.3265625,0.03125,0.0,585.6713000817662,181.57843137254903,1,0.0,0.029514345510622753,0.017752638741419184,1777476250.6576827,5,/Users/kimsumin/projects/RGMC/data/map/robot17/images/0054.png,/Users/kimsumin/projects/RGMC/data/map/robot17/overlays/0054_overlay.png,/Users/kimsumin/projects/RGMC/data/map/robot17/masks/0054_mask.png
55,0.296875,0.03125,0.0,585.6353039134056,169.156146179402,1,0.0,0.024190254422802614,0.03223559467622249,1777476262.0430434,5,/Users/kimsumin/projects/RGMC/data/map/robot17/images/0055.png,/Users/kimsumin/projects/RGMC/data/map/robot17/overlays/0055_overlay.png,/Users/kimsumin/projects/RGMC/data/map/robot17/masks/0055_mask.png
56,0.26718749999999997,0.03125,0.0,585.6938603868797,155.93676222596966,1,0.0,0.06605504246699273,0.032583760265234296,1777476274.0237055,5,/Users/kimsumin/projects/RGMC/data/map/robot17/images/0056.png,/Users/kimsumin/projects/RGMC/data/map/robot17/overlays/0056_overlay.png,/Users/kimsumin/projects/RGMC/data/map/robot17/masks/0056_mask.png
57,0.2375,0.03125,0.0,585.6829875518672,142.1304347826087,1,0.0,0.05746360581498711,0.06576354028441875,1777476285.6025841,5,/Users/kimsumin/projects/RGMC/data/map/robot17/images/0057.png,/Users/kimsumin/projects/RGMC/data/map/robot17/overlays/0057_overlay.png,/Users/kimsumin/projects/RGMC/data/map/robot17/masks/0057_mask.png
58,0.20781249999999998,0.03125,0.0,585.4328607172644,129.60588235294117,1,0.0,0.06436721578039,0.041403406599373756,1777476298.2480102,5,/Users/kimsumin/projects/RGMC/data/map/robot17/images/0058.png,/Users/kimsumin/projects/RGMC/data/map/robot17/overlays/0058_overlay.png,/Users/kimsumin/projects/RGMC/data/map/robot17/masks/0058_mask.png
59,0.17812499999999998,0.03125,0.0,585.2764158918005,116.39529015979815,1,0.0,0.05686091410227752,0.02801354701908887,1777476310.299495,5,/Users/kimsumin/projects/RGMC/data/map/robot17/images/0059.png,/Users/kimsumin/projects/RGMC/data/map/robot17/overlays/0059_overlay.png,/Users/kimsumin/projects/RGMC/data/map/robot17/masks/0059_mask.png
60,0.1484375,0.03125,0.0,585.1422376409367,103.49264069264069,1,0.0,0.05369439456614725,0.08440142986263151,1777476322.379011,5,/Users/kimsumin/projects/RGMC/data/map/robot17/images/0060.png,/Users/kimsumin/projects/RGMC/data/map/robot17/overlays/0060_overlay.png,/Users/kimsumin/projects/RGMC/data/map/robot17/masks/0060_mask.png
61,0.11875,0.03125,0.0,585.1767204757859,89.787700084246,1,0.0,0.06995155381345558,0.03956359965665399,1777476333.9011908,5,/Users/kimsumin/projects/RGMC/data/map/robot17/images/0061.png,/Users/kimsumin/projects/RGMC/data/map/robot17/overlays/0061_overlay.png,/Users/kimsumin/projects/RGMC/data/map/robot17/masks/0061_mask.png
62,0.08906249999999999,0.03125,0.0,585.1812136325852,76.90512174643158,1,0.0,0.030078862822566305,0.05414133507838891,1777476344.2786214,5,/Users/kimsumin/projects/RGMC/data/map/robot17/images/0062.png,/Users/kimsumin/projects/RGMC/data/map/robot17/overlays/0062_overlay.png,/Users/kimsumin/projects/RGMC/data/map/robot17/masks/0062_mask.png
63,0.059375,0.03125,0.0,584.2614145031334,64.22739480752014,1,0.0,0.03831994748577834,0.032200430033191625,1777476355.8511357,5,/Users/kimsumin/projects/RGMC/data/map/robot17/images/0063.png,/Users/kimsumin/projects/RGMC/data/map/robot17/overlays/0063_overlay.png,/Users/kimsumin/projects/RGMC/data/map/robot17/masks/0063_mask.png
64,0.0296875,0.03125,0.0,584.2263978001833,51.13748854262145,1,0.0,0.08114966546893145,0.02084361752954916,1777476367.2687445,5,/Users/kimsumin/projects/RGMC/data/map/robot17/images/0064.png,/Users/kimsumin/projects/RGMC/data/map/robot17/overlays/0064_overlay.png,/Users/kimsumin/projects/RGMC/data/map/robot17/masks/0064_mask.png
65,0.0,0.03125,0.0,584.8922815945717,37.05812973883741,1,0.0,0.11855580364191484,0.03281260812708825,1777476378.28988,5,/Users/kimsumin/projects/RGMC/data/map/robot17/images/0065.png,/Users/kimsumin/projects/RGMC/data/map/robot17/overlays/0065_overlay.png,/Users/kimsumin/projects/RGMC/data/map/robot17/masks/0065_mask.png
66,0.0,0.0625,0.0,572.7212389380531,32.77982456140351,1,0.0,0.22891906940005363,0.053451027729389505,1777476389.121802,5,/Users/kimsumin/projects/RGMC/data/map/robot17/images/0066.png,/Users/kimsumin/projects/RGMC/data/map/robot17/overlays/0066_overlay.png,/Users/kimsumin/projects/RGMC/data/map/robot17/masks/0066_mask.png
67,0.0296875,0.0625,0.0,571.5849227974569,40.150136487716104,1,0.0,0.041895465284757356,0.11497434363345146,1777476400.3288593,5,/Users/kimsumin/projects/RGMC/data/map/robot17/images/0067.png,/Users/kimsumin/projects/RGMC/data/map/robot17/overlays/0067_overlay.png,/Users/kimsumin/projects/RGMC/data/map/robot17/masks/0067_mask.png
68,0.059375,0.0625,0.0,571.6986301369863,51.83561643835616,1,0.0,0.017159491233780425,0.016829777650032206,1777476411.571978,5,/Users/kimsumin/projects/RGMC/data/map/robot17/images/0068.png,/Users/kimsumin/projects/RGMC/data/map/robot17/overlays/0068_overlay.png,/Users/kimsumin/projects/RGMC/data/map/robot17/masks/0068_mask.png
69,0.08906249999999999,0.0625,0.0,571.5716845878136,64.41197497765863,1,0.0,0.028133447863996887,0.03774972142931405,1777476424.1492908,5,/Users/kimsumin/projects/RGMC/data/map/robot17/images/0069.png,/Users/kimsumin/projects/RGMC/data/map/robot17/overlays/0069_overlay.png,/Users/kimsumin/projects/RGMC/data/map/robot17/masks/0069_mask.png
70,0.11875,0.0625,0.0,571.7484333034915,76.98292902066487,1,0.0,0.08372579111920662,0.05302801156935615,1777476435.7448182,5,/Users/kimsumin/projects/RGMC/data/map/robot17/images/0070.png,/Users/kimsumin/projects/RGMC/data/map/robot17/overlays/0070_overlay.png,/Users/kimsumin/projects/RGMC/data/map/robot17/masks/0070_mask.png
71,0.1484375,0.0625,0.0,571.5143353605561,89.47996515679442,1,0.0,0.04681602063427254,0.06127481269242532,1777476447.3648198,5,/Users/kimsumin/projects/RGMC/data/map/robot17/images/0071.png,/Users/kimsumin/projects/RGMC/data/map/robot17/overlays/0071_overlay.png,/Users/kimsumin/projects/RGMC/data/map/robot17/masks/0071_mask.png
72,0.17812499999999998,0.0625,0.0,571.7365542388332,103.08568824065634,1,0.0,0.045527835256799806,0.037192560411159245,1777476458.8748293,5,/Users/kimsumin/projects/RGMC/data/map/robot17/images/0072.png,/Users/kimsumin/projects/RGMC/data/map/robot17/overlays/0072_overlay.png,/Users/kimsumin/projects/RGMC/data/map/robot17/masks/0072_mask.png
73,0.20781249999999998,0.0625,0.0,571.9909665763324,115.76242095754291,1,0.0,0.01816189233322947,0.05459320719309697,1777476470.430847,5,/Users/kimsumin/projects/RGMC/data/map/robot17/images/0073.png,/Users/kimsumin/projects/RGMC/data/map/robot17/overlays/0073_overlay.png,/Users/kimsumin/projects/RGMC/data/map/robot17/masks/0073_mask.png
74,0.2375,0.0625,0.0,572.1206434316354,128.42857142857142,1,0.0,0.030539930860197326,0.04815469319985737,1777476481.9096732,5,/Users/kimsumin/projects/RGMC/data/map/robot17/images/0074.png,/Users/kimsumin/projects/RGMC/data/map/robot17/overlays/0074_overlay.png,/Users/kimsumin/projects/RGMC/data/map/robot17/masks/0074_mask.png
75,0.26718749999999997,0.0625,0.0,572.3984771573604,141.52751905165115,1,0.0,0.04518486306936604,0.06875518471025004,1777476493.3904662,5,/Users/kimsumin/projects/RGMC/data/map/robot17/images/0075.png,/Users/kimsumin/projects/RGMC/data/map/robot17/overlays/0075_overlay.png,/Users/kimsumin/projects/RGMC/data/map/robot17/masks/0075_mask.png
76,0.296875,0.0625,0.0,572.0283261802575,154.45244215938303,1,0.0,0.0683281636244007,0.04732433226536447,1777476506.003407,5,/Users/kimsumin/projects/RGMC/data/map/robot17/images/0076.png,/Users/kimsumin/projects/RGMC/data/map/robot17/overlays/0076_overlay.png,/Users/kimsumin/projects/RGMC/data/map/robot17/masks/0076_mask.png
77,0.3265625,0.0625,0.0,571.9234194122885,167.19124218051832,1,0.0,0.22374505798843686,0.07187587851872977,1777476518.465987,5,/Users/kimsumin/projects/RGMC/data/map/robot17/images/0077.png,/Users/kimsumin/projects/RGMC/data/map/robot17/overlays/0077_overlay.png,/Users/kimsumin/projects/RGMC/data/map/robot17/masks/0077_mask.png
78,0.35624999999999996,0.0625,0.0,572.0513489991297,180.51819757365683,1,0.0,0.0367189055879402,0.09000098141181229,1777476530.4442432,5,/Users/kimsumin/projects/RGMC/data/map/robot17/images/0078.png,/Users/kimsumin/projects/RGMC/data/map/robot17/overlays/0078_overlay.png,/Users/kimsumin/projects/RGMC/data/map/robot17/masks/0078_mask.png
79,0.3859375,0.0625,0.0,572.9683760683761,195.597592433362,1,0.0,0.05757870310865816,0.027451053803012968,1777476541.8904502,5,/Users/kimsumin/projects/RGMC/data/map/robot17/images/0079.png,/Users/kimsumin/projects/RGMC/data/map/robot17/overlays/0079_overlay.png,/Users/kimsumin/projects/RGMC/data/map/robot17/masks/0079_mask.png
80,0.41562499999999997,0.0625,0.0,572.8947811447812,208.13914501257335,1,0.0,0.029190387280202987,0.05860554223247277,1777476553.8711603,5,/Users/kimsumin/projects/RGMC/data/map/robot17/images/0080.png,/Users/kimsumin/projects/RGMC/data/map/robot17/overlays/0080_overlay.png,/Users/kimsumin/projects/RGMC/data/map/robot17/masks/0080_mask.png
81,0.4453125,0.0625,0.0,572.887668918919,219.5784061696658,1,0.0,0.030013327678808606,0.035128694922221454,1777476565.3591173,5,/Users/kimsumin/projects/RGMC/data/map/robot17/images/0081.png,/Users/kimsumin/projects/RGMC/data/map/robot17/overlays/0081_overlay.png,/Users/kimsumin/projects/RGMC/data/map/robot17/masks/0081_mask.png
82,0.475,0.0625,0.0,573.2043734230446,232.47956630525437,1,0.0,0.013358662240049436,0.08616049540874267,1777476576.6440296,5,/Users/kimsumin/projects/RGMC/data/map/robot17/images/0082.png,/Users/kimsumin/projects/RGMC/data/map/robot17/overlays/0082_overlay.png,/Users/kimsumin/projects/RGMC/data/map/robot17/masks/0082_mask.png
83,0.5046875,0.0625,0.0,573.5533898305084,247.29830508474575,1,0.0,0.047782668641792064,0.30797129628075426,1777476589.513437,5,/Users/kimsumin/projects/RGMC/data/map/robot17/images/0083.png,/Users/kimsumin/projects/RGMC/data/map/robot17/overlays/0083_overlay.png,/Users/kimsumin/projects/RGMC/data/map/robot17/masks/0083_mask.png
84,0.5343749999999999,0.0625,0.0,573.3906899418122,260.51870324189525,1,0.0,0.04252926467452336,0.05232570327062564,1777476601.6790884,5,/Users/kimsumin/projects/RGMC/data/map/robot17/images/0084.png,/Users/kimsumin/projects/RGMC/data/map/robot17/overlays/0084_overlay.png,/Users/kimsumin/projects/RGMC/data/map/robot17/masks/0084_mask.png
85,0.5640625,0.0625,0.0,573.5204678362574,273.27401837928153,1,0.0,0.07015272989644032,0.037784403254698194,1777476612.9178329,5,/Users/kimsumin/projects/RGMC/data/map/robot17/images/0085.png,/Users/kimsumin/projects/RGMC/data/map/robot17/overlays/0085_overlay.png,/Users/kimsumin/projects/RGMC/data/map/robot17/masks/0085_mask.png
86,0.59375,0.0625,0.0,573.386287625418,284.9991652754591,1,0.0,0.014405616831280079,0.043618392005722144,1777476624.451172,5,/Users/kimsumin/projects/RGMC/data/map/robot17/images/0086.png,/Users/kimsumin/projects/RGMC/data/map/robot17/overlays/0086_overlay.png,/Users/kimsumin/projects/RGMC/data/map/robot17/masks/0086_mask.png
87,0.6234375,0.0625,0.0,573.5713134568896,297.8267526188558,1,0.0,0.04032516563570683,0.04255364337007864,1777476635.3734088,5,/Users/kimsumin/projects/RGMC/data/map/robot17/images/0087.png,/Users/kimsumin/projects/RGMC/data/map/robot17/overlays/0087_overlay.png,/Users/kimsumin/projects/RGMC/data/map/robot17/masks/0087_mask.png
88,0.653125,0.0625,0.0,573.6465798045602,310.5471394037067,1,0.0,0.09694411083949724,0.02243599092280616,1777476646.8059359,5,/Users/kimsumin/projects/RGMC/data/map/robot17/images/0088.png,/Users/kimsumin/projects/RGMC/data/map/robot17/overlays/0088_overlay.png,/Users/kimsumin/projects/RGMC/data/map/robot17/masks/0088_mask.png
89,0.6828124999999999,0.0625,0.0,573.8027597402597,325.2654723127036,1,0.0,0.04527015819969952,0.03446143361635491,1777476659.2789364,5,/Users/kimsumin/projects/RGMC/data/map/robot17/images/0089.png,/Users/kimsumin/projects/RGMC/data/map/robot17/overlays/0089_overlay.png,/Users/kimsumin/projects/RGMC/data/map/robot17/masks/0089_mask.png
90,0.7124999999999999,0.0625,0.0,573.6669401148482,340.3347005742412,1,0.0,0.05704783319979191,0.053941897977959764,1777476670.6381135,5,/Users/kimsumin/projects/RGMC/data/map/robot17/images/0090.png,/Users/kimsumin/projects/RGMC/data/map/robot17/overlays/0090_overlay.png,/Users/kimsumin/projects/RGMC/data/map/robot17/masks/0090_mask.png
91,0.7421875,0.0625,0.0,573.9801113762927,353.17911646586344,1,0.0,0.08529726877239324,0.08563194113124033,1777476681.555094,5,/Users/kimsumin/projects/RGMC/data/map/robot17/images/0091.png,/Users/kimsumin/projects/RGMC/data/map/robot17/overlays/0091_overlay.png,/Users/kimsumin/projects/RGMC/data/map/robot17/masks/0091_mask.png
92,0.771875,0.0625,0.0,574.8651877133105,366.19335604770015,1,0.0,0.025977518964206803,0.022874071849932356,1777476693.072427,5,/Users/kimsumin/projects/RGMC/data/map/robot17/images/0092.png,/Users/kimsumin/projects/RGMC/data/map/robot17/overlays/0092_overlay.png,/Users/kimsumin/projects/RGMC/data/map/robot17/masks/0092_mask.png
93,0.8015625,0.0625,0.0,575.0166112956811,382.156146179402,1,0.0,0.017883485555410705,0.11856445443544272,1777476703.6293554,5,/Users/kimsumin/projects/RGMC/data/map/robot17/images/0093.png,/Users/kimsumin/projects/RGMC/data/map/robot17/overlays/0093_overlay.png,/Users/kimsumin/projects/RGMC/data/map/robot17/masks/0093_mask.png
94,0.8312499999999999,0.0625,0.0,575.2958333333333,397.463696369637,1,0.0,0.055433125074661915,0.0548758264499809,1777476714.3967662,5,/Users/kimsumin/projects/RGMC/data/map/robot17/images/0094.png,/Users/kimsumin/projects/RGMC/data/map/robot17/overlays/0094_overlay.png,/Users/kimsumin/projects/RGMC/data/map/robot17/masks/0094_mask.png
95,0.8609374999999999,0.0625,0.0,575.7931609674729,412.8447986577181,1,0.0,0.05282540532534962,0.04145078797801878,1777476726.3790784,5,/Users/kimsumin/projects/RGMC/data/map/robot17/images/0095.png,/Users/kimsumin/projects/RGMC/data/map/robot17/overlays/0095_overlay.png,/Users/kimsumin/projects/RGMC/data/map/robot17/masks/0095_mask.png
96,0.890625,0.0625,0.0,576.1780147662018,426.0636515912898,1,0.0,0.2477679019260921,0.02593394731442116,1777476738.354992,5,/Users/kimsumin/projects/RGMC/data/map/robot17/images/0096.png,/Users/kimsumin/projects/RGMC/data/map/robot17/overlays/0096_overlay.png,/Users/kimsumin/projects/RGMC/data/map/robot17/masks/0096_mask.png
97,0.9203125,0.0625,0.0,575.5714285714286,438.75249169435216,1,0.0,0.039745173967702205,0.06289344455989516,1777476749.9055977,5,/Users/kimsumin/projects/RGMC/data/map/robot17/images/0097.png,/Users/kimsumin/projects/RGMC/data/map/robot17/overlays/0097_overlay.png,/Users/kimsumin/projects/RGMC/data/map/robot17/masks/0097_mask.png
98,0.95,0.0625,0.0,575.8405428329093,452.4173027989822,1,0.0,0.030994563668302777,0.04308896103903,1777476760.509608,5,/Users/kimsumin/projects/RGMC/data/map/robot17/images/0098.png,/Users/kimsumin/projects/RGMC/data/map/robot17/overlays/0098_overlay.png,/Users/kimsumin/projects/RGMC/data/map/robot17/masks/0098_mask.png
99,0.95,0.09375,0.0,571.3452380952381,456.2534013605442,1,0.0,0.02166059811760987,0.3708988441891798,1777476771.7238433,5,/Users/kimsumin/projects/RGMC/data/map/robot17/images/0099.png,/Users/kimsumin/projects/RGMC/data/map/robot17/overlays/0099_overlay.png,/Users/kimsumin/projects/RGMC/data/map/robot17/masks/0099_mask.png
100,0.9203125,0.09375,0.0,564.8423645320197,452.31773399014776,1,0.0,0.04644084090669682,0.3218835967556713,1777476783.213866,5,/Users/kimsumin/projects/RGMC/data/map/robot17/images/0100.png,/Users/kimsumin/projects/RGMC/data/map/robot17/overlays/0100_overlay.png,/Users/kimsumin/projects/RGMC/data/map/robot17/masks/0100_mask.png
101,0.890625,0.09375,0.0,561.1735604217356,438.88780487804877,1,0.0,0.060659457788554874,0.04087565659342072,1777476794.7303817,5,/Users/kimsumin/projects/RGMC/data/map/robot17/images/0101.png,/Users/kimsumin/projects/RGMC/data/map/robot17/overlays/0101_overlay.png,/Users/kimsumin/projects/RGMC/data/map/robot17/masks/0101_mask.png
102,0.8609374999999999,0.09375,0.0,561.0016313213703,425.2251223491028,1,0.0,0.012643922127618267,0.02688104496717138,1777476806.4741228,5,/Users/kimsumin/projects/RGMC/data/map/robot17/images/0102.png,/Users/kimsumin/projects/RGMC/data/map/robot17/overlays/0102_overlay.png,/Users/kimsumin/projects/RGMC/data/map/robot17/masks/0102_mask.png
103,0.8312499999999999,0.09375,0.0,560.925,410.7037933817595,1,0.0,0.005657512578780989,0.0808266275797968,1777476817.923961,5,/Users/kimsumin/projects/RGMC/data/map/robot17/images/0103.png,/Users/kimsumin/projects/RGMC/data/map/robot17/overlays/0103_overlay.png,/Users/kimsumin/projects/RGMC/data/map/robot17/masks/0103_mask.png
104,0.8015625,0.09375,0.0,560.5763265306123,397.620377978636,1,0.0,0.24627950451960312,0.03636160496657986,1777476829.1714098,5,/Users/kimsumin/projects/RGMC/data/map/robot17/images/0104.png,/Users/kimsumin/projects/RGMC/data/map/robot17/overlays/0104_overlay.png,/Users/kimsumin/projects/RGMC/data/map/robot17/masks/0104_mask.png
105,0.771875,0.09375,0.0,560.3504556752279,385.3905325443787,1,0.0,0.1937644571670014,0.07516900627129361,1777476840.977262,5,/Users/kimsumin/projects/RGMC/data/map/robot17/images/0105.png,/Users/kimsumin/projects/RGMC/data/map/robot17/overlays/0105_overlay.png,/Users/kimsumin/projects/RGMC/data/map/robot17/masks/0105_mask.png
106,0.7421875,0.09375,0.0,559.6515679442508,372.1620209059233,1,0.0,0.04171353320210124,0.03126002754197333,1777476852.38868,5,/Users/kimsumin/projects/RGMC/data/map/robot17/images/0106.png,/Users/kimsumin/projects/RGMC/data/map/robot17/overlays/0106_overlay.png,/Users/kimsumin/projects/RGMC/data/map/robot17/masks/0106_mask.png
107,0.7124999999999999,0.09375,0.0,559.2778249787596,357.62786745964314,1,0.0,0.05243813924373396,0.036295685320055796,1777476863.9336286,5,/Users/kimsumin/projects/RGMC/data/map/robot17/images/0107.png,/Users/kimsumin/projects/RGMC/data/map/robot17/overlays/0107_overlay.png,/Users/kimsumin/projects/RGMC/data/map/robot17/masks/0107_mask.png
108,0.6828124999999999,0.09375,0.0,559.359829059829,344.82121471343027,1,0.0,0.022360071769616505,0.020781671019903445,1777476874.9863071,5,/Users/kimsumin/projects/RGMC/data/map/robot17/images/0108.png,/Users/kimsumin/projects/RGMC/data/map/robot17/overlays/0108_overlay.png,/Users/kimsumin/projects/RGMC/data/map/robot17/masks/0108_mask.png
109,0.653125,0.09375,0.0,559.0603015075377,330.7539616346956,1,0.0,0.06258215016512925,0.31829337359135285,1777476886.350242,5,/Users/kimsumin/projects/RGMC/data/map/robot17/images/0109.png,/Users/kimsumin/projects/RGMC/data/map/robot17/overlays/0109_overlay.png,/Users/kimsumin/projects/RGMC/data/map/robot17/masks/0109_mask.png
110,0.6234375,0.09375,0.0,559.1355060034306,317.6706689536878,1,0.0,0.01778748857559866,0.028992907754812364,1777476897.95747,5,/Users/kimsumin/projects/RGMC/data/map/robot17/images/0110.png,/Users/kimsumin/projects/RGMC/data/map/robot17/overlays/0110_overlay.png,/Users/kimsumin/projects/RGMC/data/map/robot17/masks/0110_mask.png
111,0.59375,0.09375,0.0,559.0033840947547,302.6979695431472,1,0.0,0.28134786866334954,0.03034221094795923,1777476911.2943428,5,/Users/kimsumin/projects/RGMC/data/map/robot17/images/0111.png,/Users/kimsumin/projects/RGMC/data/map/robot17/overlays/0111_overlay.png,/Users/kimsumin/projects/RGMC/data/map/robot17/masks/0111_mask.png
112,0.5640625,0.09375,0.0,558.9794696321643,289.22222222222223,1,0.0,0.004473617664656659,0.008624204015245163,1777476922.2324986,5,/Users/kimsumin/projects/RGMC/data/map/robot17/images/0112.png,/Users/kimsumin/projects/RGMC/data/map/robot17/overlays/0112_overlay.png,/Users/kimsumin/projects/RGMC/data/map/robot17/masks/0112_mask.png
113,0.5343749999999999,0.09375,0.0,558.7670157068063,275.453125,1,0.0,0.04692483258853622,0.06467486934545427,1777476933.4737964,5,/Users/kimsumin/projects/RGMC/data/map/robot17/images/0113.png,/Users/kimsumin/projects/RGMC/data/map/robot17/overlays/0113_overlay.png,/Users/kimsumin/projects/RGMC/data/map/robot17/masks/0113_mask.png
114,0.5046875,0.09375,0.0,559.0491803278688,261.7161234991424,1,0.0,0.03661747193609711,0.06951645809309596,1777476944.979075,5,/Users/kimsumin/projects/RGMC/data/map/robot17/images/0114.png,/Users/kimsumin/projects/RGMC/data/map/robot17/overlays/0114_overlay.png,/Users/kimsumin/projects/RGMC/data/map/robot17/masks/0114_mask.png
115,0.475,0.09375,0.0,559.005998286204,248.73350471293915,1,0.0,0.39604761909865827,0.048152170836489004,1777476956.541254,5,/Users/kimsumin/projects/RGMC/data/map/robot17/images/0115.png,/Users/kimsumin/projects/RGMC/data/map/robot17/overlays/0115_overlay.png,/Users/kimsumin/projects/RGMC/data/map/robot17/masks/0115_mask.png
116,0.4453125,0.09375,0.0,557.8730290456432,234.4557708508846,1,0.0,0.4659771467930066,0.2751169904289272,1777476968.000423,5,/Users/kimsumin/projects/RGMC/data/map/robot17/images/0116.png,/Users/kimsumin/projects/RGMC/data/map/robot17/overlays/0116_overlay.png,/Users/kimsumin/projects/RGMC/data/map/robot17/masks/0116_mask.png
117,0.41562499999999997,0.09375,0.0,558.8361233480176,220.5556499575191,1,0.0,0.34669612744322126,0.009017631795006469,1777476979.4509602,5,/Users/kimsumin/projects/RGMC/data/map/robot17/images/0117.png,/Users/kimsumin/projects/RGMC/data/map/robot17/overlays/0117_overlay.png,/Users/kimsumin/projects/RGMC/data/map/robot17/masks/0117_mask.png
118,0.3859375,0.09375,0.0,557.8196443691787,207.3649449618967,1,0.0,0.35935184676445986,0.046209986288495,1777476990.9716175,5,/Users/kimsumin/projects/RGMC/data/map/robot17/images/0118.png,/Users/kimsumin/projects/RGMC/data/map/robot17/overlays/0118_overlay.png,/Users/kimsumin/projects/RGMC/data/map/robot17/masks/0118_mask.png
119,0.35624999999999996,0.09375,0.0,557.5766721044046,193.74143556280586,1,0.0,0.03339450088874431,0.04656610944406013,1777477002.4314494,5,/Users/kimsumin/projects/RGMC/data/map/robot17/images/0119.png,/Users/kimsumin/projects/RGMC/data/map/robot17/overlays/0119_overlay.png,/Users/kimsumin/projects/RGMC/data/map/robot17/masks/0119_mask.png
120,0.3265625,0.09375,0.0,557.4373401534527,180.91024555461473,1,0.0,0.03965611776370388,0.04548461182012311,1777477015.0013494,5,/Users/kimsumin/projects/RGMC/data/map/robot17/images/0120.png,/Users/kimsumin/projects/RGMC/data/map/robot17/overlays/0120_overlay.png,/Users/kimsumin/projects/RGMC/data/map/robot17/masks/0120_mask.png
121,0.296875,0.09375,0.0,557.433304272014,167.18777679362267,1,0.0,0.02966316983952617,0.05521923863253954,1777477027.1653643,5,/Users/kimsumin/projects/RGMC/data/map/robot17/images/0121.png,/Users/kimsumin/projects/RGMC/data/map/robot17/overlays/0121_overlay.png,/Users/kimsumin/projects/RGMC/data/map/robot17/masks/0121_mask.png
122,0.26718749999999997,0.09375,0.0,557.371616078753,154.07944307944308,1,0.0,0.043976646197509066,0.0256314358223285,1777477038.5608718,5,/Users/kimsumin/projects/RGMC/data/map/robot17/images/0122.png,/Users/kimsumin/projects/RGMC/data/map/robot17/overlays/0122_overlay.png,/Users/kimsumin/projects/RGMC/data/map/robot17/masks/0122_mask.png
123,0.2375,0.09375,0.0,557.5021097046414,141.09957805907172,1,0.0,0.05139729203212885,0.008265798183737866,1777477050.0462,5,/Users/kimsumin/projects/RGMC/data/map/robot17/images/0123.png,/Users/kimsumin/projects/RGMC/data/map/robot17/overlays/0123_overlay.png,/Users/kimsumin/projects/RGMC/data/map/robot17/masks/0123_mask.png
124,0.20781249999999998,0.09375,0.0,557.4045608108108,128.04987320371936,1,0.0,0.04542847417977888,0.055630707891170326,1777477061.4846961,5,/Users/kimsumin/projects/RGMC/data/map/robot17/images/0124.png,/Users/kimsumin/projects/RGMC/data/map/robot17/overlays/0124_overlay.png,/Users/kimsumin/projects/RGMC/data/map/robot17/masks/0124_mask.png
125,0.17812499999999998,0.09375,0.0,557.2758620689655,115.2094827586207,1,0.0,0.04386198185482882,0.05063372825918784,1777477073.2041273,5,/Users/kimsumin/projects/RGMC/data/map/robot17/images/0125.png,/Users/kimsumin/projects/RGMC/data/map/robot17/overlays/0125_overlay.png,/Users/kimsumin/projects/RGMC/data/map/robot17/masks/0125_mask.png
126,0.1484375,0.09375,0.0,556.855096882898,101.45210084033613,1,0.0,0.043449578510610085,0.03851177505227197,1777477085.2823842,5,/Users/kimsumin/projects/RGMC/data/map/robot17/images/0126.png,/Users/kimsumin/projects/RGMC/data/map/robot17/overlays/0126_overlay.png,/Users/kimsumin/projects/RGMC/data/map/robot17/masks/0126_mask.png
127,0.11875,0.09375,0.0,556.9619047619047,88.39668700959024,1,0.0,0.046788956066449394,0.0662772724018407,1777477096.7861006,5,/Users/kimsumin/projects/RGMC/data/map/robot17/images/0127.png,/Users/kimsumin/projects/RGMC/data/map/robot17/overlays/0127_overlay.png,/Users/kimsumin/projects/RGMC/data/map/robot17/masks/0127_mask.png
128,0.08906249999999999,0.09375,0.0,556.8466722830666,74.10699241786016,1,0.0,0.060268807661775246,0.028511706215376076,1777477108.2737415,5,/Users/kimsumin/projects/RGMC/data/map/robot17/images/0128.png,/Users/kimsumin/projects/RGMC/data/map/robot17/overlays/0128_overlay.png,/Users/kimsumin/projects/RGMC/data/map/robot17/masks/0128_mask.png
129,0.059375,0.09375,0.0,556.5068610634648,61.493996569468266,1,0.0,0.10103610777266764,0.03638572465925633,1777477119.5563838,5,/Users/kimsumin/projects/RGMC/data/map/robot17/images/0129.png,/Users/kimsumin/projects/RGMC/data/map/robot17/overlays/0129_overlay.png,/Users/kimsumin/projects/RGMC/data/map/robot17/masks/0129_mask.png
130,0.0296875,0.09375,0.0,556.0122591943958,48.876198779424584,1,0.0,0.028462392169060206,0.07743101743286072,1777477130.1520395,5,/Users/kimsumin/projects/RGMC/data/map/robot17/images/0130.png,/Users/kimsumin/projects/RGMC/data/map/robot17/overlays/0130_overlay.png,/Users/kimsumin/projects/RGMC/data/map/robot17/masks/0130_mask.png
131,0.0,0.09375,0.0,556.131650135257,35.60234445446348,1,0.0,0.22049882773860557,0.019438991541341284,1777477140.9065719,5,/Users/kimsumin/projects/RGMC/data/map/robot17/images/0131.png,/Users/kimsumin/projects/RGMC/data/map/robot17/overlays/0131_overlay.png,/Users/kimsumin/projects/RGMC/data/map/robot17/masks/0131_mask.png
132,0.0,0.125,0.0,547.1738738738738,31.57246376811594,1,0.0,0.01968523388137547,0.06369215788505456,1777477151.9341767,5,/Users/kimsumin/projects/RGMC/data/map/robot17/images/0132.png,/Users/kimsumin/projects/RGMC/data/map/robot17/overlays/0132_overlay.png,/Users/kimsumin/projects/RGMC/data/map/robot17/masks/0132_mask.png
133,0.0296875,0.125,0.0,543.9770220588235,39.17565055762082,1,0.0,0.04904505333967742,0.04465141666419123,1777477164.5643303,5,/Users/kimsumin/projects/RGMC/data/map/robot17/images/0133.png,/Users/kimsumin/projects/RGMC/data/map/robot17/overlays/0133_overlay.png,/Users/kimsumin/projects/RGMC/data/map/robot17/masks/0133_mask.png
134,0.059375,0.125,0.0,543.7018181818182,51.24,1,0.0,0.017479905895108408,0.028731004120832866,1777477176.9205458,5,/Users/kimsumin/projects/RGMC/data/map/robot17/images/0134.png,/Users/kimsumin/projects/RGMC/data/map/robot17/overlays/0134_overlay.png,/Users/kimsumin/projects/RGMC/data/map/robot17/masks/0134_mask.png
135,0.08906249999999999,0.125,0.0,543.6997294860234,64.34802158273381,1,0.0,0.00468585073766195,0.04944006385889615,1777477188.4281638,5,/Users/kimsumin/projects/RGMC/data/map/robot17/images/0135.png,/Users/kimsumin/projects/RGMC/data/map/robot17/overlays/0135_overlay.png,/Users/kimsumin/projects/RGMC/data/map/robot17/masks/0135_mask.png
136,0.11875,0.125,0.0,543.5979020979021,77.29895104895105,1,0.0,0.026232683235902464,0.03481244112829215,1777477200.0431042,5,/Users/kimsumin/projects/RGMC/data/map/robot17/images/0136.png,/Users/kimsumin/projects/RGMC/data/map/robot17/overlays/0136_overlay.png,/Users/kimsumin/projects/RGMC/data/map/robot17/masks/0136_mask.png
137,0.1484375,0.125,0.0,543.8356039963669,90.75295186194369,1,0.0,0.0505898123904944,0.05951631322316322,1777477211.405236,5,/Users/kimsumin/projects/RGMC/data/map/robot17/images/0137.png,/Users/kimsumin/projects/RGMC/data/map/robot17/overlays/0137_overlay.png,/Users/kimsumin/projects/RGMC/data/map/robot17/masks/0137_mask.png
138,0.17812499999999998,0.125,0.0,543.8778280542987,102.9918552036199,1,0.0,0.058132768759876996,0.02624182090799694,1777477222.8780835,5,/Users/kimsumin/projects/RGMC/data/map/robot17/images/0138.png,/Users/kimsumin/projects/RGMC/data/map/robot17/overlays/0138_overlay.png,/Users/kimsumin/projects/RGMC/data/map/robot17/masks/0138_mask.png
139,0.20781249999999998,0.125,0.0,544.48109058927,115.92260334212841,1,0.0,0.05341391768095481,0.016053000730925474,1777477236.6979032,5,/Users/kimsumin/projects/RGMC/data/map/robot17/images/0139.png,/Users/kimsumin/projects/RGMC/data/map/robot17/overlays/0139_overlay.png,/Users/kimsumin/projects/RGMC/data/map/robot17/masks/0139_mask.png
140,0.2375,0.125,0.0,544.0845195729537,128.90835579514825,1,0.0,0.06143568075707722,0.08655024892590267,1777477248.1414642,5,/Users/kimsumin/projects/RGMC/data/map/robot17/images/0140.png,/Users/kimsumin/projects/RGMC/data/map/robot17/overlays/0140_overlay.png,/Users/kimsumin/projects/RGMC/data/map/robot17/masks/0140_mask.png
141,0.26718749999999997,0.125,0.0,544.5280612244898,141.70910623946037,1,0.0,0.059503095203330345,0.049598828714002965,1777477259.6328018,5,/Users/kimsumin/projects/RGMC/data/map/robot17/images/0141.png,/Users/kimsumin/projects/RGMC/data/map/robot17/overlays/0141_overlay.png,/Users/kimsumin/projects/RGMC/data/map/robot17/masks/0141_mask.png
142,0.296875,0.125,0.0,544.6749777382013,155.11293260473587,1,0.0,0.2580897618625726,0.06196803104668612,1777477271.1176474,5,/Users/kimsumin/projects/RGMC/data/map/robot17/images/0142.png,/Users/kimsumin/projects/RGMC/data/map/robot17/overlays/0142_overlay.png,/Users/kimsumin/projects/RGMC/data/map/robot17/masks/0142_mask.png
143,0.3265625,0.125,0.0,544.056552962298,168.1069182389937,1,0.0,0.042171417555509266,0.08492371025694216,1777477282.6363578,5,/Users/kimsumin/projects/RGMC/data/map/robot17/images/0143.png,/Users/kimsumin/projects/RGMC/data/map/robot17/overlays/0143_overlay.png,/Users/kimsumin/projects/RGMC/data/map/robot17/masks/0143_mask.png
144,0.35624999999999996,0.125,0.0,544.8431208053692,181.67139282735613,1,0.0,0.043332302280772304,0.032014662367414785,1777477294.0885797,5,/Users/kimsumin/projects/RGMC/data/map/robot17/images/0144.png,/Users/kimsumin/projects/RGMC/data/map/robot17/overlays/0144_overlay.png,/Users/kimsumin/projects/RGMC/data/map/robot17/masks/0144_mask.png
145,0.3859375,0.125,0.0,545.0641247833622,195.43350604490502,1,0.0,0.043273125222089606,0.04829257283677107,1777477305.8056002,5,/Users/kimsumin/projects/RGMC/data/map/robot17/images/0145.png,/Users/kimsumin/projects/RGMC/data/map/robot17/overlays/0145_overlay.png,/Users/kimsumin/projects/RGMC/data/map/robot17/masks/0145_mask.png
146,0.41562499999999997,0.125,0.0,545.0350128095645,208.04627249357327,1,0.0,0.0741594879443645,0.07244507407629065,1777477317.9345827,5,/Users/kimsumin/projects/RGMC/data/map/robot17/images/0146.png,/Users/kimsumin/projects/RGMC/data/map/robot17/overlays/0146_overlay.png,/Users/kimsumin/projects/RGMC/data/map/robot17/masks/0146_mask.png
147,0.4453125,0.125,0.0,545.4573322286661,220.35980148883374,1,0.0,0.08662167415184586,0.0392405464784258,1777477329.2967808,5,/Users/kimsumin/projects/RGMC/data/map/robot17/images/0147.png,/Users/kimsumin/projects/RGMC/data/map/robot17/overlays/0147_overlay.png,/Users/kimsumin/projects/RGMC/data/map/robot17/masks/0147_mask.png
148,0.475,0.125,0.0,545.0463576158941,233.13216957605985,1,0.0,0.038138320420366106,0.06470386935444829,1777477340.7945716,5,/Users/kimsumin/projects/RGMC/data/map/robot17/images/0148.png,/Users/kimsumin/projects/RGMC/data/map/robot17/overlays/0148_overlay.png,/Users/kimsumin/projects/RGMC/data/map/robot17/masks/0148_mask.png
149,0.5046875,0.125,0.0,545.3483237939492,246.51602300739523,1,0.0,0.019432757326045488,0.03750426492600806,1777477353.1513793,5,/Users/kimsumin/projects/RGMC/data/map/robot17/images/0149.png,/Users/kimsumin/projects/RGMC/data/map/robot17/overlays/0149_overlay.png,/Users/kimsumin/projects/RGMC/data/map/robot17/masks/0149_mask.png
150,0.5343749999999999,0.125,0.0,545.6531275385865,261.0394088669951,1,0.0,0.06636974905716998,0.04044718014316439,1777477365.2634144,5,/Users/kimsumin/projects/RGMC/data/map/robot17/images/0150.png,/Users/kimsumin/projects/RGMC/data/map/robot17/overlays/0150_overlay.png,/Users/kimsumin/projects/RGMC/data/map/robot17/masks/0150_mask.png
151,0.5640625,0.125,0.0,545.4869281045752,273.76026272577997,1,0.0,0.05250726893805568,0.023036241176021023,1777477376.751248,5,/Users/kimsumin/projects/RGMC/data/map/robot17/images/0151.png,/Users/kimsumin/projects/RGMC/data/map/robot17/overlays/0151_overlay.png,/Users/kimsumin/projects/RGMC/data/map/robot17/masks/0151_mask.png
152,0.59375,0.125,0.0,545.4636363636364,287.98003327787023,1,0.0,0.040081457469543946,0.24906919527397295,1777477388.2770207,5,/Users/kimsumin/projects/RGMC/data/map/robot17/images/0152.png,/Users/kimsumin/projects/RGMC/data/map/robot17/overlays/0152_overlay.png,/Users/kimsumin/projects/RGMC/data/map/robot17/masks/0152_mask.png
153,0.6234375,0.125,0.0,546.0122050447518,301.8407798537774,1,0.0,0.044719607602158006,0.046766613452163215,1777477399.8479524,5,/Users/kimsumin/projects/RGMC/data/map/robot17/images/0153.png,/Users/kimsumin/projects/RGMC/data/map/robot17/overlays/0153_overlay.png,/Users/kimsumin/projects/RGMC/data/map/robot17/masks/0153_mask.png
154,0.653125,0.125,0.0,545.8334687246141,314.57432981316003,1,0.0,0.04161616255847623,0.05736427088299935,1777477411.3466542,5,/Users/kimsumin/projects/RGMC/data/map/robot17/images/0154.png,/Users/kimsumin/projects/RGMC/data/map/robot17/overlays/0154_overlay.png,/Users/kimsumin/projects/RGMC/data/map/robot17/masks/0154_mask.png
155,0.6828124999999999,0.125,0.0,545.9403107113654,328.89098360655737,1,0.0,0.033775564394083704,0.023978687657134415,1777477422.816758,5,/Users/kimsumin/projects/RGMC/data/map/robot17/images/0155.png,/Users/kimsumin/projects/RGMC/data/map/robot17/overlays/0155_overlay.png,/Users/kimsumin/projects/RGMC/data/map/robot17/masks/0155_mask.png
156,0.7124999999999999,0.125,0.0,545.9991863303499,341.0485829959514,1,0.0,0.060604406937397166,0.030130165881735022,1777477434.2753522,5,/Users/kimsumin/projects/RGMC/data/map/robot17/images/0156.png,/Users/kimsumin/projects/RGMC/data/map/robot17/overlays/0156_overlay.png,/Users/kimsumin/projects/RGMC/data/map/robot17/masks/0156_mask.png
157,0.7421875,0.125,0.0,545.7658175842236,354.42563681183236,1,0.0,0.04984195008891233,0.03791948440693221,1777477445.9020853,5,/Users/kimsumin/projects/RGMC/data/map/robot17/images/0157.png,/Users/kimsumin/projects/RGMC/data/map/robot17/overlays/0157_overlay.png,/Users/kimsumin/projects/RGMC/data/map/robot17/masks/0157_mask.png
158,0.771875,0.125,0.0,545.9251423921887,369.3373688458434,1,0.0,0.03975845727624665,0.09991417184818571,1777477457.334463,5,/Users/kimsumin/projects/RGMC/data/map/robot17/images/0158.png,/Users/kimsumin/projects/RGMC/data/map/robot17/overlays/0158_overlay.png,/Users/kimsumin/projects/RGMC/data/map/robot17/masks/0158_mask.png
159,0.8015625,0.125,0.0,546.1048895899054,383.2447960033306,1,0.0,0.41368677113184255,0.06749491578537141,1777477471.459373,5,/Users/kimsumin/projects/RGMC/data/map/robot17/images/0159.png,/Users/kimsumin/projects/RGMC/data/map/robot17/overlays/0159_overlay.png,/Users/kimsumin/projects/RGMC/data/map/robot17/masks/0159_mask.png
160,0.8312499999999999,0.125,0.0,547.1615508885299,396.71291098636726,1,0.0,0.39719299075271547,0.3508136660131945,1777477483.677245,5,/Users/kimsumin/projects/RGMC/data/map/robot17/images/0160.png,/Users/kimsumin/projects/RGMC/data/map/robot17/overlays/0160_overlay.png,/Users/kimsumin/projects/RGMC/data/map/robot17/masks/0160_mask.png
161,0.8609374999999999,0.125,0.0,546.3445243804956,409.8177458033573,1,0.0,0.05165871438834319,0.05851482185991774,1777477495.122238,5,/Users/kimsumin/projects/RGMC/data/map/robot17/images/0161.png,/Users/kimsumin/projects/RGMC/data/map/robot17/overlays/0161_overlay.png,/Users/kimsumin/projects/RGMC/data/map/robot17/masks/0161_mask.png
162,0.890625,0.125,0.0,547.3666398066076,423.6011281224819,1,0.0,0.03914624688635886,0.38661186034337225,1777477506.663741,5,/Users/kimsumin/projects/RGMC/data/map/robot17/images/0162.png,/Users/kimsumin/projects/RGMC/data/map/robot17/overlays/0162_overlay.png,/Users/kimsumin/projects/RGMC/data/map/robot17/masks/0162_mask.png
163,0.9203125,0.125,0.0,547.4635373009221,436.7979797979798,1,0.0,0.04164474038731699,0.042203369841836084,1777477518.5721922,5,/Users/kimsumin/projects/RGMC/data/map/robot17/images/0163.png,/Users/kimsumin/projects/RGMC/data/map/robot17/overlays/0163_overlay.png,/Users/kimsumin/projects/RGMC/data/map/robot17/masks/0163_mask.png
164,0.95,0.125,0.0,547.5124899274779,450.65307753796964,1,0.0,0.02867465465853063,0.048696888608166164,1777477530.0316339,5,/Users/kimsumin/projects/RGMC/data/map/robot17/images/0164.png,/Users/kimsumin/projects/RGMC/data/map/robot17/overlays/0164_overlay.png,/Users/kimsumin/projects/RGMC/data/map/robot17/masks/0164_mask.png
165,0.95,0.15625,0.0,540.0594227504245,456.69856054191365,1,0.0,0.09990499659135585,0.03905948756748087,1777477541.5289607,5,/Users/kimsumin/projects/RGMC/data/map/robot17/images/0165.png,/Users/kimsumin/projects/RGMC/data/map/robot17/overlays/0165_overlay.png,/Users/kimsumin/projects/RGMC/data/map/robot17/masks/0165_mask.png
166,0.9203125,0.15625,0.0,535.1162981162981,451.0827190827191,1,0.0,0.025584856955016572,0.04267116568258995,1777477553.4756024,5,/Users/kimsumin/projects/RGMC/data/map/robot17/images/0166.png,/Users/kimsumin/projects/RGMC/data/map/robot17/overlays/0166_overlay.png,/Users/kimsumin/projects/RGMC/data/map/robot17/masks/0166_mask.png
167,0.890625,0.15625,0.0,531.7184054283291,440.39270568278204,1,0.0,0.011491336982987523,0.05117395252000624,1777477564.9861624,5,/Users/kimsumin/projects/RGMC/data/map/robot17/images/0167.png,/Users/kimsumin/projects/RGMC/data/map/robot17/overlays/0167_overlay.png,/Users/kimsumin/projects/RGMC/data/map/robot17/masks/0167_mask.png
168,0.8609374999999999,0.15625,0.0,531.796992481203,426.1818181818182,1,0.0,0.034880173418208975,0.04775849531636274,1777477578.3575585,5,/Users/kimsumin/projects/RGMC/data/map/robot17/images/0168.png,/Users/kimsumin/projects/RGMC/data/map/robot17/overlays/0168_overlay.png,/Users/kimsumin/projects/RGMC/data/map/robot17/masks/0168_mask.png
169,0.8312499999999999,0.15625,0.0,531.6498740554156,412.5919395465995,1,0.0,0.012945887187289971,0.013612021238941296,1777477589.8275142,5,/Users/kimsumin/projects/RGMC/data/map/robot17/images/0169.png,/Users/kimsumin/projects/RGMC/data/map/robot17/overlays/0169_overlay.png,/Users/kimsumin/projects/RGMC/data/map/robot17/masks/0169_mask.png
170,0.8015625,0.15625,0.0,531.3268907563025,397.8098415346122,1,0.0,0.0468757769045245,0.046205774346518375,1777477601.4068494,5,/Users/kimsumin/projects/RGMC/data/map/robot17/images/0170.png,/Users/kimsumin/projects/RGMC/data/map/robot17/overlays/0170_overlay.png,/Users/kimsumin/projects/RGMC/data/map/robot17/masks/0170_mask.png
171,0.771875,0.15625,0.0,531.2607959356477,384.43268416596106,1,0.0,0.01778573179236992,0.02379180143595435,1777477612.812405,5,/Users/kimsumin/projects/RGMC/data/map/robot17/images/0171.png,/Users/kimsumin/projects/RGMC/data/map/robot17/overlays/0171_overlay.png,/Users/kimsumin/projects/RGMC/data/map/robot17/masks/0171_mask.png
172,0.7421875,0.15625,0.0,530.4870759289176,370.0242914979757,1,0.0,0.3972201442359715,0.019992635734042783,1777477624.2008069,5,/Users/kimsumin/projects/RGMC/data/map/robot17/images/0172.png,/Users/kimsumin/projects/RGMC/data/map/robot17/overlays/0172_overlay.png,/Users/kimsumin/projects/RGMC/data/map/robot17/masks/0172_mask.png
173,0.7124999999999999,0.15625,0.0,531.307366638442,356.22043918918916,1,0.0,0.04470985240029537,0.019821158233714647,1777477635.6384494,5,/Users/kimsumin/projects/RGMC/data/map/robot17/images/0173.png,/Users/kimsumin/projects/RGMC/data/map/robot17/overlays/0173_overlay.png,/Users/kimsumin/projects/RGMC/data/map/robot17/masks/0173_mask.png
174,0.6828124999999999,0.15625,0.0,531.1523730224812,341.8702163061564,1,0.0,0.3539800957415881,0.033901747900024995,1777477647.1339052,5,/Users/kimsumin/projects/RGMC/data/map/robot17/images/0174.png,/Users/kimsumin/projects/RGMC/data/map/robot17/overlays/0174_overlay.png,/Users/kimsumin/projects/RGMC/data/map/robot17/masks/0174_mask.png
175,0.653125,0.15625,0.0,530.1618122977346,328.8095623987034,1,0.0,0.015835242167341425,0.017276231236069136,1777477658.6244044,5,/Users/kimsumin/projects/RGMC/data/map/robot17/images/0175.png,/Users/kimsumin/projects/RGMC/data/map/robot17/overlays/0175_overlay.png,/Users/kimsumin/projects/RGMC/data/map/robot17/masks/0175_mask.png
176,0.6234375,0.15625,0.0,530.200328407225,314.8051282051282,1,0.0,0.3912099393770911,0.01428655835301518,1777477670.7330258,5,/Users/kimsumin/projects/RGMC/data/map/robot17/images/0176.png,/Users/kimsumin/projects/RGMC/data/map/robot17/overlays/0176_overlay.png,/Users/kimsumin/projects/RGMC/data/map/robot17/masks/0176_mask.png
177,0.59375,0.15625,0.0,531.0786516853933,300.82886776145205,1,0.0,0.3969457119486569,0.2914560192207044,1777477682.2998648,5,/Users/kimsumin/projects/RGMC/data/map/robot17/images/0177.png,/Users/kimsumin/projects/RGMC/data/map/robot17/overlays/0177_overlay.png,/Users/kimsumin/projects/RGMC/data/map/robot17/masks/0177_mask.png
178,0.5640625,0.15625,0.0,529.7903225806451,286.99431356620636,1,0.0,0.02799416770168152,0.049935767083490915,1777477693.8094287,5,/Users/kimsumin/projects/RGMC/data/map/robot17/images/0178.png,/Users/kimsumin/projects/RGMC/data/map/robot17/overlays/0178_overlay.png,/Users/kimsumin/projects/RGMC/data/map/robot17/masks/0178_mask.png
179,0.5343749999999999,0.15625,0.0,529.9021207177814,273.74462809917355,1,0.0,0.06918555676157061,0.06212602650372839,1777477705.5942705,5,/Users/kimsumin/projects/RGMC/data/map/robot17/images/0179.png,/Users/kimsumin/projects/RGMC/data/map/robot17/overlays/0179_overlay.png,/Users/kimsumin/projects/RGMC/data/map/robot17/masks/0179_mask.png
180,0.5046875,0.15625,0.0,529.9397394136807,260.84902597402595,1,0.0,0.043854337990741434,0.05139863740100918,1777477717.272109,5,/Users/kimsumin/projects/RGMC/data/map/robot17/images/0180.png,/Users/kimsumin/projects/RGMC/data/map/robot17/overlays/0180_overlay.png,/Users/kimsumin/projects/RGMC/data/map/robot17/masks/0180_mask.png
181,0.475,0.15625,0.0,529.5618892508144,246.58489033306256,1,0.0,0.025521493584217177,0.04902260076615338,1777477728.8162186,5,/Users/kimsumin/projects/RGMC/data/map/robot17/images/0181.png,/Users/kimsumin/projects/RGMC/data/map/robot17/overlays/0181_overlay.png,/Users/kimsumin/projects/RGMC/data/map/robot17/masks/0181_mask.png
182,0.4453125,0.15625,0.0,529.5569306930693,233.35608552631578,1,0.0,0.03802292845205066,0.03827726154826192,1777477740.311297,5,/Users/kimsumin/projects/RGMC/data/map/robot17/images/0182.png,/Users/kimsumin/projects/RGMC/data/map/robot17/overlays/0182_overlay.png,/Users/kimsumin/projects/RGMC/data/map/robot17/masks/0182_mask.png
183,0.41562499999999997,0.15625,0.0,529.6568791946308,219.60202360876897,1,0.0,0.04887220190385253,0.06606934114792737,1777477751.8338423,5,/Users/kimsumin/projects/RGMC/data/map/robot17/images/0183.png,/Users/kimsumin/projects/RGMC/data/map/robot17/overlays/0183_overlay.png,/Users/kimsumin/projects/RGMC/data/map/robot17/masks/0183_mask.png
184,0.3859375,0.15625,0.0,529.5749405233942,205.85249801744646,1,0.0,0.04263547773236795,0.020555532584582845,1777477764.700052,5,/Users/kimsumin/projects/RGMC/data/map/robot17/images/0184.png,/Users/kimsumin/projects/RGMC/data/map/robot17/overlays/0184_overlay.png,/Users/kimsumin/projects/RGMC/data/map/robot17/masks/0184_mask.png
185,0.35624999999999996,0.15625,0.0,529.2256198347108,192.90550534100245,1,0.0,0.02764174979340706,0.020335654145046036,1777477776.218386,5,/Users/kimsumin/projects/RGMC/data/map/robot17/images/0185.png,/Users/kimsumin/projects/RGMC/data/map/robot17/overlays/0185_overlay.png,/Users/kimsumin/projects/RGMC/data/map/robot17/masks/0185_mask.png
186,0.3265625,0.15625,0.0,529.6136170212766,179.40851063829788,1,0.0,0.02666738055445051,0.04470871876876731,1777477787.9516382,5,/Users/kimsumin/projects/RGMC/data/map/robot17/images/0186.png,/Users/kimsumin/projects/RGMC/data/map/robot17/overlays/0186_overlay.png,/Users/kimsumin/projects/RGMC/data/map/robot17/masks/0186_mask.png
187,0.296875,0.15625,0.0,529.5990299110751,165.8087167070218,1,0.0,0.02930136792989105,0.043613118181062574,1777477799.5977037,5,/Users/kimsumin/projects/RGMC/data/map/robot17/images/0187.png,/Users/kimsumin/projects/RGMC/data/map/robot17/overlays/0187_overlay.png,/Users/kimsumin/projects/RGMC/data/map/robot17/masks/0187_mask.png
188,0.26718749999999997,0.15625,0.0,529.1757322175732,153.10376569037658,1,0.0,0.03824991772633889,0.06870250244760946,1777477811.7323737,5,/Users/kimsumin/projects/RGMC/data/map/robot17/images/0188.png,/Users/kimsumin/projects/RGMC/data/map/robot17/overlays/0188_overlay.png,/Users/kimsumin/projects/RGMC/data/map/robot17/masks/0188_mask.png
189,0.2375,0.15625,0.0,529.2401673640168,139.74958123953098,1,0.0,0.013834897484424102,0.0752039615566683,1777477823.4799511,5,/Users/kimsumin/projects/RGMC/data/map/robot17/images/0189.png,/Users/kimsumin/projects/RGMC/data/map/robot17/overlays/0189_overlay.png,/Users/kimsumin/projects/RGMC/data/map/robot17/masks/0189_mask.png
190,0.20781249999999998,0.15625,0.0,529.3385118560916,126.07849550286181,1,0.0,0.02858673491056162,0.0420228166292844,1777477835.101668,5,/Users/kimsumin/projects/RGMC/data/map/robot17/images/0190.png,/Users/kimsumin/projects/RGMC/data/map/robot17/overlays/0190_overlay.png,/Users/kimsumin/projects/RGMC/data/map/robot17/masks/0190_mask.png
191,0.17812499999999998,0.15625,0.0,529.0236087689714,113.13069139966274,1,0.0,0.04668880728212908,0.07447459406911809,1777477846.678199,5,/Users/kimsumin/projects/RGMC/data/map/robot17/images/0191.png,/Users/kimsumin/projects/RGMC/data/map/robot17/overlays/0191_overlay.png,/Users/kimsumin/projects/RGMC/data/map/robot17/masks/0191_mask.png
192,0.1484375,0.15625,0.0,529.1533277169334,100.1609098567818,1,0.0,0.016536234241357226,0.047612882992808664,1777477858.1753464,5,/Users/kimsumin/projects/RGMC/data/map/robot17/images/0192.png,/Users/kimsumin/projects/RGMC/data/map/robot17/overlays/0192_overlay.png,/Users/kimsumin/projects/RGMC/data/map/robot17/masks/0192_mask.png
193,0.11875,0.15625,0.0,529.1229235880398,86.49086378737542,1,0.0,0.04124999868939895,0.08393622262059898,1777477869.6926327,5,/Users/kimsumin/projects/RGMC/data/map/robot17/images/0193.png,/Users/kimsumin/projects/RGMC/data/map/robot17/overlays/0193_overlay.png,/Users/kimsumin/projects/RGMC/data/map/robot17/masks/0193_mask.png
194,0.08906249999999999,0.15625,0.0,528.865120274914,73.14493996569469,1,0.0,0.040919652894328126,0.17102630264832022,1777477881.268291,5,/Users/kimsumin/projects/RGMC/data/map/robot17/images/0194.png,/Users/kimsumin/projects/RGMC/data/map/robot17/overlays/0194_overlay.png,/Users/kimsumin/projects/RGMC/data/map/robot17/masks/0194_mask.png
195,0.059375,0.15625,0.0,528.3040421792618,60.509433962264154,1,0.0,0.2416847273546615,0.2505915792411896,1777477892.814208,5,/Users/kimsumin/projects/RGMC/data/map/robot17/images/0195.png,/Users/kimsumin/projects/RGMC/data/map/robot17/overlays/0195_overlay.png,/Users/kimsumin/projects/RGMC/data/map/robot17/masks/0195_mask.png
196,0.0296875,0.15625,0.0,528.0153429602888,47.73285198555957,1,0.0,0.057111842232190374,0.14727630030489766,1777477904.330399,5,/Users/kimsumin/projects/RGMC/data/map/robot17/images/0196.png,/Users/kimsumin/projects/RGMC/data/map/robot17/overlays/0196_overlay.png,/Users/kimsumin/projects/RGMC/data/map/robot17/masks/0196_mask.png
197,0.0,0.15625,0.0,528.158172231986,33.16432337434095,1,0.0,0.06795924561645986,0.09835583365624848,1777477915.235782,5,/Users/kimsumin/projects/RGMC/data/map/robot17/images/0197.png,/Users/kimsumin/projects/RGMC/data/map/robot17/overlays/0197_overlay.png,/Users/kimsumin/projects/RGMC/data/map/robot17/masks/0197_mask.png
198,0.0,0.1875,0.0,519.4956521739131,30.07087294727744,1,0.0,0.021165145637834712,0.023952963007552466,1777477927.7105186,5,/Users/kimsumin/projects/RGMC/data/map/robot17/images/0198.png,/Users/kimsumin/projects/RGMC/data/map/robot17/overlays/0198_overlay.png,/Users/kimsumin/projects/RGMC/data/map/robot17/masks/0198_mask.png
199,0.0296875,0.1875,0.0,516.1672566371682,37.60176991150443,1,0.0,0.05081558925334466,0.049939291202158904,1777477939.4687805,5,/Users/kimsumin/projects/RGMC/data/map/robot17/images/0199.png,/Users/kimsumin/projects/RGMC/data/map/robot17/overlays/0199_overlay.png,/Users/kimsumin/projects/RGMC/data/map/robot17/masks/0199_mask.png
200,0.059375,0.1875,0.0,515.5827996340348,51.03002729754322,1,0.0,0.07424045440643677,0.07291205804109877,1777477950.9436169,5,/Users/kimsumin/projects/RGMC/data/map/robot17/images/0200.png,/Users/kimsumin/projects/RGMC/data/map/robot17/overlays/0200_overlay.png,/Users/kimsumin/projects/RGMC/data/map/robot17/masks/0200_mask.png
201,0.08906249999999999,0.1875,0.0,515.7814207650273,63.35974499089253,1,0.0,0.02871216320779109,0.02625636629991694,1777477963.779926,5,/Users/kimsumin/projects/RGMC/data/map/robot17/images/0201.png,/Users/kimsumin/projects/RGMC/data/map/robot17/overlays/0201_overlay.png,/Users/kimsumin/projects/RGMC/data/map/robot17/masks/0201_mask.png
202,0.11875,0.1875,0.0,516.0464912280702,77.12105263157895,1,0.0,0.013851059525682137,0.06232179278871054,1777477976.243429,5,/Users/kimsumin/projects/RGMC/data/map/robot17/images/0202.png,/Users/kimsumin/projects/RGMC/data/map/robot17/overlays/0202_overlay.png,/Users/kimsumin/projects/RGMC/data/map/robot17/masks/0202_mask.png
203,0.1484375,0.1875,0.0,515.6945642795513,89.44270833333333,1,0.0,0.015753270364623012,0.061992130175887894,1777477988.504636,5,/Users/kimsumin/projects/RGMC/data/map/robot17/images/0203.png,/Users/kimsumin/projects/RGMC/data/map/robot17/overlays/0203_overlay.png,/Users/kimsumin/projects/RGMC/data/map/robot17/masks/0203_mask.png
204,0.17812499999999998,0.1875,0.0,515.8997407087295,101.9152981849611,1,0.0,0.059341436834283445,0.04930879246240546,1777478000.3628266,5,/Users/kimsumin/projects/RGMC/data/map/robot17/images/0204.png,/Users/kimsumin/projects/RGMC/data/map/robot17/overlays/0204_overlay.png,/Users/kimsumin/projects/RGMC/data/map/robot17/masks/0204_mask.png
205,0.20781249999999998,0.1875,0.0,515.9097408400357,115.44235924932975,1,0.0,0.029486983977424986,0.04207159616632645,1777478011.9265018,5,/Users/kimsumin/projects/RGMC/data/map/robot17/images/0205.png,/Users/kimsumin/projects/RGMC/data/map/robot17/overlays/0205_overlay.png,/Users/kimsumin/projects/RGMC/data/map/robot17/masks/0205_mask.png
206,0.2375,0.1875,0.0,516.0408525754884,128.12244897959184,1,0.0,0.034207467458532946,0.012180260767236762,1777478023.352628,5,/Users/kimsumin/projects/RGMC/data/map/robot17/images/0206.png,/Users/kimsumin/projects/RGMC/data/map/robot17/overlays/0206_overlay.png,/Users/kimsumin/projects/RGMC/data/map/robot17/masks/0206_mask.png
207,0.26718749999999997,0.1875,0.0,516.1998299319728,141.30067567567568,1,0.0,0.09347064813628798,0.04096491509021999,1777478035.606119,5,/Users/kimsumin/projects/RGMC/data/map/robot17/images/0207.png,/Users/kimsumin/projects/RGMC/data/map/robot17/overlays/0207_overlay.png,/Users/kimsumin/projects/RGMC/data/map/robot17/masks/0207_mask.png
208,0.296875,0.1875,0.0,515.9185248713551,154.41680960548885,1,0.0,0.0092829842307344,0.04837563877833474,1777478047.6590228,5,/Users/kimsumin/projects/RGMC/data/map/robot17/images/0208.png,/Users/kimsumin/projects/RGMC/data/map/robot17/overlays/0208_overlay.png,/Users/kimsumin/projects/RGMC/data/map/robot17/masks/0208_mask.png
209,0.3265625,0.1875,0.0,516.5675675675676,167.41283607979184,1,0.0,0.058974423938857976,0.026423881727563003,1777478060.363551,5,/Users/kimsumin/projects/RGMC/data/map/robot17/images/0209.png,/Users/kimsumin/projects/RGMC/data/map/robot17/overlays/0209_overlay.png,/Users/kimsumin/projects/RGMC/data/map/robot17/masks/0209_mask.png
210,0.35624999999999996,0.1875,0.0,516.5380667236955,180.72037510656438,1,0.0,0.057607144086735416,0.05462507161758482,1777478074.4107134,5,/Users/kimsumin/projects/RGMC/data/map/robot17/images/0210.png,/Users/kimsumin/projects/RGMC/data/map/robot17/overlays/0210_overlay.png,/Users/kimsumin/projects/RGMC/data/map/robot17/masks/0210_mask.png
211,0.3859375,0.1875,0.0,516.0179180887372,194.3156089193825,1,0.0,0.025534598873701825,0.33085616438268817,1777478086.6848192,5,/Users/kimsumin/projects/RGMC/data/map/robot17/images/0211.png,/Users/kimsumin/projects/RGMC/data/map/robot17/overlays/0211_overlay.png,/Users/kimsumin/projects/RGMC/data/map/robot17/masks/0211_mask.png
212,0.41562499999999997,0.1875,0.0,516.7233502538071,207.69642857142858,1,0.0,0.023509971429727664,0.06806205421180549,1777478098.2178264,5,/Users/kimsumin/projects/RGMC/data/map/robot17/images/0212.png,/Users/kimsumin/projects/RGMC/data/map/robot17/overlays/0212_overlay.png,/Users/kimsumin/projects/RGMC/data/map/robot17/masks/0212_mask.png
213,0.4453125,0.1875,0.0,516.8526228143214,220.64315352697096,1,0.0,0.25354761170523005,0.07091585405556089,1777478112.128413,5,/Users/kimsumin/projects/RGMC/data/map/robot17/images/0213.png,/Users/kimsumin/projects/RGMC/data/map/robot17/overlays/0213_overlay.png,/Users/kimsumin/projects/RGMC/data/map/robot17/masks/0213_mask.png
214,0.475,0.1875,0.0,516.9543230016313,233.64889253486464,1,0.0,0.05466283252200646,0.019258205126175678,1777478123.678125,5,/Users/kimsumin/projects/RGMC/data/map/robot17/images/0214.png,/Users/kimsumin/projects/RGMC/data/map/robot17/overlays/0214_overlay.png,/Users/kimsumin/projects/RGMC/data/map/robot17/masks/0214_mask.png
215,0.5046875,0.1875,0.0,516.9669087974173,246.74288039056142,1,0.0,0.021672838586209598,0.07316323404264544,1777478135.218842,5,/Users/kimsumin/projects/RGMC/data/map/robot17/images/0215.png,/Users/kimsumin/projects/RGMC/data/map/robot17/overlays/0215_overlay.png,/Users/kimsumin/projects/RGMC/data/map/robot17/masks/0215_mask.png
216,0.5343749999999999,0.1875,0.0,517.1348600508906,260.71368243243245,1,0.0,0.0681321485267332,0.04536104530741075,1777478147.3598828,5,/Users/kimsumin/projects/RGMC/data/map/robot17/images/0216.png,/Users/kimsumin/projects/RGMC/data/map/robot17/overlays/0216_overlay.png,/Users/kimsumin/projects/RGMC/data/map/robot17/masks/0216_mask.png
217,0.5640625,0.1875,0.0,517.2185483870968,273.6319612590799,1,0.0,0.04171515659784352,0.023390220288624287,1777478159.1557233,5,/Users/kimsumin/projects/RGMC/data/map/robot17/images/0217.png,/Users/kimsumin/projects/RGMC/data/map/robot17/overlays/0217_overlay.png,/Users/kimsumin/projects/RGMC/data/map/robot17/masks/0217_mask.png
218,0.59375,0.1875,0.0,517.3382352941177,285.9437194127243,1,0.0,0.05445572949770536,0.009751271569264239,1777478171.2968655,5,/Users/kimsumin/projects/RGMC/data/map/robot17/images/0218.png,/Users/kimsumin/projects/RGMC/data/map/robot17/overlays/0218_overlay.png,/Users/kimsumin/projects/RGMC/data/map/robot17/masks/0218_mask.png
219,0.6234375,0.1875,0.0,517.35618729097,300.9037656903766,1,0.0,0.056663628348687475,0.05305232402077972,1777478182.8113098,5,/Users/kimsumin/projects/RGMC/data/map/robot17/images/0219.png,/Users/kimsumin/projects/RGMC/data/map/robot17/overlays/0219_overlay.png,/Users/kimsumin/projects/RGMC/data/map/robot17/masks/0219_mask.png
220,0.653125,0.1875,0.0,517.7385245901639,314.1803278688525,1,0.0,0.3273177495295575,0.05013170748484838,1777478195.2548108,5,/Users/kimsumin/projects/RGMC/data/map/robot17/images/0220.png,/Users/kimsumin/projects/RGMC/data/map/robot17/overlays/0220_overlay.png,/Users/kimsumin/projects/RGMC/data/map/robot17/masks/0220_mask.png
221,0.6828124999999999,0.1875,0.0,517.8443357783211,328.8018018018018,1,0.0,0.0435327911105382,0.07074801900797673,1777478206.9063127,5,/Users/kimsumin/projects/RGMC/data/map/robot17/images/0221.png,/Users/kimsumin/projects/RGMC/data/map/robot17/overlays/0221_overlay.png,/Users/kimsumin/projects/RGMC/data/map/robot17/masks/0221_mask.png
222,0.7124999999999999,0.1875,0.0,517.6844229217111,342.66476810414974,1,0.0,0.04470024665509988,0.14846564612216745,1777478218.335409,5,/Users/kimsumin/projects/RGMC/data/map/robot17/images/0222.png,/Users/kimsumin/projects/RGMC/data/map/robot17/overlays/0222_overlay.png,/Users/kimsumin/projects/RGMC/data/map/robot17/masks/0222_mask.png
223,0.7421875,0.1875,0.0,517.4872204472844,357.2044728434505,1,0.0,0.05679909906081487,0.0792241849246624,1777478229.9371977,5,/Users/kimsumin/projects/RGMC/data/map/robot17/images/0223.png,/Users/kimsumin/projects/RGMC/data/map/robot17/overlays/0223_overlay.png,/Users/kimsumin/projects/RGMC/data/map/robot17/masks/0223_mask.png
224,0.771875,0.1875,0.0,517.7767295597484,371.22773837667455,1,0.0,0.052275254313099796,0.07577711229310939,1777478241.4906797,5,/Users/kimsumin/projects/RGMC/data/map/robot17/images/0224.png,/Users/kimsumin/projects/RGMC/data/map/robot17/overlays/0224_overlay.png,/Users/kimsumin/projects/RGMC/data/map/robot17/masks/0224_mask.png
225,0.8015625,0.1875,0.0,517.7648927720413,385.2388178913738,1,0.0,0.07849250119710652,0.04963153577574705,1777478253.0307932,5,/Users/kimsumin/projects/RGMC/data/map/robot17/images/0225.png,/Users/kimsumin/projects/RGMC/data/map/robot17/overlays/0225_overlay.png,/Users/kimsumin/projects/RGMC/data/map/robot17/masks/0225_mask.png
226,0.8312499999999999,0.1875,0.0,517.8789808917197,398.6058917197452,1,0.0,0.06531182429852206,0.07336307611648428,1777478264.61348,5,/Users/kimsumin/projects/RGMC/data/map/robot17/images/0226.png,/Users/kimsumin/projects/RGMC/data/map/robot17/overlays/0226_overlay.png,/Users/kimsumin/projects/RGMC/data/map/robot17/masks/0226_mask.png
227,0.8609374999999999,0.1875,0.0,518.8216398985629,412.87175324675326,1,0.0,0.3433492936923702,0.025099088880684895,1777478276.1174874,5,/Users/kimsumin/projects/RGMC/data/map/robot17/images/0227.png,/Users/kimsumin/projects/RGMC/data/map/robot17/overlays/0227_overlay.png,/Users/kimsumin/projects/RGMC/data/map/robot17/masks/0227_mask.png
228,0.890625,0.1875,0.0,519.1151615575808,425.68713692946056,1,0.0,0.03096404053877544,0.03083432165640521,1777478288.9253106,5,/Users/kimsumin/projects/RGMC/data/map/robot17/images/0228.png,/Users/kimsumin/projects/RGMC/data/map/robot17/overlays/0228_overlay.png,/Users/kimsumin/projects/RGMC/data/map/robot17/masks/0228_mask.png
229,0.9203125,0.1875,0.0,519.0,439.1195020746888,1,0.0,0.06279486235693135,0.09020905857247763,1777478301.5354302,5,/Users/kimsumin/projects/RGMC/data/map/robot17/images/0229.png,/Users/kimsumin/projects/RGMC/data/map/robot17/overlays/0229_overlay.png,/Users/kimsumin/projects/RGMC/data/map/robot17/masks/0229_mask.png
230,0.95,0.1875,0.0,519.0714886459209,453.6504201680672,1,0.0,0.04487168203615136,0.04060982807635101,1777478312.6273708,5,/Users/kimsumin/projects/RGMC/data/map/robot17/images/0230.png,/Users/kimsumin/projects/RGMC/data/map/robot17/overlays/0230_overlay.png,/Users/kimsumin/projects/RGMC/data/map/robot17/masks/0230_mask.png
231,0.95,0.21875,0.0,511.40470193115027,457.71284634760707,1,0.0,0.05031245591771401,0.05696928053551213,1777478325.6933966,5,/Users/kimsumin/projects/RGMC/data/map/robot17/images/0231.png,/Users/kimsumin/projects/RGMC/data/map/robot17/overlays/0231_overlay.png,/Users/kimsumin/projects/RGMC/data/map/robot17/masks/0231_mask.png
232,0.9203125,0.21875,0.0,505.0942655145326,451.3134328358209,1,0.0,0.08727213323534748,0.08157930792871684,1777478338.1886792,5,/Users/kimsumin/projects/RGMC/data/map/robot17/images/0232.png,/Users/kimsumin/projects/RGMC/data/map/robot17/overlays/0232_overlay.png,/Users/kimsumin/projects/RGMC/data/map/robot17/masks/0232_mask.png
233,0.890625,0.21875,0.0,502.99080267558526,438.94397993311037,1,0.0,0.023206309851313743,0.017916450981768313,1777478350.343673,5,/Users/kimsumin/projects/RGMC/data/map/robot17/images/0233.png,/Users/kimsumin/projects/RGMC/data/map/robot17/overlays/0233_overlay.png,/Users/kimsumin/projects/RGMC/data/map/robot17/masks/0233_mask.png
234,0.8609374999999999,0.21875,0.0,503.04674457429047,425.29352396972246,1,0.0,0.3198519339448699,0.02334540653414981,1777478361.894444,5,/Users/kimsumin/projects/RGMC/data/map/robot17/images/0234.png,/Users/kimsumin/projects/RGMC/data/map/robot17/overlays/0234_overlay.png,/Users/kimsumin/projects/RGMC/data/map/robot17/masks/0234_mask.png
235,0.8312499999999999,0.21875,0.0,503.00082236842104,411.01395730706076,1,0.0,0.040755941903471704,0.02979964274576272,1777478373.4114249,5,/Users/kimsumin/projects/RGMC/data/map/robot17/images/0235.png,/Users/kimsumin/projects/RGMC/data/map/robot17/overlays/0235_overlay.png,/Users/kimsumin/projects/RGMC/data/map/robot17/masks/0235_mask.png
236,0.8015625,0.21875,0.0,503.05912596401026,396.0393498716852,1,0.0,0.025953973895640095,0.027784649353351416,1777478385.0355017,5,/Users/kimsumin/projects/RGMC/data/map/robot17/images/0236.png,/Users/kimsumin/projects/RGMC/data/map/robot17/overlays/0236_overlay.png,/Users/kimsumin/projects/RGMC/data/map/robot17/masks/0236_mask.png
237,0.771875,0.21875,0.0,502.9770017035775,381.6932880203908,1,0.0,0.03089059703310496,0.027538607955969286,1777478396.74005,5,/Users/kimsumin/projects/RGMC/data/map/robot17/images/0237.png,/Users/kimsumin/projects/RGMC/data/map/robot17/overlays/0237_overlay.png,/Users/kimsumin/projects/RGMC/data/map/robot17/masks/0237_mask.png
238,0.7421875,0.21875,0.0,501.9876644736842,368.308009909166,1,0.0,0.06576906643665255,0.022032833168027482,1777478408.245788,5,/Users/kimsumin/projects/RGMC/data/map/robot17/images/0238.png,/Users/kimsumin/projects/RGMC/data/map/robot17/overlays/0238_overlay.png,/Users/kimsumin/projects/RGMC/data/map/robot17/masks/0238_mask.png
239,0.7124999999999999,0.21875,0.0,502.156704361874,354.3546042003231,1,0.0,0.3428051968108793,0.047452535592032524,1777478420.0812526,5,/Users/kimsumin/projects/RGMC/data/map/robot17/images/0239.png,/Users/kimsumin/projects/RGMC/data/map/robot17/overlays/0239_overlay.png,/Users/kimsumin/projects/RGMC/data/map/robot17/masks/0239_mask.png
240,0.6828124999999999,0.21875,0.0,501.8125509372453,341.2917685411573,1,0.0,0.045565372839560865,0.025965027687187364,1777478431.7950652,5,/Users/kimsumin/projects/RGMC/data/map/robot17/images/0240.png,/Users/kimsumin/projects/RGMC/data/map/robot17/overlays/0240_overlay.png,/Users/kimsumin/projects/RGMC/data/map/robot17/masks/0240_mask.png
241,0.653125,0.21875,0.0,501.91799163179917,328.0215767634855,1,0.0,0.07432006560790477,0.06386338448554464,1777478444.720307,5,/Users/kimsumin/projects/RGMC/data/map/robot17/images/0241.png,/Users/kimsumin/projects/RGMC/data/map/robot17/overlays/0241_overlay.png,/Users/kimsumin/projects/RGMC/data/map/robot17/masks/0241_mask.png
242,0.6234375,0.21875,0.0,501.7769607843137,314.20179007323026,1,0.0,0.35519012457529564,0.03868203637404103,1777478456.2157862,5,/Users/kimsumin/projects/RGMC/data/map/robot17/images/0242.png,/Users/kimsumin/projects/RGMC/data/map/robot17/overlays/0242_overlay.png,/Users/kimsumin/projects/RGMC/data/map/robot17/masks/0242_mask.png
243,0.59375,0.21875,0.0,501.70041841004183,300.43676222596963,1,0.0,0.05298178898557675,0.06007141998807457,1777478468.9687095,5,/Users/kimsumin/projects/RGMC/data/map/robot17/images/0243.png,/Users/kimsumin/projects/RGMC/data/map/robot17/overlays/0243_overlay.png,/Users/kimsumin/projects/RGMC/data/map/robot17/masks/0243_mask.png
244,0.5640625,0.21875,0.0,502.5794473229706,286.10276338514683,1,0.0,0.35333718665721886,0.030943859344932045,1777478481.169055,5,/Users/kimsumin/projects/RGMC/data/map/robot17/images/0244.png,/Users/kimsumin/projects/RGMC/data/map/robot17/overlays/0244_overlay.png,/Users/kimsumin/projects/RGMC/data/map/robot17/masks/0244_mask.png
245,0.5343749999999999,0.21875,0.0,501.66503267973854,273.04411764705884,1,0.0,0.04430569398551084,0.03392892717978549,1777478493.6711493,5,/Users/kimsumin/projects/RGMC/data/map/robot17/images/0245.png,/Users/kimsumin/projects/RGMC/data/map/robot17/overlays/0245_overlay.png,/Users/kimsumin/projects/RGMC/data/map/robot17/masks/0245_mask.png
246,0.5046875,0.21875,0.0,501.32679180887374,259.518771331058,1,0.0,0.022738790804125632,0.38168328722591616,1777478505.1375363,5,/Users/kimsumin/projects/RGMC/data/map/robot17/images/0246.png,/Users/kimsumin/projects/RGMC/data/map/robot17/overlays/0246_overlay.png,/Users/kimsumin/projects/RGMC/data/map/robot17/masks/0246_mask.png
247,0.475,0.21875,0.0,501.51209341117595,245.33941908713692,1,0.0,0.05625224167958705,0.0460161430688509,1777478518.2764418,5,/Users/kimsumin/projects/RGMC/data/map/robot17/images/0247.png,/Users/kimsumin/projects/RGMC/data/map/robot17/overlays/0247_overlay.png,/Users/kimsumin/projects/RGMC/data/map/robot17/masks/0247_mask.png
248,0.4453125,0.21875,0.0,501.08624898291293,232.33685923515054,1,0.0,0.08711283704128152,0.03566550616350963,1777478529.9609,5,/Users/kimsumin/projects/RGMC/data/map/robot17/images/0248.png,/Users/kimsumin/projects/RGMC/data/map/robot17/overlays/0248_overlay.png,/Users/kimsumin/projects/RGMC/data/map/robot17/masks/0248_mask.png
249,0.41562499999999997,0.21875,0.0,501.0388109000826,219.3469387755102,1,0.0,0.03736703304727631,0.3392103665331063,1777478543.1265483,5,/Users/kimsumin/projects/RGMC/data/map/robot17/images/0249.png,/Users/kimsumin/projects/RGMC/data/map/robot17/overlays/0249_overlay.png,/Users/kimsumin/projects/RGMC/data/map/robot17/masks/0249_mask.png
250,0.3859375,0.21875,0.0,501.2555464256368,205.19031993437244,1,0.0,0.03618151790174199,0.03287113455092653,1777478555.2675881,5,/Users/kimsumin/projects/RGMC/data/map/robot17/images/0250.png,/Users/kimsumin/projects/RGMC/data/map/robot17/overlays/0250_overlay.png,/Users/kimsumin/projects/RGMC/data/map/robot17/masks/0250_mask.png
251,0.35624999999999996,0.21875,0.0,500.94763513513516,191.76097972972974,1,0.0,0.049677680378296195,0.07056338587158868,1777478566.7740757,5,/Users/kimsumin/projects/RGMC/data/map/robot17/images/0251.png,/Users/kimsumin/projects/RGMC/data/map/robot17/overlays/0251_overlay.png,/Users/kimsumin/projects/RGMC/data/map/robot17/masks/0251_mask.png
252,0.3265625,0.21875,0.0,501.0208333333333,178.23583333333335,1,0.0,0.03959736214799512,0.0073861605483308106,1777478579.2331815,5,/Users/kimsumin/projects/RGMC/data/map/robot17/images/0252.png,/Users/kimsumin/projects/RGMC/data/map/robot17/overlays/0252_overlay.png,/Users/kimsumin/projects/RGMC/data/map/robot17/masks/0252_mask.png
253,0.296875,0.21875,0.0,500.5387149917628,165.10373443983403,1,0.0,0.07262374787739236,0.040366784992939296,1777478590.7924073,5,/Users/kimsumin/projects/RGMC/data/map/robot17/images/0253.png,/Users/kimsumin/projects/RGMC/data/map/robot17/overlays/0253_overlay.png,/Users/kimsumin/projects/RGMC/data/map/robot17/masks/0253_mask.png
254,0.26718749999999997,0.21875,0.0,500.76995708154504,151.60361134995702,1,0.0,0.04164968378845738,0.00948051872098429,1777478602.6175146,5,/Users/kimsumin/projects/RGMC/data/map/robot17/images/0254.png,/Users/kimsumin/projects/RGMC/data/map/robot17/overlays/0254_overlay.png,/Users/kimsumin/projects/RGMC/data/map/robot17/masks/0254_mask.png
255,0.2375,0.21875,0.0,500.3441780821918,138.4119687771032,1,0.0,0.22297283591607892,0.040891505273310605,1777478614.7583587,5,/Users/kimsumin/projects/RGMC/data/map/robot17/images/0255.png,/Users/kimsumin/projects/RGMC/data/map/robot17/overlays/0255_overlay.png,/Users/kimsumin/projects/RGMC/data/map/robot17/masks/0255_mask.png
256,0.20781249999999998,0.21875,0.0,500.8325,125.41362126245848,1,0.0,0.06600540953452341,0.02212508910502927,1777478626.2561367,5,/Users/kimsumin/projects/RGMC/data/map/robot17/images/0256.png,/Users/kimsumin/projects/RGMC/data/map/robot17/overlays/0256_overlay.png,/Users/kimsumin/projects/RGMC/data/map/robot17/masks/0256_mask.png
257,0.17812499999999998,0.21875,0.0,500.71952259164533,112.38135593220339,1,0.0,0.11320466343319871,0.06854621327813076,1777478638.1915374,5,/Users/kimsumin/projects/RGMC/data/map/robot17/images/0257.png,/Users/kimsumin/projects/RGMC/data/map/robot17/overlays/0257_overlay.png,/Users/kimsumin/projects/RGMC/data/map/robot17/masks/0257_mask.png
258,0.1484375,0.21875,0.0,500.71503040834057,99.567615658363,1,0.0,0.2547811885106593,0.1384311629619836,1777478649.608722,5,/Users/kimsumin/projects/RGMC/data/map/robot17/images/0258.png,/Users/kimsumin/projects/RGMC/data/map/robot17/overlays/0258_overlay.png,/Users/kimsumin/projects/RGMC/data/map/robot17/masks/0258_mask.png
259,0.11875,0.21875,0.0,500.64453781512606,85.41251056635672,1,0.0,0.06555285972763585,0.044792002986667315,1777478662.0377183,5,/Users/kimsumin/projects/RGMC/data/map/robot17/images/0259.png,/Users/kimsumin/projects/RGMC/data/map/robot17/overlays/0259_overlay.png,/Users/kimsumin/projects/RGMC/data/map/robot17/masks/0259_mask.png
260,0.08906249999999999,0.21875,0.0,500.2830850131464,72.625,1,0.0,0.02461809014681529,0.025777108406081224,1777478673.7288594,5,/Users/kimsumin/projects/RGMC/data/map/robot17/images/0260.png,/Users/kimsumin/projects/RGMC/data/map/robot17/overlays/0260_overlay.png,/Users/kimsumin/projects/RGMC/data/map/robot17/masks/0260_mask.png
261,0.059375,0.21875,0.0,500.1220575414124,60.16094986807388,1,0.0,0.05507083235785611,0.0613842577948306,1777478685.2186892,5,/Users/kimsumin/projects/RGMC/data/map/robot17/images/0261.png,/Users/kimsumin/projects/RGMC/data/map/robot17/overlays/0261_overlay.png,/Users/kimsumin/projects/RGMC/data/map/robot17/masks/0261_mask.png
262,0.0296875,0.21875,0.0,500.00257510729614,45.90987124463519,1,0.0,0.11974743323429328,0.03265109738070121,1777478696.701109,5,/Users/kimsumin/projects/RGMC/data/map/robot17/images/0262.png,/Users/kimsumin/projects/RGMC/data/map/robot17/overlays/0262_overlay.png,/Users/kimsumin/projects/RGMC/data/map/robot17/masks/0262_mask.png
263,0.0,0.21875,0.0,500.0130662020906,32.85291557876414,1,0.0,0.023432103539786104,0.03285868006319806,1777478708.9846983,5,/Users/kimsumin/projects/RGMC/data/map/robot17/images/0263.png,/Users/kimsumin/projects/RGMC/data/map/robot17/overlays/0263_overlay.png,/Users/kimsumin/projects/RGMC/data/map/robot17/masks/0263_mask.png
264,0.0,0.25,0.0,491.6623931623932,29.1991452991453,1,0.0,0.058387076910151964,0.03081654631733054,1777478720.5995061,5,/Users/kimsumin/projects/RGMC/data/map/robot17/images/0264.png,/Users/kimsumin/projects/RGMC/data/map/robot17/overlays/0264_overlay.png,/Users/kimsumin/projects/RGMC/data/map/robot17/masks/0264_mask.png
265,0.0296875,0.25,0.0,487.9894551845343,38.257469244288224,1,0.0,0.04432272591305013,0.08298376127085698,1777478733.2880406,5,/Users/kimsumin/projects/RGMC/data/map/robot17/images/0265.png,/Users/kimsumin/projects/RGMC/data/map/robot17/overlays/0265_overlay.png,/Users/kimsumin/projects/RGMC/data/map/robot17/masks/0265_mask.png
266,0.059375,0.25,0.0,487.77239488117004,51.417883211678834,1,0.0,0.029594720465649763,0.03477798871869544,1777478744.9623187,5,/Users/kimsumin/projects/RGMC/data/map/robot17/images/0266.png,/Users/kimsumin/projects/RGMC/data/map/robot17/overlays/0266_overlay.png,/Users/kimsumin/projects/RGMC/data/map/robot17/masks/0266_mask.png
267,0.08906249999999999,0.25,0.0,487.67053571428573,64.31099195710456,1,0.0,0.0365628804147904,0.03137299209062501,1777478756.431985,5,/Users/kimsumin/projects/RGMC/data/map/robot17/images/0267.png,/Users/kimsumin/projects/RGMC/data/map/robot17/overlays/0267_overlay.png,/Users/kimsumin/projects/RGMC/data/map/robot17/masks/0267_mask.png
268,0.11875,0.25,0.0,487.639431616341,76.44906997342781,1,0.0,0.038836097944462314,0.03963909263027476,1777478767.9810917,5,/Users/kimsumin/projects/RGMC/data/map/robot17/images/0268.png,/Users/kimsumin/projects/RGMC/data/map/robot17/overlays/0268_overlay.png,/Users/kimsumin/projects/RGMC/data/map/robot17/masks/0268_mask.png
269,0.1484375,0.25,0.0,487.77016478751085,89.19757365684575,1,0.0,0.022750542492987438,0.07405365322454605,1777478779.446573,5,/Users/kimsumin/projects/RGMC/data/map/robot17/images/0269.png,/Users/kimsumin/projects/RGMC/data/map/robot17/overlays/0269_overlay.png,/Users/kimsumin/projects/RGMC/data/map/robot17/masks/0269_mask.png
270,0.17812499999999998,0.25,0.0,487.6689419795222,101.89505119453925,1,0.0,0.0753743401201187,0.08551520329096036,1777478791.1058047,5,/Users/kimsumin/projects/RGMC/data/map/robot17/images/0270.png,/Users/kimsumin/projects/RGMC/data/map/robot17/overlays/0270_overlay.png,/Users/kimsumin/projects/RGMC/data/map/robot17/masks/0270_mask.png
271,0.20781249999999998,0.25,0.0,487.7199281867145,115.47011596788582,1,0.0,0.048426890104567216,0.024566758123945587,1777478803.3431237,5,/Users/kimsumin/projects/RGMC/data/map/robot17/images/0271.png,/Users/kimsumin/projects/RGMC/data/map/robot17/overlays/0271_overlay.png,/Users/kimsumin/projects/RGMC/data/map/robot17/masks/0271_mask.png
272,0.2375,0.25,0.0,487.8511210762332,128.2025202520252,1,0.0,0.049219971818620256,0.09715115336669415,1777478814.837961,5,/Users/kimsumin/projects/RGMC/data/map/robot17/images/0272.png,/Users/kimsumin/projects/RGMC/data/map/robot17/overlays/0272_overlay.png,/Users/kimsumin/projects/RGMC/data/map/robot17/masks/0272_mask.png
273,0.26718749999999997,0.25,0.0,487.7157622739018,141.25258620689655,1,0.0,0.05991624644732941,0.06533392426533129,1777478826.3550322,5,/Users/kimsumin/projects/RGMC/data/map/robot17/images/0273.png,/Users/kimsumin/projects/RGMC/data/map/robot17/overlays/0273_overlay.png,/Users/kimsumin/projects/RGMC/data/map/robot17/masks/0273_mask.png
274,0.296875,0.25,0.0,487.6125,154.91194968553458,1,0.0,0.05536746812996889,0.25317778330199375,1777478838.49898,5,/Users/kimsumin/projects/RGMC/data/map/robot17/images/0274.png,/Users/kimsumin/projects/RGMC/data/map/robot17/overlays/0274_overlay.png,/Users/kimsumin/projects/RGMC/data/map/robot17/masks/0274_mask.png
275,0.3265625,0.25,0.0,487.62710363153235,167.37289636846768,1,0.0,0.009492910693282277,0.016876992875509502,1777478850.1131558,5,/Users/kimsumin/projects/RGMC/data/map/robot17/images/0275.png,/Users/kimsumin/projects/RGMC/data/map/robot17/overlays/0275_overlay.png,/Users/kimsumin/projects/RGMC/data/map/robot17/masks/0275_mask.png
276,0.35624999999999996,0.25,0.0,487.8152364273205,180.46160558464223,1,0.0,0.08857178169423571,0.07897076626348853,1777478861.6577384,5,/Users/kimsumin/projects/RGMC/data/map/robot17/images/0276.png,/Users/kimsumin/projects/RGMC/data/map/robot17/overlays/0276_overlay.png,/Users/kimsumin/projects/RGMC/data/map/robot17/masks/0276_mask.png
277,0.3859375,0.25,0.0,487.57142857142856,194.69092542677447,1,0.0,0.02494073998038237,0.37093378616354156,1777478873.124502,5,/Users/kimsumin/projects/RGMC/data/map/robot17/images/0277.png,/Users/kimsumin/projects/RGMC/data/map/robot17/overlays/0277_overlay.png,/Users/kimsumin/projects/RGMC/data/map/robot17/masks/0277_mask.png
278,0.41562499999999997,0.25,0.0,487.6941789748045,207.94092093831452,1,0.0,0.0453183347726677,0.016200389808278287,1777478884.611791,5,/Users/kimsumin/projects/RGMC/data/map/robot17/images/0278.png,/Users/kimsumin/projects/RGMC/data/map/robot17/overlays/0278_overlay.png,/Users/kimsumin/projects/RGMC/data/map/robot17/masks/0278_mask.png
279,0.4453125,0.25,0.0,488.2328654004955,221.28429752066117,1,0.0,0.18453728918859633,0.07069328775961613,1777478896.2776084,5,/Users/kimsumin/projects/RGMC/data/map/robot17/images/0279.png,/Users/kimsumin/projects/RGMC/data/map/robot17/overlays/0279_overlay.png,/Users/kimsumin/projects/RGMC/data/map/robot17/masks/0279_mask.png
280,0.475,0.25,0.0,487.8691983122363,233.86429177268872,1,0.0,0.06343013359900768,0.06244144375843424,1777478908.012099,5,/Users/kimsumin/projects/RGMC/data/map/robot17/images/0280.png,/Users/kimsumin/projects/RGMC/data/map/robot17/overlays/0280_overlay.png,/Users/kimsumin/projects/RGMC/data/map/robot17/masks/0280_mask.png
281,0.5046875,0.25,0.0,487.89652317880797,247.28833333333333,1,0.0,0.2080422950754837,0.06739681473829046,1777478920.6379042,5,/Users/kimsumin/projects/RGMC/data/map/robot17/images/0281.png,/Users/kimsumin/projects/RGMC/data/map/robot17/overlays/0281_overlay.png,/Users/kimsumin/projects/RGMC/data/map/robot17/masks/0281_mask.png
282,0.5343749999999999,0.25,0.0,488.0513900589722,261.3787128712871,1,0.0,0.25508194158045944,0.06563896568701912,1777478933.3158028,5,/Users/kimsumin/projects/RGMC/data/map/robot17/images/0282.png,/Users/kimsumin/projects/RGMC/data/map/robot17/overlays/0282_overlay.png,/Users/kimsumin/projects/RGMC/data/map/robot17/masks/0282_mask.png
283,0.5640625,0.25,0.0,487.78504672897196,274.06081081081084,1,0.0,0.09220618167031243,0.07534984119609897,1777478945.754213,5,/Users/kimsumin/projects/RGMC/data/map/robot17/images/0283.png,/Users/kimsumin/projects/RGMC/data/map/robot17/overlays/0283_overlay.png,/Users/kimsumin/projects/RGMC/data/map/robot17/masks/0283_mask.png
284,0.59375,0.25,0.0,488.37858347386174,288.32263513513516,1,0.0,0.06513978158392666,0.04338834429000549,1777478957.9052813,5,/Users/kimsumin/projects/RGMC/data/map/robot17/images/0284.png,/Users/kimsumin/projects/RGMC/data/map/robot17/overlays/0284_overlay.png,/Users/kimsumin/projects/RGMC/data/map/robot17/masks/0284_mask.png
285,0.6234375,0.25,0.0,488.58489033306256,301.5464169381107,1,0.0,0.05041967689920974,0.051127143856669464,1777478970.1606905,5,/Users/kimsumin/projects/RGMC/data/map/robot17/images/0285.png,/Users/kimsumin/projects/RGMC/data/map/robot17/overlays/0285_overlay.png,/Users/kimsumin/projects/RGMC/data/map/robot17/masks/0285_mask.png
286,0.653125,0.25,0.0,488.7765314926661,315.6171132238548,1,0.0,0.09387152032198724,0.03623989075331132,1777478981.7159598,5,/Users/kimsumin/projects/RGMC/data/map/robot17/images/0286.png,/Users/kimsumin/projects/RGMC/data/map/robot17/overlays/0286_overlay.png,/Users/kimsumin/projects/RGMC/data/map/robot17/masks/0286_mask.png
287,0.6828124999999999,0.25,0.0,488.7959866220736,329.07274247491637,1,0.0,0.027185614329844388,0.05403298609771908,1777478993.630597,5,/Users/kimsumin/projects/RGMC/data/map/robot17/images/0287.png,/Users/kimsumin/projects/RGMC/data/map/robot17/overlays/0287_overlay.png,/Users/kimsumin/projects/RGMC/data/map/robot17/masks/0287_mask.png
288,0.7124999999999999,0.25,0.0,488.7430668841762,342.51507742461285,1,0.0,0.010606994327367348,0.03251270155547387,1777479005.1786397,5,/Users/kimsumin/projects/RGMC/data/map/robot17/images/0288.png,/Users/kimsumin/projects/RGMC/data/map/robot17/overlays/0288_overlay.png,/Users/kimsumin/projects/RGMC/data/map/robot17/masks/0288_mask.png
289,0.7421875,0.25,0.0,488.80747359870026,356.99837925445706,1,0.0,0.04186462395495859,0.043014568453380954,1777479017.1828125,5,/Users/kimsumin/projects/RGMC/data/map/robot17/images/0289.png,/Users/kimsumin/projects/RGMC/data/map/robot17/overlays/0289_overlay.png,/Users/kimsumin/projects/RGMC/data/map/robot17/masks/0289_mask.png
290,0.771875,0.25,0.0,488.9818481848185,369.96039603960395,1,0.0,0.04105212920755966,0.061045722863526886,1777479028.80841,5,/Users/kimsumin/projects/RGMC/data/map/robot17/images/0290.png,/Users/kimsumin/projects/RGMC/data/map/robot17/overlays/0290_overlay.png,/Users/kimsumin/projects/RGMC/data/map/robot17/masks/0290_mask.png
291,0.8015625,0.25,0.0,488.7551867219917,384.4397339983375,1,0.0,0.05111419177113115,0.29956845682270666,1777479040.313727,5,/Users/kimsumin/projects/RGMC/data/map/robot17/images/0291.png,/Users/kimsumin/projects/RGMC/data/map/robot17/overlays/0291_overlay.png,/Users/kimsumin/projects/RGMC/data/map/robot17/masks/0291_mask.png
292,0.8312499999999999,0.25,0.0,488.83252427184465,397.6038803556993,1,0.0,0.018433317049565655,0.02492413391301016,1777479052.6447494,5,/Users/kimsumin/projects/RGMC/data/map/robot17/images/0292.png,/Users/kimsumin/projects/RGMC/data/map/robot17/overlays/0292_overlay.png,/Users/kimsumin/projects/RGMC/data/map/robot17/masks/0292_mask.png
293,0.8609374999999999,0.25,0.0,489.3076923076923,411.1938775510204,1,0.0,0.02089247626655735,0.023238802226755183,1777479064.122811,5,/Users/kimsumin/projects/RGMC/data/map/robot17/images/0293.png,/Users/kimsumin/projects/RGMC/data/map/robot17/overlays/0293_overlay.png,/Users/kimsumin/projects/RGMC/data/map/robot17/masks/0293_mask.png
294,0.890625,0.25,0.0,489.1642394822006,425.2270884022709,1,0.0,0.018190434997429415,0.0483948783877878,1777479075.8993835,5,/Users/kimsumin/projects/RGMC/data/map/robot17/images/0294.png,/Users/kimsumin/projects/RGMC/data/map/robot17/overlays/0294_overlay.png,/Users/kimsumin/projects/RGMC/data/map/robot17/masks/0294_mask.png
295,0.9203125,0.25,0.0,488.9443561208267,438.6096979332273,1,0.0,0.04512855270666448,0.06574804416838848,1777479087.7962663,5,/Users/kimsumin/projects/RGMC/data/map/robot17/images/0295.png,/Users/kimsumin/projects/RGMC/data/map/robot17/overlays/0295_overlay.png,/Users/kimsumin/projects/RGMC/data/map/robot17/masks/0295_mask.png
296,0.95,0.25,0.0,489.21902478017586,454.4379968203498,1,0.0,0.030002518075639414,0.1820489818384628,1777479099.3990638,5,/Users/kimsumin/projects/RGMC/data/map/robot17/images/0296.png,/Users/kimsumin/projects/RGMC/data/map/robot17/overlays/0296_overlay.png,/Users/kimsumin/projects/RGMC/data/map/robot17/masks/0296_mask.png
297,0.95,0.28125,0.0,481.5954135954136,457.2571898110107,1,0.0,0.054352876678743736,0.09698692233137331,1777479110.9102738,5,/Users/kimsumin/projects/RGMC/data/map/robot17/images/0297.png,/Users/kimsumin/projects/RGMC/data/map/robot17/overlays/0297_overlay.png,/Users/kimsumin/projects/RGMC/data/map/robot17/masks/0297_mask.png
298,0.9203125,0.28125,0.0,475.8849270664506,451.71612903225804,1,0.0,0.018769094335037494,0.021182330294776723,1777479123.1000378,5,/Users/kimsumin/projects/RGMC/data/map/robot17/images/0298.png,/Users/kimsumin/projects/RGMC/data/map/robot17/overlays/0298_overlay.png,/Users/kimsumin/projects/RGMC/data/map/robot17/masks/0298_mask.png
299,0.890625,0.28125,0.0,473.1011419249592,438.4975806451613,1,0.0,0.04832256386732904,0.15703065862278756,1777479134.5067513,5,/Users/kimsumin/projects/RGMC/data/map/robot17/images/0299.png,/Users/kimsumin/projects/RGMC/data/map/robot17/overlays/0299_overlay.png,/Users/kimsumin/projects/RGMC/data/map/robot17/masks/0299_mask.png
300,0.8609374999999999,0.28125,0.0,473.16843826655764,424.82420278004906,1,0.0,0.05396264804748708,0.049752034963715996,1777479146.1093507,5,/Users/kimsumin/projects/RGMC/data/map/robot17/images/0300.png,/Users/kimsumin/projects/RGMC/data/map/robot17/overlays/0300_overlay.png,/Users/kimsumin/projects/RGMC/data/map/robot17/masks/0300_mask.png
301,0.8312499999999999,0.28125,0.0,473.4336,410.4088,1,0.0,0.06949723350208298,0.15567381118553805,1777479157.5720065,5,/Users/kimsumin/projects/RGMC/data/map/robot17/images/0301.png,/Users/kimsumin/projects/RGMC/data/map/robot17/overlays/0301_overlay.png,/Users/kimsumin/projects/RGMC/data/map/robot17/masks/0301_mask.png
302,0.8015625,0.28125,0.0,473.4149879129734,396.75040518638576,1,0.0,0.04505265487169035,0.027541158480515478,1777479169.5014994,5,/Users/kimsumin/projects/RGMC/data/map/robot17/images/0302.png,/Users/kimsumin/projects/RGMC/data/map/robot17/overlays/0302_overlay.png,/Users/kimsumin/projects/RGMC/data/map/robot17/masks/0302_mask.png
303,0.771875,0.28125,0.0,473.2356739305892,382.5301204819277,1,0.0,0.042943567904733325,0.014699120407870804,1777479181.809404,5,/Users/kimsumin/projects/RGMC/data/map/robot17/images/0303.png,/Users/kimsumin/projects/RGMC/data/map/robot17/overlays/0303_overlay.png,/Users/kimsumin/projects/RGMC/data/map/robot17/masks/0303_mask.png
304,0.7421875,0.28125,0.0,473.12427983539095,368.77220394736844,1,0.0,0.026356867274493077,0.010846226734314264,1777479194.0439572,5,/Users/kimsumin/projects/RGMC/data/map/robot17/images/0304.png,/Users/kimsumin/projects/RGMC/data/map/robot17/overlays/0304_overlay.png,/Users/kimsumin/projects/RGMC/data/map/robot17/masks/0304_mask.png
305,0.7124999999999999,0.28125,0.0,473.2001640689089,354.0627546862266,1,0.0,0.07145394684730262,0.04034483053189538,1777479205.549136,5,/Users/kimsumin/projects/RGMC/data/map/robot17/images/0305.png,/Users/kimsumin/projects/RGMC/data/map/robot17/overlays/0305_overlay.png,/Users/kimsumin/projects/RGMC/data/map/robot17/masks/0305_mask.png
306,0.6828124999999999,0.28125,0.0,472.95211038961037,341.09496753246754,1,0.0,0.06779340536012653,0.07707013452847102,1777479216.991883,5,/Users/kimsumin/projects/RGMC/data/map/robot17/images/0306.png,/Users/kimsumin/projects/RGMC/data/map/robot17/overlays/0306_overlay.png,/Users/kimsumin/projects/RGMC/data/map/robot17/masks/0306_mask.png
307,0.653125,0.28125,0.0,472.9851362510322,326.5284888521883,1,0.0,0.043929819897840804,0.03873849231441273,1777479228.6978002,5,/Users/kimsumin/projects/RGMC/data/map/robot17/images/0307.png,/Users/kimsumin/projects/RGMC/data/map/robot17/overlays/0307_overlay.png,/Users/kimsumin/projects/RGMC/data/map/robot17/masks/0307_mask.png
308,0.6234375,0.28125,0.0,472.90166666666664,313.2959604286892,1,0.0,0.08424468996539305,0.06566453807151994,1777479240.1791365,5,/Users/kimsumin/projects/RGMC/data/map/robot17/images/0308.png,/Users/kimsumin/projects/RGMC/data/map/robot17/overlays/0308_overlay.png,/Users/kimsumin/projects/RGMC/data/map/robot17/masks/0308_mask.png
309,0.59375,0.28125,0.0,473.1109243697479,299.7409891031014,1,0.0,0.039031973668584685,0.029967055693140936,1777479253.4721918,5,/Users/kimsumin/projects/RGMC/data/map/robot17/images/0309.png,/Users/kimsumin/projects/RGMC/data/map/robot17/overlays/0309_overlay.png,/Users/kimsumin/projects/RGMC/data/map/robot17/masks/0309_mask.png
310,0.5640625,0.28125,0.0,473.20970394736844,285.6963696369637,1,0.0,0.06612124437923415,0.1409306111779833,1777479266.279069,5,/Users/kimsumin/projects/RGMC/data/map/robot17/images/0310.png,/Users/kimsumin/projects/RGMC/data/map/robot17/overlays/0310_overlay.png,/Users/kimsumin/projects/RGMC/data/map/robot17/masks/0310_mask.png
311,0.5343749999999999,0.28125,0.0,472.97895622895624,272.4995780590717,1,0.0,0.02395912607561052,0.039011327856961535,1777479277.9682677,5,/Users/kimsumin/projects/RGMC/data/map/robot17/images/0311.png,/Users/kimsumin/projects/RGMC/data/map/robot17/overlays/0311_overlay.png,/Users/kimsumin/projects/RGMC/data/map/robot17/masks/0311_mask.png
312,0.5046875,0.28125,0.0,473.0422885572139,258.2679900744417,1,0.0,0.10888785764828694,0.046713430813222184,1777479289.499971,5,/Users/kimsumin/projects/RGMC/data/map/robot17/images/0312.png,/Users/kimsumin/projects/RGMC/data/map/robot17/overlays/0312_overlay.png,/Users/kimsumin/projects/RGMC/data/map/robot17/masks/0312_mask.png
313,0.475,0.28125,0.0,473.04746317512274,245.22749590834698,1,0.0,0.05316070753585997,0.038064595367898836,1777479300.9673417,5,/Users/kimsumin/projects/RGMC/data/map/robot17/images/0313.png,/Users/kimsumin/projects/RGMC/data/map/robot17/overlays/0313_overlay.png,/Users/kimsumin/projects/RGMC/data/map/robot17/masks/0313_mask.png
314,0.4453125,0.28125,0.0,472.91318591318594,232.07124895222128,1,0.0,0.024638030757420003,0.1980478583744535,1777479312.744657,5,/Users/kimsumin/projects/RGMC/data/map/robot17/images/0314.png,/Users/kimsumin/projects/RGMC/data/map/robot17/overlays/0314_overlay.png,/Users/kimsumin/projects/RGMC/data/map/robot17/masks/0314_mask.png
315,0.41562499999999997,0.28125,0.0,472.6571661237785,217.80603096984515,1,0.0,0.021044825874514932,0.042555126937,1777479324.982988,5,/Users/kimsumin/projects/RGMC/data/map/robot17/images/0315.png,/Users/kimsumin/projects/RGMC/data/map/robot17/overlays/0315_overlay.png,/Users/kimsumin/projects/RGMC/data/map/robot17/masks/0315_mask.png
316,0.3859375,0.28125,0.0,472.91239669421486,204.7306425041186,1,0.0,0.05487816694201674,0.030636179641617436,1777479336.495889,5,/Users/kimsumin/projects/RGMC/data/map/robot17/images/0316.png,/Users/kimsumin/projects/RGMC/data/map/robot17/overlays/0316_overlay.png,/Users/kimsumin/projects/RGMC/data/map/robot17/masks/0316_mask.png
317,0.35624999999999996,0.28125,0.0,472.04753820033955,190.9397283531409,1,0.0,0.30949594311343764,0.3196479428113522,1777479348.1429837,5,/Users/kimsumin/projects/RGMC/data/map/robot17/images/0317.png,/Users/kimsumin/projects/RGMC/data/map/robot17/overlays/0317_overlay.png,/Users/kimsumin/projects/RGMC/data/map/robot17/masks/0317_mask.png
318,0.3265625,0.28125,0.0,471.8085106382979,177.7125850340136,1,0.0,0.050377624805720334,0.014938533467873575,1777479359.9157426,5,/Users/kimsumin/projects/RGMC/data/map/robot17/images/0318.png,/Users/kimsumin/projects/RGMC/data/map/robot17/overlays/0318_overlay.png,/Users/kimsumin/projects/RGMC/data/map/robot17/masks/0318_mask.png
319,0.296875,0.28125,0.0,472.4792027729636,164.30662020905925,1,0.0,0.1790329411031169,0.051471089908603655,1777479372.1402934,5,/Users/kimsumin/projects/RGMC/data/map/robot17/images/0319.png,/Users/kimsumin/projects/RGMC/data/map/robot17/overlays/0319_overlay.png,/Users/kimsumin/projects/RGMC/data/map/robot17/masks/0319_mask.png
320,0.26718749999999997,0.28125,0.0,472.63700440528635,150.6627417998318,1,0.0,0.2223293246143447,0.3594610898676203,1777479384.6463065,5,/Users/kimsumin/projects/RGMC/data/map/robot17/images/0320.png,/Users/kimsumin/projects/RGMC/data/map/robot17/overlays/0320_overlay.png,/Users/kimsumin/projects/RGMC/data/map/robot17/masks/0320_mask.png
321,0.2375,0.28125,0.0,472.01724137931035,137.63131313131314,1,0.0,0.26998665638118546,0.04953815693338017,1777479395.9854424,5,/Users/kimsumin/projects/RGMC/data/map/robot17/images/0321.png,/Users/kimsumin/projects/RGMC/data/map/robot17/overlays/0321_overlay.png,/Users/kimsumin/projects/RGMC/data/map/robot17/masks/0321_mask.png
322,0.20781249999999998,0.28125,0.0,472.526228143214,124.85678601165695,1,0.0,0.09167086035449282,0.0900595844497951,1777479407.445494,5,/Users/kimsumin/projects/RGMC/data/map/robot17/images/0322.png,/Users/kimsumin/projects/RGMC/data/map/robot17/overlays/0322_overlay.png,/Users/kimsumin/projects/RGMC/data/map/robot17/masks/0322_mask.png
323,0.17812499999999998,0.28125,0.0,472.55699481865287,111.62953367875647,1,0.0,0.18493161906955963,0.057744107417846066,1777479419.110062,5,/Users/kimsumin/projects/RGMC/data/map/robot17/images/0323.png,/Users/kimsumin/projects/RGMC/data/map/robot17/overlays/0323_overlay.png,/Users/kimsumin/projects/RGMC/data/map/robot17/masks/0323_mask.png
324,0.1484375,0.28125,0.0,472.5797342192691,97.62806424344886,1,0.0,0.306261937429403,0.07691860759578718,1777479430.8202944,5,/Users/kimsumin/projects/RGMC/data/map/robot17/images/0324.png,/Users/kimsumin/projects/RGMC/data/map/robot17/overlays/0324_overlay.png,/Users/kimsumin/projects/RGMC/data/map/robot17/masks/0324_mask.png
325,0.11875,0.28125,0.0,472.54830718414536,84.7985257985258,1,0.0,0.0770627087782754,0.03571327997436069,1777479444.1373773,5,/Users/kimsumin/projects/RGMC/data/map/robot17/images/0325.png,/Users/kimsumin/projects/RGMC/data/map/robot17/overlays/0325_overlay.png,/Users/kimsumin/projects/RGMC/data/map/robot17/masks/0325_mask.png
326,0.08906249999999999,0.28125,0.0,472.1887125220459,72.1908856405847,1,0.0,0.18222304540721918,0.039681321564206486,1777479455.8106337,5,/Users/kimsumin/projects/RGMC/data/map/robot17/images/0326.png,/Users/kimsumin/projects/RGMC/data/map/robot17/overlays/0326_overlay.png,/Users/kimsumin/projects/RGMC/data/map/robot17/masks/0326_mask.png
327,0.059375,0.28125,0.0,472.0218380345769,58.97816196542311,1,0.0,0.04947114628891337,0.05040891313764636,1777479468.5056143,5,/Users/kimsumin/projects/RGMC/data/map/robot17/images/0327.png,/Users/kimsumin/projects/RGMC/data/map/robot17/overlays/0327_overlay.png,/Users/kimsumin/projects/RGMC/data/map/robot17/masks/0327_mask.png
328,0.0296875,0.28125,0.0,472.14678111587983,45.232817869415804,1,0.0,0.043910031166630066,0.04423971461135386,1777479480.301726,5,/Users/kimsumin/projects/RGMC/data/map/robot17/images/0328.png,/Users/kimsumin/projects/RGMC/data/map/robot17/overlays/0328_overlay.png,/Users/kimsumin/projects/RGMC/data/map/robot17/masks/0328_mask.png
329,0.0,0.28125,0.0,472.12714776632305,31.62645218945487,1,0.0,0.04250736823716086,0.4051877942950093,1777479492.440497,5,/Users/kimsumin/projects/RGMC/data/map/robot17/images/0329.png,/Users/kimsumin/projects/RGMC/data/map/robot17/overlays/0329_overlay.png,/Users/kimsumin/projects/RGMC/data/map/robot17/masks/0329_mask.png
330,0.0,0.3125,0.0,462.9053356282272,29.215821152192607,1,0.0,0.00926013116937886,0.022647025241138177,1777479504.7764573,5,/Users/kimsumin/projects/RGMC/data/map/robot17/images/0330.png,/Users/kimsumin/projects/RGMC/data/map/robot17/overlays/0330_overlay.png,/Users/kimsumin/projects/RGMC/data/map/robot17/masks/0330_mask.png
331,0.0296875,0.3125,0.0,459.63324538258576,37.94639718804921,1,0.0,0.03931641721679333,0.022608873333452812,1777479516.419211,5,/Users/kimsumin/projects/RGMC/data/map/robot17/images/0331.png,/Users/kimsumin/projects/RGMC/data/map/robot17/overlays/0331_overlay.png,/Users/kimsumin/projects/RGMC/data/map/robot17/masks/0331_mask.png
332,0.059375,0.3125,0.0,459.12104787714543,51.04500450045005,1,0.0,0.0144184077899906,0.3828681487183738,1777479527.8766792,5,/Users/kimsumin/projects/RGMC/data/map/robot17/images/0332.png,/Users/kimsumin/projects/RGMC/data/map/robot17/overlays/0332_overlay.png,/Users/kimsumin/projects/RGMC/data/map/robot17/masks/0332_mask.png
333,0.08906249999999999,0.3125,0.0,459.3969669937556,63.68867082961641,1,0.0,0.02798771590076735,0.03877450183175302,1777479539.6475396,5,/Users/kimsumin/projects/RGMC/data/map/robot17/images/0333.png,/Users/kimsumin/projects/RGMC/data/map/robot17/overlays/0333_overlay.png,/Users/kimsumin/projects/RGMC/data/map/robot17/masks/0333_mask.png
334,0.11875,0.3125,0.0,459.56981786643536,76.59473684210526,1,0.0,0.06118925781695391,0.061525312491533944,1777479551.235518,5,/Users/kimsumin/projects/RGMC/data/map/robot17/images/0334.png,/Users/kimsumin/projects/RGMC/data/map/robot17/overlays/0334_overlay.png,/Users/kimsumin/projects/RGMC/data/map/robot17/masks/0334_mask.png
335,0.1484375,0.3125,0.0,459.3280977312391,88.95113438045375,1,0.0,0.05391847905631656,0.06951793888086766,1777479562.8895276,5,/Users/kimsumin/projects/RGMC/data/map/robot17/images/0335.png,/Users/kimsumin/projects/RGMC/data/map/robot17/overlays/0335_overlay.png,/Users/kimsumin/projects/RGMC/data/map/robot17/masks/0335_mask.png
336,0.17812499999999998,0.3125,0.0,459.4235395189003,101.81599312123818,1,0.0,0.01619613722813346,0.03604305771293115,1777479575.3520708,5,/Users/kimsumin/projects/RGMC/data/map/robot17/images/0336.png,/Users/kimsumin/projects/RGMC/data/map/robot17/overlays/0336_overlay.png,/Users/kimsumin/projects/RGMC/data/map/robot17/masks/0336_mask.png
337,0.20781249999999998,0.3125,0.0,459.02875112309073,115.26241134751773,1,0.0,0.032742863949919175,0.06787859628123105,1777479586.9896455,5,/Users/kimsumin/projects/RGMC/data/map/robot17/images/0337.png,/Users/kimsumin/projects/RGMC/data/map/robot17/overlays/0337_overlay.png,/Users/kimsumin/projects/RGMC/data/map/robot17/masks/0337_mask.png
338,0.2375,0.3125,0.0,459.21020228671944,127.77132805628848,1,0.0,0.05704341496099776,0.03324731769929548,1777479598.4209476,5,/Users/kimsumin/projects/RGMC/data/map/robot17/images/0338.png,/Users/kimsumin/projects/RGMC/data/map/robot17/overlays/0338_overlay.png,/Users/kimsumin/projects/RGMC/data/map/robot17/masks/0338_mask.png
339,0.26718749999999997,0.3125,0.0,459.3478260869565,141.1148825065274,1,0.0,0.0388514715172794,0.060585182601926274,1777479610.683452,5,/Users/kimsumin/projects/RGMC/data/map/robot17/images/0339.png,/Users/kimsumin/projects/RGMC/data/map/robot17/overlays/0339_overlay.png,/Users/kimsumin/projects/RGMC/data/map/robot17/masks/0339_mask.png
340,0.296875,0.3125,0.0,459.2230026338894,153.67076382791922,1,0.0,0.046692342754363375,0.05645884127221734,1777479622.281899,5,/Users/kimsumin/projects/RGMC/data/map/robot17/images/0340.png,/Users/kimsumin/projects/RGMC/data/map/robot17/overlays/0340_overlay.png,/Users/kimsumin/projects/RGMC/data/map/robot17/masks/0340_mask.png
341,0.3265625,0.3125,0.0,459.3354260089686,167.29857397504458,1,0.0,0.03771417307921336,0.2985513923559005,1777479633.6889372,5,/Users/kimsumin/projects/RGMC/data/map/robot17/images/0341.png,/Users/kimsumin/projects/RGMC/data/map/robot17/overlays/0341_overlay.png,/Users/kimsumin/projects/RGMC/data/map/robot17/masks/0341_mask.png
342,0.35624999999999996,0.3125,0.0,459.3972003499563,180.66958808063103,1,0.0,0.028388608876311977,0.017962637866570652,1777479647.1193545,5,/Users/kimsumin/projects/RGMC/data/map/robot17/images/0342.png,/Users/kimsumin/projects/RGMC/data/map/robot17/overlays/0342_overlay.png,/Users/kimsumin/projects/RGMC/data/map/robot17/masks/0342_mask.png
343,0.3859375,0.3125,0.0,459.3614663256607,193.5334476843911,1,0.0,0.028766974092353816,0.045736782620584636,1777479658.6961064,5,/Users/kimsumin/projects/RGMC/data/map/robot17/images/0343.png,/Users/kimsumin/projects/RGMC/data/map/robot17/overlays/0343_overlay.png,/Users/kimsumin/projects/RGMC/data/map/robot17/masks/0343_mask.png
344,0.41562499999999997,0.3125,0.0,459.39111870196416,206.71050384286934,1,0.0,0.0116820477062322,0.04279407998517399,1777479671.3604655,5,/Users/kimsumin/projects/RGMC/data/map/robot17/images/0344.png,/Users/kimsumin/projects/RGMC/data/map/robot17/overlays/0344_overlay.png,/Users/kimsumin/projects/RGMC/data/map/robot17/masks/0344_mask.png
345,0.4453125,0.3125,0.0,459.5098882201204,220.82642487046633,1,0.0,0.07890041556612555,0.06344273775289207,1777479682.9163551,5,/Users/kimsumin/projects/RGMC/data/map/robot17/images/0345.png,/Users/kimsumin/projects/RGMC/data/map/robot17/overlays/0345_overlay.png,/Users/kimsumin/projects/RGMC/data/map/robot17/masks/0345_mask.png
346,0.475,0.3125,0.0,459.33361774744026,233.76450511945393,1,0.0,0.035842977878690487,0.07457684117808719,1777479694.7154,5,/Users/kimsumin/projects/RGMC/data/map/robot17/images/0346.png,/Users/kimsumin/projects/RGMC/data/map/robot17/overlays/0346_overlay.png,/Users/kimsumin/projects/RGMC/data/map/robot17/masks/0346_mask.png
347,0.5046875,0.3125,0.0,459.43723313407344,246.66468590831917,1,0.0,0.035686502578106426,0.05463881589498296,1777479707.3515167,5,/Users/kimsumin/projects/RGMC/data/map/robot17/images/0347.png,/Users/kimsumin/projects/RGMC/data/map/robot17/overlays/0347_overlay.png,/Users/kimsumin/projects/RGMC/data/map/robot17/masks/0347_mask.png
348,0.5343749999999999,0.3125,0.0,459.5786758383491,261.0214408233276,1,0.0,0.022318496469852647,0.048638669493517035,1777479718.8156054,5,/Users/kimsumin/projects/RGMC/data/map/robot17/images/0348.png,/Users/kimsumin/projects/RGMC/data/map/robot17/overlays/0348_overlay.png,/Users/kimsumin/projects/RGMC/data/map/robot17/masks/0348_mask.png
349,0.5640625,0.3125,0.0,459.55029585798815,274.420253164557,1,0.0,0.024247846398109184,0.02319952393399584,1777479730.744718,5,/Users/kimsumin/projects/RGMC/data/map/robot17/images/0349.png,/Users/kimsumin/projects/RGMC/data/map/robot17/overlays/0349_overlay.png,/Users/kimsumin/projects/RGMC/data/map/robot17/masks/0349_mask.png
350,0.59375,0.3125,0.0,459.62260869565216,288.06206293706293,1,0.0,0.023169881857413623,0.03991160124953832,1777479742.2627215,5,/Users/kimsumin/projects/RGMC/data/map/robot17/images/0350.png,/Users/kimsumin/projects/RGMC/data/map/robot17/overlays/0350_overlay.png,/Users/kimsumin/projects/RGMC/data/map/robot17/masks/0350_mask.png
351,0.6234375,0.3125,0.0,459.6632302405498,301.34192439862545,1,0.0,0.03214533390912733,0.019038948209910502,1777479754.4190564,5,/Users/kimsumin/projects/RGMC/data/map/robot17/images/0351.png,/Users/kimsumin/projects/RGMC/data/map/robot17/overlays/0351_overlay.png,/Users/kimsumin/projects/RGMC/data/map/robot17/masks/0351_mask.png
352,0.653125,0.3125,0.0,459.6051063829787,314.5744680851064,1,0.0,0.01194883916574087,0.03137311428183446,1777479766.0094001,5,/Users/kimsumin/projects/RGMC/data/map/robot17/images/0352.png,/Users/kimsumin/projects/RGMC/data/map/robot17/overlays/0352_overlay.png,/Users/kimsumin/projects/RGMC/data/map/robot17/masks/0352_mask.png
353,0.6828124999999999,0.3125,0.0,459.5912162162162,329.13874788494076,1,0.0,0.03467679036404562,0.06657809253710426,1777479777.5856605,5,/Users/kimsumin/projects/RGMC/data/map/robot17/images/0353.png,/Users/kimsumin/projects/RGMC/data/map/robot17/overlays/0353_overlay.png,/Users/kimsumin/projects/RGMC/data/map/robot17/masks/0353_mask.png
354,0.7124999999999999,0.3125,0.0,459.64846416382255,341.90435525192146,1,0.0,0.028707106892972394,0.04172729128763246,1777479789.2222855,5,/Users/kimsumin/projects/RGMC/data/map/robot17/images/0354.png,/Users/kimsumin/projects/RGMC/data/map/robot17/overlays/0354_overlay.png,/Users/kimsumin/projects/RGMC/data/map/robot17/masks/0354_mask.png
355,0.7421875,0.3125,0.0,459.6581849024597,356.6166242578456,1,0.0,0.019303042541537082,0.04264130894936497,1777479802.451161,5,/Users/kimsumin/projects/RGMC/data/map/robot17/images/0355.png,/Users/kimsumin/projects/RGMC/data/map/robot17/overlays/0355_overlay.png,/Users/kimsumin/projects/RGMC/data/map/robot17/masks/0355_mask.png
356,0.771875,0.3125,0.0,459.79414225941423,369.92378559463987,1,0.0,0.00808281659521855,0.005766150027809617,1777479813.9409833,5,/Users/kimsumin/projects/RGMC/data/map/robot17/images/0356.png,/Users/kimsumin/projects/RGMC/data/map/robot17/overlays/0356_overlay.png,/Users/kimsumin/projects/RGMC/data/map/robot17/masks/0356_mask.png
357,0.8015625,0.3125,0.0,459.72408163265305,383.5432300163132,1,0.0,0.018716239546333616,0.03791902949990782,1777479825.4530697,5,/Users/kimsumin/projects/RGMC/data/map/robot17/images/0357.png,/Users/kimsumin/projects/RGMC/data/map/robot17/overlays/0357_overlay.png,/Users/kimsumin/projects/RGMC/data/map/robot17/masks/0357_mask.png
358,0.8312499999999999,0.3125,0.0,459.6976549413735,397.4321608040201,1,0.0,0.004919192842867853,0.012537394116188956,1777479837.0448182,5,/Users/kimsumin/projects/RGMC/data/map/robot17/images/0358.png,/Users/kimsumin/projects/RGMC/data/map/robot17/overlays/0358_overlay.png,/Users/kimsumin/projects/RGMC/data/map/robot17/masks/0358_mask.png
359,0.8609374999999999,0.3125,0.0,459.80791426215995,411.6240786240786,1,0.0,0.033265754286583564,0.10366718903402128,1777479848.5585191,5,/Users/kimsumin/projects/RGMC/data/map/robot17/images/0359.png,/Users/kimsumin/projects/RGMC/data/map/robot17/overlays/0359_overlay.png,/Users/kimsumin/projects/RGMC/data/map/robot17/masks/0359_mask.png
360,0.890625,0.3125,0.0,459.79159663865545,425.4043624161074,1,0.0,0.023273340870296828,0.02239433707108448,1777479859.9601417,5,/Users/kimsumin/projects/RGMC/data/map/robot17/images/0360.png,/Users/kimsumin/projects/RGMC/data/map/robot17/overlays/0360_overlay.png,/Users/kimsumin/projects/RGMC/data/map/robot17/masks/0360_mask.png
361,0.9203125,0.3125,0.0,459.7399836467702,439.4219512195122,1,0.0,0.02642875603880666,0.03246024007120989,1777479872.2129912,5,/Users/kimsumin/projects/RGMC/data/map/robot17/images/0361.png,/Users/kimsumin/projects/RGMC/data/map/robot17/overlays/0361_overlay.png,/Users/kimsumin/projects/RGMC/data/map/robot17/masks/0361_mask.png
362,0.95,0.3125,0.0,459.76363636363635,453.69039735099335,1,0.0,0.013907277780708674,0.022823008558058248,1777479883.8636873,5,/Users/kimsumin/projects/RGMC/data/map/robot17/images/0362.png,/Users/kimsumin/projects/RGMC/data/map/robot17/overlays/0362_overlay.png,/Users/kimsumin/projects/RGMC/data/map/robot17/masks/0362_mask.png
363,0.95,0.34375,0.0,451.3863447127394,457.1363258520366,1,0.0,0.013286920104086901,0.014876983330079476,1777479895.3339314,5,/Users/kimsumin/projects/RGMC/data/map/robot17/images/0363.png,/Users/kimsumin/projects/RGMC/data/map/robot17/overlays/0363_overlay.png,/Users/kimsumin/projects/RGMC/data/map/robot17/masks/0363_mask.png
364,0.9203125,0.34375,0.0,445.7075252133437,450.76525096525097,1,0.0,0.07024455764874561,0.0643410930305467,1777479906.86021,5,/Users/kimsumin/projects/RGMC/data/map/robot17/images/0364.png,/Users/kimsumin/projects/RGMC/data/map/robot17/overlays/0364_overlay.png,/Users/kimsumin/projects/RGMC/data/map/robot17/masks/0364_mask.png
365,0.890625,0.34375,0.0,443.8539042821159,437.5788590604027,1,0.0,0.07342628762681469,0.10324340658443229,1777479920.2030475,5,/Users/kimsumin/projects/RGMC/data/map/robot17/images/0365.png,/Users/kimsumin/projects/RGMC/data/map/robot17/overlays/0365_overlay.png,/Users/kimsumin/projects/RGMC/data/map/robot17/masks/0365_mask.png
366,0.8609374999999999,0.34375,0.0,444.01609010458566,424.38099243061396,1,0.0,0.08106078390435502,0.3026723193407716,1777479932.5096705,5,/Users/kimsumin/projects/RGMC/data/map/robot17/images/0366.png,/Users/kimsumin/projects/RGMC/data/map/robot17/overlays/0366_overlay.png,/Users/kimsumin/projects/RGMC/data/map/robot17/masks/0366_mask.png
367,0.8312499999999999,0.34375,0.0,444.62417763157896,409.7313064913722,1,0.0,0.09496327452484345,0.03725638508167855,1777479944.078819,5,/Users/kimsumin/projects/RGMC/data/map/robot17/images/0367.png,/Users/kimsumin/projects/RGMC/data/map/robot17/overlays/0367_overlay.png,/Users/kimsumin/projects/RGMC/data/map/robot17/masks/0367_mask.png
368,0.8015625,0.34375,0.0,444.3537300922045,396.5580618212197,1,0.0,0.09863944929917164,0.0559564316170056,1777479955.6949294,5,/Users/kimsumin/projects/RGMC/data/map/robot17/images/0368.png,/Users/kimsumin/projects/RGMC/data/map/robot17/overlays/0368_overlay.png,/Users/kimsumin/projects/RGMC/data/map/robot17/masks/0368_mask.png
369,0.771875,0.34375,0.0,444.0924512298558,381.7981260647359,1,0.0,0.0508609219021849,0.05495977964097324,1777479967.18891,5,/Users/kimsumin/projects/RGMC/data/map/robot17/images/0369.png,/Users/kimsumin/projects/RGMC/data/map/robot17/overlays/0369_overlay.png,/Users/kimsumin/projects/RGMC/data/map/robot17/masks/0369_mask.png
370,0.7421875,0.34375,0.0,444.48497495826376,368.33055786844295,1,0.0,0.06565294058721609,0.048159972978131474,1777479978.6633482,5,/Users/kimsumin/projects/RGMC/data/map/robot17/images/0370.png,/Users/kimsumin/projects/RGMC/data/map/robot17/overlays/0370_overlay.png,/Users/kimsumin/projects/RGMC/data/map/robot17/masks/0370_mask.png
371,0.7124999999999999,0.34375,0.0,444.29357798165137,354.09257714762305,1,0.0,0.1676263957337761,0.060973830085012094,1777479990.2407033,5,/Users/kimsumin/projects/RGMC/data/map/robot17/images/0371.png,/Users/kimsumin/projects/RGMC/data/map/robot17/overlays/0371_overlay.png,/Users/kimsumin/projects/RGMC/data/map/robot17/masks/0371_mask.png
372,0.6828124999999999,0.34375,0.0,443.77504244482174,340.94830508474575,1,0.0,0.032296382766886615,0.07636700968781009,1777480003.0290542,5,/Users/kimsumin/projects/RGMC/data/map/robot17/images/0372.png,/Users/kimsumin/projects/RGMC/data/map/robot17/overlays/0372_overlay.png,/Users/kimsumin/projects/RGMC/data/map/robot17/masks/0372_mask.png
373,0.653125,0.34375,0.0,444.10347752332484,326.1348600508906,1,0.0,0.07589854950492324,0.021121785539255263,1777480014.5157554,5,/Users/kimsumin/projects/RGMC/data/map/robot17/images/0373.png,/Users/kimsumin/projects/RGMC/data/map/robot17/overlays/0373_overlay.png,/Users/kimsumin/projects/RGMC/data/map/robot17/masks/0373_mask.png
374,0.6234375,0.34375,0.0,444.0777683854607,313.1964586846543,1,0.0,0.11765014724208249,0.06397421812519888,1777480025.968276,5,/Users/kimsumin/projects/RGMC/data/map/robot17/images/0374.png,/Users/kimsumin/projects/RGMC/data/map/robot17/overlays/0374_overlay.png,/Users/kimsumin/projects/RGMC/data/map/robot17/masks/0374_mask.png
375,0.59375,0.34375,0.0,443.828125,299.78851174934726,1,0.0,0.05070863628232658,0.3546221212646203,1777480037.4840376,5,/Users/kimsumin/projects/RGMC/data/map/robot17/images/0375.png,/Users/kimsumin/projects/RGMC/data/map/robot17/overlays/0375_overlay.png,/Users/kimsumin/projects/RGMC/data/map/robot17/masks/0375_mask.png
376,0.5640625,0.34375,0.0,444.0690846286701,285.1770293609672,1,0.0,0.04299389308530889,0.04825083762415546,1777480049.0058835,5,/Users/kimsumin/projects/RGMC/data/map/robot17/images/0376.png,/Users/kimsumin/projects/RGMC/data/map/robot17/overlays/0376_overlay.png,/Users/kimsumin/projects/RGMC/data/map/robot17/masks/0376_mask.png
377,0.5343749999999999,0.34375,0.0,444.54110207768747,271.1889692585895,1,0.0,0.10988144333743678,0.12559453199337126,1777480060.720674,5,/Users/kimsumin/projects/RGMC/data/map/robot17/images/0377.png,/Users/kimsumin/projects/RGMC/data/map/robot17/overlays/0377_overlay.png,/Users/kimsumin/projects/RGMC/data/map/robot17/masks/0377_mask.png
378,0.5046875,0.34375,0.0,444.48026315789474,257.88980263157896,1,0.0,0.10000812148532856,0.021474997387971675,1777480072.3560903,5,/Users/kimsumin/projects/RGMC/data/map/robot17/images/0378.png,/Users/kimsumin/projects/RGMC/data/map/robot17/overlays/0378_overlay.png,/Users/kimsumin/projects/RGMC/data/map/robot17/masks/0378_mask.png
379,0.475,0.34375,0.0,444.1987632508834,244.5440414507772,1,0.0,0.12620295318227853,0.02788953097282439,1777480083.832256,5,/Users/kimsumin/projects/RGMC/data/map/robot17/images/0379.png,/Users/kimsumin/projects/RGMC/data/map/robot17/overlays/0379_overlay.png,/Users/kimsumin/projects/RGMC/data/map/robot17/masks/0379_mask.png
380,0.4453125,0.34375,0.0,444.043183742591,230.21920135938828,1,0.0,0.03410568889576196,0.058617620491705984,1777480095.2984605,5,/Users/kimsumin/projects/RGMC/data/map/robot17/images/0380.png,/Users/kimsumin/projects/RGMC/data/map/robot17/overlays/0380_overlay.png,/Users/kimsumin/projects/RGMC/data/map/robot17/masks/0380_mask.png
381,0.41562499999999997,0.34375,0.0,444.08714043993234,216.94995759117896,1,0.0,0.10431682899261525,0.057536597931315686,1777480106.8159854,5,/Users/kimsumin/projects/RGMC/data/map/robot17/images/0381.png,/Users/kimsumin/projects/RGMC/data/map/robot17/overlays/0381_overlay.png,/Users/kimsumin/projects/RGMC/data/map/robot17/masks/0381_mask.png
382,0.3859375,0.34375,0.0,443.98966408268734,203.9463829787234,1,0.0,0.15257752351917922,0.05919493775086227,1777480118.2604942,5,/Users/kimsumin/projects/RGMC/data/map/robot17/images/0382.png,/Users/kimsumin/projects/RGMC/data/map/robot17/overlays/0382_overlay.png,/Users/kimsumin/projects/RGMC/data/map/robot17/masks/0382_mask.png
383,0.35624999999999996,0.34375,0.0,443.8398994132439,189.88109495295123,1,0.0,0.10289565729610246,0.048908585129826064,1777480129.7716217,5,/Users/kimsumin/projects/RGMC/data/map/robot17/images/0383.png,/Users/kimsumin/projects/RGMC/data/map/robot17/overlays/0383_overlay.png,/Users/kimsumin/projects/RGMC/data/map/robot17/masks/0383_mask.png
384,0.3265625,0.34375,0.0,443.8674803836094,176.88705473501304,1,0.0,0.01651969551898191,0.06352553007962888,1777480141.3131237,5,/Users/kimsumin/projects/RGMC/data/map/robot17/images/0384.png,/Users/kimsumin/projects/RGMC/data/map/robot17/overlays/0384_overlay.png,/Users/kimsumin/projects/RGMC/data/map/robot17/masks/0384_mask.png
385,0.296875,0.34375,0.0,443.9892761394102,163.7354781054513,1,0.0,0.06967851536107497,0.02280446498058913,1777480152.8056011,5,/Users/kimsumin/projects/RGMC/data/map/robot17/images/0385.png,/Users/kimsumin/projects/RGMC/data/map/robot17/overlays/0385_overlay.png,/Users/kimsumin/projects/RGMC/data/map/robot17/masks/0385_mask.png
386,0.26718749999999997,0.34375,0.0,443.9213174748399,150.75091575091574,1,0.0,0.08187757181976756,0.3284238662126604,1777480164.31264,5,/Users/kimsumin/projects/RGMC/data/map/robot17/images/0386.png,/Users/kimsumin/projects/RGMC/data/map/robot17/overlays/0386_overlay.png,/Users/kimsumin/projects/RGMC/data/map/robot17/masks/0386_mask.png
387,0.2375,0.34375,0.0,444.0337837837838,136.9381974248927,1,0.0,0.10576871621902932,0.06590460242603653,1777480175.753827,5,/Users/kimsumin/projects/RGMC/data/map/robot17/images/0387.png,/Users/kimsumin/projects/RGMC/data/map/robot17/overlays/0387_overlay.png,/Users/kimsumin/projects/RGMC/data/map/robot17/masks/0387_mask.png
388,0.20781249999999998,0.34375,0.0,443.972639011474,124.12411971830986,1,0.0,0.1151555549595622,0.034807842456999416,1777480187.315683,5,/Users/kimsumin/projects/RGMC/data/map/robot17/images/0388.png,/Users/kimsumin/projects/RGMC/data/map/robot17/overlays/0388_overlay.png,/Users/kimsumin/projects/RGMC/data/map/robot17/masks/0388_mask.png
389,0.17812499999999998,0.34375,0.0,444.18005071851223,110.01010101010101,1,0.0,0.09930826708285874,0.04270651768199433,1777480198.9036562,5,/Users/kimsumin/projects/RGMC/data/map/robot17/images/0389.png,/Users/kimsumin/projects/RGMC/data/map/robot17/overlays/0389_overlay.png,/Users/kimsumin/projects/RGMC/data/map/robot17/masks/0389_mask.png
390,0.1484375,0.34375,0.0,444.0,97.85261353898886,1,0.0,0.022804522885431843,0.0326024281509286,1777480210.4128437,5,/Users/kimsumin/projects/RGMC/data/map/robot17/images/0390.png,/Users/kimsumin/projects/RGMC/data/map/robot17/overlays/0390_overlay.png,/Users/kimsumin/projects/RGMC/data/map/robot17/masks/0390_mask.png
391,0.11875,0.34375,0.0,443.9240614334471,84.71160409556315,1,0.0,0.03445057086806373,0.05162155608234593,1777480221.8489966,5,/Users/kimsumin/projects/RGMC/data/map/robot17/images/0391.png,/Users/kimsumin/projects/RGMC/data/map/robot17/overlays/0391_overlay.png,/Users/kimsumin/projects/RGMC/data/map/robot17/masks/0391_mask.png
392,0.08906249999999999,0.34375,0.0,444.1378091872792,71.14929328621908,1,0.0,0.11189146260262042,0.07672653378696116,1777480233.3292632,5,/Users/kimsumin/projects/RGMC/data/map/robot17/images/0392.png,/Users/kimsumin/projects/RGMC/data/map/robot17/overlays/0392_overlay.png,/Users/kimsumin/projects/RGMC/data/map/robot17/masks/0392_mask.png
393,0.059375,0.34375,0.0,444.03983050847455,58.216329966329965,1,0.0,0.06135789073688288,0.41479828845859484,1777480244.79934,5,/Users/kimsumin/projects/RGMC/data/map/robot17/images/0393.png,/Users/kimsumin/projects/RGMC/data/map/robot17/overlays/0393_overlay.png,/Users/kimsumin/projects/RGMC/data/map/robot17/masks/0393_mask.png
394,0.0296875,0.34375,0.0,443.8517872711421,44.73298429319372,1,0.0,0.049567289190745725,0.05620502036349622,1777480256.2327473,5,/Users/kimsumin/projects/RGMC/data/map/robot17/images/0394.png,/Users/kimsumin/projects/RGMC/data/map/robot17/overlays/0394_overlay.png,/Users/kimsumin/projects/RGMC/data/map/robot17/masks/0394_mask.png
395,0.0,0.34375,0.0,444.2373472949389,31.738053097345134,1,0.0,0.018759182405175136,0.17484136992745208,1777480267.6915889,5,/Users/kimsumin/projects/RGMC/data/map/robot17/images/0395.png,/Users/kimsumin/projects/RGMC/data/map/robot17/overlays/0395_overlay.png,/Users/kimsumin/projects/RGMC/data/map/robot17/masks/0395_mask.png
396,0.0,0.375,0.0,435.59377700950733,28.375972342264475,1,0.0,0.0546024447439836,0.056846262628842834,1777480279.0804698,5,/Users/kimsumin/projects/RGMC/data/map/robot17/images/0396.png,/Users/kimsumin/projects/RGMC/data/map/robot17/overlays/0396_overlay.png,/Users/kimsumin/projects/RGMC/data/map/robot17/masks/0396_mask.png
397,0.0296875,0.375,0.0,431.9437609841828,36.33304042179262,1,0.0,0.028895941432095458,0.08754528539460611,1777480290.6329181,5,/Users/kimsumin/projects/RGMC/data/map/robot17/images/0397.png,/Users/kimsumin/projects/RGMC/data/map/robot17/overlays/0397_overlay.png,/Users/kimsumin/projects/RGMC/data/map/robot17/masks/0397_mask.png
398,0.059375,0.375,0.0,431.6441881100266,48.819614711033275,1,0.0,0.07543753071502181,0.0382121860191309,1777480302.1408057,5,/Users/kimsumin/projects/RGMC/data/map/robot17/images/0398.png,/Users/kimsumin/projects/RGMC/data/map/robot17/overlays/0398_overlay.png,/Users/kimsumin/projects/RGMC/data/map/robot17/masks/0398_mask.png
399,0.08906249999999999,0.375,0.0,431.51074806534825,61.68443680137575,1,0.0,0.010546923529417029,0.03623855818227888,1777480313.6395125,5,/Users/kimsumin/projects/RGMC/data/map/robot17/images/0399.png,/Users/kimsumin/projects/RGMC/data/map/robot17/overlays/0399_overlay.png,/Users/kimsumin/projects/RGMC/data/map/robot17/masks/0399_mask.png
400,0.11875,0.375,0.0,431.3030035335689,74.78345070422536,1,0.0,0.06604383113594678,0.04443845850833708,1777480325.190636,5,/Users/kimsumin/projects/RGMC/data/map/robot17/images/0400.png,/Users/kimsumin/projects/RGMC/data/map/robot17/overlays/0400_overlay.png,/Users/kimsumin/projects/RGMC/data/map/robot17/masks/0400_mask.png
401,0.1484375,0.375,0.0,431.4241622574956,87.41342756183745,1,0.0,0.025299013072648178,0.023708763223634643,1777480336.689801,5,/Users/kimsumin/projects/RGMC/data/map/robot17/images/0401.png,/Users/kimsumin/projects/RGMC/data/map/robot17/overlays/0401_overlay.png,/Users/kimsumin/projects/RGMC/data/map/robot17/masks/0401_mask.png
402,0.17812499999999998,0.375,0.0,431.49344978165936,100.29170305676855,1,0.0,0.0321418833484298,0.04161917383668548,1777480348.2327356,5,/Users/kimsumin/projects/RGMC/data/map/robot17/images/0402.png,/Users/kimsumin/projects/RGMC/data/map/robot17/overlays/0402_overlay.png,/Users/kimsumin/projects/RGMC/data/map/robot17/masks/0402_mask.png
403,0.20781249999999998,0.375,0.0,431.4909560723514,113.02497846683893,1,0.0,0.03253098916717477,0.04691406674717861,1777480360.8312366,5,/Users/kimsumin/projects/RGMC/data/map/robot17/images/0403.png,/Users/kimsumin/projects/RGMC/data/map/robot17/overlays/0403_overlay.png,/Users/kimsumin/projects/RGMC/data/map/robot17/masks/0403_mask.png
404,0.2375,0.375,0.0,431.4180543382997,126.06468531468532,1,0.0,0.032395574590470495,0.014827375618030117,1777480372.362539,5,/Users/kimsumin/projects/RGMC/data/map/robot17/images/0404.png,/Users/kimsumin/projects/RGMC/data/map/robot17/overlays/0404_overlay.png,/Users/kimsumin/projects/RGMC/data/map/robot17/masks/0404_mask.png
405,0.26718749999999997,0.375,0.0,431.2162645218946,139.36371760500447,1,0.0,0.025062591669777434,0.044176922685090034,1777480383.8298008,5,/Users/kimsumin/projects/RGMC/data/map/robot17/images/0405.png,/Users/kimsumin/projects/RGMC/data/map/robot17/overlays/0405_overlay.png,/Users/kimsumin/projects/RGMC/data/map/robot17/masks/0405_mask.png
406,0.296875,0.375,0.0,431.52992957746477,152.41881100266193,1,0.0,0.0415158863101229,0.04436562205503686,1777480395.3162239,5,/Users/kimsumin/projects/RGMC/data/map/robot17/images/0406.png,/Users/kimsumin/projects/RGMC/data/map/robot17/overlays/0406_overlay.png,/Users/kimsumin/projects/RGMC/data/map/robot17/masks/0406_mask.png
407,0.3265625,0.375,0.0,431.26236749116606,165.61355633802816,1,0.0,0.06740827237102145,0.08284680642599455,1777480407.06845,5,/Users/kimsumin/projects/RGMC/data/map/robot17/images/0407.png,/Users/kimsumin/projects/RGMC/data/map/robot17/overlays/0407_overlay.png,/Users/kimsumin/projects/RGMC/data/map/robot17/masks/0407_mask.png
408,0.35624999999999996,0.375,0.0,431.4286995515695,179.5375,1,0.0,0.049418426712771045,0.05640466720116001,1777480418.6081138,5,/Users/kimsumin/projects/RGMC/data/map/robot17/images/0408.png,/Users/kimsumin/projects/RGMC/data/map/robot17/overlays/0408_overlay.png,/Users/kimsumin/projects/RGMC/data/map/robot17/masks/0408_mask.png
409,0.3859375,0.375,0.0,431.6166666666667,192.99649122807017,1,0.0,0.031087667893758768,0.011183655070648627,1777480430.1906219,5,/Users/kimsumin/projects/RGMC/data/map/robot17/images/0409.png,/Users/kimsumin/projects/RGMC/data/map/robot17/overlays/0409_overlay.png,/Users/kimsumin/projects/RGMC/data/map/robot17/masks/0409_mask.png
410,0.41562499999999997,0.375,0.0,431.3421727972626,205.85334476843911,1,0.0,0.037307438553114955,0.040013962115425565,1777480441.6426055,5,/Users/kimsumin/projects/RGMC/data/map/robot17/images/0410.png,/Users/kimsumin/projects/RGMC/data/map/robot17/overlays/0410_overlay.png,/Users/kimsumin/projects/RGMC/data/map/robot17/masks/0410_mask.png
411,0.4453125,0.375,0.0,431.3853448275862,220.0349040139616,1,0.0,0.07508877197524687,0.054275462091585465,1777480453.1076062,5,/Users/kimsumin/projects/RGMC/data/map/robot17/images/0411.png,/Users/kimsumin/projects/RGMC/data/map/robot17/overlays/0411_overlay.png,/Users/kimsumin/projects/RGMC/data/map/robot17/masks/0411_mask.png
412,0.475,0.375,0.0,431.5106746370623,232.6199829205807,1,0.0,0.03364963724012993,0.03805173093142903,1777480464.8033578,5,/Users/kimsumin/projects/RGMC/data/map/robot17/images/0412.png,/Users/kimsumin/projects/RGMC/data/map/robot17/overlays/0412_overlay.png,/Users/kimsumin/projects/RGMC/data/map/robot17/masks/0412_mask.png
413,0.5046875,0.375,0.0,431.3333333333333,245.7871794871795,1,0.0,0.027911384541875178,0.015251818993456122,1777480476.310751,5,/Users/kimsumin/projects/RGMC/data/map/robot17/images/0413.png,/Users/kimsumin/projects/RGMC/data/map/robot17/overlays/0413_overlay.png,/Users/kimsumin/projects/RGMC/data/map/robot17/masks/0413_mask.png
414,0.5343749999999999,0.375,0.0,431.7141600703606,259.85526315789474,1,0.0,0.05989093223786054,0.059291188325379066,1777480487.9300406,5,/Users/kimsumin/projects/RGMC/data/map/robot17/images/0414.png,/Users/kimsumin/projects/RGMC/data/map/robot17/overlays/0414_overlay.png,/Users/kimsumin/projects/RGMC/data/map/robot17/masks/0414_mask.png
415,0.5640625,0.375,0.0,431.61210571184995,273.47274275979555,1,0.0,0.028383595411271282,0.020218490429448073,1777480500.0814986,5,/Users/kimsumin/projects/RGMC/data/map/robot17/images/0415.png,/Users/kimsumin/projects/RGMC/data/map/robot17/overlays/0415_overlay.png,/Users/kimsumin/projects/RGMC/data/map/robot17/masks/0415_mask.png
416,0.59375,0.375,0.0,431.6209540034072,286.4141156462585,1,0.0,0.03248178334991835,0.050271434851900616,1777480512.4915195,5,/Users/kimsumin/projects/RGMC/data/map/robot17/images/0416.png,/Users/kimsumin/projects/RGMC/data/map/robot17/overlays/0416_overlay.png,/Users/kimsumin/projects/RGMC/data/map/robot17/masks/0416_mask.png
417,0.6234375,0.375,0.0,431.61355633802816,300.20334507042253,1,0.0,0.03303146875411376,0.026870169595505394,1777480525.209839,5,/Users/kimsumin/projects/RGMC/data/map/robot17/images/0417.png,/Users/kimsumin/projects/RGMC/data/map/robot17/overlays/0417_overlay.png,/Users/kimsumin/projects/RGMC/data/map/robot17/masks/0417_mask.png
418,0.653125,0.375,0.0,431.541774332472,313.53350515463916,1,0.0,0.04176619101630146,0.05735911075882973,1777480536.6771786,5,/Users/kimsumin/projects/RGMC/data/map/robot17/images/0418.png,/Users/kimsumin/projects/RGMC/data/map/robot17/overlays/0418_overlay.png,/Users/kimsumin/projects/RGMC/data/map/robot17/masks/0418_mask.png
419,0.6828124999999999,0.375,0.0,431.45782073813706,327.90165361183637,1,0.0,0.04465683337675654,0.02750896798831614,1777480548.2468584,5,/Users/kimsumin/projects/RGMC/data/map/robot17/images/0419.png,/Users/kimsumin/projects/RGMC/data/map/robot17/overlays/0419_overlay.png,/Users/kimsumin/projects/RGMC/data/map/robot17/masks/0419_mask.png
420,0.7124999999999999,0.375,0.0,431.3866891322662,341.4831365935919,1,0.0,0.026086549028497035,0.05103844480410618,1777480560.2657926,5,/Users/kimsumin/projects/RGMC/data/map/robot17/images/0420.png,/Users/kimsumin/projects/RGMC/data/map/robot17/overlays/0420_overlay.png,/Users/kimsumin/projects/RGMC/data/map/robot17/masks/0420_mask.png
421,0.7421875,0.375,0.0,431.41816693944355,355.09762100082037,1,0.0,0.020378445666379877,0.039231420174739386,1777480571.8404224,5,/Users/kimsumin/projects/RGMC/data/map/robot17/images/0421.png,/Users/kimsumin/projects/RGMC/data/map/robot17/overlays/0421_overlay.png,/Users/kimsumin/projects/RGMC/data/map/robot17/masks/0421_mask.png
422,0.771875,0.375,0.0,431.6714046822743,369.3233082706767,1,0.0,0.004415119600018129,0.017527152998996317,1777480584.1826475,5,/Users/kimsumin/projects/RGMC/data/map/robot17/images/0422.png,/Users/kimsumin/projects/RGMC/data/map/robot17/overlays/0422_overlay.png,/Users/kimsumin/projects/RGMC/data/map/robot17/masks/0422_mask.png
423,0.8015625,0.375,0.0,431.46970954356846,382.9279204639602,1,0.0,0.04354628701320786,0.04013644133380357,1777480597.0547323,5,/Users/kimsumin/projects/RGMC/data/map/robot17/images/0423.png,/Users/kimsumin/projects/RGMC/data/map/robot17/overlays/0423_overlay.png,/Users/kimsumin/projects/RGMC/data/map/robot17/masks/0423_mask.png
424,0.8312499999999999,0.375,0.0,431.4412510566357,397.50380388841927,1,0.0,0.05863116572689491,0.052295660316265154,1777480608.6259832,5,/Users/kimsumin/projects/RGMC/data/map/robot17/images/0424.png,/Users/kimsumin/projects/RGMC/data/map/robot17/overlays/0424_overlay.png,/Users/kimsumin/projects/RGMC/data/map/robot17/masks/0424_mask.png
425,0.8609374999999999,0.375,0.0,431.46794338051626,412.352493660186,1,0.0,0.06067437854917335,0.03300974817243832,1777480621.0705965,5,/Users/kimsumin/projects/RGMC/data/map/robot17/images/0425.png,/Users/kimsumin/projects/RGMC/data/map/robot17/overlays/0425_overlay.png,/Users/kimsumin/projects/RGMC/data/map/robot17/masks/0425_mask.png
426,0.890625,0.375,0.0,431.344398340249,425.62240663900417,1,0.0,0.026185595072971832,0.02006205986971009,1777480632.9303265,5,/Users/kimsumin/projects/RGMC/data/map/robot17/images/0426.png,/Users/kimsumin/projects/RGMC/data/map/robot17/overlays/0426_overlay.png,/Users/kimsumin/projects/RGMC/data/map/robot17/masks/0426_mask.png
427,0.9203125,0.375,0.0,431.266291230893,439.44588045234246,1,0.0,0.025927406839001566,0.02896554258687412,1777480645.0933483,5,/Users/kimsumin/projects/RGMC/data/map/robot17/images/0427.png,/Users/kimsumin/projects/RGMC/data/map/robot17/overlays/0427_overlay.png,/Users/kimsumin/projects/RGMC/data/map/robot17/masks/0427_mask.png
428,0.95,0.375,0.0,431.39635157545604,453.5161557580779,1,0.0,0.034584707535501025,0.030760979426701997,1777480656.7546887,5,/Users/kimsumin/projects/RGMC/data/map/robot17/images/0428.png,/Users/kimsumin/projects/RGMC/data/map/robot17/overlays/0428_overlay.png,/Users/kimsumin/projects/RGMC/data/map/robot17/masks/0428_mask.png
429,0.95,0.40625,0.0,423.2904290429043,457.0948844884488,1,0.0,0.045990121578997886,0.024589063017268036,1777480668.3614666,5,/Users/kimsumin/projects/RGMC/data/map/robot17/images/0429.png,/Users/kimsumin/projects/RGMC/data/map/robot17/overlays/0429_overlay.png,/Users/kimsumin/projects/RGMC/data/map/robot17/masks/0429_mask.png
430,0.9203125,0.40625,0.0,417.68096723868956,450.53809897879023,1,0.0,0.06974667594350603,0.0597180254279157,1777480679.850481,5,/Users/kimsumin/projects/RGMC/data/map/robot17/images/0430.png,/Users/kimsumin/projects/RGMC/data/map/robot17/overlays/0430_overlay.png,/Users/kimsumin/projects/RGMC/data/map/robot17/masks/0430_mask.png
431,0.890625,0.40625,0.0,415.32029950083194,437.27787021630616,1,0.0,0.017049882479942605,0.042516963885221054,1777480692.3604374,5,/Users/kimsumin/projects/RGMC/data/map/robot17/images/0431.png,/Users/kimsumin/projects/RGMC/data/map/robot17/overlays/0431_overlay.png,/Users/kimsumin/projects/RGMC/data/map/robot17/masks/0431_mask.png
432,0.8609374999999999,0.40625,0.0,415.2242472266244,423.2203791469194,1,0.0,0.039089261001372375,0.022523529391841064,1777480703.9396803,5,/Users/kimsumin/projects/RGMC/data/map/robot17/images/0432.png,/Users/kimsumin/projects/RGMC/data/map/robot17/overlays/0432_overlay.png,/Users/kimsumin/projects/RGMC/data/map/robot17/masks/0432_mask.png
433,0.8312499999999999,0.40625,0.0,415.23587223587225,409.65568369028006,1,0.0,0.469921362033382,0.08212847767728569,1777480715.443591,5,/Users/kimsumin/projects/RGMC/data/map/robot17/images/0433.png,/Users/kimsumin/projects/RGMC/data/map/robot17/overlays/0433_overlay.png,/Users/kimsumin/projects/RGMC/data/map/robot17/masks/0433_mask.png
434,0.8015625,0.40625,0.0,415.41273996509597,395.29842931937173,1,0.0,0.02725496860029881,0.33460613251100163,1777480727.0061936,5,/Users/kimsumin/projects/RGMC/data/map/robot17/images/0434.png,/Users/kimsumin/projects/RGMC/data/map/robot17/overlays/0434_overlay.png,/Users/kimsumin/projects/RGMC/data/map/robot17/masks/0434_mask.png
435,0.771875,0.40625,0.0,415.5012744265081,381.3237043330501,1,0.0,0.031728701742036236,0.03199427379965272,1777480739.1618555,5,/Users/kimsumin/projects/RGMC/data/map/robot17/images/0435.png,/Users/kimsumin/projects/RGMC/data/map/robot17/overlays/0435_overlay.png,/Users/kimsumin/projects/RGMC/data/map/robot17/masks/0435_mask.png
436,0.7421875,0.40625,0.0,415.43771043771045,366.5169491525424,1,0.0,0.023840565034023407,0.026614626265524736,1777480750.6031065,5,/Users/kimsumin/projects/RGMC/data/map/robot17/images/0436.png,/Users/kimsumin/projects/RGMC/data/map/robot17/overlays/0436_overlay.png,/Users/kimsumin/projects/RGMC/data/map/robot17/masks/0436_mask.png
437,0.7124999999999999,0.40625,0.0,415.4753401360544,353.33561058924,1,0.0,0.041559349611683234,0.03617979991284058,1777480762.7544978,5,/Users/kimsumin/projects/RGMC/data/map/robot17/images/0437.png,/Users/kimsumin/projects/RGMC/data/map/robot17/overlays/0437_overlay.png,/Users/kimsumin/projects/RGMC/data/map/robot17/masks/0437_mask.png
438,0.6828124999999999,0.40625,0.0,415.36563876651985,340.19383259911893,1,0.0,0.009070763754214967,0.03262064866842438,1777480774.5018663,5,/Users/kimsumin/projects/RGMC/data/map/robot17/images/0438.png,/Users/kimsumin/projects/RGMC/data/map/robot17/overlays/0438_overlay.png,/Users/kimsumin/projects/RGMC/data/map/robot17/masks/0438_mask.png
439,0.653125,0.40625,0.0,415.51202749140896,326.12048192771084,1,0.0,0.04187158929586994,0.039281285696049995,1777480785.9895942,5,/Users/kimsumin/projects/RGMC/data/map/robot17/images/0439.png,/Users/kimsumin/projects/RGMC/data/map/robot17/overlays/0439_overlay.png,/Users/kimsumin/projects/RGMC/data/map/robot17/masks/0439_mask.png
440,0.6234375,0.40625,0.0,415.68365553602814,312.24869109947645,1,0.0,0.041054517322195394,0.04934862644771469,1777480797.4589326,5,/Users/kimsumin/projects/RGMC/data/map/robot17/images/0440.png,/Users/kimsumin/projects/RGMC/data/map/robot17/overlays/0440_overlay.png,/Users/kimsumin/projects/RGMC/data/map/robot17/masks/0440_mask.png
441,0.59375,0.40625,0.0,415.7330472103004,298.5888412017167,1,0.0,0.021728789374265034,0.014592718279732252,1777480808.9004502,5,/Users/kimsumin/projects/RGMC/data/map/robot17/images/0441.png,/Users/kimsumin/projects/RGMC/data/map/robot17/overlays/0441_overlay.png,/Users/kimsumin/projects/RGMC/data/map/robot17/masks/0441_mask.png
442,0.5640625,0.40625,0.0,415.55507372072856,285.3444347063979,1,0.0,0.06195363432686548,0.07471813007427398,1777480820.4116223,5,/Users/kimsumin/projects/RGMC/data/map/robot17/images/0442.png,/Users/kimsumin/projects/RGMC/data/map/robot17/overlays/0442_overlay.png,/Users/kimsumin/projects/RGMC/data/map/robot17/masks/0442_mask.png
443,0.5343749999999999,0.40625,0.0,415.53743315508024,271.3625,1,0.0,0.07027237825866998,0.05478488545362952,1777480832.028932,5,/Users/kimsumin/projects/RGMC/data/map/robot17/images/0443.png,/Users/kimsumin/projects/RGMC/data/map/robot17/overlays/0443_overlay.png,/Users/kimsumin/projects/RGMC/data/map/robot17/masks/0443_mask.png
444,0.5046875,0.40625,0.0,415.8376736111111,257.3982683982684,1,0.0,0.01994139642945132,0.022260609466934467,1777480843.442782,5,/Users/kimsumin/projects/RGMC/data/map/robot17/images/0444.png,/Users/kimsumin/projects/RGMC/data/map/robot17/overlays/0444_overlay.png,/Users/kimsumin/projects/RGMC/data/map/robot17/masks/0444_mask.png
445,0.475,0.40625,0.0,415.82477876106196,244.00353982300885,1,0.0,0.024504142117541063,0.047130671722943177,1777480854.8484046,5,/Users/kimsumin/projects/RGMC/data/map/robot17/images/0445.png,/Users/kimsumin/projects/RGMC/data/map/robot17/overlays/0445_overlay.png,/Users/kimsumin/projects/RGMC/data/map/robot17/masks/0445_mask.png
446,0.4453125,0.40625,0.0,415.553264604811,230.01632302405497,1,0.0,0.035059012787487354,0.045764310688182895,1777480866.483394,5,/Users/kimsumin/projects/RGMC/data/map/robot17/images/0446.png,/Users/kimsumin/projects/RGMC/data/map/robot17/overlays/0446_overlay.png,/Users/kimsumin/projects/RGMC/data/map/robot17/masks/0446_mask.png
447,0.41562499999999997,0.40625,0.0,415.6830357142857,216.1131907308378,1,0.0,0.010890795537066187,0.0669074816174008,1777480878.2057042,5,/Users/kimsumin/projects/RGMC/data/map/robot17/images/0447.png,/Users/kimsumin/projects/RGMC/data/map/robot17/overlays/0447_overlay.png,/Users/kimsumin/projects/RGMC/data/map/robot17/masks/0447_mask.png
448,0.3859375,0.40625,0.0,415.63982300884953,203.13197519929142,1,0.0,0.029522131823403932,0.05668799963141985,1777480891.097734,5,/Users/kimsumin/projects/RGMC/data/map/robot17/images/0448.png,/Users/kimsumin/projects/RGMC/data/map/robot17/overlays/0448_overlay.png,/Users/kimsumin/projects/RGMC/data/map/robot17/masks/0448_mask.png
449,0.35624999999999996,0.40625,0.0,415.5170975813178,189.43474576271186,1,0.0,0.041405412918125314,0.05111117664462577,1777480902.5219817,5,/Users/kimsumin/projects/RGMC/data/map/robot17/images/0449.png,/Users/kimsumin/projects/RGMC/data/map/robot17/overlays/0449_overlay.png,/Users/kimsumin/projects/RGMC/data/map/robot17/masks/0449_mask.png
450,0.3265625,0.40625,0.0,415.5839929639402,176.56106194690267,1,0.0,0.04395660084507693,0.03995424032738973,1777480914.4373188,5,/Users/kimsumin/projects/RGMC/data/map/robot17/images/0450.png,/Users/kimsumin/projects/RGMC/data/map/robot17/overlays/0450_overlay.png,/Users/kimsumin/projects/RGMC/data/map/robot17/masks/0450_mask.png
451,0.296875,0.40625,0.0,415.5900900900901,163.053428317008,1,0.0,0.04590626258360197,0.06455867286278873,1777480926.0807266,5,/Users/kimsumin/projects/RGMC/data/map/robot17/images/0451.png,/Users/kimsumin/projects/RGMC/data/map/robot17/overlays/0451_overlay.png,/Users/kimsumin/projects/RGMC/data/map/robot17/masks/0451_mask.png
452,0.26718749999999997,0.40625,0.0,415.35183603757474,149.460358056266,1,0.0,0.048399058727923536,0.03755101815594011,1777480938.126271,5,/Users/kimsumin/projects/RGMC/data/map/robot17/images/0452.png,/Users/kimsumin/projects/RGMC/data/map/robot17/overlays/0452_overlay.png,/Users/kimsumin/projects/RGMC/data/map/robot17/masks/0452_mask.png
453,0.2375,0.40625,0.0,415.6666666666667,136.35512367491165,1,0.0,0.018030674135804215,0.06578883082066136,1777480949.6657157,5,/Users/kimsumin/projects/RGMC/data/map/robot17/images/0453.png,/Users/kimsumin/projects/RGMC/data/map/robot17/overlays/0453_overlay.png,/Users/kimsumin/projects/RGMC/data/map/robot17/masks/0453_mask.png
454,0.20781249999999998,0.40625,0.0,415.488986784141,123.24978012313105,1,0.0,0.041783904806810185,0.04459301374102371,1777480961.286517,5,/Users/kimsumin/projects/RGMC/data/map/robot17/images/0454.png,/Users/kimsumin/projects/RGMC/data/map/robot17/overlays/0454_overlay.png,/Users/kimsumin/projects/RGMC/data/map/robot17/masks/0454_mask.png
455,0.17812499999999998,0.40625,0.0,415.7943925233645,109.94263698630137,1,0.0,0.06052021604355314,0.06297578408634831,1777480972.7905512,5,/Users/kimsumin/projects/RGMC/data/map/robot17/images/0455.png,/Users/kimsumin/projects/RGMC/data/map/robot17/overlays/0455_overlay.png,/Users/kimsumin/projects/RGMC/data/map/robot17/masks/0455_mask.png
456,0.1484375,0.40625,0.0,415.8867924528302,96.88199827734711,1,0.0,0.04292059211232885,0.0481167651037252,1777480984.4677687,5,/Users/kimsumin/projects/RGMC/data/map/robot17/images/0456.png,/Users/kimsumin/projects/RGMC/data/map/robot17/overlays/0456_overlay.png,/Users/kimsumin/projects/RGMC/data/map/robot17/masks/0456_mask.png
457,0.11875,0.40625,0.0,415.8616187989556,84.06833910034602,1,0.0,0.03289980618059007,0.060312424482278346,1777480996.3517623,5,/Users/kimsumin/projects/RGMC/data/map/robot17/images/0457.png,/Users/kimsumin/projects/RGMC/data/map/robot17/overlays/0457_overlay.png,/Users/kimsumin/projects/RGMC/data/map/robot17/masks/0457_mask.png
458,0.08906249999999999,0.40625,0.0,415.73715248525696,69.98811544991511,1,0.0,0.04957530619705874,0.0538094170955637,1777481007.8846827,5,/Users/kimsumin/projects/RGMC/data/map/robot17/images/0458.png,/Users/kimsumin/projects/RGMC/data/map/robot17/overlays/0458_overlay.png,/Users/kimsumin/projects/RGMC/data/map/robot17/masks/0458_mask.png
459,0.059375,0.40625,0.0,416.00349040139616,57.44055944055944,1,0.0,0.033250937425616155,0.04099373840302744,1777481019.4546232,5,/Users/kimsumin/projects/RGMC/data/map/robot17/images/0459.png,/Users/kimsumin/projects/RGMC/data/map/robot17/overlays/0459_overlay.png,/Users/kimsumin/projects/RGMC/data/map/robot17/masks/0459_mask.png
460,0.0296875,0.40625,0.0,415.8057742782152,44.10121107266436,1,0.0,0.037897552835759137,0.10838270548497415,1777481031.6942737,5,/Users/kimsumin/projects/RGMC/data/map/robot17/images/0460.png,/Users/kimsumin/projects/RGMC/data/map/robot17/overlays/0460_overlay.png,/Users/kimsumin/projects/RGMC/data/map/robot17/masks/0460_mask.png
461,0.0,0.40625,0.0,415.8493265993266,29.951137320977253,1,0.0,0.03210521655757103,0.04724624775867071,1777481043.1661596,5,/Users/kimsumin/projects/RGMC/data/map/robot17/images/0461.png,/Users/kimsumin/projects/RGMC/data/map/robot17/overlays/0461_overlay.png,/Users/kimsumin/projects/RGMC/data/map/robot17/masks/0461_mask.png
462,0.0,0.4375,0.0,406.978835978836,27.636443661971832,1,0.0,0.006833157273614727,0.07005762389810304,1777481054.57511,5,/Users/kimsumin/projects/RGMC/data/map/robot17/images/0462.png,/Users/kimsumin/projects/RGMC/data/map/robot17/overlays/0462_overlay.png,/Users/kimsumin/projects/RGMC/data/map/robot17/masks/0462_mask.png
463,0.0296875,0.4375,0.0,403.49650959860384,36.93333333333333,1,0.0,0.053579293452181966,0.04405785621333704,1777481066.66684,5,/Users/kimsumin/projects/RGMC/data/map/robot17/images/0463.png,/Users/kimsumin/projects/RGMC/data/map/robot17/overlays/0463_overlay.png,/Users/kimsumin/projects/RGMC/data/map/robot17/masks/0463_mask.png
464,0.059375,0.4375,0.0,402.0590717299578,49.59681475272423,1,0.0,0.04553992343647109,0.06090676897286771,1777481078.170062,5,/Users/kimsumin/projects/RGMC/data/map/robot17/images/0464.png,/Users/kimsumin/projects/RGMC/data/map/robot17/overlays/0464_overlay.png,/Users/kimsumin/projects/RGMC/data/map/robot17/masks/0464_mask.png
465,0.08906249999999999,0.4375,0.0,402.92341166231506,61.6151832460733,1,0.0,0.2574985196813033,0.07920715220185533,1777481089.7844427,5,/Users/kimsumin/projects/RGMC/data/map/robot17/images/0465.png,/Users/kimsumin/projects/RGMC/data/map/robot17/overlays/0465_overlay.png,/Users/kimsumin/projects/RGMC/data/map/robot17/masks/0465_mask.png
466,0.11875,0.4375,0.0,402.7870689655172,74.37586206896552,1,0.0,0.029770182415643946,0.011484562534580281,1777481101.3551657,5,/Users/kimsumin/projects/RGMC/data/map/robot17/images/0466.png,/Users/kimsumin/projects/RGMC/data/map/robot17/overlays/0466_overlay.png,/Users/kimsumin/projects/RGMC/data/map/robot17/masks/0466_mask.png
467,0.1484375,0.4375,0.0,403.02144772117964,87.56964285714285,1,0.0,0.03431614457136036,0.09044215953993709,1777481114.0771704,5,/Users/kimsumin/projects/RGMC/data/map/robot17/images/0467.png,/Users/kimsumin/projects/RGMC/data/map/robot17/overlays/0467_overlay.png,/Users/kimsumin/projects/RGMC/data/map/robot17/masks/0467_mask.png
468,0.17812499999999998,0.4375,0.0,402.12151898734174,100.44135021097047,1,0.0,0.07818519749878114,0.08120778121003482,1777481125.6675348,5,/Users/kimsumin/projects/RGMC/data/map/robot17/images/0468.png,/Users/kimsumin/projects/RGMC/data/map/robot17/overlays/0468_overlay.png,/Users/kimsumin/projects/RGMC/data/map/robot17/masks/0468_mask.png
469,0.20781249999999998,0.4375,0.0,401.9212531752752,113.40236686390533,1,0.0,0.3498605442928037,0.0385505738968837,1777481137.6376755,5,/Users/kimsumin/projects/RGMC/data/map/robot17/images/0469.png,/Users/kimsumin/projects/RGMC/data/map/robot17/overlays/0469_overlay.png,/Users/kimsumin/projects/RGMC/data/map/robot17/masks/0469_mask.png
470,0.2375,0.4375,0.0,401.8758389261745,126.05183946488295,1,0.0,0.3579672838451628,0.04118194730040226,1777481149.3565419,5,/Users/kimsumin/projects/RGMC/data/map/robot17/images/0470.png,/Users/kimsumin/projects/RGMC/data/map/robot17/overlays/0470_overlay.png,/Users/kimsumin/projects/RGMC/data/map/robot17/masks/0470_mask.png
471,0.26718749999999997,0.4375,0.0,402.0506329113924,140.00168776371308,1,0.0,0.051359507638497524,0.08538775167190449,1777481160.8424911,5,/Users/kimsumin/projects/RGMC/data/map/robot17/images/0471.png,/Users/kimsumin/projects/RGMC/data/map/robot17/overlays/0471_overlay.png,/Users/kimsumin/projects/RGMC/data/map/robot17/masks/0471_mask.png
472,0.296875,0.4375,0.0,401.7748513169074,152.64910790144435,1,0.0,0.09339432368238652,0.04343769981617927,1777481172.9415429,5,/Users/kimsumin/projects/RGMC/data/map/robot17/images/0472.png,/Users/kimsumin/projects/RGMC/data/map/robot17/overlays/0472_overlay.png,/Users/kimsumin/projects/RGMC/data/map/robot17/masks/0472_mask.png
473,0.3265625,0.4375,0.0,401.8046357615894,165.73399833748962,1,0.0,0.03921034336657882,0.04179524211743713,1777481184.380166,5,/Users/kimsumin/projects/RGMC/data/map/robot17/images/0473.png,/Users/kimsumin/projects/RGMC/data/map/robot17/overlays/0473_overlay.png,/Users/kimsumin/projects/RGMC/data/map/robot17/masks/0473_mask.png
474,0.35624999999999996,0.4375,0.0,401.7455166524338,179.22497861420018,1,0.0,0.04144243421232227,0.03365966290270446,1777481195.8773897,5,/Users/kimsumin/projects/RGMC/data/map/robot17/images/0474.png,/Users/kimsumin/projects/RGMC/data/map/robot17/overlays/0474_overlay.png,/Users/kimsumin/projects/RGMC/data/map/robot17/masks/0474_mask.png
475,0.3859375,0.4375,0.0,402.6590308370044,192.40050590219224,1,0.0,0.3407396610626535,0.04648546372880419,1777481207.3971384,5,/Users/kimsumin/projects/RGMC/data/map/robot17/images/0475.png,/Users/kimsumin/projects/RGMC/data/map/robot17/overlays/0475_overlay.png,/Users/kimsumin/projects/RGMC/data/map/robot17/masks/0475_mask.png
476,0.41562499999999997,0.4375,0.0,401.96311475409834,205.45700245700246,1,0.0,0.044094080689163,0.04324146216446776,1777481219.0090783,5,/Users/kimsumin/projects/RGMC/data/map/robot17/images/0476.png,/Users/kimsumin/projects/RGMC/data/map/robot17/overlays/0476_overlay.png,/Users/kimsumin/projects/RGMC/data/map/robot17/masks/0476_mask.png
477,0.4453125,0.4375,0.0,401.7322970639033,219.31228373702422,1,0.0,0.040264073024448024,0.03870823240492475,1777481230.6325455,5,/Users/kimsumin/projects/RGMC/data/map/robot17/images/0477.png,/Users/kimsumin/projects/RGMC/data/map/robot17/overlays/0477_overlay.png,/Users/kimsumin/projects/RGMC/data/map/robot17/masks/0477_mask.png
478,0.475,0.4375,0.0,402.63276327632764,232.088,1,0.0,0.3506722743471188,0.0531864652478427,1777481242.3017359,5,/Users/kimsumin/projects/RGMC/data/map/robot17/images/0478.png,/Users/kimsumin/projects/RGMC/data/map/robot17/overlays/0478_overlay.png,/Users/kimsumin/projects/RGMC/data/map/robot17/masks/0478_mask.png
479,0.5046875,0.4375,0.0,402.68079584775086,245.74157303370785,1,0.0,0.035451417979716654,0.019913429420002838,1777481253.8448598,5,/Users/kimsumin/projects/RGMC/data/map/robot17/images/0479.png,/Users/kimsumin/projects/RGMC/data/map/robot17/overlays/0479_overlay.png,/Users/kimsumin/projects/RGMC/data/map/robot17/masks/0479_mask.png
480,0.5343749999999999,0.4375,0.0,401.7834224598931,259.37254901960785,1,0.0,0.02247378732191818,0.08602741751961313,1777481265.4219398,5,/Users/kimsumin/projects/RGMC/data/map/robot17/images/0480.png,/Users/kimsumin/projects/RGMC/data/map/robot17/overlays/0480_overlay.png,/Users/kimsumin/projects/RGMC/data/map/robot17/masks/0480_mask.png
481,0.5640625,0.4375,0.0,401.6692176870748,273.35414808206957,1,0.0,0.3560657919733739,0.041783075603124144,1777481278.0168977,5,/Users/kimsumin/projects/RGMC/data/map/robot17/images/0481.png,/Users/kimsumin/projects/RGMC/data/map/robot17/overlays/0481_overlay.png,/Users/kimsumin/projects/RGMC/data/map/robot17/masks/0481_mask.png
482,0.59375,0.4375,0.0,401.7952622673435,286.478813559322,1,0.0,0.31394890409410386,0.07702303392598443,1777481289.735618,5,/Users/kimsumin/projects/RGMC/data/map/robot17/images/0482.png,/Users/kimsumin/projects/RGMC/data/map/robot17/overlays/0482_overlay.png,/Users/kimsumin/projects/RGMC/data/map/robot17/masks/0482_mask.png
483,0.6234375,0.4375,0.0,402.69121561668146,300.40905057675246,1,0.0,0.30242483736811154,0.09755890792213401,1777481301.3172538,5,/Users/kimsumin/projects/RGMC/data/map/robot17/images/0483.png,/Users/kimsumin/projects/RGMC/data/map/robot17/overlays/0483_overlay.png,/Users/kimsumin/projects/RGMC/data/map/robot17/masks/0483_mask.png
484,0.653125,0.4375,0.0,401.93294216261523,313.6523569023569,1,0.0,0.04033568425592195,0.036917952996418264,1777481314.1792288,5,/Users/kimsumin/projects/RGMC/data/map/robot17/images/0484.png,/Users/kimsumin/projects/RGMC/data/map/robot17/overlays/0484_overlay.png,/Users/kimsumin/projects/RGMC/data/map/robot17/masks/0484_mask.png
485,0.6828124999999999,0.4375,0.0,402.52762923351156,327.63978494623655,1,0.0,0.025477852273618297,0.2891330722110507,1777481325.6252522,5,/Users/kimsumin/projects/RGMC/data/map/robot17/images/0485.png,/Users/kimsumin/projects/RGMC/data/map/robot17/overlays/0485_overlay.png,/Users/kimsumin/projects/RGMC/data/map/robot17/masks/0485_mask.png
486,0.7124999999999999,0.4375,0.0,401.7732128184059,341.6085176085176,1,0.0,0.036137084158490325,0.04264230342248868,1777481337.0919893,5,/Users/kimsumin/projects/RGMC/data/map/robot17/images/0486.png,/Users/kimsumin/projects/RGMC/data/map/robot17/overlays/0486_overlay.png,/Users/kimsumin/projects/RGMC/data/map/robot17/masks/0486_mask.png
487,0.7421875,0.4375,0.0,401.8306451612903,355.1491935483871,1,0.0,0.07008674231873749,0.04421407036025768,1777481348.77375,5,/Users/kimsumin/projects/RGMC/data/map/robot17/images/0487.png,/Users/kimsumin/projects/RGMC/data/map/robot17/overlays/0487_overlay.png,/Users/kimsumin/projects/RGMC/data/map/robot17/masks/0487_mask.png
488,0.771875,0.4375,0.0,401.3440329218107,370.3177723177723,1,0.0,0.06734450457367347,0.031958515043083315,1777481360.2615087,5,/Users/kimsumin/projects/RGMC/data/map/robot17/images/0488.png,/Users/kimsumin/projects/RGMC/data/map/robot17/overlays/0488_overlay.png,/Users/kimsumin/projects/RGMC/data/map/robot17/masks/0488_mask.png
489,0.8015625,0.4375,0.0,401.29228243021345,385.0254515599343,1,0.0,0.05208291009493685,0.0481368329160106,1777481371.895913,5,/Users/kimsumin/projects/RGMC/data/map/robot17/images/0489.png,/Users/kimsumin/projects/RGMC/data/map/robot17/overlays/0489_overlay.png,/Users/kimsumin/projects/RGMC/data/map/robot17/masks/0489_mask.png
490,0.8312499999999999,0.4375,0.0,401.43065693430657,397.8718572587186,1,0.0,0.02639703416182756,0.039765115803945185,1777481383.500231,5,/Users/kimsumin/projects/RGMC/data/map/robot17/images/0490.png,/Users/kimsumin/projects/RGMC/data/map/robot17/overlays/0490_overlay.png,/Users/kimsumin/projects/RGMC/data/map/robot17/masks/0490_mask.png
491,0.8609374999999999,0.4375,0.0,401.6367313915858,412.80337078651684,1,0.0,0.04964771873424775,0.04960129833862455,1777481395.1010935,5,/Users/kimsumin/projects/RGMC/data/map/robot17/images/0491.png,/Users/kimsumin/projects/RGMC/data/map/robot17/overlays/0491_overlay.png,/Users/kimsumin/projects/RGMC/data/map/robot17/masks/0491_mask.png
492,0.890625,0.4375,0.0,401.2625871417506,426.7567776917119,1,0.0,0.05092588231278104,0.04290416741881144,1777481406.5348508,5,/Users/kimsumin/projects/RGMC/data/map/robot17/images/0492.png,/Users/kimsumin/projects/RGMC/data/map/robot17/overlays/0492_overlay.png,/Users/kimsumin/projects/RGMC/data/map/robot17/masks/0492_mask.png
493,0.9203125,0.4375,0.0,401.2236641221374,439.34355828220856,1,0.0,0.04064054582064774,0.06488671799606266,1777481418.0122347,5,/Users/kimsumin/projects/RGMC/data/map/robot17/images/0493.png,/Users/kimsumin/projects/RGMC/data/map/robot17/overlays/0493_overlay.png,/Users/kimsumin/projects/RGMC/data/map/robot17/masks/0493_mask.png
494,0.95,0.4375,0.0,401.293023255814,453.0457364341085,1,0.0,0.03351421874566562,0.054592758750340406,1777481430.6963174,5,/Users/kimsumin/projects/RGMC/data/map/robot17/images/0494.png,/Users/kimsumin/projects/RGMC/data/map/robot17/overlays/0494_overlay.png,/Users/kimsumin/projects/RGMC/data/map/robot17/masks/0494_mask.png
495,0.95,0.46875,0.0,391.664758789861,457.5723630417007,1,0.0,0.04722753293468547,0.04198314742150336,1777481445.084745,5,/Users/kimsumin/projects/RGMC/data/map/robot17/images/0495.png,/Users/kimsumin/projects/RGMC/data/map/robot17/overlays/0495_overlay.png,/Users/kimsumin/projects/RGMC/data/map/robot17/masks/0495_mask.png
496,0.9203125,0.46875,0.0,386.4273504273504,449.8957528957529,1,0.0,0.04687191053989144,0.15909094791248274,1777481456.6881194,5,/Users/kimsumin/projects/RGMC/data/map/robot17/images/0496.png,/Users/kimsumin/projects/RGMC/data/map/robot17/overlays/0496_overlay.png,/Users/kimsumin/projects/RGMC/data/map/robot17/masks/0496_mask.png
497,0.890625,0.46875,0.0,385.52550231839257,437.03552123552123,1,0.0,0.011485802370530982,0.020903715525046985,1777481468.2680526,5,/Users/kimsumin/projects/RGMC/data/map/robot17/images/0497.png,/Users/kimsumin/projects/RGMC/data/map/robot17/overlays/0497_overlay.png,/Users/kimsumin/projects/RGMC/data/map/robot17/masks/0497_mask.png
498,0.8609374999999999,0.46875,0.0,385.59784283513096,422.2896341463415,1,0.0,0.04872582614962456,0.1505670179856458,1777481479.8652546,5,/Users/kimsumin/projects/RGMC/data/map/robot17/images/0498.png,/Users/kimsumin/projects/RGMC/data/map/robot17/overlays/0498_overlay.png,/Users/kimsumin/projects/RGMC/data/map/robot17/masks/0498_mask.png
499,0.8312499999999999,0.46875,0.0,385.5588932806324,408.82297403619197,1,0.0,0.06429497166464085,0.06525497626195224,1777481491.4000723,5,/Users/kimsumin/projects/RGMC/data/map/robot17/images/0499.png,/Users/kimsumin/projects/RGMC/data/map/robot17/overlays/0499_overlay.png,/Users/kimsumin/projects/RGMC/data/map/robot17/masks/0499_mask.png
500,0.8015625,0.46875,0.0,385.83701883701883,393.3063063063063,1,0.0,0.08730129230975882,0.03970613522436041,1777481502.8854349,5,/Users/kimsumin/projects/RGMC/data/map/robot17/images/0500.png,/Users/kimsumin/projects/RGMC/data/map/robot17/overlays/0500_overlay.png,/Users/kimsumin/projects/RGMC/data/map/robot17/masks/0500_mask.png
501,0.771875,0.46875,0.0,386.1061872909699,380.0535117056856,1,0.0,0.0587824932124822,0.06280361391791088,1777481514.3448555,5,/Users/kimsumin/projects/RGMC/data/map/robot17/images/0501.png,/Users/kimsumin/projects/RGMC/data/map/robot17/overlays/0501_overlay.png,/Users/kimsumin/projects/RGMC/data/map/robot17/masks/0501_mask.png
502,0.7421875,0.46875,0.0,386.089156626506,366.07735697018535,1,0.0,0.06145547501208346,0.02476135673081679,1777481525.8292217,5,/Users/kimsumin/projects/RGMC/data/map/robot17/images/0502.png,/Users/kimsumin/projects/RGMC/data/map/robot17/overlays/0502_overlay.png,/Users/kimsumin/projects/RGMC/data/map/robot17/masks/0502_mask.png
503,0.7124999999999999,0.46875,0.0,386.7843996494303,352.5467372134039,1,0.0,0.026078652442222645,0.04305601051587792,1777481539.7118573,5,/Users/kimsumin/projects/RGMC/data/map/robot17/images/0503.png,/Users/kimsumin/projects/RGMC/data/map/robot17/overlays/0503_overlay.png,/Users/kimsumin/projects/RGMC/data/map/robot17/masks/0503_mask.png
504,0.6828124999999999,0.46875,0.0,386.85223367697597,338.55172413793105,1,0.0,0.06122966389761965,0.061138599756278014,1777481551.2472878,5,/Users/kimsumin/projects/RGMC/data/map/robot17/images/0504.png,/Users/kimsumin/projects/RGMC/data/map/robot17/overlays/0504_overlay.png,/Users/kimsumin/projects/RGMC/data/map/robot17/masks/0504_mask.png
505,0.653125,0.46875,0.0,387.14077253218886,325.35996563573883,1,0.0,0.023478820787025963,0.03266307292671082,1777481562.7375472,5,/Users/kimsumin/projects/RGMC/data/map/robot17/images/0505.png,/Users/kimsumin/projects/RGMC/data/map/robot17/overlays/0505_overlay.png,/Users/kimsumin/projects/RGMC/data/map/robot17/masks/0505_mask.png
506,0.6234375,0.46875,0.0,387.06541218637994,312.01708633093523,1,0.0,0.01262366782012134,0.07496775565068989,1777481574.1905246,5,/Users/kimsumin/projects/RGMC/data/map/robot17/images/0506.png,/Users/kimsumin/projects/RGMC/data/map/robot17/overlays/0506_overlay.png,/Users/kimsumin/projects/RGMC/data/map/robot17/masks/0506_mask.png
507,0.59375,0.46875,0.0,387.10782608695655,297.92962641181583,1,0.0,0.03237898115977023,0.07212809780656497,1777481585.775022,5,/Users/kimsumin/projects/RGMC/data/map/robot17/images/0507.png,/Users/kimsumin/projects/RGMC/data/map/robot17/overlays/0507_overlay.png,/Users/kimsumin/projects/RGMC/data/map/robot17/masks/0507_mask.png
508,0.5640625,0.46875,0.0,387.19444444444446,284.12825112107623,1,0.0,0.03408375519174937,0.026748481029538324,1777481597.4534194,5,/Users/kimsumin/projects/RGMC/data/map/robot17/images/0508.png,/Users/kimsumin/projects/RGMC/data/map/robot17/overlays/0508_overlay.png,/Users/kimsumin/projects/RGMC/data/map/robot17/masks/0508_mask.png
509,0.5343749999999999,0.46875,0.0,387.15478260869565,270.0886956521739,1,0.0,0.03262595607084567,0.02051637874956436,1777481609.1025016,5,/Users/kimsumin/projects/RGMC/data/map/robot17/images/0509.png,/Users/kimsumin/projects/RGMC/data/map/robot17/overlays/0509_overlay.png,/Users/kimsumin/projects/RGMC/data/map/robot17/masks/0509_mask.png
510,0.5046875,0.46875,0.0,387.0939781021898,256.1961678832117,1,0.0,0.040645056565463154,0.029178377657953516,1777481620.700532,5,/Users/kimsumin/projects/RGMC/data/map/robot17/images/0510.png,/Users/kimsumin/projects/RGMC/data/map/robot17/overlays/0510_overlay.png,/Users/kimsumin/projects/RGMC/data/map/robot17/masks/0510_mask.png
511,0.475,0.46875,0.0,387.0863177226814,243.36238532110093,1,0.0,0.03328115928954776,0.04683743079315106,1777481632.1254258,5,/Users/kimsumin/projects/RGMC/data/map/robot17/images/0511.png,/Users/kimsumin/projects/RGMC/data/map/robot17/overlays/0511_overlay.png,/Users/kimsumin/projects/RGMC/data/map/robot17/masks/0511_mask.png
512,0.4453125,0.46875,0.0,387.0792253521127,229.41887125220458,1,0.0,0.03617074780847079,0.02261127003354506,1777481644.3288817,5,/Users/kimsumin/projects/RGMC/data/map/robot17/images/0512.png,/Users/kimsumin/projects/RGMC/data/map/robot17/overlays/0512_overlay.png,/Users/kimsumin/projects/RGMC/data/map/robot17/masks/0512_mask.png
513,0.41562499999999997,0.46875,0.0,387.09067131647777,214.73670444638188,1,0.0,0.02026470275026304,0.04680744146821959,1777481655.9720023,5,/Users/kimsumin/projects/RGMC/data/map/robot17/images/0513.png,/Users/kimsumin/projects/RGMC/data/map/robot17/overlays/0513_overlay.png,/Users/kimsumin/projects/RGMC/data/map/robot17/masks/0513_mask.png
514,0.3859375,0.46875,0.0,387.04396551724136,201.6793103448276,1,0.0,0.021713873438851193,0.01929336930957038,1777481667.4777946,5,/Users/kimsumin/projects/RGMC/data/map/robot17/images/0514.png,/Users/kimsumin/projects/RGMC/data/map/robot17/overlays/0514_overlay.png,/Users/kimsumin/projects/RGMC/data/map/robot17/masks/0514_mask.png
515,0.35624999999999996,0.46875,0.0,387.19897959183675,189.01026518391788,1,0.0,0.049249625247186866,0.061989103779308885,1777481679.0284681,5,/Users/kimsumin/projects/RGMC/data/map/robot17/images/0515.png,/Users/kimsumin/projects/RGMC/data/map/robot17/overlays/0515_overlay.png,/Users/kimsumin/projects/RGMC/data/map/robot17/masks/0515_mask.png
516,0.3265625,0.46875,0.0,387.26395039858284,175.773851590106,1,0.0,0.03673919465326951,0.07117178027306773,1777481690.485996,5,/Users/kimsumin/projects/RGMC/data/map/robot17/images/0516.png,/Users/kimsumin/projects/RGMC/data/map/robot17/overlays/0516_overlay.png,/Users/kimsumin/projects/RGMC/data/map/robot17/masks/0516_mask.png
517,0.296875,0.46875,0.0,387.1519524617997,162.0255319148936,1,0.0,0.012509401534362136,0.03627199580066867,1777481702.902192,5,/Users/kimsumin/projects/RGMC/data/map/robot17/images/0517.png,/Users/kimsumin/projects/RGMC/data/map/robot17/overlays/0517_overlay.png,/Users/kimsumin/projects/RGMC/data/map/robot17/masks/0517_mask.png
518,0.26718749999999997,0.46875,0.0,387.2288642186166,148.71245733788396,1,0.0,0.011837032400604568,0.06254302214826776,1777481714.4210804,5,/Users/kimsumin/projects/RGMC/data/map/robot17/images/0518.png,/Users/kimsumin/projects/RGMC/data/map/robot17/overlays/0518_overlay.png,/Users/kimsumin/projects/RGMC/data/map/robot17/masks/0518_mask.png
519,0.2375,0.46875,0.0,387.2541776605101,135.79735682819384,1,0.0,0.026758131921277045,0.04197862234314254,1777481727.1618085,5,/Users/kimsumin/projects/RGMC/data/map/robot17/images/0519.png,/Users/kimsumin/projects/RGMC/data/map/robot17/overlays/0519_overlay.png,/Users/kimsumin/projects/RGMC/data/map/robot17/masks/0519_mask.png
520,0.20781249999999998,0.46875,0.0,387.2911611785095,122.30622837370242,1,0.0,0.022147943837151428,0.2438646648430571,1777481738.6686976,5,/Users/kimsumin/projects/RGMC/data/map/robot17/images/0520.png,/Users/kimsumin/projects/RGMC/data/map/robot17/overlays/0520_overlay.png,/Users/kimsumin/projects/RGMC/data/map/robot17/masks/0520_mask.png
521,0.17812499999999998,0.46875,0.0,387.45579399141633,109.17667238421956,1,0.0,0.026828464280734536,0.0771542128992016,1777481750.2732944,5,/Users/kimsumin/projects/RGMC/data/map/robot17/images/0521.png,/Users/kimsumin/projects/RGMC/data/map/robot17/overlays/0521_overlay.png,/Users/kimsumin/projects/RGMC/data/map/robot17/masks/0521_mask.png
522,0.1484375,0.46875,0.0,387.4851752021563,96.5013501350135,1,0.0,0.07411003968711509,0.05208807787693999,1777481761.7158718,5,/Users/kimsumin/projects/RGMC/data/map/robot17/images/0522.png,/Users/kimsumin/projects/RGMC/data/map/robot17/overlays/0522_overlay.png,/Users/kimsumin/projects/RGMC/data/map/robot17/masks/0522_mask.png
523,0.11875,0.46875,0.0,387.2810858143608,83.29060579455663,1,0.0,0.011135231106194594,0.01714640460852637,1777481773.2377987,5,/Users/kimsumin/projects/RGMC/data/map/robot17/images/0523.png,/Users/kimsumin/projects/RGMC/data/map/robot17/overlays/0523_overlay.png,/Users/kimsumin/projects/RGMC/data/map/robot17/masks/0523_mask.png
524,0.08906249999999999,0.46875,0.0,387.55979643765903,69.8313559322034,1,0.0,0.025682788086141526,0.030809133275831724,1777481784.7985268,5,/Users/kimsumin/projects/RGMC/data/map/robot17/images/0524.png,/Users/kimsumin/projects/RGMC/data/map/robot17/overlays/0524_overlay.png,/Users/kimsumin/projects/RGMC/data/map/robot17/masks/0524_mask.png
525,0.059375,0.46875,0.0,387.63644444444446,57.1072695035461,1,0.0,0.047961404432273085,0.046154776736569994,1777481797.272165,5,/Users/kimsumin/projects/RGMC/data/map/robot17/images/0525.png,/Users/kimsumin/projects/RGMC/data/map/robot17/overlays/0525_overlay.png,/Users/kimsumin/projects/RGMC/data/map/robot17/masks/0525_mask.png
526,0.0296875,0.46875,0.0,387.42986425339365,43.75022706630336,1,0.0,0.06642054565214346,0.17501852097661752,1777481808.7777584,5,/Users/kimsumin/projects/RGMC/data/map/robot17/images/0526.png,/Users/kimsumin/projects/RGMC/data/map/robot17/overlays/0526_overlay.png,/Users/kimsumin/projects/RGMC/data/map/robot17/masks/0526_mask.png
527,0.0,0.46875,0.0,387.6222780569514,29.68487394957983,1,0.0,0.02552132925642978,0.05654801472830385,1777481820.1841717,5,/Users/kimsumin/projects/RGMC/data/map/robot17/images/0527.png,/Users/kimsumin/projects/RGMC/data/map/robot17/overlays/0527_overlay.png,/Users/kimsumin/projects/RGMC/data/map/robot17/masks/0527_mask.png
528,0.0,0.5,0.0,378.26507018992567,26.43363561417972,1,0.0,0.053607895616095136,0.04215698417184315,1777481831.6223664,5,/Users/kimsumin/projects/RGMC/data/map/robot17/images/0528.png,/Users/kimsumin/projects/RGMC/data/map/robot17/overlays/0528_overlay.png,/Users/kimsumin/projects/RGMC/data/map/robot17/masks/0528_mask.png
529,0.0296875,0.5,0.0,375.10433244916004,35.73529411764706,1,0.0,0.051558601569861424,0.07825256132716857,1777481843.1265125,5,/Users/kimsumin/projects/RGMC/data/map/robot17/images/0529.png,/Users/kimsumin/projects/RGMC/data/map/robot17/overlays/0529_overlay.png,/Users/kimsumin/projects/RGMC/data/map/robot17/masks/0529_mask.png
530,0.059375,0.5,0.0,375.07974335472045,47.998193315266484,1,0.0,0.3396285261995366,0.08207493789804719,1777481854.7504222,5,/Users/kimsumin/projects/RGMC/data/map/robot17/images/0530.png,/Users/kimsumin/projects/RGMC/data/map/robot17/overlays/0530_overlay.png,/Users/kimsumin/projects/RGMC/data/map/robot17/masks/0530_mask.png
531,0.08906249999999999,0.5,0.0,374.90909090909093,60.840174672489084,1,0.0,0.029600998710928472,0.06494002629597302,1777481866.3018274,5,/Users/kimsumin/projects/RGMC/data/map/robot17/images/0531.png,/Users/kimsumin/projects/RGMC/data/map/robot17/overlays/0531_overlay.png,/Users/kimsumin/projects/RGMC/data/map/robot17/masks/0531_mask.png
532,0.11875,0.5,0.0,374.99912280701756,73.65666372462489,1,0.0,0.03939001006389661,0.0570883138955077,1777481877.776043,5,/Users/kimsumin/projects/RGMC/data/map/robot17/images/0532.png,/Users/kimsumin/projects/RGMC/data/map/robot17/overlays/0532_overlay.png,/Users/kimsumin/projects/RGMC/data/map/robot17/masks/0532_mask.png
533,0.1484375,0.5,0.0,374.74175824175825,86.92953929539296,1,0.0,0.06305405915847737,0.0458434262864649,1777481889.2360172,5,/Users/kimsumin/projects/RGMC/data/map/robot17/images/0533.png,/Users/kimsumin/projects/RGMC/data/map/robot17/overlays/0533_overlay.png,/Users/kimsumin/projects/RGMC/data/map/robot17/masks/0533_mask.png
534,0.17812499999999998,0.5,0.0,373.89504617968095,99.9535864978903,1,0.0,0.08833064058960648,0.13084016511709218,1777481900.861953,5,/Users/kimsumin/projects/RGMC/data/map/robot17/images/0534.png,/Users/kimsumin/projects/RGMC/data/map/robot17/overlays/0534_overlay.png,/Users/kimsumin/projects/RGMC/data/map/robot17/masks/0534_mask.png
535,0.20781249999999998,0.5,0.0,374.87843833185445,112.78260869565217,1,0.0,0.38111347607140933,0.029678061198519273,1777481912.3902123,5,/Users/kimsumin/projects/RGMC/data/map/robot17/images/0535.png,/Users/kimsumin/projects/RGMC/data/map/robot17/overlays/0535_overlay.png,/Users/kimsumin/projects/RGMC/data/map/robot17/masks/0535_mask.png
536,0.2375,0.5,0.0,374.86170212765956,125.92186128182617,1,0.0,0.0335969156299451,0.039274865831328214,1777481923.9100814,5,/Users/kimsumin/projects/RGMC/data/map/robot17/images/0536.png,/Users/kimsumin/projects/RGMC/data/map/robot17/overlays/0536_overlay.png,/Users/kimsumin/projects/RGMC/data/map/robot17/masks/0536_mask.png
537,0.26718749999999997,0.5,0.0,373.6982456140351,139.11052631578949,1,0.0,0.34453560827935803,0.2040569100020219,1777481935.4276814,5,/Users/kimsumin/projects/RGMC/data/map/robot17/images/0537.png,/Users/kimsumin/projects/RGMC/data/map/robot17/overlays/0537_overlay.png,/Users/kimsumin/projects/RGMC/data/map/robot17/masks/0537_mask.png
538,0.296875,0.5,0.0,374.67333939945405,151.91628753412192,1,0.0,0.031216513215407436,0.05059204857403216,1777481946.9456208,5,/Users/kimsumin/projects/RGMC/data/map/robot17/images/0538.png,/Users/kimsumin/projects/RGMC/data/map/robot17/overlays/0538_overlay.png,/Users/kimsumin/projects/RGMC/data/map/robot17/masks/0538_mask.png
539,0.3265625,0.5,0.0,373.43896321070235,165.14882943143812,1,0.0,0.04071632963864437,0.07403602768366574,1777481958.4234855,5,/Users/kimsumin/projects/RGMC/data/map/robot17/images/0539.png,/Users/kimsumin/projects/RGMC/data/map/robot17/overlays/0539_overlay.png,/Users/kimsumin/projects/RGMC/data/map/robot17/masks/0539_mask.png
540,0.35624999999999996,0.5,0.0,373.45605306799337,178.01824212271973,1,0.0,0.034025045583342337,0.05273292196280059,1777481969.8976314,5,/Users/kimsumin/projects/RGMC/data/map/robot17/images/0540.png,/Users/kimsumin/projects/RGMC/data/map/robot17/overlays/0540_overlay.png,/Users/kimsumin/projects/RGMC/data/map/robot17/masks/0540_mask.png
541,0.3859375,0.5,0.0,373.4957191780822,191.35622317596565,1,0.0,0.07233482746851887,0.04745677380754862,1777481981.39086,5,/Users/kimsumin/projects/RGMC/data/map/robot17/images/0541.png,/Users/kimsumin/projects/RGMC/data/map/robot17/overlays/0541_overlay.png,/Users/kimsumin/projects/RGMC/data/map/robot17/masks/0541_mask.png
542,0.41562499999999997,0.5,0.0,373.2159277504105,205.0320197044335,1,0.0,0.06317327583141027,0.0740831013472134,1777481992.8773346,5,/Users/kimsumin/projects/RGMC/data/map/robot17/images/0542.png,/Users/kimsumin/projects/RGMC/data/map/robot17/overlays/0542_overlay.png,/Users/kimsumin/projects/RGMC/data/map/robot17/masks/0542_mask.png
543,0.4453125,0.5,0.0,373.32247557003257,218.1229641693811,1,0.0,0.3317125463512079,0.06930884568211522,1777482004.348368,5,/Users/kimsumin/projects/RGMC/data/map/robot17/images/0543.png,/Users/kimsumin/projects/RGMC/data/map/robot17/overlays/0543_overlay.png,/Users/kimsumin/projects/RGMC/data/map/robot17/masks/0543_mask.png
544,0.475,0.5,0.0,374.213768115942,231.52978339350182,1,0.0,0.06968977212502665,0.06325334812425182,1777482015.8159742,5,/Users/kimsumin/projects/RGMC/data/map/robot17/images/0544.png,/Users/kimsumin/projects/RGMC/data/map/robot17/overlays/0544_overlay.png,/Users/kimsumin/projects/RGMC/data/map/robot17/masks/0544_mask.png
545,0.5046875,0.5,0.0,372.9688552188552,244.87373737373738,1,0.0,0.08729919313526792,0.08159237314283178,1777482028.59166,5,/Users/kimsumin/projects/RGMC/data/map/robot17/images/0545.png,/Users/kimsumin/projects/RGMC/data/map/robot17/overlays/0545_overlay.png,/Users/kimsumin/projects/RGMC/data/map/robot17/masks/0545_mask.png
546,0.5343749999999999,0.5,0.0,374.0046468401487,259.5371747211896,1,0.0,0.39796211439160584,0.311886983639339,1777482040.1131399,5,/Users/kimsumin/projects/RGMC/data/map/robot17/images/0546.png,/Users/kimsumin/projects/RGMC/data/map/robot17/overlays/0546_overlay.png,/Users/kimsumin/projects/RGMC/data/map/robot17/masks/0546_mask.png
547,0.5640625,0.5,0.0,373.95644114921225,271.9944186046512,1,0.0,0.31972064333626804,0.0519401831348645,1777482051.5564768,5,/Users/kimsumin/projects/RGMC/data/map/robot17/images/0547.png,/Users/kimsumin/projects/RGMC/data/map/robot17/overlays/0547_overlay.png,/Users/kimsumin/projects/RGMC/data/map/robot17/masks/0547_mask.png
548,0.59375,0.5,0.0,373.1912384161752,285.1193903471634,1,0.0,0.08088929754334255,0.03758520576845631,1777482063.092277,5,/Users/kimsumin/projects/RGMC/data/map/robot17/images/0548.png,/Users/kimsumin/projects/RGMC/data/map/robot17/overlays/0548_overlay.png,/Users/kimsumin/projects/RGMC/data/map/robot17/masks/0548_mask.png
549,0.6234375,0.5,0.0,373.54633715798764,299.36842105263156,1,0.0,0.3448459887812282,0.3659736013138114,1777482074.5776534,5,/Users/kimsumin/projects/RGMC/data/map/robot17/images/0549.png,/Users/kimsumin/projects/RGMC/data/map/robot17/overlays/0549_overlay.png,/Users/kimsumin/projects/RGMC/data/map/robot17/masks/0549_mask.png
550,0.653125,0.5,0.0,374.50695652173914,312.73711790393014,1,0.0,0.3361328603806967,0.06465082849022417,1777482086.007088,5,/Users/kimsumin/projects/RGMC/data/map/robot17/images/0550.png,/Users/kimsumin/projects/RGMC/data/map/robot17/overlays/0550_overlay.png,/Users/kimsumin/projects/RGMC/data/map/robot17/masks/0550_mask.png
551,0.6828124999999999,0.5,0.0,373.22599337748346,326.3069883527454,1,0.0,0.03288591754281691,0.04312988572599565,1777482097.5031242,5,/Users/kimsumin/projects/RGMC/data/map/robot17/images/0551.png,/Users/kimsumin/projects/RGMC/data/map/robot17/overlays/0551_overlay.png,/Users/kimsumin/projects/RGMC/data/map/robot17/masks/0551_mask.png
552,0.7124999999999999,0.5,0.0,372.29084687767323,341.30264279624896,1,0.0,0.2627199439068509,0.05842931217241563,1777482108.9843454,5,/Users/kimsumin/projects/RGMC/data/map/robot17/images/0552.png,/Users/kimsumin/projects/RGMC/data/map/robot17/overlays/0552_overlay.png,/Users/kimsumin/projects/RGMC/data/map/robot17/masks/0552_mask.png
553,0.7421875,0.5,0.0,372.31965811965813,354.9205685618729,1,0.0,0.24687236430074536,0.0763028129021071,1777482120.3890622,5,/Users/kimsumin/projects/RGMC/data/map/robot17/images/0553.png,/Users/kimsumin/projects/RGMC/data/map/robot17/overlays/0553_overlay.png,/Users/kimsumin/projects/RGMC/data/map/robot17/masks/0553_mask.png
554,0.771875,0.5,0.0,372.73067534580963,369.49205020920505,1,0.0,0.23290656151686576,0.05620843923952101,1777482131.9624608,5,/Users/kimsumin/projects/RGMC/data/map/robot17/images/0554.png,/Users/kimsumin/projects/RGMC/data/map/robot17/overlays/0554_overlay.png,/Users/kimsumin/projects/RGMC/data/map/robot17/masks/0554_mask.png
555,0.8015625,0.5,0.0,372.6904362416107,384.435618729097,1,0.0,0.23822912061610566,0.07710545819582386,1777482143.4026146,5,/Users/kimsumin/projects/RGMC/data/map/robot17/images/0555.png,/Users/kimsumin/projects/RGMC/data/map/robot17/overlays/0555_overlay.png,/Users/kimsumin/projects/RGMC/data/map/robot17/masks/0555_mask.png
556,0.8312499999999999,0.5,0.0,372.3941908713693,396.949377593361,1,0.0,0.2185542994477897,0.04062003427213447,1777482155.0185843,5,/Users/kimsumin/projects/RGMC/data/map/robot17/images/0556.png,/Users/kimsumin/projects/RGMC/data/map/robot17/overlays/0556_overlay.png,/Users/kimsumin/projects/RGMC/data/map/robot17/masks/0556_mask.png
557,0.8609374999999999,0.5,0.0,372.67258687258686,410.99766355140184,1,0.0,0.07046850023134314,0.07028195114185135,1777482166.4972944,5,/Users/kimsumin/projects/RGMC/data/map/robot17/images/0557.png,/Users/kimsumin/projects/RGMC/data/map/robot17/overlays/0557_overlay.png,/Users/kimsumin/projects/RGMC/data/map/robot17/masks/0557_mask.png
558,0.890625,0.5,0.0,372.48119122257054,425.321875,1,0.0,0.049755493238400804,0.01495138456755456,1777482178.0321288,5,/Users/kimsumin/projects/RGMC/data/map/robot17/images/0558.png,/Users/kimsumin/projects/RGMC/data/map/robot17/overlays/0558_overlay.png,/Users/kimsumin/projects/RGMC/data/map/robot17/masks/0558_mask.png
559,0.9203125,0.5,0.0,372.3560490045942,438.76073619631904,1,0.0,0.03582173760523923,0.028782148342569213,1777482189.6609113,5,/Users/kimsumin/projects/RGMC/data/map/robot17/images/0559.png,/Users/kimsumin/projects/RGMC/data/map/robot17/overlays/0559_overlay.png,/Users/kimsumin/projects/RGMC/data/map/robot17/masks/0559_mask.png
560,0.95,0.5,0.0,372.38228252194733,453.1159650516283,1,0.0,0.08538952666791777,0.03922477014754275,1777482201.1958153,5,/Users/kimsumin/projects/RGMC/data/map/robot17/images/0560.png,/Users/kimsumin/projects/RGMC/data/map/robot17/overlays/0560_overlay.png,/Users/kimsumin/projects/RGMC/data/map/robot17/masks/0560_mask.png
561,0.95,0.53125,0.0,363.64303380049466,457.0915086562242,1,0.0,0.021321512896675273,0.015959294022077596,1777482212.738147,5,/Users/kimsumin/projects/RGMC/data/map/robot17/images/0561.png,/Users/kimsumin/projects/RGMC/data/map/robot17/overlays/0561_overlay.png,/Users/kimsumin/projects/RGMC/data/map/robot17/masks/0561_mask.png
562,0.9203125,0.53125,0.0,357.61285386381024,449.50572082379864,1,0.0,0.08832224782264197,0.09448528513545087,1777482224.2469757,5,/Users/kimsumin/projects/RGMC/data/map/robot17/images/0562.png,/Users/kimsumin/projects/RGMC/data/map/robot17/overlays/0562_overlay.png,/Users/kimsumin/projects/RGMC/data/map/robot17/masks/0562_mask.png
563,0.890625,0.53125,0.0,356.69132075471697,435.5720754716981,1,0.0,0.037747097159009396,0.053249049913227445,1777482235.820312,5,/Users/kimsumin/projects/RGMC/data/map/robot17/images/0563.png,/Users/kimsumin/projects/RGMC/data/map/robot17/overlays/0563_overlay.png,/Users/kimsumin/projects/RGMC/data/map/robot17/masks/0563_mask.png
564,0.8609374999999999,0.53125,0.0,356.66037735849056,422.19453125,1,0.0,0.06744398840777868,0.1923027631923874,1777482247.4071267,5,/Users/kimsumin/projects/RGMC/data/map/robot17/images/0564.png,/Users/kimsumin/projects/RGMC/data/map/robot17/overlays/0564_overlay.png,/Users/kimsumin/projects/RGMC/data/map/robot17/masks/0564_mask.png
565,0.8312499999999999,0.53125,0.0,356.09453952730235,408.5493072534637,1,0.0,0.13259060407214393,0.03131654003911326,1777482258.8576598,5,/Users/kimsumin/projects/RGMC/data/map/robot17/images/0565.png,/Users/kimsumin/projects/RGMC/data/map/robot17/overlays/0565_overlay.png,/Users/kimsumin/projects/RGMC/data/map/robot17/masks/0565_mask.png
566,0.8015625,0.53125,0.0,356.91185897435895,393.7308917197452,1,0.0,0.06135935271751227,0.04421336077980334,1777482270.343049,5,/Users/kimsumin/projects/RGMC/data/map/robot17/images/0566.png,/Users/kimsumin/projects/RGMC/data/map/robot17/overlays/0566_overlay.png,/Users/kimsumin/projects/RGMC/data/map/robot17/masks/0566_mask.png
567,0.771875,0.53125,0.0,356.9265442404007,380.1729638958858,1,0.0,0.07650518696415179,0.04470506332714813,1777482281.958323,5,/Users/kimsumin/projects/RGMC/data/map/robot17/images/0567.png,/Users/kimsumin/projects/RGMC/data/map/robot17/overlays/0567_overlay.png,/Users/kimsumin/projects/RGMC/data/map/robot17/masks/0567_mask.png
568,0.7421875,0.53125,0.0,356.884070058382,365.0208333333333,1,0.0,0.06320372342921902,0.025961627929448707,1777482293.4376934,5,/Users/kimsumin/projects/RGMC/data/map/robot17/images/0568.png,/Users/kimsumin/projects/RGMC/data/map/robot17/overlays/0568_overlay.png,/Users/kimsumin/projects/RGMC/data/map/robot17/masks/0568_mask.png
569,0.7124999999999999,0.53125,0.0,357.00336417157274,352.3481543624161,1,0.0,0.013742598701350918,0.06822236520681206,1777482304.9015634,5,/Users/kimsumin/projects/RGMC/data/map/robot17/images/0569.png,/Users/kimsumin/projects/RGMC/data/map/robot17/overlays/0569_overlay.png,/Users/kimsumin/projects/RGMC/data/map/robot17/masks/0569_mask.png
570,0.6828124999999999,0.53125,0.0,357.33946488294316,338.5117056856187,1,0.0,0.05761354663705462,0.028265406534196933,1777482316.368941,5,/Users/kimsumin/projects/RGMC/data/map/robot17/images/0570.png,/Users/kimsumin/projects/RGMC/data/map/robot17/overlays/0570_overlay.png,/Users/kimsumin/projects/RGMC/data/map/robot17/masks/0570_mask.png
571,0.653125,0.53125,0.0,356.8756260434057,325.12213740458014,1,0.0,0.07298824255433556,0.10072221215847312,1777482329.0907454,5,/Users/kimsumin/projects/RGMC/data/map/robot17/images/0571.png,/Users/kimsumin/projects/RGMC/data/map/robot17/overlays/0571_overlay.png,/Users/kimsumin/projects/RGMC/data/map/robot17/masks/0571_mask.png
572,0.6234375,0.53125,0.0,358.14840989399295,310.68992932862193,1,0.0,0.255395364140837,0.05386692489794495,1777482340.6550093,5,/Users/kimsumin/projects/RGMC/data/map/robot17/images/0572.png,/Users/kimsumin/projects/RGMC/data/map/robot17/overlays/0572_overlay.png,/Users/kimsumin/projects/RGMC/data/map/robot17/masks/0572_mask.png
573,0.59375,0.53125,0.0,358.3625783348254,297.3178571428571,1,0.0,0.0648059898974202,0.03873750790548275,1777482352.1377895,5,/Users/kimsumin/projects/RGMC/data/map/robot17/images/0573.png,/Users/kimsumin/projects/RGMC/data/map/robot17/overlays/0573_overlay.png,/Users/kimsumin/projects/RGMC/data/map/robot17/masks/0573_mask.png
574,0.5640625,0.53125,0.0,358.2184557438795,283.563484708063,1,0.0,0.048088998391607,0.08775440521649103,1777482363.825775,5,/Users/kimsumin/projects/RGMC/data/map/robot17/images/0574.png,/Users/kimsumin/projects/RGMC/data/map/robot17/overlays/0574_overlay.png,/Users/kimsumin/projects/RGMC/data/map/robot17/masks/0574_mask.png
575,0.5343749999999999,0.53125,0.0,357.50679117147706,269.47113752122243,1,0.0,0.34824530464935255,0.018229650501673446,1777482375.5140126,5,/Users/kimsumin/projects/RGMC/data/map/robot17/images/0575.png,/Users/kimsumin/projects/RGMC/data/map/robot17/overlays/0575_overlay.png,/Users/kimsumin/projects/RGMC/data/map/robot17/masks/0575_mask.png
576,0.5046875,0.53125,0.0,358.4355716878403,256.11070780399274,1,0.0,0.032446043073074346,0.02649986758866433,1777482386.9692173,5,/Users/kimsumin/projects/RGMC/data/map/robot17/images/0576.png,/Users/kimsumin/projects/RGMC/data/map/robot17/overlays/0576_overlay.png,/Users/kimsumin/projects/RGMC/data/map/robot17/masks/0576_mask.png
577,0.475,0.53125,0.0,358.49119718309856,242.19102112676057,1,0.0,0.041531686708530094,0.04790561421422153,1777482398.8511736,5,/Users/kimsumin/projects/RGMC/data/map/robot17/images/0577.png,/Users/kimsumin/projects/RGMC/data/map/robot17/overlays/0577_overlay.png,/Users/kimsumin/projects/RGMC/data/map/robot17/masks/0577_mask.png
578,0.4453125,0.53125,0.0,358.3757736516357,228.63837312113174,1,0.0,0.06667571260844854,0.0451323370423176,1777482410.2666454,5,/Users/kimsumin/projects/RGMC/data/map/robot17/images/0578.png,/Users/kimsumin/projects/RGMC/data/map/robot17/overlays/0578_overlay.png,/Users/kimsumin/projects/RGMC/data/map/robot17/masks/0578_mask.png
579,0.41562499999999997,0.53125,0.0,358.65775862068966,214.2540772532189,1,0.0,0.039056917837017834,0.04138117533004342,1777482421.7700772,5,/Users/kimsumin/projects/RGMC/data/map/robot17/images/0579.png,/Users/kimsumin/projects/RGMC/data/map/robot17/overlays/0579_overlay.png,/Users/kimsumin/projects/RGMC/data/map/robot17/masks/0579_mask.png
580,0.3859375,0.53125,0.0,358.9025021570319,201.59094790777112,1,0.0,0.04016939246000144,0.038597944650711216,1777482433.2203906,5,/Users/kimsumin/projects/RGMC/data/map/robot17/images/0580.png,/Users/kimsumin/projects/RGMC/data/map/robot17/overlays/0580_overlay.png,/Users/kimsumin/projects/RGMC/data/map/robot17/masks/0580_mask.png
581,0.35624999999999996,0.53125,0.0,358.8823008849557,189.25840707964602,1,0.0,0.027703866182468558,0.046089043143760236,1777482444.7095125,5,/Users/kimsumin/projects/RGMC/data/map/robot17/images/0581.png,/Users/kimsumin/projects/RGMC/data/map/robot17/overlays/0581_overlay.png,/Users/kimsumin/projects/RGMC/data/map/robot17/masks/0581_mask.png
582,0.3265625,0.53125,0.0,358.94348222424793,175.6105550500455,1,0.0,0.004128501240516581,0.01305819450515478,1777482456.188006,5,/Users/kimsumin/projects/RGMC/data/map/robot17/images/0582.png,/Users/kimsumin/projects/RGMC/data/map/robot17/overlays/0582_overlay.png,/Users/kimsumin/projects/RGMC/data/map/robot17/masks/0582_mask.png
583,0.296875,0.53125,0.0,358.9172413793103,161.87650085763292,1,0.0,0.020444781032898682,0.05223146937859834,1777482467.86015,5,/Users/kimsumin/projects/RGMC/data/map/robot17/images/0583.png,/Users/kimsumin/projects/RGMC/data/map/robot17/overlays/0583_overlay.png,/Users/kimsumin/projects/RGMC/data/map/robot17/masks/0583_mask.png
584,0.26718749999999997,0.53125,0.0,358.85117493472586,148.88250652741513,1,0.0,0.29486568163133303,0.07356206192041824,1777482479.4052403,5,/Users/kimsumin/projects/RGMC/data/map/robot17/images/0584.png,/Users/kimsumin/projects/RGMC/data/map/robot17/overlays/0584_overlay.png,/Users/kimsumin/projects/RGMC/data/map/robot17/masks/0584_mask.png
585,0.2375,0.53125,0.0,359.0098831985624,135.4797843665768,1,0.0,0.0402042499351676,0.03548158672929492,1777482490.7823548,5,/Users/kimsumin/projects/RGMC/data/map/robot17/images/0585.png,/Users/kimsumin/projects/RGMC/data/map/robot17/overlays/0585_overlay.png,/Users/kimsumin/projects/RGMC/data/map/robot17/masks/0585_mask.png
586,0.20781249999999998,0.53125,0.0,358.9764918625678,122.97649186256781,1,0.0,0.0336899461274288,0.23615331061313727,1777482502.2854962,5,/Users/kimsumin/projects/RGMC/data/map/robot17/images/0586.png,/Users/kimsumin/projects/RGMC/data/map/robot17/overlays/0586_overlay.png,/Users/kimsumin/projects/RGMC/data/map/robot17/masks/0586_mask.png
587,0.17812499999999998,0.53125,0.0,359.13123359580055,109.5161854768154,1,0.0,0.03562405622193133,0.016746314503388985,1777482513.8645182,5,/Users/kimsumin/projects/RGMC/data/map/robot17/images/0587.png,/Users/kimsumin/projects/RGMC/data/map/robot17/overlays/0587_overlay.png,/Users/kimsumin/projects/RGMC/data/map/robot17/masks/0587_mask.png
588,0.1484375,0.53125,0.0,359.2828193832599,96.01492537313433,1,0.0,0.02207799104509032,0.08143662427905586,1777482525.3080158,5,/Users/kimsumin/projects/RGMC/data/map/robot17/images/0588.png,/Users/kimsumin/projects/RGMC/data/map/robot17/overlays/0588_overlay.png,/Users/kimsumin/projects/RGMC/data/map/robot17/masks/0588_mask.png
589,0.11875,0.53125,0.0,359.12719298245617,83.3441615452151,1,0.0,0.06052636639455659,0.031973570123482224,1777482536.7198489,5,/Users/kimsumin/projects/RGMC/data/map/robot17/images/0589.png,/Users/kimsumin/projects/RGMC/data/map/robot17/overlays/0589_overlay.png,/Users/kimsumin/projects/RGMC/data/map/robot17/masks/0589_mask.png
590,0.08906249999999999,0.53125,0.0,359.3816466552316,69.70446735395188,1,0.0,0.015850918915376787,0.02026074388236884,1777482548.1530883,5,/Users/kimsumin/projects/RGMC/data/map/robot17/images/0590.png,/Users/kimsumin/projects/RGMC/data/map/robot17/overlays/0590_overlay.png,/Users/kimsumin/projects/RGMC/data/map/robot17/masks/0590_mask.png
591,0.059375,0.53125,0.0,359.5218531468532,57.0377524143986,1,0.0,0.0201278112800862,0.0658657585693043,1777482559.7089102,5,/Users/kimsumin/projects/RGMC/data/map/robot17/images/0591.png,/Users/kimsumin/projects/RGMC/data/map/robot17/overlays/0591_overlay.png,/Users/kimsumin/projects/RGMC/data/map/robot17/masks/0591_mask.png
592,0.0296875,0.53125,0.0,359.2036713286713,43.97349823321555,1,0.0,0.06279482071158105,0.09767548823946735,1777482571.2110393,5,/Users/kimsumin/projects/RGMC/data/map/robot17/images/0592.png,/Users/kimsumin/projects/RGMC/data/map/robot17/overlays/0592_overlay.png,/Users/kimsumin/projects/RGMC/data/map/robot17/masks/0592_mask.png
593,0.0,0.53125,0.0,359.5867560771165,30.15851602023609,1,0.0,0.05407225346923973,0.07105477316290777,1777482582.6901522,5,/Users/kimsumin/projects/RGMC/data/map/robot17/images/0593.png,/Users/kimsumin/projects/RGMC/data/map/robot17/overlays/0593_overlay.png,/Users/kimsumin/projects/RGMC/data/map/robot17/masks/0593_mask.png
594,0.0,0.5625,0.0,351.3939393939394,26.06931530008453,1,0.0,0.04993664373480541,0.06057398181587767,1777482594.5777984,5,/Users/kimsumin/projects/RGMC/data/map/robot17/images/0594.png,/Users/kimsumin/projects/RGMC/data/map/robot17/overlays/0594_overlay.png,/Users/kimsumin/projects/RGMC/data/map/robot17/masks/0594_mask.png
595,0.0296875,0.5625,0.0,347.44763513513516,34.03904923599321,1,0.0,0.032284685592989734,0.053903259437140326,1777482606.1722817,5,/Users/kimsumin/projects/RGMC/data/map/robot17/images/0595.png,/Users/kimsumin/projects/RGMC/data/map/robot17/overlays/0595_overlay.png,/Users/kimsumin/projects/RGMC/data/map/robot17/masks/0595_mask.png
596,0.059375,0.5625,0.0,346.9605263157895,46.306748466257666,1,0.0,0.034247924382478236,0.0652643955518788,1777482617.6775634,5,/Users/kimsumin/projects/RGMC/data/map/robot17/images/0596.png,/Users/kimsumin/projects/RGMC/data/map/robot17/overlays/0596_overlay.png,/Users/kimsumin/projects/RGMC/data/map/robot17/masks/0596_mask.png
597,0.08906249999999999,0.5625,0.0,346.40814558058923,60.07192374350087,1,0.0,0.034296184928919816,0.03860613881606185,1777482629.1551106,5,/Users/kimsumin/projects/RGMC/data/map/robot17/images/0597.png,/Users/kimsumin/projects/RGMC/data/map/robot17/overlays/0597_overlay.png,/Users/kimsumin/projects/RGMC/data/map/robot17/masks/0597_mask.png
598,0.11875,0.5625,0.0,346.72536496350364,73.07520143240824,1,0.0,0.214212993436788,0.07091738358146427,1777482640.6282706,5,/Users/kimsumin/projects/RGMC/data/map/robot17/images/0598.png,/Users/kimsumin/projects/RGMC/data/map/robot17/overlays/0598_overlay.png,/Users/kimsumin/projects/RGMC/data/map/robot17/masks/0598_mask.png
599,0.1484375,0.5625,0.0,346.74782608695654,85.67261904761905,1,0.0,0.19186333094923655,0.08379006611456466,1777482652.0808454,5,/Users/kimsumin/projects/RGMC/data/map/robot17/images/0599.png,/Users/kimsumin/projects/RGMC/data/map/robot17/overlays/0599_overlay.png,/Users/kimsumin/projects/RGMC/data/map/robot17/masks/0599_mask.png
600,0.17812499999999998,0.5625,0.0,345.9719298245614,99.24473684210527,1,0.0,0.044010859870609736,0.046912077791213966,1777482663.5720642,5,/Users/kimsumin/projects/RGMC/data/map/robot17/images/0600.png,/Users/kimsumin/projects/RGMC/data/map/robot17/overlays/0600_overlay.png,/Users/kimsumin/projects/RGMC/data/map/robot17/masks/0600_mask.png
601,0.20781249999999998,0.5625,0.0,345.4641932700604,112.02253032928942,1,0.0,0.06798979533476991,0.05185264588477781,1777482675.0602005,5,/Users/kimsumin/projects/RGMC/data/map/robot17/images/0601.png,/Users/kimsumin/projects/RGMC/data/map/robot17/overlays/0601_overlay.png,/Users/kimsumin/projects/RGMC/data/map/robot17/masks/0601_mask.png
602,0.2375,0.5625,0.0,345.8212478920742,125.5915611814346,1,0.0,0.18343755740110446,0.05494449042378986,1777482686.54636,5,/Users/kimsumin/projects/RGMC/data/map/robot17/images/0602.png,/Users/kimsumin/projects/RGMC/data/map/robot17/overlays/0602_overlay.png,/Users/kimsumin/projects/RGMC/data/map/robot17/masks/0602_mask.png
603,0.26718749999999997,0.5625,0.0,345.40756663800516,138.9780316344464,1,0.0,0.0712252560183322,0.2702696345894373,1777482698.843811,5,/Users/kimsumin/projects/RGMC/data/map/robot17/images/0603.png,/Users/kimsumin/projects/RGMC/data/map/robot17/overlays/0603_overlay.png,/Users/kimsumin/projects/RGMC/data/map/robot17/masks/0603_mask.png
604,0.296875,0.5625,0.0,345.42672413793105,151.64690721649484,1,0.0,0.06104183631814568,0.07518885257322042,1777482710.327819,5,/Users/kimsumin/projects/RGMC/data/map/robot17/images/0604.png,/Users/kimsumin/projects/RGMC/data/map/robot17/overlays/0604_overlay.png,/Users/kimsumin/projects/RGMC/data/map/robot17/masks/0604_mask.png
605,0.3265625,0.5625,0.0,345.2944078947368,164.73675496688742,1,0.0,0.04916754228444141,0.07576391766506395,1777482721.830136,5,/Users/kimsumin/projects/RGMC/data/map/robot17/images/0605.png,/Users/kimsumin/projects/RGMC/data/map/robot17/overlays/0605_overlay.png,/Users/kimsumin/projects/RGMC/data/map/robot17/masks/0605_mask.png
606,0.35624999999999996,0.5625,0.0,345.22613065326635,177.5393634840871,1,0.0,0.05556819045237657,0.022576127483312017,1777482733.424055,5,/Users/kimsumin/projects/RGMC/data/map/robot17/images/0606.png,/Users/kimsumin/projects/RGMC/data/map/robot17/overlays/0606_overlay.png,/Users/kimsumin/projects/RGMC/data/map/robot17/masks/0606_mask.png
607,0.3859375,0.5625,0.0,345.09468438538204,190.459234608985,1,0.0,0.04608064007958407,0.047528149876428775,1777482744.9118364,5,/Users/kimsumin/projects/RGMC/data/map/robot17/images/0607.png,/Users/kimsumin/projects/RGMC/data/map/robot17/overlays/0607_overlay.png,/Users/kimsumin/projects/RGMC/data/map/robot17/masks/0607_mask.png
608,0.41562499999999997,0.5625,0.0,344.26260869565215,204.34494773519162,1,0.0,0.02596152906252366,0.10050723342032708,1777482756.3680394,5,/Users/kimsumin/projects/RGMC/data/map/robot17/images/0608.png,/Users/kimsumin/projects/RGMC/data/map/robot17/overlays/0608_overlay.png,/Users/kimsumin/projects/RGMC/data/map/robot17/masks/0608_mask.png
609,0.4453125,0.5625,0.0,344.1766211604096,217.64176570458403,1,0.0,0.279990361291053,0.07155194498555678,1777482768.5665777,5,/Users/kimsumin/projects/RGMC/data/map/robot17/images/0609.png,/Users/kimsumin/projects/RGMC/data/map/robot17/overlays/0609_overlay.png,/Users/kimsumin/projects/RGMC/data/map/robot17/masks/0609_mask.png
610,0.475,0.5625,0.0,344.6334728033473,230.52814569536423,1,0.0,0.059889805925236746,0.05043097723479895,1777482780.2125528,5,/Users/kimsumin/projects/RGMC/data/map/robot17/images/0610.png,/Users/kimsumin/projects/RGMC/data/map/robot17/overlays/0610_overlay.png,/Users/kimsumin/projects/RGMC/data/map/robot17/masks/0610_mask.png
611,0.5046875,0.5625,0.0,344.83096234309625,244.5696413678065,1,0.0,0.047992349327057475,0.07132771527737847,1777482791.6492658,5,/Users/kimsumin/projects/RGMC/data/map/robot17/images/0611.png,/Users/kimsumin/projects/RGMC/data/map/robot17/overlays/0611_overlay.png,/Users/kimsumin/projects/RGMC/data/map/robot17/masks/0611_mask.png
612,0.5343749999999999,0.5625,0.0,344.75829787234045,257.6457627118644,1,0.0,0.12749609854369093,0.10387164479158115,1777482803.139772,5,/Users/kimsumin/projects/RGMC/data/map/robot17/images/0612.png,/Users/kimsumin/projects/RGMC/data/map/robot17/overlays/0612_overlay.png,/Users/kimsumin/projects/RGMC/data/map/robot17/masks/0612_mask.png
613,0.5640625,0.5625,0.0,345.04448246364416,271.7379679144385,1,0.0,0.0832794039343699,0.39035221598926645,1777482814.6172903,5,/Users/kimsumin/projects/RGMC/data/map/robot17/images/0613.png,/Users/kimsumin/projects/RGMC/data/map/robot17/overlays/0613_overlay.png,/Users/kimsumin/projects/RGMC/data/map/robot17/masks/0613_mask.png
614,0.59375,0.5625,0.0,344.70254237288134,285.03053435114504,1,0.0,0.05183502632304566,0.060403013776517474,1777482826.033186,5,/Users/kimsumin/projects/RGMC/data/map/robot17/images/0614.png,/Users/kimsumin/projects/RGMC/data/map/robot17/overlays/0614_overlay.png,/Users/kimsumin/projects/RGMC/data/map/robot17/masks/0614_mask.png
615,0.6234375,0.5625,0.0,344.92910140148393,298.2094370860927,1,0.0,0.08056901765939897,0.04970969461484475,1777482837.7111108,5,/Users/kimsumin/projects/RGMC/data/map/robot17/images/0615.png,/Users/kimsumin/projects/RGMC/data/map/robot17/overlays/0615_overlay.png,/Users/kimsumin/projects/RGMC/data/map/robot17/masks/0615_mask.png
616,0.653125,0.5625,0.0,344.4117132867133,312.4187062937063,1,0.0,0.08429608611747072,0.05131013874342009,1777482849.263568,5,/Users/kimsumin/projects/RGMC/data/map/robot17/images/0616.png,/Users/kimsumin/projects/RGMC/data/map/robot17/overlays/0616_overlay.png,/Users/kimsumin/projects/RGMC/data/map/robot17/masks/0616_mask.png
617,0.6828124999999999,0.5625,0.0,344.4935952177626,325.9242553191489,1,0.0,0.04630351920181096,0.016379092630212772,1777482860.7375176,5,/Users/kimsumin/projects/RGMC/data/map/robot17/images/0617.png,/Users/kimsumin/projects/RGMC/data/map/robot17/overlays/0617_overlay.png,/Users/kimsumin/projects/RGMC/data/map/robot17/masks/0617_mask.png
618,0.7124999999999999,0.5625,0.0,344.04918032786884,340.2392795883362,1,0.0,0.025534054952237227,0.04393469632770881,1777482872.238342,5,/Users/kimsumin/projects/RGMC/data/map/robot17/images/0618.png,/Users/kimsumin/projects/RGMC/data/map/robot17/overlays/0618_overlay.png,/Users/kimsumin/projects/RGMC/data/map/robot17/masks/0618_mask.png
619,0.7421875,0.5625,0.0,344.190681622088,353.7030042918455,1,0.0,0.06647370225834025,0.08034379494994483,1777482883.697918,5,/Users/kimsumin/projects/RGMC/data/map/robot17/images/0619.png,/Users/kimsumin/projects/RGMC/data/map/robot17/overlays/0619_overlay.png,/Users/kimsumin/projects/RGMC/data/map/robot17/masks/0619_mask.png
620,0.771875,0.5625,0.0,344.080686695279,368.72618025751075,1,0.0,0.07693122989054067,0.0477018043470647,1777482895.200548,5,/Users/kimsumin/projects/RGMC/data/map/robot17/images/0620.png,/Users/kimsumin/projects/RGMC/data/map/robot17/overlays/0620_overlay.png,/Users/kimsumin/projects/RGMC/data/map/robot17/masks/0620_mask.png
621,0.8015625,0.5625,0.0,344.2657916324856,382.06280991735537,1,0.0,0.1424199925594181,0.05466363750466886,1777482906.6561613,5,/Users/kimsumin/projects/RGMC/data/map/robot17/images/0621.png,/Users/kimsumin/projects/RGMC/data/map/robot17/overlays/0621_overlay.png,/Users/kimsumin/projects/RGMC/data/map/robot17/masks/0621_mask.png
622,0.8312499999999999,0.5625,0.0,344.17230008244024,396.4884488448845,1,0.0,0.10121313910184984,0.0244661691221512,1777482918.113637,5,/Users/kimsumin/projects/RGMC/data/map/robot17/images/0622.png,/Users/kimsumin/projects/RGMC/data/map/robot17/overlays/0622_overlay.png,/Users/kimsumin/projects/RGMC/data/map/robot17/masks/0622_mask.png
623,0.8609374999999999,0.5625,0.0,343.69780666125104,409.78066612510156,1,0.0,0.0417205810868771,0.037876444534130055,1777482929.564807,5,/Users/kimsumin/projects/RGMC/data/map/robot17/images/0623.png,/Users/kimsumin/projects/RGMC/data/map/robot17/overlays/0623_overlay.png,/Users/kimsumin/projects/RGMC/data/map/robot17/masks/0623_mask.png
624,0.890625,0.5625,0.0,343.9634443541836,424.01099764336215,1,0.0,0.08663961104821426,0.43443249454572863,1777482941.0667117,5,/Users/kimsumin/projects/RGMC/data/map/robot17/images/0624.png,/Users/kimsumin/projects/RGMC/data/map/robot17/overlays/0624_overlay.png,/Users/kimsumin/projects/RGMC/data/map/robot17/masks/0624_mask.png
625,0.9203125,0.5625,0.0,343.75461106655973,437.6511627906977,1,0.0,0.008255551270328811,0.010769611518239235,1777482952.57436,5,/Users/kimsumin/projects/RGMC/data/map/robot17/images/0625.png,/Users/kimsumin/projects/RGMC/data/map/robot17/overlays/0625_overlay.png,/Users/kimsumin/projects/RGMC/data/map/robot17/masks/0625_mask.png
626,0.95,0.5625,0.0,343.532582461786,452.694847020934,1,0.0,0.4186339962311903,0.041762872405995854,1777482964.130376,5,/Users/kimsumin/projects/RGMC/data/map/robot17/images/0626.png,/Users/kimsumin/projects/RGMC/data/map/robot17/overlays/0626_overlay.png,/Users/kimsumin/projects/RGMC/data/map/robot17/masks/0626_mask.png
627,0.95,0.59375,0.0,336.4405120481928,455.5300380228137,1,0.0,0.03352519777051017,0.07601143423862464,1777482975.7284458,5,/Users/kimsumin/projects/RGMC/data/map/robot17/images/0627.png,/Users/kimsumin/projects/RGMC/data/map/robot17/overlays/0627_overlay.png,/Users/kimsumin/projects/RGMC/data/map/robot17/masks/0627_mask.png
628,0.9203125,0.59375,0.0,329.5811232449298,449.69218870843,1,0.0,0.09787747817764818,0.07864734197683068,1777482987.2025938,5,/Users/kimsumin/projects/RGMC/data/map/robot17/images/0628.png,/Users/kimsumin/projects/RGMC/data/map/robot17/overlays/0628_overlay.png,/Users/kimsumin/projects/RGMC/data/map/robot17/masks/0628_mask.png
629,0.890625,0.59375,0.0,327.5535568274734,436.8802931596091,1,0.0,0.022462084307718233,0.06629479900730953,1777482998.718327,5,/Users/kimsumin/projects/RGMC/data/map/robot17/images/0629.png,/Users/kimsumin/projects/RGMC/data/map/robot17/overlays/0629_overlay.png,/Users/kimsumin/projects/RGMC/data/map/robot17/masks/0629_mask.png
630,0.8609374999999999,0.59375,0.0,327.52039151712887,422.21941272430666,1,0.0,0.04057396255101542,0.13771768390975883,1777483010.1640644,5,/Users/kimsumin/projects/RGMC/data/map/robot17/images/0630.png,/Users/kimsumin/projects/RGMC/data/map/robot17/overlays/0630_overlay.png,/Users/kimsumin/projects/RGMC/data/map/robot17/masks/0630_mask.png
631,0.8312499999999999,0.59375,0.0,327.38139145012576,408.48113998323555,1,0.0,0.033449698261564464,0.031537802792763754,1777483021.6838229,5,/Users/kimsumin/projects/RGMC/data/map/robot17/images/0631.png,/Users/kimsumin/projects/RGMC/data/map/robot17/overlays/0631_overlay.png,/Users/kimsumin/projects/RGMC/data/map/robot17/masks/0631_mask.png
632,0.8015625,0.59375,0.0,327.48307184145335,393.78034682080926,1,0.0,0.05188367359401678,0.04454503678883294,1777483033.1827612,5,/Users/kimsumin/projects/RGMC/data/map/robot17/images/0632.png,/Users/kimsumin/projects/RGMC/data/map/robot17/overlays/0632_overlay.png,/Users/kimsumin/projects/RGMC/data/map/robot17/masks/0632_mask.png
633,0.771875,0.59375,0.0,327.874686716792,380.3517126148705,1,0.0,0.02755433625209278,0.07832006041609178,1777483044.6592145,5,/Users/kimsumin/projects/RGMC/data/map/robot17/images/0633.png,/Users/kimsumin/projects/RGMC/data/map/robot17/overlays/0633_overlay.png,/Users/kimsumin/projects/RGMC/data/map/robot17/masks/0633_mask.png
634,0.7421875,0.59375,0.0,327.8675105485232,365.64869418702614,1,0.0,0.23717051628912547,0.07078100849149192,1777483056.144641,5,/Users/kimsumin/projects/RGMC/data/map/robot17/images/0634.png,/Users/kimsumin/projects/RGMC/data/map/robot17/overlays/0634_overlay.png,/Users/kimsumin/projects/RGMC/data/map/robot17/masks/0634_mask.png
635,0.7124999999999999,0.59375,0.0,327.9357326478149,352.50686106346484,1,0.0,0.09230429134902017,0.05841553676097433,1777483067.6024,5,/Users/kimsumin/projects/RGMC/data/map/robot17/images/0635.png,/Users/kimsumin/projects/RGMC/data/map/robot17/overlays/0635_overlay.png,/Users/kimsumin/projects/RGMC/data/map/robot17/masks/0635_mask.png
636,0.6828124999999999,0.59375,0.0,327.7223607647548,338.3092105263158,1,0.0,0.0381759779153802,0.023726530838476655,1777483079.2800982,5,/Users/kimsumin/projects/RGMC/data/map/robot17/images/0636.png,/Users/kimsumin/projects/RGMC/data/map/robot17/overlays/0636_overlay.png,/Users/kimsumin/projects/RGMC/data/map/robot17/masks/0636_mask.png
637,0.653125,0.59375,0.0,327.9391377852916,324.8724489795918,1,0.0,0.034104729796093705,0.03338541790298937,1777483090.7158825,5,/Users/kimsumin/projects/RGMC/data/map/robot17/images/0637.png,/Users/kimsumin/projects/RGMC/data/map/robot17/overlays/0637_overlay.png,/Users/kimsumin/projects/RGMC/data/map/robot17/masks/0637_mask.png
638,0.6234375,0.59375,0.0,328.0974358974359,310.47907771135783,1,0.0,0.025524511053787655,0.06936571306943921,1777483102.891025,5,/Users/kimsumin/projects/RGMC/data/map/robot17/images/0638.png,/Users/kimsumin/projects/RGMC/data/map/robot17/overlays/0638_overlay.png,/Users/kimsumin/projects/RGMC/data/map/robot17/masks/0638_mask.png
639,0.59375,0.59375,0.0,328.1818181818182,296.77493380406,1,0.0,0.07736388953673369,0.04075379357947579,1777483114.2610435,5,/Users/kimsumin/projects/RGMC/data/map/robot17/images/0639.png,/Users/kimsumin/projects/RGMC/data/map/robot17/overlays/0639_overlay.png,/Users/kimsumin/projects/RGMC/data/map/robot17/masks/0639_mask.png
640,0.5640625,0.59375,0.0,329.2035175879397,282.95412844036696,1,0.0,0.07879052207970806,0.38274073274243886,1777483125.7069848,5,/Users/kimsumin/projects/RGMC/data/map/robot17/images/0640.png,/Users/kimsumin/projects/RGMC/data/map/robot17/overlays/0640_overlay.png,/Users/kimsumin/projects/RGMC/data/map/robot17/masks/0640_mask.png
641,0.5343749999999999,0.59375,0.0,328.7039864291773,269.303647158609,1,0.0,0.08979857473552559,0.04382935254017505,1777483137.2226148,5,/Users/kimsumin/projects/RGMC/data/map/robot17/images/0641.png,/Users/kimsumin/projects/RGMC/data/map/robot17/overlays/0641_overlay.png,/Users/kimsumin/projects/RGMC/data/map/robot17/masks/0641_mask.png
642,0.5046875,0.59375,0.0,329.09251471825064,254.66807432432432,1,0.0,0.02786090683074443,0.06271776850975452,1777483148.7811868,5,/Users/kimsumin/projects/RGMC/data/map/robot17/images/0642.png,/Users/kimsumin/projects/RGMC/data/map/robot17/overlays/0642_overlay.png,/Users/kimsumin/projects/RGMC/data/map/robot17/masks/0642_mask.png
643,0.475,0.59375,0.0,329.22866611433307,241.49013157894737,1,0.0,0.08354068280810655,0.0647278807163404,1777483160.2803285,5,/Users/kimsumin/projects/RGMC/data/map/robot17/images/0643.png,/Users/kimsumin/projects/RGMC/data/map/robot17/overlays/0643_overlay.png,/Users/kimsumin/projects/RGMC/data/map/robot17/masks/0643_mask.png
644,0.4453125,0.59375,0.0,329.21131447587356,228.53865336658353,1,0.0,0.03701046541930669,0.054513279746698236,1777483171.7218046,5,/Users/kimsumin/projects/RGMC/data/map/robot17/images/0644.png,/Users/kimsumin/projects/RGMC/data/map/robot17/overlays/0644_overlay.png,/Users/kimsumin/projects/RGMC/data/map/robot17/masks/0644_mask.png
645,0.41562499999999997,0.59375,0.0,329.3270491803279,214.26759410801964,1,0.0,0.08653910300989785,0.04599840722106546,1777483183.2251077,5,/Users/kimsumin/projects/RGMC/data/map/robot17/images/0645.png,/Users/kimsumin/projects/RGMC/data/map/robot17/overlays/0645_overlay.png,/Users/kimsumin/projects/RGMC/data/map/robot17/masks/0645_mask.png
646,0.3859375,0.59375,0.0,329.2713936430318,201.369918699187,1,0.0,0.022543434251445112,0.03006748444896676,1777483194.6648152,5,/Users/kimsumin/projects/RGMC/data/map/robot17/images/0646.png,/Users/kimsumin/projects/RGMC/data/map/robot17/overlays/0646_overlay.png,/Users/kimsumin/projects/RGMC/data/map/robot17/masks/0646_mask.png
647,0.35624999999999996,0.59375,0.0,329.57108239095317,188.58723747980613,1,0.0,0.030404536565886393,0.07789637179287258,1777483206.1430395,5,/Users/kimsumin/projects/RGMC/data/map/robot17/images/0647.png,/Users/kimsumin/projects/RGMC/data/map/robot17/overlays/0647_overlay.png,/Users/kimsumin/projects/RGMC/data/map/robot17/masks/0647_mask.png
648,0.3265625,0.59375,0.0,329.63606010016696,174.78347107438017,1,0.0,0.04169356812111524,0.04489337708485173,1777483217.707148,5,/Users/kimsumin/projects/RGMC/data/map/robot17/images/0648.png,/Users/kimsumin/projects/RGMC/data/map/robot17/overlays/0648_overlay.png,/Users/kimsumin/projects/RGMC/data/map/robot17/masks/0648_mask.png
649,0.296875,0.59375,0.0,329.36969192339717,161.744379683597,1,0.0,0.05096264634038491,0.05470042796731414,1777483229.5672638,5,/Users/kimsumin/projects/RGMC/data/map/robot17/images/0649.png,/Users/kimsumin/projects/RGMC/data/map/robot17/overlays/0649_overlay.png,/Users/kimsumin/projects/RGMC/data/map/robot17/masks/0649_mask.png
650,0.26718749999999997,0.59375,0.0,329.70802315963607,148.90057995028997,1,0.0,0.05648888370446306,0.0391087576643455,1777483241.054111,5,/Users/kimsumin/projects/RGMC/data/map/robot17/images/0650.png,/Users/kimsumin/projects/RGMC/data/map/robot17/overlays/0650_overlay.png,/Users/kimsumin/projects/RGMC/data/map/robot17/masks/0650_mask.png
651,0.2375,0.59375,0.0,330.62041884816756,134.87105263157895,1,0.0,0.044445158438892025,0.020052394798151935,1777483252.589239,5,/Users/kimsumin/projects/RGMC/data/map/robot17/images/0651.png,/Users/kimsumin/projects/RGMC/data/map/robot17/overlays/0651_overlay.png,/Users/kimsumin/projects/RGMC/data/map/robot17/masks/0651_mask.png
652,0.20781249999999998,0.59375,0.0,330.60375670840784,121.77459749552773,1,0.0,0.030124086790947704,0.01627130982412019,1777483264.3059635,5,/Users/kimsumin/projects/RGMC/data/map/robot17/images/0652.png,/Users/kimsumin/projects/RGMC/data/map/robot17/overlays/0652_overlay.png,/Users/kimsumin/projects/RGMC/data/map/robot17/masks/0652_mask.png
653,0.17812499999999998,0.59375,0.0,331.00087489063867,109.14672489082969,1,0.0,0.0413062326120537,0.06191967119879952,1777483275.7339296,5,/Users/kimsumin/projects/RGMC/data/map/robot17/images/0653.png,/Users/kimsumin/projects/RGMC/data/map/robot17/overlays/0653_overlay.png,/Users/kimsumin/projects/RGMC/data/map/robot17/masks/0653_mask.png
654,0.1484375,0.59375,0.0,330.7917737789203,95.21779661016949,1,0.0,0.03453457330974979,0.06944803638990663,1777483287.3096952,5,/Users/kimsumin/projects/RGMC/data/map/robot17/images/0654.png,/Users/kimsumin/projects/RGMC/data/map/robot17/overlays/0654_overlay.png,/Users/kimsumin/projects/RGMC/data/map/robot17/masks/0654_mask.png
655,0.11875,0.59375,0.0,330.90734265734267,82.14061135371179,1,0.0,0.0413329103540723,0.04960504409884051,1777483298.9167557,5,/Users/kimsumin/projects/RGMC/data/map/robot17/images/0655.png,/Users/kimsumin/projects/RGMC/data/map/robot17/overlays/0655_overlay.png,/Users/kimsumin/projects/RGMC/data/map/robot17/masks/0655_mask.png
656,0.08906249999999999,0.59375,0.0,330.4887218045113,69.05126050420168,1,0.0,0.07736886929353368,0.05044986684799046,1777483310.426714,5,/Users/kimsumin/projects/RGMC/data/map/robot17/images/0656.png,/Users/kimsumin/projects/RGMC/data/map/robot17/overlays/0656_overlay.png,/Users/kimsumin/projects/RGMC/data/map/robot17/masks/0656_mask.png
657,0.059375,0.59375,0.0,331.25109745390694,56.28358208955224,1,0.0,0.06084935147710104,0.03982703375316928,1777483321.926254,5,/Users/kimsumin/projects/RGMC/data/map/robot17/images/0657.png,/Users/kimsumin/projects/RGMC/data/map/robot17/overlays/0657_overlay.png,/Users/kimsumin/projects/RGMC/data/map/robot17/masks/0657_mask.png
658,0.0296875,0.59375,0.0,330.9762912785775,42.57408975444539,1,0.0,0.039978899220191245,0.05599052428795239,1777483334.1031911,5,/Users/kimsumin/projects/RGMC/data/map/robot17/images/0658.png,/Users/kimsumin/projects/RGMC/data/map/robot17/overlays/0658_overlay.png,/Users/kimsumin/projects/RGMC/data/map/robot17/masks/0658_mask.png
659,0.0,0.59375,0.0,331.3695836873407,29.406462585034014,1,0.0,0.032857169795393236,0.040726517212317584,1777483345.6786447,5,/Users/kimsumin/projects/RGMC/data/map/robot17/images/0659.png,/Users/kimsumin/projects/RGMC/data/map/robot17/overlays/0659_overlay.png,/Users/kimsumin/projects/RGMC/data/map/robot17/masks/0659_mask.png
660,0.0,0.625,0.0,323.1731418918919,25.97212837837838,1,0.0,0.04777046568099925,0.03823811860906384,1777483357.1954572,5,/Users/kimsumin/projects/RGMC/data/map/robot17/images/0660.png,/Users/kimsumin/projects/RGMC/data/map/robot17/overlays/0660_overlay.png,/Users/kimsumin/projects/RGMC/data/map/robot17/masks/0660_mask.png
661,0.0296875,0.625,0.0,319.5778761061947,32.143362831858404,1,0.0,0.030016387142044167,0.07309072089592891,1777483368.6792278,5,/Users/kimsumin/projects/RGMC/data/map/robot17/images/0661.png,/Users/kimsumin/projects/RGMC/data/map/robot17/overlays/0661_overlay.png,/Users/kimsumin/projects/RGMC/data/map/robot17/masks/0661_mask.png
662,0.059375,0.625,0.0,318.894280762565,45.1040763226366,1,0.0,0.03131043691998239,0.08065930866292559,1777483380.1479495,5,/Users/kimsumin/projects/RGMC/data/map/robot17/images/0662.png,/Users/kimsumin/projects/RGMC/data/map/robot17/overlays/0662_overlay.png,/Users/kimsumin/projects/RGMC/data/map/robot17/masks/0662_mask.png
663,0.08906249999999999,0.625,0.0,318.71078001752846,59.733099209833185,1,0.0,0.3054299783230659,0.11748227231868526,1777483391.747388,5,/Users/kimsumin/projects/RGMC/data/map/robot17/images/0663.png,/Users/kimsumin/projects/RGMC/data/map/robot17/overlays/0663_overlay.png,/Users/kimsumin/projects/RGMC/data/map/robot17/masks/0663_mask.png
664,0.11875,0.625,0.0,318.979427549195,72.19377777777778,1,0.0,0.0457655644420787,0.04312598310589688,1777483404.1515868,5,/Users/kimsumin/projects/RGMC/data/map/robot17/images/0664.png,/Users/kimsumin/projects/RGMC/data/map/robot17/overlays/0664_overlay.png,/Users/kimsumin/projects/RGMC/data/map/robot17/masks/0664_mask.png
665,0.1484375,0.625,0.0,317.58361486486484,84.89273648648648,1,0.0,0.011223842451796263,0.061649749604752946,1777483415.8007274,5,/Users/kimsumin/projects/RGMC/data/map/robot17/images/0665.png,/Users/kimsumin/projects/RGMC/data/map/robot17/overlays/0665_overlay.png,/Users/kimsumin/projects/RGMC/data/map/robot17/masks/0665_mask.png
666,0.17812499999999998,0.625,0.0,317.91576313594663,97.8275,1,0.0,0.06052033073963243,0.43263189378998834,1777483427.3106704,5,/Users/kimsumin/projects/RGMC/data/map/robot17/images/0666.png,/Users/kimsumin/projects/RGMC/data/map/robot17/overlays/0666_overlay.png,/Users/kimsumin/projects/RGMC/data/map/robot17/masks/0666_mask.png
667,0.20781249999999998,0.625,0.0,317.37106382978726,111.60595744680852,1,0.0,0.04198174294511424,0.37809586869490647,1777483439.5845919,5,/Users/kimsumin/projects/RGMC/data/map/robot17/images/0667.png,/Users/kimsumin/projects/RGMC/data/map/robot17/overlays/0667_overlay.png,/Users/kimsumin/projects/RGMC/data/map/robot17/masks/0667_mask.png
668,0.2375,0.625,0.0,317.52866779089373,124.52810902896081,1,0.0,0.043595803101491346,0.07747520680638802,1777483451.1136603,5,/Users/kimsumin/projects/RGMC/data/map/robot17/images/0668.png,/Users/kimsumin/projects/RGMC/data/map/robot17/overlays/0668_overlay.png,/Users/kimsumin/projects/RGMC/data/map/robot17/masks/0668_mask.png
669,0.26718749999999997,0.625,0.0,317.7037037037037,137.4777397260274,1,0.0,0.036921638776369455,0.03758026349975625,1777483462.5995765,5,/Users/kimsumin/projects/RGMC/data/map/robot17/images/0669.png,/Users/kimsumin/projects/RGMC/data/map/robot17/overlays/0669_overlay.png,/Users/kimsumin/projects/RGMC/data/map/robot17/masks/0669_mask.png
670,0.296875,0.625,0.0,318.33748886910064,150.56021409455843,1,0.0,0.4201066626793343,0.025807693590813766,1777483474.0323424,5,/Users/kimsumin/projects/RGMC/data/map/robot17/images/0670.png,/Users/kimsumin/projects/RGMC/data/map/robot17/overlays/0670_overlay.png,/Users/kimsumin/projects/RGMC/data/map/robot17/masks/0670_mask.png
671,0.3265625,0.625,0.0,317.5004277159966,164.06487889273356,1,0.0,0.0306995772489216,0.12763485259831286,1777483485.541852,5,/Users/kimsumin/projects/RGMC/data/map/robot17/images/0671.png,/Users/kimsumin/projects/RGMC/data/map/robot17/overlays/0671_overlay.png,/Users/kimsumin/projects/RGMC/data/map/robot17/masks/0671_mask.png
672,0.35624999999999996,0.625,0.0,317.06945606694563,177.1672268907563,1,0.0,0.03319947232036436,0.05299313725461145,1777483497.0035453,5,/Users/kimsumin/projects/RGMC/data/map/robot17/images/0672.png,/Users/kimsumin/projects/RGMC/data/map/robot17/overlays/0672_overlay.png,/Users/kimsumin/projects/RGMC/data/map/robot17/masks/0672_mask.png
673,0.3859375,0.625,0.0,317.15378151260506,190.00760777683854,1,0.0,0.05559427047124138,0.02933116217894329,1777483508.4604995,5,/Users/kimsumin/projects/RGMC/data/map/robot17/images/0673.png,/Users/kimsumin/projects/RGMC/data/map/robot17/overlays/0673_overlay.png,/Users/kimsumin/projects/RGMC/data/map/robot17/masks/0673_mask.png
674,0.41562499999999997,0.625,0.0,316.75544388609717,204.09045226130652,1,0.0,0.22731854796039078,0.08735345366081304,1777483519.9648004,5,/Users/kimsumin/projects/RGMC/data/map/robot17/images/0674.png,/Users/kimsumin/projects/RGMC/data/map/robot17/overlays/0674_overlay.png,/Users/kimsumin/projects/RGMC/data/map/robot17/masks/0674_mask.png
675,0.4453125,0.625,0.0,316.29286926994905,216.98980458793542,1,0.0,0.04482183352375014,0.059595570284416734,1777483531.5647898,5,/Users/kimsumin/projects/RGMC/data/map/robot17/images/0675.png,/Users/kimsumin/projects/RGMC/data/map/robot17/overlays/0675_overlay.png,/Users/kimsumin/projects/RGMC/data/map/robot17/masks/0675_mask.png
676,0.475,0.625,0.0,316.29815745393637,229.68257956448912,1,0.0,0.11492590237785985,0.049562223458086,1777483542.9714553,5,/Users/kimsumin/projects/RGMC/data/map/robot17/images/0676.png,/Users/kimsumin/projects/RGMC/data/map/robot17/overlays/0676_overlay.png,/Users/kimsumin/projects/RGMC/data/map/robot17/masks/0676_mask.png
677,0.5046875,0.625,0.0,316.15705931495404,242.45029239766083,1,0.0,0.049351826779052,0.11254692538660967,1777483554.426074,5,/Users/kimsumin/projects/RGMC/data/map/robot17/images/0677.png,/Users/kimsumin/projects/RGMC/data/map/robot17/overlays/0677_overlay.png,/Users/kimsumin/projects/RGMC/data/map/robot17/masks/0677_mask.png
678,0.5343749999999999,0.625,0.0,316.1105485232068,257.1782094594595,1,0.0,0.039008449655140484,0.03875017623472893,1777483565.8754587,5,/Users/kimsumin/projects/RGMC/data/map/robot17/images/0678.png,/Users/kimsumin/projects/RGMC/data/map/robot17/overlays/0678_overlay.png,/Users/kimsumin/projects/RGMC/data/map/robot17/masks/0678_mask.png
679,0.5640625,0.625,0.0,315.49348392702,269.792924935289,1,0.0,0.09260651319971278,0.028507381564630955,1777483577.3641953,5,/Users/kimsumin/projects/RGMC/data/map/robot17/images/0679.png,/Users/kimsumin/projects/RGMC/data/map/robot17/overlays/0679_overlay.png,/Users/kimsumin/projects/RGMC/data/map/robot17/masks/0679_mask.png
680,0.59375,0.625,0.0,315.9959349593496,284.1163387510693,1,0.0,0.03740585311569986,0.4346807049624672,1777483588.905626,5,/Users/kimsumin/projects/RGMC/data/map/robot17/images/0680.png,/Users/kimsumin/projects/RGMC/data/map/robot17/overlays/0680_overlay.png,/Users/kimsumin/projects/RGMC/data/map/robot17/masks/0680_mask.png
681,0.6234375,0.625,0.0,316.037037037037,297.301600673968,1,0.0,0.006976301282298284,0.011846068300082238,1777483600.4647102,5,/Users/kimsumin/projects/RGMC/data/map/robot17/images/0681.png,/Users/kimsumin/projects/RGMC/data/map/robot17/overlays/0681_overlay.png,/Users/kimsumin/projects/RGMC/data/map/robot17/masks/0681_mask.png
682,0.653125,0.625,0.0,315.9584393553859,310.6412213740458,1,0.0,0.023618079433475075,0.09678374373092681,1777483611.8677511,5,/Users/kimsumin/projects/RGMC/data/map/robot17/images/0682.png,/Users/kimsumin/projects/RGMC/data/map/robot17/overlays/0682_overlay.png,/Users/kimsumin/projects/RGMC/data/map/robot17/masks/0682_mask.png
683,0.6828124999999999,0.625,0.0,315.83361629881153,324.9787955894826,1,0.0,0.032014333323440565,0.06985409053609906,1777483623.465945,5,/Users/kimsumin/projects/RGMC/data/map/robot17/images/0683.png,/Users/kimsumin/projects/RGMC/data/map/robot17/overlays/0683_overlay.png,/Users/kimsumin/projects/RGMC/data/map/robot17/masks/0683_mask.png
684,0.7124999999999999,0.625,0.0,315.5857497928749,338.2079536039768,1,0.0,0.0,0.0,1777483634.9805024,5,/Users/kimsumin/projects/RGMC/data/map/robot17/images/0684.png,/Users/kimsumin/projects/RGMC/data/map/robot17/overlays/0684_overlay.png,/Users/kimsumin/projects/RGMC/data/map/robot17/masks/0684_mask.png
685,0.7421875,0.625,0.0,315.4231088944306,353.1379883624273,1,0.0,0.055373427713529204,0.07358916941488969,1777483646.447017,5,/Users/kimsumin/projects/RGMC/data/map/robot17/images/0685.png,/Users/kimsumin/projects/RGMC/data/map/robot17/overlays/0685_overlay.png,/Users/kimsumin/projects/RGMC/data/map/robot17/masks/0685_mask.png
686,0.771875,0.625,0.0,315.3747940691928,366.4332784184514,1,0.0,0.024412880733633263,0.05548232484965804,1777483657.8999567,5,/Users/kimsumin/projects/RGMC/data/map/robot17/images/0686.png,/Users/kimsumin/projects/RGMC/data/map/robot17/overlays/0686_overlay.png,/Users/kimsumin/projects/RGMC/data/map/robot17/masks/0686_mask.png
687,0.8015625,0.625,0.0,314.327868852459,381.2886115444618,1,0.0,0.04025467508426976,0.06549109009493716,1777483669.3884506,5,/Users/kimsumin/projects/RGMC/data/map/robot17/images/0687.png,/Users/kimsumin/projects/RGMC/data/map/robot17/overlays/0687_overlay.png,/Users/kimsumin/projects/RGMC/data/map/robot17/masks/0687_mask.png
688,0.8312499999999999,0.625,0.0,315.37720706260035,394.57487922705315,1,0.0,0.05461951638966475,0.13272948716973013,1777483680.8916636,5,/Users/kimsumin/projects/RGMC/data/map/robot17/images/0688.png,/Users/kimsumin/projects/RGMC/data/map/robot17/overlays/0688_overlay.png,/Users/kimsumin/projects/RGMC/data/map/robot17/masks/0688_mask.png
689,0.8609374999999999,0.625,0.0,314.4520766773163,408.8009554140127,1,0.0,0.03331558051525265,0.04876182492027189,1777483692.3084877,5,/Users/kimsumin/projects/RGMC/data/map/robot17/images/0689.png,/Users/kimsumin/projects/RGMC/data/map/robot17/overlays/0689_overlay.png,/Users/kimsumin/projects/RGMC/data/map/robot17/masks/0689_mask.png
690,0.890625,0.625,0.0,314.2117737003058,422.80213903743316,1,0.0,0.039008670604368086,0.018996570589685114,1777483705.2659109,5,/Users/kimsumin/projects/RGMC/data/map/robot17/images/0690.png,/Users/kimsumin/projects/RGMC/data/map/robot17/overlays/0690_overlay.png,/Users/kimsumin/projects/RGMC/data/map/robot17/masks/0690_mask.png
691,0.9203125,0.625,0.0,314.3174354964816,437.32290852228306,1,0.0,0.04218293411084347,0.23594493111317325,1777483716.8247156,5,/Users/kimsumin/projects/RGMC/data/map/robot17/images/0691.png,/Users/kimsumin/projects/RGMC/data/map/robot17/overlays/0691_overlay.png,/Users/kimsumin/projects/RGMC/data/map/robot17/masks/0691_mask.png
692,0.95,0.625,0.0,314.34769463340893,451.0257380772142,1,0.0,0.020087828230242126,0.020442177725912,1777483728.7393463,5,/Users/kimsumin/projects/RGMC/data/map/robot17/images/0692.png,/Users/kimsumin/projects/RGMC/data/map/robot17/overlays/0692_overlay.png,/Users/kimsumin/projects/RGMC/data/map/robot17/masks/0692_mask.png
693,0.95,0.65625,0.0,306.1558538404176,455.4526472781506,1,0.0,0.04300246296153754,0.06327717065727044,1777483740.1847365,5,/Users/kimsumin/projects/RGMC/data/map/robot17/images/0693.png,/Users/kimsumin/projects/RGMC/data/map/robot17/overlays/0693_overlay.png,/Users/kimsumin/projects/RGMC/data/map/robot17/masks/0693_mask.png
694,0.9203125,0.65625,0.0,300.9635258358663,449.9266817838246,1,0.0,0.05449687117485312,0.16196527246522308,1777483751.6559422,5,/Users/kimsumin/projects/RGMC/data/map/robot17/images/0694.png,/Users/kimsumin/projects/RGMC/data/map/robot17/overlays/0694_overlay.png,/Users/kimsumin/projects/RGMC/data/map/robot17/masks/0694_mask.png
695,0.890625,0.65625,0.0,298.0252167060678,437.0354609929078,1,0.0,0.037846011172463306,0.028212619298290727,1777483763.1105015,5,/Users/kimsumin/projects/RGMC/data/map/robot17/images/0695.png,/Users/kimsumin/projects/RGMC/data/map/robot17/overlays/0695_overlay.png,/Users/kimsumin/projects/RGMC/data/map/robot17/masks/0695_mask.png
696,0.8609374999999999,0.65625,0.0,297.60259344012206,422.6413793103448,1,0.0,0.02160224451142111,0.027592742607432913,1777483774.6599102,5,/Users/kimsumin/projects/RGMC/data/map/robot17/images/0696.png,/Users/kimsumin/projects/RGMC/data/map/robot17/overlays/0696_overlay.png,/Users/kimsumin/projects/RGMC/data/map/robot17/masks/0696_mask.png
697,0.8312499999999999,0.65625,0.0,297.8703557312253,408.50791139240505,1,0.0,0.035743718503962914,0.03732117158612775,1777483786.835101,5,/Users/kimsumin/projects/RGMC/data/map/robot17/images/0697.png,/Users/kimsumin/projects/RGMC/data/map/robot17/overlays/0697_overlay.png,/Users/kimsumin/projects/RGMC/data/map/robot17/masks/0697_mask.png
698,0.8015625,0.65625,0.0,298.08,394.36342229199374,1,0.0,0.050549906523586846,0.09577465010388933,1777483798.30075,5,/Users/kimsumin/projects/RGMC/data/map/robot17/images/0698.png,/Users/kimsumin/projects/RGMC/data/map/robot17/overlays/0698_overlay.png,/Users/kimsumin/projects/RGMC/data/map/robot17/masks/0698_mask.png
699,0.771875,0.65625,0.0,298.0872323552736,380.65066876475214,1,0.0,0.0455352576806662,0.05775799645120336,1777483809.9190755,5,/Users/kimsumin/projects/RGMC/data/map/robot17/images/0699.png,/Users/kimsumin/projects/RGMC/data/map/robot17/overlays/0699_overlay.png,/Users/kimsumin/projects/RGMC/data/map/robot17/masks/0699_mask.png
700,0.7421875,0.65625,0.0,297.938080495356,366.47058823529414,1,0.0,0.016007075159781455,0.09493393441837714,1777483821.4464371,5,/Users/kimsumin/projects/RGMC/data/map/robot17/images/0700.png,/Users/kimsumin/projects/RGMC/data/map/robot17/overlays/0700_overlay.png,/Users/kimsumin/projects/RGMC/data/map/robot17/masks/0700_mask.png
701,0.7124999999999999,0.65625,0.0,299.09850993377484,352.90976821192055,1,0.0,0.3518657094661946,0.02896173206865801,1777483833.2641912,5,/Users/kimsumin/projects/RGMC/data/map/robot17/images/0701.png,/Users/kimsumin/projects/RGMC/data/map/robot17/overlays/0701_overlay.png,/Users/kimsumin/projects/RGMC/data/map/robot17/masks/0701_mask.png
702,0.6828124999999999,0.65625,0.0,299.039837398374,338.60731707317075,1,0.0,0.02318255391271064,0.025327946133519633,1777483844.7387207,5,/Users/kimsumin/projects/RGMC/data/map/robot17/images/0702.png,/Users/kimsumin/projects/RGMC/data/map/robot17/overlays/0702_overlay.png,/Users/kimsumin/projects/RGMC/data/map/robot17/masks/0702_mask.png
703,0.653125,0.65625,0.0,299.36083333333335,325.1973355537053,1,0.0,0.025574334288952096,0.06691675496978729,1777483856.338082,5,/Users/kimsumin/projects/RGMC/data/map/robot17/images/0703.png,/Users/kimsumin/projects/RGMC/data/map/robot17/overlays/0703_overlay.png,/Users/kimsumin/projects/RGMC/data/map/robot17/masks/0703_mask.png
704,0.6234375,0.65625,0.0,299.43910521955263,310.34879867439935,1,0.0,0.04020220454005055,0.12697831541313467,1777483868.045604,5,/Users/kimsumin/projects/RGMC/data/map/robot17/images/0704.png,/Users/kimsumin/projects/RGMC/data/map/robot17/overlays/0704_overlay.png,/Users/kimsumin/projects/RGMC/data/map/robot17/masks/0704_mask.png
705,0.59375,0.65625,0.0,299.699494949495,296.9587542087542,1,0.0,0.05332199071620141,0.08285274910158992,1777483880.4514794,5,/Users/kimsumin/projects/RGMC/data/map/robot17/images/0705.png,/Users/kimsumin/projects/RGMC/data/map/robot17/overlays/0705_overlay.png,/Users/kimsumin/projects/RGMC/data/map/robot17/masks/0705_mask.png
706,0.5640625,0.65625,0.0,299.5625,283.13461538461536,1,0.0,0.05524301199796932,0.11120330320423369,1777483892.7274578,5,/Users/kimsumin/projects/RGMC/data/map/robot17/images/0706.png,/Users/kimsumin/projects/RGMC/data/map/robot17/overlays/0706_overlay.png,/Users/kimsumin/projects/RGMC/data/map/robot17/masks/0706_mask.png
707,0.5343749999999999,0.65625,0.0,299.73512154233026,269.11541701769164,1,0.0,0.06368998850089877,0.058573017311123944,1777483904.4415812,5,/Users/kimsumin/projects/RGMC/data/map/robot17/images/0707.png,/Users/kimsumin/projects/RGMC/data/map/robot17/overlays/0707_overlay.png,/Users/kimsumin/projects/RGMC/data/map/robot17/masks/0707_mask.png
708,0.5046875,0.65625,0.0,299.6686746987952,254.68320278503046,1,0.0,0.18994052052797247,0.24353447441864404,1777483916.145389,5,/Users/kimsumin/projects/RGMC/data/map/robot17/images/0708.png,/Users/kimsumin/projects/RGMC/data/map/robot17/overlays/0708_overlay.png,/Users/kimsumin/projects/RGMC/data/map/robot17/masks/0708_mask.png
709,0.475,0.65625,0.0,299.97909698996654,241.59197324414717,1,0.0,0.024345492486157527,0.028760336018004793,1777483927.8988357,5,/Users/kimsumin/projects/RGMC/data/map/robot17/images/0709.png,/Users/kimsumin/projects/RGMC/data/map/robot17/overlays/0709_overlay.png,/Users/kimsumin/projects/RGMC/data/map/robot17/masks/0709_mask.png
710,0.4453125,0.65625,0.0,299.58689956331875,228.46812227074236,1,0.0,0.02717145334871782,0.02949569349384996,1777483939.750586,5,/Users/kimsumin/projects/RGMC/data/map/robot17/images/0710.png,/Users/kimsumin/projects/RGMC/data/map/robot17/overlays/0710_overlay.png,/Users/kimsumin/projects/RGMC/data/map/robot17/masks/0710_mask.png
711,0.41562499999999997,0.65625,0.0,300.2396972245584,213.76619007569386,1,0.0,0.10118549084920414,0.05902208279188644,1777483952.2306855,5,/Users/kimsumin/projects/RGMC/data/map/robot17/images/0711.png,/Users/kimsumin/projects/RGMC/data/map/robot17/overlays/0711_overlay.png,/Users/kimsumin/projects/RGMC/data/map/robot17/masks/0711_mask.png
712,0.3859375,0.65625,0.0,300.3492462311558,201.373322147651,1,0.0,0.026141376749683042,0.036978120524776274,1777483964.1497183,5,/Users/kimsumin/projects/RGMC/data/map/robot17/images/0712.png,/Users/kimsumin/projects/RGMC/data/map/robot17/overlays/0712_overlay.png,/Users/kimsumin/projects/RGMC/data/map/robot17/masks/0712_mask.png
713,0.35624999999999996,0.65625,0.0,300.98446443172526,188.51676206050695,1,0.0,0.026374712516314472,0.04335287869912037,1777483975.6985223,5,/Users/kimsumin/projects/RGMC/data/map/robot17/images/0713.png,/Users/kimsumin/projects/RGMC/data/map/robot17/overlays/0713_overlay.png,/Users/kimsumin/projects/RGMC/data/map/robot17/masks/0713_mask.png
714,0.3265625,0.65625,0.0,301.26311475409835,174.25081967213114,1,0.0,0.029088274625545738,0.05820177719256078,1777483987.280472,5,/Users/kimsumin/projects/RGMC/data/map/robot17/images/0714.png,/Users/kimsumin/projects/RGMC/data/map/robot17/overlays/0714_overlay.png,/Users/kimsumin/projects/RGMC/data/map/robot17/masks/0714_mask.png
715,0.296875,0.65625,0.0,301.33118452860595,161.66747376916868,1,0.0,0.026705950987612373,0.06207815576678867,1777483999.8186793,5,/Users/kimsumin/projects/RGMC/data/map/robot17/images/0715.png,/Users/kimsumin/projects/RGMC/data/map/robot17/overlays/0715_overlay.png,/Users/kimsumin/projects/RGMC/data/map/robot17/masks/0715_mask.png
716,0.26718749999999997,0.65625,0.0,301.54575432811214,148.88201320132012,1,0.0,0.05859726483555855,0.08937102018869521,1777484013.036274,5,/Users/kimsumin/projects/RGMC/data/map/robot17/images/0716.png,/Users/kimsumin/projects/RGMC/data/map/robot17/overlays/0716_overlay.png,/Users/kimsumin/projects/RGMC/data/map/robot17/masks/0716_mask.png
717,0.2375,0.65625,0.0,302.625974025974,134.9292576419214,1,0.0,0.042043039593572286,0.0796657736043492,1777484024.8588576,5,/Users/kimsumin/projects/RGMC/data/map/robot17/images/0717.png,/Users/kimsumin/projects/RGMC/data/map/robot17/overlays/0717_overlay.png,/Users/kimsumin/projects/RGMC/data/map/robot17/masks/0717_mask.png
718,0.20781249999999998,0.65625,0.0,301.74543946932005,121.98507462686567,1,0.0,0.05238798594139391,0.07060942839215491,1777484036.7119894,5,/Users/kimsumin/projects/RGMC/data/map/robot17/images/0718.png,/Users/kimsumin/projects/RGMC/data/map/robot17/overlays/0718_overlay.png,/Users/kimsumin/projects/RGMC/data/map/robot17/masks/0718_mask.png
719,0.17812499999999998,0.65625,0.0,301.47751430907607,108.71463614063778,1,0.0,0.11000886248286737,0.07542114214125142,1777484048.2136252,5,/Users/kimsumin/projects/RGMC/data/map/robot17/images/0719.png,/Users/kimsumin/projects/RGMC/data/map/robot17/overlays/0719_overlay.png,/Users/kimsumin/projects/RGMC/data/map/robot17/masks/0719_mask.png
720,0.1484375,0.65625,0.0,301.5784789644013,95.58414239482201,1,0.0,0.040163778513272075,0.03894414730377078,1777484061.4027655,5,/Users/kimsumin/projects/RGMC/data/map/robot17/images/0720.png,/Users/kimsumin/projects/RGMC/data/map/robot17/overlays/0720_overlay.png,/Users/kimsumin/projects/RGMC/data/map/robot17/masks/0720_mask.png
721,0.11875,0.65625,0.0,301.79234527687294,82.3314332247557,1,0.0,0.09715203219260646,0.4292593730964736,1777484073.2360966,5,/Users/kimsumin/projects/RGMC/data/map/robot17/images/0721.png,/Users/kimsumin/projects/RGMC/data/map/robot17/overlays/0721_overlay.png,/Users/kimsumin/projects/RGMC/data/map/robot17/masks/0721_mask.png
722,0.08906249999999999,0.65625,0.0,301.8427983539095,69.43377483443709,1,0.0,0.047135633117922175,0.05836990457307849,1777484084.7267883,5,/Users/kimsumin/projects/RGMC/data/map/robot17/images/0722.png,/Users/kimsumin/projects/RGMC/data/map/robot17/overlays/0722_overlay.png,/Users/kimsumin/projects/RGMC/data/map/robot17/masks/0722_mask.png
723,0.059375,0.65625,0.0,302.08641975308643,56.31556319862425,1,0.0,0.32405009796038,0.10840013542054333,1777484096.784163,5,/Users/kimsumin/projects/RGMC/data/map/robot17/images/0723.png,/Users/kimsumin/projects/RGMC/data/map/robot17/overlays/0723_overlay.png,/Users/kimsumin/projects/RGMC/data/map/robot17/masks/0723_mask.png
724,0.0296875,0.65625,0.0,302.7077315208156,42.458793542905696,1,0.0,0.04765808697776664,0.0862240807276964,1777484108.9008925,5,/Users/kimsumin/projects/RGMC/data/map/robot17/images/0724.png,/Users/kimsumin/projects/RGMC/data/map/robot17/overlays/0724_overlay.png,/Users/kimsumin/projects/RGMC/data/map/robot17/masks/0724_mask.png
725,0.0,0.65625,0.0,303.5823817292007,29.47309236947791,1,0.0,0.04775120979220824,0.08120205122728455,1777484120.4571285,5,/Users/kimsumin/projects/RGMC/data/map/robot17/images/0725.png,/Users/kimsumin/projects/RGMC/data/map/robot17/overlays/0725_overlay.png,/Users/kimsumin/projects/RGMC/data/map/robot17/masks/0725_mask.png
726,0.0,0.6875,0.0,295.2055137844612,25.330515638207945,1,0.0,0.04740075464173655,0.1066794361426956,1777484132.0923347,5,/Users/kimsumin/projects/RGMC/data/map/robot17/images/0726.png,/Users/kimsumin/projects/RGMC/data/map/robot17/overlays/0726_overlay.png,/Users/kimsumin/projects/RGMC/data/map/robot17/masks/0726_mask.png
727,0.0296875,0.6875,0.0,291.3377777777778,32.22577777777778,1,0.0,0.05998165263566005,0.0862528701026496,1777484143.7013621,5,/Users/kimsumin/projects/RGMC/data/map/robot17/images/0727.png,/Users/kimsumin/projects/RGMC/data/map/robot17/overlays/0727_overlay.png,/Users/kimsumin/projects/RGMC/data/map/robot17/masks/0727_mask.png
728,0.059375,0.6875,0.0,290.6625980819529,45.001727115716754,1,0.0,0.36724930027463265,0.04134086632166097,1777484155.278692,5,/Users/kimsumin/projects/RGMC/data/map/robot17/images/0728.png,/Users/kimsumin/projects/RGMC/data/map/robot17/overlays/0728_overlay.png,/Users/kimsumin/projects/RGMC/data/map/robot17/masks/0728_mask.png
729,0.08906249999999999,0.6875,0.0,289.450540315877,58.233001658374796,1,0.0,0.08325477302477265,0.08887604741694521,1777484167.049811,5,/Users/kimsumin/projects/RGMC/data/map/robot17/images/0729.png,/Users/kimsumin/projects/RGMC/data/map/robot17/overlays/0729_overlay.png,/Users/kimsumin/projects/RGMC/data/map/robot17/masks/0729_mask.png
730,0.11875,0.6875,0.0,289.2527287993283,70.75271512113618,1,0.0,0.11317963280455863,0.0472573997509335,1777484178.7217352,5,/Users/kimsumin/projects/RGMC/data/map/robot17/images/0730.png,/Users/kimsumin/projects/RGMC/data/map/robot17/overlays/0730_overlay.png,/Users/kimsumin/projects/RGMC/data/map/robot17/masks/0730_mask.png
731,0.1484375,0.6875,0.0,288.94239036973346,84.09458297506448,1,0.0,0.09302264610105648,0.057747158799956136,1777484190.4028232,5,/Users/kimsumin/projects/RGMC/data/map/robot17/images/0731.png,/Users/kimsumin/projects/RGMC/data/map/robot17/overlays/0731_overlay.png,/Users/kimsumin/projects/RGMC/data/map/robot17/masks/0731_mask.png
732,0.17812499999999998,0.6875,0.0,289.14974182444064,97.18858131487889,1,0.0,0.048042956224548766,0.05643763404115732,1777484201.9583752,5,/Users/kimsumin/projects/RGMC/data/map/robot17/images/0732.png,/Users/kimsumin/projects/RGMC/data/map/robot17/overlays/0732_overlay.png,/Users/kimsumin/projects/RGMC/data/map/robot17/masks/0732_mask.png
733,0.20781249999999998,0.6875,0.0,288.86146095717885,109.98742665549037,1,0.0,0.05518933782424103,0.05459005966115563,1777484213.6502194,5,/Users/kimsumin/projects/RGMC/data/map/robot17/images/0733.png,/Users/kimsumin/projects/RGMC/data/map/robot17/overlays/0733_overlay.png,/Users/kimsumin/projects/RGMC/data/map/robot17/masks/0733_mask.png
734,0.2375,0.6875,0.0,289.1192109777015,123.98290598290598,1,0.0,0.07565645030809678,0.05362533355586624,1777484225.117198,5,/Users/kimsumin/projects/RGMC/data/map/robot17/images/0734.png,/Users/kimsumin/projects/RGMC/data/map/robot17/overlays/0734_overlay.png,/Users/kimsumin/projects/RGMC/data/map/robot17/masks/0734_mask.png
735,0.26718749999999997,0.6875,0.0,288.63628620102213,136.93367346938774,1,0.0,0.05631528208790268,0.057952075095102334,1777484237.742002,5,/Users/kimsumin/projects/RGMC/data/map/robot17/images/0735.png,/Users/kimsumin/projects/RGMC/data/map/robot17/overlays/0735_overlay.png,/Users/kimsumin/projects/RGMC/data/map/robot17/masks/0735_mask.png
736,0.296875,0.6875,0.0,288.1279863481229,150.66211604095562,1,0.0,0.20723743097339592,0.04156852344917886,1777484249.3165731,5,/Users/kimsumin/projects/RGMC/data/map/robot17/images/0736.png,/Users/kimsumin/projects/RGMC/data/map/robot17/overlays/0736_overlay.png,/Users/kimsumin/projects/RGMC/data/map/robot17/masks/0736_mask.png
737,0.3265625,0.6875,0.0,288.87373737373736,164.45254237288137,1,0.0,0.03882596710190423,0.0789925426994835,1777484261.111338,5,/Users/kimsumin/projects/RGMC/data/map/robot17/images/0737.png,/Users/kimsumin/projects/RGMC/data/map/robot17/overlays/0737_overlay.png,/Users/kimsumin/projects/RGMC/data/map/robot17/masks/0737_mask.png
738,0.35624999999999996,0.6875,0.0,287.92576791808875,177.27899159663866,1,0.0,0.24938924293189196,0.04868977913085578,1777484272.7520266,5,/Users/kimsumin/projects/RGMC/data/map/robot17/images/0738.png,/Users/kimsumin/projects/RGMC/data/map/robot17/overlays/0738_overlay.png,/Users/kimsumin/projects/RGMC/data/map/robot17/masks/0738_mask.png
739,0.3859375,0.6875,0.0,288.52209492635023,190.2037797863599,1,0.0,0.039758259019782215,0.032642513797194524,1777484284.5625393,5,/Users/kimsumin/projects/RGMC/data/map/robot17/images/0739.png,/Users/kimsumin/projects/RGMC/data/map/robot17/overlays/0739_overlay.png,/Users/kimsumin/projects/RGMC/data/map/robot17/masks/0739_mask.png
740,0.41562499999999997,0.6875,0.0,287.9433962264151,203.88593481989707,1,0.0,0.23992185206523736,0.07078083513276823,1777484296.1927285,5,/Users/kimsumin/projects/RGMC/data/map/robot17/images/0740.png,/Users/kimsumin/projects/RGMC/data/map/robot17/overlays/0740_overlay.png,/Users/kimsumin/projects/RGMC/data/map/robot17/masks/0740_mask.png
741,0.4453125,0.6875,0.0,288.03361344537814,216.96714406065712,1,0.0,0.03198330908941771,0.0618143950031675,1777484308.0665724,5,/Users/kimsumin/projects/RGMC/data/map/robot17/images/0741.png,/Users/kimsumin/projects/RGMC/data/map/robot17/overlays/0741_overlay.png,/Users/kimsumin/projects/RGMC/data/map/robot17/masks/0741_mask.png
742,0.475,0.6875,0.0,288.4763458401305,229.34201954397395,1,0.0,0.2059092389628987,0.06931974082187786,1777484319.598468,5,/Users/kimsumin/projects/RGMC/data/map/robot17/images/0742.png,/Users/kimsumin/projects/RGMC/data/map/robot17/overlays/0742_overlay.png,/Users/kimsumin/projects/RGMC/data/map/robot17/masks/0742_mask.png
743,0.5046875,0.6875,0.0,287.901244813278,242.29743164871581,1,0.0,0.050822396614718636,0.09617201953025674,1777484331.3157573,5,/Users/kimsumin/projects/RGMC/data/map/robot17/images/0743.png,/Users/kimsumin/projects/RGMC/data/map/robot17/overlays/0743_overlay.png,/Users/kimsumin/projects/RGMC/data/map/robot17/masks/0743_mask.png
744,0.5343749999999999,0.6875,0.0,287.79237288135596,257.1237288135593,1,0.0,0.021710391126979263,0.027389806043011004,1777484343.174331,5,/Users/kimsumin/projects/RGMC/data/map/robot17/images/0744.png,/Users/kimsumin/projects/RGMC/data/map/robot17/overlays/0744_overlay.png,/Users/kimsumin/projects/RGMC/data/map/robot17/masks/0744_mask.png
745,0.5640625,0.6875,0.0,287.67739273927396,269.5874587458746,1,0.0,0.006269337513099245,0.01601181539228602,1777484354.7582705,5,/Users/kimsumin/projects/RGMC/data/map/robot17/images/0745.png,/Users/kimsumin/projects/RGMC/data/map/robot17/overlays/0745_overlay.png,/Users/kimsumin/projects/RGMC/data/map/robot17/masks/0745_mask.png
746,0.59375,0.6875,0.0,287.7031118587048,284.0613961312027,1,0.0,0.04240512368197037,0.36799889743988445,1777484366.4469192,5,/Users/kimsumin/projects/RGMC/data/map/robot17/images/0746.png,/Users/kimsumin/projects/RGMC/data/map/robot17/overlays/0746_overlay.png,/Users/kimsumin/projects/RGMC/data/map/robot17/masks/0746_mask.png
747,0.6234375,0.6875,0.0,287.4755067567568,297.4003378378378,1,0.0,0.025260390302320516,0.06339262176708975,1777484377.9344082,5,/Users/kimsumin/projects/RGMC/data/map/robot17/images/0747.png,/Users/kimsumin/projects/RGMC/data/map/robot17/overlays/0747_overlay.png,/Users/kimsumin/projects/RGMC/data/map/robot17/masks/0747_mask.png
748,0.653125,0.6875,0.0,287.4074074074074,310.41533277169333,1,0.0,0.02963355020630381,0.06202913082441416,1777484390.1885045,5,/Users/kimsumin/projects/RGMC/data/map/robot17/images/0748.png,/Users/kimsumin/projects/RGMC/data/map/robot17/overlays/0748_overlay.png,/Users/kimsumin/projects/RGMC/data/map/robot17/masks/0748_mask.png
749,0.6828124999999999,0.6875,0.0,287.44263698630135,324.72719522591643,1,0.0,0.026157318978461165,0.04823873613943109,1777484401.9893732,5,/Users/kimsumin/projects/RGMC/data/map/robot17/images/0749.png,/Users/kimsumin/projects/RGMC/data/map/robot17/overlays/0749_overlay.png,/Users/kimsumin/projects/RGMC/data/map/robot17/masks/0749_mask.png
750,0.7124999999999999,0.6875,0.0,287.1526402640264,337.80115511551156,1,0.0,0.041718370141880214,0.03030264334295674,1777484414.333193,5,/Users/kimsumin/projects/RGMC/data/map/robot17/images/0750.png,/Users/kimsumin/projects/RGMC/data/map/robot17/overlays/0750_overlay.png,/Users/kimsumin/projects/RGMC/data/map/robot17/masks/0750_mask.png
751,0.7421875,0.6875,0.0,286.9710610932476,351.8782816229117,1,0.0,0.027287216516238222,0.06610924225037612,1777484426.5186014,5,/Users/kimsumin/projects/RGMC/data/map/robot17/images/0751.png,/Users/kimsumin/projects/RGMC/data/map/robot17/overlays/0751_overlay.png,/Users/kimsumin/projects/RGMC/data/map/robot17/masks/0751_mask.png
752,0.771875,0.6875,0.0,286.76804541768047,366.047213622291,1,0.0,0.41331523659999325,0.020661285723288795,1777484438.8679268,5,/Users/kimsumin/projects/RGMC/data/map/robot17/images/0752.png,/Users/kimsumin/projects/RGMC/data/map/robot17/overlays/0752_overlay.png,/Users/kimsumin/projects/RGMC/data/map/robot17/masks/0752_mask.png
753,0.8015625,0.6875,0.0,286.82761372705505,379.6448669201521,1,0.0,0.42829312839963,0.38035268519919013,1777484450.3365712,5,/Users/kimsumin/projects/RGMC/data/map/robot17/images/0753.png,/Users/kimsumin/projects/RGMC/data/map/robot17/overlays/0753_overlay.png,/Users/kimsumin/projects/RGMC/data/map/robot17/masks/0753_mask.png
754,0.8312499999999999,0.6875,0.0,285.8360655737705,394.38121118012424,1,0.0,0.03707796236146755,0.028689833076990637,1777484462.524898,5,/Users/kimsumin/projects/RGMC/data/map/robot17/images/0754.png,/Users/kimsumin/projects/RGMC/data/map/robot17/overlays/0754_overlay.png,/Users/kimsumin/projects/RGMC/data/map/robot17/masks/0754_mask.png
755,0.8609374999999999,0.6875,0.0,285.7168,409.2136075949367,1,0.0,0.05051506287434841,0.0405943501467436,1777484475.1871166,5,/Users/kimsumin/projects/RGMC/data/map/robot17/images/0755.png,/Users/kimsumin/projects/RGMC/data/map/robot17/overlays/0755_overlay.png,/Users/kimsumin/projects/RGMC/data/map/robot17/masks/0755_mask.png
756,0.890625,0.6875,0.0,285.3328220858896,422.91864927091325,1,0.0,0.03072115282560808,0.044491636305982706,1777484486.7752962,5,/Users/kimsumin/projects/RGMC/data/map/robot17/images/0756.png,/Users/kimsumin/projects/RGMC/data/map/robot17/overlays/0756_overlay.png,/Users/kimsumin/projects/RGMC/data/map/robot17/masks/0756_mask.png
757,0.9203125,0.6875,0.0,285.4088397790055,437.1917916337806,1,0.0,0.03909570495712624,0.062244599502033496,1777484498.5936997,5,/Users/kimsumin/projects/RGMC/data/map/robot17/images/0757.png,/Users/kimsumin/projects/RGMC/data/map/robot17/overlays/0757_overlay.png,/Users/kimsumin/projects/RGMC/data/map/robot17/masks/0757_mask.png
758,0.95,0.6875,0.0,284.9066147859922,453.1151468315301,1,0.0,0.07617065719513133,0.06672577611666061,1777484510.104981,5,/Users/kimsumin/projects/RGMC/data/map/robot17/images/0758.png,/Users/kimsumin/projects/RGMC/data/map/robot17/overlays/0758_overlay.png,/Users/kimsumin/projects/RGMC/data/map/robot17/masks/0758_mask.png
759,0.95,0.71875,0.0,272.92373540856033,457.4120406567631,1,0.0,0.05251469183225133,0.0682477667494109,1777484521.7410972,5,/Users/kimsumin/projects/RGMC/data/map/robot17/images/0759.png,/Users/kimsumin/projects/RGMC/data/map/robot17/overlays/0759_overlay.png,/Users/kimsumin/projects/RGMC/data/map/robot17/masks/0759_mask.png
760,0.9203125,0.71875,0.0,269.279355333845,449.8160741885626,1,0.0,0.037283067795902514,0.08298348403099634,1777484533.297787,5,/Users/kimsumin/projects/RGMC/data/map/robot17/images/0760.png,/Users/kimsumin/projects/RGMC/data/map/robot17/overlays/0760_overlay.png,/Users/kimsumin/projects/RGMC/data/map/robot17/masks/0760_mask.png
761,0.890625,0.71875,0.0,268.462962962963,436.93639291465377,1,0.0,0.05669399208123013,0.047626993272279906,1777484544.8071175,5,/Users/kimsumin/projects/RGMC/data/map/robot17/images/0761.png,/Users/kimsumin/projects/RGMC/data/map/robot17/overlays/0761_overlay.png,/Users/kimsumin/projects/RGMC/data/map/robot17/masks/0761_mask.png
762,0.8609374999999999,0.71875,0.0,267.97490196078434,422.9864972200159,1,0.0,0.13775245810194028,0.07109860191726251,1777484556.408284,5,/Users/kimsumin/projects/RGMC/data/map/robot17/images/0762.png,/Users/kimsumin/projects/RGMC/data/map/robot17/overlays/0762_overlay.png,/Users/kimsumin/projects/RGMC/data/map/robot17/masks/0762_mask.png
763,0.8312499999999999,0.71875,0.0,268.9116465863454,408.64771817453965,1,0.0,0.05069596470370863,0.04259928383602651,1777484568.129866,5,/Users/kimsumin/projects/RGMC/data/map/robot17/images/0763.png,/Users/kimsumin/projects/RGMC/data/map/robot17/overlays/0763_overlay.png,/Users/kimsumin/projects/RGMC/data/map/robot17/masks/0763_mask.png
764,0.8015625,0.71875,0.0,269.1819595645412,394.3761682242991,1,0.0,0.06998090510140777,0.029915335553003193,1777484579.6864257,5,/Users/kimsumin/projects/RGMC/data/map/robot17/images/0764.png,/Users/kimsumin/projects/RGMC/data/map/robot17/overlays/0764_overlay.png,/Users/kimsumin/projects/RGMC/data/map/robot17/masks/0764_mask.png
765,0.771875,0.71875,0.0,268.85469387755103,380.5676567656766,1,0.0,0.034641362340943956,0.024776757911244,1777484591.3972023,5,/Users/kimsumin/projects/RGMC/data/map/robot17/images/0765.png,/Users/kimsumin/projects/RGMC/data/map/robot17/overlays/0765_overlay.png,/Users/kimsumin/projects/RGMC/data/map/robot17/masks/0765_mask.png
766,0.7421875,0.71875,0.0,269.049089469517,366.89944576405384,1,0.0,0.01554684907459896,0.027759401766331918,1777484602.9140391,5,/Users/kimsumin/projects/RGMC/data/map/robot17/images/0766.png,/Users/kimsumin/projects/RGMC/data/map/robot17/overlays/0766_overlay.png,/Users/kimsumin/projects/RGMC/data/map/robot17/masks/0766_mask.png
767,0.7124999999999999,0.71875,0.0,269.584142394822,353.2633711507293,1,0.0,0.029873474953861216,0.018861569087478176,1777484614.531274,5,/Users/kimsumin/projects/RGMC/data/map/robot17/images/0767.png,/Users/kimsumin/projects/RGMC/data/map/robot17/overlays/0767_overlay.png,/Users/kimsumin/projects/RGMC/data/map/robot17/masks/0767_mask.png
768,0.6828124999999999,0.71875,0.0,269.8231132075472,338.92952231793265,1,0.0,0.03016008786141374,0.14708423625981837,1777484626.0462265,5,/Users/kimsumin/projects/RGMC/data/map/robot17/images/0768.png,/Users/kimsumin/projects/RGMC/data/map/robot17/overlays/0768_overlay.png,/Users/kimsumin/projects/RGMC/data/map/robot17/masks/0768_mask.png
769,0.653125,0.71875,0.0,270.7433110367893,325.3411371237458,1,0.0,0.02953467943170159,0.0472411341911334,1777484638.4698658,5,/Users/kimsumin/projects/RGMC/data/map/robot17/images/0769.png,/Users/kimsumin/projects/RGMC/data/map/robot17/overlays/0769_overlay.png,/Users/kimsumin/projects/RGMC/data/map/robot17/masks/0769_mask.png
770,0.6234375,0.71875,0.0,270.8485342019544,311.49918566775244,1,0.0,0.031015795398888237,0.08202528025474538,1777484649.9084454,5,/Users/kimsumin/projects/RGMC/data/map/robot17/images/0770.png,/Users/kimsumin/projects/RGMC/data/map/robot17/overlays/0770_overlay.png,/Users/kimsumin/projects/RGMC/data/map/robot17/masks/0770_mask.png
771,0.59375,0.71875,0.0,271.0937238493724,297.5968280467446,1,0.0,0.02722461042124689,0.04321736038373287,1777484661.3681207,5,/Users/kimsumin/projects/RGMC/data/map/robot17/images/0771.png,/Users/kimsumin/projects/RGMC/data/map/robot17/overlays/0771_overlay.png,/Users/kimsumin/projects/RGMC/data/map/robot17/masks/0771_mask.png
772,0.5640625,0.71875,0.0,271.34969853574506,284.02656383890314,1,0.0,0.03091352370332453,0.012291717675584684,1777484673.0352268,5,/Users/kimsumin/projects/RGMC/data/map/robot17/images/0772.png,/Users/kimsumin/projects/RGMC/data/map/robot17/overlays/0772_overlay.png,/Users/kimsumin/projects/RGMC/data/map/robot17/masks/0772_mask.png
773,0.5343749999999999,0.71875,0.0,271.27740863787375,269.7210264900662,1,0.0,0.022321838355985547,0.07769108422563184,1777484684.653052,5,/Users/kimsumin/projects/RGMC/data/map/robot17/images/0773.png,/Users/kimsumin/projects/RGMC/data/map/robot17/overlays/0773_overlay.png,/Users/kimsumin/projects/RGMC/data/map/robot17/masks/0773_mask.png
774,0.5046875,0.71875,0.0,271.41759180187876,256.6268146883006,1,0.0,0.024801606868029187,0.0767835820636412,1777484697.2505815,5,/Users/kimsumin/projects/RGMC/data/map/robot17/images/0774.png,/Users/kimsumin/projects/RGMC/data/map/robot17/overlays/0774_overlay.png,/Users/kimsumin/projects/RGMC/data/map/robot17/masks/0774_mask.png
775,0.475,0.71875,0.0,271.46293245469525,242.15924092409242,1,0.0,0.03794797841720111,0.035235052154500006,1777484708.7439513,5,/Users/kimsumin/projects/RGMC/data/map/robot17/images/0775.png,/Users/kimsumin/projects/RGMC/data/map/robot17/overlays/0775_overlay.png,/Users/kimsumin/projects/RGMC/data/map/robot17/masks/0775_mask.png
776,0.4453125,0.71875,0.0,271.7741393786734,229.35535117056855,1,0.0,0.026215054748119318,0.04145799671840637,1777484720.325574,5,/Users/kimsumin/projects/RGMC/data/map/robot17/images/0776.png,/Users/kimsumin/projects/RGMC/data/map/robot17/overlays/0776_overlay.png,/Users/kimsumin/projects/RGMC/data/map/robot17/masks/0776_mask.png
777,0.41562499999999997,0.71875,0.0,271.8809523809524,214.3534844668346,1,0.0,0.036201560827743916,0.04079238924727867,1777484731.8587937,5,/Users/kimsumin/projects/RGMC/data/map/robot17/images/0777.png,/Users/kimsumin/projects/RGMC/data/map/robot17/overlays/0777_overlay.png,/Users/kimsumin/projects/RGMC/data/map/robot17/masks/0777_mask.png
778,0.3859375,0.71875,0.0,271.99832495812393,201.38442211055278,1,0.0,0.0322491375859237,0.0451474841786797,1777484743.5634167,5,/Users/kimsumin/projects/RGMC/data/map/robot17/images/0778.png,/Users/kimsumin/projects/RGMC/data/map/robot17/overlays/0778_overlay.png,/Users/kimsumin/projects/RGMC/data/map/robot17/masks/0778_mask.png
779,0.35624999999999996,0.71875,0.0,272.6412955465587,188.76032388663967,1,0.0,0.04327906709312029,0.05546067995562966,1777484755.3884919,5,/Users/kimsumin/projects/RGMC/data/map/robot17/images/0779.png,/Users/kimsumin/projects/RGMC/data/map/robot17/overlays/0779_overlay.png,/Users/kimsumin/projects/RGMC/data/map/robot17/masks/0779_mask.png
780,0.3265625,0.71875,0.0,272.6099348534202,174.26079869600653,1,0.0,0.01845799910991988,0.027935936777195632,1777484766.9746318,5,/Users/kimsumin/projects/RGMC/data/map/robot17/images/0780.png,/Users/kimsumin/projects/RGMC/data/map/robot17/overlays/0780_overlay.png,/Users/kimsumin/projects/RGMC/data/map/robot17/masks/0780_mask.png
781,0.296875,0.71875,0.0,272.6160787530763,161.60229132569557,1,0.0,0.04154622082461654,0.054631692728922224,1777484779.5450513,5,/Users/kimsumin/projects/RGMC/data/map/robot17/images/0781.png,/Users/kimsumin/projects/RGMC/data/map/robot17/overlays/0781_overlay.png,/Users/kimsumin/projects/RGMC/data/map/robot17/masks/0781_mask.png
782,0.26718749999999997,0.71875,0.0,273.0270713699754,148.9729286300246,1,0.0,0.05370347828691249,0.023997845041589062,1777484791.002931,5,/Users/kimsumin/projects/RGMC/data/map/robot17/images/0782.png,/Users/kimsumin/projects/RGMC/data/map/robot17/overlays/0782_overlay.png,/Users/kimsumin/projects/RGMC/data/map/robot17/masks/0782_mask.png
783,0.2375,0.71875,0.0,272.82057823129253,135.3209263854425,1,0.0,0.01839043051717183,0.3620360930556398,1777484802.5198011,5,/Users/kimsumin/projects/RGMC/data/map/robot17/images/0783.png,/Users/kimsumin/projects/RGMC/data/map/robot17/overlays/0783_overlay.png,/Users/kimsumin/projects/RGMC/data/map/robot17/masks/0783_mask.png
784,0.20781249999999998,0.71875,0.0,273.32142857142856,122.498352553542,1,0.0,0.05637259772371229,0.07782394732648115,1777484814.039625,5,/Users/kimsumin/projects/RGMC/data/map/robot17/images/0784.png,/Users/kimsumin/projects/RGMC/data/map/robot17/overlays/0784_overlay.png,/Users/kimsumin/projects/RGMC/data/map/robot17/masks/0784_mask.png
785,0.17812499999999998,0.71875,0.0,273.0492730210016,109.09260763606824,1,0.0,0.059912862845441894,0.09870614196649627,1777484825.6568735,5,/Users/kimsumin/projects/RGMC/data/map/robot17/images/0785.png,/Users/kimsumin/projects/RGMC/data/map/robot17/overlays/0785_overlay.png,/Users/kimsumin/projects/RGMC/data/map/robot17/masks/0785_mask.png
786,0.1484375,0.71875,0.0,272.87278854254424,95.53917438921651,1,0.0,0.05741463652666327,0.2668384229521757,1777484838.281395,5,/Users/kimsumin/projects/RGMC/data/map/robot17/images/0786.png,/Users/kimsumin/projects/RGMC/data/map/robot17/overlays/0786_overlay.png,/Users/kimsumin/projects/RGMC/data/map/robot17/masks/0786_mask.png
787,0.11875,0.71875,0.0,273.41630901287556,83.28326180257511,1,0.0,0.03623625496634565,0.24920880925424052,1777484849.8964717,5,/Users/kimsumin/projects/RGMC/data/map/robot17/images/0787.png,/Users/kimsumin/projects/RGMC/data/map/robot17/overlays/0787_overlay.png,/Users/kimsumin/projects/RGMC/data/map/robot17/masks/0787_mask.png
788,0.08906249999999999,0.71875,0.0,273.17147707979626,68.88586030664395,1,0.0,0.0540995146731382,0.06570247816757463,1777484861.6135032,5,/Users/kimsumin/projects/RGMC/data/map/robot17/images/0788.png,/Users/kimsumin/projects/RGMC/data/map/robot17/overlays/0788_overlay.png,/Users/kimsumin/projects/RGMC/data/map/robot17/masks/0788_mask.png
789,0.059375,0.71875,0.0,272.9117395029991,55.78721541155867,1,0.0,0.06360484819873127,0.17899360168950992,1777484873.0869105,5,/Users/kimsumin/projects/RGMC/data/map/robot17/images/0789.png,/Users/kimsumin/projects/RGMC/data/map/robot17/overlays/0789_overlay.png,/Users/kimsumin/projects/RGMC/data/map/robot17/masks/0789_mask.png
790,0.0296875,0.71875,0.0,273.1066666666667,42.35254803675856,1,0.0,0.083180060435261,0.08745936642944029,1777484884.5728648,5,/Users/kimsumin/projects/RGMC/data/map/robot17/images/0790.png,/Users/kimsumin/projects/RGMC/data/map/robot17/overlays/0790_overlay.png,/Users/kimsumin/projects/RGMC/data/map/robot17/masks/0790_mask.png
791,0.0,0.71875,0.0,273.74563591022445,28.75561097256858,1,0.0,0.045304088833857815,0.0981615853619586,1777484896.0598571,5,/Users/kimsumin/projects/RGMC/data/map/robot17/images/0791.png,/Users/kimsumin/projects/RGMC/data/map/robot17/overlays/0791_overlay.png,/Users/kimsumin/projects/RGMC/data/map/robot17/masks/0791_mask.png
792,0.0,0.75,0.0,265.23880597014926,25.235489220563846,1,0.0,0.044415909280216014,0.030295893945065395,1777484907.6377053,5,/Users/kimsumin/projects/RGMC/data/map/robot17/images/0792.png,/Users/kimsumin/projects/RGMC/data/map/robot17/overlays/0792_overlay.png,/Users/kimsumin/projects/RGMC/data/map/robot17/masks/0792_mask.png
793,0.0296875,0.75,0.0,261.1818181818182,31.94867256637168,1,0.0,0.04243059868001434,0.13163914628950749,1777484919.1301672,5,/Users/kimsumin/projects/RGMC/data/map/robot17/images/0793.png,/Users/kimsumin/projects/RGMC/data/map/robot17/overlays/0793_overlay.png,/Users/kimsumin/projects/RGMC/data/map/robot17/masks/0793_mask.png
794,0.059375,0.75,0.0,259.9034782608696,44.752604166666664,1,0.0,0.03941413305227121,0.13112180282461602,1777484931.5743084,5,/Users/kimsumin/projects/RGMC/data/map/robot17/images/0794.png,/Users/kimsumin/projects/RGMC/data/map/robot17/overlays/0794_overlay.png,/Users/kimsumin/projects/RGMC/data/map/robot17/masks/0794_mask.png
795,0.08906249999999999,0.75,0.0,259.8041958041958,57.654288240495134,1,0.0,0.08684754515074872,0.060297956183730086,1777484943.0868144,5,/Users/kimsumin/projects/RGMC/data/map/robot17/images/0795.png,/Users/kimsumin/projects/RGMC/data/map/robot17/overlays/0795_overlay.png,/Users/kimsumin/projects/RGMC/data/map/robot17/masks/0795_mask.png
796,0.11875,0.75,0.0,259.9065743944637,70.5030198446937,1,0.0,0.03061132125475635,0.025238829032300833,1777484955.324094,5,/Users/kimsumin/projects/RGMC/data/map/robot17/images/0796.png,/Users/kimsumin/projects/RGMC/data/map/robot17/overlays/0796_overlay.png,/Users/kimsumin/projects/RGMC/data/map/robot17/masks/0796_mask.png
797,0.1484375,0.75,0.0,259.76146788990826,83.62935779816513,1,0.0,0.03888466976259199,0.03598530258589426,1777484966.7814772,5,/Users/kimsumin/projects/RGMC/data/map/robot17/images/0797.png,/Users/kimsumin/projects/RGMC/data/map/robot17/overlays/0797_overlay.png,/Users/kimsumin/projects/RGMC/data/map/robot17/masks/0797_mask.png
798,0.17812499999999998,0.75,0.0,260.09732142857143,96.59517426273459,1,0.0,0.04060561799052172,0.10074976369319133,1777484978.2786436,5,/Users/kimsumin/projects/RGMC/data/map/robot17/images/0798.png,/Users/kimsumin/projects/RGMC/data/map/robot17/overlays/0798_overlay.png,/Users/kimsumin/projects/RGMC/data/map/robot17/masks/0798_mask.png
799,0.20781249999999998,0.75,0.0,260.5105307497894,109.32771693344566,1,0.0,0.06598317982477461,0.02168794709610984,1777484990.6490602,5,/Users/kimsumin/projects/RGMC/data/map/robot17/images/0799.png,/Users/kimsumin/projects/RGMC/data/map/robot17/overlays/0799_overlay.png,/Users/kimsumin/projects/RGMC/data/map/robot17/masks/0799_mask.png
800,0.2375,0.75,0.0,259.6931818181818,123.35402097902097,1,0.0,0.03184869314590117,0.4283695298568445,1777485002.1749158,5,/Users/kimsumin/projects/RGMC/data/map/robot17/images/0800.png,/Users/kimsumin/projects/RGMC/data/map/robot17/overlays/0800_overlay.png,/Users/kimsumin/projects/RGMC/data/map/robot17/masks/0800_mask.png
801,0.26718749999999997,0.75,0.0,259.92743362831857,135.9567519858782,1,0.0,0.02712687700772493,0.1004391975106105,1777485013.813261,5,/Users/kimsumin/projects/RGMC/data/map/robot17/images/0801.png,/Users/kimsumin/projects/RGMC/data/map/robot17/overlays/0801_overlay.png,/Users/kimsumin/projects/RGMC/data/map/robot17/masks/0801_mask.png
802,0.296875,0.75,0.0,259.6561433447099,149.31547104580812,1,0.0,0.18481379713763754,0.06654385785780709,1777485026.2543478,5,/Users/kimsumin/projects/RGMC/data/map/robot17/images/0802.png,/Users/kimsumin/projects/RGMC/data/map/robot17/overlays/0802_overlay.png,/Users/kimsumin/projects/RGMC/data/map/robot17/masks/0802_mask.png
803,0.3265625,0.75,0.0,259.81778169014086,163.49692712906057,1,0.0,0.06588311652655611,0.06689034486875566,1777485037.808217,5,/Users/kimsumin/projects/RGMC/data/map/robot17/images/0803.png,/Users/kimsumin/projects/RGMC/data/map/robot17/overlays/0803_overlay.png,/Users/kimsumin/projects/RGMC/data/map/robot17/masks/0803_mask.png
804,0.35624999999999996,0.75,0.0,259.7855887521968,175.97379912663754,1,0.0,0.04316755032700858,0.08234190216380119,1777485049.2379425,5,/Users/kimsumin/projects/RGMC/data/map/robot17/images/0804.png,/Users/kimsumin/projects/RGMC/data/map/robot17/overlays/0804_overlay.png,/Users/kimsumin/projects/RGMC/data/map/robot17/masks/0804_mask.png
805,0.3859375,0.75,0.0,259.5470297029703,189.20701168614357,1,0.0,0.047382723076726405,0.09327534067159644,1777485060.730466,5,/Users/kimsumin/projects/RGMC/data/map/robot17/images/0805.png,/Users/kimsumin/projects/RGMC/data/map/robot17/overlays/0805_overlay.png,/Users/kimsumin/projects/RGMC/data/map/robot17/masks/0805_mask.png
806,0.41562499999999997,0.75,0.0,259.4801016088061,202.42167654530058,1,0.0,0.028984655769174354,0.03377348357490869,1777485072.3885741,5,/Users/kimsumin/projects/RGMC/data/map/robot17/images/0806.png,/Users/kimsumin/projects/RGMC/data/map/robot17/overlays/0806_overlay.png,/Users/kimsumin/projects/RGMC/data/map/robot17/masks/0806_mask.png
807,0.4453125,0.75,0.0,259.45113438045377,215.68,1,0.0,0.049109763266229685,0.09703179432792745,1777485083.940849,5,/Users/kimsumin/projects/RGMC/data/map/robot17/images/0807.png,/Users/kimsumin/projects/RGMC/data/map/robot17/overlays/0807_overlay.png,/Users/kimsumin/projects/RGMC/data/map/robot17/masks/0807_mask.png
808,0.475,0.75,0.0,259.40693739424705,228.74957555178267,1,0.0,0.0388966492833888,0.08807882709964639,1777485095.5502303,5,/Users/kimsumin/projects/RGMC/data/map/robot17/images/0808.png,/Users/kimsumin/projects/RGMC/data/map/robot17/overlays/0808_overlay.png,/Users/kimsumin/projects/RGMC/data/map/robot17/masks/0808_mask.png
809,0.5046875,0.75,0.0,259.3494983277592,242.40833333333333,1,0.0,0.36168968875958085,0.09634441207963794,1777485107.0917494,5,/Users/kimsumin/projects/RGMC/data/map/robot17/images/0809.png,/Users/kimsumin/projects/RGMC/data/map/robot17/overlays/0809_overlay.png,/Users/kimsumin/projects/RGMC/data/map/robot17/masks/0809_mask.png
810,0.5343749999999999,0.75,0.0,259.28769497400344,256.2552631578947,1,0.0,0.07043119355565437,0.6119021589322713,1777485118.711852,5,/Users/kimsumin/projects/RGMC/data/map/robot17/images/0810.png,/Users/kimsumin/projects/RGMC/data/map/robot17/overlays/0810_overlay.png,/Users/kimsumin/projects/RGMC/data/map/robot17/masks/0810_mask.png
811,0.5640625,0.75,0.0,259.15705931495404,269.38178780284045,1,0.0,0.03211251071208896,0.04663758890911253,1777485130.8710945,5,/Users/kimsumin/projects/RGMC/data/map/robot17/images/0811.png,/Users/kimsumin/projects/RGMC/data/map/robot17/overlays/0811_overlay.png,/Users/kimsumin/projects/RGMC/data/map/robot17/masks/0811_mask.png
812,0.59375,0.75,0.0,259.07563025210084,282.0924369747899,1,0.0,0.03953075669445903,0.027765175336508865,1777485142.4026487,5,/Users/kimsumin/projects/RGMC/data/map/robot17/images/0812.png,/Users/kimsumin/projects/RGMC/data/map/robot17/overlays/0812_overlay.png,/Users/kimsumin/projects/RGMC/data/map/robot17/masks/0812_mask.png
813,0.6234375,0.75,0.0,258.84699915469145,297.22504230118443,1,0.0,0.018240053749015078,0.025867029383930294,1777485154.013233,5,/Users/kimsumin/projects/RGMC/data/map/robot17/images/0813.png,/Users/kimsumin/projects/RGMC/data/map/robot17/overlays/0813_overlay.png,/Users/kimsumin/projects/RGMC/data/map/robot17/masks/0813_mask.png
814,0.653125,0.75,0.0,258.7839866555463,310.0743083003953,1,0.0,0.42014374599113163,0.08486242066326856,1777485165.513681,5,/Users/kimsumin/projects/RGMC/data/map/robot17/images/0814.png,/Users/kimsumin/projects/RGMC/data/map/robot17/overlays/0814_overlay.png,/Users/kimsumin/projects/RGMC/data/map/robot17/masks/0814_mask.png
815,0.6828124999999999,0.75,0.0,258.64166666666665,324.9741019214703,1,0.0,0.38164439498920133,0.04734845539785118,1777485177.788862,5,/Users/kimsumin/projects/RGMC/data/map/robot17/images/0815.png,/Users/kimsumin/projects/RGMC/data/map/robot17/overlays/0815_overlay.png,/Users/kimsumin/projects/RGMC/data/map/robot17/masks/0815_mask.png
816,0.7124999999999999,0.75,0.0,257.59610894941636,338.46153846153845,1,0.0,0.05156870102683462,0.06919882445617626,1777485189.2684102,5,/Users/kimsumin/projects/RGMC/data/map/robot17/images/0816.png,/Users/kimsumin/projects/RGMC/data/map/robot17/overlays/0816_overlay.png,/Users/kimsumin/projects/RGMC/data/map/robot17/masks/0816_mask.png
817,0.7421875,0.75,0.0,257.25231481481484,351.4825174825175,1,0.0,0.029940214861876098,0.0812274807911382,1777485201.6266181,5,/Users/kimsumin/projects/RGMC/data/map/robot17/images/0817.png,/Users/kimsumin/projects/RGMC/data/map/robot17/overlays/0817_overlay.png,/Users/kimsumin/projects/RGMC/data/map/robot17/masks/0817_mask.png
818,0.771875,0.75,0.0,257.2428460943542,366.07876447876447,1,0.0,0.04799406309001968,0.14431604028036288,1777485213.1687708,5,/Users/kimsumin/projects/RGMC/data/map/robot17/images/0818.png,/Users/kimsumin/projects/RGMC/data/map/robot17/overlays/0818_overlay.png,/Users/kimsumin/projects/RGMC/data/map/robot17/masks/0818_mask.png
819,0.8015625,0.75,0.0,256.76698262243286,380.8794607454401,1,0.0,0.03108733134025598,0.06465920245824489,1777485224.630758,5,/Users/kimsumin/projects/RGMC/data/map/robot17/images/0819.png,/Users/kimsumin/projects/RGMC/data/map/robot17/overlays/0819_overlay.png,/Users/kimsumin/projects/RGMC/data/map/robot17/masks/0819_mask.png
820,0.8312499999999999,0.75,0.0,256.72670321065,394.63046875,1,0.0,0.06517320905063576,0.04027198618049729,1777485236.1124387,5,/Users/kimsumin/projects/RGMC/data/map/robot17/images/0820.png,/Users/kimsumin/projects/RGMC/data/map/robot17/overlays/0820_overlay.png,/Users/kimsumin/projects/RGMC/data/map/robot17/masks/0820_mask.png
821,0.8609374999999999,0.75,0.0,256.19711538461536,409.4138755980861,1,0.0,0.1607845978816995,0.05170844981319148,1777485247.6784663,5,/Users/kimsumin/projects/RGMC/data/map/robot17/images/0821.png,/Users/kimsumin/projects/RGMC/data/map/robot17/overlays/0821_overlay.png,/Users/kimsumin/projects/RGMC/data/map/robot17/masks/0821_mask.png
822,0.890625,0.75,0.0,256.3126436781609,423.27654698242935,1,0.0,0.03766292342220361,0.07131313378198705,1777485259.1650517,5,/Users/kimsumin/projects/RGMC/data/map/robot17/images/0822.png,/Users/kimsumin/projects/RGMC/data/map/robot17/overlays/0822_overlay.png,/Users/kimsumin/projects/RGMC/data/map/robot17/masks/0822_mask.png
823,0.9203125,0.75,0.0,255.8093322606597,438.1105730427764,1,0.0,0.04075460361959125,0.06596219095861228,1777485270.6296446,5,/Users/kimsumin/projects/RGMC/data/map/robot17/images/0823.png,/Users/kimsumin/projects/RGMC/data/map/robot17/overlays/0823_overlay.png,/Users/kimsumin/projects/RGMC/data/map/robot17/masks/0823_mask.png
824,0.95,0.75,0.0,255.67770597738289,452.75848142164784,1,0.0,0.02933615029320646,0.050590544049449994,1777485282.1526349,5,/Users/kimsumin/projects/RGMC/data/map/robot17/images/0824.png,/Users/kimsumin/projects/RGMC/data/map/robot17/overlays/0824_overlay.png,/Users/kimsumin/projects/RGMC/data/map/robot17/masks/0824_mask.png
825,0.95,0.78125,0.0,245.53067484662577,457.0091954022989,1,0.0,0.030366940317392347,0.038315251812776535,1777485293.614651,5,/Users/kimsumin/projects/RGMC/data/map/robot17/images/0825.png,/Users/kimsumin/projects/RGMC/data/map/robot17/overlays/0825_overlay.png,/Users/kimsumin/projects/RGMC/data/map/robot17/masks/0825_mask.png
826,0.9203125,0.78125,0.0,241.08238851095993,450.91238670694867,1,0.0,0.09656034021341246,0.021699113503360744,1777485305.2899542,5,/Users/kimsumin/projects/RGMC/data/map/robot17/images/0826.png,/Users/kimsumin/projects/RGMC/data/map/robot17/overlays/0826_overlay.png,/Users/kimsumin/projects/RGMC/data/map/robot17/masks/0826_mask.png
827,0.890625,0.78125,0.0,239.1775,437.05583333333334,1,0.0,0.02183612040133767,0.014641025641026316,1777485316.7753165,5,/Users/kimsumin/projects/RGMC/data/map/robot17/images/0827.png,/Users/kimsumin/projects/RGMC/data/map/robot17/overlays/0827_overlay.png,/Users/kimsumin/projects/RGMC/data/map/robot17/masks/0827_mask.png
828,0.8609374999999999,0.78125,0.0,239.1698717948718,423.19744204636294,1,0.0,0.03914031789195072,0.08405597134256926,1777485328.298107,5,/Users/kimsumin/projects/RGMC/data/map/robot17/images/0828.png,/Users/kimsumin/projects/RGMC/data/map/robot17/overlays/0828_overlay.png,/Users/kimsumin/projects/RGMC/data/map/robot17/masks/0828_mask.png
829,0.8312499999999999,0.78125,0.0,239.37623762376236,409.3961038961039,1,0.0,0.09275911024537437,0.057089046484531426,1777485339.7869363,5,/Users/kimsumin/projects/RGMC/data/map/robot17/images/0829.png,/Users/kimsumin/projects/RGMC/data/map/robot17/overlays/0829_overlay.png,/Users/kimsumin/projects/RGMC/data/map/robot17/masks/0829_mask.png
830,0.8015625,0.78125,0.0,239.59484193011647,396.0332778702163,1,0.0,0.09968097372784378,0.05576189248061262,1777485351.3543704,5,/Users/kimsumin/projects/RGMC/data/map/robot17/images/0830.png,/Users/kimsumin/projects/RGMC/data/map/robot17/overlays/0830_overlay.png,/Users/kimsumin/projects/RGMC/data/map/robot17/masks/0830_mask.png
831,0.771875,0.78125,0.0,239.8003300330033,381.49668874172187,1,0.0,0.023269498662147264,0.04137011897572349,1777485363.1186547,5,/Users/kimsumin/projects/RGMC/data/map/robot17/images/0831.png,/Users/kimsumin/projects/RGMC/data/map/robot17/overlays/0831_overlay.png,/Users/kimsumin/projects/RGMC/data/map/robot17/masks/0831_mask.png
832,0.7421875,0.78125,0.0,240.50084889643463,367.9570707070707,1,0.0,0.07632988707326041,0.46272020801028046,1777485374.6465013,5,/Users/kimsumin/projects/RGMC/data/map/robot17/images/0832.png,/Users/kimsumin/projects/RGMC/data/map/robot17/overlays/0832_overlay.png,/Users/kimsumin/projects/RGMC/data/map/robot17/masks/0832_mask.png
833,0.7124999999999999,0.78125,0.0,240.45396317053644,353.7508064516129,1,0.0,0.055901338223257026,0.06385196934732566,1777485386.4410827,5,/Users/kimsumin/projects/RGMC/data/map/robot17/images/0833.png,/Users/kimsumin/projects/RGMC/data/map/robot17/overlays/0833_overlay.png,/Users/kimsumin/projects/RGMC/data/map/robot17/masks/0833_mask.png
834,0.6828124999999999,0.78125,0.0,240.87314662273477,340.1383855024712,1,0.0,0.0983887539034119,0.10365019850413368,1777485397.96141,5,/Users/kimsumin/projects/RGMC/data/map/robot17/images/0834.png,/Users/kimsumin/projects/RGMC/data/map/robot17/overlays/0834_overlay.png,/Users/kimsumin/projects/RGMC/data/map/robot17/masks/0834_mask.png
835,0.653125,0.78125,0.0,241.03755868544602,325.63947163947165,1,0.0,0.047138293439005954,0.07317556294545541,1777485409.58486,5,/Users/kimsumin/projects/RGMC/data/map/robot17/images/0835.png,/Users/kimsumin/projects/RGMC/data/map/robot17/overlays/0835_overlay.png,/Users/kimsumin/projects/RGMC/data/map/robot17/masks/0835_mask.png
836,0.6234375,0.78125,0.0,241.1341085271318,311.83178294573645,1,0.0,0.029260884737078493,0.29494188932636123,1777485421.0794845,5,/Users/kimsumin/projects/RGMC/data/map/robot17/images/0836.png,/Users/kimsumin/projects/RGMC/data/map/robot17/overlays/0836_overlay.png,/Users/kimsumin/projects/RGMC/data/map/robot17/masks/0836_mask.png
837,0.59375,0.78125,0.0,241.55312246553123,297.88402270884023,1,0.0,0.03759695868247362,0.08444370871678351,1777485432.5811484,5,/Users/kimsumin/projects/RGMC/data/map/robot17/images/0837.png,/Users/kimsumin/projects/RGMC/data/map/robot17/overlays/0837_overlay.png,/Users/kimsumin/projects/RGMC/data/map/robot17/masks/0837_mask.png
838,0.5640625,0.78125,0.0,241.4860655737705,284.25020644095787,1,0.0,0.04786826590585569,0.06774921719433726,1777485444.050689,5,/Users/kimsumin/projects/RGMC/data/map/robot17/images/0838.png,/Users/kimsumin/projects/RGMC/data/map/robot17/overlays/0838_overlay.png,/Users/kimsumin/projects/RGMC/data/map/robot17/masks/0838_mask.png
839,0.5343749999999999,0.78125,0.0,241.58004827031377,269.5808764940239,1,0.0,0.0574322985542806,0.14490018873071736,1777485455.59545,5,/Users/kimsumin/projects/RGMC/data/map/robot17/images/0839.png,/Users/kimsumin/projects/RGMC/data/map/robot17/overlays/0839_overlay.png,/Users/kimsumin/projects/RGMC/data/map/robot17/masks/0839_mask.png
840,0.5046875,0.78125,0.0,242.6094674556213,254.52155536770923,1,0.0,0.4914481692019958,0.07268776511555196,1777485467.8619735,5,/Users/kimsumin/projects/RGMC/data/map/robot17/images/0840.png,/Users/kimsumin/projects/RGMC/data/map/robot17/overlays/0840_overlay.png,/Users/kimsumin/projects/RGMC/data/map/robot17/masks/0840_mask.png
841,0.475,0.78125,0.0,242.16196013289036,241.828073089701,1,0.0,0.025494917985868545,0.029114126764159046,1777485479.3815837,5,/Users/kimsumin/projects/RGMC/data/map/robot17/images/0841.png,/Users/kimsumin/projects/RGMC/data/map/robot17/overlays/0841_overlay.png,/Users/kimsumin/projects/RGMC/data/map/robot17/masks/0841_mask.png
842,0.4453125,0.78125,0.0,242.07686148919134,229.10714285714286,1,0.0,0.4453964400360733,0.07602853793934307,1777485491.020362,5,/Users/kimsumin/projects/RGMC/data/map/robot17/images/0842.png,/Users/kimsumin/projects/RGMC/data/map/robot17/overlays/0842_overlay.png,/Users/kimsumin/projects/RGMC/data/map/robot17/masks/0842_mask.png
843,0.41562499999999997,0.78125,0.0,243.11964285714285,215.48257372654155,1,0.0,0.35626056961250135,0.09201634117223795,1777485503.5142124,5,/Users/kimsumin/projects/RGMC/data/map/robot17/images/0843.png,/Users/kimsumin/projects/RGMC/data/map/robot17/overlays/0843_overlay.png,/Users/kimsumin/projects/RGMC/data/map/robot17/masks/0843_mask.png
844,0.3859375,0.78125,0.0,242.35546558704453,202.01533494753835,1,0.0,0.032706250255469034,0.02535501621749657,1777485514.96557,5,/Users/kimsumin/projects/RGMC/data/map/robot17/images/0844.png,/Users/kimsumin/projects/RGMC/data/map/robot17/overlays/0844_overlay.png,/Users/kimsumin/projects/RGMC/data/map/robot17/masks/0844_mask.png
845,0.35624999999999996,0.78125,0.0,243.42565845369583,189.09152542372883,1,0.0,0.025408703492646543,0.043704947673588436,1777485526.6765616,5,/Users/kimsumin/projects/RGMC/data/map/robot17/images/0845.png,/Users/kimsumin/projects/RGMC/data/map/robot17/overlays/0845_overlay.png,/Users/kimsumin/projects/RGMC/data/map/robot17/masks/0845_mask.png
846,0.3265625,0.78125,0.0,243.55052264808361,175.32384937238493,1,0.0,0.4630057583283738,0.28425018887654374,1777485538.1975002,5,/Users/kimsumin/projects/RGMC/data/map/robot17/images/0846.png,/Users/kimsumin/projects/RGMC/data/map/robot17/overlays/0846_overlay.png,/Users/kimsumin/projects/RGMC/data/map/robot17/masks/0846_mask.png
847,0.296875,0.78125,0.0,243.41638513513513,162.39427127211457,1,0.0,0.0506423669046064,0.07996200849056977,1777485549.8240387,5,/Users/kimsumin/projects/RGMC/data/map/robot17/images/0847.png,/Users/kimsumin/projects/RGMC/data/map/robot17/overlays/0847_overlay.png,/Users/kimsumin/projects/RGMC/data/map/robot17/masks/0847_mask.png
848,0.26718749999999997,0.78125,0.0,243.45008319467553,148.90599001663892,1,0.0,0.34532404533678157,0.039004933122881336,1777485561.4859118,5,/Users/kimsumin/projects/RGMC/data/map/robot17/images/0848.png,/Users/kimsumin/projects/RGMC/data/map/robot17/overlays/0848_overlay.png,/Users/kimsumin/projects/RGMC/data/map/robot17/masks/0848_mask.png
849,0.2375,0.78125,0.0,243.59861591695503,135.63391304347826,1,0.0,0.0031269748674044922,0.047606385161856994,1777485572.9467068,5,/Users/kimsumin/projects/RGMC/data/map/robot17/images/0849.png,/Users/kimsumin/projects/RGMC/data/map/robot17/overlays/0849_overlay.png,/Users/kimsumin/projects/RGMC/data/map/robot17/masks/0849_mask.png
850,0.20781249999999998,0.78125,0.0,243.52199661590524,122.39966130397968,1,0.0,0.040264141327825145,0.029623559416592272,1777485584.480274,5,/Users/kimsumin/projects/RGMC/data/map/robot17/images/0850.png,/Users/kimsumin/projects/RGMC/data/map/robot17/overlays/0850_overlay.png,/Users/kimsumin/projects/RGMC/data/map/robot17/masks/0850_mask.png
851,0.17812499999999998,0.78125,0.0,244.01913477537437,109.1482701812191,1,0.0,0.07754044903377341,0.13448390330008203,1777485596.0091434,5,/Users/kimsumin/projects/RGMC/data/map/robot17/images/0851.png,/Users/kimsumin/projects/RGMC/data/map/robot17/overlays/0851_overlay.png,/Users/kimsumin/projects/RGMC/data/map/robot17/masks/0851_mask.png
852,0.1484375,0.78125,0.0,244.08499095840867,95.71808510638297,1,0.0,0.27617380646826845,0.07419051144903914,1777485607.6985383,5,/Users/kimsumin/projects/RGMC/data/map/robot17/images/0852.png,/Users/kimsumin/projects/RGMC/data/map/robot17/overlays/0852_overlay.png,/Users/kimsumin/projects/RGMC/data/map/robot17/masks/0852_mask.png
853,0.11875,0.78125,0.0,244.01263537906138,83.0421146953405,1,0.0,0.0691475705904279,0.4194737689385616,1777485619.1942713,5,/Users/kimsumin/projects/RGMC/data/map/robot17/images/0853.png,/Users/kimsumin/projects/RGMC/data/map/robot17/overlays/0853_overlay.png,/Users/kimsumin/projects/RGMC/data/map/robot17/masks/0853_mask.png
854,0.08906249999999999,0.78125,0.0,244.19009725906278,68.74535809018568,1,0.0,0.250349858767504,0.15164833863882635,1777485630.7987483,5,/Users/kimsumin/projects/RGMC/data/map/robot17/images/0854.png,/Users/kimsumin/projects/RGMC/data/map/robot17/overlays/0854_overlay.png,/Users/kimsumin/projects/RGMC/data/map/robot17/masks/0854_mask.png
855,0.059375,0.78125,0.0,243.93037423846823,54.45231846019247,1,0.0,0.04285412128210267,0.06049350628319988,1777485642.2739525,5,/Users/kimsumin/projects/RGMC/data/map/robot17/images/0855.png,/Users/kimsumin/projects/RGMC/data/map/robot17/overlays/0855_overlay.png,/Users/kimsumin/projects/RGMC/data/map/robot17/masks/0855_mask.png
856,0.0296875,0.78125,0.0,243.96796536796538,41.534843205574916,1,0.0,0.03617434787759959,0.042366099231465226,1777485653.7469993,5,/Users/kimsumin/projects/RGMC/data/map/robot17/images/0856.png,/Users/kimsumin/projects/RGMC/data/map/robot17/overlays/0856_overlay.png,/Users/kimsumin/projects/RGMC/data/map/robot17/masks/0856_mask.png
857,0.0,0.78125,0.0,244.99163179916317,28.54438860971524,1,0.0,0.08532881648373183,0.060103165372270694,1777485665.2094429,5,/Users/kimsumin/projects/RGMC/data/map/robot17/images/0857.png,/Users/kimsumin/projects/RGMC/data/map/robot17/overlays/0857_overlay.png,/Users/kimsumin/projects/RGMC/data/map/robot17/masks/0857_mask.png
858,0.0,0.8125,0.0,235.87510993843446,24.37732506643047,1,0.0,0.05620139177277251,0.1147258079528642,1777485676.6384773,5,/Users/kimsumin/projects/RGMC/data/map/robot17/images/0858.png,/Users/kimsumin/projects/RGMC/data/map/robot17/overlays/0858_overlay.png,/Users/kimsumin/projects/RGMC/data/map/robot17/masks/0858_mask.png
859,0.0296875,0.8125,0.0,233.2784280936455,29.755016722408026,1,0.0,0.03399874445920419,0.04999472745975115,1777485688.079736,5,/Users/kimsumin/projects/RGMC/data/map/robot17/images/0859.png,/Users/kimsumin/projects/RGMC/data/map/robot17/overlays/0859_overlay.png,/Users/kimsumin/projects/RGMC/data/map/robot17/masks/0859_mask.png
860,0.059375,0.8125,0.0,231.8642413487134,43.83123877917415,1,0.0,0.05337741325720604,0.12785798972892362,1777485699.5688725,5,/Users/kimsumin/projects/RGMC/data/map/robot17/images/0860.png,/Users/kimsumin/projects/RGMC/data/map/robot17/overlays/0860_overlay.png,/Users/kimsumin/projects/RGMC/data/map/robot17/masks/0860_mask.png
861,0.08906249999999999,0.8125,0.0,231.60265486725663,56.93716814159292,1,0.0,0.03216767437534745,0.08234161142982056,1777485711.086066,5,/Users/kimsumin/projects/RGMC/data/map/robot17/images/0861.png,/Users/kimsumin/projects/RGMC/data/map/robot17/overlays/0861_overlay.png,/Users/kimsumin/projects/RGMC/data/map/robot17/masks/0861_mask.png
862,0.11875,0.8125,0.0,231.40355555555556,69.47572815533981,1,0.0,0.04515840304679399,0.06249695994342313,1777485722.5216134,5,/Users/kimsumin/projects/RGMC/data/map/robot17/images/0862.png,/Users/kimsumin/projects/RGMC/data/map/robot17/overlays/0862_overlay.png,/Users/kimsumin/projects/RGMC/data/map/robot17/masks/0862_mask.png
863,0.1484375,0.8125,0.0,231.558476881233,83.02901178603808,1,0.0,0.022244159414519654,0.02907282066548579,1777485734.0223672,5,/Users/kimsumin/projects/RGMC/data/map/robot17/images/0863.png,/Users/kimsumin/projects/RGMC/data/map/robot17/overlays/0863_overlay.png,/Users/kimsumin/projects/RGMC/data/map/robot17/masks/0863_mask.png
864,0.17812499999999998,0.8125,0.0,231.5095890410959,95.51061865189288,1,0.0,0.047263666597730083,0.05338742193055471,1777485745.4840724,5,/Users/kimsumin/projects/RGMC/data/map/robot17/images/0864.png,/Users/kimsumin/projects/RGMC/data/map/robot17/overlays/0864_overlay.png,/Users/kimsumin/projects/RGMC/data/map/robot17/masks/0864_mask.png
865,0.20781249999999998,0.8125,0.0,231.55978742249778,108.72010628875111,1,0.0,0.0493435836616239,0.07224038300096865,1777485756.9985085,5,/Users/kimsumin/projects/RGMC/data/map/robot17/images/0865.png,/Users/kimsumin/projects/RGMC/data/map/robot17/overlays/0865_overlay.png,/Users/kimsumin/projects/RGMC/data/map/robot17/masks/0865_mask.png
866,0.2375,0.8125,0.0,231.51097453906937,121.86036426712923,1,0.0,0.07654454480978552,0.40972629383110204,1777485768.4671168,5,/Users/kimsumin/projects/RGMC/data/map/robot17/images/0866.png,/Users/kimsumin/projects/RGMC/data/map/robot17/overlays/0866_overlay.png,/Users/kimsumin/projects/RGMC/data/map/robot17/masks/0866_mask.png
867,0.26718749999999997,0.8125,0.0,231.3963963963964,134.64198606271776,1,0.0,0.04118842760492548,0.2896722703883955,1777485779.9536567,5,/Users/kimsumin/projects/RGMC/data/map/robot17/images/0867.png,/Users/kimsumin/projects/RGMC/data/map/robot17/overlays/0867_overlay.png,/Users/kimsumin/projects/RGMC/data/map/robot17/masks/0867_mask.png
868,0.296875,0.8125,0.0,231.42795138888889,148.78503046127068,1,0.0,0.04248348006619089,0.07996257690484672,1777485792.1613739,5,/Users/kimsumin/projects/RGMC/data/map/robot17/images/0868.png,/Users/kimsumin/projects/RGMC/data/map/robot17/overlays/0868_overlay.png,/Users/kimsumin/projects/RGMC/data/map/robot17/masks/0868_mask.png
869,0.3265625,0.8125,0.0,230.871335504886,162.42536736272234,1,0.0,0.4743646656254364,0.04421831434619701,1777485804.3932667,5,/Users/kimsumin/projects/RGMC/data/map/robot17/images/0869.png,/Users/kimsumin/projects/RGMC/data/map/robot17/overlays/0869_overlay.png,/Users/kimsumin/projects/RGMC/data/map/robot17/masks/0869_mask.png
870,0.35624999999999996,0.8125,0.0,230.22267206477733,174.63489499192247,1,0.0,0.38341090080221185,0.1316207540439726,1777485816.2006688,5,/Users/kimsumin/projects/RGMC/data/map/robot17/images/0870.png,/Users/kimsumin/projects/RGMC/data/map/robot17/overlays/0870_overlay.png,/Users/kimsumin/projects/RGMC/data/map/robot17/masks/0870_mask.png
871,0.3859375,0.8125,0.0,231.1363251481795,188.81947942905123,1,0.0,0.03399140935560475,0.08109974985631767,1777485827.7440956,5,/Users/kimsumin/projects/RGMC/data/map/robot17/images/0871.png,/Users/kimsumin/projects/RGMC/data/map/robot17/overlays/0871_overlay.png,/Users/kimsumin/projects/RGMC/data/map/robot17/masks/0871_mask.png
872,0.41562499999999997,0.8125,0.0,230.1277108433735,201.65709728867623,1,0.0,0.04820364216521251,0.024346682040575156,1777485839.177643,5,/Users/kimsumin/projects/RGMC/data/map/robot17/images/0872.png,/Users/kimsumin/projects/RGMC/data/map/robot17/overlays/0872_overlay.png,/Users/kimsumin/projects/RGMC/data/map/robot17/masks/0872_mask.png
873,0.4453125,0.8125,0.0,229.94605475040257,214.42937399678974,1,0.0,0.05179055703197935,0.07493958868553205,1777485850.7374213,5,/Users/kimsumin/projects/RGMC/data/map/robot17/images/0873.png,/Users/kimsumin/projects/RGMC/data/map/robot17/overlays/0873_overlay.png,/Users/kimsumin/projects/RGMC/data/map/robot17/masks/0873_mask.png
874,0.475,0.8125,0.0,230.50084602368867,228.9395229982964,1,0.0,0.4966785989900436,0.05922588604681794,1777485862.4888732,5,/Users/kimsumin/projects/RGMC/data/map/robot17/images/0874.png,/Users/kimsumin/projects/RGMC/data/map/robot17/overlays/0874_overlay.png,/Users/kimsumin/projects/RGMC/data/map/robot17/masks/0874_mask.png
875,0.5046875,0.8125,0.0,229.8288,242.2656,1,0.0,0.37325523003809363,0.07222355242565892,1777485873.9725263,5,/Users/kimsumin/projects/RGMC/data/map/robot17/images/0875.png,/Users/kimsumin/projects/RGMC/data/map/robot17/overlays/0875_overlay.png,/Users/kimsumin/projects/RGMC/data/map/robot17/masks/0875_mask.png
876,0.5343749999999999,0.8125,0.0,229.3505747126437,255.90938775510205,1,0.0,0.03111845351845939,0.07620281119396995,1777485885.4860413,5,/Users/kimsumin/projects/RGMC/data/map/robot17/images/0876.png,/Users/kimsumin/projects/RGMC/data/map/robot17/overlays/0876_overlay.png,/Users/kimsumin/projects/RGMC/data/map/robot17/masks/0876_mask.png
877,0.5640625,0.8125,0.0,229.20736589271417,269.7995169082126,1,0.0,0.07354687501305816,0.0597121317312763,1777485897.0246634,5,/Users/kimsumin/projects/RGMC/data/map/robot17/images/0877.png,/Users/kimsumin/projects/RGMC/data/map/robot17/overlays/0877_overlay.png,/Users/kimsumin/projects/RGMC/data/map/robot17/masks/0877_mask.png
878,0.59375,0.8125,0.0,229.2758064516129,282.5541972290139,1,0.0,0.08419827352986843,0.4163883652855813,1777485908.6252327,5,/Users/kimsumin/projects/RGMC/data/map/robot17/images/0878.png,/Users/kimsumin/projects/RGMC/data/map/robot17/overlays/0878_overlay.png,/Users/kimsumin/projects/RGMC/data/map/robot17/masks/0878_mask.png
879,0.6234375,0.8125,0.0,229.03218020917137,297.3352,1,0.0,0.04803007626099883,0.05542193173785842,1777485920.0101447,5,/Users/kimsumin/projects/RGMC/data/map/robot17/images/0879.png,/Users/kimsumin/projects/RGMC/data/map/robot17/overlays/0879_overlay.png,/Users/kimsumin/projects/RGMC/data/map/robot17/masks/0879_mask.png
880,0.653125,0.8125,0.0,228.88739095955592,310.50079617834393,1,0.0,0.03030255058992604,0.08007965264449357,1777485931.4550445,5,/Users/kimsumin/projects/RGMC/data/map/robot17/images/0880.png,/Users/kimsumin/projects/RGMC/data/map/robot17/overlays/0880_overlay.png,/Users/kimsumin/projects/RGMC/data/map/robot17/masks/0880_mask.png
881,0.6828124999999999,0.8125,0.0,228.8584142394822,324.80470016207454,1,0.0,0.038652307351608045,0.038171288044305876,1777485943.094377,5,/Users/kimsumin/projects/RGMC/data/map/robot17/images/0881.png,/Users/kimsumin/projects/RGMC/data/map/robot17/overlays/0881_overlay.png,/Users/kimsumin/projects/RGMC/data/map/robot17/masks/0881_mask.png
882,0.7124999999999999,0.8125,0.0,228.914710485133,338.06864274570984,1,0.0,0.07485607073055801,0.098929676116195,1777485955.271601,5,/Users/kimsumin/projects/RGMC/data/map/robot17/images/0882.png,/Users/kimsumin/projects/RGMC/data/map/robot17/overlays/0882_overlay.png,/Users/kimsumin/projects/RGMC/data/map/robot17/masks/0882_mask.png
883,0.7421875,0.8125,0.0,228.15285599356395,352.74818986323413,1,0.0,0.03104987612988802,0.05554686204543554,1777485967.1757412,5,/Users/kimsumin/projects/RGMC/data/map/robot17/images/0883.png,/Users/kimsumin/projects/RGMC/data/map/robot17/overlays/0883_overlay.png,/Users/kimsumin/projects/RGMC/data/map/robot17/masks/0883_mask.png
884,0.771875,0.8125,0.0,228.0568271507498,365.79150275373723,1,0.0,0.042178338413896795,0.024760585439304938,1777485978.853279,5,/Users/kimsumin/projects/RGMC/data/map/robot17/images/0884.png,/Users/kimsumin/projects/RGMC/data/map/robot17/overlays/0884_overlay.png,/Users/kimsumin/projects/RGMC/data/map/robot17/masks/0884_mask.png
885,0.8015625,0.8125,0.0,227.88263665594855,380.3355648535565,1,0.0,0.04180052440166483,0.3460462253814574,1777485992.135803,5,/Users/kimsumin/projects/RGMC/data/map/robot17/images/0885.png,/Users/kimsumin/projects/RGMC/data/map/robot17/overlays/0885_overlay.png,/Users/kimsumin/projects/RGMC/data/map/robot17/masks/0885_mask.png
886,0.8312499999999999,0.8125,0.0,227.4671052631579,393.7755937755938,1,0.0,0.02057965271967814,0.044348476873354116,1777486003.5708556,5,/Users/kimsumin/projects/RGMC/data/map/robot17/images/0886.png,/Users/kimsumin/projects/RGMC/data/map/robot17/overlays/0886_overlay.png,/Users/kimsumin/projects/RGMC/data/map/robot17/masks/0886_mask.png
887,0.8609374999999999,0.8125,0.0,227.2161263507897,408.7206982543641,1,0.0,0.24887510802057744,0.04704004594074538,1777486015.0109067,5,/Users/kimsumin/projects/RGMC/data/map/robot17/images/0887.png,/Users/kimsumin/projects/RGMC/data/map/robot17/overlays/0887_overlay.png,/Users/kimsumin/projects/RGMC/data/map/robot17/masks/0887_mask.png
888,0.890625,0.8125,0.0,227.1294498381877,423.1302588996764,1,0.0,0.015003501222422206,0.05947086625806127,1777486027.613469,5,/Users/kimsumin/projects/RGMC/data/map/robot17/images/0888.png,/Users/kimsumin/projects/RGMC/data/map/robot17/overlays/0888_overlay.png,/Users/kimsumin/projects/RGMC/data/map/robot17/masks/0888_mask.png
889,0.9203125,0.8125,0.0,226.34600158353126,437.22802850356294,1,0.0,0.058424173282297646,0.033665410727152324,1777486039.0806227,5,/Users/kimsumin/projects/RGMC/data/map/robot17/images/0889.png,/Users/kimsumin/projects/RGMC/data/map/robot17/overlays/0889_overlay.png,/Users/kimsumin/projects/RGMC/data/map/robot17/masks/0889_mask.png
890,0.95,0.8125,0.0,226.25990853658536,451.36906584992346,1,0.0,0.2781177465959839,0.045099602962405325,1777486050.5438225,5,/Users/kimsumin/projects/RGMC/data/map/robot17/images/0890.png,/Users/kimsumin/projects/RGMC/data/map/robot17/overlays/0890_overlay.png,/Users/kimsumin/projects/RGMC/data/map/robot17/masks/0890_mask.png
891,0.95,0.84375,0.0,218.05497771173847,455.4747399702823,1,0.0,0.0587782555473027,0.0821951789786492,1777486062.0143447,5,/Users/kimsumin/projects/RGMC/data/map/robot17/images/0891.png,/Users/kimsumin/projects/RGMC/data/map/robot17/overlays/0891_overlay.png,/Users/kimsumin/projects/RGMC/data/map/robot17/masks/0891_mask.png
892,0.9203125,0.84375,0.0,212.49578544061302,450.61268143621083,1,0.0,0.08719692200515829,0.017580003587890407,1777486073.4935777,5,/Users/kimsumin/projects/RGMC/data/map/robot17/images/0892.png,/Users/kimsumin/projects/RGMC/data/map/robot17/overlays/0892_overlay.png,/Users/kimsumin/projects/RGMC/data/map/robot17/masks/0892_mask.png
893,0.890625,0.84375,0.0,209.260663507109,437.6919431279621,1,0.0,0.021773985748748795,0.04845740408562317,1777486085.0984087,5,/Users/kimsumin/projects/RGMC/data/map/robot17/images/0893.png,/Users/kimsumin/projects/RGMC/data/map/robot17/overlays/0893_overlay.png,/Users/kimsumin/projects/RGMC/data/map/robot17/masks/0893_mask.png
894,0.8609374999999999,0.84375,0.0,208.94644284572342,424.78934817170114,1,0.0,0.044773025518120596,0.2592470769918142,1777486096.576393,5,/Users/kimsumin/projects/RGMC/data/map/robot17/images/0894.png,/Users/kimsumin/projects/RGMC/data/map/robot17/overlays/0894_overlay.png,/Users/kimsumin/projects/RGMC/data/map/robot17/masks/0894_mask.png
895,0.8312499999999999,0.84375,0.0,209.21657544956997,410.5652853792025,1,0.0,0.028411753798218833,0.11532019698268996,1777486108.0552204,5,/Users/kimsumin/projects/RGMC/data/map/robot17/images/0895.png,/Users/kimsumin/projects/RGMC/data/map/robot17/overlays/0895_overlay.png,/Users/kimsumin/projects/RGMC/data/map/robot17/masks/0895_mask.png
896,0.8015625,0.84375,0.0,209.9016129032258,396.8586345381526,1,0.0,0.05278174674595712,0.07175481318837952,1777486119.620554,5,/Users/kimsumin/projects/RGMC/data/map/robot17/images/0896.png,/Users/kimsumin/projects/RGMC/data/map/robot17/overlays/0896_overlay.png,/Users/kimsumin/projects/RGMC/data/map/robot17/masks/0896_mask.png
897,0.771875,0.84375,0.0,209.86456692913387,382.20774091627175,1,0.0,0.05021279600612068,0.06665722325316313,1777486132.1219027,5,/Users/kimsumin/projects/RGMC/data/map/robot17/images/0897.png,/Users/kimsumin/projects/RGMC/data/map/robot17/overlays/0897_overlay.png,/Users/kimsumin/projects/RGMC/data/map/robot17/masks/0897_mask.png
898,0.7421875,0.84375,0.0,210.22522522522522,368.50285248573755,1,0.0,0.3447566001670485,0.07229772073627495,1777486143.6138213,5,/Users/kimsumin/projects/RGMC/data/map/robot17/images/0898.png,/Users/kimsumin/projects/RGMC/data/map/robot17/overlays/0898_overlay.png,/Users/kimsumin/projects/RGMC/data/map/robot17/masks/0898_mask.png
899,0.7124999999999999,0.84375,0.0,210.89800995024876,354.0701320132013,1,0.0,0.07397822685704236,0.09910205495129043,1777486156.624327,5,/Users/kimsumin/projects/RGMC/data/map/robot17/images/0899.png,/Users/kimsumin/projects/RGMC/data/map/robot17/overlays/0899_overlay.png,/Users/kimsumin/projects/RGMC/data/map/robot17/masks/0899_mask.png
900,0.6828124999999999,0.84375,0.0,211.42372881355934,340.43548387096774,1,0.0,0.013456625267724608,0.009015419774298246,1777486168.7390277,5,/Users/kimsumin/projects/RGMC/data/map/robot17/images/0900.png,/Users/kimsumin/projects/RGMC/data/map/robot17/overlays/0900_overlay.png,/Users/kimsumin/projects/RGMC/data/map/robot17/masks/0900_mask.png
901,0.653125,0.84375,0.0,210.74880763116056,325.8399366085578,1,0.0,0.2554411847303043,0.09421041566492283,1777486180.1964006,5,/Users/kimsumin/projects/RGMC/data/map/robot17/images/0901.png,/Users/kimsumin/projects/RGMC/data/map/robot17/overlays/0901_overlay.png,/Users/kimsumin/projects/RGMC/data/map/robot17/masks/0901_mask.png
902,0.6234375,0.84375,0.0,211.58468085106384,312.43867120954,1,0.0,0.04749817533744524,0.09908205869804185,1777486191.6820283,5,/Users/kimsumin/projects/RGMC/data/map/robot17/images/0902.png,/Users/kimsumin/projects/RGMC/data/map/robot17/overlays/0902_overlay.png,/Users/kimsumin/projects/RGMC/data/map/robot17/masks/0902_mask.png
903,0.59375,0.84375,0.0,211.7127659574468,298.27805280528054,1,0.0,0.06144193097664514,0.09042009225660537,1777486203.1174576,5,/Users/kimsumin/projects/RGMC/data/map/robot17/images/0903.png,/Users/kimsumin/projects/RGMC/data/map/robot17/overlays/0903_overlay.png,/Users/kimsumin/projects/RGMC/data/map/robot17/masks/0903_mask.png
904,0.5640625,0.84375,0.0,211.79,283.1797658862876,1,0.0,0.03347506896450394,0.12934795402907234,1777486214.5864317,5,/Users/kimsumin/projects/RGMC/data/map/robot17/images/0904.png,/Users/kimsumin/projects/RGMC/data/map/robot17/overlays/0904_overlay.png,/Users/kimsumin/projects/RGMC/data/map/robot17/masks/0904_mask.png
905,0.5343749999999999,0.84375,0.0,212.2220447284345,270.07987220447285,1,0.0,0.28044218337370447,0.07661278004851678,1777486227.1674848,5,/Users/kimsumin/projects/RGMC/data/map/robot17/images/0905.png,/Users/kimsumin/projects/RGMC/data/map/robot17/overlays/0905_overlay.png,/Users/kimsumin/projects/RGMC/data/map/robot17/masks/0905_mask.png
906,0.5046875,0.84375,0.0,212.87926727726895,256.255620316403,1,0.0,0.027854056448482725,0.045645675747798264,1777486238.8098748,5,/Users/kimsumin/projects/RGMC/data/map/robot17/images/0906.png,/Users/kimsumin/projects/RGMC/data/map/robot17/overlays/0906_overlay.png,/Users/kimsumin/projects/RGMC/data/map/robot17/masks/0906_mask.png
907,0.475,0.84375,0.0,213.0642737896494,241.97078464106843,1,0.0,0.05462671175932396,0.11768871915398538,1777486250.3023689,5,/Users/kimsumin/projects/RGMC/data/map/robot17/images/0907.png,/Users/kimsumin/projects/RGMC/data/map/robot17/overlays/0907_overlay.png,/Users/kimsumin/projects/RGMC/data/map/robot17/masks/0907_mask.png
908,0.4453125,0.84375,0.0,212.88418530351439,229.4808,1,0.0,0.05518873440444167,0.04787396956233175,1777486262.7620213,5,/Users/kimsumin/projects/RGMC/data/map/robot17/images/0908.png,/Users/kimsumin/projects/RGMC/data/map/robot17/overlays/0908_overlay.png,/Users/kimsumin/projects/RGMC/data/map/robot17/masks/0908_mask.png
909,0.41562499999999997,0.84375,0.0,213.1923404255319,215.42493638676845,1,0.0,0.08154607033688421,0.04852741109881051,1777486275.4386532,5,/Users/kimsumin/projects/RGMC/data/map/robot17/images/0909.png,/Users/kimsumin/projects/RGMC/data/map/robot17/overlays/0909_overlay.png,/Users/kimsumin/projects/RGMC/data/map/robot17/masks/0909_mask.png
910,0.3859375,0.84375,0.0,213.59369951534734,202.33144704931286,1,0.0,0.041216271056000085,0.021490530962960618,1777486288.0231457,5,/Users/kimsumin/projects/RGMC/data/map/robot17/images/0910.png,/Users/kimsumin/projects/RGMC/data/map/robot17/overlays/0910_overlay.png,/Users/kimsumin/projects/RGMC/data/map/robot17/masks/0910_mask.png
911,0.35624999999999996,0.84375,0.0,213.55564581640942,189.0547504025765,1,0.0,0.0346590406720535,0.046556928379700865,1777486299.4882307,5,/Users/kimsumin/projects/RGMC/data/map/robot17/images/0911.png,/Users/kimsumin/projects/RGMC/data/map/robot17/overlays/0911_overlay.png,/Users/kimsumin/projects/RGMC/data/map/robot17/masks/0911_mask.png
912,0.3265625,0.84375,0.0,213.84722222222223,174.3772504091653,1,0.0,0.055595773848944915,0.28687773376877,1777486311.063047,5,/Users/kimsumin/projects/RGMC/data/map/robot17/images/0912.png,/Users/kimsumin/projects/RGMC/data/map/robot17/overlays/0912_overlay.png,/Users/kimsumin/projects/RGMC/data/map/robot17/masks/0912_mask.png
913,0.296875,0.84375,0.0,213.81144238517325,161.69704236610713,1,0.0,0.028064541153500648,0.031063351467392263,1777486323.5844991,5,/Users/kimsumin/projects/RGMC/data/map/robot17/images/0913.png,/Users/kimsumin/projects/RGMC/data/map/robot17/overlays/0913_overlay.png,/Users/kimsumin/projects/RGMC/data/map/robot17/masks/0913_mask.png
914,0.26718749999999997,0.84375,0.0,214.06172839506172,148.82434640522877,1,0.0,0.37867954831064965,0.009979256392592527,1777486336.076302,5,/Users/kimsumin/projects/RGMC/data/map/robot17/images/0914.png,/Users/kimsumin/projects/RGMC/data/map/robot17/overlays/0914_overlay.png,/Users/kimsumin/projects/RGMC/data/map/robot17/masks/0914_mask.png
915,0.2375,0.84375,0.0,214.15351629502572,135.6457627118644,1,0.0,0.016020310039127142,0.10710743376955727,1777486348.3528605,5,/Users/kimsumin/projects/RGMC/data/map/robot17/images/0915.png,/Users/kimsumin/projects/RGMC/data/map/robot17/overlays/0915_overlay.png,/Users/kimsumin/projects/RGMC/data/map/robot17/masks/0915_mask.png
916,0.20781249999999998,0.84375,0.0,213.85004009623094,122.15156375300722,1,0.0,0.05764418025297716,0.04800539196752573,1777486360.6840608,5,/Users/kimsumin/projects/RGMC/data/map/robot17/images/0916.png,/Users/kimsumin/projects/RGMC/data/map/robot17/overlays/0916_overlay.png,/Users/kimsumin/projects/RGMC/data/map/robot17/masks/0916_mask.png
917,0.17812499999999998,0.84375,0.0,214.05758313057584,108.99348003259983,1,0.0,0.06335809976967721,0.08900317715985456,1777486372.5160604,5,/Users/kimsumin/projects/RGMC/data/map/robot17/images/0917.png,/Users/kimsumin/projects/RGMC/data/map/robot17/overlays/0917_overlay.png,/Users/kimsumin/projects/RGMC/data/map/robot17/masks/0917_mask.png
918,0.1484375,0.84375,0.0,213.7827529021559,96.13881961762262,1,0.0,0.3670332112411652,0.11206898453182673,1777486384.8343863,5,/Users/kimsumin/projects/RGMC/data/map/robot17/images/0918.png,/Users/kimsumin/projects/RGMC/data/map/robot17/overlays/0918_overlay.png,/Users/kimsumin/projects/RGMC/data/map/robot17/masks/0918_mask.png
919,0.11875,0.84375,0.0,214.91834942932397,83.05688888888889,1,0.0,0.08326173987514694,0.03826881997732537,1777486397.1803691,5,/Users/kimsumin/projects/RGMC/data/map/robot17/images/0919.png,/Users/kimsumin/projects/RGMC/data/map/robot17/overlays/0919_overlay.png,/Users/kimsumin/projects/RGMC/data/map/robot17/masks/0919_mask.png
920,0.08906249999999999,0.84375,0.0,215.49824561403508,68.62522202486679,1,0.0,0.03697482073822652,0.11476951668522298,1777486408.7030914,5,/Users/kimsumin/projects/RGMC/data/map/robot17/images/0920.png,/Users/kimsumin/projects/RGMC/data/map/robot17/overlays/0920_overlay.png,/Users/kimsumin/projects/RGMC/data/map/robot17/masks/0920_mask.png
921,0.059375,0.84375,0.0,215.3191111111111,54.71842105263158,1,0.0,0.08399783385689867,0.21441472356227614,1777486420.4650695,5,/Users/kimsumin/projects/RGMC/data/map/robot17/images/0921.png,/Users/kimsumin/projects/RGMC/data/map/robot17/overlays/0921_overlay.png,/Users/kimsumin/projects/RGMC/data/map/robot17/masks/0921_mask.png
922,0.0296875,0.84375,0.0,215.6835334476844,42.00343053173242,1,0.0,0.029465200579745422,0.3654413209878863,1777486431.9858365,5,/Users/kimsumin/projects/RGMC/data/map/robot17/images/0922.png,/Users/kimsumin/projects/RGMC/data/map/robot17/overlays/0922_overlay.png,/Users/kimsumin/projects/RGMC/data/map/robot17/masks/0922_mask.png
923,0.0,0.84375,0.0,215.79929886064855,28.95538057742782,1,0.0,0.15638047324398316,0.091506590196983,1777486443.469142,5,/Users/kimsumin/projects/RGMC/data/map/robot17/images/0923.png,/Users/kimsumin/projects/RGMC/data/map/robot17/overlays/0923_overlay.png,/Users/kimsumin/projects/RGMC/data/map/robot17/masks/0923_mask.png
924,0.0,0.875,0.0,209.46394439617723,24.847089487402258,1,0.0,0.024934618940730034,0.04047391284116528,1777486455.067596,5,/Users/kimsumin/projects/RGMC/data/map/robot17/images/0924.png,/Users/kimsumin/projects/RGMC/data/map/robot17/overlays/0924_overlay.png,/Users/kimsumin/projects/RGMC/data/map/robot17/masks/0924_mask.png
925,0.0296875,0.875,0.0,207.29868995633188,28.287093942054433,1,0.0,0.0357046207713801,0.0806013728117807,1777486466.757244,5,/Users/kimsumin/projects/RGMC/data/map/robot17/images/0925.png,/Users/kimsumin/projects/RGMC/data/map/robot17/overlays/0925_overlay.png,/Users/kimsumin/projects/RGMC/data/map/robot17/masks/0925_mask.png
926,0.059375,0.875,0.0,204.23796548592188,40.28977777777778,1,0.0,0.21292211827463703,0.08447779822849392,1777486479.330541,5,/Users/kimsumin/projects/RGMC/data/map/robot17/images/0926.png,/Users/kimsumin/projects/RGMC/data/map/robot17/overlays/0926_overlay.png,/Users/kimsumin/projects/RGMC/data/map/robot17/masks/0926_mask.png
927,0.08906249999999999,0.875,0.0,203.6918349429324,53.699736611062335,1,0.0,0.03460374087733037,0.04798462030914109,1777486490.8468137,5,/Users/kimsumin/projects/RGMC/data/map/robot17/images/0927.png,/Users/kimsumin/projects/RGMC/data/map/robot17/overlays/0927_overlay.png,/Users/kimsumin/projects/RGMC/data/map/robot17/masks/0927_mask.png
928,0.11875,0.875,0.0,203.46160794941284,67.13369467028004,1,0.0,0.02638920158015004,0.31941912150905644,1777486502.6369855,5,/Users/kimsumin/projects/RGMC/data/map/robot17/images/0928.png,/Users/kimsumin/projects/RGMC/data/map/robot17/overlays/0928_overlay.png,/Users/kimsumin/projects/RGMC/data/map/robot17/masks/0928_mask.png
929,0.1484375,0.875,0.0,203.52607076350094,79.85727525486561,1,0.0,0.04606468965635015,0.0468564979433296,1777486515.192168,5,/Users/kimsumin/projects/RGMC/data/map/robot17/images/0929.png,/Users/kimsumin/projects/RGMC/data/map/robot17/overlays/0929_overlay.png,/Users/kimsumin/projects/RGMC/data/map/robot17/masks/0929_mask.png
930,0.17812499999999998,0.875,0.0,203.46607142857144,93.42124212421243,1,0.0,0.031167586387934116,0.025507267881136088,1777486526.671673,5,/Users/kimsumin/projects/RGMC/data/map/robot17/images/0930.png,/Users/kimsumin/projects/RGMC/data/map/robot17/overlays/0930_overlay.png,/Users/kimsumin/projects/RGMC/data/map/robot17/masks/0930_mask.png
931,0.20781249999999998,0.875,0.0,203.2480349344978,106.87214611872146,1,0.0,0.053657254236045615,0.34312629544081025,1777486538.9280765,5,/Users/kimsumin/projects/RGMC/data/map/robot17/images/0931.png,/Users/kimsumin/projects/RGMC/data/map/robot17/overlays/0931_overlay.png,/Users/kimsumin/projects/RGMC/data/map/robot17/masks/0931_mask.png
932,0.2375,0.875,0.0,203.15851449275362,119.68896925858951,1,0.0,0.3303426117388373,0.1894596351201325,1777486551.322499,5,/Users/kimsumin/projects/RGMC/data/map/robot17/images/0932.png,/Users/kimsumin/projects/RGMC/data/map/robot17/overlays/0932_overlay.png,/Users/kimsumin/projects/RGMC/data/map/robot17/masks/0932_mask.png
933,0.26718749999999997,0.875,0.0,202.9636048526863,133.33102852203976,1,0.0,0.0271702362761156,0.057571052830158946,1777486563.6052132,5,/Users/kimsumin/projects/RGMC/data/map/robot17/images/0933.png,/Users/kimsumin/projects/RGMC/data/map/robot17/overlays/0933_overlay.png,/Users/kimsumin/projects/RGMC/data/map/robot17/masks/0933_mask.png
934,0.296875,0.875,0.0,202.01702127659576,147.87744680851063,1,0.0,0.028414615468488315,0.05423248861098933,1777486575.960797,5,/Users/kimsumin/projects/RGMC/data/map/robot17/images/0934.png,/Users/kimsumin/projects/RGMC/data/map/robot17/overlays/0934_overlay.png,/Users/kimsumin/projects/RGMC/data/map/robot17/masks/0934_mask.png
935,0.3265625,0.875,0.0,201.64929693961952,160.86765922249793,1,0.0,0.05744943672488242,0.04778475095902516,1777486588.2183273,5,/Users/kimsumin/projects/RGMC/data/map/robot17/images/0935.png,/Users/kimsumin/projects/RGMC/data/map/robot17/overlays/0935_overlay.png,/Users/kimsumin/projects/RGMC/data/map/robot17/masks/0935_mask.png
936,0.35624999999999996,0.875,0.0,201.90537084398977,174.45214521452147,1,0.0,0.02786666175096564,0.21301957691424803,1777486600.0230591,5,/Users/kimsumin/projects/RGMC/data/map/robot17/images/0936.png,/Users/kimsumin/projects/RGMC/data/map/robot17/overlays/0936_overlay.png,/Users/kimsumin/projects/RGMC/data/map/robot17/masks/0936_mask.png
937,0.3859375,0.875,0.0,201.97906197654942,187.73076923076923,1,0.0,0.09486538078620887,0.020977137499379628,1777486611.5400264,5,/Users/kimsumin/projects/RGMC/data/map/robot17/images/0937.png,/Users/kimsumin/projects/RGMC/data/map/robot17/overlays/0937_overlay.png,/Users/kimsumin/projects/RGMC/data/map/robot17/masks/0937_mask.png
938,0.41562499999999997,0.875,0.0,201.78187919463087,200.2794612794613,1,0.0,0.07841534598125817,0.051217724869936414,1777486623.1775765,5,/Users/kimsumin/projects/RGMC/data/map/robot17/images/0938.png,/Users/kimsumin/projects/RGMC/data/map/robot17/overlays/0938_overlay.png,/Users/kimsumin/projects/RGMC/data/map/robot17/masks/0938_mask.png
939,0.4453125,0.875,0.0,201.67967479674797,213.29210740439382,1,0.0,0.026582920312718285,0.023145252871507784,1777486635.0450122,5,/Users/kimsumin/projects/RGMC/data/map/robot17/images/0939.png,/Users/kimsumin/projects/RGMC/data/map/robot17/overlays/0939_overlay.png,/Users/kimsumin/projects/RGMC/data/map/robot17/masks/0939_mask.png
940,0.475,0.875,0.0,201.8384491114701,226.39967637540454,1,0.0,0.08641151071675669,0.016503300136783916,1777486647.4921339,5,/Users/kimsumin/projects/RGMC/data/map/robot17/images/0940.png,/Users/kimsumin/projects/RGMC/data/map/robot17/overlays/0940_overlay.png,/Users/kimsumin/projects/RGMC/data/map/robot17/masks/0940_mask.png
941,0.5046875,0.875,0.0,201.39983164983164,240.5964765100671,1,0.0,0.10436337841919484,0.09630454423015686,1777486659.1497107,5,/Users/kimsumin/projects/RGMC/data/map/robot17/images/0941.png,/Users/kimsumin/projects/RGMC/data/map/robot17/overlays/0941_overlay.png,/Users/kimsumin/projects/RGMC/data/map/robot17/masks/0941_mask.png
942,0.5343749999999999,0.875,0.0,201.0814696485623,253.7296,1,0.0,0.02189523300059789,0.0391820256042841,1777486670.6246634,5,/Users/kimsumin/projects/RGMC/data/map/robot17/images/0942.png,/Users/kimsumin/projects/RGMC/data/map/robot17/overlays/0942_overlay.png,/Users/kimsumin/projects/RGMC/data/map/robot17/masks/0942_mask.png
943,0.5640625,0.875,0.0,200.8910411622276,268.6152610441767,1,0.0,0.10247093239128023,0.1342369566636829,1777486682.2564907,5,/Users/kimsumin/projects/RGMC/data/map/robot17/images/0943.png,/Users/kimsumin/projects/RGMC/data/map/robot17/overlays/0943_overlay.png,/Users/kimsumin/projects/RGMC/data/map/robot17/masks/0943_mask.png
944,0.59375,0.875,0.0,200.8861386138614,281.0041288191577,1,0.0,0.06385351884746278,0.07070945455169494,1777486694.4955647,5,/Users/kimsumin/projects/RGMC/data/map/robot17/images/0944.png,/Users/kimsumin/projects/RGMC/data/map/robot17/overlays/0944_overlay.png,/Users/kimsumin/projects/RGMC/data/map/robot17/masks/0944_mask.png
945,0.6234375,0.875,0.0,200.47510204081632,294.68979591836734,1,0.0,0.006129437266793572,0.005328567293421207,1777486706.1364517,5,/Users/kimsumin/projects/RGMC/data/map/robot17/images/0945.png,/Users/kimsumin/projects/RGMC/data/map/robot17/overlays/0945_overlay.png,/Users/kimsumin/projects/RGMC/data/map/robot17/masks/0945_mask.png
946,0.653125,0.875,0.0,199.63205980066445,308.4597510373444,1,0.0,0.14376369475195855,0.6351290830348901,1777486717.8739817,5,/Users/kimsumin/projects/RGMC/data/map/robot17/images/0946.png,/Users/kimsumin/projects/RGMC/data/map/robot17/overlays/0946_overlay.png,/Users/kimsumin/projects/RGMC/data/map/robot17/masks/0946_mask.png
947,0.6828124999999999,0.875,0.0,199.5103906899418,322.115544472153,1,0.0,0.07720841557363363,0.2169323434382307,1777486729.4997115,5,/Users/kimsumin/projects/RGMC/data/map/robot17/images/0947.png,/Users/kimsumin/projects/RGMC/data/map/robot17/overlays/0947_overlay.png,/Users/kimsumin/projects/RGMC/data/map/robot17/masks/0947_mask.png
948,0.7124999999999999,0.875,0.0,199.62108731466228,335.7206244864421,1,0.0,0.021951319983350828,0.2924952092564285,1777486741.1142807,5,/Users/kimsumin/projects/RGMC/data/map/robot17/images/0948.png,/Users/kimsumin/projects/RGMC/data/map/robot17/overlays/0948_overlay.png,/Users/kimsumin/projects/RGMC/data/map/robot17/masks/0948_mask.png
949,0.7421875,0.875,0.0,199.30179445350734,349.79299103504485,1,0.0,0.026114598511128493,0.17410381920608248,1777486752.5668626,5,/Users/kimsumin/projects/RGMC/data/map/robot17/images/0949.png,/Users/kimsumin/projects/RGMC/data/map/robot17/overlays/0949_overlay.png,/Users/kimsumin/projects/RGMC/data/map/robot17/masks/0949_mask.png
950,0.771875,0.875,0.0,199.44233937397036,365.0557834290402,1,0.0,0.03255142805034116,0.20524771059647925,1777486764.8073425,5,/Users/kimsumin/projects/RGMC/data/map/robot17/images/0950.png,/Users/kimsumin/projects/RGMC/data/map/robot17/overlays/0950_overlay.png,/Users/kimsumin/projects/RGMC/data/map/robot17/masks/0950_mask.png
951,0.8015625,0.875,0.0,199.19126133553175,377.88680781758956,1,0.0,0.040735814909520815,0.05637615415863581,1777486776.6183357,5,/Users/kimsumin/projects/RGMC/data/map/robot17/images/0951.png,/Users/kimsumin/projects/RGMC/data/map/robot17/overlays/0951_overlay.png,/Users/kimsumin/projects/RGMC/data/map/robot17/masks/0951_mask.png
952,0.8312499999999999,0.875,0.0,198.02564102564102,392.50658404337725,1,0.0,0.36964505039400125,0.32239803736548034,1777486788.3274724,5,/Users/kimsumin/projects/RGMC/data/map/robot17/images/0952.png,/Users/kimsumin/projects/RGMC/data/map/robot17/overlays/0952_overlay.png,/Users/kimsumin/projects/RGMC/data/map/robot17/masks/0952_mask.png
953,0.8609374999999999,0.875,0.0,198.0703557312253,406.4449722882027,1,0.0,0.39195318539586826,0.0828052155373163,1777486799.773504,5,/Users/kimsumin/projects/RGMC/data/map/robot17/images/0953.png,/Users/kimsumin/projects/RGMC/data/map/robot17/overlays/0953_overlay.png,/Users/kimsumin/projects/RGMC/data/map/robot17/masks/0953_mask.png
954,0.890625,0.875,0.0,198.6875,420.78885135135135,1,0.0,0.3485851740412172,0.043949164869245695,1777486812.262961,5,/Users/kimsumin/projects/RGMC/data/map/robot17/images/0954.png,/Users/kimsumin/projects/RGMC/data/map/robot17/overlays/0954_overlay.png,/Users/kimsumin/projects/RGMC/data/map/robot17/masks/0954_mask.png
955,0.9203125,0.875,0.0,197.45633359559403,435.04773082942097,1,0.0,0.06398378969245795,0.0634704611983389,1777486824.4584985,5,/Users/kimsumin/projects/RGMC/data/map/robot17/images/0955.png,/Users/kimsumin/projects/RGMC/data/map/robot17/overlays/0955_overlay.png,/Users/kimsumin/projects/RGMC/data/map/robot17/masks/0955_mask.png
956,0.95,0.875,0.0,197.07028265851795,450.567816091954,1,0.0,0.030591900741552262,0.04598950571125877,1777486836.9411185,5,/Users/kimsumin/projects/RGMC/data/map/robot17/images/0956.png,/Users/kimsumin/projects/RGMC/data/map/robot17/overlays/0956_overlay.png,/Users/kimsumin/projects/RGMC/data/map/robot17/masks/0956_mask.png
957,0.95,0.90625,0.0,189.48192771084337,454.99090219863535,1,0.0,0.05587139514677384,0.05695296102619357,1777486848.5338995,5,/Users/kimsumin/projects/RGMC/data/map/robot17/images/0957.png,/Users/kimsumin/projects/RGMC/data/map/robot17/overlays/0957_overlay.png,/Users/kimsumin/projects/RGMC/data/map/robot17/masks/0957_mask.png
958,0.9203125,0.90625,0.0,185.00077279752705,451.6032482598608,1,0.0,0.04395495316193679,0.022155926469481873,1777486860.3492267,5,/Users/kimsumin/projects/RGMC/data/map/robot17/images/0958.png,/Users/kimsumin/projects/RGMC/data/map/robot17/overlays/0958_overlay.png,/Users/kimsumin/projects/RGMC/data/map/robot17/masks/0958_mask.png
959,0.890625,0.90625,0.0,179.62509992006395,438.9268488745981,1,0.0,0.04126555831342046,0.05991016332796197,1777486871.8358731,5,/Users/kimsumin/projects/RGMC/data/map/robot17/images/0959.png,/Users/kimsumin/projects/RGMC/data/map/robot17/overlays/0959_overlay.png,/Users/kimsumin/projects/RGMC/data/map/robot17/masks/0959_mask.png
960,0.8609374999999999,0.90625,0.0,179.31102040816327,425.83537082314587,1,0.0,0.07039156818201125,0.046541072046447717,1777486884.7066278,5,/Users/kimsumin/projects/RGMC/data/map/robot17/images/0960.png,/Users/kimsumin/projects/RGMC/data/map/robot17/overlays/0960_overlay.png,/Users/kimsumin/projects/RGMC/data/map/robot17/masks/0960_mask.png
961,0.8312499999999999,0.90625,0.0,179.47581284694687,412.14876690533015,1,0.0,0.08888372192788653,0.04438400761709946,1777486896.2350364,5,/Users/kimsumin/projects/RGMC/data/map/robot17/images/0961.png,/Users/kimsumin/projects/RGMC/data/map/robot17/overlays/0961_overlay.png,/Users/kimsumin/projects/RGMC/data/map/robot17/masks/0961_mask.png
962,0.8015625,0.90625,0.0,179.45735174654752,397.5458976441917,1,0.0,0.04804025987737175,0.05016732834568889,1777486908.440896,5,/Users/kimsumin/projects/RGMC/data/map/robot17/images/0962.png,/Users/kimsumin/projects/RGMC/data/map/robot17/overlays/0962_overlay.png,/Users/kimsumin/projects/RGMC/data/map/robot17/masks/0962_mask.png
963,0.771875,0.90625,0.0,179.5734939759036,382.70913461538464,1,0.0,0.050577058840953926,0.061473128147711054,1777486921.0430036,5,/Users/kimsumin/projects/RGMC/data/map/robot17/images/0963.png,/Users/kimsumin/projects/RGMC/data/map/robot17/overlays/0963_overlay.png,/Users/kimsumin/projects/RGMC/data/map/robot17/masks/0963_mask.png
964,0.7421875,0.90625,0.0,180.6945107398568,369.5031897926635,1,0.0,0.05633618303235955,0.050191792317384035,1777486932.9654813,5,/Users/kimsumin/projects/RGMC/data/map/robot17/images/0964.png,/Users/kimsumin/projects/RGMC/data/map/robot17/overlays/0964_overlay.png,/Users/kimsumin/projects/RGMC/data/map/robot17/masks/0964_mask.png
965,0.7124999999999999,0.90625,0.0,181.06169871794873,354.81009615384613,1,0.0,0.06852818686824384,0.12367379571825289,1777486944.6569023,5,/Users/kimsumin/projects/RGMC/data/map/robot17/images/0965.png,/Users/kimsumin/projects/RGMC/data/map/robot17/overlays/0965_overlay.png,/Users/kimsumin/projects/RGMC/data/map/robot17/masks/0965_mask.png
966,0.6828124999999999,0.90625,0.0,181.1400966183575,340.8796147672552,1,0.0,0.08187631924523005,0.054342407403253856,1777486956.4074135,5,/Users/kimsumin/projects/RGMC/data/map/robot17/images/0966.png,/Users/kimsumin/projects/RGMC/data/map/robot17/overlays/0966_overlay.png,/Users/kimsumin/projects/RGMC/data/map/robot17/masks/0966_mask.png
967,0.653125,0.90625,0.0,181.51198083067092,326.30825242718447,1,0.0,0.03060534341624225,0.02931513496143179,1777486968.8187537,5,/Users/kimsumin/projects/RGMC/data/map/robot17/images/0967.png,/Users/kimsumin/projects/RGMC/data/map/robot17/overlays/0967_overlay.png,/Users/kimsumin/projects/RGMC/data/map/robot17/masks/0967_mask.png
968,0.6234375,0.90625,0.0,181.87560975609756,313.0480065093572,1,0.0,0.06588254206020315,0.052609180492820914,1777486980.5467691,5,/Users/kimsumin/projects/RGMC/data/map/robot17/images/0968.png,/Users/kimsumin/projects/RGMC/data/map/robot17/overlays/0968_overlay.png,/Users/kimsumin/projects/RGMC/data/map/robot17/masks/0968_mask.png
969,0.59375,0.90625,0.0,182.32544861337684,297.87928221859704,1,0.0,0.3164783876430311,0.11517395581549404,1777486992.134802,5,/Users/kimsumin/projects/RGMC/data/map/robot17/images/0969.png,/Users/kimsumin/projects/RGMC/data/map/robot17/overlays/0969_overlay.png,/Users/kimsumin/projects/RGMC/data/map/robot17/masks/0969_mask.png
970,0.5640625,0.90625,0.0,182.8718592964824,284.9203688181056,1,0.0,0.04410046007975567,0.034070278655076856,1777487003.767323,5,/Users/kimsumin/projects/RGMC/data/map/robot17/images/0970.png,/Users/kimsumin/projects/RGMC/data/map/robot17/overlays/0970_overlay.png,/Users/kimsumin/projects/RGMC/data/map/robot17/masks/0970_mask.png
971,0.5343749999999999,0.90625,0.0,183.1437125748503,270.57640067911717,1,0.0,0.027584010039328196,0.07077179639963192,1777487016.0990844,5,/Users/kimsumin/projects/RGMC/data/map/robot17/images/0971.png,/Users/kimsumin/projects/RGMC/data/map/robot17/overlays/0971_overlay.png,/Users/kimsumin/projects/RGMC/data/map/robot17/masks/0971_mask.png
972,0.5046875,0.90625,0.0,183.24788494077833,257.28087986463623,1,0.0,0.03320763412454683,0.06595341163457512,1777487027.5858126,5,/Users/kimsumin/projects/RGMC/data/map/robot17/images/0972.png,/Users/kimsumin/projects/RGMC/data/map/robot17/overlays/0972_overlay.png,/Users/kimsumin/projects/RGMC/data/map/robot17/masks/0972_mask.png
973,0.475,0.90625,0.0,183.27659574468086,244.28999144568007,1,0.0,0.057510341616466086,0.02389621812247755,1777487040.273496,5,/Users/kimsumin/projects/RGMC/data/map/robot17/images/0973.png,/Users/kimsumin/projects/RGMC/data/map/robot17/overlays/0973_overlay.png,/Users/kimsumin/projects/RGMC/data/map/robot17/masks/0973_mask.png
974,0.4453125,0.90625,0.0,183.44703919933278,229.7248322147651,1,0.0,0.022442850619489828,0.05930637041668405,1777487051.774806,5,/Users/kimsumin/projects/RGMC/data/map/robot17/images/0974.png,/Users/kimsumin/projects/RGMC/data/map/robot17/overlays/0974_overlay.png,/Users/kimsumin/projects/RGMC/data/map/robot17/masks/0974_mask.png
975,0.41562499999999997,0.90625,0.0,183.61282051282052,216.41860465116278,1,0.0,0.05121007471612844,0.10875305911249727,1777487063.502858,5,/Users/kimsumin/projects/RGMC/data/map/robot17/images/0975.png,/Users/kimsumin/projects/RGMC/data/map/robot17/overlays/0975_overlay.png,/Users/kimsumin/projects/RGMC/data/map/robot17/masks/0975_mask.png
976,0.3859375,0.90625,0.0,183.791771620487,202.13916666666665,1,0.0,0.05531430082162512,0.05161043298209085,1777487075.2024958,5,/Users/kimsumin/projects/RGMC/data/map/robot17/images/0976.png,/Users/kimsumin/projects/RGMC/data/map/robot17/overlays/0976_overlay.png,/Users/kimsumin/projects/RGMC/data/map/robot17/masks/0976_mask.png
977,0.35624999999999996,0.90625,0.0,184.68083333333334,188.7881567973311,1,0.0,0.09374360251988559,0.044640745114053235,1777487086.840861,5,/Users/kimsumin/projects/RGMC/data/map/robot17/images/0977.png,/Users/kimsumin/projects/RGMC/data/map/robot17/overlays/0977_overlay.png,/Users/kimsumin/projects/RGMC/data/map/robot17/masks/0977_mask.png
978,0.3265625,0.90625,0.0,184.82781456953643,174.4513201320132,1,0.0,0.03867986579911696,0.09485005751548371,1777487098.4514718,5,/Users/kimsumin/projects/RGMC/data/map/robot17/images/0978.png,/Users/kimsumin/projects/RGMC/data/map/robot17/overlays/0978_overlay.png,/Users/kimsumin/projects/RGMC/data/map/robot17/masks/0978_mask.png
979,0.296875,0.90625,0.0,185.32588916459883,161.9547697368421,1,0.0,0.04074305552548435,0.0696710187943382,1777487109.9458568,5,/Users/kimsumin/projects/RGMC/data/map/robot17/images/0979.png,/Users/kimsumin/projects/RGMC/data/map/robot17/overlays/0979_overlay.png,/Users/kimsumin/projects/RGMC/data/map/robot17/masks/0979_mask.png
980,0.26718749999999997,0.90625,0.0,185.45362563237774,148.72941176470587,1,0.0,0.054151790495836245,0.03270896986919383,1777487121.4872534,5,/Users/kimsumin/projects/RGMC/data/map/robot17/images/0980.png,/Users/kimsumin/projects/RGMC/data/map/robot17/overlays/0980_overlay.png,/Users/kimsumin/projects/RGMC/data/map/robot17/masks/0980_mask.png
981,0.2375,0.90625,0.0,185.29830508474575,135.81101694915253,1,0.0,0.08309654484629969,0.06884198964681294,1777487132.9902344,5,/Users/kimsumin/projects/RGMC/data/map/robot17/images/0981.png,/Users/kimsumin/projects/RGMC/data/map/robot17/overlays/0981_overlay.png,/Users/kimsumin/projects/RGMC/data/map/robot17/masks/0981_mask.png
982,0.20781249999999998,0.90625,0.0,185.36115702479339,121.90314569536424,1,0.0,0.0669214336866129,0.07976981724333064,1777487144.9101236,5,/Users/kimsumin/projects/RGMC/data/map/robot17/images/0982.png,/Users/kimsumin/projects/RGMC/data/map/robot17/overlays/0982_overlay.png,/Users/kimsumin/projects/RGMC/data/map/robot17/masks/0982_mask.png
983,0.17812499999999998,0.90625,0.0,185.42272347535504,108.58813700918964,1,0.0,0.01944277608687125,0.05072279189810225,1777487156.5920472,5,/Users/kimsumin/projects/RGMC/data/map/robot17/images/0983.png,/Users/kimsumin/projects/RGMC/data/map/robot17/overlays/0983_overlay.png,/Users/kimsumin/projects/RGMC/data/map/robot17/masks/0983_mask.png
984,0.1484375,0.90625,0.0,186.39511754068715,95.847533632287,1,0.0,0.38618111604854416,0.15170522865012998,1777487168.116771,5,/Users/kimsumin/projects/RGMC/data/map/robot17/images/0984.png,/Users/kimsumin/projects/RGMC/data/map/robot17/overlays/0984_overlay.png,/Users/kimsumin/projects/RGMC/data/map/robot17/masks/0984_mask.png
985,0.11875,0.90625,0.0,185.96507666098807,82.26320346320347,1,0.0,0.28799640234842033,0.06192972081012035,1777487179.6020815,5,/Users/kimsumin/projects/RGMC/data/map/robot17/images/0985.png,/Users/kimsumin/projects/RGMC/data/map/robot17/overlays/0985_overlay.png,/Users/kimsumin/projects/RGMC/data/map/robot17/masks/0985_mask.png
986,0.08906249999999999,0.90625,0.0,186.86062717770034,69.46434782608695,1,0.0,0.050618391564923336,0.07708467854605444,1777487191.2785516,5,/Users/kimsumin/projects/RGMC/data/map/robot17/images/0986.png,/Users/kimsumin/projects/RGMC/data/map/robot17/overlays/0986_overlay.png,/Users/kimsumin/projects/RGMC/data/map/robot17/masks/0986_mask.png
987,0.059375,0.90625,0.0,187.02007299270073,55.980751604032996,1,0.0,0.025753707402446552,0.04279495681118508,1777487203.9196157,5,/Users/kimsumin/projects/RGMC/data/map/robot17/images/0987.png,/Users/kimsumin/projects/RGMC/data/map/robot17/overlays/0987_overlay.png,/Users/kimsumin/projects/RGMC/data/map/robot17/masks/0987_mask.png
988,0.0296875,0.90625,0.0,186.85804701627487,42.40068787618229,1,0.0,0.04746256420731607,0.4310247480333383,1777487215.6237988,5,/Users/kimsumin/projects/RGMC/data/map/robot17/images/0988.png,/Users/kimsumin/projects/RGMC/data/map/robot17/overlays/0988_overlay.png,/Users/kimsumin/projects/RGMC/data/map/robot17/masks/0988_mask.png
989,0.0,0.90625,0.0,187.06342311033885,29.625980819529207,1,0.0,0.012787446979543055,0.020714498950861155,1777487227.1986313,5,/Users/kimsumin/projects/RGMC/data/map/robot17/images/0989.png,/Users/kimsumin/projects/RGMC/data/map/robot17/overlays/0989_overlay.png,/Users/kimsumin/projects/RGMC/data/map/robot17/masks/0989_mask.png
990,0.0,0.9375,0.0,181.46010186757215,25.417860151642795,1,0.0,0.03990884227754502,0.04370340480758668,1777487238.6807868,5,/Users/kimsumin/projects/RGMC/data/map/robot17/images/0990.png,/Users/kimsumin/projects/RGMC/data/map/robot17/overlays/0990_overlay.png,/Users/kimsumin/projects/RGMC/data/map/robot17/masks/0990_mask.png
991,0.0296875,0.9375,0.0,179.5595763459841,27.380483437779766,1,0.0,0.06489791490244796,0.2845863627187725,1777487250.2130396,5,/Users/kimsumin/projects/RGMC/data/map/robot17/images/0991.png,/Users/kimsumin/projects/RGMC/data/map/robot17/overlays/0991_overlay.png,/Users/kimsumin/projects/RGMC/data/map/robot17/masks/0991_mask.png
992,0.059375,0.9375,0.0,174.98782608695652,41.751736111111114,1,0.0,0.05246641713902417,0.09493121830441124,1777487261.8683465,5,/Users/kimsumin/projects/RGMC/data/map/robot17/images/0992.png,/Users/kimsumin/projects/RGMC/data/map/robot17/overlays/0992_overlay.png,/Users/kimsumin/projects/RGMC/data/map/robot17/masks/0992_mask.png
993,0.08906249999999999,0.9375,0.0,174.59859154929578,54.215669014084504,1,0.0,0.058586856950960386,0.04896908239132637,1777487273.477711,5,/Users/kimsumin/projects/RGMC/data/map/robot17/images/0993.png,/Users/kimsumin/projects/RGMC/data/map/robot17/overlays/0993_overlay.png,/Users/kimsumin/projects/RGMC/data/map/robot17/masks/0993_mask.png
994,0.11875,0.9375,0.0,174.7100538599641,67.2520107238606,1,0.0,0.05048505464999997,0.06576891824236543,1777487284.9820766,5,/Users/kimsumin/projects/RGMC/data/map/robot17/images/0994.png,/Users/kimsumin/projects/RGMC/data/map/robot17/overlays/0994_overlay.png,/Users/kimsumin/projects/RGMC/data/map/robot17/masks/0994_mask.png
995,0.1484375,0.9375,0.0,174.67441860465115,79.62615955473099,1,0.0,0.05690683762851744,0.07622215468054465,1777487296.701455,5,/Users/kimsumin/projects/RGMC/data/map/robot17/images/0995.png,/Users/kimsumin/projects/RGMC/data/map/robot17/overlays/0995_overlay.png,/Users/kimsumin/projects/RGMC/data/map/robot17/masks/0995_mask.png
996,0.17812499999999998,0.9375,0.0,174.33570159857905,92.81511111111111,1,0.0,0.04250337567258977,0.14209129486191008,1777487308.228917,5,/Users/kimsumin/projects/RGMC/data/map/robot17/images/0996.png,/Users/kimsumin/projects/RGMC/data/map/robot17/overlays/0996_overlay.png,/Users/kimsumin/projects/RGMC/data/map/robot17/masks/0996_mask.png
997,0.20781249999999998,0.9375,0.0,173.6048657718121,105.49371332774518,1,0.0,0.04855959715982018,0.013648976924960943,1777487319.7307632,5,/Users/kimsumin/projects/RGMC/data/map/robot17/images/0997.png,/Users/kimsumin/projects/RGMC/data/map/robot17/overlays/0997_overlay.png,/Users/kimsumin/projects/RGMC/data/map/robot17/masks/0997_mask.png
998,0.2375,0.9375,0.0,173.1223980016653,118.13333333333334,1,0.0,0.053427518710260094,0.07110761861212223,1777487331.344705,5,/Users/kimsumin/projects/RGMC/data/map/robot17/images/0998.png,/Users/kimsumin/projects/RGMC/data/map/robot17/overlays/0998_overlay.png,/Users/kimsumin/projects/RGMC/data/map/robot17/masks/0998_mask.png
999,0.26718749999999997,0.9375,0.0,173.16821639898563,132.0185497470489,1,0.0,0.05715449327589934,0.04721066157661822,1777487342.9305277,5,/Users/kimsumin/projects/RGMC/data/map/robot17/images/0999.png,/Users/kimsumin/projects/RGMC/data/map/robot17/overlays/0999_overlay.png,/Users/kimsumin/projects/RGMC/data/map/robot17/masks/0999_mask.png
1000,0.296875,0.9375,0.0,173.14652317880794,145.62353923205342,1,0.0,0.0809518721627157,0.07243026423359142,1777487354.6574001,5,/Users/kimsumin/projects/RGMC/data/map/robot17/images/1000.png,/Users/kimsumin/projects/RGMC/data/map/robot17/overlays/1000_overlay.png,/Users/kimsumin/projects/RGMC/data/map/robot17/masks/1000_mask.png
1001,0.3265625,0.9375,0.0,172.90806591500433,159.30615784908935,1,0.0,0.035657706605621564,0.029122976819225224,1777487366.284582,5,/Users/kimsumin/projects/RGMC/data/map/robot17/images/1001.png,/Users/kimsumin/projects/RGMC/data/map/robot17/overlays/1001_overlay.png,/Users/kimsumin/projects/RGMC/data/map/robot17/masks/1001_mask.png
1002,0.35624999999999996,0.9375,0.0,172.94871794871796,172.67178175618074,1,0.0,0.054277912601303165,0.06296662029211055,1777487377.9045382,5,/Users/kimsumin/projects/RGMC/data/map/robot17/images/1002.png,/Users/kimsumin/projects/RGMC/data/map/robot17/overlays/1002_overlay.png,/Users/kimsumin/projects/RGMC/data/map/robot17/masks/1002_mask.png
1003,0.3859375,0.9375,0.0,171.964794635373,186.0590717299578,1,0.0,0.041776086835269226,0.07828113514323301,1777487389.5188324,5,/Users/kimsumin/projects/RGMC/data/map/robot17/images/1003.png,/Users/kimsumin/projects/RGMC/data/map/robot17/overlays/1003_overlay.png,/Users/kimsumin/projects/RGMC/data/map/robot17/masks/1003_mask.png
1004,0.41562499999999997,0.9375,0.0,172.00967458223394,199.74912280701756,1,0.0,0.026277945143238238,0.051100148319570354,1777487401.2269075,5,/Users/kimsumin/projects/RGMC/data/map/robot17/images/1004.png,/Users/kimsumin/projects/RGMC/data/map/robot17/overlays/1004_overlay.png,/Users/kimsumin/projects/RGMC/data/map/robot17/masks/1004_mask.png
1005,0.4453125,0.9375,0.0,171.81180496150557,213.0601185436071,1,0.0,0.11552333469544149,0.03225873777725944,1777487413.8678803,5,/Users/kimsumin/projects/RGMC/data/map/robot17/images/1005.png,/Users/kimsumin/projects/RGMC/data/map/robot17/overlays/1005_overlay.png,/Users/kimsumin/projects/RGMC/data/map/robot17/masks/1005_mask.png
1006,0.475,0.9375,0.0,171.46464646464648,226.03532380151387,1,0.0,0.04451818435823093,0.05070472779449536,1777487425.6226728,5,/Users/kimsumin/projects/RGMC/data/map/robot17/images/1006.png,/Users/kimsumin/projects/RGMC/data/map/robot17/overlays/1006_overlay.png,/Users/kimsumin/projects/RGMC/data/map/robot17/masks/1006_mask.png
1007,0.5046875,0.9375,0.0,171.5819004524887,239.02164111812445,1,0.0,0.03013446645355468,0.16681261593150087,1777487437.3985267,5,/Users/kimsumin/projects/RGMC/data/map/robot17/images/1007.png,/Users/kimsumin/projects/RGMC/data/map/robot17/overlays/1007_overlay.png,/Users/kimsumin/projects/RGMC/data/map/robot17/masks/1007_mask.png
1008,0.5343749999999999,0.9375,0.0,171.55267558528428,252.35393734123625,1,0.0,0.057605888466318,0.06955229523410798,1777487449.098823,5,/Users/kimsumin/projects/RGMC/data/map/robot17/images/1008.png,/Users/kimsumin/projects/RGMC/data/map/robot17/overlays/1008_overlay.png,/Users/kimsumin/projects/RGMC/data/map/robot17/masks/1008_mask.png
1009,0.5640625,0.9375,0.0,171.19449081803006,265.4686192468619,1,0.0,0.05787397207231946,0.026359463922569003,1777487461.375037,5,/Users/kimsumin/projects/RGMC/data/map/robot17/images/1009.png,/Users/kimsumin/projects/RGMC/data/map/robot17/overlays/1009_overlay.png,/Users/kimsumin/projects/RGMC/data/map/robot17/masks/1009_mask.png
1010,0.59375,0.9375,0.0,170.98970840480274,279.72469982847343,1,0.0,0.030244372626545703,0.09400297275595115,1777487472.8650208,5,/Users/kimsumin/projects/RGMC/data/map/robot17/images/1010.png,/Users/kimsumin/projects/RGMC/data/map/robot17/overlays/1010_overlay.png,/Users/kimsumin/projects/RGMC/data/map/robot17/masks/1010_mask.png
1011,0.6234375,0.9375,0.0,169.63908045977013,293.1777777777778,1,0.0,0.057830168065566866,0.05646377933289347,1777487484.8552947,5,/Users/kimsumin/projects/RGMC/data/map/robot17/images/1011.png,/Users/kimsumin/projects/RGMC/data/map/robot17/overlays/1011_overlay.png,/Users/kimsumin/projects/RGMC/data/map/robot17/masks/1011_mask.png
1012,0.653125,0.9375,0.0,169.68619582664527,306.57453666398067,1,0.0,0.05121204054245145,0.07325817891052222,1777487496.4726672,5,/Users/kimsumin/projects/RGMC/data/map/robot17/images/1012.png,/Users/kimsumin/projects/RGMC/data/map/robot17/overlays/1012_overlay.png,/Users/kimsumin/projects/RGMC/data/map/robot17/masks/1012_mask.png
1013,0.6828124999999999,0.9375,0.0,169.51495553759094,320.86580436540015,1,0.0,0.06062407137480586,0.07683501228605985,1777487507.9580414,5,/Users/kimsumin/projects/RGMC/data/map/robot17/images/1013.png,/Users/kimsumin/projects/RGMC/data/map/robot17/overlays/1013_overlay.png,/Users/kimsumin/projects/RGMC/data/map/robot17/masks/1013_mask.png
1014,0.7124999999999999,0.9375,0.0,169.25900383141763,334.7733644859813,1,0.0,0.13444154723680038,0.5691210967692458,1777487519.7447758,5,/Users/kimsumin/projects/RGMC/data/map/robot17/images/1014.png,/Users/kimsumin/projects/RGMC/data/map/robot17/overlays/1014_overlay.png,/Users/kimsumin/projects/RGMC/data/map/robot17/masks/1014_mask.png
1015,0.7421875,0.9375,0.0,169.32140077821012,347.6259484066768,1,0.0,0.043701110067293124,0.9791607552256008,1777487531.3908103,5,/Users/kimsumin/projects/RGMC/data/map/robot17/images/1015.png,/Users/kimsumin/projects/RGMC/data/map/robot17/overlays/1015_overlay.png,/Users/kimsumin/projects/RGMC/data/map/robot17/masks/1015_mask.png
1016,0.771875,0.9375,0.0,169.14912280701753,361.5385226370135,1,0.0,0.041669114934693,0.03179888045350123,1777487543.1996322,5,/Users/kimsumin/projects/RGMC/data/map/robot17/images/1016.png,/Users/kimsumin/projects/RGMC/data/map/robot17/overlays/1016_overlay.png,/Users/kimsumin/projects/RGMC/data/map/robot17/masks/1016_mask.png
1017,0.8015625,0.9375,0.0,169.1638065522621,375.3114241001565,1,0.0,0.049653477869797805,0.06005665251115329,1777487554.832145,5,/Users/kimsumin/projects/RGMC/data/map/robot17/images/1017.png,/Users/kimsumin/projects/RGMC/data/map/robot17/overlays/1017_overlay.png,/Users/kimsumin/projects/RGMC/data/map/robot17/masks/1017_mask.png
1018,0.8312499999999999,0.9375,0.0,168.83333333333334,391.32723112128144,1,0.0,0.15180685864282428,0.664378224200267,1777487566.4945033,5,/Users/kimsumin/projects/RGMC/data/map/robot17/images/1018.png,/Users/kimsumin/projects/RGMC/data/map/robot17/overlays/1018_overlay.png,/Users/kimsumin/projects/RGMC/data/map/robot17/masks/1018_mask.png
1019,0.8609374999999999,0.9375,0.0,168.5906200317965,405.9316375198728,1,0.0,0.0521283903385027,0.0480975427501926,1777487578.0079348,5,/Users/kimsumin/projects/RGMC/data/map/robot17/images/1019.png,/Users/kimsumin/projects/RGMC/data/map/robot17/overlays/1019_overlay.png,/Users/kimsumin/projects/RGMC/data/map/robot17/masks/1019_mask.png
1020,0.890625,0.9375,0.0,168.30916334661356,420.63320158102766,1,0.0,0.0475704667921319,0.030733072866341082,1777487589.4885085,5,/Users/kimsumin/projects/RGMC/data/map/robot17/images/1020.png,/Users/kimsumin/projects/RGMC/data/map/robot17/overlays/1020_overlay.png,/Users/kimsumin/projects/RGMC/data/map/robot17/masks/1020_mask.png
1021,0.9203125,0.9375,0.0,167.4014598540146,434.88235294117646,1,0.0,0.013952936229353702,0.07783010844205088,1777487601.1789103,5,/Users/kimsumin/projects/RGMC/data/map/robot17/images/1021.png,/Users/kimsumin/projects/RGMC/data/map/robot17/overlays/1021_overlay.png,/Users/kimsumin/projects/RGMC/data/map/robot17/masks/1021_mask.png
1022,0.95,0.9375,0.0,167.08922829581994,449.5675459632294,1,0.0,0.05175082824506255,0.04551438616891534,1777487612.6635747,5,/Users/kimsumin/projects/RGMC/data/map/robot17/images/1022.png,/Users/kimsumin/projects/RGMC/data/map/robot17/overlays/1022_overlay.png,/Users/kimsumin/projects/RGMC/data/map/robot17/masks/1022_mask.png
1023,0.95,0.96875,0.0,160.7123928293063,453.74201091192515,1,0.0,0.038033800626072915,0.18352164843673202,1777487624.222788,5,/Users/kimsumin/projects/RGMC/data/map/robot17/images/1023.png,/Users/kimsumin/projects/RGMC/data/map/robot17/overlays/1023_overlay.png,/Users/kimsumin/projects/RGMC/data/map/robot17/masks/1023_mask.png
1024,0.9203125,0.96875,0.0,156.60684410646388,451.0532319391635,1,0.0,0.023716062816951686,0.04949015995485411,1777487635.9301388,5,/Users/kimsumin/projects/RGMC/data/map/robot17/images/1024.png,/Users/kimsumin/projects/RGMC/data/map/robot17/overlays/1024_overlay.png,/Users/kimsumin/projects/RGMC/data/map/robot17/masks/1024_mask.png
1025,0.890625,0.96875,0.0,151.29311740890688,441.28964401294496,1,0.0,0.02576062846032526,0.02903840015048637,1777487647.6298997,5,/Users/kimsumin/projects/RGMC/data/map/robot17/images/1025.png,/Users/kimsumin/projects/RGMC/data/map/robot17/overlays/1025_overlay.png,/Users/kimsumin/projects/RGMC/data/map/robot17/masks/1025_mask.png
1026,0.8609374999999999,0.96875,0.0,149.39938556067588,427.02244582043346,1,0.0,0.04276888088237089,0.05679115454570593,1777487659.1476264,5,/Users/kimsumin/projects/RGMC/data/map/robot17/images/1026.png,/Users/kimsumin/projects/RGMC/data/map/robot17/overlays/1026_overlay.png,/Users/kimsumin/projects/RGMC/data/map/robot17/masks/1026_mask.png
1027,0.8312499999999999,0.96875,0.0,149.43968253968254,413.38412698412696,1,0.0,0.0767608319281987,0.04515069063191353,1777487670.8381875,5,/Users/kimsumin/projects/RGMC/data/map/robot17/images/1027.png,/Users/kimsumin/projects/RGMC/data/map/robot17/overlays/1027_overlay.png,/Users/kimsumin/projects/RGMC/data/map/robot17/masks/1027_mask.png
1028,0.8015625,0.96875,0.0,149.76208749040674,399.38961038961037,1,0.0,0.027874586571407452,0.053119924890165524,1777487682.3491945,5,/Users/kimsumin/projects/RGMC/data/map/robot17/images/1028.png,/Users/kimsumin/projects/RGMC/data/map/robot17/overlays/1028_overlay.png,/Users/kimsumin/projects/RGMC/data/map/robot17/masks/1028_mask.png
1029,0.771875,0.96875,0.0,150.8538398018167,385.41948802642446,1,0.0,0.06057826983041012,0.08540802668928126,1777487693.857429,5,/Users/kimsumin/projects/RGMC/data/map/robot17/images/1029.png,/Users/kimsumin/projects/RGMC/data/map/robot17/overlays/1029_overlay.png,/Users/kimsumin/projects/RGMC/data/map/robot17/masks/1029_mask.png
1030,0.7421875,0.96875,0.0,150.94481054365733,370.66747967479677,1,0.0,0.04006708002125574,0.04003628800553517,1777487705.3845973,5,/Users/kimsumin/projects/RGMC/data/map/robot17/images/1030.png,/Users/kimsumin/projects/RGMC/data/map/robot17/overlays/1030_overlay.png,/Users/kimsumin/projects/RGMC/data/map/robot17/masks/1030_mask.png
1031,0.7124999999999999,0.96875,0.0,151.41304347826087,357.07142857142856,1,0.0,0.04086133954561967,0.06891238308947283,1777487717.0803988,5,/Users/kimsumin/projects/RGMC/data/map/robot17/images/1031.png,/Users/kimsumin/projects/RGMC/data/map/robot17/overlays/1031_overlay.png,/Users/kimsumin/projects/RGMC/data/map/robot17/masks/1031_mask.png
1032,0.6828124999999999,0.96875,0.0,152.2385993485342,341.9740048740861,1,0.0,0.03188020742921566,0.02177746488635481,1777487728.7594965,5,/Users/kimsumin/projects/RGMC/data/map/robot17/images/1032.png,/Users/kimsumin/projects/RGMC/data/map/robot17/overlays/1032_overlay.png,/Users/kimsumin/projects/RGMC/data/map/robot17/masks/1032_mask.png
1033,0.653125,0.96875,0.0,151.80445969125213,328.4877650897227,1,0.0,0.26292197555551544,0.07910873352553778,1777487740.534753,5,/Users/kimsumin/projects/RGMC/data/map/robot17/images/1033.png,/Users/kimsumin/projects/RGMC/data/map/robot17/overlays/1033_overlay.png,/Users/kimsumin/projects/RGMC/data/map/robot17/masks/1033_mask.png
1034,0.6234375,0.96875,0.0,152.63974151857835,313.94184168012924,1,0.0,0.03410477764508969,0.04632600610361554,1777487752.0406404,5,/Users/kimsumin/projects/RGMC/data/map/robot17/images/1034.png,/Users/kimsumin/projects/RGMC/data/map/robot17/overlays/1034_overlay.png,/Users/kimsumin/projects/RGMC/data/map/robot17/masks/1034_mask.png
1035,0.59375,0.96875,0.0,152.859450726979,300.43689320388347,1,0.0,0.022559868354701768,0.042955047373483324,1777487763.5713582,5,/Users/kimsumin/projects/RGMC/data/map/robot17/images/1035.png,/Users/kimsumin/projects/RGMC/data/map/robot17/overlays/1035_overlay.png,/Users/kimsumin/projects/RGMC/data/map/robot17/masks/1035_mask.png
1036,0.5640625,0.96875,0.0,153.15675241157555,285.6728295819936,1,0.0,0.05538310362694333,0.03662871755061554,1777487775.2599456,5,/Users/kimsumin/projects/RGMC/data/map/robot17/images/1036.png,/Users/kimsumin/projects/RGMC/data/map/robot17/overlays/1036_overlay.png,/Users/kimsumin/projects/RGMC/data/map/robot17/masks/1036_mask.png
1037,0.5343749999999999,0.96875,0.0,153.08134757600658,271.1192810457516,1,0.0,0.05225760140777965,0.10810563947481282,1777487786.8027651,5,/Users/kimsumin/projects/RGMC/data/map/robot17/images/1037.png,/Users/kimsumin/projects/RGMC/data/map/robot17/overlays/1037_overlay.png,/Users/kimsumin/projects/RGMC/data/map/robot17/masks/1037_mask.png
1038,0.5046875,0.96875,0.0,153.419853539463,257.50161812297733,1,0.0,0.025094297536912724,0.04616619790403184,1777487798.3262491,5,/Users/kimsumin/projects/RGMC/data/map/robot17/images/1038.png,/Users/kimsumin/projects/RGMC/data/map/robot17/overlays/1038_overlay.png,/Users/kimsumin/projects/RGMC/data/map/robot17/masks/1038_mask.png
1039,0.475,0.96875,0.0,153.27636958299263,244.3085020242915,1,0.0,0.01031748861105527,0.06581202914604127,1777487809.8726041,5,/Users/kimsumin/projects/RGMC/data/map/robot17/images/1039.png,/Users/kimsumin/projects/RGMC/data/map/robot17/overlays/1039_overlay.png,/Users/kimsumin/projects/RGMC/data/map/robot17/masks/1039_mask.png
1040,0.4453125,0.96875,0.0,154.5539629005059,229.5285234899329,1,0.0,0.3977534965487988,0.05400537638550809,1777487821.4982662,5,/Users/kimsumin/projects/RGMC/data/map/robot17/images/1040.png,/Users/kimsumin/projects/RGMC/data/map/robot17/overlays/1040_overlay.png,/Users/kimsumin/projects/RGMC/data/map/robot17/masks/1040_mask.png
1041,0.41562499999999997,0.96875,0.0,154.63754325259515,216.68512110726644,1,0.0,0.06341983536392032,0.10828072753406025,1777487833.1591418,5,/Users/kimsumin/projects/RGMC/data/map/robot17/images/1041.png,/Users/kimsumin/projects/RGMC/data/map/robot17/overlays/1041_overlay.png,/Users/kimsumin/projects/RGMC/data/map/robot17/masks/1041_mask.png
1042,0.3859375,0.96875,0.0,155.05377276669557,202.55602006688963,1,0.0,0.04065748283006385,0.4869757583624458,1777487844.6935928,5,/Users/kimsumin/projects/RGMC/data/map/robot17/images/1042.png,/Users/kimsumin/projects/RGMC/data/map/robot17/overlays/1042_overlay.png,/Users/kimsumin/projects/RGMC/data/map/robot17/masks/1042_mask.png
1043,0.35624999999999996,0.96875,0.0,155.3375742154368,189.37393526405452,1,0.0,0.03733362514628078,0.06011137426771011,1777487856.3143926,5,/Users/kimsumin/projects/RGMC/data/map/robot17/images/1043.png,/Users/kimsumin/projects/RGMC/data/map/robot17/overlays/1043_overlay.png,/Users/kimsumin/projects/RGMC/data/map/robot17/masks/1043_mask.png
1044,0.3265625,0.96875,0.0,155.53938356164383,176.7912745936698,1,0.0,0.022214432028615942,0.04811096976175226,1777487867.8317807,5,/Users/kimsumin/projects/RGMC/data/map/robot17/images/1044.png,/Users/kimsumin/projects/RGMC/data/map/robot17/overlays/1044_overlay.png,/Users/kimsumin/projects/RGMC/data/map/robot17/masks/1044_mask.png
1045,0.296875,0.96875,0.0,155.64171122994654,163.66873889875666,1,0.0,0.046803373049494286,0.07471221795165364,1777487879.4659548,5,/Users/kimsumin/projects/RGMC/data/map/robot17/images/1045.png,/Users/kimsumin/projects/RGMC/data/map/robot17/overlays/1045_overlay.png,/Users/kimsumin/projects/RGMC/data/map/robot17/masks/1045_mask.png
1046,0.26718749999999997,0.96875,0.0,156.10138648180242,149.9742268041237,1,0.0,0.05911120027395081,0.047771236650775296,1777487890.9951673,5,/Users/kimsumin/projects/RGMC/data/map/robot17/images/1046.png,/Users/kimsumin/projects/RGMC/data/map/robot17/overlays/1046_overlay.png,/Users/kimsumin/projects/RGMC/data/map/robot17/masks/1046_mask.png
1047,0.2375,0.96875,0.0,155.8876404494382,136.6456352636128,1,0.0,0.027309157096109135,0.08887941126453557,1777487902.6630096,5,/Users/kimsumin/projects/RGMC/data/map/robot17/images/1047.png,/Users/kimsumin/projects/RGMC/data/map/robot17/overlays/1047_overlay.png,/Users/kimsumin/projects/RGMC/data/map/robot17/masks/1047_mask.png
1048,0.20781249999999998,0.96875,0.0,156.66666666666666,123.45300592718036,1,0.0,0.02869660459895817,0.0331124937284069,1777487914.2667727,5,/Users/kimsumin/projects/RGMC/data/map/robot17/images/1048.png,/Users/kimsumin/projects/RGMC/data/map/robot17/overlays/1048_overlay.png,/Users/kimsumin/projects/RGMC/data/map/robot17/masks/1048_mask.png
1049,0.17812499999999998,0.96875,0.0,156.85157545605307,109.5590947191953,1,0.0,0.04721194797495793,0.017821311248063448,1777487925.9271662,5,/Users/kimsumin/projects/RGMC/data/map/robot17/images/1049.png,/Users/kimsumin/projects/RGMC/data/map/robot17/overlays/1049_overlay.png,/Users/kimsumin/projects/RGMC/data/map/robot17/masks/1049_mask.png
1050,0.1484375,0.96875,0.0,156.95038494439692,96.7540288379983,1,0.0,0.06709487602472179,0.04579015023086939,1777487937.4995224,5,/Users/kimsumin/projects/RGMC/data/map/robot17/images/1050.png,/Users/kimsumin/projects/RGMC/data/map/robot17/overlays/1050_overlay.png,/Users/kimsumin/projects/RGMC/data/map/robot17/masks/1050_mask.png
1051,0.11875,0.96875,0.0,157.32952548330405,83.56854130052724,1,0.0,0.04097753797333147,0.01662066693720093,1777487949.0106575,5,/Users/kimsumin/projects/RGMC/data/map/robot17/images/1051.png,/Users/kimsumin/projects/RGMC/data/map/robot17/overlays/1051_overlay.png,/Users/kimsumin/projects/RGMC/data/map/robot17/masks/1051_mask.png
1052,0.08906249999999999,0.96875,0.0,157.34550084889642,69.59794696321643,1,0.0,0.06268776202883691,0.051000039858647664,1777487960.4764707,5,/Users/kimsumin/projects/RGMC/data/map/robot17/images/1052.png,/Users/kimsumin/projects/RGMC/data/map/robot17/overlays/1052_overlay.png,/Users/kimsumin/projects/RGMC/data/map/robot17/masks/1052_mask.png
1053,0.059375,0.96875,0.0,158.2669138090825,55.47080630213161,1,0.0,0.047787673905090824,0.02064852433451591,1777487973.2347765,5,/Users/kimsumin/projects/RGMC/data/map/robot17/images/1053.png,/Users/kimsumin/projects/RGMC/data/map/robot17/overlays/1053_overlay.png,/Users/kimsumin/projects/RGMC/data/map/robot17/masks/1053_mask.png
1054,0.0296875,0.96875,0.0,158.26175115207374,42.64769647696477,1,0.0,0.13454032313967546,0.3518816969824467,1777487984.7825215,5,/Users/kimsumin/projects/RGMC/data/map/robot17/images/1054.png,/Users/kimsumin/projects/RGMC/data/map/robot17/overlays/1054_overlay.png,/Users/kimsumin/projects/RGMC/data/map/robot17/masks/1054_mask.png
1055,0.0,0.96875,0.0,158.40832595217006,29.18938053097345,1,0.0,0.06372098457201597,0.04020066225422842,1777487996.4664335,5,/Users/kimsumin/projects/RGMC/data/map/robot17/images/1055.png,/Users/kimsumin/projects/RGMC/data/map/robot17/overlays/1055_overlay.png,/Users/kimsumin/projects/RGMC/data/map/robot17/masks/1055_mask.png
1056,0.0,1.0,0.0,153.0293609671848,25.454935622317596,1,0.0,0.2455718126804915,0.04320594896745349,1777488008.1030328,5,/Users/kimsumin/projects/RGMC/data/map/robot17/images/1056.png,/Users/kimsumin/projects/RGMC/data/map/robot17/overlays/1056_overlay.png,/Users/kimsumin/projects/RGMC/data/map/robot17/masks/1056_mask.png
1057,0.0296875,1.0,0.0,151.66666666666666,27.018617021276597,1,0.0,0.07582938001518891,0.049764965517616735,1777488019.7398205,5,/Users/kimsumin/projects/RGMC/data/map/robot17/images/1057.png,/Users/kimsumin/projects/RGMC/data/map/robot17/overlays/1057_overlay.png,/Users/kimsumin/projects/RGMC/data/map/robot17/masks/1057_mask.png
1058,0.059375,1.0,0.0,147.29837251356238,39.537974683544306,1,0.0,0.032979216051349985,0.09730732782539912,1777488031.2273662,5,/Users/kimsumin/projects/RGMC/data/map/robot17/images/1058.png,/Users/kimsumin/projects/RGMC/data/map/robot17/overlays/1058_overlay.png,/Users/kimsumin/projects/RGMC/data/map/robot17/masks/1058_mask.png
1059,0.08906249999999999,1.0,0.0,146.73261065943993,52.27248201438849,1,0.0,0.044474880390426984,0.04659759844686396,1777488042.839641,5,/Users/kimsumin/projects/RGMC/data/map/robot17/images/1059.png,/Users/kimsumin/projects/RGMC/data/map/robot17/overlays/1059_overlay.png,/Users/kimsumin/projects/RGMC/data/map/robot17/masks/1059_mask.png
1060,0.11875,1.0,0.0,146.03283052351375,64.26770929162834,1,0.0,0.27929195725036676,0.12165388157345731,1777488054.5115597,5,/Users/kimsumin/projects/RGMC/data/map/robot17/images/1060.png,/Users/kimsumin/projects/RGMC/data/map/robot17/overlays/1060_overlay.png,/Users/kimsumin/projects/RGMC/data/map/robot17/masks/1060_mask.png
1061,0.1484375,1.0,0.0,146.46428571428572,76.90089285714286,1,0.0,0.02308555764347024,0.06621847015251583,1777488066.1364322,5,/Users/kimsumin/projects/RGMC/data/map/robot17/images/1061.png,/Users/kimsumin/projects/RGMC/data/map/robot17/overlays/1061_overlay.png,/Users/kimsumin/projects/RGMC/data/map/robot17/masks/1061_mask.png
1062,0.17812499999999998,1.0,0.0,145.7055160142349,90.50781968721252,1,0.0,0.24699395088794354,0.34343080601298315,1777488077.6313744,5,/Users/kimsumin/projects/RGMC/data/map/robot17/images/1062.png,/Users/kimsumin/projects/RGMC/data/map/robot17/overlays/1062_overlay.png,/Users/kimsumin/projects/RGMC/data/map/robot17/masks/1062_mask.png
1063,0.20781249999999998,1.0,0.0,144.89063867016623,103.62010676156584,1,0.0,0.059790550321991535,0.22974150352751768,1777488089.1481144,5,/Users/kimsumin/projects/RGMC/data/map/robot17/images/1063.png,/Users/kimsumin/projects/RGMC/data/map/robot17/overlays/1063_overlay.png,/Users/kimsumin/projects/RGMC/data/map/robot17/masks/1063_mask.png
1064,0.2375,1.0,0.0,145.1643717728055,116.22422680412372,1,0.0,0.06761150907000059,0.3676923562496362,1777488100.6682432,5,/Users/kimsumin/projects/RGMC/data/map/robot17/images/1064.png,/Users/kimsumin/projects/RGMC/data/map/robot17/overlays/1064_overlay.png,/Users/kimsumin/projects/RGMC/data/map/robot17/masks/1064_mask.png
1065,0.26718749999999997,1.0,0.0,144.64402407566638,129.45646437994722,1,0.0,0.2964069753158298,0.06397378899820005,1777488112.3681128,5,/Users/kimsumin/projects/RGMC/data/map/robot17/images/1065.png,/Users/kimsumin/projects/RGMC/data/map/robot17/overlays/1065_overlay.png,/Users/kimsumin/projects/RGMC/data/map/robot17/masks/1065_mask.png
1066,0.296875,1.0,0.0,144.52072538860102,143.25068368277118,1,0.0,0.27372009947953746,0.3284548713497603,1777488124.7411494,5,/Users/kimsumin/projects/RGMC/data/map/robot17/images/1066.png,/Users/kimsumin/projects/RGMC/data/map/robot17/overlays/1066_overlay.png,/Users/kimsumin/projects/RGMC/data/map/robot17/masks/1066_mask.png
1067,0.3265625,1.0,0.0,143.9160777385159,156.6790450928382,1,0.0,0.058947744523549075,0.06119009745014892,1777488136.3983426,5,/Users/kimsumin/projects/RGMC/data/map/robot17/images/1067.png,/Users/kimsumin/projects/RGMC/data/map/robot17/overlays/1067_overlay.png,/Users/kimsumin/projects/RGMC/data/map/robot17/masks/1067_mask.png
1068,0.35624999999999996,1.0,0.0,143.62665489849957,171.13262599469496,1,0.0,0.01065559374633817,0.011370387079399802,1777488148.0306334,5,/Users/kimsumin/projects/RGMC/data/map/robot17/images/1068.png,/Users/kimsumin/projects/RGMC/data/map/robot17/overlays/1068_overlay.png,/Users/kimsumin/projects/RGMC/data/map/robot17/masks/1068_mask.png
1069,0.3859375,1.0,0.0,143.36998254799303,185.4461942257218,1,0.0,0.07053008370490582,0.0605486965838105,1777488159.5757437,5,/Users/kimsumin/projects/RGMC/data/map/robot17/images/1069.png,/Users/kimsumin/projects/RGMC/data/map/robot17/overlays/1069_overlay.png,/Users/kimsumin/projects/RGMC/data/map/robot17/masks/1069_mask.png
1070,0.41562499999999997,1.0,0.0,143.17571059431523,198.52925989672977,1,0.0,0.03658232198741823,0.07352420821383736,1777488171.297285,5,/Users/kimsumin/projects/RGMC/data/map/robot17/images/1070.png,/Users/kimsumin/projects/RGMC/data/map/robot17/overlays/1070_overlay.png,/Users/kimsumin/projects/RGMC/data/map/robot17/masks/1070_mask.png
1071,0.4453125,1.0,0.0,143.15633187772926,212.21084864391952,1,0.0,0.0333438679406221,0.08688999304420718,1777488182.849351,5,/Users/kimsumin/projects/RGMC/data/map/robot17/images/1071.png,/Users/kimsumin/projects/RGMC/data/map/robot17/overlays/1071_overlay.png,/Users/kimsumin/projects/RGMC/data/map/robot17/masks/1071_mask.png
1072,0.475,1.0,0.0,142.97013651877134,224.97542372881355,1,0.0,0.03661821408924771,0.0606186711914553,1777488194.5003088,5,/Users/kimsumin/projects/RGMC/data/map/robot17/images/1072.png,/Users/kimsumin/projects/RGMC/data/map/robot17/overlays/1072_overlay.png,/Users/kimsumin/projects/RGMC/data/map/robot17/masks/1072_mask.png
1073,0.5046875,1.0,0.0,142.56998313659358,237.9873310810811,1,0.0,0.013103081912092246,0.0327059285314927,1777488206.165329,5,/Users/kimsumin/projects/RGMC/data/map/robot17/images/1073.png,/Users/kimsumin/projects/RGMC/data/map/robot17/overlays/1073_overlay.png,/Users/kimsumin/projects/RGMC/data/map/robot17/masks/1073_mask.png
1074,0.5343749999999999,1.0,0.0,141.86423841059602,252.39900662251657,1,0.0,0.3060161896867054,0.05297159435348514,1777488218.5177505,5,/Users/kimsumin/projects/RGMC/data/map/robot17/images/1074.png,/Users/kimsumin/projects/RGMC/data/map/robot17/overlays/1074_overlay.png,/Users/kimsumin/projects/RGMC/data/map/robot17/masks/1074_mask.png
1075,0.5640625,1.0,0.0,141.37964458804524,265.49798224374496,1,0.0,0.01583603813498829,0.03969849905140309,1777488230.2457225,5,/Users/kimsumin/projects/RGMC/data/map/robot17/images/1075.png,/Users/kimsumin/projects/RGMC/data/map/robot17/overlays/1075_overlay.png,/Users/kimsumin/projects/RGMC/data/map/robot17/masks/1075_mask.png
1076,0.59375,1.0,0.0,141.41877551020409,277.9116925592805,1,0.0,0.06371491741970708,0.06582376700530253,1777488241.8144495,5,/Users/kimsumin/projects/RGMC/data/map/robot17/images/1076.png,/Users/kimsumin/projects/RGMC/data/map/robot17/overlays/1076_overlay.png,/Users/kimsumin/projects/RGMC/data/map/robot17/masks/1076_mask.png
1077,0.6234375,1.0,0.0,140.58499234303216,291.774144486692,1,0.0,0.05685849484381197,0.11659596837319897,1777488253.3513155,5,/Users/kimsumin/projects/RGMC/data/map/robot17/images/1077.png,/Users/kimsumin/projects/RGMC/data/map/robot17/overlays/1077_overlay.png,/Users/kimsumin/projects/RGMC/data/map/robot17/masks/1077_mask.png
1078,0.653125,1.0,0.0,140.82875098193244,306.1367924528302,1,0.0,0.06415525679631033,0.35993805768952225,1777488264.951456,5,/Users/kimsumin/projects/RGMC/data/map/robot17/images/1078.png,/Users/kimsumin/projects/RGMC/data/map/robot17/overlays/1078_overlay.png,/Users/kimsumin/projects/RGMC/data/map/robot17/masks/1078_mask.png
1079,0.6828124999999999,1.0,0.0,140.45287539936103,319.5701754385965,1,0.0,0.025693445924043486,0.30813949622508785,1777488276.5420997,5,/Users/kimsumin/projects/RGMC/data/map/robot17/images/1079.png,/Users/kimsumin/projects/RGMC/data/map/robot17/overlays/1079_overlay.png,/Users/kimsumin/projects/RGMC/data/map/robot17/masks/1079_mask.png
1080,0.7124999999999999,1.0,0.0,139.72072072072072,333.4372990353698,1,0.0,0.1626230948956408,0.32053122634846,1777488288.849213,5,/Users/kimsumin/projects/RGMC/data/map/robot17/images/1080.png,/Users/kimsumin/projects/RGMC/data/map/robot17/overlays/1080_overlay.png,/Users/kimsumin/projects/RGMC/data/map/robot17/masks/1080_mask.png
1081,0.7421875,1.0,0.0,139.7025963808025,347.64835164835165,1,0.0,0.035852106319386706,0.05276178883755801,1777488300.509596,5,/Users/kimsumin/projects/RGMC/data/map/robot17/images/1081.png,/Users/kimsumin/projects/RGMC/data/map/robot17/overlays/1081_overlay.png,/Users/kimsumin/projects/RGMC/data/map/robot17/masks/1081_mask.png
1082,0.771875,1.0,0.0,139.61435331230285,360.978705978706,1,0.0,0.026062349756774274,0.3344014596343092,1777488312.136825,5,/Users/kimsumin/projects/RGMC/data/map/robot17/images/1082.png,/Users/kimsumin/projects/RGMC/data/map/robot17/overlays/1082_overlay.png,/Users/kimsumin/projects/RGMC/data/map/robot17/masks/1082_mask.png
1083,0.8015625,1.0,0.0,139.29239302694137,375.351030110935,1,0.0,0.04330825491628188,0.22873266778092743,1777488323.68899,5,/Users/kimsumin/projects/RGMC/data/map/robot17/images/1083.png,/Users/kimsumin/projects/RGMC/data/map/robot17/overlays/1083_overlay.png,/Users/kimsumin/projects/RGMC/data/map/robot17/masks/1083_mask.png
1084,0.8312499999999999,1.0,0.0,139.34377576257214,389.0066170388751,1,0.0,0.09527917872857475,0.48720784089331953,1777488335.1693513,5,/Users/kimsumin/projects/RGMC/data/map/robot17/images/1084.png,/Users/kimsumin/projects/RGMC/data/map/robot17/overlays/1084_overlay.png,/Users/kimsumin/projects/RGMC/data/map/robot17/masks/1084_mask.png
1085,0.8609374999999999,1.0,0.0,138.128604832424,405.33699059561127,1,0.0,0.042660849566089336,0.0505481609982391,1777488346.679025,5,/Users/kimsumin/projects/RGMC/data/map/robot17/images/1085.png,/Users/kimsumin/projects/RGMC/data/map/robot17/overlays/1085_overlay.png,/Users/kimsumin/projects/RGMC/data/map/robot17/masks/1085_mask.png
1086,0.890625,1.0,0.0,138.0227100681302,418.8993186979561,1,0.0,0.05884717593455412,0.06384686213532564,1777488358.1719832,5,/Users/kimsumin/projects/RGMC/data/map/robot17/images/1086.png,/Users/kimsumin/projects/RGMC/data/map/robot17/overlays/1086_overlay.png,/Users/kimsumin/projects/RGMC/data/map/robot17/masks/1086_mask.png
1087,0.9203125,1.0,0.0,137.66798732171156,433.0015847860539,1,0.0,0.05088771549260772,0.025782320973224394,1777488369.6763113,5,/Users/kimsumin/projects/RGMC/data/map/robot17/images/1087.png,/Users/kimsumin/projects/RGMC/data/map/robot17/overlays/1087_overlay.png,/Users/kimsumin/projects/RGMC/data/map/robot17/masks/1087_mask.png
1088,0.95,1.0,0.0,137.4637127578304,446.3249042145594,1,0.0,0.05193463127410884,0.02120795210251487,1777488381.1716673,5,/Users/kimsumin/projects/RGMC/data/map/robot17/images/1088.png,/Users/kimsumin/projects/RGMC/data/map/robot17/overlays/1088_overlay.png,/Users/kimsumin/projects/RGMC/data/map/robot17/masks/1088_mask.png
