idx,x,y,u,v,ok,confidence,std_u,std_v,timestamp,n_valid,image_path,overlay_path,mask_path
0,0.0,0.01,616.6844197138315,25.111467522052926,1,0.0,0.32265072334378997,0.07092985097182183,1775093577.3807251,5,C:\Users\PC\Desktop\RGMC_2026\RGMC\RGMC\data\map\robot29\images\0000.png,C:\Users\PC\Desktop\RGMC_2026\RGMC\RGMC\data\map\robot29\overlays\0000_overlay.png,C:\Users\PC\Desktop\RGMC_2026\RGMC\RGMC\data\map\robot29\masks\0000_mask.png
1,0.0309375,0.01,617.1,38.10939907550077,1,0.0,0.09093473820683683,0.07176808582812153,1775093587.6183314,5,C:\Users\PC\Desktop\RGMC_2026\RGMC\RGMC\data\map\robot29\images\0001.png,C:\Users\PC\Desktop\RGMC_2026\RGMC\RGMC\data\map\robot29\overlays\0001_overlay.png,C:\Users\PC\Desktop\RGMC_2026\RGMC\RGMC\data\map\robot29\masks\0001_mask.png
2,0.061875,0.01,616.7904382470119,52.5872,1,0.0,0.07020241734920127,0.04764235645275135,1775093597.7566788,5,C:\Users\PC\Desktop\RGMC_2026\RGMC\RGMC\data\map\robot29\images\0002.png,C:\Users\PC\Desktop\RGMC_2026\RGMC\RGMC\data\map\robot29\overlays\0002_overlay.png,C:\Users\PC\Desktop\RGMC_2026\RGMC\RGMC\data\map\robot29\masks\0002_mask.png
3,0.09281249999999999,0.01,616.7363851617995,65.64561957379637,1,0.0,0.0847708791770357,0.08152648738079181,1775093608.300358,5,C:\Users\PC\Desktop\RGMC_2026\RGMC\RGMC\data\map\robot29\images\0003.png,C:\Users\PC\Desktop\RGMC_2026\RGMC\RGMC\data\map\robot29\overlays\0003_overlay.png,C:\Users\PC\Desktop\RGMC_2026\RGMC\RGMC\data\map\robot29\masks\0003_mask.png
4,0.12375,0.01,616.3021411578112,79.28514376996804,1,0.0,0.11554679434334113,0.07172322057499465,1775093618.5623627,5,C:\Users\PC\Desktop\RGMC_2026\RGMC\RGMC\data\map\robot29\images\0004.png,C:\Users\PC\Desktop\RGMC_2026\RGMC\RGMC\data\map\robot29\overlays\0004_overlay.png,C:\Users\PC\Desktop\RGMC_2026\RGMC\RGMC\data\map\robot29\masks\0004_mask.png
5,0.1546875,0.01,616.8273716951788,93.29434850863423,1,0.0,0.07718043645295102,0.04719752615462644,1775093629.1238742,5,C:\Users\PC\Desktop\RGMC_2026\RGMC\RGMC\data\map\robot29\images\0005.png,C:\Users\PC\Desktop\RGMC_2026\RGMC\RGMC\data\map\robot29\overlays\0005_overlay.png,C:\Users\PC\Desktop\RGMC_2026\RGMC\RGMC\data\map\robot29\masks\0005_mask.png
6,0.18562499999999998,0.01,616.5979782270607,107.01744647105473,1,0.0,0.12365618464280625,0.036074497891458376,1775093640.050095,5,C:\Users\PC\Desktop\RGMC_2026\RGMC\RGMC\data\map\robot29\images\0006.png,C:\Users\PC\Desktop\RGMC_2026\RGMC\RGMC\data\map\robot29\overlays\0006_overlay.png,C:\Users\PC\Desktop\RGMC_2026\RGMC\RGMC\data\map\robot29\masks\0006_mask.png
7,0.2165625,0.01,616.6526151444184,121.21642363775902,1,0.0,0.06578860476866162,0.04415785103372231,1775093650.2994614,5,C:\Users\PC\Desktop\RGMC_2026\RGMC\RGMC\data\map\robot29\images\0007.png,C:\Users\PC\Desktop\RGMC_2026\RGMC\RGMC\data\map\robot29\overlays\0007_overlay.png,C:\Users\PC\Desktop\RGMC_2026\RGMC\RGMC\data\map\robot29\masks\0007_mask.png
8,0.2475,0.01,616.4940898345154,134.19812059514487,1,0.0,0.05881583319385328,0.09406540243264122,1775093660.632788,5,C:\Users\PC\Desktop\RGMC_2026\RGMC\RGMC\data\map\robot29\images\0008.png,C:\Users\PC\Desktop\RGMC_2026\RGMC\RGMC\data\map\robot29\overlays\0008_overlay.png,C:\Users\PC\Desktop\RGMC_2026\RGMC\RGMC\data\map\robot29\masks\0008_mask.png
9,0.2784375,0.01,616.636648394675,148.7776037588097,1,0.0,0.021040941616410517,0.040960797938578604,1775093669.589777,5,C:\Users\PC\Desktop\RGMC_2026\RGMC\RGMC\data\map\robot29\images\0009.png,C:\Users\PC\Desktop\RGMC_2026\RGMC\RGMC\data\map\robot29\overlays\0009_overlay.png,C:\Users\PC\Desktop\RGMC_2026\RGMC\RGMC\data\map\robot29\masks\0009_mask.png
10,0.309375,0.01,616.4389105058366,161.88810641627543,1,0.0,0.09255891449769134,0.058005181963325055,1775093679.4675,5,C:\Users\PC\Desktop\RGMC_2026\RGMC\RGMC\data\map\robot29\images\0010.png,C:\Users\PC\Desktop\RGMC_2026\RGMC\RGMC\data\map\robot29\overlays\0010_overlay.png,C:\Users\PC\Desktop\RGMC_2026\RGMC\RGMC\data\map\robot29\masks\0010_mask.png
11,0.3403125,0.01,615.9114906832298,175.5527950310559,1,0.0,0.034270974854150434,0.09527177226059645,1775093688.2008536,5,C:\Users\PC\Desktop\RGMC_2026\RGMC\RGMC\data\map\robot29\images\0011.png,C:\Users\PC\Desktop\RGMC_2026\RGMC\RGMC\data\map\robot29\overlays\0011_overlay.png,C:\Users\PC\Desktop\RGMC_2026\RGMC\RGMC\data\map\robot29\masks\0011_mask.png
12,0.37124999999999997,0.01,615.9515488482923,189.60886777513855,1,0.0,0.017504695564501797,0.016920096491316233,1775093697.1046858,5,C:\Users\PC\Desktop\RGMC_2026\RGMC\RGMC\data\map\robot29\images\0012.png,C:\Users\PC\Desktop\RGMC_2026\RGMC\RGMC\data\map\robot29\overlays\0012_overlay.png,C:\Users\PC\Desktop\RGMC_2026\RGMC\RGMC\data\map\robot29\masks\0012_mask.png
13,0.4021875,0.01,616.3726993865031,203.3268178264269,1,0.0,0.1469802239237948,0.026813046848627106,1775093705.8522127,5,C:\Users\PC\Desktop\RGMC_2026\RGMC\RGMC\data\map\robot29\images\0013.png,C:\Users\PC\Desktop\RGMC_2026\RGMC\RGMC\data\map\robot29\overlays\0013_overlay.png,C:\Users\PC\Desktop\RGMC_2026\RGMC\RGMC\data\map\robot29\masks\0013_mask.png
14,0.433125,0.01,616.0348484848485,216.3461835003855,1,0.0,0.14086577431365552,0.05815096023202913,1775093714.591744,5,C:\Users\PC\Desktop\RGMC_2026\RGMC\RGMC\data\map\robot29\images\0014.png,C:\Users\PC\Desktop\RGMC_2026\RGMC\RGMC\data\map\robot29\overlays\0014_overlay.png,C:\Users\PC\Desktop\RGMC_2026\RGMC\RGMC\data\map\robot29\masks\0014_mask.png
15,0.4640625,0.01,615.8034727703237,230.62509865824782,1,0.0,0.033132979963187835,0.08567745913320064,1775093723.2986827,5,C:\Users\PC\Desktop\RGMC_2026\RGMC\RGMC\data\map\robot29\images\0015.png,C:\Users\PC\Desktop\RGMC_2026\RGMC\RGMC\data\map\robot29\overlays\0015_overlay.png,C:\Users\PC\Desktop\RGMC_2026\RGMC\RGMC\data\map\robot29\masks\0015_mask.png
16,0.495,0.01,615.8037676609105,243.92146189735615,1,0.0,0.024913770977681167,0.07957187827534415,1775093732.5108664,5,C:\Users\PC\Desktop\RGMC_2026\RGMC\RGMC\data\map\robot29\images\0016.png,C:\Users\PC\Desktop\RGMC_2026\RGMC\RGMC\data\map\robot29\overlays\0016_overlay.png,C:\Users\PC\Desktop\RGMC_2026\RGMC\RGMC\data\map\robot29\masks\0016_mask.png
17,0.5259375,0.01,615.4886630179828,257.6679841897233,1,0.0,0.0633418051827025,0.05073679903503574,1775093741.2199476,5,C:\Users\PC\Desktop\RGMC_2026\RGMC\RGMC\data\map\robot29\images\0017.png,C:\Users\PC\Desktop\RGMC_2026\RGMC\RGMC\data\map\robot29\overlays\0017_overlay.png,C:\Users\PC\Desktop\RGMC_2026\RGMC\RGMC\data\map\robot29\masks\0017_mask.png
18,0.556875,0.01,615.651632970451,271.49144634525663,1,0.0,0.06486610698787658,0.06102331134771053,1775093749.949991,5,C:\Users\PC\Desktop\RGMC_2026\RGMC\RGMC\data\map\robot29\images\0018.png,C:\Users\PC\Desktop\RGMC_2026\RGMC\RGMC\data\map\robot29\overlays\0018_overlay.png,C:\Users\PC\Desktop\RGMC_2026\RGMC\RGMC\data\map\robot29\masks\0018_mask.png
19,0.5878125,0.01,615.7285945072698,285.0880452342488,1,0.0,0.02162159879111548,0.03436350414971553,1775093758.8545852,5,C:\Users\PC\Desktop\RGMC_2026\RGMC\RGMC\data\map\robot29\images\0019.png,C:\Users\PC\Desktop\RGMC_2026\RGMC\RGMC\data\map\robot29\overlays\0019_overlay.png,C:\Users\PC\Desktop\RGMC_2026\RGMC\RGMC\data\map\robot29\masks\0019_mask.png
20,0.61875,0.01,615.4051724137931,298.641065830721,1,0.0,0.060216891385457265,1.028534625470519,1775093767.6631098,5,C:\Users\PC\Desktop\RGMC_2026\RGMC\RGMC\data\map\robot29\images\0020.png,C:\Users\PC\Desktop\RGMC_2026\RGMC\RGMC\data\map\robot29\overlays\0020_overlay.png,C:\Users\PC\Desktop\RGMC_2026\RGMC\RGMC\data\map\robot29\masks\0020_mask.png
21,0.6496875,0.01,615.6969218626678,311.9976396538159,1,0.0,0.1090913352782985,0.061251275350841794,1775093776.7700589,5,C:\Users\PC\Desktop\RGMC_2026\RGMC\RGMC\data\map\robot29\images\0021.png,C:\Users\PC\Desktop\RGMC_2026\RGMC\RGMC\data\map\robot29\overlays\0021_overlay.png,C:\Users\PC\Desktop\RGMC_2026\RGMC\RGMC\data\map\robot29\masks\0021_mask.png
22,0.680625,0.01,615.7627388535032,325.65210484511516,1,0.0,0.014137752743501347,0.03510331090756857,1775093785.5069785,5,C:\Users\PC\Desktop\RGMC_2026\RGMC\RGMC\data\map\robot29\images\0022.png,C:\Users\PC\Desktop\RGMC_2026\RGMC\RGMC\data\map\robot29\overlays\0022_overlay.png,C:\Users\PC\Desktop\RGMC_2026\RGMC\RGMC\data\map\robot29\masks\0022_mask.png
23,0.7115625,0.01,615.496530454896,339.1549730146492,1,0.0,0.03240508725977807,0.04802095842149948,1775093794.3392956,5,C:\Users\PC\Desktop\RGMC_2026\RGMC\RGMC\data\map\robot29\images\0023.png,C:\Users\PC\Desktop\RGMC_2026\RGMC\RGMC\data\map\robot29\overlays\0023_overlay.png,C:\Users\PC\Desktop\RGMC_2026\RGMC\RGMC\data\map\robot29\masks\0023_mask.png
24,0.7424999999999999,0.01,615.6230954290297,353.30793905372894,1,0.0,0.020527366915686678,0.03919119940021954,1775093802.9815328,5,C:\Users\PC\Desktop\RGMC_2026\RGMC\RGMC\data\map\robot29\images\0024.png,C:\Users\PC\Desktop\RGMC_2026\RGMC\RGMC\data\map\robot29\overlays\0024_overlay.png,C:\Users\PC\Desktop\RGMC_2026\RGMC\RGMC\data\map\robot29\masks\0024_mask.png
25,0.7734375,0.01,615.9233838786912,366.17235772357725,1,0.0,0.12245400634537729,0.2489089288726266,1775093811.649055,5,C:\Users\PC\Desktop\RGMC_2026\RGMC\RGMC\data\map\robot29\images\0025.png,C:\Users\PC\Desktop\RGMC_2026\RGMC\RGMC\data\map\robot29\overlays\0025_overlay.png,C:\Users\PC\Desktop\RGMC_2026\RGMC\RGMC\data\map\robot29\masks\0025_mask.png
26,0.804375,0.01,615.739336492891,379.9356862745098,1,0.0,0.044683099234385945,0.31471485731461724,1775093820.5769691,5,C:\Users\PC\Desktop\RGMC_2026\RGMC\RGMC\data\map\robot29\images\0026.png,C:\Users\PC\Desktop\RGMC_2026\RGMC\RGMC\data\map\robot29\overlays\0026_overlay.png,C:\Users\PC\Desktop\RGMC_2026\RGMC\RGMC\data\map\robot29\masks\0026_mask.png
27,0.8353125,0.01,615.7076305220884,393.8903330625508,1,0.0,0.026956533234077547,0.07768690424093819,1775093829.3403428,5,C:\Users\PC\Desktop\RGMC_2026\RGMC\RGMC\data\map\robot29\images\0027.png,C:\Users\PC\Desktop\RGMC_2026\RGMC\RGMC\data\map\robot29\overlays\0027_overlay.png,C:\Users\PC\Desktop\RGMC_2026\RGMC\RGMC\data\map\robot29\masks\0027_mask.png
28,0.86625,0.01,615.4939564867043,407.60818253343825,1,0.0,0.13077644733460456,0.05534115822721375,1775093838.177901,5,C:\Users\PC\Desktop\RGMC_2026\RGMC\RGMC\data\map\robot29\images\0028.png,C:\Users\PC\Desktop\RGMC_2026\RGMC\RGMC\data\map\robot29\overlays\0028_overlay.png,C:\Users\PC\Desktop\RGMC_2026\RGMC\RGMC\data\map\robot29\masks\0028_mask.png
29,0.8971875,0.01,615.8795472918351,421.4526315789474,1,0.0,0.0437804045316944,0.0630714754269934,1775093846.8535552,5,C:\Users\PC\Desktop\RGMC_2026\RGMC\RGMC\data\map\robot29\images\0029.png,C:\Users\PC\Desktop\RGMC_2026\RGMC\RGMC\data\map\robot29\overlays\0029_overlay.png,C:\Users\PC\Desktop\RGMC_2026\RGMC\RGMC\data\map\robot29\masks\0029_mask.png
30,0.928125,0.01,615.9373015873016,434.8674603174603,1,0.0,0.015516289125469701,0.034664095387140124,1775093855.611538,5,C:\Users\PC\Desktop\RGMC_2026\RGMC\RGMC\data\map\robot29\images\0030.png,C:\Users\PC\Desktop\RGMC_2026\RGMC\RGMC\data\map\robot29\overlays\0030_overlay.png,C:\Users\PC\Desktop\RGMC_2026\RGMC\RGMC\data\map\robot29\masks\0030_mask.png
31,0.9590625,0.01,615.57003257329,448.53035143769966,1,0.0,0.10257795845983077,0.39758415244016104,1775093864.6242607,5,C:\Users\PC\Desktop\RGMC_2026\RGMC\RGMC\data\map\robot29\images\0031.png,C:\Users\PC\Desktop\RGMC_2026\RGMC\RGMC\data\map\robot29\overlays\0031_overlay.png,C:\Users\PC\Desktop\RGMC_2026\RGMC\RGMC\data\map\robot29\masks\0031_mask.png
32,0.99,0.01,615.6357267950963,461.1322241681261,1,0.0,0.04533363092095391,0.03807653101241036,1775093873.2626345,5,C:\Users\PC\Desktop\RGMC_2026\RGMC\RGMC\data\map\robot29\images\0032.png,C:\Users\PC\Desktop\RGMC_2026\RGMC\RGMC\data\map\robot29\overlays\0032_overlay.png,C:\Users\PC\Desktop\RGMC_2026\RGMC\RGMC\data\map\robot29\masks\0032_mask.png
33,0.99,0.0409375,601.0265486725664,460.8169014084507,1,0.0,0.43632415604543323,0.12955728351258844,1775093881.9673402,5,C:\Users\PC\Desktop\RGMC_2026\RGMC\RGMC\data\map\robot29\images\0033.png,C:\Users\PC\Desktop\RGMC_2026\RGMC\RGMC\data\map\robot29\overlays\0033_overlay.png,C:\Users\PC\Desktop\RGMC_2026\RGMC\RGMC\data\map\robot29\masks\0033_mask.png
34,0.9590625,0.0409375,600.6360734237829,448.4139571768438,1,0.0,0.0536488787759538,0.05120711439252604,1775093890.6644733,5,C:\Users\PC\Desktop\RGMC_2026\RGMC\RGMC\data\map\robot29\images\0034.png,C:\Users\PC\Desktop\RGMC_2026\RGMC\RGMC\data\map\robot29\overlays\0034_overlay.png,C:\Users\PC\Desktop\RGMC_2026\RGMC\RGMC\data\map\robot29\masks\0034_mask.png
35,0.928125,0.0409375,600.771589991929,435.25504439063764,1,0.0,0.1263729843795981,0.10300457531875391,1775093899.799092,5,C:\Users\PC\Desktop\RGMC_2026\RGMC\RGMC\data\map\robot29\images\0035.png,C:\Users\PC\Desktop\RGMC_2026\RGMC\RGMC\data\map\robot29\overlays\0035_overlay.png,C:\Users\PC\Desktop\RGMC_2026\RGMC\RGMC\data\map\robot29\masks\0035_mask.png
36,0.8971875,0.0409375,601.646875,421.6125,1,0.0,0.12798873666104266,0.057149041980875344,1775093908.5920932,5,C:\Users\PC\Desktop\RGMC_2026\RGMC\RGMC\data\map\robot29\images\0036.png,C:\Users\PC\Desktop\RGMC_2026\RGMC\RGMC\data\map\robot29\overlays\0036_overlay.png,C:\Users\PC\Desktop\RGMC_2026\RGMC\RGMC\data\map\robot29\masks\0036_mask.png
37,0.86625,0.0409375,600.6500415627597,408.7553897180763,1,0.0,0.025620114411453915,0.3410088996699381,1775093917.416182,5,C:\Users\PC\Desktop\RGMC_2026\RGMC\RGMC\data\map\robot29\images\0037.png,C:\Users\PC\Desktop\RGMC_2026\RGMC\RGMC\data\map\robot29\overlays\0037_overlay.png,C:\Users\PC\Desktop\RGMC_2026\RGMC\RGMC\data\map\robot29\masks\0037_mask.png
38,0.8353125,0.0409375,600.6938110749186,394.2382495948136,1,0.0,0.09736755446069735,0.0660983895173885,1775093926.6089685,5,C:\Users\PC\Desktop\RGMC_2026\RGMC\RGMC\data\map\robot29\images\0038.png,C:\Users\PC\Desktop\RGMC_2026\RGMC\RGMC\data\map\robot29\overlays\0038_overlay.png,C:\Users\PC\Desktop\RGMC_2026\RGMC\RGMC\data\map\robot29\masks\0038_mask.png
39,0.804375,0.0409375,600.9199346405229,380.77777777777777,1,0.0,0.049536475180667075,0.03494460122170667,1775093935.4880161,5,C:\Users\PC\Desktop\RGMC_2026\RGMC\RGMC\data\map\robot29\images\0039.png,C:\Users\PC\Desktop\RGMC_2026\RGMC\RGMC\data\map\robot29\overlays\0039_overlay.png,C:\Users\PC\Desktop\RGMC_2026\RGMC\RGMC\data\map\robot29\masks\0039_mask.png
40,0.7734375,0.0409375,601.5139103554868,366.91090629800306,1,0.0,0.1567536541722195,0.02628250003468828,1775093944.1355586,5,C:\Users\PC\Desktop\RGMC_2026\RGMC\RGMC\data\map\robot29\images\0040.png,C:\Users\PC\Desktop\RGMC_2026\RGMC\RGMC\data\map\robot29\overlays\0040_overlay.png,C:\Users\PC\Desktop\RGMC_2026\RGMC\RGMC\data\map\robot29\masks\0040_mask.png
41,0.7424999999999999,0.0409375,601.5348484848485,352.71569370735403,1,0.0,0.0449429874865195,0.05355455705192364,1775093952.8968098,5,C:\Users\PC\Desktop\RGMC_2026\RGMC\RGMC\data\map\robot29\images\0041.png,C:\Users\PC\Desktop\RGMC_2026\RGMC\RGMC\data\map\robot29\overlays\0041_overlay.png,C:\Users\PC\Desktop\RGMC_2026\RGMC\RGMC\data\map\robot29\masks\0041_mask.png
42,0.7115625,0.0409375,601.9148119723715,339.771714066103,1,0.0,0.11931505330296335,0.07051847192970005,1775093961.5058439,5,C:\Users\PC\Desktop\RGMC_2026\RGMC\RGMC\data\map\robot29\images\0042.png,C:\Users\PC\Desktop\RGMC_2026\RGMC\RGMC\data\map\robot29\overlays\0042_overlay.png,C:\Users\PC\Desktop\RGMC_2026\RGMC\RGMC\data\map\robot29\masks\0042_mask.png
43,0.680625,0.0409375,601.1081081081081,326.36655948553056,1,0.0,0.122915982927105,0.4217288909663271,1775093970.2066305,5,C:\Users\PC\Desktop\RGMC_2026\RGMC\RGMC\data\map\robot29\images\0043.png,C:\Users\PC\Desktop\RGMC_2026\RGMC\RGMC\data\map\robot29\overlays\0043_overlay.png,C:\Users\PC\Desktop\RGMC_2026\RGMC\RGMC\data\map\robot29\masks\0043_mask.png
44,0.6496875,0.0409375,601.498001598721,312.97042366107115,1,0.0,0.05256265568154193,0.06634150708933916,1775093979.0927963,5,C:\Users\PC\Desktop\RGMC_2026\RGMC\RGMC\data\map\robot29\images\0044.png,C:\Users\PC\Desktop\RGMC_2026\RGMC\RGMC\data\map\robot29\overlays\0044_overlay.png,C:\Users\PC\Desktop\RGMC_2026\RGMC\RGMC\data\map\robot29\masks\0044_mask.png
45,0.61875,0.0409375,601.5019815059445,305.77331606217615,1,0.0,0.3739057386654264,0.17206255136105233,1775093987.917348,5,C:\Users\PC\Desktop\RGMC_2026\RGMC\RGMC\data\map\robot29\images\0045.png,C:\Users\PC\Desktop\RGMC_2026\RGMC\RGMC\data\map\robot29\overlays\0045_overlay.png,C:\Users\PC\Desktop\RGMC_2026\RGMC\RGMC\data\map\robot29\masks\0045_mask.png
46,0.5878125,0.0409375,601.692789968652,285.5406050955414,1,0.0,0.09893416113414984,0.0531324512578982,1775093996.7150457,5,C:\Users\PC\Desktop\RGMC_2026\RGMC\RGMC\data\map\robot29\images\0046.png,C:\Users\PC\Desktop\RGMC_2026\RGMC\RGMC\data\map\robot29\overlays\0046_overlay.png,C:\Users\PC\Desktop\RGMC_2026\RGMC\RGMC\data\map\robot29\masks\0046_mask.png
47,0.556875,0.0409375,601.6264066016504,271.89422355588897,1,0.0,0.02762703012968908,0.050280960843390496,1775094005.270035,5,C:\Users\PC\Desktop\RGMC_2026\RGMC\RGMC\data\map\robot29\images\0047.png,C:\Users\PC\Desktop\RGMC_2026\RGMC\RGMC\data\map\robot29\overlays\0047_overlay.png,C:\Users\PC\Desktop\RGMC_2026\RGMC\RGMC\data\map\robot29\masks\0047_mask.png
48,0.5259375,0.0409375,601.6389751552795,258.2166149068323,1,0.0,0.12785328017072298,0.060053220747042786,1775094013.924743,5,C:\Users\PC\Desktop\RGMC_2026\RGMC\RGMC\data\map\robot29\images\0048.png,C:\Users\PC\Desktop\RGMC_2026\RGMC\RGMC\data\map\robot29\overlays\0048_overlay.png,C:\Users\PC\Desktop\RGMC_2026\RGMC\RGMC\data\map\robot29\masks\0048_mask.png
49,0.495,0.0409375,601.7740712661107,244.35054773082942,1,0.0,0.1824769076213075,0.2661775348957912,1775094022.6073244,5,C:\Users\PC\Desktop\RGMC_2026\RGMC\RGMC\data\map\robot29\images\0049.png,C:\Users\PC\Desktop\RGMC_2026\RGMC\RGMC\data\map\robot29\overlays\0049_overlay.png,C:\Users\PC\Desktop\RGMC_2026\RGMC\RGMC\data\map\robot29\masks\0049_mask.png
50,0.4640625,0.0409375,602.0045420136261,231.1665404996215,1,0.0,0.11226811503250393,0.040086631121054705,1775094031.4206653,5,C:\Users\PC\Desktop\RGMC_2026\RGMC\RGMC\data\map\robot29\images\0050.png,C:\Users\PC\Desktop\RGMC_2026\RGMC\RGMC\data\map\robot29\overlays\0050_overlay.png,C:\Users\PC\Desktop\RGMC_2026\RGMC\RGMC\data\map\robot29\masks\0050_mask.png
51,0.433125,0.0409375,601.9211746522411,217.41808346213293,1,0.0,0.4137369641866349,0.06474918593178972,1775094040.1212218,5,C:\Users\PC\Desktop\RGMC_2026\RGMC\RGMC\data\map\robot29\images\0051.png,C:\Users\PC\Desktop\RGMC_2026\RGMC\RGMC\data\map\robot29\overlays\0051_overlay.png,C:\Users\PC\Desktop\RGMC_2026\RGMC\RGMC\data\map\robot29\masks\0051_mask.png
52,0.4021875,0.0409375,601.8911411411411,203.95678092399405,1,0.0,0.09977511324410608,0.048791707533168506,1775094048.7254512,5,C:\Users\PC\Desktop\RGMC_2026\RGMC\RGMC\data\map\robot29\images\0052.png,C:\Users\PC\Desktop\RGMC_2026\RGMC\RGMC\data\map\robot29\overlays\0052_overlay.png,C:\Users\PC\Desktop\RGMC_2026\RGMC\RGMC\data\map\robot29\masks\0052_mask.png
53,0.37124999999999997,0.0409375,602.0340393343419,190.306463878327,1,0.0,0.030080162841741028,0.06723872850379095,1775094057.4086592,5,C:\Users\PC\Desktop\RGMC_2026\RGMC\RGMC\data\map\robot29\images\0053.png,C:\Users\PC\Desktop\RGMC_2026\RGMC\RGMC\data\map\robot29\overlays\0053_overlay.png,C:\Users\PC\Desktop\RGMC_2026\RGMC\RGMC\data\map\robot29\masks\0053_mask.png
54,0.3403125,0.0409375,601.7849141150112,175.9947722180732,1,0.0,0.06006987939113448,0.05476663805705057,1775094066.0644457,5,C:\Users\PC\Desktop\RGMC_2026\RGMC\RGMC\data\map\robot29\images\0054.png,C:\Users\PC\Desktop\RGMC_2026\RGMC\RGMC\data\map\robot29\overlays\0054_overlay.png,C:\Users\PC\Desktop\RGMC_2026\RGMC\RGMC\data\map\robot29\masks\0054_mask.png
55,0.309375,0.0409375,602.0511408339889,162.32265625,1,0.0,0.06275819883797552,0.0447961579151416,1775094074.8593774,5,C:\Users\PC\Desktop\RGMC_2026\RGMC\RGMC\data\map\robot29\images\0055.png,C:\Users\PC\Desktop\RGMC_2026\RGMC\RGMC\data\map\robot29\overlays\0055_overlay.png,C:\Users\PC\Desktop\RGMC_2026\RGMC\RGMC\data\map\robot29\masks\0055_mask.png
56,0.2784375,0.0409375,602.2302325581395,149.33021806853583,1,0.0,0.07926431015119763,0.02257381359848127,1775094083.624991,5,C:\Users\PC\Desktop\RGMC_2026\RGMC\RGMC\data\map\robot29\images\0056.png,C:\Users\PC\Desktop\RGMC_2026\RGMC\RGMC\data\map\robot29\overlays\0056_overlay.png,C:\Users\PC\Desktop\RGMC_2026\RGMC\RGMC\data\map\robot29\masks\0056_mask.png
57,0.2475,0.0409375,603.1876996805112,134.6064,1,0.0,0.06604657996230634,0.07806373524536159,1775094092.5089128,5,C:\Users\PC\Desktop\RGMC_2026\RGMC\RGMC\data\map\robot29\images\0057.png,C:\Users\PC\Desktop\RGMC_2026\RGMC\RGMC\data\map\robot29\overlays\0057_overlay.png,C:\Users\PC\Desktop\RGMC_2026\RGMC\RGMC\data\map\robot29\masks\0057_mask.png
58,0.2165625,0.0409375,603.1534772182255,121.55401234567901,1,0.0,0.35718443159735697,0.032940630202008006,1775094101.2092884,5,C:\Users\PC\Desktop\RGMC_2026\RGMC\RGMC\data\map\robot29\images\0058.png,C:\Users\PC\Desktop\RGMC_2026\RGMC\RGMC\data\map\robot29\overlays\0058_overlay.png,C:\Users\PC\Desktop\RGMC_2026\RGMC\RGMC\data\map\robot29\masks\0058_mask.png
59,0.18562499999999998,0.0409375,603.2995983935743,107.78086419753086,1,0.0,0.3288431985395662,0.07603117451689353,1775094109.7859075,5,C:\Users\PC\Desktop\RGMC_2026\RGMC\RGMC\data\map\robot29\images\0059.png,C:\Users\PC\Desktop\RGMC_2026\RGMC\RGMC\data\map\robot29\overlays\0059_overlay.png,C:\Users\PC\Desktop\RGMC_2026\RGMC\RGMC\data\map\robot29\masks\0059_mask.png
60,0.1546875,0.0409375,602.4110764430577,94.07878315132605,1,0.0,0.09855875542533712,0.0976640067486015,1775094118.6405187,5,C:\Users\PC\Desktop\RGMC_2026\RGMC\RGMC\data\map\robot29\images\0060.png,C:\Users\PC\Desktop\RGMC_2026\RGMC\RGMC\data\map\robot29\overlays\0060_overlay.png,C:\Users\PC\Desktop\RGMC_2026\RGMC\RGMC\data\map\robot29\masks\0060_mask.png
61,0.12375,0.0409375,603.1510333863275,79.51751592356688,1,0.0,0.030543813576279985,0.04021844263182679,1775094127.3412602,5,C:\Users\PC\Desktop\RGMC_2026\RGMC\RGMC\data\map\robot29\images\0061.png,C:\Users\PC\Desktop\RGMC_2026\RGMC\RGMC\data\map\robot29\overlays\0061_overlay.png,C:\Users\PC\Desktop\RGMC_2026\RGMC\RGMC\data\map\robot29\masks\0061_mask.png
62,0.09281249999999999,0.0409375,603.220600162206,66.10975609756098,1,0.0,0.3016612823873539,0.15144291876099464,1775094135.9775085,5,C:\Users\PC\Desktop\RGMC_2026\RGMC\RGMC\data\map\robot29\images\0062.png,C:\Users\PC\Desktop\RGMC_2026\RGMC\RGMC\data\map\robot29\overlays\0062_overlay.png,C:\Users\PC\Desktop\RGMC_2026\RGMC\RGMC\data\map\robot29\masks\0062_mask.png
63,0.061875,0.0409375,603.5191082802547,52.979049153908136,1,0.0,0.3341601936158556,0.0686959608383805,1775094144.7429957,5,C:\Users\PC\Desktop\RGMC_2026\RGMC\RGMC\data\map\robot29\images\0063.png,C:\Users\PC\Desktop\RGMC_2026\RGMC\RGMC\data\map\robot29\overlays\0063_overlay.png,C:\Users\PC\Desktop\RGMC_2026\RGMC\RGMC\data\map\robot29\masks\0063_mask.png
64,0.0309375,0.0409375,603.4475183075672,38.468304278922346,1,0.0,0.2978202696929044,0.14769565901145745,1775094153.4813318,5,C:\Users\PC\Desktop\RGMC_2026\RGMC\RGMC\data\map\robot29\images\0064.png,C:\Users\PC\Desktop\RGMC_2026\RGMC\RGMC\data\map\robot29\overlays\0064_overlay.png,C:\Users\PC\Desktop\RGMC_2026\RGMC\RGMC\data\map\robot29\masks\0064_mask.png
65,0.0,0.0409375,603.5330112721417,25.37237479806139,1,0.0,0.022515892494701855,0.03727634289061417,1775094162.3324502,5,C:\Users\PC\Desktop\RGMC_2026\RGMC\RGMC\data\map\robot29\images\0065.png,C:\Users\PC\Desktop\RGMC_2026\RGMC\RGMC\data\map\robot29\overlays\0065_overlay.png,C:\Users\PC\Desktop\RGMC_2026\RGMC\RGMC\data\map\robot29\masks\0065_mask.png
66,0.0,0.071875,589.2378378378378,25.26635873749038,1,0.0,0.08683163147971508,0.06734118633410485,1775094170.9253197,5,C:\Users\PC\Desktop\RGMC_2026\RGMC\RGMC\data\map\robot29\images\0066.png,C:\Users\PC\Desktop\RGMC_2026\RGMC\RGMC\data\map\robot29\overlays\0066_overlay.png,C:\Users\PC\Desktop\RGMC_2026\RGMC\RGMC\data\map\robot29\masks\0066_mask.png
67,0.0309375,0.071875,589.2837944664032,37.767588932806326,1,0.0,0.016242488878420794,0.0657282952900808,1775094179.7272828,5,C:\Users\PC\Desktop\RGMC_2026\RGMC\RGMC\data\map\robot29\images\0067.png,C:\Users\PC\Desktop\RGMC_2026\RGMC\RGMC\data\map\robot29\overlays\0067_overlay.png,C:\Users\PC\Desktop\RGMC_2026\RGMC\RGMC\data\map\robot29\masks\0067_mask.png
68,0.061875,0.071875,589.0522508038586,52.653753026634384,1,0.0,0.06278282250550173,0.05504472023795034,1775094188.3758054,5,C:\Users\PC\Desktop\RGMC_2026\RGMC\RGMC\data\map\robot29\images\0068.png,C:\Users\PC\Desktop\RGMC_2026\RGMC\RGMC\data\map\robot29\overlays\0068_overlay.png,C:\Users\PC\Desktop\RGMC_2026\RGMC\RGMC\data\map\robot29\masks\0068_mask.png
69,0.09281249999999999,0.071875,589.1472440944882,65.58976377952756,1,0.0,0.030685924429626442,0.055167861447125884,1775094197.1350138,5,C:\Users\PC\Desktop\RGMC_2026\RGMC\RGMC\data\map\robot29\images\0069.png,C:\Users\PC\Desktop\RGMC_2026\RGMC\RGMC\data\map\robot29\overlays\0069_overlay.png,C:\Users\PC\Desktop\RGMC_2026\RGMC\RGMC\data\map\robot29\masks\0069_mask.png
70,0.12375,0.071875,588.6772151898734,79.27136075949367,1,0.0,0.09260486599428323,0.09132187649968362,1775094205.7070882,5,C:\Users\PC\Desktop\RGMC_2026\RGMC\RGMC\data\map\robot29\images\0070.png,C:\Users\PC\Desktop\RGMC_2026\RGMC\RGMC\data\map\robot29\overlays\0070_overlay.png,C:\Users\PC\Desktop\RGMC_2026\RGMC\RGMC\data\map\robot29\masks\0070_mask.png
71,0.1546875,0.071875,588.6118795768917,93.2826267664173,1,0.0,0.09654314773389826,0.08102050600586602,1775094214.4428537,5,C:\Users\PC\Desktop\RGMC_2026\RGMC\RGMC\data\map\robot29\images\0071.png,C:\Users\PC\Desktop\RGMC_2026\RGMC\RGMC\data\map\robot29\overlays\0071_overlay.png,C:\Users\PC\Desktop\RGMC_2026\RGMC\RGMC\data\map\robot29\masks\0071_mask.png
72,0.18562499999999998,0.071875,588.7969984202211,107.17192429022082,1,0.0,0.10872477434896656,0.046183499383844015,1775094223.253928,5,C:\Users\PC\Desktop\RGMC_2026\RGMC\RGMC\data\map\robot29\images\0072.png,C:\Users\PC\Desktop\RGMC_2026\RGMC\RGMC\data\map\robot29\overlays\0072_overlay.png,C:\Users\PC\Desktop\RGMC_2026\RGMC\RGMC\data\map\robot29\masks\0072_mask.png
73,0.2165625,0.071875,589.1021840873635,121.04290171606864,1,0.0,0.10324387053073639,0.0555115831177003,1775094231.8713884,5,C:\Users\PC\Desktop\RGMC_2026\RGMC\RGMC\data\map\robot29\images\0073.png,C:\Users\PC\Desktop\RGMC_2026\RGMC\RGMC\data\map\robot29\overlays\0073_overlay.png,C:\Users\PC\Desktop\RGMC_2026\RGMC\RGMC\data\map\robot29\masks\0073_mask.png
74,0.2475,0.071875,588.5040849673203,133.9640522875817,1,0.0,0.21895132673491957,0.07667175905170462,1775094240.654906,5,C:\Users\PC\Desktop\RGMC_2026\RGMC\RGMC\data\map\robot29\images\0074.png,C:\Users\PC\Desktop\RGMC_2026\RGMC\RGMC\data\map\robot29\overlays\0074_overlay.png,C:\Users\PC\Desktop\RGMC_2026\RGMC\RGMC\data\map\robot29\masks\0074_mask.png
75,0.2784375,0.071875,588.4229828850856,148.76120619396903,1,0.0,0.06254802023739364,0.03777292972080985,1775094249.4457316,5,C:\Users\PC\Desktop\RGMC_2026\RGMC\RGMC\data\map\robot29\images\0075.png,C:\Users\PC\Desktop\RGMC_2026\RGMC\RGMC\data\map\robot29\overlays\0075_overlay.png,C:\Users\PC\Desktop\RGMC_2026\RGMC\RGMC\data\map\robot29\masks\0075_mask.png
76,0.309375,0.071875,588.2126436781609,161.92251223491027,1,0.0,0.07009844469289589,0.04245902954789295,1775094258.16797,5,C:\Users\PC\Desktop\RGMC_2026\RGMC\RGMC\data\map\robot29\images\0076.png,C:\Users\PC\Desktop\RGMC_2026\RGMC\RGMC\data\map\robot29\overlays\0076_overlay.png,C:\Users\PC\Desktop\RGMC_2026\RGMC\RGMC\data\map\robot29\masks\0076_mask.png
77,0.3403125,0.071875,587.8873128447597,175.84397163120568,1,0.0,0.2271054593427323,0.053308501219163425,1775094266.8880796,5,C:\Users\PC\Desktop\RGMC_2026\RGMC\RGMC\data\map\robot29\images\0077.png,C:\Users\PC\Desktop\RGMC_2026\RGMC\RGMC\data\map\robot29\overlays\0077_overlay.png,C:\Users\PC\Desktop\RGMC_2026\RGMC\RGMC\data\map\robot29\masks\0077_mask.png
78,0.37124999999999997,0.071875,587.5501672240803,189.80383973288815,1,0.0,0.07427168607054313,0.02362136769197215,1775094275.7582586,5,C:\Users\PC\Desktop\RGMC_2026\RGMC\RGMC\data\map\robot29\images\0078.png,C:\Users\PC\Desktop\RGMC_2026\RGMC\RGMC\data\map\robot29\overlays\0078_overlay.png,C:\Users\PC\Desktop\RGMC_2026\RGMC\RGMC\data\map\robot29\masks\0078_mask.png
79,0.4021875,0.071875,587.8855761482675,202.87699680511182,1,0.0,0.0952706423661382,0.08968566125953187,1775094284.5066466,5,C:\Users\PC\Desktop\RGMC_2026\RGMC\RGMC\data\map\robot29\images\0079.png,C:\Users\PC\Desktop\RGMC_2026\RGMC\RGMC\data\map\robot29\overlays\0079_overlay.png,C:\Users\PC\Desktop\RGMC_2026\RGMC\RGMC\data\map\robot29\masks\0079_mask.png
80,0.433125,0.071875,588.3165244375485,216.2901474010861,1,0.0,0.07061328746998667,0.06325834322088317,1775094293.2395754,5,C:\Users\PC\Desktop\RGMC_2026\RGMC\RGMC\data\map\robot29\images\0080.png,C:\Users\PC\Desktop\RGMC_2026\RGMC\RGMC\data\map\robot29\overlays\0080_overlay.png,C:\Users\PC\Desktop\RGMC_2026\RGMC\RGMC\data\map\robot29\masks\0080_mask.png
81,0.4640625,0.071875,587.7376644736842,230.23089430894308,1,0.0,0.03321994466227348,0.0586700785093818,1775094302.064354,5,C:\Users\PC\Desktop\RGMC_2026\RGMC\RGMC\data\map\robot29\images\0081.png,C:\Users\PC\Desktop\RGMC_2026\RGMC\RGMC\data\map\robot29\overlays\0081_overlay.png,C:\Users\PC\Desktop\RGMC_2026\RGMC\RGMC\data\map\robot29\masks\0081_mask.png
82,0.495,0.071875,587.5522633744856,243.74074074074073,1,0.0,0.1804218701313809,0.04652451420594604,1775094310.7556791,5,C:\Users\PC\Desktop\RGMC_2026\RGMC\RGMC\data\map\robot29\images\0082.png,C:\Users\PC\Desktop\RGMC_2026\RGMC\RGMC\data\map\robot29\overlays\0082_overlay.png,C:\Users\PC\Desktop\RGMC_2026\RGMC\RGMC\data\map\robot29\masks\0082_mask.png
83,0.5259375,0.071875,588.2739509105305,257.18700475435816,1,0.0,0.05487810014495633,0.19383339193192525,1775094319.5866985,5,C:\Users\PC\Desktop\RGMC_2026\RGMC\RGMC\data\map\robot29\images\0083.png,C:\Users\PC\Desktop\RGMC_2026\RGMC\RGMC\data\map\robot29\overlays\0083_overlay.png,C:\Users\PC\Desktop\RGMC_2026\RGMC\RGMC\data\map\robot29\masks\0083_mask.png
84,0.556875,0.071875,587.4932378679396,271.2259109311741,1,0.0,0.12389705241204942,0.08262301937831457,1775094328.196503,5,C:\Users\PC\Desktop\RGMC_2026\RGMC\RGMC\data\map\robot29\images\0084.png,C:\Users\PC\Desktop\RGMC_2026\RGMC\RGMC\data\map\robot29\overlays\0084_overlay.png,C:\Users\PC\Desktop\RGMC_2026\RGMC\RGMC\data\map\robot29\masks\0084_mask.png
85,0.5878125,0.071875,587.7553444180522,284.39429928741094,1,0.0,0.030853007698679512,0.04827029679676554,1775094336.9632888,5,C:\Users\PC\Desktop\RGMC_2026\RGMC\RGMC\data\map\robot29\images\0085.png,C:\Users\PC\Desktop\RGMC_2026\RGMC\RGMC\data\map\robot29\overlays\0085_overlay.png,C:\Users\PC\Desktop\RGMC_2026\RGMC\RGMC\data\map\robot29\masks\0085_mask.png
86,0.61875,0.071875,587.1661237785016,298.3875205254516,1,0.0,0.05518001997049722,0.04026123208546801,1775094345.5771873,5,C:\Users\PC\Desktop\RGMC_2026\RGMC\RGMC\data\map\robot29\images\0086.png,C:\Users\PC\Desktop\RGMC_2026\RGMC\RGMC\data\map\robot29\overlays\0086_overlay.png,C:\Users\PC\Desktop\RGMC_2026\RGMC\RGMC\data\map\robot29\masks\0086_mask.png
87,0.6496875,0.071875,587.3303643724696,312.183212267958,1,0.0,0.04073010517894473,0.06985072351083388,1775094354.699927,5,C:\Users\PC\Desktop\RGMC_2026\RGMC\RGMC\data\map\robot29\images\0087.png,C:\Users\PC\Desktop\RGMC_2026\RGMC\RGMC\data\map\robot29\overlays\0087_overlay.png,C:\Users\PC\Desktop\RGMC_2026\RGMC\RGMC\data\map\robot29\masks\0087_mask.png
88,0.680625,0.071875,587.7821782178218,325.63861386138615,1,0.0,0.41355843282723703,0.3589777358582975,1775094363.676957,5,C:\Users\PC\Desktop\RGMC_2026\RGMC\RGMC\data\map\robot29\images\0088.png,C:\Users\PC\Desktop\RGMC_2026\RGMC\RGMC\data\map\robot29\overlays\0088_overlay.png,C:\Users\PC\Desktop\RGMC_2026\RGMC\RGMC\data\map\robot29\masks\0088_mask.png
89,0.7115625,0.071875,587.1378486055777,339.364810330912,1,0.0,0.06053521299512474,0.06499050662843685,1775094372.2939115,5,C:\Users\PC\Desktop\RGMC_2026\RGMC\RGMC\data\map\robot29\images\0089.png,C:\Users\PC\Desktop\RGMC_2026\RGMC\RGMC\data\map\robot29\overlays\0089_overlay.png,C:\Users\PC\Desktop\RGMC_2026\RGMC\RGMC\data\map\robot29\masks\0089_mask.png
90,0.7424999999999999,0.071875,587.2065652522018,352.58446757405926,1,0.0,0.02394763332013953,0.012092688388992337,1775094381.0768602,5,C:\Users\PC\Desktop\RGMC_2026\RGMC\RGMC\data\map\robot29\images\0090.png,C:\Users\PC\Desktop\RGMC_2026\RGMC\RGMC\data\map\robot29\overlays\0090_overlay.png,C:\Users\PC\Desktop\RGMC_2026\RGMC\RGMC\data\map\robot29\masks\0090_mask.png
91,0.7734375,0.071875,587.7851239669421,366.0611570247934,1,0.0,0.06089268206292602,0.08470631684574588,1775094389.9542952,5,C:\Users\PC\Desktop\RGMC_2026\RGMC\RGMC\data\map\robot29\images\0091.png,C:\Users\PC\Desktop\RGMC_2026\RGMC\RGMC\data\map\robot29\overlays\0091_overlay.png,C:\Users\PC\Desktop\RGMC_2026\RGMC\RGMC\data\map\robot29\masks\0091_mask.png
92,0.804375,0.071875,587.841384863124,379.8946098149638,1,0.0,0.0624713034409886,0.12255737773832359,1775094398.7580302,5,C:\Users\PC\Desktop\RGMC_2026\RGMC\RGMC\data\map\robot29\images\0092.png,C:\Users\PC\Desktop\RGMC_2026\RGMC\RGMC\data\map\robot29\overlays\0092_overlay.png,C:\Users\PC\Desktop\RGMC_2026\RGMC\RGMC\data\map\robot29\masks\0092_mask.png
93,0.8353125,0.071875,587.9242671009772,393.77187244480785,1,0.0,0.03223658340124724,0.03956065869655089,1775094407.441092,5,C:\Users\PC\Desktop\RGMC_2026\RGMC\RGMC\data\map\robot29\images\0093.png,C:\Users\PC\Desktop\RGMC_2026\RGMC\RGMC\data\map\robot29\overlays\0093_overlay.png,C:\Users\PC\Desktop\RGMC_2026\RGMC\RGMC\data\map\robot29\masks\0093_mask.png
94,0.86625,0.071875,587.8786446020489,407.54968454258676,1,0.0,0.012592845329013865,0.048493838710186275,1775094415.9458199,5,C:\Users\PC\Desktop\RGMC_2026\RGMC\RGMC\data\map\robot29\images\0094.png,C:\Users\PC\Desktop\RGMC_2026\RGMC\RGMC\data\map\robot29\overlays\0094_overlay.png,C:\Users\PC\Desktop\RGMC_2026\RGMC\RGMC\data\map\robot29\masks\0094_mask.png
95,0.8971875,0.071875,588.0,421.3844241922121,1,0.0,0.024969616197035378,0.041339173834243736,1775094426.7499275,5,C:\Users\PC\Desktop\RGMC_2026\RGMC\RGMC\data\map\robot29\images\0095.png,C:\Users\PC\Desktop\RGMC_2026\RGMC\RGMC\data\map\robot29\overlays\0095_overlay.png,C:\Users\PC\Desktop\RGMC_2026\RGMC\RGMC\data\map\robot29\masks\0095_mask.png
96,0.928125,0.071875,588.0048661800487,434.90294351630865,1,0.0,0.03257468606371975,0.046918685116226065,1775094435.4191394,5,C:\Users\PC\Desktop\RGMC_2026\RGMC\RGMC\data\map\robot29\images\0096.png,C:\Users\PC\Desktop\RGMC_2026\RGMC\RGMC\data\map\robot29\overlays\0096_overlay.png,C:\Users\PC\Desktop\RGMC_2026\RGMC\RGMC\data\map\robot29\masks\0096_mask.png
97,0.9590625,0.071875,587.7926926131851,448.3066115702479,1,0.0,0.3464533320461728,0.06175625656400048,1775094444.1318092,5,C:\Users\PC\Desktop\RGMC_2026\RGMC\RGMC\data\map\robot29\images\0097.png,C:\Users\PC\Desktop\RGMC_2026\RGMC\RGMC\data\map\robot29\overlays\0097_overlay.png,C:\Users\PC\Desktop\RGMC_2026\RGMC\RGMC\data\map\robot29\masks\0097_mask.png
98,0.99,0.071875,587.9478714161598,461.12771503040835,1,0.0,0.09370707642146253,0.0785812841982008,1775094453.0371134,5,C:\Users\PC\Desktop\RGMC_2026\RGMC\RGMC\data\map\robot29\images\0098.png,C:\Users\PC\Desktop\RGMC_2026\RGMC\RGMC\data\map\robot29\overlays\0098_overlay.png,C:\Users\PC\Desktop\RGMC_2026\RGMC\RGMC\data\map\robot29\masks\0098_mask.png
99,0.99,0.10281249999999999,573.2504409171075,460.5837742504409,1,0.0,0.34724888056543823,0.021273916239344038,1775094461.7437077,5,C:\Users\PC\Desktop\RGMC_2026\RGMC\RGMC\data\map\robot29\images\0099.png,C:\Users\PC\Desktop\RGMC_2026\RGMC\RGMC\data\map\robot29\overlays\0099_overlay.png,C:\Users\PC\Desktop\RGMC_2026\RGMC\RGMC\data\map\robot29\masks\0099_mask.png
100,0.9590625,0.10281249999999999,572.6988543371522,448.43703703703704,1,0.0,0.2339515502970119,0.34946239839345633,1775094470.4359174,5,C:\Users\PC\Desktop\RGMC_2026\RGMC\RGMC\data\map\robot29\images\0100.png,C:\Users\PC\Desktop\RGMC_2026\RGMC\RGMC\data\map\robot29\overlays\0100_overlay.png,C:\Users\PC\Desktop\RGMC_2026\RGMC\RGMC\data\map\robot29\masks\0100_mask.png
101,0.928125,0.10281249999999999,573.8241758241758,435.18089602704987,1,0.0,0.2765086074678604,0.09210599569977672,1775094478.9652412,5,C:\Users\PC\Desktop\RGMC_2026\RGMC\RGMC\data\map\robot29\images\0101.png,C:\Users\PC\Desktop\RGMC_2026\RGMC\RGMC\data\map\robot29\overlays\0101_overlay.png,C:\Users\PC\Desktop\RGMC_2026\RGMC\RGMC\data\map\robot29\masks\0101_mask.png
102,0.8971875,0.10281249999999999,574.2447916666666,421.4499136442142,1,0.0,0.382886715427215,0.0670698213461383,1775094487.8063343,5,C:\Users\PC\Desktop\RGMC_2026\RGMC\RGMC\data\map\robot29\images\0102.png,C:\Users\PC\Desktop\RGMC_2026\RGMC\RGMC\data\map\robot29\overlays\0102_overlay.png,C:\Users\PC\Desktop\RGMC_2026\RGMC\RGMC\data\map\robot29\masks\0102_mask.png
103,0.86625,0.10281249999999999,572.9550561797753,407.7158908507223,1,0.0,0.009376138739740343,0.041976215039097535,1775094496.5084553,5,C:\Users\PC\Desktop\RGMC_2026\RGMC\RGMC\data\map\robot29\images\0103.png,C:\Users\PC\Desktop\RGMC_2026\RGMC\RGMC\data\map\robot29\overlays\0103_overlay.png,C:\Users\PC\Desktop\RGMC_2026\RGMC\RGMC\data\map\robot29\masks\0103_mask.png
104,0.8353125,0.10281249999999999,574.280303030303,394.4170107349298,1,0.0,0.3667572735689774,0.0807617963020232,1775094505.2290537,5,C:\Users\PC\Desktop\RGMC_2026\RGMC\RGMC\data\map\robot29\images\0104.png,C:\Users\PC\Desktop\RGMC_2026\RGMC\RGMC\data\map\robot29\overlays\0104_overlay.png,C:\Users\PC\Desktop\RGMC_2026\RGMC\RGMC\data\map\robot29\masks\0104_mask.png
105,0.804375,0.10281249999999999,572.8526315789474,379.9482200647249,1,0.0,0.4025395092087823,0.05837002947802944,1775094514.0623167,5,C:\Users\PC\Desktop\RGMC_2026\RGMC\RGMC\data\map\robot29\images\0105.png,C:\Users\PC\Desktop\RGMC_2026\RGMC\RGMC\data\map\robot29\overlays\0105_overlay.png,C:\Users\PC\Desktop\RGMC_2026\RGMC\RGMC\data\map\robot29\masks\0105_mask.png
106,0.7734375,0.10281249999999999,573.9083837510804,366.48793103448276,1,0.0,0.3484662323090986,0.0780001357902344,1775094522.8548112,5,C:\Users\PC\Desktop\RGMC_2026\RGMC\RGMC\data\map\robot29\images\0106.png,C:\Users\PC\Desktop\RGMC_2026\RGMC\RGMC\data\map\robot29\overlays\0106_overlay.png,C:\Users\PC\Desktop\RGMC_2026\RGMC\RGMC\data\map\robot29\masks\0106_mask.png
107,0.7424999999999999,0.10281249999999999,574.3479674796748,353.0269230769231,1,0.0,0.21839621650210872,0.3877884589044558,1775094531.7695887,5,C:\Users\PC\Desktop\RGMC_2026\RGMC\RGMC\data\map\robot29\images\0107.png,C:\Users\PC\Desktop\RGMC_2026\RGMC\RGMC\data\map\robot29\overlays\0107_overlay.png,C:\Users\PC\Desktop\RGMC_2026\RGMC\RGMC\data\map\robot29\masks\0107_mask.png
108,0.7115625,0.10281249999999999,574.3265966046888,339.27970897332256,1,0.0,0.17138671988592083,0.07800099610660083,1775094540.4899983,5,C:\Users\PC\Desktop\RGMC_2026\RGMC\RGMC\data\map\robot29\images\0108.png,C:\Users\PC\Desktop\RGMC_2026\RGMC\RGMC\data\map\robot29\overlays\0108_overlay.png,C:\Users\PC\Desktop\RGMC_2026\RGMC\RGMC\data\map\robot29\masks\0108_mask.png
109,0.680625,0.10281249999999999,574.5191986644408,325.70534223706176,1,0.0,0.3259907367145776,0.06164042343999743,1775094550.1350746,5,C:\Users\PC\Desktop\RGMC_2026\RGMC\RGMC\data\map\robot29\images\0109.png,C:\Users\PC\Desktop\RGMC_2026\RGMC\RGMC\data\map\robot29\overlays\0109_overlay.png,C:\Users\PC\Desktop\RGMC_2026\RGMC\RGMC\data\map\robot29\masks\0109_mask.png
110,0.6496875,0.10281249999999999,574.4357541899441,312.39904229848366,1,0.0,0.02285333809840809,0.09044568274387689,1775094558.896106,5,C:\Users\PC\Desktop\RGMC_2026\RGMC\RGMC\data\map\robot29\images\0110.png,C:\Users\PC\Desktop\RGMC_2026\RGMC\RGMC\data\map\robot29\overlays\0110_overlay.png,C:\Users\PC\Desktop\RGMC_2026\RGMC\RGMC\data\map\robot29\masks\0110_mask.png
111,0.61875,0.10281249999999999,573.930602006689,298.395,1,0.0,0.27818780134613785,0.03154309758029292,1775094568.0611913,5,C:\Users\PC\Desktop\RGMC_2026\RGMC\RGMC\data\map\robot29\images\0111.png,C:\Users\PC\Desktop\RGMC_2026\RGMC\RGMC\data\map\robot29\overlays\0111_overlay.png,C:\Users\PC\Desktop\RGMC_2026\RGMC\RGMC\data\map\robot29\masks\0111_mask.png
112,0.5878125,0.10281249999999999,574.7240232751454,285.24272651704075,1,0.0,0.05400582838448436,0.05544349858992247,1775094576.7955735,5,C:\Users\PC\Desktop\RGMC_2026\RGMC\RGMC\data\map\robot29\images\0112.png,C:\Users\PC\Desktop\RGMC_2026\RGMC\RGMC\data\map\robot29\overlays\0112_overlay.png,C:\Users\PC\Desktop\RGMC_2026\RGMC\RGMC\data\map\robot29\masks\0112_mask.png
113,0.556875,0.10281249999999999,574.7742946708464,271.97257053291537,1,0.0,0.006853928081974677,0.017041478027357504,1775094585.4015603,5,C:\Users\PC\Desktop\RGMC_2026\RGMC\RGMC\data\map\robot29\images\0113.png,C:\Users\PC\Desktop\RGMC_2026\RGMC\RGMC\data\map\robot29\overlays\0113_overlay.png,C:\Users\PC\Desktop\RGMC_2026\RGMC\RGMC\data\map\robot29\masks\0113_mask.png
114,0.5259375,0.10281249999999999,574.7914308811642,257.73624595469255,1,0.0,0.054345731590049115,0.042553071775547034,1775094594.1362264,5,C:\Users\PC\Desktop\RGMC_2026\RGMC\RGMC\data\map\robot29\images\0114.png,C:\Users\PC\Desktop\RGMC_2026\RGMC\RGMC\data\map\robot29\overlays\0114_overlay.png,C:\Users\PC\Desktop\RGMC_2026\RGMC\RGMC\data\map\robot29\masks\0114_mask.png
115,0.495,0.10281249999999999,574.645643153527,243.96789727126807,1,0.0,0.15992306665782938,0.2940054076856903,1775094603.0553935,5,C:\Users\PC\Desktop\RGMC_2026\RGMC\RGMC\data\map\robot29\images\0115.png,C:\Users\PC\Desktop\RGMC_2026\RGMC\RGMC\data\map\robot29\overlays\0115_overlay.png,C:\Users\PC\Desktop\RGMC_2026\RGMC\RGMC\data\map\robot29\masks\0115_mask.png
116,0.4640625,0.10281249999999999,574.798231511254,231.0104501607717,1,0.0,0.03256021822645082,0.06176918828538366,1775094611.7841606,5,C:\Users\PC\Desktop\RGMC_2026\RGMC\RGMC\data\map\robot29\images\0116.png,C:\Users\PC\Desktop\RGMC_2026\RGMC\RGMC\data\map\robot29\overlays\0116_overlay.png,C:\Users\PC\Desktop\RGMC_2026\RGMC\RGMC\data\map\robot29\masks\0116_mask.png
117,0.433125,0.10281249999999999,574.7447665056361,217.18760064412237,1,0.0,0.0782877832060102,0.26760324332402363,1775094620.5774167,5,C:\Users\PC\Desktop\RGMC_2026\RGMC\RGMC\data\map\robot29\images\0117.png,C:\Users\PC\Desktop\RGMC_2026\RGMC\RGMC\data\map\robot29\overlays\0117_overlay.png,C:\Users\PC\Desktop\RGMC_2026\RGMC\RGMC\data\map\robot29\masks\0117_mask.png
118,0.4021875,0.10281249999999999,574.6910699919549,202.85955056179776,1,0.0,0.11400995762871842,0.04286545635233299,1775094629.4762604,5,C:\Users\PC\Desktop\RGMC_2026\RGMC\RGMC\data\map\robot29\images\0118.png,C:\Users\PC\Desktop\RGMC_2026\RGMC\RGMC\data\map\robot29\overlays\0118_overlay.png,C:\Users\PC\Desktop\RGMC_2026\RGMC\RGMC\data\map\robot29\masks\0118_mask.png
119,0.37124999999999997,0.10281249999999999,574.8934764657308,189.76548307184146,1,0.0,0.056779492094089806,0.052313909834833,1775094638.9361138,5,C:\Users\PC\Desktop\RGMC_2026\RGMC\RGMC\data\map\robot29\images\0119.png,C:\Users\PC\Desktop\RGMC_2026\RGMC\RGMC\data\map\robot29\overlays\0119_overlay.png,C:\Users\PC\Desktop\RGMC_2026\RGMC\RGMC\data\map\robot29\masks\0119_mask.png
120,0.3403125,0.10281249999999999,574.8707375099127,176.0955414012739,1,0.0,0.05591584959742865,0.06971524692191931,1775094647.6535127,5,C:\Users\PC\Desktop\RGMC_2026\RGMC\RGMC\data\map\robot29\images\0120.png,C:\Users\PC\Desktop\RGMC_2026\RGMC\RGMC\data\map\robot29\overlays\0120_overlay.png,C:\Users\PC\Desktop\RGMC_2026\RGMC\RGMC\data\map\robot29\masks\0120_mask.png
121,0.309375,0.10281249999999999,574.4846727423363,162.1322795341098,1,0.0,0.03238741113212828,0.07832021312358974,1775094656.472355,5,C:\Users\PC\Desktop\RGMC_2026\RGMC\RGMC\data\map\robot29\images\0121.png,C:\Users\PC\Desktop\RGMC_2026\RGMC\RGMC\data\map\robot29\overlays\0121_overlay.png,C:\Users\PC\Desktop\RGMC_2026\RGMC\RGMC\data\map\robot29\masks\0121_mask.png
122,0.2784375,0.10281249999999999,574.953488372093,148.9232039636664,1,0.0,0.10717880042937866,0.08724682898006127,1775094665.2548687,5,C:\Users\PC\Desktop\RGMC_2026\RGMC\RGMC\data\map\robot29\images\0122.png,C:\Users\PC\Desktop\RGMC_2026\RGMC\RGMC\data\map\robot29\overlays\0122_overlay.png,C:\Users\PC\Desktop\RGMC_2026\RGMC\RGMC\data\map\robot29\masks\0122_mask.png
123,0.2475,0.10281249999999999,575.0417348608838,134.2532679738562,1,0.0,0.049345841852756714,0.029761427773250193,1775094674.0132625,5,C:\Users\PC\Desktop\RGMC_2026\RGMC\RGMC\data\map\robot29\images\0123.png,C:\Users\PC\Desktop\RGMC_2026\RGMC\RGMC\data\map\robot29\overlays\0123_overlay.png,C:\Users\PC\Desktop\RGMC_2026\RGMC\RGMC\data\map\robot29\masks\0123_mask.png
124,0.2165625,0.10281249999999999,575.2393231265108,121.51442307692308,1,0.0,0.04523266987477989,0.04742344093722694,1775094682.6444035,5,C:\Users\PC\Desktop\RGMC_2026\RGMC\RGMC\data\map\robot29\images\0124.png,C:\Users\PC\Desktop\RGMC_2026\RGMC\RGMC\data\map\robot29\overlays\0124_overlay.png,C:\Users\PC\Desktop\RGMC_2026\RGMC\RGMC\data\map\robot29\masks\0124_mask.png
125,0.18562499999999998,0.10281249999999999,575.3500797448166,107.5303867403315,1,0.0,0.033167425079736704,0.44959019747684115,1775094691.593744,5,C:\Users\PC\Desktop\RGMC_2026\RGMC\RGMC\data\map\robot29\images\0125.png,C:\Users\PC\Desktop\RGMC_2026\RGMC\RGMC\data\map\robot29\overlays\0125_overlay.png,C:\Users\PC\Desktop\RGMC_2026\RGMC\RGMC\data\map\robot29\masks\0125_mask.png
126,0.1546875,0.10281249999999999,575.3486682808717,93.49475383373688,1,0.0,0.03780612258750262,0.04156575364855342,1775094700.3355927,5,C:\Users\PC\Desktop\RGMC_2026\RGMC\RGMC\data\map\robot29\images\0126.png,C:\Users\PC\Desktop\RGMC_2026\RGMC\RGMC\data\map\robot29\overlays\0126_overlay.png,C:\Users\PC\Desktop\RGMC_2026\RGMC\RGMC\data\map\robot29\masks\0126_mask.png
127,0.12375,0.10281249999999999,575.4092307692308,79.87490347490348,1,0.0,0.04779972019492262,0.03663485228040151,1775094709.2523983,5,C:\Users\PC\Desktop\RGMC_2026\RGMC\RGMC\data\map\robot29\images\0127.png,C:\Users\PC\Desktop\RGMC_2026\RGMC\RGMC\data\map\robot29\overlays\0127_overlay.png,C:\Users\PC\Desktop\RGMC_2026\RGMC\RGMC\data\map\robot29\masks\0127_mask.png
128,0.09281249999999999,0.10281249999999999,575.3311897106109,66.66161213088587,1,0.0,0.07997953224480839,0.10763982499472563,1775094719.2550797,5,C:\Users\PC\Desktop\RGMC_2026\RGMC\RGMC\data\map\robot29\images\0128.png,C:\Users\PC\Desktop\RGMC_2026\RGMC\RGMC\data\map\robot29\overlays\0128_overlay.png,C:\Users\PC\Desktop\RGMC_2026\RGMC\RGMC\data\map\robot29\masks\0128_mask.png
129,0.061875,0.10281249999999999,575.5053235053235,52.9025389025389,1,0.0,0.02983030642205503,0.025931698727001903,1775094727.8322926,5,C:\Users\PC\Desktop\RGMC_2026\RGMC\RGMC\data\map\robot29\images\0129.png,C:\Users\PC\Desktop\RGMC_2026\RGMC\RGMC\data\map\robot29\overlays\0129_overlay.png,C:\Users\PC\Desktop\RGMC_2026\RGMC\RGMC\data\map\robot29\masks\0129_mask.png
130,0.0309375,0.10281249999999999,575.5952,38.396,1,0.0,0.0626565054647779,0.09215927240448746,1775094736.4795358,5,C:\Users\PC\Desktop\RGMC_2026\RGMC\RGMC\data\map\robot29\images\0130.png,C:\Users\PC\Desktop\RGMC_2026\RGMC\RGMC\data\map\robot29\overlays\0130_overlay.png,C:\Users\PC\Desktop\RGMC_2026\RGMC\RGMC\data\map\robot29\masks\0130_mask.png
131,0.0,0.10281249999999999,575.2594936708861,24.322809786898183,1,0.0,0.05356922513236402,0.06510156400420003,1775094745.1407187,5,C:\Users\PC\Desktop\RGMC_2026\RGMC\RGMC\data\map\robot29\images\0131.png,C:\Users\PC\Desktop\RGMC_2026\RGMC\RGMC\data\map\robot29\overlays\0131_overlay.png,C:\Users\PC\Desktop\RGMC_2026\RGMC\RGMC\data\map\robot29\masks\0131_mask.png
132,0.0,0.13375,561.0085337470907,24.06020328381548,1,0.0,0.06301177355771477,0.08946170414083846,1775094753.8385332,5,C:\Users\PC\Desktop\RGMC_2026\RGMC\RGMC\data\map\robot29\images\0132.png,C:\Users\PC\Desktop\RGMC_2026\RGMC\RGMC\data\map\robot29\overlays\0132_overlay.png,C:\Users\PC\Desktop\RGMC_2026\RGMC\RGMC\data\map\robot29\masks\0132_mask.png
133,0.0309375,0.13375,560.7620232172471,38.22593800978793,1,0.0,0.11663988071114795,0.17507697473230632,1775094762.5722315,5,C:\Users\PC\Desktop\RGMC_2026\RGMC\RGMC\data\map\robot29\images\0133.png,C:\Users\PC\Desktop\RGMC_2026\RGMC\RGMC\data\map\robot29\overlays\0133_overlay.png,C:\Users\PC\Desktop\RGMC_2026\RGMC\RGMC\data\map\robot29\masks\0133_mask.png
134,0.061875,0.13375,561.100395256917,52.82649842271293,1,0.0,0.07465035614488323,0.3777587444168044,1775094771.1783512,5,C:\Users\PC\Desktop\RGMC_2026\RGMC\RGMC\data\map\robot29\images\0134.png,C:\Users\PC\Desktop\RGMC_2026\RGMC\RGMC\data\map\robot29\overlays\0134_overlay.png,C:\Users\PC\Desktop\RGMC_2026\RGMC\RGMC\data\map\robot29\masks\0134_mask.png
135,0.09281249999999999,0.13375,561.2344,65.84817170111288,1,0.0,0.03140059086604822,0.05659825112942604,1775094779.7736914,5,C:\Users\PC\Desktop\RGMC_2026\RGMC\RGMC\data\map\robot29\images\0135.png,C:\Users\PC\Desktop\RGMC_2026\RGMC\RGMC\data\map\robot29\overlays\0135_overlay.png,C:\Users\PC\Desktop\RGMC_2026\RGMC\RGMC\data\map\robot29\masks\0135_mask.png
136,0.12375,0.13375,561.4278033794163,79.51625094482237,1,0.0,0.05877833497522076,0.039700328213963604,1775094788.4404395,5,C:\Users\PC\Desktop\RGMC_2026\RGMC\RGMC\data\map\robot29\images\0136.png,C:\Users\PC\Desktop\RGMC_2026\RGMC\RGMC\data\map\robot29\overlays\0136_overlay.png,C:\Users\PC\Desktop\RGMC_2026\RGMC\RGMC\data\map\robot29\masks\0136_mask.png
137,0.1546875,0.13375,561.4184615384615,93.57384615384615,1,0.0,0.047344329478834504,0.05345078972081512,1775094797.1395543,5,C:\Users\PC\Desktop\RGMC_2026\RGMC\RGMC\data\map\robot29\images\0137.png,C:\Users\PC\Desktop\RGMC_2026\RGMC\RGMC\data\map\robot29\overlays\0137_overlay.png,C:\Users\PC\Desktop\RGMC_2026\RGMC\RGMC\data\map\robot29\masks\0137_mask.png
138,0.18562499999999998,0.13375,561.3166409861325,107.06245181187356,1,0.0,0.056301449204958734,0.055934575838305516,1775094805.9176629,5,C:\Users\PC\Desktop\RGMC_2026\RGMC\RGMC\data\map\robot29\images\0138.png,C:\Users\PC\Desktop\RGMC_2026\RGMC\RGMC\data\map\robot29\overlays\0138_overlay.png,C:\Users\PC\Desktop\RGMC_2026\RGMC\RGMC\data\map\robot29\masks\0138_mask.png
139,0.2165625,0.13375,561.3821510297482,120.27586206896552,1,0.0,0.04970459974257338,0.27185430838332836,1775094814.9533584,5,C:\Users\PC\Desktop\RGMC_2026\RGMC\RGMC\data\map\robot29\images\0139.png,C:\Users\PC\Desktop\RGMC_2026\RGMC\RGMC\data\map\robot29\overlays\0139_overlay.png,C:\Users\PC\Desktop\RGMC_2026\RGMC\RGMC\data\map\robot29\masks\0139_mask.png
140,0.2475,0.13375,561.449961802903,134.19145690312737,1,0.0,0.05428137551580488,0.09138385881884206,1775094823.6441681,5,C:\Users\PC\Desktop\RGMC_2026\RGMC\RGMC\data\map\robot29\images\0140.png,C:\Users\PC\Desktop\RGMC_2026\RGMC\RGMC\data\map\robot29\overlays\0140_overlay.png,C:\Users\PC\Desktop\RGMC_2026\RGMC\RGMC\data\map\robot29\masks\0140_mask.png
141,0.2784375,0.13375,561.311093871218,148.11979166666666,1,0.0,0.04843832385940963,0.35063892903030114,1775094832.3266814,5,C:\Users\PC\Desktop\RGMC_2026\RGMC\RGMC\data\map\robot29\images\0141.png,C:\Users\PC\Desktop\RGMC_2026\RGMC\RGMC\data\map\robot29\overlays\0141_overlay.png,C:\Users\PC\Desktop\RGMC_2026\RGMC\RGMC\data\map\robot29\masks\0141_mask.png
142,0.309375,0.13375,561.024941543258,161.91944229279628,1,0.0,0.04321905811195042,0.07290071496045543,1775094841.162489,5,C:\Users\PC\Desktop\RGMC_2026\RGMC\RGMC\data\map\robot29\images\0142.png,C:\Users\PC\Desktop\RGMC_2026\RGMC\RGMC\data\map\robot29\overlays\0142_overlay.png,C:\Users\PC\Desktop\RGMC_2026\RGMC\RGMC\data\map\robot29\masks\0142_mask.png
143,0.3403125,0.13375,561.07951987997,175.38622754491018,1,0.0,0.08041477751203421,0.05946075001502558,1775094849.8657722,5,C:\Users\PC\Desktop\RGMC_2026\RGMC\RGMC\data\map\robot29\images\0143.png,C:\Users\PC\Desktop\RGMC_2026\RGMC\RGMC\data\map\robot29\overlays\0143_overlay.png,C:\Users\PC\Desktop\RGMC_2026\RGMC\RGMC\data\map\robot29\masks\0143_mask.png
144,0.37124999999999997,0.13375,561.0039463299132,189.2905779889153,1,0.0,0.3115940153131113,0.053399030310316245,1775094858.714581,5,C:\Users\PC\Desktop\RGMC_2026\RGMC\RGMC\data\map\robot29\images\0144.png,C:\Users\PC\Desktop\RGMC_2026\RGMC\RGMC\data\map\robot29\overlays\0144_overlay.png,C:\Users\PC\Desktop\RGMC_2026\RGMC\RGMC\data\map\robot29\masks\0144_mask.png
145,0.4021875,0.13375,560.6456086286595,202.8412942989214,1,0.0,0.06792072110374216,0.04528326662146154,1775094867.3908372,5,C:\Users\PC\Desktop\RGMC_2026\RGMC\RGMC\data\map\robot29\images\0145.png,C:\Users\PC\Desktop\RGMC_2026\RGMC\RGMC\data\map\robot29\overlays\0145_overlay.png,C:\Users\PC\Desktop\RGMC_2026\RGMC\RGMC\data\map\robot29\masks\0145_mask.png
146,0.433125,0.13375,560.9729311678268,216.16550657385923,1,0.0,0.052384323594292896,0.07362970759119801,1775094876.1722138,5,C:\Users\PC\Desktop\RGMC_2026\RGMC\RGMC\data\map\robot29\images\0146.png,C:\Users\PC\Desktop\RGMC_2026\RGMC\RGMC\data\map\robot29\overlays\0146_overlay.png,C:\Users\PC\Desktop\RGMC_2026\RGMC\RGMC\data\map\robot29\masks\0146_mask.png
147,0.4640625,0.13375,561.0211267605633,229.94909945184025,1,0.0,0.05661633839263237,0.053987984938824875,1775094884.7213864,5,C:\Users\PC\Desktop\RGMC_2026\RGMC\RGMC\data\map\robot29\images\0147.png,C:\Users\PC\Desktop\RGMC_2026\RGMC\RGMC\data\map\robot29\overlays\0147_overlay.png,C:\Users\PC\Desktop\RGMC_2026\RGMC\RGMC\data\map\robot29\masks\0147_mask.png
148,0.495,0.13375,560.867269984917,243.6012084592145,1,0.0,0.051321431841516586,0.051804202413798656,1775094893.4180477,5,C:\Users\PC\Desktop\RGMC_2026\RGMC\RGMC\data\map\robot29\images\0148.png,C:\Users\PC\Desktop\RGMC_2026\RGMC\RGMC\data\map\robot29\overlays\0148_overlay.png,C:\Users\PC\Desktop\RGMC_2026\RGMC\RGMC\data\map\robot29\masks\0148_mask.png
149,0.5259375,0.13375,560.7379095163807,257.6174863387978,1,0.0,0.0202156539563157,0.029484975050107273,1775094902.1794732,5,C:\Users\PC\Desktop\RGMC_2026\RGMC\RGMC\data\map\robot29\images\0149.png,C:\Users\PC\Desktop\RGMC_2026\RGMC\RGMC\data\map\robot29\overlays\0149_overlay.png,C:\Users\PC\Desktop\RGMC_2026\RGMC\RGMC\data\map\robot29\masks\0149_mask.png
150,0.556875,0.13375,560.7971233913702,271.194086429113,1,0.0,0.043583846038877654,0.04003258337719646,1775094910.8810637,5,C:\Users\PC\Desktop\RGMC_2026\RGMC\RGMC\data\map\robot29\images\0150.png,C:\Users\PC\Desktop\RGMC_2026\RGMC\RGMC\data\map\robot29\overlays\0150_overlay.png,C:\Users\PC\Desktop\RGMC_2026\RGMC\RGMC\data\map\robot29\masks\0150_mask.png
151,0.5878125,0.13375,560.1538461538462,284.425,1,0.0,0.09401947928210598,0.09902981576978472,1775094919.6542025,5,C:\Users\PC\Desktop\RGMC_2026\RGMC\RGMC\data\map\robot29\images\0151.png,C:\Users\PC\Desktop\RGMC_2026\RGMC\RGMC\data\map\robot29\overlays\0151_overlay.png,C:\Users\PC\Desktop\RGMC_2026\RGMC\RGMC\data\map\robot29\masks\0151_mask.png
152,0.61875,0.13375,560.5866355866356,297.99530883502734,1,0.0,0.03485975799810118,0.10530567851795598,1775094928.3553286,5,C:\Users\PC\Desktop\RGMC_2026\RGMC\RGMC\data\map\robot29\images\0152.png,C:\Users\PC\Desktop\RGMC_2026\RGMC\RGMC\data\map\robot29\overlays\0152_overlay.png,C:\Users\PC\Desktop\RGMC_2026\RGMC\RGMC\data\map\robot29\masks\0152_mask.png
153,0.6496875,0.13375,560.2380952380952,311.801730920535,1,0.0,0.2537303568876886,0.08323810761961321,1775094937.1916437,5,C:\Users\PC\Desktop\RGMC_2026\RGMC\RGMC\data\map\robot29\images\0153.png,C:\Users\PC\Desktop\RGMC_2026\RGMC\RGMC\data\map\robot29\overlays\0153_overlay.png,C:\Users\PC\Desktop\RGMC_2026\RGMC\RGMC\data\map\robot29\masks\0153_mask.png
154,0.680625,0.13375,560.0711398544867,325.6303837118246,1,0.0,0.2527977182292415,0.03179267062264298,1775094946.05838,5,C:\Users\PC\Desktop\RGMC_2026\RGMC\RGMC\data\map\robot29\images\0154.png,C:\Users\PC\Desktop\RGMC_2026\RGMC\RGMC\data\map\robot29\overlays\0154_overlay.png,C:\Users\PC\Desktop\RGMC_2026\RGMC\RGMC\data\map\robot29\masks\0154_mask.png
155,0.7115625,0.13375,560.5302571860817,339.23738170347,1,0.0,0.2844188751512687,0.013318850146521817,1775094954.7051814,5,C:\Users\PC\Desktop\RGMC_2026\RGMC\RGMC\data\map\robot29\images\0155.png,C:\Users\PC\Desktop\RGMC_2026\RGMC\RGMC\data\map\robot29\overlays\0155_overlay.png,C:\Users\PC\Desktop\RGMC_2026\RGMC\RGMC\data\map\robot29\masks\0155_mask.png
156,0.7424999999999999,0.13375,560.644696969697,352.37813211845105,1,0.0,0.0394607049877744,0.03270740855135382,1775094963.5188875,5,C:\Users\PC\Desktop\RGMC_2026\RGMC\RGMC\data\map\robot29\images\0156.png,C:\Users\PC\Desktop\RGMC_2026\RGMC\RGMC\data\map\robot29\overlays\0156_overlay.png,C:\Users\PC\Desktop\RGMC_2026\RGMC\RGMC\data\map\robot29\masks\0156_mask.png
157,0.7734375,0.13375,560.2252180808882,366.3219666931007,1,0.0,0.05971561446643724,0.09896130606261654,1775094972.2488956,5,C:\Users\PC\Desktop\RGMC_2026\RGMC\RGMC\data\map\robot29\images\0157.png,C:\Users\PC\Desktop\RGMC_2026\RGMC\RGMC\data\map\robot29\overlays\0157_overlay.png,C:\Users\PC\Desktop\RGMC_2026\RGMC\RGMC\data\map\robot29\masks\0157_mask.png
158,0.804375,0.13375,560.1622911694511,379.8536197295147,1,0.0,0.03516650892158429,0.06803162824247912,1775094980.9792266,5,C:\Users\PC\Desktop\RGMC_2026\RGMC\RGMC\data\map\robot29\images\0158.png,C:\Users\PC\Desktop\RGMC_2026\RGMC\RGMC\data\map\robot29\overlays\0158_overlay.png,C:\Users\PC\Desktop\RGMC_2026\RGMC\RGMC\data\map\robot29\masks\0158_mask.png
159,0.8353125,0.13375,560.1591836734694,393.73061224489794,1,0.0,0.057381234120352294,0.11370922963885267,1775094989.8355746,5,C:\Users\PC\Desktop\RGMC_2026\RGMC\RGMC\data\map\robot29\images\0159.png,C:\Users\PC\Desktop\RGMC_2026\RGMC\RGMC\data\map\robot29\overlays\0159_overlay.png,C:\Users\PC\Desktop\RGMC_2026\RGMC\RGMC\data\map\robot29\masks\0159_mask.png
160,0.86625,0.13375,560.0819411296739,407.3385951065509,1,0.0,0.052259568377751794,0.051557772607693356,1775094998.5185165,5,C:\Users\PC\Desktop\RGMC_2026\RGMC\RGMC\data\map\robot29\images\0160.png,C:\Users\PC\Desktop\RGMC_2026\RGMC\RGMC\data\map\robot29\overlays\0160_overlay.png,C:\Users\PC\Desktop\RGMC_2026\RGMC\RGMC\data\map\robot29\masks\0160_mask.png
161,0.8971875,0.13375,560.1468416735029,421.1197703035275,1,0.0,0.015533467399225146,0.04760913630386499,1775095007.7298493,5,C:\Users\PC\Desktop\RGMC_2026\RGMC\RGMC\data\map\robot29\images\0161.png,C:\Users\PC\Desktop\RGMC_2026\RGMC\RGMC\data\map\robot29\overlays\0161_overlay.png,C:\Users\PC\Desktop\RGMC_2026\RGMC\RGMC\data\map\robot29\masks\0161_mask.png
162,0.928125,0.13375,560.0194647201946,434.4732142857143,1,0.0,0.031687848965453805,0.03630694671510455,1775095016.5234232,5,C:\Users\PC\Desktop\RGMC_2026\RGMC\RGMC\data\map\robot29\images\0162.png,C:\Users\PC\Desktop\RGMC_2026\RGMC\RGMC\data\map\robot29\overlays\0162_overlay.png,C:\Users\PC\Desktop\RGMC_2026\RGMC\RGMC\data\map\robot29\masks\0162_mask.png
163,0.9590625,0.13375,560.0821484992101,447.8926014319809,1,0.0,0.02805872565533219,0.02994237826302723,1775095025.2561998,5,C:\Users\PC\Desktop\RGMC_2026\RGMC\RGMC\data\map\robot29\images\0163.png,C:\Users\PC\Desktop\RGMC_2026\RGMC\RGMC\data\map\robot29\overlays\0163_overlay.png,C:\Users\PC\Desktop\RGMC_2026\RGMC\RGMC\data\map\robot29\masks\0163_mask.png
164,0.99,0.13375,559.9083044982699,460.63330457290766,1,0.0,0.03661891184768445,0.03650307877984578,1775095033.8915071,5,C:\Users\PC\Desktop\RGMC_2026\RGMC\RGMC\data\map\robot29\images\0164.png,C:\Users\PC\Desktop\RGMC_2026\RGMC\RGMC\data\map\robot29\overlays\0164_overlay.png,C:\Users\PC\Desktop\RGMC_2026\RGMC\RGMC\data\map\robot29\masks\0164_mask.png
165,0.99,0.16468750000000001,547.0296943231441,460.9763986013986,1,0.0,0.04541957536632309,0.04785688992765759,1775095042.6280754,5,C:\Users\PC\Desktop\RGMC_2026\RGMC\RGMC\data\map\robot29\images\0165.png,C:\Users\PC\Desktop\RGMC_2026\RGMC\RGMC\data\map\robot29\overlays\0165_overlay.png,C:\Users\PC\Desktop\RGMC_2026\RGMC\RGMC\data\map\robot29\masks\0165_mask.png
166,0.9590625,0.16468750000000001,546.5872374798062,448.3523732904264,1,0.0,0.13298589145734072,0.04079456175974075,1775095051.3066251,5,C:\Users\PC\Desktop\RGMC_2026\RGMC\RGMC\data\map\robot29\images\0166.png,C:\Users\PC\Desktop\RGMC_2026\RGMC\RGMC\data\map\robot29\overlays\0166_overlay.png,C:\Users\PC\Desktop\RGMC_2026\RGMC\RGMC\data\map\robot29\masks\0166_mask.png
167,0.928125,0.16468750000000001,545.8109028960818,434.9727722772277,1,0.0,0.23511326263458404,0.03667796980144018,1775095059.9375138,5,C:\Users\PC\Desktop\RGMC_2026\RGMC\RGMC\data\map\robot29\images\0167.png,C:\Users\PC\Desktop\RGMC_2026\RGMC\RGMC\data\map\robot29\overlays\0167_overlay.png,C:\Users\PC\Desktop\RGMC_2026\RGMC\RGMC\data\map\robot29\masks\0167_mask.png
168,0.8971875,0.16468750000000001,545.7235772357724,421.15049342105266,1,0.0,0.22777024260740297,0.06225633888599812,1775095068.542028,5,C:\Users\PC\Desktop\RGMC_2026\RGMC\RGMC\data\map\robot29\images\0168.png,C:\Users\PC\Desktop\RGMC_2026\RGMC\RGMC\data\map\robot29\overlays\0168_overlay.png,C:\Users\PC\Desktop\RGMC_2026\RGMC\RGMC\data\map\robot29\masks\0168_mask.png
169,0.86625,0.16468750000000001,545.1059390048154,407.52156549520765,1,0.0,0.34079326185231656,0.06852758506628082,1775095077.2154362,5,C:\Users\PC\Desktop\RGMC_2026\RGMC\RGMC\data\map\robot29\images\0169.png,C:\Users\PC\Desktop\RGMC_2026\RGMC\RGMC\data\map\robot29\overlays\0169_overlay.png,C:\Users\PC\Desktop\RGMC_2026\RGMC\RGMC\data\map\robot29\masks\0169_mask.png
170,0.8353125,0.16468750000000001,545.9022852639874,394.1516103692066,1,0.0,0.3567823372114651,0.1063945950609954,1775095085.973397,5,C:\Users\PC\Desktop\RGMC_2026\RGMC\RGMC\data\map\robot29\images\0170.png,C:\Users\PC\Desktop\RGMC_2026\RGMC\RGMC\data\map\robot29\overlays\0170_overlay.png,C:\Users\PC\Desktop\RGMC_2026\RGMC\RGMC\data\map\robot29\masks\0170_mask.png
171,0.804375,0.16468750000000001,545.978978978979,380.29559270516717,1,0.0,0.04923567878552442,0.033646199471386376,1775095094.6739166,5,C:\Users\PC\Desktop\RGMC_2026\RGMC\RGMC\data\map\robot29\images\0171.png,C:\Users\PC\Desktop\RGMC_2026\RGMC\RGMC\data\map\robot29\overlays\0171_overlay.png,C:\Users\PC\Desktop\RGMC_2026\RGMC\RGMC\data\map\robot29\masks\0171_mask.png
172,0.7734375,0.16468750000000001,546.0368380660016,366.9429452582884,1,0.0,0.09156061827818941,0.03635100980237859,1775095103.8084974,5,C:\Users\PC\Desktop\RGMC_2026\RGMC\RGMC\data\map\robot29\images\0172.png,C:\Users\PC\Desktop\RGMC_2026\RGMC\RGMC\data\map\robot29\overlays\0172_overlay.png,C:\Users\PC\Desktop\RGMC_2026\RGMC\RGMC\data\map\robot29\masks\0172_mask.png
173,0.7424999999999999,0.16468750000000001,546.136398467433,352.7946360153257,1,0.0,0.3565526176885192,0.07511671638089944,1775095112.6171439,5,C:\Users\PC\Desktop\RGMC_2026\RGMC\RGMC\data\map\robot29\images\0173.png,C:\Users\PC\Desktop\RGMC_2026\RGMC\RGMC\data\map\robot29\overlays\0173_overlay.png,C:\Users\PC\Desktop\RGMC_2026\RGMC\RGMC\data\map\robot29\masks\0173_mask.png
174,0.7115625,0.16468750000000001,546.2048475371383,339.7013291634089,1,0.0,0.3972769021241582,0.09939578408151871,1775095121.2410448,5,C:\Users\PC\Desktop\RGMC_2026\RGMC\RGMC\data\map\robot29\images\0174.png,C:\Users\PC\Desktop\RGMC_2026\RGMC\RGMC\data\map\robot29\overlays\0174_overlay.png,C:\Users\PC\Desktop\RGMC_2026\RGMC\RGMC\data\map\robot29\masks\0174_mask.png
175,0.680625,0.16468750000000001,547.0065573770491,325.97131147540983,1,0.0,0.05797164148392248,0.1146843703077982,1775095129.9702475,5,C:\Users\PC\Desktop\RGMC_2026\RGMC\RGMC\data\map\robot29\images\0175.png,C:\Users\PC\Desktop\RGMC_2026\RGMC\RGMC\data\map\robot29\overlays\0175_overlay.png,C:\Users\PC\Desktop\RGMC_2026\RGMC\RGMC\data\map\robot29\masks\0175_mask.png
176,0.6496875,0.16468750000000001,546.5905511811023,312.27033492822966,1,0.0,0.0785415881761623,0.042506646276648026,1775095138.7642133,5,C:\Users\PC\Desktop\RGMC_2026\RGMC\RGMC\data\map\robot29\images\0176.png,C:\Users\PC\Desktop\RGMC_2026\RGMC\RGMC\data\map\robot29\overlays\0176_overlay.png,C:\Users\PC\Desktop\RGMC_2026\RGMC\RGMC\data\map\robot29\masks\0176_mask.png
177,0.61875,0.16468750000000001,546.9323553382233,298.45758564437193,1,0.0,0.03125333039817845,0.044615518949057395,1775095147.5974073,5,C:\Users\PC\Desktop\RGMC_2026\RGMC\RGMC\data\map\robot29\images\0177.png,C:\Users\PC\Desktop\RGMC_2026\RGMC\RGMC\data\map\robot29\overlays\0177_overlay.png,C:\Users\PC\Desktop\RGMC_2026\RGMC\RGMC\data\map\robot29\masks\0177_mask.png
178,0.5878125,0.16468750000000001,547.1963696369637,285.4336356141797,1,0.0,0.036156456997017784,0.042847113298828225,1775095196.6364057,5,C:\Users\PC\Desktop\RGMC_2026\RGMC\RGMC\data\map\robot29\images\0178.png,C:\Users\PC\Desktop\RGMC_2026\RGMC\RGMC\data\map\robot29\overlays\0178_overlay.png,C:\Users\PC\Desktop\RGMC_2026\RGMC\RGMC\data\map\robot29\masks\0178_mask.png
179,0.556875,0.16468750000000001,547.0735759493671,271.65533596837946,1,0.0,0.14155551958929155,0.0785880312456191,1775095209.711641,5,C:\Users\PC\Desktop\RGMC_2026\RGMC\RGMC\data\map\robot29\images\0179.png,C:\Users\PC\Desktop\RGMC_2026\RGMC\RGMC\data\map\robot29\overlays\0179_overlay.png,C:\Users\PC\Desktop\RGMC_2026\RGMC\RGMC\data\map\robot29\masks\0179_mask.png
180,0.5259375,0.16468750000000001,546.5421393841167,258.0128205128205,1,0.0,0.1639782382339183,0.09417279642398461,1775095223.3231065,5,C:\Users\PC\Desktop\RGMC_2026\RGMC\RGMC\data\map\robot29\images\0180.png,C:\Users\PC\Desktop\RGMC_2026\RGMC\RGMC\data\map\robot29\overlays\0180_overlay.png,C:\Users\PC\Desktop\RGMC_2026\RGMC\RGMC\data\map\robot29\masks\0180_mask.png
181,0.495,0.16468750000000001,547.1884904086739,244.33953112368633,1,0.0,0.030251918132672223,0.31871577280404456,1775098291.9360425,5,C:\Users\PC\Desktop\RGMC_2026\RGMC\RGMC\data\map\robot29\images\0181.png,C:\Users\PC\Desktop\RGMC_2026\RGMC\RGMC\data\map\robot29\overlays\0181_overlay.png,C:\Users\PC\Desktop\RGMC_2026\RGMC\RGMC\data\map\robot29\masks\0181_mask.png
182,0.4640625,0.16468750000000001,547.0752602081666,230.79614767255217,1,0.0,0.020580419013822602,0.050868203577487545,1775098302.5535555,5,C:\Users\PC\Desktop\RGMC_2026\RGMC\RGMC\data\map\robot29\images\0182.png,C:\Users\PC\Desktop\RGMC_2026\RGMC\RGMC\data\map\robot29\overlays\0182_overlay.png,C:\Users\PC\Desktop\RGMC_2026\RGMC\RGMC\data\map\robot29\masks\0182_mask.png
183,0.433125,0.16468750000000001,546.9568106312292,217.02076411960132,1,0.0,0.03747345302543572,0.029543665130826565,1775098313.3240955,5,C:\Users\PC\Desktop\RGMC_2026\RGMC\RGMC\data\map\robot29\images\0183.png,C:\Users\PC\Desktop\RGMC_2026\RGMC\RGMC\data\map\robot29\overlays\0183_overlay.png,C:\Users\PC\Desktop\RGMC_2026\RGMC\RGMC\data\map\robot29\masks\0183_mask.png
184,0.4021875,0.16468750000000001,547.2043795620438,203.19709208400647,1,0.0,0.03633959370247392,0.06097983880148019,1775098324.1668797,5,C:\Users\PC\Desktop\RGMC_2026\RGMC\RGMC\data\map\robot29\images\0184.png,C:\Users\PC\Desktop\RGMC_2026\RGMC\RGMC\data\map\robot29\overlays\0184_overlay.png,C:\Users\PC\Desktop\RGMC_2026\RGMC\RGMC\data\map\robot29\masks\0184_mask.png
185,0.37124999999999997,0.16468750000000001,547.2360999194199,189.73612228479485,1,0.0,0.2825635346235428,0.044426521964527836,1775098341.543031,5,C:\Users\PC\Desktop\RGMC_2026\RGMC\RGMC\data\map\robot29\images\0185.png,C:\Users\PC\Desktop\RGMC_2026\RGMC\RGMC\data\map\robot29\overlays\0185_overlay.png,C:\Users\PC\Desktop\RGMC_2026\RGMC\RGMC\data\map\robot29\masks\0185_mask.png
186,0.3403125,0.16468750000000001,547.0880952380952,175.60958366064415,1,0.0,0.0639376570815949,0.04322944852207219,1775098352.7639954,5,C:\Users\PC\Desktop\RGMC_2026\RGMC\RGMC\data\map\robot29\images\0186.png,C:\Users\PC\Desktop\RGMC_2026\RGMC\RGMC\data\map\robot29\overlays\0186_overlay.png,C:\Users\PC\Desktop\RGMC_2026\RGMC\RGMC\data\map\robot29\masks\0186_mask.png
187,0.309375,0.16468750000000001,547.1270491803278,162.2608695652174,1,0.0,0.03111524087779441,0.07271032321042355,1775098364.232578,5,C:\Users\PC\Desktop\RGMC_2026\RGMC\RGMC\data\map\robot29\images\0187.png,C:\Users\PC\Desktop\RGMC_2026\RGMC\RGMC\data\map\robot29\overlays\0187_overlay.png,C:\Users\PC\Desktop\RGMC_2026\RGMC\RGMC\data\map\robot29\masks\0187_mask.png
188,0.2784375,0.16468750000000001,547.3262987012987,149.24104234527687,1,0.0,0.048274895634065354,0.054643807921691975,1775098374.792459,5,C:\Users\PC\Desktop\RGMC_2026\RGMC\RGMC\data\map\robot29\images\0188.png,C:\Users\PC\Desktop\RGMC_2026\RGMC\RGMC\data\map\robot29\overlays\0188_overlay.png,C:\Users\PC\Desktop\RGMC_2026\RGMC\RGMC\data\map\robot29\masks\0188_mask.png
189,0.2475,0.16468750000000001,547.3747980613894,134.7413096200485,1,0.0,0.043402507213813064,0.03141889966687168,1775098385.6536348,5,C:\Users\PC\Desktop\RGMC_2026\RGMC\RGMC\data\map\robot29\images\0189.png,C:\Users\PC\Desktop\RGMC_2026\RGMC\RGMC\data\map\robot29\overlays\0189_overlay.png,C:\Users\PC\Desktop\RGMC_2026\RGMC\RGMC\data\map\robot29\masks\0189_mask.png
190,0.2165625,0.16468750000000001,547.3655564581641,121.3476848090983,1,0.0,0.021534226678228484,0.014114728515130218,1775098396.400751,5,C:\Users\PC\Desktop\RGMC_2026\RGMC\RGMC\data\map\robot29\images\0190.png,C:\Users\PC\Desktop\RGMC_2026\RGMC\RGMC\data\map\robot29\overlays\0190_overlay.png,C:\Users\PC\Desktop\RGMC_2026\RGMC\RGMC\data\map\robot29\masks\0190_mask.png
191,0.18562499999999998,0.16468750000000001,547.4806324110672,107.63288108539506,1,0.0,0.044906630149172885,0.09438940639790008,1775098407.2778077,5,C:\Users\PC\Desktop\RGMC_2026\RGMC\RGMC\data\map\robot29\images\0191.png,C:\Users\PC\Desktop\RGMC_2026\RGMC\RGMC\data\map\robot29\overlays\0191_overlay.png,C:\Users\PC\Desktop\RGMC_2026\RGMC\RGMC\data\map\robot29\masks\0191_mask.png
192,0.1546875,0.16468750000000001,547.5369458128079,93.76480263157895,1,0.0,0.03326565937496557,0.040484805354539674,1775098418.8282237,5,C:\Users\PC\Desktop\RGMC_2026\RGMC\RGMC\data\map\robot29\images\0192.png,C:\Users\PC\Desktop\RGMC_2026\RGMC\RGMC\data\map\robot29\overlays\0192_overlay.png,C:\Users\PC\Desktop\RGMC_2026\RGMC\RGMC\data\map\robot29\masks\0192_mask.png
193,0.12375,0.16468750000000001,547.6736760124611,79.72897196261682,1,0.0,0.08160206661152741,0.06906621188123789,1775098429.3873267,5,C:\Users\PC\Desktop\RGMC_2026\RGMC\RGMC\data\map\robot29\images\0193.png,C:\Users\PC\Desktop\RGMC_2026\RGMC\RGMC\data\map\robot29\overlays\0193_overlay.png,C:\Users\PC\Desktop\RGMC_2026\RGMC\RGMC\data\map\robot29\masks\0193_mask.png
194,0.09281249999999999,0.16468750000000001,547.6975648075412,66.5799522673031,1,0.0,0.039640357411390346,0.15234077631516998,1775098440.4426115,5,C:\Users\PC\Desktop\RGMC_2026\RGMC\RGMC\data\map\robot29\images\0194.png,C:\Users\PC\Desktop\RGMC_2026\RGMC\RGMC\data\map\robot29\overlays\0194_overlay.png,C:\Users\PC\Desktop\RGMC_2026\RGMC\RGMC\data\map\robot29\masks\0194_mask.png
195,0.061875,0.16468750000000001,547.6639544344996,53.17819365337673,1,0.0,0.04059825173154329,0.3174750600711444,1775098451.11338,5,C:\Users\PC\Desktop\RGMC_2026\RGMC\RGMC\data\map\robot29\images\0195.png,C:\Users\PC\Desktop\RGMC_2026\RGMC\RGMC\data\map\robot29\overlays\0195_overlay.png,C:\Users\PC\Desktop\RGMC_2026\RGMC\RGMC\data\map\robot29\masks\0195_mask.png
196,0.0309375,0.16468750000000001,547.6376695929769,38.68181818181818,1,0.0,0.038934416190935434,0.04883048421151711,1775098461.7580178,5,C:\Users\PC\Desktop\RGMC_2026\RGMC\RGMC\data\map\robot29\images\0196.png,C:\Users\PC\Desktop\RGMC_2026\RGMC\RGMC\data\map\robot29\overlays\0196_overlay.png,C:\Users\PC\Desktop\RGMC_2026\RGMC\RGMC\data\map\robot29\masks\0196_mask.png
197,0.0,0.16468750000000001,547.3636363636364,25.116427432216906,1,0.0,0.02424824859352826,0.3709524955867299,1775098473.1284046,5,C:\Users\PC\Desktop\RGMC_2026\RGMC\RGMC\data\map\robot29\images\0197.png,C:\Users\PC\Desktop\RGMC_2026\RGMC\RGMC\data\map\robot29\overlays\0197_overlay.png,C:\Users\PC\Desktop\RGMC_2026\RGMC\RGMC\data\map\robot29\masks\0197_mask.png
198,0.0,0.195625,534.3787878787879,24.369218500797448,1,0.0,0.032075424185049786,0.34995435920490314,1775098488.9777071,5,C:\Users\PC\Desktop\RGMC_2026\RGMC\RGMC\data\map\robot29\images\0198.png,C:\Users\PC\Desktop\RGMC_2026\RGMC\RGMC\data\map\robot29\overlays\0198_overlay.png,C:\Users\PC\Desktop\RGMC_2026\RGMC\RGMC\data\map\robot29\masks\0198_mask.png
199,0.0309375,0.195625,534.4728744939272,38.254530477759474,1,0.0,0.06418970788228337,0.13507515627934186,1775098501.5702956,5,C:\Users\PC\Desktop\RGMC_2026\RGMC\RGMC\data\map\robot29\images\0199.png,C:\Users\PC\Desktop\RGMC_2026\RGMC\RGMC\data\map\robot29\overlays\0199_overlay.png,C:\Users\PC\Desktop\RGMC_2026\RGMC\RGMC\data\map\robot29\masks\0199_mask.png
200,0.061875,0.195625,534.4817021276596,52.63877715205149,1,0.0,0.4776456069843909,0.04367931463557727,1775098513.1457217,5,C:\Users\PC\Desktop\RGMC_2026\RGMC\RGMC\data\map\robot29\images\0200.png,C:\Users\PC\Desktop\RGMC_2026\RGMC\RGMC\data\map\robot29\overlays\0200_overlay.png,C:\Users\PC\Desktop\RGMC_2026\RGMC\RGMC\data\map\robot29\masks\0200_mask.png
201,0.09281249999999999,0.195625,534.3789126853377,66.12520593080725,1,0.0,0.3980210690552848,0.10797830949674346,1775098524.0304687,5,C:\Users\PC\Desktop\RGMC_2026\RGMC\RGMC\data\map\robot29\images\0201.png,C:\Users\PC\Desktop\RGMC_2026\RGMC\RGMC\data\map\robot29\overlays\0201_overlay.png,C:\Users\PC\Desktop\RGMC_2026\RGMC\RGMC\data\map\robot29\masks\0201_mask.png
202,0.12375,0.195625,533.6980988593156,79.2598001537279,1,0.0,0.09723921639143064,0.10318662126797229,1775098534.6557064,5,C:\Users\PC\Desktop\RGMC_2026\RGMC\RGMC\data\map\robot29\images\0202.png,C:\Users\PC\Desktop\RGMC_2026\RGMC\RGMC\data\map\robot29\overlays\0202_overlay.png,C:\Users\PC\Desktop\RGMC_2026\RGMC\RGMC\data\map\robot29\masks\0202_mask.png
203,0.1546875,0.195625,533.3222748815166,93.30990415335464,1,0.0,0.07598326050929197,0.0613374623443613,1775098545.609557,5,C:\Users\PC\Desktop\RGMC_2026\RGMC\RGMC\data\map\robot29\images\0203.png,C:\Users\PC\Desktop\RGMC_2026\RGMC\RGMC\data\map\robot29\overlays\0203_overlay.png,C:\Users\PC\Desktop\RGMC_2026\RGMC\RGMC\data\map\robot29\masks\0203_mask.png
204,0.18562499999999998,0.195625,533.3537989255564,107.26967150496563,1,0.0,0.05890820996435338,0.05669193436384402,1775098556.3711503,5,C:\Users\PC\Desktop\RGMC_2026\RGMC\RGMC\data\map\robot29\images\0204.png,C:\Users\PC\Desktop\RGMC_2026\RGMC\RGMC\data\map\robot29\overlays\0204_overlay.png,C:\Users\PC\Desktop\RGMC_2026\RGMC\RGMC\data\map\robot29\masks\0204_mask.png
205,0.2165625,0.195625,533.4211369095276,120.95341365461847,1,0.0,0.11729155967630978,0.029252419790282317,1775098567.021267,5,C:\Users\PC\Desktop\RGMC_2026\RGMC\RGMC\data\map\robot29\images\0205.png,C:\Users\PC\Desktop\RGMC_2026\RGMC\RGMC\data\map\robot29\overlays\0205_overlay.png,C:\Users\PC\Desktop\RGMC_2026\RGMC\RGMC\data\map\robot29\masks\0205_mask.png
206,0.2475,0.195625,533.2392686804452,134.05882352941177,1,0.0,0.15107824544765616,0.11852855641990179,1775098577.5836914,5,C:\Users\PC\Desktop\RGMC_2026\RGMC\RGMC\data\map\robot29\images\0206.png,C:\Users\PC\Desktop\RGMC_2026\RGMC\RGMC\data\map\robot29\overlays\0206_overlay.png,C:\Users\PC\Desktop\RGMC_2026\RGMC\RGMC\data\map\robot29\masks\0206_mask.png
207,0.2784375,0.195625,532.9983779399838,148.7097817299919,1,0.0,0.05354427694432833,0.04528254272575651,1775098587.8907344,5,C:\Users\PC\Desktop\RGMC_2026\RGMC\RGMC\data\map\robot29\images\0207.png,C:\Users\PC\Desktop\RGMC_2026\RGMC\RGMC\data\map\robot29\overlays\0207_overlay.png,C:\Users\PC\Desktop\RGMC_2026\RGMC\RGMC\data\map\robot29\masks\0207_mask.png
208,0.309375,0.195625,533.1280193236715,161.4790322580645,1,0.0,0.12770034914558037,0.022116770329721227,1775098598.443278,5,C:\Users\PC\Desktop\RGMC_2026\RGMC\RGMC\data\map\robot29\images\0208.png,C:\Users\PC\Desktop\RGMC_2026\RGMC\RGMC\data\map\robot29\overlays\0208_overlay.png,C:\Users\PC\Desktop\RGMC_2026\RGMC\RGMC\data\map\robot29\masks\0208_mask.png
209,0.3403125,0.195625,532.3735224586288,175.33254901960785,1,0.0,0.04628493150971088,0.024379542414427885,1775098609.422362,5,C:\Users\PC\Desktop\RGMC_2026\RGMC\RGMC\data\map\robot29\images\0209.png,C:\Users\PC\Desktop\RGMC_2026\RGMC\RGMC\data\map\robot29\overlays\0209_overlay.png,C:\Users\PC\Desktop\RGMC_2026\RGMC\RGMC\data\map\robot29\masks\0209_mask.png
210,0.37124999999999997,0.195625,532.5925626515764,189.09677419354838,1,0.0,0.04312101894910509,0.026414279421396836,1775098619.7403677,5,C:\Users\PC\Desktop\RGMC_2026\RGMC\RGMC\data\map\robot29\images\0210.png,C:\Users\PC\Desktop\RGMC_2026\RGMC\RGMC\data\map\robot29\overlays\0210_overlay.png,C:\Users\PC\Desktop\RGMC_2026\RGMC\RGMC\data\map\robot29\masks\0210_mask.png
211,0.4021875,0.195625,532.7004754358162,202.49524564183835,1,0.0,0.09701235609871987,0.07657804958923918,1775098631.1290514,5,C:\Users\PC\Desktop\RGMC_2026\RGMC\RGMC\data\map\robot29\images\0211.png,C:\Users\PC\Desktop\RGMC_2026\RGMC\RGMC\data\map\robot29\overlays\0211_overlay.png,C:\Users\PC\Desktop\RGMC_2026\RGMC\RGMC\data\map\robot29\masks\0211_mask.png
212,0.433125,0.195625,532.3260188087775,216.2678300455235,1,0.0,0.34804063159822823,0.041472970839277465,1775098641.5632849,5,C:\Users\PC\Desktop\RGMC_2026\RGMC\RGMC\data\map\robot29\images\0212.png,C:\Users\PC\Desktop\RGMC_2026\RGMC\RGMC\data\map\robot29\overlays\0212_overlay.png,C:\Users\PC\Desktop\RGMC_2026\RGMC\RGMC\data\map\robot29\masks\0212_mask.png
213,0.4640625,0.195625,532.9494071146245,230.3185770750988,1,0.0,0.15731921805112506,0.08923046732626538,1775098651.8809361,5,C:\Users\PC\Desktop\RGMC_2026\RGMC\RGMC\data\map\robot29\images\0213.png,C:\Users\PC\Desktop\RGMC_2026\RGMC\RGMC\data\map\robot29\overlays\0213_overlay.png,C:\Users\PC\Desktop\RGMC_2026\RGMC\RGMC\data\map\robot29\masks\0213_mask.png
214,0.495,0.195625,532.76280535855,243.58117647058825,1,0.0,0.04975490925144948,0.036559053023305865,1775098662.7201502,5,C:\Users\PC\Desktop\RGMC_2026\RGMC\RGMC\data\map\robot29\images\0214.png,C:\Users\PC\Desktop\RGMC_2026\RGMC\RGMC\data\map\robot29\overlays\0214_overlay.png,C:\Users\PC\Desktop\RGMC_2026\RGMC\RGMC\data\map\robot29\masks\0214_mask.png
215,0.5259375,0.195625,532.9184451219512,256.8894817073171,1,0.0,0.2378201139056219,0.263926857018466,1775098673.0981145,5,C:\Users\PC\Desktop\RGMC_2026\RGMC\RGMC\data\map\robot29\images\0215.png,C:\Users\PC\Desktop\RGMC_2026\RGMC\RGMC\data\map\robot29\overlays\0215_overlay.png,C:\Users\PC\Desktop\RGMC_2026\RGMC\RGMC\data\map\robot29\masks\0215_mask.png
216,0.556875,0.195625,532.8333333333334,270.9992254066615,1,0.0,0.05934167199021777,0.09372677387512911,1775098683.484716,5,C:\Users\PC\Desktop\RGMC_2026\RGMC\RGMC\data\map\robot29\images\0216.png,C:\Users\PC\Desktop\RGMC_2026\RGMC\RGMC\data\map\robot29\overlays\0216_overlay.png,C:\Users\PC\Desktop\RGMC_2026\RGMC\RGMC\data\map\robot29\masks\0216_mask.png
217,0.5878125,0.195625,532.6605284227381,284.1632,1,0.0,0.047637073844320685,0.021104187620625506,1775098953.6983488,5,C:\Users\PC\Desktop\RGMC_2026\RGMC\RGMC\data\map\robot29\images\0217.png,C:\Users\PC\Desktop\RGMC_2026\RGMC\RGMC\data\map\robot29\overlays\0217_overlay.png,C:\Users\PC\Desktop\RGMC_2026\RGMC\RGMC\data\map\robot29\masks\0217_mask.png
218,0.61875,0.195625,532.7721916732129,297.8648860958366,1,0.0,0.21164877439582744,0.055705597327023446,1775098966.3627188,5,C:\Users\PC\Desktop\RGMC_2026\RGMC\RGMC\data\map\robot29\images\0218.png,C:\Users\PC\Desktop\RGMC_2026\RGMC\RGMC\data\map\robot29\overlays\0218_overlay.png,C:\Users\PC\Desktop\RGMC_2026\RGMC\RGMC\data\map\robot29\masks\0218_mask.png
219,0.6496875,0.195625,532.4074360960495,311.7573643410853,1,0.0,0.10760730042148753,0.06844657897797406,1775098979.3979433,5,C:\Users\PC\Desktop\RGMC_2026\RGMC\RGMC\data\map\robot29\images\0219.png,C:\Users\PC\Desktop\RGMC_2026\RGMC\RGMC\data\map\robot29\overlays\0219_overlay.png,C:\Users\PC\Desktop\RGMC_2026\RGMC\RGMC\data\map\robot29\masks\0219_mask.png
220,0.680625,0.195625,531.9966638865722,324.61397670549087,1,0.0,0.1716885023230324,0.05260997508033564,1775098991.1443276,5,C:\Users\PC\Desktop\RGMC_2026\RGMC\RGMC\data\map\robot29\images\0220.png,C:\Users\PC\Desktop\RGMC_2026\RGMC\RGMC\data\map\robot29\overlays\0220_overlay.png,C:\Users\PC\Desktop\RGMC_2026\RGMC\RGMC\data\map\robot29\masks\0220_mask.png
221,0.7115625,0.195625,532.0430622009569,338.9008064516129,1,0.0,0.1004329574709045,0.07398908319204262,1775099003.8450649,5,C:\Users\PC\Desktop\RGMC_2026\RGMC\RGMC\data\map\robot29\images\0221.png,C:\Users\PC\Desktop\RGMC_2026\RGMC\RGMC\data\map\robot29\overlays\0221_overlay.png,C:\Users\PC\Desktop\RGMC_2026\RGMC\RGMC\data\map\robot29\masks\0221_mask.png
222,0.7424999999999999,0.195625,532.3325563325564,352.36907536907535,1,0.0,0.20526800678477328,0.07757217614902077,1775099016.0260646,5,C:\Users\PC\Desktop\RGMC_2026\RGMC\RGMC\data\map\robot29\images\0222.png,C:\Users\PC\Desktop\RGMC_2026\RGMC\RGMC\data\map\robot29\overlays\0222_overlay.png,C:\Users\PC\Desktop\RGMC_2026\RGMC\RGMC\data\map\robot29\masks\0222_mask.png
223,0.7734375,0.195625,531.6917355371901,366.3322341302556,1,0.0,0.2536555464770862,0.09591333649581285,1775099026.5765662,5,C:\Users\PC\Desktop\RGMC_2026\RGMC\RGMC\data\map\robot29\images\0223.png,C:\Users\PC\Desktop\RGMC_2026\RGMC\RGMC\data\map\robot29\overlays\0223_overlay.png,C:\Users\PC\Desktop\RGMC_2026\RGMC\RGMC\data\map\robot29\masks\0223_mask.png
224,0.804375,0.195625,532.1889067524115,379.6504,1,0.0,0.07921378448931703,0.06111008298575183,1775099037.4813485,5,C:\Users\PC\Desktop\RGMC_2026\RGMC\RGMC\data\map\robot29\images\0224.png,C:\Users\PC\Desktop\RGMC_2026\RGMC\RGMC\data\map\robot29\overlays\0224_overlay.png,C:\Users\PC\Desktop\RGMC_2026\RGMC\RGMC\data\map\robot29\masks\0224_mask.png
225,0.8353125,0.195625,531.8487394957983,393.5711987127916,1,0.0,0.2971973708914869,0.05218012046921493,1775099048.0766943,5,C:\Users\PC\Desktop\RGMC_2026\RGMC\RGMC\data\map\robot29\images\0225.png,C:\Users\PC\Desktop\RGMC_2026\RGMC\RGMC\data\map\robot29\overlays\0225_overlay.png,C:\Users\PC\Desktop\RGMC_2026\RGMC\RGMC\data\map\robot29\masks\0225_mask.png
226,0.86625,0.195625,532.1942675159236,407.4296998420221,1,0.0,0.026835725339331658,0.028407980438602366,1775099060.8812282,5,C:\Users\PC\Desktop\RGMC_2026\RGMC\RGMC\data\map\robot29\images\0226.png,C:\Users\PC\Desktop\RGMC_2026\RGMC\RGMC\data\map\robot29\overlays\0226_overlay.png,C:\Users\PC\Desktop\RGMC_2026\RGMC\RGMC\data\map\robot29\masks\0226_mask.png
227,0.8971875,0.195625,532.3371059013743,420.15705128205127,1,0.0,0.10457270846765061,0.3234472698076835,1775099071.4298558,5,C:\Users\PC\Desktop\RGMC_2026\RGMC\RGMC\data\map\robot29\images\0227.png,C:\Users\PC\Desktop\RGMC_2026\RGMC\RGMC\data\map\robot29\overlays\0227_overlay.png,C:\Users\PC\Desktop\RGMC_2026\RGMC\RGMC\data\map\robot29\masks\0227_mask.png
228,0.928125,0.195625,532.2873658133774,434.053024026512,1,0.0,0.025194693442086975,0.0953512482210173,1775099081.911583,5,C:\Users\PC\Desktop\RGMC_2026\RGMC\RGMC\data\map\robot29\images\0228.png,C:\Users\PC\Desktop\RGMC_2026\RGMC\RGMC\data\map\robot29\overlays\0228_overlay.png,C:\Users\PC\Desktop\RGMC_2026\RGMC\RGMC\data\map\robot29\masks\0228_mask.png
229,0.9590625,0.195625,531.6893123446562,448.0156895127993,1,0.0,0.20984960153687374,0.060185545391398934,1775099092.6594667,5,C:\Users\PC\Desktop\RGMC_2026\RGMC\RGMC\data\map\robot29\images\0229.png,C:\Users\PC\Desktop\RGMC_2026\RGMC\RGMC\data\map\robot29\overlays\0229_overlay.png,C:\Users\PC\Desktop\RGMC_2026\RGMC\RGMC\data\map\robot29\masks\0229_mask.png
230,0.99,0.195625,532.2669565217391,460.7008695652174,1,0.0,0.03280468125759314,0.0518379939256994,1775099103.555942,5,C:\Users\PC\Desktop\RGMC_2026\RGMC\RGMC\data\map\robot29\images\0230.png,C:\Users\PC\Desktop\RGMC_2026\RGMC\RGMC\data\map\robot29\overlays\0230_overlay.png,C:\Users\PC\Desktop\RGMC_2026\RGMC\RGMC\data\map\robot29\masks\0230_mask.png
231,0.99,0.2265625,518.8530183727034,460.5021872265967,1,0.0,0.09650914876448034,0.08370978099470341,1775099114.0167146,5,C:\Users\PC\Desktop\RGMC_2026\RGMC\RGMC\data\map\robot29\images\0231.png,C:\Users\PC\Desktop\RGMC_2026\RGMC\RGMC\data\map\robot29\overlays\0231_overlay.png,C:\Users\PC\Desktop\RGMC_2026\RGMC\RGMC\data\map\robot29\masks\0231_mask.png
232,0.9590625,0.2265625,518.84046692607,448.370340999207,1,0.0,0.12539450913997535,0.04293136722524242,1775099124.7216763,5,C:\Users\PC\Desktop\RGMC_2026\RGMC\RGMC\data\map\robot29\images\0232.png,C:\Users\PC\Desktop\RGMC_2026\RGMC\RGMC\data\map\robot29\overlays\0232_overlay.png,C:\Users\PC\Desktop\RGMC_2026\RGMC\RGMC\data\map\robot29\masks\0232_mask.png
233,0.928125,0.2265625,518.8397383483237,434.77667493796525,1,0.0,0.16344127218682206,0.07285991671536406,1775099134.990305,5,C:\Users\PC\Desktop\RGMC_2026\RGMC\RGMC\data\map\robot29\images\0233.png,C:\Users\PC\Desktop\RGMC_2026\RGMC\RGMC\data\map\robot29\overlays\0233_overlay.png,C:\Users\PC\Desktop\RGMC_2026\RGMC\RGMC\data\map\robot29\masks\0233_mask.png
234,0.8971875,0.2265625,518.9585798816568,421.1956339210747,1,0.0,0.08432806239738443,0.026384043605811338,1775099145.2348623,5,C:\Users\PC\Desktop\RGMC_2026\RGMC\RGMC\data\map\robot29\images\0234.png,C:\Users\PC\Desktop\RGMC_2026\RGMC\RGMC\data\map\robot29\overlays\0234_overlay.png,C:\Users\PC\Desktop\RGMC_2026\RGMC\RGMC\data\map\robot29\masks\0234_mask.png
235,0.86625,0.2265625,518.6227495908347,407.4621026894865,1,0.0,0.15137219378342415,0.07670510888525935,1775099155.665166,5,C:\Users\PC\Desktop\RGMC_2026\RGMC\RGMC\data\map\robot29\images\0235.png,C:\Users\PC\Desktop\RGMC_2026\RGMC\RGMC\data\map\robot29\overlays\0235_overlay.png,C:\Users\PC\Desktop\RGMC_2026\RGMC\RGMC\data\map\robot29\masks\0235_mask.png
236,0.8353125,0.2265625,518.9673202614379,394.04905968928864,1,0.0,0.06890721318614879,0.0654905537015105,1775099166.3829517,5,C:\Users\PC\Desktop\RGMC_2026\RGMC\RGMC\data\map\robot29\images\0236.png,C:\Users\PC\Desktop\RGMC_2026\RGMC\RGMC\data\map\robot29\overlays\0236_overlay.png,C:\Users\PC\Desktop\RGMC_2026\RGMC\RGMC\data\map\robot29\masks\0236_mask.png
237,0.804375,0.2265625,518.872271624899,379.78,1,0.0,0.07103806732957114,0.08237459057605012,1775099176.6937566,5,C:\Users\PC\Desktop\RGMC_2026\RGMC\RGMC\data\map\robot29\images\0237.png,C:\Users\PC\Desktop\RGMC_2026\RGMC\RGMC\data\map\robot29\overlays\0237_overlay.png,C:\Users\PC\Desktop\RGMC_2026\RGMC\RGMC\data\map\robot29\masks\0237_mask.png
238,0.7734375,0.2265625,518.6802610114192,366.6517128874388,1,0.0,0.20667206349414582,0.13416380339524522,1775099188.0431015,5,C:\Users\PC\Desktop\RGMC_2026\RGMC\RGMC\data\map\robot29\images\0238.png,C:\Users\PC\Desktop\RGMC_2026\RGMC\RGMC\data\map\robot29\overlays\0238_overlay.png,C:\Users\PC\Desktop\RGMC_2026\RGMC\RGMC\data\map\robot29\masks\0238_mask.png
239,0.7424999999999999,0.2265625,519.0904799370575,353.4317998385795,1,0.0,0.04849222279910189,0.31887258940553836,1775099198.796281,5,C:\Users\PC\Desktop\RGMC_2026\RGMC\RGMC\data\map\robot29\images\0239.png,C:\Users\PC\Desktop\RGMC_2026\RGMC\RGMC\data\map\robot29\overlays\0239_overlay.png,C:\Users\PC\Desktop\RGMC_2026\RGMC\RGMC\data\map\robot29\masks\0239_mask.png
240,0.7115625,0.2265625,518.9297685554669,339.4054269752594,1,0.0,0.02096352680243746,0.019419212250868515,1775099209.094663,5,C:\Users\PC\Desktop\RGMC_2026\RGMC\RGMC\data\map\robot29\images\0240.png,C:\Users\PC\Desktop\RGMC_2026\RGMC\RGMC\data\map\robot29\overlays\0240_overlay.png,C:\Users\PC\Desktop\RGMC_2026\RGMC\RGMC\data\map\robot29\masks\0240_mask.png
241,0.680625,0.2265625,519.055601659751,325.74190871369296,1,0.0,0.04280899555005929,0.05017679249402982,1775099219.8502052,5,C:\Users\PC\Desktop\RGMC_2026\RGMC\RGMC\data\map\robot29\images\0241.png,C:\Users\PC\Desktop\RGMC_2026\RGMC\RGMC\data\map\robot29\overlays\0241_overlay.png,C:\Users\PC\Desktop\RGMC_2026\RGMC\RGMC\data\map\robot29\masks\0241_mask.png
242,0.6496875,0.2265625,519.0701892744479,312.3044515103339,1,0.0,0.07765202016310854,0.06110467440360504,1775099230.5035195,5,C:\Users\PC\Desktop\RGMC_2026\RGMC\RGMC\data\map\robot29\images\0242.png,C:\Users\PC\Desktop\RGMC_2026\RGMC\RGMC\data\map\robot29\overlays\0242_overlay.png,C:\Users\PC\Desktop\RGMC_2026\RGMC\RGMC\data\map\robot29\masks\0242_mask.png
243,0.61875,0.2265625,519.1087314662274,298.15663643858204,1,0.0,0.020364062118784984,0.04017665728342727,1775099240.9369042,5,C:\Users\PC\Desktop\RGMC_2026\RGMC\RGMC\data\map\robot29\images\0243.png,C:\Users\PC\Desktop\RGMC_2026\RGMC\RGMC\data\map\robot29\overlays\0243_overlay.png,C:\Users\PC\Desktop\RGMC_2026\RGMC\RGMC\data\map\robot29\masks\0243_mask.png
244,0.5878125,0.2265625,519.1582435791217,285.1973575557391,1,0.0,0.04409121588487796,0.03759253673427148,1775099252.1758602,5,C:\Users\PC\Desktop\RGMC_2026\RGMC\RGMC\data\map\robot29\images\0244.png,C:\Users\PC\Desktop\RGMC_2026\RGMC\RGMC\data\map\robot29\overlays\0244_overlay.png,C:\Users\PC\Desktop\RGMC_2026\RGMC\RGMC\data\map\robot29\masks\0244_mask.png
245,0.556875,0.2265625,519.438411669368,271.6,1,0.0,0.04310254099440511,0.04431342498092717,1775099262.5073166,5,C:\Users\PC\Desktop\RGMC_2026\RGMC\RGMC\data\map\robot29\images\0245.png,C:\Users\PC\Desktop\RGMC_2026\RGMC\RGMC\data\map\robot29\overlays\0245_overlay.png,C:\Users\PC\Desktop\RGMC_2026\RGMC\RGMC\data\map\robot29\masks\0245_mask.png
246,0.5259375,0.2265625,519.1500829187396,257.4011579818031,1,0.0,0.02180650195381417,0.23957420061143891,1775099274.2217271,5,C:\Users\PC\Desktop\RGMC_2026\RGMC\RGMC\data\map\robot29\images\0246.png,C:\Users\PC\Desktop\RGMC_2026\RGMC\RGMC\data\map\robot29\overlays\0246_overlay.png,C:\Users\PC\Desktop\RGMC_2026\RGMC\RGMC\data\map\robot29\masks\0246_mask.png
247,0.495,0.2265625,519.3001592356688,244.65285832642917,1,0.0,0.035373519446097366,0.3346422465739619,1775099284.9357579,5,C:\Users\PC\Desktop\RGMC_2026\RGMC\RGMC\data\map\robot29\images\0247.png,C:\Users\PC\Desktop\RGMC_2026\RGMC\RGMC\data\map\robot29\overlays\0247_overlay.png,C:\Users\PC\Desktop\RGMC_2026\RGMC\RGMC\data\map\robot29\masks\0247_mask.png
248,0.4640625,0.2265625,519.3208598726114,230.8184713375796,1,0.0,0.02341293611023586,0.07286909258010017,1775099295.4850676,5,C:\Users\PC\Desktop\RGMC_2026\RGMC\RGMC\data\map\robot29\images\0248.png,C:\Users\PC\Desktop\RGMC_2026\RGMC\RGMC\data\map\robot29\overlays\0248_overlay.png,C:\Users\PC\Desktop\RGMC_2026\RGMC\RGMC\data\map\robot29\masks\0248_mask.png
249,0.433125,0.2265625,519.3737704918033,217.22641509433961,1,0.0,0.04689806696530207,0.3453576001668804,1775099309.1196144,5,C:\Users\PC\Desktop\RGMC_2026\RGMC\RGMC\data\map\robot29\images\0249.png,C:\Users\PC\Desktop\RGMC_2026\RGMC\RGMC\data\map\robot29\overlays\0249_overlay.png,C:\Users\PC\Desktop\RGMC_2026\RGMC\RGMC\data\map\robot29\masks\0249_mask.png
250,0.4021875,0.2265625,519.2888,202.8584,1,0.0,0.07403473657223901,0.04471341844204797,1775099320.7870495,5,C:\Users\PC\Desktop\RGMC_2026\RGMC\RGMC\data\map\robot29\images\0250.png,C:\Users\PC\Desktop\RGMC_2026\RGMC\RGMC\data\map\robot29\overlays\0250_overlay.png,C:\Users\PC\Desktop\RGMC_2026\RGMC\RGMC\data\map\robot29\masks\0250_mask.png
251,0.37124999999999997,0.2265625,519.3264971287941,189.4690048939641,1,0.0,0.04343865222043131,0.05876926769814392,1775099331.3774815,5,C:\Users\PC\Desktop\RGMC_2026\RGMC\RGMC\data\map\robot29\images\0251.png,C:\Users\PC\Desktop\RGMC_2026\RGMC\RGMC\data\map\robot29\overlays\0251_overlay.png,C:\Users\PC\Desktop\RGMC_2026\RGMC\RGMC\data\map\robot29\masks\0251_mask.png
252,0.3403125,0.2265625,519.4761904761905,175.57857142857142,1,0.0,0.04927406066657626,0.06707625250606955,1775099341.6869798,5,C:\Users\PC\Desktop\RGMC_2026\RGMC\RGMC\data\map\robot29\images\0252.png,C:\Users\PC\Desktop\RGMC_2026\RGMC\RGMC\data\map\robot29\overlays\0252_overlay.png,C:\Users\PC\Desktop\RGMC_2026\RGMC\RGMC\data\map\robot29\masks\0252_mask.png
253,0.309375,0.2265625,519.2078559738134,161.7183908045977,1,0.0,0.021543133041685973,0.04236514410294997,1775099352.804519,5,C:\Users\PC\Desktop\RGMC_2026\RGMC\RGMC\data\map\robot29\images\0253.png,C:\Users\PC\Desktop\RGMC_2026\RGMC\RGMC\data\map\robot29\overlays\0253_overlay.png,C:\Users\PC\Desktop\RGMC_2026\RGMC\RGMC\data\map\robot29\masks\0253_mask.png
254,0.2784375,0.2265625,519.4548440065681,148.92459016393443,1,0.0,0.04523379899713235,0.06041472119958383,1775099363.3757317,5,C:\Users\PC\Desktop\RGMC_2026\RGMC\RGMC\data\map\robot29\images\0254.png,C:\Users\PC\Desktop\RGMC_2026\RGMC\RGMC\data\map\robot29\overlays\0254_overlay.png,C:\Users\PC\Desktop\RGMC_2026\RGMC\RGMC\data\map\robot29\masks\0254_mask.png
255,0.2475,0.2265625,519.6894117647059,134.8553557466771,1,0.0,0.035089617014610885,0.02601481174547053,1775099374.0255141,5,C:\Users\PC\Desktop\RGMC_2026\RGMC\RGMC\data\map\robot29\images\0255.png,C:\Users\PC\Desktop\RGMC_2026\RGMC\RGMC\data\map\robot29\overlays\0255_overlay.png,C:\Users\PC\Desktop\RGMC_2026\RGMC\RGMC\data\map\robot29\masks\0255_mask.png
256,0.2165625,0.2265625,519.5291700903862,121.39721539721539,1,0.0,0.02854823034979351,0.0343250255504767,1775099384.9766085,5,C:\Users\PC\Desktop\RGMC_2026\RGMC\RGMC\data\map\robot29\images\0256.png,C:\Users\PC\Desktop\RGMC_2026\RGMC\RGMC\data\map\robot29\overlays\0256_overlay.png,C:\Users\PC\Desktop\RGMC_2026\RGMC\RGMC\data\map\robot29\masks\0256_mask.png
257,0.18562499999999998,0.2265625,519.7215592680986,107.42845786963434,1,0.0,0.05624058166477122,0.08365660786635355,1775099396.6681063,5,C:\Users\PC\Desktop\RGMC_2026\RGMC\RGMC\data\map\robot29\images\0257.png,C:\Users\PC\Desktop\RGMC_2026\RGMC\RGMC\data\map\robot29\overlays\0257_overlay.png,C:\Users\PC\Desktop\RGMC_2026\RGMC\RGMC\data\map\robot29\masks\0257_mask.png
258,0.1546875,0.2265625,519.78025477707,93.9706582077716,1,0.0,0.047383697830015184,0.15611526260620942,1775099407.423847,5,C:\Users\PC\Desktop\RGMC_2026\RGMC\RGMC\data\map\robot29\images\0258.png,C:\Users\PC\Desktop\RGMC_2026\RGMC\RGMC\data\map\robot29\overlays\0258_overlay.png,C:\Users\PC\Desktop\RGMC_2026\RGMC\RGMC\data\map\robot29\masks\0258_mask.png
259,0.12375,0.2265625,519.9921011058452,79.85939968404423,1,0.0,0.06859565352304041,0.0955003973755439,1775099418.478364,5,C:\Users\PC\Desktop\RGMC_2026\RGMC\RGMC\data\map\robot29\images\0259.png,C:\Users\PC\Desktop\RGMC_2026\RGMC\RGMC\data\map\robot29\overlays\0259_overlay.png,C:\Users\PC\Desktop\RGMC_2026\RGMC\RGMC\data\map\robot29\masks\0259_mask.png
260,0.09281249999999999,0.2265625,520.0354552780016,66.28032128514056,1,0.0,0.05150882929937216,0.0378719351444647,1775099429.1288774,5,C:\Users\PC\Desktop\RGMC_2026\RGMC\RGMC\data\map\robot29\images\0260.png,C:\Users\PC\Desktop\RGMC_2026\RGMC\RGMC\data\map\robot29\overlays\0260_overlay.png,C:\Users\PC\Desktop\RGMC_2026\RGMC\RGMC\data\map\robot29\masks\0260_mask.png
261,0.061875,0.2265625,519.9064,53.18306451612903,1,0.0,0.04606503638731497,0.047976862399888076,1775099439.9661424,5,C:\Users\PC\Desktop\RGMC_2026\RGMC\RGMC\data\map\robot29\images\0261.png,C:\Users\PC\Desktop\RGMC_2026\RGMC\RGMC\data\map\robot29\overlays\0261_overlay.png,C:\Users\PC\Desktop\RGMC_2026\RGMC\RGMC\data\map\robot29\masks\0261_mask.png
262,0.0309375,0.2265625,520.1451229183187,38.83095238095238,1,0.0,0.043089764741428914,0.029084621131244316,1775099451.0226994,5,C:\Users\PC\Desktop\RGMC_2026\RGMC\RGMC\data\map\robot29\images\0262.png,C:\Users\PC\Desktop\RGMC_2026\RGMC\RGMC\data\map\robot29\overlays\0262_overlay.png,C:\Users\PC\Desktop\RGMC_2026\RGMC\RGMC\data\map\robot29\masks\0262_mask.png
263,0.0,0.2265625,519.8875502008032,24.403937007874017,1,0.0,0.03203111505471494,0.13214859950993663,1775099461.4801726,5,C:\Users\PC\Desktop\RGMC_2026\RGMC\RGMC\data\map\robot29\images\0263.png,C:\Users\PC\Desktop\RGMC_2026\RGMC\RGMC\data\map\robot29\overlays\0263_overlay.png,C:\Users\PC\Desktop\RGMC_2026\RGMC\RGMC\data\map\robot29\masks\0263_mask.png
264,0.0,0.2575,505.86848072562356,24.28051554207733,1,0.0,0.04562645700877971,0.08872520170087544,1775099471.4218817,5,C:\Users\PC\Desktop\RGMC_2026\RGMC\RGMC\data\map\robot29\images\0264.png,C:\Users\PC\Desktop\RGMC_2026\RGMC\RGMC\data\map\robot29\overlays\0264_overlay.png,C:\Users\PC\Desktop\RGMC_2026\RGMC\RGMC\data\map\robot29\masks\0264_mask.png
265,0.0309375,0.2575,505.90588235294115,38.304280155642026,1,0.0,0.07049950311495833,0.07759093680988483,1775099481.7634194,5,C:\Users\PC\Desktop\RGMC_2026\RGMC\RGMC\data\map\robot29\images\0265.png,C:\Users\PC\Desktop\RGMC_2026\RGMC\RGMC\data\map\robot29\overlays\0265_overlay.png,C:\Users\PC\Desktop\RGMC_2026\RGMC\RGMC\data\map\robot29\masks\0265_mask.png
266,0.061875,0.2575,505.972581873572,52.10422960725076,1,0.0,0.0757576715124853,0.05966586209139229,1775099492.6337585,5,C:\Users\PC\Desktop\RGMC_2026\RGMC\RGMC\data\map\robot29\images\0266.png,C:\Users\PC\Desktop\RGMC_2026\RGMC\RGMC\data\map\robot29\overlays\0266_overlay.png,C:\Users\PC\Desktop\RGMC_2026\RGMC\RGMC\data\map\robot29\masks\0266_mask.png
267,0.09281249999999999,0.2575,506.12308930008044,65.72857142857143,1,0.0,0.05193739740491941,0.03164743365002044,1775099503.1460662,5,C:\Users\PC\Desktop\RGMC_2026\RGMC\RGMC\data\map\robot29\images\0267.png,C:\Users\PC\Desktop\RGMC_2026\RGMC\RGMC\data\map\robot29\overlays\0267_overlay.png,C:\Users\PC\Desktop\RGMC_2026\RGMC\RGMC\data\map\robot29\masks\0267_mask.png
268,0.12375,0.2575,506.0150489089541,79.40501519756839,1,0.0,0.09713064565178964,0.057153315684197986,1775099513.810978,5,C:\Users\PC\Desktop\RGMC_2026\RGMC\RGMC\data\map\robot29\images\0268.png,C:\Users\PC\Desktop\RGMC_2026\RGMC\RGMC\data\map\robot29\overlays\0268_overlay.png,C:\Users\PC\Desktop\RGMC_2026\RGMC\RGMC\data\map\robot29\masks\0268_mask.png
269,0.1546875,0.2575,506.03269537480065,93.51993620414673,1,0.0,0.05661246410009965,0.03227813925086705,1775099524.2764242,5,C:\Users\PC\Desktop\RGMC_2026\RGMC\RGMC\data\map\robot29\images\0269.png,C:\Users\PC\Desktop\RGMC_2026\RGMC\RGMC\data\map\robot29\overlays\0269_overlay.png,C:\Users\PC\Desktop\RGMC_2026\RGMC\RGMC\data\map\robot29\masks\0269_mask.png
270,0.18562499999999998,0.2575,505.903785488959,107.01104100946372,1,0.0,0.07235165733982776,0.06398080965210547,1775099534.7044358,5,C:\Users\PC\Desktop\RGMC_2026\RGMC\RGMC\data\map\robot29\images\0270.png,C:\Users\PC\Desktop\RGMC_2026\RGMC\RGMC\data\map\robot29\overlays\0270_overlay.png,C:\Users\PC\Desktop\RGMC_2026\RGMC\RGMC\data\map\robot29\masks\0270_mask.png
271,0.2165625,0.2575,505.7536,120.94515103338632,1,0.0,0.05953418337933498,0.029489426128590485,1775099545.5473456,5,C:\Users\PC\Desktop\RGMC_2026\RGMC\RGMC\data\map\robot29\images\0271.png,C:\Users\PC\Desktop\RGMC_2026\RGMC\RGMC\data\map\robot29\overlays\0271_overlay.png,C:\Users\PC\Desktop\RGMC_2026\RGMC\RGMC\data\map\robot29\masks\0271_mask.png
272,0.2475,0.2575,505.96366508688783,134.18818897637794,1,0.0,0.03417803829802449,0.06206190217358043,1775099555.9203281,5,C:\Users\PC\Desktop\RGMC_2026\RGMC\RGMC\data\map\robot29\images\0272.png,C:\Users\PC\Desktop\RGMC_2026\RGMC\RGMC\data\map\robot29\overlays\0272_overlay.png,C:\Users\PC\Desktop\RGMC_2026\RGMC\RGMC\data\map\robot29\masks\0272_mask.png
273,0.2784375,0.2575,505.1421568627451,147.78593996840442,1,0.0,0.09717518448599402,0.36006776875864566,1775099567.4573011,5,C:\Users\PC\Desktop\RGMC_2026\RGMC\RGMC\data\map\robot29\images\0273.png,C:\Users\PC\Desktop\RGMC_2026\RGMC\RGMC\data\map\robot29\overlays\0273_overlay.png,C:\Users\PC\Desktop\RGMC_2026\RGMC\RGMC\data\map\robot29\masks\0273_mask.png
274,0.309375,0.2575,505.4504792332268,161.48426150121065,1,0.0,0.11095623168058713,0.045217833966357125,1775099578.2114038,5,C:\Users\PC\Desktop\RGMC_2026\RGMC\RGMC\data\map\robot29\images\0274.png,C:\Users\PC\Desktop\RGMC_2026\RGMC\RGMC\data\map\robot29\overlays\0274_overlay.png,C:\Users\PC\Desktop\RGMC_2026\RGMC\RGMC\data\map\robot29\masks\0274_mask.png
275,0.3403125,0.2575,504.77450980392155,175.03330625507718,1,0.0,0.056087939745592175,0.06539847204009337,1775099588.6768565,5,C:\Users\PC\Desktop\RGMC_2026\RGMC\RGMC\data\map\robot29\images\0275.png,C:\Users\PC\Desktop\RGMC_2026\RGMC\RGMC\data\map\robot29\overlays\0275_overlay.png,C:\Users\PC\Desktop\RGMC_2026\RGMC\RGMC\data\map\robot29\masks\0275_mask.png
276,0.37124999999999997,0.2575,505.9485420240137,189.27787021630616,1,0.0,0.24488954362407667,0.13158249596240915,1775099599.2048044,5,C:\Users\PC\Desktop\RGMC_2026\RGMC\RGMC\data\map\robot29\images\0276.png,C:\Users\PC\Desktop\RGMC_2026\RGMC\RGMC\data\map\robot29\overlays\0276_overlay.png,C:\Users\PC\Desktop\RGMC_2026\RGMC\RGMC\data\map\robot29\masks\0276_mask.png
277,0.4021875,0.2575,506.21008403361344,202.66498740554155,1,0.0,0.30918559998564843,0.013334333269496354,1775099609.9569576,5,C:\Users\PC\Desktop\RGMC_2026\RGMC\RGMC\data\map\robot29\images\0277.png,C:\Users\PC\Desktop\RGMC_2026\RGMC\RGMC\data\map\robot29\overlays\0277_overlay.png,C:\Users\PC\Desktop\RGMC_2026\RGMC\RGMC\data\map\robot29\masks\0277_mask.png
278,0.433125,0.2575,505.9083003952569,216.36089030206676,1,0.0,0.1341347314057616,0.05210131434198496,1775099620.5988536,5,C:\Users\PC\Desktop\RGMC_2026\RGMC\RGMC\data\map\robot29\images\0278.png,C:\Users\PC\Desktop\RGMC_2026\RGMC\RGMC\data\map\robot29\overlays\0278_overlay.png,C:\Users\PC\Desktop\RGMC_2026\RGMC\RGMC\data\map\robot29\masks\0278_mask.png
279,0.4640625,0.2575,506.2961476725522,230.4968,1,0.0,0.06955244700357652,0.1264334175855703,1775099631.3760343,5,C:\Users\PC\Desktop\RGMC_2026\RGMC\RGMC\data\map\robot29\images\0279.png,C:\Users\PC\Desktop\RGMC_2026\RGMC\RGMC\data\map\robot29\overlays\0279_overlay.png,C:\Users\PC\Desktop\RGMC_2026\RGMC\RGMC\data\map\robot29\masks\0279_mask.png
280,0.495,0.2575,506.425,243.63416666666666,1,0.0,0.1742432906323142,0.09311426429003165,1775099642.3053606,5,C:\Users\PC\Desktop\RGMC_2026\RGMC\RGMC\data\map\robot29\images\0280.png,C:\Users\PC\Desktop\RGMC_2026\RGMC\RGMC\data\map\robot29\overlays\0280_overlay.png,C:\Users\PC\Desktop\RGMC_2026\RGMC\RGMC\data\map\robot29\masks\0280_mask.png
281,0.5259375,0.2575,506.20236087689716,257.6205733558179,1,0.0,0.07916421590702653,0.07350172544146373,1775099652.8617294,5,C:\Users\PC\Desktop\RGMC_2026\RGMC\RGMC\data\map\robot29\images\0281.png,C:\Users\PC\Desktop\RGMC_2026\RGMC\RGMC\data\map\robot29\overlays\0281_overlay.png,C:\Users\PC\Desktop\RGMC_2026\RGMC\RGMC\data\map\robot29\masks\0281_mask.png
282,0.556875,0.2575,506.81213142375736,270.93333333333334,1,0.0,0.07793024207249724,0.08875257976314414,1775099663.2043386,5,C:\Users\PC\Desktop\RGMC_2026\RGMC\RGMC\data\map\robot29\images\0282.png,C:\Users\PC\Desktop\RGMC_2026\RGMC\RGMC\data\map\robot29\overlays\0282_overlay.png,C:\Users\PC\Desktop\RGMC_2026\RGMC\RGMC\data\map\robot29\masks\0282_mask.png
283,0.5878125,0.2575,505.60178426601783,284.4976599063963,1,0.0,0.0717520128056258,0.3135788994417013,1775099674.2573009,5,C:\Users\PC\Desktop\RGMC_2026\RGMC\RGMC\data\map\robot29\images\0283.png,C:\Users\PC\Desktop\RGMC_2026\RGMC\RGMC\data\map\robot29\overlays\0283_overlay.png,C:\Users\PC\Desktop\RGMC_2026\RGMC\RGMC\data\map\robot29\masks\0283_mask.png
284,0.61875,0.2575,505.51591836734696,298.07272727272726,1,0.0,0.23901556111900424,0.15733651448287256,1775099685.3424635,5,C:\Users\PC\Desktop\RGMC_2026\RGMC\RGMC\data\map\robot29\images\0284.png,C:\Users\PC\Desktop\RGMC_2026\RGMC\RGMC\data\map\robot29\overlays\0284_overlay.png,C:\Users\PC\Desktop\RGMC_2026\RGMC\RGMC\data\map\robot29\masks\0284_mask.png
285,0.6496875,0.2575,505.6568236233041,311.6259109311741,1,0.0,0.1075474237297184,0.03226651067499026,1775099695.9001899,5,C:\Users\PC\Desktop\RGMC_2026\RGMC\RGMC\data\map\robot29\images\0285.png,C:\Users\PC\Desktop\RGMC_2026\RGMC\RGMC\data\map\robot29\overlays\0285_overlay.png,C:\Users\PC\Desktop\RGMC_2026\RGMC\RGMC\data\map\robot29\masks\0285_mask.png
286,0.680625,0.2575,505.5008547008547,325.502999143102,1,0.0,0.11606428894917899,1.1372468394104207,1775099707.357948,5,C:\Users\PC\Desktop\RGMC_2026\RGMC\RGMC\data\map\robot29\images\0286.png,C:\Users\PC\Desktop\RGMC_2026\RGMC\RGMC\data\map\robot29\overlays\0286_overlay.png,C:\Users\PC\Desktop\RGMC_2026\RGMC\RGMC\data\map\robot29\masks\0286_mask.png
287,0.7115625,0.2575,505.5530179445351,339.12994350282486,1,0.0,0.20234119720223273,0.031075833334741777,1775099717.9858208,5,C:\Users\PC\Desktop\RGMC_2026\RGMC\RGMC\data\map\robot29\images\0287.png,C:\Users\PC\Desktop\RGMC_2026\RGMC\RGMC\data\map\robot29\overlays\0287_overlay.png,C:\Users\PC\Desktop\RGMC_2026\RGMC\RGMC\data\map\robot29\masks\0287_mask.png
288,0.7424999999999999,0.2575,505.17154150197626,352.3707509881423,1,0.0,0.17443627985844865,0.07158288966224195,1775099728.7521563,5,C:\Users\PC\Desktop\RGMC_2026\RGMC\RGMC\data\map\robot29\images\0288.png,C:\Users\PC\Desktop\RGMC_2026\RGMC\RGMC\data\map\robot29\overlays\0288_overlay.png,C:\Users\PC\Desktop\RGMC_2026\RGMC\RGMC\data\map\robot29\masks\0288_mask.png
289,0.7734375,0.2575,504.65390879478826,366.0527597402597,1,0.0,0.33254206151383586,0.0767017596078176,1775099741.639002,5,C:\Users\PC\Desktop\RGMC_2026\RGMC\RGMC\data\map\robot29\images\0289.png,C:\Users\PC\Desktop\RGMC_2026\RGMC\RGMC\data\map\robot29\overlays\0289_overlay.png,C:\Users\PC\Desktop\RGMC_2026\RGMC\RGMC\data\map\robot29\masks\0289_mask.png
290,0.804375,0.2575,504.65783132530123,379.41204819277107,1,0.0,0.31314879979469046,0.06258626965250748,1775099752.1894336,5,C:\Users\PC\Desktop\RGMC_2026\RGMC\RGMC\data\map\robot29\images\0290.png,C:\Users\PC\Desktop\RGMC_2026\RGMC\RGMC\data\map\robot29\overlays\0290_overlay.png,C:\Users\PC\Desktop\RGMC_2026\RGMC\RGMC\data\map\robot29\masks\0290_mask.png
291,0.8353125,0.2575,504.5651828298887,392.6773418734988,1,0.0,0.05262648039196383,0.35247469688281846,1775099763.3688445,5,C:\Users\PC\Desktop\RGMC_2026\RGMC\RGMC\data\map\robot29\images\0291.png,C:\Users\PC\Desktop\RGMC_2026\RGMC\RGMC\data\map\robot29\overlays\0291_overlay.png,C:\Users\PC\Desktop\RGMC_2026\RGMC\RGMC\data\map\robot29\masks\0291_mask.png
292,0.86625,0.2575,504.69317269076305,406.92289156626504,1,0.0,0.010939174442986898,0.014830894961149869,1775099774.325551,5,C:\Users\PC\Desktop\RGMC_2026\RGMC\RGMC\data\map\robot29\images\0292.png,C:\Users\PC\Desktop\RGMC_2026\RGMC\RGMC\data\map\robot29\overlays\0292_overlay.png,C:\Users\PC\Desktop\RGMC_2026\RGMC\RGMC\data\map\robot29\masks\0292_mask.png
293,0.8971875,0.2575,504.6320064987815,420.8797308662742,1,0.0,0.04650525009774741,0.4016463503158313,1775099784.9813359,5,C:\Users\PC\Desktop\RGMC_2026\RGMC\RGMC\data\map\robot29\images\0293.png,C:\Users\PC\Desktop\RGMC_2026\RGMC\RGMC\data\map\robot29\overlays\0293_overlay.png,C:\Users\PC\Desktop\RGMC_2026\RGMC\RGMC\data\map\robot29\masks\0293_mask.png
294,0.928125,0.2575,504.51402640264024,434.14026402640263,1,0.0,0.022802557044447513,0.1313082686659673,1775099795.0132244,5,C:\Users\PC\Desktop\RGMC_2026\RGMC\RGMC\data\map\robot29\images\0294.png,C:\Users\PC\Desktop\RGMC_2026\RGMC\RGMC\data\map\robot29\overlays\0294_overlay.png,C:\Users\PC\Desktop\RGMC_2026\RGMC\RGMC\data\map\robot29\masks\0294_mask.png
295,0.9590625,0.2575,504.5308056872038,447.8390166534496,1,0.0,0.029112132245202364,0.04401159532951024,1775099804.39488,5,C:\Users\PC\Desktop\RGMC_2026\RGMC\RGMC\data\map\robot29\images\0295.png,C:\Users\PC\Desktop\RGMC_2026\RGMC\RGMC\data\map\robot29\overlays\0295_overlay.png,C:\Users\PC\Desktop\RGMC_2026\RGMC\RGMC\data\map\robot29\masks\0295_mask.png
296,0.99,0.2575,504.4580812445981,460.50648228176317,1,0.0,0.03902846417977309,0.01896122011286558,1775099813.8369443,5,C:\Users\PC\Desktop\RGMC_2026\RGMC\RGMC\data\map\robot29\images\0296.png,C:\Users\PC\Desktop\RGMC_2026\RGMC\RGMC\data\map\robot29\overlays\0296_overlay.png,C:\Users\PC\Desktop\RGMC_2026\RGMC\RGMC\data\map\robot29\masks\0296_mask.png
297,0.99,0.2884375,491.5360824742268,460.68123393316193,1,0.0,0.05924538760789442,0.06403012301848207,1775099822.9090538,5,C:\Users\PC\Desktop\RGMC_2026\RGMC\RGMC\data\map\robot29\images\0297.png,C:\Users\PC\Desktop\RGMC_2026\RGMC\RGMC\data\map\robot29\overlays\0297_overlay.png,C:\Users\PC\Desktop\RGMC_2026\RGMC\RGMC\data\map\robot29\masks\0297_mask.png
298,0.9590625,0.2884375,491.1748633879781,448.3081166272656,1,0.0,0.037111189299699955,0.07370557568639703,1775099831.8092299,5,C:\Users\PC\Desktop\RGMC_2026\RGMC\RGMC\data\map\robot29\images\0298.png,C:\Users\PC\Desktop\RGMC_2026\RGMC\RGMC\data\map\robot29\overlays\0298_overlay.png,C:\Users\PC\Desktop\RGMC_2026\RGMC\RGMC\data\map\robot29\masks\0298_mask.png
299,0.928125,0.2884375,491.1925566343042,434.54971705739695,1,0.0,0.06598340103609254,0.19954348792688312,1775099840.5275354,5,C:\Users\PC\Desktop\RGMC_2026\RGMC\RGMC\data\map\robot29\images\0299.png,C:\Users\PC\Desktop\RGMC_2026\RGMC\RGMC\data\map\robot29\overlays\0299_overlay.png,C:\Users\PC\Desktop\RGMC_2026\RGMC\RGMC\data\map\robot29\masks\0299_mask.png
300,0.8971875,0.2884375,491.349087893864,420.41586538461536,1,0.0,0.08289244888469631,0.4336422496725532,1775099849.32095,5,C:\Users\PC\Desktop\RGMC_2026\RGMC\RGMC\data\map\robot29\images\0300.png,C:\Users\PC\Desktop\RGMC_2026\RGMC\RGMC\data\map\robot29\overlays\0300_overlay.png,C:\Users\PC\Desktop\RGMC_2026\RGMC\RGMC\data\map\robot29\masks\0300_mask.png
301,0.86625,0.2884375,491.4241461477363,407.4169976171565,1,0.0,0.03814868228478491,0.028702362021482533,1775099858.3303094,5,C:\Users\PC\Desktop\RGMC_2026\RGMC\RGMC\data\map\robot29\images\0301.png,C:\Users\PC\Desktop\RGMC_2026\RGMC\RGMC\data\map\robot29\overlays\0301_overlay.png,C:\Users\PC\Desktop\RGMC_2026\RGMC\RGMC\data\map\robot29\masks\0301_mask.png
302,0.8353125,0.2884375,491.3881578947368,393.6998355263158,1,0.0,0.04448771713172646,0.027092638012645373,1775099867.2143788,5,C:\Users\PC\Desktop\RGMC_2026\RGMC\RGMC\data\map\robot29\images\0302.png,C:\Users\PC\Desktop\RGMC_2026\RGMC\RGMC\data\map\robot29\overlays\0302_overlay.png,C:\Users\PC\Desktop\RGMC_2026\RGMC\RGMC\data\map\robot29\masks\0302_mask.png
303,0.804375,0.2884375,491.4362628661916,379.78446909667196,1,0.0,0.013017693736327296,0.03822782869797843,1775099876.0425277,5,C:\Users\PC\Desktop\RGMC_2026\RGMC\RGMC\data\map\robot29\images\0303.png,C:\Users\PC\Desktop\RGMC_2026\RGMC\RGMC\data\map\robot29\overlays\0303_overlay.png,C:\Users\PC\Desktop\RGMC_2026\RGMC\RGMC\data\map\robot29\masks\0303_mask.png
304,0.7734375,0.2884375,491.45283018867923,366.1591468416735,1,0.0,0.026693543991095182,0.025000405678478634,1775099884.9681003,5,C:\Users\PC\Desktop\RGMC_2026\RGMC\RGMC\data\map\robot29\images\0304.png,C:\Users\PC\Desktop\RGMC_2026\RGMC\RGMC\data\map\robot29\overlays\0304_overlay.png,C:\Users\PC\Desktop\RGMC_2026\RGMC\RGMC\data\map\robot29\masks\0304_mask.png
305,0.7424999999999999,0.2884375,491.4456780333069,352.83465818759936,1,0.0,0.02518686644700523,0.04054082159273243,1775099893.8969295,5,C:\Users\PC\Desktop\RGMC_2026\RGMC\RGMC\data\map\robot29\images\0305.png,C:\Users\PC\Desktop\RGMC_2026\RGMC\RGMC\data\map\robot29\overlays\0305_overlay.png,C:\Users\PC\Desktop\RGMC_2026\RGMC\RGMC\data\map\robot29\masks\0305_mask.png
306,0.7115625,0.2884375,491.3452768729642,339.19902518277826,1,0.0,0.015321961335020028,0.03840250099500619,1775099902.9202588,5,C:\Users\PC\Desktop\RGMC_2026\RGMC\RGMC\data\map\robot29\images\0306.png,C:\Users\PC\Desktop\RGMC_2026\RGMC\RGMC\data\map\robot29\overlays\0306_overlay.png,C:\Users\PC\Desktop\RGMC_2026\RGMC\RGMC\data\map\robot29\masks\0306_mask.png
307,0.680625,0.2884375,491.3819849874896,325.8765638031693,1,0.0,0.056125412029356433,0.06255295939926792,1775099911.9615939,5,C:\Users\PC\Desktop\RGMC_2026\RGMC\RGMC\data\map\robot29\images\0307.png,C:\Users\PC\Desktop\RGMC_2026\RGMC\RGMC\data\map\robot29\overlays\0307_overlay.png,C:\Users\PC\Desktop\RGMC_2026\RGMC\RGMC\data\map\robot29\masks\0307_mask.png
308,0.6496875,0.2884375,491.42237982663517,312.3806502775575,1,0.0,0.039806246551501126,0.2832164803790735,1775099920.9134846,5,C:\Users\PC\Desktop\RGMC_2026\RGMC\RGMC\data\map\robot29\images\0308.png,C:\Users\PC\Desktop\RGMC_2026\RGMC\RGMC\data\map\robot29\overlays\0308_overlay.png,C:\Users\PC\Desktop\RGMC_2026\RGMC\RGMC\data\map\robot29\masks\0308_mask.png
309,0.61875,0.2884375,491.53890253890256,298.45208845208845,1,0.0,0.032092484635169796,0.06371681123896189,1775099930.0377355,5,C:\Users\PC\Desktop\RGMC_2026\RGMC\RGMC\data\map\robot29\images\0309.png,C:\Users\PC\Desktop\RGMC_2026\RGMC\RGMC\data\map\robot29\overlays\0309_overlay.png,C:\Users\PC\Desktop\RGMC_2026\RGMC\RGMC\data\map\robot29\masks\0309_mask.png
310,0.5878125,0.2884375,491.6990931574608,285.2959604286892,1,0.0,0.030102230154322295,0.04159036958401323,1775099938.9258277,5,C:\Users\PC\Desktop\RGMC_2026\RGMC\RGMC\data\map\robot29\images\0310.png,C:\Users\PC\Desktop\RGMC_2026\RGMC\RGMC\data\map\robot29\overlays\0310_overlay.png,C:\Users\PC\Desktop\RGMC_2026\RGMC\RGMC\data\map\robot29\masks\0310_mask.png
311,0.556875,0.2884375,492.03497085761865,271.4512605042017,1,0.0,0.2676020705976516,0.06105031294926542,1775099948.0814295,5,C:\Users\PC\Desktop\RGMC_2026\RGMC\RGMC\data\map\robot29\images\0311.png,C:\Users\PC\Desktop\RGMC_2026\RGMC\RGMC\data\map\robot29\overlays\0311_overlay.png,C:\Users\PC\Desktop\RGMC_2026\RGMC\RGMC\data\map\robot29\masks\0311_mask.png
312,0.5259375,0.2884375,491.54280964256026,257.8154613466334,1,0.0,0.03975879457879414,0.03713030864610319,1775099957.2569137,5,C:\Users\PC\Desktop\RGMC_2026\RGMC\RGMC\data\map\robot29\images\0312.png,C:\Users\PC\Desktop\RGMC_2026\RGMC\RGMC\data\map\robot29\overlays\0312_overlay.png,C:\Users\PC\Desktop\RGMC_2026\RGMC\RGMC\data\map\robot29\masks\0312_mask.png
313,0.495,0.2884375,491.8707482993197,244.86239316239318,1,0.0,0.10984117087249125,0.05231076731895241,1775099966.4214592,5,C:\Users\PC\Desktop\RGMC_2026\RGMC\RGMC\data\map\robot29\images\0313.png,C:\Users\PC\Desktop\RGMC_2026\RGMC\RGMC\data\map\robot29\overlays\0313_overlay.png,C:\Users\PC\Desktop\RGMC_2026\RGMC\RGMC\data\map\robot29\masks\0313_mask.png
314,0.4640625,0.2884375,491.9623745819398,230.7826086956522,1,0.0,0.22282267953709275,0.3406536555033807,1775099975.8022313,5,C:\Users\PC\Desktop\RGMC_2026\RGMC\RGMC\data\map\robot29\images\0314.png,C:\Users\PC\Desktop\RGMC_2026\RGMC\RGMC\data\map\robot29\overlays\0314_overlay.png,C:\Users\PC\Desktop\RGMC_2026\RGMC\RGMC\data\map\robot29\masks\0314_mask.png
315,0.433125,0.2884375,491.69372990353696,216.32958199356912,1,0.0,0.06709016520581673,0.03149778488282371,1775099985.1965108,5,C:\Users\PC\Desktop\RGMC_2026\RGMC\RGMC\data\map\robot29\images\0315.png,C:\Users\PC\Desktop\RGMC_2026\RGMC\RGMC\data\map\robot29\overlays\0315_overlay.png,C:\Users\PC\Desktop\RGMC_2026\RGMC\RGMC\data\map\robot29\masks\0315_mask.png
316,0.4021875,0.2884375,491.5860428231562,203.20413026211278,1,0.0,0.06942543096752182,0.020032487258239442,1775099994.2723732,5,C:\Users\PC\Desktop\RGMC_2026\RGMC\RGMC\data\map\robot29\images\0316.png,C:\Users\PC\Desktop\RGMC_2026\RGMC\RGMC\data\map\robot29\overlays\0316_overlay.png,C:\Users\PC\Desktop\RGMC_2026\RGMC\RGMC\data\map\robot29\masks\0316_mask.png
317,0.37124999999999997,0.2884375,491.5211382113821,189.6872461413485,1,0.0,0.036228965870552694,0.06874759919568073,1775100004.1974397,5,C:\Users\PC\Desktop\RGMC_2026\RGMC\RGMC\data\map\robot29\images\0317.png,C:\Users\PC\Desktop\RGMC_2026\RGMC\RGMC\data\map\robot29\overlays\0317_overlay.png,C:\Users\PC\Desktop\RGMC_2026\RGMC\RGMC\data\map\robot29\masks\0317_mask.png
318,0.3403125,0.2884375,491.44721998388394,175.48443735035914,1,0.0,0.029124760069077,0.09561975889518656,1775100013.3913896,5,C:\Users\PC\Desktop\RGMC_2026\RGMC\RGMC\data\map\robot29\images\0318.png,C:\Users\PC\Desktop\RGMC_2026\RGMC\RGMC\data\map\robot29\overlays\0318_overlay.png,C:\Users\PC\Desktop\RGMC_2026\RGMC\RGMC\data\map\robot29\masks\0318_mask.png
319,0.309375,0.2884375,491.6885245901639,162.0346248969497,1,0.0,0.05494906228986929,0.08852709557478786,1775100022.504366,5,C:\Users\PC\Desktop\RGMC_2026\RGMC\RGMC\data\map\robot29\images\0319.png,C:\Users\PC\Desktop\RGMC_2026\RGMC\RGMC\data\map\robot29\overlays\0319_overlay.png,C:\Users\PC\Desktop\RGMC_2026\RGMC\RGMC\data\map\robot29\masks\0319_mask.png
320,0.2784375,0.2884375,491.72778222578063,148.98680956306677,1,0.0,0.026674083772854167,0.2781045647422756,1775100031.5997355,5,C:\Users\PC\Desktop\RGMC_2026\RGMC\RGMC\data\map\robot29\images\0320.png,C:\Users\PC\Desktop\RGMC_2026\RGMC\RGMC\data\map\robot29\overlays\0320_overlay.png,C:\Users\PC\Desktop\RGMC_2026\RGMC\RGMC\data\map\robot29\masks\0320_mask.png
321,0.2475,0.2884375,491.5909458367017,134.34571890145395,1,0.0,0.08445557490838627,0.046375236186383555,1775100040.5978386,5,C:\Users\PC\Desktop\RGMC_2026\RGMC\RGMC\data\map\robot29\images\0321.png,C:\Users\PC\Desktop\RGMC_2026\RGMC\RGMC\data\map\robot29\overlays\0321_overlay.png,C:\Users\PC\Desktop\RGMC_2026\RGMC\RGMC\data\map\robot29\masks\0321_mask.png
322,0.2165625,0.2884375,491.89297385620915,121.33088235294117,1,0.0,0.036779969487587674,0.06798648606619895,1775100050.0648236,5,C:\Users\PC\Desktop\RGMC_2026\RGMC\RGMC\data\map\robot29\images\0322.png,C:\Users\PC\Desktop\RGMC_2026\RGMC\RGMC\data\map\robot29\overlays\0322_overlay.png,C:\Users\PC\Desktop\RGMC_2026\RGMC\RGMC\data\map\robot29\masks\0322_mask.png
323,0.18562499999999998,0.2884375,491.9124900556881,107.80854430379746,1,0.0,0.021058851686716864,0.07040759220935522,1775100059.3096197,5,C:\Users\PC\Desktop\RGMC_2026\RGMC\RGMC\data\map\robot29\images\0323.png,C:\Users\PC\Desktop\RGMC_2026\RGMC\RGMC\data\map\robot29\overlays\0323_overlay.png,C:\Users\PC\Desktop\RGMC_2026\RGMC\RGMC\data\map\robot29\masks\0323_mask.png
324,0.1546875,0.2884375,491.48524590163936,94.06803278688524,1,0.0,0.09997284992504926,0.10440414636728987,1775100068.3716435,5,C:\Users\PC\Desktop\RGMC_2026\RGMC\RGMC\data\map\robot29\images\0324.png,C:\Users\PC\Desktop\RGMC_2026\RGMC\RGMC\data\map\robot29\overlays\0324_overlay.png,C:\Users\PC\Desktop\RGMC_2026\RGMC\RGMC\data\map\robot29\masks\0324_mask.png
325,0.12375,0.2884375,492.0705329153605,80.00234925606891,1,0.0,0.020517237167830448,0.04716556520682479,1775100077.6687157,5,C:\Users\PC\Desktop\RGMC_2026\RGMC\RGMC\data\map\robot29\images\0325.png,C:\Users\PC\Desktop\RGMC_2026\RGMC\RGMC\data\map\robot29\overlays\0325_overlay.png,C:\Users\PC\Desktop\RGMC_2026\RGMC\RGMC\data\map\robot29\masks\0325_mask.png
326,0.09281249999999999,0.2884375,492.1990521327014,66.7867298578199,1,0.0,0.03728098734521507,0.11289056407788156,1775100086.7428768,5,C:\Users\PC\Desktop\RGMC_2026\RGMC\RGMC\data\map\robot29\images\0326.png,C:\Users\PC\Desktop\RGMC_2026\RGMC\RGMC\data\map\robot29\overlays\0326_overlay.png,C:\Users\PC\Desktop\RGMC_2026\RGMC\RGMC\data\map\robot29\masks\0326_mask.png
327,0.061875,0.2884375,492.3312,52.996792301523655,1,0.0,0.146356809435386,0.3691022463578905,1775100096.1616237,5,C:\Users\PC\Desktop\RGMC_2026\RGMC\RGMC\data\map\robot29\images\0327.png,C:\Users\PC\Desktop\RGMC_2026\RGMC\RGMC\data\map\robot29\overlays\0327_overlay.png,C:\Users\PC\Desktop\RGMC_2026\RGMC\RGMC\data\map\robot29\masks\0327_mask.png
328,0.0309375,0.2884375,492.22781774580335,38.563549160671464,1,0.0,0.030435864890117542,0.09715097099493865,1775100105.266756,5,C:\Users\PC\Desktop\RGMC_2026\RGMC\RGMC\data\map\robot29\images\0328.png,C:\Users\PC\Desktop\RGMC_2026\RGMC\RGMC\data\map\robot29\overlays\0328_overlay.png,C:\Users\PC\Desktop\RGMC_2026\RGMC\RGMC\data\map\robot29\masks\0328_mask.png
329,0.0,0.2884375,491.9421296296296,24.55249042145594,1,0.0,0.03987233149207758,0.0914602259644673,1775100114.2373483,5,C:\Users\PC\Desktop\RGMC_2026\RGMC\RGMC\data\map\robot29\images\0329.png,C:\Users\PC\Desktop\RGMC_2026\RGMC\RGMC\data\map\robot29\overlays\0329_overlay.png,C:\Users\PC\Desktop\RGMC_2026\RGMC\RGMC\data\map\robot29\masks\0329_mask.png
330,0.0,0.319375,479.2369668246445,24.376572327044027,1,0.0,0.04240880891461127,0.09312228961733961,1775100123.2700331,5,C:\Users\PC\Desktop\RGMC_2026\RGMC\RGMC\data\map\robot29\images\0330.png,C:\Users\PC\Desktop\RGMC_2026\RGMC\RGMC\data\map\robot29\overlays\0330_overlay.png,C:\Users\PC\Desktop\RGMC_2026\RGMC\RGMC\data\map\robot29\masks\0330_mask.png
331,0.0309375,0.319375,479.0396510705789,38.32593180015861,1,0.0,0.061485242670655485,0.08668696362923814,1775100132.3202944,5,C:\Users\PC\Desktop\RGMC_2026\RGMC\RGMC\data\map\robot29\images\0331.png,C:\Users\PC\Desktop\RGMC_2026\RGMC\RGMC\data\map\robot29\overlays\0331_overlay.png,C:\Users\PC\Desktop\RGMC_2026\RGMC\RGMC\data\map\robot29\masks\0331_mask.png
332,0.061875,0.319375,479.25020576131686,52.14689709347997,1,0.0,0.06536110779538812,0.43995025304170327,1775100141.3466024,5,C:\Users\PC\Desktop\RGMC_2026\RGMC\RGMC\data\map\robot29\images\0332.png,C:\Users\PC\Desktop\RGMC_2026\RGMC\RGMC\data\map\robot29\overlays\0332_overlay.png,C:\Users\PC\Desktop\RGMC_2026\RGMC\RGMC\data\map\robot29\masks\0332_mask.png
333,0.09281249999999999,0.319375,479.17213771016816,66.36509207365893,1,0.0,0.023826452097226676,0.08574801778952279,1775100152.0429857,5,C:\Users\PC\Desktop\RGMC_2026\RGMC\RGMC\data\map\robot29\images\0333.png,C:\Users\PC\Desktop\RGMC_2026\RGMC\RGMC\data\map\robot29\overlays\0333_overlay.png,C:\Users\PC\Desktop\RGMC_2026\RGMC\RGMC\data\map\robot29\masks\0333_mask.png
334,0.12375,0.319375,479.2293144208038,79.5579196217494,1,0.0,0.02913827987232749,0.041368129567160385,1775100161.626126,5,C:\Users\PC\Desktop\RGMC_2026\RGMC\RGMC\data\map\robot29\images\0334.png,C:\Users\PC\Desktop\RGMC_2026\RGMC\RGMC\data\map\robot29\overlays\0334_overlay.png,C:\Users\PC\Desktop\RGMC_2026\RGMC\RGMC\data\map\robot29\masks\0334_mask.png
335,0.1546875,0.319375,479.1113841113841,93.6003276003276,1,0.0,0.022096229550933957,0.022853155618545076,1775100170.9791417,5,C:\Users\PC\Desktop\RGMC_2026\RGMC\RGMC\data\map\robot29\images\0335.png,C:\Users\PC\Desktop\RGMC_2026\RGMC\RGMC\data\map\robot29\overlays\0335_overlay.png,C:\Users\PC\Desktop\RGMC_2026\RGMC\RGMC\data\map\robot29\masks\0335_mask.png
336,0.18562499999999998,0.319375,478.9728,107.23434991974318,1,0.0,0.041654934936593946,0.049118334645911595,1775100180.1178055,5,C:\Users\PC\Desktop\RGMC_2026\RGMC\RGMC\data\map\robot29\images\0336.png,C:\Users\PC\Desktop\RGMC_2026\RGMC\RGMC\data\map\robot29\overlays\0336_overlay.png,C:\Users\PC\Desktop\RGMC_2026\RGMC\RGMC\data\map\robot29\masks\0336_mask.png
337,0.2165625,0.319375,478.8907284768212,121.23045267489712,1,0.0,0.02244179829092163,0.06289370608707492,1775100189.2923536,5,C:\Users\PC\Desktop\RGMC_2026\RGMC\RGMC\data\map\robot29\images\0337.png,C:\Users\PC\Desktop\RGMC_2026\RGMC\RGMC\data\map\robot29\overlays\0337_overlay.png,C:\Users\PC\Desktop\RGMC_2026\RGMC\RGMC\data\map\robot29\masks\0337_mask.png
338,0.2475,0.319375,478.1347233360064,133.9817605075337,1,0.0,0.3272464968227478,0.09219428776570361,1775100198.301944,5,C:\Users\PC\Desktop\RGMC_2026\RGMC\RGMC\data\map\robot29\images\0338.png,C:\Users\PC\Desktop\RGMC_2026\RGMC\RGMC\data\map\robot29\overlays\0338_overlay.png,C:\Users\PC\Desktop\RGMC_2026\RGMC\RGMC\data\map\robot29\masks\0338_mask.png
339,0.2784375,0.319375,478.55982905982904,148.48040885860306,1,0.0,0.062263073526135436,0.028020948024570325,1775100207.1674974,5,C:\Users\PC\Desktop\RGMC_2026\RGMC\RGMC\data\map\robot29\images\0339.png,C:\Users\PC\Desktop\RGMC_2026\RGMC\RGMC\data\map\robot29\overlays\0339_overlay.png,C:\Users\PC\Desktop\RGMC_2026\RGMC\RGMC\data\map\robot29\masks\0339_mask.png
340,0.309375,0.319375,478.40889649272884,161.7305389221557,1,0.0,0.04783240676731413,0.020855388640014072,1775100216.1967752,5,C:\Users\PC\Desktop\RGMC_2026\RGMC\RGMC\data\map\robot29\images\0340.png,C:\Users\PC\Desktop\RGMC_2026\RGMC\RGMC\data\map\robot29\overlays\0340_overlay.png,C:\Users\PC\Desktop\RGMC_2026\RGMC\RGMC\data\map\robot29\masks\0340_mask.png
341,0.3403125,0.319375,478.6710634789777,174.9439406430338,1,0.0,0.04162840985833974,0.034019878989846035,1775100225.3210483,5,C:\Users\PC\Desktop\RGMC_2026\RGMC\RGMC\data\map\robot29\images\0341.png,C:\Users\PC\Desktop\RGMC_2026\RGMC\RGMC\data\map\robot29\overlays\0341_overlay.png,C:\Users\PC\Desktop\RGMC_2026\RGMC\RGMC\data\map\robot29\masks\0341_mask.png
342,0.37124999999999997,0.319375,478.52618453865335,189.10307564422277,1,0.0,0.05291451047987606,0.02565593295106489,1775100234.2196438,5,C:\Users\PC\Desktop\RGMC_2026\RGMC\RGMC\data\map\robot29\images\0342.png,C:\Users\PC\Desktop\RGMC_2026\RGMC\RGMC\data\map\robot29\overlays\0342_overlay.png,C:\Users\PC\Desktop\RGMC_2026\RGMC\RGMC\data\map\robot29\masks\0342_mask.png
343,0.4021875,0.319375,478.4497487437186,202.24265323257765,1,0.0,0.08926093852253217,0.02642437457833346,1775100243.0277498,5,C:\Users\PC\Desktop\RGMC_2026\RGMC\RGMC\data\map\robot29\images\0343.png,C:\Users\PC\Desktop\RGMC_2026\RGMC\RGMC\data\map\robot29\overlays\0343_overlay.png,C:\Users\PC\Desktop\RGMC_2026\RGMC\RGMC\data\map\robot29\masks\0343_mask.png
344,0.433125,0.319375,478.7971360381862,215.8097521982414,1,0.0,0.05117911138698657,0.0558461161636066,1775100252.2098985,5,C:\Users\PC\Desktop\RGMC_2026\RGMC\RGMC\data\map\robot29\images\0344.png,C:\Users\PC\Desktop\RGMC_2026\RGMC\RGMC\data\map\robot29\overlays\0344_overlay.png,C:\Users\PC\Desktop\RGMC_2026\RGMC\RGMC\data\map\robot29\masks\0344_mask.png
345,0.4640625,0.319375,478.6944206008584,229.34077253218885,1,0.0,0.018830453985511135,0.0352802433501283,1775100261.1644354,5,C:\Users\PC\Desktop\RGMC_2026\RGMC\RGMC\data\map\robot29\images\0345.png,C:\Users\PC\Desktop\RGMC_2026\RGMC\RGMC\data\map\robot29\overlays\0345_overlay.png,C:\Users\PC\Desktop\RGMC_2026\RGMC\RGMC\data\map\robot29\masks\0345_mask.png
346,0.495,0.319375,477.9695067264574,243.92119089316986,1,0.0,0.2424660852956392,0.057296381959326556,1775100270.3510208,5,C:\Users\PC\Desktop\RGMC_2026\RGMC\RGMC\data\map\robot29\images\0346.png,C:\Users\PC\Desktop\RGMC_2026\RGMC\RGMC\data\map\robot29\overlays\0346_overlay.png,C:\Users\PC\Desktop\RGMC_2026\RGMC\RGMC\data\map\robot29\masks\0346_mask.png
347,0.5259375,0.319375,478.6054817275747,257.349087893864,1,0.0,0.07969134279981982,0.025572083617861178,1775100279.3285415,5,C:\Users\PC\Desktop\RGMC_2026\RGMC\RGMC\data\map\robot29\images\0347.png,C:\Users\PC\Desktop\RGMC_2026\RGMC\RGMC\data\map\robot29\overlays\0347_overlay.png,C:\Users\PC\Desktop\RGMC_2026\RGMC\RGMC\data\map\robot29\masks\0347_mask.png
348,0.556875,0.319375,478.7270408163265,270.5994897959184,1,0.0,0.09128218505263357,0.09937048692298228,1775100288.2813706,5,C:\Users\PC\Desktop\RGMC_2026\RGMC\RGMC\data\map\robot29\images\0348.png,C:\Users\PC\Desktop\RGMC_2026\RGMC\RGMC\data\map\robot29\overlays\0348_overlay.png,C:\Users\PC\Desktop\RGMC_2026\RGMC\RGMC\data\map\robot29\masks\0348_mask.png
349,0.5878125,0.319375,478.57676348547716,283.80856423173805,1,0.0,0.0838880410582114,0.02832194093752755,1775100297.0384781,5,C:\Users\PC\Desktop\RGMC_2026\RGMC\RGMC\data\map\robot29\images\0349.png,C:\Users\PC\Desktop\RGMC_2026\RGMC\RGMC\data\map\robot29\overlays\0349_overlay.png,C:\Users\PC\Desktop\RGMC_2026\RGMC\RGMC\data\map\robot29\masks\0349_mask.png
350,0.61875,0.319375,478.46926910299004,297.9066339066339,1,0.0,0.06467011152271004,0.09715570942199717,1775100305.9567018,5,C:\Users\PC\Desktop\RGMC_2026\RGMC\RGMC\data\map\robot29\images\0350.png,C:\Users\PC\Desktop\RGMC_2026\RGMC\RGMC\data\map\robot29\overlays\0350_overlay.png,C:\Users\PC\Desktop\RGMC_2026\RGMC\RGMC\data\map\robot29\masks\0350_mask.png
351,0.6496875,0.319375,478.3609756097561,311.58852459016396,1,0.0,0.04710576219355197,0.05691741030922345,1775100314.8604772,5,C:\Users\PC\Desktop\RGMC_2026\RGMC\RGMC\data\map\robot29\images\0351.png,C:\Users\PC\Desktop\RGMC_2026\RGMC\RGMC\data\map\robot29\overlays\0351_overlay.png,C:\Users\PC\Desktop\RGMC_2026\RGMC\RGMC\data\map\robot29\masks\0351_mask.png
352,0.680625,0.319375,478.3746792130026,325.36882453151617,1,0.0,0.12007450394798277,0.08507977923216918,1775100324.0621612,5,C:\Users\PC\Desktop\RGMC_2026\RGMC\RGMC\data\map\robot29\images\0352.png,C:\Users\PC\Desktop\RGMC_2026\RGMC\RGMC\data\map\robot29\overlays\0352_overlay.png,C:\Users\PC\Desktop\RGMC_2026\RGMC\RGMC\data\map\robot29\masks\0352_mask.png
353,0.7115625,0.319375,478.29318936877075,338.55169561621176,1,0.0,0.06213373767336417,0.027997740420003938,1775100333.0952277,5,C:\Users\PC\Desktop\RGMC_2026\RGMC\RGMC\data\map\robot29\images\0353.png,C:\Users\PC\Desktop\RGMC_2026\RGMC\RGMC\data\map\robot29\overlays\0353_overlay.png,C:\Users\PC\Desktop\RGMC_2026\RGMC\RGMC\data\map\robot29\masks\0353_mask.png
354,0.7424999999999999,0.319375,477.9530864197531,352.0921810699588,1,0.0,0.17165340801129447,0.025999525505175623,1775100342.120897,5,C:\Users\PC\Desktop\RGMC_2026\RGMC\RGMC\data\map\robot29\images\0354.png,C:\Users\PC\Desktop\RGMC_2026\RGMC\RGMC\data\map\robot29\overlays\0354_overlay.png,C:\Users\PC\Desktop\RGMC_2026\RGMC\RGMC\data\map\robot29\masks\0354_mask.png
355,0.7734375,0.319375,478.35647756138866,365.6445012787724,1,0.0,0.13158403243623995,0.025639585183093807,1775100351.0698507,5,C:\Users\PC\Desktop\RGMC_2026\RGMC\RGMC\data\map\robot29\images\0355.png,C:\Users\PC\Desktop\RGMC_2026\RGMC\RGMC\data\map\robot29\overlays\0355_overlay.png,C:\Users\PC\Desktop\RGMC_2026\RGMC\RGMC\data\map\robot29\masks\0355_mask.png
356,0.804375,0.319375,477.6370777690495,379.21434392828036,1,0.0,0.3737665596615201,0.08511692858315548,1775100359.9678223,5,C:\Users\PC\Desktop\RGMC_2026\RGMC\RGMC\data\map\robot29\images\0356.png,C:\Users\PC\Desktop\RGMC_2026\RGMC\RGMC\data\map\robot29\overlays\0356_overlay.png,C:\Users\PC\Desktop\RGMC_2026\RGMC\RGMC\data\map\robot29\masks\0356_mask.png
357,0.8353125,0.319375,478.05760963026654,393.31728288908,1,0.0,0.3307386071922676,0.26723449718969056,1775100368.9361475,5,C:\Users\PC\Desktop\RGMC_2026\RGMC\RGMC\data\map\robot29\images\0357.png,C:\Users\PC\Desktop\RGMC_2026\RGMC\RGMC\data\map\robot29\overlays\0357_overlay.png,C:\Users\PC\Desktop\RGMC_2026\RGMC\RGMC\data\map\robot29\masks\0357_mask.png
358,0.86625,0.319375,476.88916055419725,406.91931540342296,1,0.0,0.27523733035777864,0.07654431528854372,1775100377.8828359,5,C:\Users\PC\Desktop\RGMC_2026\RGMC\RGMC\data\map\robot29\images\0358.png,C:\Users\PC\Desktop\RGMC_2026\RGMC\RGMC\data\map\robot29\overlays\0358_overlay.png,C:\Users\PC\Desktop\RGMC_2026\RGMC\RGMC\data\map\robot29\masks\0358_mask.png
359,0.8971875,0.319375,477.32186732186733,420.73338735818476,1,0.0,0.4070034399494585,0.05589772791179282,1775100386.7389786,5,C:\Users\PC\Desktop\RGMC_2026\RGMC\RGMC\data\map\robot29\images\0359.png,C:\Users\PC\Desktop\RGMC_2026\RGMC\RGMC\data\map\robot29\overlays\0359_overlay.png,C:\Users\PC\Desktop\RGMC_2026\RGMC\RGMC\data\map\robot29\masks\0359_mask.png
360,0.928125,0.319375,477.83037974683543,434.19674796747967,1,0.0,0.3438318905028144,0.06779058712182556,1775100395.905287,5,C:\Users\PC\Desktop\RGMC_2026\RGMC\RGMC\data\map\robot29\images\0360.png,C:\Users\PC\Desktop\RGMC_2026\RGMC\RGMC\data\map\robot29\overlays\0360_overlay.png,C:\Users\PC\Desktop\RGMC_2026\RGMC\RGMC\data\map\robot29\masks\0360_mask.png
361,0.9590625,0.319375,477.34715025906735,448.1065877128053,1,0.0,0.09309407431731091,0.08657781774832359,1775100404.8390243,5,C:\Users\PC\Desktop\RGMC_2026\RGMC\RGMC\data\map\robot29\images\0361.png,C:\Users\PC\Desktop\RGMC_2026\RGMC\RGMC\data\map\robot29\overlays\0361_overlay.png,C:\Users\PC\Desktop\RGMC_2026\RGMC\RGMC\data\map\robot29\masks\0361_mask.png
362,0.99,0.319375,476.95959595959596,460.32142857142856,1,0.0,0.43762011662789085,0.02343434483732574,1775100413.6383393,5,C:\Users\PC\Desktop\RGMC_2026\RGMC\RGMC\data\map\robot29\images\0362.png,C:\Users\PC\Desktop\RGMC_2026\RGMC\RGMC\data\map\robot29\overlays\0362_overlay.png,C:\Users\PC\Desktop\RGMC_2026\RGMC\RGMC\data\map\robot29\masks\0362_mask.png
363,0.99,0.3503125,463.8464837049743,460.4584040747029,1,0.0,0.014567078062195395,0.07738931196686702,1775100422.57032,5,C:\Users\PC\Desktop\RGMC_2026\RGMC\RGMC\data\map\robot29\images\0363.png,C:\Users\PC\Desktop\RGMC_2026\RGMC\RGMC\data\map\robot29\overlays\0363_overlay.png,C:\Users\PC\Desktop\RGMC_2026\RGMC\RGMC\data\map\robot29\masks\0363_mask.png
364,0.9590625,0.3503125,463.57208588957053,448.10736196319016,1,0.0,0.06728564368452919,0.03101175816667644,1775100431.3863037,5,C:\Users\PC\Desktop\RGMC_2026\RGMC\RGMC\data\map\robot29\images\0364.png,C:\Users\PC\Desktop\RGMC_2026\RGMC\RGMC\data\map\robot29\overlays\0364_overlay.png,C:\Users\PC\Desktop\RGMC_2026\RGMC\RGMC\data\map\robot29\masks\0364_mask.png
365,0.928125,0.3503125,463.6995192307692,434.49841017488075,1,0.0,0.059956556516435944,0.06489325322761878,1775100440.249586,5,C:\Users\PC\Desktop\RGMC_2026\RGMC\RGMC\data\map\robot29\images\0365.png,C:\Users\PC\Desktop\RGMC_2026\RGMC\RGMC\data\map\robot29\overlays\0365_overlay.png,C:\Users\PC\Desktop\RGMC_2026\RGMC\RGMC\data\map\robot29\masks\0365_mask.png
366,0.8971875,0.3503125,463.81081081081084,421.12283594394063,1,0.0,0.04118549107711402,0.060683691557187634,1775100449.165176,5,C:\Users\PC\Desktop\RGMC_2026\RGMC\RGMC\data\map\robot29\images\0366.png,C:\Users\PC\Desktop\RGMC_2026\RGMC\RGMC\data\map\robot29\overlays\0366_overlay.png,C:\Users\PC\Desktop\RGMC_2026\RGMC\RGMC\data\map\robot29\masks\0366_mask.png
367,0.86625,0.3503125,463.7781350482315,407.3188405797101,1,0.0,0.07996457670838943,0.05856082606865489,1775100458.2705011,5,C:\Users\PC\Desktop\RGMC_2026\RGMC\RGMC\data\map\robot29\images\0367.png,C:\Users\PC\Desktop\RGMC_2026\RGMC\RGMC\data\map\robot29\overlays\0367_overlay.png,C:\Users\PC\Desktop\RGMC_2026\RGMC\RGMC\data\map\robot29\masks\0367_mask.png
368,0.8353125,0.3503125,463.7580778790389,393.58930041152263,1,0.0,0.031083971606890477,0.03455445763487298,1775100467.4579172,5,C:\Users\PC\Desktop\RGMC_2026\RGMC\RGMC\data\map\robot29\images\0368.png,C:\Users\PC\Desktop\RGMC_2026\RGMC\RGMC\data\map\robot29\overlays\0368_overlay.png,C:\Users\PC\Desktop\RGMC_2026\RGMC\RGMC\data\map\robot29\masks\0368_mask.png
369,0.804375,0.3503125,463.9095238095238,379.5807478122514,1,0.0,0.060650903679679506,0.03670053172444308,1775100476.3128777,5,C:\Users\PC\Desktop\RGMC_2026\RGMC\RGMC\data\map\robot29\images\0369.png,C:\Users\PC\Desktop\RGMC_2026\RGMC\RGMC\data\map\robot29\overlays\0369_overlay.png,C:\Users\PC\Desktop\RGMC_2026\RGMC\RGMC\data\map\robot29\masks\0369_mask.png
370,0.7734375,0.3503125,463.8584512905912,366.16290726817044,1,0.0,0.03268285956903095,0.037518763279927696,1775100485.2017756,5,C:\Users\PC\Desktop\RGMC_2026\RGMC\RGMC\data\map\robot29\images\0370.png,C:\Users\PC\Desktop\RGMC_2026\RGMC\RGMC\data\map\robot29\overlays\0370_overlay.png,C:\Users\PC\Desktop\RGMC_2026\RGMC\RGMC\data\map\robot29\masks\0370_mask.png
371,0.7424999999999999,0.3503125,463.4385679414158,352.3938161106591,1,0.0,0.03745866775373272,0.04766746088024715,1775100494.3019948,5,C:\Users\PC\Desktop\RGMC_2026\RGMC\RGMC\data\map\robot29\images\0371.png,C:\Users\PC\Desktop\RGMC_2026\RGMC\RGMC\data\map\robot29\overlays\0371_overlay.png,C:\Users\PC\Desktop\RGMC_2026\RGMC\RGMC\data\map\robot29\masks\0371_mask.png
372,0.7115625,0.3503125,463.5962632006499,338.92822185970635,1,0.0,0.034448075568952886,0.05574756441957808,1775100503.4683874,5,C:\Users\PC\Desktop\RGMC_2026\RGMC\RGMC\data\map\robot29\images\0372.png,C:\Users\PC\Desktop\RGMC_2026\RGMC\RGMC\data\map\robot29\overlays\0372_overlay.png,C:\Users\PC\Desktop\RGMC_2026\RGMC\RGMC\data\map\robot29\masks\0372_mask.png
373,0.680625,0.3503125,463.8293089092423,325.8582151793161,1,0.0,0.04862602930433666,0.037025466241733106,1775100512.753827,5,C:\Users\PC\Desktop\RGMC_2026\RGMC\RGMC\data\map\robot29\images\0373.png,C:\Users\PC\Desktop\RGMC_2026\RGMC\RGMC\data\map\robot29\overlays\0373_overlay.png,C:\Users\PC\Desktop\RGMC_2026\RGMC\RGMC\data\map\robot29\masks\0373_mask.png
374,0.6496875,0.3503125,463.9476696647588,312.2941653160454,1,0.0,0.057605590842111705,0.08626421447351892,1775100521.5498226,5,C:\Users\PC\Desktop\RGMC_2026\RGMC\RGMC\data\map\robot29\images\0374.png,C:\Users\PC\Desktop\RGMC_2026\RGMC\RGMC\data\map\robot29\overlays\0374_overlay.png,C:\Users\PC\Desktop\RGMC_2026\RGMC\RGMC\data\map\robot29\masks\0374_mask.png
375,0.61875,0.3503125,464.23333333333335,298.24120603015075,1,0.0,0.08810808922000901,0.1340783048421094,1775100530.5286624,5,C:\Users\PC\Desktop\RGMC_2026\RGMC\RGMC\data\map\robot29\images\0375.png,C:\Users\PC\Desktop\RGMC_2026\RGMC\RGMC\data\map\robot29\overlays\0375_overlay.png,C:\Users\PC\Desktop\RGMC_2026\RGMC\RGMC\data\map\robot29\masks\0375_mask.png
376,0.5878125,0.3503125,464.1042735042735,285.0481099656357,1,0.0,0.05916523021707954,0.07809615090876129,1775100539.4766214,5,C:\Users\PC\Desktop\RGMC_2026\RGMC\RGMC\data\map\robot29\images\0376.png,C:\Users\PC\Desktop\RGMC_2026\RGMC\RGMC\data\map\robot29\overlays\0376_overlay.png,C:\Users\PC\Desktop\RGMC_2026\RGMC\RGMC\data\map\robot29\masks\0376_mask.png
378,0.5259375,0.3503125,464.06239460370995,257.8035413153457,1,0.0,0.25684765315082525,0.13024851402883939,1775100557.7751627,5,C:\Users\PC\Desktop\RGMC_2026\RGMC\RGMC\data\map\robot29\images\0378.png,C:\Users\PC\Desktop\RGMC_2026\RGMC\RGMC\data\map\robot29\overlays\0378_overlay.png,C:\Users\PC\Desktop\RGMC_2026\RGMC\RGMC\data\map\robot29\masks\0378_mask.png
379,0.495,0.3503125,464.2814814814815,244.6576889661164,1,0.0,0.13193077505567968,1.5893696946839087,1775100566.7609522,5,C:\Users\PC\Desktop\RGMC_2026\RGMC\RGMC\data\map\robot29\images\0379.png,C:\Users\PC\Desktop\RGMC_2026\RGMC\RGMC\data\map\robot29\overlays\0379_overlay.png,C:\Users\PC\Desktop\RGMC_2026\RGMC\RGMC\data\map\robot29\masks\0379_mask.png
380,0.4640625,0.3503125,464.4549319727891,230.34438775510205,1,0.0,0.0806465720458551,0.2395736440891695,1775100575.672788,3,C:\Users\PC\Desktop\RGMC_2026\RGMC\RGMC\data\map\robot29\images\0380.png,C:\Users\PC\Desktop\RGMC_2026\RGMC\RGMC\data\map\robot29\overlays\0380_overlay.png,C:\Users\PC\Desktop\RGMC_2026\RGMC\RGMC\data\map\robot29\masks\0380_mask.png
381,0.433125,0.3503125,464.5684877276326,216.36025336500396,1,0.0,0.08008606357837066,0.031229507096139923,1775100584.5914278,5,C:\Users\PC\Desktop\RGMC_2026\RGMC\RGMC\data\map\robot29\images\0381.png,C:\Users\PC\Desktop\RGMC_2026\RGMC\RGMC\data\map\robot29\overlays\0381_overlay.png,C:\Users\PC\Desktop\RGMC_2026\RGMC\RGMC\data\map\robot29\masks\0381_mask.png
382,0.4021875,0.3503125,463.86597110754417,202.91514670896115,1,0.0,0.02298229629629688,0.04265484662107453,1775100593.5394225,5,C:\Users\PC\Desktop\RGMC_2026\RGMC\RGMC\data\map\robot29\images\0382.png,C:\Users\PC\Desktop\RGMC_2026\RGMC\RGMC\data\map\robot29\overlays\0382_overlay.png,C:\Users\PC\Desktop\RGMC_2026\RGMC\RGMC\data\map\robot29\masks\0382_mask.png
383,0.37124999999999997,0.3503125,464.031914893617,189.46273546273545,1,0.0,0.0155537559815025,0.05678656946385535,1775100602.3606608,5,C:\Users\PC\Desktop\RGMC_2026\RGMC\RGMC\data\map\robot29\images\0383.png,C:\Users\PC\Desktop\RGMC_2026\RGMC\RGMC\data\map\robot29\overlays\0383_overlay.png,C:\Users\PC\Desktop\RGMC_2026\RGMC\RGMC\data\map\robot29\masks\0383_mask.png
384,0.3403125,0.3503125,464.1407528641571,175.90714872637633,1,0.0,0.019543963298314076,0.04384094447107424,1775100611.1864862,5,C:\Users\PC\Desktop\RGMC_2026\RGMC\RGMC\data\map\robot29\images\0384.png,C:\Users\PC\Desktop\RGMC_2026\RGMC\RGMC\data\map\robot29\overlays\0384_overlay.png,C:\Users\PC\Desktop\RGMC_2026\RGMC\RGMC\data\map\robot29\masks\0384_mask.png
385,0.309375,0.3503125,464.093853820598,161.9875415282392,1,0.0,0.09002919670783677,0.1012796554859936,1775100620.1844444,5,C:\Users\PC\Desktop\RGMC_2026\RGMC\RGMC\data\map\robot29\images\0385.png,C:\Users\PC\Desktop\RGMC_2026\RGMC\RGMC\data\map\robot29\overlays\0385_overlay.png,C:\Users\PC\Desktop\RGMC_2026\RGMC\RGMC\data\map\robot29\masks\0385_mask.png
386,0.2784375,0.3503125,463.88779688779687,148.89426229508197,1,0.0,0.014578921695918954,0.024493337074421636,1775100629.1765635,5,C:\Users\PC\Desktop\RGMC_2026\RGMC\RGMC\data\map\robot29\images\0386.png,C:\Users\PC\Desktop\RGMC_2026\RGMC\RGMC\data\map\robot29\overlays\0386_overlay.png,C:\Users\PC\Desktop\RGMC_2026\RGMC\RGMC\data\map\robot29\masks\0386_mask.png
387,0.2475,0.3503125,464.2307067424858,134.61556982343498,1,0.0,0.03668230114832029,0.08779748756160155,1775100638.162813,5,C:\Users\PC\Desktop\RGMC_2026\RGMC\RGMC\data\map\robot29\images\0387.png,C:\Users\PC\Desktop\RGMC_2026\RGMC\RGMC\data\map\robot29\overlays\0387_overlay.png,C:\Users\PC\Desktop\RGMC_2026\RGMC\RGMC\data\map\robot29\masks\0387_mask.png
388,0.2165625,0.3503125,464.19568822553896,121.18521594684385,1,0.0,0.05354871414801214,0.026317402754608067,1775100647.0946062,5,C:\Users\PC\Desktop\RGMC_2026\RGMC\RGMC\data\map\robot29\images\0388.png,C:\Users\PC\Desktop\RGMC_2026\RGMC\RGMC\data\map\robot29\overlays\0388_overlay.png,C:\Users\PC\Desktop\RGMC_2026\RGMC\RGMC\data\map\robot29\masks\0388_mask.png
389,0.18562499999999998,0.3503125,464.6386292834891,107.90186915887851,1,0.0,0.06444386894825685,0.07989767651138925,1775100655.9884539,5,C:\Users\PC\Desktop\RGMC_2026\RGMC\RGMC\data\map\robot29\images\0389.png,C:\Users\PC\Desktop\RGMC_2026\RGMC\RGMC\data\map\robot29\overlays\0389_overlay.png,C:\Users\PC\Desktop\RGMC_2026\RGMC\RGMC\data\map\robot29\masks\0389_mask.png
390,0.1546875,0.3503125,465.1081504702194,93.89511041009463,1,0.0,0.049836147502765285,0.06932354928167962,1775100664.8452625,5,C:\Users\PC\Desktop\RGMC_2026\RGMC\RGMC\data\map\robot29\images\0390.png,C:\Users\PC\Desktop\RGMC_2026\RGMC\RGMC\data\map\robot29\overlays\0390_overlay.png,C:\Users\PC\Desktop\RGMC_2026\RGMC\RGMC\data\map\robot29\masks\0390_mask.png
391,0.12375,0.3503125,465.13761467889907,80.04265041888804,1,0.0,0.04105595286855966,0.04556630140559553,1775100674.0147324,5,C:\Users\PC\Desktop\RGMC_2026\RGMC\RGMC\data\map\robot29\images\0391.png,C:\Users\PC\Desktop\RGMC_2026\RGMC\RGMC\data\map\robot29\overlays\0391_overlay.png,C:\Users\PC\Desktop\RGMC_2026\RGMC\RGMC\data\map\robot29\masks\0391_mask.png
392,0.09281249999999999,0.3503125,465.17517674783977,66.72962382445141,1,0.0,0.09402536123036878,0.16479578484003715,1775100682.9433594,5,C:\Users\PC\Desktop\RGMC_2026\RGMC\RGMC\data\map\robot29\images\0392.png,C:\Users\PC\Desktop\RGMC_2026\RGMC\RGMC\data\map\robot29\overlays\0392_overlay.png,C:\Users\PC\Desktop\RGMC_2026\RGMC\RGMC\data\map\robot29\masks\0392_mask.png
393,0.061875,0.3503125,464.6461538461538,52.943548387096776,1,0.0,0.0437261899101289,0.3074507915170764,1775100692.6191952,5,C:\Users\PC\Desktop\RGMC_2026\RGMC\RGMC\data\map\robot29\images\0393.png,C:\Users\PC\Desktop\RGMC_2026\RGMC\RGMC\data\map\robot29\overlays\0393_overlay.png,C:\Users\PC\Desktop\RGMC_2026\RGMC\RGMC\data\map\robot29\masks\0393_mask.png
394,0.0309375,0.3503125,464.57590361445784,38.6496465043205,1,0.0,0.10482391753160941,0.12832912542492386,1775100701.5672908,5,C:\Users\PC\Desktop\RGMC_2026\RGMC\RGMC\data\map\robot29\images\0394.png,C:\Users\PC\Desktop\RGMC_2026\RGMC\RGMC\data\map\robot29\overlays\0394_overlay.png,C:\Users\PC\Desktop\RGMC_2026\RGMC\RGMC\data\map\robot29\masks\0394_mask.png
395,0.0,0.3503125,464.4881407804132,24.288446824789595,1,0.0,0.10036806516404664,0.07205588520469548,1775100710.4966648,5,C:\Users\PC\Desktop\RGMC_2026\RGMC\RGMC\data\map\robot29\images\0395.png,C:\Users\PC\Desktop\RGMC_2026\RGMC\RGMC\data\map\robot29\overlays\0395_overlay.png,C:\Users\PC\Desktop\RGMC_2026\RGMC\RGMC\data\map\robot29\masks\0395_mask.png
396,0.0,0.38125,450.765237020316,23.952595936794584,1,0.0,0.2651469859211371,0.11245708189275105,1775100719.3216574,5,C:\Users\PC\Desktop\RGMC_2026\RGMC\RGMC\data\map\robot29\images\0396.png,C:\Users\PC\Desktop\RGMC_2026\RGMC\RGMC\data\map\robot29\overlays\0396_overlay.png,C:\Users\PC\Desktop\RGMC_2026\RGMC\RGMC\data\map\robot29\masks\0396_mask.png
397,0.0309375,0.38125,450.9456,37.6904,1,0.0,0.1821015552600582,0.09202810099077484,1775100728.1631982,5,C:\Users\PC\Desktop\RGMC_2026\RGMC\RGMC\data\map\robot29\images\0397.png,C:\Users\PC\Desktop\RGMC_2026\RGMC\RGMC\data\map\robot29\overlays\0397_overlay.png,C:\Users\PC\Desktop\RGMC_2026\RGMC\RGMC\data\map\robot29\masks\0397_mask.png
398,0.061875,0.38125,451.25058548009366,51.929022082018925,1,0.0,0.06015600036312909,0.03259615714695153,1775100737.4109728,5,C:\Users\PC\Desktop\RGMC_2026\RGMC\RGMC\data\map\robot29\images\0398.png,C:\Users\PC\Desktop\RGMC_2026\RGMC\RGMC\data\map\robot29\overlays\0398_overlay.png,C:\Users\PC\Desktop\RGMC_2026\RGMC\RGMC\data\map\robot29\masks\0398_mask.png
399,0.09281249999999999,0.38125,451.11513687600643,66.09069212410502,1,0.0,0.14777167896430057,0.1269748922577943,1775100746.371548,5,C:\Users\PC\Desktop\RGMC_2026\RGMC\RGMC\data\map\robot29\images\0399.png,C:\Users\PC\Desktop\RGMC_2026\RGMC\RGMC\data\map\robot29\overlays\0399_overlay.png,C:\Users\PC\Desktop\RGMC_2026\RGMC\RGMC\data\map\robot29\masks\0399_mask.png
400,0.12375,0.38125,451.28818897637797,79.37083993660856,1,0.0,0.019488585306818813,0.042820463791251845,1775100755.1433613,5,C:\Users\PC\Desktop\RGMC_2026\RGMC\RGMC\data\map\robot29\images\0400.png,C:\Users\PC\Desktop\RGMC_2026\RGMC\RGMC\data\map\robot29\overlays\0400_overlay.png,C:\Users\PC\Desktop\RGMC_2026\RGMC\RGMC\data\map\robot29\masks\0400_mask.png
401,0.1546875,0.38125,451.35447154471547,93.70259319286872,1,0.0,0.2170461931418982,0.053048603382208154,1775100764.061992,5,C:\Users\PC\Desktop\RGMC_2026\RGMC\RGMC\data\map\robot29\images\0401.png,C:\Users\PC\Desktop\RGMC_2026\RGMC\RGMC\data\map\robot29\overlays\0401_overlay.png,C:\Users\PC\Desktop\RGMC_2026\RGMC\RGMC\data\map\robot29\masks\0401_mask.png
402,0.18562499999999998,0.38125,451.2635719905586,107.19699367088607,1,0.0,0.05415528406342798,0.0750686258390065,1775100773.0285537,5,C:\Users\PC\Desktop\RGMC_2026\RGMC\RGMC\data\map\robot29\images\0402.png,C:\Users\PC\Desktop\RGMC_2026\RGMC\RGMC\data\map\robot29\overlays\0402_overlay.png,C:\Users\PC\Desktop\RGMC_2026\RGMC\RGMC\data\map\robot29\masks\0402_mask.png
403,0.2165625,0.38125,450.9966804979253,120.70970394736842,1,0.0,0.03651824607497477,0.05447349621635819,1775100781.9792233,5,C:\Users\PC\Desktop\RGMC_2026\RGMC\RGMC\data\map\robot29\images\0403.png,C:\Users\PC\Desktop\RGMC_2026\RGMC\RGMC\data\map\robot29\overlays\0403_overlay.png,C:\Users\PC\Desktop\RGMC_2026\RGMC\RGMC\data\map\robot29\masks\0403_mask.png
404,0.2475,0.38125,451.08864954432477,133.9021207177814,1,0.0,0.20111758723567486,0.040248949370800625,1775100791.0524602,5,C:\Users\PC\Desktop\RGMC_2026\RGMC\RGMC\data\map\robot29\images\0404.png,C:\Users\PC\Desktop\RGMC_2026\RGMC\RGMC\data\map\robot29\overlays\0404_overlay.png,C:\Users\PC\Desktop\RGMC_2026\RGMC\RGMC\data\map\robot29\masks\0404_mask.png
405,0.2784375,0.38125,450.7150974025974,147.8820717131474,1,0.0,0.17044030390428117,0.043626494153188956,1775100799.8733017,5,C:\Users\PC\Desktop\RGMC_2026\RGMC\RGMC\data\map\robot29\images\0405.png,C:\Users\PC\Desktop\RGMC_2026\RGMC\RGMC\data\map\robot29\overlays\0405_overlay.png,C:\Users\PC\Desktop\RGMC_2026\RGMC\RGMC\data\map\robot29\masks\0405_mask.png
406,0.309375,0.38125,451.1278008298755,161.67053941908713,1,0.0,0.17351012802440446,0.05650058085438475,1775100809.0986342,5,C:\Users\PC\Desktop\RGMC_2026\RGMC\RGMC\data\map\robot29\images\0406.png,C:\Users\PC\Desktop\RGMC_2026\RGMC\RGMC\data\map\robot29\overlays\0406_overlay.png,C:\Users\PC\Desktop\RGMC_2026\RGMC\RGMC\data\map\robot29\masks\0406_mask.png
407,0.3403125,0.38125,451.1385245901639,174.99264705882354,1,0.0,0.02010617121126812,0.02054084312164218,1775100818.3868587,5,C:\Users\PC\Desktop\RGMC_2026\RGMC\RGMC\data\map\robot29\images\0407.png,C:\Users\PC\Desktop\RGMC_2026\RGMC\RGMC\data\map\robot29\overlays\0407_overlay.png,C:\Users\PC\Desktop\RGMC_2026\RGMC\RGMC\data\map\robot29\masks\0407_mask.png
408,0.37124999999999997,0.38125,451.2213930348259,189.17412935323384,1,0.0,0.010311179077510696,0.3549045724097165,1775100827.2995894,5,C:\Users\PC\Desktop\RGMC_2026\RGMC\RGMC\data\map\robot29\images\0408.png,C:\Users\PC\Desktop\RGMC_2026\RGMC\RGMC\data\map\robot29\overlays\0408_overlay.png,C:\Users\PC\Desktop\RGMC_2026\RGMC\RGMC\data\map\robot29\masks\0408_mask.png
409,0.4021875,0.38125,450.63697478991594,201.91764705882352,1,0.0,0.01742028049227776,0.021298673406871235,1775100836.5608082,5,C:\Users\PC\Desktop\RGMC_2026\RGMC\RGMC\data\map\robot29\images\0409.png,C:\Users\PC\Desktop\RGMC_2026\RGMC\RGMC\data\map\robot29\overlays\0409_overlay.png,C:\Users\PC\Desktop\RGMC_2026\RGMC\RGMC\data\map\robot29\masks\0409_mask.png
411,0.4640625,0.38125,450.9764705882353,229.9436974789916,1,0.0,0.10318572985552606,0.46122548535586405,1775100855.3133068,5,C:\Users\PC\Desktop\RGMC_2026\RGMC\RGMC\data\map\robot29\images\0411.png,C:\Users\PC\Desktop\RGMC_2026\RGMC\RGMC\data\map\robot29\overlays\0411_overlay.png,C:\Users\PC\Desktop\RGMC_2026\RGMC\RGMC\data\map\robot29\masks\0411_mask.png
412,0.495,0.38125,450.0984952120383,236.7140902872777,1,0.0,0.35822266960379784,1.5065442868165526,1775100864.8356595,5,C:\Users\PC\Desktop\RGMC_2026\RGMC\RGMC\data\map\robot29\images\0412.png,C:\Users\PC\Desktop\RGMC_2026\RGMC\RGMC\data\map\robot29\overlays\0412_overlay.png,C:\Users\PC\Desktop\RGMC_2026\RGMC\RGMC\data\map\robot29\masks\0412_mask.png
413,0.5259375,0.38125,450.5456125108601,256.353711790393,1,0.0,0.27923170240279516,0.3500344893519871,1775100873.8738897,5,C:\Users\PC\Desktop\RGMC_2026\RGMC\RGMC\data\map\robot29\images\0413.png,C:\Users\PC\Desktop\RGMC_2026\RGMC\RGMC\data\map\robot29\overlays\0413_overlay.png,C:\Users\PC\Desktop\RGMC_2026\RGMC\RGMC\data\map\robot29\masks\0413_mask.png
414,0.556875,0.38125,451.6925566343042,267.15978835978837,1,0.0,0.1711061127421354,0.9710498660439244,1775100883.0100675,5,C:\Users\PC\Desktop\RGMC_2026\RGMC\RGMC\data\map\robot29\images\0414.png,C:\Users\PC\Desktop\RGMC_2026\RGMC\RGMC\data\map\robot29\overlays\0414_overlay.png,C:\Users\PC\Desktop\RGMC_2026\RGMC\RGMC\data\map\robot29\masks\0414_mask.png
415,0.5878125,0.38125,451.29534109816973,283.89900662251654,1,0.0,0.1389013219246373,0.2722310608616114,1775100891.893519,5,C:\Users\PC\Desktop\RGMC_2026\RGMC\RGMC\data\map\robot29\images\0415.png,C:\Users\PC\Desktop\RGMC_2026\RGMC\RGMC\data\map\robot29\overlays\0415_overlay.png,C:\Users\PC\Desktop\RGMC_2026\RGMC\RGMC\data\map\robot29\masks\0415_mask.png
416,0.61875,0.38125,450.7816377171216,297.87262200165424,1,0.0,0.11971058094804486,1.1553643881748181,1775100900.7511096,5,C:\Users\PC\Desktop\RGMC_2026\RGMC\RGMC\data\map\robot29\images\0416.png,C:\Users\PC\Desktop\RGMC_2026\RGMC\RGMC\data\map\robot29\overlays\0416_overlay.png,C:\Users\PC\Desktop\RGMC_2026\RGMC\RGMC\data\map\robot29\masks\0416_mask.png
417,0.6496875,0.38125,451.0344506517691,313.6813495782568,1,0.0,0.10850664152946952,0.7785555219486135,1775100909.6948369,5,C:\Users\PC\Desktop\RGMC_2026\RGMC\RGMC\data\map\robot29\images\0417.png,C:\Users\PC\Desktop\RGMC_2026\RGMC\RGMC\data\map\robot29\overlays\0417_overlay.png,C:\Users\PC\Desktop\RGMC_2026\RGMC\RGMC\data\map\robot29\masks\0417_mask.png
418,0.680625,0.38125,450.82538399353274,324.4979389942292,1,0.0,0.14793336258593098,2.1893737842458822,1775100918.7684953,5,C:\Users\PC\Desktop\RGMC_2026\RGMC\RGMC\data\map\robot29\images\0418.png,C:\Users\PC\Desktop\RGMC_2026\RGMC\RGMC\data\map\robot29\overlays\0418_overlay.png,C:\Users\PC\Desktop\RGMC_2026\RGMC\RGMC\data\map\robot29\masks\0418_mask.png
419,0.7115625,0.38125,450.6094527363184,338.4966555183947,1,0.0,0.03882879522046126,0.11268215677249033,1775100927.5296702,5,C:\Users\PC\Desktop\RGMC_2026\RGMC\RGMC\data\map\robot29\images\0419.png,C:\Users\PC\Desktop\RGMC_2026\RGMC\RGMC\data\map\robot29\overlays\0419_overlay.png,C:\Users\PC\Desktop\RGMC_2026\RGMC\RGMC\data\map\robot29\masks\0419_mask.png
420,0.7424999999999999,0.38125,450.4374475230898,351.7877516778523,1,0.0,0.11499965496105881,0.05597818814801141,1775100936.448346,5,C:\Users\PC\Desktop\RGMC_2026\RGMC\RGMC\data\map\robot29\images\0420.png,C:\Users\PC\Desktop\RGMC_2026\RGMC\RGMC\data\map\robot29\overlays\0420_overlay.png,C:\Users\PC\Desktop\RGMC_2026\RGMC\RGMC\data\map\robot29\masks\0420_mask.png
421,0.7734375,0.38125,450.6939291736931,365.7327150084317,1,0.0,0.3726153664667211,0.06315059643488047,1775100945.201596,5,C:\Users\PC\Desktop\RGMC_2026\RGMC\RGMC\data\map\robot29\images\0421.png,C:\Users\PC\Desktop\RGMC_2026\RGMC\RGMC\data\map\robot29\overlays\0421_overlay.png,C:\Users\PC\Desktop\RGMC_2026\RGMC\RGMC\data\map\robot29\masks\0421_mask.png
422,0.804375,0.38125,450.982800982801,379.019656019656,1,0.0,0.01575852188316791,0.008777627048342387,1775100954.092549,5,C:\Users\PC\Desktop\RGMC_2026\RGMC\RGMC\data\map\robot29\images\0422.png,C:\Users\PC\Desktop\RGMC_2026\RGMC\RGMC\data\map\robot29\overlays\0422_overlay.png,C:\Users\PC\Desktop\RGMC_2026\RGMC\RGMC\data\map\robot29\masks\0422_mask.png
423,0.8353125,0.38125,450.7266009852217,392.11601307189545,1,0.0,0.11227254030195696,0.06932004693749488,1775100963.0289614,5,C:\Users\PC\Desktop\RGMC_2026\RGMC\RGMC\data\map\robot29\images\0423.png,C:\Users\PC\Desktop\RGMC_2026\RGMC\RGMC\data\map\robot29\overlays\0423_overlay.png,C:\Users\PC\Desktop\RGMC_2026\RGMC\RGMC\data\map\robot29\masks\0423_mask.png
424,0.86625,0.38125,449.86651411136535,406.9816933638444,1,0.0,0.10678249286276781,0.04350524663579528,1775100971.9002776,5,C:\Users\PC\Desktop\RGMC_2026\RGMC\RGMC\data\map\robot29\images\0424.png,C:\Users\PC\Desktop\RGMC_2026\RGMC\RGMC\data\map\robot29\overlays\0424_overlay.png,C:\Users\PC\Desktop\RGMC_2026\RGMC\RGMC\data\map\robot29\masks\0424_mask.png
425,0.8971875,0.38125,450.82695374800636,419.90031897926633,1,0.0,0.048172398587962476,0.0534238992133429,1775100980.8084137,5,C:\Users\PC\Desktop\RGMC_2026\RGMC\RGMC\data\map\robot29\images\0425.png,C:\Users\PC\Desktop\RGMC_2026\RGMC\RGMC\data\map\robot29\overlays\0425_overlay.png,C:\Users\PC\Desktop\RGMC_2026\RGMC\RGMC\data\map\robot29\masks\0425_mask.png
426,0.928125,0.38125,449.972288202692,434.0269200316706,1,0.0,0.3708860129179364,0.16866340397826438,1775100989.6741986,5,C:\Users\PC\Desktop\RGMC_2026\RGMC\RGMC\data\map\robot29\images\0426.png,C:\Users\PC\Desktop\RGMC_2026\RGMC\RGMC\data\map\robot29\overlays\0426_overlay.png,C:\Users\PC\Desktop\RGMC_2026\RGMC\RGMC\data\map\robot29\masks\0426_mask.png
427,0.9590625,0.38125,449.78277153558054,447.69063670411987,1,0.0,0.07762697232082359,0.03208193460543001,1775100999.7359166,5,C:\Users\PC\Desktop\RGMC_2026\RGMC\RGMC\data\map\robot29\images\0427.png,C:\Users\PC\Desktop\RGMC_2026\RGMC\RGMC\data\map\robot29\overlays\0427_overlay.png,C:\Users\PC\Desktop\RGMC_2026\RGMC\RGMC\data\map\robot29\masks\0427_mask.png
428,0.99,0.38125,450.8535309503051,460.4272013949433,1,0.0,0.04070121775334917,0.040417599049063474,1775101008.4601774,5,C:\Users\PC\Desktop\RGMC_2026\RGMC\RGMC\data\map\robot29\images\0428.png,C:\Users\PC\Desktop\RGMC_2026\RGMC\RGMC\data\map\robot29\overlays\0428_overlay.png,C:\Users\PC\Desktop\RGMC_2026\RGMC\RGMC\data\map\robot29\masks\0428_mask.png
429,0.99,0.4121875,436.0609965635739,460.3842195540309,1,0.0,0.10952090684062889,0.2830249528984419,1775101017.676324,5,C:\Users\PC\Desktop\RGMC_2026\RGMC\RGMC\data\map\robot29\images\0429.png,C:\Users\PC\Desktop\RGMC_2026\RGMC\RGMC\data\map\robot29\overlays\0429_overlay.png,C:\Users\PC\Desktop\RGMC_2026\RGMC\RGMC\data\map\robot29\masks\0429_mask.png
430,0.9590625,0.4121875,435.80547112462006,448.0,1,0.0,0.018706411641625308,0.04506951933948174,1775101026.4984703,5,C:\Users\PC\Desktop\RGMC_2026\RGMC\RGMC\data\map\robot29\images\0430.png,C:\Users\PC\Desktop\RGMC_2026\RGMC\RGMC\data\map\robot29\overlays\0430_overlay.png,C:\Users\PC\Desktop\RGMC_2026\RGMC\RGMC\data\map\robot29\masks\0430_mask.png
431,0.928125,0.4121875,435.796,434.3263497179694,1,0.0,0.18833569033652447,0.04092501979822072,1775101035.5605783,5,C:\Users\PC\Desktop\RGMC_2026\RGMC\RGMC\data\map\robot29\images\0431.png,C:\Users\PC\Desktop\RGMC_2026\RGMC\RGMC\data\map\robot29\overlays\0431_overlay.png,C:\Users\PC\Desktop\RGMC_2026\RGMC\RGMC\data\map\robot29\masks\0431_mask.png
432,0.8971875,0.4121875,435.8064250411862,421.1004942339374,1,0.0,0.06153449140144644,0.3137166947055041,1775101044.7250524,5,C:\Users\PC\Desktop\RGMC_2026\RGMC\RGMC\data\map\robot29\images\0432.png,C:\Users\PC\Desktop\RGMC_2026\RGMC\RGMC\data\map\robot29\overlays\0432_overlay.png,C:\Users\PC\Desktop\RGMC_2026\RGMC\RGMC\data\map\robot29\masks\0432_mask.png
433,0.86625,0.4121875,435.8951930654058,407.04176516942476,1,0.0,0.23641554335212836,0.07551098037929851,1775101053.7347455,5,C:\Users\PC\Desktop\RGMC_2026\RGMC\RGMC\data\map\robot29\images\0433.png,C:\Users\PC\Desktop\RGMC_2026\RGMC\RGMC\data\map\robot29\overlays\0433_overlay.png,C:\Users\PC\Desktop\RGMC_2026\RGMC\RGMC\data\map\robot29\masks\0433_mask.png
434,0.8353125,0.4121875,436.03368940016435,393.31167763157896,1,0.0,0.22143598474301754,0.05833674864121413,1775101062.6851168,5,C:\Users\PC\Desktop\RGMC_2026\RGMC\RGMC\data\map\robot29\images\0434.png,C:\Users\PC\Desktop\RGMC_2026\RGMC\RGMC\data\map\robot29\overlays\0434_overlay.png,C:\Users\PC\Desktop\RGMC_2026\RGMC\RGMC\data\map\robot29\masks\0434_mask.png
435,0.804375,0.4121875,436.2090032154341,379.5518905872888,1,0.0,0.041900096905891776,0.05794838178976183,1775101072.561989,5,C:\Users\PC\Desktop\RGMC_2026\RGMC\RGMC\data\map\robot29\images\0435.png,C:\Users\PC\Desktop\RGMC_2026\RGMC\RGMC\data\map\robot29\overlays\0435_overlay.png,C:\Users\PC\Desktop\RGMC_2026\RGMC\RGMC\data\map\robot29\masks\0435_mask.png
436,0.7734375,0.4121875,436.00915903413824,365.9136630343671,1,0.0,0.08127923786359527,0.04300247773909676,1775101081.449306,5,C:\Users\PC\Desktop\RGMC_2026\RGMC\RGMC\data\map\robot29\images\0436.png,C:\Users\PC\Desktop\RGMC_2026\RGMC\RGMC\data\map\robot29\overlays\0436_overlay.png,C:\Users\PC\Desktop\RGMC_2026\RGMC\RGMC\data\map\robot29\masks\0436_mask.png
437,0.7424999999999999,0.4121875,436.14604948124503,352.41354581673306,1,0.0,0.04897736159819152,0.016075829327101762,1775101090.6557844,5,C:\Users\PC\Desktop\RGMC_2026\RGMC\RGMC\data\map\robot29\images\0437.png,C:\Users\PC\Desktop\RGMC_2026\RGMC\RGMC\data\map\robot29\overlays\0437_overlay.png,C:\Users\PC\Desktop\RGMC_2026\RGMC\RGMC\data\map\robot29\masks\0437_mask.png
438,0.7115625,0.4121875,435.8904761904762,339.16984126984124,1,0.0,0.014053247726383953,0.03281094679104894,1775101099.4063818,5,C:\Users\PC\Desktop\RGMC_2026\RGMC\RGMC\data\map\robot29\images\0438.png,C:\Users\PC\Desktop\RGMC_2026\RGMC\RGMC\data\map\robot29\overlays\0438_overlay.png,C:\Users\PC\Desktop\RGMC_2026\RGMC\RGMC\data\map\robot29\masks\0438_mask.png
439,0.680625,0.4121875,436.11325503355704,325.29187817258884,1,0.0,0.04523046858932825,0.3097657378106337,1775101108.844107,5,C:\Users\PC\Desktop\RGMC_2026\RGMC\RGMC\data\map\robot29\images\0439.png,C:\Users\PC\Desktop\RGMC_2026\RGMC\RGMC\data\map\robot29\overlays\0439_overlay.png,C:\Users\PC\Desktop\RGMC_2026\RGMC\RGMC\data\map\robot29\masks\0439_mask.png
440,0.6496875,0.4121875,436.6219614417435,311.64858096828044,1,0.0,0.1402746196919825,0.08297437928315185,1775101117.9641225,5,C:\Users\PC\Desktop\RGMC_2026\RGMC\RGMC\data\map\robot29\images\0440.png,C:\Users\PC\Desktop\RGMC_2026\RGMC\RGMC\data\map\robot29\overlays\0440_overlay.png,C:\Users\PC\Desktop\RGMC_2026\RGMC\RGMC\data\map\robot29\masks\0440_mask.png
441,0.61875,0.4121875,436.0911330049261,298.14472608340145,1,0.0,0.12603854945896206,0.04108509795348193,1775101127.6225183,5,C:\Users\PC\Desktop\RGMC_2026\RGMC\RGMC\data\map\robot29\images\0441.png,C:\Users\PC\Desktop\RGMC_2026\RGMC\RGMC\data\map\robot29\overlays\0441_overlay.png,C:\Users\PC\Desktop\RGMC_2026\RGMC\RGMC\data\map\robot29\masks\0441_mask.png
442,0.5878125,0.4121875,436.44300518134713,284.77042132416165,1,0.0,0.0447734794342186,0.08257761746012787,1775101136.7582927,5,C:\Users\PC\Desktop\RGMC_2026\RGMC\RGMC\data\map\robot29\images\0442.png,C:\Users\PC\Desktop\RGMC_2026\RGMC\RGMC\data\map\robot29\overlays\0442_overlay.png,C:\Users\PC\Desktop\RGMC_2026\RGMC\RGMC\data\map\robot29\masks\0442_mask.png
443,0.556875,0.4121875,437.55250245338567,267.20246085011183,1,0.0,0.11335600592929744,1.077977321397531,1775101146.122814,5,C:\Users\PC\Desktop\RGMC_2026\RGMC\RGMC\data\map\robot29\images\0443.png,C:\Users\PC\Desktop\RGMC_2026\RGMC\RGMC\data\map\robot29\overlays\0443_overlay.png,C:\Users\PC\Desktop\RGMC_2026\RGMC\RGMC\data\map\robot29\masks\0443_mask.png
444,0.5259375,0.4121875,436.31046312178387,257.40207972270366,1,0.0,0.09850201124255192,0.26628981516635736,1775101154.9213746,5,C:\Users\PC\Desktop\RGMC_2026\RGMC\RGMC\data\map\robot29\images\0444.png,C:\Users\PC\Desktop\RGMC_2026\RGMC\RGMC\data\map\robot29\overlays\0444_overlay.png,C:\Users\PC\Desktop\RGMC_2026\RGMC\RGMC\data\map\robot29\masks\0444_mask.png
445,0.495,0.4121875,437.04318181818184,239.24631101021566,1,0.0,0.052904800376708014,1.2666243810094575,1775101163.9623997,5,C:\Users\PC\Desktop\RGMC_2026\RGMC\RGMC\data\map\robot29\images\0445.png,C:\Users\PC\Desktop\RGMC_2026\RGMC\RGMC\data\map\robot29\overlays\0445_overlay.png,C:\Users\PC\Desktop\RGMC_2026\RGMC\RGMC\data\map\robot29\masks\0445_mask.png
446,0.4640625,0.4121875,436.7928007023705,229.95633187772927,1,0.0,0.043576651554956096,0.03696938760002927,1775101173.2793934,5,C:\Users\PC\Desktop\RGMC_2026\RGMC\RGMC\data\map\robot29\images\0446.png,C:\Users\PC\Desktop\RGMC_2026\RGMC\RGMC\data\map\robot29\overlays\0446_overlay.png,C:\Users\PC\Desktop\RGMC_2026\RGMC\RGMC\data\map\robot29\masks\0446_mask.png
447,0.433125,0.4121875,436.65538194444446,216.78184991273997,1,0.0,0.06271582052034384,0.05658870676779258,1775101181.9379296,5,C:\Users\PC\Desktop\RGMC_2026\RGMC\RGMC\data\map\robot29\images\0447.png,C:\Users\PC\Desktop\RGMC_2026\RGMC\RGMC\data\map\robot29\overlays\0447_overlay.png,C:\Users\PC\Desktop\RGMC_2026\RGMC\RGMC\data\map\robot29\masks\0447_mask.png
448,0.4021875,0.4121875,436.3662790697674,202.61258278145695,1,0.0,0.30606386113711503,0.06903399555528726,1775101190.9316425,5,C:\Users\PC\Desktop\RGMC_2026\RGMC\RGMC\data\map\robot29\images\0448.png,C:\Users\PC\Desktop\RGMC_2026\RGMC\RGMC\data\map\robot29\overlays\0448_overlay.png,C:\Users\PC\Desktop\RGMC_2026\RGMC\RGMC\data\map\robot29\masks\0448_mask.png
449,0.37124999999999997,0.4121875,435.72970639032815,189.48881239242684,1,0.0,0.043814426317116385,0.03941662993751514,1775101199.9068575,5,C:\Users\PC\Desktop\RGMC_2026\RGMC\RGMC\data\map\robot29\images\0449.png,C:\Users\PC\Desktop\RGMC_2026\RGMC\RGMC\data\map\robot29\overlays\0449_overlay.png,C:\Users\PC\Desktop\RGMC_2026\RGMC\RGMC\data\map\robot29\masks\0449_mask.png
450,0.3403125,0.4121875,436.1778140293638,175.32654723127035,1,0.0,0.05294577106260228,0.03520326750578917,1775101209.1684473,5,C:\Users\PC\Desktop\RGMC_2026\RGMC\RGMC\data\map\robot29\images\0450.png,C:\Users\PC\Desktop\RGMC_2026\RGMC\RGMC\data\map\robot29\overlays\0450_overlay.png,C:\Users\PC\Desktop\RGMC_2026\RGMC\RGMC\data\map\robot29\masks\0450_mask.png
451,0.309375,0.4121875,436.494983277592,162.03174603174602,1,0.0,0.06816294896588819,0.05271893626311609,1775101218.1820552,5,C:\Users\PC\Desktop\RGMC_2026\RGMC\RGMC\data\map\robot29\images\0451.png,C:\Users\PC\Desktop\RGMC_2026\RGMC\RGMC\data\map\robot29\overlays\0451_overlay.png,C:\Users\PC\Desktop\RGMC_2026\RGMC\RGMC\data\map\robot29\masks\0451_mask.png
452,0.2784375,0.4121875,436.5406538139145,148.93270060396893,1,0.0,0.2505034066431472,0.01961572360921117,1775101227.0933793,5,C:\Users\PC\Desktop\RGMC_2026\RGMC\RGMC\data\map\robot29\images\0452.png,C:\Users\PC\Desktop\RGMC_2026\RGMC\RGMC\data\map\robot29\overlays\0452_overlay.png,C:\Users\PC\Desktop\RGMC_2026\RGMC\RGMC\data\map\robot29\masks\0452_mask.png
453,0.2475,0.4121875,436.73719008264464,134.52278376139188,1,0.0,0.049173358777893014,0.033654223682528885,1775101235.9962585,5,C:\Users\PC\Desktop\RGMC_2026\RGMC\RGMC\data\map\robot29\images\0453.png,C:\Users\PC\Desktop\RGMC_2026\RGMC\RGMC\data\map\robot29\overlays\0453_overlay.png,C:\Users\PC\Desktop\RGMC_2026\RGMC\RGMC\data\map\robot29\masks\0453_mask.png
454,0.2165625,0.4121875,436.45195439739416,121.3409090909091,1,0.0,0.03922676144861448,0.036760825614986094,1775101244.877893,5,C:\Users\PC\Desktop\RGMC_2026\RGMC\RGMC\data\map\robot29\images\0454.png,C:\Users\PC\Desktop\RGMC_2026\RGMC\RGMC\data\map\robot29\overlays\0454_overlay.png,C:\Users\PC\Desktop\RGMC_2026\RGMC\RGMC\data\map\robot29\masks\0454_mask.png
455,0.18562499999999998,0.4121875,436.9936758893281,107.50039588281868,1,0.0,0.049299912962582466,0.03852275099912572,1775101254.3241863,5,C:\Users\PC\Desktop\RGMC_2026\RGMC\RGMC\data\map\robot29\images\0455.png,C:\Users\PC\Desktop\RGMC_2026\RGMC\RGMC\data\map\robot29\overlays\0455_overlay.png,C:\Users\PC\Desktop\RGMC_2026\RGMC\RGMC\data\map\robot29\masks\0455_mask.png
456,0.1546875,0.4121875,436.78876781223806,93.8013411567477,1,0.0,0.09866777536846374,0.11783298085490593,1775101263.0134966,5,C:\Users\PC\Desktop\RGMC_2026\RGMC\RGMC\data\map\robot29\images\0456.png,C:\Users\PC\Desktop\RGMC_2026\RGMC\RGMC\data\map\robot29\overlays\0456_overlay.png,C:\Users\PC\Desktop\RGMC_2026\RGMC\RGMC\data\map\robot29\masks\0456_mask.png
457,0.12375,0.4121875,437.0403162055336,79.48253968253968,1,0.0,0.08931076729785717,0.031851299780295377,1775101272.0219305,5,C:\Users\PC\Desktop\RGMC_2026\RGMC\RGMC\data\map\robot29\images\0457.png,C:\Users\PC\Desktop\RGMC_2026\RGMC\RGMC\data\map\robot29\overlays\0457_overlay.png,C:\Users\PC\Desktop\RGMC_2026\RGMC\RGMC\data\map\robot29\masks\0457_mask.png
458,0.09281249999999999,0.4121875,437.0511811023622,66.30524642289348,1,0.0,0.03400456495761269,0.061240121595399086,1775101280.9059873,5,C:\Users\PC\Desktop\RGMC_2026\RGMC\RGMC\data\map\robot29\images\0458.png,C:\Users\PC\Desktop\RGMC_2026\RGMC\RGMC\data\map\robot29\overlays\0458_overlay.png,C:\Users\PC\Desktop\RGMC_2026\RGMC\RGMC\data\map\robot29\masks\0458_mask.png
459,0.061875,0.4121875,436.99110751818915,52.721907841552145,1,0.0,0.4565623678728242,0.08503133849610434,1775101289.772076,5,C:\Users\PC\Desktop\RGMC_2026\RGMC\RGMC\data\map\robot29\images\0459.png,C:\Users\PC\Desktop\RGMC_2026\RGMC\RGMC\data\map\robot29\overlays\0459_overlay.png,C:\Users\PC\Desktop\RGMC_2026\RGMC\RGMC\data\map\robot29\masks\0459_mask.png
460,0.0309375,0.4121875,437.0686119873817,38.07971586424625,1,0.0,0.09109342759001123,0.10957512375618886,1775101299.0800977,5,C:\Users\PC\Desktop\RGMC_2026\RGMC\RGMC\data\map\robot29\images\0460.png,C:\Users\PC\Desktop\RGMC_2026\RGMC\RGMC\data\map\robot29\overlays\0460_overlay.png,C:\Users\PC\Desktop\RGMC_2026\RGMC\RGMC\data\map\robot29\masks\0460_mask.png
461,0.0,0.4121875,437.3243243243243,24.409266409266408,1,0.0,0.06425161291268239,0.029200574716850735,1775101308.15761,5,C:\Users\PC\Desktop\RGMC_2026\RGMC\RGMC\data\map\robot29\images\0461.png,C:\Users\PC\Desktop\RGMC_2026\RGMC\RGMC\data\map\robot29\overlays\0461_overlay.png,C:\Users\PC\Desktop\RGMC_2026\RGMC\RGMC\data\map\robot29\masks\0461_mask.png
462,0.0,0.443125,423.6433460076046,24.43954372623574,1,0.0,0.037786494973171825,0.04450987419312922,1775101317.889213,5,C:\Users\PC\Desktop\RGMC_2026\RGMC\RGMC\data\map\robot29\images\0462.png,C:\Users\PC\Desktop\RGMC_2026\RGMC\RGMC\data\map\robot29\overlays\0462_overlay.png,C:\Users\PC\Desktop\RGMC_2026\RGMC\RGMC\data\map\robot29\masks\0462_mask.png
463,0.0309375,0.443125,423.73015873015873,38.227777777777774,1,0.0,0.07128139755342261,0.3651289701968265,1775101326.7928343,5,C:\Users\PC\Desktop\RGMC_2026\RGMC\RGMC\data\map\robot29\images\0463.png,C:\Users\PC\Desktop\RGMC_2026\RGMC\RGMC\data\map\robot29\overlays\0463_overlay.png,C:\Users\PC\Desktop\RGMC_2026\RGMC\RGMC\data\map\robot29\masks\0463_mask.png
464,0.061875,0.443125,423.68225806451613,52.924193548387095,1,0.0,0.047588841221114814,0.32867936238012124,1775101335.908527,5,C:\Users\PC\Desktop\RGMC_2026\RGMC\RGMC\data\map\robot29\images\0464.png,C:\Users\PC\Desktop\RGMC_2026\RGMC\RGMC\data\map\robot29\overlays\0464_overlay.png,C:\Users\PC\Desktop\RGMC_2026\RGMC\RGMC\data\map\robot29\masks\0464_mask.png
465,0.09281249999999999,0.443125,423.4425837320574,65.9238782051282,1,0.0,0.036920160804653664,0.046084254900503156,1775101344.9400904,5,C:\Users\PC\Desktop\RGMC_2026\RGMC\RGMC\data\map\robot29\images\0465.png,C:\Users\PC\Desktop\RGMC_2026\RGMC\RGMC\data\map\robot29\overlays\0465_overlay.png,C:\Users\PC\Desktop\RGMC_2026\RGMC\RGMC\data\map\robot29\masks\0465_mask.png
466,0.12375,0.443125,423.72906793048975,79.44180522565321,1,0.0,0.06621734280915241,0.06918535169597331,1775101354.228335,5,C:\Users\PC\Desktop\RGMC_2026\RGMC\RGMC\data\map\robot29\images\0466.png,C:\Users\PC\Desktop\RGMC_2026\RGMC\RGMC\data\map\robot29\overlays\0466_overlay.png,C:\Users\PC\Desktop\RGMC_2026\RGMC\RGMC\data\map\robot29\masks\0466_mask.png
467,0.1546875,0.443125,423.6279640228945,93.39542483660131,1,0.0,0.027377796653334154,0.023434661719551608,1775101363.3626842,5,C:\Users\PC\Desktop\RGMC_2026\RGMC\RGMC\data\map\robot29\images\0467.png,C:\Users\PC\Desktop\RGMC_2026\RGMC\RGMC\data\map\robot29\overlays\0467_overlay.png,C:\Users\PC\Desktop\RGMC_2026\RGMC\RGMC\data\map\robot29\masks\0467_mask.png
468,0.18562499999999998,0.443125,423.58232931726906,106.8480194017785,1,0.0,0.05899656526542886,0.06016706013436496,1775101372.775334,5,C:\Users\PC\Desktop\RGMC_2026\RGMC\RGMC\data\map\robot29\images\0468.png,C:\Users\PC\Desktop\RGMC_2026\RGMC\RGMC\data\map\robot29\overlays\0468_overlay.png,C:\Users\PC\Desktop\RGMC_2026\RGMC\RGMC\data\map\robot29\masks\0468_mask.png
469,0.2165625,0.443125,423.6290456431535,120.99343185550082,1,0.0,0.03740658294533194,0.06632799001605083,1775101381.820262,5,C:\Users\PC\Desktop\RGMC_2026\RGMC\RGMC\data\map\robot29\images\0469.png,C:\Users\PC\Desktop\RGMC_2026\RGMC\RGMC\data\map\robot29\overlays\0469_overlay.png,C:\Users\PC\Desktop\RGMC_2026\RGMC\RGMC\data\map\robot29\masks\0469_mask.png
470,0.2475,0.443125,423.5345963756178,133.8006617038875,1,0.0,0.031569015315217566,0.035847358447776645,1775101390.6703913,5,C:\Users\PC\Desktop\RGMC_2026\RGMC\RGMC\data\map\robot29\images\0470.png,C:\Users\PC\Desktop\RGMC_2026\RGMC\RGMC\data\map\robot29\overlays\0470_overlay.png,C:\Users\PC\Desktop\RGMC_2026\RGMC\RGMC\data\map\robot29\masks\0470_mask.png
471,0.2784375,0.443125,423.4201135442011,147.59757085020243,1,0.0,0.046602318711562625,0.319648294331735,1775101399.5414317,5,C:\Users\PC\Desktop\RGMC_2026\RGMC\RGMC\data\map\robot29\images\0471.png,C:\Users\PC\Desktop\RGMC_2026\RGMC\RGMC\data\map\robot29\overlays\0471_overlay.png,C:\Users\PC\Desktop\RGMC_2026\RGMC\RGMC\data\map\robot29\masks\0471_mask.png
472,0.309375,0.443125,423.3631100082713,161.41694352159467,1,0.0,0.06425400241091118,0.05611966169552587,1775101408.7427735,5,C:\Users\PC\Desktop\RGMC_2026\RGMC\RGMC\data\map\robot29\images\0472.png,C:\Users\PC\Desktop\RGMC_2026\RGMC\RGMC\data\map\robot29\overlays\0472_overlay.png,C:\Users\PC\Desktop\RGMC_2026\RGMC\RGMC\data\map\robot29\masks\0472_mask.png
473,0.3403125,0.443125,423.349593495935,174.9297385620915,1,0.0,0.011844478314588684,0.05321748619337328,1775101418.0437984,5,C:\Users\PC\Desktop\RGMC_2026\RGMC\RGMC\data\map\robot29\images\0473.png,C:\Users\PC\Desktop\RGMC_2026\RGMC\RGMC\data\map\robot29\overlays\0473_overlay.png,C:\Users\PC\Desktop\RGMC_2026\RGMC\RGMC\data\map\robot29\masks\0473_mask.png
474,0.37124999999999997,0.443125,423.4784,188.368,1,0.0,0.04264958387520304,0.4008446833521897,1775101426.8943415,5,C:\Users\PC\Desktop\RGMC_2026\RGMC\RGMC\data\map\robot29\images\0474.png,C:\Users\PC\Desktop\RGMC_2026\RGMC\RGMC\data\map\robot29\overlays\0474_overlay.png,C:\Users\PC\Desktop\RGMC_2026\RGMC\RGMC\data\map\robot29\masks\0474_mask.png
475,0.4021875,0.443125,423.11774461028193,201.4556313993174,1,0.0,0.02599376422651162,0.2050158528784602,1775101435.983111,5,C:\Users\PC\Desktop\RGMC_2026\RGMC\RGMC\data\map\robot29\images\0475.png,C:\Users\PC\Desktop\RGMC_2026\RGMC\RGMC\data\map\robot29\overlays\0475_overlay.png,C:\Users\PC\Desktop\RGMC_2026\RGMC\RGMC\data\map\robot29\masks\0475_mask.png
477,0.4640625,0.443125,423.3067375886525,229.54266211604096,1,0.0,0.051628955578228566,0.5035668690557061,1775101453.834211,5,C:\Users\PC\Desktop\RGMC_2026\RGMC\RGMC\data\map\robot29\images\0477.png,C:\Users\PC\Desktop\RGMC_2026\RGMC\RGMC\data\map\robot29\overlays\0477_overlay.png,C:\Users\PC\Desktop\RGMC_2026\RGMC\RGMC\data\map\robot29\masks\0477_mask.png
478,0.495,0.443125,422.72227231740305,242.09660107334525,1,0.0,0.060527639714198424,0.06516060520426947,1775101462.6927235,5,C:\Users\PC\Desktop\RGMC_2026\RGMC\RGMC\data\map\robot29\images\0478.png,C:\Users\PC\Desktop\RGMC_2026\RGMC\RGMC\data\map\robot29\overlays\0478_overlay.png,C:\Users\PC\Desktop\RGMC_2026\RGMC\RGMC\data\map\robot29\masks\0478_mask.png
479,0.5259375,0.443125,423.3101694915254,256.81138487680545,1,0.0,0.035912137527994985,0.028469995242648528,1775101471.5049188,5,C:\Users\PC\Desktop\RGMC_2026\RGMC\RGMC\data\map\robot29\images\0479.png,C:\Users\PC\Desktop\RGMC_2026\RGMC\RGMC\data\map\robot29\overlays\0479_overlay.png,C:\Users\PC\Desktop\RGMC_2026\RGMC\RGMC\data\map\robot29\masks\0479_mask.png
481,0.5878125,0.443125,422.56888888888886,282.27007943512797,1,0.0,0.06122991512525733,0.2617001678757522,1775101489.3020327,5,C:\Users\PC\Desktop\RGMC_2026\RGMC\RGMC\data\map\robot29\images\0481.png,C:\Users\PC\Desktop\RGMC_2026\RGMC\RGMC\data\map\robot29\overlays\0481_overlay.png,C:\Users\PC\Desktop\RGMC_2026\RGMC\RGMC\data\map\robot29\masks\0481_mask.png
482,0.61875,0.443125,423.4586776859504,297.8395061728395,1,0.0,0.0597468541855375,0.9981993107198767,1775101498.4213538,5,C:\Users\PC\Desktop\RGMC_2026\RGMC\RGMC\data\map\robot29\images\0482.png,C:\Users\PC\Desktop\RGMC_2026\RGMC\RGMC\data\map\robot29\overlays\0482_overlay.png,C:\Users\PC\Desktop\RGMC_2026\RGMC\RGMC\data\map\robot29\masks\0482_mask.png
484,0.680625,0.443125,423.1410891089109,324.7986798679868,1,0.0,0.05665448219520032,0.058995237476782335,1775101516.4006205,5,C:\Users\PC\Desktop\RGMC_2026\RGMC\RGMC\data\map\robot29\images\0484.png,C:\Users\PC\Desktop\RGMC_2026\RGMC\RGMC\data\map\robot29\overlays\0484_overlay.png,C:\Users\PC\Desktop\RGMC_2026\RGMC\RGMC\data\map\robot29\masks\0484_mask.png
485,0.7115625,0.443125,423.14438063986876,338.19803600654666,1,0.0,0.03176487154064868,0.033213507214874156,1775101525.5593092,5,C:\Users\PC\Desktop\RGMC_2026\RGMC\RGMC\data\map\robot29\images\0485.png,C:\Users\PC\Desktop\RGMC_2026\RGMC\RGMC\data\map\robot29\overlays\0485_overlay.png,C:\Users\PC\Desktop\RGMC_2026\RGMC\RGMC\data\map\robot29\masks\0485_mask.png
486,0.7424999999999999,0.443125,423.2162386081193,351.528870292887,1,0.0,0.061491912367805136,0.09783723335240818,1775101534.3901634,5,C:\Users\PC\Desktop\RGMC_2026\RGMC\RGMC\data\map\robot29\images\0486.png,C:\Users\PC\Desktop\RGMC_2026\RGMC\RGMC\data\map\robot29\overlays\0486_overlay.png,C:\Users\PC\Desktop\RGMC_2026\RGMC\RGMC\data\map\robot29\masks\0486_mask.png
487,0.7734375,0.443125,422.92407247627267,365.431660899654,1,0.0,0.09165729847679921,0.04056865705720411,1775101543.50279,5,C:\Users\PC\Desktop\RGMC_2026\RGMC\RGMC\data\map\robot29\images\0487.png,C:\Users\PC\Desktop\RGMC_2026\RGMC\RGMC\data\map\robot29\overlays\0487_overlay.png,C:\Users\PC\Desktop\RGMC_2026\RGMC\RGMC\data\map\robot29\masks\0487_mask.png
488,0.804375,0.443125,423.31152902698284,378.8421913327882,1,0.0,0.025328904593212166,0.04802541174496878,1775101552.4482849,5,C:\Users\PC\Desktop\RGMC_2026\RGMC\RGMC\data\map\robot29\images\0488.png,C:\Users\PC\Desktop\RGMC_2026\RGMC\RGMC\data\map\robot29\overlays\0488_overlay.png,C:\Users\PC\Desktop\RGMC_2026\RGMC\RGMC\data\map\robot29\masks\0488_mask.png
489,0.8353125,0.443125,422.9812925170068,393.078231292517,1,0.0,0.012834974405112297,0.037782054098672184,1775101561.5378375,5,C:\Users\PC\Desktop\RGMC_2026\RGMC\RGMC\data\map\robot29\images\0489.png,C:\Users\PC\Desktop\RGMC_2026\RGMC\RGMC\data\map\robot29\overlays\0489_overlay.png,C:\Users\PC\Desktop\RGMC_2026\RGMC\RGMC\data\map\robot29\masks\0489_mask.png
490,0.86625,0.443125,423.3355371900826,406.1591468416735,1,0.0,0.06870963031457737,0.0684148512568423,1775101570.564102,5,C:\Users\PC\Desktop\RGMC_2026\RGMC\RGMC\data\map\robot29\images\0490.png,C:\Users\PC\Desktop\RGMC_2026\RGMC\RGMC\data\map\robot29\overlays\0490_overlay.png,C:\Users\PC\Desktop\RGMC_2026\RGMC\RGMC\data\map\robot29\masks\0490_mask.png
491,0.8971875,0.443125,423.44984326018806,420.6320523303352,1,0.0,0.031227353904788955,0.40873011089584427,1775101579.296175,5,C:\Users\PC\Desktop\RGMC_2026\RGMC\RGMC\data\map\robot29\images\0491.png,C:\Users\PC\Desktop\RGMC_2026\RGMC\RGMC\data\map\robot29\overlays\0491_overlay.png,C:\Users\PC\Desktop\RGMC_2026\RGMC\RGMC\data\map\robot29\masks\0491_mask.png
492,0.928125,0.443125,423.3116574147502,434.0237529691211,1,0.0,0.06029143778812104,0.06692697451262943,1775101587.9478238,5,C:\Users\PC\Desktop\RGMC_2026\RGMC\RGMC\data\map\robot29\images\0492.png,C:\Users\PC\Desktop\RGMC_2026\RGMC\RGMC\data\map\robot29\overlays\0492_overlay.png,C:\Users\PC\Desktop\RGMC_2026\RGMC\RGMC\data\map\robot29\masks\0492_mask.png
493,0.9590625,0.443125,423.07246376811594,447.7040427154844,1,0.0,0.021993378289803554,0.036307057993610815,1775101596.8696167,5,C:\Users\PC\Desktop\RGMC_2026\RGMC\RGMC\data\map\robot29\images\0493.png,C:\Users\PC\Desktop\RGMC_2026\RGMC\RGMC\data\map\robot29\overlays\0493_overlay.png,C:\Users\PC\Desktop\RGMC_2026\RGMC\RGMC\data\map\robot29\masks\0493_mask.png
494,0.99,0.443125,423.08755364806865,460.26311263972485,1,0.0,0.025477664659870666,0.03178711999768192,1775101606.017244,5,C:\Users\PC\Desktop\RGMC_2026\RGMC\RGMC\data\map\robot29\images\0494.png,C:\Users\PC\Desktop\RGMC_2026\RGMC\RGMC\data\map\robot29\overlays\0494_overlay.png,C:\Users\PC\Desktop\RGMC_2026\RGMC\RGMC\data\map\robot29\masks\0494_mask.png
495,0.99,0.4740625,408.45012787723783,460.7482993197279,1,0.0,0.023738328845785518,0.04478670479173711,1775101614.8514814,5,C:\Users\PC\Desktop\RGMC_2026\RGMC\RGMC\data\map\robot29\images\0495.png,C:\Users\PC\Desktop\RGMC_2026\RGMC\RGMC\data\map\robot29\overlays\0495_overlay.png,C:\Users\PC\Desktop\RGMC_2026\RGMC\RGMC\data\map\robot29\masks\0495_mask.png
496,0.9590625,0.4740625,408.1824480369515,448.0258162490509,1,0.0,0.054374498755083094,0.03544170992450183,1775101623.6339202,5,C:\Users\PC\Desktop\RGMC_2026\RGMC\RGMC\data\map\robot29\images\0496.png,C:\Users\PC\Desktop\RGMC_2026\RGMC\RGMC\data\map\robot29\overlays\0496_overlay.png,C:\Users\PC\Desktop\RGMC_2026\RGMC\RGMC\data\map\robot29\masks\0496_mask.png
497,0.928125,0.4740625,408.2265625,434.58601728201097,1,0.0,0.030357998977041112,0.042048551587052105,1775101632.5797324,5,C:\Users\PC\Desktop\RGMC_2026\RGMC\RGMC\data\map\robot29\images\0497.png,C:\Users\PC\Desktop\RGMC_2026\RGMC\RGMC\data\map\robot29\overlays\0497_overlay.png,C:\Users\PC\Desktop\RGMC_2026\RGMC\RGMC\data\map\robot29\masks\0497_mask.png
498,0.8971875,0.4740625,408.317485898469,421.29935794542536,1,0.0,0.03884450480022708,0.034838381628343566,1775101641.684327,5,C:\Users\PC\Desktop\RGMC_2026\RGMC\RGMC\data\map\robot29\images\0498.png,C:\Users\PC\Desktop\RGMC_2026\RGMC\RGMC\data\map\robot29\overlays\0498_overlay.png,C:\Users\PC\Desktop\RGMC_2026\RGMC\RGMC\data\map\robot29\masks\0498_mask.png
499,0.86625,0.4740625,408.35076427996785,407.0559552358113,1,0.0,0.052608556807516124,0.10019154493038016,1775101650.5403464,5,C:\Users\PC\Desktop\RGMC_2026\RGMC\RGMC\data\map\robot29\images\0499.png,C:\Users\PC\Desktop\RGMC_2026\RGMC\RGMC\data\map\robot29\overlays\0499_overlay.png,C:\Users\PC\Desktop\RGMC_2026\RGMC\RGMC\data\map\robot29\masks\0499_mask.png
500,0.8353125,0.4740625,408.3140016570008,393.37685950413226,1,0.0,0.06664254324949392,0.020819365756226296,1775101659.439029,5,C:\Users\PC\Desktop\RGMC_2026\RGMC\RGMC\data\map\robot29\images\0500.png,C:\Users\PC\Desktop\RGMC_2026\RGMC\RGMC\data\map\robot29\overlays\0500_overlay.png,C:\Users\PC\Desktop\RGMC_2026\RGMC\RGMC\data\map\robot29\masks\0500_mask.png
501,0.804375,0.4740625,408.5301794453507,379.4490627546862,1,0.0,0.05974930693264239,0.05952913217254824,1775101668.3447237,5,C:\Users\PC\Desktop\RGMC_2026\RGMC\RGMC\data\map\robot29\images\0501.png,C:\Users\PC\Desktop\RGMC_2026\RGMC\RGMC\data\map\robot29\overlays\0501_overlay.png,C:\Users\PC\Desktop\RGMC_2026\RGMC\RGMC\data\map\robot29\masks\0501_mask.png
502,0.7734375,0.4740625,408.489898989899,365.7097315436242,1,0.0,0.0518187555474599,0.014968228014319154,1775101677.5094874,5,C:\Users\PC\Desktop\RGMC_2026\RGMC\RGMC\data\map\robot29\images\0502.png,C:\Users\PC\Desktop\RGMC_2026\RGMC\RGMC\data\map\robot29\overlays\0502_overlay.png,C:\Users\PC\Desktop\RGMC_2026\RGMC\RGMC\data\map\robot29\masks\0502_mask.png
503,0.7424999999999999,0.4740625,408.41583333333335,351.8871237458194,1,0.0,0.02856948834396625,0.04550245297288522,1775101687.107278,5,C:\Users\PC\Desktop\RGMC_2026\RGMC\RGMC\data\map\robot29\images\0503.png,C:\Users\PC\Desktop\RGMC_2026\RGMC\RGMC\data\map\robot29\overlays\0503_overlay.png,C:\Users\PC\Desktop\RGMC_2026\RGMC\RGMC\data\map\robot29\masks\0503_mask.png
504,0.7115625,0.4740625,408.373572593801,338.64942528735634,1,0.0,0.12199902992784609,0.04962210862453182,1775101696.0111804,5,C:\Users\PC\Desktop\RGMC_2026\RGMC\RGMC\data\map\robot29\images\0504.png,C:\Users\PC\Desktop\RGMC_2026\RGMC\RGMC\data\map\robot29\overlays\0504_overlay.png,C:\Users\PC\Desktop\RGMC_2026\RGMC\RGMC\data\map\robot29\masks\0504_mask.png
505,0.680625,0.4740625,409.44138543516874,325.2386058981233,1,0.0,0.45394897893753433,0.06996911601265675,1775101705.0335577,5,C:\Users\PC\Desktop\RGMC_2026\RGMC\RGMC\data\map\robot29\images\0505.png,C:\Users\PC\Desktop\RGMC_2026\RGMC\RGMC\data\map\robot29\overlays\0505_overlay.png,C:\Users\PC\Desktop\RGMC_2026\RGMC\RGMC\data\map\robot29\masks\0505_mask.png
506,0.6496875,0.4740625,409.78893252865856,309.2722681296541,1,0.0,0.1297758407586565,4.980138117913586,1775101714.1058142,4,C:\Users\PC\Desktop\RGMC_2026\RGMC\RGMC\data\map\robot29\images\0506.png,C:\Users\PC\Desktop\RGMC_2026\RGMC\RGMC\data\map\robot29\overlays\0506_overlay.png,C:\Users\PC\Desktop\RGMC_2026\RGMC\RGMC\data\map\robot29\masks\0506_mask.png
507,0.61875,0.4740625,409.1630036630037,296.46153846153845,1,0.0,0.16439169888257293,1.6221551765863595,1775101723.0966,5,C:\Users\PC\Desktop\RGMC_2026\RGMC\RGMC\data\map\robot29\images\0507.png,C:\Users\PC\Desktop\RGMC_2026\RGMC\RGMC\data\map\robot29\overlays\0507_overlay.png,C:\Users\PC\Desktop\RGMC_2026\RGMC\RGMC\data\map\robot29\masks\0507_mask.png
508,0.5878125,0.4740625,409.2371615312792,283.7839101964453,1,0.0,0.10075108440059846,0.46517712815636403,1775101732.6573296,5,C:\Users\PC\Desktop\RGMC_2026\RGMC\RGMC\data\map\robot29\images\0508.png,C:\Users\PC\Desktop\RGMC_2026\RGMC\RGMC\data\map\robot29\overlays\0508_overlay.png,C:\Users\PC\Desktop\RGMC_2026\RGMC\RGMC\data\map\robot29\masks\0508_mask.png
509,0.556875,0.4740625,410.48740013374163,263.05724548209673,1,0.0,0.23359074202594868,0.8199476190765528,1775101741.631525,4,C:\Users\PC\Desktop\RGMC_2026\RGMC\RGMC\data\map\robot29\images\0509.png,C:\Users\PC\Desktop\RGMC_2026\RGMC\RGMC\data\map\robot29\overlays\0509_overlay.png,C:\Users\PC\Desktop\RGMC_2026\RGMC\RGMC\data\map\robot29\masks\0509_mask.png
511,0.495,0.4740625,409.36749116607774,243.0063752276867,1,0.0,0.1152230516670344,0.14298692571534652,1775101759.2861478,5,C:\Users\PC\Desktop\RGMC_2026\RGMC\RGMC\data\map\robot29\images\0511.png,C:\Users\PC\Desktop\RGMC_2026\RGMC\RGMC\data\map\robot29\overlays\0511_overlay.png,C:\Users\PC\Desktop\RGMC_2026\RGMC\RGMC\data\map\robot29\masks\0511_mask.png
512,0.4640625,0.4740625,409.49475524475525,229.99379982285208,1,0.0,0.024727477722734068,0.10731044108414506,1775101768.6298904,5,C:\Users\PC\Desktop\RGMC_2026\RGMC\RGMC\data\map\robot29\images\0512.png,C:\Users\PC\Desktop\RGMC_2026\RGMC\RGMC\data\map\robot29\overlays\0512_overlay.png,C:\Users\PC\Desktop\RGMC_2026\RGMC\RGMC\data\map\robot29\masks\0512_mask.png
513,0.433125,0.4740625,409.2344262295082,215.91967213114754,1,0.0,0.19822910024949086,0.03663431616672125,1775101777.8987412,5,C:\Users\PC\Desktop\RGMC_2026\RGMC\RGMC\data\map\robot29\images\0513.png,C:\Users\PC\Desktop\RGMC_2026\RGMC\RGMC\data\map\robot29\overlays\0513_overlay.png,C:\Users\PC\Desktop\RGMC_2026\RGMC\RGMC\data\map\robot29\masks\0513_mask.png
514,0.4021875,0.4740625,409.5110565110565,202.35462735462735,1,0.0,0.11361402176654745,0.04816842160562699,1775101786.9293537,5,C:\Users\PC\Desktop\RGMC_2026\RGMC\RGMC\data\map\robot29\images\0514.png,C:\Users\PC\Desktop\RGMC_2026\RGMC\RGMC\data\map\robot29\overlays\0514_overlay.png,C:\Users\PC\Desktop\RGMC_2026\RGMC\RGMC\data\map\robot29\masks\0514_mask.png
515,0.37124999999999997,0.4740625,409.04107424960506,189.31121642969984,1,0.0,0.04891813668376073,0.042841565696248904,1775101795.7533453,5,C:\Users\PC\Desktop\RGMC_2026\RGMC\RGMC\data\map\robot29\images\0515.png,C:\Users\PC\Desktop\RGMC_2026\RGMC\RGMC\data\map\robot29\overlays\0515_overlay.png,C:\Users\PC\Desktop\RGMC_2026\RGMC\RGMC\data\map\robot29\masks\0515_mask.png
516,0.3403125,0.4740625,409.47421875,174.90679304897316,1,0.0,0.06736356198809018,0.06151316654053963,1775101804.7673862,5,C:\Users\PC\Desktop\RGMC_2026\RGMC\RGMC\data\map\robot29\images\0516.png,C:\Users\PC\Desktop\RGMC_2026\RGMC\RGMC\data\map\robot29\overlays\0516_overlay.png,C:\Users\PC\Desktop\RGMC_2026\RGMC\RGMC\data\map\robot29\masks\0516_mask.png
517,0.309375,0.4740625,409.0790774299835,161.74257425742573,1,0.0,0.09825700255503395,0.080693349840195,1775101813.756808,5,C:\Users\PC\Desktop\RGMC_2026\RGMC\RGMC\data\map\robot29\images\0517.png,C:\Users\PC\Desktop\RGMC_2026\RGMC\RGMC\data\map\robot29\overlays\0517_overlay.png,C:\Users\PC\Desktop\RGMC_2026\RGMC\RGMC\data\map\robot29\masks\0517_mask.png
518,0.2784375,0.4740625,408.7525337837838,148.80976430976432,1,0.0,0.05148101786735936,0.0647501401732422,1775101822.721049,5,C:\Users\PC\Desktop\RGMC_2026\RGMC\RGMC\data\map\robot29\images\0518.png,C:\Users\PC\Desktop\RGMC_2026\RGMC\RGMC\data\map\robot29\overlays\0518_overlay.png,C:\Users\PC\Desktop\RGMC_2026\RGMC\RGMC\data\map\robot29\masks\0518_mask.png
519,0.2475,0.4740625,409.62372348782407,134.5381589299764,1,0.0,0.051594996081026405,0.0738600420734982,1775101831.48289,5,C:\Users\PC\Desktop\RGMC_2026\RGMC\RGMC\data\map\robot29\images\0519.png,C:\Users\PC\Desktop\RGMC_2026\RGMC\RGMC\data\map\robot29\overlays\0519_overlay.png,C:\Users\PC\Desktop\RGMC_2026\RGMC\RGMC\data\map\robot29\masks\0519_mask.png
520,0.2165625,0.4740625,410.1986359761296,121.02548853016143,1,0.0,0.3767126816266752,0.031195842358889336,1775101841.1438816,5,C:\Users\PC\Desktop\RGMC_2026\RGMC\RGMC\data\map\robot29\images\0520.png,C:\Users\PC\Desktop\RGMC_2026\RGMC\RGMC\data\map\robot29\overlays\0520_overlay.png,C:\Users\PC\Desktop\RGMC_2026\RGMC\RGMC\data\map\robot29\masks\0520_mask.png
521,0.18562499999999998,0.4740625,409.54430379746833,107.2984375,1,0.0,0.08185551851885003,0.056373562500129176,1775101849.989435,5,C:\Users\PC\Desktop\RGMC_2026\RGMC\RGMC\data\map\robot29\images\0521.png,C:\Users\PC\Desktop\RGMC_2026\RGMC\RGMC\data\map\robot29\overlays\0521_overlay.png,C:\Users\PC\Desktop\RGMC_2026\RGMC\RGMC\data\map\robot29\masks\0521_mask.png
522,0.1546875,0.4740625,409.83753943217664,93.5717665615142,1,0.0,0.03213330709281701,0.03992341280482849,1775101858.9183319,5,C:\Users\PC\Desktop\RGMC_2026\RGMC\RGMC\data\map\robot29\images\0522.png,C:\Users\PC\Desktop\RGMC_2026\RGMC\RGMC\data\map\robot29\overlays\0522_overlay.png,C:\Users\PC\Desktop\RGMC_2026\RGMC\RGMC\data\map\robot29\masks\0522_mask.png
523,0.12375,0.4740625,409.2300542215337,79.76135488837568,1,0.0,0.038609407359687105,0.08196672700714992,1775101867.6430728,5,C:\Users\PC\Desktop\RGMC_2026\RGMC\RGMC\data\map\robot29\images\0523.png,C:\Users\PC\Desktop\RGMC_2026\RGMC\RGMC\data\map\robot29\overlays\0523_overlay.png,C:\Users\PC\Desktop\RGMC_2026\RGMC\RGMC\data\map\robot29\masks\0523_mask.png
524,0.09281249999999999,0.4740625,409.5874811463047,66.5372340425532,1,0.0,0.07305297542982919,0.0832763173339759,1775101876.4122984,5,C:\Users\PC\Desktop\RGMC_2026\RGMC\RGMC\data\map\robot29\images\0524.png,C:\Users\PC\Desktop\RGMC_2026\RGMC\RGMC\data\map\robot29\overlays\0524_overlay.png,C:\Users\PC\Desktop\RGMC_2026\RGMC\RGMC\data\map\robot29\masks\0524_mask.png
525,0.061875,0.4740625,409.9616288175411,52.98098256735341,1,0.0,0.09680849354271363,0.07666880209123902,1775101885.259495,5,C:\Users\PC\Desktop\RGMC_2026\RGMC\RGMC\data\map\robot29\images\0525.png,C:\Users\PC\Desktop\RGMC_2026\RGMC\RGMC\data\map\robot29\overlays\0525_overlay.png,C:\Users\PC\Desktop\RGMC_2026\RGMC\RGMC\data\map\robot29\masks\0525_mask.png
526,0.0309375,0.4740625,409.81133540372673,38.048136645962735,1,0.0,0.15343879644193797,0.17683263916043482,1775101894.1840758,5,C:\Users\PC\Desktop\RGMC_2026\RGMC\RGMC\data\map\robot29\images\0526.png,C:\Users\PC\Desktop\RGMC_2026\RGMC\RGMC\data\map\robot29\overlays\0526_overlay.png,C:\Users\PC\Desktop\RGMC_2026\RGMC\RGMC\data\map\robot29\masks\0526_mask.png
527,0.0,0.4740625,409.6127819548872,24.399099774943735,1,0.0,0.06607378006664724,0.07210910720470479,1775101903.4402254,5,C:\Users\PC\Desktop\RGMC_2026\RGMC\RGMC\data\map\robot29\images\0527.png,C:\Users\PC\Desktop\RGMC_2026\RGMC\RGMC\data\map\robot29\overlays\0527_overlay.png,C:\Users\PC\Desktop\RGMC_2026\RGMC\RGMC\data\map\robot29\masks\0527_mask.png
528,0.0,0.505,396.2527047913447,24.261978361669243,1,0.0,0.02673702317727082,0.06365866893410094,1775101912.366481,5,C:\Users\PC\Desktop\RGMC_2026\RGMC\RGMC\data\map\robot29\images\0528.png,C:\Users\PC\Desktop\RGMC_2026\RGMC\RGMC\data\map\robot29\overlays\0528_overlay.png,C:\Users\PC\Desktop\RGMC_2026\RGMC\RGMC\data\map\robot29\masks\0528_mask.png
529,0.0309375,0.505,395.93150684931504,37.90186536901865,1,0.0,0.04344530660128955,0.07202069372318073,1775101921.6786609,5,C:\Users\PC\Desktop\RGMC_2026\RGMC\RGMC\data\map\robot29\images\0529.png,C:\Users\PC\Desktop\RGMC_2026\RGMC\RGMC\data\map\robot29\overlays\0529_overlay.png,C:\Users\PC\Desktop\RGMC_2026\RGMC\RGMC\data\map\robot29\masks\0529_mask.png
530,0.061875,0.505,396.0871632329636,52.11323763955343,1,0.0,0.05883040937807742,0.03951311568933518,1775101931.028633,5,C:\Users\PC\Desktop\RGMC_2026\RGMC\RGMC\data\map\robot29\images\0530.png,C:\Users\PC\Desktop\RGMC_2026\RGMC\RGMC\data\map\robot29\overlays\0530_overlay.png,C:\Users\PC\Desktop\RGMC_2026\RGMC\RGMC\data\map\robot29\masks\0530_mask.png
531,0.09281249999999999,0.505,395.7813990461049,65.82404458598727,1,0.0,0.03239163596632394,0.027338396352414876,1775101939.729561,5,C:\Users\PC\Desktop\RGMC_2026\RGMC\RGMC\data\map\robot29\images\0531.png,C:\Users\PC\Desktop\RGMC_2026\RGMC\RGMC\data\map\robot29\overlays\0531_overlay.png,C:\Users\PC\Desktop\RGMC_2026\RGMC\RGMC\data\map\robot29\masks\0531_mask.png
532,0.12375,0.505,395.770206022187,79.47068145800317,1,0.0,0.22763297699785617,0.09864840159820118,1775101949.8863966,5,C:\Users\PC\Desktop\RGMC_2026\RGMC\RGMC\data\map\robot29\images\0532.png,C:\Users\PC\Desktop\RGMC_2026\RGMC\RGMC\data\map\robot29\overlays\0532_overlay.png,C:\Users\PC\Desktop\RGMC_2026\RGMC\RGMC\data\map\robot29\masks\0532_mask.png
533,0.1546875,0.505,396.090243902439,93.47815533980582,1,0.0,0.029532163886928753,0.037687106345666306,1775101959.3763046,5,C:\Users\PC\Desktop\RGMC_2026\RGMC\RGMC\data\map\robot29\images\0533.png,C:\Users\PC\Desktop\RGMC_2026\RGMC\RGMC\data\map\robot29\overlays\0533_overlay.png,C:\Users\PC\Desktop\RGMC_2026\RGMC\RGMC\data\map\robot29\masks\0533_mask.png
534,0.18562499999999998,0.505,395.9585326953748,107.23510466988728,1,0.0,0.03184399945372391,0.06181463495447152,1775101968.7918818,5,C:\Users\PC\Desktop\RGMC_2026\RGMC\RGMC\data\map\robot29\images\0534.png,C:\Users\PC\Desktop\RGMC_2026\RGMC\RGMC\data\map\robot29\overlays\0534_overlay.png,C:\Users\PC\Desktop\RGMC_2026\RGMC\RGMC\data\map\robot29\masks\0534_mask.png
535,0.2165625,0.505,395.723609991942,121.23064516129033,1,0.0,0.034193998343376435,0.09365765024776287,1775101978.1562169,5,C:\Users\PC\Desktop\RGMC_2026\RGMC\RGMC\data\map\robot29\images\0535.png,C:\Users\PC\Desktop\RGMC_2026\RGMC\RGMC\data\map\robot29\overlays\0535_overlay.png,C:\Users\PC\Desktop\RGMC_2026\RGMC\RGMC\data\map\robot29\masks\0535_mask.png
536,0.2475,0.505,395.8800661703888,133.9181141439206,1,0.0,0.049411611844992785,0.04568344025200529,1775101987.787109,5,C:\Users\PC\Desktop\RGMC_2026\RGMC\RGMC\data\map\robot29\images\0536.png,C:\Users\PC\Desktop\RGMC_2026\RGMC\RGMC\data\map\robot29\overlays\0536_overlay.png,C:\Users\PC\Desktop\RGMC_2026\RGMC\RGMC\data\map\robot29\masks\0536_mask.png
537,0.2784375,0.505,395.9218487394958,148.82681099084095,1,0.0,0.05811850960881652,0.064658732975398,1775101997.3216944,5,C:\Users\PC\Desktop\RGMC_2026\RGMC\RGMC\data\map\robot29\images\0537.png,C:\Users\PC\Desktop\RGMC_2026\RGMC\RGMC\data\map\robot29\overlays\0537_overlay.png,C:\Users\PC\Desktop\RGMC_2026\RGMC\RGMC\data\map\robot29\masks\0537_mask.png
538,0.309375,0.505,395.7244979919679,161.66613418530352,1,0.0,0.05395083480249991,0.04541293003909012,1775102006.7948754,5,C:\Users\PC\Desktop\RGMC_2026\RGMC\RGMC\data\map\robot29\images\0538.png,C:\Users\PC\Desktop\RGMC_2026\RGMC\RGMC\data\map\robot29\overlays\0538_overlay.png,C:\Users\PC\Desktop\RGMC_2026\RGMC\RGMC\data\map\robot29\masks\0538_mask.png
539,0.3403125,0.505,395.75427176566313,174.6825266611977,1,0.0,0.04149594618686424,0.10196279273161203,1775102016.469593,5,C:\Users\PC\Desktop\RGMC_2026\RGMC\RGMC\data\map\robot29\images\0539.png,C:\Users\PC\Desktop\RGMC_2026\RGMC\RGMC\data\map\robot29\overlays\0539_overlay.png,C:\Users\PC\Desktop\RGMC_2026\RGMC\RGMC\data\map\robot29\masks\0539_mask.png
540,0.37124999999999997,0.505,395.53129890453835,187.98748043818466,1,0.0,0.036612240312642576,0.038438312565392284,1775102026.2781634,5,C:\Users\PC\Desktop\RGMC_2026\RGMC\RGMC\data\map\robot29\images\0540.png,C:\Users\PC\Desktop\RGMC_2026\RGMC\RGMC\data\map\robot29\overlays\0540_overlay.png,C:\Users\PC\Desktop\RGMC_2026\RGMC\RGMC\data\map\robot29\masks\0540_mask.png
541,0.4021875,0.505,395.4607762180016,201.76422093981864,1,0.0,0.00882899149139935,0.10570008743235154,1775102035.9117725,5,C:\Users\PC\Desktop\RGMC_2026\RGMC\RGMC\data\map\robot29\images\0541.png,C:\Users\PC\Desktop\RGMC_2026\RGMC\RGMC\data\map\robot29\overlays\0541_overlay.png,C:\Users\PC\Desktop\RGMC_2026\RGMC\RGMC\data\map\robot29\masks\0541_mask.png
542,0.433125,0.505,395.70836653386453,215.20288692862871,1,0.0,0.06750909165057502,0.08108072251795079,1775102045.640977,5,C:\Users\PC\Desktop\RGMC_2026\RGMC\RGMC\data\map\robot29\images\0542.png,C:\Users\PC\Desktop\RGMC_2026\RGMC\RGMC\data\map\robot29\overlays\0542_overlay.png,C:\Users\PC\Desktop\RGMC_2026\RGMC\RGMC\data\map\robot29\masks\0542_mask.png
543,0.4640625,0.505,395.8703870387039,229.2066609735269,1,0.0,0.07051410310828833,0.4447201004217968,1775102055.5930393,5,C:\Users\PC\Desktop\RGMC_2026\RGMC\RGMC\data\map\robot29\images\0543.png,C:\Users\PC\Desktop\RGMC_2026\RGMC\RGMC\data\map\robot29\overlays\0543_overlay.png,C:\Users\PC\Desktop\RGMC_2026\RGMC\RGMC\data\map\robot29\masks\0543_mask.png
544,0.495,0.505,396.0467128027682,242.55545927209707,1,0.0,0.11498408657587114,0.06666239900581639,1775102065.0220056,5,C:\Users\PC\Desktop\RGMC_2026\RGMC\RGMC\data\map\robot29\images\0544.png,C:\Users\PC\Desktop\RGMC_2026\RGMC\RGMC\data\map\robot29\overlays\0544_overlay.png,C:\Users\PC\Desktop\RGMC_2026\RGMC\RGMC\data\map\robot29\masks\0544_mask.png
545,0.5259375,0.505,395.58440514469453,255.7733118971061,1,0.0,0.0734469837048798,0.10469413714351675,1775102074.4157472,5,C:\Users\PC\Desktop\RGMC_2026\RGMC\RGMC\data\map\robot29\images\0545.png,C:\Users\PC\Desktop\RGMC_2026\RGMC\RGMC\data\map\robot29\overlays\0545_overlay.png,C:\Users\PC\Desktop\RGMC_2026\RGMC\RGMC\data\map\robot29\masks\0545_mask.png
546,0.556875,0.505,396.10481586402267,266.7851063829787,1,0.0,0.255019895320544,1.9996757950116728,1775102083.9741616,5,C:\Users\PC\Desktop\RGMC_2026\RGMC\RGMC\data\map\robot29\images\0546.png,C:\Users\PC\Desktop\RGMC_2026\RGMC\RGMC\data\map\robot29\overlays\0546_overlay.png,C:\Users\PC\Desktop\RGMC_2026\RGMC\RGMC\data\map\robot29\masks\0546_mask.png
547,0.5878125,0.505,396.0137575236457,282.6561163387511,1,0.0,0.07824336258395485,0.059997301064086954,1775102093.0833094,5,C:\Users\PC\Desktop\RGMC_2026\RGMC\RGMC\data\map\robot29\images\0547.png,C:\Users\PC\Desktop\RGMC_2026\RGMC\RGMC\data\map\robot29\overlays\0547_overlay.png,C:\Users\PC\Desktop\RGMC_2026\RGMC\RGMC\data\map\robot29\masks\0547_mask.png
548,0.61875,0.505,395.4864864864865,297.4307432432432,1,0.0,0.012465463131453915,0.014832661971727109,1775102102.350525,5,C:\Users\PC\Desktop\RGMC_2026\RGMC\RGMC\data\map\robot29\images\0548.png,C:\Users\PC\Desktop\RGMC_2026\RGMC\RGMC\data\map\robot29\overlays\0548_overlay.png,C:\Users\PC\Desktop\RGMC_2026\RGMC\RGMC\data\map\robot29\masks\0548_mask.png
549,0.6496875,0.505,396.24588665447897,304.7509881422925,1,0.0,0.3971045547875495,2.292919316410238,1775102111.3571453,5,C:\Users\PC\Desktop\RGMC_2026\RGMC\RGMC\data\map\robot29\images\0549.png,C:\Users\PC\Desktop\RGMC_2026\RGMC\RGMC\data\map\robot29\overlays\0549_overlay.png,C:\Users\PC\Desktop\RGMC_2026\RGMC\RGMC\data\map\robot29\masks\0549_mask.png
550,0.680625,0.505,395.65425531914894,324.30407801418437,1,0.0,0.09639505634165774,0.08625406773085365,1775102120.5512223,5,C:\Users\PC\Desktop\RGMC_2026\RGMC\RGMC\data\map\robot29\images\0550.png,C:\Users\PC\Desktop\RGMC_2026\RGMC\RGMC\data\map\robot29\overlays\0550_overlay.png,C:\Users\PC\Desktop\RGMC_2026\RGMC\RGMC\data\map\robot29\masks\0550_mask.png
551,0.7115625,0.505,395.50082918739633,338.1595394736842,1,0.0,0.04733980594148118,0.023998147043285442,1775102129.655404,5,C:\Users\PC\Desktop\RGMC_2026\RGMC\RGMC\data\map\robot29\images\0551.png,C:\Users\PC\Desktop\RGMC_2026\RGMC\RGMC\data\map\robot29\overlays\0551_overlay.png,C:\Users\PC\Desktop\RGMC_2026\RGMC\RGMC\data\map\robot29\masks\0551_mask.png
552,0.7424999999999999,0.505,395.69746524938677,351.6271324126726,1,0.0,0.03195847945724498,0.05994467282414466,1775102138.5856643,5,C:\Users\PC\Desktop\RGMC_2026\RGMC\RGMC\data\map\robot29\images\0552.png,C:\Users\PC\Desktop\RGMC_2026\RGMC\RGMC\data\map\robot29\overlays\0552_overlay.png,C:\Users\PC\Desktop\RGMC_2026\RGMC\RGMC\data\map\robot29\masks\0552_mask.png
553,0.7734375,0.505,395.53182579564486,365.48357203032856,1,0.0,0.048700285212943374,0.025904232421147824,1775102147.4914382,5,C:\Users\PC\Desktop\RGMC_2026\RGMC\RGMC\data\map\robot29\images\0553.png,C:\Users\PC\Desktop\RGMC_2026\RGMC\RGMC\data\map\robot29\overlays\0553_overlay.png,C:\Users\PC\Desktop\RGMC_2026\RGMC\RGMC\data\map\robot29\masks\0553_mask.png
554,0.804375,0.505,395.7455770850885,378.9850869925435,1,0.0,0.04202076494032647,0.20256610579281017,1775102156.4759293,5,C:\Users\PC\Desktop\RGMC_2026\RGMC\RGMC\data\map\robot29\images\0554.png,C:\Users\PC\Desktop\RGMC_2026\RGMC\RGMC\data\map\robot29\overlays\0554_overlay.png,C:\Users\PC\Desktop\RGMC_2026\RGMC\RGMC\data\map\robot29\masks\0554_mask.png
555,0.8353125,0.505,395.43929173693084,392.90648694187024,1,0.0,0.03668525655508243,0.03676618756076126,1775102165.4669938,5,C:\Users\PC\Desktop\RGMC_2026\RGMC\RGMC\data\map\robot29\images\0555.png,C:\Users\PC\Desktop\RGMC_2026\RGMC\RGMC\data\map\robot29\overlays\0555_overlay.png,C:\Users\PC\Desktop\RGMC_2026\RGMC\RGMC\data\map\robot29\masks\0555_mask.png
556,0.86625,0.505,395.5119933829611,406.1290322580645,1,0.0,0.023766256519165994,0.2524389018232422,1775102175.5425727,5,C:\Users\PC\Desktop\RGMC_2026\RGMC\RGMC\data\map\robot29\images\0556.png,C:\Users\PC\Desktop\RGMC_2026\RGMC\RGMC\data\map\robot29\overlays\0556_overlay.png,C:\Users\PC\Desktop\RGMC_2026\RGMC\RGMC\data\map\robot29\masks\0556_mask.png
557,0.8971875,0.505,395.63174354964815,420.20251177394033,1,0.0,0.2572503931777661,0.3238127153023092,1775102184.621839,5,C:\Users\PC\Desktop\RGMC_2026\RGMC\RGMC\data\map\robot29\images\0557.png,C:\Users\PC\Desktop\RGMC_2026\RGMC\RGMC\data\map\robot29\overlays\0557_overlay.png,C:\Users\PC\Desktop\RGMC_2026\RGMC\RGMC\data\map\robot29\masks\0557_mask.png
558,0.928125,0.505,394.9562883435583,434.29717341482046,1,0.0,0.038223375074611196,0.03231247308808007,1775102193.8361588,5,C:\Users\PC\Desktop\RGMC_2026\RGMC\RGMC\data\map\robot29\images\0558.png,C:\Users\PC\Desktop\RGMC_2026\RGMC\RGMC\data\map\robot29\overlays\0558_overlay.png,C:\Users\PC\Desktop\RGMC_2026\RGMC\RGMC\data\map\robot29\masks\0558_mask.png
559,0.9590625,0.505,394.5382899628253,447.77843866171,1,0.0,0.09481897444276231,0.11264729793576153,1775102203.0654588,5,C:\Users\PC\Desktop\RGMC_2026\RGMC\RGMC\data\map\robot29\images\0559.png,C:\Users\PC\Desktop\RGMC_2026\RGMC\RGMC\data\map\robot29\overlays\0559_overlay.png,C:\Users\PC\Desktop\RGMC_2026\RGMC\RGMC\data\map\robot29\masks\0559_mask.png
560,0.99,0.505,394.8964110929853,460.4078303425775,1,0.0,0.3405468083270327,0.03455921763809336,1775102211.8125753,5,C:\Users\PC\Desktop\RGMC_2026\RGMC\RGMC\data\map\robot29\images\0560.png,C:\Users\PC\Desktop\RGMC_2026\RGMC\RGMC\data\map\robot29\overlays\0560_overlay.png,C:\Users\PC\Desktop\RGMC_2026\RGMC\RGMC\data\map\robot29\masks\0560_mask.png
561,0.99,0.5359375,381.43227424749165,460.34364548494983,1,0.0,0.053148235146832,0.020722509892138627,1775102221.1542513,5,C:\Users\PC\Desktop\RGMC_2026\RGMC\RGMC\data\map\robot29\images\0561.png,C:\Users\PC\Desktop\RGMC_2026\RGMC\RGMC\data\map\robot29\overlays\0561_overlay.png,C:\Users\PC\Desktop\RGMC_2026\RGMC\RGMC\data\map\robot29\masks\0561_mask.png
562,0.9590625,0.5359375,380.37894736842105,447.8937125748503,1,0.0,0.15115477072134068,0.10841351015294526,1775102230.4379623,5,C:\Users\PC\Desktop\RGMC_2026\RGMC\RGMC\data\map\robot29\images\0562.png,C:\Users\PC\Desktop\RGMC_2026\RGMC\RGMC\data\map\robot29\overlays\0562_overlay.png,C:\Users\PC\Desktop\RGMC_2026\RGMC\RGMC\data\map\robot29\masks\0562_mask.png
563,0.928125,0.5359375,381.04627450980394,434.38180404354586,1,0.0,0.1300315452384474,0.07782278869079529,1775102239.379727,5,C:\Users\PC\Desktop\RGMC_2026\RGMC\RGMC\data\map\robot29\images\0563.png,C:\Users\PC\Desktop\RGMC_2026\RGMC\RGMC\data\map\robot29\overlays\0563_overlay.png,C:\Users\PC\Desktop\RGMC_2026\RGMC\RGMC\data\map\robot29\masks\0563_mask.png
564,0.8971875,0.5359375,382.2318339100346,420.58173913043476,1,0.0,0.059748020531791506,0.080571151586094,1775102248.48075,5,C:\Users\PC\Desktop\RGMC_2026\RGMC\RGMC\data\map\robot29\images\0564.png,C:\Users\PC\Desktop\RGMC_2026\RGMC\RGMC\data\map\robot29\overlays\0564_overlay.png,C:\Users\PC\Desktop\RGMC_2026\RGMC\RGMC\data\map\robot29\masks\0564_mask.png
565,0.86625,0.5359375,380.48086124401914,406.96012759170657,1,0.0,0.05789426351990988,0.07167232208898154,1775102257.9019873,5,C:\Users\PC\Desktop\RGMC_2026\RGMC\RGMC\data\map\robot29\images\0565.png,C:\Users\PC\Desktop\RGMC_2026\RGMC\RGMC\data\map\robot29\overlays\0565_overlay.png,C:\Users\PC\Desktop\RGMC_2026\RGMC\RGMC\data\map\robot29\masks\0565_mask.png
566,0.8353125,0.5359375,380.5937762825904,393.4862614487927,1,0.0,0.16657441167980708,0.04081597548679378,1775102266.7551959,5,C:\Users\PC\Desktop\RGMC_2026\RGMC\RGMC\data\map\robot29\images\0566.png,C:\Users\PC\Desktop\RGMC_2026\RGMC\RGMC\data\map\robot29\overlays\0566_overlay.png,C:\Users\PC\Desktop\RGMC_2026\RGMC\RGMC\data\map\robot29\masks\0566_mask.png
567,0.804375,0.5359375,381.70198105081823,379.3012987012987,1,0.0,0.03679098178524916,0.02304631235687354,1775102275.5804923,5,C:\Users\PC\Desktop\RGMC_2026\RGMC\RGMC\data\map\robot29\images\0567.png,C:\Users\PC\Desktop\RGMC_2026\RGMC\RGMC\data\map\robot29\overlays\0567_overlay.png,C:\Users\PC\Desktop\RGMC_2026\RGMC\RGMC\data\map\robot29\masks\0567_mask.png
568,0.7734375,0.5359375,380.4358552631579,365.9721082854799,1,0.0,0.04178463493326945,0.041086298685184174,1775102284.6171768,5,C:\Users\PC\Desktop\RGMC_2026\RGMC\RGMC\data\map\robot29\images\0568.png,C:\Users\PC\Desktop\RGMC_2026\RGMC\RGMC\data\map\robot29\overlays\0568_overlay.png,C:\Users\PC\Desktop\RGMC_2026\RGMC\RGMC\data\map\robot29\masks\0568_mask.png
569,0.7424999999999999,0.5359375,380.9119658119658,352.98066783831285,1,0.0,0.2413549321693108,0.4283440341756985,1775102293.7264814,5,C:\Users\PC\Desktop\RGMC_2026\RGMC\RGMC\data\map\robot29\images\0569.png,C:\Users\PC\Desktop\RGMC_2026\RGMC\RGMC\data\map\robot29\overlays\0569_overlay.png,C:\Users\PC\Desktop\RGMC_2026\RGMC\RGMC\data\map\robot29\masks\0569_mask.png
570,0.7115625,0.5359375,381.68766404199476,338.10017574692444,1,0.0,0.01555432206190575,0.0567708532287857,1775102302.7044723,5,C:\Users\PC\Desktop\RGMC_2026\RGMC\RGMC\data\map\robot29\images\0570.png,C:\Users\PC\Desktop\RGMC_2026\RGMC\RGMC\data\map\robot29\overlays\0570_overlay.png,C:\Users\PC\Desktop\RGMC_2026\RGMC\RGMC\data\map\robot29\masks\0570_mask.png
571,0.680625,0.5359375,380.66918555835434,324.8937664618086,1,0.0,0.4857117206862668,0.045573691078108325,1775102311.9604394,5,C:\Users\PC\Desktop\RGMC_2026\RGMC\RGMC\data\map\robot29\images\0571.png,C:\Users\PC\Desktop\RGMC_2026\RGMC\RGMC\data\map\robot29\overlays\0571_overlay.png,C:\Users\PC\Desktop\RGMC_2026\RGMC\RGMC\data\map\robot29\masks\0571_mask.png
572,0.6496875,0.5359375,381.0720130932897,310.5225594749795,1,0.0,0.08801048154494111,0.03151347259774162,1775102321.2181127,5,C:\Users\PC\Desktop\RGMC_2026\RGMC\RGMC\data\map\robot29\images\0572.png,C:\Users\PC\Desktop\RGMC_2026\RGMC\RGMC\data\map\robot29\overlays\0572_overlay.png,C:\Users\PC\Desktop\RGMC_2026\RGMC\RGMC\data\map\robot29\masks\0572_mask.png
573,0.61875,0.5359375,381.7974025974026,297.4092495636998,1,0.0,0.04574854803707814,0.222389135870515,1775102330.2180066,5,C:\Users\PC\Desktop\RGMC_2026\RGMC\RGMC\data\map\robot29\images\0573.png,C:\Users\PC\Desktop\RGMC_2026\RGMC\RGMC\data\map\robot29\overlays\0573_overlay.png,C:\Users\PC\Desktop\RGMC_2026\RGMC\RGMC\data\map\robot29\masks\0573_mask.png
574,0.5878125,0.5359375,381.40398406374504,283.1760956175299,1,0.0,0.2742469804186128,0.06200808022121983,1775102339.574738,5,C:\Users\PC\Desktop\RGMC_2026\RGMC\RGMC\data\map\robot29\images\0574.png,C:\Users\PC\Desktop\RGMC_2026\RGMC\RGMC\data\map\robot29\overlays\0574_overlay.png,C:\Users\PC\Desktop\RGMC_2026\RGMC\RGMC\data\map\robot29\masks\0574_mask.png
575,0.556875,0.5359375,381.9291958041958,269.6841644794401,1,0.0,0.04619885732278517,0.06806515401213926,1775102348.9840934,5,C:\Users\PC\Desktop\RGMC_2026\RGMC\RGMC\data\map\robot29\images\0575.png,C:\Users\PC\Desktop\RGMC_2026\RGMC\RGMC\data\map\robot29\overlays\0575_overlay.png,C:\Users\PC\Desktop\RGMC_2026\RGMC\RGMC\data\map\robot29\masks\0575_mask.png
576,0.5259375,0.5359375,382.06364428945074,256.82894736842104,1,0.0,0.08329807880964567,0.03443593510263877,1775102358.4074385,5,C:\Users\PC\Desktop\RGMC_2026\RGMC\RGMC\data\map\robot29\images\0576.png,C:\Users\PC\Desktop\RGMC_2026\RGMC\RGMC\data\map\robot29\overlays\0576_overlay.png,C:\Users\PC\Desktop\RGMC_2026\RGMC\RGMC\data\map\robot29\masks\0576_mask.png
577,0.495,0.5359375,381.90831918505944,242.55432937181664,1,0.0,0.32887257731343306,0.17903631459719918,1775102368.16029,5,C:\Users\PC\Desktop\RGMC_2026\RGMC\RGMC\data\map\robot29\images\0577.png,C:\Users\PC\Desktop\RGMC_2026\RGMC\RGMC\data\map\robot29\overlays\0577_overlay.png,C:\Users\PC\Desktop\RGMC_2026\RGMC\RGMC\data\map\robot29\masks\0577_mask.png
578,0.4640625,0.5359375,382.33246753246755,229.1843910806175,1,0.0,0.08023826550904356,0.05556629918505622,1775102377.93826,5,C:\Users\PC\Desktop\RGMC_2026\RGMC\RGMC\data\map\robot29\images\0578.png,C:\Users\PC\Desktop\RGMC_2026\RGMC\RGMC\data\map\robot29\overlays\0578_overlay.png,C:\Users\PC\Desktop\RGMC_2026\RGMC\RGMC\data\map\robot29\masks\0578_mask.png
579,0.433125,0.5359375,382.174297188755,215.54494828957837,1,0.0,0.034269897061660934,0.08294812361848702,1775102387.743984,5,C:\Users\PC\Desktop\RGMC_2026\RGMC\RGMC\data\map\robot29\images\0579.png,C:\Users\PC\Desktop\RGMC_2026\RGMC\RGMC\data\map\robot29\overlays\0579_overlay.png,C:\Users\PC\Desktop\RGMC_2026\RGMC\RGMC\data\map\robot29\masks\0579_mask.png
580,0.4021875,0.5359375,381.1075697211155,202.00888529886913,1,0.0,0.27198894387527756,0.08243684381702204,1775102397.4659417,5,C:\Users\PC\Desktop\RGMC_2026\RGMC\RGMC\data\map\robot29\images\0580.png,C:\Users\PC\Desktop\RGMC_2026\RGMC\RGMC\data\map\robot29\overlays\0580_overlay.png,C:\Users\PC\Desktop\RGMC_2026\RGMC\RGMC\data\map\robot29\masks\0580_mask.png
581,0.37124999999999997,0.5359375,382.3899159663866,189.18849840255592,1,0.0,0.4129621711017382,0.3083683723018463,1775102407.1100814,5,C:\Users\PC\Desktop\RGMC_2026\RGMC\RGMC\data\map\robot29\images\0581.png,C:\Users\PC\Desktop\RGMC_2026\RGMC\RGMC\data\map\robot29\overlays\0581_overlay.png,C:\Users\PC\Desktop\RGMC_2026\RGMC\RGMC\data\map\robot29\masks\0581_mask.png
582,0.3403125,0.5359375,381.52403100775194,175.15891472868216,1,0.0,0.16730339605427108,0.049885508482865965,1775102416.747421,5,C:\Users\PC\Desktop\RGMC_2026\RGMC\RGMC\data\map\robot29\images\0582.png,C:\Users\PC\Desktop\RGMC_2026\RGMC\RGMC\data\map\robot29\overlays\0582_overlay.png,C:\Users\PC\Desktop\RGMC_2026\RGMC\RGMC\data\map\robot29\masks\0582_mask.png
583,0.309375,0.5359375,381.68876755070204,162.2887159533074,1,0.0,0.053584405898871784,0.058462510681934705,1775102426.8880079,5,C:\Users\PC\Desktop\RGMC_2026\RGMC\RGMC\data\map\robot29\images\0583.png,C:\Users\PC\Desktop\RGMC_2026\RGMC\RGMC\data\map\robot29\overlays\0583_overlay.png,C:\Users\PC\Desktop\RGMC_2026\RGMC\RGMC\data\map\robot29\masks\0583_mask.png
584,0.2784375,0.5359375,382.4371308016878,148.8961661341853,1,0.0,0.4462335568071689,0.029244295245854198,1775102436.318772,5,C:\Users\PC\Desktop\RGMC_2026\RGMC\RGMC\data\map\robot29\images\0584.png,C:\Users\PC\Desktop\RGMC_2026\RGMC\RGMC\data\map\robot29\overlays\0584_overlay.png,C:\Users\PC\Desktop\RGMC_2026\RGMC\RGMC\data\map\robot29\masks\0584_mask.png
585,0.2475,0.5359375,382.73145161290324,134.65559157212317,1,0.0,0.06639748367054231,0.10678758494944797,1775102445.9997013,5,C:\Users\PC\Desktop\RGMC_2026\RGMC\RGMC\data\map\robot29\images\0585.png,C:\Users\PC\Desktop\RGMC_2026\RGMC\RGMC\data\map\robot29\overlays\0585_overlay.png,C:\Users\PC\Desktop\RGMC_2026\RGMC\RGMC\data\map\robot29\masks\0585_mask.png
586,0.2165625,0.5359375,382.812908496732,121.6019656019656,1,0.0,0.3096402215938778,0.05074068147267725,1775102455.3490758,5,C:\Users\PC\Desktop\RGMC_2026\RGMC\RGMC\data\map\robot29\images\0586.png,C:\Users\PC\Desktop\RGMC_2026\RGMC\RGMC\data\map\robot29\overlays\0586_overlay.png,C:\Users\PC\Desktop\RGMC_2026\RGMC\RGMC\data\map\robot29\masks\0586_mask.png
587,0.18562499999999998,0.5359375,383.00949367088606,107.52294303797468,1,0.0,0.0074533078535536845,0.008263817655417753,1775102464.5698843,5,C:\Users\PC\Desktop\RGMC_2026\RGMC\RGMC\data\map\robot29\images\0587.png,C:\Users\PC\Desktop\RGMC_2026\RGMC\RGMC\data\map\robot29\overlays\0587_overlay.png,C:\Users\PC\Desktop\RGMC_2026\RGMC\RGMC\data\map\robot29\masks\0587_mask.png
588,0.1546875,0.5359375,383.27530364372467,93.81862348178137,1,0.0,0.02417382565291922,0.028364705115481968,1775102473.562774,5,C:\Users\PC\Desktop\RGMC_2026\RGMC\RGMC\data\map\robot29\images\0588.png,C:\Users\PC\Desktop\RGMC_2026\RGMC\RGMC\data\map\robot29\overlays\0588_overlay.png,C:\Users\PC\Desktop\RGMC_2026\RGMC\RGMC\data\map\robot29\masks\0588_mask.png
589,0.12375,0.5359375,383.0993690851735,79.89029202841357,1,0.0,0.3703348667640012,0.05245096519130681,1775102482.6366296,5,C:\Users\PC\Desktop\RGMC_2026\RGMC\RGMC\data\map\robot29\images\0589.png,C:\Users\PC\Desktop\RGMC_2026\RGMC\RGMC\data\map\robot29\overlays\0589_overlay.png,C:\Users\PC\Desktop\RGMC_2026\RGMC\RGMC\data\map\robot29\masks\0589_mask.png
590,0.09281249999999999,0.5359375,383.10906174819564,66.38251804330393,1,0.0,0.027658320083976118,0.09811031531867499,1775102491.7835786,5,C:\Users\PC\Desktop\RGMC_2026\RGMC\RGMC\data\map\robot29\images\0590.png,C:\Users\PC\Desktop\RGMC_2026\RGMC\RGMC\data\map\robot29\overlays\0590_overlay.png,C:\Users\PC\Desktop\RGMC_2026\RGMC\RGMC\data\map\robot29\masks\0590_mask.png
591,0.061875,0.5359375,383.47642276422766,53.06747967479675,1,0.0,0.05529424919864274,0.060202489011492395,1775102500.834541,5,C:\Users\PC\Desktop\RGMC_2026\RGMC\RGMC\data\map\robot29\images\0591.png,C:\Users\PC\Desktop\RGMC_2026\RGMC\RGMC\data\map\robot29\overlays\0591_overlay.png,C:\Users\PC\Desktop\RGMC_2026\RGMC\RGMC\data\map\robot29\masks\0591_mask.png
592,0.0309375,0.5359375,383.05546875,38.6583850931677,1,0.0,0.044272823954820704,0.18961054670483837,1775102510.059898,5,C:\Users\PC\Desktop\RGMC_2026\RGMC\RGMC\data\map\robot29\images\0592.png,C:\Users\PC\Desktop\RGMC_2026\RGMC\RGMC\data\map\robot29\overlays\0592_overlay.png,C:\Users\PC\Desktop\RGMC_2026\RGMC\RGMC\data\map\robot29\masks\0592_mask.png
593,0.0,0.5359375,383.2265932336743,24.343036978756885,1,0.0,0.06216979755744849,0.06665367622210146,1775102519.345723,5,C:\Users\PC\Desktop\RGMC_2026\RGMC\RGMC\data\map\robot29\images\0593.png,C:\Users\PC\Desktop\RGMC_2026\RGMC\RGMC\data\map\robot29\overlays\0593_overlay.png,C:\Users\PC\Desktop\RGMC_2026\RGMC\RGMC\data\map\robot29\masks\0593_mask.png
594,0.0,0.566875,368.6991685563114,24.28721804511278,1,0.0,0.04126152229902098,0.07047849260758005,1775102528.3631501,5,C:\Users\PC\Desktop\RGMC_2026\RGMC\RGMC\data\map\robot29\images\0594.png,C:\Users\PC\Desktop\RGMC_2026\RGMC\RGMC\data\map\robot29\overlays\0594_overlay.png,C:\Users\PC\Desktop\RGMC_2026\RGMC\RGMC\data\map\robot29\masks\0594_mask.png
595,0.0309375,0.566875,368.10926365795723,37.972397476340696,1,0.0,0.09128141889685004,0.1289753777082771,1775102537.4939249,5,C:\Users\PC\Desktop\RGMC_2026\RGMC\RGMC\data\map\robot29\images\0595.png,C:\Users\PC\Desktop\RGMC_2026\RGMC\RGMC\data\map\robot29\overlays\0595_overlay.png,C:\Users\PC\Desktop\RGMC_2026\RGMC\RGMC\data\map\robot29\masks\0595_mask.png
596,0.061875,0.566875,368.3718944099379,52.18944099378882,1,0.0,0.06209483655973213,0.08999488463379166,1775102546.475588,5,C:\Users\PC\Desktop\RGMC_2026\RGMC\RGMC\data\map\robot29\images\0596.png,C:\Users\PC\Desktop\RGMC_2026\RGMC\RGMC\data\map\robot29\overlays\0596_overlay.png,C:\Users\PC\Desktop\RGMC_2026\RGMC\RGMC\data\map\robot29\masks\0596_mask.png
597,0.09281249999999999,0.566875,368.0685892439595,66.20015576323988,1,0.0,0.04916190533432847,0.07807344949151769,1775102555.4529889,5,C:\Users\PC\Desktop\RGMC_2026\RGMC\RGMC\data\map\robot29\images\0597.png,C:\Users\PC\Desktop\RGMC_2026\RGMC\RGMC\data\map\robot29\overlays\0597_overlay.png,C:\Users\PC\Desktop\RGMC_2026\RGMC\RGMC\data\map\robot29\masks\0597_mask.png
598,0.12375,0.566875,368.18202943454685,79.40340030911901,1,0.0,0.026961875501571024,0.0666133165161007,1775102565.0527644,5,C:\Users\PC\Desktop\RGMC_2026\RGMC\RGMC\data\map\robot29\images\0598.png,C:\Users\PC\Desktop\RGMC_2026\RGMC\RGMC\data\map\robot29\overlays\0598_overlay.png,C:\Users\PC\Desktop\RGMC_2026\RGMC\RGMC\data\map\robot29\masks\0598_mask.png
599,0.1546875,0.566875,368.2769726247987,93.60112812248187,1,0.0,0.046914599893181946,0.06655438431128606,1775102574.276938,5,C:\Users\PC\Desktop\RGMC_2026\RGMC\RGMC\data\map\robot29\images\0599.png,C:\Users\PC\Desktop\RGMC_2026\RGMC\RGMC\data\map\robot29\overlays\0599_overlay.png,C:\Users\PC\Desktop\RGMC_2026\RGMC\RGMC\data\map\robot29\masks\0599_mask.png
600,0.18562499999999998,0.566875,368.1950832672482,107.42698412698412,1,0.0,0.021140521362095658,0.027595347798222935,1775102584.0563297,5,C:\Users\PC\Desktop\RGMC_2026\RGMC\RGMC\data\map\robot29\images\0600.png,C:\Users\PC\Desktop\RGMC_2026\RGMC\RGMC\data\map\robot29\overlays\0600_overlay.png,C:\Users\PC\Desktop\RGMC_2026\RGMC\RGMC\data\map\robot29\masks\0600_mask.png
601,0.2165625,0.566875,368.12870514820594,120.32295719844358,1,0.0,0.03457673601626592,0.0679919970041103,1775102593.612129,5,C:\Users\PC\Desktop\RGMC_2026\RGMC\RGMC\data\map\robot29\images\0601.png,C:\Users\PC\Desktop\RGMC_2026\RGMC\RGMC\data\map\robot29\overlays\0601_overlay.png,C:\Users\PC\Desktop\RGMC_2026\RGMC\RGMC\data\map\robot29\masks\0601_mask.png
602,0.2475,0.566875,368.443172526574,134.04909983633388,1,0.0,0.06283150787576461,0.06785606804044896,1775102603.133092,5,C:\Users\PC\Desktop\RGMC_2026\RGMC\RGMC\data\map\robot29\images\0602.png,C:\Users\PC\Desktop\RGMC_2026\RGMC\RGMC\data\map\robot29\overlays\0602_overlay.png,C:\Users\PC\Desktop\RGMC_2026\RGMC\RGMC\data\map\robot29\masks\0602_mask.png
603,0.2784375,0.566875,368.07535321821035,147.93406593406593,1,0.0,0.010538171888431567,0.03711599384254556,1775102613.0133336,5,C:\Users\PC\Desktop\RGMC_2026\RGMC\RGMC\data\map\robot29\images\0603.png,C:\Users\PC\Desktop\RGMC_2026\RGMC\RGMC\data\map\robot29\overlays\0603_overlay.png,C:\Users\PC\Desktop\RGMC_2026\RGMC\RGMC\data\map\robot29\masks\0603_mask.png
604,0.309375,0.566875,368.0227457351747,161.7449879711307,1,0.0,0.0475856150718855,0.0934762967063989,1775102622.2997875,5,C:\Users\PC\Desktop\RGMC_2026\RGMC\RGMC\data\map\robot29\images\0604.png,C:\Users\PC\Desktop\RGMC_2026\RGMC\RGMC\data\map\robot29\overlays\0604_overlay.png,C:\Users\PC\Desktop\RGMC_2026\RGMC\RGMC\data\map\robot29\masks\0604_mask.png
605,0.3403125,0.566875,368.06157443491816,174.9754746835443,1,0.0,0.05371374912177689,0.07125606720201758,1775102632.460561,5,C:\Users\PC\Desktop\RGMC_2026\RGMC\RGMC\data\map\robot29\images\0605.png,C:\Users\PC\Desktop\RGMC_2026\RGMC\RGMC\data\map\robot29\overlays\0605_overlay.png,C:\Users\PC\Desktop\RGMC_2026\RGMC\RGMC\data\map\robot29\masks\0605_mask.png
606,0.37124999999999997,0.566875,368.1631863882444,187.91944229279628,1,0.0,0.02408780625893035,0.04266333875215009,1775102642.665045,5,C:\Users\PC\Desktop\RGMC_2026\RGMC\RGMC\data\map\robot29\images\0606.png,C:\Users\PC\Desktop\RGMC_2026\RGMC\RGMC\data\map\robot29\overlays\0606_overlay.png,C:\Users\PC\Desktop\RGMC_2026\RGMC\RGMC\data\map\robot29\masks\0606_mask.png
607,0.4021875,0.566875,367.9425566343042,201.76527331189712,1,0.0,0.1767486400279266,0.047170333067216345,1775102652.4880216,5,C:\Users\PC\Desktop\RGMC_2026\RGMC\RGMC\data\map\robot29\images\0607.png,C:\Users\PC\Desktop\RGMC_2026\RGMC\RGMC\data\map\robot29\overlays\0607_overlay.png,C:\Users\PC\Desktop\RGMC_2026\RGMC\RGMC\data\map\robot29\masks\0607_mask.png
608,0.433125,0.566875,368.21376518218625,215.1799674267101,1,0.0,0.24493027272184625,0.06395144872999849,1775102662.1490617,5,C:\Users\PC\Desktop\RGMC_2026\RGMC\RGMC\data\map\robot29\images\0608.png,C:\Users\PC\Desktop\RGMC_2026\RGMC\RGMC\data\map\robot29\overlays\0608_overlay.png,C:\Users\PC\Desktop\RGMC_2026\RGMC\RGMC\data\map\robot29\masks\0608_mask.png
609,0.4640625,0.566875,368.27560366361365,229.0738874895046,1,0.0,0.07760761444677096,0.03483242532887348,1775102672.242794,5,C:\Users\PC\Desktop\RGMC_2026\RGMC\RGMC\data\map\robot29\images\0609.png,C:\Users\PC\Desktop\RGMC_2026\RGMC\RGMC\data\map\robot29\overlays\0609_overlay.png,C:\Users\PC\Desktop\RGMC_2026\RGMC\RGMC\data\map\robot29\masks\0609_mask.png
610,0.495,0.566875,368.5421276595745,242.1922428330523,1,0.0,0.17310101634392192,0.03236353146959418,1775102682.1419225,5,C:\Users\PC\Desktop\RGMC_2026\RGMC\RGMC\data\map\robot29\images\0610.png,C:\Users\PC\Desktop\RGMC_2026\RGMC\RGMC\data\map\robot29\overlays\0610_overlay.png,C:\Users\PC\Desktop\RGMC_2026\RGMC\RGMC\data\map\robot29\masks\0610_mask.png
611,0.5259375,0.566875,368.4982905982906,255.0093537414966,1,0.0,0.09081046883496677,0.6984263434910298,1775102692.2449665,5,C:\Users\PC\Desktop\RGMC_2026\RGMC\RGMC\data\map\robot29\images\0611.png,C:\Users\PC\Desktop\RGMC_2026\RGMC\RGMC\data\map\robot29\overlays\0611_overlay.png,C:\Users\PC\Desktop\RGMC_2026\RGMC\RGMC\data\map\robot29\masks\0611_mask.png
612,0.556875,0.566875,368.3489148580968,269.5642737896494,1,0.0,0.05987228675709577,0.051555012365002005,1775102702.2143137,5,C:\Users\PC\Desktop\RGMC_2026\RGMC\RGMC\data\map\robot29\images\0612.png,C:\Users\PC\Desktop\RGMC_2026\RGMC\RGMC\data\map\robot29\overlays\0612_overlay.png,C:\Users\PC\Desktop\RGMC_2026\RGMC\RGMC\data\map\robot29\masks\0612_mask.png
613,0.5878125,0.566875,368.41818181818184,283.31870860927154,1,0.0,0.08669561673477909,0.05944406464958972,1775102712.6397293,5,C:\Users\PC\Desktop\RGMC_2026\RGMC\RGMC\data\map\robot29\images\0613.png,C:\Users\PC\Desktop\RGMC_2026\RGMC\RGMC\data\map\robot29\overlays\0613_overlay.png,C:\Users\PC\Desktop\RGMC_2026\RGMC\RGMC\data\map\robot29\masks\0613_mask.png
614,0.61875,0.566875,368.44,297.36386768447835,1,0.0,0.09992572132315844,0.0374113936766716,1775102722.4877915,5,C:\Users\PC\Desktop\RGMC_2026\RGMC\RGMC\data\map\robot29\images\0614.png,C:\Users\PC\Desktop\RGMC_2026\RGMC\RGMC\data\map\robot29\overlays\0614_overlay.png,C:\Users\PC\Desktop\RGMC_2026\RGMC\RGMC\data\map\robot29\masks\0614_mask.png
615,0.6496875,0.566875,368.07711238720265,310.6275635767022,1,0.0,0.03897396170192253,0.19235762252233118,1775102732.1487925,5,C:\Users\PC\Desktop\RGMC_2026\RGMC\RGMC\data\map\robot29\images\0615.png,C:\Users\PC\Desktop\RGMC_2026\RGMC\RGMC\data\map\robot29\overlays\0615_overlay.png,C:\Users\PC\Desktop\RGMC_2026\RGMC\RGMC\data\map\robot29\masks\0615_mask.png
616,0.680625,0.566875,367.93359683794466,323.94745222929936,1,0.0,0.0694852958209016,0.47183267438207377,1775102741.7158504,5,C:\Users\PC\Desktop\RGMC_2026\RGMC\RGMC\data\map\robot29\images\0616.png,C:\Users\PC\Desktop\RGMC_2026\RGMC\RGMC\data\map\robot29\overlays\0616_overlay.png,C:\Users\PC\Desktop\RGMC_2026\RGMC\RGMC\data\map\robot29\masks\0616_mask.png
617,0.7115625,0.566875,367.76120619396903,337.73817292006527,1,0.0,0.061337131308913814,0.05996742326723386,1775102751.0497584,5,C:\Users\PC\Desktop\RGMC_2026\RGMC\RGMC\data\map\robot29\images\0617.png,C:\Users\PC\Desktop\RGMC_2026\RGMC\RGMC\data\map\robot29\overlays\0617_overlay.png,C:\Users\PC\Desktop\RGMC_2026\RGMC\RGMC\data\map\robot29\masks\0617_mask.png
618,0.7424999999999999,0.566875,367.8994413407821,351.6512370311253,1,0.0,0.12765661779113888,0.0943293500368289,1775102759.9359798,5,C:\Users\PC\Desktop\RGMC_2026\RGMC\RGMC\data\map\robot29\images\0618.png,C:\Users\PC\Desktop\RGMC_2026\RGMC\RGMC\data\map\robot29\overlays\0618_overlay.png,C:\Users\PC\Desktop\RGMC_2026\RGMC\RGMC\data\map\robot29\masks\0618_mask.png
619,0.7734375,0.566875,367.88414133114213,365.4299835255354,1,0.0,0.03745875419751438,0.052929234356269325,1775102769.091951,5,C:\Users\PC\Desktop\RGMC_2026\RGMC\RGMC\data\map\robot29\images\0619.png,C:\Users\PC\Desktop\RGMC_2026\RGMC\RGMC\data\map\robot29\overlays\0619_overlay.png,C:\Users\PC\Desktop\RGMC_2026\RGMC\RGMC\data\map\robot29\masks\0619_mask.png
620,0.804375,0.566875,368.02592301649645,379.3606557377049,1,0.0,0.035331984910260045,0.0350957848736153,1775102778.0235925,5,C:\Users\PC\Desktop\RGMC_2026\RGMC\RGMC\data\map\robot29\images\0620.png,C:\Users\PC\Desktop\RGMC_2026\RGMC\RGMC\data\map\robot29\overlays\0620_overlay.png,C:\Users\PC\Desktop\RGMC_2026\RGMC\RGMC\data\map\robot29\masks\0620_mask.png
621,0.8353125,0.566875,367.7048780487805,393.1841890790546,1,0.0,0.05708016487322271,0.2943746051952314,1775102787.1899745,5,C:\Users\PC\Desktop\RGMC_2026\RGMC\RGMC\data\map\robot29\images\0621.png,C:\Users\PC\Desktop\RGMC_2026\RGMC\RGMC\data\map\robot29\overlays\0621_overlay.png,C:\Users\PC\Desktop\RGMC_2026\RGMC\RGMC\data\map\robot29\masks\0621_mask.png
622,0.86625,0.566875,368.0384300899428,406.21457489878543,1,0.0,0.01784623945055487,0.1592730655411796,1775102796.0966997,5,C:\Users\PC\Desktop\RGMC_2026\RGMC\RGMC\data\map\robot29\images\0622.png,C:\Users\PC\Desktop\RGMC_2026\RGMC\RGMC\data\map\robot29\overlays\0622_overlay.png,C:\Users\PC\Desktop\RGMC_2026\RGMC\RGMC\data\map\robot29\masks\0622_mask.png
623,0.8971875,0.566875,368.0656275635767,420.92257538712306,1,0.0,0.04371447048843548,0.0485397021747268,1775102805.1456108,5,C:\Users\PC\Desktop\RGMC_2026\RGMC\RGMC\data\map\robot29\images\0623.png,C:\Users\PC\Desktop\RGMC_2026\RGMC\RGMC\data\map\robot29\overlays\0623_overlay.png,C:\Users\PC\Desktop\RGMC_2026\RGMC\RGMC\data\map\robot29\masks\0623_mask.png
624,0.928125,0.566875,367.9647058823529,434.0691823899371,1,0.0,0.0676604972159063,0.042853460114763556,1775102814.0730486,5,C:\Users\PC\Desktop\RGMC_2026\RGMC\RGMC\data\map\robot29\images\0624.png,C:\Users\PC\Desktop\RGMC_2026\RGMC\RGMC\data\map\robot29\overlays\0624_overlay.png,C:\Users\PC\Desktop\RGMC_2026\RGMC\RGMC\data\map\robot29\masks\0624_mask.png
625,0.9590625,0.566875,367.72477064220186,447.8896499238965,1,0.0,0.050760190892657105,0.07439743413074837,1775102823.3086643,5,C:\Users\PC\Desktop\RGMC_2026\RGMC\RGMC\data\map\robot29\images\0625.png,C:\Users\PC\Desktop\RGMC_2026\RGMC\RGMC\data\map\robot29\overlays\0625_overlay.png,C:\Users\PC\Desktop\RGMC_2026\RGMC\RGMC\data\map\robot29\masks\0625_mask.png
626,0.99,0.566875,367.983704974271,460.3844155844156,1,0.0,0.025317738185793644,0.04503687930292781,1775102832.3482494,5,C:\Users\PC\Desktop\RGMC_2026\RGMC\RGMC\data\map\robot29\images\0626.png,C:\Users\PC\Desktop\RGMC_2026\RGMC\RGMC\data\map\robot29\overlays\0626_overlay.png,C:\Users\PC\Desktop\RGMC_2026\RGMC\RGMC\data\map\robot29\masks\0626_mask.png
627,0.99,0.5978125,354.1925925925926,460.4460905349794,1,0.0,0.044092416817290044,0.057721964209753195,1775102841.2667625,5,C:\Users\PC\Desktop\RGMC_2026\RGMC\RGMC\data\map\robot29\images\0627.png,C:\Users\PC\Desktop\RGMC_2026\RGMC\RGMC\data\map\robot29\overlays\0627_overlay.png,C:\Users\PC\Desktop\RGMC_2026\RGMC\RGMC\data\map\robot29\masks\0627_mask.png
628,0.9590625,0.5978125,353.66415662650604,448.18147590361446,1,0.0,0.07976019648434088,0.05763944860735695,1775102850.30668,5,C:\Users\PC\Desktop\RGMC_2026\RGMC\RGMC\data\map\robot29\images\0628.png,C:\Users\PC\Desktop\RGMC_2026\RGMC\RGMC\data\map\robot29\overlays\0628_overlay.png,C:\Users\PC\Desktop\RGMC_2026\RGMC\RGMC\data\map\robot29\masks\0628_mask.png
629,0.928125,0.5978125,353.785319652723,434.55826771653545,1,0.0,0.09709255255721475,0.09026854758972118,1775102859.2622535,5,C:\Users\PC\Desktop\RGMC_2026\RGMC\RGMC\data\map\robot29\images\0629.png,C:\Users\PC\Desktop\RGMC_2026\RGMC\RGMC\data\map\robot29\overlays\0629_overlay.png,C:\Users\PC\Desktop\RGMC_2026\RGMC\RGMC\data\map\robot29\masks\0629_mask.png
630,0.8971875,0.5978125,354.11137820512823,420.89427662957075,1,0.0,0.05281871209148691,0.32823582534343554,1775102868.0847828,5,C:\Users\PC\Desktop\RGMC_2026\RGMC\RGMC\data\map\robot29\images\0630.png,C:\Users\PC\Desktop\RGMC_2026\RGMC\RGMC\data\map\robot29\overlays\0630_overlay.png,C:\Users\PC\Desktop\RGMC_2026\RGMC\RGMC\data\map\robot29\masks\0630_mask.png
631,0.86625,0.5978125,354.62366474938375,406.56313725490196,1,0.0,0.2525078568855011,0.06515858364080858,1775102877.1838765,5,C:\Users\PC\Desktop\RGMC_2026\RGMC\RGMC\data\map\robot29\images\0631.png,C:\Users\PC\Desktop\RGMC_2026\RGMC\RGMC\data\map\robot29\overlays\0631_overlay.png,C:\Users\PC\Desktop\RGMC_2026\RGMC\RGMC\data\map\robot29\masks\0631_mask.png
632,0.8353125,0.5978125,353.7572580645161,392.9512195121951,1,0.0,0.08893887021983221,0.04406886157270831,1775102886.0564759,5,C:\Users\PC\Desktop\RGMC_2026\RGMC\RGMC\data\map\robot29\images\0632.png,C:\Users\PC\Desktop\RGMC_2026\RGMC\RGMC\data\map\robot29\overlays\0632_overlay.png,C:\Users\PC\Desktop\RGMC_2026\RGMC\RGMC\data\map\robot29\masks\0632_mask.png
633,0.804375,0.5978125,353.5372217958557,379.3748068006182,1,0.0,0.043048583162314524,0.06054816095056226,1775102895.050412,5,C:\Users\PC\Desktop\RGMC_2026\RGMC\RGMC\data\map\robot29\images\0633.png,C:\Users\PC\Desktop\RGMC_2026\RGMC\RGMC\data\map\robot29\overlays\0633_overlay.png,C:\Users\PC\Desktop\RGMC_2026\RGMC\RGMC\data\map\robot29\masks\0633_mask.png
634,0.7734375,0.5978125,353.660406885759,365.9631661442006,1,0.0,0.05531011223925409,0.060848254858704674,1775102904.1076417,5,C:\Users\PC\Desktop\RGMC_2026\RGMC\RGMC\data\map\robot29\images\0634.png,C:\Users\PC\Desktop\RGMC_2026\RGMC\RGMC\data\map\robot29\overlays\0634_overlay.png,C:\Users\PC\Desktop\RGMC_2026\RGMC\RGMC\data\map\robot29\masks\0634_mask.png
635,0.7424999999999999,0.5978125,352.8748068006182,352.0517774343122,1,0.0,0.17034889143560125,0.08326666070887125,1775102913.23768,5,C:\Users\PC\Desktop\RGMC_2026\RGMC\RGMC\data\map\robot29\images\0635.png,C:\Users\PC\Desktop\RGMC_2026\RGMC\RGMC\data\map\robot29\overlays\0635_overlay.png,C:\Users\PC\Desktop\RGMC_2026\RGMC\RGMC\data\map\robot29\masks\0635_mask.png
636,0.7115625,0.5978125,353.61093990755006,338.5733024691358,1,0.0,0.06517432550879652,0.06463129060607367,1775102922.3083274,5,C:\Users\PC\Desktop\RGMC_2026\RGMC\RGMC\data\map\robot29\images\0636.png,C:\Users\PC\Desktop\RGMC_2026\RGMC\RGMC\data\map\robot29\overlays\0636_overlay.png,C:\Users\PC\Desktop\RGMC_2026\RGMC\RGMC\data\map\robot29\masks\0636_mask.png
637,0.680625,0.5978125,353.0566502463054,325.12972085385877,1,0.0,0.1555163070277639,0.2797582477083109,1775102931.292195,5,C:\Users\PC\Desktop\RGMC_2026\RGMC\RGMC\data\map\robot29\images\0637.png,C:\Users\PC\Desktop\RGMC_2026\RGMC\RGMC\data\map\robot29\overlays\0637_overlay.png,C:\Users\PC\Desktop\RGMC_2026\RGMC\RGMC\data\map\robot29\masks\0637_mask.png
638,0.6496875,0.5978125,353.7171314741036,310.74741035856573,1,0.0,0.11327152561644227,0.06084749925050615,1775102941.0010083,5,C:\Users\PC\Desktop\RGMC_2026\RGMC\RGMC\data\map\robot29\images\0638.png,C:\Users\PC\Desktop\RGMC_2026\RGMC\RGMC\data\map\robot29\overlays\0638_overlay.png,C:\Users\PC\Desktop\RGMC_2026\RGMC\RGMC\data\map\robot29\masks\0638_mask.png
639,0.61875,0.5978125,354.48426150121065,297.95318805488296,1,0.0,0.020818991686601156,0.05843167283291022,1775102950.693995,5,C:\Users\PC\Desktop\RGMC_2026\RGMC\RGMC\data\map\robot29\images\0639.png,C:\Users\PC\Desktop\RGMC_2026\RGMC\RGMC\data\map\robot29\overlays\0639_overlay.png,C:\Users\PC\Desktop\RGMC_2026\RGMC\RGMC\data\map\robot29\masks\0639_mask.png
640,0.5878125,0.5978125,354.025787965616,282.8112554112554,1,0.0,0.1905263192330308,2.2883128377377853,1775102961.4340787,5,C:\Users\PC\Desktop\RGMC_2026\RGMC\RGMC\data\map\robot29\images\0640.png,C:\Users\PC\Desktop\RGMC_2026\RGMC\RGMC\data\map\robot29\overlays\0640_overlay.png,C:\Users\PC\Desktop\RGMC_2026\RGMC\RGMC\data\map\robot29\masks\0640_mask.png
641,0.556875,0.5978125,355.0625521267723,269.833748960931,1,0.0,0.053955548967985406,0.02592804104776775,1775102971.4638102,5,C:\Users\PC\Desktop\RGMC_2026\RGMC\RGMC\data\map\robot29\images\0641.png,C:\Users\PC\Desktop\RGMC_2026\RGMC\RGMC\data\map\robot29\overlays\0641_overlay.png,C:\Users\PC\Desktop\RGMC_2026\RGMC\RGMC\data\map\robot29\masks\0641_mask.png
642,0.5259375,0.5978125,354.78142076502735,255.9953161592506,1,0.0,0.08974276239287109,0.3100873729529573,1775102981.0928173,5,C:\Users\PC\Desktop\RGMC_2026\RGMC\RGMC\data\map\robot29\images\0642.png,C:\Users\PC\Desktop\RGMC_2026\RGMC\RGMC\data\map\robot29\overlays\0642_overlay.png,C:\Users\PC\Desktop\RGMC_2026\RGMC\RGMC\data\map\robot29\masks\0642_mask.png
643,0.495,0.5978125,354.9991902834008,242.65998329156224,1,0.0,0.06386438985775175,0.22026173443276345,1775102991.126445,5,C:\Users\PC\Desktop\RGMC_2026\RGMC\RGMC\data\map\robot29\images\0643.png,C:\Users\PC\Desktop\RGMC_2026\RGMC\RGMC\data\map\robot29\overlays\0643_overlay.png,C:\Users\PC\Desktop\RGMC_2026\RGMC\RGMC\data\map\robot29\masks\0643_mask.png
644,0.4640625,0.5978125,355.03165584415586,229.52435064935065,1,0.0,0.03845861013978637,0.0335264623730541,1775103001.188041,5,C:\Users\PC\Desktop\RGMC_2026\RGMC\RGMC\data\map\robot29\images\0644.png,C:\Users\PC\Desktop\RGMC_2026\RGMC\RGMC\data\map\robot29\overlays\0644_overlay.png,C:\Users\PC\Desktop\RGMC_2026\RGMC\RGMC\data\map\robot29\masks\0644_mask.png
645,0.433125,0.5978125,354.3793363499246,215.54769001490314,1,0.0,0.3378594482261304,0.10268191239794756,1775103011.0432,5,C:\Users\PC\Desktop\RGMC_2026\RGMC\RGMC\data\map\robot29\images\0645.png,C:\Users\PC\Desktop\RGMC_2026\RGMC\RGMC\data\map\robot29\overlays\0645_overlay.png,C:\Users\PC\Desktop\RGMC_2026\RGMC\RGMC\data\map\robot29\masks\0645_mask.png
646,0.4021875,0.5978125,354.8882636655949,202.46123101518785,1,0.0,0.007916384991777155,0.09114876533315559,1775103021.8703847,5,C:\Users\PC\Desktop\RGMC_2026\RGMC\RGMC\data\map\robot29\images\0646.png,C:\Users\PC\Desktop\RGMC_2026\RGMC\RGMC\data\map\robot29\overlays\0646_overlay.png,C:\Users\PC\Desktop\RGMC_2026\RGMC\RGMC\data\map\robot29\masks\0646_mask.png
647,0.37124999999999997,0.5978125,355.2441130298273,188.6420722135008,1,0.0,0.005849854055045513,0.013733947486188851,1775103031.7814724,5,C:\Users\PC\Desktop\RGMC_2026\RGMC\RGMC\data\map\robot29\images\0647.png,C:\Users\PC\Desktop\RGMC_2026\RGMC\RGMC\data\map\robot29\overlays\0647_overlay.png,C:\Users\PC\Desktop\RGMC_2026\RGMC\RGMC\data\map\robot29\masks\0647_mask.png
648,0.3403125,0.5978125,355.0007794232268,175.48947778643804,1,0.0,0.09537757975362529,0.06634348641912853,1775103041.8730786,5,C:\Users\PC\Desktop\RGMC_2026\RGMC\RGMC\data\map\robot29\images\0648.png,C:\Users\PC\Desktop\RGMC_2026\RGMC\RGMC\data\map\robot29\overlays\0648_overlay.png,C:\Users\PC\Desktop\RGMC_2026\RGMC\RGMC\data\map\robot29\masks\0648_mask.png
649,0.309375,0.5978125,355.11955661124307,162.4647435897436,1,0.0,0.036169594891774556,0.048317705195206964,1775103051.8671012,5,C:\Users\PC\Desktop\RGMC_2026\RGMC\RGMC\data\map\robot29\images\0649.png,C:\Users\PC\Desktop\RGMC_2026\RGMC\RGMC\data\map\robot29\overlays\0649_overlay.png,C:\Users\PC\Desktop\RGMC_2026\RGMC\RGMC\data\map\robot29\masks\0649_mask.png
650,0.2784375,0.5978125,355.2883031301483,149.1486928104575,1,0.0,0.019539839608790657,0.06745044373342539,1775103061.687999,5,C:\Users\PC\Desktop\RGMC_2026\RGMC\RGMC\data\map\robot29\images\0650.png,C:\Users\PC\Desktop\RGMC_2026\RGMC\RGMC\data\map\robot29\overlays\0650_overlay.png,C:\Users\PC\Desktop\RGMC_2026\RGMC\RGMC\data\map\robot29\masks\0650_mask.png
651,0.2475,0.5978125,355.33660130718954,134.63490792634107,1,0.0,0.037490070137315055,0.17869518154096475,1775103071.6878378,5,C:\Users\PC\Desktop\RGMC_2026\RGMC\RGMC\data\map\robot29\images\0651.png,C:\Users\PC\Desktop\RGMC_2026\RGMC\RGMC\data\map\robot29\overlays\0651_overlay.png,C:\Users\PC\Desktop\RGMC_2026\RGMC\RGMC\data\map\robot29\masks\0651_mask.png
652,0.2165625,0.5978125,355.4282296650718,121.5622009569378,1,0.0,0.02411608506668169,0.037814813371669434,1775103081.7183757,5,C:\Users\PC\Desktop\RGMC_2026\RGMC\RGMC\data\map\robot29\images\0652.png,C:\Users\PC\Desktop\RGMC_2026\RGMC\RGMC\data\map\robot29\overlays\0652_overlay.png,C:\Users\PC\Desktop\RGMC_2026\RGMC\RGMC\data\map\robot29\masks\0652_mask.png
653,0.18562499999999998,0.5978125,355.3641346906813,107.87795275590551,1,0.0,0.05601676018325621,0.07371781616457196,1775103091.5082126,5,C:\Users\PC\Desktop\RGMC_2026\RGMC\RGMC\data\map\robot29\images\0653.png,C:\Users\PC\Desktop\RGMC_2026\RGMC\RGMC\data\map\robot29\overlays\0653_overlay.png,C:\Users\PC\Desktop\RGMC_2026\RGMC\RGMC\data\map\robot29\masks\0653_mask.png
654,0.1546875,0.5978125,355.45350734094615,93.83751010509296,1,0.0,0.03445679137722411,0.050890813830348824,1775103101.4460182,5,C:\Users\PC\Desktop\RGMC_2026\RGMC\RGMC\data\map\robot29\images\0654.png,C:\Users\PC\Desktop\RGMC_2026\RGMC\RGMC\data\map\robot29\overlays\0654_overlay.png,C:\Users\PC\Desktop\RGMC_2026\RGMC\RGMC\data\map\robot29\masks\0654_mask.png
655,0.12375,0.5978125,355.311093871218,80.03100775193798,1,0.0,0.09634398639295369,0.10418854359981514,1775103111.2846675,5,C:\Users\PC\Desktop\RGMC_2026\RGMC\RGMC\data\map\robot29\images\0655.png,C:\Users\PC\Desktop\RGMC_2026\RGMC\RGMC\data\map\robot29\overlays\0655_overlay.png,C:\Users\PC\Desktop\RGMC_2026\RGMC\RGMC\data\map\robot29\masks\0655_mask.png
656,0.09281249999999999,0.5978125,355.3550156739812,66.4696261682243,1,0.0,0.04025485660133173,0.08162034290990165,1775103121.0880635,5,C:\Users\PC\Desktop\RGMC_2026\RGMC\RGMC\data\map\robot29\images\0656.png,C:\Users\PC\Desktop\RGMC_2026\RGMC\RGMC\data\map\robot29\overlays\0656_overlay.png,C:\Users\PC\Desktop\RGMC_2026\RGMC\RGMC\data\map\robot29\masks\0656_mask.png
657,0.061875,0.5978125,355.52235294117645,52.01569858712716,1,0.0,0.047792346978587905,0.05415297765686551,1775103130.7977564,5,C:\Users\PC\Desktop\RGMC_2026\RGMC\RGMC\data\map\robot29\images\0657.png,C:\Users\PC\Desktop\RGMC_2026\RGMC\RGMC\data\map\robot29\overlays\0657_overlay.png,C:\Users\PC\Desktop\RGMC_2026\RGMC\RGMC\data\map\robot29\masks\0657_mask.png
658,0.0309375,0.5978125,355.4160125588697,38.68909512761021,1,0.0,0.044581692994290836,0.20721956333388084,1775103140.244527,5,C:\Users\PC\Desktop\RGMC_2026\RGMC\RGMC\data\map\robot29\images\0658.png,C:\Users\PC\Desktop\RGMC_2026\RGMC\RGMC\data\map\robot29\overlays\0658_overlay.png,C:\Users\PC\Desktop\RGMC_2026\RGMC\RGMC\data\map\robot29\masks\0658_mask.png
659,0.0,0.5978125,355.5432287681714,24.351681957186543,1,0.0,0.042031806385857136,0.07641446251260688,1775103149.4636276,5,C:\Users\PC\Desktop\RGMC_2026\RGMC\RGMC\data\map\robot29\images\0659.png,C:\Users\PC\Desktop\RGMC_2026\RGMC\RGMC\data\map\robot29\overlays\0659_overlay.png,C:\Users\PC\Desktop\RGMC_2026\RGMC\RGMC\data\map\robot29\masks\0659_mask.png
660,0.0,0.62875,341.88720666162,24.204545454545453,1,0.0,0.05145796131432359,0.08542514196169375,1775103158.3868592,5,C:\Users\PC\Desktop\RGMC_2026\RGMC\RGMC\data\map\robot29\images\0660.png,C:\Users\PC\Desktop\RGMC_2026\RGMC\RGMC\data\map\robot29\overlays\0660_overlay.png,C:\Users\PC\Desktop\RGMC_2026\RGMC\RGMC\data\map\robot29\masks\0660_mask.png
661,0.0309375,0.62875,342.6421647819063,37.77705977382875,1,0.0,0.06100163321379464,0.07002991752432448,1775103168.0396643,5,C:\Users\PC\Desktop\RGMC_2026\RGMC\RGMC\data\map\robot29\images\0661.png,C:\Users\PC\Desktop\RGMC_2026\RGMC\RGMC\data\map\robot29\overlays\0661_overlay.png,C:\Users\PC\Desktop\RGMC_2026\RGMC\RGMC\data\map\robot29\masks\0661_mask.png
662,0.061875,0.62875,342.0212604403948,51.77200902934537,1,0.0,0.0818422136163099,0.108309794843992,1775103178.8840213,5,C:\Users\PC\Desktop\RGMC_2026\RGMC\RGMC\data\map\robot29\images\0662.png,C:\Users\PC\Desktop\RGMC_2026\RGMC\RGMC\data\map\robot29\overlays\0662_overlay.png,C:\Users\PC\Desktop\RGMC_2026\RGMC\RGMC\data\map\robot29\masks\0662_mask.png
663,0.09281249999999999,0.62875,341.7898715041572,65.87816091954024,1,0.0,0.35032836289196573,0.043785074067958826,1775103188.5159872,5,C:\Users\PC\Desktop\RGMC_2026\RGMC\RGMC\data\map\robot29\images\0663.png,C:\Users\PC\Desktop\RGMC_2026\RGMC\RGMC\data\map\robot29\overlays\0663_overlay.png,C:\Users\PC\Desktop\RGMC_2026\RGMC\RGMC\data\map\robot29\masks\0663_mask.png
664,0.12375,0.62875,341.75373134328356,79.78884758364312,1,0.0,0.04280771126429522,0.06838374967623943,1775103198.6073837,5,C:\Users\PC\Desktop\RGMC_2026\RGMC\RGMC\data\map\robot29\images\0664.png,C:\Users\PC\Desktop\RGMC_2026\RGMC\RGMC\data\map\robot29\overlays\0664_overlay.png,C:\Users\PC\Desktop\RGMC_2026\RGMC\RGMC\data\map\robot29\masks\0664_mask.png
665,0.1546875,0.62875,342.69093851132686,93.7007299270073,1,0.0,0.03411070077143168,0.08131081937590498,1775103208.5170808,5,C:\Users\PC\Desktop\RGMC_2026\RGMC\RGMC\data\map\robot29\images\0665.png,C:\Users\PC\Desktop\RGMC_2026\RGMC\RGMC\data\map\robot29\overlays\0665_overlay.png,C:\Users\PC\Desktop\RGMC_2026\RGMC\RGMC\data\map\robot29\masks\0665_mask.png
666,0.18562499999999998,0.62875,342.5857371794872,107.17614091273019,1,0.0,0.06857226521168498,0.09248988316656721,1775103218.435867,5,C:\Users\PC\Desktop\RGMC_2026\RGMC\RGMC\data\map\robot29\images\0666.png,C:\Users\PC\Desktop\RGMC_2026\RGMC\RGMC\data\map\robot29\overlays\0666_overlay.png,C:\Users\PC\Desktop\RGMC_2026\RGMC\RGMC\data\map\robot29\masks\0666_mask.png
667,0.2165625,0.62875,341.7263719512195,120.32496194824962,1,0.0,0.03191304168002972,0.06455543404046768,1775103229.3768883,5,C:\Users\PC\Desktop\RGMC_2026\RGMC\RGMC\data\map\robot29\images\0667.png,C:\Users\PC\Desktop\RGMC_2026\RGMC\RGMC\data\map\robot29\overlays\0667_overlay.png,C:\Users\PC\Desktop\RGMC_2026\RGMC\RGMC\data\map\robot29\masks\0667_mask.png
668,0.2475,0.62875,342.4376569037657,134.24518828451883,1,0.0,0.06901054197669966,0.04599483834515466,1775103238.9039178,5,C:\Users\PC\Desktop\RGMC_2026\RGMC\RGMC\data\map\robot29\images\0668.png,C:\Users\PC\Desktop\RGMC_2026\RGMC\RGMC\data\map\robot29\overlays\0668_overlay.png,C:\Users\PC\Desktop\RGMC_2026\RGMC\RGMC\data\map\robot29\masks\0668_mask.png
669,0.2784375,0.62875,342.27840909090907,147.73376623376623,1,0.0,0.054792401686806234,0.07251074513207428,1775103248.6101425,5,C:\Users\PC\Desktop\RGMC_2026\RGMC\RGMC\data\map\robot29\images\0669.png,C:\Users\PC\Desktop\RGMC_2026\RGMC\RGMC\data\map\robot29\overlays\0669_overlay.png,C:\Users\PC\Desktop\RGMC_2026\RGMC\RGMC\data\map\robot29\masks\0669_mask.png
670,0.309375,0.62875,340.6203554119548,161.73101777059773,1,0.0,0.09644447556271447,0.05715883935938685,1775103258.524842,5,C:\Users\PC\Desktop\RGMC_2026\RGMC\RGMC\data\map\robot29\images\0670.png,C:\Users\PC\Desktop\RGMC_2026\RGMC\RGMC\data\map\robot29\overlays\0670_overlay.png,C:\Users\PC\Desktop\RGMC_2026\RGMC\RGMC\data\map\robot29\masks\0670_mask.png
671,0.3403125,0.62875,340.70341614906835,174.67546583850933,1,0.0,0.09446593585002655,0.062131011591270054,1775103268.5596542,5,C:\Users\PC\Desktop\RGMC_2026\RGMC\RGMC\data\map\robot29\images\0671.png,C:\Users\PC\Desktop\RGMC_2026\RGMC\RGMC\data\map\robot29\overlays\0671_overlay.png,C:\Users\PC\Desktop\RGMC_2026\RGMC\RGMC\data\map\robot29\masks\0671_mask.png
672,0.37124999999999997,0.62875,339.72566371681415,187.96631916599839,1,0.0,0.046968864847851385,0.014156488673681257,1775103278.4905338,5,C:\Users\PC\Desktop\RGMC_2026\RGMC\RGMC\data\map\robot29\images\0672.png,C:\Users\PC\Desktop\RGMC_2026\RGMC\RGMC\data\map\robot29\overlays\0672_overlay.png,C:\Users\PC\Desktop\RGMC_2026\RGMC\RGMC\data\map\robot29\masks\0672_mask.png
673,0.4021875,0.62875,339.8222967309304,201.8414937759336,1,0.0,0.026074345961913874,0.13644961568666308,1775103288.8393598,5,C:\Users\PC\Desktop\RGMC_2026\RGMC\RGMC\data\map\robot29\images\0673.png,C:\Users\PC\Desktop\RGMC_2026\RGMC\RGMC\data\map\robot29\overlays\0673_overlay.png,C:\Users\PC\Desktop\RGMC_2026\RGMC\RGMC\data\map\robot29\masks\0673_mask.png
674,0.433125,0.62875,340.5263987391647,215.28056426332287,1,0.0,0.030725607409024497,0.047707004542067645,1775103298.786098,5,C:\Users\PC\Desktop\RGMC_2026\RGMC\RGMC\data\map\robot29\images\0674.png,C:\Users\PC\Desktop\RGMC_2026\RGMC\RGMC\data\map\robot29\overlays\0674_overlay.png,C:\Users\PC\Desktop\RGMC_2026\RGMC\RGMC\data\map\robot29\masks\0674_mask.png
675,0.4640625,0.62875,340.2305194805195,229.02435064935065,1,0.0,0.03189334905049158,0.0355427493093657,1775103308.6779492,5,C:\Users\PC\Desktop\RGMC_2026\RGMC\RGMC\data\map\robot29\images\0675.png,C:\Users\PC\Desktop\RGMC_2026\RGMC\RGMC\data\map\robot29\overlays\0675_overlay.png,C:\Users\PC\Desktop\RGMC_2026\RGMC\RGMC\data\map\robot29\masks\0675_mask.png
676,0.495,0.62875,341.47639484978544,242.27210300429184,1,0.0,0.008703138355028034,0.042928611833422885,1775103318.5429823,5,C:\Users\PC\Desktop\RGMC_2026\RGMC\RGMC\data\map\robot29\images\0676.png,C:\Users\PC\Desktop\RGMC_2026\RGMC\RGMC\data\map\robot29\overlays\0676_overlay.png,C:\Users\PC\Desktop\RGMC_2026\RGMC\RGMC\data\map\robot29\masks\0676_mask.png
677,0.5259375,0.62875,341.4922480620155,254.92530755711775,1,0.0,0.15203771506898994,0.9194335327754951,1775103328.6189117,5,C:\Users\PC\Desktop\RGMC_2026\RGMC\RGMC\data\map\robot29\images\0677.png,C:\Users\PC\Desktop\RGMC_2026\RGMC\RGMC\data\map\robot29\overlays\0677_overlay.png,C:\Users\PC\Desktop\RGMC_2026\RGMC\RGMC\data\map\robot29\masks\0677_mask.png
678,0.556875,0.62875,341.3493870402802,269.7495636998255,1,0.0,0.04093170850899092,0.055616634340509286,1775103338.4346714,5,C:\Users\PC\Desktop\RGMC_2026\RGMC\RGMC\data\map\robot29\images\0678.png,C:\Users\PC\Desktop\RGMC_2026\RGMC\RGMC\data\map\robot29\overlays\0678_overlay.png,C:\Users\PC\Desktop\RGMC_2026\RGMC\RGMC\data\map\robot29\masks\0678_mask.png
679,0.5878125,0.62875,341.3440405748098,283.3868243243243,1,0.0,0.20184707816139505,0.11415865673809379,1775103348.3443809,5,C:\Users\PC\Desktop\RGMC_2026\RGMC\RGMC\data\map\robot29\images\0679.png,C:\Users\PC\Desktop\RGMC_2026\RGMC\RGMC\data\map\robot29\overlays\0679_overlay.png,C:\Users\PC\Desktop\RGMC_2026\RGMC\RGMC\data\map\robot29\masks\0679_mask.png
680,0.61875,0.62875,340.3008196721311,297.3090163934426,1,0.0,0.18743183565412241,0.2998457330099394,1775103358.5922148,5,C:\Users\PC\Desktop\RGMC_2026\RGMC\RGMC\data\map\robot29\images\0680.png,C:\Users\PC\Desktop\RGMC_2026\RGMC\RGMC\data\map\robot29\overlays\0680_overlay.png,C:\Users\PC\Desktop\RGMC_2026\RGMC\RGMC\data\map\robot29\masks\0680_mask.png
681,0.6496875,0.62875,339.5474209650582,310.6029776674938,1,0.0,0.10266742702533076,0.07825455126388266,1775103368.2773578,5,C:\Users\PC\Desktop\RGMC_2026\RGMC\RGMC\data\map\robot29\images\0681.png,C:\Users\PC\Desktop\RGMC_2026\RGMC\RGMC\data\map\robot29\overlays\0681_overlay.png,C:\Users\PC\Desktop\RGMC_2026\RGMC\RGMC\data\map\robot29\masks\0681_mask.png
682,0.680625,0.62875,340.0023603461841,324.18615751789974,1,0.0,0.04245190886857099,0.03937785819045798,1775103377.5085723,5,C:\Users\PC\Desktop\RGMC_2026\RGMC\RGMC\data\map\robot29\images\0682.png,C:\Users\PC\Desktop\RGMC_2026\RGMC\RGMC\data\map\robot29\overlays\0682_overlay.png,C:\Users\PC\Desktop\RGMC_2026\RGMC\RGMC\data\map\robot29\masks\0682_mask.png
683,0.7115625,0.62875,340.1629392971246,338.13897763578274,1,0.0,0.032610098760350606,0.0756310272717764,1775103386.6740673,5,C:\Users\PC\Desktop\RGMC_2026\RGMC\RGMC\data\map\robot29\images\0683.png,C:\Users\PC\Desktop\RGMC_2026\RGMC\RGMC\data\map\robot29\overlays\0683_overlay.png,C:\Users\PC\Desktop\RGMC_2026\RGMC\RGMC\data\map\robot29\masks\0683_mask.png
684,0.7424999999999999,0.62875,339.65128593040845,352.108993902439,1,0.0,0.026194826292975273,0.03570690335905797,1775103395.746543,5,C:\Users\PC\Desktop\RGMC_2026\RGMC\RGMC\data\map\robot29\images\0684.png,C:\Users\PC\Desktop\RGMC_2026\RGMC\RGMC\data\map\robot29\overlays\0684_overlay.png,C:\Users\PC\Desktop\RGMC_2026\RGMC\RGMC\data\map\robot29\masks\0684_mask.png
685,0.7734375,0.62875,339.93949044585986,365.56299840510366,1,0.0,0.17998924105614342,0.03020115402756345,1775103404.724899,5,C:\Users\PC\Desktop\RGMC_2026\RGMC\RGMC\data\map\robot29\images\0685.png,C:\Users\PC\Desktop\RGMC_2026\RGMC\RGMC\data\map\robot29\overlays\0685_overlay.png,C:\Users\PC\Desktop\RGMC_2026\RGMC\RGMC\data\map\robot29\masks\0685_mask.png
686,0.804375,0.62875,339.9461920529801,378.97682119205297,1,0.0,0.1635245984550826,0.04454089962158728,1775103413.8611176,5,C:\Users\PC\Desktop\RGMC_2026\RGMC\RGMC\data\map\robot29\images\0686.png,C:\Users\PC\Desktop\RGMC_2026\RGMC\RGMC\data\map\robot29\overlays\0686_overlay.png,C:\Users\PC\Desktop\RGMC_2026\RGMC\RGMC\data\map\robot29\masks\0686_mask.png
687,0.8353125,0.62875,340.02805280528054,392.88366336633663,1,0.0,0.04605186767127464,0.4364762190420955,1775103422.993706,5,C:\Users\PC\Desktop\RGMC_2026\RGMC\RGMC\data\map\robot29\images\0687.png,C:\Users\PC\Desktop\RGMC_2026\RGMC\RGMC\data\map\robot29\overlays\0687_overlay.png,C:\Users\PC\Desktop\RGMC_2026\RGMC\RGMC\data\map\robot29\masks\0687_mask.png
688,0.86625,0.62875,340.22805578342906,406.17680454176804,1,0.0,0.16602439857601944,0.09929849729869095,1775103432.1591182,5,C:\Users\PC\Desktop\RGMC_2026\RGMC\RGMC\data\map\robot29\images\0688.png,C:\Users\PC\Desktop\RGMC_2026\RGMC\RGMC\data\map\robot29\overlays\0688_overlay.png,C:\Users\PC\Desktop\RGMC_2026\RGMC\RGMC\data\map\robot29\masks\0688_mask.png
689,0.8971875,0.62875,340.3194555644516,419.6011513157895,1,0.0,0.19618863167273057,0.3534813579123743,1775103441.3523042,5,C:\Users\PC\Desktop\RGMC_2026\RGMC\RGMC\data\map\robot29\images\0689.png,C:\Users\PC\Desktop\RGMC_2026\RGMC\RGMC\data\map\robot29\overlays\0689_overlay.png,C:\Users\PC\Desktop\RGMC_2026\RGMC\RGMC\data\map\robot29\masks\0689_mask.png
690,0.928125,0.62875,340.2781832927818,433.6894609814964,1,0.0,0.0531233420065465,0.06344889423366813,1775103450.301767,5,C:\Users\PC\Desktop\RGMC_2026\RGMC\RGMC\data\map\robot29\images\0690.png,C:\Users\PC\Desktop\RGMC_2026\RGMC\RGMC\data\map\robot29\overlays\0690_overlay.png,C:\Users\PC\Desktop\RGMC_2026\RGMC\RGMC\data\map\robot29\masks\0690_mask.png
691,0.9590625,0.62875,339.95881895881894,447.8368462138954,1,0.0,0.21166608430939884,0.06012393809410169,1775103459.6511066,5,C:\Users\PC\Desktop\RGMC_2026\RGMC\RGMC\data\map\robot29\images\0691.png,C:\Users\PC\Desktop\RGMC_2026\RGMC\RGMC\data\map\robot29\overlays\0691_overlay.png,C:\Users\PC\Desktop\RGMC_2026\RGMC\RGMC\data\map\robot29\masks\0691_mask.png
692,0.99,0.62875,339.8686327077748,460.5567190226876,1,0.0,0.251011395415966,0.07418076547170088,1775103469.565335,5,C:\Users\PC\Desktop\RGMC_2026\RGMC\RGMC\data\map\robot29\images\0692.png,C:\Users\PC\Desktop\RGMC_2026\RGMC\RGMC\data\map\robot29\overlays\0692_overlay.png,C:\Users\PC\Desktop\RGMC_2026\RGMC\RGMC\data\map\robot29\masks\0692_mask.png
693,0.99,0.6596875,327.1380231522707,460.6010685663402,1,0.0,0.06137387554555803,0.03353217034740909,1775103480.9543252,5,C:\Users\PC\Desktop\RGMC_2026\RGMC\RGMC\data\map\robot29\images\0693.png,C:\Users\PC\Desktop\RGMC_2026\RGMC\RGMC\data\map\robot29\overlays\0693_overlay.png,C:\Users\PC\Desktop\RGMC_2026\RGMC\RGMC\data\map\robot29\masks\0693_mask.png
694,0.9590625,0.6596875,326.61141516810005,448.1909233176839,1,0.0,0.007611429358023587,0.019541438068940594,1775103491.5026202,5,C:\Users\PC\Desktop\RGMC_2026\RGMC\RGMC\data\map\robot29\images\0694.png,C:\Users\PC\Desktop\RGMC_2026\RGMC\RGMC\data\map\robot29\overlays\0694_overlay.png,C:\Users\PC\Desktop\RGMC_2026\RGMC\RGMC\data\map\robot29\masks\0694_mask.png
695,0.928125,0.6596875,326.93252032520326,434.51724137931035,1,0.0,0.048022190654761945,0.055198749316917435,1775103500.6770701,5,C:\Users\PC\Desktop\RGMC_2026\RGMC\RGMC\data\map\robot29\images\0695.png,C:\Users\PC\Desktop\RGMC_2026\RGMC\RGMC\data\map\robot29\overlays\0695_overlay.png,C:\Users\PC\Desktop\RGMC_2026\RGMC\RGMC\data\map\robot29\masks\0695_mask.png
696,0.8971875,0.6596875,326.78826530612247,420.77307366638445,1,0.0,0.03897139684413179,0.040649428302344096,1775103509.7828953,5,C:\Users\PC\Desktop\RGMC_2026\RGMC\RGMC\data\map\robot29\images\0696.png,C:\Users\PC\Desktop\RGMC_2026\RGMC\RGMC\data\map\robot29\overlays\0696_overlay.png,C:\Users\PC\Desktop\RGMC_2026\RGMC\RGMC\data\map\robot29\masks\0696_mask.png
697,0.86625,0.6596875,326.7849550286181,406.7169811320755,1,0.0,0.022755682171025693,0.04031688070937148,1775103518.6995203,5,C:\Users\PC\Desktop\RGMC_2026\RGMC\RGMC\data\map\robot29\images\0697.png,C:\Users\PC\Desktop\RGMC_2026\RGMC\RGMC\data\map\robot29\overlays\0697_overlay.png,C:\Users\PC\Desktop\RGMC_2026\RGMC\RGMC\data\map\robot29\masks\0697_mask.png
698,0.8353125,0.6596875,326.8992688870837,393.3688058489033,1,0.0,0.025026670621198694,0.02400724457903974,1775103528.6070745,5,C:\Users\PC\Desktop\RGMC_2026\RGMC\RGMC\data\map\robot29\images\0698.png,C:\Users\PC\Desktop\RGMC_2026\RGMC\RGMC\data\map\robot29\overlays\0698_overlay.png,C:\Users\PC\Desktop\RGMC_2026\RGMC\RGMC\data\map\robot29\masks\0698_mask.png
699,0.804375,0.6596875,326.83658536585364,379.17723577235773,1,0.0,0.009864219190219719,0.019548304944033975,1775103537.6005738,5,C:\Users\PC\Desktop\RGMC_2026\RGMC\RGMC\data\map\robot29\images\0699.png,C:\Users\PC\Desktop\RGMC_2026\RGMC\RGMC\data\map\robot29\overlays\0699_overlay.png,C:\Users\PC\Desktop\RGMC_2026\RGMC\RGMC\data\map\robot29\masks\0699_mask.png
700,0.7734375,0.6596875,326.7158154859967,365.834431630972,1,0.0,0.007683756348803642,0.006251860315179795,1775103546.4933732,5,C:\Users\PC\Desktop\RGMC_2026\RGMC\RGMC\data\map\robot29\images\0700.png,C:\Users\PC\Desktop\RGMC_2026\RGMC\RGMC\data\map\robot29\overlays\0700_overlay.png,C:\Users\PC\Desktop\RGMC_2026\RGMC\RGMC\data\map\robot29\masks\0700_mask.png
701,0.7424999999999999,0.6596875,326.0600303951368,352.61265432098764,1,0.0,0.25640108526420813,0.15057748124983641,1775103555.664429,5,C:\Users\PC\Desktop\RGMC_2026\RGMC\RGMC\data\map\robot29\images\0701.png,C:\Users\PC\Desktop\RGMC_2026\RGMC\RGMC\data\map\robot29\overlays\0701_overlay.png,C:\Users\PC\Desktop\RGMC_2026\RGMC\RGMC\data\map\robot29\masks\0701_mask.png
702,0.7115625,0.6596875,326.0,339.27434944237916,1,0.0,0.35345065337322024,0.15104671293599686,1775103564.5837095,5,C:\Users\PC\Desktop\RGMC_2026\RGMC\RGMC\data\map\robot29\images\0702.png,C:\Users\PC\Desktop\RGMC_2026\RGMC\RGMC\data\map\robot29\overlays\0702_overlay.png,C:\Users\PC\Desktop\RGMC_2026\RGMC\RGMC\data\map\robot29\masks\0702_mask.png
703,0.680625,0.6596875,326.28896377422075,325.24431339511375,1,0.0,0.15017318016755046,0.07336619928139193,1775103573.547314,5,C:\Users\PC\Desktop\RGMC_2026\RGMC\RGMC\data\map\robot29\images\0703.png,C:\Users\PC\Desktop\RGMC_2026\RGMC\RGMC\data\map\robot29\overlays\0703_overlay.png,C:\Users\PC\Desktop\RGMC_2026\RGMC\RGMC\data\map\robot29\masks\0703_mask.png
704,0.6496875,0.6596875,326.50695012264924,311.46216436126934,1,0.0,0.09278480206805305,0.05766698506514637,1775103582.9825277,5,C:\Users\PC\Desktop\RGMC_2026\RGMC\RGMC\data\map\robot29\images\0704.png,C:\Users\PC\Desktop\RGMC_2026\RGMC\RGMC\data\map\robot29\overlays\0704_overlay.png,C:\Users\PC\Desktop\RGMC_2026\RGMC\RGMC\data\map\robot29\masks\0704_mask.png
705,0.61875,0.6596875,326.88996763754045,297.7936636880585,1,0.0,0.05794985342545454,0.25102045939598483,1775103592.201722,5,C:\Users\PC\Desktop\RGMC_2026\RGMC\RGMC\data\map\robot29\images\0705.png,C:\Users\PC\Desktop\RGMC_2026\RGMC\RGMC\data\map\robot29\overlays\0705_overlay.png,C:\Users\PC\Desktop\RGMC_2026\RGMC\RGMC\data\map\robot29\masks\0705_mask.png
706,0.5878125,0.6596875,326.39115044247785,283.83097345132745,1,0.0,0.22216204443813212,0.5650699166089755,1775103602.3915274,5,C:\Users\PC\Desktop\RGMC_2026\RGMC\RGMC\data\map\robot29\images\0706.png,C:\Users\PC\Desktop\RGMC_2026\RGMC\RGMC\data\map\robot29\overlays\0706_overlay.png,C:\Users\PC\Desktop\RGMC_2026\RGMC\RGMC\data\map\robot29\masks\0706_mask.png
707,0.556875,0.6596875,327.43739837398374,269.6910569105691,1,0.0,0.11682395116885629,0.1508683291513948,1775103612.361057,5,C:\Users\PC\Desktop\RGMC_2026\RGMC\RGMC\data\map\robot29\images\0707.png,C:\Users\PC\Desktop\RGMC_2026\RGMC\RGMC\data\map\robot29\overlays\0707_overlay.png,C:\Users\PC\Desktop\RGMC_2026\RGMC\RGMC\data\map\robot29\masks\0707_mask.png
708,0.5259375,0.6596875,327.60362694300517,256.4188255613126,1,0.0,0.17194678696568833,0.887580125537016,1775103622.3013017,5,C:\Users\PC\Desktop\RGMC_2026\RGMC\RGMC\data\map\robot29\images\0708.png,C:\Users\PC\Desktop\RGMC_2026\RGMC\RGMC\data\map\robot29\overlays\0708_overlay.png,C:\Users\PC\Desktop\RGMC_2026\RGMC\RGMC\data\map\robot29\masks\0708_mask.png
709,0.495,0.6596875,327.5972778222578,243.0080064051241,1,0.0,0.07815242500223912,0.0648370209531172,1775103632.4241278,5,C:\Users\PC\Desktop\RGMC_2026\RGMC\RGMC\data\map\robot29\images\0709.png,C:\Users\PC\Desktop\RGMC_2026\RGMC\RGMC\data\map\robot29\overlays\0709_overlay.png,C:\Users\PC\Desktop\RGMC_2026\RGMC\RGMC\data\map\robot29\masks\0709_mask.png
710,0.4640625,0.6596875,327.5650406504065,229.36777868185516,1,0.0,0.021194070789792362,0.011645917566624833,1775103643.131324,5,C:\Users\PC\Desktop\RGMC_2026\RGMC\RGMC\data\map\robot29\images\0710.png,C:\Users\PC\Desktop\RGMC_2026\RGMC\RGMC\data\map\robot29\overlays\0710_overlay.png,C:\Users\PC\Desktop\RGMC_2026\RGMC\RGMC\data\map\robot29\masks\0710_mask.png
410,0.433125,0.38125,450.43918918918916,217.07508532423208,1,0.0,0.05816170590276471,0.46691943409866205,1775104085.745135,5,C:\Users\PC\Desktop\RGMC_2026\RGMC\RGMC\data\map\robot29\images\0410.png,C:\Users\PC\Desktop\RGMC_2026\RGMC\RGMC\data\map\robot29\overlays\0410_overlay.png,C:\Users\PC\Desktop\RGMC_2026\RGMC\RGMC\data\map\robot29\masks\0410_mask.png
476,0.433125,0.443125,423.6799320698416,216.16154599669568,1,0.0,0.018322601083562328,0.00690599770822925,1775104097.170784,4,C:\Users\PC\Desktop\RGMC_2026\RGMC\RGMC\data\map\robot29\images\0476.png,C:\Users\PC\Desktop\RGMC_2026\RGMC\RGMC\data\map\robot29\overlays\0476_overlay.png,C:\Users\PC\Desktop\RGMC_2026\RGMC\RGMC\data\map\robot29\masks\0476_mask.png
711,0.433125,0.6596875,327.7766295707472,215.7368,1,0.0,0.07424038803861707,0.056433422162618,1775104144.080698,5,C:\Users\PC\Desktop\RGMC_2026\RGMC\RGMC\data\map\robot29\images\0711.png,C:\Users\PC\Desktop\RGMC_2026\RGMC\RGMC\data\map\robot29\overlays\0711_overlay.png,C:\Users\PC\Desktop\RGMC_2026\RGMC\RGMC\data\map\robot29\masks\0711_mask.png
712,0.4021875,0.6596875,327.5614591593973,202.2904761904762,1,0.0,0.02201755344637372,0.025803045932962964,1775104156.7442613,5,C:\Users\PC\Desktop\RGMC_2026\RGMC\RGMC\data\map\robot29\images\0712.png,C:\Users\PC\Desktop\RGMC_2026\RGMC\RGMC\data\map\robot29\overlays\0712_overlay.png,C:\Users\PC\Desktop\RGMC_2026\RGMC\RGMC\data\map\robot29\masks\0712_mask.png
713,0.37124999999999997,0.6596875,327.76953125,188.27073552425665,1,0.0,0.046380501622650956,0.020912060846031148,1775104168.4806278,5,C:\Users\PC\Desktop\RGMC_2026\RGMC\RGMC\data\map\robot29\images\0713.png,C:\Users\PC\Desktop\RGMC_2026\RGMC\RGMC\data\map\robot29\overlays\0713_overlay.png,C:\Users\PC\Desktop\RGMC_2026\RGMC\RGMC\data\map\robot29\masks\0713_mask.png
714,0.3403125,0.6596875,327.4297905352987,175.1008533747091,1,0.0,0.03778537700846637,0.05399078419372934,1775104180.3699987,5,C:\Users\PC\Desktop\RGMC_2026\RGMC\RGMC\data\map\robot29\images\0714.png,C:\Users\PC\Desktop\RGMC_2026\RGMC\RGMC\data\map\robot29\overlays\0714_overlay.png,C:\Users\PC\Desktop\RGMC_2026\RGMC\RGMC\data\map\robot29\masks\0714_mask.png
715,0.309375,0.6596875,327.6794670846395,162.44827586206895,1,0.0,0.04877445873674555,0.03956043605780635,1775104194.3625772,5,C:\Users\PC\Desktop\RGMC_2026\RGMC\RGMC\data\map\robot29\images\0715.png,C:\Users\PC\Desktop\RGMC_2026\RGMC\RGMC\data\map\robot29\overlays\0715_overlay.png,C:\Users\PC\Desktop\RGMC_2026\RGMC\RGMC\data\map\robot29\masks\0715_mask.png
716,0.2784375,0.6596875,327.8252818035427,148.92592592592592,1,0.0,0.0034838738525159356,0.006345411695278503,1775104206.9505942,5,C:\Users\PC\Desktop\RGMC_2026\RGMC\RGMC\data\map\robot29\images\0716.png,C:\Users\PC\Desktop\RGMC_2026\RGMC\RGMC\data\map\robot29\overlays\0716_overlay.png,C:\Users\PC\Desktop\RGMC_2026\RGMC\RGMC\data\map\robot29\masks\0716_mask.png
717,0.2475,0.6596875,328.0155884645362,134.96241190289743,1,0.0,0.04102513264185571,0.06599478190743582,1775104219.6002803,5,C:\Users\PC\Desktop\RGMC_2026\RGMC\RGMC\data\map\robot29\images\0717.png,C:\Users\PC\Desktop\RGMC_2026\RGMC\RGMC\data\map\robot29\overlays\0717_overlay.png,C:\Users\PC\Desktop\RGMC_2026\RGMC\RGMC\data\map\robot29\masks\0717_mask.png
718,0.2165625,0.6596875,327.852146263911,120.87335907335907,1,0.0,0.035910524981591634,0.3077195859917774,1775104233.9017103,5,C:\Users\PC\Desktop\RGMC_2026\RGMC\RGMC\data\map\robot29\images\0718.png,C:\Users\PC\Desktop\RGMC_2026\RGMC\RGMC\data\map\robot29\overlays\0718_overlay.png,C:\Users\PC\Desktop\RGMC_2026\RGMC\RGMC\data\map\robot29\masks\0718_mask.png
719,0.18562499999999998,0.6596875,327.9050193050193,107.66489764973464,1,0.0,0.047103647174373535,0.06710277989968631,1775104246.390596,5,C:\Users\PC\Desktop\RGMC_2026\RGMC\RGMC\data\map\robot29\images\0719.png,C:\Users\PC\Desktop\RGMC_2026\RGMC\RGMC\data\map\robot29\overlays\0719_overlay.png,C:\Users\PC\Desktop\RGMC_2026\RGMC\RGMC\data\map\robot29\masks\0719_mask.png
720,0.1546875,0.6596875,328.1579365079365,93.85714285714286,1,0.0,0.08517035612713741,0.14579154378786993,1775104258.6873217,5,C:\Users\PC\Desktop\RGMC_2026\RGMC\RGMC\data\map\robot29\images\0720.png,C:\Users\PC\Desktop\RGMC_2026\RGMC\RGMC\data\map\robot29\overlays\0720_overlay.png,C:\Users\PC\Desktop\RGMC_2026\RGMC\RGMC\data\map\robot29\masks\0720_mask.png
721,0.12375,0.6596875,327.83057228915663,79.90963855421687,1,0.0,0.06888395593919935,0.12333273800774144,1775104271.0883093,5,C:\Users\PC\Desktop\RGMC_2026\RGMC\RGMC\data\map\robot29\images\0721.png,C:\Users\PC\Desktop\RGMC_2026\RGMC\RGMC\data\map\robot29\overlays\0721_overlay.png,C:\Users\PC\Desktop\RGMC_2026\RGMC\RGMC\data\map\robot29\masks\0721_mask.png
722,0.09281249999999999,0.6596875,327.8006134969325,66.81288343558282,1,0.0,0.05166673765491147,0.10467486767507536,1775104283.0493982,5,C:\Users\PC\Desktop\RGMC_2026\RGMC\RGMC\data\map\robot29\images\0722.png,C:\Users\PC\Desktop\RGMC_2026\RGMC\RGMC\data\map\robot29\overlays\0722_overlay.png,C:\Users\PC\Desktop\RGMC_2026\RGMC\RGMC\data\map\robot29\masks\0722_mask.png
723,0.061875,0.6596875,327.936320754717,52.02338269680436,1,0.0,0.07657832975996356,0.06862093025134751,1775104294.507092,5,C:\Users\PC\Desktop\RGMC_2026\RGMC\RGMC\data\map\robot29\images\0723.png,C:\Users\PC\Desktop\RGMC_2026\RGMC\RGMC\data\map\robot29\overlays\0723_overlay.png,C:\Users\PC\Desktop\RGMC_2026\RGMC\RGMC\data\map\robot29\masks\0723_mask.png
724,0.0309375,0.6596875,328.11214230471774,38.34184068058778,1,0.0,0.02532686950291059,0.03262814477921951,1775104306.7993984,5,C:\Users\PC\Desktop\RGMC_2026\RGMC\RGMC\data\map\robot29\images\0724.png,C:\Users\PC\Desktop\RGMC_2026\RGMC\RGMC\data\map\robot29\overlays\0724_overlay.png,C:\Users\PC\Desktop\RGMC_2026\RGMC\RGMC\data\map\robot29\masks\0724_mask.png
725,0.0,0.6596875,327.98632218844983,24.46580547112462,1,0.0,0.04858668622948413,0.010700379321275166,1775104317.8797746,5,C:\Users\PC\Desktop\RGMC_2026\RGMC\RGMC\data\map\robot29\images\0725.png,C:\Users\PC\Desktop\RGMC_2026\RGMC\RGMC\data\map\robot29\overlays\0725_overlay.png,C:\Users\PC\Desktop\RGMC_2026\RGMC\RGMC\data\map\robot29\masks\0725_mask.png
726,0.0,0.690625,315.0356037151703,23.944229279628196,1,0.0,0.01734427784791852,0.05458051194798631,1775104329.5535653,5,C:\Users\PC\Desktop\RGMC_2026\RGMC\RGMC\data\map\robot29\images\0726.png,C:\Users\PC\Desktop\RGMC_2026\RGMC\RGMC\data\map\robot29\overlays\0726_overlay.png,C:\Users\PC\Desktop\RGMC_2026\RGMC\RGMC\data\map\robot29\masks\0726_mask.png
727,0.0309375,0.690625,314.9683954619125,37.81767068273092,1,0.0,0.05746251339133617,0.09121188465659523,1775104341.3132977,5,C:\Users\PC\Desktop\RGMC_2026\RGMC\RGMC\data\map\robot29\images\0727.png,C:\Users\PC\Desktop\RGMC_2026\RGMC\RGMC\data\map\robot29\overlays\0727_overlay.png,C:\Users\PC\Desktop\RGMC_2026\RGMC\RGMC\data\map\robot29\masks\0727_mask.png
728,0.061875,0.690625,314.9291465378422,51.394694533762056,1,0.0,0.03483167560829218,0.06323546587273415,1775104352.477737,5,C:\Users\PC\Desktop\RGMC_2026\RGMC\RGMC\data\map\robot29\images\0728.png,C:\Users\PC\Desktop\RGMC_2026\RGMC\RGMC\data\map\robot29\overlays\0728_overlay.png,C:\Users\PC\Desktop\RGMC_2026\RGMC\RGMC\data\map\robot29\masks\0728_mask.png
729,0.09281249999999999,0.690625,314.95863166268896,65.84444444444445,1,0.0,0.04989765726523862,0.10086319347130042,1775104364.7194474,5,C:\Users\PC\Desktop\RGMC_2026\RGMC\RGMC\data\map\robot29\images\0729.png,C:\Users\PC\Desktop\RGMC_2026\RGMC\RGMC\data\map\robot29\overlays\0729_overlay.png,C:\Users\PC\Desktop\RGMC_2026\RGMC\RGMC\data\map\robot29\masks\0729_mask.png
730,0.12375,0.690625,315.14441842310697,79.50663544106168,1,0.0,0.4432918939752361,0.15512832106934513,1775104376.8251798,5,C:\Users\PC\Desktop\RGMC_2026\RGMC\RGMC\data\map\robot29\images\0730.png,C:\Users\PC\Desktop\RGMC_2026\RGMC\RGMC\data\map\robot29\overlays\0730_overlay.png,C:\Users\PC\Desktop\RGMC_2026\RGMC\RGMC\data\map\robot29\masks\0730_mask.png
731,0.1546875,0.690625,314.22145061728395,93.42659492697925,1,0.0,0.07855617535187527,0.09070139765261534,1775104388.5978928,5,C:\Users\PC\Desktop\RGMC_2026\RGMC\RGMC\data\map\robot29\images\0731.png,C:\Users\PC\Desktop\RGMC_2026\RGMC\RGMC\data\map\robot29\overlays\0731_overlay.png,C:\Users\PC\Desktop\RGMC_2026\RGMC\RGMC\data\map\robot29\masks\0731_mask.png
732,0.18562499999999998,0.690625,315.05627376425855,107.09182098765432,1,0.0,0.06784139867164884,0.10257537222205183,1775104400.4218833,5,C:\Users\PC\Desktop\RGMC_2026\RGMC\RGMC\data\map\robot29\images\0732.png,C:\Users\PC\Desktop\RGMC_2026\RGMC\RGMC\data\map\robot29\overlays\0732_overlay.png,C:\Users\PC\Desktop\RGMC_2026\RGMC\RGMC\data\map\robot29\masks\0732_mask.png
733,0.2165625,0.690625,313.9521707137601,120.31420161883739,1,0.0,0.015180776065420197,0.10436467981237552,1775104412.5861635,5,C:\Users\PC\Desktop\RGMC_2026\RGMC\RGMC\data\map\robot29\images\0733.png,C:\Users\PC\Desktop\RGMC_2026\RGMC\RGMC\data\map\robot29\overlays\0733_overlay.png,C:\Users\PC\Desktop\RGMC_2026\RGMC\RGMC\data\map\robot29\masks\0733_mask.png
734,0.2475,0.690625,313.9519083969466,134.11441647597255,1,0.0,0.40036220940861,0.038717682407601824,1775104426.3688385,5,C:\Users\PC\Desktop\RGMC_2026\RGMC\RGMC\data\map\robot29\images\0734.png,C:\Users\PC\Desktop\RGMC_2026\RGMC\RGMC\data\map\robot29\overlays\0734_overlay.png,C:\Users\PC\Desktop\RGMC_2026\RGMC\RGMC\data\map\robot29\masks\0734_mask.png
735,0.2784375,0.690625,314.7547619047619,148.0958395245171,1,0.0,0.5538696207264793,0.26247482159515284,1775104438.19375,5,C:\Users\PC\Desktop\RGMC_2026\RGMC\RGMC\data\map\robot29\images\0735.png,C:\Users\PC\Desktop\RGMC_2026\RGMC\RGMC\data\map\robot29\overlays\0735_overlay.png,C:\Users\PC\Desktop\RGMC_2026\RGMC\RGMC\data\map\robot29\masks\0735_mask.png
736,0.309375,0.690625,313.8871212121212,161.7807486631016,1,0.0,0.08688791900947648,0.29263397130517166,1775104450.4868155,5,C:\Users\PC\Desktop\RGMC_2026\RGMC\RGMC\data\map\robot29\images\0736.png,C:\Users\PC\Desktop\RGMC_2026\RGMC\RGMC\data\map\robot29\overlays\0736_overlay.png,C:\Users\PC\Desktop\RGMC_2026\RGMC\RGMC\data\map\robot29\masks\0736_mask.png
737,0.3403125,0.690625,313.86346300533944,174.57197258187358,1,0.0,0.461587357059127,0.09589089540208753,1775104465.4412296,5,C:\Users\PC\Desktop\RGMC_2026\RGMC\RGMC\data\map\robot29\images\0737.png,C:\Users\PC\Desktop\RGMC_2026\RGMC\RGMC\data\map\robot29\overlays\0737_overlay.png,C:\Users\PC\Desktop\RGMC_2026\RGMC\RGMC\data\map\robot29\masks\0737_mask.png
738,0.37124999999999997,0.690625,314.1250947687642,188.1626323751891,1,0.0,0.017127560083113388,0.011425118949895209,1775104477.8268483,5,C:\Users\PC\Desktop\RGMC_2026\RGMC\RGMC\data\map\robot29\images\0738.png,C:\Users\PC\Desktop\RGMC_2026\RGMC\RGMC\data\map\robot29\overlays\0738_overlay.png,C:\Users\PC\Desktop\RGMC_2026\RGMC\RGMC\data\map\robot29\masks\0738_mask.png
739,0.4021875,0.690625,313.90580847723703,202.00704776820675,1,0.0,0.03903696522094203,0.0883891374408726,1775104490.7215116,5,C:\Users\PC\Desktop\RGMC_2026\RGMC\RGMC\data\map\robot29\images\0739.png,C:\Users\PC\Desktop\RGMC_2026\RGMC\RGMC\data\map\robot29\overlays\0739_overlay.png,C:\Users\PC\Desktop\RGMC_2026\RGMC\RGMC\data\map\robot29\masks\0739_mask.png
740,0.433125,0.690625,313.95043273013374,215.12252964426878,1,0.0,0.02877850216954591,0.078966246459974,1775104502.7402039,5,C:\Users\PC\Desktop\RGMC_2026\RGMC\RGMC\data\map\robot29\images\0740.png,C:\Users\PC\Desktop\RGMC_2026\RGMC\RGMC\data\map\robot29\overlays\0740_overlay.png,C:\Users\PC\Desktop\RGMC_2026\RGMC\RGMC\data\map\robot29\masks\0740_mask.png
741,0.4640625,0.690625,314.0349483717236,229.16334661354583,1,0.0,0.47010582792115857,0.08121749295735943,1775104519.5326302,5,C:\Users\PC\Desktop\RGMC_2026\RGMC\RGMC\data\map\robot29\images\0741.png,C:\Users\PC\Desktop\RGMC_2026\RGMC\RGMC\data\map\robot29\overlays\0741_overlay.png,C:\Users\PC\Desktop\RGMC_2026\RGMC\RGMC\data\map\robot29\masks\0741_mask.png
742,0.495,0.690625,314.5704753961635,242.47879282218597,1,0.0,0.13842294056224438,0.08217832255936419,1775104532.5059805,5,C:\Users\PC\Desktop\RGMC_2026\RGMC\RGMC\data\map\robot29\images\0742.png,C:\Users\PC\Desktop\RGMC_2026\RGMC\RGMC\data\map\robot29\overlays\0742_overlay.png,C:\Users\PC\Desktop\RGMC_2026\RGMC\RGMC\data\map\robot29\masks\0742_mask.png
743,0.5259375,0.690625,313.5543726235741,256.124251497006,1,0.0,0.1510251940908358,0.17378655932795117,1775104545.350843,5,C:\Users\PC\Desktop\RGMC_2026\RGMC\RGMC\data\map\robot29\images\0743.png,C:\Users\PC\Desktop\RGMC_2026\RGMC\RGMC\data\map\robot29\overlays\0743_overlay.png,C:\Users\PC\Desktop\RGMC_2026\RGMC\RGMC\data\map\robot29\masks\0743_mask.png
744,0.556875,0.690625,313.95859872611464,269.80174464710547,1,0.0,0.3871488904449769,0.03538477026230013,1775104560.9300838,5,C:\Users\PC\Desktop\RGMC_2026\RGMC\RGMC\data\map\robot29\images\0744.png,C:\Users\PC\Desktop\RGMC_2026\RGMC\RGMC\data\map\robot29\overlays\0744_overlay.png,C:\Users\PC\Desktop\RGMC_2026\RGMC\RGMC\data\map\robot29\masks\0744_mask.png
745,0.5878125,0.690625,313.9459915611814,283.4203502919099,1,0.0,0.08178890236972224,0.2794652117048875,1775104573.7911606,5,C:\Users\PC\Desktop\RGMC_2026\RGMC\RGMC\data\map\robot29\images\0745.png,C:\Users\PC\Desktop\RGMC_2026\RGMC\RGMC\data\map\robot29\overlays\0745_overlay.png,C:\Users\PC\Desktop\RGMC_2026\RGMC\RGMC\data\map\robot29\masks\0745_mask.png
746,0.61875,0.690625,313.59444444444443,297.74920634920636,1,0.0,0.036220000953509045,0.06521225276205991,1775104586.4734182,5,C:\Users\PC\Desktop\RGMC_2026\RGMC\RGMC\data\map\robot29\images\0746.png,C:\Users\PC\Desktop\RGMC_2026\RGMC\RGMC\data\map\robot29\overlays\0746_overlay.png,C:\Users\PC\Desktop\RGMC_2026\RGMC\RGMC\data\map\robot29\masks\0746_mask.png
747,0.6496875,0.690625,313.3358778625954,310.6658932714617,1,0.0,0.09511120157650108,0.04316697288357009,1775104598.7964377,5,C:\Users\PC\Desktop\RGMC_2026\RGMC\RGMC\data\map\robot29\images\0747.png,C:\Users\PC\Desktop\RGMC_2026\RGMC\RGMC\data\map\robot29\overlays\0747_overlay.png,C:\Users\PC\Desktop\RGMC_2026\RGMC\RGMC\data\map\robot29\masks\0747_mask.png
748,0.680625,0.690625,312.7848309975268,325.0659521846661,1,0.0,0.4852409129138656,0.10293469477709453,1775104611.3086388,5,C:\Users\PC\Desktop\RGMC_2026\RGMC\RGMC\data\map\robot29\images\0748.png,C:\Users\PC\Desktop\RGMC_2026\RGMC\RGMC\data\map\robot29\overlays\0748_overlay.png,C:\Users\PC\Desktop\RGMC_2026\RGMC\RGMC\data\map\robot29\masks\0748_mask.png
749,0.7115625,0.690625,312.91830559757943,338.3854324734446,1,0.0,0.04297513477375044,0.0523438210133247,1775104625.358658,5,C:\Users\PC\Desktop\RGMC_2026\RGMC\RGMC\data\map\robot29\images\0749.png,C:\Users\PC\Desktop\RGMC_2026\RGMC\RGMC\data\map\robot29\overlays\0749_overlay.png,C:\Users\PC\Desktop\RGMC_2026\RGMC\RGMC\data\map\robot29\masks\0749_mask.png
750,0.7424999999999999,0.690625,312.4726989079563,351.8525741029641,1,0.0,0.050005035767242384,0.014918451640478912,1775104637.226179,5,C:\Users\PC\Desktop\RGMC_2026\RGMC\RGMC\data\map\robot29\images\0750.png,C:\Users\PC\Desktop\RGMC_2026\RGMC\RGMC\data\map\robot29\overlays\0750_overlay.png,C:\Users\PC\Desktop\RGMC_2026\RGMC\RGMC\data\map\robot29\masks\0750_mask.png
751,0.7734375,0.690625,312.74979887369267,365.3006430868167,1,0.0,0.16551317334716947,0.10018588658944812,1775104648.3068805,5,C:\Users\PC\Desktop\RGMC_2026\RGMC\RGMC\data\map\robot29\images\0751.png,C:\Users\PC\Desktop\RGMC_2026\RGMC\RGMC\data\map\robot29\overlays\0751_overlay.png,C:\Users\PC\Desktop\RGMC_2026\RGMC\RGMC\data\map\robot29\masks\0751_mask.png
752,0.804375,0.690625,312.9555908009516,378.61748195669605,1,0.0,0.06282663323955791,0.07310513168069617,1775104659.33917,5,C:\Users\PC\Desktop\RGMC_2026\RGMC\RGMC\data\map\robot29\images\0752.png,C:\Users\PC\Desktop\RGMC_2026\RGMC\RGMC\data\map\robot29\overlays\0752_overlay.png,C:\Users\PC\Desktop\RGMC_2026\RGMC\RGMC\data\map\robot29\masks\0752_mask.png
753,0.8353125,0.690625,312.3741064336775,393.005733005733,1,0.0,0.02566666851675444,0.3121812042443048,1775104671.1455197,5,C:\Users\PC\Desktop\RGMC_2026\RGMC\RGMC\data\map\robot29\images\0753.png,C:\Users\PC\Desktop\RGMC_2026\RGMC\RGMC\data\map\robot29\overlays\0753_overlay.png,C:\Users\PC\Desktop\RGMC_2026\RGMC\RGMC\data\map\robot29\masks\0753_mask.png
754,0.86625,0.690625,313.065560821485,406.2896663954435,1,0.0,0.3763393288369703,0.16719417629972183,1775104684.4388542,5,C:\Users\PC\Desktop\RGMC_2026\RGMC\RGMC\data\map\robot29\images\0754.png,C:\Users\PC\Desktop\RGMC_2026\RGMC\RGMC\data\map\robot29\overlays\0754_overlay.png,C:\Users\PC\Desktop\RGMC_2026\RGMC\RGMC\data\map\robot29\masks\0754_mask.png
755,0.8971875,0.690625,312.3480432972523,420.91174021648624,1,0.0,0.09598700561137206,0.07119116988725688,1775104696.0497866,5,C:\Users\PC\Desktop\RGMC_2026\RGMC\RGMC\data\map\robot29\images\0755.png,C:\Users\PC\Desktop\RGMC_2026\RGMC\RGMC\data\map\robot29\overlays\0755_overlay.png,C:\Users\PC\Desktop\RGMC_2026\RGMC\RGMC\data\map\robot29\masks\0755_mask.png
756,0.928125,0.690625,312.3996737357259,433.8567941415785,1,0.0,0.21966142100934474,0.02770743733185929,1775104707.1819117,5,C:\Users\PC\Desktop\RGMC_2026\RGMC\RGMC\data\map\robot29\images\0756.png,C:\Users\PC\Desktop\RGMC_2026\RGMC\RGMC\data\map\robot29\overlays\0756_overlay.png,C:\Users\PC\Desktop\RGMC_2026\RGMC\RGMC\data\map\robot29\masks\0756_mask.png
757,0.9590625,0.690625,312.2380204241948,447.93322859387274,1,0.0,0.25817053120480016,0.0708365908766447,1775104718.979857,5,C:\Users\PC\Desktop\RGMC_2026\RGMC\RGMC\data\map\robot29\images\0757.png,C:\Users\PC\Desktop\RGMC_2026\RGMC\RGMC\data\map\robot29\overlays\0757_overlay.png,C:\Users\PC\Desktop\RGMC_2026\RGMC\RGMC\data\map\robot29\masks\0757_mask.png
758,0.99,0.690625,312.30795847750863,460.5243902439024,1,0.0,0.009425136342761372,0.03867732538505015,1775104730.6066055,5,C:\Users\PC\Desktop\RGMC_2026\RGMC\RGMC\data\map\robot29\images\0758.png,C:\Users\PC\Desktop\RGMC_2026\RGMC\RGMC\data\map\robot29\overlays\0758_overlay.png,C:\Users\PC\Desktop\RGMC_2026\RGMC\RGMC\data\map\robot29\masks\0758_mask.png
759,0.99,0.7215625,299.7242582897033,460.67629046369206,1,0.0,0.04461361827080133,0.03115805804643555,1775104744.5799596,5,C:\Users\PC\Desktop\RGMC_2026\RGMC\RGMC\data\map\robot29\images\0759.png,C:\Users\PC\Desktop\RGMC_2026\RGMC\RGMC\data\map\robot29\overlays\0759_overlay.png,C:\Users\PC\Desktop\RGMC_2026\RGMC\RGMC\data\map\robot29\masks\0759_mask.png
760,0.9590625,0.7215625,299.02382843526607,448.10421638822595,1,0.0,0.08310809212493453,0.09959878162610039,1775104756.2407203,5,C:\Users\PC\Desktop\RGMC_2026\RGMC\RGMC\data\map\robot29\images\0760.png,C:\Users\PC\Desktop\RGMC_2026\RGMC\RGMC\data\map\robot29\overlays\0760_overlay.png,C:\Users\PC\Desktop\RGMC_2026\RGMC\RGMC\data\map\robot29\masks\0760_mask.png
761,0.928125,0.7215625,299.24647302904566,434.63253509496286,1,0.0,0.0513517067253504,0.059997475641641415,1775104768.6873894,5,C:\Users\PC\Desktop\RGMC_2026\RGMC\RGMC\data\map\robot29\images\0761.png,C:\Users\PC\Desktop\RGMC_2026\RGMC\RGMC\data\map\robot29\overlays\0761_overlay.png,C:\Users\PC\Desktop\RGMC_2026\RGMC\RGMC\data\map\robot29\masks\0761_mask.png
762,0.8971875,0.7215625,299.19285120532004,421.12283594394063,1,0.0,0.05893978017939672,0.06280075313456156,1775104783.0796428,5,C:\Users\PC\Desktop\RGMC_2026\RGMC\RGMC\data\map\robot29\images\0762.png,C:\Users\PC\Desktop\RGMC_2026\RGMC\RGMC\data\map\robot29\overlays\0762_overlay.png,C:\Users\PC\Desktop\RGMC_2026\RGMC\RGMC\data\map\robot29\masks\0762_mask.png
763,0.86625,0.7215625,299.0405405405405,407.27545382794,1,0.0,0.048593920432106384,0.04415599391811286,1775104796.1222765,5,C:\Users\PC\Desktop\RGMC_2026\RGMC\RGMC\data\map\robot29\images\0763.png,C:\Users\PC\Desktop\RGMC_2026\RGMC\RGMC\data\map\robot29\overlays\0763_overlay.png,C:\Users\PC\Desktop\RGMC_2026\RGMC\RGMC\data\map\robot29\masks\0763_mask.png
764,0.8353125,0.7215625,299.2261806130903,393.3034081463009,1,0.0,0.05781387603706233,0.06393444845436572,1775104807.4368672,5,C:\Users\PC\Desktop\RGMC_2026\RGMC\RGMC\data\map\robot29\images\0764.png,C:\Users\PC\Desktop\RGMC_2026\RGMC\RGMC\data\map\robot29\overlays\0764_overlay.png,C:\Users\PC\Desktop\RGMC_2026\RGMC\RGMC\data\map\robot29\masks\0764_mask.png
765,0.804375,0.7215625,299.41927710843373,379.4780487804878,1,0.0,0.044493720056261364,0.059360687333648375,1775104820.1495879,5,C:\Users\PC\Desktop\RGMC_2026\RGMC\RGMC\data\map\robot29\images\0765.png,C:\Users\PC\Desktop\RGMC_2026\RGMC\RGMC\data\map\robot29\overlays\0765_overlay.png,C:\Users\PC\Desktop\RGMC_2026\RGMC\RGMC\data\map\robot29\masks\0765_mask.png
766,0.7734375,0.7215625,299.5036855036855,365.94229183841713,1,0.0,0.04304517941138143,0.034192554416108155,1775104832.000052,5,C:\Users\PC\Desktop\RGMC_2026\RGMC\RGMC\data\map\robot29\images\0766.png,C:\Users\PC\Desktop\RGMC_2026\RGMC\RGMC\data\map\robot29\overlays\0766_overlay.png,C:\Users\PC\Desktop\RGMC_2026\RGMC\RGMC\data\map\robot29\masks\0766_mask.png
767,0.7424999999999999,0.7215625,299.2109872611465,353.10983606557375,1,0.0,0.02186620059215258,0.27027968420564485,1775104842.532628,5,C:\Users\PC\Desktop\RGMC_2026\RGMC\RGMC\data\map\robot29\images\0767.png,C:\Users\PC\Desktop\RGMC_2026\RGMC\RGMC\data\map\robot29\overlays\0767_overlay.png,C:\Users\PC\Desktop\RGMC_2026\RGMC\RGMC\data\map\robot29\masks\0767_mask.png
768,0.7115625,0.7215625,299.65276663993586,339.1777956556718,1,0.0,0.04896492381243616,0.03717664739372626,1775104853.6508067,5,C:\Users\PC\Desktop\RGMC_2026\RGMC\RGMC\data\map\robot29\images\0768.png,C:\Users\PC\Desktop\RGMC_2026\RGMC\RGMC\data\map\robot29\overlays\0768_overlay.png,C:\Users\PC\Desktop\RGMC_2026\RGMC\RGMC\data\map\robot29\masks\0768_mask.png
769,0.680625,0.7215625,299.48247758761204,325.7642740619902,1,0.0,0.0446516023363864,0.12232059904275454,1775104864.7178113,5,C:\Users\PC\Desktop\RGMC_2026\RGMC\RGMC\data\map\robot29\images\0769.png,C:\Users\PC\Desktop\RGMC_2026\RGMC\RGMC\data\map\robot29\overlays\0769_overlay.png,C:\Users\PC\Desktop\RGMC_2026\RGMC\RGMC\data\map\robot29\masks\0769_mask.png
770,0.6496875,0.7215625,299.4551131928181,311.9700551615445,1,0.0,0.03786136049367467,0.10717426788448003,1775104876.8126798,5,C:\Users\PC\Desktop\RGMC_2026\RGMC\RGMC\data\map\robot29\images\0770.png,C:\Users\PC\Desktop\RGMC_2026\RGMC\RGMC\data\map\robot29\overlays\0770_overlay.png,C:\Users\PC\Desktop\RGMC_2026\RGMC\RGMC\data\map\robot29\masks\0770_mask.png
771,0.61875,0.7215625,299.7236628849271,297.84201954397395,1,0.0,0.031652982895103494,0.04163322181224548,1775104888.7346957,5,C:\Users\PC\Desktop\RGMC_2026\RGMC\RGMC\data\map\robot29\images\0771.png,C:\Users\PC\Desktop\RGMC_2026\RGMC\RGMC\data\map\robot29\overlays\0771_overlay.png,C:\Users\PC\Desktop\RGMC_2026\RGMC\RGMC\data\map\robot29\masks\0771_mask.png
772,0.5878125,0.7215625,299.88110749185665,283.8501628664495,1,0.0,0.019678430189029355,0.037402874855734174,1775104899.9085655,5,C:\Users\PC\Desktop\RGMC_2026\RGMC\RGMC\data\map\robot29\images\0772.png,C:\Users\PC\Desktop\RGMC_2026\RGMC\RGMC\data\map\robot29\overlays\0772_overlay.png,C:\Users\PC\Desktop\RGMC_2026\RGMC\RGMC\data\map\robot29\masks\0772_mask.png
773,0.556875,0.7215625,299.73996655518397,270.0486348122867,1,0.0,0.13772191199465983,0.06153450260670837,1775104911.5419443,5,C:\Users\PC\Desktop\RGMC_2026\RGMC\RGMC\data\map\robot29\images\0773.png,C:\Users\PC\Desktop\RGMC_2026\RGMC\RGMC\data\map\robot29\overlays\0773_overlay.png,C:\Users\PC\Desktop\RGMC_2026\RGMC\RGMC\data\map\robot29\masks\0773_mask.png
774,0.5259375,0.7215625,299.93489032578884,249.06320715940794,1,0.0,0.2721258450265073,3.1925997277024183,1775104924.0604126,4,C:\Users\PC\Desktop\RGMC_2026\RGMC\RGMC\data\map\robot29\images\0774.png,C:\Users\PC\Desktop\RGMC_2026\RGMC\RGMC\data\map\robot29\overlays\0774_overlay.png,C:\Users\PC\Desktop\RGMC_2026\RGMC\RGMC\data\map\robot29\masks\0774_mask.png
775,0.495,0.7215625,300.62422744128554,236.86691542288557,1,0.0,0.10811795353002782,0.7566270384434792,1775104936.5656009,5,C:\Users\PC\Desktop\RGMC_2026\RGMC\RGMC\data\map\robot29\images\0775.png,C:\Users\PC\Desktop\RGMC_2026\RGMC\RGMC\data\map\robot29\overlays\0775_overlay.png,C:\Users\PC\Desktop\RGMC_2026\RGMC\RGMC\data\map\robot29\masks\0775_mask.png
776,0.4640625,0.7215625,299.5932932072227,229.38046272493574,1,0.0,0.0673507247737925,0.022167457989197555,1775104948.4437945,5,C:\Users\PC\Desktop\RGMC_2026\RGMC\RGMC\data\map\robot29\images\0776.png,C:\Users\PC\Desktop\RGMC_2026\RGMC\RGMC\data\map\robot29\overlays\0776_overlay.png,C:\Users\PC\Desktop\RGMC_2026\RGMC\RGMC\data\map\robot29\masks\0776_mask.png
777,0.433125,0.7215625,300.19741100323625,215.6725806451613,1,0.0,0.08094290168809488,0.08077298460146737,1775104961.2465382,5,C:\Users\PC\Desktop\RGMC_2026\RGMC\RGMC\data\map\robot29\images\0777.png,C:\Users\PC\Desktop\RGMC_2026\RGMC\RGMC\data\map\robot29\overlays\0777_overlay.png,C:\Users\PC\Desktop\RGMC_2026\RGMC\RGMC\data\map\robot29\masks\0777_mask.png
778,0.4021875,0.7215625,299.55051369863014,202.00511073253833,1,0.0,0.256239672032118,0.1014633385593415,1775104975.2068894,5,C:\Users\PC\Desktop\RGMC_2026\RGMC\RGMC\data\map\robot29\images\0778.png,C:\Users\PC\Desktop\RGMC_2026\RGMC\RGMC\data\map\robot29\overlays\0778_overlay.png,C:\Users\PC\Desktop\RGMC_2026\RGMC\RGMC\data\map\robot29\masks\0778_mask.png
779,0.37124999999999997,0.7215625,299.95756605284225,188.34952229299364,1,0.0,0.22089802361788866,0.0558284795498838,1775104987.9884386,5,C:\Users\PC\Desktop\RGMC_2026\RGMC\RGMC\data\map\robot29\images\0779.png,C:\Users\PC\Desktop\RGMC_2026\RGMC\RGMC\data\map\robot29\overlays\0779_overlay.png,C:\Users\PC\Desktop\RGMC_2026\RGMC\RGMC\data\map\robot29\masks\0779_mask.png
780,0.3403125,0.7215625,300.04114906832297,175.04595015576325,1,0.0,0.24038470800934492,0.03805961453863015,1775105000.0539565,5,C:\Users\PC\Desktop\RGMC_2026\RGMC\RGMC\data\map\robot29\images\0780.png,C:\Users\PC\Desktop\RGMC_2026\RGMC\RGMC\data\map\robot29\overlays\0780_overlay.png,C:\Users\PC\Desktop\RGMC_2026\RGMC\RGMC\data\map\robot29\masks\0780_mask.png
781,0.309375,0.7215625,300.1642628205128,162.28259109311742,1,0.0,0.07635759754358863,0.08258726796226076,1775105013.777506,5,C:\Users\PC\Desktop\RGMC_2026\RGMC\RGMC\data\map\robot29\images\0781.png,C:\Users\PC\Desktop\RGMC_2026\RGMC\RGMC\data\map\robot29\overlays\0781_overlay.png,C:\Users\PC\Desktop\RGMC_2026\RGMC\RGMC\data\map\robot29\masks\0781_mask.png
782,0.2784375,0.7215625,301.19741379310346,148.97502153316105,1,0.0,0.03157963024563116,0.048211694136541694,1775105027.6901026,5,C:\Users\PC\Desktop\RGMC_2026\RGMC\RGMC\data\map\robot29\images\0782.png,C:\Users\PC\Desktop\RGMC_2026\RGMC\RGMC\data\map\robot29\overlays\0782_overlay.png,C:\Users\PC\Desktop\RGMC_2026\RGMC\RGMC\data\map\robot29\masks\0782_mask.png
783,0.2475,0.7215625,301.22231614539305,134.77805907172996,1,0.0,0.437494673455249,0.09451248273836127,1775105041.7165232,5,C:\Users\PC\Desktop\RGMC_2026\RGMC\RGMC\data\map\robot29\images\0783.png,C:\Users\PC\Desktop\RGMC_2026\RGMC\RGMC\data\map\robot29\overlays\0783_overlay.png,C:\Users\PC\Desktop\RGMC_2026\RGMC\RGMC\data\map\robot29\masks\0783_mask.png
784,0.2165625,0.7215625,300.8558067030398,121.66198282591725,1,0.0,0.04268635890797143,0.08172042697658827,1775105054.3532116,5,C:\Users\PC\Desktop\RGMC_2026\RGMC\RGMC\data\map\robot29\images\0784.png,C:\Users\PC\Desktop\RGMC_2026\RGMC\RGMC\data\map\robot29\overlays\0784_overlay.png,C:\Users\PC\Desktop\RGMC_2026\RGMC\RGMC\data\map\robot29\masks\0784_mask.png
785,0.18562499999999998,0.7215625,300.8939393939394,107.40321346595256,1,0.0,0.38831958512546566,0.23529992364496458,1775105067.7634451,5,C:\Users\PC\Desktop\RGMC_2026\RGMC\RGMC\data\map\robot29\images\0785.png,C:\Users\PC\Desktop\RGMC_2026\RGMC\RGMC\data\map\robot29\overlays\0785_overlay.png,C:\Users\PC\Desktop\RGMC_2026\RGMC\RGMC\data\map\robot29\masks\0785_mask.png
786,0.1546875,0.7215625,301.0637636080871,93.88545897644191,1,0.0,0.500008318528415,0.11871787459597148,1775105080.5736585,5,C:\Users\PC\Desktop\RGMC_2026\RGMC\RGMC\data\map\robot29\images\0786.png,C:\Users\PC\Desktop\RGMC_2026\RGMC\RGMC\data\map\robot29\overlays\0786_overlay.png,C:\Users\PC\Desktop\RGMC_2026\RGMC\RGMC\data\map\robot29\masks\0786_mask.png
787,0.12375,0.7215625,300.88198757763973,79.56858237547893,1,0.0,0.5049014120240545,0.15894305010267157,1775105093.029092,5,C:\Users\PC\Desktop\RGMC_2026\RGMC\RGMC\data\map\robot29\images\0787.png,C:\Users\PC\Desktop\RGMC_2026\RGMC\RGMC\data\map\robot29\overlays\0787_overlay.png,C:\Users\PC\Desktop\RGMC_2026\RGMC\RGMC\data\map\robot29\masks\0787_mask.png
788,0.09281249999999999,0.7215625,300.55891472868217,65.89761354888375,1,0.0,0.11415698350301173,0.09080137423384188,1775105105.3770833,5,C:\Users\PC\Desktop\RGMC_2026\RGMC\RGMC\data\map\robot29\images\0788.png,C:\Users\PC\Desktop\RGMC_2026\RGMC\RGMC\data\map\robot29\overlays\0788_overlay.png,C:\Users\PC\Desktop\RGMC_2026\RGMC\RGMC\data\map\robot29\masks\0788_mask.png
789,0.061875,0.7215625,300.8355754857997,51.99551569506726,1,0.0,0.09971922324546248,0.1553048018083243,1775105117.3269784,5,C:\Users\PC\Desktop\RGMC_2026\RGMC\RGMC\data\map\robot29\images\0789.png,C:\Users\PC\Desktop\RGMC_2026\RGMC\RGMC\data\map\robot29\overlays\0789_overlay.png,C:\Users\PC\Desktop\RGMC_2026\RGMC\RGMC\data\map\robot29\masks\0789_mask.png
790,0.0309375,0.7215625,300.92105263157896,37.76292760540971,1,0.0,0.3545364305621631,0.06531003036684996,1775105129.2929528,5,C:\Users\PC\Desktop\RGMC_2026\RGMC\RGMC\data\map\robot29\images\0790.png,C:\Users\PC\Desktop\RGMC_2026\RGMC\RGMC\data\map\robot29\overlays\0790_overlay.png,C:\Users\PC\Desktop\RGMC_2026\RGMC\RGMC\data\map\robot29\masks\0790_mask.png
791,0.0,0.7215625,301.0,23.93106119287374,1,0.0,0.1120619208135606,0.11626974606163214,1775105140.6482992,5,C:\Users\PC\Desktop\RGMC_2026\RGMC\RGMC\data\map\robot29\images\0791.png,C:\Users\PC\Desktop\RGMC_2026\RGMC\RGMC\data\map\robot29\overlays\0791_overlay.png,C:\Users\PC\Desktop\RGMC_2026\RGMC\RGMC\data\map\robot29\masks\0791_mask.png
792,0.0,0.7525,287.36414342629485,23.564122738001572,1,0.0,0.02207026976059682,0.05482055702857015,1775105152.1259038,5,C:\Users\PC\Desktop\RGMC_2026\RGMC\RGMC\data\map\robot29\images\0792.png,C:\Users\PC\Desktop\RGMC_2026\RGMC\RGMC\data\map\robot29\overlays\0792_overlay.png,C:\Users\PC\Desktop\RGMC_2026\RGMC\RGMC\data\map\robot29\masks\0792_mask.png
793,0.0309375,0.7525,286.70840064620353,37.48546042003231,1,0.0,0.05975711405908827,0.07193735490912827,1775105163.400973,5,C:\Users\PC\Desktop\RGMC_2026\RGMC\RGMC\data\map\robot29\images\0793.png,C:\Users\PC\Desktop\RGMC_2026\RGMC\RGMC\data\map\robot29\overlays\0793_overlay.png,C:\Users\PC\Desktop\RGMC_2026\RGMC\RGMC\data\map\robot29\masks\0793_mask.png
794,0.061875,0.7525,287.0650277557494,51.18556701030928,1,0.0,0.05532765509183754,0.07775589519708781,1775105175.3843057,5,C:\Users\PC\Desktop\RGMC_2026\RGMC\RGMC\data\map\robot29\images\0794.png,C:\Users\PC\Desktop\RGMC_2026\RGMC\RGMC\data\map\robot29\overlays\0794_overlay.png,C:\Users\PC\Desktop\RGMC_2026\RGMC\RGMC\data\map\robot29\masks\0794_mask.png
795,0.09281249999999999,0.7525,285.77302873986736,64.94871794871794,1,0.0,0.5000676212394599,0.12665405934730434,1775105186.868696,5,C:\Users\PC\Desktop\RGMC_2026\RGMC\RGMC\data\map\robot29\images\0795.png,C:\Users\PC\Desktop\RGMC_2026\RGMC\RGMC\data\map\robot29\overlays\0795_overlay.png,C:\Users\PC\Desktop\RGMC_2026\RGMC\RGMC\data\map\robot29\masks\0795_mask.png
796,0.12375,0.7525,286.81611893583727,79.0320813771518,1,0.0,0.08520270422132233,0.2005499746810909,1775105199.0045922,5,C:\Users\PC\Desktop\RGMC_2026\RGMC\RGMC\data\map\robot29\images\0796.png,C:\Users\PC\Desktop\RGMC_2026\RGMC\RGMC\data\map\robot29\overlays\0796_overlay.png,C:\Users\PC\Desktop\RGMC_2026\RGMC\RGMC\data\map\robot29\masks\0796_mask.png
797,0.1546875,0.7525,287.08482871125614,92.86296900489397,1,0.0,0.5550664131964745,0.12980172296700798,1775105211.53137,5,C:\Users\PC\Desktop\RGMC_2026\RGMC\RGMC\data\map\robot29\images\0797.png,C:\Users\PC\Desktop\RGMC_2026\RGMC\RGMC\data\map\robot29\overlays\0797_overlay.png,C:\Users\PC\Desktop\RGMC_2026\RGMC\RGMC\data\map\robot29\masks\0797_mask.png
798,0.18562499999999998,0.7525,286.00455235204856,106.56567957479119,1,0.0,0.05499263323781506,0.046302639074516885,1775105224.1176138,5,C:\Users\PC\Desktop\RGMC_2026\RGMC\RGMC\data\map\robot29\images\0798.png,C:\Users\PC\Desktop\RGMC_2026\RGMC\RGMC\data\map\robot29\overlays\0798_overlay.png,C:\Users\PC\Desktop\RGMC_2026\RGMC\RGMC\data\map\robot29\masks\0798_mask.png
799,0.2165625,0.7525,285.9371688115064,119.98572501878287,1,0.0,0.035082411154562246,0.10624050736515188,1775105237.0096211,5,C:\Users\PC\Desktop\RGMC_2026\RGMC\RGMC\data\map\robot29\images\0799.png,C:\Users\PC\Desktop\RGMC_2026\RGMC\RGMC\data\map\robot29\overlays\0799_overlay.png,C:\Users\PC\Desktop\RGMC_2026\RGMC\RGMC\data\map\robot29\masks\0799_mask.png
800,0.2475,0.7525,286.98949070331446,133.7988782051282,1,0.0,0.35530040971837107,0.06696676540591813,1775105248.7008264,5,C:\Users\PC\Desktop\RGMC_2026\RGMC\RGMC\data\map\robot29\images\0800.png,C:\Users\PC\Desktop\RGMC_2026\RGMC\RGMC\data\map\robot29\overlays\0800_overlay.png,C:\Users\PC\Desktop\RGMC_2026\RGMC\RGMC\data\map\robot29\masks\0800_mask.png
801,0.2784375,0.7525,286.97545526524146,147.17260490894697,1,0.0,0.027330783125809482,0.03945535606163284,1775105260.9004881,5,C:\Users\PC\Desktop\RGMC_2026\RGMC\RGMC\data\map\robot29\images\0801.png,C:\Users\PC\Desktop\RGMC_2026\RGMC\RGMC\data\map\robot29\overlays\0801_overlay.png,C:\Users\PC\Desktop\RGMC_2026\RGMC\RGMC\data\map\robot29\masks\0801_mask.png
802,0.309375,0.7525,286.9733542319749,160.608934169279,1,0.0,0.06172161820342318,0.37395080569444134,1775105273.5859213,5,C:\Users\PC\Desktop\RGMC_2026\RGMC\RGMC\data\map\robot29\images\0802.png,C:\Users\PC\Desktop\RGMC_2026\RGMC\RGMC\data\map\robot29\overlays\0802_overlay.png,C:\Users\PC\Desktop\RGMC_2026\RGMC\RGMC\data\map\robot29\masks\0802_mask.png
803,0.3403125,0.7525,287.1405750798722,174.5595238095238,1,0.0,0.08994854430331553,0.16972640685307955,1775105285.8590548,5,C:\Users\PC\Desktop\RGMC_2026\RGMC\RGMC\data\map\robot29\images\0803.png,C:\Users\PC\Desktop\RGMC_2026\RGMC\RGMC\data\map\robot29\overlays\0803_overlay.png,C:\Users\PC\Desktop\RGMC_2026\RGMC\RGMC\data\map\robot29\masks\0803_mask.png
804,0.37124999999999997,0.7525,287.1081712062257,187.83346303501946,1,0.0,0.2314967426308686,0.045365892163228186,1775105298.0556874,5,C:\Users\PC\Desktop\RGMC_2026\RGMC\RGMC\data\map\robot29\images\0804.png,C:\Users\PC\Desktop\RGMC_2026\RGMC\RGMC\data\map\robot29\overlays\0804_overlay.png,C:\Users\PC\Desktop\RGMC_2026\RGMC\RGMC\data\map\robot29\masks\0804_mask.png
805,0.4021875,0.7525,286.6849960722702,201.60596546310833,1,0.0,0.031365534790621215,0.07000557679428766,1775105310.3775165,5,C:\Users\PC\Desktop\RGMC_2026\RGMC\RGMC\data\map\robot29\images\0805.png,C:\Users\PC\Desktop\RGMC_2026\RGMC\RGMC\data\map\robot29\overlays\0805_overlay.png,C:\Users\PC\Desktop\RGMC_2026\RGMC\RGMC\data\map\robot29\masks\0805_mask.png
806,0.433125,0.7525,287.1593851132686,215.23306451612902,1,0.0,0.037154098333797514,0.04000952587038763,1775105323.3470623,5,C:\Users\PC\Desktop\RGMC_2026\RGMC\RGMC\data\map\robot29\images\0806.png,C:\Users\PC\Desktop\RGMC_2026\RGMC\RGMC\data\map\robot29\overlays\0806_overlay.png,C:\Users\PC\Desktop\RGMC_2026\RGMC\RGMC\data\map\robot29\masks\0806_mask.png
807,0.4640625,0.7525,286.93760399334445,229.19590163934427,1,0.0,0.07505711798493868,0.07995983060767844,1775105334.7794118,5,C:\Users\PC\Desktop\RGMC_2026\RGMC\RGMC\data\map\robot29\images\0807.png,C:\Users\PC\Desktop\RGMC_2026\RGMC\RGMC\data\map\robot29\overlays\0807_overlay.png,C:\Users\PC\Desktop\RGMC_2026\RGMC\RGMC\data\map\robot29\masks\0807_mask.png
808,0.495,0.7525,286.90415019762844,238.91699604743084,1,0.0,0.11589129335963297,1.39288911920662,1775105347.2910423,5,C:\Users\PC\Desktop\RGMC_2026\RGMC\RGMC\data\map\robot29\images\0808.png,C:\Users\PC\Desktop\RGMC_2026\RGMC\RGMC\data\map\robot29\overlays\0808_overlay.png,C:\Users\PC\Desktop\RGMC_2026\RGMC\RGMC\data\map\robot29\masks\0808_mask.png
809,0.5259375,0.7525,286.5641627543036,255.81031746031746,1,0.0,0.04510602372738684,0.05796247883014225,1775105361.2208996,5,C:\Users\PC\Desktop\RGMC_2026\RGMC\RGMC\data\map\robot29\images\0809.png,C:\Users\PC\Desktop\RGMC_2026\RGMC\RGMC\data\map\robot29\overlays\0809_overlay.png,C:\Users\PC\Desktop\RGMC_2026\RGMC\RGMC\data\map\robot29\masks\0809_mask.png
810,0.556875,0.7525,286.94211409395973,269.71287940935196,1,0.0,0.0330899594916192,0.039453858184848145,1775105373.6197803,5,C:\Users\PC\Desktop\RGMC_2026\RGMC\RGMC\data\map\robot29\images\0810.png,C:\Users\PC\Desktop\RGMC_2026\RGMC\RGMC\data\map\robot29\overlays\0810_overlay.png,C:\Users\PC\Desktop\RGMC_2026\RGMC\RGMC\data\map\robot29\masks\0810_mask.png
811,0.5878125,0.7525,286.86495176848877,283.10556003223206,1,0.0,0.04093819225061053,0.05595844283006068,1775105386.1756988,5,C:\Users\PC\Desktop\RGMC_2026\RGMC\RGMC\data\map\robot29\images\0811.png,C:\Users\PC\Desktop\RGMC_2026\RGMC\RGMC\data\map\robot29\overlays\0811_overlay.png,C:\Users\PC\Desktop\RGMC_2026\RGMC\RGMC\data\map\robot29\masks\0811_mask.png
812,0.61875,0.7525,286.7830342577488,297.5460472697637,1,0.0,0.29090487914481755,0.05432346134607589,1775105398.8378763,5,C:\Users\PC\Desktop\RGMC_2026\RGMC\RGMC\data\map\robot29\images\0812.png,C:\Users\PC\Desktop\RGMC_2026\RGMC\RGMC\data\map\robot29\overlays\0812_overlay.png,C:\Users\PC\Desktop\RGMC_2026\RGMC\RGMC\data\map\robot29\masks\0812_mask.png
813,0.6496875,0.7525,286.6095089633671,311.5171073094868,1,0.0,0.025379948085508156,0.056723827835026955,1775105410.0750804,5,C:\Users\PC\Desktop\RGMC_2026\RGMC\RGMC\data\map\robot29\images\0813.png,C:\Users\PC\Desktop\RGMC_2026\RGMC\RGMC\data\map\robot29\overlays\0813_overlay.png,C:\Users\PC\Desktop\RGMC_2026\RGMC\RGMC\data\map\robot29\masks\0813_mask.png
814,0.680625,0.7525,286.51612903225805,324.97427385892115,1,0.0,0.06542917796376768,0.14934311777414258,1775105422.2326574,5,C:\Users\PC\Desktop\RGMC_2026\RGMC\RGMC\data\map\robot29\images\0814.png,C:\Users\PC\Desktop\RGMC_2026\RGMC\RGMC\data\map\robot29\overlays\0814_overlay.png,C:\Users\PC\Desktop\RGMC_2026\RGMC\RGMC\data\map\robot29\masks\0814_mask.png
815,0.7115625,0.7525,286.7336,338.5776,1,0.0,0.03579581017291454,0.044827243474477314,1775105433.173938,5,C:\Users\PC\Desktop\RGMC_2026\RGMC\RGMC\data\map\robot29\images\0815.png,C:\Users\PC\Desktop\RGMC_2026\RGMC\RGMC\data\map\robot29\overlays\0815_overlay.png,C:\Users\PC\Desktop\RGMC_2026\RGMC\RGMC\data\map\robot29\masks\0815_mask.png
816,0.7424999999999999,0.7525,285.8757396449704,351.25359256128485,1,0.0,0.16205812933698965,0.11523880433202816,1775105443.641025,5,C:\Users\PC\Desktop\RGMC_2026\RGMC\RGMC\data\map\robot29\images\0816.png,C:\Users\PC\Desktop\RGMC_2026\RGMC\RGMC\data\map\robot29\overlays\0816_overlay.png,C:\Users\PC\Desktop\RGMC_2026\RGMC\RGMC\data\map\robot29\masks\0816_mask.png
817,0.7734375,0.7525,286.51411462788707,365.3293413173653,1,0.0,0.010958022864581309,0.012616191535824304,1775105453.7967443,5,C:\Users\PC\Desktop\RGMC_2026\RGMC\RGMC\data\map\robot29\images\0817.png,C:\Users\PC\Desktop\RGMC_2026\RGMC\RGMC\data\map\robot29\overlays\0817_overlay.png,C:\Users\PC\Desktop\RGMC_2026\RGMC\RGMC\data\map\robot29\masks\0817_mask.png
818,0.804375,0.7525,285.6521739130435,379.146529562982,1,0.0,0.02705941158546693,0.05635825892179763,1775105463.955295,5,C:\Users\PC\Desktop\RGMC_2026\RGMC\RGMC\data\map\robot29\images\0818.png,C:\Users\PC\Desktop\RGMC_2026\RGMC\RGMC\data\map\robot29\overlays\0818_overlay.png,C:\Users\PC\Desktop\RGMC_2026\RGMC\RGMC\data\map\robot29\masks\0818_mask.png
819,0.8353125,0.7525,285.9272869429242,393.9744408945687,1,0.0,0.28870882462827907,0.3318645210572797,1775105474.4816563,5,C:\Users\PC\Desktop\RGMC_2026\RGMC\RGMC\data\map\robot29\images\0819.png,C:\Users\PC\Desktop\RGMC_2026\RGMC\RGMC\data\map\robot29\overlays\0819_overlay.png,C:\Users\PC\Desktop\RGMC_2026\RGMC\RGMC\data\map\robot29\masks\0819_mask.png
820,0.86625,0.7525,286.05897009966776,406.573566084788,1,0.0,0.0416792518830876,0.057609534753809435,1775105486.7242572,5,C:\Users\PC\Desktop\RGMC_2026\RGMC\RGMC\data\map\robot29\images\0820.png,C:\Users\PC\Desktop\RGMC_2026\RGMC\RGMC\data\map\robot29\overlays\0820_overlay.png,C:\Users\PC\Desktop\RGMC_2026\RGMC\RGMC\data\map\robot29\masks\0820_mask.png
821,0.8971875,0.7525,286.05183946488296,419.72527472527474,1,0.0,0.053539659958510434,0.05652039620530591,1775105507.268141,5,C:\Users\PC\Desktop\RGMC_2026\RGMC\RGMC\data\map\robot29\images\0821.png,C:\Users\PC\Desktop\RGMC_2026\RGMC\RGMC\data\map\robot29\overlays\0821_overlay.png,C:\Users\PC\Desktop\RGMC_2026\RGMC\RGMC\data\map\robot29\masks\0821_mask.png
822,0.928125,0.7525,286.30348258706465,433.789519650655,1,0.0,0.34282563731218674,0.15444894738215564,1775105528.2923343,5,C:\Users\PC\Desktop\RGMC_2026\RGMC\RGMC\data\map\robot29\images\0822.png,C:\Users\PC\Desktop\RGMC_2026\RGMC\RGMC\data\map\robot29\overlays\0822_overlay.png,C:\Users\PC\Desktop\RGMC_2026\RGMC\RGMC\data\map\robot29\masks\0822_mask.png
823,0.9590625,0.7525,286.14466403162055,447.95906902086676,1,0.0,0.36079250910389044,0.07066141483735269,1775105547.7949862,5,C:\Users\PC\Desktop\RGMC_2026\RGMC\RGMC\data\map\robot29\images\0823.png,C:\Users\PC\Desktop\RGMC_2026\RGMC\RGMC\data\map\robot29\overlays\0823_overlay.png,C:\Users\PC\Desktop\RGMC_2026\RGMC\RGMC\data\map\robot29\masks\0823_mask.png
824,0.99,0.7525,286.15017985611513,460.3854447439353,1,0.0,0.010725543679287151,0.0329139433034561,1775105563.9345996,5,C:\Users\PC\Desktop\RGMC_2026\RGMC\RGMC\data\map\robot29\images\0824.png,C:\Users\PC\Desktop\RGMC_2026\RGMC\RGMC\data\map\robot29\overlays\0824_overlay.png,C:\Users\PC\Desktop\RGMC_2026\RGMC\RGMC\data\map\robot29\masks\0824_mask.png
825,0.99,0.7834375,271.92543859649123,460.6771378708552,1,0.0,0.033892118278320775,0.06193413143310565,1775105585.2695606,5,C:\Users\PC\Desktop\RGMC_2026\RGMC\RGMC\data\map\robot29\images\0825.png,C:\Users\PC\Desktop\RGMC_2026\RGMC\RGMC\data\map\robot29\overlays\0825_overlay.png,C:\Users\PC\Desktop\RGMC_2026\RGMC\RGMC\data\map\robot29\masks\0825_mask.png
826,0.9590625,0.7834375,271.26127527216175,448.46542346542344,1,0.0,0.07827833762144883,0.06542597921782378,1775105606.474375,5,C:\Users\PC\Desktop\RGMC_2026\RGMC\RGMC\data\map\robot29\images\0826.png,C:\Users\PC\Desktop\RGMC_2026\RGMC\RGMC\data\map\robot29\overlays\0826_overlay.png,C:\Users\PC\Desktop\RGMC_2026\RGMC\RGMC\data\map\robot29\masks\0826_mask.png
827,0.928125,0.7834375,271.5316045380875,434.5408906882591,1,0.0,0.027353596186709555,0.043474363792311774,1775105617.2139587,5,C:\Users\PC\Desktop\RGMC_2026\RGMC\RGMC\data\map\robot29\images\0827.png,C:\Users\PC\Desktop\RGMC_2026\RGMC\RGMC\data\map\robot29\overlays\0827_overlay.png,C:\Users\PC\Desktop\RGMC_2026\RGMC\RGMC\data\map\robot29\masks\0827_mask.png
828,0.8971875,0.7834375,271.410970464135,421.30442176870747,1,0.0,0.06413873980427931,0.06388022966755777,1775105628.4222486,5,C:\Users\PC\Desktop\RGMC_2026\RGMC\RGMC\data\map\robot29\images\0828.png,C:\Users\PC\Desktop\RGMC_2026\RGMC\RGMC\data\map\robot29\overlays\0828_overlay.png,C:\Users\PC\Desktop\RGMC_2026\RGMC\RGMC\data\map\robot29\masks\0828_mask.png
829,0.86625,0.7834375,271.27530364372467,407.0391836734694,1,0.0,0.048638912813974956,0.09394880359688197,1775105639.3542776,5,C:\Users\PC\Desktop\RGMC_2026\RGMC\RGMC\data\map\robot29\images\0829.png,C:\Users\PC\Desktop\RGMC_2026\RGMC\RGMC\data\map\robot29\overlays\0829_overlay.png,C:\Users\PC\Desktop\RGMC_2026\RGMC\RGMC\data\map\robot29\masks\0829_mask.png
830,0.8353125,0.7834375,271.48693586698334,394.30071599045345,1,0.0,0.0601453936282907,0.02706648347679924,1775105650.8152444,5,C:\Users\PC\Desktop\RGMC_2026\RGMC\RGMC\data\map\robot29\images\0830.png,C:\Users\PC\Desktop\RGMC_2026\RGMC\RGMC\data\map\robot29\overlays\0830_overlay.png,C:\Users\PC\Desktop\RGMC_2026\RGMC\RGMC\data\map\robot29\masks\0830_mask.png
831,0.804375,0.7834375,271.4330958036421,380.26745098039214,1,0.0,0.0806787226201012,0.05556280634026367,1775105661.853233,5,C:\Users\PC\Desktop\RGMC_2026\RGMC\RGMC\data\map\robot29\images\0831.png,C:\Users\PC\Desktop\RGMC_2026\RGMC\RGMC\data\map\robot29\overlays\0831_overlay.png,C:\Users\PC\Desktop\RGMC_2026\RGMC\RGMC\data\map\robot29\masks\0831_mask.png
832,0.7734375,0.7834375,272.1188694929343,366.0,1,0.0,0.04295645395224532,0.033281925718428924,1775105673.447694,5,C:\Users\PC\Desktop\RGMC_2026\RGMC\RGMC\data\map\robot29\images\0832.png,C:\Users\PC\Desktop\RGMC_2026\RGMC\RGMC\data\map\robot29\overlays\0832_overlay.png,C:\Users\PC\Desktop\RGMC_2026\RGMC\RGMC\data\map\robot29\masks\0832_mask.png
833,0.7424999999999999,0.7834375,272.21147540983605,352.35650040883075,1,0.0,0.06558276638872056,0.05884456770920284,1775105685.6078367,5,C:\Users\PC\Desktop\RGMC_2026\RGMC\RGMC\data\map\robot29\images\0833.png,C:\Users\PC\Desktop\RGMC_2026\RGMC\RGMC\data\map\robot29\overlays\0833_overlay.png,C:\Users\PC\Desktop\RGMC_2026\RGMC\RGMC\data\map\robot29\masks\0833_mask.png
834,0.7115625,0.7834375,271.9404567699837,338.85597381342063,1,0.0,0.025486300117919216,0.13615144999812745,1775105697.1025698,5,C:\Users\PC\Desktop\RGMC_2026\RGMC\RGMC\data\map\robot29\images\0834.png,C:\Users\PC\Desktop\RGMC_2026\RGMC\RGMC\data\map\robot29\overlays\0834_overlay.png,C:\Users\PC\Desktop\RGMC_2026\RGMC\RGMC\data\map\robot29\masks\0834_mask.png
835,0.680625,0.7834375,271.90555095277546,325.401646090535,1,0.0,0.06167402633796457,0.03686220701561835,1775105707.9677918,5,C:\Users\PC\Desktop\RGMC_2026\RGMC\RGMC\data\map\robot29\images\0835.png,C:\Users\PC\Desktop\RGMC_2026\RGMC\RGMC\data\map\robot29\overlays\0835_overlay.png,C:\Users\PC\Desktop\RGMC_2026\RGMC\RGMC\data\map\robot29\masks\0835_mask.png
836,0.6496875,0.7834375,271.55915721231764,311.65964343598057,1,0.0,0.0757582004981874,0.061427152998744246,1775105719.9214005,5,C:\Users\PC\Desktop\RGMC_2026\RGMC\RGMC\data\map\robot29\images\0836.png,C:\Users\PC\Desktop\RGMC_2026\RGMC\RGMC\data\map\robot29\overlays\0836_overlay.png,C:\Users\PC\Desktop\RGMC_2026\RGMC\RGMC\data\map\robot29\masks\0836_mask.png
837,0.61875,0.7834375,271.71297836938436,297.9860655737705,1,0.0,0.10066391612389754,0.0584969520544188,1775105732.003451,5,C:\Users\PC\Desktop\RGMC_2026\RGMC\RGMC\data\map\robot29\images\0837.png,C:\Users\PC\Desktop\RGMC_2026\RGMC\RGMC\data\map\robot29\overlays\0837_overlay.png,C:\Users\PC\Desktop\RGMC_2026\RGMC\RGMC\data\map\robot29\masks\0837_mask.png
838,0.5878125,0.7834375,271.9797033567525,284.04296875,1,0.0,0.04317787695475407,0.03020389101245393,1775105743.3622365,5,C:\Users\PC\Desktop\RGMC_2026\RGMC\RGMC\data\map\robot29\images\0838.png,C:\Users\PC\Desktop\RGMC_2026\RGMC\RGMC\data\map\robot29\overlays\0838_overlay.png,C:\Users\PC\Desktop\RGMC_2026\RGMC\RGMC\data\map\robot29\masks\0838_mask.png
839,0.556875,0.7834375,272.12561983471073,269.78300330033005,1,0.0,0.11985701412632753,0.05980414059273531,1775105754.1647298,5,C:\Users\PC\Desktop\RGMC_2026\RGMC\RGMC\data\map\robot29\images\0839.png,C:\Users\PC\Desktop\RGMC_2026\RGMC\RGMC\data\map\robot29\overlays\0839_overlay.png,C:\Users\PC\Desktop\RGMC_2026\RGMC\RGMC\data\map\robot29\masks\0839_mask.png
840,0.5259375,0.7834375,271.5671768707483,255.68962585034015,1,0.0,0.18691677905209175,0.38692936284720947,1775105766.5093825,5,C:\Users\PC\Desktop\RGMC_2026\RGMC\RGMC\data\map\robot29\images\0840.png,C:\Users\PC\Desktop\RGMC_2026\RGMC\RGMC\data\map\robot29\overlays\0840_overlay.png,C:\Users\PC\Desktop\RGMC_2026\RGMC\RGMC\data\map\robot29\masks\0840_mask.png
841,0.495,0.7834375,272.2732394366197,234.65602322206095,1,0.0,0.1362363997820608,0.07335611372678423,1775105778.452492,5,C:\Users\PC\Desktop\RGMC_2026\RGMC\RGMC\data\map\robot29\images\0841.png,C:\Users\PC\Desktop\RGMC_2026\RGMC\RGMC\data\map\robot29\overlays\0841_overlay.png,C:\Users\PC\Desktop\RGMC_2026\RGMC\RGMC\data\map\robot29\masks\0841_mask.png
842,0.4640625,0.7834375,272.1202635914333,229.30915086562243,1,0.0,0.036916139252569466,0.04376783425290231,1775105789.8634958,5,C:\Users\PC\Desktop\RGMC_2026\RGMC\RGMC\data\map\robot29\images\0842.png,C:\Users\PC\Desktop\RGMC_2026\RGMC\RGMC\data\map\robot29\overlays\0842_overlay.png,C:\Users\PC\Desktop\RGMC_2026\RGMC\RGMC\data\map\robot29\masks\0842_mask.png
843,0.433125,0.7834375,272.45607028753994,215.43222308288148,1,0.0,0.1669526164607093,0.10108210790530384,1775105801.6612234,5,C:\Users\PC\Desktop\RGMC_2026\RGMC\RGMC\data\map\robot29\images\0843.png,C:\Users\PC\Desktop\RGMC_2026\RGMC\RGMC\data\map\robot29\overlays\0843_overlay.png,C:\Users\PC\Desktop\RGMC_2026\RGMC\RGMC\data\map\robot29\masks\0843_mask.png
844,0.4021875,0.7834375,272.74919093851133,202.0261437908497,1,0.0,0.082143142637761,0.15167320461075168,1775105815.303684,5,C:\Users\PC\Desktop\RGMC_2026\RGMC\RGMC\data\map\robot29\images\0844.png,C:\Users\PC\Desktop\RGMC_2026\RGMC\RGMC\data\map\robot29\overlays\0844_overlay.png,C:\Users\PC\Desktop\RGMC_2026\RGMC\RGMC\data\map\robot29\masks\0844_mask.png
845,0.37124999999999997,0.7834375,272.5113636363636,188.83649289099526,1,0.0,0.2751814669203885,0.0659772064583838,1775105827.9489248,5,C:\Users\PC\Desktop\RGMC_2026\RGMC\RGMC\data\map\robot29\images\0845.png,C:\Users\PC\Desktop\RGMC_2026\RGMC\RGMC\data\map\robot29\overlays\0845_overlay.png,C:\Users\PC\Desktop\RGMC_2026\RGMC\RGMC\data\map\robot29\masks\0845_mask.png
846,0.3403125,0.7834375,272.78504672897196,174.5127807900852,1,0.0,0.15916237547371626,0.03726048788005579,1775105840.1785047,5,C:\Users\PC\Desktop\RGMC_2026\RGMC\RGMC\data\map\robot29\images\0846.png,C:\Users\PC\Desktop\RGMC_2026\RGMC\RGMC\data\map\robot29\overlays\0846_overlay.png,C:\Users\PC\Desktop\RGMC_2026\RGMC\RGMC\data\map\robot29\masks\0846_mask.png
847,0.309375,0.7834375,272.68174603174606,161.49283439490446,1,0.0,0.08432572037314895,0.05460059289549782,1775105852.656775,5,C:\Users\PC\Desktop\RGMC_2026\RGMC\RGMC\data\map\robot29\images\0847.png,C:\Users\PC\Desktop\RGMC_2026\RGMC\RGMC\data\map\robot29\overlays\0847_overlay.png,C:\Users\PC\Desktop\RGMC_2026\RGMC\RGMC\data\map\robot29\masks\0847_mask.png
848,0.2784375,0.7834375,273.23111782477343,148.46729708431837,1,0.0,0.06535863600610357,0.28325636398248977,1775105864.2971961,5,C:\Users\PC\Desktop\RGMC_2026\RGMC\RGMC\data\map\robot29\images\0848.png,C:\Users\PC\Desktop\RGMC_2026\RGMC\RGMC\data\map\robot29\overlays\0848_overlay.png,C:\Users\PC\Desktop\RGMC_2026\RGMC\RGMC\data\map\robot29\masks\0848_mask.png
849,0.2475,0.7834375,272.9579698651864,133.85408406026963,1,0.0,0.05729019647121719,0.039532679614762804,1775105877.1204042,5,C:\Users\PC\Desktop\RGMC_2026\RGMC\RGMC\data\map\robot29\images\0849.png,C:\Users\PC\Desktop\RGMC_2026\RGMC\RGMC\data\map\robot29\overlays\0849_overlay.png,C:\Users\PC\Desktop\RGMC_2026\RGMC\RGMC\data\map\robot29\masks\0849_mask.png
850,0.2165625,0.7834375,272.5911214953271,120.50227272727273,1,0.0,0.026375619677655716,0.38121383212763843,1775105889.2131789,5,C:\Users\PC\Desktop\RGMC_2026\RGMC\RGMC\data\map\robot29\images\0850.png,C:\Users\PC\Desktop\RGMC_2026\RGMC\RGMC\data\map\robot29\overlays\0850_overlay.png,C:\Users\PC\Desktop\RGMC_2026\RGMC\RGMC\data\map\robot29\masks\0850_mask.png
851,0.18562499999999998,0.7834375,272.7037319116527,107.02509505703422,1,0.0,0.030104611449448423,0.06059179246994019,1775105901.3885112,5,C:\Users\PC\Desktop\RGMC_2026\RGMC\RGMC\data\map\robot29\images\0851.png,C:\Users\PC\Desktop\RGMC_2026\RGMC\RGMC\data\map\robot29\overlays\0851_overlay.png,C:\Users\PC\Desktop\RGMC_2026\RGMC\RGMC\data\map\robot29\masks\0851_mask.png
852,0.1546875,0.7834375,272.52170542635656,93.33178654292344,1,0.0,0.10266047980461875,0.07267180707769136,1775105912.9726818,5,C:\Users\PC\Desktop\RGMC_2026\RGMC\RGMC\data\map\robot29\images\0852.png,C:\Users\PC\Desktop\RGMC_2026\RGMC\RGMC\data\map\robot29\overlays\0852_overlay.png,C:\Users\PC\Desktop\RGMC_2026\RGMC\RGMC\data\map\robot29\masks\0852_mask.png
853,0.12375,0.7834375,272.8044943820225,79.40524344569289,1,0.0,0.06323782217626142,0.04998646286589308,1775105924.4198842,5,C:\Users\PC\Desktop\RGMC_2026\RGMC\RGMC\data\map\robot29\images\0853.png,C:\Users\PC\Desktop\RGMC_2026\RGMC\RGMC\data\map\robot29\overlays\0853_overlay.png,C:\Users\PC\Desktop\RGMC_2026\RGMC\RGMC\data\map\robot29\masks\0853_mask.png
854,0.09281249999999999,0.7834375,272.45802098950526,66.11584454409567,1,0.0,0.11765586163105023,0.08959429351256322,1775105936.0020912,5,C:\Users\PC\Desktop\RGMC_2026\RGMC\RGMC\data\map\robot29\images\0854.png,C:\Users\PC\Desktop\RGMC_2026\RGMC\RGMC\data\map\robot29\overlays\0854_overlay.png,C:\Users\PC\Desktop\RGMC_2026\RGMC\RGMC\data\map\robot29\masks\0854_mask.png
855,0.061875,0.7834375,272.7464042392127,51.92036063110443,1,0.0,0.04764033751531276,0.11645478267588617,1775105947.0048652,5,C:\Users\PC\Desktop\RGMC_2026\RGMC\RGMC\data\map\robot29\images\0855.png,C:\Users\PC\Desktop\RGMC_2026\RGMC\RGMC\data\map\robot29\overlays\0855_overlay.png,C:\Users\PC\Desktop\RGMC_2026\RGMC\RGMC\data\map\robot29\masks\0855_mask.png
856,0.0309375,0.7834375,272.7206661619985,37.95045731707317,1,0.0,0.02495158754935452,0.09331244475853964,1775105958.3064206,5,C:\Users\PC\Desktop\RGMC_2026\RGMC\RGMC\data\map\robot29\images\0856.png,C:\Users\PC\Desktop\RGMC_2026\RGMC\RGMC\data\map\robot29\overlays\0856_overlay.png,C:\Users\PC\Desktop\RGMC_2026\RGMC\RGMC\data\map\robot29\masks\0856_mask.png
857,0.0,0.7834375,273.25482625482624,23.836040216550657,1,0.0,0.07552022836562403,0.09635238526315469,1775105970.2484167,5,C:\Users\PC\Desktop\RGMC_2026\RGMC\RGMC\data\map\robot29\images\0857.png,C:\Users\PC\Desktop\RGMC_2026\RGMC\RGMC\data\map\robot29\overlays\0857_overlay.png,C:\Users\PC\Desktop\RGMC_2026\RGMC\RGMC\data\map\robot29\masks\0857_mask.png
858,0.0,0.814375,259.2604577742699,23.44184231069477,1,0.0,0.03787876060005919,0.08696406721527333,1775105980.0854726,5,C:\Users\PC\Desktop\RGMC_2026\RGMC\RGMC\data\map\robot29\images\0858.png,C:\Users\PC\Desktop\RGMC_2026\RGMC\RGMC\data\map\robot29\overlays\0858_overlay.png,C:\Users\PC\Desktop\RGMC_2026\RGMC\RGMC\data\map\robot29\masks\0858_mask.png
859,0.0309375,0.814375,258.82348178137653,37.675303643724696,1,0.0,0.40317588733030874,0.07185592219104714,1775105990.9075444,5,C:\Users\PC\Desktop\RGMC_2026\RGMC\RGMC\data\map\robot29\images\0859.png,C:\Users\PC\Desktop\RGMC_2026\RGMC\RGMC\data\map\robot29\overlays\0859_overlay.png,C:\Users\PC\Desktop\RGMC_2026\RGMC\RGMC\data\map\robot29\masks\0859_mask.png
860,0.061875,0.814375,259.26967213114756,51.174590163934425,1,0.0,0.10214041345259789,0.10708696923442221,1775106004.8100023,5,C:\Users\PC\Desktop\RGMC_2026\RGMC\RGMC\data\map\robot29\images\0860.png,C:\Users\PC\Desktop\RGMC_2026\RGMC\RGMC\data\map\robot29\overlays\0860_overlay.png,C:\Users\PC\Desktop\RGMC_2026\RGMC\RGMC\data\map\robot29\masks\0860_mask.png
861,0.09281249999999999,0.814375,258.297052154195,64.65558912386707,1,0.0,0.06599814968746773,0.04110014840484548,1775106015.8681865,5,C:\Users\PC\Desktop\RGMC_2026\RGMC\RGMC\data\map\robot29\images\0861.png,C:\Users\PC\Desktop\RGMC_2026\RGMC\RGMC\data\map\robot29\overlays\0861_overlay.png,C:\Users\PC\Desktop\RGMC_2026\RGMC\RGMC\data\map\robot29\masks\0861_mask.png
862,0.12375,0.814375,258.30221518987344,78.35546875,1,0.0,0.1347033279235822,0.1192284739356536,1775106027.6543229,5,C:\Users\PC\Desktop\RGMC_2026\RGMC\RGMC\data\map\robot29\images\0862.png,C:\Users\PC\Desktop\RGMC_2026\RGMC\RGMC\data\map\robot29\overlays\0862_overlay.png,C:\Users\PC\Desktop\RGMC_2026\RGMC\RGMC\data\map\robot29\masks\0862_mask.png
863,0.1546875,0.814375,258.15415019762844,92.6403162055336,1,0.0,0.11858396978518737,0.25387287079244336,1775106038.8658473,5,C:\Users\PC\Desktop\RGMC_2026\RGMC\RGMC\data\map\robot29\images\0863.png,C:\Users\PC\Desktop\RGMC_2026\RGMC\RGMC\data\map\robot29\overlays\0863_overlay.png,C:\Users\PC\Desktop\RGMC_2026\RGMC\RGMC\data\map\robot29\masks\0863_mask.png
864,0.18562499999999998,0.814375,259.19901315789474,106.0249396621078,1,0.0,0.3717087617101068,0.10742583207467755,1775106050.8829074,5,C:\Users\PC\Desktop\RGMC_2026\RGMC\RGMC\data\map\robot29\images\0864.png,C:\Users\PC\Desktop\RGMC_2026\RGMC\RGMC\data\map\robot29\overlays\0864_overlay.png,C:\Users\PC\Desktop\RGMC_2026\RGMC\RGMC\data\map\robot29\masks\0864_mask.png
865,0.2165625,0.814375,258.7409733124019,119.07771609833466,1,0.0,0.14742447193602365,0.0419048126769943,1775106062.4595351,5,C:\Users\PC\Desktop\RGMC_2026\RGMC\RGMC\data\map\robot29\images\0865.png,C:\Users\PC\Desktop\RGMC_2026\RGMC\RGMC\data\map\robot29\overlays\0865_overlay.png,C:\Users\PC\Desktop\RGMC_2026\RGMC\RGMC\data\map\robot29\masks\0865_mask.png
866,0.2475,0.814375,259.45552784704904,133.18363939899834,1,0.0,0.025265654269011287,0.06192845238015407,1775106075.802913,5,C:\Users\PC\Desktop\RGMC_2026\RGMC\RGMC\data\map\robot29\images\0866.png,C:\Users\PC\Desktop\RGMC_2026\RGMC\RGMC\data\map\robot29\overlays\0866_overlay.png,C:\Users\PC\Desktop\RGMC_2026\RGMC\RGMC\data\map\robot29\masks\0866_mask.png
867,0.2784375,0.814375,259.45102880658436,146.87284659557014,1,0.0,0.05714834973293943,0.12640501988230177,1775106087.7352524,5,C:\Users\PC\Desktop\RGMC_2026\RGMC\RGMC\data\map\robot29\images\0867.png,C:\Users\PC\Desktop\RGMC_2026\RGMC\RGMC\data\map\robot29\overlays\0867_overlay.png,C:\Users\PC\Desktop\RGMC_2026\RGMC\RGMC\data\map\robot29\masks\0867_mask.png
868,0.309375,0.814375,259.4556213017751,160.9539748953975,1,0.0,0.03558065795953763,0.22164549481949766,1775106100.1385224,5,C:\Users\PC\Desktop\RGMC_2026\RGMC\RGMC\data\map\robot29\images\0868.png,C:\Users\PC\Desktop\RGMC_2026\RGMC\RGMC\data\map\robot29\overlays\0868_overlay.png,C:\Users\PC\Desktop\RGMC_2026\RGMC\RGMC\data\map\robot29\masks\0868_mask.png
869,0.3403125,0.814375,259.0924229808493,174.08139534883722,1,0.0,0.03877042452161573,0.0361787138495737,1775106112.5559642,5,C:\Users\PC\Desktop\RGMC_2026\RGMC\RGMC\data\map\robot29\images\0869.png,C:\Users\PC\Desktop\RGMC_2026\RGMC\RGMC\data\map\robot29\overlays\0869_overlay.png,C:\Users\PC\Desktop\RGMC_2026\RGMC\RGMC\data\map\robot29\masks\0869_mask.png
870,0.37124999999999997,0.814375,259.4855072463768,187.7066772655008,1,0.0,0.045088231664204864,0.12096613537185226,1775106124.2371314,5,C:\Users\PC\Desktop\RGMC_2026\RGMC\RGMC\data\map\robot29\images\0870.png,C:\Users\PC\Desktop\RGMC_2026\RGMC\RGMC\data\map\robot29\overlays\0870_overlay.png,C:\Users\PC\Desktop\RGMC_2026\RGMC\RGMC\data\map\robot29\masks\0870_mask.png
871,0.4021875,0.814375,259.09144295302013,201.5594179466451,1,0.0,0.2460541445374525,0.025394956992426148,1775106136.401672,5,C:\Users\PC\Desktop\RGMC_2026\RGMC\RGMC\data\map\robot29\images\0871.png,C:\Users\PC\Desktop\RGMC_2026\RGMC\RGMC\data\map\robot29\overlays\0871_overlay.png,C:\Users\PC\Desktop\RGMC_2026\RGMC\RGMC\data\map\robot29\masks\0871_mask.png
872,0.433125,0.814375,259.7607655502392,215.0332778702163,1,0.0,0.21602254588660127,0.3764711075570377,1775106148.572386,5,C:\Users\PC\Desktop\RGMC_2026\RGMC\RGMC\data\map\robot29\images\0872.png,C:\Users\PC\Desktop\RGMC_2026\RGMC\RGMC\data\map\robot29\overlays\0872_overlay.png,C:\Users\PC\Desktop\RGMC_2026\RGMC\RGMC\data\map\robot29\masks\0872_mask.png
873,0.4640625,0.814375,259.3465020576132,228.4109477124183,1,0.0,0.08348774791869942,0.05688876226480411,1775106160.537545,5,C:\Users\PC\Desktop\RGMC_2026\RGMC\RGMC\data\map\robot29\images\0873.png,C:\Users\PC\Desktop\RGMC_2026\RGMC\RGMC\data\map\robot29\overlays\0873_overlay.png,C:\Users\PC\Desktop\RGMC_2026\RGMC\RGMC\data\map\robot29\masks\0873_mask.png
874,0.495,0.814375,259.53799392097267,234.1280487804878,1,0.0,0.14127146558969203,0.028576179754270653,1775106173.2627873,5,C:\Users\PC\Desktop\RGMC_2026\RGMC\RGMC\data\map\robot29\images\0874.png,C:\Users\PC\Desktop\RGMC_2026\RGMC\RGMC\data\map\robot29\overlays\0874_overlay.png,C:\Users\PC\Desktop\RGMC_2026\RGMC\RGMC\data\map\robot29\masks\0874_mask.png
876,0.556875,0.814375,259.28934426229506,269.89426229508194,1,0.0,0.06319664176470502,0.042616054330892585,1775106197.4567428,5,C:\Users\PC\Desktop\RGMC_2026\RGMC\RGMC\data\map\robot29\images\0876.png,C:\Users\PC\Desktop\RGMC_2026\RGMC\RGMC\data\map\robot29\overlays\0876_overlay.png,C:\Users\PC\Desktop\RGMC_2026\RGMC\RGMC\data\map\robot29\masks\0876_mask.png
877,0.5878125,0.814375,259.1159793814433,283.44776119402985,1,0.0,0.015676114225506833,0.3031436935689945,1775106210.3694549,5,C:\Users\PC\Desktop\RGMC_2026\RGMC\RGMC\data\map\robot29\images\0877.png,C:\Users\PC\Desktop\RGMC_2026\RGMC\RGMC\data\map\robot29\overlays\0877_overlay.png,C:\Users\PC\Desktop\RGMC_2026\RGMC\RGMC\data\map\robot29\masks\0877_mask.png
878,0.61875,0.814375,259.06073211314475,297.0050041701418,1,0.0,0.15889482275776187,0.07595414262822378,1775106222.9396298,5,C:\Users\PC\Desktop\RGMC_2026\RGMC\RGMC\data\map\robot29\images\0878.png,C:\Users\PC\Desktop\RGMC_2026\RGMC\RGMC\data\map\robot29\overlays\0878_overlay.png,C:\Users\PC\Desktop\RGMC_2026\RGMC\RGMC\data\map\robot29\masks\0878_mask.png
879,0.6496875,0.814375,259.28476821192055,310.4846727423364,1,0.0,0.11022377555355967,0.10110959713079455,1775106235.309605,5,C:\Users\PC\Desktop\RGMC_2026\RGMC\RGMC\data\map\robot29\images\0879.png,C:\Users\PC\Desktop\RGMC_2026\RGMC\RGMC\data\map\robot29\overlays\0879_overlay.png,C:\Users\PC\Desktop\RGMC_2026\RGMC\RGMC\data\map\robot29\masks\0879_mask.png
880,0.680625,0.814375,259.1770134228188,324.81040268456377,1,0.0,0.02635130351230741,0.04279850427790563,1775106247.2055967,5,C:\Users\PC\Desktop\RGMC_2026\RGMC\RGMC\data\map\robot29\images\0880.png,C:\Users\PC\Desktop\RGMC_2026\RGMC\RGMC\data\map\robot29\overlays\0880_overlay.png,C:\Users\PC\Desktop\RGMC_2026\RGMC\RGMC\data\map\robot29\masks\0880_mask.png
881,0.7115625,0.814375,259.01483924154985,337.937908496732,1,0.0,0.2615213407617993,0.07620032696462666,1775106258.3209238,5,C:\Users\PC\Desktop\RGMC_2026\RGMC\RGMC\data\map\robot29\images\0881.png,C:\Users\PC\Desktop\RGMC_2026\RGMC\RGMC\data\map\robot29\overlays\0881_overlay.png,C:\Users\PC\Desktop\RGMC_2026\RGMC\RGMC\data\map\robot29\masks\0881_mask.png
882,0.7424999999999999,0.814375,258.41480891719743,351.2722891566265,1,0.0,0.07919471817787774,0.08921714137478798,1775106268.2302368,5,C:\Users\PC\Desktop\RGMC_2026\RGMC\RGMC\data\map\robot29\images\0882.png,C:\Users\PC\Desktop\RGMC_2026\RGMC\RGMC\data\map\robot29\overlays\0882_overlay.png,C:\Users\PC\Desktop\RGMC_2026\RGMC\RGMC\data\map\robot29\masks\0882_mask.png
883,0.7734375,0.814375,258.4365971107544,365.9060995184591,1,0.0,0.19352349179323977,0.08949262064078509,1775106278.1014526,5,C:\Users\PC\Desktop\RGMC_2026\RGMC\RGMC\data\map\robot29\images\0883.png,C:\Users\PC\Desktop\RGMC_2026\RGMC\RGMC\data\map\robot29\overlays\0883_overlay.png,C:\Users\PC\Desktop\RGMC_2026\RGMC\RGMC\data\map\robot29\masks\0883_mask.png
884,0.804375,0.814375,258.2850280224179,379.73858267716537,1,0.0,0.21716776369389396,0.09977579884496458,1775106288.211197,5,C:\Users\PC\Desktop\RGMC_2026\RGMC\RGMC\data\map\robot29\images\0884.png,C:\Users\PC\Desktop\RGMC_2026\RGMC\RGMC\data\map\robot29\overlays\0884_overlay.png,C:\Users\PC\Desktop\RGMC_2026\RGMC\RGMC\data\map\robot29\masks\0884_mask.png
885,0.8353125,0.814375,258.47551867219914,393.18410041841,1,0.0,0.20411640024961117,0.044083007926960745,1775106298.2092814,5,C:\Users\PC\Desktop\RGMC_2026\RGMC\RGMC\data\map\robot29\images\0885.png,C:\Users\PC\Desktop\RGMC_2026\RGMC\RGMC\data\map\robot29\overlays\0885_overlay.png,C:\Users\PC\Desktop\RGMC_2026\RGMC\RGMC\data\map\robot29\masks\0885_mask.png
886,0.86625,0.814375,257.9015212169736,406.6373801916933,1,0.0,0.05554329423834076,0.0897801872233483,1775106308.3945606,5,C:\Users\PC\Desktop\RGMC_2026\RGMC\RGMC\data\map\robot29\images\0886.png,C:\Users\PC\Desktop\RGMC_2026\RGMC\RGMC\data\map\robot29\overlays\0886_overlay.png,C:\Users\PC\Desktop\RGMC_2026\RGMC\RGMC\data\map\robot29\masks\0886_mask.png
887,0.8971875,0.814375,258.7866894197952,420.68968456948,1,0.0,0.01989618068395499,0.044597594320903745,1775106318.170308,5,C:\Users\PC\Desktop\RGMC_2026\RGMC\RGMC\data\map\robot29\images\0887.png,C:\Users\PC\Desktop\RGMC_2026\RGMC\RGMC\data\map\robot29\overlays\0887_overlay.png,C:\Users\PC\Desktop\RGMC_2026\RGMC\RGMC\data\map\robot29\masks\0887_mask.png
888,0.928125,0.814375,258.68063704945513,433.76948868398995,1,0.0,0.03810611208226222,0.08212705880821662,1775106327.8064148,5,C:\Users\PC\Desktop\RGMC_2026\RGMC\RGMC\data\map\robot29\images\0888.png,C:\Users\PC\Desktop\RGMC_2026\RGMC\RGMC\data\map\robot29\overlays\0888_overlay.png,C:\Users\PC\Desktop\RGMC_2026\RGMC\RGMC\data\map\robot29\masks\0888_mask.png
889,0.9590625,0.814375,258.6006415396953,447.8382944489139,1,0.0,0.037603641770443216,0.0893067531889852,1775106338.0279958,5,C:\Users\PC\Desktop\RGMC_2026\RGMC\RGMC\data\map\robot29\images\0889.png,C:\Users\PC\Desktop\RGMC_2026\RGMC\RGMC\data\map\robot29\overlays\0889_overlay.png,C:\Users\PC\Desktop\RGMC_2026\RGMC\RGMC\data\map\robot29\masks\0889_mask.png
890,0.99,0.814375,259.06007067137807,460.56814159292037,1,0.0,0.03321685964258829,0.04383329002890554,1775106349.144724,5,C:\Users\PC\Desktop\RGMC_2026\RGMC\RGMC\data\map\robot29\images\0890.png,C:\Users\PC\Desktop\RGMC_2026\RGMC\RGMC\data\map\robot29\overlays\0890_overlay.png,C:\Users\PC\Desktop\RGMC_2026\RGMC\RGMC\data\map\robot29\masks\0890_mask.png
891,0.99,0.8453125,244.41666666666666,460.72163120567376,1,0.0,0.3467082252755391,0.07884251341464027,1775106359.8274598,5,C:\Users\PC\Desktop\RGMC_2026\RGMC\RGMC\data\map\robot29\images\0891.png,C:\Users\PC\Desktop\RGMC_2026\RGMC\RGMC\data\map\robot29\overlays\0891_overlay.png,C:\Users\PC\Desktop\RGMC_2026\RGMC\RGMC\data\map\robot29\masks\0891_mask.png
892,0.9590625,0.8453125,243.85043069694598,448.31347962382443,1,0.0,0.03289096171824262,0.07152448813968346,1775106370.7026324,5,C:\Users\PC\Desktop\RGMC_2026\RGMC\RGMC\data\map\robot29\images\0892.png,C:\Users\PC\Desktop\RGMC_2026\RGMC\RGMC\data\map\robot29\overlays\0892_overlay.png,C:\Users\PC\Desktop\RGMC_2026\RGMC\RGMC\data\map\robot29\masks\0892_mask.png
893,0.928125,0.8453125,244.06711979609176,434.04749787955893,1,0.0,0.055259623070896956,0.05078746196289408,1775106381.5295389,5,C:\Users\PC\Desktop\RGMC_2026\RGMC\RGMC\data\map\robot29\images\0893.png,C:\Users\PC\Desktop\RGMC_2026\RGMC\RGMC\data\map\robot29\overlays\0893_overlay.png,C:\Users\PC\Desktop\RGMC_2026\RGMC\RGMC\data\map\robot29\masks\0893_mask.png
894,0.8971875,0.8453125,243.82537067545306,420.98473282442745,1,0.0,0.032908564053678785,0.3321885569745949,1775106392.4581811,5,C:\Users\PC\Desktop\RGMC_2026\RGMC\RGMC\data\map\robot29\images\0894.png,C:\Users\PC\Desktop\RGMC_2026\RGMC\RGMC\data\map\robot29\overlays\0894_overlay.png,C:\Users\PC\Desktop\RGMC_2026\RGMC\RGMC\data\map\robot29\masks\0894_mask.png
895,0.86625,0.8453125,243.5508064516129,406.7195809830782,1,0.0,0.022828056902054215,0.02105269992916111,1775106403.650628,5,C:\Users\PC\Desktop\RGMC_2026\RGMC\RGMC\data\map\robot29\images\0895.png,C:\Users\PC\Desktop\RGMC_2026\RGMC\RGMC\data\map\robot29\overlays\0895_overlay.png,C:\Users\PC\Desktop\RGMC_2026\RGMC\RGMC\data\map\robot29\masks\0895_mask.png
896,0.8353125,0.8453125,243.84698097601324,393.4401993355482,1,0.0,0.05644178073502656,0.06160042986001122,1775106415.5578604,5,C:\Users\PC\Desktop\RGMC_2026\RGMC\RGMC\data\map\robot29\images\0896.png,C:\Users\PC\Desktop\RGMC_2026\RGMC\RGMC\data\map\robot29\overlays\0896_overlay.png,C:\Users\PC\Desktop\RGMC_2026\RGMC\RGMC\data\map\robot29\masks\0896_mask.png
897,0.804375,0.8453125,243.7297077922078,379.7057396928052,1,0.0,0.10802943683877018,0.38359034609476067,1775106427.308221,5,C:\Users\PC\Desktop\RGMC_2026\RGMC\RGMC\data\map\robot29\images\0897.png,C:\Users\PC\Desktop\RGMC_2026\RGMC\RGMC\data\map\robot29\overlays\0897_overlay.png,C:\Users\PC\Desktop\RGMC_2026\RGMC\RGMC\data\map\robot29\masks\0897_mask.png
898,0.7734375,0.8453125,243.77461350691618,365.9268887083672,1,0.0,0.04058187619554915,0.047898090516862696,1775106438.1927924,5,C:\Users\PC\Desktop\RGMC_2026\RGMC\RGMC\data\map\robot29\images\0898.png,C:\Users\PC\Desktop\RGMC_2026\RGMC\RGMC\data\map\robot29\overlays\0898_overlay.png,C:\Users\PC\Desktop\RGMC_2026\RGMC\RGMC\data\map\robot29\masks\0898_mask.png
899,0.7424999999999999,0.8453125,244.1810064935065,351.95616883116884,1,0.0,0.06160525832285199,0.3248812408701844,1775106449.5281084,5,C:\Users\PC\Desktop\RGMC_2026\RGMC\RGMC\data\map\robot29\images\0899.png,C:\Users\PC\Desktop\RGMC_2026\RGMC\RGMC\data\map\robot29\overlays\0899_overlay.png,C:\Users\PC\Desktop\RGMC_2026\RGMC\RGMC\data\map\robot29\masks\0899_mask.png
900,0.7115625,0.8453125,244.23349834983497,338.8606557377049,1,0.0,0.11361071510477225,0.08444086110010955,1775106461.0121796,5,C:\Users\PC\Desktop\RGMC_2026\RGMC\RGMC\data\map\robot29\images\0900.png,C:\Users\PC\Desktop\RGMC_2026\RGMC\RGMC\data\map\robot29\overlays\0900_overlay.png,C:\Users\PC\Desktop\RGMC_2026\RGMC\RGMC\data\map\robot29\masks\0900_mask.png
901,0.680625,0.8453125,244.1579391891892,325.29048414023373,1,0.0,0.09919417275008532,0.03254819638956444,1775106473.053935,5,C:\Users\PC\Desktop\RGMC_2026\RGMC\RGMC\data\map\robot29\images\0901.png,C:\Users\PC\Desktop\RGMC_2026\RGMC\RGMC\data\map\robot29\overlays\0901_overlay.png,C:\Users\PC\Desktop\RGMC_2026\RGMC\RGMC\data\map\robot29\masks\0901_mask.png
903,0.61875,0.8453125,244.35080304311074,297.7768385460693,1,0.0,0.17601544353224535,0.1984277627254512,1775106496.535288,5,C:\Users\PC\Desktop\RGMC_2026\RGMC\RGMC\data\map\robot29\images\0903.png,C:\Users\PC\Desktop\RGMC_2026\RGMC\RGMC\data\map\robot29\overlays\0903_overlay.png,C:\Users\PC\Desktop\RGMC_2026\RGMC\RGMC\data\map\robot29\masks\0903_mask.png
904,0.5878125,0.8453125,244.04186795491142,284.3138686131387,1,0.0,0.11559118311820565,0.09573445486587732,1775106509.0402293,5,C:\Users\PC\Desktop\RGMC_2026\RGMC\RGMC\data\map\robot29\images\0904.png,C:\Users\PC\Desktop\RGMC_2026\RGMC\RGMC\data\map\robot29\overlays\0904_overlay.png,C:\Users\PC\Desktop\RGMC_2026\RGMC\RGMC\data\map\robot29\masks\0904_mask.png
907,0.495,0.8453125,245.55775075987842,234.34908536585365,1,0.0,0.18847585089739818,0.03426982114633394,1775106543.7439578,5,C:\Users\PC\Desktop\RGMC_2026\RGMC\RGMC\data\map\robot29\images\0907.png,C:\Users\PC\Desktop\RGMC_2026\RGMC\RGMC\data\map\robot29\overlays\0907_overlay.png,C:\Users\PC\Desktop\RGMC_2026\RGMC\RGMC\data\map\robot29\masks\0907_mask.png
908,0.4640625,0.8453125,245.17073170731706,229.08471615720524,1,0.0,0.0787504374977939,0.045294424120303683,1775106555.6331902,5,C:\Users\PC\Desktop\RGMC_2026\RGMC\RGMC\data\map\robot29\images\0908.png,C:\Users\PC\Desktop\RGMC_2026\RGMC\RGMC\data\map\robot29\overlays\0908_overlay.png,C:\Users\PC\Desktop\RGMC_2026\RGMC\RGMC\data\map\robot29\masks\0908_mask.png
909,0.433125,0.8453125,245.39458086367486,215.06448911222782,1,0.0,0.1911905163145483,0.13559254844338559,1775106566.890815,5,C:\Users\PC\Desktop\RGMC_2026\RGMC\RGMC\data\map\robot29\images\0909.png,C:\Users\PC\Desktop\RGMC_2026\RGMC\RGMC\data\map\robot29\overlays\0909_overlay.png,C:\Users\PC\Desktop\RGMC_2026\RGMC\RGMC\data\map\robot29\masks\0909_mask.png
910,0.4021875,0.8453125,244.73954703832752,201.21048109965636,1,0.0,0.25162187725506263,0.20685043799096117,1775106578.969939,5,C:\Users\PC\Desktop\RGMC_2026\RGMC\RGMC\data\map\robot29\images\0910.png,C:\Users\PC\Desktop\RGMC_2026\RGMC\RGMC\data\map\robot29\overlays\0910_overlay.png,C:\Users\PC\Desktop\RGMC_2026\RGMC\RGMC\data\map\robot29\masks\0910_mask.png
911,0.37124999999999997,0.8453125,245.45709703287892,187.83512841756422,1,0.0,0.28036463427195235,0.10507054495760138,1775106591.1778872,5,C:\Users\PC\Desktop\RGMC_2026\RGMC\RGMC\data\map\robot29\images\0911.png,C:\Users\PC\Desktop\RGMC_2026\RGMC\RGMC\data\map\robot29\overlays\0911_overlay.png,C:\Users\PC\Desktop\RGMC_2026\RGMC\RGMC\data\map\robot29\masks\0911_mask.png
912,0.3403125,0.8453125,245.35725677830942,174.25543916196617,1,0.0,0.0882507999254673,0.06694343382827729,1775106602.6163337,5,C:\Users\PC\Desktop\RGMC_2026\RGMC\RGMC\data\map\robot29\images\0912.png,C:\Users\PC\Desktop\RGMC_2026\RGMC\RGMC\data\map\robot29\overlays\0912_overlay.png,C:\Users\PC\Desktop\RGMC_2026\RGMC\RGMC\data\map\robot29\masks\0912_mask.png
913,0.309375,0.8453125,244.53846153846155,161.04412989175688,1,0.0,0.041551677550775316,0.03301731782768212,1775106613.9867954,5,C:\Users\PC\Desktop\RGMC_2026\RGMC\RGMC\data\map\robot29\images\0913.png,C:\Users\PC\Desktop\RGMC_2026\RGMC\RGMC\data\map\robot29\overlays\0913_overlay.png,C:\Users\PC\Desktop\RGMC_2026\RGMC\RGMC\data\map\robot29\masks\0913_mask.png
914,0.2784375,0.8453125,245.42310821806348,147.06782334384857,1,0.0,0.03514005030757404,0.4066321755215601,1775106626.167142,5,C:\Users\PC\Desktop\RGMC_2026\RGMC\RGMC\data\map\robot29\images\0914.png,C:\Users\PC\Desktop\RGMC_2026\RGMC\RGMC\data\map\robot29\overlays\0914_overlay.png,C:\Users\PC\Desktop\RGMC_2026\RGMC\RGMC\data\map\robot29\masks\0914_mask.png
915,0.2475,0.8453125,245.1873479318735,133.54582319545824,1,0.0,0.05504836016080605,0.04464649723108469,1775106638.364646,5,C:\Users\PC\Desktop\RGMC_2026\RGMC\RGMC\data\map\robot29\images\0915.png,C:\Users\PC\Desktop\RGMC_2026\RGMC\RGMC\data\map\robot29\overlays\0915_overlay.png,C:\Users\PC\Desktop\RGMC_2026\RGMC\RGMC\data\map\robot29\masks\0915_mask.png
916,0.2165625,0.8453125,245.35177865612647,119.31857707509882,1,0.0,0.044287230084286186,0.07508099509476934,1775106649.945809,5,C:\Users\PC\Desktop\RGMC_2026\RGMC\RGMC\data\map\robot29\images\0916.png,C:\Users\PC\Desktop\RGMC_2026\RGMC\RGMC\data\map\robot29\overlays\0916_overlay.png,C:\Users\PC\Desktop\RGMC_2026\RGMC\RGMC\data\map\robot29\masks\0916_mask.png
917,0.18562499999999998,0.8453125,245.494837172359,105.85214626391097,1,0.0,0.060798171740467886,0.11449357060527471,1775106662.5871754,5,C:\Users\PC\Desktop\RGMC_2026\RGMC\RGMC\data\map\robot29\images\0917.png,C:\Users\PC\Desktop\RGMC_2026\RGMC\RGMC\data\map\robot29\overlays\0917_overlay.png,C:\Users\PC\Desktop\RGMC_2026\RGMC\RGMC\data\map\robot29\masks\0917_mask.png
918,0.1546875,0.8453125,245.19179163378058,92.78412698412698,1,0.0,0.018430901106812177,0.06320530784016785,1775106673.5369859,5,C:\Users\PC\Desktop\RGMC_2026\RGMC\RGMC\data\map\robot29\images\0918.png,C:\Users\PC\Desktop\RGMC_2026\RGMC\RGMC\data\map\robot29\overlays\0918_overlay.png,C:\Users\PC\Desktop\RGMC_2026\RGMC\RGMC\data\map\robot29\masks\0918_mask.png
919,0.12375,0.8453125,245.2045813586098,78.5578125,1,0.0,0.014526355305204203,0.04251940023996281,1775106685.0318947,5,C:\Users\PC\Desktop\RGMC_2026\RGMC\RGMC\data\map\robot29\images\0919.png,C:\Users\PC\Desktop\RGMC_2026\RGMC\RGMC\data\map\robot29\overlays\0919_overlay.png,C:\Users\PC\Desktop\RGMC_2026\RGMC\RGMC\data\map\robot29\masks\0919_mask.png
920,0.09281249999999999,0.8453125,245.35669781931463,65.50155763239876,1,0.0,0.023695237765977685,0.020908151713132556,1775106696.4143772,5,C:\Users\PC\Desktop\RGMC_2026\RGMC\RGMC\data\map\robot29\images\0920.png,C:\Users\PC\Desktop\RGMC_2026\RGMC\RGMC\data\map\robot29\overlays\0920_overlay.png,C:\Users\PC\Desktop\RGMC_2026\RGMC\RGMC\data\map\robot29\masks\0920_mask.png
921,0.061875,0.8453125,245.37405159332323,51.4930981595092,1,0.0,0.026629952539339884,0.07712682065091044,1775106706.4517255,5,C:\Users\PC\Desktop\RGMC_2026\RGMC\RGMC\data\map\robot29\images\0921.png,C:\Users\PC\Desktop\RGMC_2026\RGMC\RGMC\data\map\robot29\overlays\0921_overlay.png,C:\Users\PC\Desktop\RGMC_2026\RGMC\RGMC\data\map\robot29\masks\0921_mask.png
922,0.0309375,0.8453125,245.12792511700468,37.844773790951635,1,0.0,0.10484903510054465,0.04833270705966533,1775106716.2191782,5,C:\Users\PC\Desktop\RGMC_2026\RGMC\RGMC\data\map\robot29\images\0922.png,C:\Users\PC\Desktop\RGMC_2026\RGMC\RGMC\data\map\robot29\overlays\0922_overlay.png,C:\Users\PC\Desktop\RGMC_2026\RGMC\RGMC\data\map\robot29\masks\0922_mask.png
923,0.0,0.8453125,245.4852160727824,24.103216155572177,1,0.0,0.06653822359783586,0.09713832329135344,1775106725.9567358,5,C:\Users\PC\Desktop\RGMC_2026\RGMC\RGMC\data\map\robot29\images\0923.png,C:\Users\PC\Desktop\RGMC_2026\RGMC\RGMC\data\map\robot29\overlays\0923_overlay.png,C:\Users\PC\Desktop\RGMC_2026\RGMC\RGMC\data\map\robot29\masks\0923_mask.png
924,0.0,0.87625,232.23853211009174,23.70038314176245,1,0.0,0.014870391144523801,0.07507215401803069,1775106736.3568532,5,C:\Users\PC\Desktop\RGMC_2026\RGMC\RGMC\data\map\robot29\images\0924.png,C:\Users\PC\Desktop\RGMC_2026\RGMC\RGMC\data\map\robot29\overlays\0924_overlay.png,C:\Users\PC\Desktop\RGMC_2026\RGMC\RGMC\data\map\robot29\masks\0924_mask.png
925,0.0309375,0.87625,231.90247801758593,37.263449367088604,1,0.0,0.2825907452760009,0.12171745510745725,1775106747.0434706,5,C:\Users\PC\Desktop\RGMC_2026\RGMC\RGMC\data\map\robot29\images\0925.png,C:\Users\PC\Desktop\RGMC_2026\RGMC\RGMC\data\map\robot29\overlays\0925_overlay.png,C:\Users\PC\Desktop\RGMC_2026\RGMC\RGMC\data\map\robot29\masks\0925_mask.png
926,0.061875,0.87625,231.74781919111817,50.902535657686215,1,0.0,0.05416444671647645,0.01937392854977257,1775106773.4561949,5,C:\Users\PC\Desktop\RGMC_2026\RGMC\RGMC\data\map\robot29\images\0926.png,C:\Users\PC\Desktop\RGMC_2026\RGMC\RGMC\data\map\robot29\overlays\0926_overlay.png,C:\Users\PC\Desktop\RGMC_2026\RGMC\RGMC\data\map\robot29\masks\0926_mask.png
927,0.09281249999999999,0.87625,231.88368462138953,64.53490196078431,1,0.0,0.06374572590734136,0.0665749825355617,1775106790.729939,5,C:\Users\PC\Desktop\RGMC_2026\RGMC\RGMC\data\map\robot29\images\0927.png,C:\Users\PC\Desktop\RGMC_2026\RGMC\RGMC\data\map\robot29\overlays\0927_overlay.png,C:\Users\PC\Desktop\RGMC_2026\RGMC\RGMC\data\map\robot29\masks\0927_mask.png
928,0.12375,0.87625,231.4750613246116,77.63330598851518,1,0.0,0.06509437203478043,0.08785331166195211,1775106804.1506898,5,C:\Users\PC\Desktop\RGMC_2026\RGMC\RGMC\data\map\robot29\images\0928.png,C:\Users\PC\Desktop\RGMC_2026\RGMC\RGMC\data\map\robot29\overlays\0928_overlay.png,C:\Users\PC\Desktop\RGMC_2026\RGMC\RGMC\data\map\robot29\masks\0928_mask.png
929,0.1546875,0.87625,231.89512799339388,92.28,1,0.0,0.047207025701970974,0.10210810544545984,1775106816.5231538,5,C:\Users\PC\Desktop\RGMC_2026\RGMC\RGMC\data\map\robot29\images\0929.png,C:\Users\PC\Desktop\RGMC_2026\RGMC\RGMC\data\map\robot29\overlays\0929_overlay.png,C:\Users\PC\Desktop\RGMC_2026\RGMC\RGMC\data\map\robot29\masks\0929_mask.png
930,0.18562499999999998,0.87625,232.02726543704892,105.55252606255011,1,0.0,0.20677473261168436,0.09541741725085205,1775106828.8153706,5,C:\Users\PC\Desktop\RGMC_2026\RGMC\RGMC\data\map\robot29\images\0930.png,C:\Users\PC\Desktop\RGMC_2026\RGMC\RGMC\data\map\robot29\overlays\0930_overlay.png,C:\Users\PC\Desktop\RGMC_2026\RGMC\RGMC\data\map\robot29\masks\0930_mask.png
931,0.2165625,0.87625,232.03703703703704,119.26635145784081,1,0.0,0.045660905208116394,0.12911118241127278,1775106840.9519672,5,C:\Users\PC\Desktop\RGMC_2026\RGMC\RGMC\data\map\robot29\images\0931.png,C:\Users\PC\Desktop\RGMC_2026\RGMC\RGMC\data\map\robot29\overlays\0931_overlay.png,C:\Users\PC\Desktop\RGMC_2026\RGMC\RGMC\data\map\robot29\masks\0931_mask.png
932,0.2475,0.87625,231.7140468227425,133.26878130217028,1,0.0,0.033299630149249665,0.039192150076062617,1775106853.3983164,5,C:\Users\PC\Desktop\RGMC_2026\RGMC\RGMC\data\map\robot29\images\0932.png,C:\Users\PC\Desktop\RGMC_2026\RGMC\RGMC\data\map\robot29\overlays\0932_overlay.png,C:\Users\PC\Desktop\RGMC_2026\RGMC\RGMC\data\map\robot29\masks\0932_mask.png
933,0.2784375,0.87625,231.84081632653061,146.77860082304528,1,0.0,0.021110481704033335,0.06167494304421435,1775106866.1979213,5,C:\Users\PC\Desktop\RGMC_2026\RGMC\RGMC\data\map\robot29\images\0933.png,C:\Users\PC\Desktop\RGMC_2026\RGMC\RGMC\data\map\robot29\overlays\0933_overlay.png,C:\Users\PC\Desktop\RGMC_2026\RGMC\RGMC\data\map\robot29\masks\0933_mask.png
934,0.309375,0.87625,231.57328990228012,159.78257328990227,1,0.0,0.0442887276198282,0.04048635438932573,1775106879.438212,5,C:\Users\PC\Desktop\RGMC_2026\RGMC\RGMC\data\map\robot29\images\0934.png,C:\Users\PC\Desktop\RGMC_2026\RGMC\RGMC\data\map\robot29\overlays\0934_overlay.png,C:\Users\PC\Desktop\RGMC_2026\RGMC\RGMC\data\map\robot29\masks\0934_mask.png
935,0.3403125,0.87625,231.41975308641975,173.6420265780731,1,0.0,0.16897441872537478,0.0929408282516518,1775106891.1673899,5,C:\Users\PC\Desktop\RGMC_2026\RGMC\RGMC\data\map\robot29\images\0935.png,C:\Users\PC\Desktop\RGMC_2026\RGMC\RGMC\data\map\robot29\overlays\0935_overlay.png,C:\Users\PC\Desktop\RGMC_2026\RGMC\RGMC\data\map\robot29\masks\0935_mask.png
936,0.37124999999999997,0.87625,231.39416666666668,187.25360474978797,1,0.0,0.2471725597438999,0.12838020946183037,1775106903.0925531,5,C:\Users\PC\Desktop\RGMC_2026\RGMC\RGMC\data\map\robot29\images\0936.png,C:\Users\PC\Desktop\RGMC_2026\RGMC\RGMC\data\map\robot29\overlays\0936_overlay.png,C:\Users\PC\Desktop\RGMC_2026\RGMC\RGMC\data\map\robot29\masks\0936_mask.png
937,0.4021875,0.87625,231.35982905982905,200.88320545609548,1,0.0,0.13022266723234402,0.13083241424424294,1775106916.5605595,5,C:\Users\PC\Desktop\RGMC_2026\RGMC\RGMC\data\map\robot29\images\0937.png,C:\Users\PC\Desktop\RGMC_2026\RGMC\RGMC\data\map\robot29\overlays\0937_overlay.png,C:\Users\PC\Desktop\RGMC_2026\RGMC\RGMC\data\map\robot29\masks\0937_mask.png
939,0.4640625,0.87625,230.66479663394108,220.34502103786815,1,0.0,0.17347226143646768,0.8078839830088589,1775106943.821767,5,C:\Users\PC\Desktop\RGMC_2026\RGMC\RGMC\data\map\robot29\images\0939.png,C:\Users\PC\Desktop\RGMC_2026\RGMC\RGMC\data\map\robot29\overlays\0939_overlay.png,C:\Users\PC\Desktop\RGMC_2026\RGMC\RGMC\data\map\robot29\masks\0939_mask.png
940,0.495,0.87625,231.63418290854574,233.94553706505295,1,0.0,0.2573580680123729,0.6059721322795469,1775106956.1648972,5,C:\Users\PC\Desktop\RGMC_2026\RGMC\RGMC\data\map\robot29\images\0940.png,C:\Users\PC\Desktop\RGMC_2026\RGMC\RGMC\data\map\robot29\overlays\0940_overlay.png,C:\Users\PC\Desktop\RGMC_2026\RGMC\RGMC\data\map\robot29\masks\0940_mask.png
943,0.5878125,0.87625,230.70470983691456,284.00549330873986,1,0.0,0.09908893150681432,0.1402386040796867,1775106992.0167787,4,C:\Users\PC\Desktop\RGMC_2026\RGMC\RGMC\data\map\robot29\images\0943.png,C:\Users\PC\Desktop\RGMC_2026\RGMC\RGMC\data\map\robot29\overlays\0943_overlay.png,C:\Users\PC\Desktop\RGMC_2026\RGMC\RGMC\data\map\robot29\masks\0943_mask.png
944,0.61875,0.87625,231.06727574750832,297.578073089701,1,0.0,0.10649368075210708,0.036633574227457895,1775107008.521353,3,C:\Users\PC\Desktop\RGMC_2026\RGMC\RGMC\data\map\robot29\images\0944.png,C:\Users\PC\Desktop\RGMC_2026\RGMC\RGMC\data\map\robot29\overlays\0944_overlay.png,C:\Users\PC\Desktop\RGMC_2026\RGMC\RGMC\data\map\robot29\masks\0944_mask.png
945,0.6496875,0.87625,230.79111842105263,310.87635756056807,1,0.0,0.20827032492806719,0.1721153956481127,1775107027.068755,5,C:\Users\PC\Desktop\RGMC_2026\RGMC\RGMC\data\map\robot29\images\0945.png,C:\Users\PC\Desktop\RGMC_2026\RGMC\RGMC\data\map\robot29\overlays\0945_overlay.png,C:\Users\PC\Desktop\RGMC_2026\RGMC\RGMC\data\map\robot29\masks\0945_mask.png
946,0.680625,0.87625,231.04499151103565,324.9867659222498,1,0.0,0.3376868549811288,0.051690621298643546,1775107043.1660686,5,C:\Users\PC\Desktop\RGMC_2026\RGMC\RGMC\data\map\robot29\images\0946.png,C:\Users\PC\Desktop\RGMC_2026\RGMC\RGMC\data\map\robot29\overlays\0946_overlay.png,C:\Users\PC\Desktop\RGMC_2026\RGMC\RGMC\data\map\robot29\masks\0946_mask.png
947,0.7115625,0.87625,230.88356729975226,338.47432762836183,1,0.0,0.132728440203863,0.06786549947510212,1775107057.1017232,5,C:\Users\PC\Desktop\RGMC_2026\RGMC\RGMC\data\map\robot29\images\0947.png,C:\Users\PC\Desktop\RGMC_2026\RGMC\RGMC\data\map\robot29\overlays\0947_overlay.png,C:\Users\PC\Desktop\RGMC_2026\RGMC\RGMC\data\map\robot29\masks\0947_mask.png
948,0.7424999999999999,0.87625,231.18991596638656,351.80788590604027,1,0.0,0.043955907857189024,0.09943934777506024,1775107070.0769465,5,C:\Users\PC\Desktop\RGMC_2026\RGMC\RGMC\data\map\robot29\images\0948.png,C:\Users\PC\Desktop\RGMC_2026\RGMC\RGMC\data\map\robot29\overlays\0948_overlay.png,C:\Users\PC\Desktop\RGMC_2026\RGMC\RGMC\data\map\robot29\masks\0948_mask.png
949,0.7734375,0.87625,231.0608840700584,365.75844594594594,1,0.0,0.046482568782344816,0.09328723297981063,1775107081.9654589,5,C:\Users\PC\Desktop\RGMC_2026\RGMC\RGMC\data\map\robot29\images\0949.png,C:\Users\PC\Desktop\RGMC_2026\RGMC\RGMC\data\map\robot29\overlays\0949_overlay.png,C:\Users\PC\Desktop\RGMC_2026\RGMC\RGMC\data\map\robot29\masks\0949_mask.png
950,0.804375,0.87625,230.77317073170732,379.3807228915663,1,0.0,0.254227921188105,0.10241965677958229,1775107092.7106707,5,C:\Users\PC\Desktop\RGMC_2026\RGMC\RGMC\data\map\robot29\images\0950.png,C:\Users\PC\Desktop\RGMC_2026\RGMC\RGMC\data\map\robot29\overlays\0950_overlay.png,C:\Users\PC\Desktop\RGMC_2026\RGMC\RGMC\data\map\robot29\masks\0950_mask.png
951,0.8353125,0.87625,230.98175787728027,393.2177152317881,1,0.0,0.031202938718684722,0.03213315861714414,1775107103.2969337,5,C:\Users\PC\Desktop\RGMC_2026\RGMC\RGMC\data\map\robot29\images\0951.png,C:\Users\PC\Desktop\RGMC_2026\RGMC\RGMC\data\map\robot29\overlays\0951_overlay.png,C:\Users\PC\Desktop\RGMC_2026\RGMC\RGMC\data\map\robot29\masks\0951_mask.png
952,0.86625,0.87625,230.67916666666667,406.21981681931726,1,0.0,0.021742048859392994,0.029715452323620575,1775107114.6311326,5,C:\Users\PC\Desktop\RGMC_2026\RGMC\RGMC\data\map\robot29\images\0952.png,C:\Users\PC\Desktop\RGMC_2026\RGMC\RGMC\data\map\robot29\overlays\0952_overlay.png,C:\Users\PC\Desktop\RGMC_2026\RGMC\RGMC\data\map\robot29\masks\0952_mask.png
953,0.8971875,0.87625,230.77198975234842,420.5072587532024,1,0.0,0.052537954155693706,0.06890511744469059,1775107125.464794,5,C:\Users\PC\Desktop\RGMC_2026\RGMC\RGMC\data\map\robot29\images\0953.png,C:\Users\PC\Desktop\RGMC_2026\RGMC\RGMC\data\map\robot29\overlays\0953_overlay.png,C:\Users\PC\Desktop\RGMC_2026\RGMC\RGMC\data\map\robot29\masks\0953_mask.png
954,0.928125,0.87625,230.96812080536913,434.1666666666667,1,0.0,0.04916305884655383,0.15354226704165566,1775107135.6074133,5,C:\Users\PC\Desktop\RGMC_2026\RGMC\RGMC\data\map\robot29\images\0954.png,C:\Users\PC\Desktop\RGMC_2026\RGMC\RGMC\data\map\robot29\overlays\0954_overlay.png,C:\Users\PC\Desktop\RGMC_2026\RGMC\RGMC\data\map\robot29\masks\0954_mask.png
955,0.9590625,0.87625,230.8031746031746,448.21031746031747,1,0.0,0.04165188006830721,0.02523372291834488,1775107145.994642,5,C:\Users\PC\Desktop\RGMC_2026\RGMC\RGMC\data\map\robot29\images\0955.png,C:\Users\PC\Desktop\RGMC_2026\RGMC\RGMC\data\map\robot29\overlays\0955_overlay.png,C:\Users\PC\Desktop\RGMC_2026\RGMC\RGMC\data\map\robot29\masks\0955_mask.png
956,0.99,0.87625,231.02262443438914,460.73122171945704,1,0.0,0.027363861795370235,0.036045404466692035,1775107156.3850257,5,C:\Users\PC\Desktop\RGMC_2026\RGMC\RGMC\data\map\robot29\images\0956.png,C:\Users\PC\Desktop\RGMC_2026\RGMC\RGMC\data\map\robot29\overlays\0956_overlay.png,C:\Users\PC\Desktop\RGMC_2026\RGMC\RGMC\data\map\robot29\masks\0956_mask.png
957,0.99,0.9071875,216.79166666666666,460.64726947179946,1,0.0,0.2247667106023402,0.058074233643286725,1775107167.3616588,5,C:\Users\PC\Desktop\RGMC_2026\RGMC\RGMC\data\map\robot29\images\0957.png,C:\Users\PC\Desktop\RGMC_2026\RGMC\RGMC\data\map\robot29\overlays\0957_overlay.png,C:\Users\PC\Desktop\RGMC_2026\RGMC\RGMC\data\map\robot29\masks\0957_mask.png
958,0.9590625,0.9071875,216.00801924619086,448.35154394299286,1,0.0,0.08092871710441898,0.049113675847152385,1775107178.1023865,5,C:\Users\PC\Desktop\RGMC_2026\RGMC\RGMC\data\map\robot29\images\0958.png,C:\Users\PC\Desktop\RGMC_2026\RGMC\RGMC\data\map\robot29\overlays\0958_overlay.png,C:\Users\PC\Desktop\RGMC_2026\RGMC\RGMC\data\map\robot29\masks\0958_mask.png
959,0.928125,0.9071875,215.9078415521423,434.4480830670926,1,0.0,0.06882392198776736,0.0781245979811513,1775107189.0639267,5,C:\Users\PC\Desktop\RGMC_2026\RGMC\RGMC\data\map\robot29\images\0959.png,C:\Users\PC\Desktop\RGMC_2026\RGMC\RGMC\data\map\robot29\overlays\0959_overlay.png,C:\Users\PC\Desktop\RGMC_2026\RGMC\RGMC\data\map\robot29\masks\0959_mask.png
960,0.8971875,0.9071875,216.83032786885246,420.8360655737705,1,0.0,0.322924589749791,0.08626031060454588,1775107199.469783,5,C:\Users\PC\Desktop\RGMC_2026\RGMC\RGMC\data\map\robot29\images\0960.png,C:\Users\PC\Desktop\RGMC_2026\RGMC\RGMC\data\map\robot29\overlays\0960_overlay.png,C:\Users\PC\Desktop\RGMC_2026\RGMC\RGMC\data\map\robot29\masks\0960_mask.png
961,0.86625,0.9071875,216.7541633624108,406.8390166534496,1,0.0,0.008021751293277524,0.03515504317678989,1775107210.151076,5,C:\Users\PC\Desktop\RGMC_2026\RGMC\RGMC\data\map\robot29\images\0961.png,C:\Users\PC\Desktop\RGMC_2026\RGMC\RGMC\data\map\robot29\overlays\0961_overlay.png,C:\Users\PC\Desktop\RGMC_2026\RGMC\RGMC\data\map\robot29\masks\0961_mask.png
962,0.8353125,0.9071875,216.9453507340946,393.40437601296594,1,0.0,0.04085223559893567,0.06426960576219562,1775107221.7792177,5,C:\Users\PC\Desktop\RGMC_2026\RGMC\RGMC\data\map\robot29\images\0962.png,C:\Users\PC\Desktop\RGMC_2026\RGMC\RGMC\data\map\robot29\overlays\0962_overlay.png,C:\Users\PC\Desktop\RGMC_2026\RGMC\RGMC\data\map\robot29\masks\0962_mask.png
963,0.804375,0.9071875,216.68290734824282,379.30573248407643,1,0.0,0.2615476272638854,0.07769974159771803,1775107233.0836282,5,C:\Users\PC\Desktop\RGMC_2026\RGMC\RGMC\data\map\robot29\images\0963.png,C:\Users\PC\Desktop\RGMC_2026\RGMC\RGMC\data\map\robot29\overlays\0963_overlay.png,C:\Users\PC\Desktop\RGMC_2026\RGMC\RGMC\data\map\robot29\masks\0963_mask.png
964,0.7734375,0.9071875,216.83670169765563,366.02441008950365,1,0.0,0.0866797733113455,0.05358681342144379,1775107244.2447057,5,C:\Users\PC\Desktop\RGMC_2026\RGMC\RGMC\data\map\robot29\images\0964.png,C:\Users\PC\Desktop\RGMC_2026\RGMC\RGMC\data\map\robot29\overlays\0964_overlay.png,C:\Users\PC\Desktop\RGMC_2026\RGMC\RGMC\data\map\robot29\masks\0964_mask.png
965,0.7424999999999999,0.9071875,216.86898839137646,352.10364842454396,1,0.0,0.2218354644773279,0.06169702063920654,1775107256.5278544,5,C:\Users\PC\Desktop\RGMC_2026\RGMC\RGMC\data\map\robot29\images\0965.png,C:\Users\PC\Desktop\RGMC_2026\RGMC\RGMC\data\map\robot29\overlays\0965_overlay.png,C:\Users\PC\Desktop\RGMC_2026\RGMC\RGMC\data\map\robot29\masks\0965_mask.png
966,0.7115625,0.9071875,216.24668874172184,338.4667774086379,1,0.0,0.04803276356193949,0.12232487461779334,1775107268.8885078,5,C:\Users\PC\Desktop\RGMC_2026\RGMC\RGMC\data\map\robot29\images\0966.png,C:\Users\PC\Desktop\RGMC_2026\RGMC\RGMC\data\map\robot29\overlays\0966_overlay.png,C:\Users\PC\Desktop\RGMC_2026\RGMC\RGMC\data\map\robot29\masks\0966_mask.png
967,0.680625,0.9071875,216.096265560166,325.27002477291495,1,0.0,0.013174805481550951,0.05607351240142046,1775107281.3647015,5,C:\Users\PC\Desktop\RGMC_2026\RGMC\RGMC\data\map\robot29\images\0967.png,C:\Users\PC\Desktop\RGMC_2026\RGMC\RGMC\data\map\robot29\overlays\0967_overlay.png,C:\Users\PC\Desktop\RGMC_2026\RGMC\RGMC\data\map\robot29\masks\0967_mask.png
968,0.6496875,0.9071875,216.31122031122032,310.8567961165049,1,0.0,0.04404603106861149,0.05592045145647492,1775107293.219944,5,C:\Users\PC\Desktop\RGMC_2026\RGMC\RGMC\data\map\robot29\images\0968.png,C:\Users\PC\Desktop\RGMC_2026\RGMC\RGMC\data\map\robot29\overlays\0968_overlay.png,C:\Users\PC\Desktop\RGMC_2026\RGMC\RGMC\data\map\robot29\masks\0968_mask.png
969,0.61875,0.9071875,216.0287356321839,297.6155758077879,1,0.0,0.17557115218274058,0.09301481425148374,1775107304.791065,5,C:\Users\PC\Desktop\RGMC_2026\RGMC\RGMC\data\map\robot29\images\0969.png,C:\Users\PC\Desktop\RGMC_2026\RGMC\RGMC\data\map\robot29\overlays\0969_overlay.png,C:\Users\PC\Desktop\RGMC_2026\RGMC\RGMC\data\map\robot29\masks\0969_mask.png
970,0.5878125,0.9071875,216.42032713498622,284.1023675818081,1,0.0,0.061503731956382236,0.1107190656196766,1775107316.9532964,4,C:\Users\PC\Desktop\RGMC_2026\RGMC\RGMC\data\map\robot29\images\0970.png,C:\Users\PC\Desktop\RGMC_2026\RGMC\RGMC\data\map\robot29\overlays\0970_overlay.png,.
973,0.495,0.9071875,217.49773755656108,234.27300150829564,1,0.0,0.1446212008290116,0.046597865298511044,1775107351.9270859,5,C:\Users\PC\Desktop\RGMC_2026\RGMC\RGMC\data\map\robot29\images\0973.png,C:\Users\PC\Desktop\RGMC_2026\RGMC\RGMC\data\map\robot29\overlays\0973_overlay.png,C:\Users\PC\Desktop\RGMC_2026\RGMC\RGMC\data\map\robot29\masks\0973_mask.png
974,0.4640625,0.9071875,217.54468599033817,223.96573604060913,1,0.0,0.17428691949424635,1.4950369621342952,1775107363.3537436,5,C:\Users\PC\Desktop\RGMC_2026\RGMC\RGMC\data\map\robot29\images\0974.png,C:\Users\PC\Desktop\RGMC_2026\RGMC\RGMC\data\map\robot29\overlays\0974_overlay.png,C:\Users\PC\Desktop\RGMC_2026\RGMC\RGMC\data\map\robot29\masks\0974_mask.png
976,0.4021875,0.9071875,217.05066666666667,200.4781368821293,1,0.0,0.0508812412829643,0.5392742211136928,1775107387.7201207,5,C:\Users\PC\Desktop\RGMC_2026\RGMC\RGMC\data\map\robot29\images\0976.png,C:\Users\PC\Desktop\RGMC_2026\RGMC\RGMC\data\map\robot29\overlays\0976_overlay.png,C:\Users\PC\Desktop\RGMC_2026\RGMC\RGMC\data\map\robot29\masks\0976_mask.png
977,0.37124999999999997,0.9071875,217.6179875333927,187.3273542600897,1,0.0,0.10646848563755673,0.17590714235045438,1775107399.9177191,5,C:\Users\PC\Desktop\RGMC_2026\RGMC\RGMC\data\map\robot29\images\0977.png,C:\Users\PC\Desktop\RGMC_2026\RGMC\RGMC\data\map\robot29\overlays\0977_overlay.png,C:\Users\PC\Desktop\RGMC_2026\RGMC\RGMC\data\map\robot29\masks\0977_mask.png
978,0.3403125,0.9071875,217.52139037433156,174.22320637732506,1,0.0,0.12453745221650994,0.07314403839609993,1775107411.8813934,5,C:\Users\PC\Desktop\RGMC_2026\RGMC\RGMC\data\map\robot29\images\0978.png,C:\Users\PC\Desktop\RGMC_2026\RGMC\RGMC\data\map\robot29\overlays\0978_overlay.png,C:\Users\PC\Desktop\RGMC_2026\RGMC\RGMC\data\map\robot29\masks\0978_mask.png
979,0.309375,0.9071875,218.29667519181586,160.96130696474634,1,0.0,0.060883937536916295,0.05170843845483729,1775107424.1324599,5,C:\Users\PC\Desktop\RGMC_2026\RGMC\RGMC\data\map\robot29\images\0979.png,C:\Users\PC\Desktop\RGMC_2026\RGMC\RGMC\data\map\robot29\overlays\0979_overlay.png,C:\Users\PC\Desktop\RGMC_2026\RGMC\RGMC\data\map\robot29\masks\0979_mask.png
980,0.2784375,0.9071875,218.606135986733,146.96019900497512,1,0.0,0.05801725065124734,0.07698814043939661,1775107435.7419212,5,C:\Users\PC\Desktop\RGMC_2026\RGMC\RGMC\data\map\robot29\images\0980.png,C:\Users\PC\Desktop\RGMC_2026\RGMC\RGMC\data\map\robot29\overlays\0980_overlay.png,C:\Users\PC\Desktop\RGMC_2026\RGMC\RGMC\data\map\robot29\masks\0980_mask.png
981,0.2475,0.9071875,218.68094038623005,133.4252100840336,1,0.0,0.02699220569713022,0.02583969961975203,1775107448.1590493,5,C:\Users\PC\Desktop\RGMC_2026\RGMC\RGMC\data\map\robot29\images\0981.png,C:\Users\PC\Desktop\RGMC_2026\RGMC\RGMC\data\map\robot29\overlays\0981_overlay.png,C:\Users\PC\Desktop\RGMC_2026\RGMC\RGMC\data\map\robot29\masks\0981_mask.png
982,0.2165625,0.9071875,218.7112,119.37740199846272,1,0.0,0.3866772015754534,0.023599691442171094,1775107460.1095743,5,C:\Users\PC\Desktop\RGMC_2026\RGMC\RGMC\data\map\robot29\images\0982.png,C:\Users\PC\Desktop\RGMC_2026\RGMC\RGMC\data\map\robot29\overlays\0982_overlay.png,C:\Users\PC\Desktop\RGMC_2026\RGMC\RGMC\data\map\robot29\masks\0982_mask.png
983,0.18562499999999998,0.9071875,218.43665540540542,105.70185810810811,1,0.0,0.02710252209826779,0.06806095284747071,1775107472.5074809,5,C:\Users\PC\Desktop\RGMC_2026\RGMC\RGMC\data\map\robot29\images\0983.png,C:\Users\PC\Desktop\RGMC_2026\RGMC\RGMC\data\map\robot29\overlays\0983_overlay.png,C:\Users\PC\Desktop\RGMC_2026\RGMC\RGMC\data\map\robot29\masks\0983_mask.png
984,0.1546875,0.9071875,217.7548231511254,92.47054075867635,1,0.0,0.05099143494731161,0.04942297976571386,1775107484.5973752,5,C:\Users\PC\Desktop\RGMC_2026\RGMC\RGMC\data\map\robot29\images\0984.png,C:\Users\PC\Desktop\RGMC_2026\RGMC\RGMC\data\map\robot29\overlays\0984_overlay.png,C:\Users\PC\Desktop\RGMC_2026\RGMC\RGMC\data\map\robot29\masks\0984_mask.png
985,0.12375,0.9071875,218.17799352750808,77.7661357921207,1,0.0,0.28658632691594166,0.04839295622160486,1775107495.9348867,5,C:\Users\PC\Desktop\RGMC_2026\RGMC\RGMC\data\map\robot29\images\0985.png,C:\Users\PC\Desktop\RGMC_2026\RGMC\RGMC\data\map\robot29\overlays\0985_overlay.png,C:\Users\PC\Desktop\RGMC_2026\RGMC\RGMC\data\map\robot29\masks\0985_mask.png
986,0.09281249999999999,0.9071875,218.15453074433657,64.95996663886572,1,0.0,0.3435026498940996,0.02512632882133206,1775107506.9285383,5,C:\Users\PC\Desktop\RGMC_2026\RGMC\RGMC\data\map\robot29\images\0986.png,C:\Users\PC\Desktop\RGMC_2026\RGMC\RGMC\data\map\robot29\overlays\0986_overlay.png,C:\Users\PC\Desktop\RGMC_2026\RGMC\RGMC\data\map\robot29\masks\0986_mask.png
987,0.061875,0.9071875,218.67572016460906,50.910858995137765,1,0.0,0.2589813898049434,0.04438964512365713,1775107518.2666945,5,C:\Users\PC\Desktop\RGMC_2026\RGMC\RGMC\data\map\robot29\images\0987.png,C:\Users\PC\Desktop\RGMC_2026\RGMC\RGMC\data\map\robot29\overlays\0987_overlay.png,C:\Users\PC\Desktop\RGMC_2026\RGMC\RGMC\data\map\robot29\masks\0987_mask.png
988,0.0309375,0.9071875,218.843954248366,37.37950819672131,1,0.0,0.19893412890037382,0.11397532172798182,1775107529.0587842,5,C:\Users\PC\Desktop\RGMC_2026\RGMC\RGMC\data\map\robot29\images\0988.png,C:\Users\PC\Desktop\RGMC_2026\RGMC\RGMC\data\map\robot29\overlays\0988_overlay.png,C:\Users\PC\Desktop\RGMC_2026\RGMC\RGMC\data\map\robot29\masks\0988_mask.png
989,0.0,0.9071875,218.77733439744614,22.989707046714173,1,0.0,0.15959032252194355,0.09999302502227275,1775107539.9026906,5,C:\Users\PC\Desktop\RGMC_2026\RGMC\RGMC\data\map\robot29\images\0989.png,C:\Users\PC\Desktop\RGMC_2026\RGMC\RGMC\data\map\robot29\overlays\0989_overlay.png,C:\Users\PC\Desktop\RGMC_2026\RGMC\RGMC\data\map\robot29\masks\0989_mask.png
990,0.0,0.938125,205.04169884169883,23.08125,1,0.0,0.12825984522301334,0.13235967211236835,1775107550.4310937,5,C:\Users\PC\Desktop\RGMC_2026\RGMC\RGMC\data\map\robot29\images\0990.png,C:\Users\PC\Desktop\RGMC_2026\RGMC\RGMC\data\map\robot29\overlays\0990_overlay.png,C:\Users\PC\Desktop\RGMC_2026\RGMC\RGMC\data\map\robot29\masks\0990_mask.png
991,0.0309375,0.938125,204.4734693877551,36.82328990228013,1,0.0,0.08082797168901827,0.06283071668637456,1775107561.2032278,5,C:\Users\PC\Desktop\RGMC_2026\RGMC\RGMC\data\map\robot29\images\0991.png,C:\Users\PC\Desktop\RGMC_2026\RGMC\RGMC\data\map\robot29\overlays\0991_overlay.png,C:\Users\PC\Desktop\RGMC_2026\RGMC\RGMC\data\map\robot29\masks\0991_mask.png
992,0.061875,0.938125,204.79968578161822,50.63487099296325,1,0.0,0.08637075597382683,0.0729165301528918,1775107571.8570359,5,C:\Users\PC\Desktop\RGMC_2026\RGMC\RGMC\data\map\robot29\images\0992.png,C:\Users\PC\Desktop\RGMC_2026\RGMC\RGMC\data\map\robot29\overlays\0992_overlay.png,C:\Users\PC\Desktop\RGMC_2026\RGMC\RGMC\data\map\robot29\masks\0992_mask.png
993,0.09281249999999999,0.938125,204.59024012393493,63.934833204034135,1,0.0,0.12957953928127133,0.04831050339424215,1775107583.622656,5,C:\Users\PC\Desktop\RGMC_2026\RGMC\RGMC\data\map\robot29\images\0993.png,C:\Users\PC\Desktop\RGMC_2026\RGMC\RGMC\data\map\robot29\overlays\0993_overlay.png,C:\Users\PC\Desktop\RGMC_2026\RGMC\RGMC\data\map\robot29\masks\0993_mask.png
994,0.12375,0.938125,203.78452579034942,77.37541806020067,1,0.0,0.035255766502309216,0.08063185725308226,1775107595.3887239,5,C:\Users\PC\Desktop\RGMC_2026\RGMC\RGMC\data\map\robot29\images\0994.png,C:\Users\PC\Desktop\RGMC_2026\RGMC\RGMC\data\map\robot29\overlays\0994_overlay.png,C:\Users\PC\Desktop\RGMC_2026\RGMC\RGMC\data\map\robot29\masks\0994_mask.png
995,0.1546875,0.938125,203.69551020408164,91.42880258899676,1,0.0,0.04480366211900366,0.274442651670906,1775107607.4622164,5,C:\Users\PC\Desktop\RGMC_2026\RGMC\RGMC\data\map\robot29\images\0995.png,C:\Users\PC\Desktop\RGMC_2026\RGMC\RGMC\data\map\robot29\overlays\0995_overlay.png,C:\Users\PC\Desktop\RGMC_2026\RGMC\RGMC\data\map\robot29\masks\0995_mask.png
996,0.18562499999999998,0.938125,203.6411092985318,105.31758957654723,1,0.0,0.02212526865778529,0.035375615363121414,1775107619.2658744,5,C:\Users\PC\Desktop\RGMC_2026\RGMC\RGMC\data\map\robot29\images\0996.png,C:\Users\PC\Desktop\RGMC_2026\RGMC\RGMC\data\map\robot29\overlays\0996_overlay.png,C:\Users\PC\Desktop\RGMC_2026\RGMC\RGMC\data\map\robot29\masks\0996_mask.png
997,0.2165625,0.938125,203.84609053497942,118.59392945036916,1,0.0,0.05291231323416549,0.1609236820818086,1775107630.7236435,5,C:\Users\PC\Desktop\RGMC_2026\RGMC\RGMC\data\map\robot29\images\0997.png,C:\Users\PC\Desktop\RGMC_2026\RGMC\RGMC\data\map\robot29\overlays\0997_overlay.png,C:\Users\PC\Desktop\RGMC_2026\RGMC\RGMC\data\map\robot29\masks\0997_mask.png
998,0.2475,0.938125,203.86800334168754,133.00417710944026,1,0.0,0.03905177471746359,0.028531171327276637,1775107642.368786,5,C:\Users\PC\Desktop\RGMC_2026\RGMC\RGMC\data\map\robot29\images\0998.png,C:\Users\PC\Desktop\RGMC_2026\RGMC\RGMC\data\map\robot29\overlays\0998_overlay.png,C:\Users\PC\Desktop\RGMC_2026\RGMC\RGMC\data\map\robot29\masks\0998_mask.png
999,0.2784375,0.938125,203.84144295302013,146.50494233937397,1,0.0,0.04856645548739748,0.19892773278710105,1775107655.0090432,5,C:\Users\PC\Desktop\RGMC_2026\RGMC\RGMC\data\map\robot29\images\0999.png,C:\Users\PC\Desktop\RGMC_2026\RGMC\RGMC\data\map\robot29\overlays\0999_overlay.png,C:\Users\PC\Desktop\RGMC_2026\RGMC\RGMC\data\map\robot29\masks\0999_mask.png
1000,0.309375,0.938125,203.86475409836066,159.55298013245033,1,0.0,0.018816604885893016,0.04001145420135352,1775107667.7463338,5,C:\Users\PC\Desktop\RGMC_2026\RGMC\RGMC\data\map\robot29\images\1000.png,C:\Users\PC\Desktop\RGMC_2026\RGMC\RGMC\data\map\robot29\overlays\1000_overlay.png,C:\Users\PC\Desktop\RGMC_2026\RGMC\RGMC\data\map\robot29\masks\1000_mask.png
1001,0.3403125,0.938125,203.41852487135506,173.2283261802575,1,0.0,0.10846066128113734,0.10353557368573121,1775107679.8835557,5,C:\Users\PC\Desktop\RGMC_2026\RGMC\RGMC\data\map\robot29\images\1001.png,C:\Users\PC\Desktop\RGMC_2026\RGMC\RGMC\data\map\robot29\overlays\1001_overlay.png,C:\Users\PC\Desktop\RGMC_2026\RGMC\RGMC\data\map\robot29\masks\1001_mask.png
1002,0.37124999999999997,0.938125,202.81160714285716,186.70089285714286,1,0.0,0.07846974105817033,0.01262959166975903,1775107692.5037882,5,C:\Users\PC\Desktop\RGMC_2026\RGMC\RGMC\data\map\robot29\images\1002.png,C:\Users\PC\Desktop\RGMC_2026\RGMC\RGMC\data\map\robot29\overlays\1002_overlay.png,C:\Users\PC\Desktop\RGMC_2026\RGMC\RGMC\data\map\robot29\masks\1002_mask.png
1003,0.4021875,0.938125,202.18388791593696,200.9369527145359,1,0.0,0.07227312390867426,0.09310064405499392,1775107704.251546,5,C:\Users\PC\Desktop\RGMC_2026\RGMC\RGMC\data\map\robot29\images\1003.png,C:\Users\PC\Desktop\RGMC_2026\RGMC\RGMC\data\map\robot29\overlays\1003_overlay.png,C:\Users\PC\Desktop\RGMC_2026\RGMC\RGMC\data\map\robot29\masks\1003_mask.png
1005,0.4640625,0.938125,202.86767485822307,225.5846585594013,1,0.0,0.11473374705148595,0.9286924592349116,1775107728.0315452,5,C:\Users\PC\Desktop\RGMC_2026\RGMC\RGMC\data\map\robot29\images\1005.png,C:\Users\PC\Desktop\RGMC_2026\RGMC\RGMC\data\map\robot29\overlays\1005_overlay.png,C:\Users\PC\Desktop\RGMC_2026\RGMC\RGMC\data\map\robot29\masks\1005_mask.png
1006,0.495,0.938125,203.13468013468014,232.80541455160744,1,0.0,0.3042741343141912,0.5477478050369435,1775107742.645507,5,C:\Users\PC\Desktop\RGMC_2026\RGMC\RGMC\data\map\robot29\images\1006.png,C:\Users\PC\Desktop\RGMC_2026\RGMC\RGMC\data\map\robot29\overlays\1006_overlay.png,C:\Users\PC\Desktop\RGMC_2026\RGMC\RGMC\data\map\robot29\masks\1006_mask.png
1008,0.556875,0.938125,203.18677685950414,269.8291457286432,1,0.0,0.14298836444928434,0.06666999611225918,1775107765.9007254,5,C:\Users\PC\Desktop\RGMC_2026\RGMC\RGMC\data\map\robot29\images\1008.png,C:\Users\PC\Desktop\RGMC_2026\RGMC\RGMC\data\map\robot29\overlays\1008_overlay.png,C:\Users\PC\Desktop\RGMC_2026\RGMC\RGMC\data\map\robot29\masks\1008_mask.png
1009,0.5878125,0.938125,202.57724252491695,283.5375,1,0.0,0.07979832372907986,0.11937227319110101,1775107778.621588,5,C:\Users\PC\Desktop\RGMC_2026\RGMC\RGMC\data\map\robot29\images\1009.png,C:\Users\PC\Desktop\RGMC_2026\RGMC\RGMC\data\map\robot29\overlays\1009_overlay.png,C:\Users\PC\Desktop\RGMC_2026\RGMC\RGMC\data\map\robot29\masks\1009_mask.png
1010,0.61875,0.938125,203.27591973244148,297.5134228187919,1,0.0,0.027984901125463743,0.035010037293650105,1775107790.8834803,5,C:\Users\PC\Desktop\RGMC_2026\RGMC\RGMC\data\map\robot29\images\1010.png,C:\Users\PC\Desktop\RGMC_2026\RGMC\RGMC\data\map\robot29\overlays\1010_overlay.png,C:\Users\PC\Desktop\RGMC_2026\RGMC\RGMC\data\map\robot29\masks\1010_mask.png
1011,0.6496875,0.938125,203.43012552301255,310.49037656903766,1,0.0,0.006771824259711453,0.01892126173676052,1775107806.1182973,5,C:\Users\PC\Desktop\RGMC_2026\RGMC\RGMC\data\map\robot29\images\1011.png,C:\Users\PC\Desktop\RGMC_2026\RGMC\RGMC\data\map\robot29\overlays\1011_overlay.png,C:\Users\PC\Desktop\RGMC_2026\RGMC\RGMC\data\map\robot29\masks\1011_mask.png
1012,0.680625,0.938125,203.22826969943137,324.86930860033726,1,0.0,0.01717348325371361,0.28076583901881536,1775107819.6728768,5,C:\Users\PC\Desktop\RGMC_2026\RGMC\RGMC\data\map\robot29\images\1012.png,C:\Users\PC\Desktop\RGMC_2026\RGMC\RGMC\data\map\robot29\overlays\1012_overlay.png,C:\Users\PC\Desktop\RGMC_2026\RGMC\RGMC\data\map\robot29\masks\1012_mask.png
1013,0.7115625,0.938125,203.26328903654485,338.2124481327801,1,0.0,0.01246450032651468,0.04045292296703014,1775107831.6634986,5,C:\Users\PC\Desktop\RGMC_2026\RGMC\RGMC\data\map\robot29\images\1013.png,C:\Users\PC\Desktop\RGMC_2026\RGMC\RGMC\data\map\robot29\overlays\1013_overlay.png,C:\Users\PC\Desktop\RGMC_2026\RGMC\RGMC\data\map\robot29\masks\1013_mask.png
377,0.556875,0.3503125,464.7008849557522,271.3946902654867,1,0.0,0.07484933294947888,0.18136847809588294,1775108030.4123466,3,C:\Users\PC\Desktop\RGMC_2026\RGMC\RGMC\data\map\robot29\images\0377.png,C:\Users\PC\Desktop\RGMC_2026\RGMC\RGMC\data\map\robot29\overlays\0377_overlay.png,C:\Users\PC\Desktop\RGMC_2026\RGMC\RGMC\data\map\robot29\masks\0377_mask.png
875,0.5259375,0.814375,260.00882028665933,251.35072142064374,1,0.0,0.08000497512498152,0.019064270687001506,1775109009.7606688,3,C:\Users\PC\Desktop\RGMC_2026\RGMC\RGMC\data\map\robot29\images\0875.png,C:\Users\PC\Desktop\RGMC_2026\RGMC\RGMC\data\map\robot29\overlays\0875_overlay.png,C:\Users\PC\Desktop\RGMC_2026\RGMC\RGMC\data\map\robot29\masks\0875_mask.png
902,0.6496875,0.8453125,244.31936295054484,310.42892976588627,1,0.0,0.2944519094610451,0.02504549222587075,1775109021.7726345,3,C:\Users\PC\Desktop\RGMC_2026\RGMC\RGMC\data\map\robot29\images\0902.png,C:\Users\PC\Desktop\RGMC_2026\RGMC\RGMC\data\map\robot29\overlays\0902_overlay.png,C:\Users\PC\Desktop\RGMC_2026\RGMC\RGMC\data\map\robot29\masks\0902_mask.png
1014,0.7424999999999999,0.938125,203.28315703824248,351.62632869991825,1,0.0,0.03669131704978207,0.03670111445488213,1775109256.2507138,5,C:\Users\PC\Desktop\RGMC_2026\RGMC\RGMC\data\map\robot29\images\1014.png,C:\Users\PC\Desktop\RGMC_2026\RGMC\RGMC\data\map\robot29\overlays\1014_overlay.png,C:\Users\PC\Desktop\RGMC_2026\RGMC\RGMC\data\map\robot29\masks\1014_mask.png
1015,0.7734375,0.938125,203.37916666666666,365.60281923714757,1,0.0,0.02011134550931452,0.02524247479927503,1775109268.3867204,5,C:\Users\PC\Desktop\RGMC_2026\RGMC\RGMC\data\map\robot29\images\1015.png,C:\Users\PC\Desktop\RGMC_2026\RGMC\RGMC\data\map\robot29\overlays\1015_overlay.png,C:\Users\PC\Desktop\RGMC_2026\RGMC\RGMC\data\map\robot29\masks\1015_mask.png
1016,0.804375,0.938125,203.31711273317111,379.1055234954658,1,0.0,0.05130209757052721,0.04566720471285428,1775109280.7099426,5,C:\Users\PC\Desktop\RGMC_2026\RGMC\RGMC\data\map\robot29\images\1016.png,C:\Users\PC\Desktop\RGMC_2026\RGMC\RGMC\data\map\robot29\overlays\1016_overlay.png,C:\Users\PC\Desktop\RGMC_2026\RGMC\RGMC\data\map\robot29\masks\1016_mask.png
1017,0.8353125,0.938125,203.2809642560266,393.0317991631799,1,0.0,0.08649070451288719,0.07110994300377212,1775109291.7787652,5,C:\Users\PC\Desktop\RGMC_2026\RGMC\RGMC\data\map\robot29\images\1017.png,C:\Users\PC\Desktop\RGMC_2026\RGMC\RGMC\data\map\robot29\overlays\1017_overlay.png,C:\Users\PC\Desktop\RGMC_2026\RGMC\RGMC\data\map\robot29\masks\1017_mask.png
1018,0.86625,0.938125,203.07271241830065,406.5,1,0.0,0.0344882859960686,0.21551148784092147,1775109302.6535761,5,C:\Users\PC\Desktop\RGMC_2026\RGMC\RGMC\data\map\robot29\images\1018.png,C:\Users\PC\Desktop\RGMC_2026\RGMC\RGMC\data\map\robot29\overlays\1018_overlay.png,C:\Users\PC\Desktop\RGMC_2026\RGMC\RGMC\data\map\robot29\masks\1018_mask.png
1019,0.8971875,0.938125,203.1718357082984,420.62950544844927,1,0.0,0.0483406916739038,0.3594475351374294,1775109313.500983,5,C:\Users\PC\Desktop\RGMC_2026\RGMC\RGMC\data\map\robot29\images\1019.png,C:\Users\PC\Desktop\RGMC_2026\RGMC\RGMC\data\map\robot29\overlays\1019_overlay.png,C:\Users\PC\Desktop\RGMC_2026\RGMC\RGMC\data\map\robot29\masks\1019_mask.png
1020,0.928125,0.938125,203.07207953603978,433.7754763877382,1,0.0,0.030928331461970403,0.12486167531863569,1775109323.8425605,5,C:\Users\PC\Desktop\RGMC_2026\RGMC\RGMC\data\map\robot29\images\1020.png,C:\Users\PC\Desktop\RGMC_2026\RGMC\RGMC\data\map\robot29\overlays\1020_overlay.png,C:\Users\PC\Desktop\RGMC_2026\RGMC\RGMC\data\map\robot29\masks\1020_mask.png
1021,0.9590625,0.938125,202.94644284572342,447.9043824701195,1,0.0,0.0317903964458879,0.03252868936624142,1775109334.4918785,5,C:\Users\PC\Desktop\RGMC_2026\RGMC\RGMC\data\map\robot29\images\1021.png,C:\Users\PC\Desktop\RGMC_2026\RGMC\RGMC\data\map\robot29\overlays\1021_overlay.png,C:\Users\PC\Desktop\RGMC_2026\RGMC\RGMC\data\map\robot29\masks\1021_mask.png
1022,0.99,0.938125,203.622892635315,460.7155477031802,1,0.0,0.056331635064834004,0.04207568326939646,1775109345.453276,5,C:\Users\PC\Desktop\RGMC_2026\RGMC\RGMC\data\map\robot29\images\1022.png,C:\Users\PC\Desktop\RGMC_2026\RGMC\RGMC\data\map\robot29\overlays\1022_overlay.png,C:\Users\PC\Desktop\RGMC_2026\RGMC\RGMC\data\map\robot29\masks\1022_mask.png
1023,0.99,0.9690625,189.54131847725162,460.7412199630314,1,0.0,0.22681720795627675,0.03326843688779314,1775109356.631765,5,C:\Users\PC\Desktop\RGMC_2026\RGMC\RGMC\data\map\robot29\images\1023.png,C:\Users\PC\Desktop\RGMC_2026\RGMC\RGMC\data\map\robot29\overlays\1023_overlay.png,C:\Users\PC\Desktop\RGMC_2026\RGMC\RGMC\data\map\robot29\masks\1023_mask.png
1024,0.9590625,0.9690625,188.56128024980484,448.30030721966205,1,0.0,0.10937363927049906,0.03982682614590029,1775109367.12626,5,C:\Users\PC\Desktop\RGMC_2026\RGMC\RGMC\data\map\robot29\images\1024.png,C:\Users\PC\Desktop\RGMC_2026\RGMC\RGMC\data\map\robot29\overlays\1024_overlay.png,C:\Users\PC\Desktop\RGMC_2026\RGMC\RGMC\data\map\robot29\masks\1024_mask.png
1025,0.928125,0.9690625,188.37194127243066,434.67618270799346,1,0.0,0.021257567966920236,0.06838641705024637,1775109378.029343,5,C:\Users\PC\Desktop\RGMC_2026\RGMC\RGMC\data\map\robot29\images\1025.png,C:\Users\PC\Desktop\RGMC_2026\RGMC\RGMC\data\map\robot29\overlays\1025_overlay.png,C:\Users\PC\Desktop\RGMC_2026\RGMC\RGMC\data\map\robot29\masks\1025_mask.png
1026,0.8971875,0.9690625,188.382176520994,420.9700085689803,1,0.0,0.31354650650661536,0.09147841278030326,1775109388.4334054,5,C:\Users\PC\Desktop\RGMC_2026\RGMC\RGMC\data\map\robot29\images\1026.png,C:\Users\PC\Desktop\RGMC_2026\RGMC\RGMC\data\map\robot29\overlays\1026_overlay.png,C:\Users\PC\Desktop\RGMC_2026\RGMC\RGMC\data\map\robot29\masks\1026_mask.png
1027,0.86625,0.9690625,188.37417763157896,407.30592105263156,1,0.0,0.20395707146746353,0.024793225827038568,1775109399.0954974,5,C:\Users\PC\Desktop\RGMC_2026\RGMC\RGMC\data\map\robot29\images\1027.png,C:\Users\PC\Desktop\RGMC_2026\RGMC\RGMC\data\map\robot29\overlays\1027_overlay.png,C:\Users\PC\Desktop\RGMC_2026\RGMC\RGMC\data\map\robot29\masks\1027_mask.png
1028,0.8353125,0.9690625,189.4190082644628,393.55785123966945,1,0.0,0.3923238486026538,0.0408401017906584,1775109410.3233037,5,C:\Users\PC\Desktop\RGMC_2026\RGMC\RGMC\data\map\robot29\images\1028.png,C:\Users\PC\Desktop\RGMC_2026\RGMC\RGMC\data\map\robot29\overlays\1028_overlay.png,C:\Users\PC\Desktop\RGMC_2026\RGMC\RGMC\data\map\robot29\masks\1028_mask.png
1029,0.804375,0.9690625,188.7201680672269,379.94383906119026,1,0.0,0.08021570904264756,0.059891649728541614,1775109420.6323442,5,C:\Users\PC\Desktop\RGMC_2026\RGMC\RGMC\data\map\robot29\images\1029.png,C:\Users\PC\Desktop\RGMC_2026\RGMC\RGMC\data\map\robot29\overlays\1029_overlay.png,C:\Users\PC\Desktop\RGMC_2026\RGMC\RGMC\data\map\robot29\masks\1029_mask.png
1030,0.7734375,0.9690625,188.47306397306397,366.2570735650768,1,0.0,0.34090433708632534,0.08088446970562256,1775109431.5628061,5,C:\Users\PC\Desktop\RGMC_2026\RGMC\RGMC\data\map\robot29\images\1030.png,C:\Users\PC\Desktop\RGMC_2026\RGMC\RGMC\data\map\robot29\overlays\1030_overlay.png,C:\Users\PC\Desktop\RGMC_2026\RGMC\RGMC\data\map\robot29\masks\1030_mask.png
1031,0.7424999999999999,0.9690625,188.42589437819422,353.19505962521293,1,0.0,0.09915855224732559,0.2845002121941007,1775109444.8749137,5,C:\Users\PC\Desktop\RGMC_2026\RGMC\RGMC\data\map\robot29\images\1031.png,C:\Users\PC\Desktop\RGMC_2026\RGMC\RGMC\data\map\robot29\overlays\1031_overlay.png,C:\Users\PC\Desktop\RGMC_2026\RGMC\RGMC\data\map\robot29\masks\1031_mask.png
1032,0.7115625,0.9690625,188.7217607973422,339.2460515378221,1,0.0,0.379817199011982,0.17625668878455605,1775109457.1686237,5,C:\Users\PC\Desktop\RGMC_2026\RGMC\RGMC\data\map\robot29\images\1032.png,C:\Users\PC\Desktop\RGMC_2026\RGMC\RGMC\data\map\robot29\overlays\1032_overlay.png,C:\Users\PC\Desktop\RGMC_2026\RGMC\RGMC\data\map\robot29\masks\1032_mask.png
1033,0.680625,0.9690625,188.36340425531915,325.58771148708814,1,0.0,0.42526965038444525,0.0431959072939606,1775109468.4140117,5,C:\Users\PC\Desktop\RGMC_2026\RGMC\RGMC\data\map\robot29\images\1033.png,C:\Users\PC\Desktop\RGMC_2026\RGMC\RGMC\data\map\robot29\overlays\1033_overlay.png,C:\Users\PC\Desktop\RGMC_2026\RGMC\RGMC\data\map\robot29\masks\1033_mask.png
1034,0.6496875,0.9690625,189.0956761729531,311.4299909665763,1,0.0,0.07239076410867822,0.4138800323809821,1775109480.4214377,5,C:\Users\PC\Desktop\RGMC_2026\RGMC\RGMC\data\map\robot29\images\1034.png,C:\Users\PC\Desktop\RGMC_2026\RGMC\RGMC\data\map\robot29\overlays\1034_overlay.png,C:\Users\PC\Desktop\RGMC_2026\RGMC\RGMC\data\map\robot29\masks\1034_mask.png
1035,0.61875,0.9690625,188.8740359897172,297.932536293766,1,0.0,0.20010088889512573,0.07233862071692891,1775109491.646851,5,C:\Users\PC\Desktop\RGMC_2026\RGMC\RGMC\data\map\robot29\images\1035.png,C:\Users\PC\Desktop\RGMC_2026\RGMC\RGMC\data\map\robot29\overlays\1035_overlay.png,C:\Users\PC\Desktop\RGMC_2026\RGMC\RGMC\data\map\robot29\masks\1035_mask.png
1036,0.5878125,0.9690625,188.2743288590604,284.2120441051739,1,0.0,0.10698885427635403,0.053414162457069196,1775109503.7038457,5,C:\Users\PC\Desktop\RGMC_2026\RGMC\RGMC\data\map\robot29\images\1036.png,C:\Users\PC\Desktop\RGMC_2026\RGMC\RGMC\data\map\robot29\overlays\1036_overlay.png,C:\Users\PC\Desktop\RGMC_2026\RGMC\RGMC\data\map\robot29\masks\1036_mask.png
1037,0.556875,0.9690625,188.82170344073458,270.3725565092347,1,0.0,0.21276479080291852,0.03280759486222938,1775109515.4696505,4,C:\Users\PC\Desktop\RGMC_2026\RGMC\RGMC\data\map\robot29\images\1037.png,C:\Users\PC\Desktop\RGMC_2026\RGMC\RGMC\data\map\robot29\overlays\1037_overlay.png,C:\Users\PC\Desktop\RGMC_2026\RGMC\RGMC\data\map\robot29\masks\1037_mask.png
1039,0.495,0.9690625,190.04580152671755,234.39057750759878,1,0.0,0.05898417726953563,0.03600775299086605,1775109538.443907,5,C:\Users\PC\Desktop\RGMC_2026\RGMC\RGMC\data\map\robot29\images\1039.png,C:\Users\PC\Desktop\RGMC_2026\RGMC\RGMC\data\map\robot29\overlays\1039_overlay.png,C:\Users\PC\Desktop\RGMC_2026\RGMC\RGMC\data\map\robot29\masks\1039_mask.png
1043,0.37124999999999997,0.9690625,189.31125226860254,188.496336996337,1,0.0,0.23331605294251326,0.028053470066102797,1775109587.2425795,5,C:\Users\PC\Desktop\RGMC_2026\RGMC\RGMC\data\map\robot29\images\1043.png,C:\Users\PC\Desktop\RGMC_2026\RGMC\RGMC\data\map\robot29\overlays\1043_overlay.png,C:\Users\PC\Desktop\RGMC_2026\RGMC\RGMC\data\map\robot29\masks\1043_mask.png
1045,0.309375,0.9690625,190.31825938566553,160.7221269296741,1,0.0,0.256254292171744,0.2443350256879947,1775109611.2699168,5,C:\Users\PC\Desktop\RGMC_2026\RGMC\RGMC\data\map\robot29\images\1045.png,C:\Users\PC\Desktop\RGMC_2026\RGMC\RGMC\data\map\robot29\overlays\1045_overlay.png,C:\Users\PC\Desktop\RGMC_2026\RGMC\RGMC\data\map\robot29\masks\1045_mask.png
1046,0.2784375,0.9690625,190.5753768844221,146.98329156223892,1,0.0,0.01672420863202395,0.03075400073916683,1775109623.0956469,5,C:\Users\PC\Desktop\RGMC_2026\RGMC\RGMC\data\map\robot29\images\1046.png,C:\Users\PC\Desktop\RGMC_2026\RGMC\RGMC\data\map\robot29\overlays\1046_overlay.png,C:\Users\PC\Desktop\RGMC_2026\RGMC\RGMC\data\map\robot29\masks\1046_mask.png
1047,0.2475,0.9690625,190.6323404255319,133.37394247038918,1,0.0,0.06010399487703745,0.05488977483786073,1775109635.345467,5,C:\Users\PC\Desktop\RGMC_2026\RGMC\RGMC\data\map\robot29\images\1047.png,C:\Users\PC\Desktop\RGMC_2026\RGMC\RGMC\data\map\robot29\overlays\1047_overlay.png,C:\Users\PC\Desktop\RGMC_2026\RGMC\RGMC\data\map\robot29\masks\1047_mask.png
1048,0.2165625,0.9690625,190.66639741518577,119.2108239095315,1,0.0,0.053618279526372686,0.03184325201252464,1775109647.2068138,5,C:\Users\PC\Desktop\RGMC_2026\RGMC\RGMC\data\map\robot29\images\1048.png,C:\Users\PC\Desktop\RGMC_2026\RGMC\RGMC\data\map\robot29\overlays\1048_overlay.png,C:\Users\PC\Desktop\RGMC_2026\RGMC\RGMC\data\map\robot29\masks\1048_mask.png
1049,0.18562499999999998,0.9690625,190.8417564208782,105.63960231980116,1,0.0,0.01898389513576967,0.09309865684242041,1775109658.7714558,5,C:\Users\PC\Desktop\RGMC_2026\RGMC\RGMC\data\map\robot29\images\1049.png,C:\Users\PC\Desktop\RGMC_2026\RGMC\RGMC\data\map\robot29\overlays\1049_overlay.png,C:\Users\PC\Desktop\RGMC_2026\RGMC\RGMC\data\map\robot29\masks\1049_mask.png
1050,0.1546875,0.9690625,190.68193384223918,92.12892281594571,1,0.0,0.04775515620374974,0.35803690184325654,1775109671.576215,5,C:\Users\PC\Desktop\RGMC_2026\RGMC\RGMC\data\map\robot29\images\1050.png,C:\Users\PC\Desktop\RGMC_2026\RGMC\RGMC\data\map\robot29\overlays\1050_overlay.png,C:\Users\PC\Desktop\RGMC_2026\RGMC\RGMC\data\map\robot29\masks\1050_mask.png
1051,0.12375,0.9690625,190.90488215488216,77.58922558922559,1,0.0,0.05099834306899696,0.04507118124043533,1775109683.2040846,5,C:\Users\PC\Desktop\RGMC_2026\RGMC\RGMC\data\map\robot29\images\1051.png,C:\Users\PC\Desktop\RGMC_2026\RGMC\RGMC\data\map\robot29\overlays\1051_overlay.png,C:\Users\PC\Desktop\RGMC_2026\RGMC\RGMC\data\map\robot29\masks\1051_mask.png
1052,0.09281249999999999,0.9690625,191.01626016260164,63.9682151589242,1,0.0,0.08913804845974357,0.055564577186556115,1775109695.7662153,5,C:\Users\PC\Desktop\RGMC_2026\RGMC\RGMC\data\map\robot29\images\1052.png,C:\Users\PC\Desktop\RGMC_2026\RGMC\RGMC\data\map\robot29\overlays\1052_overlay.png,C:\Users\PC\Desktop\RGMC_2026\RGMC\RGMC\data\map\robot29\masks\1052_mask.png
1053,0.061875,0.9690625,191.06172839506172,50.42938775510204,1,0.0,0.19669906202652007,0.06351536446026498,1775109706.5396705,5,C:\Users\PC\Desktop\RGMC_2026\RGMC\RGMC\data\map\robot29\images\1053.png,C:\Users\PC\Desktop\RGMC_2026\RGMC\RGMC\data\map\robot29\overlays\1053_overlay.png,C:\Users\PC\Desktop\RGMC_2026\RGMC\RGMC\data\map\robot29\masks\1053_mask.png
1054,0.0309375,0.9690625,191.00168067226892,36.89513422818792,1,0.0,0.036218283132682286,0.026745192847974428,1775109718.784453,5,C:\Users\PC\Desktop\RGMC_2026\RGMC\RGMC\data\map\robot29\images\1054.png,C:\Users\PC\Desktop\RGMC_2026\RGMC\RGMC\data\map\robot29\overlays\1054_overlay.png,C:\Users\PC\Desktop\RGMC_2026\RGMC\RGMC\data\map\robot29\masks\1054_mask.png
1055,0.0,0.9690625,191.12952060555088,22.82522671063479,1,0.0,0.029956755173649728,0.23447918947844829,1775109730.6612842,5,C:\Users\PC\Desktop\RGMC_2026\RGMC\RGMC\data\map\robot29\images\1055.png,C:\Users\PC\Desktop\RGMC_2026\RGMC\RGMC\data\map\robot29\overlays\1055_overlay.png,C:\Users\PC\Desktop\RGMC_2026\RGMC\RGMC\data\map\robot29\masks\1055_mask.png
1056,0.0,1.0,177.2677551020408,21.997542997542997,1,0.0,0.295359136384565,0.10036453992005837,1775109741.409862,5,C:\Users\PC\Desktop\RGMC_2026\RGMC\RGMC\data\map\robot29\images\1056.png,C:\Users\PC\Desktop\RGMC_2026\RGMC\RGMC\data\map\robot29\overlays\1056_overlay.png,C:\Users\PC\Desktop\RGMC_2026\RGMC\RGMC\data\map\robot29\masks\1056_mask.png
1057,0.0309375,1.0,177.3178360101437,36.2157712305026,1,0.0,0.08574842808833782,0.054807744024648594,1775109752.5696208,5,C:\Users\PC\Desktop\RGMC_2026\RGMC\RGMC\data\map\robot29\images\1057.png,C:\Users\PC\Desktop\RGMC_2026\RGMC\RGMC\data\map\robot29\overlays\1057_overlay.png,C:\Users\PC\Desktop\RGMC_2026\RGMC\RGMC\data\map\robot29\masks\1057_mask.png
1058,0.061875,1.0,176.840329218107,49.74814814814815,1,0.0,0.10985306514369908,0.04250857344277513,1775109763.542967,5,C:\Users\PC\Desktop\RGMC_2026\RGMC\RGMC\data\map\robot29\images\1058.png,C:\Users\PC\Desktop\RGMC_2026\RGMC\RGMC\data\map\robot29\overlays\1058_overlay.png,C:\Users\PC\Desktop\RGMC_2026\RGMC\RGMC\data\map\robot29\masks\1058_mask.png
1059,0.09281249999999999,1.0,176.52201761409128,63.50682730923695,1,0.0,0.2877751707424632,0.041802251042990804,1775109775.4007394,5,C:\Users\PC\Desktop\RGMC_2026\RGMC\RGMC\data\map\robot29\images\1059.png,C:\Users\PC\Desktop\RGMC_2026\RGMC\RGMC\data\map\robot29\overlays\1059_overlay.png,C:\Users\PC\Desktop\RGMC_2026\RGMC\RGMC\data\map\robot29\masks\1059_mask.png
1060,0.12375,1.0,176.14957264957266,77.19661016949152,1,0.0,0.0157760259951423,0.05567375112813024,1775109787.5708742,5,C:\Users\PC\Desktop\RGMC_2026\RGMC\RGMC\data\map\robot29\images\1060.png,C:\Users\PC\Desktop\RGMC_2026\RGMC\RGMC\data\map\robot29\overlays\1060_overlay.png,C:\Users\PC\Desktop\RGMC_2026\RGMC\RGMC\data\map\robot29\masks\1060_mask.png
1061,0.1546875,1.0,176.02416666666667,90.73166666666667,1,0.0,0.03652853648820297,0.07081140853865615,1775109799.8324518,5,C:\Users\PC\Desktop\RGMC_2026\RGMC\RGMC\data\map\robot29\images\1061.png,C:\Users\PC\Desktop\RGMC_2026\RGMC\RGMC\data\map\robot29\overlays\1061_overlay.png,C:\Users\PC\Desktop\RGMC_2026\RGMC\RGMC\data\map\robot29\masks\1061_mask.png
1062,0.18562499999999998,1.0,175.8549874266555,105.30930427493713,1,0.0,0.052997120788152344,0.03853216581204049,1775109812.8976805,5,C:\Users\PC\Desktop\RGMC_2026\RGMC\RGMC\data\map\robot29\images\1062.png,C:\Users\PC\Desktop\RGMC_2026\RGMC\RGMC\data\map\robot29\overlays\1062_overlay.png,C:\Users\PC\Desktop\RGMC_2026\RGMC\RGMC\data\map\robot29\masks\1062_mask.png
1063,0.2165625,1.0,175.99252491694352,118.4734219269103,1,0.0,0.03963848736465467,0.10857977381811401,1775109824.3522215,5,C:\Users\PC\Desktop\RGMC_2026\RGMC\RGMC\data\map\robot29\images\1063.png,C:\Users\PC\Desktop\RGMC_2026\RGMC\RGMC\data\map\robot29\overlays\1063_overlay.png,C:\Users\PC\Desktop\RGMC_2026\RGMC\RGMC\data\map\robot29\masks\1063_mask.png
1064,0.2475,1.0,176.10552763819095,132.81924686192468,1,0.0,0.053149903887220254,0.04584706014520469,1775109837.1731112,5,C:\Users\PC\Desktop\RGMC_2026\RGMC\RGMC\data\map\robot29\images\1064.png,C:\Users\PC\Desktop\RGMC_2026\RGMC\RGMC\data\map\robot29\overlays\1064_overlay.png,C:\Users\PC\Desktop\RGMC_2026\RGMC\RGMC\data\map\robot29\masks\1064_mask.png
1065,0.2784375,1.0,176.42046431642305,146.15338474721509,1,0.0,0.16605360634307612,0.04333224498928714,1775109849.2474277,5,C:\Users\PC\Desktop\RGMC_2026\RGMC\RGMC\data\map\robot29\images\1065.png,C:\Users\PC\Desktop\RGMC_2026\RGMC\RGMC\data\map\robot29\overlays\1065_overlay.png,C:\Users\PC\Desktop\RGMC_2026\RGMC\RGMC\data\map\robot29\masks\1065_mask.png
1066,0.309375,1.0,175.99669421487604,159.6532999164578,1,0.0,0.07327700954919546,0.057492940412389316,1775109862.0447178,5,C:\Users\PC\Desktop\RGMC_2026\RGMC\RGMC\data\map\robot29\images\1066.png,C:\Users\PC\Desktop\RGMC_2026\RGMC\RGMC\data\map\robot29\overlays\1066_overlay.png,C:\Users\PC\Desktop\RGMC_2026\RGMC\RGMC\data\map\robot29\masks\1066_mask.png
1067,0.3403125,1.0,176.16909323349466,173.59665825092924,1,0.0,0.07722574224068232,0.02233986266604438,1775109874.2252624,4,C:\Users\PC\Desktop\RGMC_2026\RGMC\RGMC\data\map\robot29\images\1067.png,C:\Users\PC\Desktop\RGMC_2026\RGMC\RGMC\data\map\robot29\overlays\1067_overlay.png,C:\Users\PC\Desktop\RGMC_2026\RGMC\RGMC\data\map\robot29\masks\1067_mask.png
1068,0.37124999999999997,1.0,175.74348534201954,186.8330618892508,1,0.0,0.044407469101790484,0.080551513719246,1775109886.6216562,5,C:\Users\PC\Desktop\RGMC_2026\RGMC\RGMC\data\map\robot29\images\1068.png,C:\Users\PC\Desktop\RGMC_2026\RGMC\RGMC\data\map\robot29\overlays\1068_overlay.png,C:\Users\PC\Desktop\RGMC_2026\RGMC\RGMC\data\map\robot29\masks\1068_mask.png
1071,0.4640625,1.0,175.02382908792111,227.4593262119967,1,0.0,0.24172164094562562,0.4602650027915525,1775109923.1864648,5,C:\Users\PC\Desktop\RGMC_2026\RGMC\RGMC\data\map\robot29\images\1071.png,C:\Users\PC\Desktop\RGMC_2026\RGMC\RGMC\data\map\robot29\overlays\1071_overlay.png,C:\Users\PC\Desktop\RGMC_2026\RGMC\RGMC\data\map\robot29\masks\1071_mask.png
1072,0.495,1.0,175.31456953642385,232.69205298013244,1,0.0,0.11240949005986374,0.5533966960316428,1775109934.890523,5,C:\Users\PC\Desktop\RGMC_2026\RGMC\RGMC\data\map\robot29\images\1072.png,C:\Users\PC\Desktop\RGMC_2026\RGMC\RGMC\data\map\robot29\overlays\1072_overlay.png,C:\Users\PC\Desktop\RGMC_2026\RGMC\RGMC\data\map\robot29\masks\1072_mask.png
1073,0.5259375,1.0,175.25752773375595,256.1699449252557,1,0.0,0.027247247279490915,0.06395368297962811,1775109947.0569882,5,C:\Users\PC\Desktop\RGMC_2026\RGMC\RGMC\data\map\robot29\images\1073.png,C:\Users\PC\Desktop\RGMC_2026\RGMC\RGMC\data\map\robot29\overlays\1073_overlay.png,C:\Users\PC\Desktop\RGMC_2026\RGMC\RGMC\data\map\robot29\masks\1073_mask.png
1074,0.556875,1.0,175.30977814297452,269.63583815028903,1,0.0,0.033749014984885015,0.029940910260997725,1775109958.4223378,5,C:\Users\PC\Desktop\RGMC_2026\RGMC\RGMC\data\map\robot29\images\1074.png,C:\Users\PC\Desktop\RGMC_2026\RGMC\RGMC\data\map\robot29\overlays\1074_overlay.png,C:\Users\PC\Desktop\RGMC_2026\RGMC\RGMC\data\map\robot29\masks\1074_mask.png
1075,0.5878125,1.0,175.2783251231527,282.88524590163934,1,0.0,0.033360158250397995,0.04305023492125607,1775109971.7683823,5,C:\Users\PC\Desktop\RGMC_2026\RGMC\RGMC\data\map\robot29\images\1075.png,C:\Users\PC\Desktop\RGMC_2026\RGMC\RGMC\data\map\robot29\overlays\1075_overlay.png,C:\Users\PC\Desktop\RGMC_2026\RGMC\RGMC\data\map\robot29\masks\1075_mask.png
1076,0.61875,1.0,175.90145672664954,297.74978650725876,1,0.0,0.058841785617691114,0.030318753467803435,1775109983.717796,5,C:\Users\PC\Desktop\RGMC_2026\RGMC\RGMC\data\map\robot29\images\1076.png,C:\Users\PC\Desktop\RGMC_2026\RGMC\RGMC\data\map\robot29\overlays\1076_overlay.png,C:\Users\PC\Desktop\RGMC_2026\RGMC\RGMC\data\map\robot29\masks\1076_mask.png
1077,0.6496875,1.0,175.18827415359206,310.26973684210526,1,0.0,0.0460365618405653,0.1319516128425412,1775109995.6864622,5,C:\Users\PC\Desktop\RGMC_2026\RGMC\RGMC\data\map\robot29\images\1077.png,C:\Users\PC\Desktop\RGMC_2026\RGMC\RGMC\data\map\robot29\overlays\1077_overlay.png,C:\Users\PC\Desktop\RGMC_2026\RGMC\RGMC\data\map\robot29\masks\1077_mask.png
1078,0.680625,1.0,175.6076923076923,324.8786324786325,1,0.0,0.04204779457969364,0.0734307754888129,1775110006.9692247,5,C:\Users\PC\Desktop\RGMC_2026\RGMC\RGMC\data\map\robot29\images\1078.png,C:\Users\PC\Desktop\RGMC_2026\RGMC\RGMC\data\map\robot29\overlays\1078_overlay.png,C:\Users\PC\Desktop\RGMC_2026\RGMC\RGMC\data\map\robot29\masks\1078_mask.png
1079,0.7115625,1.0,175.45484672742336,337.9269709543568,1,0.0,0.03946010874958075,0.1136680176990794,1775110019.023454,5,C:\Users\PC\Desktop\RGMC_2026\RGMC\RGMC\data\map\robot29\images\1079.png,C:\Users\PC\Desktop\RGMC_2026\RGMC\RGMC\data\map\robot29\overlays\1079_overlay.png,C:\Users\PC\Desktop\RGMC_2026\RGMC\RGMC\data\map\robot29\masks\1079_mask.png
1080,0.7424999999999999,1.0,175.32348242811503,351.6239935587762,1,0.0,0.051425054426293144,0.0698671516402525,1775110030.22376,5,C:\Users\PC\Desktop\RGMC_2026\RGMC\RGMC\data\map\robot29\images\1080.png,C:\Users\PC\Desktop\RGMC_2026\RGMC\RGMC\data\map\robot29\overlays\1080_overlay.png,C:\Users\PC\Desktop\RGMC_2026\RGMC\RGMC\data\map\robot29\masks\1080_mask.png
1081,0.7734375,1.0,175.7893864013267,365.78304239401496,1,0.0,0.06974900654254002,0.04330625944238212,1775110041.3806295,5,C:\Users\PC\Desktop\RGMC_2026\RGMC\RGMC\data\map\robot29\images\1081.png,C:\Users\PC\Desktop\RGMC_2026\RGMC\RGMC\data\map\robot29\overlays\1081_overlay.png,C:\Users\PC\Desktop\RGMC_2026\RGMC\RGMC\data\map\robot29\masks\1081_mask.png
1082,0.804375,1.0,175.46293245469522,378.9496284062758,1,0.0,0.04411595286953546,0.08956938700418397,1775110052.2389677,5,C:\Users\PC\Desktop\RGMC_2026\RGMC\RGMC\data\map\robot29\images\1082.png,C:\Users\PC\Desktop\RGMC_2026\RGMC\RGMC\data\map\robot29\overlays\1082_overlay.png,C:\Users\PC\Desktop\RGMC_2026\RGMC\RGMC\data\map\robot29\masks\1082_mask.png
1083,0.8353125,1.0,175.47256347256348,393.56511056511056,1,0.0,0.039664549311431506,0.05978464464380606,1775110063.0181985,5,C:\Users\PC\Desktop\RGMC_2026\RGMC\RGMC\data\map\robot29\images\1083.png,C:\Users\PC\Desktop\RGMC_2026\RGMC\RGMC\data\map\robot29\overlays\1083_overlay.png,C:\Users\PC\Desktop\RGMC_2026\RGMC\RGMC\data\map\robot29\masks\1083_mask.png
1084,0.86625,1.0,175.40632603406326,407.20765472312706,1,0.0,0.05443396357493935,0.11278132302353898,1775110074.3462327,5,C:\Users\PC\Desktop\RGMC_2026\RGMC\RGMC\data\map\robot29\images\1084.png,C:\Users\PC\Desktop\RGMC_2026\RGMC\RGMC\data\map\robot29\overlays\1084_overlay.png,C:\Users\PC\Desktop\RGMC_2026\RGMC\RGMC\data\map\robot29\masks\1084_mask.png
1085,0.8971875,1.0,175.57487520798668,420.83194675540767,1,0.0,0.042039028332856894,0.12316342379115042,1775110084.964092,5,C:\Users\PC\Desktop\RGMC_2026\RGMC\RGMC\data\map\robot29\images\1085.png,C:\Users\PC\Desktop\RGMC_2026\RGMC\RGMC\data\map\robot29\overlays\1085_overlay.png,C:\Users\PC\Desktop\RGMC_2026\RGMC\RGMC\data\map\robot29\masks\1085_mask.png
1086,0.928125,1.0,175.45230263157896,434.2430441898527,1,0.0,0.04249675091133608,0.09684480846257269,1775110096.1388748,5,C:\Users\PC\Desktop\RGMC_2026\RGMC\RGMC\data\map\robot29\images\1086.png,C:\Users\PC\Desktop\RGMC_2026\RGMC\RGMC\data\map\robot29\overlays\1086_overlay.png,C:\Users\PC\Desktop\RGMC_2026\RGMC\RGMC\data\map\robot29\masks\1086_mask.png
1087,0.9590625,1.0,175.34274509803922,448.22932917316695,1,0.0,0.04785944386403272,0.01673903525496706,1775110109.4558964,5,C:\Users\PC\Desktop\RGMC_2026\RGMC\RGMC\data\map\robot29\images\1087.png,C:\Users\PC\Desktop\RGMC_2026\RGMC\RGMC\data\map\robot29\overlays\1087_overlay.png,C:\Users\PC\Desktop\RGMC_2026\RGMC\RGMC\data\map\robot29\masks\1087_mask.png
1088,0.99,1.0,175.54068241469815,460.5895652173913,1,0.0,0.028627561382613496,0.05448307295359178,1775110123.9165807,5,C:\Users\PC\Desktop\RGMC_2026\RGMC\RGMC\data\map\robot29\images\1088.png,C:\Users\PC\Desktop\RGMC_2026\RGMC\RGMC\data\map\robot29\overlays\1088_overlay.png,C:\Users\PC\Desktop\RGMC_2026\RGMC\RGMC\data\map\robot29\masks\1088_mask.png
905,0.556875,0.8453125,245.58236865538734,269.67665758401455,1,0.0,0.23153772474842604,0.08501867103762939,1775110204.5717773,5,C:\Users\PC\Desktop\RGMC_2026\RGMC\RGMC\data\map\robot29\images\0905.png,C:\Users\PC\Desktop\RGMC_2026\RGMC\RGMC\data\map\robot29\overlays\0905_overlay.png,C:\Users\PC\Desktop\RGMC_2026\RGMC\RGMC\data\map\robot29\masks\0905_mask.png
906,0.5259375,0.8453125,244.7786474500066,256.21650017871593,1,0.0,0.1623780704664783,0.11832954321383325,1775110217.6061778,4,C:\Users\PC\Desktop\RGMC_2026\RGMC\RGMC\data\map\robot29\images\0906.png,C:\Users\PC\Desktop\RGMC_2026\RGMC\RGMC\data\map\robot29\overlays\0906_overlay.png,.
1040,0.4640625,0.9690625,189.58957952468006,228.2513661202186,1,0.0,0.0571390393835876,0.8223056138240186,1775110345.268582,5,C:\Users\PC\Desktop\RGMC_2026\RGMC\RGMC\data\map\robot29\images\1040.png,C:\Users\PC\Desktop\RGMC_2026\RGMC\RGMC\data\map\robot29\overlays\1040_overlay.png,C:\Users\PC\Desktop\RGMC_2026\RGMC\RGMC\data\map\robot29\masks\1040_mask.png
1069,0.4021875,1.0,175.442996742671,201.42431561996779,1,0.0,0.03705074566545163,0.08375520965140061,1775110397.597819,3,C:\Users\PC\Desktop\RGMC_2026\RGMC\RGMC\data\map\robot29\images\1069.png,C:\Users\PC\Desktop\RGMC_2026\RGMC\RGMC\data\map\robot29\overlays\1069_overlay.png,C:\Users\PC\Desktop\RGMC_2026\RGMC\RGMC\data\map\robot29\masks\1069_mask.png
