idx,x,y,z,u,v,ok,confidence,std_u,std_v,timestamp,n_valid,image_path,overlay_path,mask_path
0,0.02,0.0,0.0,594.2927094668117,29.604803493449783,1,0.0,0.028946968678038844,0.044579054868549926,1779116785.3889327,5,/Users/kimsumin/projects/RGMC/data/map/robot8/images/0000.png,/Users/kimsumin/projects/RGMC/data/map/robot8/overlays/0000_overlay.png,/Users/kimsumin/projects/RGMC/data/map/robot8/masks/0000_mask.png
1,0.049687499999999996,0.0,0.0,594.4137931034483,41.96713362068966,1,0.0,0.044544360119336296,0.04323468486104253,1779116797.3821774,5,/Users/kimsumin/projects/RGMC/data/map/robot8/images/0001.png,/Users/kimsumin/projects/RGMC/data/map/robot8/overlays/0001_overlay.png,/Users/kimsumin/projects/RGMC/data/map/robot8/masks/0001_mask.png
2,0.079375,0.0,0.0,594.2969696969697,55.651598676957,1,0.0,0.02418311961123258,0.08849476255628493,1779116809.1438408,5,/Users/kimsumin/projects/RGMC/data/map/robot8/images/0002.png,/Users/kimsumin/projects/RGMC/data/map/robot8/overlays/0002_overlay.png,/Users/kimsumin/projects/RGMC/data/map/robot8/masks/0002_mask.png
3,0.10906249999999999,0.0,0.0,594.3805601317957,68.87808896210873,1,0.0,0.264658927590675,0.044007550956163405,1779116821.0915513,5,/Users/kimsumin/projects/RGMC/data/map/robot8/images/0003.png,/Users/kimsumin/projects/RGMC/data/map/robot8/overlays/0003_overlay.png,/Users/kimsumin/projects/RGMC/data/map/robot8/masks/0003_mask.png
4,0.13874999999999998,0.0,0.0,594.3761618370694,81.90698954320308,1,0.0,0.031211846365187368,0.05442840586446783,1779116832.7048156,5,/Users/kimsumin/projects/RGMC/data/map/robot8/images/0004.png,/Users/kimsumin/projects/RGMC/data/map/robot8/overlays/0004_overlay.png,/Users/kimsumin/projects/RGMC/data/map/robot8/masks/0004_mask.png
5,0.1684375,0.0,0.0,594.2167405764967,95.58086177951874,1,0.0,0.01607622685746167,0.19715237174021,1779116844.8847778,5,/Users/kimsumin/projects/RGMC/data/map/robot8/images/0005.png,/Users/kimsumin/projects/RGMC/data/map/robot8/overlays/0005_overlay.png,/Users/kimsumin/projects/RGMC/data/map/robot8/masks/0005_mask.png
6,0.19812499999999997,0.0,0.0,594.1088948787062,108.59140369967356,1,0.0,0.03477024840159389,0.061728012288662246,1779116856.760723,5,/Users/kimsumin/projects/RGMC/data/map/robot8/images/0006.png,/Users/kimsumin/projects/RGMC/data/map/robot8/overlays/0006_overlay.png,/Users/kimsumin/projects/RGMC/data/map/robot8/masks/0006_mask.png
7,0.22781249999999997,0.0,0.0,594.1486486486486,121.41739130434783,1,0.0,0.04355054560619061,0.07689349333954391,1779116869.0521603,5,/Users/kimsumin/projects/RGMC/data/map/robot8/images/0007.png,/Users/kimsumin/projects/RGMC/data/map/robot8/overlays/0007_overlay.png,/Users/kimsumin/projects/RGMC/data/map/robot8/masks/0007_mask.png
8,0.2575,0.0,0.0,594.0788590604027,135.3221288515406,1,0.0,0.056950647762512935,0.10322602439335371,1779116881.337839,5,/Users/kimsumin/projects/RGMC/data/map/robot8/images/0008.png,/Users/kimsumin/projects/RGMC/data/map/robot8/overlays/0008_overlay.png,/Users/kimsumin/projects/RGMC/data/map/robot8/masks/0008_mask.png
9,0.2871875,0.0,0.0,593.9562084257207,148.45867542419268,1,0.0,0.05147569757456471,0.08935583812988694,1779116893.5229406,5,/Users/kimsumin/projects/RGMC/data/map/robot8/images/0009.png,/Users/kimsumin/projects/RGMC/data/map/robot8/overlays/0009_overlay.png,/Users/kimsumin/projects/RGMC/data/map/robot8/masks/0009_mask.png
10,0.316875,0.0,0.0,593.9116052060738,161.42213781877373,1,0.0,0.024298570043988027,0.09523635227286009,1779116906.0098598,5,/Users/kimsumin/projects/RGMC/data/map/robot8/images/0010.png,/Users/kimsumin/projects/RGMC/data/map/robot8/overlays/0010_overlay.png,/Users/kimsumin/projects/RGMC/data/map/robot8/masks/0010_mask.png
11,0.3465625,0.0,0.0,593.8322259136213,175.01500833796553,1,0.0,0.07682637327700405,0.1202521457649499,1779116918.510191,5,/Users/kimsumin/projects/RGMC/data/map/robot8/images/0011.png,/Users/kimsumin/projects/RGMC/data/map/robot8/overlays/0011_overlay.png,/Users/kimsumin/projects/RGMC/data/map/robot8/masks/0011_mask.png
12,0.37625,0.0,0.0,593.690514905149,188.43633369923162,1,0.0,0.43673626985336095,0.2360567227072066,1779116930.9967325,5,/Users/kimsumin/projects/RGMC/data/map/robot8/images/0012.png,/Users/kimsumin/projects/RGMC/data/map/robot8/overlays/0012_overlay.png,/Users/kimsumin/projects/RGMC/data/map/robot8/masks/0012_mask.png
13,0.4059375,0.0,0.0,593.7517577068686,201.3479200432199,1,0.0,0.02827158017674289,0.013192355016203772,1779116943.1834345,5,/Users/kimsumin/projects/RGMC/data/map/robot8/images/0013.png,/Users/kimsumin/projects/RGMC/data/map/robot8/overlays/0013_overlay.png,/Users/kimsumin/projects/RGMC/data/map/robot8/masks/0013_mask.png
14,0.435625,0.0,0.0,593.5253583241455,214.34454244762955,1,0.0,0.04788180195711516,0.09675458471146323,1779116955.1696773,5,/Users/kimsumin/projects/RGMC/data/map/robot8/images/0014.png,/Users/kimsumin/projects/RGMC/data/map/robot8/overlays/0014_overlay.png,/Users/kimsumin/projects/RGMC/data/map/robot8/masks/0014_mask.png
15,0.4653125,0.0,0.0,593.5494938132733,227.9392575928009,1,0.0,0.04332787860342545,0.16991928663767478,1779116967.14945,5,/Users/kimsumin/projects/RGMC/data/map/robot8/images/0015.png,/Users/kimsumin/projects/RGMC/data/map/robot8/overlays/0015_overlay.png,/Users/kimsumin/projects/RGMC/data/map/robot8/masks/0015_mask.png
16,0.495,0.0,0.0,592.4308510638298,240.82021276595745,1,0.0,0.06588616182453604,0.11409351956278936,1779116979.3349442,5,/Users/kimsumin/projects/RGMC/data/map/robot8/images/0016.png,/Users/kimsumin/projects/RGMC/data/map/robot8/overlays/0016_overlay.png,/Users/kimsumin/projects/RGMC/data/map/robot8/masks/0016_mask.png
17,0.5246875,0.0,0.0,593.2137276785714,254.9036954087346,1,0.0,0.06454825489462333,0.3173372168513252,1779116991.5247364,5,/Users/kimsumin/projects/RGMC/data/map/robot8/images/0017.png,/Users/kimsumin/projects/RGMC/data/map/robot8/overlays/0017_overlay.png,/Users/kimsumin/projects/RGMC/data/map/robot8/masks/0017_mask.png
18,0.554375,0.0,0.0,593.2857142857143,267.7955182072829,1,0.0,0.4053348137188177,0.06358516624860734,1779117003.6036232,5,/Users/kimsumin/projects/RGMC/data/map/robot8/images/0018.png,/Users/kimsumin/projects/RGMC/data/map/robot8/overlays/0018_overlay.png,/Users/kimsumin/projects/RGMC/data/map/robot8/masks/0018_mask.png
19,0.5840625,0.0,0.0,593.6048891415577,280.30965909090907,1,0.0,0.022255099083474478,0.123734024704568,1779117015.812117,5,/Users/kimsumin/projects/RGMC/data/map/robot8/images/0019.png,/Users/kimsumin/projects/RGMC/data/map/robot8/overlays/0019_overlay.png,/Users/kimsumin/projects/RGMC/data/map/robot8/masks/0019_mask.png
20,0.61375,0.0,0.0,593.3822525597269,294.6550343249428,1,0.0,0.44849888289339923,0.04829506180684328,1779117027.7690632,5,/Users/kimsumin/projects/RGMC/data/map/robot8/images/0020.png,/Users/kimsumin/projects/RGMC/data/map/robot8/overlays/0020_overlay.png,/Users/kimsumin/projects/RGMC/data/map/robot8/masks/0020_mask.png
21,0.6434375,0.0,0.0,593.5241066364152,307.7018140589569,1,0.0,0.07781359313668353,0.04633864631174064,1779117040.470563,5,/Users/kimsumin/projects/RGMC/data/map/robot8/images/0021.png,/Users/kimsumin/projects/RGMC/data/map/robot8/overlays/0021_overlay.png,/Users/kimsumin/projects/RGMC/data/map/robot8/masks/0021_mask.png
22,0.673125,0.0,0.0,593.5909090909091,319.84912081678954,1,0.0,0.09574801202185282,0.06908550699482213,1779117052.6658728,5,/Users/kimsumin/projects/RGMC/data/map/robot8/images/0022.png,/Users/kimsumin/projects/RGMC/data/map/robot8/overlays/0022_overlay.png,/Users/kimsumin/projects/RGMC/data/map/robot8/masks/0022_mask.png
23,0.7028125,0.0,0.0,593.4429874572406,334.58257403189066,1,0.0,0.03725628436648609,0.03863277145309208,1779117064.9481938,5,/Users/kimsumin/projects/RGMC/data/map/robot8/images/0023.png,/Users/kimsumin/projects/RGMC/data/map/robot8/overlays/0023_overlay.png,/Users/kimsumin/projects/RGMC/data/map/robot8/masks/0023_mask.png
24,0.7324999999999999,0.0,0.0,593.5752565564425,347.64285714285717,1,0.0,0.03523941264632625,0.06703798230036238,1779117077.1288435,5,/Users/kimsumin/projects/RGMC/data/map/robot8/images/0024.png,/Users/kimsumin/projects/RGMC/data/map/robot8/overlays/0024_overlay.png,/Users/kimsumin/projects/RGMC/data/map/robot8/masks/0024_mask.png
25,0.7621875,0.0,0.0,593.4969118472768,360.61266816143495,1,0.0,0.016880945240429334,0.07713030325858827,1779117089.3128166,5,/Users/kimsumin/projects/RGMC/data/map/robot8/images/0025.png,/Users/kimsumin/projects/RGMC/data/map/robot8/overlays/0025_overlay.png,/Users/kimsumin/projects/RGMC/data/map/robot8/masks/0025_mask.png
26,0.791875,0.0,0.0,593.238510762071,374.69649122807016,1,0.0,0.03898565433145991,0.024013708153614435,1779117101.298618,5,/Users/kimsumin/projects/RGMC/data/map/robot8/images/0026.png,/Users/kimsumin/projects/RGMC/data/map/robot8/overlays/0026_overlay.png,/Users/kimsumin/projects/RGMC/data/map/robot8/masks/0026_mask.png
27,0.8215625,0.0,0.0,593.3038705950318,387.35181975736566,1,0.0,0.07599821684975828,0.09461818179075097,1779117113.4745264,5,/Users/kimsumin/projects/RGMC/data/map/robot8/images/0027.png,/Users/kimsumin/projects/RGMC/data/map/robot8/overlays/0027_overlay.png,/Users/kimsumin/projects/RGMC/data/map/robot8/masks/0027_mask.png
28,0.85125,0.0,0.0,593.2386363636364,400.3520408163265,1,0.0,0.028036238561910003,0.06252697013743606,1779117126.586228,5,/Users/kimsumin/projects/RGMC/data/map/robot8/images/0028.png,/Users/kimsumin/projects/RGMC/data/map/robot8/overlays/0028_overlay.png,/Users/kimsumin/projects/RGMC/data/map/robot8/masks/0028_mask.png
29,0.8809374999999999,0.0,0.0,593.0668973471742,414.6551326412918,1,0.0,0.05185794118846876,0.03643728310831509,1779117138.738431,5,/Users/kimsumin/projects/RGMC/data/map/robot8/images/0029.png,/Users/kimsumin/projects/RGMC/data/map/robot8/overlays/0029_overlay.png,/Users/kimsumin/projects/RGMC/data/map/robot8/masks/0029_mask.png
30,0.910625,0.0,0.0,592.9822958309537,427.42857142857144,1,0.0,0.08217926663048793,0.0581367022370288,1779117150.5632293,5,/Users/kimsumin/projects/RGMC/data/map/robot8/images/0030.png,/Users/kimsumin/projects/RGMC/data/map/robot8/overlays/0030_overlay.png,/Users/kimsumin/projects/RGMC/data/map/robot8/masks/0030_mask.png
31,0.9403125,0.0,0.0,592.0938606847698,440.98283007696864,1,0.0,0.44933402264305633,0.10847512360308406,1779117162.6420183,5,/Users/kimsumin/projects/RGMC/data/map/robot8/images/0031.png,/Users/kimsumin/projects/RGMC/data/map/robot8/overlays/0031_overlay.png,/Users/kimsumin/projects/RGMC/data/map/robot8/masks/0031_mask.png
32,0.97,0.0,0.0,593.0875739644971,454.15384615384613,1,0.0,0.0595250118622397,0.05056466328958373,1779117174.5138783,5,/Users/kimsumin/projects/RGMC/data/map/robot8/images/0032.png,/Users/kimsumin/projects/RGMC/data/map/robot8/overlays/0032_overlay.png,/Users/kimsumin/projects/RGMC/data/map/robot8/masks/0032_mask.png
33,0.97,0.03125,0.0,577.8529924462522,454.28121353558925,1,0.0,0.057335364967184874,0.03964133490909526,1779117186.594108,5,/Users/kimsumin/projects/RGMC/data/map/robot8/images/0033.png,/Users/kimsumin/projects/RGMC/data/map/robot8/overlays/0033_overlay.png,/Users/kimsumin/projects/RGMC/data/map/robot8/masks/0033_mask.png
34,0.9403125,0.03125,0.0,577.7402311502476,441.54540451293343,1,0.0,0.06215041219300356,0.021964015902110057,1779117199.7060235,5,/Users/kimsumin/projects/RGMC/data/map/robot8/images/0034.png,/Users/kimsumin/projects/RGMC/data/map/robot8/overlays/0034_overlay.png,/Users/kimsumin/projects/RGMC/data/map/robot8/masks/0034_mask.png
35,0.910625,0.03125,0.0,577.6443066516347,428.0310383747178,1,0.0,0.022741433151001345,0.011679433400511668,1779117211.7851996,5,/Users/kimsumin/projects/RGMC/data/map/robot8/images/0035.png,/Users/kimsumin/projects/RGMC/data/map/robot8/overlays/0035_overlay.png,/Users/kimsumin/projects/RGMC/data/map/robot8/masks/0035_mask.png
36,0.8809374999999999,0.03125,0.0,577.7709750566894,415.11641113003975,1,0.0,0.04791678971518189,0.08214471588325209,1779117223.6659167,5,/Users/kimsumin/projects/RGMC/data/map/robot8/images/0036.png,/Users/kimsumin/projects/RGMC/data/map/robot8/overlays/0036_overlay.png,/Users/kimsumin/projects/RGMC/data/map/robot8/masks/0036_mask.png
37,0.85125,0.03125,0.0,577.8964365256124,401.13084632516706,1,0.0,0.015786033841219793,0.029724876970108113,1779117236.0521576,5,/Users/kimsumin/projects/RGMC/data/map/robot8/images/0037.png,/Users/kimsumin/projects/RGMC/data/map/robot8/overlays/0037_overlay.png,/Users/kimsumin/projects/RGMC/data/map/robot8/masks/0037_mask.png
38,0.8215625,0.03125,0.0,577.883094555874,387.9157593123209,1,0.0,0.0220157380039505,0.05567149552592864,1779117248.0334039,5,/Users/kimsumin/projects/RGMC/data/map/robot8/images/0038.png,/Users/kimsumin/projects/RGMC/data/map/robot8/overlays/0038_overlay.png,/Users/kimsumin/projects/RGMC/data/map/robot8/masks/0038_mask.png
39,0.791875,0.03125,0.0,577.9508009153318,374.79609419873634,1,0.0,0.06220183230235833,0.07837699673271746,1779117259.9265423,5,/Users/kimsumin/projects/RGMC/data/map/robot8/images/0039.png,/Users/kimsumin/projects/RGMC/data/map/robot8/overlays/0039_overlay.png,/Users/kimsumin/projects/RGMC/data/map/robot8/masks/0039_mask.png
40,0.7621875,0.03125,0.0,578.1982378854625,361.0599666851749,1,0.0,0.03621325530046288,0.01909703807724534,1779117271.7902205,5,/Users/kimsumin/projects/RGMC/data/map/robot8/images/0040.png,/Users/kimsumin/projects/RGMC/data/map/robot8/overlays/0040_overlay.png,/Users/kimsumin/projects/RGMC/data/map/robot8/masks/0040_mask.png
41,0.7324999999999999,0.03125,0.0,578.16875,347.74646293152233,1,0.0,0.06672451480048093,0.040867225818924,1779117283.7695837,5,/Users/kimsumin/projects/RGMC/data/map/robot8/images/0041.png,/Users/kimsumin/projects/RGMC/data/map/robot8/overlays/0041_overlay.png,/Users/kimsumin/projects/RGMC/data/map/robot8/masks/0041_mask.png
42,0.7028125,0.03125,0.0,578.1795311606633,334.951205510907,1,0.0,0.01695320291418957,0.05441999570553836,1779117295.8672633,5,/Users/kimsumin/projects/RGMC/data/map/robot8/images/0042.png,/Users/kimsumin/projects/RGMC/data/map/robot8/overlays/0042_overlay.png,/Users/kimsumin/projects/RGMC/data/map/robot8/masks/0042_mask.png
43,0.673125,0.03125,0.0,578.1660188784009,320.9822024471635,1,0.0,0.02209566010803009,0.04859959294670829,1779117308.0465677,5,/Users/kimsumin/projects/RGMC/data/map/robot8/images/0043.png,/Users/kimsumin/projects/RGMC/data/map/robot8/overlays/0043_overlay.png,/Users/kimsumin/projects/RGMC/data/map/robot8/masks/0043_mask.png
44,0.6434375,0.03125,0.0,578.2574370709382,307.95761741122567,1,0.0,0.06663439560549751,0.0884697317772074,1779117320.2356968,5,/Users/kimsumin/projects/RGMC/data/map/robot8/images/0044.png,/Users/kimsumin/projects/RGMC/data/map/robot8/overlays/0044_overlay.png,/Users/kimsumin/projects/RGMC/data/map/robot8/masks/0044_mask.png
45,0.61375,0.03125,0.0,578.9773730684327,294.8056923918993,1,0.0,0.02685816520289643,0.041119902614051226,1779117332.9294956,5,/Users/kimsumin/projects/RGMC/data/map/robot8/images/0045.png,/Users/kimsumin/projects/RGMC/data/map/robot8/overlays/0045_overlay.png,/Users/kimsumin/projects/RGMC/data/map/robot8/masks/0045_mask.png
46,0.5840625,0.03125,0.0,578.458942632171,281.3082114735658,1,0.0,0.030146322322924593,0.07503906323788337,1779117345.5228276,5,/Users/kimsumin/projects/RGMC/data/map/robot8/images/0046.png,/Users/kimsumin/projects/RGMC/data/map/robot8/overlays/0046_overlay.png,/Users/kimsumin/projects/RGMC/data/map/robot8/masks/0046_mask.png
47,0.554375,0.03125,0.0,578.3335220838052,267.9546998867497,1,0.0,0.0301637699153385,0.08050376921033758,1779117357.0605075,5,/Users/kimsumin/projects/RGMC/data/map/robot8/images/0047.png,/Users/kimsumin/projects/RGMC/data/map/robot8/overlays/0047_overlay.png,/Users/kimsumin/projects/RGMC/data/map/robot8/masks/0047_mask.png
48,0.5246875,0.03125,0.0,578.7941662080352,255.0571742715778,1,0.0,0.25386694710452457,0.13120946571437,1779117367.7797532,5,/Users/kimsumin/projects/RGMC/data/map/robot8/images/0048.png,/Users/kimsumin/projects/RGMC/data/map/robot8/overlays/0048_overlay.png,/Users/kimsumin/projects/RGMC/data/map/robot8/masks/0048_mask.png
49,0.495,0.03125,0.0,578.3255425709516,241.64944444444444,1,0.0,0.06282878208656802,0.34642850346304643,1779117378.5436964,5,/Users/kimsumin/projects/RGMC/data/map/robot8/images/0049.png,/Users/kimsumin/projects/RGMC/data/map/robot8/overlays/0049_overlay.png,/Users/kimsumin/projects/RGMC/data/map/robot8/masks/0049_mask.png
50,0.4653125,0.03125,0.0,578.3683048039757,228.61333333333334,1,0.0,0.27260547195891965,0.110645677197127,1779117389.2528176,5,/Users/kimsumin/projects/RGMC/data/map/robot8/images/0050.png,/Users/kimsumin/projects/RGMC/data/map/robot8/overlays/0050_overlay.png,/Users/kimsumin/projects/RGMC/data/map/robot8/masks/0050_mask.png
51,0.435625,0.03125,0.0,578.4003359462486,215.3335201793722,1,0.0,0.19062873414481463,0.10266638526790701,1779117400.05304,5,/Users/kimsumin/projects/RGMC/data/map/robot8/images/0051.png,/Users/kimsumin/projects/RGMC/data/map/robot8/overlays/0051_overlay.png,/Users/kimsumin/projects/RGMC/data/map/robot8/masks/0051_mask.png
52,0.4059375,0.03125,0.0,578.5087431693989,201.42661555312156,1,0.0,0.3155129134585105,0.08730871298489323,1779117411.2562907,5,/Users/kimsumin/projects/RGMC/data/map/robot8/images/0052.png,/Users/kimsumin/projects/RGMC/data/map/robot8/overlays/0052_overlay.png,/Users/kimsumin/projects/RGMC/data/map/robot8/masks/0052_mask.png
53,0.37625,0.03125,0.0,579.3541778975741,188.50536480686696,1,0.0,0.3528682915302023,0.11637119078539,1779117421.98541,5,/Users/kimsumin/projects/RGMC/data/map/robot8/images/0053.png,/Users/kimsumin/projects/RGMC/data/map/robot8/overlays/0053_overlay.png,/Users/kimsumin/projects/RGMC/data/map/robot8/masks/0053_mask.png
54,0.3465625,0.03125,0.0,579.5399568034558,174.96015078082928,1,0.0,0.05666427977048088,0.14474962832836616,1779117432.9487293,5,/Users/kimsumin/projects/RGMC/data/map/robot8/images/0054.png,/Users/kimsumin/projects/RGMC/data/map/robot8/overlays/0054_overlay.png,/Users/kimsumin/projects/RGMC/data/map/robot8/masks/0054_mask.png
55,0.316875,0.03125,0.0,579.4005263157894,161.71473851030112,1,0.0,0.04178605171341355,0.05822853787187344,1779117444.8558006,5,/Users/kimsumin/projects/RGMC/data/map/robot8/images/0055.png,/Users/kimsumin/projects/RGMC/data/map/robot8/overlays/0055_overlay.png,/Users/kimsumin/projects/RGMC/data/map/robot8/masks/0055_mask.png
56,0.2871875,0.03125,0.0,579.8172213417855,148.6809297411516,1,0.0,0.06863353986198827,0.05968367875836802,1779117456.729214,5,/Users/kimsumin/projects/RGMC/data/map/robot8/images/0056.png,/Users/kimsumin/projects/RGMC/data/map/robot8/overlays/0056_overlay.png,/Users/kimsumin/projects/RGMC/data/map/robot8/masks/0056_mask.png
57,0.2575,0.03125,0.0,579.9336898395721,135.76894541600424,1,0.0,0.057646703908447276,0.16321834161350032,1779117468.8362167,5,/Users/kimsumin/projects/RGMC/data/map/robot8/images/0057.png,/Users/kimsumin/projects/RGMC/data/map/robot8/overlays/0057_overlay.png,/Users/kimsumin/projects/RGMC/data/map/robot8/masks/0057_mask.png
58,0.22781249999999997,0.03125,0.0,580.0247890295359,122.72210184182015,1,0.0,0.05857132469651826,0.3237215738534253,1779117480.8907053,5,/Users/kimsumin/projects/RGMC/data/map/robot8/images/0058.png,/Users/kimsumin/projects/RGMC/data/map/robot8/overlays/0058_overlay.png,/Users/kimsumin/projects/RGMC/data/map/robot8/masks/0058_mask.png
59,0.19812499999999997,0.03125,0.0,581.3355371900826,108.66776677667767,1,0.0,0.04770841494518545,0.12964476841612974,1779117493.0980773,5,/Users/kimsumin/projects/RGMC/data/map/robot8/images/0059.png,/Users/kimsumin/projects/RGMC/data/map/robot8/overlays/0059_overlay.png,/Users/kimsumin/projects/RGMC/data/map/robot8/masks/0059_mask.png
60,0.1684375,0.03125,0.0,581.3965517241379,95.37304250559284,1,0.0,0.02325219394481438,0.13477718090897048,1779117505.0601187,5,/Users/kimsumin/projects/RGMC/data/map/robot8/images/0060.png,/Users/kimsumin/projects/RGMC/data/map/robot8/overlays/0060_overlay.png,/Users/kimsumin/projects/RGMC/data/map/robot8/masks/0060_mask.png
61,0.13874999999999998,0.03125,0.0,581.4480130647795,81.8425068119891,1,0.0,0.03653775235071889,0.09631117707266569,1779117517.259378,5,/Users/kimsumin/projects/RGMC/data/map/robot8/images/0061.png,/Users/kimsumin/projects/RGMC/data/map/robot8/overlays/0061_overlay.png,/Users/kimsumin/projects/RGMC/data/map/robot8/masks/0061_mask.png
62,0.10906249999999999,0.03125,0.0,581.4460946094609,69.0995599559956,1,0.0,0.04793484720316732,0.07066595214571149,1779117529.3291578,5,/Users/kimsumin/projects/RGMC/data/map/robot8/images/0062.png,/Users/kimsumin/projects/RGMC/data/map/robot8/overlays/0062_overlay.png,/Users/kimsumin/projects/RGMC/data/map/robot8/masks/0062_mask.png
63,0.079375,0.03125,0.0,581.3840220385675,56.14725274725275,1,0.0,0.04848948121116673,0.0825133763821131,1779117541.3177288,5,/Users/kimsumin/projects/RGMC/data/map/robot8/images/0063.png,/Users/kimsumin/projects/RGMC/data/map/robot8/overlays/0063_overlay.png,/Users/kimsumin/projects/RGMC/data/map/robot8/masks/0063_mask.png
64,0.049687499999999996,0.03125,0.0,581.6175190424374,42.038378378378376,1,0.0,0.04857469990553856,0.07022505562230709,1779117552.9837313,5,/Users/kimsumin/projects/RGMC/data/map/robot8/images/0064.png,/Users/kimsumin/projects/RGMC/data/map/robot8/overlays/0064_overlay.png,/Users/kimsumin/projects/RGMC/data/map/robot8/masks/0064_mask.png
65,0.02,0.03125,0.0,581.7113176599235,29.66557911908646,1,0.0,0.06439533955897497,0.07667681462797697,1779117565.091873,5,/Users/kimsumin/projects/RGMC/data/map/robot8/images/0065.png,/Users/kimsumin/projects/RGMC/data/map/robot8/overlays/0065_overlay.png,/Users/kimsumin/projects/RGMC/data/map/robot8/masks/0065_mask.png
66,0.02,0.0625,0.0,566.6858725761773,29.643569844789358,1,0.0,0.20116828090960862,0.05927185441193679,1779117577.0538714,5,/Users/kimsumin/projects/RGMC/data/map/robot8/images/0066.png,/Users/kimsumin/projects/RGMC/data/map/robot8/overlays/0066_overlay.png,/Users/kimsumin/projects/RGMC/data/map/robot8/masks/0066_mask.png
67,0.049687499999999996,0.0625,0.0,566.4164413196322,42.03190914007572,1,0.0,0.04102299898165525,0.05319413926790417,1779117589.030116,5,/Users/kimsumin/projects/RGMC/data/map/robot8/images/0067.png,/Users/kimsumin/projects/RGMC/data/map/robot8/overlays/0067_overlay.png,/Users/kimsumin/projects/RGMC/data/map/robot8/masks/0067_mask.png
68,0.079375,0.0625,0.0,566.2947487295313,55.25352907961604,1,0.0,0.6285010473616877,0.16929666641279129,1779117601.5300438,5,/Users/kimsumin/projects/RGMC/data/map/robot8/images/0068.png,/Users/kimsumin/projects/RGMC/data/map/robot8/overlays/0068_overlay.png,/Users/kimsumin/projects/RGMC/data/map/robot8/masks/0068_mask.png
69,0.10906249999999999,0.0625,0.0,566.2658296943231,68.73144104803494,1,0.0,0.04823671055168952,0.10305847708292777,1779117613.1972225,5,/Users/kimsumin/projects/RGMC/data/map/robot8/images/0069.png,/Users/kimsumin/projects/RGMC/data/map/robot8/overlays/0069_overlay.png,/Users/kimsumin/projects/RGMC/data/map/robot8/masks/0069_mask.png
70,0.13874999999999998,0.0625,0.0,566.077088948787,81.51859838274933,1,0.0,0.02453583000635206,0.04404788698163728,1779117625.3890724,5,/Users/kimsumin/projects/RGMC/data/map/robot8/images/0070.png,/Users/kimsumin/projects/RGMC/data/map/robot8/overlays/0070_overlay.png,/Users/kimsumin/projects/RGMC/data/map/robot8/masks/0070_mask.png
71,0.1684375,0.0625,0.0,566.1315640880858,94.80282485875706,1,0.0,0.042954150941235274,0.11657185208943373,1779117638.1816154,5,/Users/kimsumin/projects/RGMC/data/map/robot8/images/0071.png,/Users/kimsumin/projects/RGMC/data/map/robot8/overlays/0071_overlay.png,/Users/kimsumin/projects/RGMC/data/map/robot8/masks/0071_mask.png
72,0.19812499999999997,0.0625,0.0,565.9432506887052,108.1032008830022,1,0.0,0.02544638133264322,0.03372445908840048,1779117650.3894248,5,/Users/kimsumin/projects/RGMC/data/map/robot8/images/0072.png,/Users/kimsumin/projects/RGMC/data/map/robot8/overlays/0072_overlay.png,/Users/kimsumin/projects/RGMC/data/map/robot8/masks/0072_mask.png
73,0.22781249999999997,0.0625,0.0,565.8252585737615,121.26252723311546,1,0.0,0.040607508277201845,0.07654471836824393,1779117662.7828217,5,/Users/kimsumin/projects/RGMC/data/map/robot8/images/0073.png,/Users/kimsumin/projects/RGMC/data/map/robot8/overlays/0073_overlay.png,/Users/kimsumin/projects/RGMC/data/map/robot8/masks/0073_mask.png
74,0.2575,0.0625,0.0,564.7765273311898,135.24077046548956,1,0.0,0.5173692989769688,0.1437468817155771,1779117674.6393328,5,/Users/kimsumin/projects/RGMC/data/map/robot8/images/0074.png,/Users/kimsumin/projects/RGMC/data/map/robot8/overlays/0074_overlay.png,/Users/kimsumin/projects/RGMC/data/map/robot8/masks/0074_mask.png
75,0.2871875,0.0625,0.0,565.6487236403996,148.07817772778404,1,0.0,0.05265996965991061,0.1156647556043891,1779117686.6161098,5,/Users/kimsumin/projects/RGMC/data/map/robot8/images/0075.png,/Users/kimsumin/projects/RGMC/data/map/robot8/overlays/0075_overlay.png,/Users/kimsumin/projects/RGMC/data/map/robot8/masks/0075_mask.png
76,0.316875,0.0625,0.0,565.5838779956428,161.23089609675645,1,0.0,0.04014883326236744,0.041913854803204975,1779117698.7013087,5,/Users/kimsumin/projects/RGMC/data/map/robot8/images/0076.png,/Users/kimsumin/projects/RGMC/data/map/robot8/overlays/0076_overlay.png,/Users/kimsumin/projects/RGMC/data/map/robot8/masks/0076_mask.png
77,0.3465625,0.0625,0.0,564.4672395273899,174.863684771033,1,0.0,0.03735689223596521,0.14852595090293025,1779117710.8888936,5,/Users/kimsumin/projects/RGMC/data/map/robot8/images/0077.png,/Users/kimsumin/projects/RGMC/data/map/robot8/overlays/0077_overlay.png,/Users/kimsumin/projects/RGMC/data/map/robot8/masks/0077_mask.png
78,0.37625,0.0625,0.0,565.4927857935627,187.98945615982242,1,0.0,0.0668672786515066,0.1301025307037718,1779117722.880775,5,/Users/kimsumin/projects/RGMC/data/map/robot8/images/0078.png,/Users/kimsumin/projects/RGMC/data/map/robot8/overlays/0078_overlay.png,/Users/kimsumin/projects/RGMC/data/map/robot8/masks/0078_mask.png
79,0.4059375,0.0625,0.0,564.3929860752966,201.49194805194804,1,0.0,0.48661877989630437,0.10802026179586219,1779117735.0509477,5,/Users/kimsumin/projects/RGMC/data/map/robot8/images/0079.png,/Users/kimsumin/projects/RGMC/data/map/robot8/overlays/0079_overlay.png,/Users/kimsumin/projects/RGMC/data/map/robot8/masks/0079_mask.png
80,0.435625,0.0625,0.0,564.3503727369542,214.9560737527115,1,0.0,0.10117171140513544,0.1337283568497721,1779117747.856878,5,/Users/kimsumin/projects/RGMC/data/map/robot8/images/0080.png,/Users/kimsumin/projects/RGMC/data/map/robot8/overlays/0080_overlay.png,/Users/kimsumin/projects/RGMC/data/map/robot8/masks/0080_mask.png
81,0.4653125,0.0625,0.0,564.3078579117331,228.3790776152981,1,0.0,0.5352665952789903,0.13637421017590062,1779117759.8394656,5,/Users/kimsumin/projects/RGMC/data/map/robot8/images/0081.png,/Users/kimsumin/projects/RGMC/data/map/robot8/overlays/0081_overlay.png,/Users/kimsumin/projects/RGMC/data/map/robot8/masks/0081_mask.png
82,0.495,0.0625,0.0,564.148322851153,241.44461942257217,1,0.0,0.03928623457292985,0.04819148290229429,1779117771.8243253,5,/Users/kimsumin/projects/RGMC/data/map/robot8/images/0082.png,/Users/kimsumin/projects/RGMC/data/map/robot8/overlays/0082_overlay.png,/Users/kimsumin/projects/RGMC/data/map/robot8/masks/0082_mask.png
83,0.5246875,0.0625,0.0,563.9344349680171,254.7494669509595,1,0.0,0.05815119884507465,0.05640667815176871,1779117784.0029418,5,/Users/kimsumin/projects/RGMC/data/map/robot8/images/0083.png,/Users/kimsumin/projects/RGMC/data/map/robot8/overlays/0083_overlay.png,/Users/kimsumin/projects/RGMC/data/map/robot8/masks/0083_mask.png
84,0.554375,0.0625,0.0,563.897463572585,267.37236913113867,1,0.0,0.04856181891288526,0.10392517734107783,1779117795.9792817,5,/Users/kimsumin/projects/RGMC/data/map/robot8/images/0084.png,/Users/kimsumin/projects/RGMC/data/map/robot8/overlays/0084_overlay.png,/Users/kimsumin/projects/RGMC/data/map/robot8/masks/0084_mask.png
85,0.5840625,0.0625,0.0,564.045010845987,280.3047464940669,1,0.0,0.05086105823194822,0.05199241588978026,1779117808.9881465,5,/Users/kimsumin/projects/RGMC/data/map/robot8/images/0085.png,/Users/kimsumin/projects/RGMC/data/map/robot8/overlays/0085_overlay.png,/Users/kimsumin/projects/RGMC/data/map/robot8/masks/0085_mask.png
86,0.61375,0.0625,0.0,564.0125889436234,294.35274904735985,1,0.0,0.08281076557030662,0.06251333265746518,1779117821.9193196,5,/Users/kimsumin/projects/RGMC/data/map/robot8/images/0086.png,/Users/kimsumin/projects/RGMC/data/map/robot8/overlays/0086_overlay.png,/Users/kimsumin/projects/RGMC/data/map/robot8/masks/0086_mask.png
87,0.6434375,0.0625,0.0,563.6451965065502,307.4005434782609,1,0.0,0.36654338847967377,0.0694799779042516,1779117834.0768385,5,/Users/kimsumin/projects/RGMC/data/map/robot8/images/0087.png,/Users/kimsumin/projects/RGMC/data/map/robot8/overlays/0087_overlay.png,/Users/kimsumin/projects/RGMC/data/map/robot8/masks/0087_mask.png
88,0.673125,0.0625,0.0,563.7331506849315,320.34505137912384,1,0.0,0.4589597421233049,0.16340768600451147,1779117846.164795,5,/Users/kimsumin/projects/RGMC/data/map/robot8/images/0088.png,/Users/kimsumin/projects/RGMC/data/map/robot8/overlays/0088_overlay.png,/Users/kimsumin/projects/RGMC/data/map/robot8/masks/0088_mask.png
89,0.7028125,0.0625,0.0,563.521978021978,334.3516421291053,1,0.0,0.6747290754687056,0.04113825579785365,1779117858.054355,5,/Users/kimsumin/projects/RGMC/data/map/robot8/images/0089.png,/Users/kimsumin/projects/RGMC/data/map/robot8/overlays/0089_overlay.png,/Users/kimsumin/projects/RGMC/data/map/robot8/masks/0089_mask.png
90,0.7324999999999999,0.0625,0.0,563.5497787610619,347.3064692982456,1,0.0,0.3791325399129532,0.08215043186896154,1779117870.2261395,5,/Users/kimsumin/projects/RGMC/data/map/robot8/images/0090.png,/Users/kimsumin/projects/RGMC/data/map/robot8/overlays/0090_overlay.png,/Users/kimsumin/projects/RGMC/data/map/robot8/masks/0090_mask.png
91,0.7621875,0.0625,0.0,562.9092983456931,360.41628959276017,1,0.0,0.023084496875836347,0.08199956926228183,1779117882.2008264,5,/Users/kimsumin/projects/RGMC/data/map/robot8/images/0091.png,/Users/kimsumin/projects/RGMC/data/map/robot8/overlays/0091_overlay.png,/Users/kimsumin/projects/RGMC/data/map/robot8/masks/0091_mask.png
92,0.791875,0.0625,0.0,564.0432136335971,374.3799019607843,1,0.0,0.5525651797936036,0.08522934556935867,1779117895.0222254,5,/Users/kimsumin/projects/RGMC/data/map/robot8/images/0092.png,/Users/kimsumin/projects/RGMC/data/map/robot8/overlays/0092_overlay.png,/Users/kimsumin/projects/RGMC/data/map/robot8/masks/0092_mask.png
93,0.8215625,0.0625,0.0,563.869733924612,387.22838137472286,1,0.0,0.5270783083663044,0.04521258267171594,1779117907.103854,5,/Users/kimsumin/projects/RGMC/data/map/robot8/images/0093.png,/Users/kimsumin/projects/RGMC/data/map/robot8/overlays/0093_overlay.png,/Users/kimsumin/projects/RGMC/data/map/robot8/masks/0093_mask.png
94,0.85125,0.0625,0.0,563.6985930735931,400.40939977349944,1,0.0,0.8800779496764465,0.14464865233150054,1779117919.183299,5,/Users/kimsumin/projects/RGMC/data/map/robot8/images/0094.png,/Users/kimsumin/projects/RGMC/data/map/robot8/overlays/0094_overlay.png,/Users/kimsumin/projects/RGMC/data/map/robot8/masks/0094_mask.png
95,0.8809374999999999,0.0625,0.0,563.6258241758242,414.4345205479452,1,0.0,0.778334769380049,0.12673700768471505,1779117931.16541,5,/Users/kimsumin/projects/RGMC/data/map/robot8/images/0095.png,/Users/kimsumin/projects/RGMC/data/map/robot8/overlays/0095_overlay.png,/Users/kimsumin/projects/RGMC/data/map/robot8/masks/0095_mask.png
96,0.910625,0.0625,0.0,563.4573304157549,427.4379518072289,1,0.0,0.7307084068287927,0.10963345160289913,1779117943.2435095,5,/Users/kimsumin/projects/RGMC/data/map/robot8/images/0096.png,/Users/kimsumin/projects/RGMC/data/map/robot8/overlays/0096_overlay.png,/Users/kimsumin/projects/RGMC/data/map/robot8/masks/0096_mask.png
97,0.9403125,0.0625,0.0,562.5902625820569,441.5435139573071,1,0.0,0.03440371301440663,0.09320870836920893,1779117956.0382988,5,/Users/kimsumin/projects/RGMC/data/map/robot8/images/0097.png,/Users/kimsumin/projects/RGMC/data/map/robot8/overlays/0097_overlay.png,/Users/kimsumin/projects/RGMC/data/map/robot8/masks/0097_mask.png
98,0.97,0.0625,0.0,564.5140466228332,453.90179640718566,1,0.0,0.04065649971163721,0.06112893278718042,1779117968.1234808,5,/Users/kimsumin/projects/RGMC/data/map/robot8/images/0098.png,/Users/kimsumin/projects/RGMC/data/map/robot8/overlays/0098_overlay.png,/Users/kimsumin/projects/RGMC/data/map/robot8/masks/0098_mask.png
99,0.97,0.09375,0.0,549.7545295149035,454.2156633547633,1,0.0,0.07809841873085782,0.09792215954061749,1779117980.1065311,5,/Users/kimsumin/projects/RGMC/data/map/robot8/images/0099.png,/Users/kimsumin/projects/RGMC/data/map/robot8/overlays/0099_overlay.png,/Users/kimsumin/projects/RGMC/data/map/robot8/masks/0099_mask.png
100,0.9403125,0.09375,0.0,549.4978094194962,441.7046204620462,1,0.0,0.02795743841045863,0.053943728772114695,1779117993.1031437,5,/Users/kimsumin/projects/RGMC/data/map/robot8/images/0100.png,/Users/kimsumin/projects/RGMC/data/map/robot8/overlays/0100_overlay.png,/Users/kimsumin/projects/RGMC/data/map/robot8/masks/0100_mask.png
101,0.910625,0.09375,0.0,549.615296803653,427.7362137578169,1,0.0,0.04926923561064964,0.044623544608027664,1779118005.2903538,5,/Users/kimsumin/projects/RGMC/data/map/robot8/images/0101.png,/Users/kimsumin/projects/RGMC/data/map/robot8/overlays/0101_overlay.png,/Users/kimsumin/projects/RGMC/data/map/robot8/masks/0101_mask.png
102,0.8809374999999999,0.09375,0.0,549.7423981640849,414.9497430039977,1,0.0,0.05823674106462536,0.1531291367735377,1779118019.8356767,5,/Users/kimsumin/projects/RGMC/data/map/robot8/images/0102.png,/Users/kimsumin/projects/RGMC/data/map/robot8/overlays/0102_overlay.png,/Users/kimsumin/projects/RGMC/data/map/robot8/masks/0102_mask.png
103,0.85125,0.09375,0.0,549.7526640493551,401.01186440677964,1,0.0,0.0531618060898153,0.04892171800795704,1779118031.710101,5,/Users/kimsumin/projects/RGMC/data/map/robot8/images/0103.png,/Users/kimsumin/projects/RGMC/data/map/robot8/overlays/0103_overlay.png,/Users/kimsumin/projects/RGMC/data/map/robot8/masks/0103_mask.png
104,0.8215625,0.09375,0.0,549.9001161440186,388.0390442890443,1,0.0,0.05644499114566219,0.11429071925200328,1779118043.8995478,5,/Users/kimsumin/projects/RGMC/data/map/robot8/images/0104.png,/Users/kimsumin/projects/RGMC/data/map/robot8/overlays/0104_overlay.png,/Users/kimsumin/projects/RGMC/data/map/robot8/masks/0104_mask.png
105,0.791875,0.09375,0.0,549.9277936962751,375.028048082427,1,0.0,0.04119045073613485,0.06375761956664841,1779118057.7286615,5,/Users/kimsumin/projects/RGMC/data/map/robot8/images/0105.png,/Users/kimsumin/projects/RGMC/data/map/robot8/overlays/0105_overlay.png,/Users/kimsumin/projects/RGMC/data/map/robot8/masks/0105_mask.png
106,0.7621875,0.09375,0.0,549.9528676888132,361.0329358319137,1,0.0,0.05284079702624196,0.09784115210040167,1779118069.7999134,5,/Users/kimsumin/projects/RGMC/data/map/robot8/images/0106.png,/Users/kimsumin/projects/RGMC/data/map/robot8/overlays/0106_overlay.png,/Users/kimsumin/projects/RGMC/data/map/robot8/masks/0106_mask.png
107,0.7324999999999999,0.09375,0.0,550.0792926411865,348.03881278538813,1,0.0,0.026795110917780838,0.04760131950612171,1779118082.9117038,5,/Users/kimsumin/projects/RGMC/data/map/robot8/images/0107.png,/Users/kimsumin/projects/RGMC/data/map/robot8/overlays/0107_overlay.png,/Users/kimsumin/projects/RGMC/data/map/robot8/masks/0107_mask.png
108,0.7028125,0.09375,0.0,550.5608815426997,334.8988950276243,1,0.0,0.20391984371690366,0.08943743544297002,1779118095.7544188,5,/Users/kimsumin/projects/RGMC/data/map/robot8/images/0108.png,/Users/kimsumin/projects/RGMC/data/map/robot8/overlays/0108_overlay.png,/Users/kimsumin/projects/RGMC/data/map/robot8/masks/0108_mask.png
109,0.673125,0.09375,0.0,550.3338888888889,320.9274017467249,1,0.0,0.22490512934848178,0.07374787955810505,1779118108.0132797,5,/Users/kimsumin/projects/RGMC/data/map/robot8/images/0109.png,/Users/kimsumin/projects/RGMC/data/map/robot8/overlays/0109_overlay.png,/Users/kimsumin/projects/RGMC/data/map/robot8/masks/0109_mask.png
110,0.6434375,0.09375,0.0,550.5063924402446,307.8849360755976,1,0.0,0.19272895511361132,0.07505109820853578,1779118120.08443,5,/Users/kimsumin/projects/RGMC/data/map/robot8/images/0110.png,/Users/kimsumin/projects/RGMC/data/map/robot8/overlays/0110_overlay.png,/Users/kimsumin/projects/RGMC/data/map/robot8/masks/0110_mask.png
111,0.61375,0.09375,0.0,550.746885617214,294.7143661971831,1,0.0,0.14525749709578276,0.06973981727666707,1779118132.1752992,5,/Users/kimsumin/projects/RGMC/data/map/robot8/images/0111.png,/Users/kimsumin/projects/RGMC/data/map/robot8/overlays/0111_overlay.png,/Users/kimsumin/projects/RGMC/data/map/robot8/masks/0111_mask.png
112,0.5840625,0.09375,0.0,550.0865110984632,280.9516220830962,1,0.0,0.3564466439990687,0.09991270001542174,1779118144.25438,5,/Users/kimsumin/projects/RGMC/data/map/robot8/images/0112.png,/Users/kimsumin/projects/RGMC/data/map/robot8/overlays/0112_overlay.png,/Users/kimsumin/projects/RGMC/data/map/robot8/masks/0112_mask.png
113,0.554375,0.09375,0.0,550.3112620260329,268.11990950226243,1,0.0,0.006029468352091315,0.16944294152108644,1779118156.0230908,5,/Users/kimsumin/projects/RGMC/data/map/robot8/images/0113.png,/Users/kimsumin/projects/RGMC/data/map/robot8/overlays/0113_overlay.png,/Users/kimsumin/projects/RGMC/data/map/robot8/masks/0113_mask.png
114,0.5246875,0.09375,0.0,550.3661016949153,254.93944538766272,1,0.0,0.28115542363080864,0.13515728293173224,1779118168.2138753,5,/Users/kimsumin/projects/RGMC/data/map/robot8/images/0114.png,/Users/kimsumin/projects/RGMC/data/map/robot8/overlays/0114_overlay.png,/Users/kimsumin/projects/RGMC/data/map/robot8/masks/0114_mask.png
115,0.495,0.09375,0.0,550.4503020318506,241.4672537149147,1,0.0,0.04676317974374143,0.08547318038580055,1779118179.890007,5,/Users/kimsumin/projects/RGMC/data/map/robot8/images/0115.png,/Users/kimsumin/projects/RGMC/data/map/robot8/overlays/0115_overlay.png,/Users/kimsumin/projects/RGMC/data/map/robot8/masks/0115_mask.png
116,0.4653125,0.09375,0.0,550.4659598214286,228.8341736694678,1,0.0,0.23865983063498805,0.07072719131157051,1779118191.783904,5,/Users/kimsumin/projects/RGMC/data/map/robot8/images/0116.png,/Users/kimsumin/projects/RGMC/data/map/robot8/overlays/0116_overlay.png,/Users/kimsumin/projects/RGMC/data/map/robot8/masks/0116_mask.png
117,0.435625,0.09375,0.0,550.5903058280438,215.2750865051903,1,0.0,0.04280615917110648,0.07305042507460441,1779118203.874835,5,/Users/kimsumin/projects/RGMC/data/map/robot8/images/0117.png,/Users/kimsumin/projects/RGMC/data/map/robot8/overlays/0117_overlay.png,/Users/kimsumin/projects/RGMC/data/map/robot8/masks/0117_mask.png
118,0.4059375,0.09375,0.0,550.433608815427,201.94664466446645,1,0.0,0.19890892670016322,0.09464894586935785,1779118215.6392238,5,/Users/kimsumin/projects/RGMC/data/map/robot8/images/0118.png,/Users/kimsumin/projects/RGMC/data/map/robot8/overlays/0118_overlay.png,/Users/kimsumin/projects/RGMC/data/map/robot8/masks/0118_mask.png
119,0.37625,0.09375,0.0,551.421164021164,188.98786919831224,1,0.0,0.030640360240207054,0.05468811144512533,1779118227.6035604,5,/Users/kimsumin/projects/RGMC/data/map/robot8/images/0119.png,/Users/kimsumin/projects/RGMC/data/map/robot8/overlays/0119_overlay.png,/Users/kimsumin/projects/RGMC/data/map/robot8/masks/0119_mask.png
120,0.3465625,0.09375,0.0,552.6350198976692,174.8982376350199,1,0.0,0.06408073059429326,0.05456499193452275,1779118239.889633,5,/Users/kimsumin/projects/RGMC/data/map/robot8/images/0120.png,/Users/kimsumin/projects/RGMC/data/map/robot8/overlays/0120_overlay.png,/Users/kimsumin/projects/RGMC/data/map/robot8/masks/0120_mask.png
121,0.316875,0.09375,0.0,550.5946094609461,161.67674546454094,1,0.0,0.2713564166283933,0.13819770916280602,1779118251.9706562,5,/Users/kimsumin/projects/RGMC/data/map/robot8/images/0121.png,/Users/kimsumin/projects/RGMC/data/map/robot8/overlays/0121_overlay.png,/Users/kimsumin/projects/RGMC/data/map/robot8/masks/0121_mask.png
122,0.2871875,0.09375,0.0,551.7279094827586,148.33089064261557,1,0.0,0.45764200706383845,0.13052420303922344,1779118263.9519856,5,/Users/kimsumin/projects/RGMC/data/map/robot8/images/0122.png,/Users/kimsumin/projects/RGMC/data/map/robot8/overlays/0122_overlay.png,/Users/kimsumin/projects/RGMC/data/map/robot8/masks/0122_mask.png
123,0.2575,0.09375,0.0,552.8504566210046,134.94525959367945,1,0.0,0.02993528909841714,0.051352388778510415,1779118277.1642325,5,/Users/kimsumin/projects/RGMC/data/map/robot8/images/0123.png,/Users/kimsumin/projects/RGMC/data/map/robot8/overlays/0123_overlay.png,/Users/kimsumin/projects/RGMC/data/map/robot8/masks/0123_mask.png
124,0.22781249999999997,0.09375,0.0,551.4979296066252,121.64432989690722,1,0.0,0.06023490602447173,0.07251814833946664,1779118289.4521923,5,/Users/kimsumin/projects/RGMC/data/map/robot8/images/0124.png,/Users/kimsumin/projects/RGMC/data/map/robot8/overlays/0124_overlay.png,/Users/kimsumin/projects/RGMC/data/map/robot8/masks/0124_mask.png
125,0.19812499999999997,0.09375,0.0,553.0268346111719,108.45647442872688,1,0.0,0.06355662283427606,0.10049376098125065,1779118302.7759807,5,/Users/kimsumin/projects/RGMC/data/map/robot8/images/0125.png,/Users/kimsumin/projects/RGMC/data/map/robot8/overlays/0125_overlay.png,/Users/kimsumin/projects/RGMC/data/map/robot8/masks/0125_mask.png
126,0.1684375,0.09375,0.0,552.9977678571429,95.12408759124088,1,0.0,0.0554875711175476,0.1447394110136829,1779118316.082112,5,/Users/kimsumin/projects/RGMC/data/map/robot8/images/0126.png,/Users/kimsumin/projects/RGMC/data/map/robot8/overlays/0126_overlay.png,/Users/kimsumin/projects/RGMC/data/map/robot8/masks/0126_mask.png
127,0.13874999999999998,0.09375,0.0,552.836304700162,81.59449244060475,1,0.0,0.03634992999249092,0.12311048149597552,1779118328.2594683,5,/Users/kimsumin/projects/RGMC/data/map/robot8/images/0127.png,/Users/kimsumin/projects/RGMC/data/map/robot8/overlays/0127_overlay.png,/Users/kimsumin/projects/RGMC/data/map/robot8/masks/0127_mask.png
128,0.10906249999999999,0.09375,0.0,553.0846238938053,68.65021929824562,1,0.0,0.04126185365647105,0.022269544417940015,1779118340.8632796,5,/Users/kimsumin/projects/RGMC/data/map/robot8/images/0128.png,/Users/kimsumin/projects/RGMC/data/map/robot8/overlays/0128_overlay.png,/Users/kimsumin/projects/RGMC/data/map/robot8/masks/0128_mask.png
129,0.079375,0.09375,0.0,553.0753462603878,55.72409972299169,1,0.0,0.038607818976449444,0.06384043194119779,1779118353.7613986,5,/Users/kimsumin/projects/RGMC/data/map/robot8/images/0129.png,/Users/kimsumin/projects/RGMC/data/map/robot8/overlays/0129_overlay.png,/Users/kimsumin/projects/RGMC/data/map/robot8/masks/0129_mask.png
130,0.049687499999999996,0.09375,0.0,553.2486631016043,42.08837707552223,1,0.0,0.06955554585267311,0.10141680728430147,1779118366.362485,5,/Users/kimsumin/projects/RGMC/data/map/robot8/images/0130.png,/Users/kimsumin/projects/RGMC/data/map/robot8/overlays/0130_overlay.png,/Users/kimsumin/projects/RGMC/data/map/robot8/masks/0130_mask.png
131,0.02,0.09375,0.0,553.2359426681367,29.507760532150776,1,0.0,0.06886408021884378,0.09429650957294304,1779118379.893542,5,/Users/kimsumin/projects/RGMC/data/map/robot8/images/0131.png,/Users/kimsumin/projects/RGMC/data/map/robot8/overlays/0131_overlay.png,/Users/kimsumin/projects/RGMC/data/map/robot8/masks/0131_mask.png
132,0.02,0.125,0.0,538.0394168466522,29.716522678185743,1,0.0,0.0373259158123979,0.06639115073042601,1779118392.8989367,5,/Users/kimsumin/projects/RGMC/data/map/robot8/images/0132.png,/Users/kimsumin/projects/RGMC/data/map/robot8/overlays/0132_overlay.png,/Users/kimsumin/projects/RGMC/data/map/robot8/masks/0132_mask.png
133,0.049687499999999996,0.125,0.0,538.1661255411256,42.02334419109663,1,0.0,0.07176497751800631,0.06368639062588005,1779118404.6546192,5,/Users/kimsumin/projects/RGMC/data/map/robot8/images/0133.png,/Users/kimsumin/projects/RGMC/data/map/robot8/overlays/0133_overlay.png,/Users/kimsumin/projects/RGMC/data/map/robot8/masks/0133_mask.png
134,0.079375,0.125,0.0,538.0550252667041,55.628635346756155,1,0.0,0.07633000612649722,0.19284523187744063,1779118416.8393776,5,/Users/kimsumin/projects/RGMC/data/map/robot8/images/0134.png,/Users/kimsumin/projects/RGMC/data/map/robot8/overlays/0134_overlay.png,/Users/kimsumin/projects/RGMC/data/map/robot8/masks/0134_mask.png
135,0.10906249999999999,0.125,0.0,537.8166576527852,68.94024986420423,1,0.0,0.018633669791493904,0.0422401482092676,1779118428.9261668,5,/Users/kimsumin/projects/RGMC/data/map/robot8/images/0135.png,/Users/kimsumin/projects/RGMC/data/map/robot8/overlays/0135_overlay.png,/Users/kimsumin/projects/RGMC/data/map/robot8/masks/0135_mask.png
136,0.13874999999999998,0.125,0.0,537.8667736757625,81.24366576819406,1,0.0,0.03397065811758093,0.0358958871785681,1779118442.3399014,5,/Users/kimsumin/projects/RGMC/data/map/robot8/images/0136.png,/Users/kimsumin/projects/RGMC/data/map/robot8/overlays/0136_overlay.png,/Users/kimsumin/projects/RGMC/data/map/robot8/masks/0136_mask.png
137,0.1684375,0.125,0.0,537.6034387132557,95.09181969949917,1,0.0,0.04945180559335677,0.11087091171173588,1779118455.9690218,5,/Users/kimsumin/projects/RGMC/data/map/robot8/images/0137.png,/Users/kimsumin/projects/RGMC/data/map/robot8/overlays/0137_overlay.png,/Users/kimsumin/projects/RGMC/data/map/robot8/masks/0137_mask.png
138,0.19812499999999997,0.125,0.0,537.582423580786,108.31058951965065,1,0.0,0.03884261860179909,0.046152697490640666,1779118467.953753,5,/Users/kimsumin/projects/RGMC/data/map/robot8/images/0138.png,/Users/kimsumin/projects/RGMC/data/map/robot8/overlays/0138_overlay.png,/Users/kimsumin/projects/RGMC/data/map/robot8/masks/0138_mask.png
139,0.22781249999999997,0.125,0.0,537.6139101861993,121.11334056399133,1,0.0,0.05261593866791194,0.10871397870644739,1779118479.9253662,5,/Users/kimsumin/projects/RGMC/data/map/robot8/images/0139.png,/Users/kimsumin/projects/RGMC/data/map/robot8/overlays/0139_overlay.png,/Users/kimsumin/projects/RGMC/data/map/robot8/masks/0139_mask.png
140,0.2575,0.125,0.0,537.4439359267734,134.87986270022884,1,0.0,0.055397636022738776,0.3294852714315923,1779118492.0060222,5,/Users/kimsumin/projects/RGMC/data/map/robot8/images/0140.png,/Users/kimsumin/projects/RGMC/data/map/robot8/overlays/0140_overlay.png,/Users/kimsumin/projects/RGMC/data/map/robot8/masks/0140_mask.png
141,0.2871875,0.125,0.0,537.476404494382,148.07937395192846,1,0.0,0.08368375047629181,0.08837127206224855,1779118504.2923367,5,/Users/kimsumin/projects/RGMC/data/map/robot8/images/0141.png,/Users/kimsumin/projects/RGMC/data/map/robot8/overlays/0141_overlay.png,/Users/kimsumin/projects/RGMC/data/map/robot8/masks/0141_mask.png
142,0.316875,0.125,0.0,537.4889380530974,160.98783185840708,1,0.0,0.044863393521871534,0.09071807381727251,1779118516.5806606,5,/Users/kimsumin/projects/RGMC/data/map/robot8/images/0142.png,/Users/kimsumin/projects/RGMC/data/map/robot8/overlays/0142_overlay.png,/Users/kimsumin/projects/RGMC/data/map/robot8/masks/0142_mask.png
143,0.3465625,0.125,0.0,537.249716231555,174.92233560090702,1,0.0,0.01776156959812901,0.09455254415339381,1779118528.7650526,5,/Users/kimsumin/projects/RGMC/data/map/robot8/images/0143.png,/Users/kimsumin/projects/RGMC/data/map/robot8/overlays/0143_overlay.png,/Users/kimsumin/projects/RGMC/data/map/robot8/masks/0143_mask.png
144,0.37625,0.125,0.0,537.1034864416159,188.85311982330205,1,0.0,0.06025943049371651,0.06295513860059046,1779118540.956653,5,/Users/kimsumin/projects/RGMC/data/map/robot8/images/0144.png,/Users/kimsumin/projects/RGMC/data/map/robot8/overlays/0144_overlay.png,/Users/kimsumin/projects/RGMC/data/map/robot8/masks/0144_mask.png
145,0.4059375,0.125,0.0,536.9545454545455,202.20731707317074,1,0.0,0.07660897436986597,0.4259217220886978,1779118554.66879,5,/Users/kimsumin/projects/RGMC/data/map/robot8/images/0145.png,/Users/kimsumin/projects/RGMC/data/map/robot8/overlays/0145_overlay.png,/Users/kimsumin/projects/RGMC/data/map/robot8/masks/0145_mask.png
146,0.435625,0.125,0.0,537.1025641025641,214.97258709308966,1,0.0,0.037227449231858396,0.037596403269347003,1779118568.5981808,5,/Users/kimsumin/projects/RGMC/data/map/robot8/images/0146.png,/Users/kimsumin/projects/RGMC/data/map/robot8/overlays/0146_overlay.png,/Users/kimsumin/projects/RGMC/data/map/robot8/masks/0146_mask.png
147,0.4653125,0.125,0.0,537.3403664630761,227.9816564758199,1,0.0,0.06420962876562217,0.1501470003135772,1779118580.8847184,5,/Users/kimsumin/projects/RGMC/data/map/robot8/images/0147.png,/Users/kimsumin/projects/RGMC/data/map/robot8/overlays/0147_overlay.png,/Users/kimsumin/projects/RGMC/data/map/robot8/masks/0147_mask.png
148,0.495,0.125,0.0,537.4279499728113,240.82185792349728,1,0.0,0.03746264724503843,0.13517359811392574,1779118593.3825934,5,/Users/kimsumin/projects/RGMC/data/map/robot8/images/0148.png,/Users/kimsumin/projects/RGMC/data/map/robot8/overlays/0148_overlay.png,/Users/kimsumin/projects/RGMC/data/map/robot8/masks/0148_mask.png
149,0.5246875,0.125,0.0,537.0061111111111,254.33168044077135,1,0.0,0.05886367651404685,0.39757144624653734,1779118605.5641258,5,/Users/kimsumin/projects/RGMC/data/map/robot8/images/0149.png,/Users/kimsumin/projects/RGMC/data/map/robot8/overlays/0149_overlay.png,/Users/kimsumin/projects/RGMC/data/map/robot8/masks/0149_mask.png
150,0.554375,0.125,0.0,536.858432036097,267.88419913419915,1,0.0,0.548801758016565,0.08499332606841106,1779118617.7497058,5,/Users/kimsumin/projects/RGMC/data/map/robot8/images/0150.png,/Users/kimsumin/projects/RGMC/data/map/robot8/overlays/0150_overlay.png,/Users/kimsumin/projects/RGMC/data/map/robot8/masks/0150_mask.png
151,0.5840625,0.125,0.0,536.8390330188679,279.61497641509436,1,0.0,0.04766393613013672,0.18389413276415298,1779118630.0419934,5,/Users/kimsumin/projects/RGMC/data/map/robot8/images/0151.png,/Users/kimsumin/projects/RGMC/data/map/robot8/overlays/0151_overlay.png,/Users/kimsumin/projects/RGMC/data/map/robot8/masks/0151_mask.png
152,0.61375,0.125,0.0,536.6434426229508,294.5126247798004,1,0.0,0.07362779383433178,0.06131766352697516,1779118642.2269871,5,/Users/kimsumin/projects/RGMC/data/map/robot8/images/0152.png,/Users/kimsumin/projects/RGMC/data/map/robot8/overlays/0152_overlay.png,/Users/kimsumin/projects/RGMC/data/map/robot8/masks/0152_mask.png
153,0.6434375,0.125,0.0,536.6788571428572,307.4011428571429,1,0.0,0.041241907860226024,0.035934455837357056,1779118654.108716,5,/Users/kimsumin/projects/RGMC/data/map/robot8/images/0153.png,/Users/kimsumin/projects/RGMC/data/map/robot8/overlays/0153_overlay.png,/Users/kimsumin/projects/RGMC/data/map/robot8/masks/0153_mask.png
154,0.673125,0.125,0.0,536.9349179400114,320.37464629315224,1,0.0,0.028540666055516105,0.07970439707046865,1779118666.4207613,5,/Users/kimsumin/projects/RGMC/data/map/robot8/images/0154.png,/Users/kimsumin/projects/RGMC/data/map/robot8/overlays/0154_overlay.png,/Users/kimsumin/projects/RGMC/data/map/robot8/masks/0154_mask.png
155,0.7028125,0.125,0.0,535.3139664804469,334.5613548028873,1,0.0,0.09062058909155034,0.4037370029888303,1779118678.6043189,5,/Users/kimsumin/projects/RGMC/data/map/robot8/images/0155.png,/Users/kimsumin/projects/RGMC/data/map/robot8/overlays/0155_overlay.png,/Users/kimsumin/projects/RGMC/data/map/robot8/masks/0155_mask.png
156,0.7324999999999999,0.125,0.0,535.9308062575211,347.4705174488568,1,0.0,0.503085217756554,0.11661370575951527,1779118691.0798187,5,/Users/kimsumin/projects/RGMC/data/map/robot8/images/0156.png,/Users/kimsumin/projects/RGMC/data/map/robot8/overlays/0156_overlay.png,/Users/kimsumin/projects/RGMC/data/map/robot8/masks/0156_mask.png
157,0.7621875,0.125,0.0,536.4411590774689,360.1783815711754,1,0.0,0.039609427316190736,0.06996853736092797,1779118702.954374,5,/Users/kimsumin/projects/RGMC/data/map/robot8/images/0157.png,/Users/kimsumin/projects/RGMC/data/map/robot8/overlays/0157_overlay.png,/Users/kimsumin/projects/RGMC/data/map/robot8/masks/0157_mask.png
158,0.791875,0.125,0.0,535.7519804996953,374.9937070938215,1,0.0,0.7121100088201905,0.1691919311129253,1779118714.9275165,5,/Users/kimsumin/projects/RGMC/data/map/robot8/images/0158.png,/Users/kimsumin/projects/RGMC/data/map/robot8/overlays/0158_overlay.png,/Users/kimsumin/projects/RGMC/data/map/robot8/masks/0158_mask.png
159,0.8215625,0.125,0.0,535.7441441441441,387.53164556962025,1,0.0,0.5273448805585721,0.08836068176655346,1779118727.7303202,5,/Users/kimsumin/projects/RGMC/data/map/robot8/images/0159.png,/Users/kimsumin/projects/RGMC/data/map/robot8/overlays/0159_overlay.png,/Users/kimsumin/projects/RGMC/data/map/robot8/masks/0159_mask.png
160,0.85125,0.125,0.0,534.5935591338146,400.71607041453717,1,0.0,0.4822763254169233,0.073355387906333,1779118739.9134214,5,/Users/kimsumin/projects/RGMC/data/map/robot8/images/0160.png,/Users/kimsumin/projects/RGMC/data/map/robot8/overlays/0160_overlay.png,/Users/kimsumin/projects/RGMC/data/map/robot8/masks/0160_mask.png
161,0.8809374999999999,0.125,0.0,535.6197183098592,414.8144078144078,1,0.0,0.47676758410752107,0.06254221862237418,1779118752.5137513,5,/Users/kimsumin/projects/RGMC/data/map/robot8/images/0161.png,/Users/kimsumin/projects/RGMC/data/map/robot8/overlays/0161_overlay.png,/Users/kimsumin/projects/RGMC/data/map/robot8/masks/0161_mask.png
162,0.910625,0.125,0.0,534.3526077097506,427.63605442176873,1,0.0,0.514723095524516,0.05585512411366215,1779118764.6978128,5,/Users/kimsumin/projects/RGMC/data/map/robot8/images/0162.png,/Users/kimsumin/projects/RGMC/data/map/robot8/overlays/0162_overlay.png,/Users/kimsumin/projects/RGMC/data/map/robot8/masks/0162_mask.png
163,0.9403125,0.125,0.0,535.6714614499425,441.51098265895956,1,0.0,0.4916343856396761,0.11860365571491575,1779118776.673401,5,/Users/kimsumin/projects/RGMC/data/map/robot8/images/0163.png,/Users/kimsumin/projects/RGMC/data/map/robot8/overlays/0163_overlay.png,/Users/kimsumin/projects/RGMC/data/map/robot8/masks/0163_mask.png
164,0.97,0.125,0.0,534.3789716926632,454.2655432887856,1,0.0,0.0508406099141653,0.07940499475837273,1779118788.6635122,5,/Users/kimsumin/projects/RGMC/data/map/robot8/images/0164.png,/Users/kimsumin/projects/RGMC/data/map/robot8/overlays/0164_overlay.png,/Users/kimsumin/projects/RGMC/data/map/robot8/masks/0164_mask.png
165,0.97,0.15625,0.0,520.8093245666468,454.1715306730197,1,0.0,0.20610583779772135,0.10937910619177807,1779118800.858425,5,/Users/kimsumin/projects/RGMC/data/map/robot8/images/0165.png,/Users/kimsumin/projects/RGMC/data/map/robot8/overlays/0165_overlay.png,/Users/kimsumin/projects/RGMC/data/map/robot8/masks/0165_mask.png
166,0.9403125,0.15625,0.0,521.1188010899183,441.79398907103825,1,0.0,0.05307461000231706,0.04437085848370381,1779118812.9444337,5,/Users/kimsumin/projects/RGMC/data/map/robot8/images/0166.png,/Users/kimsumin/projects/RGMC/data/map/robot8/overlays/0166_overlay.png,/Users/kimsumin/projects/RGMC/data/map/robot8/masks/0166_mask.png
167,0.910625,0.15625,0.0,520.8798382437897,427.58877964141124,1,0.0,0.4865440411984049,0.08349026191440805,1779118824.9086668,5,/Users/kimsumin/projects/RGMC/data/map/robot8/images/0167.png,/Users/kimsumin/projects/RGMC/data/map/robot8/overlays/0167_overlay.png,/Users/kimsumin/projects/RGMC/data/map/robot8/masks/0167_mask.png
168,0.8809374999999999,0.15625,0.0,520.9854312354312,414.8196147110333,1,0.0,0.04475381242618591,0.05541696684739513,1779118837.6077268,5,/Users/kimsumin/projects/RGMC/data/map/robot8/images/0168.png,/Users/kimsumin/projects/RGMC/data/map/robot8/overlays/0168_overlay.png,/Users/kimsumin/projects/RGMC/data/map/robot8/masks/0168_mask.png
169,0.85125,0.15625,0.0,521.391861761427,401.0686164229471,1,0.0,0.05487681165550359,0.0681519183158722,1779118849.2784522,5,/Users/kimsumin/projects/RGMC/data/map/robot8/images/0169.png,/Users/kimsumin/projects/RGMC/data/map/robot8/overlays/0169_overlay.png,/Users/kimsumin/projects/RGMC/data/map/robot8/masks/0169_mask.png
170,0.8215625,0.15625,0.0,521.3886337543054,387.93452039058013,1,0.0,0.04958286278130749,0.060787250170319135,1779118861.5769546,5,/Users/kimsumin/projects/RGMC/data/map/robot8/images/0170.png,/Users/kimsumin/projects/RGMC/data/map/robot8/overlays/0170_overlay.png,/Users/kimsumin/projects/RGMC/data/map/robot8/masks/0170_mask.png
171,0.791875,0.15625,0.0,521.3448275862069,375.07011494252873,1,0.0,0.0502064836838425,0.0701740028164713,1779118873.870143,5,/Users/kimsumin/projects/RGMC/data/map/robot8/images/0171.png,/Users/kimsumin/projects/RGMC/data/map/robot8/overlays/0171_overlay.png,/Users/kimsumin/projects/RGMC/data/map/robot8/masks/0171_mask.png
172,0.7621875,0.15625,0.0,521.7018323153803,360.8906163242643,1,0.0,0.06663204944245316,0.06982662260743763,1779118886.042187,5,/Users/kimsumin/projects/RGMC/data/map/robot8/images/0172.png,/Users/kimsumin/projects/RGMC/data/map/robot8/overlays/0172_overlay.png,/Users/kimsumin/projects/RGMC/data/map/robot8/masks/0172_mask.png
173,0.7324999999999999,0.15625,0.0,521.5650921658986,347.7613571017826,1,0.0,0.036394125045629805,0.05975748953680972,1779118898.2368767,5,/Users/kimsumin/projects/RGMC/data/map/robot8/images/0173.png,/Users/kimsumin/projects/RGMC/data/map/robot8/overlays/0173_overlay.png,/Users/kimsumin/projects/RGMC/data/map/robot8/masks/0173_mask.png
174,0.7028125,0.15625,0.0,521.5494252873564,334.93544668587896,1,0.0,0.03541604451853609,0.06387165945393333,1779118910.5176857,5,/Users/kimsumin/projects/RGMC/data/map/robot8/images/0174.png,/Users/kimsumin/projects/RGMC/data/map/robot8/overlays/0174_overlay.png,/Users/kimsumin/projects/RGMC/data/map/robot8/masks/0174_mask.png
175,0.673125,0.15625,0.0,521.7995642701525,321.130174291939,1,0.0,0.046260339340448764,0.06985644768159173,1779118922.728721,5,/Users/kimsumin/projects/RGMC/data/map/robot8/images/0175.png,/Users/kimsumin/projects/RGMC/data/map/robot8/overlays/0175_overlay.png,/Users/kimsumin/projects/RGMC/data/map/robot8/masks/0175_mask.png
176,0.6434375,0.15625,0.0,521.7042648709315,308.02076318742985,1,0.0,0.06476323126173479,0.14013664955751615,1779118934.6830833,5,/Users/kimsumin/projects/RGMC/data/map/robot8/images/0176.png,/Users/kimsumin/projects/RGMC/data/map/robot8/overlays/0176_overlay.png,/Users/kimsumin/projects/RGMC/data/map/robot8/masks/0176_mask.png
177,0.61375,0.15625,0.0,521.7933978372225,294.8137032842582,1,0.0,0.02584088442661848,0.03445528110386321,1779118946.8895783,5,/Users/kimsumin/projects/RGMC/data/map/robot8/images/0177.png,/Users/kimsumin/projects/RGMC/data/map/robot8/overlays/0177_overlay.png,/Users/kimsumin/projects/RGMC/data/map/robot8/masks/0177_mask.png
178,0.5840625,0.15625,0.0,521.9191465468838,280.9515320334262,1,0.0,0.034237058146714676,0.04156283206579456,1779118958.9536328,5,/Users/kimsumin/projects/RGMC/data/map/robot8/images/0178.png,/Users/kimsumin/projects/RGMC/data/map/robot8/overlays/0178_overlay.png,/Users/kimsumin/projects/RGMC/data/map/robot8/masks/0178_mask.png
179,0.554375,0.15625,0.0,521.9611111111111,268.0546569994423,1,0.0,0.05415662259362635,0.016085737824326336,1779118970.9401505,5,/Users/kimsumin/projects/RGMC/data/map/robot8/images/0179.png,/Users/kimsumin/projects/RGMC/data/map/robot8/overlays/0179_overlay.png,/Users/kimsumin/projects/RGMC/data/map/robot8/masks/0179_mask.png
180,0.5246875,0.15625,0.0,521.771234428086,255.2509782001118,1,0.0,0.05007686847463765,0.1246254025649046,1779118983.1209884,5,/Users/kimsumin/projects/RGMC/data/map/robot8/images/0180.png,/Users/kimsumin/projects/RGMC/data/map/robot8/overlays/0180_overlay.png,/Users/kimsumin/projects/RGMC/data/map/robot8/masks/0180_mask.png
181,0.495,0.15625,0.0,521.9347945205479,241.31905546403075,1,0.0,0.047493867704822744,0.06691028216872294,1779118995.409739,5,/Users/kimsumin/projects/RGMC/data/map/robot8/images/0181.png,/Users/kimsumin/projects/RGMC/data/map/robot8/overlays/0181_overlay.png,/Users/kimsumin/projects/RGMC/data/map/robot8/masks/0181_mask.png
182,0.4653125,0.15625,0.0,522.0281146637266,228.57728531855955,1,0.0,0.05332645081333972,0.07892293142124658,1779119007.588492,5,/Users/kimsumin/projects/RGMC/data/map/robot8/images/0182.png,/Users/kimsumin/projects/RGMC/data/map/robot8/overlays/0182_overlay.png,/Users/kimsumin/projects/RGMC/data/map/robot8/masks/0182_mask.png
183,0.435625,0.15625,0.0,522.776810016331,215.17583015786607,1,0.0,0.32066359112012,0.06262389189543956,1779119020.5104458,5,/Users/kimsumin/projects/RGMC/data/map/robot8/images/0183.png,/Users/kimsumin/projects/RGMC/data/map/robot8/overlays/0183_overlay.png,/Users/kimsumin/projects/RGMC/data/map/robot8/masks/0183_mask.png
184,0.4059375,0.15625,0.0,522.114577424844,202.73284174702212,1,0.0,0.016350141396136896,0.3347565151638941,1779119032.6763337,5,/Users/kimsumin/projects/RGMC/data/map/robot8/images/0184.png,/Users/kimsumin/projects/RGMC/data/map/robot8/overlays/0184_overlay.png,/Users/kimsumin/projects/RGMC/data/map/robot8/masks/0184_mask.png
185,0.37625,0.15625,0.0,522.0145576707727,188.9776536312849,1,0.0,0.06759488277258192,0.0500292548804049,1779119044.8724542,5,/Users/kimsumin/projects/RGMC/data/map/robot8/images/0185.png,/Users/kimsumin/projects/RGMC/data/map/robot8/overlays/0185_overlay.png,/Users/kimsumin/projects/RGMC/data/map/robot8/masks/0185_mask.png
186,0.3465625,0.15625,0.0,521.985235661556,175.3253150057274,1,0.0,0.06813032145909222,0.0900679582572405,1779119056.8492634,5,/Users/kimsumin/projects/RGMC/data/map/robot8/images/0186.png,/Users/kimsumin/projects/RGMC/data/map/robot8/overlays/0186_overlay.png,/Users/kimsumin/projects/RGMC/data/map/robot8/masks/0186_mask.png
187,0.316875,0.15625,0.0,522.3204633204633,161.5756906077348,1,0.0,0.07168563897616259,0.0720987250048106,1779119068.827881,5,/Users/kimsumin/projects/RGMC/data/map/robot8/images/0187.png,/Users/kimsumin/projects/RGMC/data/map/robot8/overlays/0187_overlay.png,/Users/kimsumin/projects/RGMC/data/map/robot8/masks/0187_mask.png
188,0.2871875,0.15625,0.0,523.0168386746334,148.31504617055947,1,0.0,0.5500965042934373,0.12473964606121066,1779119080.8222091,5,/Users/kimsumin/projects/RGMC/data/map/robot8/images/0188.png,/Users/kimsumin/projects/RGMC/data/map/robot8/overlays/0188_overlay.png,/Users/kimsumin/projects/RGMC/data/map/robot8/masks/0188_mask.png
189,0.2575,0.15625,0.0,523.1638023630505,135.42158968850697,1,0.0,0.3803830286155752,0.05825811006299427,1779119093.004555,5,/Users/kimsumin/projects/RGMC/data/map/robot8/images/0189.png,/Users/kimsumin/projects/RGMC/data/map/robot8/overlays/0189_overlay.png,/Users/kimsumin/projects/RGMC/data/map/robot8/masks/0189_mask.png
190,0.22781249999999997,0.15625,0.0,522.4359391965255,121.76742919389979,1,0.0,0.42032859258691063,0.12645514924416545,1779119105.176672,5,/Users/kimsumin/projects/RGMC/data/map/robot8/images/0190.png,/Users/kimsumin/projects/RGMC/data/map/robot8/overlays/0190_overlay.png,/Users/kimsumin/projects/RGMC/data/map/robot8/masks/0190_mask.png
191,0.19812499999999997,0.15625,0.0,523.2432150313152,108.62860136196961,1,0.0,0.34601275533220444,0.09110693952928157,1779119117.6767616,5,/Users/kimsumin/projects/RGMC/data/map/robot8/images/0191.png,/Users/kimsumin/projects/RGMC/data/map/robot8/overlays/0191_overlay.png,/Users/kimsumin/projects/RGMC/data/map/robot8/masks/0191_mask.png
192,0.1684375,0.15625,0.0,522.7430593358737,95.59704756697649,1,0.0,0.39868249598585986,0.0767187263318656,1779119130.0643377,5,/Users/kimsumin/projects/RGMC/data/map/robot8/images/0192.png,/Users/kimsumin/projects/RGMC/data/map/robot8/overlays/0192_overlay.png,/Users/kimsumin/projects/RGMC/data/map/robot8/masks/0192_mask.png
193,0.13874999999999998,0.15625,0.0,523.6368339368856,81.65649249870667,1,0.0,0.07820306855313813,0.09847472583821879,1779119142.2609677,5,/Users/kimsumin/projects/RGMC/data/map/robot8/images/0193.png,/Users/kimsumin/projects/RGMC/data/map/robot8/overlays/0193_overlay.png,/Users/kimsumin/projects/RGMC/data/map/robot8/masks/0193_mask.png
194,0.10906249999999999,0.15625,0.0,523.80593132154,69.09291338582678,1,0.0,0.4023974287388442,0.08711658758287454,1779119154.43773,5,/Users/kimsumin/projects/RGMC/data/map/robot8/images/0194.png,/Users/kimsumin/projects/RGMC/data/map/robot8/overlays/0194_overlay.png,/Users/kimsumin/projects/RGMC/data/map/robot8/masks/0194_mask.png
195,0.079375,0.15625,0.0,525.0059912854031,56.130291368884,1,0.0,0.036773378205760564,0.06145420391242906,1779119166.5261164,5,/Users/kimsumin/projects/RGMC/data/map/robot8/images/0195.png,/Users/kimsumin/projects/RGMC/data/map/robot8/overlays/0195_overlay.png,/Users/kimsumin/projects/RGMC/data/map/robot8/masks/0195_mask.png
196,0.049687499999999996,0.15625,0.0,525.1381758601857,41.75150191152376,1,0.0,0.06392973141248401,0.045373212175579096,1779119178.7044222,5,/Users/kimsumin/projects/RGMC/data/map/robot8/images/0196.png,/Users/kimsumin/projects/RGMC/data/map/robot8/overlays/0196_overlay.png,/Users/kimsumin/projects/RGMC/data/map/robot8/masks/0196_mask.png
197,0.02,0.15625,0.0,525.1664841182914,29.252469813391876,1,0.0,0.04423804331510101,0.035572263712785566,1779119190.8950396,5,/Users/kimsumin/projects/RGMC/data/map/robot8/images/0197.png,/Users/kimsumin/projects/RGMC/data/map/robot8/overlays/0197_overlay.png,/Users/kimsumin/projects/RGMC/data/map/robot8/masks/0197_mask.png
198,0.02,0.1875,0.0,510.41270718232045,29.4786939679026,1,0.0,0.0258585708250318,0.037159435662587836,1779119203.0775306,5,/Users/kimsumin/projects/RGMC/data/map/robot8/images/0198.png,/Users/kimsumin/projects/RGMC/data/map/robot8/overlays/0198_overlay.png,/Users/kimsumin/projects/RGMC/data/map/robot8/masks/0198_mask.png
199,0.049687499999999996,0.1875,0.0,510.0522022838499,41.739153722549545,1,0.0,0.03746093127954362,0.09603356627892515,1779119215.3672624,5,/Users/kimsumin/projects/RGMC/data/map/robot8/images/0199.png,/Users/kimsumin/projects/RGMC/data/map/robot8/overlays/0199_overlay.png,/Users/kimsumin/projects/RGMC/data/map/robot8/masks/0199_mask.png
200,0.079375,0.1875,0.0,509.9640616086709,55.312036508841985,1,0.0,0.027419469420667916,0.18650839762193036,1779119227.03953,5,/Users/kimsumin/projects/RGMC/data/map/robot8/images/0200.png,/Users/kimsumin/projects/RGMC/data/map/robot8/overlays/0200_overlay.png,/Users/kimsumin/projects/RGMC/data/map/robot8/masks/0200_mask.png
201,0.10906249999999999,0.1875,0.0,509.8484679665738,68.74763231197771,1,0.0,0.03191984405998797,0.10370713536887918,1779119239.1181405,5,/Users/kimsumin/projects/RGMC/data/map/robot8/images/0201.png,/Users/kimsumin/projects/RGMC/data/map/robot8/overlays/0201_overlay.png,/Users/kimsumin/projects/RGMC/data/map/robot8/masks/0201_mask.png
202,0.13874999999999998,0.1875,0.0,509.6482683982684,81.41526800216567,1,0.0,0.05963294940450297,0.06422431807357022,1779119251.3114586,5,/Users/kimsumin/projects/RGMC/data/map/robot8/images/0202.png,/Users/kimsumin/projects/RGMC/data/map/robot8/overlays/0202_overlay.png,/Users/kimsumin/projects/RGMC/data/map/robot8/masks/0202_mask.png
203,0.1684375,0.1875,0.0,509.66853303471447,94.86800894854586,1,0.0,0.02586186999825284,0.02961922475745079,1779119263.5001793,5,/Users/kimsumin/projects/RGMC/data/map/robot8/images/0203.png,/Users/kimsumin/projects/RGMC/data/map/robot8/overlays/0203_overlay.png,/Users/kimsumin/projects/RGMC/data/map/robot8/masks/0203_mask.png
204,0.19812499999999997,0.1875,0.0,509.4625137816979,108.16112956810632,1,0.0,0.04156446143283257,0.07408596495453859,1779119276.2983897,5,/Users/kimsumin/projects/RGMC/data/map/robot8/images/0204.png,/Users/kimsumin/projects/RGMC/data/map/robot8/overlays/0204_overlay.png,/Users/kimsumin/projects/RGMC/data/map/robot8/masks/0204_mask.png
205,0.22781249999999997,0.1875,0.0,509.36764705882354,121.19696147585458,1,0.0,0.038072470839693756,0.037787874201290934,1779119288.4875097,5,/Users/kimsumin/projects/RGMC/data/map/robot8/images/0205.png,/Users/kimsumin/projects/RGMC/data/map/robot8/overlays/0205_overlay.png,/Users/kimsumin/projects/RGMC/data/map/robot8/masks/0205_mask.png
206,0.2575,0.1875,0.0,509.3297389330306,134.9778534923339,1,0.0,0.05256599779339954,0.03521881002845734,1779119300.4556563,5,/Users/kimsumin/projects/RGMC/data/map/robot8/images/0206.png,/Users/kimsumin/projects/RGMC/data/map/robot8/overlays/0206_overlay.png,/Users/kimsumin/projects/RGMC/data/map/robot8/masks/0206_mask.png
207,0.2871875,0.1875,0.0,509.2891907187323,148.04219653179192,1,0.0,0.022962858702907426,0.18122036641285463,1779119312.952335,5,/Users/kimsumin/projects/RGMC/data/map/robot8/images/0207.png,/Users/kimsumin/projects/RGMC/data/map/robot8/overlays/0207_overlay.png,/Users/kimsumin/projects/RGMC/data/map/robot8/masks/0207_mask.png
208,0.316875,0.1875,0.0,508.9783105022831,161.199200913242,1,0.0,0.026514500226751135,0.084706589860261,1779119324.9392307,5,/Users/kimsumin/projects/RGMC/data/map/robot8/images/0208.png,/Users/kimsumin/projects/RGMC/data/map/robot8/overlays/0208_overlay.png,/Users/kimsumin/projects/RGMC/data/map/robot8/masks/0208_mask.png
209,0.3465625,0.1875,0.0,508.88327526132406,174.96541786743515,1,0.0,0.03779377053552927,0.08211760710108104,1779119337.017228,5,/Users/kimsumin/projects/RGMC/data/map/robot8/images/0209.png,/Users/kimsumin/projects/RGMC/data/map/robot8/overlays/0209_overlay.png,/Users/kimsumin/projects/RGMC/data/map/robot8/masks/0209_mask.png
210,0.37625,0.1875,0.0,509.098536036036,188.16424581005586,1,0.0,0.4341566954776988,0.1273175447830637,1779119348.9947796,5,/Users/kimsumin/projects/RGMC/data/map/robot8/images/0210.png,/Users/kimsumin/projects/RGMC/data/map/robot8/overlays/0210_overlay.png,/Users/kimsumin/projects/RGMC/data/map/robot8/masks/0210_mask.png
211,0.4059375,0.1875,0.0,507.7893907563025,201.52791597567716,1,0.0,0.4498577592464483,0.10021299923322928,1779119361.1891763,5,/Users/kimsumin/projects/RGMC/data/map/robot8/images/0211.png,/Users/kimsumin/projects/RGMC/data/map/robot8/overlays/0211_overlay.png,/Users/kimsumin/projects/RGMC/data/map/robot8/masks/0211_mask.png
212,0.435625,0.1875,0.0,508.80317640385704,215.01474758933637,1,0.0,0.5531043951894208,0.0783334801803184,1779119374.8110447,5,/Users/kimsumin/projects/RGMC/data/map/robot8/images/0212.png,/Users/kimsumin/projects/RGMC/data/map/robot8/overlays/0212_overlay.png,/Users/kimsumin/projects/RGMC/data/map/robot8/masks/0212_mask.png
213,0.4653125,0.1875,0.0,508.7911392405063,227.65841013824885,1,0.0,0.03311098064443146,0.043988304352093006,1779119387.6130335,5,/Users/kimsumin/projects/RGMC/data/map/robot8/images/0213.png,/Users/kimsumin/projects/RGMC/data/map/robot8/overlays/0213_overlay.png,/Users/kimsumin/projects/RGMC/data/map/robot8/masks/0213_mask.png
214,0.495,0.1875,0.0,507.670906200318,241.16640169581345,1,0.0,0.6257362854509235,0.13738855693062121,1779119399.8066504,5,/Users/kimsumin/projects/RGMC/data/map/robot8/images/0214.png,/Users/kimsumin/projects/RGMC/data/map/robot8/overlays/0214_overlay.png,/Users/kimsumin/projects/RGMC/data/map/robot8/masks/0214_mask.png
215,0.5246875,0.1875,0.0,507.6398258977149,254.79700115340253,1,0.0,0.6523679848078231,0.08925649283043635,1779119411.872949,5,/Users/kimsumin/projects/RGMC/data/map/robot8/images/0215.png,/Users/kimsumin/projects/RGMC/data/map/robot8/overlays/0215_overlay.png,/Users/kimsumin/projects/RGMC/data/map/robot8/masks/0215_mask.png
216,0.554375,0.1875,0.0,507.51306666666665,267.8017103153394,1,0.0,0.06356335376258702,0.04257881072856329,1779119424.057607,5,/Users/kimsumin/projects/RGMC/data/map/robot8/images/0216.png,/Users/kimsumin/projects/RGMC/data/map/robot8/overlays/0216_overlay.png,/Users/kimsumin/projects/RGMC/data/map/robot8/masks/0216_mask.png
217,0.5840625,0.1875,0.0,507.534127843987,280.82425213675214,1,0.0,0.0634463668808354,0.030640838390192097,1779119436.2452013,5,/Users/kimsumin/projects/RGMC/data/map/robot8/images/0217.png,/Users/kimsumin/projects/RGMC/data/map/robot8/overlays/0217_overlay.png,/Users/kimsumin/projects/RGMC/data/map/robot8/masks/0217_mask.png
218,0.61375,0.1875,0.0,507.3296763576522,294.4125068568294,1,0.0,0.44825057448348926,0.05072053102508674,1779119447.9197774,5,/Users/kimsumin/projects/RGMC/data/map/robot8/images/0218.png,/Users/kimsumin/projects/RGMC/data/map/robot8/overlays/0218_overlay.png,/Users/kimsumin/projects/RGMC/data/map/robot8/masks/0218_mask.png
219,0.6434375,0.1875,0.0,506.42713004484307,307.67881165919283,1,0.0,0.027099311872904652,0.04356785637657226,1779119459.9973238,5,/Users/kimsumin/projects/RGMC/data/map/robot8/images/0219.png,/Users/kimsumin/projects/RGMC/data/map/robot8/overlays/0219_overlay.png,/Users/kimsumin/projects/RGMC/data/map/robot8/masks/0219_mask.png
220,0.673125,0.1875,0.0,506.3302249040044,320.84120879120877,1,0.0,0.15171938081735636,0.21904066303626757,1779119471.9841251,5,/Users/kimsumin/projects/RGMC/data/map/robot8/images/0220.png,/Users/kimsumin/projects/RGMC/data/map/robot8/overlays/0220_overlay.png,/Users/kimsumin/projects/RGMC/data/map/robot8/masks/0220_mask.png
221,0.7028125,0.1875,0.0,506.958904109589,334.2065753424657,1,0.0,0.06560737578134315,0.012656434717424463,1779119484.0764415,5,/Users/kimsumin/projects/RGMC/data/map/robot8/images/0221.png,/Users/kimsumin/projects/RGMC/data/map/robot8/overlays/0221_overlay.png,/Users/kimsumin/projects/RGMC/data/map/robot8/masks/0221_mask.png
222,0.7324999999999999,0.1875,0.0,506.3078677309008,347.5302166476625,1,0.0,0.038545894722826726,0.020797860442837185,1779119496.3711338,5,/Users/kimsumin/projects/RGMC/data/map/robot8/images/0222.png,/Users/kimsumin/projects/RGMC/data/map/robot8/overlays/0222_overlay.png,/Users/kimsumin/projects/RGMC/data/map/robot8/masks/0222_mask.png
223,0.7621875,0.1875,0.0,506.2335972850679,360.03846153846155,1,0.0,0.054333621286021275,0.05622039531958058,1779119508.7545683,5,/Users/kimsumin/projects/RGMC/data/map/robot8/images/0223.png,/Users/kimsumin/projects/RGMC/data/map/robot8/overlays/0223_overlay.png,/Users/kimsumin/projects/RGMC/data/map/robot8/masks/0223_mask.png
224,0.791875,0.1875,0.0,506.2491675915649,374.5068181818182,1,0.0,0.052000006968732346,0.3246521872102169,1779119520.9305835,5,/Users/kimsumin/projects/RGMC/data/map/robot8/images/0224.png,/Users/kimsumin/projects/RGMC/data/map/robot8/overlays/0224_overlay.png,/Users/kimsumin/projects/RGMC/data/map/robot8/masks/0224_mask.png
225,0.8215625,0.1875,0.0,506.2321225879682,387.31823329558324,1,0.0,0.05941337425782175,0.059370031100035824,1779119533.1221263,5,/Users/kimsumin/projects/RGMC/data/map/robot8/images/0225.png,/Users/kimsumin/projects/RGMC/data/map/robot8/overlays/0225_overlay.png,/Users/kimsumin/projects/RGMC/data/map/robot8/masks/0225_mask.png
226,0.85125,0.1875,0.0,506.07360265633645,400.6609796367639,1,0.0,0.03616560452146066,0.05750240967451896,1779119545.398232,5,/Users/kimsumin/projects/RGMC/data/map/robot8/images/0226.png,/Users/kimsumin/projects/RGMC/data/map/robot8/overlays/0226_overlay.png,/Users/kimsumin/projects/RGMC/data/map/robot8/masks/0226_mask.png
227,0.8809374999999999,0.1875,0.0,506.0357142857143,414.5304150085276,1,0.0,0.03617970509757316,0.06672422539834648,1779119557.4890957,5,/Users/kimsumin/projects/RGMC/data/map/robot8/images/0227.png,/Users/kimsumin/projects/RGMC/data/map/robot8/overlays/0227_overlay.png,/Users/kimsumin/projects/RGMC/data/map/robot8/masks/0227_mask.png
228,0.910625,0.1875,0.0,505.96336576989125,427.4,1,0.0,0.060082333750304015,0.037857068766243875,1779119569.5737565,5,/Users/kimsumin/projects/RGMC/data/map/robot8/images/0228.png,/Users/kimsumin/projects/RGMC/data/map/robot8/overlays/0228_overlay.png,/Users/kimsumin/projects/RGMC/data/map/robot8/masks/0228_mask.png
229,0.9403125,0.1875,0.0,506.05405405405406,441.32543103448273,1,0.0,0.030210079504349587,0.027418120184042258,1779119581.6717513,5,/Users/kimsumin/projects/RGMC/data/map/robot8/images/0229.png,/Users/kimsumin/projects/RGMC/data/map/robot8/overlays/0229_overlay.png,/Users/kimsumin/projects/RGMC/data/map/robot8/masks/0229_mask.png
230,0.97,0.1875,0.0,505.9930755914599,454.0057703404501,1,0.0,0.04141304039118527,0.04322527529987858,1779119594.1493027,5,/Users/kimsumin/projects/RGMC/data/map/robot8/images/0230.png,/Users/kimsumin/projects/RGMC/data/map/robot8/overlays/0230_overlay.png,/Users/kimsumin/projects/RGMC/data/map/robot8/masks/0230_mask.png
231,0.97,0.21875,0.0,493.04921829762594,454.043023255814,1,0.0,0.0902302920384286,0.05042119123386965,1779119606.2262366,5,/Users/kimsumin/projects/RGMC/data/map/robot8/images/0231.png,/Users/kimsumin/projects/RGMC/data/map/robot8/overlays/0231_overlay.png,/Users/kimsumin/projects/RGMC/data/map/robot8/masks/0231_mask.png
232,0.9403125,0.21875,0.0,491.52277432712214,441.57640332640335,1,0.0,0.040308641439026925,0.08102210079389832,1779119619.0307572,5,/Users/kimsumin/projects/RGMC/data/map/robot8/images/0232.png,/Users/kimsumin/projects/RGMC/data/map/robot8/overlays/0232_overlay.png,/Users/kimsumin/projects/RGMC/data/map/robot8/masks/0232_mask.png
233,0.910625,0.21875,0.0,490.8695405558707,427.95348837209303,1,0.0,0.47440126606421795,0.041209472121828974,1779119631.2179468,5,/Users/kimsumin/projects/RGMC/data/map/robot8/images/0233.png,/Users/kimsumin/projects/RGMC/data/map/robot8/overlays/0233_overlay.png,/Users/kimsumin/projects/RGMC/data/map/robot8/masks/0233_mask.png
234,0.8809374999999999,0.21875,0.0,492.2182254196643,414.715651135006,1,0.0,0.29638674833055345,0.07104341032320458,1779119643.5007083,5,/Users/kimsumin/projects/RGMC/data/map/robot8/images/0234.png,/Users/kimsumin/projects/RGMC/data/map/robot8/overlays/0234_overlay.png,/Users/kimsumin/projects/RGMC/data/map/robot8/masks/0234_mask.png
235,0.85125,0.21875,0.0,493.0983789826719,400.91793142214726,1,0.0,0.05010616365801742,0.09893577064646494,1779119655.3779304,5,/Users/kimsumin/projects/RGMC/data/map/robot8/images/0235.png,/Users/kimsumin/projects/RGMC/data/map/robot8/overlays/0235_overlay.png,/Users/kimsumin/projects/RGMC/data/map/robot8/masks/0235_mask.png
236,0.8215625,0.21875,0.0,493.20955670696605,387.80080831408776,1,0.0,0.10582825935389502,0.04700222496227244,1779119667.5666935,5,/Users/kimsumin/projects/RGMC/data/map/robot8/images/0236.png,/Users/kimsumin/projects/RGMC/data/map/robot8/overlays/0236_overlay.png,/Users/kimsumin/projects/RGMC/data/map/robot8/masks/0236_mask.png
237,0.791875,0.21875,0.0,493.31979405034326,374.8471590909091,1,0.0,0.05294967658143717,0.06782958796366291,1779119679.6524887,5,/Users/kimsumin/projects/RGMC/data/map/robot8/images/0237.png,/Users/kimsumin/projects/RGMC/data/map/robot8/overlays/0237_overlay.png,/Users/kimsumin/projects/RGMC/data/map/robot8/masks/0237_mask.png
238,0.7621875,0.21875,0.0,493.3925549915398,360.73322053017483,1,0.0,0.03960485933668148,0.12401139960616311,1779119691.9404798,5,/Users/kimsumin/projects/RGMC/data/map/robot8/images/0238.png,/Users/kimsumin/projects/RGMC/data/map/robot8/overlays/0238_overlay.png,/Users/kimsumin/projects/RGMC/data/map/robot8/masks/0238_mask.png
239,0.7324999999999999,0.21875,0.0,493.2478583666476,347.7803073420603,1,0.0,0.03865841074902634,0.040587763734993454,1779119704.1266704,5,/Users/kimsumin/projects/RGMC/data/map/robot8/images/0239.png,/Users/kimsumin/projects/RGMC/data/map/robot8/overlays/0239_overlay.png,/Users/kimsumin/projects/RGMC/data/map/robot8/masks/0239_mask.png
240,0.7028125,0.21875,0.0,493.43197278911566,334.97902494331066,1,0.0,0.047299110562497367,0.08675892768534488,1779119716.3067176,5,/Users/kimsumin/projects/RGMC/data/map/robot8/images/0240.png,/Users/kimsumin/projects/RGMC/data/map/robot8/overlays/0240_overlay.png,/Users/kimsumin/projects/RGMC/data/map/robot8/masks/0240_mask.png
241,0.673125,0.21875,0.0,493.3340671436434,321.1949199337383,1,0.0,0.059048835179137386,0.013266246019435048,1779119728.5071414,5,/Users/kimsumin/projects/RGMC/data/map/robot8/images/0241.png,/Users/kimsumin/projects/RGMC/data/map/robot8/overlays/0241_overlay.png,/Users/kimsumin/projects/RGMC/data/map/robot8/masks/0241_mask.png
242,0.6434375,0.21875,0.0,493.488202247191,308.04213483146066,1,0.0,0.034420883792597404,0.05566342925443803,1779119740.2942283,5,/Users/kimsumin/projects/RGMC/data/map/robot8/images/0242.png,/Users/kimsumin/projects/RGMC/data/map/robot8/overlays/0242_overlay.png,/Users/kimsumin/projects/RGMC/data/map/robot8/masks/0242_mask.png
243,0.61375,0.21875,0.0,493.55841252096144,295.13684800897363,1,0.0,0.027532344126095884,0.07650138910785208,1779119752.5564117,5,/Users/kimsumin/projects/RGMC/data/map/robot8/images/0243.png,/Users/kimsumin/projects/RGMC/data/map/robot8/overlays/0243_overlay.png,/Users/kimsumin/projects/RGMC/data/map/robot8/masks/0243_mask.png
244,0.5840625,0.21875,0.0,493.66801152737753,281.2676683361158,1,0.0,0.050186953515598536,0.33257862212596667,1779119764.661208,5,/Users/kimsumin/projects/RGMC/data/map/robot8/images/0244.png,/Users/kimsumin/projects/RGMC/data/map/robot8/overlays/0244_overlay.png,/Users/kimsumin/projects/RGMC/data/map/robot8/masks/0244_mask.png
245,0.554375,0.21875,0.0,493.6465614430665,268.1144781144781,1,0.0,0.024777176484815023,0.0699975784126794,1779119776.4209151,5,/Users/kimsumin/projects/RGMC/data/map/robot8/images/0245.png,/Users/kimsumin/projects/RGMC/data/map/robot8/overlays/0245_overlay.png,/Users/kimsumin/projects/RGMC/data/map/robot8/masks/0245_mask.png
246,0.5246875,0.21875,0.0,493.80466970387243,255.01940639269407,1,0.0,0.05020150822727777,0.11974118553817713,1779119789.525067,5,/Users/kimsumin/projects/RGMC/data/map/robot8/images/0246.png,/Users/kimsumin/projects/RGMC/data/map/robot8/overlays/0246_overlay.png,/Users/kimsumin/projects/RGMC/data/map/robot8/masks/0246_mask.png
247,0.495,0.21875,0.0,493.61160220994475,241.52529182879377,1,0.0,0.013918182901825987,0.3740505927303835,1779119801.7112763,5,/Users/kimsumin/projects/RGMC/data/map/robot8/images/0247.png,/Users/kimsumin/projects/RGMC/data/map/robot8/overlays/0247_overlay.png,/Users/kimsumin/projects/RGMC/data/map/robot8/masks/0247_mask.png
248,0.4653125,0.21875,0.0,493.9365524985963,228.90878754171302,1,0.0,0.03241158703885894,0.03107714098933963,1779119813.8999844,5,/Users/kimsumin/projects/RGMC/data/map/robot8/images/0248.png,/Users/kimsumin/projects/RGMC/data/map/robot8/overlays/0248_overlay.png,/Users/kimsumin/projects/RGMC/data/map/robot8/masks/0248_mask.png
249,0.435625,0.21875,0.0,493.9657142857143,215.34514285714286,1,0.0,0.031958216677032414,0.04293917420241454,1779119826.0067377,5,/Users/kimsumin/projects/RGMC/data/map/robot8/images/0249.png,/Users/kimsumin/projects/RGMC/data/map/robot8/overlays/0249_overlay.png,/Users/kimsumin/projects/RGMC/data/map/robot8/masks/0249_mask.png
250,0.4059375,0.21875,0.0,493.9089912280702,201.647795318454,1,0.0,0.034171019487977496,0.36992182284630315,1779119838.070596,5,/Users/kimsumin/projects/RGMC/data/map/robot8/images/0250.png,/Users/kimsumin/projects/RGMC/data/map/robot8/overlays/0250_overlay.png,/Users/kimsumin/projects/RGMC/data/map/robot8/masks/0250_mask.png
251,0.37625,0.21875,0.0,494.06561974200787,188.7021873247336,1,0.0,0.02289599900523583,0.09901234789637312,1779119850.2743313,5,/Users/kimsumin/projects/RGMC/data/map/robot8/images/0251.png,/Users/kimsumin/projects/RGMC/data/map/robot8/overlays/0251_overlay.png,/Users/kimsumin/projects/RGMC/data/map/robot8/masks/0251_mask.png
252,0.3465625,0.21875,0.0,494.1016166281755,175.14491916859123,1,0.0,0.4697893084137817,0.12886915074467342,1779119862.503656,5,/Users/kimsumin/projects/RGMC/data/map/robot8/images/0252.png,/Users/kimsumin/projects/RGMC/data/map/robot8/overlays/0252_overlay.png,/Users/kimsumin/projects/RGMC/data/map/robot8/masks/0252_mask.png
253,0.316875,0.21875,0.0,493.9593495934959,162.74593023255815,1,0.0,0.021987460524726467,0.09821193339266215,1779119875.7522051,5,/Users/kimsumin/projects/RGMC/data/map/robot8/images/0253.png,/Users/kimsumin/projects/RGMC/data/map/robot8/overlays/0253_overlay.png,/Users/kimsumin/projects/RGMC/data/map/robot8/masks/0253_mask.png
254,0.2871875,0.21875,0.0,495.2413587604291,148.43240023823705,1,0.0,0.030996220207006393,0.06603304954340429,1779119888.0573826,5,/Users/kimsumin/projects/RGMC/data/map/robot8/images/0254.png,/Users/kimsumin/projects/RGMC/data/map/robot8/overlays/0254_overlay.png,/Users/kimsumin/projects/RGMC/data/map/robot8/masks/0254_mask.png
255,0.2575,0.21875,0.0,495.7517942583732,135.01305637982196,1,0.0,0.11796327400222241,0.11320031199725908,1779119900.120909,5,/Users/kimsumin/projects/RGMC/data/map/robot8/images/0255.png,/Users/kimsumin/projects/RGMC/data/map/robot8/overlays/0255_overlay.png,/Users/kimsumin/projects/RGMC/data/map/robot8/masks/0255_mask.png
256,0.22781249999999997,0.21875,0.0,494.30795454545455,122.80714690867839,1,0.0,0.025371104728184997,0.10305452481544154,1779119912.722441,5,/Users/kimsumin/projects/RGMC/data/map/robot8/images/0256.png,/Users/kimsumin/projects/RGMC/data/map/robot8/overlays/0256_overlay.png,/Users/kimsumin/projects/RGMC/data/map/robot8/masks/0256_mask.png
257,0.19812499999999997,0.21875,0.0,495.18532608695654,108.77813852813853,1,0.0,0.44883317272793416,0.06759803848577173,1779119924.4971368,5,/Users/kimsumin/projects/RGMC/data/map/robot8/images/0257.png,/Users/kimsumin/projects/RGMC/data/map/robot8/overlays/0257_overlay.png,/Users/kimsumin/projects/RGMC/data/map/robot8/masks/0257_mask.png
258,0.1684375,0.21875,0.0,496.45198389879243,95.17910447761194,1,0.0,0.08564938601307079,0.07314592454820504,1779119936.6790736,5,/Users/kimsumin/projects/RGMC/data/map/robot8/images/0258.png,/Users/kimsumin/projects/RGMC/data/map/robot8/overlays/0258_overlay.png,/Users/kimsumin/projects/RGMC/data/map/robot8/masks/0258_mask.png
259,0.13874999999999998,0.21875,0.0,495.6784694460308,82.74885844748859,1,0.0,0.4509214050216862,0.3207636108496404,1779119948.7605236,5,/Users/kimsumin/projects/RGMC/data/map/robot8/images/0259.png,/Users/kimsumin/projects/RGMC/data/map/robot8/overlays/0259_overlay.png,/Users/kimsumin/projects/RGMC/data/map/robot8/masks/0259_mask.png
260,0.10906249999999999,0.21875,0.0,496.5508141493543,68.91233947515354,1,0.0,0.44901516946441306,0.13677711625766203,1779119960.4491594,5,/Users/kimsumin/projects/RGMC/data/map/robot8/images/0260.png,/Users/kimsumin/projects/RGMC/data/map/robot8/overlays/0260_overlay.png,/Users/kimsumin/projects/RGMC/data/map/robot8/masks/0260_mask.png
261,0.079375,0.21875,0.0,496.658438576349,55.477375565610856,1,0.0,0.04590131818536437,0.06896768061189515,1779119973.7441967,5,/Users/kimsumin/projects/RGMC/data/map/robot8/images/0261.png,/Users/kimsumin/projects/RGMC/data/map/robot8/overlays/0261_overlay.png,/Users/kimsumin/projects/RGMC/data/map/robot8/masks/0261_mask.png
262,0.049687499999999996,0.21875,0.0,496.51681127982647,41.99890710382514,1,0.0,0.047099737562146096,0.05990334759920514,1779119985.9470408,5,/Users/kimsumin/projects/RGMC/data/map/robot8/images/0262.png,/Users/kimsumin/projects/RGMC/data/map/robot8/overlays/0262_overlay.png,/Users/kimsumin/projects/RGMC/data/map/robot8/masks/0262_mask.png
263,0.02,0.21875,0.0,496.87189398122587,29.23302043070127,1,0.0,0.08253916719400252,0.0911565221809045,1779119998.2224827,5,/Users/kimsumin/projects/RGMC/data/map/robot8/images/0263.png,/Users/kimsumin/projects/RGMC/data/map/robot8/overlays/0263_overlay.png,/Users/kimsumin/projects/RGMC/data/map/robot8/masks/0263_mask.png
264,0.02,0.25,0.0,481.7825159914712,29.71588486140725,1,0.0,0.055648102368146504,0.08170942749771662,1779120010.199348,5,/Users/kimsumin/projects/RGMC/data/map/robot8/images/0264.png,/Users/kimsumin/projects/RGMC/data/map/robot8/overlays/0264_overlay.png,/Users/kimsumin/projects/RGMC/data/map/robot8/masks/0264_mask.png
265,0.049687499999999996,0.25,0.0,481.68706758914317,41.609275053304906,1,0.0,0.03729121488792289,0.12215747585530391,1779120022.4943807,5,/Users/kimsumin/projects/RGMC/data/map/robot8/images/0265.png,/Users/kimsumin/projects/RGMC/data/map/robot8/overlays/0265_overlay.png,/Users/kimsumin/projects/RGMC/data/map/robot8/masks/0265_mask.png
266,0.079375,0.25,0.0,481.6271094175286,56.09635274904736,1,0.0,0.034875917622180536,0.19318081862285313,1779120035.6113427,5,/Users/kimsumin/projects/RGMC/data/map/robot8/images/0266.png,/Users/kimsumin/projects/RGMC/data/map/robot8/overlays/0266_overlay.png,/Users/kimsumin/projects/RGMC/data/map/robot8/masks/0266_mask.png
267,0.10906249999999999,0.25,0.0,481.5598705501618,68.89859762675297,1,0.0,0.016188975211287298,0.04937507377958904,1779120048.8082445,5,/Users/kimsumin/projects/RGMC/data/map/robot8/images/0267.png,/Users/kimsumin/projects/RGMC/data/map/robot8/overlays/0267_overlay.png,/Users/kimsumin/projects/RGMC/data/map/robot8/masks/0267_mask.png
268,0.13874999999999998,0.25,0.0,481.637987012987,81.81950431034483,1,0.0,0.04059667641853644,0.10548061802313495,1779120062.0333824,5,/Users/kimsumin/projects/RGMC/data/map/robot8/images/0268.png,/Users/kimsumin/projects/RGMC/data/map/robot8/overlays/0268_overlay.png,/Users/kimsumin/projects/RGMC/data/map/robot8/masks/0268_mask.png
269,0.1684375,0.25,0.0,481.41014084507043,95.38362310712283,1,0.0,0.043987592442683104,0.028037260137853168,1779120074.2186615,5,/Users/kimsumin/projects/RGMC/data/map/robot8/images/0269.png,/Users/kimsumin/projects/RGMC/data/map/robot8/overlays/0269_overlay.png,/Users/kimsumin/projects/RGMC/data/map/robot8/masks/0269_mask.png
270,0.19812499999999997,0.25,0.0,481.3094587206124,108.78294149808639,1,0.0,0.024226761850515505,0.03978381704168573,1779120086.281726,5,/Users/kimsumin/projects/RGMC/data/map/robot8/images/0270.png,/Users/kimsumin/projects/RGMC/data/map/robot8/overlays/0270_overlay.png,/Users/kimsumin/projects/RGMC/data/map/robot8/masks/0270_mask.png
271,0.22781249999999997,0.25,0.0,481.15146489773355,121.36786703601108,1,0.0,0.04948260147157204,0.17805061690279564,1779120100.037202,5,/Users/kimsumin/projects/RGMC/data/map/robot8/images/0271.png,/Users/kimsumin/projects/RGMC/data/map/robot8/overlays/0271_overlay.png,/Users/kimsumin/projects/RGMC/data/map/robot8/masks/0271_mask.png
272,0.2575,0.25,0.0,480.8426966292135,135.10628302994715,1,0.0,0.03115676136642469,0.024460787798678624,1779120112.0999973,5,/Users/kimsumin/projects/RGMC/data/map/robot8/images/0272.png,/Users/kimsumin/projects/RGMC/data/map/robot8/overlays/0272_overlay.png,/Users/kimsumin/projects/RGMC/data/map/robot8/masks/0272_mask.png
273,0.2871875,0.25,0.0,480.69346443030656,148.13013302486988,1,0.0,0.05955564522357779,0.0365199193453528,1779120125.4037328,5,/Users/kimsumin/projects/RGMC/data/map/robot8/images/0273.png,/Users/kimsumin/projects/RGMC/data/map/robot8/overlays/0273_overlay.png,/Users/kimsumin/projects/RGMC/data/map/robot8/masks/0273_mask.png
274,0.316875,0.25,0.0,480.8621495327103,162.06957047791894,1,0.0,0.12673967284046084,0.2921305801607661,1779120139.2446175,5,/Users/kimsumin/projects/RGMC/data/map/robot8/images/0274.png,/Users/kimsumin/projects/RGMC/data/map/robot8/overlays/0274_overlay.png,/Users/kimsumin/projects/RGMC/data/map/robot8/masks/0274_mask.png
275,0.3465625,0.25,0.0,480.8200812536274,174.86748394629305,1,0.0,0.07808052062928825,0.055741114072335916,1779120151.103006,5,/Users/kimsumin/projects/RGMC/data/map/robot8/images/0275.png,/Users/kimsumin/projects/RGMC/data/map/robot8/overlays/0275_overlay.png,/Users/kimsumin/projects/RGMC/data/map/robot8/masks/0275_mask.png
276,0.37625,0.25,0.0,480.66364152013614,187.85272206303725,1,0.0,0.056294611154330626,0.1638353068515452,1779120163.209366,5,/Users/kimsumin/projects/RGMC/data/map/robot8/images/0276.png,/Users/kimsumin/projects/RGMC/data/map/robot8/overlays/0276_overlay.png,/Users/kimsumin/projects/RGMC/data/map/robot8/masks/0276_mask.png
277,0.4059375,0.25,0.0,480.6942567567568,201.07319819819818,1,0.0,0.3688799107580837,0.09011195434091283,1779120176.407873,5,/Users/kimsumin/projects/RGMC/data/map/robot8/images/0277.png,/Users/kimsumin/projects/RGMC/data/map/robot8/overlays/0277_overlay.png,/Users/kimsumin/projects/RGMC/data/map/robot8/masks/0277_mask.png
278,0.435625,0.25,0.0,480.33806146572107,214.94510035419125,1,0.0,0.08236378573945093,0.06383318323094066,1779120189.6089933,5,/Users/kimsumin/projects/RGMC/data/map/robot8/images/0278.png,/Users/kimsumin/projects/RGMC/data/map/robot8/overlays/0278_overlay.png,/Users/kimsumin/projects/RGMC/data/map/robot8/masks/0278_mask.png
279,0.4653125,0.25,0.0,479.7551020408163,228.4512485136742,1,0.0,0.5260446369992053,0.22566087690721492,1779120201.6116316,5,/Users/kimsumin/projects/RGMC/data/map/robot8/images/0279.png,/Users/kimsumin/projects/RGMC/data/map/robot8/overlays/0279_overlay.png,/Users/kimsumin/projects/RGMC/data/map/robot8/masks/0279_mask.png
280,0.495,0.25,0.0,480.40470723306544,240.96831797235023,1,0.0,0.26502577506595804,0.11075722718251987,1779120213.4652326,5,/Users/kimsumin/projects/RGMC/data/map/robot8/images/0280.png,/Users/kimsumin/projects/RGMC/data/map/robot8/overlays/0280_overlay.png,/Users/kimsumin/projects/RGMC/data/map/robot8/masks/0280_mask.png
281,0.5246875,0.25,0.0,480.4628770301624,254.67764705882354,1,0.0,0.7045152651085711,0.11117236438786844,1779120225.4469025,5,/Users/kimsumin/projects/RGMC/data/map/robot8/images/0281.png,/Users/kimsumin/projects/RGMC/data/map/robot8/overlays/0281_overlay.png,/Users/kimsumin/projects/RGMC/data/map/robot8/masks/0281_mask.png
282,0.554375,0.25,0.0,478.39651293588304,267.96569178852644,1,0.0,0.03962853308541652,0.03445498855552015,1779120237.635337,5,/Users/kimsumin/projects/RGMC/data/map/robot8/images/0282.png,/Users/kimsumin/projects/RGMC/data/map/robot8/overlays/0282_overlay.png,/Users/kimsumin/projects/RGMC/data/map/robot8/masks/0282_mask.png
283,0.5840625,0.25,0.0,480.32516053706945,280.28596287703016,1,0.0,0.7388026996770928,0.19402889503424542,1779120249.82105,5,/Users/kimsumin/projects/RGMC/data/map/robot8/images/0283.png,/Users/kimsumin/projects/RGMC/data/map/robot8/overlays/0283_overlay.png,/Users/kimsumin/projects/RGMC/data/map/robot8/masks/0283_mask.png
284,0.61375,0.25,0.0,478.4390934844193,294.8844192634561,1,0.0,0.8570866438293709,0.0890334152905165,1779120262.621043,5,/Users/kimsumin/projects/RGMC/data/map/robot8/images/0284.png,/Users/kimsumin/projects/RGMC/data/map/robot8/overlays/0284_overlay.png,/Users/kimsumin/projects/RGMC/data/map/robot8/masks/0284_mask.png
285,0.6434375,0.25,0.0,478.29575892857144,307.8337996642417,1,0.0,0.07829424495158092,0.06420231639350786,1779120274.7036862,5,/Users/kimsumin/projects/RGMC/data/map/robot8/images/0285.png,/Users/kimsumin/projects/RGMC/data/map/robot8/overlays/0285_overlay.png,/Users/kimsumin/projects/RGMC/data/map/robot8/masks/0285_mask.png
286,0.673125,0.25,0.0,478.226301369863,320.73756906077347,1,0.0,0.539893132069506,0.034855082274659464,1779120287.7190492,5,/Users/kimsumin/projects/RGMC/data/map/robot8/images/0286.png,/Users/kimsumin/projects/RGMC/data/map/robot8/overlays/0286_overlay.png,/Users/kimsumin/projects/RGMC/data/map/robot8/masks/0286_mask.png
287,0.7028125,0.25,0.0,478.22611644997176,334.5978627671541,1,0.0,0.1260696695112375,0.11276550922054902,1779120299.7947454,5,/Users/kimsumin/projects/RGMC/data/map/robot8/images/0287.png,/Users/kimsumin/projects/RGMC/data/map/robot8/overlays/0287_overlay.png,/Users/kimsumin/projects/RGMC/data/map/robot8/masks/0287_mask.png
288,0.7324999999999999,0.25,0.0,478.27837380011294,347.42437923250566,1,0.0,0.5480316225293973,0.07964465361616739,1779120312.6021552,5,/Users/kimsumin/projects/RGMC/data/map/robot8/images/0288.png,/Users/kimsumin/projects/RGMC/data/map/robot8/overlays/0288_overlay.png,/Users/kimsumin/projects/RGMC/data/map/robot8/masks/0288_mask.png
289,0.7621875,0.25,0.0,478.2636928289102,359.9339356295878,1,0.0,0.06211477085741529,0.13588307749529857,1779120324.4908109,5,/Users/kimsumin/projects/RGMC/data/map/robot8/images/0289.png,/Users/kimsumin/projects/RGMC/data/map/robot8/overlays/0289_overlay.png,/Users/kimsumin/projects/RGMC/data/map/robot8/masks/0289_mask.png
290,0.791875,0.25,0.0,478.2587694077056,374.48942252715835,1,0.0,0.07025604170724836,0.36062834967307494,1779120336.5510416,5,/Users/kimsumin/projects/RGMC/data/map/robot8/images/0290.png,/Users/kimsumin/projects/RGMC/data/map/robot8/overlays/0290_overlay.png,/Users/kimsumin/projects/RGMC/data/map/robot8/masks/0290_mask.png
291,0.8215625,0.25,0.0,478.1536723163842,387.57570621468926,1,0.0,0.042279421370044326,0.04567224517339448,1779120349.3545334,5,/Users/kimsumin/projects/RGMC/data/map/robot8/images/0291.png,/Users/kimsumin/projects/RGMC/data/map/robot8/overlays/0291_overlay.png,/Users/kimsumin/projects/RGMC/data/map/robot8/masks/0291_mask.png
292,0.85125,0.25,0.0,478.12831858407077,400.81526548672565,1,0.0,0.038595073138407335,0.0705888702676853,1779120361.8637106,5,/Users/kimsumin/projects/RGMC/data/map/robot8/images/0292.png,/Users/kimsumin/projects/RGMC/data/map/robot8/overlays/0292_overlay.png,/Users/kimsumin/projects/RGMC/data/map/robot8/masks/0292_mask.png
293,0.8809374999999999,0.25,0.0,478.0304396843292,414.84180790960454,1,0.0,0.03934892828766668,0.05507128943736938,1779120373.9261477,5,/Users/kimsumin/projects/RGMC/data/map/robot8/images/0293.png,/Users/kimsumin/projects/RGMC/data/map/robot8/overlays/0293_overlay.png,/Users/kimsumin/projects/RGMC/data/map/robot8/masks/0293_mask.png
294,0.910625,0.25,0.0,478.04176072234765,427.4920993227991,1,0.0,0.045477699601986346,0.05624623813207957,1779120386.8373404,5,/Users/kimsumin/projects/RGMC/data/map/robot8/images/0294.png,/Users/kimsumin/projects/RGMC/data/map/robot8/overlays/0294_overlay.png,/Users/kimsumin/projects/RGMC/data/map/robot8/masks/0294_mask.png
295,0.9403125,0.25,0.0,477.9521021820117,441.54317697228146,1,0.0,0.029519756018138804,0.09133845797140339,1779120399.1274261,5,/Users/kimsumin/projects/RGMC/data/map/robot8/images/0295.png,/Users/kimsumin/projects/RGMC/data/map/robot8/overlays/0295_overlay.png,/Users/kimsumin/projects/RGMC/data/map/robot8/masks/0295_mask.png
296,0.97,0.25,0.0,478.0808486238532,454.0854357798165,1,0.0,0.06512404311967061,0.03205029506163052,1779120411.2282727,5,/Users/kimsumin/projects/RGMC/data/map/robot8/images/0296.png,/Users/kimsumin/projects/RGMC/data/map/robot8/overlays/0296_overlay.png,/Users/kimsumin/projects/RGMC/data/map/robot8/masks/0296_mask.png
297,0.97,0.28125,0.0,464.68643570170286,454.0519859813084,1,0.0,0.07576601802376419,0.03754229371889536,1779120423.2917356,5,/Users/kimsumin/projects/RGMC/data/map/robot8/images/0297.png,/Users/kimsumin/projects/RGMC/data/map/robot8/overlays/0297_overlay.png,/Users/kimsumin/projects/RGMC/data/map/robot8/masks/0297_mask.png
298,0.9403125,0.28125,0.0,464.9345945945946,441.4994640943194,1,0.0,0.03187996640249916,0.057502679411347145,1779120435.383242,5,/Users/kimsumin/projects/RGMC/data/map/robot8/images/0298.png,/Users/kimsumin/projects/RGMC/data/map/robot8/overlays/0298_overlay.png,/Users/kimsumin/projects/RGMC/data/map/robot8/masks/0298_mask.png
299,0.910625,0.28125,0.0,463.4902491874323,427.48148148148147,1,0.0,0.054888309219102836,0.06956464745784442,1779120448.5862107,5,/Users/kimsumin/projects/RGMC/data/map/robot8/images/0299.png,/Users/kimsumin/projects/RGMC/data/map/robot8/overlays/0299_overlay.png,/Users/kimsumin/projects/RGMC/data/map/robot8/masks/0299_mask.png
300,0.8809374999999999,0.28125,0.0,464.7835820895522,414.8467278989667,1,0.0,0.0518811266739595,0.039119947725434076,1779120460.7696652,5,/Users/kimsumin/projects/RGMC/data/map/robot8/images/0300.png,/Users/kimsumin/projects/RGMC/data/map/robot8/overlays/0300_overlay.png,/Users/kimsumin/projects/RGMC/data/map/robot8/masks/0300_mask.png
301,0.85125,0.28125,0.0,464.9125138427464,400.7718715393134,1,0.0,0.5476137412934594,0.06533258321556891,1779120473.0538568,5,/Users/kimsumin/projects/RGMC/data/map/robot8/images/0301.png,/Users/kimsumin/projects/RGMC/data/map/robot8/overlays/0301_overlay.png,/Users/kimsumin/projects/RGMC/data/map/robot8/masks/0301_mask.png
302,0.8215625,0.28125,0.0,464.84410430839,387.81074899942826,1,0.0,0.4782546992600675,0.07428048363248402,1779120486.3701668,5,/Users/kimsumin/projects/RGMC/data/map/robot8/images/0302.png,/Users/kimsumin/projects/RGMC/data/map/robot8/overlays/0302_overlay.png,/Users/kimsumin/projects/RGMC/data/map/robot8/masks/0302_mask.png
303,0.791875,0.28125,0.0,465.03618609994254,374.79655172413794,1,0.0,0.04910486295561608,0.3763969140377717,1779120498.3431995,5,/Users/kimsumin/projects/RGMC/data/map/robot8/images/0303.png,/Users/kimsumin/projects/RGMC/data/map/robot8/overlays/0303_overlay.png,/Users/kimsumin/projects/RGMC/data/map/robot8/masks/0303_mask.png
304,0.7621875,0.28125,0.0,465.17310924369747,360.5658263305322,1,0.0,0.03969156302119886,0.08661350302961769,1779120511.041615,5,/Users/kimsumin/projects/RGMC/data/map/robot8/images/0304.png,/Users/kimsumin/projects/RGMC/data/map/robot8/overlays/0304_overlay.png,/Users/kimsumin/projects/RGMC/data/map/robot8/masks/0304_mask.png
305,0.7324999999999999,0.28125,0.0,465.0942318675043,347.5448827901658,1,0.0,0.043641463974410585,0.11117247062726164,1779120522.7247925,5,/Users/kimsumin/projects/RGMC/data/map/robot8/images/0305.png,/Users/kimsumin/projects/RGMC/data/map/robot8/overlays/0305_overlay.png,/Users/kimsumin/projects/RGMC/data/map/robot8/masks/0305_mask.png
306,0.7028125,0.28125,0.0,464.8902857142857,334.6422857142857,1,0.0,0.019076523935163674,0.0773238908166334,1779120533.881236,5,/Users/kimsumin/projects/RGMC/data/map/robot8/images/0306.png,/Users/kimsumin/projects/RGMC/data/map/robot8/overlays/0306_overlay.png,/Users/kimsumin/projects/RGMC/data/map/robot8/masks/0306_mask.png
307,0.673125,0.28125,0.0,465.1921154913937,320.7545807884509,1,0.0,0.03011053948985042,0.11082399345188217,1779120546.2774572,5,/Users/kimsumin/projects/RGMC/data/map/robot8/images/0307.png,/Users/kimsumin/projects/RGMC/data/map/robot8/overlays/0307_overlay.png,/Users/kimsumin/projects/RGMC/data/map/robot8/masks/0307_mask.png
308,0.6434375,0.28125,0.0,465.17071791972865,308.11512415349887,1,0.0,0.04316063452062986,0.0711480701521952,1779120557.9465473,5,/Users/kimsumin/projects/RGMC/data/map/robot8/images/0308.png,/Users/kimsumin/projects/RGMC/data/map/robot8/overlays/0308_overlay.png,/Users/kimsumin/projects/RGMC/data/map/robot8/masks/0308_mask.png
309,0.61375,0.28125,0.0,465.2664418212479,295.19183445190157,1,0.0,0.022185928701611665,0.052643180195020775,1779120570.6396394,5,/Users/kimsumin/projects/RGMC/data/map/robot8/images/0309.png,/Users/kimsumin/projects/RGMC/data/map/robot8/overlays/0309_overlay.png,/Users/kimsumin/projects/RGMC/data/map/robot8/masks/0309_mask.png
310,0.5840625,0.28125,0.0,465.44474686989656,281.3528767123288,1,0.0,0.06783242793723453,0.04791739282647752,1779120582.7289894,5,/Users/kimsumin/projects/RGMC/data/map/robot8/images/0310.png,/Users/kimsumin/projects/RGMC/data/map/robot8/overlays/0310_overlay.png,/Users/kimsumin/projects/RGMC/data/map/robot8/masks/0310_mask.png
311,0.554375,0.28125,0.0,465.5154355016538,268.0575097710776,1,0.0,0.02258050621915664,0.15270414398027188,1779120595.119751,5,/Users/kimsumin/projects/RGMC/data/map/robot8/images/0311.png,/Users/kimsumin/projects/RGMC/data/map/robot8/overlays/0311_overlay.png,/Users/kimsumin/projects/RGMC/data/map/robot8/masks/0311_mask.png
312,0.5246875,0.28125,0.0,465.634009009009,255.20101351351352,1,0.0,0.05167716803587614,0.04532862215845009,1779120607.2121747,5,/Users/kimsumin/projects/RGMC/data/map/robot8/images/0312.png,/Users/kimsumin/projects/RGMC/data/map/robot8/overlays/0312_overlay.png,/Users/kimsumin/projects/RGMC/data/map/robot8/masks/0312_mask.png
313,0.495,0.28125,0.0,465.4931053502482,241.56867071152786,1,0.0,0.04312427181166556,0.10152916267585987,1779120620.4094276,5,/Users/kimsumin/projects/RGMC/data/map/robot8/images/0313.png,/Users/kimsumin/projects/RGMC/data/map/robot8/overlays/0313_overlay.png,/Users/kimsumin/projects/RGMC/data/map/robot8/masks/0313_mask.png
314,0.4653125,0.28125,0.0,465.59800664451825,228.79005524861878,1,0.0,0.037824538311340465,0.06337383816996828,1779120632.2916148,5,/Users/kimsumin/projects/RGMC/data/map/robot8/images/0314.png,/Users/kimsumin/projects/RGMC/data/map/robot8/overlays/0314_overlay.png,/Users/kimsumin/projects/RGMC/data/map/robot8/masks/0314_mask.png
315,0.435625,0.28125,0.0,465.3869688385269,215.71355643788996,1,0.0,0.06968913125994537,0.0815247206758157,1779120643.5527108,5,/Users/kimsumin/projects/RGMC/data/map/robot8/images/0315.png,/Users/kimsumin/projects/RGMC/data/map/robot8/overlays/0315_overlay.png,/Users/kimsumin/projects/RGMC/data/map/robot8/masks/0315_mask.png
316,0.4059375,0.28125,0.0,465.6089417091115,202.85844229675953,1,0.0,0.05588793867256021,0.04947591468944034,1779120654.7301328,5,/Users/kimsumin/projects/RGMC/data/map/robot8/images/0316.png,/Users/kimsumin/projects/RGMC/data/map/robot8/overlays/0316_overlay.png,/Users/kimsumin/projects/RGMC/data/map/robot8/masks/0316_mask.png
317,0.37625,0.28125,0.0,465.95404814004377,188.7552026286966,1,0.0,0.03139080277070603,0.07059080612186701,1779120666.0712683,5,/Users/kimsumin/projects/RGMC/data/map/robot8/images/0317.png,/Users/kimsumin/projects/RGMC/data/map/robot8/overlays/0317_overlay.png,/Users/kimsumin/projects/RGMC/data/map/robot8/masks/0317_mask.png
318,0.3465625,0.28125,0.0,465.8670062252405,175.70498301245752,1,0.0,0.061396623385744455,0.10327541470301403,1779120678.1845634,5,/Users/kimsumin/projects/RGMC/data/map/robot8/images/0318.png,/Users/kimsumin/projects/RGMC/data/map/robot8/overlays/0318_overlay.png,/Users/kimsumin/projects/RGMC/data/map/robot8/masks/0318_mask.png
319,0.316875,0.28125,0.0,465.9810017271157,162.68793103448274,1,0.0,0.019894378407608042,0.06612891902223726,1779120689.42383,5,/Users/kimsumin/projects/RGMC/data/map/robot8/images/0319.png,/Users/kimsumin/projects/RGMC/data/map/robot8/overlays/0319_overlay.png,/Users/kimsumin/projects/RGMC/data/map/robot8/masks/0319_mask.png
320,0.2871875,0.28125,0.0,466.09254066180597,149.195149464185,1,0.0,0.02676027526683045,0.11729435690899695,1779120701.1240814,5,/Users/kimsumin/projects/RGMC/data/map/robot8/images/0320.png,/Users/kimsumin/projects/RGMC/data/map/robot8/overlays/0320_overlay.png,/Users/kimsumin/projects/RGMC/data/map/robot8/masks/0320_mask.png
321,0.2575,0.28125,0.0,466.31032515687394,135.98916143753564,1,0.0,0.05693813284163732,0.0670152430871098,1779120712.978902,5,/Users/kimsumin/projects/RGMC/data/map/robot8/images/0321.png,/Users/kimsumin/projects/RGMC/data/map/robot8/overlays/0321_overlay.png,/Users/kimsumin/projects/RGMC/data/map/robot8/masks/0321_mask.png
322,0.22781249999999997,0.28125,0.0,466.408185840708,122.07845303867403,1,0.0,0.026371608252469654,0.06184410416288438,1779120725.47491,5,/Users/kimsumin/projects/RGMC/data/map/robot8/images/0322.png,/Users/kimsumin/projects/RGMC/data/map/robot8/overlays/0322_overlay.png,/Users/kimsumin/projects/RGMC/data/map/robot8/masks/0322_mask.png
323,0.19812499999999997,0.28125,0.0,466.34223433242505,109.17261904761905,1,0.0,0.05247804737776934,0.07631528566425456,1779120737.6659224,5,/Users/kimsumin/projects/RGMC/data/map/robot8/images/0323.png,/Users/kimsumin/projects/RGMC/data/map/robot8/overlays/0323_overlay.png,/Users/kimsumin/projects/RGMC/data/map/robot8/masks/0323_mask.png
324,0.1684375,0.28125,0.0,467.509068923821,95.5,1,0.0,0.6306793046181987,0.25589801412692237,1779120749.6489024,5,/Users/kimsumin/projects/RGMC/data/map/robot8/images/0324.png,/Users/kimsumin/projects/RGMC/data/map/robot8/overlays/0324_overlay.png,/Users/kimsumin/projects/RGMC/data/map/robot8/masks/0324_mask.png
325,0.13874999999999998,0.28125,0.0,468.50627137970355,82.81988636363636,1,0.0,0.7406417043753407,0.10397284026712669,1779120761.836836,5,/Users/kimsumin/projects/RGMC/data/map/robot8/images/0325.png,/Users/kimsumin/projects/RGMC/data/map/robot8/overlays/0325_overlay.png,/Users/kimsumin/projects/RGMC/data/map/robot8/masks/0325_mask.png
326,0.10906249999999999,0.28125,0.0,468.61031833150383,68.93835993395707,1,0.0,0.03285473811449256,0.044088618304037513,1779120773.5015519,5,/Users/kimsumin/projects/RGMC/data/map/robot8/images/0326.png,/Users/kimsumin/projects/RGMC/data/map/robot8/overlays/0326_overlay.png,/Users/kimsumin/projects/RGMC/data/map/robot8/masks/0326_mask.png
327,0.079375,0.28125,0.0,468.75125208681135,55.82024336283186,1,0.0,0.04702083604080172,0.12501664954097055,1779120785.8974473,5,/Users/kimsumin/projects/RGMC/data/map/robot8/images/0327.png,/Users/kimsumin/projects/RGMC/data/map/robot8/overlays/0327_overlay.png,/Users/kimsumin/projects/RGMC/data/map/robot8/masks/0327_mask.png
328,0.049687499999999996,0.28125,0.0,468.7954790096878,41.93272335844995,1,0.0,0.055775191810604446,0.07959559826831308,1779120798.2794733,5,/Users/kimsumin/projects/RGMC/data/map/robot8/images/0328.png,/Users/kimsumin/projects/RGMC/data/map/robot8/overlays/0328_overlay.png,/Users/kimsumin/projects/RGMC/data/map/robot8/masks/0328_mask.png
329,0.02,0.28125,0.0,468.9661111111111,29.131765992345542,1,0.0,0.055506638863613865,0.08517250879246088,1779120809.9563663,5,/Users/kimsumin/projects/RGMC/data/map/robot8/images/0329.png,/Users/kimsumin/projects/RGMC/data/map/robot8/overlays/0329_overlay.png,/Users/kimsumin/projects/RGMC/data/map/robot8/masks/0329_mask.png
330,0.02,0.3125,0.0,453.8104008667389,29.09002169197397,1,0.0,0.03341095129455715,0.07196870603217763,1779120822.0404737,5,/Users/kimsumin/projects/RGMC/data/map/robot8/images/0330.png,/Users/kimsumin/projects/RGMC/data/map/robot8/overlays/0330_overlay.png,/Users/kimsumin/projects/RGMC/data/map/robot8/masks/0330_mask.png
331,0.049687499999999996,0.3125,0.0,453.63197424892707,41.56616862326574,1,0.0,0.06507891346578909,0.1337258319133629,1779120835.2470927,5,/Users/kimsumin/projects/RGMC/data/map/robot8/images/0331.png,/Users/kimsumin/projects/RGMC/data/map/robot8/overlays/0331_overlay.png,/Users/kimsumin/projects/RGMC/data/map/robot8/masks/0331_mask.png
332,0.079375,0.3125,0.0,453.5736040609137,54.790684624017956,1,0.0,0.043123359979965095,0.13540294590541374,1779120847.4288526,5,/Users/kimsumin/projects/RGMC/data/map/robot8/images/0332.png,/Users/kimsumin/projects/RGMC/data/map/robot8/overlays/0332_overlay.png,/Users/kimsumin/projects/RGMC/data/map/robot8/masks/0332_mask.png
333,0.10906249999999999,0.3125,0.0,453.61756531406337,68.53875968992249,1,0.0,0.030989755838562075,0.03523985032465223,1779120860.6434884,5,/Users/kimsumin/projects/RGMC/data/map/robot8/images/0333.png,/Users/kimsumin/projects/RGMC/data/map/robot8/overlays/0333_overlay.png,/Users/kimsumin/projects/RGMC/data/map/robot8/masks/0333_mask.png
334,0.13874999999999998,0.3125,0.0,453.5530303030303,81.61093073593074,1,0.0,0.04129813708561617,0.06403129371419615,1779120872.1157763,5,/Users/kimsumin/projects/RGMC/data/map/robot8/images/0334.png,/Users/kimsumin/projects/RGMC/data/map/robot8/overlays/0334_overlay.png,/Users/kimsumin/projects/RGMC/data/map/robot8/masks/0334_mask.png
335,0.1684375,0.3125,0.0,453.45392877331824,95.33446136491821,1,0.0,0.06079451853579164,0.03765358013591757,1779120883.0690484,5,/Users/kimsumin/projects/RGMC/data/map/robot8/images/0335.png,/Users/kimsumin/projects/RGMC/data/map/robot8/overlays/0335_overlay.png,/Users/kimsumin/projects/RGMC/data/map/robot8/masks/0335_mask.png
336,0.19812499999999997,0.3125,0.0,453.31347438752783,108.17597765363128,1,0.0,0.03494008610794887,0.08349250448518432,1779120895.071565,5,/Users/kimsumin/projects/RGMC/data/map/robot8/images/0336.png,/Users/kimsumin/projects/RGMC/data/map/robot8/overlays/0336_overlay.png,/Users/kimsumin/projects/RGMC/data/map/robot8/masks/0336_mask.png
337,0.22781249999999997,0.3125,0.0,453.11742006615214,121.82536151279199,1,0.0,0.04748469363762165,0.13282067831377697,1779120906.49568,5,/Users/kimsumin/projects/RGMC/data/map/robot8/images/0337.png,/Users/kimsumin/projects/RGMC/data/map/robot8/overlays/0337_overlay.png,/Users/kimsumin/projects/RGMC/data/map/robot8/masks/0337_mask.png
338,0.2575,0.3125,0.0,453.2445464982778,135.25932300631095,1,0.0,0.04872902434399673,0.059428594454099294,1779120917.9848528,5,/Users/kimsumin/projects/RGMC/data/map/robot8/images/0338.png,/Users/kimsumin/projects/RGMC/data/map/robot8/overlays/0338_overlay.png,/Users/kimsumin/projects/RGMC/data/map/robot8/masks/0338_mask.png
339,0.2871875,0.3125,0.0,453.3130580357143,148.40133779264215,1,0.0,0.03796310413027679,0.04287371387404647,1779120929.6623056,5,/Users/kimsumin/projects/RGMC/data/map/robot8/images/0339.png,/Users/kimsumin/projects/RGMC/data/map/robot8/overlays/0339_overlay.png,/Users/kimsumin/projects/RGMC/data/map/robot8/masks/0339_mask.png
340,0.316875,0.3125,0.0,453.221387283237,162.33583815028902,1,0.0,0.038737315488281625,0.4161822998856808,1779120942.1560302,5,/Users/kimsumin/projects/RGMC/data/map/robot8/images/0340.png,/Users/kimsumin/projects/RGMC/data/map/robot8/overlays/0340_overlay.png,/Users/kimsumin/projects/RGMC/data/map/robot8/masks/0340_mask.png
341,0.3465625,0.3125,0.0,453.1382204812535,175.02463605823067,1,0.0,0.02984062658425914,0.06967954430510921,1779120953.834159,5,/Users/kimsumin/projects/RGMC/data/map/robot8/images/0341.png,/Users/kimsumin/projects/RGMC/data/map/robot8/overlays/0341_overlay.png,/Users/kimsumin/projects/RGMC/data/map/robot8/masks/0341_mask.png
342,0.37625,0.3125,0.0,452.89506172839504,188.4250141482739,1,0.0,0.06402566559521691,0.12188471963432974,1779120965.8051956,5,/Users/kimsumin/projects/RGMC/data/map/robot8/images/0342.png,/Users/kimsumin/projects/RGMC/data/map/robot8/overlays/0342_overlay.png,/Users/kimsumin/projects/RGMC/data/map/robot8/masks/0342_mask.png
343,0.4059375,0.3125,0.0,451.6712765957447,201.98829787234044,1,0.0,0.051679690472135185,0.07225888535449738,1779120977.8885117,5,/Users/kimsumin/projects/RGMC/data/map/robot8/images/0343.png,/Users/kimsumin/projects/RGMC/data/map/robot8/overlays/0343_overlay.png,/Users/kimsumin/projects/RGMC/data/map/robot8/masks/0343_mask.png
344,0.435625,0.3125,0.0,450.7049180327869,215.583945732052,1,0.0,0.4865195064201909,0.044803799379410175,1779120989.7755558,5,/Users/kimsumin/projects/RGMC/data/map/robot8/images/0344.png,/Users/kimsumin/projects/RGMC/data/map/robot8/overlays/0344_overlay.png,/Users/kimsumin/projects/RGMC/data/map/robot8/masks/0344_mask.png
345,0.4653125,0.3125,0.0,450.55716675962077,228.24261015058562,1,0.0,0.4455584698552129,0.18217994332820428,1779121001.7479076,5,/Users/kimsumin/projects/RGMC/data/map/robot8/images/0345.png,/Users/kimsumin/projects/RGMC/data/map/robot8/overlays/0345_overlay.png,/Users/kimsumin/projects/RGMC/data/map/robot8/masks/0345_mask.png
346,0.495,0.3125,0.0,451.72379269729095,241.3629411764706,1,0.0,0.7315608815603043,0.13475822504192517,1779121013.6273022,5,/Users/kimsumin/projects/RGMC/data/map/robot8/images/0346.png,/Users/kimsumin/projects/RGMC/data/map/robot8/overlays/0346_overlay.png,/Users/kimsumin/projects/RGMC/data/map/robot8/masks/0346_mask.png
347,0.5246875,0.3125,0.0,450.3033898305085,254.90293453724604,1,0.0,0.04789150076738048,0.03334496669171647,1779121025.888194,5,/Users/kimsumin/projects/RGMC/data/map/robot8/images/0347.png,/Users/kimsumin/projects/RGMC/data/map/robot8/overlays/0347_overlay.png,/Users/kimsumin/projects/RGMC/data/map/robot8/masks/0347_mask.png
348,0.554375,0.3125,0.0,450.29173693086005,268.037703995498,1,0.0,0.040833082748394436,0.09610320589641638,1779121038.120107,5,/Users/kimsumin/projects/RGMC/data/map/robot8/images/0348.png,/Users/kimsumin/projects/RGMC/data/map/robot8/overlays/0348_overlay.png,/Users/kimsumin/projects/RGMC/data/map/robot8/masks/0348_mask.png
349,0.5840625,0.3125,0.0,450.1486560614372,281.23246824958585,1,0.0,0.041584111229230704,0.02647190861510811,1779121051.1042686,5,/Users/kimsumin/projects/RGMC/data/map/robot8/images/0349.png,/Users/kimsumin/projects/RGMC/data/map/robot8/overlays/0349_overlay.png,/Users/kimsumin/projects/RGMC/data/map/robot8/masks/0349_mask.png
350,0.61375,0.3125,0.0,449.960489705064,295.1560920830994,1,0.0,0.048469794983501534,0.040225543329003646,1779121062.7900822,5,/Users/kimsumin/projects/RGMC/data/map/robot8/images/0350.png,/Users/kimsumin/projects/RGMC/data/map/robot8/overlays/0350_overlay.png,/Users/kimsumin/projects/RGMC/data/map/robot8/masks/0350_mask.png
351,0.6434375,0.3125,0.0,450.10863509749305,307.8050139275766,1,0.0,0.03680969556613809,0.03670006782348782,1779121074.8689134,5,/Users/kimsumin/projects/RGMC/data/map/robot8/images/0351.png,/Users/kimsumin/projects/RGMC/data/map/robot8/overlays/0351_overlay.png,/Users/kimsumin/projects/RGMC/data/map/robot8/masks/0351_mask.png
352,0.673125,0.3125,0.0,450.0393657736468,320.7695652173913,1,0.0,0.021375364432851665,0.05056805309066589,1779121086.7612011,5,/Users/kimsumin/projects/RGMC/data/map/robot8/images/0352.png,/Users/kimsumin/projects/RGMC/data/map/robot8/overlays/0352_overlay.png,/Users/kimsumin/projects/RGMC/data/map/robot8/masks/0352_mask.png
353,0.7028125,0.3125,0.0,449.8267188373393,334.7255995538204,1,0.0,0.031992496702021055,0.04018509154672558,1779121099.549513,5,/Users/kimsumin/projects/RGMC/data/map/robot8/images/0353.png,/Users/kimsumin/projects/RGMC/data/map/robot8/overlays/0353_overlay.png,/Users/kimsumin/projects/RGMC/data/map/robot8/masks/0353_mask.png
354,0.7324999999999999,0.3125,0.0,450.07222844344903,347.3157894736842,1,0.0,0.0398802280409911,0.08143219553941956,1779121111.4195466,5,/Users/kimsumin/projects/RGMC/data/map/robot8/images/0354.png,/Users/kimsumin/projects/RGMC/data/map/robot8/overlays/0354_overlay.png,/Users/kimsumin/projects/RGMC/data/map/robot8/masks/0354_mask.png
355,0.7621875,0.3125,0.0,450.01379690949227,360.35284373274436,1,0.0,0.03212100652568039,0.11217636855729349,1779121123.769504,5,/Users/kimsumin/projects/RGMC/data/map/robot8/images/0355.png,/Users/kimsumin/projects/RGMC/data/map/robot8/overlays/0355_overlay.png,/Users/kimsumin/projects/RGMC/data/map/robot8/masks/0355_mask.png
356,0.791875,0.3125,0.0,449.992299229923,373.65046422719826,1,0.0,0.04807254077621509,0.04367769529441593,1779121135.8039317,5,/Users/kimsumin/projects/RGMC/data/map/robot8/images/0356.png,/Users/kimsumin/projects/RGMC/data/map/robot8/overlays/0356_overlay.png,/Users/kimsumin/projects/RGMC/data/map/robot8/masks/0356_mask.png
357,0.8215625,0.3125,0.0,449.9610244988864,387.3314732142857,1,0.0,0.0386238521919833,0.033362382887489224,1779121147.6767197,5,/Users/kimsumin/projects/RGMC/data/map/robot8/images/0357.png,/Users/kimsumin/projects/RGMC/data/map/robot8/overlays/0357_overlay.png,/Users/kimsumin/projects/RGMC/data/map/robot8/masks/0357_mask.png
358,0.85125,0.3125,0.0,449.98810167658195,400.74892008639307,1,0.0,0.023338542199201798,0.05837032976971489,1779121159.8607712,5,/Users/kimsumin/projects/RGMC/data/map/robot8/images/0358.png,/Users/kimsumin/projects/RGMC/data/map/robot8/overlays/0358_overlay.png,/Users/kimsumin/projects/RGMC/data/map/robot8/masks/0358_mask.png
359,0.8809374999999999,0.3125,0.0,449.8587319243604,414.6756002233389,1,0.0,0.035575123590081026,0.40899417553248263,1779121171.8418849,5,/Users/kimsumin/projects/RGMC/data/map/robot8/images/0359.png,/Users/kimsumin/projects/RGMC/data/map/robot8/overlays/0359_overlay.png,/Users/kimsumin/projects/RGMC/data/map/robot8/masks/0359_mask.png
360,0.910625,0.3125,0.0,449.7087542087542,427.4466891133558,1,0.0,0.0355093699362821,0.07687312060447836,1779121183.7314801,5,/Users/kimsumin/projects/RGMC/data/map/robot8/images/0360.png,/Users/kimsumin/projects/RGMC/data/map/robot8/overlays/0360_overlay.png,/Users/kimsumin/projects/RGMC/data/map/robot8/masks/0360_mask.png
361,0.9403125,0.3125,0.0,449.95432819968136,441.3067940552017,1,0.0,0.028576503622412687,0.02812419677816327,1779121195.4969928,5,/Users/kimsumin/projects/RGMC/data/map/robot8/images/0361.png,/Users/kimsumin/projects/RGMC/data/map/robot8/overlays/0361_overlay.png,/Users/kimsumin/projects/RGMC/data/map/robot8/masks/0361_mask.png
362,0.97,0.3125,0.0,449.847166571265,453.93878718535467,1,0.0,0.059737317418580536,0.08614462513926976,1779121207.5835197,5,/Users/kimsumin/projects/RGMC/data/map/robot8/images/0362.png,/Users/kimsumin/projects/RGMC/data/map/robot8/overlays/0362_overlay.png,/Users/kimsumin/projects/RGMC/data/map/robot8/masks/0362_mask.png
363,0.97,0.34375,0.0,436.8705745792223,453.72590011614403,1,0.0,0.06714968990978921,0.06496837877755447,1779121221.3209047,5,/Users/kimsumin/projects/RGMC/data/map/robot8/images/0363.png,/Users/kimsumin/projects/RGMC/data/map/robot8/overlays/0363_overlay.png,/Users/kimsumin/projects/RGMC/data/map/robot8/masks/0363_mask.png
364,0.9403125,0.34375,0.0,435.54853620955316,441.3348717948718,1,0.0,0.17341844097194545,0.13992178931051993,1779121233.4840503,5,/Users/kimsumin/projects/RGMC/data/map/robot8/images/0364.png,/Users/kimsumin/projects/RGMC/data/map/robot8/overlays/0364_overlay.png,/Users/kimsumin/projects/RGMC/data/map/robot8/masks/0364_mask.png
365,0.910625,0.34375,0.0,435.45269909139495,427.49225013361837,1,0.0,0.06715341955484169,0.07196875775130374,1779121245.2890322,5,/Users/kimsumin/projects/RGMC/data/map/robot8/images/0365.png,/Users/kimsumin/projects/RGMC/data/map/robot8/overlays/0365_overlay.png,/Users/kimsumin/projects/RGMC/data/map/robot8/masks/0365_mask.png
366,0.8809374999999999,0.34375,0.0,436.76211699164344,414.9079754601227,1,0.0,0.030643673442085486,0.029923863555005335,1779121257.4700031,5,/Users/kimsumin/projects/RGMC/data/map/robot8/images/0366.png,/Users/kimsumin/projects/RGMC/data/map/robot8/overlays/0366_overlay.png,/Users/kimsumin/projects/RGMC/data/map/robot8/masks/0366_mask.png
367,0.85125,0.34375,0.0,435.7858627858628,400.98226395409495,1,0.0,0.43854240241805786,0.15539747204470278,1779121269.1221879,5,/Users/kimsumin/projects/RGMC/data/map/robot8/images/0367.png,/Users/kimsumin/projects/RGMC/data/map/robot8/overlays/0367_overlay.png,/Users/kimsumin/projects/RGMC/data/map/robot8/masks/0367_mask.png
368,0.8215625,0.34375,0.0,435.82583377448384,387.7204016913319,1,0.0,0.08680170111222188,0.03772275201038664,1779121281.516678,5,/Users/kimsumin/projects/RGMC/data/map/robot8/images/0368.png,/Users/kimsumin/projects/RGMC/data/map/robot8/overlays/0368_overlay.png,/Users/kimsumin/projects/RGMC/data/map/robot8/masks/0368_mask.png
369,0.791875,0.34375,0.0,437.12055555555554,374.6011111111111,1,0.0,0.01957881978357883,0.3751695799014452,1779121293.3863046,5,/Users/kimsumin/projects/RGMC/data/map/robot8/images/0369.png,/Users/kimsumin/projects/RGMC/data/map/robot8/overlays/0369_overlay.png,/Users/kimsumin/projects/RGMC/data/map/robot8/masks/0369_mask.png
370,0.7621875,0.34375,0.0,435.8440463645943,360.3890928159413,1,0.0,0.03008698700844814,0.13582412806507987,1779121305.2685983,5,/Users/kimsumin/projects/RGMC/data/map/robot8/images/0370.png,/Users/kimsumin/projects/RGMC/data/map/robot8/overlays/0370_overlay.png,/Users/kimsumin/projects/RGMC/data/map/robot8/masks/0370_mask.png
371,0.7324999999999999,0.34375,0.0,435.8517316017316,347.33549783549785,1,0.0,0.04071721328668189,0.07107227710086034,1779121317.5533786,5,/Users/kimsumin/projects/RGMC/data/map/robot8/images/0371.png,/Users/kimsumin/projects/RGMC/data/map/robot8/overlays/0371_overlay.png,/Users/kimsumin/projects/RGMC/data/map/robot8/masks/0371_mask.png
372,0.7028125,0.34375,0.0,435.8739224137931,334.73236402800217,1,0.0,0.41660299674847306,0.10927159870761582,1779121329.4352782,5,/Users/kimsumin/projects/RGMC/data/map/robot8/images/0372.png,/Users/kimsumin/projects/RGMC/data/map/robot8/overlays/0372_overlay.png,/Users/kimsumin/projects/RGMC/data/map/robot8/masks/0372_mask.png
373,0.673125,0.34375,0.0,435.98279457768507,321.0354535974974,1,0.0,0.04868641328788328,0.12051361270084311,1779121341.6225734,5,/Users/kimsumin/projects/RGMC/data/map/robot8/images/0373.png,/Users/kimsumin/projects/RGMC/data/map/robot8/overlays/0373_overlay.png,/Users/kimsumin/projects/RGMC/data/map/robot8/masks/0373_mask.png
374,0.6434375,0.34375,0.0,437.07883131201766,308.5409565695437,1,0.0,0.09454593812871864,0.2931902707061344,1779121353.599803,5,/Users/kimsumin/projects/RGMC/data/map/robot8/images/0374.png,/Users/kimsumin/projects/RGMC/data/map/robot8/overlays/0374_overlay.png,/Users/kimsumin/projects/RGMC/data/map/robot8/masks/0374_mask.png
375,0.61375,0.34375,0.0,437.19705549263875,294.9762174405436,1,0.0,0.09580466138878582,0.039590060314132,1779121366.5130546,5,/Users/kimsumin/projects/RGMC/data/map/robot8/images/0375.png,/Users/kimsumin/projects/RGMC/data/map/robot8/overlays/0375_overlay.png,/Users/kimsumin/projects/RGMC/data/map/robot8/masks/0375_mask.png
376,0.5840625,0.34375,0.0,437.2579185520362,281.3282485875706,1,0.0,0.08247851829316462,0.10397282380250966,1779121378.7972348,5,/Users/kimsumin/projects/RGMC/data/map/robot8/images/0376.png,/Users/kimsumin/projects/RGMC/data/map/robot8/overlays/0376_overlay.png,/Users/kimsumin/projects/RGMC/data/map/robot8/masks/0376_mask.png
377,0.554375,0.34375,0.0,437.4744897959184,268.09013605442175,1,0.0,0.05247404212347906,0.10467446709154263,1779121391.0870023,5,/Users/kimsumin/projects/RGMC/data/map/robot8/images/0377.png,/Users/kimsumin/projects/RGMC/data/map/robot8/overlays/0377_overlay.png,/Users/kimsumin/projects/RGMC/data/map/robot8/masks/0377_mask.png
378,0.5246875,0.34375,0.0,437.45470183486236,255.1691513761468,1,0.0,0.08702727592461713,0.04988820950533525,1779121405.002968,5,/Users/kimsumin/projects/RGMC/data/map/robot8/images/0378.png,/Users/kimsumin/projects/RGMC/data/map/robot8/overlays/0378_overlay.png,/Users/kimsumin/projects/RGMC/data/map/robot8/masks/0378_mask.png
379,0.495,0.34375,0.0,437.55136035535816,241.57795100222717,1,0.0,0.07267876824488781,0.05085071069397558,1779121417.1922483,5,/Users/kimsumin/projects/RGMC/data/map/robot8/images/0379.png,/Users/kimsumin/projects/RGMC/data/map/robot8/overlays/0379_overlay.png,/Users/kimsumin/projects/RGMC/data/map/robot8/masks/0379_mask.png
380,0.4653125,0.34375,0.0,437.82899207248016,228.66591166477917,1,0.0,0.03904259944255735,0.03880301551746803,1779121429.2755957,5,/Users/kimsumin/projects/RGMC/data/map/robot8/images/0380.png,/Users/kimsumin/projects/RGMC/data/map/robot8/overlays/0380_overlay.png,/Users/kimsumin/projects/RGMC/data/map/robot8/masks/0380_mask.png
381,0.435625,0.34375,0.0,439.1751649670066,215.51791135397693,1,0.0,0.06157301295053523,0.04934727971421136,1779121441.2544281,5,/Users/kimsumin/projects/RGMC/data/map/robot8/images/0381.png,/Users/kimsumin/projects/RGMC/data/map/robot8/overlays/0381_overlay.png,/Users/kimsumin/projects/RGMC/data/map/robot8/masks/0381_mask.png
382,0.4059375,0.34375,0.0,437.8172222222222,202.23351955307263,1,0.0,0.021394831585011057,0.05257537635212775,1779121453.1377704,5,/Users/kimsumin/projects/RGMC/data/map/robot8/images/0382.png,/Users/kimsumin/projects/RGMC/data/map/robot8/overlays/0382_overlay.png,/Users/kimsumin/projects/RGMC/data/map/robot8/masks/0382_mask.png
383,0.37625,0.34375,0.0,438.06786315199105,189.26505346088913,1,0.0,0.04584989846139943,0.04741638106402579,1779121465.1319454,5,/Users/kimsumin/projects/RGMC/data/map/robot8/images/0383.png,/Users/kimsumin/projects/RGMC/data/map/robot8/overlays/0383_overlay.png,/Users/kimsumin/projects/RGMC/data/map/robot8/masks/0383_mask.png
384,0.3465625,0.34375,0.0,439.2322811197141,175.35718617343844,1,0.0,0.014288422535969836,0.0355147553590481,1779121477.5069976,5,/Users/kimsumin/projects/RGMC/data/map/robot8/images/0384.png,/Users/kimsumin/projects/RGMC/data/map/robot8/overlays/0384_overlay.png,/Users/kimsumin/projects/RGMC/data/map/robot8/masks/0384_mask.png
385,0.316875,0.34375,0.0,439.31287605294824,162.2568908489526,1,0.0,0.5962583864183609,0.3997676263827189,1779121489.4847617,5,/Users/kimsumin/projects/RGMC/data/map/robot8/images/0385.png,/Users/kimsumin/projects/RGMC/data/map/robot8/overlays/0385_overlay.png,/Users/kimsumin/projects/RGMC/data/map/robot8/masks/0385_mask.png
386,0.2871875,0.34375,0.0,439.3679858239811,148.8594117647059,1,0.0,0.04296801232462594,0.11473610267787085,1779121501.672611,5,/Users/kimsumin/projects/RGMC/data/map/robot8/images/0386.png,/Users/kimsumin/projects/RGMC/data/map/robot8/overlays/0386_overlay.png,/Users/kimsumin/projects/RGMC/data/map/robot8/masks/0386_mask.png
387,0.2575,0.34375,0.0,439.9362455726092,135.29085545722714,1,0.0,0.2304982069821147,0.07253572347678611,1779121513.7607293,5,/Users/kimsumin/projects/RGMC/data/map/robot8/images/0387.png,/Users/kimsumin/projects/RGMC/data/map/robot8/overlays/0387_overlay.png,/Users/kimsumin/projects/RGMC/data/map/robot8/masks/0387_mask.png
388,0.22781249999999997,0.34375,0.0,439.3504122497055,122.95116140559857,1,0.0,0.568781881326077,0.14992714963210071,1779121525.843852,5,/Users/kimsumin/projects/RGMC/data/map/robot8/images/0388.png,/Users/kimsumin/projects/RGMC/data/map/robot8/overlays/0388_overlay.png,/Users/kimsumin/projects/RGMC/data/map/robot8/masks/0388_mask.png
389,0.19812499999999997,0.34375,0.0,439.49675898644665,109.20094007050528,1,0.0,0.5173092603824704,0.10104954797528021,1779121538.027362,5,/Users/kimsumin/projects/RGMC/data/map/robot8/images/0389.png,/Users/kimsumin/projects/RGMC/data/map/robot8/overlays/0389_overlay.png,/Users/kimsumin/projects/RGMC/data/map/robot8/masks/0389_mask.png
390,0.1684375,0.34375,0.0,439.50639074863057,95.15021199273168,1,0.0,0.04407828575877486,0.23955410774089667,1779121550.5228994,5,/Users/kimsumin/projects/RGMC/data/map/robot8/images/0390.png,/Users/kimsumin/projects/RGMC/data/map/robot8/overlays/0390_overlay.png,/Users/kimsumin/projects/RGMC/data/map/robot8/masks/0390_mask.png
391,0.13874999999999998,0.34375,0.0,439.708912037037,83.05266203703704,1,0.0,0.016412624434599295,0.04642257036386013,1779121563.1191933,5,/Users/kimsumin/projects/RGMC/data/map/robot8/images/0391.png,/Users/kimsumin/projects/RGMC/data/map/robot8/overlays/0391_overlay.png,/Users/kimsumin/projects/RGMC/data/map/robot8/masks/0391_mask.png
392,0.10906249999999999,0.34375,0.0,440.43538546866336,68.96646509070918,1,0.0,0.46186602043221897,0.09542024907773279,1779121575.1955884,5,/Users/kimsumin/projects/RGMC/data/map/robot8/images/0392.png,/Users/kimsumin/projects/RGMC/data/map/robot8/overlays/0392_overlay.png,/Users/kimsumin/projects/RGMC/data/map/robot8/masks/0392_mask.png
393,0.079375,0.34375,0.0,440.503359462486,55.71838111298482,1,0.0,0.05658714099408964,0.1625001688603899,1779121587.3832831,5,/Users/kimsumin/projects/RGMC/data/map/robot8/images/0393.png,/Users/kimsumin/projects/RGMC/data/map/robot8/overlays/0393_overlay.png,/Users/kimsumin/projects/RGMC/data/map/robot8/masks/0393_mask.png
394,0.049687499999999996,0.34375,0.0,440.40730789897907,42.07504078303426,1,0.0,0.038115203680355036,0.07835740509632232,1779121599.469578,5,/Users/kimsumin/projects/RGMC/data/map/robot8/images/0394.png,/Users/kimsumin/projects/RGMC/data/map/robot8/overlays/0394_overlay.png,/Users/kimsumin/projects/RGMC/data/map/robot8/masks/0394_mask.png
395,0.02,0.34375,0.0,440.6110806363138,29.383152173913043,1,0.0,0.03460503683175122,0.08581076888042784,1779121611.6672983,5,/Users/kimsumin/projects/RGMC/data/map/robot8/images/0395.png,/Users/kimsumin/projects/RGMC/data/map/robot8/overlays/0395_overlay.png,/Users/kimsumin/projects/RGMC/data/map/robot8/masks/0395_mask.png
396,0.02,0.375,0.0,425.65597054182007,29.37374802319452,1,0.0,0.022044026965900552,0.03373112449941362,1779121623.6348088,5,/Users/kimsumin/projects/RGMC/data/map/robot8/images/0396.png,/Users/kimsumin/projects/RGMC/data/map/robot8/overlays/0396_overlay.png,/Users/kimsumin/projects/RGMC/data/map/robot8/masks/0396_mask.png
397,0.049687499999999996,0.375,0.0,425.67777199375325,41.81491136600626,1,0.0,0.05546857446402637,0.047146386713498585,1779121635.6210134,5,/Users/kimsumin/projects/RGMC/data/map/robot8/images/0397.png,/Users/kimsumin/projects/RGMC/data/map/robot8/overlays/0397_overlay.png,/Users/kimsumin/projects/RGMC/data/map/robot8/masks/0397_mask.png
398,0.079375,0.375,0.0,425.410480349345,55.62636165577342,1,0.0,0.08210308073200857,0.19313284871003766,1779121647.407445,5,/Users/kimsumin/projects/RGMC/data/map/robot8/images/0398.png,/Users/kimsumin/projects/RGMC/data/map/robot8/overlays/0398_overlay.png,/Users/kimsumin/projects/RGMC/data/map/robot8/masks/0398_mask.png
399,0.10906249999999999,0.375,0.0,425.650827549386,69.14638069705094,1,0.0,0.03053537521639017,0.08308321965447174,1779121659.2868817,5,/Users/kimsumin/projects/RGMC/data/map/robot8/images/0399.png,/Users/kimsumin/projects/RGMC/data/map/robot8/overlays/0399_overlay.png,/Users/kimsumin/projects/RGMC/data/map/robot8/masks/0399_mask.png
400,0.13874999999999998,0.375,0.0,425.3703703703704,82.00215169445939,1,0.0,0.042786301352215235,0.07846465617663462,1779121671.2469997,5,/Users/kimsumin/projects/RGMC/data/map/robot8/images/0400.png,/Users/kimsumin/projects/RGMC/data/map/robot8/overlays/0400_overlay.png,/Users/kimsumin/projects/RGMC/data/map/robot8/masks/0400_mask.png
401,0.1684375,0.375,0.0,425.38092582264363,95.49916341327385,1,0.0,0.03672118908937935,0.16539559371700835,1779121683.2335994,5,/Users/kimsumin/projects/RGMC/data/map/robot8/images/0401.png,/Users/kimsumin/projects/RGMC/data/map/robot8/overlays/0401_overlay.png,/Users/kimsumin/projects/RGMC/data/map/robot8/masks/0401_mask.png
402,0.19812499999999997,0.375,0.0,425.3452768729642,108.8279804028307,1,0.0,0.052201099780255264,0.05529762137068614,1779121695.1071134,5,/Users/kimsumin/projects/RGMC/data/map/robot8/images/0402.png,/Users/kimsumin/projects/RGMC/data/map/robot8/overlays/0402_overlay.png,/Users/kimsumin/projects/RGMC/data/map/robot8/masks/0402_mask.png
403,0.22781249999999997,0.375,0.0,425.0061418202122,121.91338582677166,1,0.0,0.09021559184654147,0.06554950751897348,1779121706.9924622,5,/Users/kimsumin/projects/RGMC/data/map/robot8/images/0403.png,/Users/kimsumin/projects/RGMC/data/map/robot8/overlays/0403_overlay.png,/Users/kimsumin/projects/RGMC/data/map/robot8/masks/0403_mask.png
404,0.2575,0.375,0.0,424.72554660529346,135.28963938179737,1,0.0,0.08054253644001344,0.15179168473862564,1779121718.8912733,5,/Users/kimsumin/projects/RGMC/data/map/robot8/images/0404.png,/Users/kimsumin/projects/RGMC/data/map/robot8/overlays/0404_overlay.png,/Users/kimsumin/projects/RGMC/data/map/robot8/masks/0404_mask.png
405,0.2871875,0.375,0.0,424.60780984719867,148.57894736842104,1,0.0,0.27268835001615427,0.20332422434063152,1779121730.8435416,5,/Users/kimsumin/projects/RGMC/data/map/robot8/images/0405.png,/Users/kimsumin/projects/RGMC/data/map/robot8/overlays/0405_overlay.png,/Users/kimsumin/projects/RGMC/data/map/robot8/masks/0405_mask.png
406,0.316875,0.375,0.0,423.8233215547703,161.97982195845697,1,0.0,0.04648606838285068,0.07655450015793698,1779121743.0328295,5,/Users/kimsumin/projects/RGMC/data/map/robot8/images/0406.png,/Users/kimsumin/projects/RGMC/data/map/robot8/overlays/0406_overlay.png,/Users/kimsumin/projects/RGMC/data/map/robot8/masks/0406_mask.png
407,0.3465625,0.375,0.0,424.2395032525133,175.24186871673567,1,0.0,0.05951893189520814,0.09339421707147963,1779121755.010248,5,/Users/kimsumin/projects/RGMC/data/map/robot8/images/0407.png,/Users/kimsumin/projects/RGMC/data/map/robot8/overlays/0407_overlay.png,/Users/kimsumin/projects/RGMC/data/map/robot8/masks/0407_mask.png
408,0.37625,0.375,0.0,423.77253731343285,188.9620403321471,1,0.0,0.13578183236165703,0.1012582463105811,1779121767.001865,5,/Users/kimsumin/projects/RGMC/data/map/robot8/images/0408.png,/Users/kimsumin/projects/RGMC/data/map/robot8/overlays/0408_overlay.png,/Users/kimsumin/projects/RGMC/data/map/robot8/masks/0408_mask.png
409,0.4059375,0.375,0.0,423.7795508274232,201.74235294117648,1,0.0,0.021159266653849297,0.08787422427399892,1779121779.1771524,5,/Users/kimsumin/projects/RGMC/data/map/robot8/images/0409.png,/Users/kimsumin/projects/RGMC/data/map/robot8/overlays/0409_overlay.png,/Users/kimsumin/projects/RGMC/data/map/robot8/masks/0409_mask.png
410,0.435625,0.375,0.0,424.22162804515744,215.1273923444976,1,0.0,0.040923165614620234,0.04327518544866022,1779121791.0603151,5,/Users/kimsumin/projects/RGMC/data/map/robot8/images/0410.png,/Users/kimsumin/projects/RGMC/data/map/robot8/overlays/0410_overlay.png,/Users/kimsumin/projects/RGMC/data/map/robot8/masks/0410_mask.png
411,0.4653125,0.375,0.0,422.42348955392436,228.13885839736554,1,0.0,0.2174250092951018,0.12760854353117215,1779121803.5690608,5,/Users/kimsumin/projects/RGMC/data/map/robot8/images/0411.png,/Users/kimsumin/projects/RGMC/data/map/robot8/overlays/0411_overlay.png,/Users/kimsumin/projects/RGMC/data/map/robot8/masks/0411_mask.png
412,0.495,0.375,0.0,423.6535061873895,241.27813789039482,1,0.0,0.027325521325767193,0.03674207720636582,1779121815.739684,5,/Users/kimsumin/projects/RGMC/data/map/robot8/images/0412.png,/Users/kimsumin/projects/RGMC/data/map/robot8/overlays/0412_overlay.png,/Users/kimsumin/projects/RGMC/data/map/robot8/masks/0412_mask.png
413,0.5246875,0.375,0.0,423.4822182037372,254.85346307956496,1,0.0,0.47435481304736754,0.0794672926696453,1779121828.0192823,5,/Users/kimsumin/projects/RGMC/data/map/robot8/images/0413.png,/Users/kimsumin/projects/RGMC/data/map/robot8/overlays/0413_overlay.png,/Users/kimsumin/projects/RGMC/data/map/robot8/masks/0413_mask.png
414,0.554375,0.375,0.0,422.84560044272274,267.9496402877698,1,0.0,0.24141304169325814,0.05823468298449668,1779121840.3213549,5,/Users/kimsumin/projects/RGMC/data/map/robot8/images/0414.png,/Users/kimsumin/projects/RGMC/data/map/robot8/overlays/0414_overlay.png,/Users/kimsumin/projects/RGMC/data/map/robot8/masks/0414_mask.png
415,0.5840625,0.375,0.0,424.1471590909091,280.81483578708946,1,0.0,0.5281309298366254,0.11176042846079529,1779121852.3046713,5,/Users/kimsumin/projects/RGMC/data/map/robot8/images/0415.png,/Users/kimsumin/projects/RGMC/data/map/robot8/overlays/0415_overlay.png,/Users/kimsumin/projects/RGMC/data/map/robot8/masks/0415_mask.png
416,0.61375,0.375,0.0,422.8451086956522,294.1178396072013,1,0.0,0.06454864210156701,0.2966953070668152,1779121864.2901516,5,/Users/kimsumin/projects/RGMC/data/map/robot8/images/0416.png,/Users/kimsumin/projects/RGMC/data/map/robot8/overlays/0416_overlay.png,/Users/kimsumin/projects/RGMC/data/map/robot8/masks/0416_mask.png
417,0.6434375,0.375,0.0,422.77650897226755,307.71343121261555,1,0.0,0.0381773829869145,0.05877904108661834,1779121876.4689355,5,/Users/kimsumin/projects/RGMC/data/map/robot8/images/0417.png,/Users/kimsumin/projects/RGMC/data/map/robot8/overlays/0417_overlay.png,/Users/kimsumin/projects/RGMC/data/map/robot8/masks/0417_mask.png
418,0.673125,0.375,0.0,424.0872971460548,320.6589887640449,1,0.0,0.07864256862940029,0.1494086026867255,1779121888.444406,5,/Users/kimsumin/projects/RGMC/data/map/robot8/images/0418.png,/Users/kimsumin/projects/RGMC/data/map/robot8/overlays/0418_overlay.png,/Users/kimsumin/projects/RGMC/data/map/robot8/masks/0418_mask.png
419,0.7028125,0.375,0.0,422.55696202531647,334.61761487964986,1,0.0,0.1899980728796777,0.06446092170306074,1779121900.6305215,5,/Users/kimsumin/projects/RGMC/data/map/robot8/images/0419.png,/Users/kimsumin/projects/RGMC/data/map/robot8/overlays/0419_overlay.png,/Users/kimsumin/projects/RGMC/data/map/robot8/masks/0419_mask.png
420,0.7324999999999999,0.375,0.0,422.2270693512304,347.3456375838926,1,0.0,0.06161544750964259,0.03820403381512642,1779121912.6196916,5,/Users/kimsumin/projects/RGMC/data/map/robot8/images/0420.png,/Users/kimsumin/projects/RGMC/data/map/robot8/overlays/0420_overlay.png,/Users/kimsumin/projects/RGMC/data/map/robot8/masks/0420_mask.png
421,0.7621875,0.375,0.0,422.00948660714283,360.18136160714283,1,0.0,0.5754722090742467,0.2201987807268905,1779121924.7944388,5,/Users/kimsumin/projects/RGMC/data/map/robot8/images/0421.png,/Users/kimsumin/projects/RGMC/data/map/robot8/overlays/0421_overlay.png,/Users/kimsumin/projects/RGMC/data/map/robot8/masks/0421_mask.png
422,0.791875,0.375,0.0,422.1322894168467,373.7735644637053,1,0.0,0.02514902354949752,0.4103944738700358,1779121936.9879396,5,/Users/kimsumin/projects/RGMC/data/map/robot8/images/0422.png,/Users/kimsumin/projects/RGMC/data/map/robot8/overlays/0422_overlay.png,/Users/kimsumin/projects/RGMC/data/map/robot8/masks/0422_mask.png
423,0.8215625,0.375,0.0,422.00949190396426,387.6504745951982,1,0.0,0.05907193480423635,0.13448981190127468,1779121949.0681727,5,/Users/kimsumin/projects/RGMC/data/map/robot8/images/0423.png,/Users/kimsumin/projects/RGMC/data/map/robot8/overlays/0423_overlay.png,/Users/kimsumin/projects/RGMC/data/map/robot8/masks/0423_mask.png
424,0.85125,0.375,0.0,421.8674367436744,400.77422847861396,1,0.0,0.05184979603271263,0.07292793470165078,1779121962.0706944,5,/Users/kimsumin/projects/RGMC/data/map/robot8/images/0424.png,/Users/kimsumin/projects/RGMC/data/map/robot8/overlays/0424_overlay.png,/Users/kimsumin/projects/RGMC/data/map/robot8/masks/0424_mask.png
425,0.8809374999999999,0.375,0.0,421.9650969529086,414.8102108768035,1,0.0,0.019788314913743853,0.03984938923718627,1779121973.8431683,5,/Users/kimsumin/projects/RGMC/data/map/robot8/images/0425.png,/Users/kimsumin/projects/RGMC/data/map/robot8/overlays/0425_overlay.png,/Users/kimsumin/projects/RGMC/data/map/robot8/masks/0425_mask.png
426,0.910625,0.375,0.0,421.8325917686318,427.5163797890061,1,0.0,0.04135606238906591,0.08045859311812151,1779121985.9394543,5,/Users/kimsumin/projects/RGMC/data/map/robot8/images/0426.png,/Users/kimsumin/projects/RGMC/data/map/robot8/overlays/0426_overlay.png,/Users/kimsumin/projects/RGMC/data/map/robot8/masks/0426_mask.png
427,0.9403125,0.375,0.0,421.9140127388535,441.4622741764081,1,0.0,0.04742219905820231,0.09656119603216241,1779121998.008623,5,/Users/kimsumin/projects/RGMC/data/map/robot8/images/0427.png,/Users/kimsumin/projects/RGMC/data/map/robot8/overlays/0427_overlay.png,/Users/kimsumin/projects/RGMC/data/map/robot8/masks/0427_mask.png
428,0.97,0.375,0.0,421.82185543540123,454.1293447293447,1,0.0,0.029397428956532794,0.33777973600099437,1779122009.9942124,5,/Users/kimsumin/projects/RGMC/data/map/robot8/images/0428.png,/Users/kimsumin/projects/RGMC/data/map/robot8/overlays/0428_overlay.png,/Users/kimsumin/projects/RGMC/data/map/robot8/masks/0428_mask.png
429,0.97,0.40625,0.0,408.5070754716981,453.8883582089552,1,0.0,0.6508082388597419,0.3677199347268227,1779122021.8675904,5,/Users/kimsumin/projects/RGMC/data/map/robot8/images/0429.png,/Users/kimsumin/projects/RGMC/data/map/robot8/overlays/0429_overlay.png,/Users/kimsumin/projects/RGMC/data/map/robot8/masks/0429_mask.png
430,0.9403125,0.40625,0.0,407.4765306122449,441.340782122905,1,0.0,0.4864439019663836,0.06978717295596694,1779122033.9731424,5,/Users/kimsumin/projects/RGMC/data/map/robot8/images/0430.png,/Users/kimsumin/projects/RGMC/data/map/robot8/overlays/0430_overlay.png,/Users/kimsumin/projects/RGMC/data/map/robot8/masks/0430_mask.png
431,0.910625,0.40625,0.0,407.25658956428185,427.54055496264675,1,0.0,0.05210325699570912,0.0753703628284888,1779122045.732138,5,/Users/kimsumin/projects/RGMC/data/map/robot8/images/0431.png,/Users/kimsumin/projects/RGMC/data/map/robot8/overlays/0431_overlay.png,/Users/kimsumin/projects/RGMC/data/map/robot8/masks/0431_mask.png
432,0.8809374999999999,0.40625,0.0,408.5627484383873,414.74559909142533,1,0.0,0.5223202591868856,0.31686199557172734,1779122057.5240128,5,/Users/kimsumin/projects/RGMC/data/map/robot8/images/0432.png,/Users/kimsumin/projects/RGMC/data/map/robot8/overlays/0432_overlay.png,/Users/kimsumin/projects/RGMC/data/map/robot8/masks/0432_mask.png
433,0.85125,0.40625,0.0,407.32142857142856,400.77659574468083,1,0.0,0.324236317304661,0.019817631410782053,1779122069.2940567,5,/Users/kimsumin/projects/RGMC/data/map/robot8/images/0433.png,/Users/kimsumin/projects/RGMC/data/map/robot8/overlays/0433_overlay.png,/Users/kimsumin/projects/RGMC/data/map/robot8/masks/0433_mask.png
434,0.8215625,0.40625,0.0,407.45140732873074,387.7010090281466,1,0.0,0.060181308900740284,0.040433293647810585,1779122081.3651154,5,/Users/kimsumin/projects/RGMC/data/map/robot8/images/0434.png,/Users/kimsumin/projects/RGMC/data/map/robot8/overlays/0434_overlay.png,/Users/kimsumin/projects/RGMC/data/map/robot8/masks/0434_mask.png
435,0.791875,0.40625,0.0,408.88381057268725,374.0334246575342,1,0.0,0.07417111106198818,0.34590891704259047,1779122093.2545278,5,/Users/kimsumin/projects/RGMC/data/map/robot8/images/0435.png,/Users/kimsumin/projects/RGMC/data/map/robot8/overlays/0435_overlay.png,/Users/kimsumin/projects/RGMC/data/map/robot8/masks/0435_mask.png
436,0.7621875,0.40625,0.0,408.6625282167043,360.6890519187359,1,0.0,0.5211711201740055,0.141155120640287,1779122105.4316835,5,/Users/kimsumin/projects/RGMC/data/map/robot8/images/0436.png,/Users/kimsumin/projects/RGMC/data/map/robot8/overlays/0436_overlay.png,/Users/kimsumin/projects/RGMC/data/map/robot8/masks/0436_mask.png
437,0.7324999999999999,0.40625,0.0,407.5581270182993,347.6384241770103,1,0.0,0.6264349427486295,0.06331656240324816,1779122117.6205225,5,/Users/kimsumin/projects/RGMC/data/map/robot8/images/0437.png,/Users/kimsumin/projects/RGMC/data/map/robot8/overlays/0437_overlay.png,/Users/kimsumin/projects/RGMC/data/map/robot8/masks/0437_mask.png
438,0.7028125,0.40625,0.0,409.03218520609823,334.8966480446927,1,0.0,0.07659032427571712,0.07071555847358305,1779122130.512786,5,/Users/kimsumin/projects/RGMC/data/map/robot8/images/0438.png,/Users/kimsumin/projects/RGMC/data/map/robot8/overlays/0438_overlay.png,/Users/kimsumin/projects/RGMC/data/map/robot8/masks/0438_mask.png
439,0.673125,0.40625,0.0,409.2049488972566,321.2309368191721,1,0.0,0.04335721188963824,0.082402304896579,1779122142.7076006,5,/Users/kimsumin/projects/RGMC/data/map/robot8/images/0439.png,/Users/kimsumin/projects/RGMC/data/map/robot8/overlays/0439_overlay.png,/Users/kimsumin/projects/RGMC/data/map/robot8/masks/0439_mask.png
440,0.6434375,0.40625,0.0,408.1137662337662,308.46294363256783,1,0.0,0.5698296835204086,0.07012446632749143,1779122156.4415774,5,/Users/kimsumin/projects/RGMC/data/map/robot8/images/0440.png,/Users/kimsumin/projects/RGMC/data/map/robot8/overlays/0440_overlay.png,/Users/kimsumin/projects/RGMC/data/map/robot8/masks/0440_mask.png
441,0.61375,0.40625,0.0,409.1403412217942,294.1078701155751,1,0.0,0.02894040616940723,0.30683939418414863,1779122169.2280343,5,/Users/kimsumin/projects/RGMC/data/map/robot8/images/0441.png,/Users/kimsumin/projects/RGMC/data/map/robot8/overlays/0441_overlay.png,/Users/kimsumin/projects/RGMC/data/map/robot8/masks/0441_mask.png
442,0.5840625,0.40625,0.0,409.1005617977528,281.1789532920653,1,0.0,0.06777144998236462,0.06121491289851773,1779122182.2278824,5,/Users/kimsumin/projects/RGMC/data/map/robot8/images/0442.png,/Users/kimsumin/projects/RGMC/data/map/robot8/overlays/0442_overlay.png,/Users/kimsumin/projects/RGMC/data/map/robot8/masks/0442_mask.png
443,0.554375,0.40625,0.0,409.02941176470586,268.14932126696834,1,0.0,0.07871001787879872,0.06558675101324206,1779122194.0164647,5,/Users/kimsumin/projects/RGMC/data/map/robot8/images/0443.png,/Users/kimsumin/projects/RGMC/data/map/robot8/overlays/0443_overlay.png,/Users/kimsumin/projects/RGMC/data/map/robot8/masks/0443_mask.png
444,0.5246875,0.40625,0.0,409.06866705135604,255.1431884057971,1,0.0,0.052007092012543714,0.035254454011828404,1779122206.293475,5,/Users/kimsumin/projects/RGMC/data/map/robot8/images/0444.png,/Users/kimsumin/projects/RGMC/data/map/robot8/overlays/0444_overlay.png,/Users/kimsumin/projects/RGMC/data/map/robot8/masks/0444_mask.png
445,0.495,0.40625,0.0,409.1627516778523,241.59421901056143,1,0.0,0.09544094550017138,0.07570859068010424,1779122218.2786953,5,/Users/kimsumin/projects/RGMC/data/map/robot8/images/0445.png,/Users/kimsumin/projects/RGMC/data/map/robot8/overlays/0445_overlay.png,/Users/kimsumin/projects/RGMC/data/map/robot8/masks/0445_mask.png
446,0.4653125,0.40625,0.0,409.2467895030709,228.697687535251,1,0.0,0.06311677154155536,0.05489768024810313,1779122230.463137,5,/Users/kimsumin/projects/RGMC/data/map/robot8/images/0446.png,/Users/kimsumin/projects/RGMC/data/map/robot8/overlays/0446_overlay.png,/Users/kimsumin/projects/RGMC/data/map/robot8/masks/0446_mask.png
447,0.435625,0.40625,0.0,409.3257142857143,215.6893982808023,1,0.0,0.04130369856289396,0.006109573000148627,1779122242.5580416,5,/Users/kimsumin/projects/RGMC/data/map/robot8/images/0447.png,/Users/kimsumin/projects/RGMC/data/map/robot8/overlays/0447_overlay.png,/Users/kimsumin/projects/RGMC/data/map/robot8/masks/0447_mask.png
448,0.4059375,0.40625,0.0,409.5416666666667,202.05392156862746,1,0.0,0.0447214029756816,0.07387434094042912,1779122256.0648584,5,/Users/kimsumin/projects/RGMC/data/map/robot8/images/0448.png,/Users/kimsumin/projects/RGMC/data/map/robot8/overlays/0448_overlay.png,/Users/kimsumin/projects/RGMC/data/map/robot8/masks/0448_mask.png
449,0.37625,0.40625,0.0,409.57079152731325,189.28015564202335,1,0.0,0.0397597701357256,0.08346405376680664,1779122268.7617042,5,/Users/kimsumin/projects/RGMC/data/map/robot8/images/0449.png,/Users/kimsumin/projects/RGMC/data/map/robot8/overlays/0449_overlay.png,/Users/kimsumin/projects/RGMC/data/map/robot8/masks/0449_mask.png
450,0.3465625,0.40625,0.0,409.55536818437326,176.02360876897134,1,0.0,0.03654245414713288,0.04874277492970965,1779122280.855437,5,/Users/kimsumin/projects/RGMC/data/map/robot8/images/0450.png,/Users/kimsumin/projects/RGMC/data/map/robot8/overlays/0450_overlay.png,/Users/kimsumin/projects/RGMC/data/map/robot8/masks/0450_mask.png
451,0.316875,0.40625,0.0,409.7595993322204,162.2054945054945,1,0.0,0.03924351908926242,0.3203795447306465,1779122293.030318,5,/Users/kimsumin/projects/RGMC/data/map/robot8/images/0451.png,/Users/kimsumin/projects/RGMC/data/map/robot8/overlays/0451_overlay.png,/Users/kimsumin/projects/RGMC/data/map/robot8/masks/0451_mask.png
452,0.2871875,0.40625,0.0,409.9513274336283,149.2768549280177,1,0.0,0.05757501825225271,0.12214643598602158,1779122305.0130913,5,/Users/kimsumin/projects/RGMC/data/map/robot8/images/0452.png,/Users/kimsumin/projects/RGMC/data/map/robot8/overlays/0452_overlay.png,/Users/kimsumin/projects/RGMC/data/map/robot8/masks/0452_mask.png
453,0.2575,0.40625,0.0,409.8638920134983,136.01576576576576,1,0.0,0.012266291091281134,0.18500403219386485,1779122317.4014206,5,/Users/kimsumin/projects/RGMC/data/map/robot8/images/0453.png,/Users/kimsumin/projects/RGMC/data/map/robot8/overlays/0453_overlay.png,/Users/kimsumin/projects/RGMC/data/map/robot8/masks/0453_mask.png
454,0.22781249999999997,0.40625,0.0,410.0886867538374,122.40198785201547,1,0.0,0.08409723765614201,0.4286709426545115,1779122329.608404,5,/Users/kimsumin/projects/RGMC/data/map/robot8/images/0454.png,/Users/kimsumin/projects/RGMC/data/map/robot8/overlays/0454_overlay.png,/Users/kimsumin/projects/RGMC/data/map/robot8/masks/0454_mask.png
455,0.19812499999999997,0.40625,0.0,410.1526258205689,109.47100656455142,1,0.0,0.059857646581533946,0.10953726368113584,1779122341.5975003,5,/Users/kimsumin/projects/RGMC/data/map/robot8/images/0455.png,/Users/kimsumin/projects/RGMC/data/map/robot8/overlays/0455_overlay.png,/Users/kimsumin/projects/RGMC/data/map/robot8/masks/0455_mask.png
456,0.1684375,0.40625,0.0,410.2609905397885,96.21663874930206,1,0.0,0.04881968013995923,0.07355606543361176,1779122353.452924,5,/Users/kimsumin/projects/RGMC/data/map/robot8/images/0456.png,/Users/kimsumin/projects/RGMC/data/map/robot8/overlays/0456_overlay.png,/Users/kimsumin/projects/RGMC/data/map/robot8/masks/0456_mask.png
457,0.13874999999999998,0.40625,0.0,410.4365798414496,83.29164297896533,1,0.0,0.04119389135115497,0.0481095558848339,1779122365.5267422,5,/Users/kimsumin/projects/RGMC/data/map/robot8/images/0457.png,/Users/kimsumin/projects/RGMC/data/map/robot8/overlays/0457_overlay.png,/Users/kimsumin/projects/RGMC/data/map/robot8/masks/0457_mask.png
458,0.10906249999999999,0.40625,0.0,411.37376879212025,69.56402280974598,1,0.0,0.4231562872610536,0.12587301116850577,1779122378.0253282,5,/Users/kimsumin/projects/RGMC/data/map/robot8/images/0458.png,/Users/kimsumin/projects/RGMC/data/map/robot8/overlays/0458_overlay.png,/Users/kimsumin/projects/RGMC/data/map/robot8/masks/0458_mask.png
459,0.079375,0.40625,0.0,411.36729362591433,56.07080131723381,1,0.0,0.615984501388688,0.15448141808883456,1779122390.1063275,5,/Users/kimsumin/projects/RGMC/data/map/robot8/images/0459.png,/Users/kimsumin/projects/RGMC/data/map/robot8/overlays/0459_overlay.png,/Users/kimsumin/projects/RGMC/data/map/robot8/masks/0459_mask.png
460,0.049687499999999996,0.40625,0.0,411.48984771573606,41.97908163265306,1,0.0,0.04925920501376446,0.046734776761648,1779122402.1041503,5,/Users/kimsumin/projects/RGMC/data/map/robot8/images/0460.png,/Users/kimsumin/projects/RGMC/data/map/robot8/overlays/0460_overlay.png,/Users/kimsumin/projects/RGMC/data/map/robot8/masks/0460_mask.png
461,0.02,0.40625,0.0,411.4115853658537,29.274349821519632,1,0.0,0.12774781816178632,0.12867840103719458,1779122414.1933396,5,/Users/kimsumin/projects/RGMC/data/map/robot8/images/0461.png,/Users/kimsumin/projects/RGMC/data/map/robot8/overlays/0461_overlay.png,/Users/kimsumin/projects/RGMC/data/map/robot8/masks/0461_mask.png
462,0.02,0.4375,0.0,397.6100427350427,29.370192307692307,1,0.0,0.09191263405821053,0.06834123561181515,1779122426.1636345,5,/Users/kimsumin/projects/RGMC/data/map/robot8/images/0462.png,/Users/kimsumin/projects/RGMC/data/map/robot8/overlays/0462_overlay.png,/Users/kimsumin/projects/RGMC/data/map/robot8/masks/0462_mask.png
463,0.049687499999999996,0.4375,0.0,397.5510095642933,42.0320341697811,1,0.0,0.039654231424176685,0.06376480397406914,1779122438.2649136,5,/Users/kimsumin/projects/RGMC/data/map/robot8/images/0463.png,/Users/kimsumin/projects/RGMC/data/map/robot8/overlays/0463_overlay.png,/Users/kimsumin/projects/RGMC/data/map/robot8/masks/0463_mask.png
464,0.079375,0.4375,0.0,397.1249321021184,55.72511061946903,1,0.0,0.0325018068970875,0.14336586300656265,1779122450.0111866,5,/Users/kimsumin/projects/RGMC/data/map/robot8/images/0464.png,/Users/kimsumin/projects/RGMC/data/map/robot8/overlays/0464_overlay.png,/Users/kimsumin/projects/RGMC/data/map/robot8/masks/0464_mask.png
465,0.10906249999999999,0.4375,0.0,397.22222222222223,68.77885652642934,1,0.0,0.06188184799402647,0.13129533359763335,1779122462.1127486,5,/Users/kimsumin/projects/RGMC/data/map/robot8/images/0465.png,/Users/kimsumin/projects/RGMC/data/map/robot8/overlays/0465_overlay.png,/Users/kimsumin/projects/RGMC/data/map/robot8/masks/0465_mask.png
466,0.13874999999999998,0.4375,0.0,397.17292006525287,81.76273022751896,1,0.0,0.059340725402685174,0.1029285863912601,1779122474.1780262,5,/Users/kimsumin/projects/RGMC/data/map/robot8/images/0466.png,/Users/kimsumin/projects/RGMC/data/map/robot8/overlays/0466_overlay.png,/Users/kimsumin/projects/RGMC/data/map/robot8/masks/0466_mask.png
467,0.1684375,0.4375,0.0,397.0489864864865,95.33046964490264,1,0.0,0.06750116473420531,0.2130639890644865,1779122486.3687918,5,/Users/kimsumin/projects/RGMC/data/map/robot8/images/0467.png,/Users/kimsumin/projects/RGMC/data/map/robot8/overlays/0467_overlay.png,/Users/kimsumin/projects/RGMC/data/map/robot8/masks/0467_mask.png
468,0.19812499999999997,0.4375,0.0,396.04976851851853,109.04910456383594,1,0.0,0.4357939258798858,0.112127528177425,1779122498.4472284,5,/Users/kimsumin/projects/RGMC/data/map/robot8/images/0468.png,/Users/kimsumin/projects/RGMC/data/map/robot8/overlays/0468_overlay.png,/Users/kimsumin/projects/RGMC/data/map/robot8/masks/0468_mask.png
469,0.22781249999999997,0.4375,0.0,395.8531587933978,121.84177575412635,1,0.0,0.39940293864565984,0.06840993358410662,1779122510.7335508,5,/Users/kimsumin/projects/RGMC/data/map/robot8/images/0469.png,/Users/kimsumin/projects/RGMC/data/map/robot8/overlays/0469_overlay.png,/Users/kimsumin/projects/RGMC/data/map/robot8/masks/0469_mask.png
470,0.2575,0.4375,0.0,396.05029585798815,134.99349112426034,1,0.0,0.06941817952246185,0.11643358115424134,1779122523.7563467,5,/Users/kimsumin/projects/RGMC/data/map/robot8/images/0470.png,/Users/kimsumin/projects/RGMC/data/map/robot8/overlays/0470_overlay.png,/Users/kimsumin/projects/RGMC/data/map/robot8/masks/0470_mask.png
471,0.2871875,0.4375,0.0,395.98995271867614,148.44419642857142,1,0.0,0.3267027386581205,0.24762721830236537,1779122536.8432667,5,/Users/kimsumin/projects/RGMC/data/map/robot8/images/0471.png,/Users/kimsumin/projects/RGMC/data/map/robot8/overlays/0471_overlay.png,/Users/kimsumin/projects/RGMC/data/map/robot8/masks/0471_mask.png
472,0.316875,0.4375,0.0,395.9640579710145,161.7455072463768,1,0.0,0.03290935073189021,0.052860405774028674,1779122549.0297034,5,/Users/kimsumin/projects/RGMC/data/map/robot8/images/0472.png,/Users/kimsumin/projects/RGMC/data/map/robot8/overlays/0472_overlay.png,/Users/kimsumin/projects/RGMC/data/map/robot8/masks/0472_mask.png
473,0.3465625,0.4375,0.0,395.81626506024094,175.25804529201432,1,0.0,0.057715532774203035,0.17946362650950493,1779122561.2190323,5,/Users/kimsumin/projects/RGMC/data/map/robot8/images/0473.png,/Users/kimsumin/projects/RGMC/data/map/robot8/overlays/0473_overlay.png,/Users/kimsumin/projects/RGMC/data/map/robot8/masks/0473_mask.png
474,0.37625,0.4375,0.0,395.80853586247775,188.53543776057177,1,0.0,0.05730312050069249,0.1771854570518362,1779122572.9979208,5,/Users/kimsumin/projects/RGMC/data/map/robot8/images/0474.png,/Users/kimsumin/projects/RGMC/data/map/robot8/overlays/0474_overlay.png,/Users/kimsumin/projects/RGMC/data/map/robot8/masks/0474_mask.png
475,0.4059375,0.4375,0.0,395.79487179487177,201.62529137529137,1,0.0,0.024094450905251204,0.05368958347588434,1779122585.185987,5,/Users/kimsumin/projects/RGMC/data/map/robot8/images/0475.png,/Users/kimsumin/projects/RGMC/data/map/robot8/overlays/0475_overlay.png,/Users/kimsumin/projects/RGMC/data/map/robot8/masks/0475_mask.png
476,0.435625,0.4375,0.0,394.5203619909502,215.37217194570135,1,0.0,0.11212033431520736,0.06128216927838275,1779122597.3642032,5,/Users/kimsumin/projects/RGMC/data/map/robot8/images/0476.png,/Users/kimsumin/projects/RGMC/data/map/robot8/overlays/0476_overlay.png,/Users/kimsumin/projects/RGMC/data/map/robot8/masks/0476_mask.png
477,0.4653125,0.4375,0.0,394.4446952595937,227.9256338028169,1,0.0,0.47988647753078795,0.04060643060467088,1779122609.278187,5,/Users/kimsumin/projects/RGMC/data/map/robot8/images/0477.png,/Users/kimsumin/projects/RGMC/data/map/robot8/overlays/0477_overlay.png,/Users/kimsumin/projects/RGMC/data/map/robot8/masks/0477_mask.png
478,0.495,0.4375,0.0,394.3629794330183,240.97179203539824,1,0.0,0.04406823980791338,0.023930107816410095,1779122621.6455903,5,/Users/kimsumin/projects/RGMC/data/map/robot8/images/0478.png,/Users/kimsumin/projects/RGMC/data/map/robot8/overlays/0478_overlay.png,/Users/kimsumin/projects/RGMC/data/map/robot8/masks/0478_mask.png
479,0.5246875,0.4375,0.0,394.20625,254.81787137165622,1,0.0,0.03143408967642402,0.07978811600369407,1779122633.827503,5,/Users/kimsumin/projects/RGMC/data/map/robot8/images/0479.png,/Users/kimsumin/projects/RGMC/data/map/robot8/overlays/0479_overlay.png,/Users/kimsumin/projects/RGMC/data/map/robot8/masks/0479_mask.png
480,0.554375,0.4375,0.0,394.2413793103448,267.7624093697713,1,0.0,0.048339765840057274,0.08104482277337839,1779122646.1111045,5,/Users/kimsumin/projects/RGMC/data/map/robot8/images/0480.png,/Users/kimsumin/projects/RGMC/data/map/robot8/overlays/0480_overlay.png,/Users/kimsumin/projects/RGMC/data/map/robot8/masks/0480_mask.png
481,0.5840625,0.4375,0.0,394.28097345132744,280.8755530973451,1,0.0,0.028539767459203145,0.05857404472455306,1779122657.782975,5,/Users/kimsumin/projects/RGMC/data/map/robot8/images/0481.png,/Users/kimsumin/projects/RGMC/data/map/robot8/overlays/0481_overlay.png,/Users/kimsumin/projects/RGMC/data/map/robot8/masks/0481_mask.png
482,0.61375,0.4375,0.0,394.11189570885387,293.8218359587181,1,0.0,0.03775897762446111,0.06930211208673766,1779122671.094708,5,/Users/kimsumin/projects/RGMC/data/map/robot8/images/0482.png,/Users/kimsumin/projects/RGMC/data/map/robot8/overlays/0482_overlay.png,/Users/kimsumin/projects/RGMC/data/map/robot8/masks/0482_mask.png
483,0.6434375,0.4375,0.0,394.04443225452553,308.16830065359477,1,0.0,0.03672242167954981,0.14989667785044938,1779122683.2852316,5,/Users/kimsumin/projects/RGMC/data/map/robot8/images/0483.png,/Users/kimsumin/projects/RGMC/data/map/robot8/overlays/0483_overlay.png,/Users/kimsumin/projects/RGMC/data/map/robot8/masks/0483_mask.png
484,0.673125,0.4375,0.0,394.0091348737238,321.07877813504825,1,0.0,0.028137213355314637,0.08865277329939217,1779122695.1586947,5,/Users/kimsumin/projects/RGMC/data/map/robot8/images/0484.png,/Users/kimsumin/projects/RGMC/data/map/robot8/overlays/0484_overlay.png,/Users/kimsumin/projects/RGMC/data/map/robot8/masks/0484_mask.png
485,0.7028125,0.4375,0.0,393.85324049276915,334.8954646017699,1,0.0,0.06740740534524736,0.40138094072792735,1779122707.34871,5,/Users/kimsumin/projects/RGMC/data/map/robot8/images/0485.png,/Users/kimsumin/projects/RGMC/data/map/robot8/overlays/0485_overlay.png,/Users/kimsumin/projects/RGMC/data/map/robot8/masks/0485_mask.png
486,0.7324999999999999,0.4375,0.0,393.82024336283183,347.594130675526,1,0.0,0.06112095107881478,0.08456034217417246,1779122719.7350209,5,/Users/kimsumin/projects/RGMC/data/map/robot8/images/0486.png,/Users/kimsumin/projects/RGMC/data/map/robot8/overlays/0486_overlay.png,/Users/kimsumin/projects/RGMC/data/map/robot8/masks/0486_mask.png
487,0.7621875,0.4375,0.0,393.8183807439825,360.43927789934355,1,0.0,0.04293618811101785,0.07546447510566942,1779122731.9281554,5,/Users/kimsumin/projects/RGMC/data/map/robot8/images/0487.png,/Users/kimsumin/projects/RGMC/data/map/robot8/overlays/0487_overlay.png,/Users/kimsumin/projects/RGMC/data/map/robot8/masks/0487_mask.png
488,0.791875,0.4375,0.0,393.8113917248791,373.57442235357337,1,0.0,0.023302552383398314,0.09705107915250749,1779122743.5591633,5,/Users/kimsumin/projects/RGMC/data/map/robot8/images/0488.png,/Users/kimsumin/projects/RGMC/data/map/robot8/overlays/0488_overlay.png,/Users/kimsumin/projects/RGMC/data/map/robot8/masks/0488_mask.png
489,0.8215625,0.4375,0.0,393.64978213507624,387.4912854030501,1,0.0,0.06080081587056205,0.06910401989319274,1779122755.4708068,5,/Users/kimsumin/projects/RGMC/data/map/robot8/images/0489.png,/Users/kimsumin/projects/RGMC/data/map/robot8/overlays/0489_overlay.png,/Users/kimsumin/projects/RGMC/data/map/robot8/masks/0489_mask.png
490,0.85125,0.4375,0.0,393.82599238716693,400.49836423118865,1,0.0,0.033959360869000386,0.05000492826090195,1779122767.7663186,5,/Users/kimsumin/projects/RGMC/data/map/robot8/images/0490.png,/Users/kimsumin/projects/RGMC/data/map/robot8/overlays/0490_overlay.png,/Users/kimsumin/projects/RGMC/data/map/robot8/masks/0490_mask.png
491,0.8809374999999999,0.4375,0.0,393.5748603351955,414.64963503649636,1,0.0,0.0651149591547074,0.3702309744376202,1779122780.575354,5,/Users/kimsumin/projects/RGMC/data/map/robot8/images/0491.png,/Users/kimsumin/projects/RGMC/data/map/robot8/overlays/0491_overlay.png,/Users/kimsumin/projects/RGMC/data/map/robot8/masks/0491_mask.png
492,0.910625,0.4375,0.0,393.52221612726277,427.23697202413604,1,0.0,0.025353235423729997,0.05009031149727899,1779122792.4418545,5,/Users/kimsumin/projects/RGMC/data/map/robot8/images/0492.png,/Users/kimsumin/projects/RGMC/data/map/robot8/overlays/0492_overlay.png,/Users/kimsumin/projects/RGMC/data/map/robot8/masks/0492_mask.png
493,0.9403125,0.4375,0.0,393.55052631578945,441.40315789473686,1,0.0,0.031129338796284947,0.03710847275601327,1779122804.623361,5,/Users/kimsumin/projects/RGMC/data/map/robot8/images/0493.png,/Users/kimsumin/projects/RGMC/data/map/robot8/overlays/0493_overlay.png,/Users/kimsumin/projects/RGMC/data/map/robot8/masks/0493_mask.png
494,0.97,0.4375,0.0,393.41709401709403,454.2108262108262,1,0.0,0.06586129230048768,0.06472985923134247,1779122816.7059107,5,/Users/kimsumin/projects/RGMC/data/map/robot8/images/0494.png,/Users/kimsumin/projects/RGMC/data/map/robot8/overlays/0494_overlay.png,/Users/kimsumin/projects/RGMC/data/map/robot8/masks/0494_mask.png
495,0.97,0.46875,0.0,379.74170187085093,454.01629450814727,1,0.0,0.028123653180597848,0.04859121452332248,1779122829.9289112,5,/Users/kimsumin/projects/RGMC/data/map/robot8/images/0495.png,/Users/kimsumin/projects/RGMC/data/map/robot8/overlays/0495_overlay.png,/Users/kimsumin/projects/RGMC/data/map/robot8/masks/0495_mask.png
496,0.9403125,0.46875,0.0,379.60380526021265,441.3812464907355,1,0.0,0.25792391023677486,0.13659086644284843,1779122842.114294,5,/Users/kimsumin/projects/RGMC/data/map/robot8/images/0496.png,/Users/kimsumin/projects/RGMC/data/map/robot8/overlays/0496_overlay.png,/Users/kimsumin/projects/RGMC/data/map/robot8/masks/0496_mask.png
497,0.910625,0.46875,0.0,379.09225874867445,427.7602557272243,1,0.0,0.06706895400142392,0.1788604424369075,1779122855.2221115,5,/Users/kimsumin/projects/RGMC/data/map/robot8/images/0497.png,/Users/kimsumin/projects/RGMC/data/map/robot8/overlays/0497_overlay.png,/Users/kimsumin/projects/RGMC/data/map/robot8/masks/0497_mask.png
498,0.8809374999999999,0.46875,0.0,380.3853989813243,414.645727221279,1,0.0,0.5774544289958189,0.06245613729912606,1779122867.0911422,5,/Users/kimsumin/projects/RGMC/data/map/robot8/images/0498.png,/Users/kimsumin/projects/RGMC/data/map/robot8/overlays/0498_overlay.png,/Users/kimsumin/projects/RGMC/data/map/robot8/masks/0498_mask.png
499,0.85125,0.46875,0.0,380.8146551724138,400.6815732758621,1,0.0,0.10561733019025617,0.0664638935711625,1779122879.3788328,5,/Users/kimsumin/projects/RGMC/data/map/robot8/images/0499.png,/Users/kimsumin/projects/RGMC/data/map/robot8/overlays/0499_overlay.png,/Users/kimsumin/projects/RGMC/data/map/robot8/masks/0499_mask.png
500,0.8215625,0.46875,0.0,380.66407119021136,387.83426028921025,1,0.0,0.07242253807362377,0.1565328859705117,1779122891.360774,5,/Users/kimsumin/projects/RGMC/data/map/robot8/images/0500.png,/Users/kimsumin/projects/RGMC/data/map/robot8/overlays/0500_overlay.png,/Users/kimsumin/projects/RGMC/data/map/robot8/masks/0500_mask.png
501,0.791875,0.46875,0.0,380.82533482142856,374.7974330357143,1,0.0,0.06864506341488467,0.4133730331516867,1779122903.9578009,5,/Users/kimsumin/projects/RGMC/data/map/robot8/images/0501.png,/Users/kimsumin/projects/RGMC/data/map/robot8/overlays/0501_overlay.png,/Users/kimsumin/projects/RGMC/data/map/robot8/masks/0501_mask.png
502,0.7621875,0.46875,0.0,380.8182813355227,360.9489962018448,1,0.0,0.40570264858334015,0.12183875322091313,1779122916.7653384,5,/Users/kimsumin/projects/RGMC/data/map/robot8/images/0502.png,/Users/kimsumin/projects/RGMC/data/map/robot8/overlays/0502_overlay.png,/Users/kimsumin/projects/RGMC/data/map/robot8/masks/0502_mask.png
503,0.7324999999999999,0.46875,0.0,380.9242256637168,347.73219215902816,1,0.0,0.014861658933584503,0.05537060402437811,1779122929.86863,5,/Users/kimsumin/projects/RGMC/data/map/robot8/images/0503.png,/Users/kimsumin/projects/RGMC/data/map/robot8/overlays/0503_overlay.png,/Users/kimsumin/projects/RGMC/data/map/robot8/masks/0503_mask.png
504,0.7028125,0.46875,0.0,381.0314253647587,334.68491620111735,1,0.0,0.03774014885658795,0.07607763791123441,1779122942.04885,5,/Users/kimsumin/projects/RGMC/data/map/robot8/images/0504.png,/Users/kimsumin/projects/RGMC/data/map/robot8/overlays/0504_overlay.png,/Users/kimsumin/projects/RGMC/data/map/robot8/masks/0504_mask.png
505,0.673125,0.46875,0.0,380.93804347826085,321.19083557951484,1,0.0,0.04509787797694127,0.07411604553537382,1779122953.9497569,5,/Users/kimsumin/projects/RGMC/data/map/robot8/images/0505.png,/Users/kimsumin/projects/RGMC/data/map/robot8/overlays/0505_overlay.png,/Users/kimsumin/projects/RGMC/data/map/robot8/masks/0505_mask.png
506,0.6434375,0.46875,0.0,380.94323144104806,308.2008733624454,1,0.0,0.05210228817559829,0.015515855681558808,1779122966.2220404,5,/Users/kimsumin/projects/RGMC/data/map/robot8/images/0506.png,/Users/kimsumin/projects/RGMC/data/map/robot8/overlays/0506_overlay.png,/Users/kimsumin/projects/RGMC/data/map/robot8/masks/0506_mask.png
507,0.61375,0.46875,0.0,381.0922818791946,294.5900168255749,1,0.0,0.0301585405782226,0.3029039285207327,1779122979.4272268,5,/Users/kimsumin/projects/RGMC/data/map/robot8/images/0507.png,/Users/kimsumin/projects/RGMC/data/map/robot8/overlays/0507_overlay.png,/Users/kimsumin/projects/RGMC/data/map/robot8/masks/0507_mask.png
508,0.5840625,0.46875,0.0,381.3037561241154,281.1768259198243,1,0.0,0.02995177113986411,0.08443237822726363,1779122993.1506336,5,/Users/kimsumin/projects/RGMC/data/map/robot8/images/0508.png,/Users/kimsumin/projects/RGMC/data/map/robot8/overlays/0508_overlay.png,/Users/kimsumin/projects/RGMC/data/map/robot8/masks/0508_mask.png
509,0.554375,0.46875,0.0,381.303197353914,267.9906284454245,1,0.0,0.031085645451545945,0.09580312779765288,1779123007.7002034,5,/Users/kimsumin/projects/RGMC/data/map/robot8/images/0509.png,/Users/kimsumin/projects/RGMC/data/map/robot8/overlays/0509_overlay.png,/Users/kimsumin/projects/RGMC/data/map/robot8/masks/0509_mask.png
510,0.5246875,0.46875,0.0,381.3664421997755,254.73625140291807,1,0.0,0.029644095220937583,0.037787327718696494,1779123021.107226,5,/Users/kimsumin/projects/RGMC/data/map/robot8/images/0510.png,/Users/kimsumin/projects/RGMC/data/map/robot8/overlays/0510_overlay.png,/Users/kimsumin/projects/RGMC/data/map/robot8/masks/0510_mask.png
511,0.495,0.46875,0.0,381.2221000549753,241.37857142857143,1,0.0,0.0561794266905422,0.0336676399214896,1779123035.642326,5,/Users/kimsumin/projects/RGMC/data/map/robot8/images/0511.png,/Users/kimsumin/projects/RGMC/data/map/robot8/overlays/0511_overlay.png,/Users/kimsumin/projects/RGMC/data/map/robot8/masks/0511_mask.png
512,0.4653125,0.46875,0.0,381.45671476137625,228.44173140954496,1,0.0,0.0599610398419226,0.08590974541871553,1779123047.534658,5,/Users/kimsumin/projects/RGMC/data/map/robot8/images/0512.png,/Users/kimsumin/projects/RGMC/data/map/robot8/overlays/0512_overlay.png,/Users/kimsumin/projects/RGMC/data/map/robot8/masks/0512_mask.png
513,0.435625,0.46875,0.0,381.6107305936073,215.40239726027397,1,0.0,0.0638250796930525,0.08144859580698514,1779123061.0479631,5,/Users/kimsumin/projects/RGMC/data/map/robot8/images/0513.png,/Users/kimsumin/projects/RGMC/data/map/robot8/overlays/0513_overlay.png,/Users/kimsumin/projects/RGMC/data/map/robot8/masks/0513_mask.png
514,0.4059375,0.46875,0.0,381.4677506775068,201.83125339120997,1,0.0,0.04614134287156028,0.04374415699200479,1779123074.044479,5,/Users/kimsumin/projects/RGMC/data/map/robot8/images/0514.png,/Users/kimsumin/projects/RGMC/data/map/robot8/overlays/0514_overlay.png,/Users/kimsumin/projects/RGMC/data/map/robot8/masks/0514_mask.png
515,0.37625,0.46875,0.0,381.73981016192073,188.71349250416435,1,0.0,0.050883096544077626,0.0921042769738074,1779123088.8011277,5,/Users/kimsumin/projects/RGMC/data/map/robot8/images/0515.png,/Users/kimsumin/projects/RGMC/data/map/robot8/overlays/0515_overlay.png,/Users/kimsumin/projects/RGMC/data/map/robot8/masks/0515_mask.png
516,0.3465625,0.46875,0.0,381.84031710079273,175.25228310502283,1,0.0,0.03054320766447831,0.12444359609049148,1779123101.9206889,5,/Users/kimsumin/projects/RGMC/data/map/robot8/images/0516.png,/Users/kimsumin/projects/RGMC/data/map/robot8/overlays/0516_overlay.png,/Users/kimsumin/projects/RGMC/data/map/robot8/masks/0516_mask.png
517,0.316875,0.46875,0.0,381.69854132901133,162.10318746623446,1,0.0,0.0349252059255105,0.02050964272149207,1779123113.977008,5,/Users/kimsumin/projects/RGMC/data/map/robot8/images/0517.png,/Users/kimsumin/projects/RGMC/data/map/robot8/overlays/0517_overlay.png,/Users/kimsumin/projects/RGMC/data/map/robot8/masks/0517_mask.png
518,0.2871875,0.46875,0.0,381.9622850804215,149.20354963948975,1,0.0,0.03902304731583776,0.10257133161968604,1779123128.7325478,5,/Users/kimsumin/projects/RGMC/data/map/robot8/images/0518.png,/Users/kimsumin/projects/RGMC/data/map/robot8/overlays/0518_overlay.png,/Users/kimsumin/projects/RGMC/data/map/robot8/masks/0518_mask.png
519,0.2575,0.46875,0.0,381.92484576556365,135.83510936623668,1,0.0,0.06140235295267808,0.20119726720564404,1779123142.1409085,5,/Users/kimsumin/projects/RGMC/data/map/robot8/images/0519.png,/Users/kimsumin/projects/RGMC/data/map/robot8/overlays/0519_overlay.png,/Users/kimsumin/projects/RGMC/data/map/robot8/masks/0519_mask.png
520,0.22781249999999997,0.46875,0.0,381.8922505307856,122.51170212765958,1,0.0,0.03066154197526654,0.05951690662842295,1779123154.9412394,5,/Users/kimsumin/projects/RGMC/data/map/robot8/images/0520.png,/Users/kimsumin/projects/RGMC/data/map/robot8/overlays/0520_overlay.png,/Users/kimsumin/projects/RGMC/data/map/robot8/masks/0520_mask.png
521,0.19812499999999997,0.46875,0.0,382.2422126745435,109.80042918454936,1,0.0,0.04491965219944395,0.1200818417686901,1779123167.2251081,5,/Users/kimsumin/projects/RGMC/data/map/robot8/images/0521.png,/Users/kimsumin/projects/RGMC/data/map/robot8/overlays/0521_overlay.png,/Users/kimsumin/projects/RGMC/data/map/robot8/masks/0521_mask.png
522,0.1684375,0.46875,0.0,382.1566068515498,96.5205030071077,1,0.0,0.024765009459589007,0.07002018037694073,1779123179.6191995,5,/Users/kimsumin/projects/RGMC/data/map/robot8/images/0522.png,/Users/kimsumin/projects/RGMC/data/map/robot8/overlays/0522_overlay.png,/Users/kimsumin/projects/RGMC/data/map/robot8/masks/0522_mask.png
523,0.13874999999999998,0.46875,0.0,382.23670212765956,82.44468085106384,1,0.0,0.08068114610563887,0.08910792640708824,1779123192.0061932,5,/Users/kimsumin/projects/RGMC/data/map/robot8/images/0523.png,/Users/kimsumin/projects/RGMC/data/map/robot8/overlays/0523_overlay.png,/Users/kimsumin/projects/RGMC/data/map/robot8/masks/0523_mask.png
524,0.10906249999999999,0.46875,0.0,382.39869989165766,69.71320346320347,1,0.0,0.042409993145078935,0.059747952670930235,1779123203.9915009,5,/Users/kimsumin/projects/RGMC/data/map/robot8/images/0524.png,/Users/kimsumin/projects/RGMC/data/map/robot8/overlays/0524_overlay.png,/Users/kimsumin/projects/RGMC/data/map/robot8/masks/0524_mask.png
525,0.079375,0.46875,0.0,382.2644584647739,56.6259863229879,1,0.0,0.03071715293831815,0.10846712690226919,1779123216.7998598,5,/Users/kimsumin/projects/RGMC/data/map/robot8/images/0525.png,/Users/kimsumin/projects/RGMC/data/map/robot8/overlays/0525_overlay.png,/Users/kimsumin/projects/RGMC/data/map/robot8/masks/0525_mask.png
526,0.049687499999999996,0.46875,0.0,382.4635935044526,42.42279411764706,1,0.0,0.46226111583340257,0.1704253809253103,1779123229.7033072,5,/Users/kimsumin/projects/RGMC/data/map/robot8/images/0526.png,/Users/kimsumin/projects/RGMC/data/map/robot8/overlays/0526_overlay.png,/Users/kimsumin/projects/RGMC/data/map/robot8/masks/0526_mask.png
527,0.02,0.46875,0.0,382.50424628450105,29.626857749469213,1,0.0,0.37068359218398045,0.08336542938044725,1779123243.5166905,5,/Users/kimsumin/projects/RGMC/data/map/robot8/images/0527.png,/Users/kimsumin/projects/RGMC/data/map/robot8/overlays/0527_overlay.png,/Users/kimsumin/projects/RGMC/data/map/robot8/masks/0527_mask.png
528,0.02,0.5,0.0,369.550079491256,29.37837837837838,1,0.0,0.05948552855902284,0.04433910147730923,1779123258.0621424,5,/Users/kimsumin/projects/RGMC/data/map/robot8/images/0528.png,/Users/kimsumin/projects/RGMC/data/map/robot8/overlays/0528_overlay.png,/Users/kimsumin/projects/RGMC/data/map/robot8/masks/0528_mask.png
529,0.049687499999999996,0.5,0.0,369.2049947970864,42.02179553710431,1,0.0,0.03338254670660262,0.09702792123014382,1779123270.5502243,5,/Users/kimsumin/projects/RGMC/data/map/robot8/images/0529.png,/Users/kimsumin/projects/RGMC/data/map/robot8/overlays/0529_overlay.png,/Users/kimsumin/projects/RGMC/data/map/robot8/masks/0529_mask.png
530,0.079375,0.5,0.0,369.1475583864119,55.82529474812433,1,0.0,0.05618983723792354,0.3937665680556626,1779123284.1945236,5,/Users/kimsumin/projects/RGMC/data/map/robot8/images/0530.png,/Users/kimsumin/projects/RGMC/data/map/robot8/overlays/0530_overlay.png,/Users/kimsumin/projects/RGMC/data/map/robot8/masks/0530_mask.png
531,0.10906249999999999,0.5,0.0,369.16649048625794,68.9642105263158,1,0.0,0.049329331474308784,0.13342769758635123,1779123296.5630007,5,/Users/kimsumin/projects/RGMC/data/map/robot8/images/0531.png,/Users/kimsumin/projects/RGMC/data/map/robot8/overlays/0531_overlay.png,/Users/kimsumin/projects/RGMC/data/map/robot8/masks/0531_mask.png
532,0.13874999999999998,0.5,0.0,368.84040838259,81.77299308878256,1,0.0,0.07882677104882578,0.08000734699776099,1779123309.3671627,5,/Users/kimsumin/projects/RGMC/data/map/robot8/images/0532.png,/Users/kimsumin/projects/RGMC/data/map/robot8/overlays/0532_overlay.png,/Users/kimsumin/projects/RGMC/data/map/robot8/masks/0532_mask.png
533,0.1684375,0.5,0.0,368.8790366721401,95.72103239978034,1,0.0,0.046877531882130244,0.06869446600967401,1779123323.3954616,5,/Users/kimsumin/projects/RGMC/data/map/robot8/images/0533.png,/Users/kimsumin/projects/RGMC/data/map/robot8/overlays/0533_overlay.png,/Users/kimsumin/projects/RGMC/data/map/robot8/masks/0533_mask.png
534,0.19812499999999997,0.5,0.0,369.0119112073633,108.74932903918412,1,0.0,0.09148267807470908,0.08472306915124038,1779123336.1942282,5,/Users/kimsumin/projects/RGMC/data/map/robot8/images/0534.png,/Users/kimsumin/projects/RGMC/data/map/robot8/overlays/0534_overlay.png,/Users/kimsumin/projects/RGMC/data/map/robot8/masks/0534_mask.png
535,0.22781249999999997,0.5,0.0,368.62418655097616,121.79597388465723,1,0.0,0.1471674441202981,0.07665614467111938,1779123350.1266499,5,/Users/kimsumin/projects/RGMC/data/map/robot8/images/0535.png,/Users/kimsumin/projects/RGMC/data/map/robot8/overlays/0535_overlay.png,/Users/kimsumin/projects/RGMC/data/map/robot8/masks/0535_mask.png
536,0.2575,0.5,0.0,368.6488636363636,135.17786561264822,1,0.0,0.07628029428447249,0.03302294769374657,1779123362.4050865,5,/Users/kimsumin/projects/RGMC/data/map/robot8/images/0536.png,/Users/kimsumin/projects/RGMC/data/map/robot8/overlays/0536_overlay.png,/Users/kimsumin/projects/RGMC/data/map/robot8/masks/0536_mask.png
537,0.2871875,0.5,0.0,368.79745434421693,148.6945213060321,1,0.0,0.045797198779800506,0.023076358319583934,1779123374.904417,5,/Users/kimsumin/projects/RGMC/data/map/robot8/images/0537.png,/Users/kimsumin/projects/RGMC/data/map/robot8/overlays/0537_overlay.png,/Users/kimsumin/projects/RGMC/data/map/robot8/masks/0537_mask.png
538,0.316875,0.5,0.0,367.9017543859649,161.5655737704918,1,0.0,0.04464003383657833,0.07010926921009872,1779123387.094404,5,/Users/kimsumin/projects/RGMC/data/map/robot8/images/0538.png,/Users/kimsumin/projects/RGMC/data/map/robot8/overlays/0538_overlay.png,/Users/kimsumin/projects/RGMC/data/map/robot8/masks/0538_mask.png
539,0.3465625,0.5,0.0,368.38131166569934,175.10544611819236,1,0.0,0.2629063953926454,0.12914577585713113,1779123399.2844734,5,/Users/kimsumin/projects/RGMC/data/map/robot8/images/0539.png,/Users/kimsumin/projects/RGMC/data/map/robot8/overlays/0539_overlay.png,/Users/kimsumin/projects/RGMC/data/map/robot8/masks/0539_mask.png
540,0.37625,0.5,0.0,367.79451255108,188.51488616462348,1,0.0,0.34681596909701484,0.09031466662731619,1779123410.9465725,5,/Users/kimsumin/projects/RGMC/data/map/robot8/images/0540.png,/Users/kimsumin/projects/RGMC/data/map/robot8/overlays/0540_overlay.png,/Users/kimsumin/projects/RGMC/data/map/robot8/masks/0540_mask.png
541,0.4059375,0.5,0.0,367.76821572002297,201.3955223880597,1,0.0,0.024623471258048407,0.03637532253705439,1779123423.337644,5,/Users/kimsumin/projects/RGMC/data/map/robot8/images/0541.png,/Users/kimsumin/projects/RGMC/data/map/robot8/overlays/0541_overlay.png,/Users/kimsumin/projects/RGMC/data/map/robot8/masks/0541_mask.png
542,0.435625,0.5,0.0,368.11901983663944,214.86981903093988,1,0.0,0.20431378613104795,0.08821153365943904,1779123435.3168106,5,/Users/kimsumin/projects/RGMC/data/map/robot8/images/0542.png,/Users/kimsumin/projects/RGMC/data/map/robot8/overlays/0542_overlay.png,/Users/kimsumin/projects/RGMC/data/map/robot8/masks/0542_mask.png
543,0.4653125,0.5,0.0,367.4396449704142,227.91893491124262,1,0.0,0.6133612477032653,0.07329707719020717,1779123448.1134052,5,/Users/kimsumin/projects/RGMC/data/map/robot8/images/0543.png,/Users/kimsumin/projects/RGMC/data/map/robot8/overlays/0543_overlay.png,/Users/kimsumin/projects/RGMC/data/map/robot8/masks/0543_mask.png
544,0.495,0.5,0.0,367.55210772833726,240.75884433962264,1,0.0,0.02972924987484781,0.02330800878594862,1779123460.6062794,5,/Users/kimsumin/projects/RGMC/data/map/robot8/images/0544.png,/Users/kimsumin/projects/RGMC/data/map/robot8/overlays/0544_overlay.png,/Users/kimsumin/projects/RGMC/data/map/robot8/masks/0544_mask.png
545,0.5246875,0.5,0.0,367.58616647127786,253.68103957471942,1,0.0,0.03657797157363679,0.3419862124008665,1779123474.3255758,5,/Users/kimsumin/projects/RGMC/data/map/robot8/images/0545.png,/Users/kimsumin/projects/RGMC/data/map/robot8/overlays/0545_overlay.png,/Users/kimsumin/projects/RGMC/data/map/robot8/masks/0545_mask.png
546,0.554375,0.5,0.0,367.48351001177855,267.63792150359313,1,0.0,0.5904767541184969,0.060292420082077074,1779123487.432152,5,/Users/kimsumin/projects/RGMC/data/map/robot8/images/0546.png,/Users/kimsumin/projects/RGMC/data/map/robot8/overlays/0546_overlay.png,/Users/kimsumin/projects/RGMC/data/map/robot8/masks/0546_mask.png
547,0.5840625,0.5,0.0,367.4693520140105,280.7697253068381,1,0.0,0.03405157111590955,0.04468198490979631,1779123500.3519225,5,/Users/kimsumin/projects/RGMC/data/map/robot8/images/0547.png,/Users/kimsumin/projects/RGMC/data/map/robot8/overlays/0547_overlay.png,/Users/kimsumin/projects/RGMC/data/map/robot8/masks/0547_mask.png
548,0.61375,0.5,0.0,367.41383285302595,293.77060518731986,1,0.0,0.03133375137433851,0.0710600801761751,1779123512.9319177,5,/Users/kimsumin/projects/RGMC/data/map/robot8/images/0548.png,/Users/kimsumin/projects/RGMC/data/map/robot8/overlays/0548_overlay.png,/Users/kimsumin/projects/RGMC/data/map/robot8/masks/0548_mask.png
549,0.6434375,0.5,0.0,365.9789189189189,307.8767567567568,1,0.0,0.04047426072769883,0.04275603879165558,1779123526.3528287,5,/Users/kimsumin/projects/RGMC/data/map/robot8/images/0549.png,/Users/kimsumin/projects/RGMC/data/map/robot8/overlays/0549_overlay.png,/Users/kimsumin/projects/RGMC/data/map/robot8/masks/0549_mask.png
550,0.673125,0.5,0.0,367.20388349514565,320.8734321550741,1,0.0,0.02560605101038755,0.05337079723201398,1779123539.4587762,5,/Users/kimsumin/projects/RGMC/data/map/robot8/images/0550.png,/Users/kimsumin/projects/RGMC/data/map/robot8/overlays/0550_overlay.png,/Users/kimsumin/projects/RGMC/data/map/robot8/masks/0550_mask.png
551,0.7028125,0.5,0.0,366.0439132851584,333.83821932681866,1,0.0,0.031199125262790915,0.36173275358483736,1779123552.980908,5,/Users/kimsumin/projects/RGMC/data/map/robot8/images/0551.png,/Users/kimsumin/projects/RGMC/data/map/robot8/overlays/0551_overlay.png,/Users/kimsumin/projects/RGMC/data/map/robot8/masks/0551_mask.png
552,0.7324999999999999,0.5,0.0,365.8080308030803,347.372602739726,1,0.0,0.02685189041657635,0.035639672642007174,1779123565.79791,5,/Users/kimsumin/projects/RGMC/data/map/robot8/images/0552.png,/Users/kimsumin/projects/RGMC/data/map/robot8/overlays/0552_overlay.png,/Users/kimsumin/projects/RGMC/data/map/robot8/masks/0552_mask.png
553,0.7621875,0.5,0.0,365.8655002733734,360.4668874172185,1,0.0,0.05513708101555678,0.08120840471473822,1779123579.4891105,5,/Users/kimsumin/projects/RGMC/data/map/robot8/images/0553.png,/Users/kimsumin/projects/RGMC/data/map/robot8/overlays/0553_overlay.png,/Users/kimsumin/projects/RGMC/data/map/robot8/masks/0553_mask.png
554,0.791875,0.5,0.0,365.805166846071,373.56889128094724,1,0.0,0.02151850655723912,0.04235361134473496,1779123591.755835,5,/Users/kimsumin/projects/RGMC/data/map/robot8/images/0554.png,/Users/kimsumin/projects/RGMC/data/map/robot8/overlays/0554_overlay.png,/Users/kimsumin/projects/RGMC/data/map/robot8/masks/0554_mask.png
555,0.8215625,0.5,0.0,365.7370713119216,387.53402286336416,1,0.0,0.061778948362964645,0.0630995576574261,1779123604.1713321,5,/Users/kimsumin/projects/RGMC/data/map/robot8/images/0555.png,/Users/kimsumin/projects/RGMC/data/map/robot8/overlays/0555_overlay.png,/Users/kimsumin/projects/RGMC/data/map/robot8/masks/0555_mask.png
556,0.85125,0.5,0.0,365.8110151187905,400.74622030237583,1,0.0,0.021985563901399073,0.07149106527539101,1779123616.6631021,5,/Users/kimsumin/projects/RGMC/data/map/robot8/images/0556.png,/Users/kimsumin/projects/RGMC/data/map/robot8/overlays/0556_overlay.png,/Users/kimsumin/projects/RGMC/data/map/robot8/masks/0556_mask.png
557,0.8809374999999999,0.5,0.0,365.6985172981878,414.5107556536128,1,0.0,0.04866366345287447,0.4380064336398789,1779123628.6445153,5,/Users/kimsumin/projects/RGMC/data/map/robot8/images/0557.png,/Users/kimsumin/projects/RGMC/data/map/robot8/overlays/0557_overlay.png,/Users/kimsumin/projects/RGMC/data/map/robot8/masks/0557_mask.png
558,0.910625,0.5,0.0,365.6,427.0176308539945,1,0.0,0.051152702579526664,0.07674422620148855,1779123640.8513258,5,/Users/kimsumin/projects/RGMC/data/map/robot8/images/0558.png,/Users/kimsumin/projects/RGMC/data/map/robot8/overlays/0558_overlay.png,/Users/kimsumin/projects/RGMC/data/map/robot8/masks/0558_mask.png
559,0.9403125,0.5,0.0,365.49367088607596,441.32225738396625,1,0.0,0.06125610078632688,0.038359305703883254,1779123653.454642,5,/Users/kimsumin/projects/RGMC/data/map/robot8/images/0559.png,/Users/kimsumin/projects/RGMC/data/map/robot8/overlays/0559_overlay.png,/Users/kimsumin/projects/RGMC/data/map/robot8/masks/0559_mask.png
560,0.97,0.5,0.0,365.50425411230856,453.8825865002836,1,0.0,0.024714897537863954,0.04867218798438934,1779123665.5140653,5,/Users/kimsumin/projects/RGMC/data/map/robot8/images/0560.png,/Users/kimsumin/projects/RGMC/data/map/robot8/overlays/0560_overlay.png,/Users/kimsumin/projects/RGMC/data/map/robot8/masks/0560_mask.png
561,0.97,0.53125,0.0,352.33561643835617,453.9231220657277,1,0.0,0.2844888763761127,0.3422645820732503,1779123677.5130732,5,/Users/kimsumin/projects/RGMC/data/map/robot8/images/0561.png,/Users/kimsumin/projects/RGMC/data/map/robot8/overlays/0561_overlay.png,/Users/kimsumin/projects/RGMC/data/map/robot8/masks/0561_mask.png
562,0.9403125,0.53125,0.0,351.59610027855155,441.84765625,1,0.0,0.014670063092902386,0.02455199428122153,1779123689.6998432,5,/Users/kimsumin/projects/RGMC/data/map/robot8/images/0562.png,/Users/kimsumin/projects/RGMC/data/map/robot8/overlays/0562_overlay.png,/Users/kimsumin/projects/RGMC/data/map/robot8/masks/0562_mask.png
563,0.910625,0.53125,0.0,352.4928097345133,427.6254891000559,1,0.0,0.05567467722222828,0.14938905258097684,1779123702.481116,5,/Users/kimsumin/projects/RGMC/data/map/robot8/images/0563.png,/Users/kimsumin/projects/RGMC/data/map/robot8/overlays/0563_overlay.png,/Users/kimsumin/projects/RGMC/data/map/robot8/masks/0563_mask.png
564,0.8809374999999999,0.53125,0.0,352.391378332388,414.5846412556054,1,0.0,0.04694608388158576,0.06263420221756243,1779123714.461272,5,/Users/kimsumin/projects/RGMC/data/map/robot8/images/0564.png,/Users/kimsumin/projects/RGMC/data/map/robot8/overlays/0564_overlay.png,/Users/kimsumin/projects/RGMC/data/map/robot8/masks/0564_mask.png
565,0.85125,0.53125,0.0,352.6961683756071,400.9311653116531,1,0.0,0.029873671129184515,0.08425840230918545,1779123726.3691278,5,/Users/kimsumin/projects/RGMC/data/map/robot8/images/0565.png,/Users/kimsumin/projects/RGMC/data/map/robot8/overlays/0565_overlay.png,/Users/kimsumin/projects/RGMC/data/map/robot8/masks/0565_mask.png
566,0.8215625,0.53125,0.0,352.3631868131868,387.702479338843,1,0.0,0.0321762944199919,0.07951300904212652,1779123738.2618027,5,/Users/kimsumin/projects/RGMC/data/map/robot8/images/0566.png,/Users/kimsumin/projects/RGMC/data/map/robot8/overlays/0566_overlay.png,/Users/kimsumin/projects/RGMC/data/map/robot8/masks/0566_mask.png
567,0.791875,0.53125,0.0,352.5971692977681,373.9020141535112,1,0.0,0.09604265573517258,0.07014767570415813,1779123751.0197012,5,/Users/kimsumin/projects/RGMC/data/map/robot8/images/0567.png,/Users/kimsumin/projects/RGMC/data/map/robot8/overlays/0567_overlay.png,/Users/kimsumin/projects/RGMC/data/map/robot8/masks/0567_mask.png
568,0.7621875,0.53125,0.0,352.60917634051964,360.7574916759157,1,0.0,0.3809092284760303,0.16120314927315596,1779123763.2011535,5,/Users/kimsumin/projects/RGMC/data/map/robot8/images/0568.png,/Users/kimsumin/projects/RGMC/data/map/robot8/overlays/0568_overlay.png,/Users/kimsumin/projects/RGMC/data/map/robot8/masks/0568_mask.png
569,0.7324999999999999,0.53125,0.0,352.6298157453936,347.32606263982103,1,0.0,0.294821968011716,0.06794873081272443,1779123775.1809595,5,/Users/kimsumin/projects/RGMC/data/map/robot8/images/0569.png,/Users/kimsumin/projects/RGMC/data/map/robot8/overlays/0569_overlay.png,/Users/kimsumin/projects/RGMC/data/map/robot8/masks/0569_mask.png
570,0.7028125,0.53125,0.0,352.9213665943601,333.9698924731183,1,0.0,0.010827133408145187,0.27329103531377735,1779123787.3709147,5,/Users/kimsumin/projects/RGMC/data/map/robot8/images/0570.png,/Users/kimsumin/projects/RGMC/data/map/robot8/overlays/0570_overlay.png,/Users/kimsumin/projects/RGMC/data/map/robot8/masks/0570_mask.png
571,0.673125,0.53125,0.0,352.8379530916844,321.07856761090324,1,0.0,0.04902732764205718,0.037991698738436594,1779123799.5579286,5,/Users/kimsumin/projects/RGMC/data/map/robot8/images/0571.png,/Users/kimsumin/projects/RGMC/data/map/robot8/overlays/0571_overlay.png,/Users/kimsumin/projects/RGMC/data/map/robot8/masks/0571_mask.png
572,0.6434375,0.53125,0.0,352.9200214707461,308.3816425120773,1,0.0,0.06395058477645031,0.08812901267589116,1779123811.4340239,5,/Users/kimsumin/projects/RGMC/data/map/robot8/images/0572.png,/Users/kimsumin/projects/RGMC/data/map/robot8/overlays/0572_overlay.png,/Users/kimsumin/projects/RGMC/data/map/robot8/masks/0572_mask.png
573,0.61375,0.53125,0.0,353.13308391234636,294.10032017075775,1,0.0,0.10079304599801897,0.34416070114962294,1779123823.6260192,5,/Users/kimsumin/projects/RGMC/data/map/robot8/images/0573.png,/Users/kimsumin/projects/RGMC/data/map/robot8/overlays/0573_overlay.png,/Users/kimsumin/projects/RGMC/data/map/robot8/masks/0573_mask.png
574,0.5840625,0.53125,0.0,353.25349087003224,280.9523551705468,1,0.0,0.04691908097098741,0.06996740340305008,1779123835.7078316,5,/Users/kimsumin/projects/RGMC/data/map/robot8/images/0574.png,/Users/kimsumin/projects/RGMC/data/map/robot8/overlays/0574_overlay.png,/Users/kimsumin/projects/RGMC/data/map/robot8/masks/0574_mask.png
575,0.554375,0.53125,0.0,353.26882902693785,267.8344370860927,1,0.0,0.034507692179258344,0.10107749457034032,1779123848.0206678,5,/Users/kimsumin/projects/RGMC/data/map/robot8/images/0575.png,/Users/kimsumin/projects/RGMC/data/map/robot8/overlays/0575_overlay.png,/Users/kimsumin/projects/RGMC/data/map/robot8/masks/0575_mask.png
576,0.5246875,0.53125,0.0,353.1899943788645,254.81306306306305,1,0.0,0.05014099015122716,0.04340482210939715,1779123860.2976992,5,/Users/kimsumin/projects/RGMC/data/map/robot8/images/0576.png,/Users/kimsumin/projects/RGMC/data/map/robot8/overlays/0576_overlay.png,/Users/kimsumin/projects/RGMC/data/map/robot8/masks/0576_mask.png
577,0.495,0.53125,0.0,353.49676025917927,241.0707343412527,1,0.0,0.034031156683621125,0.06490920611474257,1779123872.3610837,5,/Users/kimsumin/projects/RGMC/data/map/robot8/images/0577.png,/Users/kimsumin/projects/RGMC/data/map/robot8/overlays/0577_overlay.png,/Users/kimsumin/projects/RGMC/data/map/robot8/masks/0577_mask.png
578,0.4653125,0.53125,0.0,353.565361279647,228.18863761720905,1,0.0,0.02293385582688379,0.17188921742156427,1779123884.963619,5,/Users/kimsumin/projects/RGMC/data/map/robot8/images/0578.png,/Users/kimsumin/projects/RGMC/data/map/robot8/overlays/0578_overlay.png,/Users/kimsumin/projects/RGMC/data/map/robot8/masks/0578_mask.png
579,0.435625,0.53125,0.0,353.45459610027854,215.3055711873945,1,0.0,0.0373778659696579,0.04626022284517786,1779123897.252522,5,/Users/kimsumin/projects/RGMC/data/map/robot8/images/0579.png,/Users/kimsumin/projects/RGMC/data/map/robot8/overlays/0579_overlay.png,/Users/kimsumin/projects/RGMC/data/map/robot8/masks/0579_mask.png
580,0.4059375,0.53125,0.0,353.64567769477054,201.4895666131621,1,0.0,0.030562160919801386,0.07084013512776592,1779123909.2350059,5,/Users/kimsumin/projects/RGMC/data/map/robot8/images/0580.png,/Users/kimsumin/projects/RGMC/data/map/robot8/overlays/0580_overlay.png,/Users/kimsumin/projects/RGMC/data/map/robot8/masks/0580_mask.png
581,0.37625,0.53125,0.0,353.7624190064795,188.77753779697625,1,0.0,0.04316101653323493,0.038938099909514044,1779123921.5122154,5,/Users/kimsumin/projects/RGMC/data/map/robot8/images/0581.png,/Users/kimsumin/projects/RGMC/data/map/robot8/overlays/0581_overlay.png,/Users/kimsumin/projects/RGMC/data/map/robot8/masks/0581_mask.png
582,0.3465625,0.53125,0.0,353.6709282934964,175.5118587975731,1,0.0,0.054540917559585504,0.047106551348048545,1779123933.4962401,5,/Users/kimsumin/projects/RGMC/data/map/robot8/images/0582.png,/Users/kimsumin/projects/RGMC/data/map/robot8/overlays/0582_overlay.png,/Users/kimsumin/projects/RGMC/data/map/robot8/masks/0582_mask.png
583,0.316875,0.53125,0.0,353.94657312466273,162.87002801120448,1,0.0,0.04810885683055096,0.401555596086571,1779123945.5869412,5,/Users/kimsumin/projects/RGMC/data/map/robot8/images/0583.png,/Users/kimsumin/projects/RGMC/data/map/robot8/overlays/0583_overlay.png,/Users/kimsumin/projects/RGMC/data/map/robot8/masks/0583_mask.png
584,0.2871875,0.53125,0.0,353.9792,149.0578468130691,1,0.0,0.05909030155928055,0.05095984579629967,1779123957.783876,5,/Users/kimsumin/projects/RGMC/data/map/robot8/images/0584.png,/Users/kimsumin/projects/RGMC/data/map/robot8/overlays/0584_overlay.png,/Users/kimsumin/projects/RGMC/data/map/robot8/masks/0584_mask.png
585,0.2575,0.53125,0.0,353.79588431590656,135.80309734513276,1,0.0,0.051998737110708154,0.12873512942473106,1779123969.5568202,5,/Users/kimsumin/projects/RGMC/data/map/robot8/images/0585.png,/Users/kimsumin/projects/RGMC/data/map/robot8/overlays/0585_overlay.png,/Users/kimsumin/projects/RGMC/data/map/robot8/masks/0585_mask.png
586,0.22781249999999997,0.53125,0.0,355.33352112676056,122.13929784824462,1,0.0,0.04653709057543759,0.08325039454622472,1779123981.7241478,5,/Users/kimsumin/projects/RGMC/data/map/robot8/images/0586.png,/Users/kimsumin/projects/RGMC/data/map/robot8/overlays/0586_overlay.png,/Users/kimsumin/projects/RGMC/data/map/robot8/masks/0586_mask.png
587,0.19812499999999997,0.53125,0.0,353.96061734965406,109.33847791378393,1,0.0,0.06874533369712998,0.05085045437217537,1779123993.8087115,5,/Users/kimsumin/projects/RGMC/data/map/robot8/images/0587.png,/Users/kimsumin/projects/RGMC/data/map/robot8/overlays/0587_overlay.png,/Users/kimsumin/projects/RGMC/data/map/robot8/masks/0587_mask.png
588,0.1684375,0.53125,0.0,354.12453432676955,96.25664187035069,1,0.0,0.07592585173357212,0.07957293047509546,1779124005.791356,5,/Users/kimsumin/projects/RGMC/data/map/robot8/images/0588.png,/Users/kimsumin/projects/RGMC/data/map/robot8/overlays/0588_overlay.png,/Users/kimsumin/projects/RGMC/data/map/robot8/masks/0588_mask.png
589,0.13874999999999998,0.53125,0.0,355.51542344363435,82.0,1,0.0,0.5467470709977383,0.11808285109413173,1779124017.9820864,5,/Users/kimsumin/projects/RGMC/data/map/robot8/images/0589.png,/Users/kimsumin/projects/RGMC/data/map/robot8/overlays/0589_overlay.png,/Users/kimsumin/projects/RGMC/data/map/robot8/masks/0589_mask.png
590,0.10906249999999999,0.53125,0.0,354.32581322140607,69.65240083507307,1,0.0,0.4959497877521672,0.10005776690137164,1779124030.1754277,5,/Users/kimsumin/projects/RGMC/data/map/robot8/images/0590.png,/Users/kimsumin/projects/RGMC/data/map/robot8/overlays/0590_overlay.png,/Users/kimsumin/projects/RGMC/data/map/robot8/masks/0590_mask.png
591,0.079375,0.53125,0.0,354.4906735751295,56.14663212435233,1,0.0,0.43935739710416427,0.1364384949817401,1779124042.556657,5,/Users/kimsumin/projects/RGMC/data/map/robot8/images/0591.png,/Users/kimsumin/projects/RGMC/data/map/robot8/overlays/0591_overlay.png,/Users/kimsumin/projects/RGMC/data/map/robot8/masks/0591_mask.png
592,0.049687499999999996,0.53125,0.0,355.35885655946913,42.554874936191936,1,0.0,0.0570466283310453,0.05901533016726309,1779124054.9456067,5,/Users/kimsumin/projects/RGMC/data/map/robot8/images/0592.png,/Users/kimsumin/projects/RGMC/data/map/robot8/overlays/0592_overlay.png,/Users/kimsumin/projects/RGMC/data/map/robot8/masks/0592_mask.png
593,0.02,0.53125,0.0,354.329641350211,29.47111817700053,1,0.0,0.03925209811924931,0.05285471378023524,1779124067.0279956,5,/Users/kimsumin/projects/RGMC/data/map/robot8/images/0593.png,/Users/kimsumin/projects/RGMC/data/map/robot8/overlays/0593_overlay.png,/Users/kimsumin/projects/RGMC/data/map/robot8/masks/0593_mask.png
594,0.02,0.5625,0.0,341.35234541577825,29.11460554371002,1,0.0,0.032636401461764476,0.05900740085914037,1779124079.2122712,5,/Users/kimsumin/projects/RGMC/data/map/robot8/images/0594.png,/Users/kimsumin/projects/RGMC/data/map/robot8/overlays/0594_overlay.png,/Users/kimsumin/projects/RGMC/data/map/robot8/masks/0594_mask.png
595,0.049687499999999996,0.5625,0.0,341.40283613445376,41.69741697416974,1,0.0,0.04969200953154328,0.09466411453576282,1779124091.3995585,5,/Users/kimsumin/projects/RGMC/data/map/robot8/images/0595.png,/Users/kimsumin/projects/RGMC/data/map/robot8/overlays/0595_overlay.png,/Users/kimsumin/projects/RGMC/data/map/robot8/masks/0595_mask.png
596,0.079375,0.5625,0.0,341.12581344902384,54.73448095983307,1,0.0,0.07598011765870569,0.3203512122035741,1779124103.1720588,5,/Users/kimsumin/projects/RGMC/data/map/robot8/images/0596.png,/Users/kimsumin/projects/RGMC/data/map/robot8/overlays/0596_overlay.png,/Users/kimsumin/projects/RGMC/data/map/robot8/masks/0596_mask.png
597,0.10906249999999999,0.5625,0.0,341.15376458112405,68.72751463544438,1,0.0,0.05815237515869325,0.13956075873386928,1779124115.2610862,5,/Users/kimsumin/projects/RGMC/data/map/robot8/images/0597.png,/Users/kimsumin/projects/RGMC/data/map/robot8/overlays/0597_overlay.png,/Users/kimsumin/projects/RGMC/data/map/robot8/masks/0597_mask.png
598,0.13874999999999998,0.5625,0.0,341.09910384818136,81.67527675276753,1,0.0,0.025392365497930797,0.04520182829315953,1779124127.5435863,5,/Users/kimsumin/projects/RGMC/data/map/robot8/images/0598.png,/Users/kimsumin/projects/RGMC/data/map/robot8/overlays/0598_overlay.png,/Users/kimsumin/projects/RGMC/data/map/robot8/masks/0598_mask.png
599,0.1684375,0.5625,0.0,341.085313174946,95.53941684665227,1,0.0,0.044873525671110706,0.17287480843090544,1779124139.6359546,5,/Users/kimsumin/projects/RGMC/data/map/robot8/images/0599.png,/Users/kimsumin/projects/RGMC/data/map/robot8/overlays/0599_overlay.png,/Users/kimsumin/projects/RGMC/data/map/robot8/masks/0599_mask.png
600,0.19812499999999997,0.5625,0.0,341.02470461868955,108.49623655913979,1,0.0,0.0236876600730626,0.12032413049563245,1779124151.7319174,5,/Users/kimsumin/projects/RGMC/data/map/robot8/images/0600.png,/Users/kimsumin/projects/RGMC/data/map/robot8/overlays/0600_overlay.png,/Users/kimsumin/projects/RGMC/data/map/robot8/masks/0600_mask.png
601,0.22781249999999997,0.5625,0.0,340.92542918454933,121.56736446591519,1,0.0,0.0276080044894568,0.10972153491712598,1779124163.7975776,5,/Users/kimsumin/projects/RGMC/data/map/robot8/images/0601.png,/Users/kimsumin/projects/RGMC/data/map/robot8/overlays/0601_overlay.png,/Users/kimsumin/projects/RGMC/data/map/robot8/masks/0601_mask.png
602,0.2575,0.5625,0.0,340.82890365448503,135.2288888888889,1,0.0,0.0888661317719669,0.05420369435518585,1779124175.8839538,5,/Users/kimsumin/projects/RGMC/data/map/robot8/images/0602.png,/Users/kimsumin/projects/RGMC/data/map/robot8/overlays/0602_overlay.png,/Users/kimsumin/projects/RGMC/data/map/robot8/masks/0602_mask.png
603,0.2871875,0.5625,0.0,340.88503253796097,148.29195898542903,1,0.0,0.038882763966066484,0.040933552206309634,1779124187.9703665,5,/Users/kimsumin/projects/RGMC/data/map/robot8/images/0603.png,/Users/kimsumin/projects/RGMC/data/map/robot8/overlays/0603_overlay.png,/Users/kimsumin/projects/RGMC/data/map/robot8/masks/0603_mask.png
604,0.316875,0.5625,0.0,340.9064200217628,161.5010989010989,1,0.0,0.07378196261134158,0.05469013167790759,1779124200.1450095,5,/Users/kimsumin/projects/RGMC/data/map/robot8/images/0604.png,/Users/kimsumin/projects/RGMC/data/map/robot8/overlays/0604_overlay.png,/Users/kimsumin/projects/RGMC/data/map/robot8/masks/0604_mask.png
605,0.3465625,0.5625,0.0,340.73852183650615,174.88111111111112,1,0.0,0.024242076906391904,0.037285587623799944,1779124212.3311317,5,/Users/kimsumin/projects/RGMC/data/map/robot8/images/0605.png,/Users/kimsumin/projects/RGMC/data/map/robot8/overlays/0605_overlay.png,/Users/kimsumin/projects/RGMC/data/map/robot8/masks/0605_mask.png
606,0.37625,0.5625,0.0,340.8263506063947,188.00385887541344,1,0.0,0.061191690213487415,0.030040487374183522,1779124224.5246851,5,/Users/kimsumin/projects/RGMC/data/map/robot8/images/0606.png,/Users/kimsumin/projects/RGMC/data/map/robot8/overlays/0606_overlay.png,/Users/kimsumin/projects/RGMC/data/map/robot8/masks/0606_mask.png
607,0.4059375,0.5625,0.0,340.6959349593496,200.93304535637148,1,0.0,0.07537908223653106,0.0715117282183933,1779124236.719696,5,/Users/kimsumin/projects/RGMC/data/map/robot8/images/0607.png,/Users/kimsumin/projects/RGMC/data/map/robot8/overlays/0607_overlay.png,/Users/kimsumin/projects/RGMC/data/map/robot8/masks/0607_mask.png
608,0.435625,0.5625,0.0,340.7823691460055,214.73908236594804,1,0.0,0.47550646681743486,0.06866976867934173,1779124248.7898245,5,/Users/kimsumin/projects/RGMC/data/map/robot8/images/0608.png,/Users/kimsumin/projects/RGMC/data/map/robot8/overlays/0608_overlay.png,/Users/kimsumin/projects/RGMC/data/map/robot8/masks/0608_mask.png
609,0.4653125,0.5625,0.0,340.7357970215113,227.33277685030606,1,0.0,0.05291386544853726,0.058659002540233846,1779124260.7822344,5,/Users/kimsumin/projects/RGMC/data/map/robot8/images/0609.png,/Users/kimsumin/projects/RGMC/data/map/robot8/overlays/0609_overlay.png,/Users/kimsumin/projects/RGMC/data/map/robot8/masks/0609_mask.png
610,0.495,0.5625,0.0,340.3960504662644,240.69853709508882,1,0.0,0.5773239398778282,0.110795566804359,1779124272.9577577,5,/Users/kimsumin/projects/RGMC/data/map/robot8/images/0610.png,/Users/kimsumin/projects/RGMC/data/map/robot8/overlays/0610_overlay.png,/Users/kimsumin/projects/RGMC/data/map/robot8/masks/0610_mask.png
611,0.5246875,0.5625,0.0,338.4342541436464,254.49805663520266,1,0.0,0.3173250449160535,0.06808661089174743,1779124285.2430644,5,/Users/kimsumin/projects/RGMC/data/map/robot8/images/0611.png,/Users/kimsumin/projects/RGMC/data/map/robot8/overlays/0611_overlay.png,/Users/kimsumin/projects/RGMC/data/map/robot8/masks/0611_mask.png
612,0.554375,0.5625,0.0,338.9872543813064,267.45897300158816,1,0.0,0.052990351823388335,0.09340907097657014,1779124297.425485,5,/Users/kimsumin/projects/RGMC/data/map/robot8/images/0612.png,/Users/kimsumin/projects/RGMC/data/map/robot8/overlays/0612_overlay.png,/Users/kimsumin/projects/RGMC/data/map/robot8/masks/0612_mask.png
613,0.5840625,0.5625,0.0,338.9768875192604,280.6462972553081,1,0.0,0.3328630333037308,0.03208100243489699,1779124309.616261,5,/Users/kimsumin/projects/RGMC/data/map/robot8/images/0613.png,/Users/kimsumin/projects/RGMC/data/map/robot8/overlays/0613_overlay.png,/Users/kimsumin/projects/RGMC/data/map/robot8/masks/0613_mask.png
614,0.61375,0.5625,0.0,338.7009728622632,293.6875323331609,1,0.0,0.052087184250621595,0.10416562261265735,1779124321.9122734,5,/Users/kimsumin/projects/RGMC/data/map/robot8/images/0614.png,/Users/kimsumin/projects/RGMC/data/map/robot8/overlays/0614_overlay.png,/Users/kimsumin/projects/RGMC/data/map/robot8/masks/0614_mask.png
615,0.6434375,0.5625,0.0,337.9275825346113,308.28131634819533,1,0.0,0.0511102761902215,0.059505823837293574,1779124334.1016781,5,/Users/kimsumin/projects/RGMC/data/map/robot8/images/0615.png,/Users/kimsumin/projects/RGMC/data/map/robot8/overlays/0615_overlay.png,/Users/kimsumin/projects/RGMC/data/map/robot8/masks/0615_mask.png
616,0.673125,0.5625,0.0,337.81230283911674,320.84384858044166,1,0.0,0.03881750391530545,0.10701070915314545,1779124346.070541,5,/Users/kimsumin/projects/RGMC/data/map/robot8/images/0616.png,/Users/kimsumin/projects/RGMC/data/map/robot8/overlays/0616_overlay.png,/Users/kimsumin/projects/RGMC/data/map/robot8/masks/0616_mask.png
617,0.7028125,0.5625,0.0,337.7960701009028,333.7804232804233,1,0.0,0.06161427729293022,0.08814473014867727,1779124358.388824,5,/Users/kimsumin/projects/RGMC/data/map/robot8/images/0617.png,/Users/kimsumin/projects/RGMC/data/map/robot8/overlays/0617_overlay.png,/Users/kimsumin/projects/RGMC/data/map/robot8/masks/0617_mask.png
618,0.7324999999999999,0.5625,0.0,337.7905588714053,347.44735406437536,1,0.0,0.044590491559312495,0.06283190791043364,1779124369.9351747,5,/Users/kimsumin/projects/RGMC/data/map/robot8/images/0618.png,/Users/kimsumin/projects/RGMC/data/map/robot8/overlays/0618_overlay.png,/Users/kimsumin/projects/RGMC/data/map/robot8/masks/0618_mask.png
619,0.7621875,0.5625,0.0,337.628694250403,360.548128342246,1,0.0,0.07327513177780369,0.0555300296540851,1779124381.9081259,5,/Users/kimsumin/projects/RGMC/data/map/robot8/images/0619.png,/Users/kimsumin/projects/RGMC/data/map/robot8/overlays/0619_overlay.png,/Users/kimsumin/projects/RGMC/data/map/robot8/masks/0619_mask.png
620,0.791875,0.5625,0.0,337.6289640591966,373.6656034024455,1,0.0,0.04767148448494482,0.060564985286866574,1779124394.092866,5,/Users/kimsumin/projects/RGMC/data/map/robot8/images/0620.png,/Users/kimsumin/projects/RGMC/data/map/robot8/overlays/0620_overlay.png,/Users/kimsumin/projects/RGMC/data/map/robot8/masks/0620_mask.png
621,0.8215625,0.5625,0.0,337.6435160065111,387.39008620689657,1,0.0,0.03576951008822085,0.1074718166725767,1779124405.566765,5,/Users/kimsumin/projects/RGMC/data/map/robot8/images/0621.png,/Users/kimsumin/projects/RGMC/data/map/robot8/overlays/0621_overlay.png,/Users/kimsumin/projects/RGMC/data/map/robot8/masks/0621_mask.png
622,0.85125,0.5625,0.0,337.63772775991424,400.5,1,0.0,0.0419060366543362,0.07402696089451148,1779124417.5460255,5,/Users/kimsumin/projects/RGMC/data/map/robot8/images/0622.png,/Users/kimsumin/projects/RGMC/data/map/robot8/overlays/0622_overlay.png,/Users/kimsumin/projects/RGMC/data/map/robot8/masks/0622_mask.png
623,0.8809374999999999,0.5625,0.0,337.3155021834061,413.7538298996302,1,0.0,0.02585700346450283,0.5346226170837364,1779124429.654033,5,/Users/kimsumin/projects/RGMC/data/map/robot8/images/0623.png,/Users/kimsumin/projects/RGMC/data/map/robot8/overlays/0623_overlay.png,/Users/kimsumin/projects/RGMC/data/map/robot8/masks/0623_mask.png
624,0.910625,0.5625,0.0,337.51623555310954,427.0154100165107,1,0.0,0.0378539469840673,0.17358829640211362,1779124441.8195426,5,/Users/kimsumin/projects/RGMC/data/map/robot8/images/0624.png,/Users/kimsumin/projects/RGMC/data/map/robot8/overlays/0624_overlay.png,/Users/kimsumin/projects/RGMC/data/map/robot8/masks/0624_mask.png
625,0.9403125,0.5625,0.0,337.27997886951925,441.19107611548554,1,0.0,0.053752303068456804,0.08482387921444312,1779124453.8008878,5,/Users/kimsumin/projects/RGMC/data/map/robot8/images/0625.png,/Users/kimsumin/projects/RGMC/data/map/robot8/overlays/0625_overlay.png,/Users/kimsumin/projects/RGMC/data/map/robot8/masks/0625_mask.png
626,0.97,0.5625,0.0,337.35002845759817,454.0694365395561,1,0.0,0.0669220728908982,0.04717010746936537,1779124466.0016718,5,/Users/kimsumin/projects/RGMC/data/map/robot8/images/0626.png,/Users/kimsumin/projects/RGMC/data/map/robot8/overlays/0626_overlay.png,/Users/kimsumin/projects/RGMC/data/map/robot8/masks/0626_mask.png
627,0.97,0.59375,0.0,324.2,453.8567234292425,1,0.0,0.21041978926013213,0.08274394653088778,1779124477.8656251,5,/Users/kimsumin/projects/RGMC/data/map/robot8/images/0627.png,/Users/kimsumin/projects/RGMC/data/map/robot8/overlays/0627_overlay.png,/Users/kimsumin/projects/RGMC/data/map/robot8/masks/0627_mask.png
628,0.9403125,0.59375,0.0,322.26943277310926,441.6947643979058,1,0.0,0.4718573884080151,0.07693070276148888,1779124490.1534462,5,/Users/kimsumin/projects/RGMC/data/map/robot8/images/0628.png,/Users/kimsumin/projects/RGMC/data/map/robot8/overlays/0628_overlay.png,/Users/kimsumin/projects/RGMC/data/map/robot8/masks/0628_mask.png
629,0.910625,0.59375,0.0,323.3146596858639,427.87945492662476,1,0.0,0.45526579259459315,0.11785184487542105,1779124502.3521392,5,/Users/kimsumin/projects/RGMC/data/map/robot8/images/0629.png,/Users/kimsumin/projects/RGMC/data/map/robot8/overlays/0629_overlay.png,/Users/kimsumin/projects/RGMC/data/map/robot8/masks/0629_mask.png
630,0.8809374999999999,0.59375,0.0,324.35087719298247,414.94,1,0.0,0.06844712586604411,0.045926138608464714,1779124514.6253505,5,/Users/kimsumin/projects/RGMC/data/map/robot8/images/0630.png,/Users/kimsumin/projects/RGMC/data/map/robot8/overlays/0630_overlay.png,/Users/kimsumin/projects/RGMC/data/map/robot8/masks/0630_mask.png
631,0.85125,0.59375,0.0,324.5829281469476,400.79761904761904,1,0.0,0.07168392714025658,0.06437599880463389,1779124526.4706562,5,/Users/kimsumin/projects/RGMC/data/map/robot8/images/0631.png,/Users/kimsumin/projects/RGMC/data/map/robot8/overlays/0631_overlay.png,/Users/kimsumin/projects/RGMC/data/map/robot8/masks/0631_mask.png
632,0.8215625,0.59375,0.0,324.7142079477409,388.10299727520436,1,0.0,0.029595313837658906,0.0335071891184214,1779124538.7963154,5,/Users/kimsumin/projects/RGMC/data/map/robot8/images/0632.png,/Users/kimsumin/projects/RGMC/data/map/robot8/overlays/0632_overlay.png,/Users/kimsumin/projects/RGMC/data/map/robot8/masks/0632_mask.png
633,0.791875,0.59375,0.0,324.7626931567329,374.696448390677,1,0.0,0.10470662672101376,0.05266085509907031,1779124550.9734855,5,/Users/kimsumin/projects/RGMC/data/map/robot8/images/0633.png,/Users/kimsumin/projects/RGMC/data/map/robot8/overlays/0633_overlay.png,/Users/kimsumin/projects/RGMC/data/map/robot8/masks/0633_mask.png
634,0.7621875,0.59375,0.0,324.76906435911303,360.7736870600975,1,0.0,0.031193989657929314,0.10670889799727135,1779124563.0679815,5,/Users/kimsumin/projects/RGMC/data/map/robot8/images/0634.png,/Users/kimsumin/projects/RGMC/data/map/robot8/overlays/0634_overlay.png,/Users/kimsumin/projects/RGMC/data/map/robot8/masks/0634_mask.png
635,0.7324999999999999,0.59375,0.0,324.81681514476617,347.4435754189944,1,0.0,0.042164600659293346,0.04188958531250664,1779124574.8367474,5,/Users/kimsumin/projects/RGMC/data/map/robot8/images/0635.png,/Users/kimsumin/projects/RGMC/data/map/robot8/overlays/0635_overlay.png,/Users/kimsumin/projects/RGMC/data/map/robot8/masks/0635_mask.png
636,0.7028125,0.59375,0.0,324.9022765130483,334.59556786703604,1,0.0,0.07001720726548402,0.05979338767321694,1779124586.8192427,5,/Users/kimsumin/projects/RGMC/data/map/robot8/images/0636.png,/Users/kimsumin/projects/RGMC/data/map/robot8/overlays/0636_overlay.png,/Users/kimsumin/projects/RGMC/data/map/robot8/masks/0636_mask.png
637,0.673125,0.59375,0.0,324.9361930294906,321.15281501340485,1,0.0,0.0460652695085675,0.07002128388685544,1779124599.0050168,5,/Users/kimsumin/projects/RGMC/data/map/robot8/images/0637.png,/Users/kimsumin/projects/RGMC/data/map/robot8/overlays/0637_overlay.png,/Users/kimsumin/projects/RGMC/data/map/robot8/masks/0637_mask.png
638,0.6434375,0.59375,0.0,324.8522911051213,308.18176943699734,1,0.0,0.023076846758178147,0.08564669886825951,1779124611.0940137,5,/Users/kimsumin/projects/RGMC/data/map/robot8/images/0638.png,/Users/kimsumin/projects/RGMC/data/map/robot8/overlays/0638_overlay.png,/Users/kimsumin/projects/RGMC/data/map/robot8/masks/0638_mask.png
639,0.61375,0.59375,0.0,325.0823659480376,294.5527915975677,1,0.0,0.03860918608664503,0.1625020756331942,1779124623.3679981,5,/Users/kimsumin/projects/RGMC/data/map/robot8/images/0639.png,/Users/kimsumin/projects/RGMC/data/map/robot8/overlays/0639_overlay.png,/Users/kimsumin/projects/RGMC/data/map/robot8/masks/0639_mask.png
640,0.5840625,0.59375,0.0,325.2043010752688,281.23655913978496,1,0.0,0.04916115419715778,0.051758951235403396,1779124635.369894,5,/Users/kimsumin/projects/RGMC/data/map/robot8/images/0640.png,/Users/kimsumin/projects/RGMC/data/map/robot8/overlays/0640_overlay.png,/Users/kimsumin/projects/RGMC/data/map/robot8/masks/0640_mask.png
641,0.554375,0.59375,0.0,325.4072447859495,267.7179203539823,1,0.0,0.0464872203463582,0.09675146258468616,1779124647.444969,5,/Users/kimsumin/projects/RGMC/data/map/robot8/images/0641.png,/Users/kimsumin/projects/RGMC/data/map/robot8/overlays/0641_overlay.png,/Users/kimsumin/projects/RGMC/data/map/robot8/masks/0641_mask.png
642,0.5246875,0.59375,0.0,325.38747228381374,254.7623268698061,1,0.0,0.03752609754991035,0.029566715989571696,1779124659.7332747,5,/Users/kimsumin/projects/RGMC/data/map/robot8/images/0642.png,/Users/kimsumin/projects/RGMC/data/map/robot8/overlays/0642_overlay.png,/Users/kimsumin/projects/RGMC/data/map/robot8/masks/0642_mask.png
643,0.495,0.59375,0.0,325.48489840746845,241.22626153011393,1,0.0,0.04178023641076979,0.046771203617442594,1779124671.707859,5,/Users/kimsumin/projects/RGMC/data/map/robot8/images/0643.png,/Users/kimsumin/projects/RGMC/data/map/robot8/overlays/0643_overlay.png,/Users/kimsumin/projects/RGMC/data/map/robot8/masks/0643_mask.png
644,0.4653125,0.59375,0.0,325.7647058823529,227.8945615982242,1,0.0,0.04452474243105735,0.06120207774566435,1779124683.8951414,5,/Users/kimsumin/projects/RGMC/data/map/robot8/images/0644.png,/Users/kimsumin/projects/RGMC/data/map/robot8/overlays/0644_overlay.png,/Users/kimsumin/projects/RGMC/data/map/robot8/masks/0644_mask.png
645,0.435625,0.59375,0.0,325.8096574957889,214.86973610331273,1,0.0,0.039362935580323416,0.041669240779831314,1779124695.9745855,5,/Users/kimsumin/projects/RGMC/data/map/robot8/images/0645.png,/Users/kimsumin/projects/RGMC/data/map/robot8/overlays/0645_overlay.png,/Users/kimsumin/projects/RGMC/data/map/robot8/masks/0645_mask.png
646,0.4059375,0.59375,0.0,325.73870967741937,201.42216216216215,1,0.0,0.04438528627109626,0.05830431253811467,1779124708.17201,5,/Users/kimsumin/projects/RGMC/data/map/robot8/images/0646.png,/Users/kimsumin/projects/RGMC/data/map/robot8/overlays/0646_overlay.png,/Users/kimsumin/projects/RGMC/data/map/robot8/masks/0646_mask.png
647,0.37625,0.59375,0.0,325.98179812465526,188.56741882223446,1,0.0,0.032318840050740184,0.05817893569821735,1779124720.3383703,5,/Users/kimsumin/projects/RGMC/data/map/robot8/images/0647.png,/Users/kimsumin/projects/RGMC/data/map/robot8/overlays/0647_overlay.png,/Users/kimsumin/projects/RGMC/data/map/robot8/masks/0647_mask.png
648,0.3465625,0.59375,0.0,325.9859865470852,174.8740157480315,1,0.0,0.04362799309617425,0.12101621511463524,1779124732.3244777,5,/Users/kimsumin/projects/RGMC/data/map/robot8/images/0648.png,/Users/kimsumin/projects/RGMC/data/map/robot8/overlays/0648_overlay.png,/Users/kimsumin/projects/RGMC/data/map/robot8/masks/0648_mask.png
649,0.316875,0.59375,0.0,325.8294782140936,161.5701990317375,1,0.0,0.039585360162330704,0.09431725123457135,1779124744.4121032,5,/Users/kimsumin/projects/RGMC/data/map/robot8/images/0649.png,/Users/kimsumin/projects/RGMC/data/map/robot8/overlays/0649_overlay.png,/Users/kimsumin/projects/RGMC/data/map/robot8/masks/0649_mask.png
650,0.2871875,0.59375,0.0,325.83252032520323,148.6439024390244,1,0.0,0.02115456054564321,0.09709801413709136,1779124756.5925467,5,/Users/kimsumin/projects/RGMC/data/map/robot8/images/0650.png,/Users/kimsumin/projects/RGMC/data/map/robot8/overlays/0650_overlay.png,/Users/kimsumin/projects/RGMC/data/map/robot8/masks/0650_mask.png
651,0.2575,0.59375,0.0,325.7861173814898,134.91742081447964,1,0.0,0.07344260623135716,0.10869685727451789,1779124768.5750587,5,/Users/kimsumin/projects/RGMC/data/map/robot8/images/0651.png,/Users/kimsumin/projects/RGMC/data/map/robot8/overlays/0651_overlay.png,/Users/kimsumin/projects/RGMC/data/map/robot8/masks/0651_mask.png
652,0.22781249999999997,0.59375,0.0,325.92478813559325,122.01062134891131,1,0.0,0.028161731436688587,0.11282661970720073,1779124780.3620749,5,/Users/kimsumin/projects/RGMC/data/map/robot8/images/0652.png,/Users/kimsumin/projects/RGMC/data/map/robot8/overlays/0652_overlay.png,/Users/kimsumin/projects/RGMC/data/map/robot8/masks/0652_mask.png
653,0.19812499999999997,0.59375,0.0,325.9957671957672,108.9332627118644,1,0.0,0.012265722413897001,0.04753120365565623,1779124792.5430148,5,/Users/kimsumin/projects/RGMC/data/map/robot8/images/0653.png,/Users/kimsumin/projects/RGMC/data/map/robot8/overlays/0653_overlay.png,/Users/kimsumin/projects/RGMC/data/map/robot8/masks/0653_mask.png
654,0.1684375,0.59375,0.0,326.06720430107526,96.01992460958536,1,0.0,0.03664654671462086,0.12524606374143205,1779124804.6191428,5,/Users/kimsumin/projects/RGMC/data/map/robot8/images/0654.png,/Users/kimsumin/projects/RGMC/data/map/robot8/overlays/0654_overlay.png,/Users/kimsumin/projects/RGMC/data/map/robot8/masks/0654_mask.png
655,0.13874999999999998,0.59375,0.0,326.1792849631966,82.13731656184487,1,0.0,0.037608492297967075,0.08081529307954688,1779124816.9071121,5,/Users/kimsumin/projects/RGMC/data/map/robot8/images/0655.png,/Users/kimsumin/projects/RGMC/data/map/robot8/overlays/0655_overlay.png,/Users/kimsumin/projects/RGMC/data/map/robot8/masks/0655_mask.png
656,0.10906249999999999,0.59375,0.0,326.7139175257732,69.01343669250646,1,0.0,0.22779362574840661,0.1315297331208614,1779124829.1996412,5,/Users/kimsumin/projects/RGMC/data/map/robot8/images/0656.png,/Users/kimsumin/projects/RGMC/data/map/robot8/overlays/0656_overlay.png,/Users/kimsumin/projects/RGMC/data/map/robot8/masks/0656_mask.png
657,0.079375,0.59375,0.0,326.2216748768473,55.779411764705884,1,0.0,0.2600289611496883,0.17598381747988892,1779124841.4838703,5,/Users/kimsumin/projects/RGMC/data/map/robot8/images/0657.png,/Users/kimsumin/projects/RGMC/data/map/robot8/overlays/0657_overlay.png,/Users/kimsumin/projects/RGMC/data/map/robot8/masks/0657_mask.png
658,0.049687499999999996,0.59375,0.0,326.21058145625983,42.08030690537085,1,0.0,0.2245696825459894,0.07653831889961588,1779124853.373237,5,/Users/kimsumin/projects/RGMC/data/map/robot8/images/0658.png,/Users/kimsumin/projects/RGMC/data/map/robot8/overlays/0658_overlay.png,/Users/kimsumin/projects/RGMC/data/map/robot8/masks/0658_mask.png
659,0.02,0.59375,0.0,326.91956967213116,29.345398138572907,1,0.0,0.2590320731819938,0.09233728438967191,1779124865.0455713,5,/Users/kimsumin/projects/RGMC/data/map/robot8/images/0659.png,/Users/kimsumin/projects/RGMC/data/map/robot8/overlays/0659_overlay.png,/Users/kimsumin/projects/RGMC/data/map/robot8/masks/0659_mask.png
660,0.02,0.625,0.0,313.2021220159151,29.073896863370546,1,0.0,0.054956408882410476,0.10349977843790262,1779124877.245059,5,/Users/kimsumin/projects/RGMC/data/map/robot8/images/0660.png,/Users/kimsumin/projects/RGMC/data/map/robot8/overlays/0660_overlay.png,/Users/kimsumin/projects/RGMC/data/map/robot8/masks/0660_mask.png
661,0.049687499999999996,0.625,0.0,312.969012605042,41.605552645364064,1,0.0,0.05998492031612217,0.06263348582571387,1779124889.025648,5,/Users/kimsumin/projects/RGMC/data/map/robot8/images/0661.png,/Users/kimsumin/projects/RGMC/data/map/robot8/overlays/0661_overlay.png,/Users/kimsumin/projects/RGMC/data/map/robot8/masks/0661_mask.png
662,0.079375,0.625,0.0,313.1996855345912,54.509650495565985,1,0.0,0.050190459871617354,0.14191400100648052,1779124900.9950757,5,/Users/kimsumin/projects/RGMC/data/map/robot8/images/0662.png,/Users/kimsumin/projects/RGMC/data/map/robot8/overlays/0662_overlay.png,/Users/kimsumin/projects/RGMC/data/map/robot8/masks/0662_mask.png
663,0.10906249999999999,0.625,0.0,313.1246684350133,68.56084656084656,1,0.0,0.051651463248589456,0.05376067890959964,1779124913.1928113,5,/Users/kimsumin/projects/RGMC/data/map/robot8/images/0663.png,/Users/kimsumin/projects/RGMC/data/map/robot8/overlays/0663_overlay.png,/Users/kimsumin/projects/RGMC/data/map/robot8/masks/0663_mask.png
664,0.13874999999999998,0.625,0.0,312.9894347596408,81.24933967247755,1,0.0,0.0458820420385661,0.09185255094607284,1779124925.3547962,5,/Users/kimsumin/projects/RGMC/data/map/robot8/images/0664.png,/Users/kimsumin/projects/RGMC/data/map/robot8/overlays/0664_overlay.png,/Users/kimsumin/projects/RGMC/data/map/robot8/masks/0664_mask.png
665,0.1684375,0.625,0.0,312.9587519830777,94.96955380577428,1,0.0,0.019812518073942895,0.40518594932374546,1779124937.5598772,5,/Users/kimsumin/projects/RGMC/data/map/robot8/images/0665.png,/Users/kimsumin/projects/RGMC/data/map/robot8/overlays/0665_overlay.png,/Users/kimsumin/projects/RGMC/data/map/robot8/masks/0665_mask.png
666,0.19812499999999997,0.625,0.0,312.8332436793975,108.42926304464766,1,0.0,0.06454787952238465,0.06366722803795367,1779124949.7212777,5,/Users/kimsumin/projects/RGMC/data/map/robot8/images/0666.png,/Users/kimsumin/projects/RGMC/data/map/robot8/overlays/0666_overlay.png,/Users/kimsumin/projects/RGMC/data/map/robot8/masks/0666_mask.png
667,0.22781249999999997,0.625,0.0,312.7648953301127,121.3009605122732,1,0.0,0.029516115474217654,0.08629547793720677,1779124961.9078515,5,/Users/kimsumin/projects/RGMC/data/map/robot8/images/0667.png,/Users/kimsumin/projects/RGMC/data/map/robot8/overlays/0667_overlay.png,/Users/kimsumin/projects/RGMC/data/map/robot8/masks/0667_mask.png
668,0.2575,0.625,0.0,312.6668472372698,134.09973045822102,1,0.0,0.005723069232000303,0.054907477707488495,1779124974.106725,5,/Users/kimsumin/projects/RGMC/data/map/robot8/images/0668.png,/Users/kimsumin/projects/RGMC/data/map/robot8/overlays/0668_overlay.png,/Users/kimsumin/projects/RGMC/data/map/robot8/masks/0668_mask.png
669,0.2871875,0.625,0.0,312.6981441048035,147.59634551495017,1,0.0,0.07987350010302798,0.14044730142694373,1779124986.388078,5,/Users/kimsumin/projects/RGMC/data/map/robot8/images/0669.png,/Users/kimsumin/projects/RGMC/data/map/robot8/overlays/0669_overlay.png,/Users/kimsumin/projects/RGMC/data/map/robot8/masks/0669_mask.png
670,0.316875,0.625,0.0,312.8469886055345,160.64073473797947,1,0.0,0.07189891937093823,0.05207877821489098,1779124998.3732696,5,/Users/kimsumin/projects/RGMC/data/map/robot8/images/0670.png,/Users/kimsumin/projects/RGMC/data/map/robot8/overlays/0670_overlay.png,/Users/kimsumin/projects/RGMC/data/map/robot8/masks/0670_mask.png
671,0.3465625,0.625,0.0,312.87201735357917,173.83476856835307,1,0.0,0.08623780233833857,0.37237930219820364,1779125010.4488728,5,/Users/kimsumin/projects/RGMC/data/map/robot8/images/0671.png,/Users/kimsumin/projects/RGMC/data/map/robot8/overlays/0671_overlay.png,/Users/kimsumin/projects/RGMC/data/map/robot8/masks/0671_mask.png
672,0.37625,0.625,0.0,311.5914376321353,187.62235169491527,1,0.0,0.04403665857348397,0.144702223367717,1779125023.8687096,5,/Users/kimsumin/projects/RGMC/data/map/robot8/images/0672.png,/Users/kimsumin/projects/RGMC/data/map/robot8/overlays/0672_overlay.png,/Users/kimsumin/projects/RGMC/data/map/robot8/masks/0672_mask.png
673,0.4059375,0.625,0.0,312.7995678011886,200.6413043478261,1,0.0,0.02197548896610995,0.03075593510432587,1779125036.152253,5,/Users/kimsumin/projects/RGMC/data/map/robot8/images/0673.png,/Users/kimsumin/projects/RGMC/data/map/robot8/overlays/0673_overlay.png,/Users/kimsumin/projects/RGMC/data/map/robot8/masks/0673_mask.png
674,0.435625,0.625,0.0,312.6286025013594,213.7413043478261,1,0.0,0.033439929273938455,0.06091031379604337,1779125048.231082,5,/Users/kimsumin/projects/RGMC/data/map/robot8/images/0674.png,/Users/kimsumin/projects/RGMC/data/map/robot8/overlays/0674_overlay.png,/Users/kimsumin/projects/RGMC/data/map/robot8/masks/0674_mask.png
675,0.4653125,0.625,0.0,311.4362771020624,227.34787234042554,1,0.0,0.05017682507371234,0.038466865778284585,1779125060.2390246,5,/Users/kimsumin/projects/RGMC/data/map/robot8/images/0675.png,/Users/kimsumin/projects/RGMC/data/map/robot8/overlays/0675_overlay.png,/Users/kimsumin/projects/RGMC/data/map/robot8/masks/0675_mask.png
676,0.495,0.625,0.0,311.1910052910053,240.76264997391758,1,0.0,0.3184792101387416,0.09981832736711775,1779125072.2955108,5,/Users/kimsumin/projects/RGMC/data/map/robot8/images/0676.png,/Users/kimsumin/projects/RGMC/data/map/robot8/overlays/0676_overlay.png,/Users/kimsumin/projects/RGMC/data/map/robot8/masks/0676_mask.png
677,0.5246875,0.625,0.0,310.97685428721724,253.72435560231457,1,0.0,0.330568760559777,0.10086171653040307,1779125084.4863973,5,/Users/kimsumin/projects/RGMC/data/map/robot8/images/0677.png,/Users/kimsumin/projects/RGMC/data/map/robot8/overlays/0677_overlay.png,/Users/kimsumin/projects/RGMC/data/map/robot8/masks/0677_mask.png
678,0.554375,0.625,0.0,311.02407704654894,267.3498931623932,1,0.0,0.016798420194493156,0.06695863807911562,1779125096.6658993,5,/Users/kimsumin/projects/RGMC/data/map/robot8/images/0678.png,/Users/kimsumin/projects/RGMC/data/map/robot8/overlays/0678_overlay.png,/Users/kimsumin/projects/RGMC/data/map/robot8/masks/0678_mask.png
679,0.5840625,0.625,0.0,310.2135974304069,280.97584541062804,1,0.0,0.7608702860988232,0.22872927528749,1779125108.5504127,5,/Users/kimsumin/projects/RGMC/data/map/robot8/images/0679.png,/Users/kimsumin/projects/RGMC/data/map/robot8/overlays/0679_overlay.png,/Users/kimsumin/projects/RGMC/data/map/robot8/masks/0679_mask.png
680,0.61375,0.625,0.0,311.9057767807067,293.62513966480446,1,0.0,0.04485669912650354,0.061839252086122856,1779125120.736206,5,/Users/kimsumin/projects/RGMC/data/map/robot8/images/0680.png,/Users/kimsumin/projects/RGMC/data/map/robot8/overlays/0680_overlay.png,/Users/kimsumin/projects/RGMC/data/map/robot8/masks/0680_mask.png
681,0.6434375,0.625,0.0,309.89033659066234,308.029443254818,1,0.0,0.026778684781809288,0.11866321066821185,1779125132.8214424,5,/Users/kimsumin/projects/RGMC/data/map/robot8/images/0681.png,/Users/kimsumin/projects/RGMC/data/map/robot8/overlays/0681_overlay.png,/Users/kimsumin/projects/RGMC/data/map/robot8/masks/0681_mask.png
682,0.673125,0.625,0.0,309.8319194061506,321.11567164179104,1,0.0,0.03233345884180746,0.06373273400150103,1779125144.6923485,5,/Users/kimsumin/projects/RGMC/data/map/robot8/images/0682.png,/Users/kimsumin/projects/RGMC/data/map/robot8/overlays/0682_overlay.png,/Users/kimsumin/projects/RGMC/data/map/robot8/masks/0682_mask.png
683,0.7028125,0.625,0.0,310.0779220779221,333.63621533442085,1,0.0,0.05277798144464043,0.13594901652399757,1779125156.8989148,5,/Users/kimsumin/projects/RGMC/data/map/robot8/images/0683.png,/Users/kimsumin/projects/RGMC/data/map/robot8/overlays/0683_overlay.png,/Users/kimsumin/projects/RGMC/data/map/robot8/masks/0683_mask.png
684,0.7324999999999999,0.625,0.0,309.83166666666665,347.5085872576177,1,0.0,0.052595531279008706,0.048249350606798,1779125168.9718006,5,/Users/kimsumin/projects/RGMC/data/map/robot8/images/0684.png,/Users/kimsumin/projects/RGMC/data/map/robot8/overlays/0684_overlay.png,/Users/kimsumin/projects/RGMC/data/map/robot8/masks/0684_mask.png
685,0.7621875,0.625,0.0,309.79682365826943,360.4125068568294,1,0.0,0.08029555255118029,0.10556130986267953,1779125181.2520692,5,/Users/kimsumin/projects/RGMC/data/map/robot8/images/0685.png,/Users/kimsumin/projects/RGMC/data/map/robot8/overlays/0685_overlay.png,/Users/kimsumin/projects/RGMC/data/map/robot8/masks/0685_mask.png
686,0.791875,0.625,0.0,309.80761099365753,373.6930430164631,1,0.0,0.052255682994767974,0.07067249985535394,1779125193.441075,5,/Users/kimsumin/projects/RGMC/data/map/robot8/images/0686.png,/Users/kimsumin/projects/RGMC/data/map/robot8/overlays/0686_overlay.png,/Users/kimsumin/projects/RGMC/data/map/robot8/masks/0686_mask.png
687,0.8215625,0.625,0.0,309.6693989071038,387.80668127053667,1,0.0,0.0388811847526416,0.06134348703529476,1779125205.4260561,5,/Users/kimsumin/projects/RGMC/data/map/robot8/images/0687.png,/Users/kimsumin/projects/RGMC/data/map/robot8/overlays/0687_overlay.png,/Users/kimsumin/projects/RGMC/data/map/robot8/masks/0687_mask.png
688,0.85125,0.625,0.0,309.7468423942889,400.66427783902975,1,0.0,0.022601748295247234,0.06501881224725634,1779125217.3992732,5,/Users/kimsumin/projects/RGMC/data/map/robot8/images/0688.png,/Users/kimsumin/projects/RGMC/data/map/robot8/overlays/0688_overlay.png,/Users/kimsumin/projects/RGMC/data/map/robot8/masks/0688_mask.png
689,0.8809374999999999,0.625,0.0,309.4556689951639,414.43355481727576,1,0.0,0.04019317767346282,0.3173617005407956,1779125229.3855324,5,/Users/kimsumin/projects/RGMC/data/map/robot8/images/0689.png,/Users/kimsumin/projects/RGMC/data/map/robot8/overlays/0689_overlay.png,/Users/kimsumin/projects/RGMC/data/map/robot8/masks/0689_mask.png
690,0.910625,0.625,0.0,309.57191011235955,427.15695067264573,1,0.0,0.05779847447053196,0.09382160864032198,1779125241.3662755,5,/Users/kimsumin/projects/RGMC/data/map/robot8/images/0690.png,/Users/kimsumin/projects/RGMC/data/map/robot8/overlays/0690_overlay.png,/Users/kimsumin/projects/RGMC/data/map/robot8/masks/0690_mask.png
691,0.9403125,0.625,0.0,309.4156883671291,441.6245333333333,1,0.0,0.057852607530376035,0.06171676326669566,1779125253.144846,5,/Users/kimsumin/projects/RGMC/data/map/robot8/images/0691.png,/Users/kimsumin/projects/RGMC/data/map/robot8/overlays/0691_overlay.png,/Users/kimsumin/projects/RGMC/data/map/robot8/masks/0691_mask.png
692,0.97,0.625,0.0,309.4826446280992,454.0161662817552,1,0.0,0.07204499097050476,0.3767066919887624,1779125265.238026,5,/Users/kimsumin/projects/RGMC/data/map/robot8/images/0692.png,/Users/kimsumin/projects/RGMC/data/map/robot8/overlays/0692_overlay.png,/Users/kimsumin/projects/RGMC/data/map/robot8/masks/0692_mask.png
693,0.97,0.65625,0.0,295.65585585585586,454.1285627653123,1,0.0,0.10653450062104237,0.12200269524246599,1779125277.4354925,5,/Users/kimsumin/projects/RGMC/data/map/robot8/images/0693.png,/Users/kimsumin/projects/RGMC/data/map/robot8/overlays/0693_overlay.png,/Users/kimsumin/projects/RGMC/data/map/robot8/masks/0693_mask.png
694,0.9403125,0.65625,0.0,295.333893557423,441.9830508474576,1,0.0,0.43312890185422165,0.36508347179653433,1779125289.3912785,5,/Users/kimsumin/projects/RGMC/data/map/robot8/images/0694.png,/Users/kimsumin/projects/RGMC/data/map/robot8/overlays/0694_overlay.png,/Users/kimsumin/projects/RGMC/data/map/robot8/masks/0694_mask.png
695,0.910625,0.65625,0.0,294.2951639799889,428.0353148911124,1,0.0,0.4953310706424477,0.0944361034222703,1779125301.5712204,5,/Users/kimsumin/projects/RGMC/data/map/robot8/images/0695.png,/Users/kimsumin/projects/RGMC/data/map/robot8/overlays/0695_overlay.png,/Users/kimsumin/projects/RGMC/data/map/robot8/masks/0695_mask.png
696,0.8809374999999999,0.65625,0.0,295.46939953810625,415.6130334486736,1,0.0,0.24114285711551822,0.10904688006016271,1779125313.656225,5,/Users/kimsumin/projects/RGMC/data/map/robot8/images/0696.png,/Users/kimsumin/projects/RGMC/data/map/robot8/overlays/0696_overlay.png,/Users/kimsumin/projects/RGMC/data/map/robot8/masks/0696_mask.png
697,0.85125,0.65625,0.0,295.66240557815223,401.1952628538417,1,0.0,0.03372409052170774,0.04377482669311428,1779125325.94343,5,/Users/kimsumin/projects/RGMC/data/map/robot8/images/0697.png,/Users/kimsumin/projects/RGMC/data/map/robot8/overlays/0697_overlay.png,/Users/kimsumin/projects/RGMC/data/map/robot8/masks/0697_mask.png
698,0.8215625,0.65625,0.0,296.176568573015,387.8954974986103,1,0.0,0.03178007747886488,0.05420094931271602,1779125337.9355807,5,/Users/kimsumin/projects/RGMC/data/map/robot8/images/0698.png,/Users/kimsumin/projects/RGMC/data/map/robot8/overlays/0698_overlay.png,/Users/kimsumin/projects/RGMC/data/map/robot8/masks/0698_mask.png
699,0.791875,0.65625,0.0,296.425068119891,374.02836879432624,1,0.0,0.06678318959521189,0.3401500884747293,1779125350.0131543,5,/Users/kimsumin/projects/RGMC/data/map/robot8/images/0699.png,/Users/kimsumin/projects/RGMC/data/map/robot8/overlays/0699_overlay.png,/Users/kimsumin/projects/RGMC/data/map/robot8/masks/0699_mask.png
700,0.7621875,0.65625,0.0,296.587135788895,360.63881253435954,1,0.0,0.01882257989573872,0.029501513939902472,1779125363.1163409,5,/Users/kimsumin/projects/RGMC/data/map/robot8/images/0700.png,/Users/kimsumin/projects/RGMC/data/map/robot8/overlays/0700_overlay.png,/Users/kimsumin/projects/RGMC/data/map/robot8/masks/0700_mask.png
701,0.7324999999999999,0.65625,0.0,296.49329608938547,347.1664804469274,1,0.0,0.03708999693440693,0.052735110755614795,1779125375.3057337,5,/Users/kimsumin/projects/RGMC/data/map/robot8/images/0701.png,/Users/kimsumin/projects/RGMC/data/map/robot8/overlays/0701_overlay.png,/Users/kimsumin/projects/RGMC/data/map/robot8/masks/0701_mask.png
702,0.7028125,0.65625,0.0,296.7064116985377,334.56692913385825,1,0.0,0.06175272954806049,0.05790159145575535,1779125388.4096246,5,/Users/kimsumin/projects/RGMC/data/map/robot8/images/0702.png,/Users/kimsumin/projects/RGMC/data/map/robot8/overlays/0702_overlay.png,/Users/kimsumin/projects/RGMC/data/map/robot8/masks/0702_mask.png
703,0.673125,0.65625,0.0,296.7040214477212,320.93397745571656,1,0.0,0.04529876114297873,0.06425675371615476,1779125400.5977829,5,/Users/kimsumin/projects/RGMC/data/map/robot8/images/0703.png,/Users/kimsumin/projects/RGMC/data/map/robot8/overlays/0703_overlay.png,/Users/kimsumin/projects/RGMC/data/map/robot8/masks/0703_mask.png
704,0.6434375,0.65625,0.0,296.8570663811563,308.3206638115632,1,0.0,0.061159225631147666,0.04478606415509564,1779125412.7772355,5,/Users/kimsumin/projects/RGMC/data/map/robot8/images/0704.png,/Users/kimsumin/projects/RGMC/data/map/robot8/overlays/0704_overlay.png,/Users/kimsumin/projects/RGMC/data/map/robot8/masks/0704_mask.png
705,0.61375,0.65625,0.0,297.0138504155125,294.9283731260411,1,0.0,0.03656012144101972,0.3998148208008373,1779125424.8644319,5,/Users/kimsumin/projects/RGMC/data/map/robot8/images/0705.png,/Users/kimsumin/projects/RGMC/data/map/robot8/overlays/0705_overlay.png,/Users/kimsumin/projects/RGMC/data/map/robot8/masks/0705_mask.png
706,0.5840625,0.65625,0.0,297.0843767011432,280.90097402597405,1,0.0,0.05196574547944084,0.06635911057274373,1779125436.846113,5,/Users/kimsumin/projects/RGMC/data/map/robot8/images/0706.png,/Users/kimsumin/projects/RGMC/data/map/robot8/overlays/0706_overlay.png,/Users/kimsumin/projects/RGMC/data/map/robot8/masks/0706_mask.png
707,0.554375,0.65625,0.0,297.2563117453348,267.8408966648442,1,0.0,0.04142399116491473,0.1023137995563527,1779125448.7376215,5,/Users/kimsumin/projects/RGMC/data/map/robot8/images/0707.png,/Users/kimsumin/projects/RGMC/data/map/robot8/overlays/0707_overlay.png,/Users/kimsumin/projects/RGMC/data/map/robot8/masks/0707_mask.png
708,0.5246875,0.65625,0.0,297.2023542600897,254.7458006718925,1,0.0,0.06369982635730108,0.06512143058353065,1779125462.1404462,5,/Users/kimsumin/projects/RGMC/data/map/robot8/images/0708.png,/Users/kimsumin/projects/RGMC/data/map/robot8/overlays/0708_overlay.png,/Users/kimsumin/projects/RGMC/data/map/robot8/masks/0708_mask.png
709,0.495,0.65625,0.0,297.3399784482759,241.01077586206895,1,0.0,0.046731706751805394,0.06858118651972492,1779125474.218997,5,/Users/kimsumin/projects/RGMC/data/map/robot8/images/0709.png,/Users/kimsumin/projects/RGMC/data/map/robot8/overlays/0709_overlay.png,/Users/kimsumin/projects/RGMC/data/map/robot8/masks/0709_mask.png
710,0.4653125,0.65625,0.0,297.60244988864144,227.65164162493045,1,0.0,0.08426891159906434,0.057361684361630846,1779125486.2024338,5,/Users/kimsumin/projects/RGMC/data/map/robot8/images/0710.png,/Users/kimsumin/projects/RGMC/data/map/robot8/overlays/0710_overlay.png,/Users/kimsumin/projects/RGMC/data/map/robot8/masks/0710_mask.png
711,0.435625,0.65625,0.0,297.49555061179086,215.08120133481646,1,0.0,0.03578344208733852,0.05451580823957945,1779125498.516925,5,/Users/kimsumin/projects/RGMC/data/map/robot8/images/0711.png,/Users/kimsumin/projects/RGMC/data/map/robot8/overlays/0711_overlay.png,/Users/kimsumin/projects/RGMC/data/map/robot8/masks/0711_mask.png
712,0.4059375,0.65625,0.0,297.80415114422567,201.0313996806812,1,0.0,0.029525008830300115,0.0985247949781558,1779125510.577296,5,/Users/kimsumin/projects/RGMC/data/map/robot8/images/0712.png,/Users/kimsumin/projects/RGMC/data/map/robot8/overlays/0712_overlay.png,/Users/kimsumin/projects/RGMC/data/map/robot8/masks/0712_mask.png
713,0.37625,0.65625,0.0,297.9219006007646,188.26981541802388,1,0.0,0.017059345283909292,0.10620526994162233,1779125522.6692789,5,/Users/kimsumin/projects/RGMC/data/map/robot8/images/0713.png,/Users/kimsumin/projects/RGMC/data/map/robot8/overlays/0713_overlay.png,/Users/kimsumin/projects/RGMC/data/map/robot8/masks/0713_mask.png
714,0.3465625,0.65625,0.0,297.6932447397564,174.99557032115172,1,0.0,0.020787854758611335,0.05280781960671468,1779125534.6397972,5,/Users/kimsumin/projects/RGMC/data/map/robot8/images/0714.png,/Users/kimsumin/projects/RGMC/data/map/robot8/overlays/0714_overlay.png,/Users/kimsumin/projects/RGMC/data/map/robot8/masks/0714_mask.png
715,0.316875,0.65625,0.0,297.782585181179,161.04868913857678,1,0.0,0.04153771047614318,0.09587173536564288,1779125546.8239207,5,/Users/kimsumin/projects/RGMC/data/map/robot8/images/0715.png,/Users/kimsumin/projects/RGMC/data/map/robot8/overlays/0715_overlay.png,/Users/kimsumin/projects/RGMC/data/map/robot8/masks/0715_mask.png
716,0.2871875,0.65625,0.0,297.85483870967744,148.2494623655914,1,0.0,0.07630936850247101,0.09480365824727423,1779125559.0099282,5,/Users/kimsumin/projects/RGMC/data/map/robot8/images/0716.png,/Users/kimsumin/projects/RGMC/data/map/robot8/overlays/0716_overlay.png,/Users/kimsumin/projects/RGMC/data/map/robot8/masks/0716_mask.png
717,0.2575,0.65625,0.0,298.9365361803084,134.56549520766774,1,0.0,0.6262113499864183,0.4400471540598686,1779125571.0937393,5,/Users/kimsumin/projects/RGMC/data/map/robot8/images/0717.png,/Users/kimsumin/projects/RGMC/data/map/robot8/overlays/0717_overlay.png,/Users/kimsumin/projects/RGMC/data/map/robot8/masks/0717_mask.png
718,0.22781249999999997,0.65625,0.0,297.81552365762894,121.65845824411134,1,0.0,0.03284482724052334,0.09788512160038922,1779125583.286892,5,/Users/kimsumin/projects/RGMC/data/map/robot8/images/0718.png,/Users/kimsumin/projects/RGMC/data/map/robot8/overlays/0718_overlay.png,/Users/kimsumin/projects/RGMC/data/map/robot8/masks/0718_mask.png
719,0.19812499999999997,0.65625,0.0,297.9749600426212,108.71573875802999,1,0.0,0.04046023058411994,0.05335691771742119,1779125595.2637043,5,/Users/kimsumin/projects/RGMC/data/map/robot8/images/0719.png,/Users/kimsumin/projects/RGMC/data/map/robot8/overlays/0719_overlay.png,/Users/kimsumin/projects/RGMC/data/map/robot8/masks/0719_mask.png
720,0.1684375,0.65625,0.0,297.83956639566395,95.58891328210757,1,0.0,0.06193707176721875,0.09556687056037322,1779125607.2489457,5,/Users/kimsumin/projects/RGMC/data/map/robot8/images/0720.png,/Users/kimsumin/projects/RGMC/data/map/robot8/overlays/0720_overlay.png,/Users/kimsumin/projects/RGMC/data/map/robot8/masks/0720_mask.png
721,0.13874999999999998,0.65625,0.0,297.9753280839895,81.54852320675106,1,0.0,0.04067585666139847,0.03792301371758669,1779125619.021707,5,/Users/kimsumin/projects/RGMC/data/map/robot8/images/0721.png,/Users/kimsumin/projects/RGMC/data/map/robot8/overlays/0721_overlay.png,/Users/kimsumin/projects/RGMC/data/map/robot8/masks/0721_mask.png
722,0.10906249999999999,0.65625,0.0,297.8955780500799,68.75199574241618,1,0.0,0.03826823183605396,0.05746440446511854,1779125631.1035824,5,/Users/kimsumin/projects/RGMC/data/map/robot8/images/0722.png,/Users/kimsumin/projects/RGMC/data/map/robot8/overlays/0722_overlay.png,/Users/kimsumin/projects/RGMC/data/map/robot8/masks/0722_mask.png
723,0.079375,0.65625,0.0,297.95343800757985,55.47202607278653,1,0.0,0.021642716437735222,0.13658775564509007,1779125643.2921438,5,/Users/kimsumin/projects/RGMC/data/map/robot8/images/0723.png,/Users/kimsumin/projects/RGMC/data/map/robot8/overlays/0723_overlay.png,/Users/kimsumin/projects/RGMC/data/map/robot8/masks/0723_mask.png
724,0.049687499999999996,0.65625,0.0,298.0272965879265,42.15981012658228,1,0.0,0.06818159173516314,0.08777052384024533,1779125655.2648742,5,/Users/kimsumin/projects/RGMC/data/map/robot8/images/0724.png,/Users/kimsumin/projects/RGMC/data/map/robot8/overlays/0724_overlay.png,/Users/kimsumin/projects/RGMC/data/map/robot8/masks/0724_mask.png
725,0.02,0.65625,0.0,298.2462923728813,29.22004241781548,1,0.0,0.044107468755192565,0.04809310485131437,1779125667.0419962,5,/Users/kimsumin/projects/RGMC/data/map/robot8/images/0725.png,/Users/kimsumin/projects/RGMC/data/map/robot8/overlays/0725_overlay.png,/Users/kimsumin/projects/RGMC/data/map/robot8/masks/0725_mask.png
726,0.02,0.6875,0.0,284.2760549059482,29.001525165226234,1,0.0,0.5183104485909368,0.05701997322464798,1779125678.925969,5,/Users/kimsumin/projects/RGMC/data/map/robot8/images/0726.png,/Users/kimsumin/projects/RGMC/data/map/robot8/overlays/0726_overlay.png,/Users/kimsumin/projects/RGMC/data/map/robot8/masks/0726_mask.png
727,0.049687499999999996,0.6875,0.0,284.998927613941,41.33688131985098,1,0.0,0.4350553996020239,0.09126342543665264,1779125691.0086937,5,/Users/kimsumin/projects/RGMC/data/map/robot8/images/0727.png,/Users/kimsumin/projects/RGMC/data/map/robot8/overlays/0727_overlay.png,/Users/kimsumin/projects/RGMC/data/map/robot8/masks/0727_mask.png
728,0.079375,0.6875,0.0,283.90030364372467,54.16641375821953,1,0.0,0.5547811112730057,0.35729840348774144,1779125703.086247,5,/Users/kimsumin/projects/RGMC/data/map/robot8/images/0728.png,/Users/kimsumin/projects/RGMC/data/map/robot8/overlays/0728_overlay.png,/Users/kimsumin/projects/RGMC/data/map/robot8/masks/0728_mask.png
729,0.10906249999999999,0.6875,0.0,284.82720789906745,67.95253682487726,1,0.0,0.4639279424125196,0.05896160614742851,1779125715.2885706,5,/Users/kimsumin/projects/RGMC/data/map/robot8/images/0729.png,/Users/kimsumin/projects/RGMC/data/map/robot8/overlays/0729_overlay.png,/Users/kimsumin/projects/RGMC/data/map/robot8/masks/0729_mask.png
730,0.13874999999999998,0.6875,0.0,284.89448312801284,80.8517316017316,1,0.0,0.07388642607582607,0.0901487638345531,1779125727.474264,5,/Users/kimsumin/projects/RGMC/data/map/robot8/images/0730.png,/Users/kimsumin/projects/RGMC/data/map/robot8/overlays/0730_overlay.png,/Users/kimsumin/projects/RGMC/data/map/robot8/masks/0730_mask.png
731,0.1684375,0.6875,0.0,284.99180775532494,94.83004385964912,1,0.0,0.02957734079054041,0.04275949588808356,1779125739.6435032,5,/Users/kimsumin/projects/RGMC/data/map/robot8/images/0731.png,/Users/kimsumin/projects/RGMC/data/map/robot8/overlays/0731_overlay.png,/Users/kimsumin/projects/RGMC/data/map/robot8/masks/0731_mask.png
732,0.19812499999999997,0.6875,0.0,285.0054644808743,108.05092091007585,1,0.0,0.07480247107523759,0.03503143328378823,1779125751.7518032,5,/Users/kimsumin/projects/RGMC/data/map/robot8/images/0732.png,/Users/kimsumin/projects/RGMC/data/map/robot8/overlays/0732_overlay.png,/Users/kimsumin/projects/RGMC/data/map/robot8/masks/0732_mask.png
733,0.22781249999999997,0.6875,0.0,284.84264785675526,120.94085729788388,1,0.0,0.06138811714314703,0.10313752540065618,1779125763.8266985,5,/Users/kimsumin/projects/RGMC/data/map/robot8/images/0733.png,/Users/kimsumin/projects/RGMC/data/map/robot8/overlays/0733_overlay.png,/Users/kimsumin/projects/RGMC/data/map/robot8/masks/0733_mask.png
734,0.2575,0.6875,0.0,284.69293924466336,133.76902173913044,1,0.0,0.07993063993045542,0.03810743875286815,1779125776.0039973,5,/Users/kimsumin/projects/RGMC/data/map/robot8/images/0734.png,/Users/kimsumin/projects/RGMC/data/map/robot8/overlays/0734_overlay.png,/Users/kimsumin/projects/RGMC/data/map/robot8/masks/0734_mask.png
735,0.2871875,0.6875,0.0,284.7623542476402,147.63686534216336,1,0.0,0.046264737595825764,0.12966330192701372,1779125788.2828927,5,/Users/kimsumin/projects/RGMC/data/map/robot8/images/0735.png,/Users/kimsumin/projects/RGMC/data/map/robot8/overlays/0735_overlay.png,/Users/kimsumin/projects/RGMC/data/map/robot8/masks/0735_mask.png
736,0.316875,0.6875,0.0,284.55396475770925,160.56181015452538,1,0.0,0.0818612547034955,0.08549769874933356,1779125800.278229,5,/Users/kimsumin/projects/RGMC/data/map/robot8/images/0736.png,/Users/kimsumin/projects/RGMC/data/map/robot8/overlays/0736_overlay.png,/Users/kimsumin/projects/RGMC/data/map/robot8/masks/0736_mask.png
737,0.3465625,0.6875,0.0,284.78920741989884,174.49774011299436,1,0.0,0.04564699109893456,0.033705926721390125,1779125812.350557,5,/Users/kimsumin/projects/RGMC/data/map/robot8/images/0737.png,/Users/kimsumin/projects/RGMC/data/map/robot8/overlays/0737_overlay.png,/Users/kimsumin/projects/RGMC/data/map/robot8/masks/0737_mask.png
738,0.37625,0.6875,0.0,283.6486628211851,187.73595800524933,1,0.0,0.042168804801994614,0.09498098090226736,1779125824.4359944,5,/Users/kimsumin/projects/RGMC/data/map/robot8/images/0738.png,/Users/kimsumin/projects/RGMC/data/map/robot8/overlays/0738_overlay.png,/Users/kimsumin/projects/RGMC/data/map/robot8/masks/0738_mask.png
739,0.4059375,0.6875,0.0,283.42465044018644,200.6002071465562,1,0.0,0.027308592521314363,0.07192040346048281,1779125836.6186306,5,/Users/kimsumin/projects/RGMC/data/map/robot8/images/0739.png,/Users/kimsumin/projects/RGMC/data/map/robot8/overlays/0739_overlay.png,/Users/kimsumin/projects/RGMC/data/map/robot8/masks/0739_mask.png
740,0.435625,0.6875,0.0,283.321618743344,214.72301967038808,1,0.0,0.060804671308679635,0.05293363686135379,1779125848.8116589,5,/Users/kimsumin/projects/RGMC/data/map/robot8/images/0740.png,/Users/kimsumin/projects/RGMC/data/map/robot8/overlays/0740_overlay.png,/Users/kimsumin/projects/RGMC/data/map/robot8/masks/0740_mask.png
741,0.4653125,0.6875,0.0,283.4223504721931,227.43599160545645,1,0.0,0.050146894877157185,0.07816953558483362,1779125860.996016,5,/Users/kimsumin/projects/RGMC/data/map/robot8/images/0741.png,/Users/kimsumin/projects/RGMC/data/map/robot8/overlays/0741_overlay.png,/Users/kimsumin/projects/RGMC/data/map/robot8/masks/0741_mask.png
742,0.495,0.6875,0.0,283.1464174454829,241.00467532467533,1,0.0,0.47847272765120225,0.14506120478697623,1779125873.0934517,5,/Users/kimsumin/projects/RGMC/data/map/robot8/images/0742.png,/Users/kimsumin/projects/RGMC/data/map/robot8/overlays/0742_overlay.png,/Users/kimsumin/projects/RGMC/data/map/robot8/masks/0742_mask.png
743,0.5246875,0.6875,0.0,282.18951392681595,254.61824139814308,1,0.0,0.30337995842667853,0.08141594638712249,1779125885.2636552,5,/Users/kimsumin/projects/RGMC/data/map/robot8/images/0743.png,/Users/kimsumin/projects/RGMC/data/map/robot8/overlays/0743_overlay.png,/Users/kimsumin/projects/RGMC/data/map/robot8/masks/0743_mask.png
744,0.554375,0.6875,0.0,282.1164835164835,267.70213933077343,1,0.0,0.3117865700674198,0.06741774543580863,1779125897.341416,5,/Users/kimsumin/projects/RGMC/data/map/robot8/images/0744.png,/Users/kimsumin/projects/RGMC/data/map/robot8/overlays/0744_overlay.png,/Users/kimsumin/projects/RGMC/data/map/robot8/masks/0744_mask.png
745,0.5840625,0.6875,0.0,282.013986013986,280.72619688004306,1,0.0,0.014158855728028379,0.0781683375005926,1779125909.3243878,5,/Users/kimsumin/projects/RGMC/data/map/robot8/images/0745.png,/Users/kimsumin/projects/RGMC/data/map/robot8/overlays/0745_overlay.png,/Users/kimsumin/projects/RGMC/data/map/robot8/masks/0745_mask.png
746,0.61375,0.6875,0.0,282.1426273458445,294.7206434316354,1,0.0,0.16266047526686578,0.4016110437775925,1779125921.4351387,5,/Users/kimsumin/projects/RGMC/data/map/robot8/images/0746.png,/Users/kimsumin/projects/RGMC/data/map/robot8/overlays/0746_overlay.png,/Users/kimsumin/projects/RGMC/data/map/robot8/masks/0746_mask.png
747,0.6434375,0.6875,0.0,281.97689414293393,308.07908992416037,1,0.0,0.061348788774038474,0.06134067240763831,1779125933.5961144,5,/Users/kimsumin/projects/RGMC/data/map/robot8/images/0747.png,/Users/kimsumin/projects/RGMC/data/map/robot8/overlays/0747_overlay.png,/Users/kimsumin/projects/RGMC/data/map/robot8/masks/0747_mask.png
748,0.673125,0.6875,0.0,281.8008474576271,321.0551724137931,1,0.0,0.03776431317623282,0.09850412153082594,1779125945.7806702,5,/Users/kimsumin/projects/RGMC/data/map/robot8/images/0748.png,/Users/kimsumin/projects/RGMC/data/map/robot8/overlays/0748_overlay.png,/Users/kimsumin/projects/RGMC/data/map/robot8/masks/0748_mask.png
749,0.7028125,0.6875,0.0,281.81471238938053,334.5189309576837,1,0.0,0.06141036096003191,0.4744719825020405,1779125957.8667047,5,/Users/kimsumin/projects/RGMC/data/map/robot8/images/0749.png,/Users/kimsumin/projects/RGMC/data/map/robot8/overlays/0749_overlay.png,/Users/kimsumin/projects/RGMC/data/map/robot8/masks/0749_mask.png
750,0.7324999999999999,0.6875,0.0,281.67105263157896,347.3486842105263,1,0.0,0.0314313871106568,0.041658778193245656,1779125970.0446234,5,/Users/kimsumin/projects/RGMC/data/map/robot8/images/0750.png,/Users/kimsumin/projects/RGMC/data/map/robot8/overlays/0750_overlay.png,/Users/kimsumin/projects/RGMC/data/map/robot8/masks/0750_mask.png
751,0.7621875,0.6875,0.0,281.4815817984832,360.51236559139784,1,0.0,0.04756159504149288,0.07311580587241194,1779125982.0294852,5,/Users/kimsumin/projects/RGMC/data/map/robot8/images/0751.png,/Users/kimsumin/projects/RGMC/data/map/robot8/overlays/0751_overlay.png,/Users/kimsumin/projects/RGMC/data/map/robot8/masks/0751_mask.png
752,0.791875,0.6875,0.0,281.43392070484583,374.82537067545303,1,0.0,0.053913543048111634,0.04434468275181605,1779125994.0317097,5,/Users/kimsumin/projects/RGMC/data/map/robot8/images/0752.png,/Users/kimsumin/projects/RGMC/data/map/robot8/overlays/0752_overlay.png,/Users/kimsumin/projects/RGMC/data/map/robot8/masks/0752_mask.png
753,0.8215625,0.6875,0.0,281.3809007053717,387.5264293419633,1,0.0,0.07213084018369947,0.05821309612631031,1779126006.2033765,5,/Users/kimsumin/projects/RGMC/data/map/robot8/images/0753.png,/Users/kimsumin/projects/RGMC/data/map/robot8/overlays/0753_overlay.png,/Users/kimsumin/projects/RGMC/data/map/robot8/masks/0753_mask.png
754,0.85125,0.6875,0.0,281.3991275899673,400.5443722943723,1,0.0,0.024402487683826003,0.05432838702471656,1779126018.39806,5,/Users/kimsumin/projects/RGMC/data/map/robot8/images/0754.png,/Users/kimsumin/projects/RGMC/data/map/robot8/overlays/0754_overlay.png,/Users/kimsumin/projects/RGMC/data/map/robot8/masks/0754_mask.png
755,0.8809374999999999,0.6875,0.0,281.1310840707965,414.7151548672566,1,0.0,0.05417498221889113,0.24130243823794129,1779126030.4723213,5,/Users/kimsumin/projects/RGMC/data/map/robot8/images/0755.png,/Users/kimsumin/projects/RGMC/data/map/robot8/overlays/0755_overlay.png,/Users/kimsumin/projects/RGMC/data/map/robot8/masks/0755_mask.png
756,0.910625,0.6875,0.0,281.3764510779436,427.5168601437258,1,0.0,0.0390230787852164,0.1310352288287168,1779126042.4442086,5,/Users/kimsumin/projects/RGMC/data/map/robot8/images/0756.png,/Users/kimsumin/projects/RGMC/data/map/robot8/overlays/0756_overlay.png,/Users/kimsumin/projects/RGMC/data/map/robot8/masks/0756_mask.png
757,0.9403125,0.6875,0.0,281.2521186440678,441.45015906680806,1,0.0,0.055733644386359964,0.04666251250539332,1779126054.531826,5,/Users/kimsumin/projects/RGMC/data/map/robot8/images/0757.png,/Users/kimsumin/projects/RGMC/data/map/robot8/overlays/0757_overlay.png,/Users/kimsumin/projects/RGMC/data/map/robot8/masks/0757_mask.png
758,0.97,0.6875,0.0,281.240252293578,454.29988532110093,1,0.0,0.03432445634301108,0.34670805326331816,1779126066.711836,5,/Users/kimsumin/projects/RGMC/data/map/robot8/images/0758.png,/Users/kimsumin/projects/RGMC/data/map/robot8/overlays/0758_overlay.png,/Users/kimsumin/projects/RGMC/data/map/robot8/masks/0758_mask.png
759,0.97,0.71875,0.0,267.4149453219927,454.41823708206687,1,0.0,0.48911144973418225,0.07739294586564846,1779126078.6015952,5,/Users/kimsumin/projects/RGMC/data/map/robot8/images/0759.png,/Users/kimsumin/projects/RGMC/data/map/robot8/overlays/0759_overlay.png,/Users/kimsumin/projects/RGMC/data/map/robot8/masks/0759_mask.png
760,0.9403125,0.71875,0.0,265.9984152139461,441.9746434231379,1,0.0,0.05056464338982581,0.05008448059225959,1779126090.7880049,5,/Users/kimsumin/projects/RGMC/data/map/robot8/images/0760.png,/Users/kimsumin/projects/RGMC/data/map/robot8/overlays/0760_overlay.png,/Users/kimsumin/projects/RGMC/data/map/robot8/masks/0760_mask.png
761,0.910625,0.71875,0.0,266.85136554621846,428.078256302521,1,0.0,0.43223810003103225,0.10315807962319701,1779126103.081782,5,/Users/kimsumin/projects/RGMC/data/map/robot8/images/0761.png,/Users/kimsumin/projects/RGMC/data/map/robot8/overlays/0761_overlay.png,/Users/kimsumin/projects/RGMC/data/map/robot8/masks/0761_mask.png
762,0.8809374999999999,0.71875,0.0,265.8993541442411,415.49387320191795,1,0.0,0.05400096713169539,0.12111454887445969,1779126115.1679573,5,/Users/kimsumin/projects/RGMC/data/map/robot8/images/0762.png,/Users/kimsumin/projects/RGMC/data/map/robot8/overlays/0762_overlay.png,/Users/kimsumin/projects/RGMC/data/map/robot8/masks/0762_mask.png
763,0.85125,0.71875,0.0,266.99741868869387,400.7700205338809,1,0.0,0.055823237556354384,0.07431329044705036,1779126127.555095,5,/Users/kimsumin/projects/RGMC/data/map/robot8/images/0763.png,/Users/kimsumin/projects/RGMC/data/map/robot8/overlays/0763_overlay.png,/Users/kimsumin/projects/RGMC/data/map/robot8/masks/0763_mask.png
764,0.8215625,0.71875,0.0,266.9892252437147,388.1975308641975,1,0.0,0.03868653692513446,0.07968147559300166,1779126139.6616132,5,/Users/kimsumin/projects/RGMC/data/map/robot8/images/0764.png,/Users/kimsumin/projects/RGMC/data/map/robot8/overlays/0764_overlay.png,/Users/kimsumin/projects/RGMC/data/map/robot8/masks/0764_mask.png
765,0.791875,0.71875,0.0,267.28911205073996,374.6977475117863,1,0.0,0.012916440736849555,0.07007815325934313,1779126151.3978648,5,/Users/kimsumin/projects/RGMC/data/map/robot8/images/0765.png,/Users/kimsumin/projects/RGMC/data/map/robot8/overlays/0765_overlay.png,/Users/kimsumin/projects/RGMC/data/map/robot8/masks/0765_mask.png
766,0.7621875,0.71875,0.0,267.3573988735279,361.1933815925543,1,0.0,0.5140251765580374,0.09917128698064881,1779126163.3833249,5,/Users/kimsumin/projects/RGMC/data/map/robot8/images/0766.png,/Users/kimsumin/projects/RGMC/data/map/robot8/overlays/0766_overlay.png,/Users/kimsumin/projects/RGMC/data/map/robot8/masks/0766_mask.png
767,0.7324999999999999,0.71875,0.0,267.5588853838065,347.98478488982164,1,0.0,0.10222535116373727,0.05702848958195074,1779126175.2575724,5,/Users/kimsumin/projects/RGMC/data/map/robot8/images/0767.png,/Users/kimsumin/projects/RGMC/data/map/robot8/overlays/0767_overlay.png,/Users/kimsumin/projects/RGMC/data/map/robot8/masks/0767_mask.png
768,0.7028125,0.71875,0.0,269.03848298940324,334.91522587841604,1,0.0,0.024136967884895184,0.062305995863221296,1779126187.4482687,5,/Users/kimsumin/projects/RGMC/data/map/robot8/images/0768.png,/Users/kimsumin/projects/RGMC/data/map/robot8/overlays/0768_overlay.png,/Users/kimsumin/projects/RGMC/data/map/robot8/masks/0768_mask.png
769,0.673125,0.71875,0.0,268.9234111895709,321.5081610446137,1,0.0,0.07055985172513747,0.030151140737788622,1779126199.632506,5,/Users/kimsumin/projects/RGMC/data/map/robot8/images/0769.png,/Users/kimsumin/projects/RGMC/data/map/robot8/overlays/0769_overlay.png,/Users/kimsumin/projects/RGMC/data/map/robot8/masks/0769_mask.png
770,0.6434375,0.71875,0.0,269.02597402597405,308.45887445887445,1,0.0,0.06190379697994989,0.06485335275287486,1779126211.5122416,5,/Users/kimsumin/projects/RGMC/data/map/robot8/images/0770.png,/Users/kimsumin/projects/RGMC/data/map/robot8/overlays/0770_overlay.png,/Users/kimsumin/projects/RGMC/data/map/robot8/masks/0770_mask.png
771,0.61375,0.71875,0.0,269.1093922651934,295.0132231404959,1,0.0,0.021893273341025105,0.05178578854058109,1779126223.695689,5,/Users/kimsumin/projects/RGMC/data/map/robot8/images/0771.png,/Users/kimsumin/projects/RGMC/data/map/robot8/overlays/0771_overlay.png,/Users/kimsumin/projects/RGMC/data/map/robot8/masks/0771_mask.png
772,0.5840625,0.71875,0.0,269.1283306144644,281.2668845315904,1,0.0,0.045306496678081454,0.059522832322460285,1779126235.884884,5,/Users/kimsumin/projects/RGMC/data/map/robot8/images/0772.png,/Users/kimsumin/projects/RGMC/data/map/robot8/overlays/0772_overlay.png,/Users/kimsumin/projects/RGMC/data/map/robot8/masks/0772_mask.png
773,0.554375,0.71875,0.0,269.2363335173937,267.6331491712707,1,0.0,0.05715473246346179,0.06965761609562134,1779126248.0676649,5,/Users/kimsumin/projects/RGMC/data/map/robot8/images/0773.png,/Users/kimsumin/projects/RGMC/data/map/robot8/overlays/0773_overlay.png,/Users/kimsumin/projects/RGMC/data/map/robot8/masks/0773_mask.png
774,0.5246875,0.71875,0.0,269.2870420995079,254.81957353745216,1,0.0,0.027539627519037817,0.061104634316171705,1779126259.846191,5,/Users/kimsumin/projects/RGMC/data/map/robot8/images/0774.png,/Users/kimsumin/projects/RGMC/data/map/robot8/overlays/0774_overlay.png,/Users/kimsumin/projects/RGMC/data/map/robot8/masks/0774_mask.png
775,0.495,0.71875,0.0,269.3671917436176,241.21812262615302,1,0.0,0.050079813756028796,0.05376000478414042,1779126271.8371615,5,/Users/kimsumin/projects/RGMC/data/map/robot8/images/0775.png,/Users/kimsumin/projects/RGMC/data/map/robot8/overlays/0775_overlay.png,/Users/kimsumin/projects/RGMC/data/map/robot8/masks/0775_mask.png
776,0.4653125,0.71875,0.0,269.5787164015359,228.13110257816786,1,0.0,0.016935917226042863,0.05263030808072179,1779126283.9102445,5,/Users/kimsumin/projects/RGMC/data/map/robot8/images/0776.png,/Users/kimsumin/projects/RGMC/data/map/robot8/overlays/0776_overlay.png,/Users/kimsumin/projects/RGMC/data/map/robot8/masks/0776_mask.png
777,0.435625,0.71875,0.0,269.5581778265642,214.82756727073036,1,0.0,0.018362394274300392,0.03764708508388378,1779126296.101602,5,/Users/kimsumin/projects/RGMC/data/map/robot8/images/0777.png,/Users/kimsumin/projects/RGMC/data/map/robot8/overlays/0777_overlay.png,/Users/kimsumin/projects/RGMC/data/map/robot8/masks/0777_mask.png
778,0.4059375,0.71875,0.0,269.5498374864572,201.35841905793177,1,0.0,0.07633729569460874,0.07174690874502597,1779126308.2808583,5,/Users/kimsumin/projects/RGMC/data/map/robot8/images/0778.png,/Users/kimsumin/projects/RGMC/data/map/robot8/overlays/0778_overlay.png,/Users/kimsumin/projects/RGMC/data/map/robot8/masks/0778_mask.png
779,0.37625,0.71875,0.0,269.7349530646052,188.2153506350083,1,0.0,0.0648998377797328,0.07352218978893411,1779126320.475614,5,/Users/kimsumin/projects/RGMC/data/map/robot8/images/0779.png,/Users/kimsumin/projects/RGMC/data/map/robot8/overlays/0779_overlay.png,/Users/kimsumin/projects/RGMC/data/map/robot8/masks/0779_mask.png
780,0.3465625,0.71875,0.0,269.6597300337458,174.6360544217687,1,0.0,0.06006186659830125,0.061504471752452,1779126332.5847063,5,/Users/kimsumin/projects/RGMC/data/map/robot8/images/0780.png,/Users/kimsumin/projects/RGMC/data/map/robot8/overlays/0780_overlay.png,/Users/kimsumin/projects/RGMC/data/map/robot8/masks/0780_mask.png
781,0.316875,0.71875,0.0,269.58833151581246,161.03534529635672,1,0.0,0.046844668164623196,0.13971112708196437,1779126344.6377707,5,/Users/kimsumin/projects/RGMC/data/map/robot8/images/0781.png,/Users/kimsumin/projects/RGMC/data/map/robot8/overlays/0781_overlay.png,/Users/kimsumin/projects/RGMC/data/map/robot8/masks/0781_mask.png
782,0.2871875,0.71875,0.0,269.73881431767336,148.07861462341947,1,0.0,0.05611486035447941,0.08577917084508842,1779126356.616016,5,/Users/kimsumin/projects/RGMC/data/map/robot8/images/0782.png,/Users/kimsumin/projects/RGMC/data/map/robot8/overlays/0782_overlay.png,/Users/kimsumin/projects/RGMC/data/map/robot8/masks/0782_mask.png
783,0.2575,0.71875,0.0,269.8142780461621,133.9683985002678,1,0.0,0.043317512307926985,0.0494445185443377,1779126368.696925,5,/Users/kimsumin/projects/RGMC/data/map/robot8/images/0783.png,/Users/kimsumin/projects/RGMC/data/map/robot8/overlays/0783_overlay.png,/Users/kimsumin/projects/RGMC/data/map/robot8/masks/0783_mask.png
784,0.22781249999999997,0.71875,0.0,269.75121424716673,121.46095853527194,1,0.0,0.04754584386552538,0.09636180451087954,1779126380.7789383,5,/Users/kimsumin/projects/RGMC/data/map/robot8/images/0784.png,/Users/kimsumin/projects/RGMC/data/map/robot8/overlays/0784_overlay.png,/Users/kimsumin/projects/RGMC/data/map/robot8/masks/0784_mask.png
785,0.19812499999999997,0.71875,0.0,269.759978425027,108.45754461871282,1,0.0,0.03889878198053229,0.09320916994930557,1779126392.2107406,5,/Users/kimsumin/projects/RGMC/data/map/robot8/images/0785.png,/Users/kimsumin/projects/RGMC/data/map/robot8/overlays/0785_overlay.png,/Users/kimsumin/projects/RGMC/data/map/robot8/masks/0785_mask.png
786,0.1684375,0.71875,0.0,269.84593837535016,94.77198879551821,1,0.0,0.0256831086828249,0.15652887863221562,1779126403.3241637,5,/Users/kimsumin/projects/RGMC/data/map/robot8/images/0786.png,/Users/kimsumin/projects/RGMC/data/map/robot8/overlays/0786_overlay.png,/Users/kimsumin/projects/RGMC/data/map/robot8/masks/0786_mask.png
787,0.13874999999999998,0.71875,0.0,269.92734122712596,81.42373791621912,1,0.0,0.02535310267026455,0.09411663661142329,1779126414.5728476,5,/Users/kimsumin/projects/RGMC/data/map/robot8/images/0787.png,/Users/kimsumin/projects/RGMC/data/map/robot8/overlays/0787_overlay.png,/Users/kimsumin/projects/RGMC/data/map/robot8/masks/0787_mask.png
788,0.10906249999999999,0.71875,0.0,269.9055374592834,68.48805646036917,1,0.0,0.49399535904788844,0.09379684444478263,1779126426.038222,5,/Users/kimsumin/projects/RGMC/data/map/robot8/images/0788.png,/Users/kimsumin/projects/RGMC/data/map/robot8/overlays/0788_overlay.png,/Users/kimsumin/projects/RGMC/data/map/robot8/masks/0788_mask.png
789,0.079375,0.71875,0.0,270.8911780243001,54.815108293713685,1,0.0,0.34905167155331296,0.12614230794207065,1779126437.614901,5,/Users/kimsumin/projects/RGMC/data/map/robot8/images/0789.png,/Users/kimsumin/projects/RGMC/data/map/robot8/overlays/0789_overlay.png,/Users/kimsumin/projects/RGMC/data/map/robot8/masks/0789_mask.png
790,0.049687499999999996,0.71875,0.0,270.93248730964467,41.55111336032389,1,0.0,0.4664096275009508,0.0533352152171292,1779126449.2872114,5,/Users/kimsumin/projects/RGMC/data/map/robot8/images/0790.png,/Users/kimsumin/projects/RGMC/data/map/robot8/overlays/0790_overlay.png,/Users/kimsumin/projects/RGMC/data/map/robot8/masks/0790_mask.png
791,0.02,0.71875,0.0,270.8502590673575,29.116002071465562,1,0.0,0.10025134208659181,0.07729776986150606,1779126461.1644435,5,/Users/kimsumin/projects/RGMC/data/map/robot8/images/0791.png,/Users/kimsumin/projects/RGMC/data/map/robot8/overlays/0791_overlay.png,/Users/kimsumin/projects/RGMC/data/map/robot8/masks/0791_mask.png
792,0.02,0.75,0.0,257.0996749729144,28.580472103004293,1,0.0,0.0866974197426005,0.11321789943003269,1779126473.0457711,5,/Users/kimsumin/projects/RGMC/data/map/robot8/images/0792.png,/Users/kimsumin/projects/RGMC/data/map/robot8/overlays/0792_overlay.png,/Users/kimsumin/projects/RGMC/data/map/robot8/masks/0792_mask.png
793,0.049687499999999996,0.75,0.0,256.74040511727077,40.96055437100213,1,0.0,0.02544760123826756,0.056122717704535745,1779126485.3434138,5,/Users/kimsumin/projects/RGMC/data/map/robot8/images/0793.png,/Users/kimsumin/projects/RGMC/data/map/robot8/overlays/0793_overlay.png,/Users/kimsumin/projects/RGMC/data/map/robot8/masks/0793_mask.png
794,0.079375,0.75,0.0,256.8066088840737,54.07072905331882,1,0.0,0.06751109022712305,0.3284901791826282,1779126497.115454,5,/Users/kimsumin/projects/RGMC/data/map/robot8/images/0794.png,/Users/kimsumin/projects/RGMC/data/map/robot8/overlays/0794_overlay.png,/Users/kimsumin/projects/RGMC/data/map/robot8/masks/0794_mask.png
795,0.10906249999999999,0.75,0.0,256.5787164015359,67.35825027685493,1,0.0,0.04135644020559972,0.16433865333223596,1779126509.0934277,5,/Users/kimsumin/projects/RGMC/data/map/robot8/images/0795.png,/Users/kimsumin/projects/RGMC/data/map/robot8/overlays/0795_overlay.png,/Users/kimsumin/projects/RGMC/data/map/robot8/masks/0795_mask.png
796,0.13874999999999998,0.75,0.0,256.54615384615386,80.52989577619309,1,0.0,0.03490845937076195,0.07681831174016437,1779126521.2767563,5,/Users/kimsumin/projects/RGMC/data/map/robot8/images/0796.png,/Users/kimsumin/projects/RGMC/data/map/robot8/overlays/0796_overlay.png,/Users/kimsumin/projects/RGMC/data/map/robot8/masks/0796_mask.png
797,0.1684375,0.75,0.0,256.4454845814978,93.99724669603525,1,0.0,0.03078288917559497,0.3723064153911786,1779126533.4899364,5,/Users/kimsumin/projects/RGMC/data/map/robot8/images/0797.png,/Users/kimsumin/projects/RGMC/data/map/robot8/overlays/0797_overlay.png,/Users/kimsumin/projects/RGMC/data/map/robot8/masks/0797_mask.png
798,0.19812499999999997,0.75,0.0,256.32371250707416,107.29067121729238,1,0.0,0.05364335860603594,0.041487189399983075,1779126545.6466503,5,/Users/kimsumin/projects/RGMC/data/map/robot8/images/0798.png,/Users/kimsumin/projects/RGMC/data/map/robot8/overlays/0798_overlay.png,/Users/kimsumin/projects/RGMC/data/map/robot8/masks/0798_mask.png
799,0.22781249999999997,0.75,0.0,255.40150202195264,120.81152737752161,1,0.0,0.3949733227848331,0.09565458021026993,1779126557.859524,5,/Users/kimsumin/projects/RGMC/data/map/robot8/images/0799.png,/Users/kimsumin/projects/RGMC/data/map/robot8/overlays/0799_overlay.png,/Users/kimsumin/projects/RGMC/data/map/robot8/masks/0799_mask.png
800,0.2575,0.75,0.0,255.8358886996025,133.68654173764907,1,0.0,0.0607401566433788,0.06825212319087437,1779126569.9155602,5,/Users/kimsumin/projects/RGMC/data/map/robot8/images/0800.png,/Users/kimsumin/projects/RGMC/data/map/robot8/overlays/0800_overlay.png,/Users/kimsumin/projects/RGMC/data/map/robot8/masks/0800_mask.png
801,0.2871875,0.75,0.0,256.0632183908046,147.00171037628277,1,0.0,0.02647979222085668,0.04203918377721813,1779126582.1103742,5,/Users/kimsumin/projects/RGMC/data/map/robot8/images/0801.png,/Users/kimsumin/projects/RGMC/data/map/robot8/overlays/0801_overlay.png,/Users/kimsumin/projects/RGMC/data/map/robot8/masks/0801_mask.png
802,0.316875,0.75,0.0,256.21473087818697,160.25155455059357,1,0.0,0.07230890350940875,0.08766404003007465,1779126594.302464,5,/Users/kimsumin/projects/RGMC/data/map/robot8/images/0802.png,/Users/kimsumin/projects/RGMC/data/map/robot8/overlays/0802_overlay.png,/Users/kimsumin/projects/RGMC/data/map/robot8/masks/0802_mask.png
803,0.3465625,0.75,0.0,254.94426751592357,173.51273885350318,1,0.0,0.4910047638649661,0.12838928327320587,1779126606.372246,5,/Users/kimsumin/projects/RGMC/data/map/robot8/images/0803.png,/Users/kimsumin/projects/RGMC/data/map/robot8/overlays/0803_overlay.png,/Users/kimsumin/projects/RGMC/data/map/robot8/masks/0803_mask.png
804,0.37625,0.75,0.0,255.0377969762419,187.76787620064033,1,0.0,0.06279530394145977,0.052643786672825425,1779126618.6583893,5,/Users/kimsumin/projects/RGMC/data/map/robot8/images/0804.png,/Users/kimsumin/projects/RGMC/data/map/robot8/overlays/0804_overlay.png,/Users/kimsumin/projects/RGMC/data/map/robot8/masks/0804_mask.png
805,0.4059375,0.75,0.0,255.43526654950205,200.84521028037383,1,0.0,0.6177922044698821,0.21074215874255914,1779126630.8504422,5,/Users/kimsumin/projects/RGMC/data/map/robot8/images/0805.png,/Users/kimsumin/projects/RGMC/data/map/robot8/overlays/0805_overlay.png,/Users/kimsumin/projects/RGMC/data/map/robot8/masks/0805_mask.png
806,0.435625,0.75,0.0,254.15086932136848,214.89848569826137,1,0.0,0.7472355567629309,0.13720833679142724,1779126642.9238925,5,/Users/kimsumin/projects/RGMC/data/map/robot8/images/0806.png,/Users/kimsumin/projects/RGMC/data/map/robot8/overlays/0806_overlay.png,/Users/kimsumin/projects/RGMC/data/map/robot8/masks/0806_mask.png
807,0.4653125,0.75,0.0,254.83617021276595,227.5907873594001,1,0.0,0.04806696526840287,0.05159127666505405,1779126655.124213,5,/Users/kimsumin/projects/RGMC/data/map/robot8/images/0807.png,/Users/kimsumin/projects/RGMC/data/map/robot8/overlays/0807_overlay.png,/Users/kimsumin/projects/RGMC/data/map/robot8/masks/0807_mask.png
808,0.495,0.75,0.0,254.05981511691135,240.92149431510558,1,0.0,0.05178967729651662,0.10039984437398564,1779126667.2957113,5,/Users/kimsumin/projects/RGMC/data/map/robot8/images/0808.png,/Users/kimsumin/projects/RGMC/data/map/robot8/overlays/0808_overlay.png,/Users/kimsumin/projects/RGMC/data/map/robot8/masks/0808_mask.png
809,0.5246875,0.75,0.0,254.85706551164049,253.9039913700108,1,0.0,0.3488114829314887,0.3908064882850982,1779126679.483216,5,/Users/kimsumin/projects/RGMC/data/map/robot8/images/0809.png,/Users/kimsumin/projects/RGMC/data/map/robot8/overlays/0809_overlay.png,/Users/kimsumin/projects/RGMC/data/map/robot8/masks/0809_mask.png
810,0.554375,0.75,0.0,254.63231347289317,267.4847814056447,1,0.0,0.3479312482592854,0.08697917104940642,1779126691.4703817,5,/Users/kimsumin/projects/RGMC/data/map/robot8/images/0810.png,/Users/kimsumin/projects/RGMC/data/map/robot8/overlays/0810_overlay.png,/Users/kimsumin/projects/RGMC/data/map/robot8/masks/0810_mask.png
811,0.5840625,0.75,0.0,254.14718614718615,280.655303030303,1,0.0,0.734224215932439,0.09194817077153589,1779126703.6476214,5,/Users/kimsumin/projects/RGMC/data/map/robot8/images/0811.png,/Users/kimsumin/projects/RGMC/data/map/robot8/overlays/0811_overlay.png,/Users/kimsumin/projects/RGMC/data/map/robot8/masks/0811_mask.png
812,0.61375,0.75,0.0,254.06008583690988,294.66722129783693,1,0.0,0.4915118254456951,0.3856919187752627,1779126715.6278472,5,/Users/kimsumin/projects/RGMC/data/map/robot8/images/0812.png,/Users/kimsumin/projects/RGMC/data/map/robot8/overlays/0812_overlay.png,/Users/kimsumin/projects/RGMC/data/map/robot8/masks/0812_mask.png
813,0.6434375,0.75,0.0,253.9617277200656,307.8730245231608,1,0.0,0.23026884883741738,0.0981570787193684,1779126727.8422549,5,/Users/kimsumin/projects/RGMC/data/map/robot8/images/0813.png,/Users/kimsumin/projects/RGMC/data/map/robot8/overlays/0813_overlay.png,/Users/kimsumin/projects/RGMC/data/map/robot8/masks/0813_mask.png
814,0.673125,0.75,0.0,253.8693790149893,321.2908409212641,1,0.0,0.029547846962454032,0.11858884358157896,1779126739.9199812,5,/Users/kimsumin/projects/RGMC/data/map/robot8/images/0814.png,/Users/kimsumin/projects/RGMC/data/map/robot8/overlays/0814_overlay.png,/Users/kimsumin/projects/RGMC/data/map/robot8/masks/0814_mask.png
815,0.7028125,0.75,0.0,253.96869940636805,334.03319057815844,1,0.0,0.03441669524389403,0.3549798115834824,1779126751.88453,5,/Users/kimsumin/projects/RGMC/data/map/robot8/images/0815.png,/Users/kimsumin/projects/RGMC/data/map/robot8/overlays/0815_overlay.png,/Users/kimsumin/projects/RGMC/data/map/robot8/masks/0815_mask.png
816,0.7324999999999999,0.75,0.0,253.68111964873765,347.8201438848921,1,0.0,0.04565310246459744,0.04638327507574055,1779126764.0646589,5,/Users/kimsumin/projects/RGMC/data/map/robot8/images/0816.png,/Users/kimsumin/projects/RGMC/data/map/robot8/overlays/0816_overlay.png,/Users/kimsumin/projects/RGMC/data/map/robot8/masks/0816_mask.png
817,0.7621875,0.75,0.0,253.62314049586777,360.90988530857453,1,0.0,0.06398202655205085,0.090976571691089,1779126775.8390448,5,/Users/kimsumin/projects/RGMC/data/map/robot8/images/0817.png,/Users/kimsumin/projects/RGMC/data/map/robot8/overlays/0817_overlay.png,/Users/kimsumin/projects/RGMC/data/map/robot8/masks/0817_mask.png
818,0.791875,0.75,0.0,253.440065681445,374.7526055951728,1,0.0,0.04510017102534622,0.024100341348126813,1779126787.720432,5,/Users/kimsumin/projects/RGMC/data/map/robot8/images/0818.png,/Users/kimsumin/projects/RGMC/data/map/robot8/overlays/0818_overlay.png,/Users/kimsumin/projects/RGMC/data/map/robot8/masks/0818_mask.png
819,0.8215625,0.75,0.0,253.4160782183596,388.09451385116785,1,0.0,0.06520081293011842,0.10113867813868277,1779126799.9128685,5,/Users/kimsumin/projects/RGMC/data/map/robot8/images/0819.png,/Users/kimsumin/projects/RGMC/data/map/robot8/overlays/0819_overlay.png,/Users/kimsumin/projects/RGMC/data/map/robot8/masks/0819_mask.png
820,0.85125,0.75,0.0,253.2882096069869,400.4256830601093,1,0.0,0.06350009807843351,0.032924516641982836,1779126811.8030312,5,/Users/kimsumin/projects/RGMC/data/map/robot8/images/0820.png,/Users/kimsumin/projects/RGMC/data/map/robot8/overlays/0820_overlay.png,/Users/kimsumin/projects/RGMC/data/map/robot8/masks/0820_mask.png
821,0.8809374999999999,0.75,0.0,253.24515086206895,414.9087965461414,1,0.0,0.023549690582501313,0.10859337841208704,1779126823.979031,5,/Users/kimsumin/projects/RGMC/data/map/robot8/images/0821.png,/Users/kimsumin/projects/RGMC/data/map/robot8/overlays/0821_overlay.png,/Users/kimsumin/projects/RGMC/data/map/robot8/masks/0821_mask.png
822,0.910625,0.75,0.0,253.0335718216841,427.42174629324546,1,0.0,0.02708887111761063,0.13698606462593477,1779126835.9761689,5,/Users/kimsumin/projects/RGMC/data/map/robot8/images/0822.png,/Users/kimsumin/projects/RGMC/data/map/robot8/overlays/0822_overlay.png,/Users/kimsumin/projects/RGMC/data/map/robot8/masks/0822_mask.png
823,0.9403125,0.75,0.0,252.9488,441.42004264392324,1,0.0,0.47099921492720653,0.11825773743608407,1779126847.9365454,5,/Users/kimsumin/projects/RGMC/data/map/robot8/images/0823.png,/Users/kimsumin/projects/RGMC/data/map/robot8/overlays/0823_overlay.png,/Users/kimsumin/projects/RGMC/data/map/robot8/masks/0823_mask.png
824,0.97,0.75,0.0,253.05668934240362,454.0924036281179,1,0.0,0.047465479804483277,0.07516102830119993,1779126860.017832,5,/Users/kimsumin/projects/RGMC/data/map/robot8/images/0824.png,/Users/kimsumin/projects/RGMC/data/map/robot8/overlays/0824_overlay.png,/Users/kimsumin/projects/RGMC/data/map/robot8/masks/0824_mask.png
825,0.97,0.78125,0.0,238.81733914940023,454.1075502444324,1,0.0,0.48433706298413925,0.033309630070926195,1779126872.1996088,5,/Users/kimsumin/projects/RGMC/data/map/robot8/images/0825.png,/Users/kimsumin/projects/RGMC/data/map/robot8/overlays/0825_overlay.png,/Users/kimsumin/projects/RGMC/data/map/robot8/masks/0825_mask.png
826,0.9403125,0.78125,0.0,237.95258166491044,441.9722658294087,1,0.0,0.24617159045938106,0.07958801404024542,1779126884.389477,5,/Users/kimsumin/projects/RGMC/data/map/robot8/images/0826.png,/Users/kimsumin/projects/RGMC/data/map/robot8/overlays/0826_overlay.png,/Users/kimsumin/projects/RGMC/data/map/robot8/masks/0826_mask.png
827,0.910625,0.78125,0.0,238.59214020180562,428.00529661016947,1,0.0,0.2959542090921998,0.06626638699389756,1779126896.4738083,5,/Users/kimsumin/projects/RGMC/data/map/robot8/images/0827.png,/Users/kimsumin/projects/RGMC/data/map/robot8/overlays/0827_overlay.png,/Users/kimsumin/projects/RGMC/data/map/robot8/masks/0827_mask.png
828,0.8809374999999999,0.78125,0.0,238.84796238244513,415.4714809000523,1,0.0,0.0746005783250895,0.09703360477754612,1779126908.6616774,5,/Users/kimsumin/projects/RGMC/data/map/robot8/images/0828.png,/Users/kimsumin/projects/RGMC/data/map/robot8/overlays/0828_overlay.png,/Users/kimsumin/projects/RGMC/data/map/robot8/masks/0828_mask.png
829,0.85125,0.78125,0.0,238.9957739038563,400.955859169732,1,0.0,0.06286241004362185,0.029372286960654245,1779126920.8445294,5,/Users/kimsumin/projects/RGMC/data/map/robot8/images/0829.png,/Users/kimsumin/projects/RGMC/data/map/robot8/overlays/0829_overlay.png,/Users/kimsumin/projects/RGMC/data/map/robot8/masks/0829_mask.png
830,0.8215625,0.78125,0.0,239.07509062661833,388.46918694976694,1,0.0,0.06473085243028404,0.06465216441945187,1779126932.8240602,5,/Users/kimsumin/projects/RGMC/data/map/robot8/images/0830.png,/Users/kimsumin/projects/RGMC/data/map/robot8/overlays/0830_overlay.png,/Users/kimsumin/projects/RGMC/data/map/robot8/masks/0830_mask.png
831,0.791875,0.78125,0.0,239.36170212765958,375.04703247480404,1,0.0,0.5478673090603969,0.11506340717210403,1779126945.115654,5,/Users/kimsumin/projects/RGMC/data/map/robot8/images/0831.png,/Users/kimsumin/projects/RGMC/data/map/robot8/overlays/0831_overlay.png,/Users/kimsumin/projects/RGMC/data/map/robot8/masks/0831_mask.png
832,0.7621875,0.78125,0.0,240.45984598459847,361.2290410958904,1,0.0,0.06018249094919676,0.03461790681989351,1779126957.1004257,5,/Users/kimsumin/projects/RGMC/data/map/robot8/images/0832.png,/Users/kimsumin/projects/RGMC/data/map/robot8/overlays/0832_overlay.png,/Users/kimsumin/projects/RGMC/data/map/robot8/masks/0832_mask.png
833,0.7324999999999999,0.78125,0.0,240.60409745293467,347.9209354120267,1,0.0,0.4445519144033657,0.14165283561081488,1779126969.2871404,5,/Users/kimsumin/projects/RGMC/data/map/robot8/images/0833.png,/Users/kimsumin/projects/RGMC/data/map/robot8/overlays/0833_overlay.png,/Users/kimsumin/projects/RGMC/data/map/robot8/masks/0833_mask.png
834,0.7028125,0.78125,0.0,240.90204759269508,335.0542335362479,1,0.0,0.03216661398755979,0.07137979741845607,1779126981.2815764,5,/Users/kimsumin/projects/RGMC/data/map/robot8/images/0834.png,/Users/kimsumin/projects/RGMC/data/map/robot8/overlays/0834_overlay.png,/Users/kimsumin/projects/RGMC/data/map/robot8/masks/0834_mask.png
835,0.673125,0.78125,0.0,240.73477088948786,321.2467741935484,1,0.0,0.042426747434059046,0.0620250597742279,1779126993.356287,5,/Users/kimsumin/projects/RGMC/data/map/robot8/images/0835.png,/Users/kimsumin/projects/RGMC/data/map/robot8/overlays/0835_overlay.png,/Users/kimsumin/projects/RGMC/data/map/robot8/masks/0835_mask.png
836,0.6434375,0.78125,0.0,241.00700431034483,308.4286486486487,1,0.0,0.05105705864253901,0.1192505306405998,1779127005.6282897,5,/Users/kimsumin/projects/RGMC/data/map/robot8/images/0836.png,/Users/kimsumin/projects/RGMC/data/map/robot8/overlays/0836_overlay.png,/Users/kimsumin/projects/RGMC/data/map/robot8/masks/0836_mask.png
837,0.61375,0.78125,0.0,240.986301369863,295.1057534246575,1,0.0,0.04056973648877885,0.14300472806470754,1779127017.814551,5,/Users/kimsumin/projects/RGMC/data/map/robot8/images/0837.png,/Users/kimsumin/projects/RGMC/data/map/robot8/overlays/0837_overlay.png,/Users/kimsumin/projects/RGMC/data/map/robot8/masks/0837_mask.png
838,0.5840625,0.78125,0.0,241.17967914438503,281.24553812871824,1,0.0,0.042743812220396936,0.10101695050905082,1779127030.0055587,5,/Users/kimsumin/projects/RGMC/data/map/robot8/images/0838.png,/Users/kimsumin/projects/RGMC/data/map/robot8/overlays/0838_overlay.png,/Users/kimsumin/projects/RGMC/data/map/robot8/masks/0838_mask.png
839,0.554375,0.78125,0.0,240.98902305159166,267.8062568605928,1,0.0,0.029536330329785872,0.13544088978783902,1779127042.18358,5,/Users/kimsumin/projects/RGMC/data/map/robot8/images/0839.png,/Users/kimsumin/projects/RGMC/data/map/robot8/overlays/0839_overlay.png,/Users/kimsumin/projects/RGMC/data/map/robot8/masks/0839_mask.png
840,0.5246875,0.78125,0.0,241.05465699944227,254.91878453038674,1,0.0,0.02155049900612211,0.05023265429603179,1779127054.0721817,5,/Users/kimsumin/projects/RGMC/data/map/robot8/images/0840.png,/Users/kimsumin/projects/RGMC/data/map/robot8/overlays/0840_overlay.png,/Users/kimsumin/projects/RGMC/data/map/robot8/masks/0840_mask.png
841,0.495,0.78125,0.0,240.98970747562296,241.2410810810811,1,0.0,0.046246799113361485,0.0711878855012546,1779127066.1471503,5,/Users/kimsumin/projects/RGMC/data/map/robot8/images/0841.png,/Users/kimsumin/projects/RGMC/data/map/robot8/overlays/0841_overlay.png,/Users/kimsumin/projects/RGMC/data/map/robot8/masks/0841_mask.png
842,0.4653125,0.78125,0.0,241.2080573951435,228.2753544165758,1,0.0,0.026851542466635063,0.05488458375462023,1779127078.2304218,5,/Users/kimsumin/projects/RGMC/data/map/robot8/images/0842.png,/Users/kimsumin/projects/RGMC/data/map/robot8/overlays/0842_overlay.png,/Users/kimsumin/projects/RGMC/data/map/robot8/masks/0842_mask.png
843,0.435625,0.78125,0.0,240.96481271282633,214.96153846153845,1,0.0,0.06698071136969153,0.17194743913237412,1779127090.3194501,5,/Users/kimsumin/projects/RGMC/data/map/robot8/images/0843.png,/Users/kimsumin/projects/RGMC/data/map/robot8/overlays/0843_overlay.png,/Users/kimsumin/projects/RGMC/data/map/robot8/masks/0843_mask.png
844,0.4059375,0.78125,0.0,240.8889502762431,201.15605976757055,1,0.0,0.046824197478170675,0.10218909333277226,1779127102.2004464,5,/Users/kimsumin/projects/RGMC/data/map/robot8/images/0844.png,/Users/kimsumin/projects/RGMC/data/map/robot8/overlays/0844_overlay.png,/Users/kimsumin/projects/RGMC/data/map/robot8/masks/0844_mask.png
845,0.37625,0.78125,0.0,241.17791077257888,188.33333333333334,1,0.0,0.06642799277287138,0.2196304899727578,1779127114.3780847,5,/Users/kimsumin/projects/RGMC/data/map/robot8/images/0845.png,/Users/kimsumin/projects/RGMC/data/map/robot8/overlays/0845_overlay.png,/Users/kimsumin/projects/RGMC/data/map/robot8/masks/0845_mask.png
846,0.3465625,0.78125,0.0,241.05413105413106,174.77094017094018,1,0.0,0.05386107179676697,0.04225170480700393,1779127126.5660515,5,/Users/kimsumin/projects/RGMC/data/map/robot8/images/0846.png,/Users/kimsumin/projects/RGMC/data/map/robot8/overlays/0846_overlay.png,/Users/kimsumin/projects/RGMC/data/map/robot8/masks/0846_mask.png
847,0.316875,0.78125,0.0,241.11049107142858,160.89385474860336,1,0.0,0.033352352794221996,0.10507976134419524,1779127138.5538578,5,/Users/kimsumin/projects/RGMC/data/map/robot8/images/0847.png,/Users/kimsumin/projects/RGMC/data/map/robot8/overlays/0847_overlay.png,/Users/kimsumin/projects/RGMC/data/map/robot8/masks/0847_mask.png
848,0.2871875,0.78125,0.0,241.34475138121547,147.98958333333334,1,0.0,0.03872333771262803,0.09746376668675061,1779127150.7373211,5,/Users/kimsumin/projects/RGMC/data/map/robot8/images/0848.png,/Users/kimsumin/projects/RGMC/data/map/robot8/overlays/0848_overlay.png,/Users/kimsumin/projects/RGMC/data/map/robot8/masks/0848_mask.png
849,0.2575,0.78125,0.0,241.26206140350877,134.15515350877192,1,0.0,0.1358377981051714,0.11034453261422993,1779127163.2367554,5,/Users/kimsumin/projects/RGMC/data/map/robot8/images/0849.png,/Users/kimsumin/projects/RGMC/data/map/robot8/overlays/0849_overlay.png,/Users/kimsumin/projects/RGMC/data/map/robot8/masks/0849_mask.png
850,0.22781249999999997,0.78125,0.0,241.180479825518,120.84602739726027,1,0.0,0.06734339959678731,0.11116666864173724,1779127175.4107351,5,/Users/kimsumin/projects/RGMC/data/map/robot8/images/0850.png,/Users/kimsumin/projects/RGMC/data/map/robot8/overlays/0850_overlay.png,/Users/kimsumin/projects/RGMC/data/map/robot8/masks/0850_mask.png
851,0.19812499999999997,0.78125,0.0,241.4828349944629,108.07283680175246,1,0.0,0.027364171764695574,0.11556241969807117,1779127187.5937812,5,/Users/kimsumin/projects/RGMC/data/map/robot8/images/0851.png,/Users/kimsumin/projects/RGMC/data/map/robot8/overlays/0851_overlay.png,/Users/kimsumin/projects/RGMC/data/map/robot8/masks/0851_mask.png
852,0.1684375,0.78125,0.0,241.42087729039423,94.74792243767313,1,0.0,0.07813311257928919,0.12118209618595543,1779127199.8037565,5,/Users/kimsumin/projects/RGMC/data/map/robot8/images/0852.png,/Users/kimsumin/projects/RGMC/data/map/robot8/overlays/0852_overlay.png,/Users/kimsumin/projects/RGMC/data/map/robot8/masks/0852_mask.png
853,0.13874999999999998,0.78125,0.0,241.56975505857295,81.02289669861555,1,0.0,0.053678055361061454,0.06585206463250962,1779127211.7663116,5,/Users/kimsumin/projects/RGMC/data/map/robot8/images/0853.png,/Users/kimsumin/projects/RGMC/data/map/robot8/overlays/0853_overlay.png,/Users/kimsumin/projects/RGMC/data/map/robot8/masks/0853_mask.png
854,0.10906249999999999,0.78125,0.0,242.4525168655942,68.1716223265519,1,0.0,0.03932838898049068,0.0638146284218895,1779127223.9470408,5,/Users/kimsumin/projects/RGMC/data/map/robot8/images/0854.png,/Users/kimsumin/projects/RGMC/data/map/robot8/overlays/0854_overlay.png,/Users/kimsumin/projects/RGMC/data/map/robot8/masks/0854_mask.png
855,0.079375,0.78125,0.0,242.428418230563,54.78445040214477,1,0.0,0.3442209433628418,0.10987443247428906,1779127236.1527524,5,/Users/kimsumin/projects/RGMC/data/map/robot8/images/0855.png,/Users/kimsumin/projects/RGMC/data/map/robot8/overlays/0855_overlay.png,/Users/kimsumin/projects/RGMC/data/map/robot8/masks/0855_mask.png
856,0.049687499999999996,0.78125,0.0,241.67247754886424,41.112353567625135,1,0.0,0.0516942478763398,0.06758709220745487,1779127248.217245,5,/Users/kimsumin/projects/RGMC/data/map/robot8/images/0856.png,/Users/kimsumin/projects/RGMC/data/map/robot8/overlays/0856_overlay.png,/Users/kimsumin/projects/RGMC/data/map/robot8/masks/0856_mask.png
857,0.02,0.78125,0.0,241.8210242587601,28.555256064690028,1,0.0,0.4018542501616683,0.19921461779962352,1779127260.4262977,5,/Users/kimsumin/projects/RGMC/data/map/robot8/images/0857.png,/Users/kimsumin/projects/RGMC/data/map/robot8/overlays/0857_overlay.png,/Users/kimsumin/projects/RGMC/data/map/robot8/masks/0857_mask.png
858,0.02,0.8125,0.0,228.9558823529412,28.26003298515668,1,0.0,0.04796159146994104,0.06892812724381292,1779127272.4868774,5,/Users/kimsumin/projects/RGMC/data/map/robot8/images/0858.png,/Users/kimsumin/projects/RGMC/data/map/robot8/overlays/0858_overlay.png,/Users/kimsumin/projects/RGMC/data/map/robot8/masks/0858_mask.png
859,0.049687499999999996,0.8125,0.0,227.52766599597587,40.813883299798796,1,0.0,0.49863502007950156,0.06908295732600828,1779127284.6741455,5,/Users/kimsumin/projects/RGMC/data/map/robot8/images/0859.png,/Users/kimsumin/projects/RGMC/data/map/robot8/overlays/0859_overlay.png,/Users/kimsumin/projects/RGMC/data/map/robot8/masks/0859_mask.png
860,0.079375,0.8125,0.0,228.53136933987997,53.83279220779221,1,0.0,0.5902828829880301,0.083118765258827,1779127296.867072,5,/Users/kimsumin/projects/RGMC/data/map/robot8/images/0860.png,/Users/kimsumin/projects/RGMC/data/map/robot8/overlays/0860_overlay.png,/Users/kimsumin/projects/RGMC/data/map/robot8/masks/0860_mask.png
861,0.10906249999999999,0.8125,0.0,227.6455497382199,67.6282722513089,1,0.0,0.4520359307387811,0.06808561259671403,1779127308.9417875,5,/Users/kimsumin/projects/RGMC/data/map/robot8/images/0861.png,/Users/kimsumin/projects/RGMC/data/map/robot8/overlays/0861_overlay.png,/Users/kimsumin/projects/RGMC/data/map/robot8/masks/0861_mask.png
862,0.13874999999999998,0.8125,0.0,227.34923076923076,80.57594291539246,1,0.0,0.4678893258841595,0.03608391901436837,1779127321.1473277,5,/Users/kimsumin/projects/RGMC/data/map/robot8/images/0862.png,/Users/kimsumin/projects/RGMC/data/map/robot8/overlays/0862_overlay.png,/Users/kimsumin/projects/RGMC/data/map/robot8/masks/0862_mask.png
863,0.1684375,0.8125,0.0,227.21651090342678,93.57312049433574,1,0.0,0.059663286660135775,0.3450298101851298,1779127333.3233106,5,/Users/kimsumin/projects/RGMC/data/map/robot8/images/0863.png,/Users/kimsumin/projects/RGMC/data/map/robot8/overlays/0863_overlay.png,/Users/kimsumin/projects/RGMC/data/map/robot8/masks/0863_mask.png
864,0.19812499999999997,0.8125,0.0,227.30752916224813,107.26022304832713,1,0.0,0.02498943050679868,0.041039839483897875,1779127345.5102944,5,/Users/kimsumin/projects/RGMC/data/map/robot8/images/0864.png,/Users/kimsumin/projects/RGMC/data/map/robot8/overlays/0864_overlay.png,/Users/kimsumin/projects/RGMC/data/map/robot8/masks/0864_mask.png
865,0.22781249999999997,0.8125,0.0,227.05820660723649,120.28886554621849,1,0.0,0.07770456884786987,0.026337206434186355,1779127357.6955152,5,/Users/kimsumin/projects/RGMC/data/map/robot8/images/0865.png,/Users/kimsumin/projects/RGMC/data/map/robot8/overlays/0865_overlay.png,/Users/kimsumin/projects/RGMC/data/map/robot8/masks/0865_mask.png
866,0.2575,0.8125,0.0,227.06568575932738,133.50764364786505,1,0.0,0.06198377512144745,0.03335130066993126,1779127369.767712,5,/Users/kimsumin/projects/RGMC/data/map/robot8/images/0866.png,/Users/kimsumin/projects/RGMC/data/map/robot8/overlays/0866_overlay.png,/Users/kimsumin/projects/RGMC/data/map/robot8/masks/0866_mask.png
867,0.2871875,0.8125,0.0,227.26584976025572,147.3916269210387,1,0.0,0.09365229020222193,0.06283721969251223,1779127381.7476616,5,/Users/kimsumin/projects/RGMC/data/map/robot8/images/0867.png,/Users/kimsumin/projects/RGMC/data/map/robot8/overlays/0867_overlay.png,/Users/kimsumin/projects/RGMC/data/map/robot8/masks/0867_mask.png
868,0.316875,0.8125,0.0,227.00434782608696,160.27552674230145,1,0.0,0.4821043691063731,0.0998379243405687,1779127393.9330423,5,/Users/kimsumin/projects/RGMC/data/map/robot8/images/0868.png,/Users/kimsumin/projects/RGMC/data/map/robot8/overlays/0868_overlay.png,/Users/kimsumin/projects/RGMC/data/map/robot8/masks/0868_mask.png
869,0.3465625,0.8125,0.0,225.95367231638417,174.30261660978385,1,0.0,0.4411045926707655,0.15245534460902582,1779127405.9185927,5,/Users/kimsumin/projects/RGMC/data/map/robot8/images/0869.png,/Users/kimsumin/projects/RGMC/data/map/robot8/overlays/0869_overlay.png,/Users/kimsumin/projects/RGMC/data/map/robot8/masks/0869_mask.png
870,0.37625,0.8125,0.0,226.96517150395778,187.79683377308706,1,0.0,0.07228874088086859,0.14597480999064527,1779127417.7978573,5,/Users/kimsumin/projects/RGMC/data/map/robot8/images/0870.png,/Users/kimsumin/projects/RGMC/data/map/robot8/overlays/0870_overlay.png,/Users/kimsumin/projects/RGMC/data/map/robot8/masks/0870_mask.png
871,0.4059375,0.8125,0.0,225.6590413943355,200.78315217391304,1,0.0,0.03477684659278574,0.02759256199672067,1779127429.6770875,5,/Users/kimsumin/projects/RGMC/data/map/robot8/images/0871.png,/Users/kimsumin/projects/RGMC/data/map/robot8/overlays/0871_overlay.png,/Users/kimsumin/projects/RGMC/data/map/robot8/masks/0871_mask.png
872,0.435625,0.8125,0.0,226.53308431163288,214.90635451505017,1,0.0,0.3406682945932299,0.09487028499437777,1779127441.7556522,5,/Users/kimsumin/projects/RGMC/data/map/robot8/images/0872.png,/Users/kimsumin/projects/RGMC/data/map/robot8/overlays/0872_overlay.png,/Users/kimsumin/projects/RGMC/data/map/robot8/masks/0872_mask.png
873,0.4653125,0.8125,0.0,225.71219512195123,227.70109289617486,1,0.0,0.379837615143766,0.09498374998181046,1779127453.5365856,5,/Users/kimsumin/projects/RGMC/data/map/robot8/images/0873.png,/Users/kimsumin/projects/RGMC/data/map/robot8/overlays/0873_overlay.png,/Users/kimsumin/projects/RGMC/data/map/robot8/masks/0873_mask.png
874,0.495,0.8125,0.0,225.83029001074115,240.93018259935553,1,0.0,0.3888256159266709,0.06371375545776554,1779127465.636767,5,/Users/kimsumin/projects/RGMC/data/map/robot8/images/0874.png,/Users/kimsumin/projects/RGMC/data/map/robot8/overlays/0874_overlay.png,/Users/kimsumin/projects/RGMC/data/map/robot8/masks/0874_mask.png
875,0.5246875,0.8125,0.0,226.82130237253912,253.9172552976791,1,0.0,0.07721401192138107,0.4124408584229913,1779127477.7209373,5,/Users/kimsumin/projects/RGMC/data/map/robot8/images/0875.png,/Users/kimsumin/projects/RGMC/data/map/robot8/overlays/0875_overlay.png,/Users/kimsumin/projects/RGMC/data/map/robot8/masks/0875_mask.png
876,0.554375,0.8125,0.0,226.67691505992704,267.3991640543365,1,0.0,0.08600024903787627,0.0742291168416713,1779127490.1072962,5,/Users/kimsumin/projects/RGMC/data/map/robot8/images/0876.png,/Users/kimsumin/projects/RGMC/data/map/robot8/overlays/0876_overlay.png,/Users/kimsumin/projects/RGMC/data/map/robot8/masks/0876_mask.png
877,0.5840625,0.8125,0.0,226.71326893746823,280.7467005076142,1,0.0,0.04735221469677986,0.09511110097866166,1779127502.5951009,5,/Users/kimsumin/projects/RGMC/data/map/robot8/images/0877.png,/Users/kimsumin/projects/RGMC/data/map/robot8/overlays/0877_overlay.png,/Users/kimsumin/projects/RGMC/data/map/robot8/masks/0877_mask.png
878,0.61375,0.8125,0.0,226.60489328474753,294.7989528795812,1,0.0,0.053298506149997385,0.4699271176607279,1779127514.7763915,5,/Users/kimsumin/projects/RGMC/data/map/robot8/images/0878.png,/Users/kimsumin/projects/RGMC/data/map/robot8/overlays/0878_overlay.png,/Users/kimsumin/projects/RGMC/data/map/robot8/masks/0878_mask.png
879,0.6434375,0.8125,0.0,226.7474173553719,307.7142857142857,1,0.0,0.06399030317000698,0.10276060070008575,1779127527.0769806,5,/Users/kimsumin/projects/RGMC/data/map/robot8/images/0879.png,/Users/kimsumin/projects/RGMC/data/map/robot8/overlays/0879_overlay.png,/Users/kimsumin/projects/RGMC/data/map/robot8/masks/0879_mask.png
880,0.673125,0.8125,0.0,226.49948024948026,321.1418918918919,1,0.0,0.4221256202495528,0.09910842038677686,1779127539.2459114,5,/Users/kimsumin/projects/RGMC/data/map/robot8/images/0880.png,/Users/kimsumin/projects/RGMC/data/map/robot8/overlays/0880_overlay.png,/Users/kimsumin/projects/RGMC/data/map/robot8/masks/0880_mask.png
881,0.7028125,0.8125,0.0,226.5767810026385,334.6452304394427,1,0.0,0.04937255756178828,0.36064213256869143,1779127551.4444015,5,/Users/kimsumin/projects/RGMC/data/map/robot8/images/0881.png,/Users/kimsumin/projects/RGMC/data/map/robot8/overlays/0881_overlay.png,/Users/kimsumin/projects/RGMC/data/map/robot8/masks/0881_mask.png
882,0.7324999999999999,0.8125,0.0,226.30434782608697,347.63236074270554,1,0.0,0.03571251069431798,0.021457081374183763,1779127563.6162093,5,/Users/kimsumin/projects/RGMC/data/map/robot8/images/0882.png,/Users/kimsumin/projects/RGMC/data/map/robot8/overlays/0882_overlay.png,/Users/kimsumin/projects/RGMC/data/map/robot8/masks/0882_mask.png
883,0.7621875,0.8125,0.0,226.17723492723493,360.96122778675283,1,0.0,0.37318850454240626,0.07196695290640985,1779127575.6013627,5,/Users/kimsumin/projects/RGMC/data/map/robot8/images/0883.png,/Users/kimsumin/projects/RGMC/data/map/robot8/overlays/0883_overlay.png,/Users/kimsumin/projects/RGMC/data/map/robot8/masks/0883_mask.png
884,0.791875,0.8125,0.0,225.34554401312192,374.8480526604498,1,0.0,0.05509904641337225,0.11569651337052621,1779127587.8071718,5,/Users/kimsumin/projects/RGMC/data/map/robot8/images/0884.png,/Users/kimsumin/projects/RGMC/data/map/robot8/overlays/0884_overlay.png,/Users/kimsumin/projects/RGMC/data/map/robot8/masks/0884_mask.png
885,0.8215625,0.8125,0.0,225.2314270443613,388.0064136825227,1,0.0,0.05326630876210771,0.14635711610439295,1779127600.1680086,5,/Users/kimsumin/projects/RGMC/data/map/robot8/images/0885.png,/Users/kimsumin/projects/RGMC/data/map/robot8/overlays/0885_overlay.png,/Users/kimsumin/projects/RGMC/data/map/robot8/masks/0885_mask.png
886,0.85125,0.8125,0.0,225.1788840262582,400.379159847245,1,0.0,0.04313845852833237,0.1006632914797762,1779127612.3557644,5,/Users/kimsumin/projects/RGMC/data/map/robot8/images/0886.png,/Users/kimsumin/projects/RGMC/data/map/robot8/overlays/0886_overlay.png,/Users/kimsumin/projects/RGMC/data/map/robot8/masks/0886_mask.png
887,0.8809374999999999,0.8125,0.0,225.08213891951488,414.69879518072287,1,0.0,0.08442497315292533,0.04631168285130672,1779127624.545884,5,/Users/kimsumin/projects/RGMC/data/map/robot8/images/0887.png,/Users/kimsumin/projects/RGMC/data/map/robot8/overlays/0887_overlay.png,/Users/kimsumin/projects/RGMC/data/map/robot8/masks/0887_mask.png
888,0.910625,0.8125,0.0,225.07024336283186,427.4831770546056,1,0.0,0.039266156133604575,0.08275749628794449,1779127636.5386045,5,/Users/kimsumin/projects/RGMC/data/map/robot8/images/0888.png,/Users/kimsumin/projects/RGMC/data/map/robot8/overlays/0888_overlay.png,/Users/kimsumin/projects/RGMC/data/map/robot8/masks/0888_mask.png
889,0.9403125,0.8125,0.0,224.95408970976254,441.4823218997361,1,0.0,0.045069500334928174,0.06787924769231675,1779127648.2992723,5,/Users/kimsumin/projects/RGMC/data/map/robot8/images/0889.png,/Users/kimsumin/projects/RGMC/data/map/robot8/overlays/0889_overlay.png,/Users/kimsumin/projects/RGMC/data/map/robot8/masks/0889_mask.png
890,0.97,0.8125,0.0,224.99712973593572,454.1902017291066,1,0.0,0.02117583566765229,0.03744393269815635,1779127660.586171,5,/Users/kimsumin/projects/RGMC/data/map/robot8/images/0890.png,/Users/kimsumin/projects/RGMC/data/map/robot8/overlays/0890_overlay.png,/Users/kimsumin/projects/RGMC/data/map/robot8/masks/0890_mask.png
891,0.97,0.84375,0.0,210.74382885353813,454.3296398891967,1,0.0,0.08289716153984192,0.11857400910558602,1779127672.5726912,5,/Users/kimsumin/projects/RGMC/data/map/robot8/images/0891.png,/Users/kimsumin/projects/RGMC/data/map/robot8/overlays/0891_overlay.png,/Users/kimsumin/projects/RGMC/data/map/robot8/masks/0891_mask.png
892,0.9403125,0.84375,0.0,210.55297157622738,441.7762273901809,1,0.0,0.034508472577137406,0.09798664575922691,1779127684.965285,5,/Users/kimsumin/projects/RGMC/data/map/robot8/images/0892.png,/Users/kimsumin/projects/RGMC/data/map/robot8/overlays/0892_overlay.png,/Users/kimsumin/projects/RGMC/data/map/robot8/masks/0892_mask.png
893,0.910625,0.84375,0.0,210.60145681581685,428.1644702161307,1,0.0,0.3150632213612215,0.06215672744619933,1779127697.2494318,5,/Users/kimsumin/projects/RGMC/data/map/robot8/images/0893.png,/Users/kimsumin/projects/RGMC/data/map/robot8/overlays/0893_overlay.png,/Users/kimsumin/projects/RGMC/data/map/robot8/masks/0893_mask.png
894,0.8809374999999999,0.84375,0.0,210.56683937823834,415.3422957600827,1,0.0,0.05006720553271718,0.043051680706651115,1779127709.1375844,5,/Users/kimsumin/projects/RGMC/data/map/robot8/images/0894.png,/Users/kimsumin/projects/RGMC/data/map/robot8/overlays/0894_overlay.png,/Users/kimsumin/projects/RGMC/data/map/robot8/masks/0894_mask.png
895,0.85125,0.84375,0.0,210.78809645972294,401.1343360995851,1,0.0,0.03451077794032734,0.04667403553950949,1779127721.3137617,5,/Users/kimsumin/projects/RGMC/data/map/robot8/images/0895.png,/Users/kimsumin/projects/RGMC/data/map/robot8/overlays/0895_overlay.png,/Users/kimsumin/projects/RGMC/data/map/robot8/masks/0895_mask.png
896,0.8215625,0.84375,0.0,210.89356310187532,388.72630511910796,1,0.0,0.04232749913555433,0.024824778811034103,1779127733.39728,5,/Users/kimsumin/projects/RGMC/data/map/robot8/images/0896.png,/Users/kimsumin/projects/RGMC/data/map/robot8/overlays/0896_overlay.png,/Users/kimsumin/projects/RGMC/data/map/robot8/masks/0896_mask.png
897,0.791875,0.84375,0.0,211.15820105820106,374.97263157894736,1,0.0,0.06317549120154889,0.05973904894739746,1779127745.5881584,5,/Users/kimsumin/projects/RGMC/data/map/robot8/images/0897.png,/Users/kimsumin/projects/RGMC/data/map/robot8/overlays/0897_overlay.png,/Users/kimsumin/projects/RGMC/data/map/robot8/masks/0897_mask.png
898,0.7621875,0.84375,0.0,211.35137948984902,361.50130140551795,1,0.0,0.578163399289588,0.12270165247686467,1779127757.5660284,5,/Users/kimsumin/projects/RGMC/data/map/robot8/images/0898.png,/Users/kimsumin/projects/RGMC/data/map/robot8/overlays/0898_overlay.png,/Users/kimsumin/projects/RGMC/data/map/robot8/masks/0898_mask.png
899,0.7324999999999999,0.84375,0.0,211.39958158995816,347.8602597402597,1,0.0,0.046198258717982416,0.11596642837111498,1779127769.7611809,5,/Users/kimsumin/projects/RGMC/data/map/robot8/images/0899.png,/Users/kimsumin/projects/RGMC/data/map/robot8/overlays/0899_overlay.png,/Users/kimsumin/projects/RGMC/data/map/robot8/masks/0899_mask.png
900,0.7028125,0.84375,0.0,211.74011597258828,335.30080428954426,1,0.0,0.07231035684506211,0.07424260481668013,1779127781.6292298,5,/Users/kimsumin/projects/RGMC/data/map/robot8/images/0900.png,/Users/kimsumin/projects/RGMC/data/map/robot8/overlays/0900_overlay.png,/Users/kimsumin/projects/RGMC/data/map/robot8/masks/0900_mask.png
901,0.673125,0.84375,0.0,211.54198473282443,321.59016393442624,1,0.0,0.04247263765192533,0.04933480643370764,1779127793.5096614,5,/Users/kimsumin/projects/RGMC/data/map/robot8/images/0901.png,/Users/kimsumin/projects/RGMC/data/map/robot8/overlays/0901_overlay.png,/Users/kimsumin/projects/RGMC/data/map/robot8/masks/0901_mask.png
902,0.6434375,0.84375,0.0,211.67341772151897,308.55645569620253,1,0.0,0.048630451017110186,0.11668476933194837,1779127805.706254,5,/Users/kimsumin/projects/RGMC/data/map/robot8/images/0902.png,/Users/kimsumin/projects/RGMC/data/map/robot8/overlays/0902_overlay.png,/Users/kimsumin/projects/RGMC/data/map/robot8/masks/0902_mask.png
903,0.61375,0.84375,0.0,211.6295149638803,294.86888657648285,1,0.0,0.051464606547792266,0.2034520920936051,1779127817.8745124,5,/Users/kimsumin/projects/RGMC/data/map/robot8/images/0903.png,/Users/kimsumin/projects/RGMC/data/map/robot8/overlays/0903_overlay.png,/Users/kimsumin/projects/RGMC/data/map/robot8/masks/0903_mask.png
904,0.5840625,0.84375,0.0,212.79546681057744,281.3836098541981,1,0.0,0.4632992927124853,0.08103707202850638,1779127830.0734143,5,/Users/kimsumin/projects/RGMC/data/map/robot8/images/0904.png,/Users/kimsumin/projects/RGMC/data/map/robot8/overlays/0904_overlay.png,/Users/kimsumin/projects/RGMC/data/map/robot8/masks/0904_mask.png
905,0.554375,0.84375,0.0,211.6136131013306,267.7277863379558,1,0.0,0.027245459741085103,0.06126992984512766,1779127842.055859,5,/Users/kimsumin/projects/RGMC/data/map/robot8/images/0905.png,/Users/kimsumin/projects/RGMC/data/map/robot8/overlays/0905_overlay.png,/Users/kimsumin/projects/RGMC/data/map/robot8/masks/0905_mask.png
906,0.5246875,0.84375,0.0,211.7036269430052,254.91950464396285,1,0.0,0.6323883325971171,0.09897435521764378,1779127854.2422924,5,/Users/kimsumin/projects/RGMC/data/map/robot8/images/0906.png,/Users/kimsumin/projects/RGMC/data/map/robot8/overlays/0906_overlay.png,/Users/kimsumin/projects/RGMC/data/map/robot8/masks/0906_mask.png
907,0.495,0.84375,0.0,212.8449401523395,241.40456769983686,1,0.0,0.013023769967643343,0.07265655807889694,1779127866.3111022,5,/Users/kimsumin/projects/RGMC/data/map/robot8/images/0907.png,/Users/kimsumin/projects/RGMC/data/map/robot8/overlays/0907_overlay.png,/Users/kimsumin/projects/RGMC/data/map/robot8/masks/0907_mask.png
908,0.4653125,0.84375,0.0,212.8225013653741,228.016456390565,1,0.0,0.4687028515214202,0.053177116722378376,1779127878.4991705,5,/Users/kimsumin/projects/RGMC/data/map/robot8/images/0908.png,/Users/kimsumin/projects/RGMC/data/map/robot8/overlays/0908_overlay.png,/Users/kimsumin/projects/RGMC/data/map/robot8/masks/0908_mask.png
909,0.435625,0.84375,0.0,211.73815859499734,214.88471708090958,1,0.0,0.04952129291918777,0.14548175236146788,1779127890.2760663,5,/Users/kimsumin/projects/RGMC/data/map/robot8/images/0909.png,/Users/kimsumin/projects/RGMC/data/map/robot8/overlays/0909_overlay.png,/Users/kimsumin/projects/RGMC/data/map/robot8/masks/0909_mask.png
910,0.4059375,0.84375,0.0,211.8490663900415,201.26091530773277,1,0.0,0.43646340470723793,0.07520789265615921,1779127902.56016,5,/Users/kimsumin/projects/RGMC/data/map/robot8/images/0910.png,/Users/kimsumin/projects/RGMC/data/map/robot8/overlays/0910_overlay.png,/Users/kimsumin/projects/RGMC/data/map/robot8/masks/0910_mask.png
911,0.37625,0.84375,0.0,212.9529607083564,187.9778516057586,1,0.0,0.010754428153601074,0.10134094181838584,1779127914.7502284,5,/Users/kimsumin/projects/RGMC/data/map/robot8/images/0911.png,/Users/kimsumin/projects/RGMC/data/map/robot8/overlays/0911_overlay.png,/Users/kimsumin/projects/RGMC/data/map/robot8/masks/0911_mask.png
912,0.3465625,0.84375,0.0,213.0062929061785,174.48744292237444,1,0.0,0.07512250011970996,0.08018985518110562,1779127927.1464193,5,/Users/kimsumin/projects/RGMC/data/map/robot8/images/0912.png,/Users/kimsumin/projects/RGMC/data/map/robot8/overlays/0912_overlay.png,/Users/kimsumin/projects/RGMC/data/map/robot8/masks/0912_mask.png
913,0.316875,0.84375,0.0,212.18729641693812,161.25794291868604,1,0.0,0.4310885869812419,0.12479445527126302,1779127939.0328913,5,/Users/kimsumin/projects/RGMC/data/map/robot8/images/0913.png,/Users/kimsumin/projects/RGMC/data/map/robot8/overlays/0913_overlay.png,/Users/kimsumin/projects/RGMC/data/map/robot8/masks/0913_mask.png
914,0.2871875,0.84375,0.0,213.28152654867256,147.625,1,0.0,0.34232974736283245,0.10928835836843102,1779127951.206139,5,/Users/kimsumin/projects/RGMC/data/map/robot8/images/0914.png,/Users/kimsumin/projects/RGMC/data/map/robot8/overlays/0914_overlay.png,/Users/kimsumin/projects/RGMC/data/map/robot8/masks/0914_mask.png
915,0.2575,0.84375,0.0,213.28439369222403,133.7103260869565,1,0.0,0.37090661511891904,0.1221342309032286,1779127963.2923284,5,/Users/kimsumin/projects/RGMC/data/map/robot8/images/0915.png,/Users/kimsumin/projects/RGMC/data/map/robot8/overlays/0915_overlay.png,/Users/kimsumin/projects/RGMC/data/map/robot8/masks/0915_mask.png
916,0.22781249999999997,0.84375,0.0,213.31576086956522,121.04123711340206,1,0.0,0.42510201909200673,0.1413206901084136,1779127975.2711058,5,/Users/kimsumin/projects/RGMC/data/map/robot8/images/0916.png,/Users/kimsumin/projects/RGMC/data/map/robot8/overlays/0916_overlay.png,/Users/kimsumin/projects/RGMC/data/map/robot8/masks/0916_mask.png
917,0.19812499999999997,0.84375,0.0,213.36378923766816,107.90404880754298,1,0.0,0.03802218362443984,0.10866661903643737,1779127987.0562048,5,/Users/kimsumin/projects/RGMC/data/map/robot8/images/0917.png,/Users/kimsumin/projects/RGMC/data/map/robot8/overlays/0917_overlay.png,/Users/kimsumin/projects/RGMC/data/map/robot8/masks/0917_mask.png
918,0.1684375,0.84375,0.0,213.42144772117962,93.99731038192577,1,0.0,0.05572907347589907,0.38699239372699146,1779127998.9240568,5,/Users/kimsumin/projects/RGMC/data/map/robot8/images/0918.png,/Users/kimsumin/projects/RGMC/data/map/robot8/overlays/0918_overlay.png,/Users/kimsumin/projects/RGMC/data/map/robot8/masks/0918_mask.png
919,0.13874999999999998,0.84375,0.0,213.4758020663404,81.30798479087453,1,0.0,0.3671698421119185,0.09067639663556873,1779128011.1142776,5,/Users/kimsumin/projects/RGMC/data/map/robot8/images/0919.png,/Users/kimsumin/projects/RGMC/data/map/robot8/overlays/0919_overlay.png,/Users/kimsumin/projects/RGMC/data/map/robot8/masks/0919_mask.png
920,0.10906249999999999,0.84375,0.0,213.90613333333334,67.9392446633826,1,0.0,0.2052789594815321,0.11920386679188026,1779128023.2969308,5,/Users/kimsumin/projects/RGMC/data/map/robot8/images/0920.png,/Users/kimsumin/projects/RGMC/data/map/robot8/overlays/0920_overlay.png,/Users/kimsumin/projects/RGMC/data/map/robot8/masks/0920_mask.png
921,0.079375,0.84375,0.0,214.10005408328826,54.71822606814494,1,0.0,0.0816731289082316,0.0703814018002529,1779128035.386083,5,/Users/kimsumin/projects/RGMC/data/map/robot8/images/0921.png,/Users/kimsumin/projects/RGMC/data/map/robot8/overlays/0921_overlay.png,/Users/kimsumin/projects/RGMC/data/map/robot8/masks/0921_mask.png
922,0.049687499999999996,0.84375,0.0,214.3060479666319,41.19790026246719,1,0.0,0.08141156502711201,0.03791230455249634,1779128047.5673366,5,/Users/kimsumin/projects/RGMC/data/map/robot8/images/0922.png,/Users/kimsumin/projects/RGMC/data/map/robot8/overlays/0922_overlay.png,/Users/kimsumin/projects/RGMC/data/map/robot8/masks/0922_mask.png
923,0.02,0.84375,0.0,214.3824617010037,28.494388027792624,1,0.0,0.2653863919655101,0.13418759270352543,1779128059.6460207,5,/Users/kimsumin/projects/RGMC/data/map/robot8/images/0923.png,/Users/kimsumin/projects/RGMC/data/map/robot8/overlays/0923_overlay.png,/Users/kimsumin/projects/RGMC/data/map/robot8/masks/0923_mask.png
924,0.02,0.875,0.0,200.7505518763797,28.23951434878587,1,0.0,0.06837306308625253,0.0694898872516373,1779128072.448043,5,/Users/kimsumin/projects/RGMC/data/map/robot8/images/0924.png,/Users/kimsumin/projects/RGMC/data/map/robot8/overlays/0924_overlay.png,/Users/kimsumin/projects/RGMC/data/map/robot8/masks/0924_mask.png
925,0.049687499999999996,0.875,0.0,200.43240284619594,40.64081408140814,1,0.0,0.03271895036545134,0.045416101538312804,1779128084.7327127,5,/Users/kimsumin/projects/RGMC/data/map/robot8/images/0925.png,/Users/kimsumin/projects/RGMC/data/map/robot8/overlays/0925_overlay.png,/Users/kimsumin/projects/RGMC/data/map/robot8/masks/0925_mask.png
926,0.079375,0.875,0.0,200.3787210584344,53.65824742268041,1,0.0,0.47326030077260034,0.07072486366487488,1779128096.4035683,5,/Users/kimsumin/projects/RGMC/data/map/robot8/images/0926.png,/Users/kimsumin/projects/RGMC/data/map/robot8/overlays/0926_overlay.png,/Users/kimsumin/projects/RGMC/data/map/robot8/masks/0926_mask.png
927,0.10906249999999999,0.875,0.0,199.22565194252263,67.41157727031333,1,0.0,0.10617079272416852,0.0405487264571039,1779128108.4903567,5,/Users/kimsumin/projects/RGMC/data/map/robot8/images/0927.png,/Users/kimsumin/projects/RGMC/data/map/robot8/overlays/0927_overlay.png,/Users/kimsumin/projects/RGMC/data/map/robot8/masks/0927_mask.png
928,0.13874999999999998,0.875,0.0,199.11755319148935,80.28885316184352,1,0.0,0.07107143712511697,0.04602238314641662,1779128120.572399,5,/Users/kimsumin/projects/RGMC/data/map/robot8/images/0928.png,/Users/kimsumin/projects/RGMC/data/map/robot8/overlays/0928_overlay.png,/Users/kimsumin/projects/RGMC/data/map/robot8/masks/0928_mask.png
929,0.1684375,0.875,0.0,198.91874668082846,93.55124800849708,1,0.0,0.08876494206384825,0.05878841747364349,1779128132.5838895,5,/Users/kimsumin/projects/RGMC/data/map/robot8/images/0929.png,/Users/kimsumin/projects/RGMC/data/map/robot8/overlays/0929_overlay.png,/Users/kimsumin/projects/RGMC/data/map/robot8/masks/0929_mask.png
930,0.19812499999999997,0.875,0.0,198.98122317596565,107.28717672413794,1,0.0,0.09462558779861509,0.06920695298558871,1779128144.7453322,5,/Users/kimsumin/projects/RGMC/data/map/robot8/images/0930.png,/Users/kimsumin/projects/RGMC/data/map/robot8/overlays/0930_overlay.png,/Users/kimsumin/projects/RGMC/data/map/robot8/masks/0930_mask.png
931,0.22781249999999997,0.875,0.0,198.02479338842974,120.39338842975206,1,0.0,0.3455070078763067,0.20086429291977126,1779128157.1383252,5,/Users/kimsumin/projects/RGMC/data/map/robot8/images/0931.png,/Users/kimsumin/projects/RGMC/data/map/robot8/overlays/0931_overlay.png,/Users/kimsumin/projects/RGMC/data/map/robot8/masks/0931_mask.png
932,0.2575,0.875,0.0,198.73933901918977,133.4291064740503,1,0.0,0.12703214962751386,0.11311438753529338,1779128169.227229,5,/Users/kimsumin/projects/RGMC/data/map/robot8/images/0932.png,/Users/kimsumin/projects/RGMC/data/map/robot8/overlays/0932_overlay.png,/Users/kimsumin/projects/RGMC/data/map/robot8/masks/0932_mask.png
933,0.2871875,0.875,0.0,198.36856668511345,147.1994459833795,1,0.0,0.2738197416435638,0.08096099336253225,1779128181.2192304,5,/Users/kimsumin/projects/RGMC/data/map/robot8/images/0933.png,/Users/kimsumin/projects/RGMC/data/map/robot8/overlays/0933_overlay.png,/Users/kimsumin/projects/RGMC/data/map/robot8/masks/0933_mask.png
934,0.316875,0.875,0.0,198.28862012094558,160.27432655305114,1,0.0,0.32452645142948133,0.12192764861241971,1779128193.1758652,5,/Users/kimsumin/projects/RGMC/data/map/robot8/images/0934.png,/Users/kimsumin/projects/RGMC/data/map/robot8/overlays/0934_overlay.png,/Users/kimsumin/projects/RGMC/data/map/robot8/masks/0934_mask.png
935,0.3465625,0.875,0.0,197.80824270177447,174.31883228391527,1,0.0,0.17243789148301678,0.1244773315624595,1779128205.262586,5,/Users/kimsumin/projects/RGMC/data/map/robot8/images/0935.png,/Users/kimsumin/projects/RGMC/data/map/robot8/overlays/0935_overlay.png,/Users/kimsumin/projects/RGMC/data/map/robot8/masks/0935_mask.png
936,0.37625,0.875,0.0,197.72072072072072,187.42577030812325,1,0.0,0.0714525434631319,0.07430399508175835,1779128217.2449396,5,/Users/kimsumin/projects/RGMC/data/map/robot8/images/0936.png,/Users/kimsumin/projects/RGMC/data/map/robot8/overlays/0936_overlay.png,/Users/kimsumin/projects/RGMC/data/map/robot8/masks/0936_mask.png
937,0.4059375,0.875,0.0,197.61453133666112,200.9746136865342,1,0.0,0.021744488252721742,0.03306926099051239,1779128229.3254323,5,/Users/kimsumin/projects/RGMC/data/map/robot8/images/0937.png,/Users/kimsumin/projects/RGMC/data/map/robot8/overlays/0937_overlay.png,/Users/kimsumin/projects/RGMC/data/map/robot8/masks/0937_mask.png
938,0.435625,0.875,0.0,197.74087982832617,213.8786902844874,1,0.0,0.06046822235843483,0.4662958793275588,1779128241.6272585,5,/Users/kimsumin/projects/RGMC/data/map/robot8/images/0938.png,/Users/kimsumin/projects/RGMC/data/map/robot8/overlays/0938_overlay.png,/Users/kimsumin/projects/RGMC/data/map/robot8/masks/0938_mask.png
939,0.4653125,0.875,0.0,197.55488141202426,227.40618101545255,1,0.0,0.05210202610683876,0.08947675750302213,1779128254.1055212,5,/Users/kimsumin/projects/RGMC/data/map/robot8/images/0939.png,/Users/kimsumin/projects/RGMC/data/map/robot8/overlays/0939_overlay.png,/Users/kimsumin/projects/RGMC/data/map/robot8/masks/0939_mask.png
940,0.495,0.875,0.0,198.38652849740933,240.9596690796277,1,0.0,0.057683033560258765,0.08059420036044586,1779128266.1881268,5,/Users/kimsumin/projects/RGMC/data/map/robot8/images/0940.png,/Users/kimsumin/projects/RGMC/data/map/robot8/overlays/0940_overlay.png,/Users/kimsumin/projects/RGMC/data/map/robot8/masks/0940_mask.png
941,0.5246875,0.875,0.0,198.5128600823045,253.83704086911536,1,0.0,0.06955510340899626,0.01672216717453867,1779128278.2747896,5,/Users/kimsumin/projects/RGMC/data/map/robot8/images/0941.png,/Users/kimsumin/projects/RGMC/data/map/robot8/overlays/0941_overlay.png,/Users/kimsumin/projects/RGMC/data/map/robot8/masks/0941_mask.png
942,0.554375,0.875,0.0,198.13224446786091,267.32169709989256,1,0.0,0.08818862828124456,0.14029095884932602,1779128290.362165,5,/Users/kimsumin/projects/RGMC/data/map/robot8/images/0942.png,/Users/kimsumin/projects/RGMC/data/map/robot8/overlays/0942_overlay.png,/Users/kimsumin/projects/RGMC/data/map/robot8/masks/0942_mask.png
943,0.5840625,0.875,0.0,198.51251916198262,281.3622892181911,1,0.0,0.05239985191071997,0.11633993066970534,1779128302.4424028,5,/Users/kimsumin/projects/RGMC/data/map/robot8/images/0943.png,/Users/kimsumin/projects/RGMC/data/map/robot8/overlays/0943_overlay.png,/Users/kimsumin/projects/RGMC/data/map/robot8/masks/0943_mask.png
944,0.61375,0.875,0.0,198.47301425661914,294.25216505348953,1,0.0,0.06321744062294138,0.21587108374904834,1779128314.5232816,5,/Users/kimsumin/projects/RGMC/data/map/robot8/images/0944.png,/Users/kimsumin/projects/RGMC/data/map/robot8/overlays/0944_overlay.png,/Users/kimsumin/projects/RGMC/data/map/robot8/masks/0944_mask.png
945,0.6434375,0.875,0.0,198.57648953301128,307.5134698275862,1,0.0,0.04329487184374869,0.12253135980388045,1779128326.7137353,5,/Users/kimsumin/projects/RGMC/data/map/robot8/images/0945.png,/Users/kimsumin/projects/RGMC/data/map/robot8/overlays/0945_overlay.png,/Users/kimsumin/projects/RGMC/data/map/robot8/masks/0945_mask.png
946,0.673125,0.875,0.0,198.25208333333333,321.13194805194803,1,0.0,0.05282622478435565,0.08329026156656279,1779128338.906756,5,/Users/kimsumin/projects/RGMC/data/map/robot8/images/0946.png,/Users/kimsumin/projects/RGMC/data/map/robot8/overlays/0946_overlay.png,/Users/kimsumin/projects/RGMC/data/map/robot8/masks/0946_mask.png
947,0.7028125,0.875,0.0,198.48349307774228,334.5928917609047,1,0.0,0.05897059938023393,0.3539319767619459,1779128350.7827563,5,/Users/kimsumin/projects/RGMC/data/map/robot8/images/0947.png,/Users/kimsumin/projects/RGMC/data/map/robot8/overlays/0947_overlay.png,/Users/kimsumin/projects/RGMC/data/map/robot8/masks/0947_mask.png
948,0.7324999999999999,0.875,0.0,196.9232723577236,347.3719512195122,1,0.0,0.6175989079154953,0.17621637943833218,1779128362.9589274,5,/Users/kimsumin/projects/RGMC/data/map/robot8/images/0948.png,/Users/kimsumin/projects/RGMC/data/map/robot8/overlays/0948_overlay.png,/Users/kimsumin/projects/RGMC/data/map/robot8/masks/0948_mask.png
949,0.7621875,0.875,0.0,198.1302982731554,360.9806181246726,1,0.0,0.04098198201696193,0.03922713950412391,1779128375.0432673,5,/Users/kimsumin/projects/RGMC/data/map/robot8/images/0949.png,/Users/kimsumin/projects/RGMC/data/map/robot8/overlays/0949_overlay.png,/Users/kimsumin/projects/RGMC/data/map/robot8/masks/0949_mask.png
950,0.791875,0.875,0.0,197.8637803590285,374.48886532343585,1,0.0,0.10510248082469838,0.18252359449905994,1779128387.1532655,5,/Users/kimsumin/projects/RGMC/data/map/robot8/images/0950.png,/Users/kimsumin/projects/RGMC/data/map/robot8/overlays/0950_overlay.png,/Users/kimsumin/projects/RGMC/data/map/robot8/masks/0950_mask.png
951,0.8215625,0.875,0.0,197.09129967776585,388.15869679453493,1,0.0,0.6307039569852085,0.07004354469353577,1779128399.2258387,5,/Users/kimsumin/projects/RGMC/data/map/robot8/images/0951.png,/Users/kimsumin/projects/RGMC/data/map/robot8/overlays/0951_overlay.png,/Users/kimsumin/projects/RGMC/data/map/robot8/masks/0951_mask.png
952,0.85125,0.875,0.0,196.9771739130435,401.04686648501365,1,0.0,0.034936197968913695,0.05222705336079673,1779128411.3957982,5,/Users/kimsumin/projects/RGMC/data/map/robot8/images/0952.png,/Users/kimsumin/projects/RGMC/data/map/robot8/overlays/0952_overlay.png,/Users/kimsumin/projects/RGMC/data/map/robot8/masks/0952_mask.png
953,0.8809374999999999,0.875,0.0,195.77902813299232,415.21566632756867,1,0.0,0.04985584292975924,0.12666463649081494,1779128423.3772562,5,/Users/kimsumin/projects/RGMC/data/map/robot8/images/0953.png,/Users/kimsumin/projects/RGMC/data/map/robot8/overlays/0953_overlay.png,/Users/kimsumin/projects/RGMC/data/map/robot8/masks/0953_mask.png
954,0.910625,0.875,0.0,196.9415401911186,427.5063711911357,1,0.0,0.04060041118877824,0.19815503153392913,1779128435.459302,5,/Users/kimsumin/projects/RGMC/data/map/robot8/images/0954.png,/Users/kimsumin/projects/RGMC/data/map/robot8/overlays/0954_overlay.png,/Users/kimsumin/projects/RGMC/data/map/robot8/masks/0954_mask.png
955,0.9403125,0.875,0.0,195.76214574898785,441.6304456685028,1,0.0,0.5944980856979803,0.08781112343313334,1779128447.6526184,5,/Users/kimsumin/projects/RGMC/data/map/robot8/images/0955.png,/Users/kimsumin/projects/RGMC/data/map/robot8/overlays/0955_overlay.png,/Users/kimsumin/projects/RGMC/data/map/robot8/masks/0955_mask.png
956,0.97,0.875,0.0,196.94706224549157,454.09890741805634,1,0.0,0.09693488892326849,0.053762052433100165,1779128459.7319717,5,/Users/kimsumin/projects/RGMC/data/map/robot8/images/0956.png,/Users/kimsumin/projects/RGMC/data/map/robot8/overlays/0956_overlay.png,/Users/kimsumin/projects/RGMC/data/map/robot8/masks/0956_mask.png
957,0.97,0.90625,0.0,182.88071348940915,454.3347921225383,1,0.0,0.06852953620510967,0.08380033856726454,1779128471.9193397,5,/Users/kimsumin/projects/RGMC/data/map/robot8/images/0957.png,/Users/kimsumin/projects/RGMC/data/map/robot8/overlays/0957_overlay.png,/Users/kimsumin/projects/RGMC/data/map/robot8/masks/0957_mask.png
958,0.9403125,0.90625,0.0,182.39539641943733,441.9381074168798,1,0.0,0.061183518641323445,0.40924699884352056,1779128484.0977488,5,/Users/kimsumin/projects/RGMC/data/map/robot8/images/0958.png,/Users/kimsumin/projects/RGMC/data/map/robot8/overlays/0958_overlay.png,/Users/kimsumin/projects/RGMC/data/map/robot8/masks/0958_mask.png
959,0.910625,0.90625,0.0,182.27813163481954,427.9962506695233,1,0.0,0.12405038101287093,0.05782027353360014,1779128496.1813142,5,/Users/kimsumin/projects/RGMC/data/map/robot8/images/0959.png,/Users/kimsumin/projects/RGMC/data/map/robot8/overlays/0959_overlay.png,/Users/kimsumin/projects/RGMC/data/map/robot8/masks/0959_mask.png
960,0.8809374999999999,0.90625,0.0,182.7540217955371,415.6134843026248,1,0.0,0.056197326992982785,0.1475704177912264,1779128508.0709229,5,/Users/kimsumin/projects/RGMC/data/map/robot8/images/0960.png,/Users/kimsumin/projects/RGMC/data/map/robot8/overlays/0960_overlay.png,/Users/kimsumin/projects/RGMC/data/map/robot8/masks/0960_mask.png
961,0.85125,0.90625,0.0,182.82228116710874,402.27745358090186,1,0.0,0.08541952213391199,0.023005421949032066,1779128520.2520335,5,/Users/kimsumin/projects/RGMC/data/map/robot8/images/0961.png,/Users/kimsumin/projects/RGMC/data/map/robot8/overlays/0961_overlay.png,/Users/kimsumin/projects/RGMC/data/map/robot8/masks/0961_mask.png
962,0.8215625,0.90625,0.0,182.9469658337583,388.68842427332993,1,0.0,0.051201010392537966,0.09799521295468581,1779128532.3449533,5,/Users/kimsumin/projects/RGMC/data/map/robot8/images/0962.png,/Users/kimsumin/projects/RGMC/data/map/robot8/overlays/0962_overlay.png,/Users/kimsumin/projects/RGMC/data/map/robot8/masks/0962_mask.png
963,0.791875,0.90625,0.0,183.22643496577146,374.9936238044633,1,0.0,0.05672110467005636,0.10000747362193592,1779128544.2111883,5,/Users/kimsumin/projects/RGMC/data/map/robot8/images/0963.png,/Users/kimsumin/projects/RGMC/data/map/robot8/overlays/0963_overlay.png,/Users/kimsumin/projects/RGMC/data/map/robot8/masks/0963_mask.png
964,0.7621875,0.90625,0.0,183.17984496124032,361.52299741602064,1,0.0,0.060357121806433996,0.3579377584134464,1779128556.611423,5,/Users/kimsumin/projects/RGMC/data/map/robot8/images/0964.png,/Users/kimsumin/projects/RGMC/data/map/robot8/overlays/0964_overlay.png,/Users/kimsumin/projects/RGMC/data/map/robot8/masks/0964_mask.png
965,0.7324999999999999,0.90625,0.0,183.3331589958159,348.05387029288704,1,0.0,0.04358656939849892,0.048891583047239964,1779128568.3798664,5,/Users/kimsumin/projects/RGMC/data/map/robot8/images/0965.png,/Users/kimsumin/projects/RGMC/data/map/robot8/overlays/0965_overlay.png,/Users/kimsumin/projects/RGMC/data/map/robot8/masks/0965_mask.png
966,0.7028125,0.90625,0.0,184.18913377754998,335.2004058853374,1,0.0,0.1420953020389941,0.08559999812558693,1779128580.5814283,5,/Users/kimsumin/projects/RGMC/data/map/robot8/images/0966.png,/Users/kimsumin/projects/RGMC/data/map/robot8/overlays/0966_overlay.png,/Users/kimsumin/projects/RGMC/data/map/robot8/masks/0966_mask.png
967,0.673125,0.90625,0.0,184.07581047381547,321.536231884058,1,0.0,0.05726117852753885,0.02936072633190451,1779128592.556568,5,/Users/kimsumin/projects/RGMC/data/map/robot8/images/0967.png,/Users/kimsumin/projects/RGMC/data/map/robot8/overlays/0967_overlay.png,/Users/kimsumin/projects/RGMC/data/map/robot8/masks/0967_mask.png
968,0.6434375,0.90625,0.0,184.0036344755971,308.08590534979425,1,0.0,0.22976908568037605,0.10620872404861469,1779128604.322505,5,/Users/kimsumin/projects/RGMC/data/map/robot8/images/0968.png,/Users/kimsumin/projects/RGMC/data/map/robot8/overlays/0968_overlay.png,/Users/kimsumin/projects/RGMC/data/map/robot8/masks/0968_mask.png
969,0.61375,0.90625,0.0,184.248766041461,294.69768586903,1,0.0,0.280999705957241,0.37252678932306016,1779128616.4050863,5,/Users/kimsumin/projects/RGMC/data/map/robot8/images/0969.png,/Users/kimsumin/projects/RGMC/data/map/robot8/overlays/0969_overlay.png,/Users/kimsumin/projects/RGMC/data/map/robot8/masks/0969_mask.png
970,0.5840625,0.90625,0.0,183.54688291941207,281.8339222614841,1,0.0,0.4596945965462447,0.084286785351432,1779128628.5987153,5,/Users/kimsumin/projects/RGMC/data/map/robot8/images/0970.png,/Users/kimsumin/projects/RGMC/data/map/robot8/overlays/0970_overlay.png,/Users/kimsumin/projects/RGMC/data/map/robot8/masks/0970_mask.png
971,0.554375,0.90625,0.0,183.27473090722705,268.28152341739576,1,0.0,0.0663885383162916,0.10754447780733492,1779128640.6710398,5,/Users/kimsumin/projects/RGMC/data/map/robot8/images/0971.png,/Users/kimsumin/projects/RGMC/data/map/robot8/overlays/0971_overlay.png,/Users/kimsumin/projects/RGMC/data/map/robot8/masks/0971_mask.png
972,0.5246875,0.90625,0.0,184.5110741971207,254.89479512735326,1,0.0,0.5817378710745799,0.4195503376767661,1779128652.6489675,5,/Users/kimsumin/projects/RGMC/data/map/robot8/images/0972.png,/Users/kimsumin/projects/RGMC/data/map/robot8/overlays/0972_overlay.png,/Users/kimsumin/projects/RGMC/data/map/robot8/masks/0972_mask.png
973,0.495,0.90625,0.0,183.53501544799175,241.27548918640576,1,0.0,0.0416297645301808,0.09086902964612528,1779128664.832437,5,/Users/kimsumin/projects/RGMC/data/map/robot8/images/0973.png,/Users/kimsumin/projects/RGMC/data/map/robot8/overlays/0973_overlay.png,/Users/kimsumin/projects/RGMC/data/map/robot8/masks/0973_mask.png
974,0.4653125,0.90625,0.0,183.363303711448,228.26405363589478,1,0.0,0.04666454702980549,0.07139230421308909,1779128677.0182612,5,/Users/kimsumin/projects/RGMC/data/map/robot8/images/0974.png,/Users/kimsumin/projects/RGMC/data/map/robot8/overlays/0974_overlay.png,/Users/kimsumin/projects/RGMC/data/map/robot8/masks/0974_mask.png
975,0.435625,0.90625,0.0,184.61635220125785,214.84915897992403,1,0.0,0.591217145672565,0.09962302220284866,1779128689.2212932,5,/Users/kimsumin/projects/RGMC/data/map/robot8/images/0975.png,/Users/kimsumin/projects/RGMC/data/map/robot8/overlays/0975_overlay.png,/Users/kimsumin/projects/RGMC/data/map/robot8/masks/0975_mask.png
976,0.4059375,0.90625,0.0,184.36534090909092,200.87719298245614,1,0.0,0.6368881978833733,0.07547782155014576,1779128701.5134182,5,/Users/kimsumin/projects/RGMC/data/map/robot8/images/0976.png,/Users/kimsumin/projects/RGMC/data/map/robot8/overlays/0976_overlay.png,/Users/kimsumin/projects/RGMC/data/map/robot8/masks/0976_mask.png
977,0.37625,0.90625,0.0,183.51900739176347,187.92449841605068,1,0.0,0.028544584175971076,0.11500273947001428,1779128713.4741988,5,/Users/kimsumin/projects/RGMC/data/map/robot8/images/0977.png,/Users/kimsumin/projects/RGMC/data/map/robot8/overlays/0977_overlay.png,/Users/kimsumin/projects/RGMC/data/map/robot8/masks/0977_mask.png
978,0.3465625,0.90625,0.0,183.66720257234726,174.7769495412844,1,0.0,0.48283846415616244,0.3000173438286878,1779128725.575011,5,/Users/kimsumin/projects/RGMC/data/map/robot8/images/0978.png,/Users/kimsumin/projects/RGMC/data/map/robot8/overlays/0978_overlay.png,/Users/kimsumin/projects/RGMC/data/map/robot8/masks/0978_mask.png
979,0.316875,0.90625,0.0,184.5818181818182,160.5859247135843,1,0.0,0.435006813787671,0.1109260544401728,1779128737.333334,5,/Users/kimsumin/projects/RGMC/data/map/robot8/images/0979.png,/Users/kimsumin/projects/RGMC/data/map/robot8/overlays/0979_overlay.png,/Users/kimsumin/projects/RGMC/data/map/robot8/masks/0979_mask.png
980,0.2871875,0.90625,0.0,183.890170236134,147.62932454695223,1,0.0,0.5056085166162938,0.07726779865803222,1779128749.4344747,5,/Users/kimsumin/projects/RGMC/data/map/robot8/images/0980.png,/Users/kimsumin/projects/RGMC/data/map/robot8/overlays/0980_overlay.png,/Users/kimsumin/projects/RGMC/data/map/robot8/masks/0980_mask.png
981,0.2575,0.90625,0.0,184.62775842044135,134.62782992821644,1,0.0,0.5816962584628975,0.10165240497100438,1779128761.612028,5,/Users/kimsumin/projects/RGMC/data/map/robot8/images/0981.png,/Users/kimsumin/projects/RGMC/data/map/robot8/overlays/0981_overlay.png,/Users/kimsumin/projects/RGMC/data/map/robot8/masks/0981_mask.png
982,0.22781249999999997,0.90625,0.0,184.91699164345403,120.81309457190822,1,0.0,0.08051649515795545,0.07526786339048637,1779128773.7878978,5,/Users/kimsumin/projects/RGMC/data/map/robot8/images/0982.png,/Users/kimsumin/projects/RGMC/data/map/robot8/overlays/0982_overlay.png,/Users/kimsumin/projects/RGMC/data/map/robot8/masks/0982_mask.png
983,0.19812499999999997,0.90625,0.0,184.9859075535513,107.69983136593592,1,0.0,0.3766272834948397,0.15154692104524817,1779128785.876138,5,/Users/kimsumin/projects/RGMC/data/map/robot8/images/0983.png,/Users/kimsumin/projects/RGMC/data/map/robot8/overlays/0983_overlay.png,/Users/kimsumin/projects/RGMC/data/map/robot8/masks/0983_mask.png
984,0.1684375,0.90625,0.0,185.12965050732808,94.50169683257919,1,0.0,0.03830253940603648,0.28744726408238014,1779128798.0608666,5,/Users/kimsumin/projects/RGMC/data/map/robot8/images/0984.png,/Users/kimsumin/projects/RGMC/data/map/robot8/overlays/0984_overlay.png,/Users/kimsumin/projects/RGMC/data/map/robot8/masks/0984_mask.png
985,0.13874999999999998,0.90625,0.0,185.3810825587753,80.85,1,0.0,0.08386298250893634,0.04234672202256024,1779128810.1618478,5,/Users/kimsumin/projects/RGMC/data/map/robot8/images/0985.png,/Users/kimsumin/projects/RGMC/data/map/robot8/overlays/0985_overlay.png,/Users/kimsumin/projects/RGMC/data/map/robot8/masks/0985_mask.png
986,0.10906249999999999,0.90625,0.0,185.4320576816417,67.86744315030505,1,0.0,0.3130694482933652,0.11210398611256134,1779128822.432599,5,/Users/kimsumin/projects/RGMC/data/map/robot8/images/0986.png,/Users/kimsumin/projects/RGMC/data/map/robot8/overlays/0986_overlay.png,/Users/kimsumin/projects/RGMC/data/map/robot8/masks/0986_mask.png
987,0.079375,0.90625,0.0,185.29921700223713,54.8668903803132,1,0.0,0.047311530269368206,0.0499595964624516,1779128834.613955,5,/Users/kimsumin/projects/RGMC/data/map/robot8/images/0987.png,/Users/kimsumin/projects/RGMC/data/map/robot8/overlays/0987_overlay.png,/Users/kimsumin/projects/RGMC/data/map/robot8/masks/0987_mask.png
988,0.049687499999999996,0.90625,0.0,185.6226012793177,41.156716417910445,1,0.0,0.3606696169252921,0.10315582032831395,1779128846.72661,5,/Users/kimsumin/projects/RGMC/data/map/robot8/images/0988.png,/Users/kimsumin/projects/RGMC/data/map/robot8/overlays/0988_overlay.png,/Users/kimsumin/projects/RGMC/data/map/robot8/masks/0988_mask.png
989,0.02,0.90625,0.0,186.42849576271186,28.447927736450584,1,0.0,0.06082603317441359,0.05407415146678726,1779128859.5137322,5,/Users/kimsumin/projects/RGMC/data/map/robot8/images/0989.png,/Users/kimsumin/projects/RGMC/data/map/robot8/overlays/0989_overlay.png,/Users/kimsumin/projects/RGMC/data/map/robot8/masks/0989_mask.png
990,0.02,0.9375,0.0,171.4431455897981,28.22340425531915,1,0.0,0.07391879436393582,0.11273481595717451,1779128871.3873022,5,/Users/kimsumin/projects/RGMC/data/map/robot8/images/0990.png,/Users/kimsumin/projects/RGMC/data/map/robot8/overlays/0990_overlay.png,/Users/kimsumin/projects/RGMC/data/map/robot8/masks/0990_mask.png
991,0.049687499999999996,0.9375,0.0,171.20882503848128,40.650688424273326,1,0.0,0.040964176153900515,0.07101703988335684,1779128883.3679993,5,/Users/kimsumin/projects/RGMC/data/map/robot8/images/0991.png,/Users/kimsumin/projects/RGMC/data/map/robot8/overlays/0991_overlay.png,/Users/kimsumin/projects/RGMC/data/map/robot8/masks/0991_mask.png
992,0.079375,0.9375,0.0,171.07083333333333,53.66979166666667,1,0.0,0.11938533073347415,0.07545352264068848,1779128895.7466574,5,/Users/kimsumin/projects/RGMC/data/map/robot8/images/0992.png,/Users/kimsumin/projects/RGMC/data/map/robot8/overlays/0992_overlay.png,/Users/kimsumin/projects/RGMC/data/map/robot8/masks/0992_mask.png
993,0.10906249999999999,0.9375,0.0,171.16622411046203,67.29615795090714,1,0.0,0.05951098149811113,0.13670478987531737,1779128907.6329894,5,/Users/kimsumin/projects/RGMC/data/map/robot8/images/0993.png,/Users/kimsumin/projects/RGMC/data/map/robot8/overlays/0993_overlay.png,/Users/kimsumin/projects/RGMC/data/map/robot8/masks/0993_mask.png
994,0.13874999999999998,0.9375,0.0,170.99684542586752,80.48317560462671,1,0.0,0.030644570950037326,0.05602146499556925,1779128919.407405,5,/Users/kimsumin/projects/RGMC/data/map/robot8/images/0994.png,/Users/kimsumin/projects/RGMC/data/map/robot8/overlays/0994_overlay.png,/Users/kimsumin/projects/RGMC/data/map/robot8/masks/0994_mask.png
995,0.1684375,0.9375,0.0,169.72329828444936,93.71827956989247,1,0.0,0.3188526829833657,0.3774212905304446,1779128931.596634,5,/Users/kimsumin/projects/RGMC/data/map/robot8/images/0995.png,/Users/kimsumin/projects/RGMC/data/map/robot8/overlays/0995_overlay.png,/Users/kimsumin/projects/RGMC/data/map/robot8/masks/0995_mask.png
996,0.19812499999999997,0.9375,0.0,170.34362934362935,107.31329288472146,1,0.0,0.3263949224990876,0.1586053750934452,1779128943.7986598,5,/Users/kimsumin/projects/RGMC/data/map/robot8/images/0996.png,/Users/kimsumin/projects/RGMC/data/map/robot8/overlays/0996_overlay.png,/Users/kimsumin/projects/RGMC/data/map/robot8/masks/0996_mask.png
997,0.22781249999999997,0.9375,0.0,169.91920309905922,120.59037493005036,1,0.0,0.039889622661702574,0.14724081600103262,1779128955.8578672,5,/Users/kimsumin/projects/RGMC/data/map/robot8/images/0997.png,/Users/kimsumin/projects/RGMC/data/map/robot8/overlays/0997_overlay.png,/Users/kimsumin/projects/RGMC/data/map/robot8/masks/0997_mask.png
998,0.2575,0.9375,0.0,169.60125499144323,134.0949623624783,1,0.0,0.09436280697230592,0.3912880551811244,1779128967.9484286,5,/Users/kimsumin/projects/RGMC/data/map/robot8/images/0998.png,/Users/kimsumin/projects/RGMC/data/map/robot8/overlays/0998_overlay.png,/Users/kimsumin/projects/RGMC/data/map/robot8/masks/0998_mask.png
999,0.2871875,0.9375,0.0,169.73109721432633,147.2443438914027,1,0.0,0.0743473687453859,0.06921978399566067,1779128979.9262109,5,/Users/kimsumin/projects/RGMC/data/map/robot8/images/0999.png,/Users/kimsumin/projects/RGMC/data/map/robot8/overlays/0999_overlay.png,/Users/kimsumin/projects/RGMC/data/map/robot8/masks/0999_mask.png
1000,0.316875,0.9375,0.0,169.63413242009133,160.41573660714286,1,0.0,0.08446941492367134,0.11186100062242886,1779128991.888977,5,/Users/kimsumin/projects/RGMC/data/map/robot8/images/1000.png,/Users/kimsumin/projects/RGMC/data/map/robot8/overlays/1000_overlay.png,/Users/kimsumin/projects/RGMC/data/map/robot8/masks/1000_mask.png
1001,0.3465625,0.9375,0.0,169.54430379746836,173.91023535851122,1,0.0,0.07646355075147881,0.0828648621199343,1779129004.0940592,5,/Users/kimsumin/projects/RGMC/data/map/robot8/images/1001.png,/Users/kimsumin/projects/RGMC/data/map/robot8/overlays/1001_overlay.png,/Users/kimsumin/projects/RGMC/data/map/robot8/masks/1001_mask.png
1002,0.37625,0.9375,0.0,169.73692992213572,187.50138504155126,1,0.0,0.044494055154244344,0.045668424440413115,1779129016.2751467,5,/Users/kimsumin/projects/RGMC/data/map/robot8/images/1002.png,/Users/kimsumin/projects/RGMC/data/map/robot8/overlays/1002_overlay.png,/Users/kimsumin/projects/RGMC/data/map/robot8/masks/1002_mask.png
1003,0.4059375,0.9375,0.0,169.4506963788301,200.57357023875625,1,0.0,0.03534811350082381,0.06425970511258301,1779129028.0505993,5,/Users/kimsumin/projects/RGMC/data/map/robot8/images/1003.png,/Users/kimsumin/projects/RGMC/data/map/robot8/overlays/1003_overlay.png,/Users/kimsumin/projects/RGMC/data/map/robot8/masks/1003_mask.png
1004,0.435625,0.9375,0.0,169.32737430167597,214.76145251396647,1,0.0,0.05609106976336168,0.06906683814676677,1779129040.1489716,5,/Users/kimsumin/projects/RGMC/data/map/robot8/images/1004.png,/Users/kimsumin/projects/RGMC/data/map/robot8/overlays/1004_overlay.png,/Users/kimsumin/projects/RGMC/data/map/robot8/masks/1004_mask.png
1005,0.4653125,0.9375,0.0,169.30981256890848,227.7342888643881,1,0.0,0.06313178029167114,0.2475293143255135,1779129052.320475,5,/Users/kimsumin/projects/RGMC/data/map/robot8/images/1005.png,/Users/kimsumin/projects/RGMC/data/map/robot8/overlays/1005_overlay.png,/Users/kimsumin/projects/RGMC/data/map/robot8/masks/1005_mask.png
1006,0.495,0.9375,0.0,169.390243902439,240.91940615058326,1,0.0,0.030395017094049494,0.04205046283375722,1779129064.3105006,5,/Users/kimsumin/projects/RGMC/data/map/robot8/images/1006.png,/Users/kimsumin/projects/RGMC/data/map/robot8/overlays/1006_overlay.png,/Users/kimsumin/projects/RGMC/data/map/robot8/masks/1006_mask.png
1007,0.5246875,0.9375,0.0,170.06900102986612,253.99482669425763,1,0.0,0.40998754788748104,0.16190112191994183,1779129076.485925,5,/Users/kimsumin/projects/RGMC/data/map/robot8/images/1007.png,/Users/kimsumin/projects/RGMC/data/map/robot8/overlays/1007_overlay.png,/Users/kimsumin/projects/RGMC/data/map/robot8/masks/1007_mask.png
1008,0.554375,0.9375,0.0,170.22708333333333,267.77258403361344,1,0.0,0.10121265608955436,0.0544771828396763,1779129088.4895566,5,/Users/kimsumin/projects/RGMC/data/map/robot8/images/1008.png,/Users/kimsumin/projects/RGMC/data/map/robot8/overlays/1008_overlay.png,/Users/kimsumin/projects/RGMC/data/map/robot8/masks/1008_mask.png
1009,0.5840625,0.9375,0.0,170.0633507853403,280.905059989567,1,0.0,0.45414966043907956,0.12210611927209777,1779129100.5497465,5,/Users/kimsumin/projects/RGMC/data/map/robot8/images/1009.png,/Users/kimsumin/projects/RGMC/data/map/robot8/overlays/1009_overlay.png,/Users/kimsumin/projects/RGMC/data/map/robot8/masks/1009_mask.png
1010,0.61375,0.9375,0.0,170.45473465140478,295.29144942648594,1,0.0,0.050638028285383226,0.07093544714863553,1779129112.6650636,5,/Users/kimsumin/projects/RGMC/data/map/robot8/images/1010.png,/Users/kimsumin/projects/RGMC/data/map/robot8/overlays/1010_overlay.png,/Users/kimsumin/projects/RGMC/data/map/robot8/masks/1010_mask.png
1011,0.6434375,0.9375,0.0,170.46017699115043,307.81197478991595,1,0.0,0.039749225391192244,0.08856403912961433,1779129124.8187335,5,/Users/kimsumin/projects/RGMC/data/map/robot8/images/1011.png,/Users/kimsumin/projects/RGMC/data/map/robot8/overlays/1011_overlay.png,/Users/kimsumin/projects/RGMC/data/map/robot8/masks/1011_mask.png
1012,0.673125,0.9375,0.0,170.3585291113381,321.06537282941775,1,0.0,0.06638965341335007,0.08916551348059053,1779129136.9178185,5,/Users/kimsumin/projects/RGMC/data/map/robot8/images/1012.png,/Users/kimsumin/projects/RGMC/data/map/robot8/overlays/1012_overlay.png,/Users/kimsumin/projects/RGMC/data/map/robot8/masks/1012_mask.png
1013,0.7028125,0.9375,0.0,170.47065101387406,334.8874137015401,1,0.0,0.05771738475984668,0.07463637081530129,1779129148.989567,5,/Users/kimsumin/projects/RGMC/data/map/robot8/images/1013.png,/Users/kimsumin/projects/RGMC/data/map/robot8/overlays/1013_overlay.png,/Users/kimsumin/projects/RGMC/data/map/robot8/masks/1013_mask.png
1014,0.7324999999999999,0.9375,0.0,169.94405594405595,347.61461090524085,1,0.0,0.5254366642181552,0.11949360776200219,1779129161.175668,5,/Users/kimsumin/projects/RGMC/data/map/robot8/images/1014.png,/Users/kimsumin/projects/RGMC/data/map/robot8/overlays/1014_overlay.png,/Users/kimsumin/projects/RGMC/data/map/robot8/masks/1014_mask.png
1015,0.7621875,0.9375,0.0,169.74142480211083,361.1137088204038,1,0.0,0.05517443814654417,0.06255513716739097,1779129173.670158,5,/Users/kimsumin/projects/RGMC/data/map/robot8/images/1015.png,/Users/kimsumin/projects/RGMC/data/map/robot8/overlays/1015_overlay.png,/Users/kimsumin/projects/RGMC/data/map/robot8/masks/1015_mask.png
1016,0.791875,0.9375,0.0,169.7330485851575,374.98075895243187,1,0.0,0.45182131525049485,0.06305074912867244,1779129185.8541396,5,/Users/kimsumin/projects/RGMC/data/map/robot8/images/1016.png,/Users/kimsumin/projects/RGMC/data/map/robot8/overlays/1016_overlay.png,/Users/kimsumin/projects/RGMC/data/map/robot8/masks/1016_mask.png
1017,0.8215625,0.9375,0.0,168.72269326683292,388.1037406483791,1,0.0,0.12202631928250512,0.13181100685468358,1779129197.7962108,5,/Users/kimsumin/projects/RGMC/data/map/robot8/images/1017.png,/Users/kimsumin/projects/RGMC/data/map/robot8/overlays/1017_overlay.png,/Users/kimsumin/projects/RGMC/data/map/robot8/masks/1017_mask.png
1018,0.85125,0.9375,0.0,169.70673575129533,401.08051948051946,1,0.0,0.33852366369816395,0.3350303233724724,1779129209.8158228,5,/Users/kimsumin/projects/RGMC/data/map/robot8/images/1018.png,/Users/kimsumin/projects/RGMC/data/map/robot8/overlays/1018_overlay.png,/Users/kimsumin/projects/RGMC/data/map/robot8/masks/1018_mask.png
1019,0.8809374999999999,0.9375,0.0,168.00834637454355,415.1219385096404,1,0.0,0.26175569443857594,0.15284910402867646,1779129222.0013144,5,/Users/kimsumin/projects/RGMC/data/map/robot8/images/1019.png,/Users/kimsumin/projects/RGMC/data/map/robot8/overlays/1019_overlay.png,/Users/kimsumin/projects/RGMC/data/map/robot8/masks/1019_mask.png
1020,0.910625,0.9375,0.0,167.83141361256546,427.64526315789476,1,0.0,0.025788033857490827,0.17807184417376815,1779129234.0972326,5,/Users/kimsumin/projects/RGMC/data/map/robot8/images/1020.png,/Users/kimsumin/projects/RGMC/data/map/robot8/overlays/1020_overlay.png,/Users/kimsumin/projects/RGMC/data/map/robot8/masks/1020_mask.png
1021,0.9403125,0.9375,0.0,168.57203389830508,441.56067832538423,1,0.0,0.45996259640539133,0.11577168825164014,1779129246.2781274,5,/Users/kimsumin/projects/RGMC/data/map/robot8/images/1021.png,/Users/kimsumin/projects/RGMC/data/map/robot8/overlays/1021_overlay.png,/Users/kimsumin/projects/RGMC/data/map/robot8/masks/1021_mask.png
1022,0.97,0.9375,0.0,168.63890473474044,454.36576086956524,1,0.0,0.49687315803743587,0.04335028649560324,1779129258.464532,5,/Users/kimsumin/projects/RGMC/data/map/robot8/images/1022.png,/Users/kimsumin/projects/RGMC/data/map/robot8/overlays/1022_overlay.png,/Users/kimsumin/projects/RGMC/data/map/robot8/masks/1022_mask.png
1023,0.97,0.96875,0.0,154.00218579234974,454.6920152091255,1,0.0,0.02729078625002158,0.10197540498219178,1779129270.2312791,5,/Users/kimsumin/projects/RGMC/data/map/robot8/images/1023.png,/Users/kimsumin/projects/RGMC/data/map/robot8/overlays/1023_overlay.png,/Users/kimsumin/projects/RGMC/data/map/robot8/masks/1023_mask.png
1024,0.9403125,0.96875,0.0,154.1986408782018,442.94197595399896,1,0.0,0.08928059929521262,0.042038705862448386,1779129282.220826,5,/Users/kimsumin/projects/RGMC/data/map/robot8/images/1024.png,/Users/kimsumin/projects/RGMC/data/map/robot8/overlays/1024_overlay.png,/Users/kimsumin/projects/RGMC/data/map/robot8/masks/1024_mask.png
1025,0.910625,0.96875,0.0,154.43303335097934,428.0168598524763,1,0.0,0.05461704077737667,0.05648549116394945,1779129294.4132347,5,/Users/kimsumin/projects/RGMC/data/map/robot8/images/1025.png,/Users/kimsumin/projects/RGMC/data/map/robot8/overlays/1025_overlay.png,/Users/kimsumin/projects/RGMC/data/map/robot8/masks/1025_mask.png
1026,0.8809374999999999,0.96875,0.0,154.65828630066702,415.71523178807945,1,0.0,0.023638829915240238,0.0881170909908716,1779129306.6864684,5,/Users/kimsumin/projects/RGMC/data/map/robot8/images/1026.png,/Users/kimsumin/projects/RGMC/data/map/robot8/overlays/1026_overlay.png,/Users/kimsumin/projects/RGMC/data/map/robot8/masks/1026_mask.png
1027,0.85125,0.96875,0.0,154.67517278043593,402.2902711323764,1,0.0,0.06818990132550103,0.0769717606468465,1779129318.872945,5,/Users/kimsumin/projects/RGMC/data/map/robot8/images/1027.png,/Users/kimsumin/projects/RGMC/data/map/robot8/overlays/1027_overlay.png,/Users/kimsumin/projects/RGMC/data/map/robot8/masks/1027_mask.png
1028,0.8215625,0.96875,0.0,154.8372093023256,388.6602628918099,1,0.0,0.39048392429545076,0.04832632071312324,1779129331.0857348,5,/Users/kimsumin/projects/RGMC/data/map/robot8/images/1028.png,/Users/kimsumin/projects/RGMC/data/map/robot8/overlays/1028_overlay.png,/Users/kimsumin/projects/RGMC/data/map/robot8/masks/1028_mask.png
1029,0.791875,0.96875,0.0,154.8421052631579,375.3480083857442,1,0.0,0.05357826195899133,0.18751158685128555,1779129343.271905,5,/Users/kimsumin/projects/RGMC/data/map/robot8/images/1029.png,/Users/kimsumin/projects/RGMC/data/map/robot8/overlays/1029_overlay.png,/Users/kimsumin/projects/RGMC/data/map/robot8/masks/1029_mask.png
1030,0.7621875,0.96875,0.0,155.0368639667705,362.3232533889468,1,0.0,0.09768098679848233,0.10532483638605357,1779129355.1261113,5,/Users/kimsumin/projects/RGMC/data/map/robot8/images/1030.png,/Users/kimsumin/projects/RGMC/data/map/robot8/overlays/1030_overlay.png,/Users/kimsumin/projects/RGMC/data/map/robot8/masks/1030_mask.png
1031,0.7324999999999999,0.96875,0.0,154.97223650385604,348.26515930113055,1,0.0,0.039210021758535454,0.08048175790930782,1779129367.2027845,5,/Users/kimsumin/projects/RGMC/data/map/robot8/images/1031.png,/Users/kimsumin/projects/RGMC/data/map/robot8/overlays/1031_overlay.png,/Users/kimsumin/projects/RGMC/data/map/robot8/masks/1031_mask.png
1032,0.7028125,0.96875,0.0,155.93350383631713,335.3994897959184,1,0.0,0.05771492558683771,0.06779362818274107,1779129378.8816464,5,/Users/kimsumin/projects/RGMC/data/map/robot8/images/1032.png,/Users/kimsumin/projects/RGMC/data/map/robot8/overlays/1032_overlay.png,/Users/kimsumin/projects/RGMC/data/map/robot8/masks/1032_mask.png
1033,0.673125,0.96875,0.0,155.22515212981745,321.5377597567157,1,0.0,0.10194509226099588,0.074073470690419,1779129390.8602335,5,/Users/kimsumin/projects/RGMC/data/map/robot8/images/1033.png,/Users/kimsumin/projects/RGMC/data/map/robot8/overlays/1033_overlay.png,/Users/kimsumin/projects/RGMC/data/map/robot8/masks/1033_mask.png
1034,0.6434375,0.96875,0.0,154.92131318394996,308.3210332103321,1,0.0,0.13487849742637809,0.061624026406135304,1779129402.8544638,5,/Users/kimsumin/projects/RGMC/data/map/robot8/images/1034.png,/Users/kimsumin/projects/RGMC/data/map/robot8/overlays/1034_overlay.png,/Users/kimsumin/projects/RGMC/data/map/robot8/masks/1034_mask.png
1035,0.61375,0.96875,0.0,155.1996879875195,295.2559585492228,1,0.0,0.05807737106586279,0.09078247693099763,1779129415.0433857,5,/Users/kimsumin/projects/RGMC/data/map/robot8/images/1035.png,/Users/kimsumin/projects/RGMC/data/map/robot8/overlays/1035_overlay.png,/Users/kimsumin/projects/RGMC/data/map/robot8/masks/1035_mask.png
1036,0.5840625,0.96875,0.0,155.09577177789097,281.4075394803872,1,0.0,0.025418642991036498,0.1191214509753804,1779129427.2118099,5,/Users/kimsumin/projects/RGMC/data/map/robot8/images/1036.png,/Users/kimsumin/projects/RGMC/data/map/robot8/overlays/1036_overlay.png,/Users/kimsumin/projects/RGMC/data/map/robot8/masks/1036_mask.png
1037,0.554375,0.96875,0.0,155.09652706843718,267.7256033578174,1,0.0,0.06266384754677473,0.13632894536596676,1779129439.4123294,5,/Users/kimsumin/projects/RGMC/data/map/robot8/images/1037.png,/Users/kimsumin/projects/RGMC/data/map/robot8/overlays/1037_overlay.png,/Users/kimsumin/projects/RGMC/data/map/robot8/masks/1037_mask.png
1038,0.5246875,0.96875,0.0,155.02787456445992,254.28391959798995,1,0.0,0.041963092777768246,0.10820019825067484,1779129451.5857012,5,/Users/kimsumin/projects/RGMC/data/map/robot8/images/1038.png,/Users/kimsumin/projects/RGMC/data/map/robot8/overlays/1038_overlay.png,/Users/kimsumin/projects/RGMC/data/map/robot8/masks/1038_mask.png
1039,0.495,0.96875,0.0,155.1203084832905,241.26299536798766,1,0.0,0.08491242077723099,0.1794913958294931,1779129463.6844573,5,/Users/kimsumin/projects/RGMC/data/map/robot8/images/1039.png,/Users/kimsumin/projects/RGMC/data/map/robot8/overlays/1039_overlay.png,/Users/kimsumin/projects/RGMC/data/map/robot8/masks/1039_mask.png
1040,0.4653125,0.96875,0.0,155.11609907120743,227.84922279792747,1,0.0,0.0857726255945421,0.14470503852753078,1779129475.6491928,5,/Users/kimsumin/projects/RGMC/data/map/robot8/images/1040.png,/Users/kimsumin/projects/RGMC/data/map/robot8/overlays/1040_overlay.png,/Users/kimsumin/projects/RGMC/data/map/robot8/masks/1040_mask.png
1041,0.435625,0.96875,0.0,154.99402823018457,214.74113856068743,1,0.0,0.06601934646347297,0.11569115393817127,1779129487.8374298,5,/Users/kimsumin/projects/RGMC/data/map/robot8/images/1041.png,/Users/kimsumin/projects/RGMC/data/map/robot8/overlays/1041_overlay.png,/Users/kimsumin/projects/RGMC/data/map/robot8/masks/1041_mask.png
1042,0.4059375,0.96875,0.0,154.267304445695,201.21647819063006,1,0.0,0.36192747685133264,0.05597473231412573,1779129499.9191115,5,/Users/kimsumin/projects/RGMC/data/map/robot8/images/1042.png,/Users/kimsumin/projects/RGMC/data/map/robot8/overlays/1042_overlay.png,/Users/kimsumin/projects/RGMC/data/map/robot8/masks/1042_mask.png
1043,0.37625,0.96875,0.0,155.43690349946976,187.40603493912124,1,0.0,0.07627818228523875,0.07586619156038825,1779129511.896557,5,/Users/kimsumin/projects/RGMC/data/map/robot8/images/1043.png,/Users/kimsumin/projects/RGMC/data/map/robot8/overlays/1043_overlay.png,/Users/kimsumin/projects/RGMC/data/map/robot8/masks/1043_mask.png
1044,0.3465625,0.96875,0.0,155.4763655462185,174.1297268907563,1,0.0,0.3819309204766998,0.18217462925413216,1779129523.9808311,5,/Users/kimsumin/projects/RGMC/data/map/robot8/images/1044.png,/Users/kimsumin/projects/RGMC/data/map/robot8/overlays/1044_overlay.png,/Users/kimsumin/projects/RGMC/data/map/robot8/masks/1044_mask.png
1045,0.316875,0.96875,0.0,156.36568457538993,160.83939919121894,1,0.0,0.07057629481262202,0.0796989803456133,1779129536.2884948,5,/Users/kimsumin/projects/RGMC/data/map/robot8/images/1045.png,/Users/kimsumin/projects/RGMC/data/map/robot8/overlays/1045_overlay.png,/Users/kimsumin/projects/RGMC/data/map/robot8/masks/1045_mask.png
1046,0.2871875,0.96875,0.0,155.43872411863458,147.51926298157454,1,0.0,0.07177813703800753,0.060184671212952075,1779129548.3545089,5,/Users/kimsumin/projects/RGMC/data/map/robot8/images/1046.png,/Users/kimsumin/projects/RGMC/data/map/robot8/overlays/1046_overlay.png,/Users/kimsumin/projects/RGMC/data/map/robot8/masks/1046_mask.png
1047,0.2575,0.96875,0.0,156.39836448598132,134.40070093457945,1,0.0,0.5370660285443868,0.44077055007169397,1779129560.5419912,5,/Users/kimsumin/projects/RGMC/data/map/robot8/images/1047.png,/Users/kimsumin/projects/RGMC/data/map/robot8/overlays/1047_overlay.png,/Users/kimsumin/projects/RGMC/data/map/robot8/masks/1047_mask.png
1048,0.22781249999999997,0.96875,0.0,155.5949918345128,120.89433551198258,1,0.0,0.07773297839188548,0.04853038240665914,1779129572.6740263,5,/Users/kimsumin/projects/RGMC/data/map/robot8/images/1048.png,/Users/kimsumin/projects/RGMC/data/map/robot8/overlays/1048_overlay.png,/Users/kimsumin/projects/RGMC/data/map/robot8/masks/1048_mask.png
1049,0.19812499999999997,0.96875,0.0,156.9019943019943,107.76980056980057,1,0.0,0.06169214499833002,0.08323975282388332,1779129584.504527,5,/Users/kimsumin/projects/RGMC/data/map/robot8/images/1049.png,/Users/kimsumin/projects/RGMC/data/map/robot8/overlays/1049_overlay.png,/Users/kimsumin/projects/RGMC/data/map/robot8/masks/1049_mask.png
1050,0.1684375,0.96875,0.0,156.98676227247657,93.6951219512195,1,0.0,0.0756291386565323,0.3578095687212228,1779129596.4847016,5,/Users/kimsumin/projects/RGMC/data/map/robot8/images/1050.png,/Users/kimsumin/projects/RGMC/data/map/robot8/overlays/1050_overlay.png,/Users/kimsumin/projects/RGMC/data/map/robot8/masks/1050_mask.png
1051,0.13874999999999998,0.96875,0.0,157.02916432978128,80.9837170129141,1,0.0,0.3405174934547288,0.1511880254268277,1779129608.67056,5,/Users/kimsumin/projects/RGMC/data/map/robot8/images/1051.png,/Users/kimsumin/projects/RGMC/data/map/robot8/overlays/1051_overlay.png,/Users/kimsumin/projects/RGMC/data/map/robot8/masks/1051_mask.png
1052,0.10906249999999999,0.96875,0.0,157.36368810472396,67.57989836250705,1,0.0,0.20688038985366441,0.062269993576151685,1779129620.8551674,5,/Users/kimsumin/projects/RGMC/data/map/robot8/images/1052.png,/Users/kimsumin/projects/RGMC/data/map/robot8/overlays/1052_overlay.png,/Users/kimsumin/projects/RGMC/data/map/robot8/masks/1052_mask.png
1053,0.079375,0.96875,0.0,157.304822043628,54.63461538461539,1,0.0,0.06809943854815363,0.11652042124612383,1779129632.9387972,5,/Users/kimsumin/projects/RGMC/data/map/robot8/images/1053.png,/Users/kimsumin/projects/RGMC/data/map/robot8/overlays/1053_overlay.png,/Users/kimsumin/projects/RGMC/data/map/robot8/masks/1053_mask.png
1054,0.049687499999999996,0.96875,0.0,157.569222283508,40.988416988416986,1,0.0,0.24838913610466218,0.07943147994241807,1779129644.714099,5,/Users/kimsumin/projects/RGMC/data/map/robot8/images/1054.png,/Users/kimsumin/projects/RGMC/data/map/robot8/overlays/1054_overlay.png,/Users/kimsumin/projects/RGMC/data/map/robot8/masks/1054_mask.png
1055,0.02,0.96875,0.0,157.93550135501354,28.291897891231965,1,0.0,0.17307284638919246,0.06557920581543222,1779129656.5956438,5,/Users/kimsumin/projects/RGMC/data/map/robot8/images/1055.png,/Users/kimsumin/projects/RGMC/data/map/robot8/overlays/1055_overlay.png,/Users/kimsumin/projects/RGMC/data/map/robot8/masks/1055_mask.png
1056,0.02,1.0,0.0,144.37240184757505,27.72459584295612,1,0.0,0.07599152582545948,0.037666943682980646,1779129668.4731762,5,/Users/kimsumin/projects/RGMC/data/map/robot8/images/1056.png,/Users/kimsumin/projects/RGMC/data/map/robot8/overlays/1056_overlay.png,/Users/kimsumin/projects/RGMC/data/map/robot8/masks/1056_mask.png
1057,0.049687499999999996,1.0,0.0,143.98236632536972,40.31911262798635,1,0.0,0.09518610055182727,0.07781327888011406,1779129680.4469,5,/Users/kimsumin/projects/RGMC/data/map/robot8/images/1057.png,/Users/kimsumin/projects/RGMC/data/map/robot8/overlays/1057_overlay.png,/Users/kimsumin/projects/RGMC/data/map/robot8/masks/1057_mask.png
1058,0.079375,1.0,0.0,142.73522975929978,53.38407367280607,1,0.0,0.5040899227946003,0.056006661009438144,1779129692.541588,5,/Users/kimsumin/projects/RGMC/data/map/robot8/images/1058.png,/Users/kimsumin/projects/RGMC/data/map/robot8/overlays/1058_overlay.png,/Users/kimsumin/projects/RGMC/data/map/robot8/masks/1058_mask.png
1059,0.10906249999999999,1.0,0.0,142.36980306345734,66.99176728869374,1,0.0,0.10582486181551548,0.06880475398788495,1779129704.6219296,5,/Users/kimsumin/projects/RGMC/data/map/robot8/images/1059.png,/Users/kimsumin/projects/RGMC/data/map/robot8/overlays/1059_overlay.png,/Users/kimsumin/projects/RGMC/data/map/robot8/masks/1059_mask.png
1060,0.13874999999999998,1.0,0.0,142.16510215350635,80.53277310924369,1,0.0,0.23446955014502258,0.11317708561817631,1779129716.697645,5,/Users/kimsumin/projects/RGMC/data/map/robot8/images/1060.png,/Users/kimsumin/projects/RGMC/data/map/robot8/overlays/1060_overlay.png,/Users/kimsumin/projects/RGMC/data/map/robot8/masks/1060_mask.png
1061,0.1684375,1.0,0.0,142.27297297297298,93.58647026732133,1,0.0,0.1372518686778126,0.0691994246022216,1779129728.9851222,5,/Users/kimsumin/projects/RGMC/data/map/robot8/images/1061.png,/Users/kimsumin/projects/RGMC/data/map/robot8/overlays/1061_overlay.png,/Users/kimsumin/projects/RGMC/data/map/robot8/masks/1061_mask.png
1062,0.19812499999999997,1.0,0.0,142.01210787011559,107.09631260319208,1,0.0,0.1470402924305287,0.07251498024779969,1779129741.1812072,5,/Users/kimsumin/projects/RGMC/data/map/robot8/images/1062.png,/Users/kimsumin/projects/RGMC/data/map/robot8/overlays/1062_overlay.png,/Users/kimsumin/projects/RGMC/data/map/robot8/masks/1062_mask.png
1063,0.22781249999999997,1.0,0.0,141.52053274139845,120.40631929046563,1,0.0,0.06816699480101399,0.14513363936653517,1779129753.155096,5,/Users/kimsumin/projects/RGMC/data/map/robot8/images/1063.png,/Users/kimsumin/projects/RGMC/data/map/robot8/overlays/1063_overlay.png,/Users/kimsumin/projects/RGMC/data/map/robot8/masks/1063_mask.png
1064,0.2575,1.0,0.0,141.55679287305122,134.38593481989707,1,0.0,0.1419735825206981,0.3901915520659823,1779129765.0439076,5,/Users/kimsumin/projects/RGMC/data/map/robot8/images/1064.png,/Users/kimsumin/projects/RGMC/data/map/robot8/overlays/1064_overlay.png,/Users/kimsumin/projects/RGMC/data/map/robot8/masks/1064_mask.png
1065,0.2871875,1.0,0.0,141.3963963963964,147.24450704225353,1,0.0,0.06402728390023486,0.04997013112393843,1779129777.0246484,5,/Users/kimsumin/projects/RGMC/data/map/robot8/images/1065.png,/Users/kimsumin/projects/RGMC/data/map/robot8/overlays/1065_overlay.png,/Users/kimsumin/projects/RGMC/data/map/robot8/masks/1065_mask.png
1066,0.316875,1.0,0.0,141.46647887323942,160.8228279386712,1,0.0,0.06438353013302293,0.03905711058168366,1779129789.3012857,5,/Users/kimsumin/projects/RGMC/data/map/robot8/images/1066.png,/Users/kimsumin/projects/RGMC/data/map/robot8/overlays/1066_overlay.png,/Users/kimsumin/projects/RGMC/data/map/robot8/masks/1066_mask.png
1067,0.3465625,1.0,0.0,141.69741900054916,173.48235942668137,1,0.0,0.060987131439734645,0.10652793075149464,1779129801.3911347,5,/Users/kimsumin/projects/RGMC/data/map/robot8/images/1067.png,/Users/kimsumin/projects/RGMC/data/map/robot8/overlays/1067_overlay.png,/Users/kimsumin/projects/RGMC/data/map/robot8/masks/1067_mask.png
1068,0.37625,1.0,0.0,141.3828382838284,187.23956043956045,1,0.0,0.03189058207839308,0.10743618211156608,1779129813.2608676,5,/Users/kimsumin/projects/RGMC/data/map/robot8/images/1068.png,/Users/kimsumin/projects/RGMC/data/map/robot8/overlays/1068_overlay.png,/Users/kimsumin/projects/RGMC/data/map/robot8/masks/1068_mask.png
1069,0.4059375,1.0,0.0,141.43949394939494,200.8963210702341,1,0.0,0.04167003357504816,0.07527132370837544,1779129825.3470502,5,/Users/kimsumin/projects/RGMC/data/map/robot8/images/1069.png,/Users/kimsumin/projects/RGMC/data/map/robot8/overlays/1069_overlay.png,/Users/kimsumin/projects/RGMC/data/map/robot8/masks/1069_mask.png
1070,0.435625,1.0,0.0,141.44641895530427,213.6659412404788,1,0.0,0.0386392815599378,0.09030266084144517,1779129837.4400296,5,/Users/kimsumin/projects/RGMC/data/map/robot8/images/1070.png,/Users/kimsumin/projects/RGMC/data/map/robot8/overlays/1070_overlay.png,/Users/kimsumin/projects/RGMC/data/map/robot8/masks/1070_mask.png
1071,0.4653125,1.0,0.0,141.23555070883316,227.73340647284695,1,0.0,0.0322170809619831,0.16372698903265134,1779129849.6132088,5,/Users/kimsumin/projects/RGMC/data/map/robot8/images/1071.png,/Users/kimsumin/projects/RGMC/data/map/robot8/overlays/1071_overlay.png,/Users/kimsumin/projects/RGMC/data/map/robot8/masks/1071_mask.png
1072,0.495,1.0,0.0,141.3497589716122,240.80010746910264,1,0.0,0.050146189842855016,0.16013039171156954,1779129861.7075174,5,/Users/kimsumin/projects/RGMC/data/map/robot8/images/1072.png,/Users/kimsumin/projects/RGMC/data/map/robot8/overlays/1072_overlay.png,/Users/kimsumin/projects/RGMC/data/map/robot8/masks/1072_mask.png
1073,0.5246875,1.0,0.0,141.23080995235574,253.61461090524088,1,0.0,0.127010507809488,0.044449341010060504,1779129873.7821577,5,/Users/kimsumin/projects/RGMC/data/map/robot8/images/1073.png,/Users/kimsumin/projects/RGMC/data/map/robot8/overlays/1073_overlay.png,/Users/kimsumin/projects/RGMC/data/map/robot8/masks/1073_mask.png
1074,0.554375,1.0,0.0,141.60855263157896,267.24122807017545,1,0.0,0.15902760591783943,0.2143503833015218,1779129885.8739438,5,/Users/kimsumin/projects/RGMC/data/map/robot8/images/1074.png,/Users/kimsumin/projects/RGMC/data/map/robot8/overlays/1074_overlay.png,/Users/kimsumin/projects/RGMC/data/map/robot8/masks/1074_mask.png
1075,0.5840625,1.0,0.0,141.279284164859,280.61542610571735,1,0.0,0.2823081488465777,0.14483622704466406,1779129898.1816106,5,/Users/kimsumin/projects/RGMC/data/map/robot8/images/1075.png,/Users/kimsumin/projects/RGMC/data/map/robot8/overlays/1075_overlay.png,/Users/kimsumin/projects/RGMC/data/map/robot8/masks/1075_mask.png
1076,0.61375,1.0,0.0,142.05188679245282,295.12945492662476,1,0.0,0.2669011603812042,0.10547047911753824,1779129910.338422,5,/Users/kimsumin/projects/RGMC/data/map/robot8/images/1076.png,/Users/kimsumin/projects/RGMC/data/map/robot8/overlays/1076_overlay.png,/Users/kimsumin/projects/RGMC/data/map/robot8/masks/1076_mask.png
1077,0.6434375,1.0,0.0,142.01941747572815,307.3304347826087,1,0.0,0.11520346616010255,0.1963142141764335,1779129922.5224278,5,/Users/kimsumin/projects/RGMC/data/map/robot8/images/1077.png,/Users/kimsumin/projects/RGMC/data/map/robot8/overlays/1077_overlay.png,/Users/kimsumin/projects/RGMC/data/map/robot8/masks/1077_mask.png
1078,0.673125,1.0,0.0,142.3550204918033,321.4220041322314,1,0.0,0.12957871843612062,0.1223039739807358,1779129934.6261256,5,/Users/kimsumin/projects/RGMC/data/map/robot8/images/1078.png,/Users/kimsumin/projects/RGMC/data/map/robot8/overlays/1078_overlay.png,/Users/kimsumin/projects/RGMC/data/map/robot8/masks/1078_mask.png
1079,0.7028125,1.0,0.0,141.96705632306058,335.13802221047064,1,0.0,0.3886947120867722,0.07159539038536723,1779129946.6982322,5,/Users/kimsumin/projects/RGMC/data/map/robot8/images/1079.png,/Users/kimsumin/projects/RGMC/data/map/robot8/overlays/1079_overlay.png,/Users/kimsumin/projects/RGMC/data/map/robot8/masks/1079_mask.png
1080,0.7324999999999999,1.0,0.0,141.8994708994709,347.95779914529913,1,0.0,0.5697301684628798,0.13129937382761334,1779129958.8758006,5,/Users/kimsumin/projects/RGMC/data/map/robot8/images/1080.png,/Users/kimsumin/projects/RGMC/data/map/robot8/overlays/1080_overlay.png,/Users/kimsumin/projects/RGMC/data/map/robot8/masks/1080_mask.png
1081,0.7621875,1.0,0.0,141.94303797468353,361.352016762703,1,0.0,0.594202644162544,0.25610239869754503,1779129970.7588258,5,/Users/kimsumin/projects/RGMC/data/map/robot8/images/1081.png,/Users/kimsumin/projects/RGMC/data/map/robot8/overlays/1081_overlay.png,/Users/kimsumin/projects/RGMC/data/map/robot8/masks/1081_mask.png
1082,0.791875,1.0,0.0,140.646511627907,374.7906618778861,1,0.0,0.1017330294471497,0.15445827822947605,1779129982.9414902,5,/Users/kimsumin/projects/RGMC/data/map/robot8/images/1082.png,/Users/kimsumin/projects/RGMC/data/map/robot8/overlays/1082_overlay.png,/Users/kimsumin/projects/RGMC/data/map/robot8/masks/1082_mask.png
1083,0.8215625,1.0,0.0,140.5910447761194,388.5846230654019,1,0.0,0.0768851601231422,0.09027264832869929,1779129995.0306928,5,/Users/kimsumin/projects/RGMC/data/map/robot8/images/1083.png,/Users/kimsumin/projects/RGMC/data/map/robot8/overlays/1083_overlay.png,/Users/kimsumin/projects/RGMC/data/map/robot8/masks/1083_mask.png
1084,0.85125,1.0,0.0,140.35859336305103,401.29990069513406,1,0.0,0.08077445128594146,0.08183686742485104,1779130007.1109302,5,/Users/kimsumin/projects/RGMC/data/map/robot8/images/1084.png,/Users/kimsumin/projects/RGMC/data/map/robot8/overlays/1084_overlay.png,/Users/kimsumin/projects/RGMC/data/map/robot8/masks/1084_mask.png
1085,0.8809374999999999,1.0,0.0,140.65603190428715,415.1984126984127,1,0.0,0.0756999137529731,0.05948320763142453,1779130018.9864569,5,/Users/kimsumin/projects/RGMC/data/map/robot8/images/1085.png,/Users/kimsumin/projects/RGMC/data/map/robot8/overlays/1085_overlay.png,/Users/kimsumin/projects/RGMC/data/map/robot8/masks/1085_mask.png
1086,0.910625,1.0,0.0,139.4527600849257,427.6009463722398,1,0.0,0.0771024261716387,0.16207550752820848,1779130031.2796547,5,/Users/kimsumin/projects/RGMC/data/map/robot8/images/1086.png,/Users/kimsumin/projects/RGMC/data/map/robot8/overlays/1086_overlay.png,/Users/kimsumin/projects/RGMC/data/map/robot8/masks/1086_mask.png
1087,0.9403125,1.0,0.0,139.18386773547095,442.03086112493776,1,0.0,0.06650610137661994,0.07926586088583817,1779130043.160882,5,/Users/kimsumin/projects/RGMC/data/map/robot8/images/1087.png,/Users/kimsumin/projects/RGMC/data/map/robot8/overlays/1087_overlay.png,/Users/kimsumin/projects/RGMC/data/map/robot8/masks/1087_mask.png
1088,0.97,1.0,0.0,139.96113989637306,454.7103626943005,1,0.0,0.12309563300420634,0.09168266006570869,1779130055.3424332,5,/Users/kimsumin/projects/RGMC/data/map/robot8/images/1088.png,/Users/kimsumin/projects/RGMC/data/map/robot8/overlays/1088_overlay.png,/Users/kimsumin/projects/RGMC/data/map/robot8/masks/1088_mask.png
