idx,x,y,z,u,v,ok,confidence,std_u,std_v,timestamp,n_valid,image_path,overlay_path,mask_path
0,0.0,0.0,,578.8728971962616,55.53197405004634,1,0.0,0.3249190781037823,0.050494225917222135,1775833361.412817,5,/Users/kimsumin/projects/RGMC/data/map/robot4/images/0000.png,/Users/kimsumin/projects/RGMC/data/map/robot4/overlays/0000_overlay.png,/Users/kimsumin/projects/RGMC/data/map/robot4/masks/0000_mask.png
1,0.0290625,0.0,,578.8104089219331,67.66324626865672,1,0.0,0.35876010270140946,0.09310634881872835,1775833371.0370915,5,/Users/kimsumin/projects/RGMC/data/map/robot4/images/0001.png,/Users/kimsumin/projects/RGMC/data/map/robot4/overlays/0001_overlay.png,/Users/kimsumin/projects/RGMC/data/map/robot4/masks/0001_mask.png
2,0.058125,0.0,,579.0081967213115,80.4207650273224,1,0.0,0.03057973471492646,0.07695998302382696,1775833382.002198,5,/Users/kimsumin/projects/RGMC/data/map/robot4/images/0002.png,/Users/kimsumin/projects/RGMC/data/map/robot4/overlays/0002_overlay.png,/Users/kimsumin/projects/RGMC/data/map/robot4/masks/0002_mask.png
3,0.0871875,0.0,,579.2312614259598,92.91058394160584,1,0.0,0.050553946709271685,0.06236590635527237,1775833392.1411123,5,/Users/kimsumin/projects/RGMC/data/map/robot4/images/0003.png,/Users/kimsumin/projects/RGMC/data/map/robot4/overlays/0003_overlay.png,/Users/kimsumin/projects/RGMC/data/map/robot4/masks/0003_mask.png
4,0.11625,0.0,,579.0354545454545,105.5393665158371,1,0.0,0.08923827085957615,0.03785686833774641,1775833401.8217456,5,/Users/kimsumin/projects/RGMC/data/map/robot4/images/0004.png,/Users/kimsumin/projects/RGMC/data/map/robot4/overlays/0004_overlay.png,/Users/kimsumin/projects/RGMC/data/map/robot4/masks/0004_mask.png
5,0.1453125,0.0,,579.1187214611872,118.87807097361238,1,0.0,0.036307296580120885,0.0698771604599391,1775833411.4918897,5,/Users/kimsumin/projects/RGMC/data/map/robot4/images/0005.png,/Users/kimsumin/projects/RGMC/data/map/robot4/overlays/0005_overlay.png,/Users/kimsumin/projects/RGMC/data/map/robot4/masks/0005_mask.png
6,0.174375,0.0,,579.0156106519743,131.3700642791552,1,0.0,0.033844338376170756,0.015040002510366985,1775833421.3269522,5,/Users/kimsumin/projects/RGMC/data/map/robot4/images/0006.png,/Users/kimsumin/projects/RGMC/data/map/robot4/overlays/0006_overlay.png,/Users/kimsumin/projects/RGMC/data/map/robot4/masks/0006_mask.png
7,0.20343750000000002,0.0,,579.1814882032668,143.8433515482696,1,0.0,0.06231042722115418,0.07778802945488236,1775833431.057438,5,/Users/kimsumin/projects/RGMC/data/map/robot4/images/0007.png,/Users/kimsumin/projects/RGMC/data/map/robot4/overlays/0007_overlay.png,/Users/kimsumin/projects/RGMC/data/map/robot4/masks/0007_mask.png
8,0.2325,0.0,,579.0673339399455,156.3765880217786,1,0.0,0.020470959273002166,0.04955773063136857,1775833440.5937815,5,/Users/kimsumin/projects/RGMC/data/map/robot4/images/0008.png,/Users/kimsumin/projects/RGMC/data/map/robot4/overlays/0008_overlay.png,/Users/kimsumin/projects/RGMC/data/map/robot4/masks/0008_mask.png
9,0.26156250000000003,0.0,,579.0009074410164,169.21024258760107,1,0.0,0.04100280490703062,0.07658746234303249,1775833450.296983,5,/Users/kimsumin/projects/RGMC/data/map/robot4/images/0009.png,/Users/kimsumin/projects/RGMC/data/map/robot4/overlays/0009_overlay.png,/Users/kimsumin/projects/RGMC/data/map/robot4/masks/0009_mask.png
10,0.290625,0.0,,579.0421903052064,181.42290351668169,1,0.0,0.055309510644401594,0.35732392607400804,1775833460.0234082,5,/Users/kimsumin/projects/RGMC/data/map/robot4/images/0010.png,/Users/kimsumin/projects/RGMC/data/map/robot4/overlays/0010_overlay.png,/Users/kimsumin/projects/RGMC/data/map/robot4/masks/0010_mask.png
11,0.3196875,0.0,,579.0287836583101,195.1144967682364,1,0.0,0.092627517657171,0.057591650974537625,1775833469.32799,5,/Users/kimsumin/projects/RGMC/data/map/robot4/images/0011.png,/Users/kimsumin/projects/RGMC/data/map/robot4/overlays/0011_overlay.png,/Users/kimsumin/projects/RGMC/data/map/robot4/masks/0011_mask.png
12,0.34875,0.0,,579.3182674199624,206.97089201877935,1,0.0,0.019575448190288766,0.0669352218478097,1775833479.1023293,5,/Users/kimsumin/projects/RGMC/data/map/robot4/images/0012.png,/Users/kimsumin/projects/RGMC/data/map/robot4/overlays/0012_overlay.png,/Users/kimsumin/projects/RGMC/data/map/robot4/masks/0012_mask.png
13,0.3778125,0.0,,579.0510677808728,219.81522748375116,1,0.0,0.019652324126191115,0.04642291761305712,1775833489.313005,5,/Users/kimsumin/projects/RGMC/data/map/robot4/images/0013.png,/Users/kimsumin/projects/RGMC/data/map/robot4/overlays/0013_overlay.png,/Users/kimsumin/projects/RGMC/data/map/robot4/masks/0013_mask.png
14,0.40687500000000004,0.0,,579.1967361740707,232.8559708295351,1,0.0,0.032431073226441384,0.030182837497045114,1775833499.150261,5,/Users/kimsumin/projects/RGMC/data/map/robot4/images/0014.png,/Users/kimsumin/projects/RGMC/data/map/robot4/overlays/0014_overlay.png,/Users/kimsumin/projects/RGMC/data/map/robot4/masks/0014_mask.png
15,0.43593750000000003,0.0,,579.154686078253,245.28440366972478,1,0.0,0.023594588522984575,0.07296504726196333,1775833509.3937998,5,/Users/kimsumin/projects/RGMC/data/map/robot4/images/0015.png,/Users/kimsumin/projects/RGMC/data/map/robot4/overlays/0015_overlay.png,/Users/kimsumin/projects/RGMC/data/map/robot4/masks/0015_mask.png
16,0.465,0.0,,578.8512241054614,258.92627599243855,1,0.0,0.06623970751157,0.04368484461399883,1775833519.642593,5,/Users/kimsumin/projects/RGMC/data/map/robot4/images/0016.png,/Users/kimsumin/projects/RGMC/data/map/robot4/overlays/0016_overlay.png,/Users/kimsumin/projects/RGMC/data/map/robot4/masks/0016_mask.png
17,0.4940625,0.0,,579.2694775435381,271.4390467461045,1,0.0,0.027922744240858523,0.03443824999306638,1775833529.1632688,5,/Users/kimsumin/projects/RGMC/data/map/robot4/images/0017.png,/Users/kimsumin/projects/RGMC/data/map/robot4/overlays/0017_overlay.png,/Users/kimsumin/projects/RGMC/data/map/robot4/masks/0017_mask.png
18,0.5231250000000001,0.0,,579.3104395604396,283.9294871794872,1,0.0,0.03097233645151619,0.03207798034173125,1775833541.7445786,5,/Users/kimsumin/projects/RGMC/data/map/robot4/images/0018.png,/Users/kimsumin/projects/RGMC/data/map/robot4/overlays/0018_overlay.png,/Users/kimsumin/projects/RGMC/data/map/robot4/masks/0018_mask.png
19,0.5521875,0.0,,579.300909090909,296.55974264705884,1,0.0,0.06185704284599962,0.0714499364865694,1775833551.4678175,5,/Users/kimsumin/projects/RGMC/data/map/robot4/images/0019.png,/Users/kimsumin/projects/RGMC/data/map/robot4/overlays/0019_overlay.png,/Users/kimsumin/projects/RGMC/data/map/robot4/masks/0019_mask.png
20,0.58125,0.0,,579.4729241877257,309.30027051397656,1,0.0,0.02542446865467599,0.01690345076699025,1775833561.0989015,5,/Users/kimsumin/projects/RGMC/data/map/robot4/images/0020.png,/Users/kimsumin/projects/RGMC/data/map/robot4/overlays/0020_overlay.png,/Users/kimsumin/projects/RGMC/data/map/robot4/masks/0020_mask.png
21,0.6103125,0.0,,579.2271028037383,322.83286384976526,1,0.0,0.05566221712612245,0.05731112480341106,1775833570.743436,5,/Users/kimsumin/projects/RGMC/data/map/robot4/images/0021.png,/Users/kimsumin/projects/RGMC/data/map/robot4/overlays/0021_overlay.png,/Users/kimsumin/projects/RGMC/data/map/robot4/masks/0021_mask.png
22,0.639375,0.0,,579.4479262672811,335.387811634349,1,0.0,0.03987526182078601,0.032031648436874456,1775833580.3556457,5,/Users/kimsumin/projects/RGMC/data/map/robot4/images/0022.png,/Users/kimsumin/projects/RGMC/data/map/robot4/overlays/0022_overlay.png,/Users/kimsumin/projects/RGMC/data/map/robot4/masks/0022_mask.png
23,0.6684375,0.0,,579.6445060018467,347.9298245614035,1,0.0,0.045995060144895385,0.055534058941148864,1775833590.506264,5,/Users/kimsumin/projects/RGMC/data/map/robot4/images/0023.png,/Users/kimsumin/projects/RGMC/data/map/robot4/overlays/0023_overlay.png,/Users/kimsumin/projects/RGMC/data/map/robot4/masks/0023_mask.png
24,0.6975,0.0,,579.6605504587156,360.5347349177331,1,0.0,0.023504077575304018,0.06788760300501617,1775833600.0065315,5,/Users/kimsumin/projects/RGMC/data/map/robot4/images/0024.png,/Users/kimsumin/projects/RGMC/data/map/robot4/overlays/0024_overlay.png,/Users/kimsumin/projects/RGMC/data/map/robot4/masks/0024_mask.png
25,0.7265625,0.0,,580.0036529680365,373.19927862939585,1,0.0,0.08445579153265317,0.03426959862185509,1775833609.7383976,5,/Users/kimsumin/projects/RGMC/data/map/robot4/images/0025.png,/Users/kimsumin/projects/RGMC/data/map/robot4/overlays/0025_overlay.png,/Users/kimsumin/projects/RGMC/data/map/robot4/masks/0025_mask.png
26,0.755625,0.0,,579.8884652049571,386.91296121097446,1,0.0,0.039838666849732994,0.07081519491557928,1775833620.284958,5,/Users/kimsumin/projects/RGMC/data/map/robot4/images/0026.png,/Users/kimsumin/projects/RGMC/data/map/robot4/overlays/0026_overlay.png,/Users/kimsumin/projects/RGMC/data/map/robot4/masks/0026_mask.png
27,0.7846875000000001,0.0,,579.9238005644403,399.2507068803016,1,0.0,0.02736315270389122,0.019617566379694026,1775833629.714144,5,/Users/kimsumin/projects/RGMC/data/map/robot4/images/0027.png,/Users/kimsumin/projects/RGMC/data/map/robot4/overlays/0027_overlay.png,/Users/kimsumin/projects/RGMC/data/map/robot4/masks/0027_mask.png
28,0.8137500000000001,0.0,,579.7478427612656,411.7164605137964,1,0.0,0.1298148787812072,0.07256500146400553,1775833639.34255,5,/Users/kimsumin/projects/RGMC/data/map/robot4/images/0028.png,/Users/kimsumin/projects/RGMC/data/map/robot4/overlays/0028_overlay.png,/Users/kimsumin/projects/RGMC/data/map/robot4/masks/0028_mask.png
29,0.8428125000000001,0.0,,579.8102189781022,424.86222627737226,1,0.0,0.04505963256269812,0.1331734865785214,1775833649.672888,5,/Users/kimsumin/projects/RGMC/data/map/robot4/images/0029.png,/Users/kimsumin/projects/RGMC/data/map/robot4/overlays/0029_overlay.png,/Users/kimsumin/projects/RGMC/data/map/robot4/masks/0029_mask.png
30,0.8718750000000001,0.0,,580.2003610108303,437.4864620938628,1,0.0,0.046859208257714155,0.08852468875478647,1775833660.0239956,5,/Users/kimsumin/projects/RGMC/data/map/robot4/images/0030.png,/Users/kimsumin/projects/RGMC/data/map/robot4/overlays/0030_overlay.png,/Users/kimsumin/projects/RGMC/data/map/robot4/masks/0030_mask.png
31,0.9009375000000001,0.0,,579.8753541076487,450.84056603773587,1,0.0,0.04544488987531597,0.03257613175594826,1775833669.7463906,5,/Users/kimsumin/projects/RGMC/data/map/robot4/images/0031.png,/Users/kimsumin/projects/RGMC/data/map/robot4/overlays/0031_overlay.png,/Users/kimsumin/projects/RGMC/data/map/robot4/masks/0031_mask.png
32,0.93,0.0,,580.0029382957885,462.564152791381,1,0.0,0.06369872445186096,0.05916938773991732,1775833679.1188219,5,/Users/kimsumin/projects/RGMC/data/map/robot4/images/0032.png,/Users/kimsumin/projects/RGMC/data/map/robot4/overlays/0032_overlay.png,/Users/kimsumin/projects/RGMC/data/map/robot4/masks/0032_mask.png
33,0.93,0.03125,,566.6453546453547,462.43056943056945,1,0.0,0.04269071284774534,0.05776405466023448,1775833689.5049822,5,/Users/kimsumin/projects/RGMC/data/map/robot4/images/0033.png,/Users/kimsumin/projects/RGMC/data/map/robot4/overlays/0033_overlay.png,/Users/kimsumin/projects/RGMC/data/map/robot4/masks/0033_mask.png
34,0.9009375000000001,0.03125,,566.5374149659864,450.7086538461538,1,0.0,0.3260930632612285,0.43675111901064884,1775833699.1308324,5,/Users/kimsumin/projects/RGMC/data/map/robot4/images/0034.png,/Users/kimsumin/projects/RGMC/data/map/robot4/overlays/0034_overlay.png,/Users/kimsumin/projects/RGMC/data/map/robot4/masks/0034_mask.png
35,0.8718750000000001,0.03125,,566.7292051756008,437.5114995400184,1,0.0,0.027538860488836206,0.04543869962525958,1775833708.8742204,5,/Users/kimsumin/projects/RGMC/data/map/robot4/images/0035.png,/Users/kimsumin/projects/RGMC/data/map/robot4/overlays/0035_overlay.png,/Users/kimsumin/projects/RGMC/data/map/robot4/masks/0035_mask.png
36,0.8428125000000001,0.03125,,565.6594399277326,424.93279569892474,1,0.0,0.08370049791681314,0.05135082326402639,1775833718.1808958,5,/Users/kimsumin/projects/RGMC/data/map/robot4/images/0036.png,/Users/kimsumin/projects/RGMC/data/map/robot4/overlays/0036_overlay.png,/Users/kimsumin/projects/RGMC/data/map/robot4/masks/0036_mask.png
37,0.8137500000000001,0.03125,,566.4700285442436,412.1615969581749,1,0.0,0.3397785005421039,0.06552359822017727,1775833727.2271287,5,/Users/kimsumin/projects/RGMC/data/map/robot4/images/0037.png,/Users/kimsumin/projects/RGMC/data/map/robot4/overlays/0037_overlay.png,/Users/kimsumin/projects/RGMC/data/map/robot4/masks/0037_mask.png
38,0.7846875000000001,0.03125,,565.6576744186046,399.34697674418607,1,0.0,0.04096233281448847,0.045677494016473176,1775833736.9195127,5,/Users/kimsumin/projects/RGMC/data/map/robot4/images/0038.png,/Users/kimsumin/projects/RGMC/data/map/robot4/overlays/0038_overlay.png,/Users/kimsumin/projects/RGMC/data/map/robot4/masks/0038_mask.png
39,0.755625,0.03125,,565.7550458715597,387.26524953789277,1,0.0,0.07232080431201857,0.06535466156761041,1775833746.648455,5,/Users/kimsumin/projects/RGMC/data/map/robot4/images/0039.png,/Users/kimsumin/projects/RGMC/data/map/robot4/overlays/0039_overlay.png,/Users/kimsumin/projects/RGMC/data/map/robot4/masks/0039_mask.png
40,0.7265625,0.03125,,565.8424295774648,373.67693661971833,1,0.0,0.041336696568992776,0.3414058862491269,1775833756.1864207,5,/Users/kimsumin/projects/RGMC/data/map/robot4/images/0040.png,/Users/kimsumin/projects/RGMC/data/map/robot4/overlays/0040_overlay.png,/Users/kimsumin/projects/RGMC/data/map/robot4/masks/0040_mask.png
41,0.6975,0.03125,,565.6864481842339,360.94661921708183,1,0.0,0.06860355367516598,0.08968976266572817,1775833765.896927,5,/Users/kimsumin/projects/RGMC/data/map/robot4/images/0041.png,/Users/kimsumin/projects/RGMC/data/map/robot4/overlays/0041_overlay.png,/Users/kimsumin/projects/RGMC/data/map/robot4/masks/0041_mask.png
42,0.6684375,0.03125,,565.3962432915921,348.12756467439783,1,0.0,0.08237655180421609,0.03673729904332588,1775833775.568575,5,/Users/kimsumin/projects/RGMC/data/map/robot4/images/0042.png,/Users/kimsumin/projects/RGMC/data/map/robot4/overlays/0042_overlay.png,/Users/kimsumin/projects/RGMC/data/map/robot4/masks/0042_mask.png
43,0.639375,0.03125,,565.3755697356427,335.5077484047402,1,0.0,0.035046326387771276,0.030829492841029125,1775833784.547846,5,/Users/kimsumin/projects/RGMC/data/map/robot4/images/0043.png,/Users/kimsumin/projects/RGMC/data/map/robot4/overlays/0043_overlay.png,/Users/kimsumin/projects/RGMC/data/map/robot4/masks/0043_mask.png
44,0.6103125,0.03125,,564.8237965485922,323.34635879218473,1,0.0,0.24453925983603358,0.08302521188620314,1775833793.753452,5,/Users/kimsumin/projects/RGMC/data/map/robot4/images/0044.png,/Users/kimsumin/projects/RGMC/data/map/robot4/overlays/0044_overlay.png,/Users/kimsumin/projects/RGMC/data/map/robot4/masks/0044_mask.png
45,0.58125,0.03125,,564.6669758812616,309.7565139263252,1,0.0,0.23286587249640558,0.39049619791634266,1775833805.5704043,5,/Users/kimsumin/projects/RGMC/data/map/robot4/images/0045.png,/Users/kimsumin/projects/RGMC/data/map/robot4/overlays/0045_overlay.png,/Users/kimsumin/projects/RGMC/data/map/robot4/masks/0045_mask.png
46,0.5521875,0.03125,,564.3523550724638,297.1911231884058,1,0.0,0.060521670547655546,0.05287401308518516,1775833815.1809866,5,/Users/kimsumin/projects/RGMC/data/map/robot4/images/0046.png,/Users/kimsumin/projects/RGMC/data/map/robot4/overlays/0046_overlay.png,/Users/kimsumin/projects/RGMC/data/map/robot4/masks/0046_mask.png
47,0.5231250000000001,0.03125,,564.2785843920145,284.48548094373865,1,0.0,0.2589641443422652,0.07746256266956265,1775833824.4729452,5,/Users/kimsumin/projects/RGMC/data/map/robot4/images/0047.png,/Users/kimsumin/projects/RGMC/data/map/robot4/overlays/0047_overlay.png,/Users/kimsumin/projects/RGMC/data/map/robot4/masks/0047_mask.png
48,0.4940625,0.03125,,564.3409715857011,271.65381083562903,1,0.0,0.03318364454777652,0.04976263750320486,1775833833.702587,5,/Users/kimsumin/projects/RGMC/data/map/robot4/images/0048.png,/Users/kimsumin/projects/RGMC/data/map/robot4/overlays/0048_overlay.png,/Users/kimsumin/projects/RGMC/data/map/robot4/masks/0048_mask.png
49,0.465,0.03125,,564.259835315645,259.4429347826087,1,0.0,0.047613019614808724,0.08248015414246723,1775833844.0330772,5,/Users/kimsumin/projects/RGMC/data/map/robot4/images/0049.png,/Users/kimsumin/projects/RGMC/data/map/robot4/overlays/0049_overlay.png,/Users/kimsumin/projects/RGMC/data/map/robot4/masks/0049_mask.png
50,0.43593750000000003,0.03125,,565.1020583190394,245.76632302405497,1,0.0,0.015797661603467836,0.3225336633397489,1775833853.1302288,5,/Users/kimsumin/projects/RGMC/data/map/robot4/images/0050.png,/Users/kimsumin/projects/RGMC/data/map/robot4/overlays/0050_overlay.png,/Users/kimsumin/projects/RGMC/data/map/robot4/masks/0050_mask.png
51,0.40687500000000004,0.03125,,564.3701413427561,233.50132860938885,1,0.0,0.008579299722479321,0.06634416579918632,1775833862.2426593,5,/Users/kimsumin/projects/RGMC/data/map/robot4/images/0051.png,/Users/kimsumin/projects/RGMC/data/map/robot4/overlays/0051_overlay.png,/Users/kimsumin/projects/RGMC/data/map/robot4/masks/0051_mask.png
52,0.3778125,0.03125,,565.0251517779706,220.69010416666666,1,0.0,0.28934087227676236,0.047664721340716844,1775833871.2449338,5,/Users/kimsumin/projects/RGMC/data/map/robot4/images/0052.png,/Users/kimsumin/projects/RGMC/data/map/robot4/overlays/0052_overlay.png,/Users/kimsumin/projects/RGMC/data/map/robot4/masks/0052_mask.png
53,0.34875,0.03125,,564.4091324200913,207.79409048938135,1,0.0,0.2539327991746892,0.08519052537253398,1775833880.7877405,5,/Users/kimsumin/projects/RGMC/data/map/robot4/images/0053.png,/Users/kimsumin/projects/RGMC/data/map/robot4/overlays/0053_overlay.png,/Users/kimsumin/projects/RGMC/data/map/robot4/masks/0053_mask.png
54,0.3196875,0.03125,,564.248856358646,195.50411710887465,1,0.0,0.027030134524620202,0.03150146492867205,1775833889.9839642,5,/Users/kimsumin/projects/RGMC/data/map/robot4/images/0054.png,/Users/kimsumin/projects/RGMC/data/map/robot4/overlays/0054_overlay.png,/Users/kimsumin/projects/RGMC/data/map/robot4/masks/0054_mask.png
55,0.290625,0.03125,,564.4817518248175,182.64017857142858,1,0.0,0.11393462508320847,0.06305734686088044,1775833901.1450481,5,/Users/kimsumin/projects/RGMC/data/map/robot4/images/0055.png,/Users/kimsumin/projects/RGMC/data/map/robot4/overlays/0055_overlay.png,/Users/kimsumin/projects/RGMC/data/map/robot4/masks/0055_mask.png
56,0.26156250000000003,0.03125,,564.2811387900356,169.58519179304193,1,0.0,0.02366785969876439,0.028964374008561652,1775833910.3598425,5,/Users/kimsumin/projects/RGMC/data/map/robot4/images/0056.png,/Users/kimsumin/projects/RGMC/data/map/robot4/overlays/0056_overlay.png,/Users/kimsumin/projects/RGMC/data/map/robot4/masks/0056_mask.png
57,0.2325,0.03125,,564.372911169745,157.01671064204047,1,0.0,0.282859141757745,0.08272599188985716,1775833919.5109272,5,/Users/kimsumin/projects/RGMC/data/map/robot4/images/0057.png,/Users/kimsumin/projects/RGMC/data/map/robot4/overlays/0057_overlay.png,/Users/kimsumin/projects/RGMC/data/map/robot4/masks/0057_mask.png
58,0.20343750000000002,0.03125,,564.1434977578475,144.33935018050542,1,0.0,0.037974927626006176,0.05756629346570543,1775833929.2964346,5,/Users/kimsumin/projects/RGMC/data/map/robot4/images/0058.png,/Users/kimsumin/projects/RGMC/data/map/robot4/overlays/0058_overlay.png,/Users/kimsumin/projects/RGMC/data/map/robot4/masks/0058_mask.png
59,0.174375,0.03125,,564.9768041237113,131.8015734265734,1,0.0,0.10063030505143304,0.04585105526293577,1775833938.2804198,5,/Users/kimsumin/projects/RGMC/data/map/robot4/images/0059.png,/Users/kimsumin/projects/RGMC/data/map/robot4/overlays/0059_overlay.png,/Users/kimsumin/projects/RGMC/data/map/robot4/masks/0059_mask.png
60,0.1453125,0.03125,,564.5513513513514,118.93783783783783,1,0.0,0.09578885996178099,0.10378207662822976,1775833947.9777966,5,/Users/kimsumin/projects/RGMC/data/map/robot4/images/0060.png,/Users/kimsumin/projects/RGMC/data/map/robot4/overlays/0060_overlay.png,/Users/kimsumin/projects/RGMC/data/map/robot4/masks/0060_mask.png
61,0.11625,0.03125,,564.9653948535936,106.9547471162378,1,0.0,0.09821649242974148,0.046555031149860183,1775833957.2658088,5,/Users/kimsumin/projects/RGMC/data/map/robot4/images/0061.png,/Users/kimsumin/projects/RGMC/data/map/robot4/overlays/0061_overlay.png,/Users/kimsumin/projects/RGMC/data/map/robot4/masks/0061_mask.png
62,0.0871875,0.03125,,564.9930434782609,93.36236933797909,1,0.0,0.10254538818377558,0.08267392159585381,1775833966.5015855,5,/Users/kimsumin/projects/RGMC/data/map/robot4/images/0062.png,/Users/kimsumin/projects/RGMC/data/map/robot4/overlays/0062_overlay.png,/Users/kimsumin/projects/RGMC/data/map/robot4/masks/0062_mask.png
63,0.058125,0.03125,,564.2554151624548,80.91056910569105,1,0.0,0.06354558702177636,0.10665880638631046,1775833976.6060555,5,/Users/kimsumin/projects/RGMC/data/map/robot4/images/0063.png,/Users/kimsumin/projects/RGMC/data/map/robot4/overlays/0063_overlay.png,/Users/kimsumin/projects/RGMC/data/map/robot4/masks/0063_mask.png
64,0.0290625,0.03125,,564.7968613775065,67.95030514385353,1,0.0,0.3034913943450029,0.09577389544330255,1775833986.1766715,5,/Users/kimsumin/projects/RGMC/data/map/robot4/images/0064.png,/Users/kimsumin/projects/RGMC/data/map/robot4/overlays/0064_overlay.png,/Users/kimsumin/projects/RGMC/data/map/robot4/masks/0064_mask.png
65,0.0,0.03125,,564.8132260947274,55.57837837837838,1,0.0,0.18277557482586382,0.08060431442190379,1775833995.2062595,5,/Users/kimsumin/projects/RGMC/data/map/robot4/images/0065.png,/Users/kimsumin/projects/RGMC/data/map/robot4/overlays/0065_overlay.png,/Users/kimsumin/projects/RGMC/data/map/robot4/masks/0065_mask.png
66,0.0,0.0625,,551.2996323529412,55.19304666056725,1,0.0,0.039919647128294315,0.04113817334111925,1775834005.071461,5,/Users/kimsumin/projects/RGMC/data/map/robot4/images/0066.png,/Users/kimsumin/projects/RGMC/data/map/robot4/overlays/0066_overlay.png,/Users/kimsumin/projects/RGMC/data/map/robot4/masks/0066_mask.png
67,0.0290625,0.0625,,551.0401093892434,67.97761862130707,1,0.0,0.05209565888992346,0.16761999229140362,1775834016.1478016,5,/Users/kimsumin/projects/RGMC/data/map/robot4/images/0067.png,/Users/kimsumin/projects/RGMC/data/map/robot4/overlays/0067_overlay.png,/Users/kimsumin/projects/RGMC/data/map/robot4/masks/0067_mask.png
68,0.058125,0.0625,,551.2840396753833,80.42100456621004,1,0.0,0.0352805331337381,0.08891572555079237,1775834025.0642915,5,/Users/kimsumin/projects/RGMC/data/map/robot4/images/0068.png,/Users/kimsumin/projects/RGMC/data/map/robot4/overlays/0068_overlay.png,/Users/kimsumin/projects/RGMC/data/map/robot4/masks/0068_mask.png
69,0.0871875,0.0625,,551.3739910313901,92.84629294755877,1,0.0,0.04325229511528708,0.07598504553676874,1775834034.102642,5,/Users/kimsumin/projects/RGMC/data/map/robot4/images/0069.png,/Users/kimsumin/projects/RGMC/data/map/robot4/overlays/0069_overlay.png,/Users/kimsumin/projects/RGMC/data/map/robot4/masks/0069_mask.png
70,0.11625,0.0625,,551.3500447627574,106.32549388523049,1,0.0,0.05165170252144143,0.3545025484865602,1775834045.3760946,5,/Users/kimsumin/projects/RGMC/data/map/robot4/images/0070.png,/Users/kimsumin/projects/RGMC/data/map/robot4/overlays/0070_overlay.png,/Users/kimsumin/projects/RGMC/data/map/robot4/masks/0070_mask.png
71,0.1453125,0.0625,,551.3538175046555,118.73743016759776,1,0.0,0.012447627626745443,0.038864247290223225,1775834054.3629189,5,/Users/kimsumin/projects/RGMC/data/map/robot4/images/0071.png,/Users/kimsumin/projects/RGMC/data/map/robot4/overlays/0071_overlay.png,/Users/kimsumin/projects/RGMC/data/map/robot4/masks/0071_mask.png
72,0.174375,0.0625,,551.2163153070577,131.3923006416132,1,0.0,0.05220492232350514,0.08092558462643468,1775834064.1460233,5,/Users/kimsumin/projects/RGMC/data/map/robot4/images/0072.png,/Users/kimsumin/projects/RGMC/data/map/robot4/overlays/0072_overlay.png,/Users/kimsumin/projects/RGMC/data/map/robot4/masks/0072_mask.png
73,0.20343750000000002,0.0625,,551.3126709206928,143.86782133090247,1,0.0,0.09556080005368807,0.09221161591509472,1775834073.3037164,5,/Users/kimsumin/projects/RGMC/data/map/robot4/images/0073.png,/Users/kimsumin/projects/RGMC/data/map/robot4/overlays/0073_overlay.png,/Users/kimsumin/projects/RGMC/data/map/robot4/masks/0073_mask.png
74,0.2325,0.0625,,551.437890974084,156.4655942806077,1,0.0,0.024188842868295864,0.0772794004132216,1775834083.2572296,5,/Users/kimsumin/projects/RGMC/data/map/robot4/images/0074.png,/Users/kimsumin/projects/RGMC/data/map/robot4/overlays/0074_overlay.png,/Users/kimsumin/projects/RGMC/data/map/robot4/masks/0074_mask.png
75,0.26156250000000003,0.0625,,551.2094897045658,169.05013428827215,1,0.0,0.08334379918443163,0.11011438746684471,1775834093.6117349,5,/Users/kimsumin/projects/RGMC/data/map/robot4/images/0075.png,/Users/kimsumin/projects/RGMC/data/map/robot4/overlays/0075_overlay.png,/Users/kimsumin/projects/RGMC/data/map/robot4/masks/0075_mask.png
76,0.290625,0.0625,,551.0561998215878,181.42194469223907,1,0.0,0.02651615279736624,0.037620294619752435,1775834104.884259,5,/Users/kimsumin/projects/RGMC/data/map/robot4/images/0076.png,/Users/kimsumin/projects/RGMC/data/map/robot4/overlays/0076_overlay.png,/Users/kimsumin/projects/RGMC/data/map/robot4/masks/0076_mask.png
77,0.3196875,0.0625,,551.0423423423423,195.03266787658802,1,0.0,0.06815273244791982,0.07374867499762629,1775834113.8387377,5,/Users/kimsumin/projects/RGMC/data/map/robot4/images/0077.png,/Users/kimsumin/projects/RGMC/data/map/robot4/overlays/0077_overlay.png,/Users/kimsumin/projects/RGMC/data/map/robot4/masks/0077_mask.png
78,0.34875,0.0625,,551.2858472998138,206.863167760075,1,0.0,0.03638892614447911,0.08385852764730786,1775834123.6734664,5,/Users/kimsumin/projects/RGMC/data/map/robot4/images/0078.png,/Users/kimsumin/projects/RGMC/data/map/robot4/overlays/0078_overlay.png,/Users/kimsumin/projects/RGMC/data/map/robot4/masks/0078_mask.png
79,0.3778125,0.0625,,551.2966636609558,219.8659420289855,1,0.0,0.05451975212530965,0.0483308037159871,1775834133.3152905,5,/Users/kimsumin/projects/RGMC/data/map/robot4/images/0079.png,/Users/kimsumin/projects/RGMC/data/map/robot4/overlays/0079_overlay.png,/Users/kimsumin/projects/RGMC/data/map/robot4/masks/0079_mask.png
80,0.40687500000000004,0.0625,,551.3057996485062,232.70008873114463,1,0.0,0.0281835428030119,0.06763025913664959,1775834142.2553089,5,/Users/kimsumin/projects/RGMC/data/map/robot4/images/0080.png,/Users/kimsumin/projects/RGMC/data/map/robot4/overlays/0080_overlay.png,/Users/kimsumin/projects/RGMC/data/map/robot4/masks/0080_mask.png
81,0.43593750000000003,0.0625,,551.4213333333333,245.3826164874552,1,0.0,0.05108134795994018,0.06810601457657375,1775834151.3568258,5,/Users/kimsumin/projects/RGMC/data/map/robot4/images/0081.png,/Users/kimsumin/projects/RGMC/data/map/robot4/overlays/0081_overlay.png,/Users/kimsumin/projects/RGMC/data/map/robot4/masks/0081_mask.png
82,0.465,0.0625,,551.2996357012751,259.023679417122,1,0.0,0.08074520348781042,0.028313609818864806,1775834161.307535,5,/Users/kimsumin/projects/RGMC/data/map/robot4/images/0082.png,/Users/kimsumin/projects/RGMC/data/map/robot4/overlays/0082_overlay.png,/Users/kimsumin/projects/RGMC/data/map/robot4/masks/0082_mask.png
83,0.4940625,0.0625,,551.3729128014842,271.2890120036935,1,0.0,0.07447468408088162,0.08454504034433137,1775834170.3032036,5,/Users/kimsumin/projects/RGMC/data/map/robot4/images/0083.png,/Users/kimsumin/projects/RGMC/data/map/robot4/overlays/0083_overlay.png,/Users/kimsumin/projects/RGMC/data/map/robot4/masks/0083_mask.png
84,0.5231250000000001,0.0625,,551.3739837398374,283.8536585365854,1,0.0,0.011466268571103992,0.006345698082153103,1775834180.3227832,5,/Users/kimsumin/projects/RGMC/data/map/robot4/images/0084.png,/Users/kimsumin/projects/RGMC/data/map/robot4/overlays/0084_overlay.png,/Users/kimsumin/projects/RGMC/data/map/robot4/masks/0084_mask.png
85,0.5521875,0.0625,,551.5187214611872,296.586301369863,1,0.0,0.010825123469705898,0.075622616756319,1775834192.6949937,5,/Users/kimsumin/projects/RGMC/data/map/robot4/images/0085.png,/Users/kimsumin/projects/RGMC/data/map/robot4/overlays/0085_overlay.png,/Users/kimsumin/projects/RGMC/data/map/robot4/masks/0085_mask.png
86,0.58125,0.0625,,551.4227272727272,309.12466124661245,1,0.0,0.04497430754881376,0.02214566040268256,1775834201.6907167,5,/Users/kimsumin/projects/RGMC/data/map/robot4/images/0086.png,/Users/kimsumin/projects/RGMC/data/map/robot4/overlays/0086_overlay.png,/Users/kimsumin/projects/RGMC/data/map/robot4/masks/0086_mask.png
87,0.6103125,0.0625,,551.4291010194625,323.0064874884152,1,0.0,0.02245049714648244,0.03746057135145098,1775834211.6427221,5,/Users/kimsumin/projects/RGMC/data/map/robot4/images/0087.png,/Users/kimsumin/projects/RGMC/data/map/robot4/overlays/0087_overlay.png,/Users/kimsumin/projects/RGMC/data/map/robot4/masks/0087_mask.png
88,0.639375,0.0625,,551.6524953789279,335.30661696178936,1,0.0,0.09102414633614526,0.04347226503790828,1775834220.623002,5,/Users/kimsumin/projects/RGMC/data/map/robot4/images/0088.png,/Users/kimsumin/projects/RGMC/data/map/robot4/overlays/0088_overlay.png,/Users/kimsumin/projects/RGMC/data/map/robot4/masks/0088_mask.png
89,0.6684375,0.0625,,551.6112650046168,347.82456140350877,1,0.0,0.03866512437302164,0.051892259520875374,1775834229.544754,5,/Users/kimsumin/projects/RGMC/data/map/robot4/images/0089.png,/Users/kimsumin/projects/RGMC/data/map/robot4/overlays/0089_overlay.png,/Users/kimsumin/projects/RGMC/data/map/robot4/masks/0089_mask.png
90,0.6975,0.0625,,551.8721251149954,360.4747010119595,1,0.0,0.029318317122112334,0.08624793326450543,1775834239.1486354,5,/Users/kimsumin/projects/RGMC/data/map/robot4/images/0090.png,/Users/kimsumin/projects/RGMC/data/map/robot4/overlays/0090_overlay.png,/Users/kimsumin/projects/RGMC/data/map/robot4/masks/0090_mask.png
91,0.7265625,0.0625,,552.0082796688132,372.99816007359703,1,0.0,0.050651057260049696,0.05217513306837737,1775834248.07101,5,/Users/kimsumin/projects/RGMC/data/map/robot4/images/0091.png,/Users/kimsumin/projects/RGMC/data/map/robot4/overlays/0091_overlay.png,/Users/kimsumin/projects/RGMC/data/map/robot4/masks/0091_mask.png
92,0.755625,0.0625,,551.9896226415094,386.72641509433964,1,0.0,0.02793398357563358,0.29638133410448786,1775834257.0207882,5,/Users/kimsumin/projects/RGMC/data/map/robot4/images/0092.png,/Users/kimsumin/projects/RGMC/data/map/robot4/overlays/0092_overlay.png,/Users/kimsumin/projects/RGMC/data/map/robot4/masks/0092_mask.png
93,0.7846875000000001,0.0625,,551.8517823639775,399.19679849340866,1,0.0,0.05178778957754528,0.02481138800635537,1775834268.7096212,5,/Users/kimsumin/projects/RGMC/data/map/robot4/images/0093.png,/Users/kimsumin/projects/RGMC/data/map/robot4/overlays/0093_overlay.png,/Users/kimsumin/projects/RGMC/data/map/robot4/masks/0093_mask.png
94,0.8137500000000001,0.0625,,552.0573847601129,411.8170731707317,1,0.0,0.05201047288937692,0.052147794435944465,1775834277.6441362,5,/Users/kimsumin/projects/RGMC/data/map/robot4/images/0094.png,/Users/kimsumin/projects/RGMC/data/map/robot4/overlays/0094_overlay.png,/Users/kimsumin/projects/RGMC/data/map/robot4/masks/0094_mask.png
95,0.8428125000000001,0.0625,,552.219512195122,424.502329916123,1,0.0,0.10607053310606442,0.08378695646999663,1775834287.632476,5,/Users/kimsumin/projects/RGMC/data/map/robot4/images/0095.png,/Users/kimsumin/projects/RGMC/data/map/robot4/overlays/0095_overlay.png,/Users/kimsumin/projects/RGMC/data/map/robot4/masks/0095_mask.png
96,0.8718750000000001,0.0625,,552.2994454713494,437.2833178005592,1,0.0,0.08294884797442538,0.06625549776565792,1775834298.6725698,5,/Users/kimsumin/projects/RGMC/data/map/robot4/images/0096.png,/Users/kimsumin/projects/RGMC/data/map/robot4/overlays/0096_overlay.png,/Users/kimsumin/projects/RGMC/data/map/robot4/masks/0096_mask.png
97,0.9009375000000001,0.0625,,552.242311276794,449.94594594594594,1,0.0,0.027802275905437466,0.40770915112453676,1775834309.6720586,5,/Users/kimsumin/projects/RGMC/data/map/robot4/images/0097.png,/Users/kimsumin/projects/RGMC/data/map/robot4/overlays/0097_overlay.png,/Users/kimsumin/projects/RGMC/data/map/robot4/masks/0097_mask.png
98,0.93,0.0625,,552.1128557409224,462.46425073457397,1,0.0,0.042791219620240344,0.0480604813919286,1775834318.5291529,5,/Users/kimsumin/projects/RGMC/data/map/robot4/images/0098.png,/Users/kimsumin/projects/RGMC/data/map/robot4/overlays/0098_overlay.png,/Users/kimsumin/projects/RGMC/data/map/robot4/masks/0098_mask.png
99,0.93,0.09375,,539.0078354554358,462.199207135778,1,0.0,0.04914826621144507,0.05037829167108858,1775834327.4092069,5,/Users/kimsumin/projects/RGMC/data/map/robot4/images/0099.png,/Users/kimsumin/projects/RGMC/data/map/robot4/overlays/0099_overlay.png,/Users/kimsumin/projects/RGMC/data/map/robot4/masks/0099_mask.png
100,0.9009375000000001,0.09375,,538.5318761384335,449.94990892531877,1,0.0,0.04832314113774132,0.0430019353321217,1775834336.492116,5,/Users/kimsumin/projects/RGMC/data/map/robot4/images/0100.png,/Users/kimsumin/projects/RGMC/data/map/robot4/overlays/0100_overlay.png,/Users/kimsumin/projects/RGMC/data/map/robot4/masks/0100_mask.png
101,0.8718750000000001,0.09375,,539.0524412296564,437.38147138964575,1,0.0,0.0648566315646975,0.05712705952909351,1775834345.7139857,5,/Users/kimsumin/projects/RGMC/data/map/robot4/images/0101.png,/Users/kimsumin/projects/RGMC/data/map/robot4/overlays/0101_overlay.png,/Users/kimsumin/projects/RGMC/data/map/robot4/masks/0101_mask.png
102,0.8428125000000001,0.09375,,538.8427906976744,424.59814814814814,1,0.0,0.022849436576125485,0.050217665325870735,1775834355.7420647,5,/Users/kimsumin/projects/RGMC/data/map/robot4/images/0102.png,/Users/kimsumin/projects/RGMC/data/map/robot4/overlays/0102_overlay.png,/Users/kimsumin/projects/RGMC/data/map/robot4/masks/0102_mask.png
103,0.8137500000000001,0.09375,,538.850144092219,411.60134486071087,1,0.0,0.019626256103944605,0.03575146685179943,1775834365.1537535,5,/Users/kimsumin/projects/RGMC/data/map/robot4/images/0103.png,/Users/kimsumin/projects/RGMC/data/map/robot4/overlays/0103_overlay.png,/Users/kimsumin/projects/RGMC/data/map/robot4/masks/0103_mask.png
104,0.7846875000000001,0.09375,,537.6660516605166,399.33210332103323,1,0.0,0.3324096276412636,0.07283902252122874,1775834374.060249,5,/Users/kimsumin/projects/RGMC/data/map/robot4/images/0104.png,/Users/kimsumin/projects/RGMC/data/map/robot4/overlays/0104_overlay.png,/Users/kimsumin/projects/RGMC/data/map/robot4/masks/0104_mask.png
105,0.755625,0.09375,,537.594243268338,386.81058495821725,1,0.0,0.06887381275205134,0.048337659167586734,1775834383.516233,5,/Users/kimsumin/projects/RGMC/data/map/robot4/images/0105.png,/Users/kimsumin/projects/RGMC/data/map/robot4/overlays/0105_overlay.png,/Users/kimsumin/projects/RGMC/data/map/robot4/masks/0105_mask.png
106,0.7265625,0.09375,,537.7390917186109,373.4267968056788,1,0.0,0.030962675031860114,0.02074607840354118,1775834392.6044064,5,/Users/kimsumin/projects/RGMC/data/map/robot4/images/0106.png,/Users/kimsumin/projects/RGMC/data/map/robot4/overlays/0106_overlay.png,/Users/kimsumin/projects/RGMC/data/map/robot4/masks/0106_mask.png
107,0.6975,0.09375,,537.5508928571429,360.73303571428573,1,0.0,0.06322984608136532,0.031036580844943765,1775834402.9343138,5,/Users/kimsumin/projects/RGMC/data/map/robot4/images/0107.png,/Users/kimsumin/projects/RGMC/data/map/robot4/overlays/0107_overlay.png,/Users/kimsumin/projects/RGMC/data/map/robot4/masks/0107_mask.png
108,0.6684375,0.09375,,537.4007220216606,347.82129963898916,1,0.0,0.03562146638048174,0.028807109111620502,1775834412.0486405,5,/Users/kimsumin/projects/RGMC/data/map/robot4/images/0108.png,/Users/kimsumin/projects/RGMC/data/map/robot4/overlays/0108_overlay.png,/Users/kimsumin/projects/RGMC/data/map/robot4/masks/0108_mask.png
109,0.639375,0.09375,,537.3039568345324,335.4208633093525,1,0.0,0.09425320654523732,0.03735353982672069,1775834420.9112902,5,/Users/kimsumin/projects/RGMC/data/map/robot4/images/0109.png,/Users/kimsumin/projects/RGMC/data/map/robot4/overlays/0109_overlay.png,/Users/kimsumin/projects/RGMC/data/map/robot4/masks/0109_mask.png
110,0.6103125,0.09375,,537.1916439600363,322.8550724637681,1,0.0,0.05309181117620569,0.30926151058016993,1775834430.0358655,5,/Users/kimsumin/projects/RGMC/data/map/robot4/images/0110.png,/Users/kimsumin/projects/RGMC/data/map/robot4/overlays/0110_overlay.png,/Users/kimsumin/projects/RGMC/data/map/robot4/masks/0110_mask.png
111,0.58125,0.09375,,537.2737576285963,309.5187445510026,1,0.0,0.07895077293030321,0.07541605710830696,1775834441.544972,5,/Users/kimsumin/projects/RGMC/data/map/robot4/images/0111.png,/Users/kimsumin/projects/RGMC/data/map/robot4/overlays/0111_overlay.png,/Users/kimsumin/projects/RGMC/data/map/robot4/masks/0111_mask.png
112,0.5521875,0.09375,,537.2404951370469,296.9178445229682,1,0.0,0.02685082080607672,0.04305328451349389,1775834450.5459607,5,/Users/kimsumin/projects/RGMC/data/map/robot4/images/0112.png,/Users/kimsumin/projects/RGMC/data/map/robot4/overlays/0112_overlay.png,/Users/kimsumin/projects/RGMC/data/map/robot4/masks/0112_mask.png
113,0.5231250000000001,0.09375,,537.2697022767076,284.0325417766051,1,0.0,0.09007800567127716,0.047718651377575756,1775834459.7760947,5,/Users/kimsumin/projects/RGMC/data/map/robot4/images/0113.png,/Users/kimsumin/projects/RGMC/data/map/robot4/overlays/0113_overlay.png,/Users/kimsumin/projects/RGMC/data/map/robot4/masks/0113_mask.png
114,0.4940625,0.09375,,537.2191413237925,271.53812056737587,1,0.0,0.10248309978226146,0.027056271615989284,1775834468.6614895,5,/Users/kimsumin/projects/RGMC/data/map/robot4/images/0114.png,/Users/kimsumin/projects/RGMC/data/map/robot4/overlays/0114_overlay.png,/Users/kimsumin/projects/RGMC/data/map/robot4/masks/0114_mask.png
115,0.465,0.09375,,537.2701784197111,259.1051236749117,1,0.0,0.07965768173808851,0.3853480111628622,1775834478.2469304,5,/Users/kimsumin/projects/RGMC/data/map/robot4/images/0115.png,/Users/kimsumin/projects/RGMC/data/map/robot4/overlays/0115_overlay.png,/Users/kimsumin/projects/RGMC/data/map/robot4/masks/0115_mask.png
116,0.43593750000000003,0.09375,,537.2831632653061,245.6809238665526,1,0.0,0.015659348434621034,0.04114826179320788,1775834487.2921433,5,/Users/kimsumin/projects/RGMC/data/map/robot4/images/0116.png,/Users/kimsumin/projects/RGMC/data/map/robot4/overlays/0116_overlay.png,/Users/kimsumin/projects/RGMC/data/map/robot4/masks/0116_mask.png
117,0.40687500000000004,0.09375,,537.0144435004248,233.07731520815634,1,0.0,0.06608781452164984,0.04834583428134858,1775834496.1243527,5,/Users/kimsumin/projects/RGMC/data/map/robot4/images/0117.png,/Users/kimsumin/projects/RGMC/data/map/robot4/overlays/0117_overlay.png,/Users/kimsumin/projects/RGMC/data/map/robot4/masks/0117_mask.png
118,0.3778125,0.09375,,537.1384083044983,220.18608695652173,1,0.0,0.04901674130786915,0.13612398721896088,1775834505.138125,5,/Users/kimsumin/projects/RGMC/data/map/robot4/images/0118.png,/Users/kimsumin/projects/RGMC/data/map/robot4/overlays/0118_overlay.png,/Users/kimsumin/projects/RGMC/data/map/robot4/masks/0118_mask.png
119,0.34875,0.09375,,536.9606986899563,207.86050566695727,1,0.0,0.06729017353478522,0.04663552220042622,1775834514.3472831,5,/Users/kimsumin/projects/RGMC/data/map/robot4/images/0119.png,/Users/kimsumin/projects/RGMC/data/map/robot4/overlays/0119_overlay.png,/Users/kimsumin/projects/RGMC/data/map/robot4/masks/0119_mask.png
120,0.3196875,0.09375,,537.0581289736604,195.1843778383288,1,0.0,0.0701431872941866,0.041777979508692976,1775834523.4118552,5,/Users/kimsumin/projects/RGMC/data/map/robot4/images/0120.png,/Users/kimsumin/projects/RGMC/data/map/robot4/overlays/0120_overlay.png,/Users/kimsumin/projects/RGMC/data/map/robot4/masks/0120_mask.png
121,0.290625,0.09375,,536.8683015440508,182.58946412352407,1,0.0,0.03147697553474599,0.04255620953599437,1775834533.259575,5,/Users/kimsumin/projects/RGMC/data/map/robot4/images/0121.png,/Users/kimsumin/projects/RGMC/data/map/robot4/overlays/0121_overlay.png,/Users/kimsumin/projects/RGMC/data/map/robot4/masks/0121_mask.png
122,0.26156250000000003,0.09375,,537.2326203208556,169.35094001790512,1,0.0,0.03055656769707875,0.04253441754074816,1775834543.8735266,5,/Users/kimsumin/projects/RGMC/data/map/robot4/images/0122.png,/Users/kimsumin/projects/RGMC/data/map/robot4/overlays/0122_overlay.png,/Users/kimsumin/projects/RGMC/data/map/robot4/masks/0122_mask.png
123,0.2325,0.09375,,537.0,156.75455333911535,1,0.0,0.04473791649442381,0.03355837491948044,1775834553.725845,5,/Users/kimsumin/projects/RGMC/data/map/robot4/images/0123.png,/Users/kimsumin/projects/RGMC/data/map/robot4/overlays/0123_overlay.png,/Users/kimsumin/projects/RGMC/data/map/robot4/masks/0123_mask.png
124,0.20343750000000002,0.09375,,537.1156879929886,144.09155555555554,1,0.0,0.03923179976725405,0.1922637748281757,1775834563.8634324,5,/Users/kimsumin/projects/RGMC/data/map/robot4/images/0124.png,/Users/kimsumin/projects/RGMC/data/map/robot4/overlays/0124_overlay.png,/Users/kimsumin/projects/RGMC/data/map/robot4/masks/0124_mask.png
125,0.174375,0.09375,,537.0829655781112,131.44571932921448,1,0.0,0.0693554149506521,0.11594402069216854,1775834572.974682,5,/Users/kimsumin/projects/RGMC/data/map/robot4/images/0125.png,/Users/kimsumin/projects/RGMC/data/map/robot4/overlays/0125_overlay.png,/Users/kimsumin/projects/RGMC/data/map/robot4/masks/0125_mask.png
126,0.1453125,0.09375,,537.3497757847533,118.94587400177463,1,0.0,0.04084548369132607,0.029065021323238516,1775834582.0770752,5,/Users/kimsumin/projects/RGMC/data/map/robot4/images/0126.png,/Users/kimsumin/projects/RGMC/data/map/robot4/overlays/0126_overlay.png,/Users/kimsumin/projects/RGMC/data/map/robot4/masks/0126_mask.png
127,0.11625,0.09375,,537.1588132635253,105.63824289405684,1,0.0,0.12900866042267906,0.3610149841809067,1775834593.534057,5,/Users/kimsumin/projects/RGMC/data/map/robot4/images/0127.png,/Users/kimsumin/projects/RGMC/data/map/robot4/overlays/0127_overlay.png,/Users/kimsumin/projects/RGMC/data/map/robot4/masks/0127_mask.png
128,0.0871875,0.09375,,537.1569817866435,93.18642611683849,1,0.0,0.06699975202447403,0.07697051168312127,1775834602.6673634,5,/Users/kimsumin/projects/RGMC/data/map/robot4/images/0128.png,/Users/kimsumin/projects/RGMC/data/map/robot4/overlays/0128_overlay.png,/Users/kimsumin/projects/RGMC/data/map/robot4/masks/0128_mask.png
129,0.058125,0.09375,,536.9716563330381,80.68113374667848,1,0.0,0.03623452498159182,0.08014195057969205,1775834612.855452,5,/Users/kimsumin/projects/RGMC/data/map/robot4/images/0129.png,/Users/kimsumin/projects/RGMC/data/map/robot4/overlays/0129_overlay.png,/Users/kimsumin/projects/RGMC/data/map/robot4/masks/0129_mask.png
130,0.0290625,0.09375,,536.8444639718805,67.98214285714286,1,0.0,0.09825252652101832,0.11793118621326648,1775834623.3357713,5,/Users/kimsumin/projects/RGMC/data/map/robot4/images/0130.png,/Users/kimsumin/projects/RGMC/data/map/robot4/overlays/0130_overlay.png,/Users/kimsumin/projects/RGMC/data/map/robot4/masks/0130_mask.png
131,0.0,0.09375,,537.0459873760144,55.390527256479,1,0.0,0.07968896466258799,0.06344960536374003,1775834632.1934054,5,/Users/kimsumin/projects/RGMC/data/map/robot4/images/0131.png,/Users/kimsumin/projects/RGMC/data/map/robot4/overlays/0131_overlay.png,/Users/kimsumin/projects/RGMC/data/map/robot4/masks/0131_mask.png
132,0.0,0.125,,523.446983546618,55.3161231884058,1,0.0,0.05649721774696419,0.03778446442152754,1775834642.084569,5,/Users/kimsumin/projects/RGMC/data/map/robot4/images/0132.png,/Users/kimsumin/projects/RGMC/data/map/robot4/overlays/0132_overlay.png,/Users/kimsumin/projects/RGMC/data/map/robot4/masks/0132_mask.png
133,0.0290625,0.125,,523.1255771006463,67.72426470588235,1,0.0,0.049140760509194505,0.07348825438850343,1775834651.9057443,5,/Users/kimsumin/projects/RGMC/data/map/robot4/images/0133.png,/Users/kimsumin/projects/RGMC/data/map/robot4/overlays/0133_overlay.png,/Users/kimsumin/projects/RGMC/data/map/robot4/masks/0133_mask.png
134,0.058125,0.125,,523.4853593611358,80.04795737122558,1,0.0,0.025353586807497438,0.06831595857513967,1775834660.7824414,5,/Users/kimsumin/projects/RGMC/data/map/robot4/images/0134.png,/Users/kimsumin/projects/RGMC/data/map/robot4/overlays/0134_overlay.png,/Users/kimsumin/projects/RGMC/data/map/robot4/masks/0134_mask.png
135,0.0871875,0.125,,523.4049733570159,92.69779735682819,1,0.0,0.03721353278031599,0.06312829702627754,1775834669.7406576,5,/Users/kimsumin/projects/RGMC/data/map/robot4/images/0135.png,/Users/kimsumin/projects/RGMC/data/map/robot4/overlays/0135_overlay.png,/Users/kimsumin/projects/RGMC/data/map/robot4/masks/0135_mask.png
136,0.11625,0.125,,523.5112107623319,104.90230905861456,1,0.0,0.06612314663373994,0.11460685860242488,1775834678.7664366,5,/Users/kimsumin/projects/RGMC/data/map/robot4/images/0136.png,/Users/kimsumin/projects/RGMC/data/map/robot4/overlays/0136_overlay.png,/Users/kimsumin/projects/RGMC/data/map/robot4/masks/0136_mask.png
137,0.1453125,0.125,,523.4787714543812,118.58673932788375,1,0.0,0.017571947702437814,0.06926696993492532,1775834687.8781111,5,/Users/kimsumin/projects/RGMC/data/map/robot4/images/0137.png,/Users/kimsumin/projects/RGMC/data/map/robot4/overlays/0137_overlay.png,/Users/kimsumin/projects/RGMC/data/map/robot4/masks/0137_mask.png
138,0.174375,0.125,,523.3632162661737,131.10166358595194,1,0.0,0.07717884734058447,0.02515372604662893,1775834696.7225783,5,/Users/kimsumin/projects/RGMC/data/map/robot4/images/0138.png,/Users/kimsumin/projects/RGMC/data/map/robot4/overlays/0138_overlay.png,/Users/kimsumin/projects/RGMC/data/map/robot4/masks/0138_mask.png
139,0.20343750000000002,0.125,,523.438077634011,143.41122355105796,1,0.0,0.02576285277925189,0.11570512093406228,1775834705.540234,5,/Users/kimsumin/projects/RGMC/data/map/robot4/images/0139.png,/Users/kimsumin/projects/RGMC/data/map/robot4/overlays/0139_overlay.png,/Users/kimsumin/projects/RGMC/data/map/robot4/masks/0139_mask.png
140,0.2325,0.125,,523.30547818013,155.84800741427247,1,0.0,0.05594935479480796,0.0887704274356982,1775834714.6805766,5,/Users/kimsumin/projects/RGMC/data/map/robot4/images/0140.png,/Users/kimsumin/projects/RGMC/data/map/robot4/overlays/0140_overlay.png,/Users/kimsumin/projects/RGMC/data/map/robot4/masks/0140_mask.png
141,0.26156250000000003,0.125,,523.3246402877697,168.47661870503597,1,0.0,0.04568111395336888,0.11463561050461336,1775834724.6213224,5,/Users/kimsumin/projects/RGMC/data/map/robot4/images/0141.png,/Users/kimsumin/projects/RGMC/data/map/robot4/overlays/0141_overlay.png,/Users/kimsumin/projects/RGMC/data/map/robot4/masks/0141_mask.png
142,0.290625,0.125,,523.4776511831726,181.52136006974717,1,0.0,0.04611196294477141,0.10759785280394658,1775834734.5056996,5,/Users/kimsumin/projects/RGMC/data/map/robot4/images/0142.png,/Users/kimsumin/projects/RGMC/data/map/robot4/overlays/0142_overlay.png,/Users/kimsumin/projects/RGMC/data/map/robot4/masks/0142_mask.png
143,0.3196875,0.125,,523.3348623853211,193.9646017699115,1,0.0,0.07959990655969212,0.41745001557272293,1775834743.9273531,5,/Users/kimsumin/projects/RGMC/data/map/robot4/images/0143.png,/Users/kimsumin/projects/RGMC/data/map/robot4/overlays/0143_overlay.png,/Users/kimsumin/projects/RGMC/data/map/robot4/masks/0143_mask.png
144,0.34875,0.125,,523.4959568733153,207.26954177897574,1,0.0,0.03543463377914452,0.09110733886288641,1775834752.7925074,5,/Users/kimsumin/projects/RGMC/data/map/robot4/images/0144.png,/Users/kimsumin/projects/RGMC/data/map/robot4/overlays/0144_overlay.png,/Users/kimsumin/projects/RGMC/data/map/robot4/masks/0144_mask.png
145,0.3778125,0.125,,523.3759124087592,219.6492335437331,1,0.0,0.03970846742017592,0.05340468003095391,1775834761.833344,5,/Users/kimsumin/projects/RGMC/data/map/robot4/images/0145.png,/Users/kimsumin/projects/RGMC/data/map/robot4/overlays/0145_overlay.png,/Users/kimsumin/projects/RGMC/data/map/robot4/masks/0145_mask.png
146,0.40687500000000004,0.125,,523.4256455921638,232.39982190560997,1,0.0,0.041711240348450834,0.046419537228656216,1775834770.7365665,5,/Users/kimsumin/projects/RGMC/data/map/robot4/images/0146.png,/Users/kimsumin/projects/RGMC/data/map/robot4/overlays/0146_overlay.png,/Users/kimsumin/projects/RGMC/data/map/robot4/masks/0146_mask.png
147,0.43593750000000003,0.125,,523.5433422698839,244.97050938337802,1,0.0,0.05011266085575572,0.0667523588282014,1775834779.6622553,5,/Users/kimsumin/projects/RGMC/data/map/robot4/images/0147.png,/Users/kimsumin/projects/RGMC/data/map/robot4/overlays/0147_overlay.png,/Users/kimsumin/projects/RGMC/data/map/robot4/masks/0147_mask.png
148,0.465,0.125,,523.336917562724,257.8898836168308,1,0.0,0.038931140235587476,0.32041872254623915,1775834790.8534584,5,/Users/kimsumin/projects/RGMC/data/map/robot4/images/0148.png,/Users/kimsumin/projects/RGMC/data/map/robot4/overlays/0148_overlay.png,/Users/kimsumin/projects/RGMC/data/map/robot4/masks/0148_mask.png
149,0.4940625,0.125,,523.4803652968036,271.06392694063925,1,0.0,0.03790949028763985,0.04891227604896443,1775834799.7852838,5,/Users/kimsumin/projects/RGMC/data/map/robot4/images/0149.png,/Users/kimsumin/projects/RGMC/data/map/robot4/overlays/0149_overlay.png,/Users/kimsumin/projects/RGMC/data/map/robot4/masks/0149_mask.png
150,0.5231250000000001,0.125,,523.4408502772643,283.54251386321624,1,0.0,0.05643039306784992,0.05523263195529198,1775834809.421174,5,/Users/kimsumin/projects/RGMC/data/map/robot4/images/0150.png,/Users/kimsumin/projects/RGMC/data/map/robot4/overlays/0150_overlay.png,/Users/kimsumin/projects/RGMC/data/map/robot4/masks/0150_mask.png
151,0.5521875,0.125,,523.5107719928187,296.19389587073607,1,0.0,0.03132134460715856,0.0601244810550676,1775834818.4832177,5,/Users/kimsumin/projects/RGMC/data/map/robot4/images/0151.png,/Users/kimsumin/projects/RGMC/data/map/robot4/overlays/0151_overlay.png,/Users/kimsumin/projects/RGMC/data/map/robot4/masks/0151_mask.png
152,0.58125,0.125,,523.5744870651205,308.9161462979483,1,0.0,0.009384878292236064,0.011777546410679015,1775834827.6218054,5,/Users/kimsumin/projects/RGMC/data/map/robot4/images/0152.png,/Users/kimsumin/projects/RGMC/data/map/robot4/overlays/0152_overlay.png,/Users/kimsumin/projects/RGMC/data/map/robot4/masks/0152_mask.png
153,0.6103125,0.125,,523.6918181818182,321.7162162162162,1,0.0,0.03597630842669446,0.051960936674176075,1775834836.749297,5,/Users/kimsumin/projects/RGMC/data/map/robot4/images/0153.png,/Users/kimsumin/projects/RGMC/data/map/robot4/overlays/0153_overlay.png,/Users/kimsumin/projects/RGMC/data/map/robot4/masks/0153_mask.png
154,0.639375,0.125,,523.6682242990654,334.83644859813086,1,0.0,0.030508744022956617,0.07814232581529766,1775834845.8094387,5,/Users/kimsumin/projects/RGMC/data/map/robot4/images/0154.png,/Users/kimsumin/projects/RGMC/data/map/robot4/overlays/0154_overlay.png,/Users/kimsumin/projects/RGMC/data/map/robot4/masks/0154_mask.png
155,0.6684375,0.125,,523.5742296918768,347.44631185807657,1,0.0,0.05069475004121464,0.037823997566681894,1775834854.975835,5,/Users/kimsumin/projects/RGMC/data/map/robot4/images/0155.png,/Users/kimsumin/projects/RGMC/data/map/robot4/overlays/0155_overlay.png,/Users/kimsumin/projects/RGMC/data/map/robot4/masks/0155_mask.png
156,0.6975,0.125,,523.7179487179487,360.1292392300642,1,0.0,0.06465649834654945,0.03646252803085831,1775834864.1158595,5,/Users/kimsumin/projects/RGMC/data/map/robot4/images/0156.png,/Users/kimsumin/projects/RGMC/data/map/robot4/overlays/0156_overlay.png,/Users/kimsumin/projects/RGMC/data/map/robot4/masks/0156_mask.png
157,0.7265625,0.125,,523.869685767098,372.57855822550835,1,0.0,0.039227224774975436,0.05744439402944514,1775834873.1572995,5,/Users/kimsumin/projects/RGMC/data/map/robot4/images/0157.png,/Users/kimsumin/projects/RGMC/data/map/robot4/overlays/0157_overlay.png,/Users/kimsumin/projects/RGMC/data/map/robot4/masks/0157_mask.png
158,0.755625,0.125,,523.9364640883978,385.63845446182154,1,0.0,0.04762008598054614,0.035604445659273634,1775834882.289331,5,/Users/kimsumin/projects/RGMC/data/map/robot4/images/0158.png,/Users/kimsumin/projects/RGMC/data/map/robot4/overlays/0158_overlay.png,/Users/kimsumin/projects/RGMC/data/map/robot4/masks/0158_mask.png
159,0.7846875000000001,0.125,,524.1457142857142,398.94034090909093,1,0.0,0.020373365098536145,0.042849934903733886,1775834894.1500459,5,/Users/kimsumin/projects/RGMC/data/map/robot4/images/0159.png,/Users/kimsumin/projects/RGMC/data/map/robot4/overlays/0159_overlay.png,/Users/kimsumin/projects/RGMC/data/map/robot4/masks/0159_mask.png
160,0.8137500000000001,0.125,,524.1069418386492,411.4559099437148,1,0.0,0.05460078799550273,0.024644513431902285,1775834903.3764253,5,/Users/kimsumin/projects/RGMC/data/map/robot4/images/0160.png,/Users/kimsumin/projects/RGMC/data/map/robot4/overlays/0160_overlay.png,/Users/kimsumin/projects/RGMC/data/map/robot4/masks/0160_mask.png
161,0.8428125000000001,0.125,,524.1286660359508,423.76761904761906,1,0.0,0.02770534809649872,0.05968982810251741,1775834912.448099,5,/Users/kimsumin/projects/RGMC/data/map/robot4/images/0161.png,/Users/kimsumin/projects/RGMC/data/map/robot4/overlays/0161_overlay.png,/Users/kimsumin/projects/RGMC/data/map/robot4/masks/0161_mask.png
162,0.8718750000000001,0.125,,524.4491682070241,436.7969034608379,1,0.0,0.14504473007249746,0.11174408061026567,1775834921.6123657,5,/Users/kimsumin/projects/RGMC/data/map/robot4/images/0162.png,/Users/kimsumin/projects/RGMC/data/map/robot4/overlays/0162_overlay.png,/Users/kimsumin/projects/RGMC/data/map/robot4/masks/0162_mask.png
163,0.9009375000000001,0.125,,524.2963294538944,449.69786096256684,1,0.0,0.03366474368876766,0.05950448542624221,1775834930.8363245,5,/Users/kimsumin/projects/RGMC/data/map/robot4/images/0163.png,/Users/kimsumin/projects/RGMC/data/map/robot4/overlays/0163_overlay.png,/Users/kimsumin/projects/RGMC/data/map/robot4/masks/0163_mask.png
164,0.93,0.125,,524.2478793590952,462.2025565388397,1,0.0,0.06927631407023908,0.40617866848011813,1775834941.4867985,5,/Users/kimsumin/projects/RGMC/data/map/robot4/images/0164.png,/Users/kimsumin/projects/RGMC/data/map/robot4/overlays/0164_overlay.png,/Users/kimsumin/projects/RGMC/data/map/robot4/masks/0164_mask.png
165,0.93,0.15625,,511.09559512652294,461.35393258426967,1,0.0,0.11697001367095325,0.08007383307188155,1775834953.2444808,5,/Users/kimsumin/projects/RGMC/data/map/robot4/images/0165.png,/Users/kimsumin/projects/RGMC/data/map/robot4/overlays/0165_overlay.png,/Users/kimsumin/projects/RGMC/data/map/robot4/masks/0165_mask.png
166,0.9009375000000001,0.15625,,511.14115490375804,451.0516129032258,1,0.0,0.030845415425697516,0.027799030551022112,1775834966.036234,5,/Users/kimsumin/projects/RGMC/data/map/robot4/images/0166.png,/Users/kimsumin/projects/RGMC/data/map/robot4/overlays/0166_overlay.png,/Users/kimsumin/projects/RGMC/data/map/robot4/masks/0166_mask.png
167,0.8718750000000001,0.15625,,510.9511520737327,437.2155411655874,1,0.0,0.04821935006769054,0.045864900164931645,1775835004.6456826,5,/Users/kimsumin/projects/RGMC/data/map/robot4/images/0167.png,/Users/kimsumin/projects/RGMC/data/map/robot4/overlays/0167_overlay.png,/Users/kimsumin/projects/RGMC/data/map/robot4/masks/0167_mask.png
168,0.8428125000000001,0.15625,,510.87153419593346,424.3081876724931,1,0.0,0.06685645955715248,0.07234503865894576,1775835024.228975,5,/Users/kimsumin/projects/RGMC/data/map/robot4/images/0168.png,/Users/kimsumin/projects/RGMC/data/map/robot4/overlays/0168_overlay.png,/Users/kimsumin/projects/RGMC/data/map/robot4/masks/0168_mask.png
169,0.8137500000000001,0.15625,,510.8776645041705,411.72056074766357,1,0.0,0.05597182518368909,0.0658606839619629,1775835035.3525116,5,/Users/kimsumin/projects/RGMC/data/map/robot4/images/0169.png,/Users/kimsumin/projects/RGMC/data/map/robot4/overlays/0169_overlay.png,/Users/kimsumin/projects/RGMC/data/map/robot4/masks/0169_mask.png
170,0.7846875000000001,0.15625,,510.60559305689486,398.77820636451304,1,0.0,0.043733703321404284,0.017519425773848227,1775835045.602095,5,/Users/kimsumin/projects/RGMC/data/map/robot4/images/0170.png,/Users/kimsumin/projects/RGMC/data/map/robot4/overlays/0170_overlay.png,/Users/kimsumin/projects/RGMC/data/map/robot4/masks/0170_mask.png
171,0.755625,0.15625,,509.98607484769366,385.8851174934726,1,0.0,0.10843780898582787,0.3834573256633755,1775835055.1834457,5,/Users/kimsumin/projects/RGMC/data/map/robot4/images/0171.png,/Users/kimsumin/projects/RGMC/data/map/robot4/overlays/0171_overlay.png,/Users/kimsumin/projects/RGMC/data/map/robot4/masks/0171_mask.png
172,0.7265625,0.15625,,509.75217391304346,373.22869565217394,1,0.0,0.35400541884729,0.047627621733376556,1775835064.2244904,5,/Users/kimsumin/projects/RGMC/data/map/robot4/images/0172.png,/Users/kimsumin/projects/RGMC/data/map/robot4/overlays/0172_overlay.png,/Users/kimsumin/projects/RGMC/data/map/robot4/masks/0172_mask.png
173,0.6975,0.15625,,509.7952548330404,360.4956063268893,1,0.0,0.3008261416755485,0.04066065431928542,1775835073.484782,5,/Users/kimsumin/projects/RGMC/data/map/robot4/images/0173.png,/Users/kimsumin/projects/RGMC/data/map/robot4/overlays/0173_overlay.png,/Users/kimsumin/projects/RGMC/data/map/robot4/masks/0173_mask.png
174,0.6684375,0.15625,,509.67610619469025,347.85941644562337,1,0.0,0.009446616696013831,0.05284788658283274,1775835083.2035117,5,/Users/kimsumin/projects/RGMC/data/map/robot4/images/0174.png,/Users/kimsumin/projects/RGMC/data/map/robot4/overlays/0174_overlay.png,/Users/kimsumin/projects/RGMC/data/map/robot4/masks/0174_mask.png
175,0.639375,0.15625,,509.70335339638865,335.0762411347518,1,0.0,0.027294384498871258,0.3517201125603027,1775835092.2173665,5,/Users/kimsumin/projects/RGMC/data/map/robot4/images/0175.png,/Users/kimsumin/projects/RGMC/data/map/robot4/overlays/0175_overlay.png,/Users/kimsumin/projects/RGMC/data/map/robot4/masks/0175_mask.png
176,0.6103125,0.15625,,509.70223752151463,322.14372294372293,1,0.0,0.13608677344534276,0.02970203054659067,1775835102.2866943,5,/Users/kimsumin/projects/RGMC/data/map/robot4/images/0176.png,/Users/kimsumin/projects/RGMC/data/map/robot4/overlays/0176_overlay.png,/Users/kimsumin/projects/RGMC/data/map/robot4/masks/0176_mask.png
177,0.58125,0.15625,,509.4717145343777,309.30782608695654,1,0.0,0.04966107530574959,0.039277146863742805,1775835111.2261817,5,/Users/kimsumin/projects/RGMC/data/map/robot4/images/0177.png,/Users/kimsumin/projects/RGMC/data/map/robot4/overlays/0177_overlay.png,/Users/kimsumin/projects/RGMC/data/map/robot4/masks/0177_mask.png
178,0.5521875,0.15625,,509.4295652173913,296.6453028972783,1,0.0,0.35887357263475883,0.06314464581246096,1775835120.544246,5,/Users/kimsumin/projects/RGMC/data/map/robot4/images/0178.png,/Users/kimsumin/projects/RGMC/data/map/robot4/overlays/0178_overlay.png,/Users/kimsumin/projects/RGMC/data/map/robot4/masks/0178_mask.png
179,0.5231250000000001,0.15625,,509.20818505338076,283.83807829181495,1,0.0,0.06499085838671355,0.05205028322738826,1775835129.953278,5,/Users/kimsumin/projects/RGMC/data/map/robot4/images/0179.png,/Users/kimsumin/projects/RGMC/data/map/robot4/overlays/0179_overlay.png,/Users/kimsumin/projects/RGMC/data/map/robot4/masks/0179_mask.png
180,0.4940625,0.15625,,509.25562556255625,271.0352622061483,1,0.0,0.31870818033815046,0.09527975856093263,1775835139.124439,5,/Users/kimsumin/projects/RGMC/data/map/robot4/images/0180.png,/Users/kimsumin/projects/RGMC/data/map/robot4/overlays/0180_overlay.png,/Users/kimsumin/projects/RGMC/data/map/robot4/masks/0180_mask.png
181,0.465,0.15625,,509.32591958939264,258.01690617075235,1,0.0,0.06427524502398262,0.449701152363163,1775835148.1958969,5,/Users/kimsumin/projects/RGMC/data/map/robot4/images/0181.png,/Users/kimsumin/projects/RGMC/data/map/robot4/overlays/0181_overlay.png,/Users/kimsumin/projects/RGMC/data/map/robot4/masks/0181_mask.png
182,0.43593750000000003,0.15625,,509.1963667820069,245.44020797227037,1,0.0,0.08320280717733954,0.06918804642210806,1775835157.0621758,5,/Users/kimsumin/projects/RGMC/data/map/robot4/images/0182.png,/Users/kimsumin/projects/RGMC/data/map/robot4/overlays/0182_overlay.png,/Users/kimsumin/projects/RGMC/data/map/robot4/masks/0182_mask.png
183,0.40687500000000004,0.15625,,509.295025728988,232.77796901893288,1,0.0,0.06181954358082017,0.05352431127682915,1775835165.9048374,5,/Users/kimsumin/projects/RGMC/data/map/robot4/images/0183.png,/Users/kimsumin/projects/RGMC/data/map/robot4/overlays/0183_overlay.png,/Users/kimsumin/projects/RGMC/data/map/robot4/masks/0183_mask.png
184,0.3778125,0.15625,,509.18109540636044,220.1687062937063,1,0.0,0.06691980821864481,0.10350061379857083,1775835174.9652982,5,/Users/kimsumin/projects/RGMC/data/map/robot4/images/0184.png,/Users/kimsumin/projects/RGMC/data/map/robot4/overlays/0184_overlay.png,/Users/kimsumin/projects/RGMC/data/map/robot4/masks/0184_mask.png
185,0.34875,0.15625,,509.2302922940655,207.49780123131046,1,0.0,0.08091845457635384,0.10524264372413046,1775835184.016777,5,/Users/kimsumin/projects/RGMC/data/map/robot4/images/0185.png,/Users/kimsumin/projects/RGMC/data/map/robot4/overlays/0185_overlay.png,/Users/kimsumin/projects/RGMC/data/map/robot4/masks/0185_mask.png
186,0.3196875,0.15625,,508.7838827838828,195.0109589041096,1,0.0,0.19650846750155074,0.023207555429148142,1775835194.1151924,5,/Users/kimsumin/projects/RGMC/data/map/robot4/images/0186.png,/Users/kimsumin/projects/RGMC/data/map/robot4/overlays/0186_overlay.png,/Users/kimsumin/projects/RGMC/data/map/robot4/masks/0186_mask.png
187,0.290625,0.15625,,509.40928270042195,181.58708581138487,1,0.0,0.09273913515187238,0.08101812612760044,1775835203.100822,5,/Users/kimsumin/projects/RGMC/data/map/robot4/images/0187.png,/Users/kimsumin/projects/RGMC/data/map/robot4/overlays/0187_overlay.png,/Users/kimsumin/projects/RGMC/data/map/robot4/masks/0187_mask.png
188,0.26156250000000003,0.15625,,509.3851468048359,168.91089965397924,1,0.0,0.08766009754073756,0.08875117189596288,1775835213.6371925,5,/Users/kimsumin/projects/RGMC/data/map/robot4/images/0188.png,/Users/kimsumin/projects/RGMC/data/map/robot4/overlays/0188_overlay.png,/Users/kimsumin/projects/RGMC/data/map/robot4/masks/0188_mask.png
189,0.2325,0.15625,,509.2928082191781,156.5539383561644,1,0.0,0.046160891664494726,0.031117218609663738,1775835222.8784826,5,/Users/kimsumin/projects/RGMC/data/map/robot4/images/0189.png,/Users/kimsumin/projects/RGMC/data/map/robot4/overlays/0189_overlay.png,/Users/kimsumin/projects/RGMC/data/map/robot4/masks/0189_mask.png
190,0.20343750000000002,0.15625,,509.33217993079586,143.81179531656548,1,0.0,0.07482927505702935,0.06885358843832826,1775835231.869083,5,/Users/kimsumin/projects/RGMC/data/map/robot4/images/0190.png,/Users/kimsumin/projects/RGMC/data/map/robot4/overlays/0190_overlay.png,/Users/kimsumin/projects/RGMC/data/map/robot4/masks/0190_mask.png
191,0.174375,0.15625,,509.39313984168865,131.33681462140993,1,0.0,0.062246768777827394,0.05001598290952196,1775835240.778502,5,/Users/kimsumin/projects/RGMC/data/map/robot4/images/0191.png,/Users/kimsumin/projects/RGMC/data/map/robot4/overlays/0191_overlay.png,/Users/kimsumin/projects/RGMC/data/map/robot4/masks/0191_mask.png
192,0.1453125,0.15625,,509.660136286201,117.96539792387543,1,0.0,0.35304886691393034,0.08534649008648934,1775835249.997755,5,/Users/kimsumin/projects/RGMC/data/map/robot4/images/0192.png,/Users/kimsumin/projects/RGMC/data/map/robot4/overlays/0192_overlay.png,/Users/kimsumin/projects/RGMC/data/map/robot4/masks/0192_mask.png
193,0.11625,0.15625,,509.7040205303678,105.3861301369863,1,0.0,0.05813111097877438,0.07331849846182072,1775835260.10454,5,/Users/kimsumin/projects/RGMC/data/map/robot4/images/0193.png,/Users/kimsumin/projects/RGMC/data/map/robot4/overlays/0193_overlay.png,/Users/kimsumin/projects/RGMC/data/map/robot4/masks/0193_mask.png
194,0.0871875,0.15625,,509.49534292972055,92.9041560644614,1,0.0,0.07637936493247725,0.0862694552055997,1775835269.3515477,5,/Users/kimsumin/projects/RGMC/data/map/robot4/images/0194.png,/Users/kimsumin/projects/RGMC/data/map/robot4/overlays/0194_overlay.png,/Users/kimsumin/projects/RGMC/data/map/robot4/masks/0194_mask.png
195,0.058125,0.15625,,509.38461538461536,80.19704861111111,1,0.0,0.051128949902584625,0.07124052617954278,1775835281.6842144,5,/Users/kimsumin/projects/RGMC/data/map/robot4/images/0195.png,/Users/kimsumin/projects/RGMC/data/map/robot4/overlays/0195_overlay.png,/Users/kimsumin/projects/RGMC/data/map/robot4/masks/0195_mask.png
196,0.0290625,0.15625,,508.9948275862069,67.9367417677643,1,0.0,0.14379873586233566,0.2641381262178988,1775835290.7939596,5,/Users/kimsumin/projects/RGMC/data/map/robot4/images/0196.png,/Users/kimsumin/projects/RGMC/data/map/robot4/overlays/0196_overlay.png,/Users/kimsumin/projects/RGMC/data/map/robot4/masks/0196_mask.png
197,0.0,0.15625,,508.9651162790698,55.13464991023339,1,0.0,0.07169884399349484,0.0742478782897979,1775835300.4525263,5,/Users/kimsumin/projects/RGMC/data/map/robot4/images/0197.png,/Users/kimsumin/projects/RGMC/data/map/robot4/overlays/0197_overlay.png,/Users/kimsumin/projects/RGMC/data/map/robot4/masks/0197_mask.png
198,0.0,0.1875,,495.5616197183099,54.215669014084504,1,0.0,0.06184884537191984,0.04862362247873091,1775835309.5424888,5,/Users/kimsumin/projects/RGMC/data/map/robot4/images/0198.png,/Users/kimsumin/projects/RGMC/data/map/robot4/overlays/0198_overlay.png,/Users/kimsumin/projects/RGMC/data/map/robot4/masks/0198_mask.png
199,0.0290625,0.1875,,495.26344086021504,67.46863799283155,1,0.0,0.07288268576202837,0.04102125013057121,1775835318.5127928,5,/Users/kimsumin/projects/RGMC/data/map/robot4/images/0199.png,/Users/kimsumin/projects/RGMC/data/map/robot4/overlays/0199_overlay.png,/Users/kimsumin/projects/RGMC/data/map/robot4/masks/0199_mask.png
200,0.058125,0.1875,,495.7071167883212,79.72477064220183,1,0.0,0.07385285858762035,0.11812569732917938,1775835327.5000744,5,/Users/kimsumin/projects/RGMC/data/map/robot4/images/0200.png,/Users/kimsumin/projects/RGMC/data/map/robot4/overlays/0200_overlay.png,/Users/kimsumin/projects/RGMC/data/map/robot4/masks/0200_mask.png
201,0.0871875,0.1875,,495.71863799283153,92.43733092876465,1,0.0,0.06424258997477716,0.10099009665747853,1775835336.4308617,5,/Users/kimsumin/projects/RGMC/data/map/robot4/images/0201.png,/Users/kimsumin/projects/RGMC/data/map/robot4/overlays/0201_overlay.png,/Users/kimsumin/projects/RGMC/data/map/robot4/masks/0201_mask.png
202,0.11625,0.1875,,495.8446251129178,104.92439243924393,1,0.0,0.07613927423880693,0.10894648149018071,1775835345.470171,5,/Users/kimsumin/projects/RGMC/data/map/robot4/images/0202.png,/Users/kimsumin/projects/RGMC/data/map/robot4/overlays/0202_overlay.png,/Users/kimsumin/projects/RGMC/data/map/robot4/masks/0202_mask.png
203,0.1453125,0.1875,,495.7255772646536,117.69081272084806,1,0.0,0.03896937948908454,0.02929437595294138,1775835354.5601485,5,/Users/kimsumin/projects/RGMC/data/map/robot4/images/0203.png,/Users/kimsumin/projects/RGMC/data/map/robot4/overlays/0203_overlay.png,/Users/kimsumin/projects/RGMC/data/map/robot4/masks/0203_mask.png
204,0.174375,0.1875,,495.6496756255792,131.00371747211895,1,0.0,0.020525805454449493,0.0374280564623054,1775835363.5700293,5,/Users/kimsumin/projects/RGMC/data/map/robot4/images/0204.png,/Users/kimsumin/projects/RGMC/data/map/robot4/overlays/0204_overlay.png,/Users/kimsumin/projects/RGMC/data/map/robot4/masks/0204_mask.png
205,0.20343750000000002,0.1875,,495.66127583108715,143.3608340888486,1,0.0,0.03856990802509509,0.05036520537550059,1775835372.8045087,5,/Users/kimsumin/projects/RGMC/data/map/robot4/images/0205.png,/Users/kimsumin/projects/RGMC/data/map/robot4/overlays/0205_overlay.png,/Users/kimsumin/projects/RGMC/data/map/robot4/masks/0205_mask.png
206,0.2325,0.1875,,495.59650735294116,155.69669117647058,1,0.0,0.02780039686564335,0.05907950213089672,1775835381.7547727,5,/Users/kimsumin/projects/RGMC/data/map/robot4/images/0206.png,/Users/kimsumin/projects/RGMC/data/map/robot4/overlays/0206_overlay.png,/Users/kimsumin/projects/RGMC/data/map/robot4/masks/0206_mask.png
207,0.26156250000000003,0.1875,,495.62849413886386,168.38475665748393,1,0.0,0.0874213193534134,0.04482157818605895,1775835391.3452337,5,/Users/kimsumin/projects/RGMC/data/map/robot4/images/0207.png,/Users/kimsumin/projects/RGMC/data/map/robot4/overlays/0207_overlay.png,/Users/kimsumin/projects/RGMC/data/map/robot4/masks/0207_mask.png
208,0.290625,0.1875,,495.84187279151945,181.0600706713781,1,0.0,0.077611995970592,0.03905789148841435,1775835400.3869853,5,/Users/kimsumin/projects/RGMC/data/map/robot4/images/0208.png,/Users/kimsumin/projects/RGMC/data/map/robot4/overlays/0208_overlay.png,/Users/kimsumin/projects/RGMC/data/map/robot4/masks/0208_mask.png
209,0.3196875,0.1875,,495.64317573595,193.8171275646744,1,0.0,0.04811897364538039,0.08313649322218475,1775835409.3817656,5,/Users/kimsumin/projects/RGMC/data/map/robot4/images/0209.png,/Users/kimsumin/projects/RGMC/data/map/robot4/overlays/0209_overlay.png,/Users/kimsumin/projects/RGMC/data/map/robot4/masks/0209_mask.png
210,0.34875,0.1875,,495.72905525846704,206.32682060390763,1,0.0,0.04398280760886111,0.2747294072862049,1775835418.5491278,5,/Users/kimsumin/projects/RGMC/data/map/robot4/images/0210.png,/Users/kimsumin/projects/RGMC/data/map/robot4/overlays/0210_overlay.png,/Users/kimsumin/projects/RGMC/data/map/robot4/masks/0210_mask.png
211,0.3778125,0.1875,,495.4419237749546,219.5540417801998,1,0.0,0.015243199607606355,0.052364127618304564,1775835429.5300126,5,/Users/kimsumin/projects/RGMC/data/map/robot4/images/0211.png,/Users/kimsumin/projects/RGMC/data/map/robot4/overlays/0211_overlay.png,/Users/kimsumin/projects/RGMC/data/map/robot4/masks/0211_mask.png
212,0.40687500000000004,0.1875,,495.51206434316356,232.3029490616622,1,0.0,0.042324482438231004,0.050540999334131906,1775835438.6382391,5,/Users/kimsumin/projects/RGMC/data/map/robot4/images/0212.png,/Users/kimsumin/projects/RGMC/data/map/robot4/overlays/0212_overlay.png,/Users/kimsumin/projects/RGMC/data/map/robot4/masks/0212_mask.png
213,0.43593750000000003,0.1875,,495.6331838565022,244.65703971119135,1,0.0,0.03043794394749918,0.06257936537669516,1775835447.7661614,5,/Users/kimsumin/projects/RGMC/data/map/robot4/images/0213.png,/Users/kimsumin/projects/RGMC/data/map/robot4/overlays/0213_overlay.png,/Users/kimsumin/projects/RGMC/data/map/robot4/masks/0213_mask.png
214,0.465,0.1875,,495.7368421052632,257.360568383659,1,0.0,0.06723524963648472,0.075327114967778,1775835456.717268,5,/Users/kimsumin/projects/RGMC/data/map/robot4/images/0214.png,/Users/kimsumin/projects/RGMC/data/map/robot4/overlays/0214_overlay.png,/Users/kimsumin/projects/RGMC/data/map/robot4/masks/0214_mask.png
215,0.4940625,0.1875,,495.51575157515754,269.9230088495575,1,0.0,0.08055984429400083,0.035264647965079436,1775835467.7317836,5,/Users/kimsumin/projects/RGMC/data/map/robot4/images/0215.png,/Users/kimsumin/projects/RGMC/data/map/robot4/overlays/0215_overlay.png,/Users/kimsumin/projects/RGMC/data/map/robot4/masks/0215_mask.png
216,0.5231250000000001,0.1875,,495.5897435897436,283.3309090909091,1,0.0,0.04307959305139671,0.04762397807878421,1775835477.4488544,5,/Users/kimsumin/projects/RGMC/data/map/robot4/images/0216.png,/Users/kimsumin/projects/RGMC/data/map/robot4/overlays/0216_overlay.png,/Users/kimsumin/projects/RGMC/data/map/robot4/masks/0216_mask.png
217,0.5521875,0.1875,,495.75638686131384,295.81100917431195,1,0.0,0.037410550333264556,0.05622317240283077,1775835486.3592963,5,/Users/kimsumin/projects/RGMC/data/map/robot4/images/0217.png,/Users/kimsumin/projects/RGMC/data/map/robot4/overlays/0217_overlay.png,/Users/kimsumin/projects/RGMC/data/map/robot4/masks/0217_mask.png
218,0.58125,0.1875,,495.8142222222222,308.63978494623655,1,0.0,0.043321841881714854,0.06529717165361379,1775835495.4254417,5,/Users/kimsumin/projects/RGMC/data/map/robot4/images/0218.png,/Users/kimsumin/projects/RGMC/data/map/robot4/overlays/0218_overlay.png,/Users/kimsumin/projects/RGMC/data/map/robot4/masks/0218_mask.png
219,0.6103125,0.1875,,496.0206834532374,321.3264388489209,1,0.0,0.02577831344494271,0.029989109245888365,1775835504.489071,5,/Users/kimsumin/projects/RGMC/data/map/robot4/images/0219.png,/Users/kimsumin/projects/RGMC/data/map/robot4/overlays/0219_overlay.png,/Users/kimsumin/projects/RGMC/data/map/robot4/masks/0219_mask.png
220,0.639375,0.1875,,495.81266726137375,333.9643811219947,1,0.0,0.04204819673655216,0.04954844564755251,1775835513.9882739,5,/Users/kimsumin/projects/RGMC/data/map/robot4/images/0220.png,/Users/kimsumin/projects/RGMC/data/map/robot4/overlays/0220_overlay.png,/Users/kimsumin/projects/RGMC/data/map/robot4/masks/0220_mask.png
221,0.6684375,0.1875,,496.31498194945846,347.2313974591652,1,0.0,0.14327161694700372,0.04482634455372451,1775835523.3880901,5,/Users/kimsumin/projects/RGMC/data/map/robot4/images/0221.png,/Users/kimsumin/projects/RGMC/data/map/robot4/overlays/0221_overlay.png,/Users/kimsumin/projects/RGMC/data/map/robot4/masks/0221_mask.png
222,0.6975,0.1875,,495.9908592321755,359.9926873857404,1,0.0,0.01916491110896022,0.05266257406235769,1775835533.0047624,5,/Users/kimsumin/projects/RGMC/data/map/robot4/images/0222.png,/Users/kimsumin/projects/RGMC/data/map/robot4/overlays/0222_overlay.png,/Users/kimsumin/projects/RGMC/data/map/robot4/masks/0222_mask.png
223,0.7265625,0.1875,,496.17351598173514,372.6726943942134,1,0.0,0.1539105805311916,0.020162365409255256,1775835542.6620111,5,/Users/kimsumin/projects/RGMC/data/map/robot4/images/0223.png,/Users/kimsumin/projects/RGMC/data/map/robot4/overlays/0223_overlay.png,/Users/kimsumin/projects/RGMC/data/map/robot4/masks/0223_mask.png
224,0.755625,0.1875,,496.1333946642134,385.2708907254362,1,0.0,0.0409273496114047,0.027665939866754866,1775835552.8172805,5,/Users/kimsumin/projects/RGMC/data/map/robot4/images/0224.png,/Users/kimsumin/projects/RGMC/data/map/robot4/overlays/0224_overlay.png,/Users/kimsumin/projects/RGMC/data/map/robot4/masks/0224_mask.png
225,0.7846875000000001,0.1875,,496.0192307692308,397.9123287671233,1,0.0,0.06842640784212742,0.04130772723036695,1775835563.868508,5,/Users/kimsumin/projects/RGMC/data/map/robot4/images/0225.png,/Users/kimsumin/projects/RGMC/data/map/robot4/overlays/0225_overlay.png,/Users/kimsumin/projects/RGMC/data/map/robot4/masks/0225_mask.png
226,0.8137500000000001,0.1875,,496.2233549582947,411.3382899628253,1,0.0,0.05571325351925312,0.08797365188485178,1775835575.8351064,5,/Users/kimsumin/projects/RGMC/data/map/robot4/images/0226.png,/Users/kimsumin/projects/RGMC/data/map/robot4/overlays/0226_overlay.png,/Users/kimsumin/projects/RGMC/data/map/robot4/masks/0226_mask.png
227,0.8428125000000001,0.1875,,496.57495429616085,423.64625228519196,1,0.0,0.045822541781881124,0.028439247473266937,1775835585.873207,5,/Users/kimsumin/projects/RGMC/data/map/robot4/images/0227.png,/Users/kimsumin/projects/RGMC/data/map/robot4/overlays/0227_overlay.png,/Users/kimsumin/projects/RGMC/data/map/robot4/masks/0227_mask.png
228,0.8718750000000001,0.1875,,496.4373259052925,436.5787511649581,1,0.0,0.036623700419280855,0.06332253245171005,1775835596.7597659,5,/Users/kimsumin/projects/RGMC/data/map/robot4/images/0228.png,/Users/kimsumin/projects/RGMC/data/map/robot4/overlays/0228_overlay.png,/Users/kimsumin/projects/RGMC/data/map/robot4/masks/0228_mask.png
229,0.9009375000000001,0.1875,,496.86404293381037,449.6484794275492,1,0.0,0.13194155644990813,0.06407802938969931,1775835605.7044768,5,/Users/kimsumin/projects/RGMC/data/map/robot4/images/0229.png,/Users/kimsumin/projects/RGMC/data/map/robot4/overlays/0229_overlay.png,/Users/kimsumin/projects/RGMC/data/map/robot4/masks/0229_mask.png
230,0.93,0.1875,,496.37464788732393,461.2637465051258,1,0.0,0.2072625589516777,0.1036054588596225,1775835615.3432574,5,/Users/kimsumin/projects/RGMC/data/map/robot4/images/0230.png,/Users/kimsumin/projects/RGMC/data/map/robot4/overlays/0230_overlay.png,/Users/kimsumin/projects/RGMC/data/map/robot4/masks/0230_mask.png
231,0.93,0.21875,,483.2100371747212,461.1189591078067,1,0.0,0.04201476084714512,0.0673741556293968,1775835624.3972359,5,/Users/kimsumin/projects/RGMC/data/map/robot4/images/0231.png,/Users/kimsumin/projects/RGMC/data/map/robot4/overlays/0231_overlay.png,/Users/kimsumin/projects/RGMC/data/map/robot4/masks/0231_mask.png
232,0.9009375000000001,0.21875,,483.00350569675726,449.5092024539877,1,0.0,0.214676578715846,0.21530842359975771,1775835633.4728446,5,/Users/kimsumin/projects/RGMC/data/map/robot4/images/0232.png,/Users/kimsumin/projects/RGMC/data/map/robot4/overlays/0232_overlay.png,/Users/kimsumin/projects/RGMC/data/map/robot4/masks/0232_mask.png
233,0.8718750000000001,0.21875,,481.8074534161491,436.8331854480923,1,0.0,0.39676041310437327,0.07983346627589429,1775835644.3651562,5,/Users/kimsumin/projects/RGMC/data/map/robot4/images/0233.png,/Users/kimsumin/projects/RGMC/data/map/robot4/overlays/0233_overlay.png,/Users/kimsumin/projects/RGMC/data/map/robot4/masks/0233_mask.png
234,0.8428125000000001,0.21875,,482.98242368177614,423.99165120593693,1,0.0,0.10070058719891474,0.06724788751742136,1775835653.8123732,5,/Users/kimsumin/projects/RGMC/data/map/robot4/images/0234.png,/Users/kimsumin/projects/RGMC/data/map/robot4/overlays/0234_overlay.png,/Users/kimsumin/projects/RGMC/data/map/robot4/masks/0234_mask.png
235,0.8137500000000001,0.21875,,482.8820754716981,411.4811676082862,1,0.0,0.0401516209808867,0.044187173342118136,1775835663.7226403,5,/Users/kimsumin/projects/RGMC/data/map/robot4/images/0235.png,/Users/kimsumin/projects/RGMC/data/map/robot4/overlays/0235_overlay.png,/Users/kimsumin/projects/RGMC/data/map/robot4/masks/0235_mask.png
236,0.7846875000000001,0.21875,,482.8005698005698,398.76271186440675,1,0.0,0.05893482506684073,0.016271160274184737,1775835673.4113503,5,/Users/kimsumin/projects/RGMC/data/map/robot4/images/0236.png,/Users/kimsumin/projects/RGMC/data/map/robot4/overlays/0236_overlay.png,/Users/kimsumin/projects/RGMC/data/map/robot4/masks/0236_mask.png
237,0.755625,0.21875,,482.7149404216315,385.56517775752053,1,0.0,0.04351925277284474,0.02458512363479099,1775835682.586808,5,/Users/kimsumin/projects/RGMC/data/map/robot4/images/0237.png,/Users/kimsumin/projects/RGMC/data/map/robot4/overlays/0237_overlay.png,/Users/kimsumin/projects/RGMC/data/map/robot4/masks/0237_mask.png
238,0.7265625,0.21875,,481.9022026431718,372.8982456140351,1,0.0,0.05609923014395765,0.053226700387537386,1775835691.5868196,5,/Users/kimsumin/projects/RGMC/data/map/robot4/images/0238.png,/Users/kimsumin/projects/RGMC/data/map/robot4/overlays/0238_overlay.png,/Users/kimsumin/projects/RGMC/data/map/robot4/masks/0238_mask.png
239,0.6975,0.21875,,481.85240174672487,360.22329246935203,1,0.0,0.332972434314771,0.04532316885620814,1775835701.2815397,5,/Users/kimsumin/projects/RGMC/data/map/robot4/images/0239.png,/Users/kimsumin/projects/RGMC/data/map/robot4/overlays/0239_overlay.png,/Users/kimsumin/projects/RGMC/data/map/robot4/masks/0239_mask.png
240,0.6684375,0.21875,,481.660542432196,347.4318181818182,1,0.0,0.03592579954397019,0.09919365808115004,1775835710.341419,5,/Users/kimsumin/projects/RGMC/data/map/robot4/images/0240.png,/Users/kimsumin/projects/RGMC/data/map/robot4/overlays/0240_overlay.png,/Users/kimsumin/projects/RGMC/data/map/robot4/masks/0240_mask.png
241,0.639375,0.21875,,481.5817717206133,334.9629302736099,1,0.0,0.03053998689013459,0.38221114400384393,1775835721.6098037,5,/Users/kimsumin/projects/RGMC/data/map/robot4/images/0241.png,/Users/kimsumin/projects/RGMC/data/map/robot4/overlays/0241_overlay.png,/Users/kimsumin/projects/RGMC/data/map/robot4/masks/0241_mask.png
242,0.6103125,0.21875,,481.7560344827586,321.5396551724138,1,0.0,0.36256611244403386,0.11367989826491297,1775835732.7699282,5,/Users/kimsumin/projects/RGMC/data/map/robot4/images/0242.png,/Users/kimsumin/projects/RGMC/data/map/robot4/overlays/0242_overlay.png,/Users/kimsumin/projects/RGMC/data/map/robot4/masks/0242_mask.png
243,0.58125,0.21875,,481.49220103986136,308.8014059753954,1,0.0,0.05054775819445066,0.09232245862455518,1775835741.7718859,5,/Users/kimsumin/projects/RGMC/data/map/robot4/images/0243.png,/Users/kimsumin/projects/RGMC/data/map/robot4/overlays/0243_overlay.png,/Users/kimsumin/projects/RGMC/data/map/robot4/masks/0243_mask.png
244,0.5521875,0.21875,,481.57978723404256,296.18615107913666,1,0.0,0.08652199690326368,0.018195590342339744,1775835750.5883486,5,/Users/kimsumin/projects/RGMC/data/map/robot4/images/0244.png,/Users/kimsumin/projects/RGMC/data/map/robot4/overlays/0244_overlay.png,/Users/kimsumin/projects/RGMC/data/map/robot4/masks/0244_mask.png
245,0.5231250000000001,0.21875,,481.5448028673835,283.2159498207885,1,0.0,0.04713890274818882,0.04127020366465046,1775835759.4286835,5,/Users/kimsumin/projects/RGMC/data/map/robot4/images/0245.png,/Users/kimsumin/projects/RGMC/data/map/robot4/overlays/0245_overlay.png,/Users/kimsumin/projects/RGMC/data/map/robot4/masks/0245_mask.png
246,0.4940625,0.21875,,481.56311548791405,270.905102954342,1,0.0,0.10560791117304859,0.35376744929506926,1775835768.469528,5,/Users/kimsumin/projects/RGMC/data/map/robot4/images/0246.png,/Users/kimsumin/projects/RGMC/data/map/robot4/overlays/0246_overlay.png,/Users/kimsumin/projects/RGMC/data/map/robot4/masks/0246_mask.png
247,0.465,0.21875,,481.7577365163572,257.7033824804857,1,0.0,0.05664472703288706,0.09017937001492445,1775835777.568455,5,/Users/kimsumin/projects/RGMC/data/map/robot4/images/0247.png,/Users/kimsumin/projects/RGMC/data/map/robot4/overlays/0247_overlay.png,/Users/kimsumin/projects/RGMC/data/map/robot4/masks/0247_mask.png
248,0.43593750000000003,0.21875,,481.6946366782007,245.02436901653613,1,0.0,0.08204602035856841,0.04682118876534717,1775835787.1926548,5,/Users/kimsumin/projects/RGMC/data/map/robot4/images/0248.png,/Users/kimsumin/projects/RGMC/data/map/robot4/overlays/0248_overlay.png,/Users/kimsumin/projects/RGMC/data/map/robot4/masks/0248_mask.png
249,0.40687500000000004,0.21875,,481.5237273511648,232.71926765475152,1,0.0,0.03510799376950712,0.016268864976205374,1775835798.4723053,5,/Users/kimsumin/projects/RGMC/data/map/robot4/images/0249.png,/Users/kimsumin/projects/RGMC/data/map/robot4/overlays/0249_overlay.png,/Users/kimsumin/projects/RGMC/data/map/robot4/masks/0249_mask.png
250,0.3778125,0.21875,,481.4773333333333,219.5886019590383,1,0.0,0.07317795530808957,0.06097276255255565,1775835807.743091,5,/Users/kimsumin/projects/RGMC/data/map/robot4/images/0250.png,/Users/kimsumin/projects/RGMC/data/map/robot4/overlays/0250_overlay.png,/Users/kimsumin/projects/RGMC/data/map/robot4/masks/0250_mask.png
251,0.34875,0.21875,,481.6088105726872,207.1931216931217,1,0.0,0.08124211584284145,0.03685809973388687,1775835817.1070666,5,/Users/kimsumin/projects/RGMC/data/map/robot4/images/0251.png,/Users/kimsumin/projects/RGMC/data/map/robot4/overlays/0251_overlay.png,/Users/kimsumin/projects/RGMC/data/map/robot4/masks/0251_mask.png
252,0.3196875,0.21875,,481.80017376194616,193.94178974804518,1,0.0,0.09572063132609705,0.3296368928211345,1775835826.133013,5,/Users/kimsumin/projects/RGMC/data/map/robot4/images/0252.png,/Users/kimsumin/projects/RGMC/data/map/robot4/overlays/0252_overlay.png,/Users/kimsumin/projects/RGMC/data/map/robot4/masks/0252_mask.png
253,0.290625,0.21875,,481.5491033304868,181.44991511035653,1,0.0,0.05278425235407488,0.029518866178785987,1775835836.25367,5,/Users/kimsumin/projects/RGMC/data/map/robot4/images/0253.png,/Users/kimsumin/projects/RGMC/data/map/robot4/overlays/0253_overlay.png,/Users/kimsumin/projects/RGMC/data/map/robot4/masks/0253_mask.png
254,0.26156250000000003,0.21875,,481.41400172860847,168.71206896551723,1,0.0,0.02820831501995887,0.06369486457894297,1775835845.1594849,5,/Users/kimsumin/projects/RGMC/data/map/robot4/images/0254.png,/Users/kimsumin/projects/RGMC/data/map/robot4/overlays/0254_overlay.png,/Users/kimsumin/projects/RGMC/data/map/robot4/masks/0254_mask.png
255,0.2325,0.21875,,481.34601769911507,155.90509666080843,1,0.0,0.07537969590131621,0.05799446566402783,1775835854.2721884,5,/Users/kimsumin/projects/RGMC/data/map/robot4/images/0255.png,/Users/kimsumin/projects/RGMC/data/map/robot4/overlays/0255_overlay.png,/Users/kimsumin/projects/RGMC/data/map/robot4/masks/0255_mask.png
256,0.20343750000000002,0.21875,,481.45242214532874,143.3385689354276,1,0.0,0.04494066152712757,0.05626320439422264,1775835863.0924723,5,/Users/kimsumin/projects/RGMC/data/map/robot4/images/0256.png,/Users/kimsumin/projects/RGMC/data/map/robot4/overlays/0256_overlay.png,/Users/kimsumin/projects/RGMC/data/map/robot4/masks/0256_mask.png
257,0.174375,0.21875,,481.6239092495637,130.3455497382199,1,0.0,0.06432657973071784,0.30860332413727726,1775835882.2190845,5,/Users/kimsumin/projects/RGMC/data/map/robot4/images/0257.png,/Users/kimsumin/projects/RGMC/data/map/robot4/overlays/0257_overlay.png,/Users/kimsumin/projects/RGMC/data/map/robot4/masks/0257_mask.png
258,0.1453125,0.21875,,481.67932489451476,117.83002588438309,1,0.0,0.036941486863021435,0.06536230046926683,1775835897.8835626,5,/Users/kimsumin/projects/RGMC/data/map/robot4/images/0258.png,/Users/kimsumin/projects/RGMC/data/map/robot4/overlays/0258_overlay.png,/Users/kimsumin/projects/RGMC/data/map/robot4/masks/0258_mask.png
259,0.11625,0.21875,,481.7785588752197,105.29188255613126,1,0.0,0.34737982275646556,0.0794373745775582,1775835920.4193146,5,/Users/kimsumin/projects/RGMC/data/map/robot4/images/0259.png,/Users/kimsumin/projects/RGMC/data/map/robot4/overlays/0259_overlay.png,/Users/kimsumin/projects/RGMC/data/map/robot4/masks/0259_mask.png
260,0.0871875,0.21875,,481.6187175043328,92.73003472222223,1,0.0,0.3821715061398298,0.06666971938428048,1775835933.6278994,5,/Users/kimsumin/projects/RGMC/data/map/robot4/images/0260.png,/Users/kimsumin/projects/RGMC/data/map/robot4/overlays/0260_overlay.png,/Users/kimsumin/projects/RGMC/data/map/robot4/masks/0260_mask.png
261,0.058125,0.21875,,481.74340949033393,80.0219683655536,1,0.0,0.01721168268380897,0.07230504100739561,1775835942.5425382,5,/Users/kimsumin/projects/RGMC/data/map/robot4/images/0261.png,/Users/kimsumin/projects/RGMC/data/map/robot4/overlays/0261_overlay.png,/Users/kimsumin/projects/RGMC/data/map/robot4/masks/0261_mask.png
262,0.0290625,0.21875,,481.44919786096256,67.56261180679785,1,0.0,0.1693749226641468,0.0846134598453003,1775835951.5044885,5,/Users/kimsumin/projects/RGMC/data/map/robot4/images/0262.png,/Users/kimsumin/projects/RGMC/data/map/robot4/overlays/0262_overlay.png,/Users/kimsumin/projects/RGMC/data/map/robot4/masks/0262_mask.png
263,0.0,0.21875,,481.50259965337955,54.26689774696707,1,0.0,0.011824132283414834,0.3169579252250156,1775835960.5674374,5,/Users/kimsumin/projects/RGMC/data/map/robot4/images/0263.png,/Users/kimsumin/projects/RGMC/data/map/robot4/overlays/0263_overlay.png,/Users/kimsumin/projects/RGMC/data/map/robot4/masks/0263_mask.png
264,0.0,0.25,,467.87271142109853,54.1212389380531,1,0.0,0.08324164086771213,0.4369212647490997,1775835969.7556405,5,/Users/kimsumin/projects/RGMC/data/map/robot4/images/0264.png,/Users/kimsumin/projects/RGMC/data/map/robot4/overlays/0264_overlay.png,/Users/kimsumin/projects/RGMC/data/map/robot4/masks/0264_mask.png
265,0.0290625,0.25,,467.6268115942029,67.44343065693431,1,0.0,0.06727405347221117,0.1005265955035947,1775835979.2726164,5,/Users/kimsumin/projects/RGMC/data/map/robot4/images/0265.png,/Users/kimsumin/projects/RGMC/data/map/robot4/overlays/0265_overlay.png,/Users/kimsumin/projects/RGMC/data/map/robot4/masks/0265_mask.png
266,0.058125,0.25,,467.81081081081084,79.60720720720721,1,0.0,0.052475091708628074,0.07982136745771864,1775835989.4379632,5,/Users/kimsumin/projects/RGMC/data/map/robot4/images/0266.png,/Users/kimsumin/projects/RGMC/data/map/robot4/overlays/0266_overlay.png,/Users/kimsumin/projects/RGMC/data/map/robot4/masks/0266_mask.png
267,0.0871875,0.25,,467.96839332748027,92.27655838454785,1,0.0,0.1770627366356482,0.12212085035937802,1775835998.5907304,5,/Users/kimsumin/projects/RGMC/data/map/robot4/images/0267.png,/Users/kimsumin/projects/RGMC/data/map/robot4/overlays/0267_overlay.png,/Users/kimsumin/projects/RGMC/data/map/robot4/masks/0267_mask.png
268,0.11625,0.25,,467.9375,104.824,1,0.0,0.07775243502319884,0.08379496832360897,1775836007.630136,5,/Users/kimsumin/projects/RGMC/data/map/robot4/images/0268.png,/Users/kimsumin/projects/RGMC/data/map/robot4/overlays/0268_overlay.png,/Users/kimsumin/projects/RGMC/data/map/robot4/masks/0268_mask.png
269,0.1453125,0.25,,467.84965034965035,117.3913043478261,1,0.0,0.027504036219955046,0.05593435198659626,1775836016.8095465,5,/Users/kimsumin/projects/RGMC/data/map/robot4/images/0269.png,/Users/kimsumin/projects/RGMC/data/map/robot4/overlays/0269_overlay.png,/Users/kimsumin/projects/RGMC/data/map/robot4/masks/0269_mask.png
270,0.174375,0.25,,467.71591908531224,129.75021987686895,1,0.0,0.07568380411516996,0.04581842219503432,1775836025.7273417,5,/Users/kimsumin/projects/RGMC/data/map/robot4/images/0270.png,/Users/kimsumin/projects/RGMC/data/map/robot4/overlays/0270_overlay.png,/Users/kimsumin/projects/RGMC/data/map/robot4/masks/0270_mask.png
271,0.20343750000000002,0.25,,467.70577777777777,143.01147396293027,1,0.0,0.063269696596687,0.39421071090324805,1775836034.7371798,5,/Users/kimsumin/projects/RGMC/data/map/robot4/images/0271.png,/Users/kimsumin/projects/RGMC/data/map/robot4/overlays/0271_overlay.png,/Users/kimsumin/projects/RGMC/data/map/robot4/masks/0271_mask.png
272,0.2325,0.25,,467.69385884509626,155.66362807657248,1,0.0,0.07087585534802744,0.053633901060677024,1775836043.775133,5,/Users/kimsumin/projects/RGMC/data/map/robot4/images/0272.png,/Users/kimsumin/projects/RGMC/data/map/robot4/overlays/0272_overlay.png,/Users/kimsumin/projects/RGMC/data/map/robot4/masks/0272_mask.png
273,0.26156250000000003,0.25,,467.6330357142857,168.0196779964222,1,0.0,0.017427469727608245,0.09725039994273646,1775836052.9179385,5,/Users/kimsumin/projects/RGMC/data/map/robot4/images/0273.png,/Users/kimsumin/projects/RGMC/data/map/robot4/overlays/0273_overlay.png,/Users/kimsumin/projects/RGMC/data/map/robot4/masks/0273_mask.png
274,0.290625,0.25,,467.72315882874886,180.90328305235138,1,0.0,0.038788286952063336,0.11475816530300133,1775836061.845346,5,/Users/kimsumin/projects/RGMC/data/map/robot4/images/0274.png,/Users/kimsumin/projects/RGMC/data/map/robot4/overlays/0274_overlay.png,/Users/kimsumin/projects/RGMC/data/map/robot4/masks/0274_mask.png
275,0.3196875,0.25,,467.6321334503951,193.4179104477612,1,0.0,0.05412130562262612,0.07249924759489451,1775836070.9417977,5,/Users/kimsumin/projects/RGMC/data/map/robot4/images/0275.png,/Users/kimsumin/projects/RGMC/data/map/robot4/overlays/0275_overlay.png,/Users/kimsumin/projects/RGMC/data/map/robot4/masks/0275_mask.png
276,0.34875,0.25,,467.78990081154194,206.8447488584475,1,0.0,0.06883967285397428,0.45169777783086623,1775836081.106913,5,/Users/kimsumin/projects/RGMC/data/map/robot4/images/0276.png,/Users/kimsumin/projects/RGMC/data/map/robot4/overlays/0276_overlay.png,/Users/kimsumin/projects/RGMC/data/map/robot4/masks/0276_mask.png
277,0.3778125,0.25,,467.6749769159741,219.35082872928177,1,0.0,0.036325659456494006,0.03852621593430588,1775836090.9157553,5,/Users/kimsumin/projects/RGMC/data/map/robot4/images/0277.png,/Users/kimsumin/projects/RGMC/data/map/robot4/overlays/0277_overlay.png,/Users/kimsumin/projects/RGMC/data/map/robot4/masks/0277_mask.png
278,0.40687500000000004,0.25,,467.7704918032787,231.6718322698268,1,0.0,0.0073176887093851775,0.02678660144995814,1775836102.516359,5,/Users/kimsumin/projects/RGMC/data/map/robot4/images/0278.png,/Users/kimsumin/projects/RGMC/data/map/robot4/overlays/0278_overlay.png,/Users/kimsumin/projects/RGMC/data/map/robot4/masks/0278_mask.png
279,0.43593750000000003,0.25,,467.8090909090909,244.5209090909091,1,0.0,0.05971056802814096,0.15088747135028463,1775836111.530853,5,/Users/kimsumin/projects/RGMC/data/map/robot4/images/0279.png,/Users/kimsumin/projects/RGMC/data/map/robot4/overlays/0279_overlay.png,/Users/kimsumin/projects/RGMC/data/map/robot4/masks/0279_mask.png
280,0.465,0.25,,467.8093525179856,256.9451438848921,1,0.0,0.05496168092287577,0.05298779085119064,1775836120.8801692,5,/Users/kimsumin/projects/RGMC/data/map/robot4/images/0280.png,/Users/kimsumin/projects/RGMC/data/map/robot4/overlays/0280_overlay.png,/Users/kimsumin/projects/RGMC/data/map/robot4/masks/0280_mask.png
281,0.4940625,0.25,,467.9151193633952,269.80494263018534,1,0.0,0.032877264239286455,0.034212107008028035,1775836130.1070325,5,/Users/kimsumin/projects/RGMC/data/map/robot4/images/0281.png,/Users/kimsumin/projects/RGMC/data/map/robot4/overlays/0281_overlay.png,/Users/kimsumin/projects/RGMC/data/map/robot4/masks/0281_mask.png
282,0.5231250000000001,0.25,,467.7292225201072,283.1822386679001,1,0.0,0.039375647116856136,0.2841367581564944,1775836139.3525417,5,/Users/kimsumin/projects/RGMC/data/map/robot4/images/0282.png,/Users/kimsumin/projects/RGMC/data/map/robot4/overlays/0282_overlay.png,/Users/kimsumin/projects/RGMC/data/map/robot4/masks/0282_mask.png
283,0.5521875,0.25,,467.8470695970696,295.42857142857144,1,0.0,0.022422300111308944,0.05165135388543263,1775836148.3753388,5,/Users/kimsumin/projects/RGMC/data/map/robot4/images/0283.png,/Users/kimsumin/projects/RGMC/data/map/robot4/overlays/0283_overlay.png,/Users/kimsumin/projects/RGMC/data/map/robot4/masks/0283_mask.png
284,0.58125,0.25,,467.8092224231465,308.04566210045664,1,0.0,0.03952561165119386,0.08235266953269661,1775836158.1303813,5,/Users/kimsumin/projects/RGMC/data/map/robot4/images/0284.png,/Users/kimsumin/projects/RGMC/data/map/robot4/overlays/0284_overlay.png,/Users/kimsumin/projects/RGMC/data/map/robot4/masks/0284_mask.png
285,0.6103125,0.25,,467.96039603960395,321.1674167416742,1,0.0,0.018135863829173853,0.03556167719367558,1775836167.2674274,5,/Users/kimsumin/projects/RGMC/data/map/robot4/images/0285.png,/Users/kimsumin/projects/RGMC/data/map/robot4/overlays/0285_overlay.png,/Users/kimsumin/projects/RGMC/data/map/robot4/masks/0285_mask.png
286,0.639375,0.25,,467.82253771073647,333.66167400881056,1,0.0,0.05698471767302046,0.02390526715125164,1775836176.270532,5,/Users/kimsumin/projects/RGMC/data/map/robot4/images/0286.png,/Users/kimsumin/projects/RGMC/data/map/robot4/overlays/0286_overlay.png,/Users/kimsumin/projects/RGMC/data/map/robot4/masks/0286_mask.png
287,0.6684375,0.25,,468.0576744186047,347.36507936507934,1,0.0,0.014121506833268826,0.03480279201726861,1775836185.2839432,5,/Users/kimsumin/projects/RGMC/data/map/robot4/images/0287.png,/Users/kimsumin/projects/RGMC/data/map/robot4/overlays/0287_overlay.png,/Users/kimsumin/projects/RGMC/data/map/robot4/masks/0287_mask.png
288,0.6975,0.25,,467.9731729879741,359.4284403669725,1,0.0,0.08199600819807629,0.03207467555226521,1775836194.5160975,5,/Users/kimsumin/projects/RGMC/data/map/robot4/images/0288.png,/Users/kimsumin/projects/RGMC/data/map/robot4/overlays/0288_overlay.png,/Users/kimsumin/projects/RGMC/data/map/robot4/masks/0288_mask.png
289,0.7265625,0.25,,468.5478961504029,372.4981884057971,1,0.0,0.13892771546403138,0.11277553948634908,1775836203.3686485,5,/Users/kimsumin/projects/RGMC/data/map/robot4/images/0289.png,/Users/kimsumin/projects/RGMC/data/map/robot4/overlays/0289_overlay.png,/Users/kimsumin/projects/RGMC/data/map/robot4/masks/0289_mask.png
290,0.755625,0.25,,468.47610294117646,385.0514705882353,1,0.0,0.030866423751916908,0.040238148751677125,1775836212.4497414,5,/Users/kimsumin/projects/RGMC/data/map/robot4/images/0290.png,/Users/kimsumin/projects/RGMC/data/map/robot4/overlays/0290_overlay.png,/Users/kimsumin/projects/RGMC/data/map/robot4/masks/0290_mask.png
291,0.7846875000000001,0.25,,468.4941494149415,397.64542190305207,1,0.0,0.1660047947344563,0.058643408741325495,1775836221.8908396,5,/Users/kimsumin/projects/RGMC/data/map/robot4/images/0291.png,/Users/kimsumin/projects/RGMC/data/map/robot4/overlays/0291_overlay.png,/Users/kimsumin/projects/RGMC/data/map/robot4/masks/0291_mask.png
292,0.8137500000000001,0.25,,468.4501779359431,410.3870106761566,1,0.0,0.11565667485496806,0.29897734838859724,1775836231.0631804,5,/Users/kimsumin/projects/RGMC/data/map/robot4/images/0292.png,/Users/kimsumin/projects/RGMC/data/map/robot4/overlays/0292_overlay.png,/Users/kimsumin/projects/RGMC/data/map/robot4/masks/0292_mask.png
293,0.8428125000000001,0.25,,468.2632558139535,423.4467289719626,1,0.0,0.10638787795396465,0.07044304647227977,1775836242.1670609,5,/Users/kimsumin/projects/RGMC/data/map/robot4/images/0293.png,/Users/kimsumin/projects/RGMC/data/map/robot4/overlays/0293_overlay.png,/Users/kimsumin/projects/RGMC/data/map/robot4/masks/0293_mask.png
294,0.8718750000000001,0.25,,468.3230209281165,436.687898089172,1,0.0,0.05024664472327591,0.06028367683764228,1775836251.1121895,5,/Users/kimsumin/projects/RGMC/data/map/robot4/images/0294.png,/Users/kimsumin/projects/RGMC/data/map/robot4/overlays/0294_overlay.png,/Users/kimsumin/projects/RGMC/data/map/robot4/masks/0294_mask.png
295,0.9009375000000001,0.25,,468.44543828264756,449.4472497745717,1,0.0,0.09974840360110246,0.10483057054903765,1775836260.0868528,5,/Users/kimsumin/projects/RGMC/data/map/robot4/images/0295.png,/Users/kimsumin/projects/RGMC/data/map/robot4/overlays/0295_overlay.png,/Users/kimsumin/projects/RGMC/data/map/robot4/masks/0295_mask.png
296,0.93,0.25,,468.56197576887234,461.2124883504194,1,0.0,0.02757371310652097,0.03439286494437099,1775836269.252026,5,/Users/kimsumin/projects/RGMC/data/map/robot4/images/0296.png,/Users/kimsumin/projects/RGMC/data/map/robot4/overlays/0296_overlay.png,/Users/kimsumin/projects/RGMC/data/map/robot4/masks/0296_mask.png
297,0.93,0.28125,,455.2876838235294,460.86038077969175,1,0.0,0.05012274690871564,0.06408920939693732,1775836278.2977574,5,/Users/kimsumin/projects/RGMC/data/map/robot4/images/0297.png,/Users/kimsumin/projects/RGMC/data/map/robot4/overlays/0297_overlay.png,/Users/kimsumin/projects/RGMC/data/map/robot4/masks/0297_mask.png
298,0.9009375000000001,0.28125,,454.8526591107236,449.7447916666667,1,0.0,0.07755582563773554,0.06440189259835942,1775836287.3027353,5,/Users/kimsumin/projects/RGMC/data/map/robot4/images/0298.png,/Users/kimsumin/projects/RGMC/data/map/robot4/overlays/0298_overlay.png,/Users/kimsumin/projects/RGMC/data/map/robot4/masks/0298_mask.png
299,0.8718750000000001,0.28125,,454.94272727272727,436.4102096627165,1,0.0,0.0429125686342774,0.07028890628076159,1775836296.0360649,5,/Users/kimsumin/projects/RGMC/data/map/robot4/images/0299.png,/Users/kimsumin/projects/RGMC/data/map/robot4/overlays/0299_overlay.png,/Users/kimsumin/projects/RGMC/data/map/robot4/masks/0299_mask.png
300,0.8428125000000001,0.28125,,455.00748362956034,423.4436160298229,1,0.0,0.04142974579387182,0.058473806972466714,1775836305.1512742,5,/Users/kimsumin/projects/RGMC/data/map/robot4/images/0300.png,/Users/kimsumin/projects/RGMC/data/map/robot4/overlays/0300_overlay.png,/Users/kimsumin/projects/RGMC/data/map/robot4/masks/0300_mask.png
301,0.8137500000000001,0.28125,,455.2158671586716,411.26402943882243,1,0.0,0.030325823457415184,0.3537054030856213,1775836315.90105,5,/Users/kimsumin/projects/RGMC/data/map/robot4/images/0301.png,/Users/kimsumin/projects/RGMC/data/map/robot4/overlays/0301_overlay.png,/Users/kimsumin/projects/RGMC/data/map/robot4/masks/0301_mask.png
302,0.7846875000000001,0.28125,,455.1504102096627,397.8890909090909,1,0.0,0.04221953949920494,0.3640253289138795,1775836325.6370456,5,/Users/kimsumin/projects/RGMC/data/map/robot4/images/0302.png,/Users/kimsumin/projects/RGMC/data/map/robot4/overlays/0302_overlay.png,/Users/kimsumin/projects/RGMC/data/map/robot4/masks/0302_mask.png
303,0.755625,0.28125,,455.1283422459893,385.38023152270705,1,0.0,0.05485648377375006,0.03602819071459247,1775836336.0449584,5,/Users/kimsumin/projects/RGMC/data/map/robot4/images/0303.png,/Users/kimsumin/projects/RGMC/data/map/robot4/overlays/0303_overlay.png,/Users/kimsumin/projects/RGMC/data/map/robot4/masks/0303_mask.png
304,0.7265625,0.28125,,454.7570776255708,372.588503649635,1,0.0,0.0567642630265955,0.07318123362078262,1775836345.1509895,5,/Users/kimsumin/projects/RGMC/data/map/robot4/images/0304.png,/Users/kimsumin/projects/RGMC/data/map/robot4/overlays/0304_overlay.png,/Users/kimsumin/projects/RGMC/data/map/robot4/masks/0304_mask.png
305,0.6975,0.28125,,454.99814643188137,359.54503249767873,1,0.0,0.019091455281993547,0.03314689520455845,1775836354.8006966,5,/Users/kimsumin/projects/RGMC/data/map/robot4/images/0305.png,/Users/kimsumin/projects/RGMC/data/map/robot4/overlays/0305_overlay.png,/Users/kimsumin/projects/RGMC/data/map/robot4/masks/0305_mask.png
306,0.6684375,0.28125,,454.82685185185187,347.30555555555554,1,0.0,0.3337478634568276,0.05939098458155823,1775836363.7880716,5,/Users/kimsumin/projects/RGMC/data/map/robot4/images/0306.png,/Users/kimsumin/projects/RGMC/data/map/robot4/overlays/0306_overlay.png,/Users/kimsumin/projects/RGMC/data/map/robot4/masks/0306_mask.png
307,0.639375,0.28125,,454.75045045045044,333.8324275362319,1,0.0,0.04912503592168311,0.05874853416158702,1775836372.5548663,5,/Users/kimsumin/projects/RGMC/data/map/robot4/images/0307.png,/Users/kimsumin/projects/RGMC/data/map/robot4/overlays/0307_overlay.png,/Users/kimsumin/projects/RGMC/data/map/robot4/masks/0307_mask.png
308,0.6103125,0.28125,,454.8238482384824,321.4119241192412,1,0.0,0.03707967430459811,0.0695634729730977,1775836381.8521435,5,/Users/kimsumin/projects/RGMC/data/map/robot4/images/0308.png,/Users/kimsumin/projects/RGMC/data/map/robot4/overlays/0308_overlay.png,/Users/kimsumin/projects/RGMC/data/map/robot4/masks/0308_mask.png
309,0.58125,0.28125,,453.6532751091703,308.7495636998255,1,0.0,0.04145142948474568,0.0615313737492168,1775836391.1060212,5,/Users/kimsumin/projects/RGMC/data/map/robot4/images/0309.png,/Users/kimsumin/projects/RGMC/data/map/robot4/overlays/0309_overlay.png,/Users/kimsumin/projects/RGMC/data/map/robot4/masks/0309_mask.png
310,0.5521875,0.28125,,454.6395131086142,295.64018691588785,1,0.0,0.27798266543134287,0.06008916465702209,1775836400.970641,5,/Users/kimsumin/projects/RGMC/data/map/robot4/images/0310.png,/Users/kimsumin/projects/RGMC/data/map/robot4/overlays/0310_overlay.png,/Users/kimsumin/projects/RGMC/data/map/robot4/masks/0310_mask.png
311,0.5231250000000001,0.28125,,454.4582951420715,283.47053406998157,1,0.0,0.25518960827088333,0.05287195902340655,1775836410.6918793,5,/Users/kimsumin/projects/RGMC/data/map/robot4/images/0311.png,/Users/kimsumin/projects/RGMC/data/map/robot4/overlays/0311_overlay.png,/Users/kimsumin/projects/RGMC/data/map/robot4/masks/0311_mask.png
312,0.4940625,0.28125,,454.7526978417266,269.8503155996393,1,0.0,0.023069256443267155,0.04379845262402535,1775836419.9404418,5,/Users/kimsumin/projects/RGMC/data/map/robot4/images/0312.png,/Users/kimsumin/projects/RGMC/data/map/robot4/overlays/0312_overlay.png,/Users/kimsumin/projects/RGMC/data/map/robot4/masks/0312_mask.png
313,0.465,0.28125,,454.7963470319635,257.4284420289855,1,0.0,0.05321683837865327,0.0649714126205998,1775836429.158351,5,/Users/kimsumin/projects/RGMC/data/map/robot4/images/0313.png,/Users/kimsumin/projects/RGMC/data/map/robot4/overlays/0313_overlay.png,/Users/kimsumin/projects/RGMC/data/map/robot4/masks/0313_mask.png
314,0.43593750000000003,0.28125,,454.75,244.64787430683919,1,0.0,0.04475285455487861,0.08419548216384971,1775836438.0031416,5,/Users/kimsumin/projects/RGMC/data/map/robot4/images/0314.png,/Users/kimsumin/projects/RGMC/data/map/robot4/overlays/0314_overlay.png,/Users/kimsumin/projects/RGMC/data/map/robot4/masks/0314_mask.png
315,0.40687500000000004,0.28125,,454.78373382624767,232.07948243992607,1,0.0,0.04178176796536256,0.06451126270077802,1775836447.1734464,5,/Users/kimsumin/projects/RGMC/data/map/robot4/images/0315.png,/Users/kimsumin/projects/RGMC/data/map/robot4/overlays/0315_overlay.png,/Users/kimsumin/projects/RGMC/data/map/robot4/masks/0315_mask.png
316,0.3778125,0.28125,,454.5544373284538,219.52358926919518,1,0.0,0.09851365429416217,0.04913451396842588,1775836456.2945182,5,/Users/kimsumin/projects/RGMC/data/map/robot4/images/0316.png,/Users/kimsumin/projects/RGMC/data/map/robot4/overlays/0316_overlay.png,/Users/kimsumin/projects/RGMC/data/map/robot4/masks/0316_mask.png
317,0.34875,0.28125,,454.6024208566108,206.81843575418995,1,0.0,0.07293385355922655,0.4160930749184954,1775836465.4310334,5,/Users/kimsumin/projects/RGMC/data/map/robot4/images/0317.png,/Users/kimsumin/projects/RGMC/data/map/robot4/overlays/0317_overlay.png,/Users/kimsumin/projects/RGMC/data/map/robot4/masks/0317_mask.png
318,0.3196875,0.28125,,454.4937722419929,193.83096085409252,1,0.0,0.051533514633340424,0.4094429766116682,1775836474.4993184,5,/Users/kimsumin/projects/RGMC/data/map/robot4/images/0318.png,/Users/kimsumin/projects/RGMC/data/map/robot4/overlays/0318_overlay.png,/Users/kimsumin/projects/RGMC/data/map/robot4/masks/0318_mask.png
319,0.290625,0.28125,,454.511839708561,181.2520325203252,1,0.0,0.010404795969669164,0.043531110064510124,1775836483.554244,5,/Users/kimsumin/projects/RGMC/data/map/robot4/images/0319.png,/Users/kimsumin/projects/RGMC/data/map/robot4/overlays/0319_overlay.png,/Users/kimsumin/projects/RGMC/data/map/robot4/masks/0319_mask.png
320,0.26156250000000003,0.28125,,454.6047575480329,168.31084776663627,1,0.0,0.030671508135165896,0.10646838777867403,1775836493.37771,5,/Users/kimsumin/projects/RGMC/data/map/robot4/images/0320.png,/Users/kimsumin/projects/RGMC/data/map/robot4/overlays/0320_overlay.png,/Users/kimsumin/projects/RGMC/data/map/robot4/masks/0320_mask.png
321,0.2325,0.28125,,454.38607594936707,155.79783393501805,1,0.0,0.1038154021597917,0.11858974683852622,1775836502.2933545,5,/Users/kimsumin/projects/RGMC/data/map/robot4/images/0321.png,/Users/kimsumin/projects/RGMC/data/map/robot4/overlays/0321_overlay.png,/Users/kimsumin/projects/RGMC/data/map/robot4/masks/0321_mask.png
322,0.20343750000000002,0.28125,,454.6682070240296,143.09174311926606,1,0.0,0.07387293229632252,0.04805724451801804,1775836513.1101215,5,/Users/kimsumin/projects/RGMC/data/map/robot4/images/0322.png,/Users/kimsumin/projects/RGMC/data/map/robot4/overlays/0322_overlay.png,/Users/kimsumin/projects/RGMC/data/map/robot4/masks/0322_mask.png
323,0.174375,0.28125,,454.59759481961146,130.8427382053654,1,0.0,0.054318523702616035,0.02400050157499076,1775836521.9697318,5,/Users/kimsumin/projects/RGMC/data/map/robot4/images/0323.png,/Users/kimsumin/projects/RGMC/data/map/robot4/overlays/0323_overlay.png,/Users/kimsumin/projects/RGMC/data/map/robot4/masks/0323_mask.png
324,0.1453125,0.28125,,454.6767857142857,117.59587813620071,1,0.0,0.03379640881910516,0.03465567113659223,1775836530.986343,5,/Users/kimsumin/projects/RGMC/data/map/robot4/images/0324.png,/Users/kimsumin/projects/RGMC/data/map/robot4/overlays/0324_overlay.png,/Users/kimsumin/projects/RGMC/data/map/robot4/masks/0324_mask.png
325,0.11625,0.28125,,454.890990990991,104.72252252252252,1,0.0,0.06951991631989139,0.027437295410380223,1775836542.4459178,5,/Users/kimsumin/projects/RGMC/data/map/robot4/images/0325.png,/Users/kimsumin/projects/RGMC/data/map/robot4/overlays/0325_overlay.png,/Users/kimsumin/projects/RGMC/data/map/robot4/masks/0325_mask.png
326,0.0871875,0.28125,,454.6083112290009,92.50221043324491,1,0.0,0.03900739737467252,0.09428142929408247,1775836551.4750223,5,/Users/kimsumin/projects/RGMC/data/map/robot4/images/0326.png,/Users/kimsumin/projects/RGMC/data/map/robot4/overlays/0326_overlay.png,/Users/kimsumin/projects/RGMC/data/map/robot4/masks/0326_mask.png
327,0.058125,0.28125,,454.91452205882354,79.60110294117646,1,0.0,0.06866803484510653,0.10642281110354282,1775836561.3832724,5,/Users/kimsumin/projects/RGMC/data/map/robot4/images/0327.png,/Users/kimsumin/projects/RGMC/data/map/robot4/overlays/0327_overlay.png,/Users/kimsumin/projects/RGMC/data/map/robot4/masks/0327_mask.png
328,0.0290625,0.28125,,454.7332123411978,67.45421577515866,1,0.0,0.04154952783150366,0.020589743729176418,1775836570.6615524,5,/Users/kimsumin/projects/RGMC/data/map/robot4/images/0328.png,/Users/kimsumin/projects/RGMC/data/map/robot4/overlays/0328_overlay.png,/Users/kimsumin/projects/RGMC/data/map/robot4/masks/0328_mask.png
329,0.0,0.28125,,454.6648745519713,53.99108734402852,1,0.0,0.09607809666608709,0.06154786263991806,1775836582.0017252,5,/Users/kimsumin/projects/RGMC/data/map/robot4/images/0329.png,/Users/kimsumin/projects/RGMC/data/map/robot4/overlays/0329_overlay.png,/Users/kimsumin/projects/RGMC/data/map/robot4/masks/0329_mask.png
330,0.0,0.3125,,440.41012216404886,53.9904181184669,1,0.0,0.05758103366815133,0.10624886369087998,1775836591.0409083,5,/Users/kimsumin/projects/RGMC/data/map/robot4/images/0330.png,/Users/kimsumin/projects/RGMC/data/map/robot4/overlays/0330_overlay.png,/Users/kimsumin/projects/RGMC/data/map/robot4/masks/0330_mask.png
331,0.0290625,0.3125,,439.6961226330027,67.32010820559063,1,0.0,0.05314274363074941,0.04903929769848177,1775836600.2746432,5,/Users/kimsumin/projects/RGMC/data/map/robot4/images/0331.png,/Users/kimsumin/projects/RGMC/data/map/robot4/overlays/0331_overlay.png,/Users/kimsumin/projects/RGMC/data/map/robot4/masks/0331_mask.png
332,0.058125,0.3125,,440.3741134751773,79.64450354609929,1,0.0,0.07828159334472057,0.2634876992414807,1775836609.378389,5,/Users/kimsumin/projects/RGMC/data/map/robot4/images/0332.png,/Users/kimsumin/projects/RGMC/data/map/robot4/overlays/0332_overlay.png,/Users/kimsumin/projects/RGMC/data/map/robot4/masks/0332_mask.png
333,0.0871875,0.3125,,440.30874785591766,92.08643042350907,1,0.0,0.1507586539962207,0.1032959288156546,1775836618.9544973,5,/Users/kimsumin/projects/RGMC/data/map/robot4/images/0333.png,/Users/kimsumin/projects/RGMC/data/map/robot4/overlays/0333_overlay.png,/Users/kimsumin/projects/RGMC/data/map/robot4/masks/0333_mask.png
334,0.11625,0.3125,,440.09485815602835,104.7145390070922,1,0.0,0.03449181500064339,0.03892350168406238,1775836628.693357,5,/Users/kimsumin/projects/RGMC/data/map/robot4/images/0334.png,/Users/kimsumin/projects/RGMC/data/map/robot4/overlays/0334_overlay.png,/Users/kimsumin/projects/RGMC/data/map/robot4/masks/0334_mask.png
335,0.1453125,0.3125,,440.3844155844156,117.25281385281386,1,0.0,0.0175003383328926,0.019391717631255818,1775836638.2659895,5,/Users/kimsumin/projects/RGMC/data/map/robot4/images/0335.png,/Users/kimsumin/projects/RGMC/data/map/robot4/overlays/0335_overlay.png,/Users/kimsumin/projects/RGMC/data/map/robot4/masks/0335_mask.png
336,0.174375,0.3125,,439.98220640569394,129.6433628318584,1,0.0,0.046239908482033944,0.06270561950090459,1775836647.056767,5,/Users/kimsumin/projects/RGMC/data/map/robot4/images/0336.png,/Users/kimsumin/projects/RGMC/data/map/robot4/overlays/0336_overlay.png,/Users/kimsumin/projects/RGMC/data/map/robot4/masks/0336_mask.png
337,0.20343750000000002,0.3125,,440.016,142.20052083333334,1,0.0,0.1306762525158744,0.3635040517905905,1775836657.244645,5,/Users/kimsumin/projects/RGMC/data/map/robot4/images/0337.png,/Users/kimsumin/projects/RGMC/data/map/robot4/overlays/0337_overlay.png,/Users/kimsumin/projects/RGMC/data/map/robot4/masks/0337_mask.png
338,0.2325,0.3125,,439.7761732851986,155.5162162162162,1,0.0,0.018590885868611202,0.027681584983710213,1775836668.2671156,5,/Users/kimsumin/projects/RGMC/data/map/robot4/images/0338.png,/Users/kimsumin/projects/RGMC/data/map/robot4/overlays/0338_overlay.png,/Users/kimsumin/projects/RGMC/data/map/robot4/masks/0338_mask.png
339,0.26156250000000003,0.3125,,439.8932735426009,168.02083333333334,1,0.0,0.028645888979324352,0.044324504194671314,1775836680.069144,5,/Users/kimsumin/projects/RGMC/data/map/robot4/images/0339.png,/Users/kimsumin/projects/RGMC/data/map/robot4/overlays/0339_overlay.png,/Users/kimsumin/projects/RGMC/data/map/robot4/masks/0339_mask.png
340,0.290625,0.3125,,439.8621291448517,181.0523560209424,1,0.0,0.07126790934041252,0.07671363111702571,1775836691.1878765,5,/Users/kimsumin/projects/RGMC/data/map/robot4/images/0340.png,/Users/kimsumin/projects/RGMC/data/map/robot4/overlays/0340_overlay.png,/Users/kimsumin/projects/RGMC/data/map/robot4/masks/0340_mask.png
341,0.3196875,0.3125,,440.05371530886305,193.4039497307002,1,0.0,0.04896899575204861,0.029608992681428657,1775836700.7783198,5,/Users/kimsumin/projects/RGMC/data/map/robot4/images/0341.png,/Users/kimsumin/projects/RGMC/data/map/robot4/overlays/0341_overlay.png,/Users/kimsumin/projects/RGMC/data/map/robot4/masks/0341_mask.png
342,0.34875,0.3125,,439.9219298245614,205.67166813768756,1,0.0,0.03514525475746507,0.03430231655596109,1775836709.8525949,5,/Users/kimsumin/projects/RGMC/data/map/robot4/images/0342.png,/Users/kimsumin/projects/RGMC/data/map/robot4/overlays/0342_overlay.png,/Users/kimsumin/projects/RGMC/data/map/robot4/masks/0342_mask.png
343,0.3778125,0.3125,,440.17193308550185,219.13011152416357,1,0.0,0.03625193427009285,0.04549140061794867,1775836720.905168,5,/Users/kimsumin/projects/RGMC/data/map/robot4/images/0343.png,/Users/kimsumin/projects/RGMC/data/map/robot4/overlays/0343_overlay.png,/Users/kimsumin/projects/RGMC/data/map/robot4/masks/0343_mask.png
344,0.40687500000000004,0.3125,,440.1038602941176,231.5625,1,0.0,0.06101527947133278,0.06444027235879894,1775836729.8225985,5,/Users/kimsumin/projects/RGMC/data/map/robot4/images/0344.png,/Users/kimsumin/projects/RGMC/data/map/robot4/overlays/0344_overlay.png,/Users/kimsumin/projects/RGMC/data/map/robot4/masks/0344_mask.png
345,0.43593750000000003,0.3125,,440.17946345975946,244.10575139146567,1,0.0,0.060586830820908016,0.08631743511655403,1775836738.789468,5,/Users/kimsumin/projects/RGMC/data/map/robot4/images/0345.png,/Users/kimsumin/projects/RGMC/data/map/robot4/overlays/0345_overlay.png,/Users/kimsumin/projects/RGMC/data/map/robot4/masks/0345_mask.png
346,0.465,0.3125,,440.23809523809524,257.07622504537204,1,0.0,0.03312419190668373,0.059392508949194026,1775836750.287713,5,/Users/kimsumin/projects/RGMC/data/map/robot4/images/0346.png,/Users/kimsumin/projects/RGMC/data/map/robot4/overlays/0346_overlay.png,/Users/kimsumin/projects/RGMC/data/map/robot4/masks/0346_mask.png
347,0.4940625,0.3125,,440.30839416058393,269.48194945848377,1,0.0,0.1417639900323096,0.0648936633752138,1775836759.122657,5,/Users/kimsumin/projects/RGMC/data/map/robot4/images/0347.png,/Users/kimsumin/projects/RGMC/data/map/robot4/overlays/0347_overlay.png,/Users/kimsumin/projects/RGMC/data/map/robot4/masks/0347_mask.png
348,0.5231250000000001,0.3125,,440.1319073083779,282.20053956834533,1,0.0,0.03663650596205149,0.04131668494965212,1775836769.0953453,5,/Users/kimsumin/projects/RGMC/data/map/robot4/images/0348.png,/Users/kimsumin/projects/RGMC/data/map/robot4/overlays/0348_overlay.png,/Users/kimsumin/projects/RGMC/data/map/robot4/masks/0348_mask.png
349,0.5521875,0.3125,,440.11121323529414,295.44485294117646,1,0.0,0.04522669582857667,0.027491513629104417,1775836778.0291488,5,/Users/kimsumin/projects/RGMC/data/map/robot4/images/0349.png,/Users/kimsumin/projects/RGMC/data/map/robot4/overlays/0349_overlay.png,/Users/kimsumin/projects/RGMC/data/map/robot4/masks/0349_mask.png
350,0.58125,0.3125,,439.95628415300547,307.82481751824815,1,0.0,0.07493719115386711,0.1235201305959912,1775836787.023788,5,/Users/kimsumin/projects/RGMC/data/map/robot4/images/0350.png,/Users/kimsumin/projects/RGMC/data/map/robot4/overlays/0350_overlay.png,/Users/kimsumin/projects/RGMC/data/map/robot4/masks/0350_mask.png
351,0.6103125,0.3125,,440.4410441044104,320.82129963898916,1,0.0,0.2582648975719097,0.03945376523942538,1775836796.2464411,5,/Users/kimsumin/projects/RGMC/data/map/robot4/images/0351.png,/Users/kimsumin/projects/RGMC/data/map/robot4/overlays/0351_overlay.png,/Users/kimsumin/projects/RGMC/data/map/robot4/masks/0351_mask.png
352,0.639375,0.3125,,440.49040139616056,333.4458041958042,1,0.0,0.02962369664049946,0.051979281100117,1775836805.5572054,5,/Users/kimsumin/projects/RGMC/data/map/robot4/images/0352.png,/Users/kimsumin/projects/RGMC/data/map/robot4/overlays/0352_overlay.png,/Users/kimsumin/projects/RGMC/data/map/robot4/masks/0352_mask.png
353,0.6684375,0.3125,,440.23996265172735,346.9702878365831,1,0.0,0.08212326743182288,0.4354446082196075,1775836814.5479794,5,/Users/kimsumin/projects/RGMC/data/map/robot4/images/0353.png,/Users/kimsumin/projects/RGMC/data/map/robot4/overlays/0353_overlay.png,/Users/kimsumin/projects/RGMC/data/map/robot4/masks/0353_mask.png
354,0.6975,0.3125,,440.5342960288809,359.25885558583104,1,0.0,0.07192930120994812,0.04287388443595255,1775836826.6126487,5,/Users/kimsumin/projects/RGMC/data/map/robot4/images/0354.png,/Users/kimsumin/projects/RGMC/data/map/robot4/overlays/0354_overlay.png,/Users/kimsumin/projects/RGMC/data/map/robot4/masks/0354_mask.png
355,0.7265625,0.3125,,441.05785123966945,371.77777777777777,1,0.0,0.055092051969190245,0.026478819420188024,1775836835.783377,5,/Users/kimsumin/projects/RGMC/data/map/robot4/images/0355.png,/Users/kimsumin/projects/RGMC/data/map/robot4/overlays/0355_overlay.png,/Users/kimsumin/projects/RGMC/data/map/robot4/masks/0355_mask.png
356,0.755625,0.3125,,441.04895738893924,384.6907775768535,1,0.0,0.21619266878451301,0.05627761317419451,1775836844.8466775,5,/Users/kimsumin/projects/RGMC/data/map/robot4/images/0356.png,/Users/kimsumin/projects/RGMC/data/map/robot4/overlays/0356_overlay.png,/Users/kimsumin/projects/RGMC/data/map/robot4/masks/0356_mask.png
357,0.7846875000000001,0.3125,,441.23383525243577,397.47539543057997,1,0.0,0.11616405853904474,0.04316752569798396,1775836857.483023,5,/Users/kimsumin/projects/RGMC/data/map/robot4/images/0357.png,/Users/kimsumin/projects/RGMC/data/map/robot4/overlays/0357_overlay.png,/Users/kimsumin/projects/RGMC/data/map/robot4/masks/0357_mask.png
358,0.8137500000000001,0.3125,,441.0577981651376,410.6760180995475,1,0.0,0.03886721176592591,0.3499986871391688,1775836866.7810946,5,/Users/kimsumin/projects/RGMC/data/map/robot4/images/0358.png,/Users/kimsumin/projects/RGMC/data/map/robot4/overlays/0358_overlay.png,/Users/kimsumin/projects/RGMC/data/map/robot4/masks/0358_mask.png
359,0.8428125000000001,0.3125,,441.0018552875696,423.2196478220575,1,0.0,0.10233354055631244,0.051867786920699474,1775836875.928774,5,/Users/kimsumin/projects/RGMC/data/map/robot4/images/0359.png,/Users/kimsumin/projects/RGMC/data/map/robot4/overlays/0359_overlay.png,/Users/kimsumin/projects/RGMC/data/map/robot4/masks/0359_mask.png
360,0.8718750000000001,0.3125,,440.5609302325581,436.1569872958258,1,0.0,0.16294169875113368,0.11484830560594599,1775836885.0359523,5,/Users/kimsumin/projects/RGMC/data/map/robot4/images/0360.png,/Users/kimsumin/projects/RGMC/data/map/robot4/overlays/0360_overlay.png,/Users/kimsumin/projects/RGMC/data/map/robot4/masks/0360_mask.png
361,0.9009375000000001,0.3125,,440.95534150612957,449.3274956217163,1,0.0,0.07814979333432552,0.059614699617092475,1775836893.9724336,5,/Users/kimsumin/projects/RGMC/data/map/robot4/images/0361.png,/Users/kimsumin/projects/RGMC/data/map/robot4/overlays/0361_overlay.png,/Users/kimsumin/projects/RGMC/data/map/robot4/masks/0361_mask.png
362,0.93,0.3125,,440.8664259927798,460.74751131221717,1,0.0,0.05689687140805341,0.05347634021229085,1775836903.0564559,5,/Users/kimsumin/projects/RGMC/data/map/robot4/images/0362.png,/Users/kimsumin/projects/RGMC/data/map/robot4/overlays/0362_overlay.png,/Users/kimsumin/projects/RGMC/data/map/robot4/masks/0362_mask.png
363,0.93,0.34375,,427.3976234003656,460.6306555863343,1,0.0,0.04601394210305134,0.04684991278688546,1775836912.3160334,5,/Users/kimsumin/projects/RGMC/data/map/robot4/images/0363.png,/Users/kimsumin/projects/RGMC/data/map/robot4/overlays/0363_overlay.png,/Users/kimsumin/projects/RGMC/data/map/robot4/masks/0363_mask.png
364,0.9009375000000001,0.34375,,427.1198237885462,449.0988423864648,1,0.0,0.05859383654957002,0.0588510003571332,1775836923.395966,5,/Users/kimsumin/projects/RGMC/data/map/robot4/images/0364.png,/Users/kimsumin/projects/RGMC/data/map/robot4/overlays/0364_overlay.png,/Users/kimsumin/projects/RGMC/data/map/robot4/masks/0364_mask.png
365,0.8718750000000001,0.34375,,427.1086556169429,436.20165745856355,1,0.0,0.018798213270182627,0.027060898412610786,1775836932.5753613,5,/Users/kimsumin/projects/RGMC/data/map/robot4/images/0365.png,/Users/kimsumin/projects/RGMC/data/map/robot4/overlays/0365_overlay.png,/Users/kimsumin/projects/RGMC/data/map/robot4/masks/0365_mask.png
366,0.8428125000000001,0.34375,,427.18339416058393,423.4426377597109,1,0.0,0.024081422112830122,0.0523126686738139,1775836941.8705318,5,/Users/kimsumin/projects/RGMC/data/map/robot4/images/0366.png,/Users/kimsumin/projects/RGMC/data/map/robot4/overlays/0366_overlay.png,/Users/kimsumin/projects/RGMC/data/map/robot4/masks/0366_mask.png
367,0.8137500000000001,0.34375,,427.14159292035396,410.0534759358289,1,0.0,0.07284502677509701,0.03890856810214258,1775836950.833465,5,/Users/kimsumin/projects/RGMC/data/map/robot4/images/0367.png,/Users/kimsumin/projects/RGMC/data/map/robot4/overlays/0367_overlay.png,/Users/kimsumin/projects/RGMC/data/map/robot4/masks/0367_mask.png
368,0.7846875000000001,0.34375,,427.1405975395431,397.7446996466431,1,0.0,0.3855972315154949,0.04852676813990943,1775836959.7860942,5,/Users/kimsumin/projects/RGMC/data/map/robot4/images/0368.png,/Users/kimsumin/projects/RGMC/data/map/robot4/overlays/0368_overlay.png,/Users/kimsumin/projects/RGMC/data/map/robot4/masks/0368_mask.png
369,0.755625,0.34375,,427.12624886466847,384.8377153218495,1,0.0,0.016280685176499724,0.04785513553965539,1775836968.9757524,5,/Users/kimsumin/projects/RGMC/data/map/robot4/images/0369.png,/Users/kimsumin/projects/RGMC/data/map/robot4/overlays/0369_overlay.png,/Users/kimsumin/projects/RGMC/data/map/robot4/masks/0369_mask.png
370,0.7265625,0.34375,,427.0856610800745,372.0391061452514,1,0.0,0.286983049408993,0.087143179332573,1775836977.959586,5,/Users/kimsumin/projects/RGMC/data/map/robot4/images/0370.png,/Users/kimsumin/projects/RGMC/data/map/robot4/overlays/0370_overlay.png,/Users/kimsumin/projects/RGMC/data/map/robot4/masks/0370_mask.png
371,0.6975,0.34375,,427.097605893186,359.38581952117863,1,0.0,0.02461814450137745,0.031849602457445954,1775836987.0939288,5,/Users/kimsumin/projects/RGMC/data/map/robot4/images/0371.png,/Users/kimsumin/projects/RGMC/data/map/robot4/overlays/0371_overlay.png,/Users/kimsumin/projects/RGMC/data/map/robot4/masks/0371_mask.png
372,0.6684375,0.34375,,426.18454545454546,347.14454545454544,1,0.0,0.05446053407318762,0.021104667659457125,1775836997.2699082,5,/Users/kimsumin/projects/RGMC/data/map/robot4/images/0372.png,/Users/kimsumin/projects/RGMC/data/map/robot4/overlays/0372_overlay.png,/Users/kimsumin/projects/RGMC/data/map/robot4/masks/0372_mask.png
373,0.639375,0.34375,,426.8959074733096,333.72970561998216,1,0.0,0.4487064410648276,0.06725226992735486,1775837006.39249,5,/Users/kimsumin/projects/RGMC/data/map/robot4/images/0373.png,/Users/kimsumin/projects/RGMC/data/map/robot4/overlays/0373_overlay.png,/Users/kimsumin/projects/RGMC/data/map/robot4/masks/0373_mask.png
374,0.6103125,0.34375,,426.8670309653916,321.45173041894355,1,0.0,0.026260933559523646,0.023005654414368658,1775837015.7006855,5,/Users/kimsumin/projects/RGMC/data/map/robot4/images/0374.png,/Users/kimsumin/projects/RGMC/data/map/robot4/overlays/0374_overlay.png,/Users/kimsumin/projects/RGMC/data/map/robot4/masks/0374_mask.png
375,0.58125,0.34375,,426.8184357541899,308.57635009310985,1,0.0,0.036558201643712485,0.09372856881820586,1775837024.9938643,5,/Users/kimsumin/projects/RGMC/data/map/robot4/images/0375.png,/Users/kimsumin/projects/RGMC/data/map/robot4/overlays/0375_overlay.png,/Users/kimsumin/projects/RGMC/data/map/robot4/masks/0375_mask.png
376,0.5521875,0.34375,,426.9403541472507,295.61416589002795,1,0.0,0.0736363363207753,0.04274785428853926,1775837034.8332753,5,/Users/kimsumin/projects/RGMC/data/map/robot4/images/0376.png,/Users/kimsumin/projects/RGMC/data/map/robot4/overlays/0376_overlay.png,/Users/kimsumin/projects/RGMC/data/map/robot4/masks/0376_mask.png
377,0.5231250000000001,0.34375,,426.96022727272725,283.13825757575756,1,0.0,0.04831284481024037,0.036937500364424836,1775837043.9755497,5,/Users/kimsumin/projects/RGMC/data/map/robot4/images/0377.png,/Users/kimsumin/projects/RGMC/data/map/robot4/overlays/0377_overlay.png,/Users/kimsumin/projects/RGMC/data/map/robot4/masks/0377_mask.png
378,0.4940625,0.34375,,427.16514598540147,269.8029197080292,1,0.0,0.07195481161411162,0.04674089545424128,1775837053.1019146,5,/Users/kimsumin/projects/RGMC/data/map/robot4/images/0378.png,/Users/kimsumin/projects/RGMC/data/map/robot4/overlays/0378_overlay.png,/Users/kimsumin/projects/RGMC/data/map/robot4/masks/0378_mask.png
379,0.465,0.34375,,427.0758683729433,257.18501805054154,1,0.0,0.046881763066266964,0.08382482327075846,1775837064.1215317,5,/Users/kimsumin/projects/RGMC/data/map/robot4/images/0379.png,/Users/kimsumin/projects/RGMC/data/map/robot4/overlays/0379_overlay.png,/Users/kimsumin/projects/RGMC/data/map/robot4/masks/0379_mask.png
380,0.43593750000000003,0.34375,,427.04866850321395,244.6584249084249,1,0.0,0.03426803889599551,0.050884779095107954,1775837073.3676555,5,/Users/kimsumin/projects/RGMC/data/map/robot4/images/0380.png,/Users/kimsumin/projects/RGMC/data/map/robot4/overlays/0380_overlay.png,/Users/kimsumin/projects/RGMC/data/map/robot4/masks/0380_mask.png
381,0.40687500000000004,0.34375,,426.96638655462186,231.56676003734827,1,0.0,0.02296537513670073,0.0714272016984829,1775837082.3265007,5,/Users/kimsumin/projects/RGMC/data/map/robot4/images/0381.png,/Users/kimsumin/projects/RGMC/data/map/robot4/overlays/0381_overlay.png,/Users/kimsumin/projects/RGMC/data/map/robot4/masks/0381_mask.png
382,0.3778125,0.34375,,426.13508612873983,219.18396226415095,1,0.0,0.26430783589672324,0.056069225519903565,1775837091.3769982,5,/Users/kimsumin/projects/RGMC/data/map/robot4/images/0382.png,/Users/kimsumin/projects/RGMC/data/map/robot4/overlays/0382_overlay.png,/Users/kimsumin/projects/RGMC/data/map/robot4/masks/0382_mask.png
383,0.34875,0.34375,,426.8054338299737,206.78073394495414,1,0.0,0.11764292126719827,0.4362500268151342,1775837100.4144318,5,/Users/kimsumin/projects/RGMC/data/map/robot4/images/0383.png,/Users/kimsumin/projects/RGMC/data/map/robot4/overlays/0383_overlay.png,/Users/kimsumin/projects/RGMC/data/map/robot4/masks/0383_mask.png
384,0.3196875,0.34375,,426.06468531468533,193.59265734265733,1,0.0,0.31157529785843185,0.05441013196898871,1775837110.2958934,5,/Users/kimsumin/projects/RGMC/data/map/robot4/images/0384.png,/Users/kimsumin/projects/RGMC/data/map/robot4/overlays/0384_overlay.png,/Users/kimsumin/projects/RGMC/data/map/robot4/masks/0384_mask.png
385,0.290625,0.34375,,426.8517857142857,180.96428571428572,1,0.0,0.2222126193819109,0.03984913665882142,1775837121.2797878,5,/Users/kimsumin/projects/RGMC/data/map/robot4/images/0385.png,/Users/kimsumin/projects/RGMC/data/map/robot4/overlays/0385_overlay.png,/Users/kimsumin/projects/RGMC/data/map/robot4/masks/0385_mask.png
386,0.26156250000000003,0.34375,,426.8764652840397,168.3985572587917,1,0.0,0.13834069238880245,0.05932182770921117,1775837130.4142942,5,/Users/kimsumin/projects/RGMC/data/map/robot4/images/0386.png,/Users/kimsumin/projects/RGMC/data/map/robot4/overlays/0386_overlay.png,/Users/kimsumin/projects/RGMC/data/map/robot4/masks/0386_mask.png
387,0.2325,0.34375,,426.72391505078485,155.61772853185596,1,0.0,0.023978585335294893,0.047930892250223234,1775837141.963829,5,/Users/kimsumin/projects/RGMC/data/map/robot4/images/0387.png,/Users/kimsumin/projects/RGMC/data/map/robot4/overlays/0387_overlay.png,/Users/kimsumin/projects/RGMC/data/map/robot4/masks/0387_mask.png
388,0.20343750000000002,0.34375,,426.8127306273063,143.27481617647058,1,0.0,0.29203127984141647,0.08510256502203925,1775837150.8946311,5,/Users/kimsumin/projects/RGMC/data/map/robot4/images/0388.png,/Users/kimsumin/projects/RGMC/data/map/robot4/overlays/0388_overlay.png,/Users/kimsumin/projects/RGMC/data/map/robot4/masks/0388_mask.png
389,0.174375,0.34375,,426.68130841121496,130.7820392890552,1,0.0,0.07588656684327381,0.016499651070029032,1775837159.860938,5,/Users/kimsumin/projects/RGMC/data/map/robot4/images/0389.png,/Users/kimsumin/projects/RGMC/data/map/robot4/overlays/0389_overlay.png,/Users/kimsumin/projects/RGMC/data/map/robot4/masks/0389_mask.png
390,0.1453125,0.34375,,426.85689045936397,117.60106382978724,1,0.0,0.058417310883184526,0.06456579256963572,1775837168.8951752,5,/Users/kimsumin/projects/RGMC/data/map/robot4/images/0390.png,/Users/kimsumin/projects/RGMC/data/map/robot4/overlays/0390_overlay.png,/Users/kimsumin/projects/RGMC/data/map/robot4/masks/0390_mask.png
391,0.11625,0.34375,,426.1496598639456,105.02760463045414,1,0.0,0.29570551132104766,0.055240554676379935,1775837178.0007713,5,/Users/kimsumin/projects/RGMC/data/map/robot4/images/0391.png,/Users/kimsumin/projects/RGMC/data/map/robot4/overlays/0391_overlay.png,/Users/kimsumin/projects/RGMC/data/map/robot4/masks/0391_mask.png
392,0.0871875,0.34375,,426.7994676131322,92.39189189189189,1,0.0,0.04058532813526511,0.08992458821961523,1775837190.2992592,5,/Users/kimsumin/projects/RGMC/data/map/robot4/images/0392.png,/Users/kimsumin/projects/RGMC/data/map/robot4/overlays/0392_overlay.png,/Users/kimsumin/projects/RGMC/data/map/robot4/masks/0392_mask.png
393,0.058125,0.34375,,427.00539568345323,79.65381165919283,1,0.0,0.05042616195276784,0.08124135633448239,1775837199.3512592,5,/Users/kimsumin/projects/RGMC/data/map/robot4/images/0393.png,/Users/kimsumin/projects/RGMC/data/map/robot4/overlays/0393_overlay.png,/Users/kimsumin/projects/RGMC/data/map/robot4/masks/0393_mask.png
394,0.0290625,0.34375,,426.7559414990859,67.42250922509226,1,0.0,0.05092541341238662,0.037555449717831965,1775837208.4502878,5,/Users/kimsumin/projects/RGMC/data/map/robot4/images/0394.png,/Users/kimsumin/projects/RGMC/data/map/robot4/overlays/0394_overlay.png,/Users/kimsumin/projects/RGMC/data/map/robot4/masks/0394_mask.png
395,0.0,0.34375,,426.98234774933803,53.98769771528998,1,0.0,0.0685011104081916,0.05576029861206113,1775837217.5425832,5,/Users/kimsumin/projects/RGMC/data/map/robot4/images/0395.png,/Users/kimsumin/projects/RGMC/data/map/robot4/overlays/0395_overlay.png,/Users/kimsumin/projects/RGMC/data/map/robot4/masks/0395_mask.png
396,0.0,0.375,,412.58848433530903,53.62997459779847,1,0.0,0.03132766265396945,0.05349535957423007,1775837226.5223362,5,/Users/kimsumin/projects/RGMC/data/map/robot4/images/0396.png,/Users/kimsumin/projects/RGMC/data/map/robot4/overlays/0396_overlay.png,/Users/kimsumin/projects/RGMC/data/map/robot4/masks/0396_mask.png
397,0.0290625,0.375,,412.25374449339205,67.14449339207049,1,0.0,0.1475868990677557,0.1609246185017678,1775837236.285411,5,/Users/kimsumin/projects/RGMC/data/map/robot4/images/0397.png,/Users/kimsumin/projects/RGMC/data/map/robot4/overlays/0397_overlay.png,/Users/kimsumin/projects/RGMC/data/map/robot4/masks/0397_mask.png
398,0.058125,0.375,,412.1678700361011,79.32599118942731,1,0.0,0.20294971848243115,0.11531374485741021,1775837245.3483424,5,/Users/kimsumin/projects/RGMC/data/map/robot4/images/0398.png,/Users/kimsumin/projects/RGMC/data/map/robot4/overlays/0398_overlay.png,/Users/kimsumin/projects/RGMC/data/map/robot4/masks/0398_mask.png
399,0.0871875,0.375,,412.56340425531914,92.20154373927959,1,0.0,0.0630091601745515,0.09905178596397383,1775837254.6337998,5,/Users/kimsumin/projects/RGMC/data/map/robot4/images/0399.png,/Users/kimsumin/projects/RGMC/data/map/robot4/overlays/0399_overlay.png,/Users/kimsumin/projects/RGMC/data/map/robot4/masks/0399_mask.png
400,0.11625,0.375,,412.2703435804702,104.61504811898513,1,0.0,0.25627684311564985,0.08916510227641722,1775837263.7401068,5,/Users/kimsumin/projects/RGMC/data/map/robot4/images/0400.png,/Users/kimsumin/projects/RGMC/data/map/robot4/overlays/0400_overlay.png,/Users/kimsumin/projects/RGMC/data/map/robot4/masks/0400_mask.png
401,0.1453125,0.375,,412.7292202227935,117.34020618556701,1,0.0,0.08600641685765117,0.10277731063402719,1775837272.7121403,5,/Users/kimsumin/projects/RGMC/data/map/robot4/images/0401.png,/Users/kimsumin/projects/RGMC/data/map/robot4/overlays/0401_overlay.png,/Users/kimsumin/projects/RGMC/data/map/robot4/masks/0401_mask.png
402,0.174375,0.375,,412.309009009009,129.72057502246182,1,0.0,0.05235407506909084,0.08317009132905655,1775837281.8317387,5,/Users/kimsumin/projects/RGMC/data/map/robot4/images/0402.png,/Users/kimsumin/projects/RGMC/data/map/robot4/overlays/0402_overlay.png,/Users/kimsumin/projects/RGMC/data/map/robot4/masks/0402_mask.png
403,0.20343750000000002,0.375,,412.7203463203463,141.98771929824562,1,0.0,0.08510755635516154,0.07981875472267437,1775837290.9874475,5,/Users/kimsumin/projects/RGMC/data/map/robot4/images/0403.png,/Users/kimsumin/projects/RGMC/data/map/robot4/overlays/0403_overlay.png,/Users/kimsumin/projects/RGMC/data/map/robot4/masks/0403_mask.png
404,0.2325,0.375,,412.17943925233646,155.30947955390334,1,0.0,0.04670410976693217,0.04605118132752356,1775837300.0269973,5,/Users/kimsumin/projects/RGMC/data/map/robot4/images/0404.png,/Users/kimsumin/projects/RGMC/data/map/robot4/overlays/0404_overlay.png,/Users/kimsumin/projects/RGMC/data/map/robot4/masks/0404_mask.png
405,0.26156250000000003,0.375,,412.3351851851852,167.55313351498637,1,0.0,0.20845611046598211,0.06416992903410355,1775837309.116316,5,/Users/kimsumin/projects/RGMC/data/map/robot4/images/0405.png,/Users/kimsumin/projects/RGMC/data/map/robot4/overlays/0405_overlay.png,/Users/kimsumin/projects/RGMC/data/map/robot4/masks/0405_mask.png
406,0.290625,0.375,,412.6227272727273,180.25865209471766,1,0.0,0.19098853956490644,0.0394924751689103,1775837318.3965633,5,/Users/kimsumin/projects/RGMC/data/map/robot4/images/0406.png,/Users/kimsumin/projects/RGMC/data/map/robot4/overlays/0406_overlay.png,/Users/kimsumin/projects/RGMC/data/map/robot4/masks/0406_mask.png
407,0.3196875,0.375,,412.4925650557621,192.52481617647058,1,0.0,0.13353451090588592,0.05922408498170549,1775837331.2163026,5,/Users/kimsumin/projects/RGMC/data/map/robot4/images/0407.png,/Users/kimsumin/projects/RGMC/data/map/robot4/overlays/0407_overlay.png,/Users/kimsumin/projects/RGMC/data/map/robot4/masks/0407_mask.png
408,0.34875,0.375,,412.31478102189783,205.46467391304347,1,0.0,0.2425809196688771,0.04350950941338765,1775837348.0125144,5,/Users/kimsumin/projects/RGMC/data/map/robot4/images/0408.png,/Users/kimsumin/projects/RGMC/data/map/robot4/overlays/0408_overlay.png,/Users/kimsumin/projects/RGMC/data/map/robot4/masks/0408_mask.png
409,0.3778125,0.375,,412.2295238095238,218.6425855513308,1,0.0,0.22416400528772967,0.05993899822073882,1775837364.783081,5,/Users/kimsumin/projects/RGMC/data/map/robot4/images/0409.png,/Users/kimsumin/projects/RGMC/data/map/robot4/overlays/0409_overlay.png,/Users/kimsumin/projects/RGMC/data/map/robot4/masks/0409_mask.png
410,0.40687500000000004,0.375,,413.3,231.12079207920792,1,0.0,0.16563474515861282,0.046337533791893516,1775837381.3756852,5,/Users/kimsumin/projects/RGMC/data/map/robot4/images/0410.png,/Users/kimsumin/projects/RGMC/data/map/robot4/overlays/0410_overlay.png,/Users/kimsumin/projects/RGMC/data/map/robot4/masks/0410_mask.png
411,0.43593750000000003,0.375,,412.42105263157896,243.98778195488723,1,0.0,0.03681160373354584,0.02827764348062189,1775837395.8138564,5,/Users/kimsumin/projects/RGMC/data/map/robot4/images/0411.png,/Users/kimsumin/projects/RGMC/data/map/robot4/overlays/0411_overlay.png,/Users/kimsumin/projects/RGMC/data/map/robot4/masks/0411_mask.png
412,0.465,0.375,,413.3248031496063,256.40904621435595,1,0.0,0.45480033146840493,0.05817852155833656,1775837409.6353803,5,/Users/kimsumin/projects/RGMC/data/map/robot4/images/0412.png,/Users/kimsumin/projects/RGMC/data/map/robot4/overlays/0412_overlay.png,/Users/kimsumin/projects/RGMC/data/map/robot4/masks/0412_mask.png
413,0.4940625,0.375,,412.4413407821229,269.0625,1,0.0,0.5052211425894613,0.03688615843876868,1775837418.7923691,5,/Users/kimsumin/projects/RGMC/data/map/robot4/images/0413.png,/Users/kimsumin/projects/RGMC/data/map/robot4/overlays/0413_overlay.png,/Users/kimsumin/projects/RGMC/data/map/robot4/masks/0413_mask.png
414,0.5231250000000001,0.375,,412.46118721461187,282.05056179775283,1,0.0,0.6081428664941716,0.4039887776537033,1775837428.8427064,5,/Users/kimsumin/projects/RGMC/data/map/robot4/images/0414.png,/Users/kimsumin/projects/RGMC/data/map/robot4/overlays/0414_overlay.png,/Users/kimsumin/projects/RGMC/data/map/robot4/masks/0414_mask.png
415,0.5521875,0.375,,412.44003777148254,295.30406043437205,1,0.0,0.3582446625038415,0.07712075083107678,1775837437.7162433,5,/Users/kimsumin/projects/RGMC/data/map/robot4/images/0415.png,/Users/kimsumin/projects/RGMC/data/map/robot4/overlays/0415_overlay.png,/Users/kimsumin/projects/RGMC/data/map/robot4/masks/0415_mask.png
416,0.58125,0.375,,412.2251356238698,308.28039927404717,1,0.0,0.04658868393664417,0.07651126144215277,1775837447.3471408,5,/Users/kimsumin/projects/RGMC/data/map/robot4/images/0416.png,/Users/kimsumin/projects/RGMC/data/map/robot4/overlays/0416_overlay.png,/Users/kimsumin/projects/RGMC/data/map/robot4/masks/0416_mask.png
417,0.6103125,0.375,,412.45978062157224,320.75319926873857,1,0.0,0.03647913473271162,0.030062301656175985,1775837457.1623378,5,/Users/kimsumin/projects/RGMC/data/map/robot4/images/0417.png,/Users/kimsumin/projects/RGMC/data/map/robot4/overlays/0417_overlay.png,/Users/kimsumin/projects/RGMC/data/map/robot4/masks/0417_mask.png
418,0.639375,0.375,,412.3353927625772,333.36795774647885,1,0.0,0.14265619178892078,0.05456161066926864,1775837468.1515112,5,/Users/kimsumin/projects/RGMC/data/map/robot4/images/0418.png,/Users/kimsumin/projects/RGMC/data/map/robot4/overlays/0418_overlay.png,/Users/kimsumin/projects/RGMC/data/map/robot4/masks/0418_mask.png
419,0.6684375,0.375,,412.578853046595,345.9543010752688,1,0.0,0.03965732758852594,0.07429650662638292,1775837477.1918895,5,/Users/kimsumin/projects/RGMC/data/map/robot4/images/0419.png,/Users/kimsumin/projects/RGMC/data/map/robot4/overlays/0419_overlay.png,/Users/kimsumin/projects/RGMC/data/map/robot4/masks/0419_mask.png
420,0.6975,0.375,,412.41854185418543,358.9761686526123,1,0.0,0.2145519280206136,0.3690482093281683,1775837486.854673,5,/Users/kimsumin/projects/RGMC/data/map/robot4/images/0420.png,/Users/kimsumin/projects/RGMC/data/map/robot4/overlays/0420_overlay.png,/Users/kimsumin/projects/RGMC/data/map/robot4/masks/0420_mask.png
421,0.7265625,0.375,,412.39118457300276,371.90656799259943,1,0.0,0.03108218699286921,0.03755804675349692,1775837497.1233563,5,/Users/kimsumin/projects/RGMC/data/map/robot4/images/0421.png,/Users/kimsumin/projects/RGMC/data/map/robot4/overlays/0421_overlay.png,/Users/kimsumin/projects/RGMC/data/map/robot4/masks/0421_mask.png
422,0.755625,0.375,,412.989417989418,384.3967971530249,1,0.0,0.061906780046513746,0.014190146753076196,1775837506.2026916,5,/Users/kimsumin/projects/RGMC/data/map/robot4/images/0422.png,/Users/kimsumin/projects/RGMC/data/map/robot4/overlays/0422_overlay.png,/Users/kimsumin/projects/RGMC/data/map/robot4/masks/0422_mask.png
423,0.7846875000000001,0.375,,412.54570135746604,396.9755434782609,1,0.0,0.18265589238025293,0.018152807507670416,1775837515.4188476,5,/Users/kimsumin/projects/RGMC/data/map/robot4/images/0423.png,/Users/kimsumin/projects/RGMC/data/map/robot4/overlays/0423_overlay.png,/Users/kimsumin/projects/RGMC/data/map/robot4/masks/0423_mask.png
424,0.8137500000000001,0.375,,413.28034934497816,409.6108676599474,1,0.0,0.02580188535702596,0.02946861177544864,1775837528.1038172,5,/Users/kimsumin/projects/RGMC/data/map/robot4/images/0424.png,/Users/kimsumin/projects/RGMC/data/map/robot4/overlays/0424_overlay.png,/Users/kimsumin/projects/RGMC/data/map/robot4/masks/0424_mask.png
425,0.8428125000000001,0.375,,413.1956717763751,422.88277727682595,1,0.0,0.04838501805190278,0.05943789253591648,1775837537.2286124,5,/Users/kimsumin/projects/RGMC/data/map/robot4/images/0425.png,/Users/kimsumin/projects/RGMC/data/map/robot4/overlays/0425_overlay.png,/Users/kimsumin/projects/RGMC/data/map/robot4/masks/0425_mask.png
426,0.8718750000000001,0.375,,412.3525179856115,435.72836095764274,1,0.0,0.10191030081697988,0.1660425921189845,1775837547.3258264,5,/Users/kimsumin/projects/RGMC/data/map/robot4/images/0426.png,/Users/kimsumin/projects/RGMC/data/map/robot4/overlays/0426_overlay.png,/Users/kimsumin/projects/RGMC/data/map/robot4/masks/0426_mask.png
427,0.9009375000000001,0.375,,412.86538461538464,449.16333333333336,1,0.0,0.053867154323341236,0.07954643319877942,1775837556.3455575,5,/Users/kimsumin/projects/RGMC/data/map/robot4/images/0427.png,/Users/kimsumin/projects/RGMC/data/map/robot4/overlays/0427_overlay.png,/Users/kimsumin/projects/RGMC/data/map/robot4/masks/0427_mask.png
428,0.93,0.375,,413.11466666666666,460.3048888888889,1,0.0,0.09665260560352856,0.030239328487558954,1775837567.8310595,5,/Users/kimsumin/projects/RGMC/data/map/robot4/images/0428.png,/Users/kimsumin/projects/RGMC/data/map/robot4/overlays/0428_overlay.png,/Users/kimsumin/projects/RGMC/data/map/robot4/masks/0428_mask.png
429,0.93,0.40625,,399.59377859103387,460.3348581884721,1,0.0,0.04752232181004854,0.03297662443854587,1775837576.9565601,5,/Users/kimsumin/projects/RGMC/data/map/robot4/images/0429.png,/Users/kimsumin/projects/RGMC/data/map/robot4/overlays/0429_overlay.png,/Users/kimsumin/projects/RGMC/data/map/robot4/masks/0429_mask.png
430,0.9009375000000001,0.40625,,399.36309523809524,449.21386306001693,1,0.0,0.06058581015230259,0.06397415495053026,1775837586.1921194,5,/Users/kimsumin/projects/RGMC/data/map/robot4/images/0430.png,/Users/kimsumin/projects/RGMC/data/map/robot4/overlays/0430_overlay.png,/Users/kimsumin/projects/RGMC/data/map/robot4/masks/0430_mask.png
431,0.8718750000000001,0.40625,,399.43733333333336,436.1169176262179,1,0.0,0.059915539516971365,0.0702494243015603,1775837595.224263,5,/Users/kimsumin/projects/RGMC/data/map/robot4/images/0431.png,/Users/kimsumin/projects/RGMC/data/map/robot4/overlays/0431_overlay.png,/Users/kimsumin/projects/RGMC/data/map/robot4/masks/0431_mask.png
432,0.8428125000000001,0.40625,,399.38770053475935,423.36583184257603,1,0.0,0.07928418953474962,0.08384840060708534,1775837604.2104492,5,/Users/kimsumin/projects/RGMC/data/map/robot4/images/0432.png,/Users/kimsumin/projects/RGMC/data/map/robot4/overlays/0432_overlay.png,/Users/kimsumin/projects/RGMC/data/map/robot4/masks/0432_mask.png
433,0.8137500000000001,0.40625,,399.3618361836184,409.82800345721694,1,0.0,0.05205470535929912,0.4304376265679005,1775837615.079139,5,/Users/kimsumin/projects/RGMC/data/map/robot4/images/0433.png,/Users/kimsumin/projects/RGMC/data/map/robot4/overlays/0433_overlay.png,/Users/kimsumin/projects/RGMC/data/map/robot4/masks/0433_mask.png
434,0.7846875000000001,0.40625,,399.3745519713262,397.15770609319,1,0.0,0.0467850792082946,0.04385667498613431,1775837624.2963746,5,/Users/kimsumin/projects/RGMC/data/map/robot4/images/0434.png,/Users/kimsumin/projects/RGMC/data/map/robot4/overlays/0434_overlay.png,/Users/kimsumin/projects/RGMC/data/map/robot4/masks/0434_mask.png
435,0.755625,0.40625,,399.38927943760984,384.74253075571175,1,0.0,0.04141658746464755,0.044634252728755014,1775837633.4295318,5,/Users/kimsumin/projects/RGMC/data/map/robot4/images/0435.png,/Users/kimsumin/projects/RGMC/data/map/robot4/overlays/0435_overlay.png,/Users/kimsumin/projects/RGMC/data/map/robot4/masks/0435_mask.png
436,0.7265625,0.40625,,399.1683440073193,371.8628884826325,1,0.0,0.027685666105827685,0.0682114057243417,1775837642.9068606,5,/Users/kimsumin/projects/RGMC/data/map/robot4/images/0436.png,/Users/kimsumin/projects/RGMC/data/map/robot4/overlays/0436_overlay.png,/Users/kimsumin/projects/RGMC/data/map/robot4/masks/0436_mask.png
437,0.6975,0.40625,,399.3007448789572,359.2488436632747,1,0.0,0.04765708229443421,0.07986168169717488,1775837652.2260518,5,/Users/kimsumin/projects/RGMC/data/map/robot4/images/0437.png,/Users/kimsumin/projects/RGMC/data/map/robot4/overlays/0437_overlay.png,/Users/kimsumin/projects/RGMC/data/map/robot4/masks/0437_mask.png
438,0.6684375,0.40625,,399.1210191082803,347.0454132606721,1,0.0,0.0653854863411,0.30294222181737357,1775837661.1415448,5,/Users/kimsumin/projects/RGMC/data/map/robot4/images/0438.png,/Users/kimsumin/projects/RGMC/data/map/robot4/overlays/0438_overlay.png,/Users/kimsumin/projects/RGMC/data/map/robot4/masks/0438_mask.png
439,0.639375,0.40625,,399.104932735426,333.5219337511191,1,0.0,0.02874295234567985,0.034275472945873235,1775837670.4096844,5,/Users/kimsumin/projects/RGMC/data/map/robot4/images/0439.png,/Users/kimsumin/projects/RGMC/data/map/robot4/overlays/0439_overlay.png,/Users/kimsumin/projects/RGMC/data/map/robot4/masks/0439_mask.png
440,0.6103125,0.40625,,399.2315978456014,321.11472448057816,1,0.0,0.04054746904639091,0.04515161023927139,1775837682.046876,5,/Users/kimsumin/projects/RGMC/data/map/robot4/images/0440.png,/Users/kimsumin/projects/RGMC/data/map/robot4/overlays/0440_overlay.png,/Users/kimsumin/projects/RGMC/data/map/robot4/masks/0440_mask.png
441,0.58125,0.40625,,399.15915363385466,308.05335786568537,1,0.0,0.03630149604276384,0.09799755718621597,1775837694.7407203,5,/Users/kimsumin/projects/RGMC/data/map/robot4/images/0441.png,/Users/kimsumin/projects/RGMC/data/map/robot4/overlays/0441_overlay.png,/Users/kimsumin/projects/RGMC/data/map/robot4/masks/0441_mask.png
442,0.5521875,0.40625,,399.35304990757857,295.5598885793872,1,0.0,0.054626497628241094,0.05013938782613685,1775837703.9391396,5,/Users/kimsumin/projects/RGMC/data/map/robot4/images/0442.png,/Users/kimsumin/projects/RGMC/data/map/robot4/overlays/0442_overlay.png,/Users/kimsumin/projects/RGMC/data/map/robot4/masks/0442_mask.png
443,0.5231250000000001,0.40625,,399.12466367713006,282.1766816143498,1,0.0,0.02419313544094792,0.2956702191206353,1775837715.4049144,5,/Users/kimsumin/projects/RGMC/data/map/robot4/images/0443.png,/Users/kimsumin/projects/RGMC/data/map/robot4/overlays/0443_overlay.png,/Users/kimsumin/projects/RGMC/data/map/robot4/masks/0443_mask.png
444,0.4940625,0.40625,,399.0381471389646,269.27828467153284,1,0.0,0.02269103008931204,0.0867692587818885,1775837724.5203795,5,/Users/kimsumin/projects/RGMC/data/map/robot4/images/0444.png,/Users/kimsumin/projects/RGMC/data/map/robot4/overlays/0444_overlay.png,/Users/kimsumin/projects/RGMC/data/map/robot4/masks/0444_mask.png
445,0.465,0.40625,,399.2661737523105,256.59519408502774,1,0.0,0.012532453084077124,0.07332727613917663,1775837733.688262,5,/Users/kimsumin/projects/RGMC/data/map/robot4/images/0445.png,/Users/kimsumin/projects/RGMC/data/map/robot4/overlays/0445_overlay.png,/Users/kimsumin/projects/RGMC/data/map/robot4/masks/0445_mask.png
446,0.43593750000000003,0.40625,,399.1354961832061,243.7840909090909,1,0.0,0.05248233915345374,0.18054476709554254,1775837743.2571874,5,/Users/kimsumin/projects/RGMC/data/map/robot4/images/0446.png,/Users/kimsumin/projects/RGMC/data/map/robot4/overlays/0446_overlay.png,/Users/kimsumin/projects/RGMC/data/map/robot4/masks/0446_mask.png
447,0.40687500000000004,0.40625,,399.015947467167,231.4608120868744,1,0.0,0.04118854708474414,0.030693003450443047,1775837752.2741961,5,/Users/kimsumin/projects/RGMC/data/map/robot4/images/0447.png,/Users/kimsumin/projects/RGMC/data/map/robot4/overlays/0447_overlay.png,/Users/kimsumin/projects/RGMC/data/map/robot4/masks/0447_mask.png
448,0.3778125,0.40625,,398.89518413597733,219.06232294617564,1,0.0,0.07166804934550733,0.07613248305067286,1775837761.215462,5,/Users/kimsumin/projects/RGMC/data/map/robot4/images/0448.png,/Users/kimsumin/projects/RGMC/data/map/robot4/overlays/0448_overlay.png,/Users/kimsumin/projects/RGMC/data/map/robot4/masks/0448_mask.png
449,0.34875,0.40625,,399.0806754221388,206.64097744360902,1,0.0,0.022629042261151987,0.037828476255449925,1775837770.4414318,5,/Users/kimsumin/projects/RGMC/data/map/robot4/images/0449.png,/Users/kimsumin/projects/RGMC/data/map/robot4/overlays/0449_overlay.png,/Users/kimsumin/projects/RGMC/data/map/robot4/masks/0449_mask.png
450,0.3196875,0.40625,,398.9109004739336,192.9611374407583,1,0.0,0.056136926899733826,0.08759206862875826,1775837780.3107128,5,/Users/kimsumin/projects/RGMC/data/map/robot4/images/0450.png,/Users/kimsumin/projects/RGMC/data/map/robot4/overlays/0450_overlay.png,/Users/kimsumin/projects/RGMC/data/map/robot4/masks/0450_mask.png
451,0.290625,0.40625,,399.22586520947175,180.63768115942028,1,0.0,0.05222126408079279,0.07061904547263934,1775837789.575045,5,/Users/kimsumin/projects/RGMC/data/map/robot4/images/0451.png,/Users/kimsumin/projects/RGMC/data/map/robot4/overlays/0451_overlay.png,/Users/kimsumin/projects/RGMC/data/map/robot4/masks/0451_mask.png
452,0.26156250000000003,0.40625,,399.2400370713624,167.91720930232557,1,0.0,0.03630633619762243,0.08059516382638283,1775837799.2704437,5,/Users/kimsumin/projects/RGMC/data/map/robot4/images/0452.png,/Users/kimsumin/projects/RGMC/data/map/robot4/overlays/0452_overlay.png,/Users/kimsumin/projects/RGMC/data/map/robot4/masks/0452_mask.png
453,0.2325,0.40625,,399.07996323529414,155.50413223140495,1,0.0,0.03679416597878612,0.047432982884298744,1775837808.7726398,5,/Users/kimsumin/projects/RGMC/data/map/robot4/images/0453.png,/Users/kimsumin/projects/RGMC/data/map/robot4/overlays/0453_overlay.png,/Users/kimsumin/projects/RGMC/data/map/robot4/masks/0453_mask.png
454,0.20343750000000002,0.40625,,399.01404494382024,142.99157303370785,1,0.0,0.07271239499741482,0.05435045772766284,1775837817.9950209,5,/Users/kimsumin/projects/RGMC/data/map/robot4/images/0454.png,/Users/kimsumin/projects/RGMC/data/map/robot4/overlays/0454_overlay.png,/Users/kimsumin/projects/RGMC/data/map/robot4/masks/0454_mask.png
455,0.174375,0.40625,,399.3071161048689,130.74108818011257,1,0.0,0.07319900769754614,0.05945948815747091,1775837827.8842165,5,/Users/kimsumin/projects/RGMC/data/map/robot4/images/0455.png,/Users/kimsumin/projects/RGMC/data/map/robot4/overlays/0455_overlay.png,/Users/kimsumin/projects/RGMC/data/map/robot4/masks/0455_mask.png
456,0.1453125,0.40625,,399.29170383586086,117.19910313901346,1,0.0,0.035743555387441006,0.053122726838837474,1775837839.031547,5,/Users/kimsumin/projects/RGMC/data/map/robot4/images/0456.png,/Users/kimsumin/projects/RGMC/data/map/robot4/overlays/0456_overlay.png,/Users/kimsumin/projects/RGMC/data/map/robot4/masks/0456_mask.png
457,0.11625,0.40625,,399.3703041144902,104.76702508960574,1,0.0,0.04253427619760352,0.07049524895102192,1775837848.2856536,5,/Users/kimsumin/projects/RGMC/data/map/robot4/images/0457.png,/Users/kimsumin/projects/RGMC/data/map/robot4/overlays/0457_overlay.png,/Users/kimsumin/projects/RGMC/data/map/robot4/masks/0457_mask.png
458,0.0871875,0.40625,,399.2090747330961,92.25244444444445,1,0.0,0.05618003729889284,0.11866488004848443,1775837857.3944895,5,/Users/kimsumin/projects/RGMC/data/map/robot4/images/0458.png,/Users/kimsumin/projects/RGMC/data/map/robot4/overlays/0458_overlay.png,/Users/kimsumin/projects/RGMC/data/map/robot4/masks/0458_mask.png
459,0.058125,0.40625,,399.23672367236725,79.65532676812892,1,0.0,0.051681639357700586,0.08942980300145018,1775837866.36166,5,/Users/kimsumin/projects/RGMC/data/map/robot4/images/0459.png,/Users/kimsumin/projects/RGMC/data/map/robot4/overlays/0459_overlay.png,/Users/kimsumin/projects/RGMC/data/map/robot4/masks/0459_mask.png
460,0.0290625,0.40625,,399.03389830508473,67.36170212765957,1,0.0,0.02734371285698785,0.051827032197921556,1775837875.4021533,5,/Users/kimsumin/projects/RGMC/data/map/robot4/images/0460.png,/Users/kimsumin/projects/RGMC/data/map/robot4/overlays/0460_overlay.png,/Users/kimsumin/projects/RGMC/data/map/robot4/masks/0460_mask.png
461,0.0,0.40625,,399.36395450568676,53.79090113735783,1,0.0,0.049897533271445645,0.08156497315009804,1775837884.4931304,5,/Users/kimsumin/projects/RGMC/data/map/robot4/images/0461.png,/Users/kimsumin/projects/RGMC/data/map/robot4/overlays/0461_overlay.png,/Users/kimsumin/projects/RGMC/data/map/robot4/masks/0461_mask.png
462,0.0,0.4375,,384.8728373702422,53.45557491289198,1,0.0,0.05427352177249177,0.057304781069430835,1775837893.5840113,5,/Users/kimsumin/projects/RGMC/data/map/robot4/images/0462.png,/Users/kimsumin/projects/RGMC/data/map/robot4/overlays/0462_overlay.png,/Users/kimsumin/projects/RGMC/data/map/robot4/masks/0462_mask.png
463,0.0290625,0.4375,,384.55477651183173,66.17224080267559,1,0.0,0.129639055221516,0.3493796114534027,1775837904.3545165,5,/Users/kimsumin/projects/RGMC/data/map/robot4/images/0463.png,/Users/kimsumin/projects/RGMC/data/map/robot4/overlays/0463_overlay.png,/Users/kimsumin/projects/RGMC/data/map/robot4/masks/0463_mask.png
464,0.058125,0.4375,,385.0611015490534,79.06585788561524,1,0.0,0.032552137216964344,0.2730306413375003,1775837913.207943,5,/Users/kimsumin/projects/RGMC/data/map/robot4/images/0464.png,/Users/kimsumin/projects/RGMC/data/map/robot4/overlays/0464_overlay.png,/Users/kimsumin/projects/RGMC/data/map/robot4/masks/0464_mask.png
465,0.0871875,0.4375,,384.7031523642732,91.67690956979807,1,0.0,0.05261966724899917,0.05965680347806876,1775837922.2768939,5,/Users/kimsumin/projects/RGMC/data/map/robot4/images/0465.png,/Users/kimsumin/projects/RGMC/data/map/robot4/overlays/0465_overlay.png,/Users/kimsumin/projects/RGMC/data/map/robot4/masks/0465_mask.png
466,0.11625,0.4375,,385.01615646258506,104.28913601368691,1,0.0,0.043843996661607564,0.032449883719808045,1775837931.29024,5,/Users/kimsumin/projects/RGMC/data/map/robot4/images/0466.png,/Users/kimsumin/projects/RGMC/data/map/robot4/overlays/0466_overlay.png,/Users/kimsumin/projects/RGMC/data/map/robot4/masks/0466_mask.png
467,0.1453125,0.4375,,384.89334470989763,116.93648068669528,1,0.0,0.04632243983238089,0.04415040048962171,1775837940.166219,5,/Users/kimsumin/projects/RGMC/data/map/robot4/images/0467.png,/Users/kimsumin/projects/RGMC/data/map/robot4/overlays/0467_overlay.png,/Users/kimsumin/projects/RGMC/data/map/robot4/masks/0467_mask.png
468,0.174375,0.4375,,384.89122807017543,129.48615916955018,1,0.0,0.04213207421280594,0.04096343848972349,1775837950.0212708,5,/Users/kimsumin/projects/RGMC/data/map/robot4/images/0468.png,/Users/kimsumin/projects/RGMC/data/map/robot4/overlays/0468_overlay.png,/Users/kimsumin/projects/RGMC/data/map/robot4/masks/0468_mask.png
469,0.20343750000000002,0.4375,,384.9040139616056,141.61424847958298,1,0.0,0.07495441430806189,0.08929204232721664,1775837959.0831578,5,/Users/kimsumin/projects/RGMC/data/map/robot4/images/0469.png,/Users/kimsumin/projects/RGMC/data/map/robot4/overlays/0469_overlay.png,/Users/kimsumin/projects/RGMC/data/map/robot4/masks/0469_mask.png
470,0.2325,0.4375,,385.0853333333333,154.81116279069767,1,0.0,0.075961531316677,0.40970824358972113,1775837968.2270854,5,/Users/kimsumin/projects/RGMC/data/map/robot4/images/0470.png,/Users/kimsumin/projects/RGMC/data/map/robot4/overlays/0470_overlay.png,/Users/kimsumin/projects/RGMC/data/map/robot4/masks/0470_mask.png
471,0.26156250000000003,0.4375,,385.740234375,167.31322957198444,1,0.0,0.3695301609975411,0.07815397547204292,1775837977.5274196,5,/Users/kimsumin/projects/RGMC/data/map/robot4/images/0471.png,/Users/kimsumin/projects/RGMC/data/map/robot4/overlays/0471_overlay.png,/Users/kimsumin/projects/RGMC/data/map/robot4/masks/0471_mask.png
472,0.290625,0.4375,,385.8201923076923,179.9584541062802,1,0.0,0.1685651884241339,0.2970842265680251,1775837986.556848,5,/Users/kimsumin/projects/RGMC/data/map/robot4/images/0472.png,/Users/kimsumin/projects/RGMC/data/map/robot4/overlays/0472_overlay.png,/Users/kimsumin/projects/RGMC/data/map/robot4/masks/0472_mask.png
473,0.3196875,0.4375,,384.6478468899522,192.6287081339713,1,0.0,0.166045158289899,0.1107769525696999,1775837996.2398303,5,/Users/kimsumin/projects/RGMC/data/map/robot4/images/0473.png,/Users/kimsumin/projects/RGMC/data/map/robot4/overlays/0473_overlay.png,/Users/kimsumin/projects/RGMC/data/map/robot4/masks/0473_mask.png
474,0.34875,0.4375,,385.18566176470586,205.3351598173516,1,0.0,0.07193986830062649,0.03610270765694942,1775838005.8803003,5,/Users/kimsumin/projects/RGMC/data/map/robot4/images/0474.png,/Users/kimsumin/projects/RGMC/data/map/robot4/overlays/0474_overlay.png,/Users/kimsumin/projects/RGMC/data/map/robot4/masks/0474_mask.png
475,0.3778125,0.4375,,385.0299906279288,218.56383970177075,1,0.0,0.08202980402605946,0.06940173690191108,1775838016.877119,5,/Users/kimsumin/projects/RGMC/data/map/robot4/images/0475.png,/Users/kimsumin/projects/RGMC/data/map/robot4/overlays/0475_overlay.png,/Users/kimsumin/projects/RGMC/data/map/robot4/masks/0475_mask.png
476,0.40687500000000004,0.4375,,384.68105065666043,230.96087786259542,1,0.0,0.16092746451595044,0.05165981708827742,1775838025.970386,5,/Users/kimsumin/projects/RGMC/data/map/robot4/images/0476.png,/Users/kimsumin/projects/RGMC/data/map/robot4/overlays/0476_overlay.png,/Users/kimsumin/projects/RGMC/data/map/robot4/masks/0476_mask.png
477,0.43593750000000003,0.4375,,384.88345864661653,243.4934210526316,1,0.0,0.030963669132763022,0.022552294760324054,1775838035.3244095,5,/Users/kimsumin/projects/RGMC/data/map/robot4/images/0477.png,/Users/kimsumin/projects/RGMC/data/map/robot4/overlays/0477_overlay.png,/Users/kimsumin/projects/RGMC/data/map/robot4/masks/0477_mask.png
478,0.465,0.4375,,384.438149197356,256.1690273843248,1,0.0,0.060987621225265236,0.2569798981453306,1775838044.9312642,5,/Users/kimsumin/projects/RGMC/data/map/robot4/images/0478.png,/Users/kimsumin/projects/RGMC/data/map/robot4/overlays/0478_overlay.png,/Users/kimsumin/projects/RGMC/data/map/robot4/masks/0478_mask.png
479,0.4940625,0.4375,,385.22870370370373,268.6923076923077,1,0.0,0.33706436494234016,0.0661086892903598,1775838055.3868043,5,/Users/kimsumin/projects/RGMC/data/map/robot4/images/0479.png,/Users/kimsumin/projects/RGMC/data/map/robot4/overlays/0479_overlay.png,/Users/kimsumin/projects/RGMC/data/map/robot4/masks/0479_mask.png
480,0.5231250000000001,0.4375,,386.2956033676333,281.7014925373134,1,0.0,0.01532792751769819,0.014702407470169857,1775838064.342707,5,/Users/kimsumin/projects/RGMC/data/map/robot4/images/0480.png,/Users/kimsumin/projects/RGMC/data/map/robot4/overlays/0480_overlay.png,/Users/kimsumin/projects/RGMC/data/map/robot4/masks/0480_mask.png
481,0.5521875,0.4375,,386.07556427870463,295.0402355250245,1,0.0,0.057230470878361056,0.044843747149688626,1775838073.5212069,5,/Users/kimsumin/projects/RGMC/data/map/robot4/images/0481.png,/Users/kimsumin/projects/RGMC/data/map/robot4/overlays/0481_overlay.png,/Users/kimsumin/projects/RGMC/data/map/robot4/masks/0481_mask.png
482,0.58125,0.4375,,385.980056980057,307.5679012345679,1,0.0,0.22134089390093908,0.018037174403646695,1775838082.6168585,5,/Users/kimsumin/projects/RGMC/data/map/robot4/images/0482.png,/Users/kimsumin/projects/RGMC/data/map/robot4/overlays/0482_overlay.png,/Users/kimsumin/projects/RGMC/data/map/robot4/masks/0482_mask.png
483,0.6103125,0.4375,,385.42415985467755,320.2348623853211,1,0.0,0.019044518150583965,0.099984020747398,1775838092.2339494,5,/Users/kimsumin/projects/RGMC/data/map/robot4/images/0483.png,/Users/kimsumin/projects/RGMC/data/map/robot4/overlays/0483_overlay.png,/Users/kimsumin/projects/RGMC/data/map/robot4/masks/0483_mask.png
484,0.639375,0.4375,,385.1105216622458,333.15649867374003,1,0.0,0.05370039327666976,0.04569454491134779,1775838101.254215,5,/Users/kimsumin/projects/RGMC/data/map/robot4/images/0484.png,/Users/kimsumin/projects/RGMC/data/map/robot4/overlays/0484_overlay.png,/Users/kimsumin/projects/RGMC/data/map/robot4/masks/0484_mask.png
485,0.6684375,0.4375,,385.4540636042403,345.9357638888889,1,0.0,0.03650252889316653,0.053152029921633114,1775838112.1210613,5,/Users/kimsumin/projects/RGMC/data/map/robot4/images/0485.png,/Users/kimsumin/projects/RGMC/data/map/robot4/overlays/0485_overlay.png,/Users/kimsumin/projects/RGMC/data/map/robot4/masks/0485_mask.png
486,0.6975,0.4375,,385.19377777777777,358.1861063464837,1,0.0,0.05199502590862009,0.3528410161253147,1775838122.3743386,5,/Users/kimsumin/projects/RGMC/data/map/robot4/images/0486.png,/Users/kimsumin/projects/RGMC/data/map/robot4/overlays/0486_overlay.png,/Users/kimsumin/projects/RGMC/data/map/robot4/masks/0486_mask.png
487,0.7265625,0.4375,,385.1058201058201,371.444641275465,1,0.0,0.07760070644730738,0.054227667704006395,1775838131.4567854,5,/Users/kimsumin/projects/RGMC/data/map/robot4/images/0487.png,/Users/kimsumin/projects/RGMC/data/map/robot4/overlays/0487_overlay.png,/Users/kimsumin/projects/RGMC/data/map/robot4/masks/0487_mask.png
488,0.755625,0.4375,,385.08810572687224,383.8328888888889,1,0.0,0.09136071281183765,0.023471150984972194,1775838141.3396018,5,/Users/kimsumin/projects/RGMC/data/map/robot4/images/0488.png,/Users/kimsumin/projects/RGMC/data/map/robot4/overlays/0488_overlay.png,/Users/kimsumin/projects/RGMC/data/map/robot4/masks/0488_mask.png
489,0.7846875000000001,0.4375,,385.3079646017699,396.3848190644307,1,0.0,0.047452240599645985,0.0741982127338425,1775838150.2017136,5,/Users/kimsumin/projects/RGMC/data/map/robot4/images/0489.png,/Users/kimsumin/projects/RGMC/data/map/robot4/overlays/0489_overlay.png,/Users/kimsumin/projects/RGMC/data/map/robot4/masks/0489_mask.png
490,0.8137500000000001,0.4375,,384.93588676103246,410.00329489291596,1,0.0,0.09342493839057271,0.08345966062308721,1775838159.3605442,5,/Users/kimsumin/projects/RGMC/data/map/robot4/images/0490.png,/Users/kimsumin/projects/RGMC/data/map/robot4/overlays/0490_overlay.png,/Users/kimsumin/projects/RGMC/data/map/robot4/masks/0490_mask.png
491,0.8428125000000001,0.4375,,385.2450558899398,423.12842465753425,1,0.0,0.08053937620501983,0.3486469984367895,1775838170.442774,5,/Users/kimsumin/projects/RGMC/data/map/robot4/images/0491.png,/Users/kimsumin/projects/RGMC/data/map/robot4/overlays/0491_overlay.png,/Users/kimsumin/projects/RGMC/data/map/robot4/masks/0491_mask.png
492,0.8718750000000001,0.4375,,385.16251074806536,435.6414445399828,1,0.0,0.09428822733785994,0.03687818228482078,1775838180.3973172,5,/Users/kimsumin/projects/RGMC/data/map/robot4/images/0492.png,/Users/kimsumin/projects/RGMC/data/map/robot4/overlays/0492_overlay.png,/Users/kimsumin/projects/RGMC/data/map/robot4/masks/0492_mask.png
493,0.9009375000000001,0.4375,,385.40049342105266,448.8403010033445,1,0.0,0.09940352744402774,0.07578674751776836,1775838189.3328357,5,/Users/kimsumin/projects/RGMC/data/map/robot4/images/0493.png,/Users/kimsumin/projects/RGMC/data/map/robot4/overlays/0493_overlay.png,/Users/kimsumin/projects/RGMC/data/map/robot4/masks/0493_mask.png
494,0.93,0.4375,,385.32521739130436,460.40666082383876,1,0.0,0.04047194937603774,0.030125744973345817,1775838198.3361654,5,/Users/kimsumin/projects/RGMC/data/map/robot4/images/0494.png,/Users/kimsumin/projects/RGMC/data/map/robot4/overlays/0494_overlay.png,/Users/kimsumin/projects/RGMC/data/map/robot4/masks/0494_mask.png
495,0.93,0.46875,,371.8352626892253,460.15017667844523,1,0.0,0.35127236164939396,0.05437089326758638,1775838207.539062,5,/Users/kimsumin/projects/RGMC/data/map/robot4/images/0495.png,/Users/kimsumin/projects/RGMC/data/map/robot4/overlays/0495_overlay.png,/Users/kimsumin/projects/RGMC/data/map/robot4/masks/0495_mask.png
496,0.9009375000000001,0.46875,,370.8341625207297,448.7641196013289,1,0.0,0.04666997806564196,0.06590371417629497,1775838216.8250213,5,/Users/kimsumin/projects/RGMC/data/map/robot4/images/0496.png,/Users/kimsumin/projects/RGMC/data/map/robot4/overlays/0496_overlay.png,/Users/kimsumin/projects/RGMC/data/map/robot4/masks/0496_mask.png
497,0.8718750000000001,0.46875,,370.7061812023709,435.687074829932,1,0.0,0.06457196574287229,0.1544021185096618,1775838228.4897704,5,/Users/kimsumin/projects/RGMC/data/map/robot4/images/0497.png,/Users/kimsumin/projects/RGMC/data/map/robot4/overlays/0497_overlay.png,/Users/kimsumin/projects/RGMC/data/map/robot4/masks/0497_mask.png
498,0.8428125000000001,0.46875,,370.50125733445094,423.3131313131313,1,0.0,0.025286528568060837,0.046830320723080604,1775838239.5198936,5,/Users/kimsumin/projects/RGMC/data/map/robot4/images/0498.png,/Users/kimsumin/projects/RGMC/data/map/robot4/overlays/0498_overlay.png,/Users/kimsumin/projects/RGMC/data/map/robot4/masks/0498_mask.png
499,0.8137500000000001,0.46875,,371.63707571801564,409.47515257192674,1,0.0,0.03020313615318896,0.051199806631401015,1775838250.5409024,5,/Users/kimsumin/projects/RGMC/data/map/robot4/images/0499.png,/Users/kimsumin/projects/RGMC/data/map/robot4/overlays/0499_overlay.png,/Users/kimsumin/projects/RGMC/data/map/robot4/masks/0499_mask.png
500,0.7846875000000001,0.46875,,371.53394495412846,396.3440366972477,1,0.0,0.032359975960610486,0.05355519754959921,1775838260.7921069,5,/Users/kimsumin/projects/RGMC/data/map/robot4/images/0500.png,/Users/kimsumin/projects/RGMC/data/map/robot4/overlays/0500_overlay.png,/Users/kimsumin/projects/RGMC/data/map/robot4/masks/0500_mask.png
501,0.755625,0.46875,,371.49132420091325,384.1158371040724,1,0.0,0.05550238720504322,0.06866049196845522,1775838269.8578596,5,/Users/kimsumin/projects/RGMC/data/map/robot4/images/0501.png,/Users/kimsumin/projects/RGMC/data/map/robot4/overlays/0501_overlay.png,/Users/kimsumin/projects/RGMC/data/map/robot4/masks/0501_mask.png
502,0.7265625,0.46875,,371.44935543278086,371.7209944751381,1,0.0,0.09994481861126601,0.06831097056038998,1775838278.7477534,5,/Users/kimsumin/projects/RGMC/data/map/robot4/images/0502.png,/Users/kimsumin/projects/RGMC/data/map/robot4/overlays/0502_overlay.png,/Users/kimsumin/projects/RGMC/data/map/robot4/masks/0502_mask.png
503,0.6975,0.46875,,371.55728689275895,359.13678373382623,1,0.0,0.02774450688848669,0.027472663006105603,1775838287.8315806,5,/Users/kimsumin/projects/RGMC/data/map/robot4/images/0503.png,/Users/kimsumin/projects/RGMC/data/map/robot4/overlays/0503_overlay.png,/Users/kimsumin/projects/RGMC/data/map/robot4/masks/0503_mask.png
504,0.6684375,0.46875,,371.5532710280374,346.8814192343604,1,0.0,0.025649992929347422,0.3442291007229328,1775838296.9960635,5,/Users/kimsumin/projects/RGMC/data/map/robot4/images/0504.png,/Users/kimsumin/projects/RGMC/data/map/robot4/overlays/0504_overlay.png,/Users/kimsumin/projects/RGMC/data/map/robot4/masks/0504_mask.png
505,0.639375,0.46875,,371.49186256781195,333.2622061482821,1,0.0,0.04681733037379107,0.058103411963021906,1775838306.0718775,5,/Users/kimsumin/projects/RGMC/data/map/robot4/images/0505.png,/Users/kimsumin/projects/RGMC/data/map/robot4/overlays/0505_overlay.png,/Users/kimsumin/projects/RGMC/data/map/robot4/masks/0505_mask.png
506,0.6103125,0.46875,,371.6399631675875,320.6688191881919,1,0.0,0.029866018598127365,0.09593294141482184,1775838315.1944065,5,/Users/kimsumin/projects/RGMC/data/map/robot4/images/0506.png,/Users/kimsumin/projects/RGMC/data/map/robot4/overlays/0506_overlay.png,/Users/kimsumin/projects/RGMC/data/map/robot4/masks/0506_mask.png
507,0.58125,0.46875,,371.54296506137865,307.8257222739981,1,0.0,0.04262055751934627,0.05083010056309629,1775838324.1114717,5,/Users/kimsumin/projects/RGMC/data/map/robot4/images/0507.png,/Users/kimsumin/projects/RGMC/data/map/robot4/overlays/0507_overlay.png,/Users/kimsumin/projects/RGMC/data/map/robot4/masks/0507_mask.png
508,0.5521875,0.46875,,371.8233644859813,295.52429906542056,1,0.0,0.044447148895558716,0.026232408645903583,1775838333.0376458,5,/Users/kimsumin/projects/RGMC/data/map/robot4/images/0508.png,/Users/kimsumin/projects/RGMC/data/map/robot4/overlays/0508_overlay.png,/Users/kimsumin/projects/RGMC/data/map/robot4/masks/0508_mask.png
509,0.5231250000000001,0.46875,,371.4605504587156,282.1233885819521,1,0.0,0.03334688414816373,0.06015721478192624,1775838341.9944706,5,/Users/kimsumin/projects/RGMC/data/map/robot4/images/0509.png,/Users/kimsumin/projects/RGMC/data/map/robot4/overlays/0509_overlay.png,/Users/kimsumin/projects/RGMC/data/map/robot4/masks/0509_mask.png
510,0.4940625,0.46875,,371.42962962962963,269.0425925925926,1,0.0,0.04841669414486976,0.04512042103898149,1775838352.35597,5,/Users/kimsumin/projects/RGMC/data/map/robot4/images/0510.png,/Users/kimsumin/projects/RGMC/data/map/robot4/overlays/0510_overlay.png,/Users/kimsumin/projects/RGMC/data/map/robot4/masks/0510_mask.png
511,0.465,0.46875,,371.40690978886755,255.7725527831094,1,0.0,0.03670554478715004,0.16424461146675942,1775838361.4699416,5,/Users/kimsumin/projects/RGMC/data/map/robot4/images/0511.png,/Users/kimsumin/projects/RGMC/data/map/robot4/overlays/0511_overlay.png,/Users/kimsumin/projects/RGMC/data/map/robot4/masks/0511_mask.png
512,0.43593750000000003,0.46875,,371.32183908045977,243.57607655502392,1,0.0,0.02837797603517007,0.02502609075253214,1775838372.7362385,5,/Users/kimsumin/projects/RGMC/data/map/robot4/images/0512.png,/Users/kimsumin/projects/RGMC/data/map/robot4/overlays/0512_overlay.png,/Users/kimsumin/projects/RGMC/data/map/robot4/masks/0512_mask.png
513,0.40687500000000004,0.46875,,371.46371347785106,231.1754716981132,1,0.0,0.014394254261887136,0.028527575336829918,1775838382.3654015,5,/Users/kimsumin/projects/RGMC/data/map/robot4/images/0513.png,/Users/kimsumin/projects/RGMC/data/map/robot4/overlays/0513_overlay.png,/Users/kimsumin/projects/RGMC/data/map/robot4/masks/0513_mask.png
514,0.3778125,0.46875,,371.29333333333335,218.74358974358975,1,0.0,0.04177674009740054,0.060863012193774345,1775838391.5755527,5,/Users/kimsumin/projects/RGMC/data/map/robot4/images/0514.png,/Users/kimsumin/projects/RGMC/data/map/robot4/overlays/0514_overlay.png,/Users/kimsumin/projects/RGMC/data/map/robot4/masks/0514_mask.png
515,0.34875,0.46875,,371.4533936651584,205.63858695652175,1,0.0,0.031677707739227144,0.05345375732638963,1775838401.2161407,5,/Users/kimsumin/projects/RGMC/data/map/robot4/images/0515.png,/Users/kimsumin/projects/RGMC/data/map/robot4/overlays/0515_overlay.png,/Users/kimsumin/projects/RGMC/data/map/robot4/masks/0515_mask.png
516,0.3196875,0.46875,,371.48462255358805,192.89561975768873,1,0.0,0.04958286464642938,0.051478395667744675,1775838410.5384786,5,/Users/kimsumin/projects/RGMC/data/map/robot4/images/0516.png,/Users/kimsumin/projects/RGMC/data/map/robot4/overlays/0516_overlay.png,/Users/kimsumin/projects/RGMC/data/map/robot4/masks/0516_mask.png
517,0.290625,0.46875,,371.4078947368421,180.22556390977442,1,0.0,0.04103125712072182,0.024951559965429193,1775838419.6191514,5,/Users/kimsumin/projects/RGMC/data/map/robot4/images/0517.png,/Users/kimsumin/projects/RGMC/data/map/robot4/overlays/0517_overlay.png,/Users/kimsumin/projects/RGMC/data/map/robot4/masks/0517_mask.png
518,0.26156250000000003,0.46875,,371.39871086556167,167.6012891344383,1,0.0,0.016795230665948985,0.05260399611491816,1775838428.5299463,5,/Users/kimsumin/projects/RGMC/data/map/robot4/images/0518.png,/Users/kimsumin/projects/RGMC/data/map/robot4/overlays/0518_overlay.png,/Users/kimsumin/projects/RGMC/data/map/robot4/masks/0518_mask.png
519,0.2325,0.46875,,371.46175373134326,155.1460465116279,1,0.0,0.05960977586318384,0.03739232401796692,1775838437.958702,5,/Users/kimsumin/projects/RGMC/data/map/robot4/images/0519.png,/Users/kimsumin/projects/RGMC/data/map/robot4/overlays/0519_overlay.png,/Users/kimsumin/projects/RGMC/data/map/robot4/masks/0519_mask.png
520,0.20343750000000002,0.46875,,371.2275501307759,141.81114012184509,1,0.0,0.06122573177289332,0.06673239497357188,1775838448.9072664,5,/Users/kimsumin/projects/RGMC/data/map/robot4/images/0520.png,/Users/kimsumin/projects/RGMC/data/map/robot4/overlays/0520_overlay.png,/Users/kimsumin/projects/RGMC/data/map/robot4/masks/0520_mask.png
521,0.174375,0.46875,,371.5335144927536,129.52445652173913,1,0.0,0.07687178105671207,0.08183508661789506,1775838459.1095803,5,/Users/kimsumin/projects/RGMC/data/map/robot4/images/0521.png,/Users/kimsumin/projects/RGMC/data/map/robot4/overlays/0521_overlay.png,/Users/kimsumin/projects/RGMC/data/map/robot4/masks/0521_mask.png
522,0.1453125,0.46875,,371.49866903283055,117.11466666666666,1,0.0,0.020295342287717625,0.038626030869799606,1775838467.9766681,5,/Users/kimsumin/projects/RGMC/data/map/robot4/images/0522.png,/Users/kimsumin/projects/RGMC/data/map/robot4/overlays/0522_overlay.png,/Users/kimsumin/projects/RGMC/data/map/robot4/masks/0522_mask.png
523,0.11625,0.46875,,371.5875912408759,104.17335766423358,1,0.0,0.026530597204871515,0.09979603431371699,1775838477.629664,5,/Users/kimsumin/projects/RGMC/data/map/robot4/images/0523.png,/Users/kimsumin/projects/RGMC/data/map/robot4/overlays/0523_overlay.png,/Users/kimsumin/projects/RGMC/data/map/robot4/masks/0523_mask.png
524,0.0871875,0.46875,,371.34492223238794,91.81056466302368,1,0.0,0.048965650240171334,0.0700178574064044,1775838486.477328,5,/Users/kimsumin/projects/RGMC/data/map/robot4/images/0524.png,/Users/kimsumin/projects/RGMC/data/map/robot4/overlays/0524_overlay.png,/Users/kimsumin/projects/RGMC/data/map/robot4/masks/0524_mask.png
525,0.058125,0.46875,,371.51705565529625,79.00723327305606,1,0.0,0.04458324978560392,0.04231596983373088,1775838495.4260569,5,/Users/kimsumin/projects/RGMC/data/map/robot4/images/0525.png,/Users/kimsumin/projects/RGMC/data/map/robot4/overlays/0525_overlay.png,/Users/kimsumin/projects/RGMC/data/map/robot4/masks/0525_mask.png
526,0.0290625,0.46875,,371.4103448275862,65.88275862068966,1,0.0,0.09072852780941565,0.3575361814398922,1775838505.2418098,5,/Users/kimsumin/projects/RGMC/data/map/robot4/images/0526.png,/Users/kimsumin/projects/RGMC/data/map/robot4/overlays/0526_overlay.png,/Users/kimsumin/projects/RGMC/data/map/robot4/masks/0526_mask.png
527,0.0,0.46875,,371.64496527777777,53.42197035745423,1,0.0,0.12849875204718397,0.05983796149665558,1775838514.8197916,5,/Users/kimsumin/projects/RGMC/data/map/robot4/images/0527.png,/Users/kimsumin/projects/RGMC/data/map/robot4/overlays/0527_overlay.png,/Users/kimsumin/projects/RGMC/data/map/robot4/masks/0527_mask.png
528,0.0,0.5,,358.6191319751993,53.476527900797166,1,0.0,0.5275491898902037,0.03440466188343963,1775838523.9450514,5,/Users/kimsumin/projects/RGMC/data/map/robot4/images/0528.png,/Users/kimsumin/projects/RGMC/data/map/robot4/overlays/0528_overlay.png,/Users/kimsumin/projects/RGMC/data/map/robot4/masks/0528_mask.png
529,0.0290625,0.5,,358.2531418312388,65.87791741472172,1,0.0,0.5751216265161608,0.07277977091965024,1775838533.7037249,5,/Users/kimsumin/projects/RGMC/data/map/robot4/images/0529.png,/Users/kimsumin/projects/RGMC/data/map/robot4/overlays/0529_overlay.png,/Users/kimsumin/projects/RGMC/data/map/robot4/masks/0529_mask.png
530,0.058125,0.5,,358.34743474347437,78.80129990714948,1,0.0,0.08232395008487894,0.2963157555324433,1775838544.4657898,5,/Users/kimsumin/projects/RGMC/data/map/robot4/images/0530.png,/Users/kimsumin/projects/RGMC/data/map/robot4/overlays/0530_overlay.png,/Users/kimsumin/projects/RGMC/data/map/robot4/masks/0530_mask.png
531,0.0871875,0.5,,357.711234911792,91.48843416370107,1,0.0,0.40038340239005293,0.0996159976723291,1775838554.3804564,5,/Users/kimsumin/projects/RGMC/data/map/robot4/images/0531.png,/Users/kimsumin/projects/RGMC/data/map/robot4/overlays/0531_overlay.png,/Users/kimsumin/projects/RGMC/data/map/robot4/masks/0531_mask.png
532,0.11625,0.5,,357.55223880597015,103.72685185185185,1,0.0,0.7495465428204818,0.1555680815507289,1775838564.6284788,5,/Users/kimsumin/projects/RGMC/data/map/robot4/images/0532.png,/Users/kimsumin/projects/RGMC/data/map/robot4/overlays/0532_overlay.png,/Users/kimsumin/projects/RGMC/data/map/robot4/masks/0532_mask.png
533,0.1453125,0.5,,357.2961038961039,116.60708117443869,1,0.0,0.05858160936023181,0.07819731229198677,1775838573.7605128,5,/Users/kimsumin/projects/RGMC/data/map/robot4/images/0533.png,/Users/kimsumin/projects/RGMC/data/map/robot4/overlays/0533_overlay.png,/Users/kimsumin/projects/RGMC/data/map/robot4/masks/0533_mask.png
534,0.174375,0.5,,358.30591497227357,128.39667896678966,1,0.0,0.6068460871915977,0.08225099735426145,1775838584.6908383,5,/Users/kimsumin/projects/RGMC/data/map/robot4/images/0534.png,/Users/kimsumin/projects/RGMC/data/map/robot4/overlays/0534_overlay.png,/Users/kimsumin/projects/RGMC/data/map/robot4/masks/0534_mask.png
535,0.20343750000000002,0.5,,358.09437386569874,141.05444646098005,1,0.0,0.03733936123195089,0.0070230172499333235,1775838594.1260185,5,/Users/kimsumin/projects/RGMC/data/map/robot4/images/0535.png,/Users/kimsumin/projects/RGMC/data/map/robot4/overlays/0535_overlay.png,/Users/kimsumin/projects/RGMC/data/map/robot4/masks/0535_mask.png
536,0.2325,0.5,,358.39372197309416,153.91569506726458,1,0.0,0.04926455218380874,0.4027058641400962,1775838604.5691063,5,/Users/kimsumin/projects/RGMC/data/map/robot4/images/0536.png,/Users/kimsumin/projects/RGMC/data/map/robot4/overlays/0536_overlay.png,/Users/kimsumin/projects/RGMC/data/map/robot4/masks/0536_mask.png
537,0.26156250000000003,0.5,,358.2696629213483,167.08498583569406,1,0.0,0.05816083296196475,0.036456259379954205,1775838613.7732244,5,/Users/kimsumin/projects/RGMC/data/map/robot4/images/0537.png,/Users/kimsumin/projects/RGMC/data/map/robot4/overlays/0537_overlay.png,/Users/kimsumin/projects/RGMC/data/map/robot4/masks/0537_mask.png
538,0.290625,0.5,,358.32797731568996,179.7267552182163,1,0.0,0.11530284351124194,0.12039796166043164,1775838625.0686698,5,/Users/kimsumin/projects/RGMC/data/map/robot4/images/0538.png,/Users/kimsumin/projects/RGMC/data/map/robot4/overlays/0538_overlay.png,/Users/kimsumin/projects/RGMC/data/map/robot4/masks/0538_mask.png
539,0.3196875,0.5,,358.2960462873674,191.8734299516908,1,0.0,0.02585086532152941,0.023686886587900392,1775838634.117165,5,/Users/kimsumin/projects/RGMC/data/map/robot4/images/0539.png,/Users/kimsumin/projects/RGMC/data/map/robot4/overlays/0539_overlay.png,/Users/kimsumin/projects/RGMC/data/map/robot4/masks/0539_mask.png
540,0.34875,0.5,,358.16104868913857,204.7714016933208,1,0.0,0.06169037591423517,0.07180505663968502,1775838643.2202635,5,/Users/kimsumin/projects/RGMC/data/map/robot4/images/0540.png,/Users/kimsumin/projects/RGMC/data/map/robot4/overlays/0540_overlay.png,/Users/kimsumin/projects/RGMC/data/map/robot4/masks/0540_mask.png
541,0.3778125,0.5,,358.0241206030151,217.873631840796,1,0.0,0.014481117567017913,0.11967708263699406,1775838652.2748725,5,/Users/kimsumin/projects/RGMC/data/map/robot4/images/0541.png,/Users/kimsumin/projects/RGMC/data/map/robot4/overlays/0541_overlay.png,/Users/kimsumin/projects/RGMC/data/map/robot4/masks/0541_mask.png
542,0.40687500000000004,0.5,,358.1754735792622,230.48155533399802,1,0.0,0.09526233857938225,0.061435084525297855,1775838661.4866643,5,/Users/kimsumin/projects/RGMC/data/map/robot4/images/0542.png,/Users/kimsumin/projects/RGMC/data/map/robot4/overlays/0542_overlay.png,/Users/kimsumin/projects/RGMC/data/map/robot4/masks/0542_mask.png
543,0.43593750000000003,0.5,,357.9120234604106,243.03115871470303,1,0.0,0.09460512782461063,0.053387151088934416,1775838670.8236241,5,/Users/kimsumin/projects/RGMC/data/map/robot4/images/0543.png,/Users/kimsumin/projects/RGMC/data/map/robot4/overlays/0543_overlay.png,/Users/kimsumin/projects/RGMC/data/map/robot4/masks/0543_mask.png
544,0.465,0.5,,358.0499021526419,255.44553483807655,1,0.0,0.05708803583423337,0.0301193085004718,1775838679.7151248,5,/Users/kimsumin/projects/RGMC/data/map/robot4/images/0544.png,/Users/kimsumin/projects/RGMC/data/map/robot4/overlays/0544_overlay.png,/Users/kimsumin/projects/RGMC/data/map/robot4/masks/0544_mask.png
545,0.4940625,0.5,,357.46046046046047,268.3103103103103,1,0.0,0.28008221316023874,0.14312650669368152,1775838689.2121623,5,/Users/kimsumin/projects/RGMC/data/map/robot4/images/0545.png,/Users/kimsumin/projects/RGMC/data/map/robot4/overlays/0545_overlay.png,/Users/kimsumin/projects/RGMC/data/map/robot4/masks/0545_mask.png
546,0.5231250000000001,0.5,,358.2135465663217,280.9877474081056,1,0.0,0.022658230016909146,0.055568955257875585,1775838698.557076,5,/Users/kimsumin/projects/RGMC/data/map/robot4/images/0546.png,/Users/kimsumin/projects/RGMC/data/map/robot4/overlays/0546_overlay.png,/Users/kimsumin/projects/RGMC/data/map/robot4/masks/0546_mask.png
547,0.5521875,0.5,,358.39710144927534,294.63498098859316,1,0.0,0.05347263364704526,0.3109293698062048,1775838708.6635678,5,/Users/kimsumin/projects/RGMC/data/map/robot4/images/0547.png,/Users/kimsumin/projects/RGMC/data/map/robot4/overlays/0547_overlay.png,/Users/kimsumin/projects/RGMC/data/map/robot4/masks/0547_mask.png
548,0.58125,0.5,,358.18225190839695,307.25954198473283,1,0.0,0.09814799088234398,0.054989875335691614,1775838717.8289661,5,/Users/kimsumin/projects/RGMC/data/map/robot4/images/0548.png,/Users/kimsumin/projects/RGMC/data/map/robot4/overlays/0548_overlay.png,/Users/kimsumin/projects/RGMC/data/map/robot4/masks/0548_mask.png
549,0.6103125,0.5,,358.3611911623439,319.67471042471044,1,0.0,0.04999635411390325,0.11666316781218879,1775838726.8420703,5,/Users/kimsumin/projects/RGMC/data/map/robot4/images/0549.png,/Users/kimsumin/projects/RGMC/data/map/robot4/overlays/0549_overlay.png,/Users/kimsumin/projects/RGMC/data/map/robot4/masks/0549_mask.png
550,0.639375,0.5,,357.6162790697674,332.81663685152057,1,0.0,0.1037586385423473,0.09598576737885965,1775838735.8468218,5,/Users/kimsumin/projects/RGMC/data/map/robot4/images/0550.png,/Users/kimsumin/projects/RGMC/data/map/robot4/overlays/0550_overlay.png,/Users/kimsumin/projects/RGMC/data/map/robot4/masks/0550_mask.png
551,0.6684375,0.5,,357.9484444444444,345.1983842010772,1,0.0,0.3648675515561366,0.07981300064810182,1775838744.6773558,5,/Users/kimsumin/projects/RGMC/data/map/robot4/images/0551.png,/Users/kimsumin/projects/RGMC/data/map/robot4/overlays/0551_overlay.png,/Users/kimsumin/projects/RGMC/data/map/robot4/masks/0551_mask.png
552,0.6975,0.5,,357.70357454228423,357.8231707317073,1,0.0,0.03864466628005697,0.33954113591013724,1775838755.7894824,5,/Users/kimsumin/projects/RGMC/data/map/robot4/images/0552.png,/Users/kimsumin/projects/RGMC/data/map/robot4/overlays/0552_overlay.png,/Users/kimsumin/projects/RGMC/data/map/robot4/masks/0552_mask.png
553,0.7265625,0.5,,357.7246891651865,371.189407540395,1,0.0,0.0645870382544091,0.03975785496720588,1775838764.8491096,5,/Users/kimsumin/projects/RGMC/data/map/robot4/images/0553.png,/Users/kimsumin/projects/RGMC/data/map/robot4/overlays/0553_overlay.png,/Users/kimsumin/projects/RGMC/data/map/robot4/masks/0553_mask.png
554,0.755625,0.5,,357.70825852782764,383.6122082585278,1,0.0,0.04143055898032263,0.0158318360360917,1775838773.8917317,5,/Users/kimsumin/projects/RGMC/data/map/robot4/images/0554.png,/Users/kimsumin/projects/RGMC/data/map/robot4/overlays/0554_overlay.png,/Users/kimsumin/projects/RGMC/data/map/robot4/masks/0554_mask.png
555,0.7846875000000001,0.5,,357.3673469387755,396.12137203166225,1,0.0,0.11927191187968054,0.11311020384776714,1775838785.5026484,5,/Users/kimsumin/projects/RGMC/data/map/robot4/images/0555.png,/Users/kimsumin/projects/RGMC/data/map/robot4/overlays/0555_overlay.png,/Users/kimsumin/projects/RGMC/data/map/robot4/masks/0555_mask.png
556,0.8137500000000001,0.5,,357.52324598478447,408.7768385460693,1,0.0,0.05311106986207192,0.05331165484185607,1775838795.6718287,5,/Users/kimsumin/projects/RGMC/data/map/robot4/images/0556.png,/Users/kimsumin/projects/RGMC/data/map/robot4/overlays/0556_overlay.png,/Users/kimsumin/projects/RGMC/data/map/robot4/masks/0556_mask.png
557,0.8428125000000001,0.5,,357.7481542247744,421.5606557377049,1,0.0,0.016598874537731133,0.03506285140571583,1775838807.7152474,5,/Users/kimsumin/projects/RGMC/data/map/robot4/images/0557.png,/Users/kimsumin/projects/RGMC/data/map/robot4/overlays/0557_overlay.png,/Users/kimsumin/projects/RGMC/data/map/robot4/masks/0557_mask.png
558,0.8718750000000001,0.5,,357.72765598650926,435.28393005828474,1,0.0,0.09679913387843136,0.4216082172315446,1775838817.1889923,5,/Users/kimsumin/projects/RGMC/data/map/robot4/images/0558.png,/Users/kimsumin/projects/RGMC/data/map/robot4/overlays/0558_overlay.png,/Users/kimsumin/projects/RGMC/data/map/robot4/masks/0558_mask.png
559,0.9009375000000001,0.5,,357.53782894736844,448.45461912479743,1,0.0,0.05833266522180796,0.0629275014670997,1775838826.1279666,5,/Users/kimsumin/projects/RGMC/data/map/robot4/images/0559.png,/Users/kimsumin/projects/RGMC/data/map/robot4/overlays/0559_overlay.png,/Users/kimsumin/projects/RGMC/data/map/robot4/masks/0559_mask.png
560,0.93,0.5,,357.8139534883721,459.9056603773585,1,0.0,0.049534196883326234,0.05355122869639084,1775838835.8607416,5,/Users/kimsumin/projects/RGMC/data/map/robot4/images/0560.png,/Users/kimsumin/projects/RGMC/data/map/robot4/overlays/0560_overlay.png,/Users/kimsumin/projects/RGMC/data/map/robot4/masks/0560_mask.png
561,0.93,0.53125,,343.9078590785908,460.0241935483871,1,0.0,0.0527580601806017,0.051415539933010526,1775838845.053997,5,/Users/kimsumin/projects/RGMC/data/map/robot4/images/0561.png,/Users/kimsumin/projects/RGMC/data/map/robot4/overlays/0561_overlay.png,/Users/kimsumin/projects/RGMC/data/map/robot4/masks/0561_mask.png
562,0.9009375000000001,0.53125,,343.61538461538464,448.5716680637049,1,0.0,0.3799817243083361,0.09960959364883633,1775838854.3141227,5,/Users/kimsumin/projects/RGMC/data/map/robot4/images/0562.png,/Users/kimsumin/projects/RGMC/data/map/robot4/overlays/0562_overlay.png,/Users/kimsumin/projects/RGMC/data/map/robot4/masks/0562_mask.png
563,0.8718750000000001,0.53125,,342.9613120269134,435.82706766917295,1,0.0,0.10623461868623263,0.0713407004434156,1775838864.5103936,5,/Users/kimsumin/projects/RGMC/data/map/robot4/images/0563.png,/Users/kimsumin/projects/RGMC/data/map/robot4/overlays/0563_overlay.png,/Users/kimsumin/projects/RGMC/data/map/robot4/masks/0563_mask.png
564,0.8428125000000001,0.53125,,343.0178282009725,422.3306386418755,1,0.0,0.04351525181931998,0.06191219739058546,1775838874.6045055,5,/Users/kimsumin/projects/RGMC/data/map/robot4/images/0564.png,/Users/kimsumin/projects/RGMC/data/map/robot4/overlays/0564_overlay.png,/Users/kimsumin/projects/RGMC/data/map/robot4/masks/0564_mask.png
565,0.8137500000000001,0.53125,,342.7934156378601,409.56213991769545,1,0.0,0.056742537791713704,0.038556670119550315,1775838883.6029332,5,/Users/kimsumin/projects/RGMC/data/map/robot4/images/0565.png,/Users/kimsumin/projects/RGMC/data/map/robot4/overlays/0565_overlay.png,/Users/kimsumin/projects/RGMC/data/map/robot4/masks/0565_mask.png
566,0.7846875000000001,0.53125,,343.80744777475024,396.21435059037236,1,0.0,0.05835592673460064,0.10015993839612931,1775838894.961763,5,/Users/kimsumin/projects/RGMC/data/map/robot4/images/0566.png,/Users/kimsumin/projects/RGMC/data/map/robot4/overlays/0566_overlay.png,/Users/kimsumin/projects/RGMC/data/map/robot4/masks/0566_mask.png
567,0.755625,0.53125,,343.680618744313,383.83272727272725,1,0.0,0.07245574701088793,0.08287746277725994,1775838905.7110746,5,/Users/kimsumin/projects/RGMC/data/map/robot4/images/0567.png,/Users/kimsumin/projects/RGMC/data/map/robot4/overlays/0567_overlay.png,/Users/kimsumin/projects/RGMC/data/map/robot4/masks/0567_mask.png
568,0.7265625,0.53125,,343.6240875912409,371.45255474452557,1,0.0,0.09959593774466996,0.07372909844255834,1775838914.9375808,5,/Users/kimsumin/projects/RGMC/data/map/robot4/images/0568.png,/Users/kimsumin/projects/RGMC/data/map/robot4/overlays/0568_overlay.png,/Users/kimsumin/projects/RGMC/data/map/robot4/masks/0568_mask.png
569,0.6975,0.53125,,343.6865808823529,359.1114206128134,1,0.0,0.0604604500431625,0.04206812608545792,1775838924.3820662,5,/Users/kimsumin/projects/RGMC/data/map/robot4/images/0569.png,/Users/kimsumin/projects/RGMC/data/map/robot4/overlays/0569_overlay.png,/Users/kimsumin/projects/RGMC/data/map/robot4/masks/0569_mask.png
570,0.6684375,0.53125,,343.8727272727273,345.42076502732243,1,0.0,0.04375764282564882,0.07707884257077512,1775838933.390511,5,/Users/kimsumin/projects/RGMC/data/map/robot4/images/0570.png,/Users/kimsumin/projects/RGMC/data/map/robot4/overlays/0570_overlay.png,/Users/kimsumin/projects/RGMC/data/map/robot4/masks/0570_mask.png
571,0.639375,0.53125,,343.6805170821791,333.0998168498169,1,0.0,0.10953365524318544,0.10924968057357412,1775838944.416177,5,/Users/kimsumin/projects/RGMC/data/map/robot4/images/0571.png,/Users/kimsumin/projects/RGMC/data/map/robot4/overlays/0571_overlay.png,/Users/kimsumin/projects/RGMC/data/map/robot4/masks/0571_mask.png
572,0.6103125,0.53125,,343.82136105860116,320.03225806451616,1,0.0,0.0757431014266311,0.039786431708922224,1775838954.4749088,5,/Users/kimsumin/projects/RGMC/data/map/robot4/images/0572.png,/Users/kimsumin/projects/RGMC/data/map/robot4/overlays/0572_overlay.png,/Users/kimsumin/projects/RGMC/data/map/robot4/masks/0572_mask.png
573,0.58125,0.53125,,343.7570621468927,307.7679245283019,1,0.0,0.0454518762649595,0.04037784198164945,1775838963.595873,5,/Users/kimsumin/projects/RGMC/data/map/robot4/images/0573.png,/Users/kimsumin/projects/RGMC/data/map/robot4/overlays/0573_overlay.png,/Users/kimsumin/projects/RGMC/data/map/robot4/masks/0573_mask.png
574,0.5521875,0.53125,,343.7451923076923,295.16506717850285,1,0.0,0.045925532060860204,0.020044793736445063,1775838972.747302,5,/Users/kimsumin/projects/RGMC/data/map/robot4/images/0574.png,/Users/kimsumin/projects/RGMC/data/map/robot4/overlays/0574_overlay.png,/Users/kimsumin/projects/RGMC/data/map/robot4/masks/0574_mask.png
575,0.5231250000000001,0.53125,,343.83176691729324,281.5540921919097,1,0.0,0.05747126645056322,0.3459144765243886,1775838981.738879,5,/Users/kimsumin/projects/RGMC/data/map/robot4/images/0575.png,/Users/kimsumin/projects/RGMC/data/map/robot4/overlays/0575_overlay.png,/Users/kimsumin/projects/RGMC/data/map/robot4/masks/0575_mask.png
576,0.4940625,0.53125,,343.6421052631579,268.6266924564797,1,0.0,0.08624496164666255,0.12146342068290433,1775838992.812459,5,/Users/kimsumin/projects/RGMC/data/map/robot4/images/0576.png,/Users/kimsumin/projects/RGMC/data/map/robot4/overlays/0576_overlay.png,/Users/kimsumin/projects/RGMC/data/map/robot4/masks/0576_mask.png
577,0.465,0.53125,,343.4891089108911,255.16370808678502,1,0.0,0.06313400366995256,0.1731080041454842,1775839001.9523365,5,/Users/kimsumin/projects/RGMC/data/map/robot4/images/0577.png,/Users/kimsumin/projects/RGMC/data/map/robot4/overlays/0577_overlay.png,/Users/kimsumin/projects/RGMC/data/map/robot4/masks/0577_mask.png
578,0.43593750000000003,0.53125,,343.625,243.29310344827587,1,0.0,0.03289340447425852,0.03633127083240941,1775839011.1862526,5,/Users/kimsumin/projects/RGMC/data/map/robot4/images/0578.png,/Users/kimsumin/projects/RGMC/data/map/robot4/overlays/0578_overlay.png,/Users/kimsumin/projects/RGMC/data/map/robot4/masks/0578_mask.png
579,0.40687500000000004,0.53125,,343.5291866028708,230.8084696823869,1,0.0,0.06137908977570381,0.03948588342193269,1775839020.9345825,5,/Users/kimsumin/projects/RGMC/data/map/robot4/images/0579.png,/Users/kimsumin/projects/RGMC/data/map/robot4/overlays/0579_overlay.png,/Users/kimsumin/projects/RGMC/data/map/robot4/masks/0579_mask.png
580,0.3778125,0.53125,,343.848948374761,218.51625239005736,1,0.0,0.040180403101313336,0.04593096233400398,1775839029.8389456,5,/Users/kimsumin/projects/RGMC/data/map/robot4/images/0580.png,/Users/kimsumin/projects/RGMC/data/map/robot4/overlays/0580_overlay.png,/Users/kimsumin/projects/RGMC/data/map/robot4/masks/0580_mask.png
581,0.34875,0.53125,,343.4479262672811,205.24192059095105,1,0.0,0.05535688115957508,0.052205060671955614,1775839038.79861,5,/Users/kimsumin/projects/RGMC/data/map/robot4/images/0581.png,/Users/kimsumin/projects/RGMC/data/map/robot4/overlays/0581_overlay.png,/Users/kimsumin/projects/RGMC/data/map/robot4/masks/0581_mask.png
582,0.3196875,0.53125,,343.65738161559887,192.5505617977528,1,0.0,0.03864691900168426,0.11970607858756833,1775839049.954893,5,/Users/kimsumin/projects/RGMC/data/map/robot4/images/0582.png,/Users/kimsumin/projects/RGMC/data/map/robot4/overlays/0582_overlay.png,/Users/kimsumin/projects/RGMC/data/map/robot4/masks/0582_mask.png
583,0.290625,0.53125,,343.41988950276243,180.30570902394106,1,0.0,0.04049561037784007,0.04707588378373083,1775839059.2215078,5,/Users/kimsumin/projects/RGMC/data/map/robot4/images/0583.png,/Users/kimsumin/projects/RGMC/data/map/robot4/overlays/0583_overlay.png,/Users/kimsumin/projects/RGMC/data/map/robot4/masks/0583_mask.png
584,0.26156250000000003,0.53125,,343.6777777777778,167.51296296296297,1,0.0,0.05021988850819522,0.04822868915678691,1775839068.309493,5,/Users/kimsumin/projects/RGMC/data/map/robot4/images/0584.png,/Users/kimsumin/projects/RGMC/data/map/robot4/overlays/0584_overlay.png,/Users/kimsumin/projects/RGMC/data/map/robot4/masks/0584_mask.png
585,0.2325,0.53125,,343.2456293706294,154.897903372835,1,0.0,0.08504438077093661,0.4395845580252177,1775839077.6076112,5,/Users/kimsumin/projects/RGMC/data/map/robot4/images/0585.png,/Users/kimsumin/projects/RGMC/data/map/robot4/overlays/0585_overlay.png,/Users/kimsumin/projects/RGMC/data/map/robot4/masks/0585_mask.png
586,0.20343750000000002,0.53125,,343.3339222614841,141.29796640141467,1,0.0,0.05251406458358919,0.06399609725421969,1775839088.1406446,5,/Users/kimsumin/projects/RGMC/data/map/robot4/images/0586.png,/Users/kimsumin/projects/RGMC/data/map/robot4/overlays/0586_overlay.png,/Users/kimsumin/projects/RGMC/data/map/robot4/masks/0586_mask.png
587,0.174375,0.53125,,343.42183406113537,129.2530755711775,1,0.0,0.0708044190195095,0.0818855252955647,1775839098.2878463,5,/Users/kimsumin/projects/RGMC/data/map/robot4/images/0587.png,/Users/kimsumin/projects/RGMC/data/map/robot4/overlays/0587_overlay.png,/Users/kimsumin/projects/RGMC/data/map/robot4/masks/0587_mask.png
588,0.1453125,0.53125,,343.55249110320284,117.07275953859805,1,0.0,0.021582971697000658,0.036027325376583264,1775839107.3059266,5,/Users/kimsumin/projects/RGMC/data/map/robot4/images/0588.png,/Users/kimsumin/projects/RGMC/data/map/robot4/overlays/0588_overlay.png,/Users/kimsumin/projects/RGMC/data/map/robot4/masks/0588_mask.png
589,0.11625,0.53125,,343.3735581188997,104.54441512752858,1,0.0,0.036096394252171864,0.04372658781328255,1775839116.2881105,5,/Users/kimsumin/projects/RGMC/data/map/robot4/images/0589.png,/Users/kimsumin/projects/RGMC/data/map/robot4/overlays/0589_overlay.png,/Users/kimsumin/projects/RGMC/data/map/robot4/masks/0589_mask.png
590,0.0871875,0.53125,,343.251550044287,91.62790697674419,1,0.0,0.06324991677568192,0.0698334990419657,1775839125.8123024,5,/Users/kimsumin/projects/RGMC/data/map/robot4/images/0590.png,/Users/kimsumin/projects/RGMC/data/map/robot4/overlays/0590_overlay.png,/Users/kimsumin/projects/RGMC/data/map/robot4/masks/0590_mask.png
591,0.058125,0.53125,,343.42049469964667,79.50878734622144,1,0.0,0.06452125376171323,0.09608471848686946,1775839136.6766386,5,/Users/kimsumin/projects/RGMC/data/map/robot4/images/0591.png,/Users/kimsumin/projects/RGMC/data/map/robot4/overlays/0591_overlay.png,/Users/kimsumin/projects/RGMC/data/map/robot4/masks/0591_mask.png
592,0.0290625,0.53125,,343.35481171548116,66.29005059021922,1,0.0,0.061083445309594954,0.4549396174854079,1775839145.8675961,5,/Users/kimsumin/projects/RGMC/data/map/robot4/images/0592.png,/Users/kimsumin/projects/RGMC/data/map/robot4/overlays/0592_overlay.png,/Users/kimsumin/projects/RGMC/data/map/robot4/masks/0592_mask.png
593,0.0,0.53125,,343.8474870017331,53.74187884108868,1,0.0,0.12176510782357401,0.10810009112414168,1775839154.7948742,5,/Users/kimsumin/projects/RGMC/data/map/robot4/images/0593.png,/Users/kimsumin/projects/RGMC/data/map/robot4/overlays/0593_overlay.png,/Users/kimsumin/projects/RGMC/data/map/robot4/masks/0593_mask.png
594,0.0,0.5625,,329.6497080900751,53.606516290726816,1,0.0,0.08105161118401942,0.029608784464611012,1775839164.1023164,5,/Users/kimsumin/projects/RGMC/data/map/robot4/images/0594.png,/Users/kimsumin/projects/RGMC/data/map/robot4/overlays/0594_overlay.png,/Users/kimsumin/projects/RGMC/data/map/robot4/masks/0594_mask.png
595,0.0290625,0.5625,,329.46160267111856,65.88270042194092,1,0.0,0.06363194015473944,0.05887881953900491,1775839174.1358383,5,/Users/kimsumin/projects/RGMC/data/map/robot4/images/0595.png,/Users/kimsumin/projects/RGMC/data/map/robot4/overlays/0595_overlay.png,/Users/kimsumin/projects/RGMC/data/map/robot4/masks/0595_mask.png
596,0.058125,0.5625,,329.56390977443607,78.24324324324324,1,0.0,0.5106923873468752,0.08709782646267754,1775839182.9890752,5,/Users/kimsumin/projects/RGMC/data/map/robot4/images/0596.png,/Users/kimsumin/projects/RGMC/data/map/robot4/overlays/0596_overlay.png,/Users/kimsumin/projects/RGMC/data/map/robot4/masks/0596_mask.png
597,0.0871875,0.5625,,329.367417677643,91.421875,1,0.0,0.016223324915489737,0.019532557630301796,1775839192.8260715,5,/Users/kimsumin/projects/RGMC/data/map/robot4/images/0597.png,/Users/kimsumin/projects/RGMC/data/map/robot4/overlays/0597_overlay.png,/Users/kimsumin/projects/RGMC/data/map/robot4/masks/0597_mask.png
598,0.11625,0.5625,,330.2672811059908,103.5394495412844,1,0.0,0.35905164565630715,0.09189689187335735,1775839202.5827994,5,/Users/kimsumin/projects/RGMC/data/map/robot4/images/0598.png,/Users/kimsumin/projects/RGMC/data/map/robot4/overlays/0598_overlay.png,/Users/kimsumin/projects/RGMC/data/map/robot4/masks/0598_mask.png
599,0.1453125,0.5625,,329.4103237095363,116.32,1,0.0,0.037091023101250856,0.03927790098620571,1775839211.61976,5,/Users/kimsumin/projects/RGMC/data/map/robot4/images/0599.png,/Users/kimsumin/projects/RGMC/data/map/robot4/overlays/0599_overlay.png,/Users/kimsumin/projects/RGMC/data/map/robot4/masks/0599_mask.png
600,0.174375,0.5625,,329.64359861591697,128.92055267702935,1,0.0,0.2963226681490164,0.08223734177074762,1775839220.5256374,5,/Users/kimsumin/projects/RGMC/data/map/robot4/images/0600.png,/Users/kimsumin/projects/RGMC/data/map/robot4/overlays/0600_overlay.png,/Users/kimsumin/projects/RGMC/data/map/robot4/masks/0600_mask.png
601,0.20343750000000002,0.5625,,329.52654482158397,141.42510822510823,1,0.0,0.04142838602713375,0.08511160669336322,1775839229.4230213,5,/Users/kimsumin/projects/RGMC/data/map/robot4/images/0601.png,/Users/kimsumin/projects/RGMC/data/map/robot4/overlays/0601_overlay.png,/Users/kimsumin/projects/RGMC/data/map/robot4/masks/0601_mask.png
602,0.2325,0.5625,,329.7068201948627,153.60282436010593,1,0.0,0.03781579692445149,0.07405824656221757,1775839238.6366208,5,/Users/kimsumin/projects/RGMC/data/map/robot4/images/0602.png,/Users/kimsumin/projects/RGMC/data/map/robot4/overlays/0602_overlay.png,/Users/kimsumin/projects/RGMC/data/map/robot4/masks/0602_mask.png
603,0.26156250000000003,0.5625,,330.39247311827955,166.29314830875975,1,0.0,0.31765942513591994,0.3287745330614966,1775839247.9448094,5,/Users/kimsumin/projects/RGMC/data/map/robot4/images/0603.png,/Users/kimsumin/projects/RGMC/data/map/robot4/overlays/0603_overlay.png,/Users/kimsumin/projects/RGMC/data/map/robot4/masks/0603_mask.png
604,0.290625,0.5625,,329.76768558951966,178.96110630942093,1,0.0,0.09335477388176802,0.36771654456411484,1775839259.2078152,5,/Users/kimsumin/projects/RGMC/data/map/robot4/images/0604.png,/Users/kimsumin/projects/RGMC/data/map/robot4/overlays/0604_overlay.png,/Users/kimsumin/projects/RGMC/data/map/robot4/masks/0604_mask.png
605,0.3196875,0.5625,,330.0359778597786,192.08948339483396,1,0.0,0.03476330982243009,0.06110854855665884,1775839268.4363,5,/Users/kimsumin/projects/RGMC/data/map/robot4/images/0605.png,/Users/kimsumin/projects/RGMC/data/map/robot4/overlays/0605_overlay.png,/Users/kimsumin/projects/RGMC/data/map/robot4/masks/0605_mask.png
606,0.34875,0.5625,,329.74483378256963,204.42589285714286,1,0.0,0.1750046219562707,0.06411403381119103,1775839277.4160082,5,/Users/kimsumin/projects/RGMC/data/map/robot4/images/0606.png,/Users/kimsumin/projects/RGMC/data/map/robot4/overlays/0606_overlay.png,/Users/kimsumin/projects/RGMC/data/map/robot4/masks/0606_mask.png
607,0.3778125,0.5625,,330.36675951717734,216.9731977818854,1,0.0,0.1964937474198699,0.0822201284013269,1775839287.045334,5,/Users/kimsumin/projects/RGMC/data/map/robot4/images/0607.png,/Users/kimsumin/projects/RGMC/data/map/robot4/overlays/0607_overlay.png,/Users/kimsumin/projects/RGMC/data/map/robot4/masks/0607_mask.png
608,0.40687500000000004,0.5625,,329.8058510638298,229.6651904340124,1,0.0,0.09513786899187933,0.049837426258418485,1775839296.0411305,5,/Users/kimsumin/projects/RGMC/data/map/robot4/images/0608.png,/Users/kimsumin/projects/RGMC/data/map/robot4/overlays/0608_overlay.png,/Users/kimsumin/projects/RGMC/data/map/robot4/masks/0608_mask.png
609,0.43593750000000003,0.5625,,330.43542435424354,242.13745387453875,1,0.0,0.16523238987664537,0.07712588784394239,1775839306.3345344,5,/Users/kimsumin/projects/RGMC/data/map/robot4/images/0609.png,/Users/kimsumin/projects/RGMC/data/map/robot4/overlays/0609_overlay.png,/Users/kimsumin/projects/RGMC/data/map/robot4/masks/0609_mask.png
610,0.465,0.5625,,330.58725490196076,254.841796875,1,0.0,0.09742236171326805,0.055443541519352116,1775839315.2664778,5,/Users/kimsumin/projects/RGMC/data/map/robot4/images/0610.png,/Users/kimsumin/projects/RGMC/data/map/robot4/overlays/0610_overlay.png,/Users/kimsumin/projects/RGMC/data/map/robot4/masks/0610_mask.png
611,0.4940625,0.5625,,330.4488038277512,267.7071290944123,1,0.0,0.07108985067982267,0.11546793245864698,1775839324.289446,5,/Users/kimsumin/projects/RGMC/data/map/robot4/images/0611.png,/Users/kimsumin/projects/RGMC/data/map/robot4/overlays/0611_overlay.png,/Users/kimsumin/projects/RGMC/data/map/robot4/masks/0611_mask.png
612,0.5231250000000001,0.5625,,330.57567049808426,280.88045540796963,1,0.0,0.0404165573137351,0.04252673399826828,1775839333.30731,5,/Users/kimsumin/projects/RGMC/data/map/robot4/images/0612.png,/Users/kimsumin/projects/RGMC/data/map/robot4/overlays/0612_overlay.png,/Users/kimsumin/projects/RGMC/data/map/robot4/masks/0612_mask.png
613,0.5521875,0.5625,,329.76079136690646,293.74184782608694,1,0.0,0.2706055425427826,0.14022576365507447,1775839342.7006419,5,/Users/kimsumin/projects/RGMC/data/map/robot4/images/0613.png,/Users/kimsumin/projects/RGMC/data/map/robot4/overlays/0613_overlay.png,/Users/kimsumin/projects/RGMC/data/map/robot4/masks/0613_mask.png
614,0.58125,0.5625,,329.5227906976744,307.3224603914259,1,0.0,0.05225034107882955,0.3472208944522181,1775839351.7751667,5,/Users/kimsumin/projects/RGMC/data/map/robot4/images/0614.png,/Users/kimsumin/projects/RGMC/data/map/robot4/overlays/0614_overlay.png,/Users/kimsumin/projects/RGMC/data/map/robot4/masks/0614_mask.png
615,0.6103125,0.5625,,330.30731225296444,319.3872549019608,1,0.0,0.04706981240655715,0.12919276349206235,1775839363.578963,5,/Users/kimsumin/projects/RGMC/data/map/robot4/images/0615.png,/Users/kimsumin/projects/RGMC/data/map/robot4/overlays/0615_overlay.png,/Users/kimsumin/projects/RGMC/data/map/robot4/masks/0615_mask.png
616,0.639375,0.5625,,329.885201793722,332.6178057553957,1,0.0,0.3536212855909832,0.11165659995472978,1775839372.6027956,5,/Users/kimsumin/projects/RGMC/data/map/robot4/images/0616.png,/Users/kimsumin/projects/RGMC/data/map/robot4/overlays/0616_overlay.png,/Users/kimsumin/projects/RGMC/data/map/robot4/masks/0616_mask.png
617,0.6684375,0.5625,,330.5602240896359,345.10550887021475,1,0.0,0.04844131867328787,0.07518276756605925,1775839382.514054,5,/Users/kimsumin/projects/RGMC/data/map/robot4/images/0617.png,/Users/kimsumin/projects/RGMC/data/map/robot4/overlays/0617_overlay.png,/Users/kimsumin/projects/RGMC/data/map/robot4/masks/0617_mask.png
618,0.6975,0.5625,,329.70506108202443,357.5017605633803,1,0.0,0.11018172286825251,0.06620954101967526,1775839393.5321817,5,/Users/kimsumin/projects/RGMC/data/map/robot4/images/0618.png,/Users/kimsumin/projects/RGMC/data/map/robot4/overlays/0618_overlay.png,/Users/kimsumin/projects/RGMC/data/map/robot4/masks/0618_mask.png
619,0.7265625,0.5625,,329.2695099818512,370.97370806890297,1,0.0,0.06295963282873451,0.05110067572922812,1775839405.3590655,5,/Users/kimsumin/projects/RGMC/data/map/robot4/images/0619.png,/Users/kimsumin/projects/RGMC/data/map/robot4/overlays/0619_overlay.png,/Users/kimsumin/projects/RGMC/data/map/robot4/masks/0619_mask.png
620,0.755625,0.5625,,329.91608996539793,383.70225694444446,1,0.0,0.07704005641947759,0.042730775831934874,1775839414.4546738,5,/Users/kimsumin/projects/RGMC/data/map/robot4/images/0620.png,/Users/kimsumin/projects/RGMC/data/map/robot4/overlays/0620_overlay.png,/Users/kimsumin/projects/RGMC/data/map/robot4/masks/0620_mask.png
621,0.7846875000000001,0.5625,,329.4807856532878,396.46264855687605,1,0.0,0.025600891067904488,0.05182136506077427,1775839424.1454089,5,/Users/kimsumin/projects/RGMC/data/map/robot4/images/0621.png,/Users/kimsumin/projects/RGMC/data/map/robot4/overlays/0621_overlay.png,/Users/kimsumin/projects/RGMC/data/map/robot4/masks/0621_mask.png
622,0.8137500000000001,0.5625,,329.7034540859309,409.1936295054484,1,0.0,0.05309984538095397,0.03826895950673684,1775839435.6674395,5,/Users/kimsumin/projects/RGMC/data/map/robot4/images/0622.png,/Users/kimsumin/projects/RGMC/data/map/robot4/overlays/0622_overlay.png,/Users/kimsumin/projects/RGMC/data/map/robot4/masks/0622_mask.png
623,0.8428125000000001,0.5625,,329.74613506916194,421.9502852485738,1,0.0,0.04694298504378179,0.03637039427171373,1775839444.983324,5,/Users/kimsumin/projects/RGMC/data/map/robot4/images/0623.png,/Users/kimsumin/projects/RGMC/data/map/robot4/overlays/0623_overlay.png,/Users/kimsumin/projects/RGMC/data/map/robot4/masks/0623_mask.png
624,0.8718750000000001,0.5625,,329.99224137931037,435.1154177433247,1,0.0,0.04991189477345888,0.05336351101240201,1775839454.161293,5,/Users/kimsumin/projects/RGMC/data/map/robot4/images/0624.png,/Users/kimsumin/projects/RGMC/data/map/robot4/overlays/0624_overlay.png,/Users/kimsumin/projects/RGMC/data/map/robot4/masks/0624_mask.png
625,0.9009375000000001,0.5625,,329.7922624053827,448.14718250630784,1,0.0,0.0728688376676456,0.09079266662661091,1775839463.0824442,5,/Users/kimsumin/projects/RGMC/data/map/robot4/images/0625.png,/Users/kimsumin/projects/RGMC/data/map/robot4/overlays/0625_overlay.png,/Users/kimsumin/projects/RGMC/data/map/robot4/masks/0625_mask.png
626,0.93,0.5625,,329.57894736842104,459.8240418118467,1,0.0,0.0661132822307273,0.0609863468204754,1775839473.819895,5,/Users/kimsumin/projects/RGMC/data/map/robot4/images/0626.png,/Users/kimsumin/projects/RGMC/data/map/robot4/overlays/0626_overlay.png,/Users/kimsumin/projects/RGMC/data/map/robot4/masks/0626_mask.png
627,0.93,0.59375,,316.55731922398587,459.6604938271605,1,0.0,0.03820593938073349,0.05393420847805588,1775839483.3894167,5,/Users/kimsumin/projects/RGMC/data/map/robot4/images/0627.png,/Users/kimsumin/projects/RGMC/data/map/robot4/overlays/0627_overlay.png,/Users/kimsumin/projects/RGMC/data/map/robot4/masks/0627_mask.png
628,0.9009375000000001,0.59375,,315.61021276595744,448.14798973481606,1,0.0,0.08513349488493245,0.05723604895349988,1775839492.9154155,5,/Users/kimsumin/projects/RGMC/data/map/robot4/images/0628.png,/Users/kimsumin/projects/RGMC/data/map/robot4/overlays/0628_overlay.png,/Users/kimsumin/projects/RGMC/data/map/robot4/masks/0628_mask.png
629,0.8718750000000001,0.59375,,316.1309627059844,435.11245674740485,1,0.0,0.027772189814384615,0.01823765996415509,1775839502.6356933,5,/Users/kimsumin/projects/RGMC/data/map/robot4/images/0629.png,/Users/kimsumin/projects/RGMC/data/map/robot4/overlays/0629_overlay.png,/Users/kimsumin/projects/RGMC/data/map/robot4/masks/0629_mask.png
630,0.8428125000000001,0.59375,,316.0877497827976,421.6735572782084,1,0.0,0.05326890562086581,0.06824336251402342,1775839514.4965134,5,/Users/kimsumin/projects/RGMC/data/map/robot4/images/0630.png,/Users/kimsumin/projects/RGMC/data/map/robot4/overlays/0630_overlay.png,/Users/kimsumin/projects/RGMC/data/map/robot4/masks/0630_mask.png
631,0.8137500000000001,0.59375,,315.98256320836964,409.21595836947097,1,0.0,0.05003222691901559,0.04624299371938852,1775839523.4278152,5,/Users/kimsumin/projects/RGMC/data/map/robot4/images/0631.png,/Users/kimsumin/projects/RGMC/data/map/robot4/overlays/0631_overlay.png,/Users/kimsumin/projects/RGMC/data/map/robot4/masks/0631_mask.png
632,0.7846875000000001,0.59375,,316.0696474634566,396.4479717813051,1,0.0,0.126150824046547,0.08171467097503529,1775839532.3354754,5,/Users/kimsumin/projects/RGMC/data/map/robot4/images/0632.png,/Users/kimsumin/projects/RGMC/data/map/robot4/overlays/0632_overlay.png,/Users/kimsumin/projects/RGMC/data/map/robot4/masks/0632_mask.png
633,0.755625,0.59375,,315.804788213628,383.50827205882354,1,0.0,0.10269284761015714,0.02825309383997234,1775839542.0483162,5,/Users/kimsumin/projects/RGMC/data/map/robot4/images/0633.png,/Users/kimsumin/projects/RGMC/data/map/robot4/overlays/0633_overlay.png,/Users/kimsumin/projects/RGMC/data/map/robot4/masks/0633_mask.png
634,0.7265625,0.59375,,315.9325153374233,370.37335670464506,1,0.0,0.032962584785297414,0.41574403584533093,1775839551.136974,5,/Users/kimsumin/projects/RGMC/data/map/robot4/images/0634.png,/Users/kimsumin/projects/RGMC/data/map/robot4/overlays/0634_overlay.png,/Users/kimsumin/projects/RGMC/data/map/robot4/masks/0634_mask.png
635,0.6975,0.59375,,315.7692307692308,357.93700787401576,1,0.0,0.07849788421995972,0.047226328888672835,1775839560.4240932,5,/Users/kimsumin/projects/RGMC/data/map/robot4/images/0635.png,/Users/kimsumin/projects/RGMC/data/map/robot4/overlays/0635_overlay.png,/Users/kimsumin/projects/RGMC/data/map/robot4/masks/0635_mask.png
636,0.6684375,0.59375,,315.69209809264305,345.4381818181818,1,0.0,0.029278864780413486,0.01548834874671199,1775839570.2601523,5,/Users/kimsumin/projects/RGMC/data/map/robot4/images/0636.png,/Users/kimsumin/projects/RGMC/data/map/robot4/overlays/0636_overlay.png,/Users/kimsumin/projects/RGMC/data/map/robot4/masks/0636_mask.png
637,0.639375,0.59375,,315.616982836495,332.6566484517304,1,0.0,0.04158027800512406,0.1225456982361537,1775839579.4229414,5,/Users/kimsumin/projects/RGMC/data/map/robot4/images/0637.png,/Users/kimsumin/projects/RGMC/data/map/robot4/overlays/0637_overlay.png,/Users/kimsumin/projects/RGMC/data/map/robot4/masks/0637_mask.png
638,0.6103125,0.59375,,315.8450046685341,319.8436911487759,1,0.0,0.05342473260979851,0.06884151887807281,1775839588.4351382,5,/Users/kimsumin/projects/RGMC/data/map/robot4/images/0638.png,/Users/kimsumin/projects/RGMC/data/map/robot4/overlays/0638_overlay.png,/Users/kimsumin/projects/RGMC/data/map/robot4/masks/0638_mask.png
639,0.58125,0.59375,,315.421686746988,307.51113172541744,1,0.0,0.062431349066374736,0.043223660113009946,1775839599.9979541,5,/Users/kimsumin/projects/RGMC/data/map/robot4/images/0639.png,/Users/kimsumin/projects/RGMC/data/map/robot4/overlays/0639_overlay.png,/Users/kimsumin/projects/RGMC/data/map/robot4/masks/0639_mask.png
640,0.5521875,0.59375,,315.78477443609023,294.8552754435107,1,0.0,0.06360269575421942,0.357835325776889,1775839609.4274142,5,/Users/kimsumin/projects/RGMC/data/map/robot4/images/0640.png,/Users/kimsumin/projects/RGMC/data/map/robot4/overlays/0640_overlay.png,/Users/kimsumin/projects/RGMC/data/map/robot4/masks/0640_mask.png
641,0.5231250000000001,0.59375,,315.9304029304029,281.0576923076923,1,0.0,0.07079730198291706,0.04885402422873709,1775839618.6500635,5,/Users/kimsumin/projects/RGMC/data/map/robot4/images/0641.png,/Users/kimsumin/projects/RGMC/data/map/robot4/overlays/0641_overlay.png,/Users/kimsumin/projects/RGMC/data/map/robot4/masks/0641_mask.png
642,0.4940625,0.59375,,315.7633726201269,268.5625,1,0.0,0.03757115020660994,0.09591422998699492,1775839629.5126345,5,/Users/kimsumin/projects/RGMC/data/map/robot4/images/0642.png,/Users/kimsumin/projects/RGMC/data/map/robot4/overlays/0642_overlay.png,/Users/kimsumin/projects/RGMC/data/map/robot4/masks/0642_mask.png
643,0.465,0.59375,,315.95014111006583,255.6875,1,0.0,0.0693385449672515,0.17536665176712676,1775839638.7280824,5,/Users/kimsumin/projects/RGMC/data/map/robot4/images/0643.png,/Users/kimsumin/projects/RGMC/data/map/robot4/overlays/0643_overlay.png,/Users/kimsumin/projects/RGMC/data/map/robot4/masks/0643_mask.png
644,0.43593750000000003,0.59375,,315.69662921348316,243.21825023518343,1,0.0,0.0816756660310171,0.3688299556019168,1775839647.66715,5,/Users/kimsumin/projects/RGMC/data/map/robot4/images/0644.png,/Users/kimsumin/projects/RGMC/data/map/robot4/overlays/0644_overlay.png,/Users/kimsumin/projects/RGMC/data/map/robot4/masks/0644_mask.png
645,0.40687500000000004,0.59375,,315.9906542056075,230.69439252336448,1,0.0,0.08826938395659567,0.2695166854385183,1775839656.6871464,5,/Users/kimsumin/projects/RGMC/data/map/robot4/images/0645.png,/Users/kimsumin/projects/RGMC/data/map/robot4/overlays/0645_overlay.png,/Users/kimsumin/projects/RGMC/data/map/robot4/masks/0645_mask.png
646,0.3778125,0.59375,,315.8379341050757,217.19268510258698,1,0.0,0.03209142165902621,0.09374408396824982,1775839665.9646633,5,/Users/kimsumin/projects/RGMC/data/map/robot4/images/0646.png,/Users/kimsumin/projects/RGMC/data/map/robot4/overlays/0646_overlay.png,/Users/kimsumin/projects/RGMC/data/map/robot4/masks/0646_mask.png
647,0.34875,0.59375,,315.76014109347443,204.9920634920635,1,0.0,0.03319054650289499,0.04268749146211799,1775839675.7257652,5,/Users/kimsumin/projects/RGMC/data/map/robot4/images/0647.png,/Users/kimsumin/projects/RGMC/data/map/robot4/overlays/0647_overlay.png,/Users/kimsumin/projects/RGMC/data/map/robot4/masks/0647_mask.png
648,0.3196875,0.59375,,315.8037634408602,192.37623762376236,1,0.0,0.058875364917854785,0.05213324182705098,1775839684.6423666,5,/Users/kimsumin/projects/RGMC/data/map/robot4/images/0648.png,/Users/kimsumin/projects/RGMC/data/map/robot4/overlays/0648_overlay.png,/Users/kimsumin/projects/RGMC/data/map/robot4/masks/0648_mask.png
649,0.290625,0.59375,,315.54012623985574,179.82957619477006,1,0.0,0.06332277984351631,0.16536331675778837,1775839695.0465295,5,/Users/kimsumin/projects/RGMC/data/map/robot4/images/0649.png,/Users/kimsumin/projects/RGMC/data/map/robot4/overlays/0649_overlay.png,/Users/kimsumin/projects/RGMC/data/map/robot4/masks/0649_mask.png
650,0.26156250000000003,0.59375,,315.7032667876588,167.40054495912807,1,0.0,0.028642957274583793,0.060304965175633676,1775839704.2594118,5,/Users/kimsumin/projects/RGMC/data/map/robot4/images/0650.png,/Users/kimsumin/projects/RGMC/data/map/robot4/overlays/0650_overlay.png,/Users/kimsumin/projects/RGMC/data/map/robot4/masks/0650_mask.png
651,0.2325,0.59375,,315.7088830255057,154.34828496042218,1,0.0,0.031201763790301356,0.3465184635424433,1775839715.0083401,5,/Users/kimsumin/projects/RGMC/data/map/robot4/images/0651.png,/Users/kimsumin/projects/RGMC/data/map/robot4/overlays/0651_overlay.png,/Users/kimsumin/projects/RGMC/data/map/robot4/masks/0651_mask.png
652,0.20343750000000002,0.59375,,315.86730268863835,141.5975715524718,1,0.0,0.02448560500068806,0.06603595571750495,1775839725.9585552,5,/Users/kimsumin/projects/RGMC/data/map/robot4/images/0652.png,/Users/kimsumin/projects/RGMC/data/map/robot4/overlays/0652_overlay.png,/Users/kimsumin/projects/RGMC/data/map/robot4/masks/0652_mask.png
653,0.174375,0.59375,,315.7236614853195,129.54934497816595,1,0.0,0.03178793576254775,0.07744330427252312,1775839735.1676779,5,/Users/kimsumin/projects/RGMC/data/map/robot4/images/0653.png,/Users/kimsumin/projects/RGMC/data/map/robot4/overlays/0653_overlay.png,/Users/kimsumin/projects/RGMC/data/map/robot4/masks/0653_mask.png
654,0.1453125,0.59375,,315.75435540069685,117.28484320557492,1,0.0,0.04159597644955785,0.0575595015081615,1775839745.1990213,5,/Users/kimsumin/projects/RGMC/data/map/robot4/images/0654.png,/Users/kimsumin/projects/RGMC/data/map/robot4/overlays/0654_overlay.png,/Users/kimsumin/projects/RGMC/data/map/robot4/masks/0654_mask.png
655,0.11625,0.59375,,315.7645478961504,104.5022381378693,1,0.0,0.06305765317631998,0.18620518291253907,1775839755.9097102,5,/Users/kimsumin/projects/RGMC/data/map/robot4/images/0655.png,/Users/kimsumin/projects/RGMC/data/map/robot4/overlays/0655_overlay.png,/Users/kimsumin/projects/RGMC/data/map/robot4/masks/0655_mask.png
656,0.0871875,0.59375,,315.75614194722476,91.8225806451613,1,0.0,0.013692907033122417,0.06808469779859005,1775839765.1128602,5,/Users/kimsumin/projects/RGMC/data/map/robot4/images/0656.png,/Users/kimsumin/projects/RGMC/data/map/robot4/overlays/0656_overlay.png,/Users/kimsumin/projects/RGMC/data/map/robot4/masks/0656_mask.png
657,0.058125,0.59375,,315.8170731707317,78.45470383275261,1,0.0,0.0790154603488548,0.31535334739471843,1775839774.6446097,5,/Users/kimsumin/projects/RGMC/data/map/robot4/images/0657.png,/Users/kimsumin/projects/RGMC/data/map/robot4/overlays/0657_overlay.png,/Users/kimsumin/projects/RGMC/data/map/robot4/masks/0657_mask.png
658,0.0290625,0.59375,,316.0,66.27589208006962,1,0.0,0.08119071901446752,0.39687670367942063,1775839784.3216274,5,/Users/kimsumin/projects/RGMC/data/map/robot4/images/0658.png,/Users/kimsumin/projects/RGMC/data/map/robot4/overlays/0658_overlay.png,/Users/kimsumin/projects/RGMC/data/map/robot4/masks/0658_mask.png
659,0.0,0.59375,,316.20736932305056,53.660668380462724,1,0.0,0.11872047842886754,0.07911529538182718,1775839793.508029,5,/Users/kimsumin/projects/RGMC/data/map/robot4/images/0659.png,/Users/kimsumin/projects/RGMC/data/map/robot4/overlays/0659_overlay.png,/Users/kimsumin/projects/RGMC/data/map/robot4/masks/0659_mask.png
660,0.0,0.625,,303.3453299057412,53.7274290627687,1,0.0,0.04970813985288018,0.12390161682183069,1775839802.9781435,5,/Users/kimsumin/projects/RGMC/data/map/robot4/images/0660.png,/Users/kimsumin/projects/RGMC/data/map/robot4/overlays/0660_overlay.png,/Users/kimsumin/projects/RGMC/data/map/robot4/masks/0660_mask.png
661,0.0290625,0.625,,303.1810269799826,66.28731665228645,1,0.0,0.24485774427951165,0.4553164139510352,1775839816.8182533,5,/Users/kimsumin/projects/RGMC/data/map/robot4/images/0661.png,/Users/kimsumin/projects/RGMC/data/map/robot4/overlays/0661_overlay.png,/Users/kimsumin/projects/RGMC/data/map/robot4/masks/0661_mask.png
662,0.058125,0.625,,303.01819757365683,79.27902790279028,1,0.0,0.031477607814360466,0.39177159401277256,1775839825.887485,5,/Users/kimsumin/projects/RGMC/data/map/robot4/images/0662.png,/Users/kimsumin/projects/RGMC/data/map/robot4/overlays/0662_overlay.png,/Users/kimsumin/projects/RGMC/data/map/robot4/masks/0662_mask.png
663,0.0871875,0.625,,302.79464285714283,91.53035714285714,1,0.0,0.33655888929669714,0.11112839963324221,1775839834.9579046,5,/Users/kimsumin/projects/RGMC/data/map/robot4/images/0663.png,/Users/kimsumin/projects/RGMC/data/map/robot4/overlays/0663_overlay.png,/Users/kimsumin/projects/RGMC/data/map/robot4/masks/0663_mask.png
664,0.11625,0.625,,302.92238267148014,104.25749559082892,1,0.0,0.3143735715279016,0.14536028266370601,1775839843.9387615,5,/Users/kimsumin/projects/RGMC/data/map/robot4/images/0664.png,/Users/kimsumin/projects/RGMC/data/map/robot4/overlays/0664_overlay.png,/Users/kimsumin/projects/RGMC/data/map/robot4/masks/0664_mask.png
665,0.1453125,0.625,,301.8100418410042,116.65020920502091,1,0.0,0.3908371828124661,0.12285690435798052,1775839853.0385013,5,/Users/kimsumin/projects/RGMC/data/map/robot4/images/0665.png,/Users/kimsumin/projects/RGMC/data/map/robot4/overlays/0665_overlay.png,/Users/kimsumin/projects/RGMC/data/map/robot4/masks/0665_mask.png
666,0.174375,0.625,,302.98785776235906,128.93852813852814,1,0.0,0.04114005095452135,0.04863895448134975,1775839862.037834,5,/Users/kimsumin/projects/RGMC/data/map/robot4/images/0666.png,/Users/kimsumin/projects/RGMC/data/map/robot4/overlays/0666_overlay.png,/Users/kimsumin/projects/RGMC/data/map/robot4/masks/0666_mask.png
667,0.20343750000000002,0.625,,302.72471416007033,141.41564147627417,1,0.0,0.04272121568629165,0.0856430987208606,1775839873.5150633,5,/Users/kimsumin/projects/RGMC/data/map/robot4/images/0667.png,/Users/kimsumin/projects/RGMC/data/map/robot4/overlays/0667_overlay.png,/Users/kimsumin/projects/RGMC/data/map/robot4/masks/0667_mask.png
668,0.2325,0.625,,302.75673327541267,153.80856643356643,1,0.0,0.0750908182631144,0.054497758442438794,1775839884.3872662,5,/Users/kimsumin/projects/RGMC/data/map/robot4/images/0668.png,/Users/kimsumin/projects/RGMC/data/map/robot4/overlays/0668_overlay.png,/Users/kimsumin/projects/RGMC/data/map/robot4/masks/0668_mask.png
669,0.26156250000000003,0.625,,302.82142857142856,166.25871080139373,1,0.0,0.04994215527094496,0.054738510479297973,1775839896.141184,5,/Users/kimsumin/projects/RGMC/data/map/robot4/images/0669.png,/Users/kimsumin/projects/RGMC/data/map/robot4/overlays/0669_overlay.png,/Users/kimsumin/projects/RGMC/data/map/robot4/masks/0669_mask.png
670,0.290625,0.625,,302.52694610778445,178.36855670103094,1,0.0,0.33617644257279433,0.029708344117928304,1775839905.251982,5,/Users/kimsumin/projects/RGMC/data/map/robot4/images/0670.png,/Users/kimsumin/projects/RGMC/data/map/robot4/overlays/0670_overlay.png,/Users/kimsumin/projects/RGMC/data/map/robot4/masks/0670_mask.png
671,0.3196875,0.625,,301.7136563876652,191.64473684210526,1,0.0,0.3268570054859221,0.11699373449172108,1775839914.4522207,5,/Users/kimsumin/projects/RGMC/data/map/robot4/images/0671.png,/Users/kimsumin/projects/RGMC/data/map/robot4/overlays/0671_overlay.png,/Users/kimsumin/projects/RGMC/data/map/robot4/masks/0671_mask.png
672,0.34875,0.625,,302.55774395702775,204.46480144404333,1,0.0,0.06954648507064476,0.02191588112549127,1775839923.619264,5,/Users/kimsumin/projects/RGMC/data/map/robot4/images/0672.png,/Users/kimsumin/projects/RGMC/data/map/robot4/overlays/0672_overlay.png,/Users/kimsumin/projects/RGMC/data/map/robot4/masks/0672_mask.png
673,0.3778125,0.625,,302.7325581395349,216.60644007155636,1,0.0,0.04478791303151253,0.10889798855509851,1775839932.8071673,5,/Users/kimsumin/projects/RGMC/data/map/robot4/images/0673.png,/Users/kimsumin/projects/RGMC/data/map/robot4/overlays/0673_overlay.png,/Users/kimsumin/projects/RGMC/data/map/robot4/masks/0673_mask.png
674,0.40687500000000004,0.625,,302.7088948787062,229.5520646319569,1,0.0,0.056255864149021374,0.07378765501824364,1775839942.018021,5,/Users/kimsumin/projects/RGMC/data/map/robot4/images/0674.png,/Users/kimsumin/projects/RGMC/data/map/robot4/overlays/0674_overlay.png,/Users/kimsumin/projects/RGMC/data/map/robot4/masks/0674_mask.png
675,0.43593750000000003,0.625,,302.7645478961504,241.92410714285714,1,0.0,0.030642298996395072,0.40979086861791425,1775839951.2157176,5,/Users/kimsumin/projects/RGMC/data/map/robot4/images/0675.png,/Users/kimsumin/projects/RGMC/data/map/robot4/overlays/0675_overlay.png,/Users/kimsumin/projects/RGMC/data/map/robot4/masks/0675_mask.png
676,0.465,0.625,,302.3421550094518,255.18147448015122,1,0.0,0.04828218409667333,0.21114237451752035,1775839960.282851,5,/Users/kimsumin/projects/RGMC/data/map/robot4/images/0676.png,/Users/kimsumin/projects/RGMC/data/map/robot4/overlays/0676_overlay.png,/Users/kimsumin/projects/RGMC/data/map/robot4/masks/0676_mask.png
677,0.4940625,0.625,,302.5559666975023,267.95910780669146,1,0.0,0.026128667230968884,0.02857258681825305,1775839969.47102,5,/Users/kimsumin/projects/RGMC/data/map/robot4/images/0677.png,/Users/kimsumin/projects/RGMC/data/map/robot4/overlays/0677_overlay.png,/Users/kimsumin/projects/RGMC/data/map/robot4/masks/0677_mask.png
678,0.5231250000000001,0.625,,302.6078971533517,280.62179487179486,1,0.0,0.2274892273639731,0.056544072990691654,1775839978.615331,5,/Users/kimsumin/projects/RGMC/data/map/robot4/images/0678.png,/Users/kimsumin/projects/RGMC/data/map/robot4/overlays/0678_overlay.png,/Users/kimsumin/projects/RGMC/data/map/robot4/masks/0678_mask.png
679,0.5521875,0.625,,302.53859964093357,293.7746858168761,1,0.0,0.04171714254329543,0.04675698730677378,1775839987.7072785,5,/Users/kimsumin/projects/RGMC/data/map/robot4/images/0679.png,/Users/kimsumin/projects/RGMC/data/map/robot4/overlays/0679_overlay.png,/Users/kimsumin/projects/RGMC/data/map/robot4/masks/0679_mask.png
680,0.58125,0.625,,301.95504664970315,306.1509754028838,1,0.0,0.05981516700213515,0.055547867615147,1775839996.6336937,5,/Users/kimsumin/projects/RGMC/data/map/robot4/images/0680.png,/Users/kimsumin/projects/RGMC/data/map/robot4/overlays/0680_overlay.png,/Users/kimsumin/projects/RGMC/data/map/robot4/masks/0680_mask.png
681,0.6103125,0.625,,302.2735590118939,319.9452181987001,1,0.0,0.04058910958017235,0.044158517661502465,1775840005.526037,5,/Users/kimsumin/projects/RGMC/data/map/robot4/images/0681.png,/Users/kimsumin/projects/RGMC/data/map/robot4/overlays/0681_overlay.png,/Users/kimsumin/projects/RGMC/data/map/robot4/masks/0681_mask.png
682,0.639375,0.625,,302.5692025664528,332.24953959484344,1,0.0,0.3783201714150197,0.07549566422747078,1775840014.517489,5,/Users/kimsumin/projects/RGMC/data/map/robot4/images/0682.png,/Users/kimsumin/projects/RGMC/data/map/robot4/overlays/0682_overlay.png,/Users/kimsumin/projects/RGMC/data/map/robot4/masks/0682_mask.png
683,0.6684375,0.625,,302.5359116022099,344.4457831325301,1,0.0,0.3663569082095337,0.061895500010771085,1775840023.6430602,5,/Users/kimsumin/projects/RGMC/data/map/robot4/images/0683.png,/Users/kimsumin/projects/RGMC/data/map/robot4/overlays/0683_overlay.png,/Users/kimsumin/projects/RGMC/data/map/robot4/masks/0683_mask.png
684,0.6975,0.625,,302.76684881602915,357.0100273473108,1,0.0,0.04274975675059256,0.03609117087826022,1775840032.652201,5,/Users/kimsumin/projects/RGMC/data/map/robot4/images/0684.png,/Users/kimsumin/projects/RGMC/data/map/robot4/overlays/0684_overlay.png,/Users/kimsumin/projects/RGMC/data/map/robot4/masks/0684_mask.png
685,0.7265625,0.625,,302.3160577740017,369.9056924384027,1,0.0,0.26346858237625065,0.4700539036068831,1775840044.1951694,5,/Users/kimsumin/projects/RGMC/data/map/robot4/images/0685.png,/Users/kimsumin/projects/RGMC/data/map/robot4/overlays/0685_overlay.png,/Users/kimsumin/projects/RGMC/data/map/robot4/masks/0685_mask.png
686,0.755625,0.625,,302.149012567325,383.29649595687334,1,0.0,0.02497878303567575,0.03731456527397787,1775840053.2522902,5,/Users/kimsumin/projects/RGMC/data/map/robot4/images/0686.png,/Users/kimsumin/projects/RGMC/data/map/robot4/overlays/0686_overlay.png,/Users/kimsumin/projects/RGMC/data/map/robot4/masks/0686_mask.png
687,0.7846875000000001,0.625,,302.4495652173913,396.15238095238095,1,0.0,0.08450792212391124,0.12641375817687342,1775840062.1602554,5,/Users/kimsumin/projects/RGMC/data/map/robot4/images/0687.png,/Users/kimsumin/projects/RGMC/data/map/robot4/overlays/0687_overlay.png,/Users/kimsumin/projects/RGMC/data/map/robot4/masks/0687_mask.png
688,0.8137500000000001,0.625,,302.53800170794193,408.85823429541597,1,0.0,0.07580888517752224,0.09019712794659486,1775840072.3486989,5,/Users/kimsumin/projects/RGMC/data/map/robot4/images/0688.png,/Users/kimsumin/projects/RGMC/data/map/robot4/overlays/0688_overlay.png,/Users/kimsumin/projects/RGMC/data/map/robot4/masks/0688_mask.png
689,0.8428125000000001,0.625,,303.3057268722467,421.2676056338028,1,0.0,0.03814769326039027,0.0641156804864289,1775840082.8148198,5,/Users/kimsumin/projects/RGMC/data/map/robot4/images/0689.png,/Users/kimsumin/projects/RGMC/data/map/robot4/overlays/0689_overlay.png,/Users/kimsumin/projects/RGMC/data/map/robot4/masks/0689_mask.png
690,0.8718750000000001,0.625,,303.19220549158547,434.95479204339966,1,0.0,0.07395808855802892,0.4266284195725888,1775840094.3913746,5,/Users/kimsumin/projects/RGMC/data/map/robot4/images/0690.png,/Users/kimsumin/projects/RGMC/data/map/robot4/overlays/0690_overlay.png,/Users/kimsumin/projects/RGMC/data/map/robot4/masks/0690_mask.png
691,0.9009375000000001,0.625,,303.18885191347755,446.8573784006595,1,0.0,0.05642586957418448,0.5253517672765764,1775840104.2772887,5,/Users/kimsumin/projects/RGMC/data/map/robot4/images/0691.png,/Users/kimsumin/projects/RGMC/data/map/robot4/overlays/0691_overlay.png,/Users/kimsumin/projects/RGMC/data/map/robot4/masks/0691_mask.png
692,0.93,0.625,,303.1270718232044,459.73941068139965,1,0.0,0.03653542933110326,0.07184071483335304,1775840113.2303967,5,/Users/kimsumin/projects/RGMC/data/map/robot4/images/0692.png,/Users/kimsumin/projects/RGMC/data/map/robot4/overlays/0692_overlay.png,/Users/kimsumin/projects/RGMC/data/map/robot4/masks/0692_mask.png
693,0.93,0.65625,,288.9634782608696,459.73568281938327,1,0.0,0.09569788379697147,0.11882050681005576,1775840124.519907,5,/Users/kimsumin/projects/RGMC/data/map/robot4/images/0693.png,/Users/kimsumin/projects/RGMC/data/map/robot4/overlays/0693_overlay.png,/Users/kimsumin/projects/RGMC/data/map/robot4/masks/0693_mask.png
694,0.9009375000000001,0.65625,,288.60628618693136,448.4170854271357,1,0.0,0.07702240535108067,0.08277397007195157,1775840133.500719,5,/Users/kimsumin/projects/RGMC/data/map/robot4/images/0694.png,/Users/kimsumin/projects/RGMC/data/map/robot4/overlays/0694_overlay.png,/Users/kimsumin/projects/RGMC/data/map/robot4/masks/0694_mask.png
695,0.8718750000000001,0.65625,,288.29955555555557,435.12745098039215,1,0.0,0.13378108295222685,0.02063343076388261,1775840142.370317,5,/Users/kimsumin/projects/RGMC/data/map/robot4/images/0695.png,/Users/kimsumin/projects/RGMC/data/map/robot4/overlays/0695_overlay.png,/Users/kimsumin/projects/RGMC/data/map/robot4/masks/0695_mask.png
696,0.8428125000000001,0.65625,,288.75832621690864,421.49149659863946,1,0.0,0.07123962884970372,0.051954639973096683,1775840151.3094983,5,/Users/kimsumin/projects/RGMC/data/map/robot4/images/0696.png,/Users/kimsumin/projects/RGMC/data/map/robot4/overlays/0696_overlay.png,/Users/kimsumin/projects/RGMC/data/map/robot4/masks/0696_mask.png
697,0.8137500000000001,0.65625,,288.8727272727273,409.00691443388075,1,0.0,0.2460010562916241,0.08254004728033895,1775840160.3838608,5,/Users/kimsumin/projects/RGMC/data/map/robot4/images/0697.png,/Users/kimsumin/projects/RGMC/data/map/robot4/overlays/0697_overlay.png,/Users/kimsumin/projects/RGMC/data/map/robot4/masks/0697_mask.png
698,0.7846875000000001,0.65625,,288.18856121537084,396.4920353982301,1,0.0,0.09088950404542634,0.07574285861719901,1775840169.6513362,5,/Users/kimsumin/projects/RGMC/data/map/robot4/images/0698.png,/Users/kimsumin/projects/RGMC/data/map/robot4/overlays/0698_overlay.png,/Users/kimsumin/projects/RGMC/data/map/robot4/masks/0698_mask.png
699,0.755625,0.65625,,288.4506787330317,383.59276018099547,1,0.0,0.08199559145294155,0.06175158627724376,1775840179.5932791,5,/Users/kimsumin/projects/RGMC/data/map/robot4/images/0699.png,/Users/kimsumin/projects/RGMC/data/map/robot4/overlays/0699_overlay.png,/Users/kimsumin/projects/RGMC/data/map/robot4/masks/0699_mask.png
700,0.7265625,0.65625,,288.18105849582173,371.06989748369057,1,0.0,0.09297202389262055,0.059758070925672716,1775840188.7014933,5,/Users/kimsumin/projects/RGMC/data/map/robot4/images/0700.png,/Users/kimsumin/projects/RGMC/data/map/robot4/overlays/0700_overlay.png,/Users/kimsumin/projects/RGMC/data/map/robot4/masks/0700_mask.png
701,0.6975,0.65625,,288.3558282208589,357.4402125775022,1,0.0,0.08842697925376936,0.04767239128967494,1775840198.8581076,5,/Users/kimsumin/projects/RGMC/data/map/robot4/images/0701.png,/Users/kimsumin/projects/RGMC/data/map/robot4/overlays/0701_overlay.png,/Users/kimsumin/projects/RGMC/data/map/robot4/masks/0701_mask.png
702,0.6684375,0.65625,,287.660542432196,345.66637089618456,1,0.0,0.10449800700961429,0.08920967332567681,1775840209.7240007,5,/Users/kimsumin/projects/RGMC/data/map/robot4/images/0702.png,/Users/kimsumin/projects/RGMC/data/map/robot4/overlays/0702_overlay.png,/Users/kimsumin/projects/RGMC/data/map/robot4/masks/0702_mask.png
703,0.639375,0.65625,,287.815207780725,332.59946949602124,1,0.0,0.01883628692222782,0.043109311706753195,1775840218.8141599,5,/Users/kimsumin/projects/RGMC/data/map/robot4/images/0703.png,/Users/kimsumin/projects/RGMC/data/map/robot4/overlays/0703_overlay.png,/Users/kimsumin/projects/RGMC/data/map/robot4/masks/0703_mask.png
704,0.6103125,0.65625,,287.870188003581,320.0973451327434,1,0.0,0.0718463643751371,0.07971880365500297,1775840229.8733604,5,/Users/kimsumin/projects/RGMC/data/map/robot4/images/0704.png,/Users/kimsumin/projects/RGMC/data/map/robot4/overlays/0704_overlay.png,/Users/kimsumin/projects/RGMC/data/map/robot4/masks/0704_mask.png
705,0.58125,0.65625,,287.90489381348107,307.269621421976,1,0.0,0.09652012178188651,0.08708131021929338,1775840239.9883142,5,/Users/kimsumin/projects/RGMC/data/map/robot4/images/0705.png,/Users/kimsumin/projects/RGMC/data/map/robot4/overlays/0705_overlay.png,/Users/kimsumin/projects/RGMC/data/map/robot4/masks/0705_mask.png
706,0.5521875,0.65625,,288.10263157894735,293.8116591928251,1,0.0,0.04055733872562239,0.0732065335069195,1775840248.915711,5,/Users/kimsumin/projects/RGMC/data/map/robot4/images/0706.png,/Users/kimsumin/projects/RGMC/data/map/robot4/overlays/0706_overlay.png,/Users/kimsumin/projects/RGMC/data/map/robot4/masks/0706_mask.png
707,0.5231250000000001,0.65625,,288.28702851885924,280.9605504587156,1,0.0,0.06909238764814658,0.0489646060827032,1775840257.940039,5,/Users/kimsumin/projects/RGMC/data/map/robot4/images/0707.png,/Users/kimsumin/projects/RGMC/data/map/robot4/overlays/0707_overlay.png,/Users/kimsumin/projects/RGMC/data/map/robot4/masks/0707_mask.png
708,0.4940625,0.65625,,288.12104283054003,267.8382213812677,1,0.0,0.0699963443197115,0.19159104215479353,1775840266.8743768,5,/Users/kimsumin/projects/RGMC/data/map/robot4/images/0708.png,/Users/kimsumin/projects/RGMC/data/map/robot4/overlays/0708_overlay.png,/Users/kimsumin/projects/RGMC/data/map/robot4/masks/0708_mask.png
709,0.465,0.65625,,288.40465532676814,255.33392857142857,1,0.0,0.07962817514718365,0.025801825891402695,1775840276.4840055,5,/Users/kimsumin/projects/RGMC/data/map/robot4/images/0709.png,/Users/kimsumin/projects/RGMC/data/map/robot4/overlays/0709_overlay.png,/Users/kimsumin/projects/RGMC/data/map/robot4/masks/0709_mask.png
710,0.43593750000000003,0.65625,,288.19016697588125,243.1585253456221,1,0.0,0.2250112118765513,0.028385762989984843,1775840289.6101525,5,/Users/kimsumin/projects/RGMC/data/map/robot4/images/0710.png,/Users/kimsumin/projects/RGMC/data/map/robot4/overlays/0710_overlay.png,/Users/kimsumin/projects/RGMC/data/map/robot4/masks/0710_mask.png
711,0.40687500000000004,0.65625,,288.6506849315069,229.71355060034304,1,0.0,0.09193645406035941,0.05733651279030573,1775840299.2180285,5,/Users/kimsumin/projects/RGMC/data/map/robot4/images/0711.png,/Users/kimsumin/projects/RGMC/data/map/robot4/overlays/0711_overlay.png,/Users/kimsumin/projects/RGMC/data/map/robot4/masks/0711_mask.png
712,0.3778125,0.65625,,288.2397820163488,217.17918552036198,1,0.0,0.045011299238633486,0.059377564622611796,1775840308.2307942,5,/Users/kimsumin/projects/RGMC/data/map/robot4/images/0712.png,/Users/kimsumin/projects/RGMC/data/map/robot4/overlays/0712_overlay.png,/Users/kimsumin/projects/RGMC/data/map/robot4/masks/0712_mask.png
713,0.34875,0.65625,,288.07306338028167,204.79735682819384,1,0.0,0.03633324429616226,0.04511937004180816,1775840317.082145,5,/Users/kimsumin/projects/RGMC/data/map/robot4/images/0713.png,/Users/kimsumin/projects/RGMC/data/map/robot4/overlays/0713_overlay.png,/Users/kimsumin/projects/RGMC/data/map/robot4/masks/0713_mask.png
714,0.3196875,0.65625,,288.0978260869565,192.2848043676069,1,0.0,0.029539320721373535,0.07482832821671839,1775840326.1285102,5,/Users/kimsumin/projects/RGMC/data/map/robot4/images/0714.png,/Users/kimsumin/projects/RGMC/data/map/robot4/overlays/0714_overlay.png,/Users/kimsumin/projects/RGMC/data/map/robot4/masks/0714_mask.png
715,0.290625,0.65625,,288.1,179.11581676750217,1,0.0,0.024059900929000334,0.10118123713171302,1775840334.9782236,5,/Users/kimsumin/projects/RGMC/data/map/robot4/images/0715.png,/Users/kimsumin/projects/RGMC/data/map/robot4/overlays/0715_overlay.png,/Users/kimsumin/projects/RGMC/data/map/robot4/masks/0715_mask.png
716,0.26156250000000003,0.65625,,288.83076923076925,166.4277261200338,1,0.0,0.06434677126436897,0.046159928872191426,1775840344.0280464,5,/Users/kimsumin/projects/RGMC/data/map/robot4/images/0716.png,/Users/kimsumin/projects/RGMC/data/map/robot4/overlays/0716_overlay.png,/Users/kimsumin/projects/RGMC/data/map/robot4/masks/0716_mask.png
717,0.2325,0.65625,,288.79432013769366,154.06368330464716,1,0.0,0.17602372091042198,0.05455887478919787,1775840353.2069657,5,/Users/kimsumin/projects/RGMC/data/map/robot4/images/0717.png,/Users/kimsumin/projects/RGMC/data/map/robot4/overlays/0717_overlay.png,/Users/kimsumin/projects/RGMC/data/map/robot4/masks/0717_mask.png
718,0.20343750000000002,0.65625,,288.8466780238501,141.65901360544217,1,0.0,0.018158786413962007,0.02310129007686133,1775840362.1679118,5,/Users/kimsumin/projects/RGMC/data/map/robot4/images/0718.png,/Users/kimsumin/projects/RGMC/data/map/robot4/overlays/0718_overlay.png,/Users/kimsumin/projects/RGMC/data/map/robot4/masks/0718_mask.png
719,0.174375,0.65625,,288.70440795159897,129.19895742832318,1,0.0,0.23232179008114165,0.03887569636578388,1775840371.8988564,5,/Users/kimsumin/projects/RGMC/data/map/robot4/images/0719.png,/Users/kimsumin/projects/RGMC/data/map/robot4/overlays/0719_overlay.png,/Users/kimsumin/projects/RGMC/data/map/robot4/masks/0719_mask.png
720,0.1453125,0.65625,,288.7761578044597,116.97005988023952,1,0.0,0.18410222553983296,0.08297027469450952,1775840382.952224,5,/Users/kimsumin/projects/RGMC/data/map/robot4/images/0720.png,/Users/kimsumin/projects/RGMC/data/map/robot4/overlays/0720_overlay.png,/Users/kimsumin/projects/RGMC/data/map/robot4/masks/0720_mask.png
721,0.11625,0.65625,,288.6816578483245,104.08071748878923,1,0.0,0.25736090898686925,0.1251646965010472,1775840392.4795444,5,/Users/kimsumin/projects/RGMC/data/map/robot4/images/0721.png,/Users/kimsumin/projects/RGMC/data/map/robot4/overlays/0721_overlay.png,/Users/kimsumin/projects/RGMC/data/map/robot4/masks/0721_mask.png
722,0.0871875,0.65625,,288.65761821366027,91.56929824561404,1,0.0,0.21670118445093894,0.061610890813649635,1775840402.5145185,5,/Users/kimsumin/projects/RGMC/data/map/robot4/images/0722.png,/Users/kimsumin/projects/RGMC/data/map/robot4/overlays/0722_overlay.png,/Users/kimsumin/projects/RGMC/data/map/robot4/masks/0722_mask.png
723,0.058125,0.65625,,289.0041701417848,79.37619461337967,1,0.0,0.05810333565211345,0.27204970962637093,1775840411.4753559,5,/Users/kimsumin/projects/RGMC/data/map/robot4/images/0723.png,/Users/kimsumin/projects/RGMC/data/map/robot4/overlays/0723_overlay.png,/Users/kimsumin/projects/RGMC/data/map/robot4/masks/0723_mask.png
724,0.0290625,0.65625,,288.73760683760685,66.3,1,0.0,0.22496505246874526,0.06784441416125168,1775840420.5425048,5,/Users/kimsumin/projects/RGMC/data/map/robot4/images/0724.png,/Users/kimsumin/projects/RGMC/data/map/robot4/overlays/0724_overlay.png,/Users/kimsumin/projects/RGMC/data/map/robot4/masks/0724_mask.png
725,0.0,0.65625,,288.9775561097257,53.750207468879665,1,0.0,0.07000080646107379,0.05835489000245532,1775840430.4302137,5,/Users/kimsumin/projects/RGMC/data/map/robot4/images/0725.png,/Users/kimsumin/projects/RGMC/data/map/robot4/overlays/0725_overlay.png,/Users/kimsumin/projects/RGMC/data/map/robot4/masks/0725_mask.png
726,0.0,0.6875,,275.5608695652174,53.14,1,0.0,0.03558635409009317,0.09799047393980853,1775840439.4326966,5,/Users/kimsumin/projects/RGMC/data/map/robot4/images/0726.png,/Users/kimsumin/projects/RGMC/data/map/robot4/overlays/0726_overlay.png,/Users/kimsumin/projects/RGMC/data/map/robot4/masks/0726_mask.png
727,0.0290625,0.6875,,275.6820908311911,65.88260497000857,1,0.0,0.04280751692995524,0.09550896843375115,1775840448.697038,5,/Users/kimsumin/projects/RGMC/data/map/robot4/images/0727.png,/Users/kimsumin/projects/RGMC/data/map/robot4/overlays/0727_overlay.png,/Users/kimsumin/projects/RGMC/data/map/robot4/masks/0727_mask.png
728,0.058125,0.6875,,275.527397260274,78.18808510638299,1,0.0,0.03716804702561271,0.05868812986638428,1775840460.0257337,5,/Users/kimsumin/projects/RGMC/data/map/robot4/images/0728.png,/Users/kimsumin/projects/RGMC/data/map/robot4/overlays/0728_overlay.png,/Users/kimsumin/projects/RGMC/data/map/robot4/masks/0728_mask.png
729,0.0871875,0.6875,,275.3511852502195,91.4776119402985,1,0.0,0.35761268819262376,0.37849592836419,1775840469.0986457,5,/Users/kimsumin/projects/RGMC/data/map/robot4/images/0729.png,/Users/kimsumin/projects/RGMC/data/map/robot4/overlays/0729_overlay.png,/Users/kimsumin/projects/RGMC/data/map/robot4/masks/0729_mask.png
730,0.11625,0.6875,,275.3478260869565,103.73203194321206,1,0.0,0.05138383737457431,0.021581130197292936,1775840479.0788069,5,/Users/kimsumin/projects/RGMC/data/map/robot4/images/0730.png,/Users/kimsumin/projects/RGMC/data/map/robot4/overlays/0730_overlay.png,/Users/kimsumin/projects/RGMC/data/map/robot4/masks/0730_mask.png
731,0.1453125,0.6875,,275.3214904679376,116.67572304995618,1,0.0,0.033201695761060294,0.10242133013631372,1775840488.095051,5,/Users/kimsumin/projects/RGMC/data/map/robot4/images/0731.png,/Users/kimsumin/projects/RGMC/data/map/robot4/overlays/0731_overlay.png,/Users/kimsumin/projects/RGMC/data/map/robot4/masks/0731_mask.png
732,0.174375,0.6875,,275.30995670995674,128.91774891774892,1,0.0,0.030573187991165787,0.11511532228563348,1775840498.4611175,5,/Users/kimsumin/projects/RGMC/data/map/robot4/images/0732.png,/Users/kimsumin/projects/RGMC/data/map/robot4/overlays/0732_overlay.png,/Users/kimsumin/projects/RGMC/data/map/robot4/masks/0732_mask.png
733,0.20343750000000002,0.6875,,275.4067649609714,141.398091934085,1,0.0,0.0556712956157275,0.06483306157942674,1775840507.5889523,5,/Users/kimsumin/projects/RGMC/data/map/robot4/images/0733.png,/Users/kimsumin/projects/RGMC/data/map/robot4/overlays/0733_overlay.png,/Users/kimsumin/projects/RGMC/data/map/robot4/masks/0733_mask.png
734,0.2325,0.6875,,275.35191637630663,153.94076655052265,1,0.0,0.05625143381398007,0.02285374636001653,1775840517.961315,5,/Users/kimsumin/projects/RGMC/data/map/robot4/images/0734.png,/Users/kimsumin/projects/RGMC/data/map/robot4/overlays/0734_overlay.png,/Users/kimsumin/projects/RGMC/data/map/robot4/masks/0734_mask.png
735,0.26156250000000003,0.6875,,275.4178082191781,165.99235344095158,1,0.0,0.06166768808652022,0.03784201956695461,1775840527.9066186,5,/Users/kimsumin/projects/RGMC/data/map/robot4/images/0735.png,/Users/kimsumin/projects/RGMC/data/map/robot4/overlays/0735_overlay.png,/Users/kimsumin/projects/RGMC/data/map/robot4/masks/0735_mask.png
736,0.290625,0.6875,,275.09324208725405,178.37467921300257,1,0.0,0.06108973261046116,0.048575031269787294,1775840537.6112676,5,/Users/kimsumin/projects/RGMC/data/map/robot4/images/0736.png,/Users/kimsumin/projects/RGMC/data/map/robot4/overlays/0736_overlay.png,/Users/kimsumin/projects/RGMC/data/map/robot4/masks/0736_mask.png
737,0.3196875,0.6875,,275.2708907254362,191.54761904761904,1,0.0,0.039380992169094485,0.06510089142035605,1775840548.6576304,5,/Users/kimsumin/projects/RGMC/data/map/robot4/images/0737.png,/Users/kimsumin/projects/RGMC/data/map/robot4/overlays/0737_overlay.png,/Users/kimsumin/projects/RGMC/data/map/robot4/masks/0737_mask.png
738,0.34875,0.6875,,275.0905172413793,204.15930735930735,1,0.0,0.018167606068836422,0.062111213642488096,1775840557.9655657,5,/Users/kimsumin/projects/RGMC/data/map/robot4/images/0738.png,/Users/kimsumin/projects/RGMC/data/map/robot4/overlays/0738_overlay.png,/Users/kimsumin/projects/RGMC/data/map/robot4/masks/0738_mask.png
739,0.3778125,0.6875,,275.11780336581046,216.4185418541854,1,0.0,0.05723508645856473,0.0648202589072885,1775840567.1056864,5,/Users/kimsumin/projects/RGMC/data/map/robot4/images/0739.png,/Users/kimsumin/projects/RGMC/data/map/robot4/overlays/0739_overlay.png,/Users/kimsumin/projects/RGMC/data/map/robot4/masks/0739_mask.png
740,0.40687500000000004,0.6875,,275.1118881118881,229.587260034904,1,0.0,0.038177289916103634,0.03365147787310821,1775840576.2736535,5,/Users/kimsumin/projects/RGMC/data/map/robot4/images/0740.png,/Users/kimsumin/projects/RGMC/data/map/robot4/overlays/0740_overlay.png,/Users/kimsumin/projects/RGMC/data/map/robot4/masks/0740_mask.png
741,0.43593750000000003,0.6875,,275.2720070422535,241.6072056239016,1,0.0,0.011799742465217243,0.05959285541054778,1775840585.6103466,5,/Users/kimsumin/projects/RGMC/data/map/robot4/images/0741.png,/Users/kimsumin/projects/RGMC/data/map/robot4/overlays/0741_overlay.png,/Users/kimsumin/projects/RGMC/data/map/robot4/masks/0741_mask.png
742,0.465,0.6875,,275.20402561756634,255.20840950639854,1,0.0,0.07056197332152932,0.09465866813854024,1775840596.3185742,5,/Users/kimsumin/projects/RGMC/data/map/robot4/images/0742.png,/Users/kimsumin/projects/RGMC/data/map/robot4/overlays/0742_overlay.png,/Users/kimsumin/projects/RGMC/data/map/robot4/masks/0742_mask.png
743,0.4940625,0.6875,,275.0204081632653,267.41372912801484,1,0.0,0.04932904960044709,0.07543735280804986,1775840605.5349538,5,/Users/kimsumin/projects/RGMC/data/map/robot4/images/0743.png,/Users/kimsumin/projects/RGMC/data/map/robot4/overlays/0743_overlay.png,/Users/kimsumin/projects/RGMC/data/map/robot4/masks/0743_mask.png
744,0.5231250000000001,0.6875,,275.2302092811647,280.2061482820977,1,0.0,0.25807152767533936,0.12145786245504638,1775840614.629556,5,/Users/kimsumin/projects/RGMC/data/map/robot4/images/0744.png,/Users/kimsumin/projects/RGMC/data/map/robot4/overlays/0744_overlay.png,/Users/kimsumin/projects/RGMC/data/map/robot4/masks/0744_mask.png
745,0.5521875,0.6875,,275.1617777777778,293.4490161001789,1,0.0,0.037971201821473344,0.03562886177595179,1775840623.6997051,5,/Users/kimsumin/projects/RGMC/data/map/robot4/images/0745.png,/Users/kimsumin/projects/RGMC/data/map/robot4/overlays/0745_overlay.png,/Users/kimsumin/projects/RGMC/data/map/robot4/masks/0745_mask.png
746,0.58125,0.6875,,274.43120805369125,306.0989932885906,1,0.0,0.23192616666048044,0.061749971347368836,1775840632.8116271,5,/Users/kimsumin/projects/RGMC/data/map/robot4/images/0746.png,/Users/kimsumin/projects/RGMC/data/map/robot4/overlays/0746_overlay.png,/Users/kimsumin/projects/RGMC/data/map/robot4/masks/0746_mask.png
747,0.6103125,0.6875,,274.0747899159664,320.2870292887029,1,0.0,0.27691224743791726,0.07230262683683024,1775840642.1371608,5,/Users/kimsumin/projects/RGMC/data/map/robot4/images/0747.png,/Users/kimsumin/projects/RGMC/data/map/robot4/overlays/0747_overlay.png,/Users/kimsumin/projects/RGMC/data/map/robot4/masks/0747_mask.png
748,0.639375,0.6875,,274.0099833610649,332.50041493775933,1,0.0,0.07441173136311144,0.02190254286187381,1775840651.2830245,5,/Users/kimsumin/projects/RGMC/data/map/robot4/images/0748.png,/Users/kimsumin/projects/RGMC/data/map/robot4/overlays/0748_overlay.png,/Users/kimsumin/projects/RGMC/data/map/robot4/masks/0748_mask.png
749,0.6684375,0.6875,,274.151566469094,344.9204064352244,1,0.0,0.32548552776162304,0.10218670091666086,1775840660.2639015,5,/Users/kimsumin/projects/RGMC/data/map/robot4/images/0749.png,/Users/kimsumin/projects/RGMC/data/map/robot4/overlays/0749_overlay.png,/Users/kimsumin/projects/RGMC/data/map/robot4/masks/0749_mask.png
750,0.6975,0.6875,,274.11188204683435,356.8349344978166,1,0.0,0.08660670231775415,0.0684719537738937,1775840670.1574244,5,/Users/kimsumin/projects/RGMC/data/map/robot4/images/0750.png,/Users/kimsumin/projects/RGMC/data/map/robot4/overlays/0750_overlay.png,/Users/kimsumin/projects/RGMC/data/map/robot4/masks/0750_mask.png
751,0.7265625,0.6875,,274.4799316823228,369.72278911564626,1,0.0,0.21979104267099517,0.061568753505568646,1775840679.813476,5,/Users/kimsumin/projects/RGMC/data/map/robot4/images/0751.png,/Users/kimsumin/projects/RGMC/data/map/robot4/overlays/0751_overlay.png,/Users/kimsumin/projects/RGMC/data/map/robot4/masks/0751_mask.png
752,0.755625,0.6875,,275.08568824065634,382.9735642661805,1,0.0,0.03266000486046634,0.06699293581337397,1775840688.8099916,5,/Users/kimsumin/projects/RGMC/data/map/robot4/images/0752.png,/Users/kimsumin/projects/RGMC/data/map/robot4/overlays/0752_overlay.png,/Users/kimsumin/projects/RGMC/data/map/robot4/masks/0752_mask.png
753,0.7846875000000001,0.6875,,274.53258036490007,395.84448305821024,1,0.0,0.033711756263442194,0.03513893104598765,1775840697.8593085,5,/Users/kimsumin/projects/RGMC/data/map/robot4/images/0753.png,/Users/kimsumin/projects/RGMC/data/map/robot4/overlays/0753_overlay.png,/Users/kimsumin/projects/RGMC/data/map/robot4/masks/0753_mask.png
754,0.8137500000000001,0.6875,,274.58479532163744,408.5273799494524,1,0.0,0.06459555224871297,0.05071896089174735,1775840706.6845973,5,/Users/kimsumin/projects/RGMC/data/map/robot4/images/0754.png,/Users/kimsumin/projects/RGMC/data/map/robot4/overlays/0754_overlay.png,/Users/kimsumin/projects/RGMC/data/map/robot4/masks/0754_mask.png
755,0.8428125000000001,0.6875,,274.7714762301918,421.16802610114195,1,0.0,0.17322082862031912,0.0800665051766599,1775840715.8631785,5,/Users/kimsumin/projects/RGMC/data/map/robot4/images/0755.png,/Users/kimsumin/projects/RGMC/data/map/robot4/overlays/0755_overlay.png,/Users/kimsumin/projects/RGMC/data/map/robot4/masks/0755_mask.png
756,0.8718750000000001,0.6875,,275.25689655172414,433.8022452504318,1,0.0,0.17051253909698882,0.09307151170203765,1775840724.8652608,5,/Users/kimsumin/projects/RGMC/data/map/robot4/images/0756.png,/Users/kimsumin/projects/RGMC/data/map/robot4/overlays/0756_overlay.png,/Users/kimsumin/projects/RGMC/data/map/robot4/masks/0756_mask.png
757,0.9009375000000001,0.6875,,275.23221936589545,447.803264604811,1,0.0,0.018772245757068887,0.04945355777082869,1775840733.8687959,5,/Users/kimsumin/projects/RGMC/data/map/robot4/images/0757.png,/Users/kimsumin/projects/RGMC/data/map/robot4/overlays/0757_overlay.png,/Users/kimsumin/projects/RGMC/data/map/robot4/masks/0757_mask.png
758,0.93,0.6875,,275.24,459.5228519195612,1,0.0,0.05581659174620727,0.04886768531583505,1775840742.7768493,5,/Users/kimsumin/projects/RGMC/data/map/robot4/images/0758.png,/Users/kimsumin/projects/RGMC/data/map/robot4/overlays/0758_overlay.png,/Users/kimsumin/projects/RGMC/data/map/robot4/masks/0758_mask.png
759,0.93,0.71875,,261.27135231316726,459.7685433422699,1,0.0,0.054084860349183424,0.08229382985958383,1775840751.8663883,5,/Users/kimsumin/projects/RGMC/data/map/robot4/images/0759.png,/Users/kimsumin/projects/RGMC/data/map/robot4/overlays/0759_overlay.png,/Users/kimsumin/projects/RGMC/data/map/robot4/masks/0759_mask.png
760,0.9009375000000001,0.71875,,260.726430976431,448.1037099494098,1,0.0,0.18779175927553848,0.08053241139134663,1775840761.0780418,5,/Users/kimsumin/projects/RGMC/data/map/robot4/images/0760.png,/Users/kimsumin/projects/RGMC/data/map/robot4/overlays/0760_overlay.png,/Users/kimsumin/projects/RGMC/data/map/robot4/masks/0760_mask.png
761,0.8718750000000001,0.71875,,260.51381692573403,434.01474414570686,1,0.0,0.10173551194977502,0.13020544836151046,1775840770.3335307,5,/Users/kimsumin/projects/RGMC/data/map/robot4/images/0761.png,/Users/kimsumin/projects/RGMC/data/map/robot4/overlays/0761_overlay.png,/Users/kimsumin/projects/RGMC/data/map/robot4/masks/0761_mask.png
762,0.8428125000000001,0.71875,,261.0888888888889,421.42955920484013,1,0.0,0.0818406225888495,0.11802416249396674,1775840779.437578,5,/Users/kimsumin/projects/RGMC/data/map/robot4/images/0762.png,/Users/kimsumin/projects/RGMC/data/map/robot4/overlays/0762_overlay.png,/Users/kimsumin/projects/RGMC/data/map/robot4/masks/0762_mask.png
763,0.8137500000000001,0.71875,,260.39522546419096,409.11862917398946,1,0.0,0.023746932785752274,0.10422106958750507,1775840790.5756104,5,/Users/kimsumin/projects/RGMC/data/map/robot4/images/0763.png,/Users/kimsumin/projects/RGMC/data/map/robot4/overlays/0763_overlay.png,/Users/kimsumin/projects/RGMC/data/map/robot4/masks/0763_mask.png
764,0.7846875000000001,0.71875,,260.6681534344335,396.51339285714283,1,0.0,0.06530355771818477,0.058220934150713076,1775840800.657355,5,/Users/kimsumin/projects/RGMC/data/map/robot4/images/0764.png,/Users/kimsumin/projects/RGMC/data/map/robot4/overlays/0764_overlay.png,/Users/kimsumin/projects/RGMC/data/map/robot4/masks/0764_mask.png
765,0.755625,0.71875,,260.1485148514852,383.66207529843894,1,0.0,0.07521685086556962,0.07505363118453554,1775840811.5448577,5,/Users/kimsumin/projects/RGMC/data/map/robot4/images/0765.png,/Users/kimsumin/projects/RGMC/data/map/robot4/overlays/0765_overlay.png,/Users/kimsumin/projects/RGMC/data/map/robot4/masks/0765_mask.png
766,0.7265625,0.71875,,260.3398230088496,370.0858407079646,1,0.0,0.05818641047128722,0.4671868374768518,1775840820.52691,5,/Users/kimsumin/projects/RGMC/data/map/robot4/images/0766.png,/Users/kimsumin/projects/RGMC/data/map/robot4/overlays/0766_overlay.png,/Users/kimsumin/projects/RGMC/data/map/robot4/masks/0766_mask.png
767,0.6975,0.71875,,260.8748913987837,357.17891097666376,1,0.0,0.07046903217561373,0.11004032921104227,1775840829.62864,5,/Users/kimsumin/projects/RGMC/data/map/robot4/images/0767.png,/Users/kimsumin/projects/RGMC/data/map/robot4/overlays/0767_overlay.png,/Users/kimsumin/projects/RGMC/data/map/robot4/masks/0767_mask.png
768,0.6684375,0.71875,,260.3042328042328,345.28007023705004,1,0.0,0.10729085250164838,0.049391024642830135,1775840838.6462462,5,/Users/kimsumin/projects/RGMC/data/map/robot4/images/0768.png,/Users/kimsumin/projects/RGMC/data/map/robot4/overlays/0768_overlay.png,/Users/kimsumin/projects/RGMC/data/map/robot4/masks/0768_mask.png
769,0.639375,0.71875,,260.71649484536084,332.7,1,0.0,0.06719623891767622,0.054943981675049616,1775840847.9623125,5,/Users/kimsumin/projects/RGMC/data/map/robot4/images/0769.png,/Users/kimsumin/projects/RGMC/data/map/robot4/overlays/0769_overlay.png,/Users/kimsumin/projects/RGMC/data/map/robot4/masks/0769_mask.png
770,0.6103125,0.71875,,260.0391111111111,320.4497777777778,1,0.0,0.04048339868329782,0.03824834664532367,1775840858.8361707,5,/Users/kimsumin/projects/RGMC/data/map/robot4/images/0770.png,/Users/kimsumin/projects/RGMC/data/map/robot4/overlays/0770_overlay.png,/Users/kimsumin/projects/RGMC/data/map/robot4/masks/0770_mask.png
771,0.58125,0.71875,,260.51724137931035,306.51455479452056,1,0.0,0.22796725886652164,0.28764244940777495,1775840868.8989236,5,/Users/kimsumin/projects/RGMC/data/map/robot4/images/0771.png,/Users/kimsumin/projects/RGMC/data/map/robot4/overlays/0771_overlay.png,/Users/kimsumin/projects/RGMC/data/map/robot4/masks/0771_mask.png
772,0.5521875,0.71875,,260.8392701998262,294.9060218978102,1,0.0,0.3737563158126747,0.46828108696901877,1775840877.802716,5,/Users/kimsumin/projects/RGMC/data/map/robot4/images/0772.png,/Users/kimsumin/projects/RGMC/data/map/robot4/overlays/0772_overlay.png,/Users/kimsumin/projects/RGMC/data/map/robot4/masks/0772_mask.png
773,0.5231250000000001,0.71875,,260.5888787602552,280.9051959890611,1,0.0,0.0491477089372766,0.04903660221448891,1775840886.826019,5,/Users/kimsumin/projects/RGMC/data/map/robot4/images/0773.png,/Users/kimsumin/projects/RGMC/data/map/robot4/overlays/0773_overlay.png,/Users/kimsumin/projects/RGMC/data/map/robot4/masks/0773_mask.png
774,0.4940625,0.71875,,261.738416988417,268.0162835249042,1,0.0,0.43005051598465904,0.141170314673695,1775840895.8255177,5,/Users/kimsumin/projects/RGMC/data/map/robot4/images/0774.png,/Users/kimsumin/projects/RGMC/data/map/robot4/overlays/0774_overlay.png,/Users/kimsumin/projects/RGMC/data/map/robot4/masks/0774_mask.png
775,0.465,0.71875,,260.33977900552486,255.53425925925927,1,0.0,0.06317381493221691,0.031139582769908622,1775840904.7233126,5,/Users/kimsumin/projects/RGMC/data/map/robot4/images/0775.png,/Users/kimsumin/projects/RGMC/data/map/robot4/overlays/0775_overlay.png,/Users/kimsumin/projects/RGMC/data/map/robot4/masks/0775_mask.png
776,0.43593750000000003,0.71875,,260.6282165039929,241.8932384341637,1,0.0,0.060242480386876095,0.11437200577866614,1775840914.3815143,5,/Users/kimsumin/projects/RGMC/data/map/robot4/images/0776.png,/Users/kimsumin/projects/RGMC/data/map/robot4/overlays/0776_overlay.png,/Users/kimsumin/projects/RGMC/data/map/robot4/masks/0776_mask.png
777,0.40687500000000004,0.71875,,260.52777777777777,229.55604982206407,1,0.0,0.28045411259735337,0.038604371513086794,1775840923.8362718,5,/Users/kimsumin/projects/RGMC/data/map/robot4/images/0777.png,/Users/kimsumin/projects/RGMC/data/map/robot4/overlays/0777_overlay.png,/Users/kimsumin/projects/RGMC/data/map/robot4/masks/0777_mask.png
778,0.3778125,0.71875,,260.2895888013998,216.54529307282417,1,0.0,0.045594057503779546,0.049779793879747625,1775840932.8587413,5,/Users/kimsumin/projects/RGMC/data/map/robot4/images/0778.png,/Users/kimsumin/projects/RGMC/data/map/robot4/overlays/0778_overlay.png,/Users/kimsumin/projects/RGMC/data/map/robot4/masks/0778_mask.png
779,0.34875,0.71875,,260.4158504007124,204.49243098842388,1,0.0,0.2390511271879207,0.09112731179249649,1775840942.4959233,5,/Users/kimsumin/projects/RGMC/data/map/robot4/images/0779.png,/Users/kimsumin/projects/RGMC/data/map/robot4/overlays/0779_overlay.png,/Users/kimsumin/projects/RGMC/data/map/robot4/masks/0779_mask.png
780,0.3196875,0.71875,,260.43834383438343,191.72924187725633,1,0.0,0.026211002175039053,0.13218583857702043,1775840953.3983543,5,/Users/kimsumin/projects/RGMC/data/map/robot4/images/0780.png,/Users/kimsumin/projects/RGMC/data/map/robot4/overlays/0780_overlay.png,/Users/kimsumin/projects/RGMC/data/map/robot4/masks/0780_mask.png
781,0.290625,0.71875,,260.5046808510638,178.73787234042553,1,0.0,0.19597606012956365,0.02641083572563246,1775840962.7068849,5,/Users/kimsumin/projects/RGMC/data/map/robot4/images/0781.png,/Users/kimsumin/projects/RGMC/data/map/robot4/overlays/0781_overlay.png,/Users/kimsumin/projects/RGMC/data/map/robot4/masks/0781_mask.png
782,0.26156250000000003,0.71875,,261.3464106844741,166.2451558550969,1,0.0,0.08749114912391266,0.07775714824313423,1775840971.7482545,5,/Users/kimsumin/projects/RGMC/data/map/robot4/images/0782.png,/Users/kimsumin/projects/RGMC/data/map/robot4/overlays/0782_overlay.png,/Users/kimsumin/projects/RGMC/data/map/robot4/masks/0782_mask.png
783,0.2325,0.71875,,260.7378640776699,154.09938434476692,1,0.0,0.19928944918899888,0.023973278848097024,1775840981.1893778,5,/Users/kimsumin/projects/RGMC/data/map/robot4/images/0783.png,/Users/kimsumin/projects/RGMC/data/map/robot4/overlays/0783_overlay.png,/Users/kimsumin/projects/RGMC/data/map/robot4/masks/0783_mask.png
784,0.20343750000000002,0.71875,,261.2468513853904,141.51378446115288,1,0.0,0.01810724243169791,0.07200229002767876,1775840992.4267945,5,/Users/kimsumin/projects/RGMC/data/map/robot4/images/0784.png,/Users/kimsumin/projects/RGMC/data/map/robot4/overlays/0784_overlay.png,/Users/kimsumin/projects/RGMC/data/map/robot4/masks/0784_mask.png
785,0.174375,0.71875,,261.5562180579216,129.15574468085106,1,0.0,0.01779088878258329,0.03872333734077308,1775841001.4722085,5,/Users/kimsumin/projects/RGMC/data/map/robot4/images/0785.png,/Users/kimsumin/projects/RGMC/data/map/robot4/overlays/0785_overlay.png,/Users/kimsumin/projects/RGMC/data/map/robot4/masks/0785_mask.png
786,0.1453125,0.71875,,261.45565217391305,116.65541125541125,1,0.0,0.06929842670822244,0.04130895912151007,1775841010.8803108,5,/Users/kimsumin/projects/RGMC/data/map/robot4/images/0786.png,/Users/kimsumin/projects/RGMC/data/map/robot4/overlays/0786_overlay.png,/Users/kimsumin/projects/RGMC/data/map/robot4/masks/0786_mask.png
787,0.11625,0.71875,,261.5245901639344,103.90163934426229,1,0.0,0.051724506979533263,0.10552982912889355,1775841019.9705238,5,/Users/kimsumin/projects/RGMC/data/map/robot4/images/0787.png,/Users/kimsumin/projects/RGMC/data/map/robot4/overlays/0787_overlay.png,/Users/kimsumin/projects/RGMC/data/map/robot4/masks/0787_mask.png
788,0.0871875,0.71875,,261.79762912785776,91.76460626587638,1,0.0,0.4014424226626229,0.09094567875572683,1775841030.1712587,5,/Users/kimsumin/projects/RGMC/data/map/robot4/images/0788.png,/Users/kimsumin/projects/RGMC/data/map/robot4/overlays/0788_overlay.png,/Users/kimsumin/projects/RGMC/data/map/robot4/masks/0788_mask.png
789,0.058125,0.71875,,261.7402280130293,78.51872964169381,1,0.0,0.058880707658951224,0.06856491744876342,1775841039.1529183,5,/Users/kimsumin/projects/RGMC/data/map/robot4/images/0789.png,/Users/kimsumin/projects/RGMC/data/map/robot4/overlays/0789_overlay.png,/Users/kimsumin/projects/RGMC/data/map/robot4/masks/0789_mask.png
790,0.0290625,0.71875,,262.7150259067358,66.13390557939914,1,0.0,0.34868217379156347,0.16495193495971663,1775841048.1543362,5,/Users/kimsumin/projects/RGMC/data/map/robot4/images/0790.png,/Users/kimsumin/projects/RGMC/data/map/robot4/overlays/0790_overlay.png,/Users/kimsumin/projects/RGMC/data/map/robot4/masks/0790_mask.png
791,0.0,0.71875,,261.84214945424014,53.41813602015113,1,0.0,0.2888673856639322,0.08520353110515065,1775841059.4186726,5,/Users/kimsumin/projects/RGMC/data/map/robot4/images/0791.png,/Users/kimsumin/projects/RGMC/data/map/robot4/overlays/0791_overlay.png,/Users/kimsumin/projects/RGMC/data/map/robot4/masks/0791_mask.png
792,0.0,0.75,,247.78067885117494,52.70950704225352,1,0.0,0.04688245014291354,0.06716488824138533,1775841068.3505657,5,/Users/kimsumin/projects/RGMC/data/map/robot4/images/0792.png,/Users/kimsumin/projects/RGMC/data/map/robot4/overlays/0792_overlay.png,/Users/kimsumin/projects/RGMC/data/map/robot4/masks/0792_mask.png
793,0.0290625,0.75,,247.7139037433155,64.99558693733451,1,0.0,0.058281122487453194,0.09014942300041508,1775841077.2658806,5,/Users/kimsumin/projects/RGMC/data/map/robot4/images/0793.png,/Users/kimsumin/projects/RGMC/data/map/robot4/overlays/0793_overlay.png,/Users/kimsumin/projects/RGMC/data/map/robot4/masks/0793_mask.png
794,0.058125,0.75,,247.82857142857142,77.9526678141136,1,0.0,0.058186012738340384,0.10926197115124386,1775841086.2094877,5,/Users/kimsumin/projects/RGMC/data/map/robot4/images/0794.png,/Users/kimsumin/projects/RGMC/data/map/robot4/overlays/0794_overlay.png,/Users/kimsumin/projects/RGMC/data/map/robot4/masks/0794_mask.png
795,0.0871875,0.75,,247.72126696832578,91.26334841628959,1,0.0,0.06403903608464424,0.03126689708826404,1775841097.2218146,5,/Users/kimsumin/projects/RGMC/data/map/robot4/images/0795.png,/Users/kimsumin/projects/RGMC/data/map/robot4/overlays/0795_overlay.png,/Users/kimsumin/projects/RGMC/data/map/robot4/masks/0795_mask.png
796,0.11625,0.75,,247.797703180212,103.00955690703736,1,0.0,0.02528995963033877,0.32385186970231317,1775841106.229744,5,/Users/kimsumin/projects/RGMC/data/map/robot4/images/0796.png,/Users/kimsumin/projects/RGMC/data/map/robot4/overlays/0796_overlay.png,/Users/kimsumin/projects/RGMC/data/map/robot4/masks/0796_mask.png
797,0.1453125,0.75,,247.64879356568363,116.17589285714286,1,0.0,0.045299747559959795,0.16156889797631604,1775841115.1837115,5,/Users/kimsumin/projects/RGMC/data/map/robot4/images/0797.png,/Users/kimsumin/projects/RGMC/data/map/robot4/overlays/0797_overlay.png,/Users/kimsumin/projects/RGMC/data/map/robot4/masks/0797_mask.png
798,0.174375,0.75,,247.58911325724318,128.28847845206684,1,0.0,0.037408703437125004,0.1504789594466796,1775841124.1110861,5,/Users/kimsumin/projects/RGMC/data/map/robot4/images/0798.png,/Users/kimsumin/projects/RGMC/data/map/robot4/overlays/0798_overlay.png,/Users/kimsumin/projects/RGMC/data/map/robot4/masks/0798_mask.png
799,0.20343750000000002,0.75,,247.5578406169666,141.0408163265306,1,0.0,0.06824300323198666,0.06584009444257669,1775841133.355268,5,/Users/kimsumin/projects/RGMC/data/map/robot4/images/0799.png,/Users/kimsumin/projects/RGMC/data/map/robot4/overlays/0799_overlay.png,/Users/kimsumin/projects/RGMC/data/map/robot4/masks/0799_mask.png
800,0.2325,0.75,,247.52700348432055,153.45771578029644,1,0.0,0.06830424077374486,0.041333202444885836,1775841142.4196346,5,/Users/kimsumin/projects/RGMC/data/map/robot4/images/0800.png,/Users/kimsumin/projects/RGMC/data/map/robot4/overlays/0800_overlay.png,/Users/kimsumin/projects/RGMC/data/map/robot4/masks/0800_mask.png
801,0.26156250000000003,0.75,,247.69444444444446,165.96464646464648,1,0.0,0.018511063303907147,0.03509646528482814,1775841153.4717896,5,/Users/kimsumin/projects/RGMC/data/map/robot4/images/0801.png,/Users/kimsumin/projects/RGMC/data/map/robot4/overlays/0801_overlay.png,/Users/kimsumin/projects/RGMC/data/map/robot4/masks/0801_mask.png
802,0.290625,0.75,,247.61418685121106,178.3987941429802,1,0.0,0.04883626987014881,0.031602797423728284,1775841162.4759922,5,/Users/kimsumin/projects/RGMC/data/map/robot4/images/0802.png,/Users/kimsumin/projects/RGMC/data/map/robot4/overlays/0802_overlay.png,/Users/kimsumin/projects/RGMC/data/map/robot4/masks/0802_mask.png
803,0.3196875,0.75,,247.7158273381295,191.56165616561657,1,0.0,0.06568554852802881,0.05034942544305395,1775841171.3407927,5,/Users/kimsumin/projects/RGMC/data/map/robot4/images/0803.png,/Users/kimsumin/projects/RGMC/data/map/robot4/overlays/0803_overlay.png,/Users/kimsumin/projects/RGMC/data/map/robot4/masks/0803_mask.png
804,0.34875,0.75,,247.6397188049209,204.15465729349737,1,0.0,0.07517805697273472,0.09726906471634134,1775841180.2363625,5,/Users/kimsumin/projects/RGMC/data/map/robot4/images/0804.png,/Users/kimsumin/projects/RGMC/data/map/robot4/overlays/0804_overlay.png,/Users/kimsumin/projects/RGMC/data/map/robot4/masks/0804_mask.png
805,0.3778125,0.75,,247.51795332136444,216.28198198198197,1,0.0,0.05475387193758769,0.12559795139354754,1775841191.007371,5,/Users/kimsumin/projects/RGMC/data/map/robot4/images/0805.png,/Users/kimsumin/projects/RGMC/data/map/robot4/overlays/0805_overlay.png,/Users/kimsumin/projects/RGMC/data/map/robot4/masks/0805_mask.png
806,0.40687500000000004,0.75,,247.6505706760316,229.3107394366197,1,0.0,0.03716927415561829,0.02449017457986035,1775841200.2191515,5,/Users/kimsumin/projects/RGMC/data/map/robot4/images/0806.png,/Users/kimsumin/projects/RGMC/data/map/robot4/overlays/0806_overlay.png,/Users/kimsumin/projects/RGMC/data/map/robot4/masks/0806_mask.png
807,0.43593750000000003,0.75,,247.61624649859945,242.51399253731344,1,0.0,0.06116519656528897,0.016894140331332217,1775841210.1894357,5,/Users/kimsumin/projects/RGMC/data/map/robot4/images/0807.png,/Users/kimsumin/projects/RGMC/data/map/robot4/overlays/0807_overlay.png,/Users/kimsumin/projects/RGMC/data/map/robot4/masks/0807_mask.png
808,0.465,0.75,,247.54301572617948,255.13119266055045,1,0.0,0.019405379254139182,0.06397953634536968,1775841219.0604537,5,/Users/kimsumin/projects/RGMC/data/map/robot4/images/0808.png,/Users/kimsumin/projects/RGMC/data/map/robot4/overlays/0808_overlay.png,/Users/kimsumin/projects/RGMC/data/map/robot4/masks/0808_mask.png
809,0.4940625,0.75,,247.4190909090909,267.4227272727273,1,0.0,0.07009953143755576,0.04822379517216732,1775841228.0981028,5,/Users/kimsumin/projects/RGMC/data/map/robot4/images/0809.png,/Users/kimsumin/projects/RGMC/data/map/robot4/overlays/0809_overlay.png,/Users/kimsumin/projects/RGMC/data/map/robot4/masks/0809_mask.png
810,0.5231250000000001,0.75,,247.70342910101945,279.8190298507463,1,0.0,0.028910632485146186,0.039350403933918414,1775841237.370055,5,/Users/kimsumin/projects/RGMC/data/map/robot4/images/0810.png,/Users/kimsumin/projects/RGMC/data/map/robot4/overlays/0810_overlay.png,/Users/kimsumin/projects/RGMC/data/map/robot4/masks/0810_mask.png
811,0.5521875,0.75,,247.41878841088675,293.1506129597198,1,0.0,0.07854777587048668,0.052785785041746094,1775841246.6323106,5,/Users/kimsumin/projects/RGMC/data/map/robot4/images/0811.png,/Users/kimsumin/projects/RGMC/data/map/robot4/overlays/0811_overlay.png,/Users/kimsumin/projects/RGMC/data/map/robot4/masks/0811_mask.png
812,0.58125,0.75,,247.4738675958188,305.91273996509597,1,0.0,0.05975248930871504,0.07595231735668657,1775841255.5919454,5,/Users/kimsumin/projects/RGMC/data/map/robot4/images/0812.png,/Users/kimsumin/projects/RGMC/data/map/robot4/overlays/0812_overlay.png,/Users/kimsumin/projects/RGMC/data/map/robot4/masks/0812_mask.png
813,0.6103125,0.75,,247.27338129496403,319.14298642533936,1,0.0,0.03549036449991297,0.3462872536865891,1775841264.8947303,5,/Users/kimsumin/projects/RGMC/data/map/robot4/images/0813.png,/Users/kimsumin/projects/RGMC/data/map/robot4/overlays/0813_overlay.png,/Users/kimsumin/projects/RGMC/data/map/robot4/masks/0813_mask.png
814,0.639375,0.75,,247.54553734061932,331.55454545454546,1,0.0,0.024008618047257114,0.043568123358297586,1775841274.0442076,5,/Users/kimsumin/projects/RGMC/data/map/robot4/images/0814.png,/Users/kimsumin/projects/RGMC/data/map/robot4/overlays/0814_overlay.png,/Users/kimsumin/projects/RGMC/data/map/robot4/masks/0814_mask.png
815,0.6684375,0.75,,247.5581188997338,344.40937223695846,1,0.0,0.04973750283255794,0.04854094815434998,1775841282.8874192,5,/Users/kimsumin/projects/RGMC/data/map/robot4/images/0815.png,/Users/kimsumin/projects/RGMC/data/map/robot4/overlays/0815_overlay.png,/Users/kimsumin/projects/RGMC/data/map/robot4/masks/0815_mask.png
816,0.6975,0.75,,247.61001788908766,356.6666666666667,1,0.0,0.0359022437567274,0.03661061539838828,1775841292.3301427,5,/Users/kimsumin/projects/RGMC/data/map/robot4/images/0816.png,/Users/kimsumin/projects/RGMC/data/map/robot4/overlays/0816_overlay.png,/Users/kimsumin/projects/RGMC/data/map/robot4/masks/0816_mask.png
817,0.7265625,0.75,,247.381174277726,370.60093896713613,1,0.0,0.04390042925798703,0.06640347824691711,1775841302.3312669,5,/Users/kimsumin/projects/RGMC/data/map/robot4/images/0817.png,/Users/kimsumin/projects/RGMC/data/map/robot4/overlays/0817_overlay.png,/Users/kimsumin/projects/RGMC/data/map/robot4/masks/0817_mask.png
818,0.755625,0.75,,247.30366972477063,382.69844179651693,1,0.0,0.023650964327795312,0.36150770998908255,1775841312.0531707,5,/Users/kimsumin/projects/RGMC/data/map/robot4/images/0818.png,/Users/kimsumin/projects/RGMC/data/map/robot4/overlays/0818_overlay.png,/Users/kimsumin/projects/RGMC/data/map/robot4/masks/0818_mask.png
819,0.7846875000000001,0.75,,247.33689839572193,395.7408071748879,1,0.0,0.06101847986284279,0.1128967113756496,1775841321.260344,5,/Users/kimsumin/projects/RGMC/data/map/robot4/images/0819.png,/Users/kimsumin/projects/RGMC/data/map/robot4/overlays/0819_overlay.png,/Users/kimsumin/projects/RGMC/data/map/robot4/masks/0819_mask.png
820,0.8137500000000001,0.75,,247.25897435897437,408.91482112436114,1,0.0,0.04467574413015129,0.08304736760295754,1775841330.0744512,5,/Users/kimsumin/projects/RGMC/data/map/robot4/images/0820.png,/Users/kimsumin/projects/RGMC/data/map/robot4/overlays/0820_overlay.png,/Users/kimsumin/projects/RGMC/data/map/robot4/masks/0820_mask.png
821,0.8428125000000001,0.75,,247.3567046450482,421.3172655565294,1,0.0,0.08836729281867993,0.08079010642511977,1775841339.1313488,5,/Users/kimsumin/projects/RGMC/data/map/robot4/images/0821.png,/Users/kimsumin/projects/RGMC/data/map/robot4/overlays/0821_overlay.png,/Users/kimsumin/projects/RGMC/data/map/robot4/masks/0821_mask.png
822,0.8718750000000001,0.75,,247.44304932735426,434.02749140893474,1,0.0,0.07231905339957392,0.4918982967323292,1775841348.1141512,5,/Users/kimsumin/projects/RGMC/data/map/robot4/images/0822.png,/Users/kimsumin/projects/RGMC/data/map/robot4/overlays/0822_overlay.png,/Users/kimsumin/projects/RGMC/data/map/robot4/masks/0822_mask.png
823,0.9009375000000001,0.75,,247.32675814751286,448.07192374350086,1,0.0,0.04128968611922264,0.37189817399850983,1775841357.2694914,5,/Users/kimsumin/projects/RGMC/data/map/robot4/images/0823.png,/Users/kimsumin/projects/RGMC/data/map/robot4/overlays/0823_overlay.png,/Users/kimsumin/projects/RGMC/data/map/robot4/masks/0823_mask.png
824,0.93,0.75,,247.3002780352178,459.81464318813715,1,0.0,0.08017401128861479,0.07536472901635394,1775841366.2168093,5,/Users/kimsumin/projects/RGMC/data/map/robot4/images/0824.png,/Users/kimsumin/projects/RGMC/data/map/robot4/overlays/0824_overlay.png,/Users/kimsumin/projects/RGMC/data/map/robot4/masks/0824_mask.png
825,0.93,0.78125,,233.46189164370983,459.4618916437098,1,0.0,0.05580896389288461,0.07769450041358339,1775841375.2547395,5,/Users/kimsumin/projects/RGMC/data/map/robot4/images/0825.png,/Users/kimsumin/projects/RGMC/data/map/robot4/overlays/0825_overlay.png,/Users/kimsumin/projects/RGMC/data/map/robot4/masks/0825_mask.png
826,0.9009375000000001,0.78125,,232.87650085763292,447.82246998284734,1,0.0,0.084715464169605,0.4567397242194375,1775841384.3627121,5,/Users/kimsumin/projects/RGMC/data/map/robot4/images/0826.png,/Users/kimsumin/projects/RGMC/data/map/robot4/overlays/0826_overlay.png,/Users/kimsumin/projects/RGMC/data/map/robot4/masks/0826_mask.png
827,0.8718750000000001,0.78125,,232.9187772925764,434.94096276112623,1,0.0,0.06652653641966988,0.5024865819151069,1775841393.5805902,5,/Users/kimsumin/projects/RGMC/data/map/robot4/images/0827.png,/Users/kimsumin/projects/RGMC/data/map/robot4/overlays/0827_overlay.png,/Users/kimsumin/projects/RGMC/data/map/robot4/masks/0827_mask.png
828,0.8428125000000001,0.78125,,233.10163652024116,421.39462272333043,1,0.0,0.102131468580418,0.07107352922033924,1775841405.1361248,5,/Users/kimsumin/projects/RGMC/data/map/robot4/images/0828.png,/Users/kimsumin/projects/RGMC/data/map/robot4/overlays/0828_overlay.png,/Users/kimsumin/projects/RGMC/data/map/robot4/masks/0828_mask.png
829,0.8137500000000001,0.78125,,232.63342318059298,408.9424977538185,1,0.0,0.23584077453462776,0.039477482396951105,1775841414.0848668,5,/Users/kimsumin/projects/RGMC/data/map/robot4/images/0829.png,/Users/kimsumin/projects/RGMC/data/map/robot4/overlays/0829_overlay.png,/Users/kimsumin/projects/RGMC/data/map/robot4/masks/0829_mask.png
830,0.7846875000000001,0.78125,,233.21255605381165,396.04680468046803,1,0.0,0.07642384398085159,0.032526516755836024,1775841423.143136,5,/Users/kimsumin/projects/RGMC/data/map/robot4/images/0830.png,/Users/kimsumin/projects/RGMC/data/map/robot4/overlays/0830_overlay.png,/Users/kimsumin/projects/RGMC/data/map/robot4/masks/0830_mask.png
831,0.755625,0.78125,,233.29864253393666,383.12454545454545,1,0.0,0.05432744645805091,0.087945846058433,1775841433.2843938,5,/Users/kimsumin/projects/RGMC/data/map/robot4/images/0831.png,/Users/kimsumin/projects/RGMC/data/map/robot4/overlays/0831_overlay.png,/Users/kimsumin/projects/RGMC/data/map/robot4/masks/0831_mask.png
832,0.7265625,0.78125,,233.22407407407408,370.7824074074074,1,0.0,0.10025870650537458,0.025367552013450465,1775841442.5161934,5,/Users/kimsumin/projects/RGMC/data/map/robot4/images/0832.png,/Users/kimsumin/projects/RGMC/data/map/robot4/overlays/0832_overlay.png,/Users/kimsumin/projects/RGMC/data/map/robot4/masks/0832_mask.png
833,0.6975,0.78125,,233.4583698510079,357.01221640488654,1,0.0,0.058930712736212885,0.040565052848452396,1775841451.5650883,5,/Users/kimsumin/projects/RGMC/data/map/robot4/images/0833.png,/Users/kimsumin/projects/RGMC/data/map/robot4/overlays/0833_overlay.png,/Users/kimsumin/projects/RGMC/data/map/robot4/masks/0833_mask.png
834,0.6684375,0.78125,,233.38888888888889,344.42239858906527,1,0.0,0.051359929559796826,0.03696540326738907,1775841461.048912,5,/Users/kimsumin/projects/RGMC/data/map/robot4/images/0834.png,/Users/kimsumin/projects/RGMC/data/map/robot4/overlays/0834_overlay.png,/Users/kimsumin/projects/RGMC/data/map/robot4/masks/0834_mask.png
835,0.639375,0.78125,,233.37958818263206,331.67934782608694,1,0.0,0.06874073879361327,0.04944105058594932,1775841470.111117,5,/Users/kimsumin/projects/RGMC/data/map/robot4/images/0835.png,/Users/kimsumin/projects/RGMC/data/map/robot4/overlays/0835_overlay.png,/Users/kimsumin/projects/RGMC/data/map/robot4/masks/0835_mask.png
836,0.6103125,0.78125,,233.37533274179236,319.43300798580304,1,0.0,0.02805112609803521,0.11277162542063057,1775841479.228789,5,/Users/kimsumin/projects/RGMC/data/map/robot4/images/0836.png,/Users/kimsumin/projects/RGMC/data/map/robot4/overlays/0836_overlay.png,/Users/kimsumin/projects/RGMC/data/map/robot4/masks/0836_mask.png
837,0.58125,0.78125,,233.3012367491166,306.755376344086,1,0.0,0.08451579420534532,0.3373010940782761,1775841488.2488358,5,/Users/kimsumin/projects/RGMC/data/map/robot4/images/0837.png,/Users/kimsumin/projects/RGMC/data/map/robot4/overlays/0837_overlay.png,/Users/kimsumin/projects/RGMC/data/map/robot4/masks/0837_mask.png
838,0.5521875,0.78125,,233.47327586206896,293.41759180187876,1,0.0,0.0859541517105727,0.043471844473270446,1775841497.683504,5,/Users/kimsumin/projects/RGMC/data/map/robot4/images/0838.png,/Users/kimsumin/projects/RGMC/data/map/robot4/overlays/0838_overlay.png,/Users/kimsumin/projects/RGMC/data/map/robot4/masks/0838_mask.png
839,0.5231250000000001,0.78125,,233.67548500881836,280.6571682991986,1,0.0,0.07057944007320369,0.1532811290263167,1775841506.8246264,5,/Users/kimsumin/projects/RGMC/data/map/robot4/images/0839.png,/Users/kimsumin/projects/RGMC/data/map/robot4/overlays/0839_overlay.png,/Users/kimsumin/projects/RGMC/data/map/robot4/masks/0839_mask.png
840,0.4940625,0.78125,,233.4288256227758,267.7846975088968,1,0.0,0.053219984438259,0.05237662834146607,1775841516.1914587,5,/Users/kimsumin/projects/RGMC/data/map/robot4/images/0840.png,/Users/kimsumin/projects/RGMC/data/map/robot4/overlays/0840_overlay.png,/Users/kimsumin/projects/RGMC/data/map/robot4/masks/0840_mask.png
841,0.465,0.78125,,233.58281665190435,255.50487156775907,1,0.0,0.05742778372729782,0.03076049884224151,1775841527.183281,5,/Users/kimsumin/projects/RGMC/data/map/robot4/images/0841.png,/Users/kimsumin/projects/RGMC/data/map/robot4/overlays/0841_overlay.png,/Users/kimsumin/projects/RGMC/data/map/robot4/masks/0841_mask.png
842,0.43593750000000003,0.78125,,234.04681978798587,242.02953953084275,1,0.0,0.28503565199001774,0.3036911683286724,1775841536.2961793,5,/Users/kimsumin/projects/RGMC/data/map/robot4/images/0842.png,/Users/kimsumin/projects/RGMC/data/map/robot4/overlays/0842_overlay.png,/Users/kimsumin/projects/RGMC/data/map/robot4/masks/0842_mask.png
843,0.40687500000000004,0.78125,,233.8726812816189,229.86348408710217,1,0.0,0.040249277329405746,0.0809001764257464,1775841545.4168394,5,/Users/kimsumin/projects/RGMC/data/map/robot4/images/0843.png,/Users/kimsumin/projects/RGMC/data/map/robot4/overlays/0843_overlay.png,/Users/kimsumin/projects/RGMC/data/map/robot4/masks/0843_mask.png
844,0.3778125,0.78125,,233.73292999135697,216.91955017301038,1,0.0,0.0979405256794581,0.06604784903874152,1775841554.6885443,5,/Users/kimsumin/projects/RGMC/data/map/robot4/images/0844.png,/Users/kimsumin/projects/RGMC/data/map/robot4/overlays/0844_overlay.png,/Users/kimsumin/projects/RGMC/data/map/robot4/masks/0844_mask.png
845,0.34875,0.78125,,233.9602032176122,204.45454545454547,1,0.0,0.056066672628423186,0.03302653332509214,1775841565.678445,5,/Users/kimsumin/projects/RGMC/data/map/robot4/images/0845.png,/Users/kimsumin/projects/RGMC/data/map/robot4/overlays/0845_overlay.png,/Users/kimsumin/projects/RGMC/data/map/robot4/masks/0845_mask.png
846,0.3196875,0.78125,,233.75,191.95,1,0.0,0.0054389054255703,0.06515356511070002,1775841576.4682362,5,/Users/kimsumin/projects/RGMC/data/map/robot4/images/0846.png,/Users/kimsumin/projects/RGMC/data/map/robot4/overlays/0846_overlay.png,/Users/kimsumin/projects/RGMC/data/map/robot4/masks/0846_mask.png
847,0.290625,0.78125,,233.8321976149915,178.61920808761585,1,0.0,0.04526045148380625,0.05757022330288124,1775841585.4550104,5,/Users/kimsumin/projects/RGMC/data/map/robot4/images/0847.png,/Users/kimsumin/projects/RGMC/data/map/robot4/overlays/0847_overlay.png,/Users/kimsumin/projects/RGMC/data/map/robot4/masks/0847_mask.png
848,0.26156250000000003,0.78125,,233.88852725793328,166.16951915240423,1,0.0,0.03619306078959773,0.03432726078842714,1775841594.3943398,5,/Users/kimsumin/projects/RGMC/data/map/robot4/images/0848.png,/Users/kimsumin/projects/RGMC/data/map/robot4/overlays/0848_overlay.png,/Users/kimsumin/projects/RGMC/data/map/robot4/masks/0848_mask.png
849,0.2325,0.78125,,233.75492716366753,154.01694915254237,1,0.0,0.07045563179092497,0.08812590161372962,1775841603.4731472,5,/Users/kimsumin/projects/RGMC/data/map/robot4/images/0849.png,/Users/kimsumin/projects/RGMC/data/map/robot4/overlays/0849_overlay.png,/Users/kimsumin/projects/RGMC/data/map/robot4/masks/0849_mask.png
850,0.20343750000000002,0.78125,,233.6811352253756,141.3734439834025,1,0.0,0.04000408146288295,0.08197310707575144,1775841613.5263107,5,/Users/kimsumin/projects/RGMC/data/map/robot4/images/0850.png,/Users/kimsumin/projects/RGMC/data/map/robot4/overlays/0850_overlay.png,/Users/kimsumin/projects/RGMC/data/map/robot4/masks/0850_mask.png
851,0.174375,0.78125,,233.6549356223176,128.81716738197426,1,0.0,0.05710738422335731,0.04280235374871578,1775841622.932102,5,/Users/kimsumin/projects/RGMC/data/map/robot4/images/0851.png,/Users/kimsumin/projects/RGMC/data/map/robot4/overlays/0851_overlay.png,/Users/kimsumin/projects/RGMC/data/map/robot4/masks/0851_mask.png
852,0.1453125,0.78125,,233.6432119205298,116.64739413680782,1,0.0,0.0390644812552339,0.11849729663780122,1775841631.7631161,5,/Users/kimsumin/projects/RGMC/data/map/robot4/images/0852.png,/Users/kimsumin/projects/RGMC/data/map/robot4/overlays/0852_overlay.png,/Users/kimsumin/projects/RGMC/data/map/robot4/masks/0852_mask.png
853,0.11625,0.78125,,233.77986348122866,103.87383573243014,1,0.0,0.10253851681551493,0.020661897405780224,1775841640.6648996,5,/Users/kimsumin/projects/RGMC/data/map/robot4/images/0853.png,/Users/kimsumin/projects/RGMC/data/map/robot4/overlays/0853_overlay.png,/Users/kimsumin/projects/RGMC/data/map/robot4/masks/0853_mask.png
854,0.0871875,0.78125,,233.9841798501249,91.65029142381348,1,0.0,0.08112800348433553,0.036218378371823665,1775841649.6069863,5,/Users/kimsumin/projects/RGMC/data/map/robot4/images/0854.png,/Users/kimsumin/projects/RGMC/data/map/robot4/overlays/0854_overlay.png,/Users/kimsumin/projects/RGMC/data/map/robot4/masks/0854_mask.png
855,0.058125,0.78125,,234.71847246891653,77.63720538720538,1,0.0,0.44155417266718794,0.1620789701318216,1775841660.6008956,5,/Users/kimsumin/projects/RGMC/data/map/robot4/images/0855.png,/Users/kimsumin/projects/RGMC/data/map/robot4/overlays/0855_overlay.png,/Users/kimsumin/projects/RGMC/data/map/robot4/masks/0855_mask.png
856,0.0290625,0.78125,,234.3138936535163,65.4788610871441,1,0.0,0.07777012169743777,0.13659592854921473,1775841669.8317146,5,/Users/kimsumin/projects/RGMC/data/map/robot4/images/0856.png,/Users/kimsumin/projects/RGMC/data/map/robot4/overlays/0856_overlay.png,/Users/kimsumin/projects/RGMC/data/map/robot4/masks/0856_mask.png
857,0.0,0.78125,,234.55882352941177,52.66873889875666,1,0.0,0.25736099731317563,0.12913743184661527,1775841678.9597204,5,/Users/kimsumin/projects/RGMC/data/map/robot4/images/0857.png,/Users/kimsumin/projects/RGMC/data/map/robot4/overlays/0857_overlay.png,/Users/kimsumin/projects/RGMC/data/map/robot4/masks/0857_mask.png
858,0.0,0.8125,,220.54162936436884,52.28379588182632,1,0.0,0.09641559887108693,0.07644424843937087,1775841688.3644674,5,/Users/kimsumin/projects/RGMC/data/map/robot4/images/0858.png,/Users/kimsumin/projects/RGMC/data/map/robot4/overlays/0858_overlay.png,/Users/kimsumin/projects/RGMC/data/map/robot4/masks/0858_mask.png
859,0.0290625,0.8125,,220.39877300613497,64.62489044697634,1,0.0,0.29987582659561196,0.13779716076741388,1775841697.3817575,5,/Users/kimsumin/projects/RGMC/data/map/robot4/images/0859.png,/Users/kimsumin/projects/RGMC/data/map/robot4/overlays/0859_overlay.png,/Users/kimsumin/projects/RGMC/data/map/robot4/masks/0859_mask.png
860,0.058125,0.8125,,220.2876712328767,77.31494057724957,1,0.0,0.05301741481848274,0.042156775174924756,1775841706.9777687,5,/Users/kimsumin/projects/RGMC/data/map/robot4/images/0860.png,/Users/kimsumin/projects/RGMC/data/map/robot4/overlays/0860_overlay.png,/Users/kimsumin/projects/RGMC/data/map/robot4/masks/0860_mask.png
861,0.0871875,0.8125,,219.6637089618456,91.06995515695067,1,0.0,0.08569822317241255,0.14307446410455266,1775841716.27336,5,/Users/kimsumin/projects/RGMC/data/map/robot4/images/0861.png,/Users/kimsumin/projects/RGMC/data/map/robot4/overlays/0861_overlay.png,/Users/kimsumin/projects/RGMC/data/map/robot4/masks/0861_mask.png
862,0.11625,0.8125,,220.3292576419214,103.35035842293907,1,0.0,0.3331971912621168,0.04842647255609678,1775841725.4754496,5,/Users/kimsumin/projects/RGMC/data/map/robot4/images/0862.png,/Users/kimsumin/projects/RGMC/data/map/robot4/overlays/0862_overlay.png,/Users/kimsumin/projects/RGMC/data/map/robot4/masks/0862_mask.png
863,0.1453125,0.8125,,219.79301075268816,116.14964157706093,1,0.0,0.25316777554771497,0.0603965560474657,1775841734.4915817,5,/Users/kimsumin/projects/RGMC/data/map/robot4/images/0863.png,/Users/kimsumin/projects/RGMC/data/map/robot4/overlays/0863_overlay.png,/Users/kimsumin/projects/RGMC/data/map/robot4/masks/0863_mask.png
864,0.174375,0.8125,,219.867700729927,127.99638336347198,1,0.0,0.030318556477370143,0.1341464646736952,1775841743.5799265,5,/Users/kimsumin/projects/RGMC/data/map/robot4/images/0864.png,/Users/kimsumin/projects/RGMC/data/map/robot4/overlays/0864_overlay.png,/Users/kimsumin/projects/RGMC/data/map/robot4/masks/0864_mask.png
865,0.20343750000000002,0.8125,,219.8589965397924,140.795670995671,1,0.0,0.057750268793901986,0.039125475474201046,1775841752.5718398,5,/Users/kimsumin/projects/RGMC/data/map/robot4/images/0865.png,/Users/kimsumin/projects/RGMC/data/map/robot4/overlays/0865_overlay.png,/Users/kimsumin/projects/RGMC/data/map/robot4/masks/0865_mask.png
866,0.2325,0.8125,,219.9304347826087,153.1792863359443,1,0.0,0.03552001913862804,0.025803544578607288,1775841762.6228788,5,/Users/kimsumin/projects/RGMC/data/map/robot4/images/0866.png,/Users/kimsumin/projects/RGMC/data/map/robot4/overlays/0866_overlay.png,/Users/kimsumin/projects/RGMC/data/map/robot4/masks/0866_mask.png
867,0.26156250000000003,0.8125,,219.89888603256213,165.45925297113752,1,0.0,0.04455683137970912,0.09859158693781545,1775841771.5998561,5,/Users/kimsumin/projects/RGMC/data/map/robot4/images/0867.png,/Users/kimsumin/projects/RGMC/data/map/robot4/overlays/0867_overlay.png,/Users/kimsumin/projects/RGMC/data/map/robot4/masks/0867_mask.png
868,0.290625,0.8125,,219.76306620209058,178.22679509632223,1,0.0,0.06860395541711774,0.07055837798834165,1775841781.0961902,5,/Users/kimsumin/projects/RGMC/data/map/robot4/images/0868.png,/Users/kimsumin/projects/RGMC/data/map/robot4/overlays/0868_overlay.png,/Users/kimsumin/projects/RGMC/data/map/robot4/masks/0868_mask.png
869,0.3196875,0.8125,,219.79819004524887,191.24613987284286,1,0.0,0.06583235627585399,0.033890265761612894,1775841790.7041483,5,/Users/kimsumin/projects/RGMC/data/map/robot4/images/0869.png,/Users/kimsumin/projects/RGMC/data/map/robot4/overlays/0869_overlay.png,/Users/kimsumin/projects/RGMC/data/map/robot4/masks/0869_mask.png
870,0.34875,0.8125,,219.718322698268,203.75273722627736,1,0.0,0.017905814861934027,0.032152078806044065,1775841799.656503,5,/Users/kimsumin/projects/RGMC/data/map/robot4/images/0870.png,/Users/kimsumin/projects/RGMC/data/map/robot4/overlays/0870_overlay.png,/Users/kimsumin/projects/RGMC/data/map/robot4/masks/0870_mask.png
871,0.3778125,0.8125,,219.94675090252707,216.04602888086643,1,0.0,0.0700004124704507,0.1201986151285853,1775841808.5707006,5,/Users/kimsumin/projects/RGMC/data/map/robot4/images/0871.png,/Users/kimsumin/projects/RGMC/data/map/robot4/overlays/0871_overlay.png,/Users/kimsumin/projects/RGMC/data/map/robot4/masks/0871_mask.png
872,0.40687500000000004,0.8125,,219.85119574844995,229.15215479331573,1,0.0,0.09401619357673592,0.09621916208381356,1775841818.1164427,5,/Users/kimsumin/projects/RGMC/data/map/robot4/images/0872.png,/Users/kimsumin/projects/RGMC/data/map/robot4/overlays/0872_overlay.png,/Users/kimsumin/projects/RGMC/data/map/robot4/masks/0872_mask.png
873,0.43593750000000003,0.8125,,219.78079710144928,241.34329710144928,1,0.0,0.08329854685516706,0.12322713581615735,1775841828.9442837,5,/Users/kimsumin/projects/RGMC/data/map/robot4/images/0873.png,/Users/kimsumin/projects/RGMC/data/map/robot4/overlays/0873_overlay.png,/Users/kimsumin/projects/RGMC/data/map/robot4/masks/0873_mask.png
874,0.465,0.8125,,219.82811101163833,254.19872958257713,1,0.0,0.058561405254357934,0.35273465703591456,1775841837.9838464,5,/Users/kimsumin/projects/RGMC/data/map/robot4/images/0874.png,/Users/kimsumin/projects/RGMC/data/map/robot4/overlays/0874_overlay.png,/Users/kimsumin/projects/RGMC/data/map/robot4/masks/0874_mask.png
875,0.4940625,0.8125,,219.64386129334582,267.07216494845363,1,0.0,0.0446353879144978,0.0667768797603914,1775841847.9328473,5,/Users/kimsumin/projects/RGMC/data/map/robot4/images/0875.png,/Users/kimsumin/projects/RGMC/data/map/robot4/overlays/0875_overlay.png,/Users/kimsumin/projects/RGMC/data/map/robot4/masks/0875_mask.png
876,0.5231250000000001,0.8125,,219.77972350230414,279.6783410138249,1,0.0,0.07751088586534129,0.04016844208874454,1775841857.2437665,5,/Users/kimsumin/projects/RGMC/data/map/robot4/images/0876.png,/Users/kimsumin/projects/RGMC/data/map/robot4/overlays/0876_overlay.png,/Users/kimsumin/projects/RGMC/data/map/robot4/masks/0876_mask.png
877,0.5521875,0.8125,,219.49003623188406,292.6038426349497,1,0.0,0.03284875112033188,0.10062046676720315,1775841867.849138,5,/Users/kimsumin/projects/RGMC/data/map/robot4/images/0877.png,/Users/kimsumin/projects/RGMC/data/map/robot4/overlays/0877_overlay.png,/Users/kimsumin/projects/RGMC/data/map/robot4/masks/0877_mask.png
878,0.58125,0.8125,,219.44014084507043,305.3955752212389,1,0.0,0.029277060750925645,0.07364163095365989,1775841877.2142692,5,/Users/kimsumin/projects/RGMC/data/map/robot4/images/0878.png,/Users/kimsumin/projects/RGMC/data/map/robot4/overlays/0878_overlay.png,/Users/kimsumin/projects/RGMC/data/map/robot4/masks/0878_mask.png
879,0.6103125,0.8125,,219.68513388734996,318.80221811460257,1,0.0,0.0463893686512173,0.4044134343721712,1775841886.261582,5,/Users/kimsumin/projects/RGMC/data/map/robot4/images/0879.png,/Users/kimsumin/projects/RGMC/data/map/robot4/overlays/0879_overlay.png,/Users/kimsumin/projects/RGMC/data/map/robot4/masks/0879_mask.png
880,0.639375,0.8125,,219.68796296296296,331.2925925925926,1,0.0,0.015077764159565486,0.02215006621991156,1775841895.5250332,5,/Users/kimsumin/projects/RGMC/data/map/robot4/images/0880.png,/Users/kimsumin/projects/RGMC/data/map/robot4/overlays/0880_overlay.png,/Users/kimsumin/projects/RGMC/data/map/robot4/masks/0880_mask.png
881,0.6684375,0.8125,,219.92653810835628,343.7810487580497,1,0.0,0.03064470429933307,0.08405101850241918,1775841904.5105348,5,/Users/kimsumin/projects/RGMC/data/map/robot4/images/0881.png,/Users/kimsumin/projects/RGMC/data/map/robot4/overlays/0881_overlay.png,/Users/kimsumin/projects/RGMC/data/map/robot4/masks/0881_mask.png
882,0.6975,0.8125,,219.76542056074766,356.59943714821765,1,0.0,0.0695761257010493,0.0831098797208432,1775841915.2666197,5,/Users/kimsumin/projects/RGMC/data/map/robot4/images/0882.png,/Users/kimsumin/projects/RGMC/data/map/robot4/overlays/0882_overlay.png,/Users/kimsumin/projects/RGMC/data/map/robot4/masks/0882_mask.png
883,0.7265625,0.8125,,219.7135135135135,369.67179023508135,1,0.0,0.044410948319310584,0.0465754625427308,1775841924.274738,5,/Users/kimsumin/projects/RGMC/data/map/robot4/images/0883.png,/Users/kimsumin/projects/RGMC/data/map/robot4/overlays/0883_overlay.png,/Users/kimsumin/projects/RGMC/data/map/robot4/masks/0883_mask.png
884,0.755625,0.8125,,219.4911131898971,383.01863932898414,1,0.0,0.06063119395240695,0.07009374687239582,1775841934.2454612,5,/Users/kimsumin/projects/RGMC/data/map/robot4/images/0884.png,/Users/kimsumin/projects/RGMC/data/map/robot4/overlays/0884_overlay.png,/Users/kimsumin/projects/RGMC/data/map/robot4/masks/0884_mask.png
885,0.7846875000000001,0.8125,,219.43348837209302,395.7316384180791,1,0.0,0.08789855910961439,0.07809807104469212,1775841943.504962,5,/Users/kimsumin/projects/RGMC/data/map/robot4/images/0885.png,/Users/kimsumin/projects/RGMC/data/map/robot4/overlays/0885_overlay.png,/Users/kimsumin/projects/RGMC/data/map/robot4/masks/0885_mask.png
886,0.8137500000000001,0.8125,,219.3067978533095,408.66726296958853,1,0.0,0.020140190354484198,0.030370922777448486,1775841952.8354473,5,/Users/kimsumin/projects/RGMC/data/map/robot4/images/0886.png,/Users/kimsumin/projects/RGMC/data/map/robot4/overlays/0886_overlay.png,/Users/kimsumin/projects/RGMC/data/map/robot4/masks/0886_mask.png
887,0.8428125000000001,0.8125,,219.46648793565683,421.46291331546024,1,0.0,0.026569108094104992,0.08218638376313314,1775841962.1291907,5,/Users/kimsumin/projects/RGMC/data/map/robot4/images/0887.png,/Users/kimsumin/projects/RGMC/data/map/robot4/overlays/0887_overlay.png,/Users/kimsumin/projects/RGMC/data/map/robot4/masks/0887_mask.png
888,0.8718750000000001,0.8125,,219.14697926059512,434.17490842490844,1,0.0,0.06491470560979738,0.07527190617585529,1775841972.3354628,5,/Users/kimsumin/projects/RGMC/data/map/robot4/images/0888.png,/Users/kimsumin/projects/RGMC/data/map/robot4/overlays/0888_overlay.png,/Users/kimsumin/projects/RGMC/data/map/robot4/masks/0888_mask.png
889,0.9009375000000001,0.8125,,219.4261315115286,446.6190885640585,1,0.0,0.07325594236723323,0.5009224183980596,1775841982.0606768,5,/Users/kimsumin/projects/RGMC/data/map/robot4/images/0889.png,/Users/kimsumin/projects/RGMC/data/map/robot4/overlays/0889_overlay.png,/Users/kimsumin/projects/RGMC/data/map/robot4/masks/0889_mask.png
890,0.93,0.8125,,219.36901408450703,459.48026315789474,1,0.0,0.03980513808677602,0.09680236499697957,1775841991.3681998,5,/Users/kimsumin/projects/RGMC/data/map/robot4/images/0890.png,/Users/kimsumin/projects/RGMC/data/map/robot4/overlays/0890_overlay.png,/Users/kimsumin/projects/RGMC/data/map/robot4/masks/0890_mask.png
891,0.93,0.84375,,205.54638218923932,459.6604823747681,1,0.0,0.03463059787823951,0.09047913298438673,1775842000.9069307,5,/Users/kimsumin/projects/RGMC/data/map/robot4/images/0891.png,/Users/kimsumin/projects/RGMC/data/map/robot4/overlays/0891_overlay.png,/Users/kimsumin/projects/RGMC/data/map/robot4/masks/0891_mask.png
892,0.9009375000000001,0.84375,,205.82406563354604,447.9662716499544,1,0.0,0.6994403235216228,0.08342671344797972,1775842011.034119,5,/Users/kimsumin/projects/RGMC/data/map/robot4/images/0892.png,/Users/kimsumin/projects/RGMC/data/map/robot4/overlays/0892_overlay.png,/Users/kimsumin/projects/RGMC/data/map/robot4/masks/0892_mask.png
893,0.8718750000000001,0.84375,,204.5330915684497,434.43260473588344,1,0.0,0.08730730962856151,0.2990251762755798,1775842020.153444,5,/Users/kimsumin/projects/RGMC/data/map/robot4/images/0893.png,/Users/kimsumin/projects/RGMC/data/map/robot4/overlays/0893_overlay.png,/Users/kimsumin/projects/RGMC/data/map/robot4/masks/0893_mask.png
894,0.8428125000000001,0.84375,,205.29609929078015,421.58761061946905,1,0.0,0.21946447988953235,0.0474807900755124,1775842029.3583457,5,/Users/kimsumin/projects/RGMC/data/map/robot4/images/0894.png,/Users/kimsumin/projects/RGMC/data/map/robot4/overlays/0894_overlay.png,/Users/kimsumin/projects/RGMC/data/map/robot4/masks/0894_mask.png
895,0.8137500000000001,0.84375,,204.59375,409.2444852941176,1,0.0,0.0550877270858631,0.04304245205798018,1775842038.2331383,5,/Users/kimsumin/projects/RGMC/data/map/robot4/images/0895.png,/Users/kimsumin/projects/RGMC/data/map/robot4/overlays/0895_overlay.png,/Users/kimsumin/projects/RGMC/data/map/robot4/masks/0895_mask.png
896,0.7846875000000001,0.84375,,205.9235912129895,396.26450999048524,1,0.0,0.023838076489838753,0.10534441136598435,1775842049.1490943,5,/Users/kimsumin/projects/RGMC/data/map/robot4/images/0896.png,/Users/kimsumin/projects/RGMC/data/map/robot4/overlays/0896_overlay.png,/Users/kimsumin/projects/RGMC/data/map/robot4/masks/0896_mask.png
897,0.755625,0.84375,,204.83620689655172,383.10371075166506,1,0.0,0.08387881878669155,0.05465139640471685,1775842059.7161198,5,/Users/kimsumin/projects/RGMC/data/map/robot4/images/0897.png,/Users/kimsumin/projects/RGMC/data/map/robot4/overlays/0897_overlay.png,/Users/kimsumin/projects/RGMC/data/map/robot4/masks/0897_mask.png
898,0.7265625,0.84375,,205.50236966824644,370.67839687194527,1,0.0,0.2750370391455913,0.05098017603500216,1775842069.3217561,5,/Users/kimsumin/projects/RGMC/data/map/robot4/images/0898.png,/Users/kimsumin/projects/RGMC/data/map/robot4/overlays/0898_overlay.png,/Users/kimsumin/projects/RGMC/data/map/robot4/masks/0898_mask.png
899,0.6975,0.84375,,205.69767441860466,357.0214669051878,1,0.0,0.41030110984830037,0.07323733467004481,1775842078.3087387,5,/Users/kimsumin/projects/RGMC/data/map/robot4/images/0899.png,/Users/kimsumin/projects/RGMC/data/map/robot4/overlays/0899_overlay.png,/Users/kimsumin/projects/RGMC/data/map/robot4/masks/0899_mask.png
900,0.6684375,0.84375,,206.54046511627908,344.49954751131224,1,0.0,0.31014847807352997,0.03471368359295861,1775842087.3326378,5,/Users/kimsumin/projects/RGMC/data/map/robot4/images/0900.png,/Users/kimsumin/projects/RGMC/data/map/robot4/overlays/0900_overlay.png,/Users/kimsumin/projects/RGMC/data/map/robot4/masks/0900_mask.png
901,0.639375,0.84375,,205.54636363636362,331.3324324324324,1,0.0,0.3599651276670563,0.1796372445327226,1775842096.31436,5,/Users/kimsumin/projects/RGMC/data/map/robot4/images/0901.png,/Users/kimsumin/projects/RGMC/data/map/robot4/overlays/0901_overlay.png,/Users/kimsumin/projects/RGMC/data/map/robot4/masks/0901_mask.png
902,0.6103125,0.84375,,205.52920035938905,319.1082621082621,1,0.0,0.4466223809645842,0.0881192531846082,1775842106.0633981,5,/Users/kimsumin/projects/RGMC/data/map/robot4/images/0902.png,/Users/kimsumin/projects/RGMC/data/map/robot4/overlays/0902_overlay.png,/Users/kimsumin/projects/RGMC/data/map/robot4/masks/0902_mask.png
903,0.58125,0.84375,,205.40528233151184,306.4927927927928,1,0.0,0.09887317965385929,0.03090637802741679,1775842117.215736,5,/Users/kimsumin/projects/RGMC/data/map/robot4/images/0903.png,/Users/kimsumin/projects/RGMC/data/map/robot4/overlays/0903_overlay.png,/Users/kimsumin/projects/RGMC/data/map/robot4/masks/0903_mask.png
904,0.5521875,0.84375,,205.5,292.96515679442507,1,0.0,0.03008588903932412,0.07971580732538132,1775842126.184649,5,/Users/kimsumin/projects/RGMC/data/map/robot4/images/0904.png,/Users/kimsumin/projects/RGMC/data/map/robot4/overlays/0904_overlay.png,/Users/kimsumin/projects/RGMC/data/map/robot4/masks/0904_mask.png
905,0.5231250000000001,0.84375,,205.84234234234233,279.9063063063063,1,0.0,0.054093348809302465,0.028537032561177206,1775842135.4460833,5,/Users/kimsumin/projects/RGMC/data/map/robot4/images/0905.png,/Users/kimsumin/projects/RGMC/data/map/robot4/overlays/0905_overlay.png,/Users/kimsumin/projects/RGMC/data/map/robot4/masks/0905_mask.png
906,0.4940625,0.84375,,206.65217391304347,267.3724007561437,1,0.0,0.09682482090215117,0.07971136266645254,1775842144.4484665,5,/Users/kimsumin/projects/RGMC/data/map/robot4/images/0906.png,/Users/kimsumin/projects/RGMC/data/map/robot4/overlays/0906_overlay.png,/Users/kimsumin/projects/RGMC/data/map/robot4/masks/0906_mask.png
907,0.465,0.84375,,205.77059344552703,255.2223206377325,1,0.0,0.36867015736803366,0.04382583768211495,1775842155.3482983,5,/Users/kimsumin/projects/RGMC/data/map/robot4/images/0907.png,/Users/kimsumin/projects/RGMC/data/map/robot4/overlays/0907_overlay.png,/Users/kimsumin/projects/RGMC/data/map/robot4/masks/0907_mask.png
908,0.43593750000000003,0.84375,,206.61698283649503,241.86306306306307,1,0.0,0.047806223726727375,0.33550555243822605,1775842164.3995714,5,/Users/kimsumin/projects/RGMC/data/map/robot4/images/0908.png,/Users/kimsumin/projects/RGMC/data/map/robot4/overlays/0908_overlay.png,/Users/kimsumin/projects/RGMC/data/map/robot4/masks/0908_mask.png
909,0.40687500000000004,0.84375,,206.494708994709,229.52380952380952,1,0.0,0.022818321867432483,0.033426938194876646,1775842173.5551257,5,/Users/kimsumin/projects/RGMC/data/map/robot4/images/0909.png,/Users/kimsumin/projects/RGMC/data/map/robot4/overlays/0909_overlay.png,/Users/kimsumin/projects/RGMC/data/map/robot4/masks/0909_mask.png
910,0.3778125,0.84375,,206.7893789378938,216.63996399639964,1,0.0,0.05122144269692759,0.0475832234092159,1775842183.491131,5,/Users/kimsumin/projects/RGMC/data/map/robot4/images/0910.png,/Users/kimsumin/projects/RGMC/data/map/robot4/overlays/0910_overlay.png,/Users/kimsumin/projects/RGMC/data/map/robot4/masks/0910_mask.png
911,0.34875,0.84375,,206.56775907883082,204.46470062555852,1,0.0,0.0651192698873692,0.06220768839995678,1775842192.6658058,5,/Users/kimsumin/projects/RGMC/data/map/robot4/images/0911.png,/Users/kimsumin/projects/RGMC/data/map/robot4/overlays/0911_overlay.png,/Users/kimsumin/projects/RGMC/data/map/robot4/masks/0911_mask.png
912,0.3196875,0.84375,,205.85069444444446,191.70309810671256,1,0.0,0.05865472528718884,0.036281388907448496,1775842203.320853,5,/Users/kimsumin/projects/RGMC/data/map/robot4/images/0912.png,/Users/kimsumin/projects/RGMC/data/map/robot4/overlays/0912_overlay.png,/Users/kimsumin/projects/RGMC/data/map/robot4/masks/0912_mask.png
913,0.290625,0.84375,,205.81658291457288,178.43829787234043,1,0.0,0.05988735962966289,0.24419093077822515,1775842213.216152,5,/Users/kimsumin/projects/RGMC/data/map/robot4/images/0913.png,/Users/kimsumin/projects/RGMC/data/map/robot4/overlays/0913_overlay.png,/Users/kimsumin/projects/RGMC/data/map/robot4/masks/0913_mask.png
914,0.26156250000000003,0.84375,,206.03786008230452,165.84526748971194,1,0.0,0.07204682309033078,0.09190677660218971,1775842222.0814645,5,/Users/kimsumin/projects/RGMC/data/map/robot4/images/0914.png,/Users/kimsumin/projects/RGMC/data/map/robot4/overlays/0914_overlay.png,/Users/kimsumin/projects/RGMC/data/map/robot4/masks/0914_mask.png
915,0.2325,0.84375,,205.90815450643777,153.30557939914164,1,0.0,0.0731952088248807,0.1062033771532757,1775842232.2362409,5,/Users/kimsumin/projects/RGMC/data/map/robot4/images/0915.png,/Users/kimsumin/projects/RGMC/data/map/robot4/overlays/0915_overlay.png,/Users/kimsumin/projects/RGMC/data/map/robot4/masks/0915_mask.png
916,0.20343750000000002,0.84375,,205.9334456613311,140.70092670598146,1,0.0,0.06931447324049457,0.06762794395018487,1775842241.1685858,5,/Users/kimsumin/projects/RGMC/data/map/robot4/images/0916.png,/Users/kimsumin/projects/RGMC/data/map/robot4/overlays/0916_overlay.png,/Users/kimsumin/projects/RGMC/data/map/robot4/masks/0916_mask.png
917,0.174375,0.84375,,205.8766891891892,128.3672268907563,1,0.0,0.05724896958400942,0.0386409209319441,1775842250.3574774,5,/Users/kimsumin/projects/RGMC/data/map/robot4/images/0917.png,/Users/kimsumin/projects/RGMC/data/map/robot4/overlays/0917_overlay.png,/Users/kimsumin/projects/RGMC/data/map/robot4/masks/0917_mask.png
918,0.1453125,0.84375,,205.89794168096054,115.86706689536878,1,0.0,0.07391045341975226,0.04395277901222289,1775842259.474345,5,/Users/kimsumin/projects/RGMC/data/map/robot4/images/0918.png,/Users/kimsumin/projects/RGMC/data/map/robot4/overlays/0918_overlay.png,/Users/kimsumin/projects/RGMC/data/map/robot4/masks/0918_mask.png
919,0.11625,0.84375,,205.67835757057313,103.4931506849315,1,0.0,0.06503543707132987,0.043477320266502924,1775842272.8307805,5,/Users/kimsumin/projects/RGMC/data/map/robot4/images/0919.png,/Users/kimsumin/projects/RGMC/data/map/robot4/overlays/0919_overlay.png,/Users/kimsumin/projects/RGMC/data/map/robot4/masks/0919_mask.png
920,0.0871875,0.84375,,205.863443596268,90.31498729889924,1,0.0,0.04779905925474905,0.40789113816691597,1775842282.087557,5,/Users/kimsumin/projects/RGMC/data/map/robot4/images/0920.png,/Users/kimsumin/projects/RGMC/data/map/robot4/overlays/0920_overlay.png,/Users/kimsumin/projects/RGMC/data/map/robot4/masks/0920_mask.png
921,0.058125,0.84375,,205.7658697444353,77.58013355592655,1,0.0,0.08426167057808709,0.10805128756570902,1775842292.7395473,5,/Users/kimsumin/projects/RGMC/data/map/robot4/images/0921.png,/Users/kimsumin/projects/RGMC/data/map/robot4/overlays/0921_overlay.png,/Users/kimsumin/projects/RGMC/data/map/robot4/masks/0921_mask.png
922,0.0290625,0.84375,,206.14029084687766,65.12553011026293,1,0.0,0.1042552801417815,0.15162209952091973,1775842302.8916578,5,/Users/kimsumin/projects/RGMC/data/map/robot4/images/0922.png,/Users/kimsumin/projects/RGMC/data/map/robot4/overlays/0922_overlay.png,/Users/kimsumin/projects/RGMC/data/map/robot4/masks/0922_mask.png
923,0.0,0.84375,,206.16567036720753,52.546861564918316,1,0.0,0.0967316768540784,0.06953810736233815,1775842314.5099277,5,/Users/kimsumin/projects/RGMC/data/map/robot4/images/0923.png,/Users/kimsumin/projects/RGMC/data/map/robot4/overlays/0923_overlay.png,/Users/kimsumin/projects/RGMC/data/map/robot4/masks/0923_mask.png
924,0.0,0.875,,192.7029109589041,52.02502157031924,1,0.0,0.05340788421859774,0.18000005179645942,1775842324.4142604,5,/Users/kimsumin/projects/RGMC/data/map/robot4/images/0924.png,/Users/kimsumin/projects/RGMC/data/map/robot4/overlays/0924_overlay.png,/Users/kimsumin/projects/RGMC/data/map/robot4/masks/0924_mask.png
925,0.0290625,0.875,,192.28685612788632,64.1236559139785,1,0.0,0.07121753441288362,0.0649427971151449,1775842333.4167793,5,/Users/kimsumin/projects/RGMC/data/map/robot4/images/0925.png,/Users/kimsumin/projects/RGMC/data/map/robot4/overlays/0925_overlay.png,/Users/kimsumin/projects/RGMC/data/map/robot4/masks/0925_mask.png
926,0.058125,0.875,,192.52895419187553,76.82108902333621,1,0.0,0.08499828942945283,0.03209580581773025,1775842344.0653358,5,/Users/kimsumin/projects/RGMC/data/map/robot4/images/0926.png,/Users/kimsumin/projects/RGMC/data/map/robot4/overlays/0926_overlay.png,/Users/kimsumin/projects/RGMC/data/map/robot4/masks/0926_mask.png
927,0.0871875,0.875,,192.44405897658282,89.6385435168739,1,0.0,0.11148133258694896,0.08624423971524818,1775842353.3809,5,/Users/kimsumin/projects/RGMC/data/map/robot4/images/0927.png,/Users/kimsumin/projects/RGMC/data/map/robot4/overlays/0927_overlay.png,/Users/kimsumin/projects/RGMC/data/map/robot4/masks/0927_mask.png
928,0.11625,0.875,,192.6339210747271,102.11290322580645,1,0.0,0.07622124710078514,0.07458746696547022,1775842362.507885,5,/Users/kimsumin/projects/RGMC/data/map/robot4/images/0928.png,/Users/kimsumin/projects/RGMC/data/map/robot4/overlays/0928_overlay.png,/Users/kimsumin/projects/RGMC/data/map/robot4/masks/0928_mask.png
929,0.1453125,0.875,,192.979609929078,115.49031690140845,1,0.0,0.09341119859724988,0.06252503329728797,1775842371.4686754,5,/Users/kimsumin/projects/RGMC/data/map/robot4/images/0929.png,/Users/kimsumin/projects/RGMC/data/map/robot4/overlays/0929_overlay.png,/Users/kimsumin/projects/RGMC/data/map/robot4/masks/0929_mask.png
930,0.174375,0.875,,192.95785776997366,127.61698440207972,1,0.0,0.0657039205237838,0.06933398842721618,1775842380.4596746,5,/Users/kimsumin/projects/RGMC/data/map/robot4/images/0930.png,/Users/kimsumin/projects/RGMC/data/map/robot4/overlays/0930_overlay.png,/Users/kimsumin/projects/RGMC/data/map/robot4/masks/0930_mask.png
931,0.20343750000000002,0.875,,192.86032562125106,140.28644939965696,1,0.0,0.08263670304776055,0.05001813796672668,1775842389.3720133,5,/Users/kimsumin/projects/RGMC/data/map/robot4/images/0931.png,/Users/kimsumin/projects/RGMC/data/map/robot4/overlays/0931_overlay.png,/Users/kimsumin/projects/RGMC/data/map/robot4/masks/0931_mask.png
932,0.2325,0.875,,192.14221422142214,152.76597659765977,1,0.0,0.05615989856381917,0.10402709766731204,1775842398.254994,5,/Users/kimsumin/projects/RGMC/data/map/robot4/images/0932.png,/Users/kimsumin/projects/RGMC/data/map/robot4/overlays/0932_overlay.png,/Users/kimsumin/projects/RGMC/data/map/robot4/masks/0932_mask.png
933,0.26156250000000003,0.875,,191.92020815264527,165.12055507372074,1,0.0,0.028501181253012993,0.021336527650591703,1775842407.3599246,5,/Users/kimsumin/projects/RGMC/data/map/robot4/images/0933.png,/Users/kimsumin/projects/RGMC/data/map/robot4/overlays/0933_overlay.png,/Users/kimsumin/projects/RGMC/data/map/robot4/masks/0933_mask.png
934,0.290625,0.875,,191.79624664879356,177.55945945945945,1,0.0,0.07037797080355589,0.3359822134942834,1775842416.5698066,5,/Users/kimsumin/projects/RGMC/data/map/robot4/images/0934.png,/Users/kimsumin/projects/RGMC/data/map/robot4/overlays/0934_overlay.png,/Users/kimsumin/projects/RGMC/data/map/robot4/masks/0934_mask.png
935,0.3196875,0.875,,191.48444444444445,189.74844995571303,1,0.0,0.10613851045696174,0.10654522806158545,1775842425.7739944,5,/Users/kimsumin/projects/RGMC/data/map/robot4/images/0935.png,/Users/kimsumin/projects/RGMC/data/map/robot4/overlays/0935_overlay.png,/Users/kimsumin/projects/RGMC/data/map/robot4/masks/0935_mask.png
936,0.34875,0.875,,191.82417582417582,203.38538812785387,1,0.0,0.04687708866485188,0.03321765032439961,1775842437.843087,5,/Users/kimsumin/projects/RGMC/data/map/robot4/images/0936.png,/Users/kimsumin/projects/RGMC/data/map/robot4/overlays/0936_overlay.png,/Users/kimsumin/projects/RGMC/data/map/robot4/masks/0936_mask.png
937,0.3778125,0.875,,191.83441258094356,215.8975791433892,1,0.0,0.07559046409271507,0.0769956590841004,1775842446.749581,5,/Users/kimsumin/projects/RGMC/data/map/robot4/images/0937.png,/Users/kimsumin/projects/RGMC/data/map/robot4/overlays/0937_overlay.png,/Users/kimsumin/projects/RGMC/data/map/robot4/masks/0937_mask.png
939,0.43593750000000003,0.875,,191.60982142857142,241.3953488372093,1,0.0,0.0847536005304911,0.06396545246828425,1775842465.694196,5,/Users/kimsumin/projects/RGMC/data/map/robot4/images/0939.png,/Users/kimsumin/projects/RGMC/data/map/robot4/overlays/0939_overlay.png,/Users/kimsumin/projects/RGMC/data/map/robot4/masks/0939_mask.png
940,0.465,0.875,,192.1888988361683,254.39377777777779,1,0.0,0.08261084894536798,0.0664572109255827,1775842475.3151767,5,/Users/kimsumin/projects/RGMC/data/map/robot4/images/0940.png,/Users/kimsumin/projects/RGMC/data/map/robot4/overlays/0940_overlay.png,/Users/kimsumin/projects/RGMC/data/map/robot4/masks/0940_mask.png
941,0.4940625,0.875,,192.05972850678734,267.34875115633673,1,0.0,0.20289664603849075,0.062214321024600346,1775842484.267249,5,/Users/kimsumin/projects/RGMC/data/map/robot4/images/0941.png,/Users/kimsumin/projects/RGMC/data/map/robot4/overlays/0941_overlay.png,/Users/kimsumin/projects/RGMC/data/map/robot4/masks/0941_mask.png
942,0.5231250000000001,0.875,,191.99270738377393,279.7141544117647,1,0.0,0.18529148146177365,0.05971322038351541,1775842496.6197538,5,/Users/kimsumin/projects/RGMC/data/map/robot4/images/0942.png,/Users/kimsumin/projects/RGMC/data/map/robot4/overlays/0942_overlay.png,/Users/kimsumin/projects/RGMC/data/map/robot4/masks/0942_mask.png
943,0.5521875,0.875,,191.7000937207123,291.78444236176193,1,0.0,0.15863685982972792,0.09059975065088366,1775842506.602239,5,/Users/kimsumin/projects/RGMC/data/map/robot4/images/0943.png,/Users/kimsumin/projects/RGMC/data/map/robot4/overlays/0943_overlay.png,/Users/kimsumin/projects/RGMC/data/map/robot4/masks/0943_mask.png
944,0.58125,0.875,,191.88152985074626,305.39608574091335,1,0.0,0.062316910126574324,0.07406651107639073,1775842516.2267175,5,/Users/kimsumin/projects/RGMC/data/map/robot4/images/0944.png,/Users/kimsumin/projects/RGMC/data/map/robot4/overlays/0944_overlay.png,/Users/kimsumin/projects/RGMC/data/map/robot4/masks/0944_mask.png
945,0.6103125,0.875,,191.4906890130354,318.6824953445065,1,0.0,0.05980818876505172,0.025939514699049024,1775842526.371642,5,/Users/kimsumin/projects/RGMC/data/map/robot4/images/0945.png,/Users/kimsumin/projects/RGMC/data/map/robot4/overlays/0945_overlay.png,/Users/kimsumin/projects/RGMC/data/map/robot4/masks/0945_mask.png
946,0.639375,0.875,,191.89915174363807,331.2742695570217,1,0.0,0.05286157446124356,0.08376055858336381,1775842535.6211486,5,/Users/kimsumin/projects/RGMC/data/map/robot4/images/0946.png,/Users/kimsumin/projects/RGMC/data/map/robot4/overlays/0946_overlay.png,/Users/kimsumin/projects/RGMC/data/map/robot4/masks/0946_mask.png
947,0.6684375,0.875,,191.76283846872082,343.7320754716981,1,0.0,0.09054462118115976,0.0636435714474827,1775842544.7082794,5,/Users/kimsumin/projects/RGMC/data/map/robot4/images/0947.png,/Users/kimsumin/projects/RGMC/data/map/robot4/overlays/0947_overlay.png,/Users/kimsumin/projects/RGMC/data/map/robot4/masks/0947_mask.png
948,0.6975,0.875,,191.99232981783317,355.5939334637965,1,0.0,0.08312315696109646,0.12265315768261548,1775842553.6672745,5,/Users/kimsumin/projects/RGMC/data/map/robot4/images/0948.png,/Users/kimsumin/projects/RGMC/data/map/robot4/overlays/0948_overlay.png,/Users/kimsumin/projects/RGMC/data/map/robot4/masks/0948_mask.png
949,0.7265625,0.875,,191.9233644859813,369.500936329588,1,0.0,0.0695686798943932,0.45192032266674353,1775842562.5483997,5,/Users/kimsumin/projects/RGMC/data/map/robot4/images/0949.png,/Users/kimsumin/projects/RGMC/data/map/robot4/overlays/0949_overlay.png,/Users/kimsumin/projects/RGMC/data/map/robot4/masks/0949_mask.png
950,0.755625,0.875,,191.73037857802402,381.8373831775701,1,0.0,0.04501320409945815,0.4150847565248949,1775842571.6986077,5,/Users/kimsumin/projects/RGMC/data/map/robot4/images/0950.png,/Users/kimsumin/projects/RGMC/data/map/robot4/overlays/0950_overlay.png,/Users/kimsumin/projects/RGMC/data/map/robot4/masks/0950_mask.png
951,0.7846875000000001,0.875,,191.7256385998108,396.0236518448439,1,0.0,0.04390085964997438,0.07638879140206487,1775842580.758492,5,/Users/kimsumin/projects/RGMC/data/map/robot4/images/0951.png,/Users/kimsumin/projects/RGMC/data/map/robot4/overlays/0951_overlay.png,/Users/kimsumin/projects/RGMC/data/map/robot4/masks/0951_mask.png
952,0.8137500000000001,0.875,,191.63595302619692,408.87003610108303,1,0.0,0.02400273640624828,0.029933938235992354,1775842591.8697982,5,/Users/kimsumin/projects/RGMC/data/map/robot4/images/0952.png,/Users/kimsumin/projects/RGMC/data/map/robot4/overlays/0952_overlay.png,/Users/kimsumin/projects/RGMC/data/map/robot4/masks/0952_mask.png
953,0.8428125000000001,0.875,,191.54661791590493,421.4310344827586,1,0.0,0.058292057552472916,0.06846210124612341,1775842600.9371133,5,/Users/kimsumin/projects/RGMC/data/map/robot4/images/0953.png,/Users/kimsumin/projects/RGMC/data/map/robot4/overlays/0953_overlay.png,/Users/kimsumin/projects/RGMC/data/map/robot4/masks/0953_mask.png
954,0.8718750000000001,0.875,,191.52104770813844,434.8821328344247,1,0.0,0.04478589206486443,0.3384009396175656,1775842610.1308692,5,/Users/kimsumin/projects/RGMC/data/map/robot4/images/0954.png,/Users/kimsumin/projects/RGMC/data/map/robot4/overlays/0954_overlay.png,/Users/kimsumin/projects/RGMC/data/map/robot4/masks/0954_mask.png
955,0.9009375000000001,0.875,,191.39762340036563,447.327506899724,1,0.0,0.10020859549951974,0.35799985722919664,1775842619.5076587,5,/Users/kimsumin/projects/RGMC/data/map/robot4/images/0955.png,/Users/kimsumin/projects/RGMC/data/map/robot4/overlays/0955_overlay.png,/Users/kimsumin/projects/RGMC/data/map/robot4/masks/0955_mask.png
956,0.93,0.875,,191.4177570093458,459.65794392523367,1,0.0,0.06784091788848792,0.06607842986628702,1775842628.4115858,5,/Users/kimsumin/projects/RGMC/data/map/robot4/images/0956.png,/Users/kimsumin/projects/RGMC/data/map/robot4/overlays/0956_overlay.png,/Users/kimsumin/projects/RGMC/data/map/robot4/masks/0956_mask.png
957,0.93,0.90625,,177.87395736793326,459.4007352941176,1,0.0,0.08903967701393405,0.06232955483237284,1775842637.7356074,5,/Users/kimsumin/projects/RGMC/data/map/robot4/images/0957.png,/Users/kimsumin/projects/RGMC/data/map/robot4/overlays/0957_overlay.png,/Users/kimsumin/projects/RGMC/data/map/robot4/masks/0957_mask.png
958,0.9009375000000001,0.90625,,177.38078291814946,447.39473684210526,1,0.0,0.10121526867630977,0.062308550217245344,1775842648.6157606,5,/Users/kimsumin/projects/RGMC/data/map/robot4/images/0958.png,/Users/kimsumin/projects/RGMC/data/map/robot4/overlays/0958_overlay.png,/Users/kimsumin/projects/RGMC/data/map/robot4/masks/0958_mask.png
959,0.8718750000000001,0.90625,,177.53983130271791,434.85379568884724,1,0.0,0.49820234377163375,0.3313580684309203,1775842657.853861,5,/Users/kimsumin/projects/RGMC/data/map/robot4/images/0959.png,/Users/kimsumin/projects/RGMC/data/map/robot4/overlays/0959_overlay.png,/Users/kimsumin/projects/RGMC/data/map/robot4/masks/0959_mask.png
960,0.8428125000000001,0.90625,,177.5324561403509,421.57456140350877,1,0.0,0.09500601037808187,0.08318089488222566,1775842666.9818687,5,/Users/kimsumin/projects/RGMC/data/map/robot4/images/0960.png,/Users/kimsumin/projects/RGMC/data/map/robot4/overlays/0960_overlay.png,/Users/kimsumin/projects/RGMC/data/map/robot4/masks/0960_mask.png
961,0.8137500000000001,0.90625,,177.52193375111906,409.23705722070844,1,0.0,0.2779997342322056,0.06000767584266972,1775842676.0469222,5,/Users/kimsumin/projects/RGMC/data/map/robot4/images/0961.png,/Users/kimsumin/projects/RGMC/data/map/robot4/overlays/0961_overlay.png,/Users/kimsumin/projects/RGMC/data/map/robot4/masks/0961_mask.png
962,0.7846875000000001,0.90625,,177.66183136899366,396.0,1,0.0,0.07944550955093149,0.12678500857481279,1775842687.10019,5,/Users/kimsumin/projects/RGMC/data/map/robot4/images/0962.png,/Users/kimsumin/projects/RGMC/data/map/robot4/overlays/0962_overlay.png,/Users/kimsumin/projects/RGMC/data/map/robot4/masks/0962_mask.png
963,0.755625,0.90625,,177.63577386468953,383.1715596330275,1,0.0,0.06438042333255807,0.07060548553539671,1775842696.081238,5,/Users/kimsumin/projects/RGMC/data/map/robot4/images/0963.png,/Users/kimsumin/projects/RGMC/data/map/robot4/overlays/0963_overlay.png,/Users/kimsumin/projects/RGMC/data/map/robot4/masks/0963_mask.png
964,0.7265625,0.90625,,177.4577530176416,370.6386554621849,1,0.0,0.07458374571246812,0.4222541492279702,1775842704.9345107,5,/Users/kimsumin/projects/RGMC/data/map/robot4/images/0964.png,/Users/kimsumin/projects/RGMC/data/map/robot4/overlays/0964_overlay.png,/Users/kimsumin/projects/RGMC/data/map/robot4/masks/0964_mask.png
965,0.6975,0.90625,,177.53529937444148,356.93939393939394,1,0.0,0.06451941632416754,0.12359809412644036,1775842713.946969,5,/Users/kimsumin/projects/RGMC/data/map/robot4/images/0965.png,/Users/kimsumin/projects/RGMC/data/map/robot4/overlays/0965_overlay.png,/Users/kimsumin/projects/RGMC/data/map/robot4/masks/0965_mask.png
966,0.6684375,0.90625,,177.45397111913357,344.14932126696834,1,0.0,0.043608261321293924,0.13120591846007906,1775842722.962386,5,/Users/kimsumin/projects/RGMC/data/map/robot4/images/0966.png,/Users/kimsumin/projects/RGMC/data/map/robot4/overlays/0966_overlay.png,/Users/kimsumin/projects/RGMC/data/map/robot4/masks/0966_mask.png
967,0.639375,0.90625,,177.52389705882354,331.2849364791289,1,0.0,0.08327414740892415,0.048253050198549474,1775842732.012266,5,/Users/kimsumin/projects/RGMC/data/map/robot4/images/0967.png,/Users/kimsumin/projects/RGMC/data/map/robot4/overlays/0967_overlay.png,/Users/kimsumin/projects/RGMC/data/map/robot4/masks/0967_mask.png
968,0.6103125,0.90625,,177.4326750448833,319.09694793536806,1,0.0,0.04767752312428775,0.03978005671954832,1775842742.7670794,5,/Users/kimsumin/projects/RGMC/data/map/robot4/images/0968.png,/Users/kimsumin/projects/RGMC/data/map/robot4/overlays/0968_overlay.png,/Users/kimsumin/projects/RGMC/data/map/robot4/masks/0968_mask.png
969,0.58125,0.90625,,177.6933830382106,306.548656163114,1,0.0,0.015048012588712412,0.03708144320138502,1775842752.0283403,5,/Users/kimsumin/projects/RGMC/data/map/robot4/images/0969.png,/Users/kimsumin/projects/RGMC/data/map/robot4/overlays/0969_overlay.png,/Users/kimsumin/projects/RGMC/data/map/robot4/masks/0969_mask.png
970,0.5521875,0.90625,,177.38757655293088,292.8828125,1,0.0,0.08067325649736144,0.09901860406161545,1775842761.138327,5,/Users/kimsumin/projects/RGMC/data/map/robot4/images/0970.png,/Users/kimsumin/projects/RGMC/data/map/robot4/overlays/0970_overlay.png,/Users/kimsumin/projects/RGMC/data/map/robot4/masks/0970_mask.png
971,0.5231250000000001,0.90625,,178.00824175824175,280.012987012987,1,0.0,0.1054080637079793,0.07453914599742748,1775842770.4516811,5,/Users/kimsumin/projects/RGMC/data/map/robot4/images/0971.png,/Users/kimsumin/projects/RGMC/data/map/robot4/overlays/0971_overlay.png,/Users/kimsumin/projects/RGMC/data/map/robot4/masks/0971_mask.png
972,0.4940625,0.90625,,177.80818181818182,267.3809090909091,1,0.0,0.3571027227054967,0.08648653326957485,1775842779.3414953,5,/Users/kimsumin/projects/RGMC/data/map/robot4/images/0972.png,/Users/kimsumin/projects/RGMC/data/map/robot4/overlays/0972_overlay.png,/Users/kimsumin/projects/RGMC/data/map/robot4/masks/0972_mask.png
973,0.465,0.90625,,178.22949389179755,254.31666666666666,1,0.0,0.3043324072786758,0.22334148546583119,1775842788.3376591,5,/Users/kimsumin/projects/RGMC/data/map/robot4/images/0973.png,/Users/kimsumin/projects/RGMC/data/map/robot4/overlays/0973_overlay.png,/Users/kimsumin/projects/RGMC/data/map/robot4/masks/0973_mask.png
974,0.43593750000000003,0.90625,,178.53302752293578,241.50634057971016,1,0.0,0.3481203176711513,0.09190051590278461,1775842797.5103426,5,/Users/kimsumin/projects/RGMC/data/map/robot4/images/0974.png,/Users/kimsumin/projects/RGMC/data/map/robot4/overlays/0974_overlay.png,/Users/kimsumin/projects/RGMC/data/map/robot4/masks/0974_mask.png
975,0.40687500000000004,0.90625,,177.97737162750218,229.09991386735572,1,0.0,0.28073604996855134,0.041262223634392185,1775842806.6087277,5,/Users/kimsumin/projects/RGMC/data/map/robot4/images/0975.png,/Users/kimsumin/projects/RGMC/data/map/robot4/overlays/0975_overlay.png,/Users/kimsumin/projects/RGMC/data/map/robot4/masks/0975_mask.png
976,0.3778125,0.90625,,178.78989361702128,216.47074468085106,1,0.0,0.036886848589517025,0.04645234728650149,1775842815.630947,5,/Users/kimsumin/projects/RGMC/data/map/robot4/images/0976.png,/Users/kimsumin/projects/RGMC/data/map/robot4/overlays/0976_overlay.png,/Users/kimsumin/projects/RGMC/data/map/robot4/masks/0976_mask.png
977,0.34875,0.90625,,177.54968666069828,203.68383017163504,1,0.0,0.05703147442148468,0.09159994376159282,1775842826.7319095,5,/Users/kimsumin/projects/RGMC/data/map/robot4/images/0977.png,/Users/kimsumin/projects/RGMC/data/map/robot4/overlays/0977_overlay.png,/Users/kimsumin/projects/RGMC/data/map/robot4/masks/0977_mask.png
978,0.3196875,0.90625,,178.62959641255605,191.26406533575317,1,0.0,0.06651547322887766,0.08394926976440424,1775842835.9693758,5,/Users/kimsumin/projects/RGMC/data/map/robot4/images/0978.png,/Users/kimsumin/projects/RGMC/data/map/robot4/overlays/0978_overlay.png,/Users/kimsumin/projects/RGMC/data/map/robot4/masks/0978_mask.png
979,0.290625,0.90625,,178.37924528301886,178.64811320754717,1,0.0,0.030321063744398132,0.0711558051793327,1775842844.8439012,5,/Users/kimsumin/projects/RGMC/data/map/robot4/images/0979.png,/Users/kimsumin/projects/RGMC/data/map/robot4/overlays/0979_overlay.png,/Users/kimsumin/projects/RGMC/data/map/robot4/masks/0979_mask.png
980,0.26156250000000003,0.90625,,178.87391304347827,165.53565217391304,1,0.0,0.11145865045366837,0.07548806088558514,1775842854.5946376,5,/Users/kimsumin/projects/RGMC/data/map/robot4/images/0980.png,/Users/kimsumin/projects/RGMC/data/map/robot4/overlays/0980_overlay.png,/Users/kimsumin/projects/RGMC/data/map/robot4/masks/0980_mask.png
981,0.2325,0.90625,,178.7241697416974,153.23367065317387,1,0.0,0.06632240205731711,0.07895521535213713,1775842863.8460748,5,/Users/kimsumin/projects/RGMC/data/map/robot4/images/0981.png,/Users/kimsumin/projects/RGMC/data/map/robot4/overlays/0981_overlay.png,/Users/kimsumin/projects/RGMC/data/map/robot4/masks/0981_mask.png
982,0.20343750000000002,0.90625,,179.06205673758865,140.4560632688928,1,0.0,0.10315001766023993,0.10612706761002336,1775842874.5454485,5,/Users/kimsumin/projects/RGMC/data/map/robot4/images/0982.png,/Users/kimsumin/projects/RGMC/data/map/robot4/overlays/0982_overlay.png,/Users/kimsumin/projects/RGMC/data/map/robot4/masks/0982_mask.png
983,0.174375,0.90625,,178.28082808280828,127.42448614834674,1,0.0,0.013567232740399721,0.13830789986697695,1775842883.4498992,5,/Users/kimsumin/projects/RGMC/data/map/robot4/images/0983.png,/Users/kimsumin/projects/RGMC/data/map/robot4/overlays/0983_overlay.png,/Users/kimsumin/projects/RGMC/data/map/robot4/masks/0983_mask.png
984,0.1453125,0.90625,,178.33875106929,115.69270386266095,1,0.0,0.4100761497986002,0.06196240424069802,1775842892.38,5,/Users/kimsumin/projects/RGMC/data/map/robot4/images/0984.png,/Users/kimsumin/projects/RGMC/data/map/robot4/overlays/0984_overlay.png,/Users/kimsumin/projects/RGMC/data/map/robot4/masks/0984_mask.png
985,0.11625,0.90625,,178.02200704225353,102.7488908606921,1,0.0,0.07168019015291004,0.10439047630125044,1775842901.5543096,5,/Users/kimsumin/projects/RGMC/data/map/robot4/images/0985.png,/Users/kimsumin/projects/RGMC/data/map/robot4/overlays/0985_overlay.png,/Users/kimsumin/projects/RGMC/data/map/robot4/masks/0985_mask.png
986,0.0871875,0.90625,,178.08003679852806,90.55357142857143,1,0.0,0.29043272429020334,0.0862491469704923,1775842912.6730404,5,/Users/kimsumin/projects/RGMC/data/map/robot4/images/0986.png,/Users/kimsumin/projects/RGMC/data/map/robot4/overlays/0986_overlay.png,/Users/kimsumin/projects/RGMC/data/map/robot4/masks/0986_mask.png
987,0.058125,0.90625,,177.73734729493893,77.02951388888889,1,0.0,0.08871309361199663,0.05819690802957658,1775842922.1068487,5,/Users/kimsumin/projects/RGMC/data/map/robot4/images/0987.png,/Users/kimsumin/projects/RGMC/data/map/robot4/overlays/0987_overlay.png,/Users/kimsumin/projects/RGMC/data/map/robot4/masks/0987_mask.png
988,0.0290625,0.90625,,178.05618964003511,64.61170212765957,1,0.0,0.06813349006588525,0.07596160592294353,1775842931.2110355,5,/Users/kimsumin/projects/RGMC/data/map/robot4/images/0988.png,/Users/kimsumin/projects/RGMC/data/map/robot4/overlays/0988_overlay.png,/Users/kimsumin/projects/RGMC/data/map/robot4/masks/0988_mask.png
989,0.0,0.90625,,177.9894829097283,51.93392070484582,1,0.0,0.04242360956122136,0.07559126349292161,1775842941.2447994,5,/Users/kimsumin/projects/RGMC/data/map/robot4/images/0989.png,/Users/kimsumin/projects/RGMC/data/map/robot4/overlays/0989_overlay.png,/Users/kimsumin/projects/RGMC/data/map/robot4/masks/0989_mask.png
990,0.0,0.9375,,164.8372497824195,52.050131926121374,1,0.0,0.07191181727329571,0.08712530220041301,1775842950.4958467,5,/Users/kimsumin/projects/RGMC/data/map/robot4/images/0990.png,/Users/kimsumin/projects/RGMC/data/map/robot4/overlays/0990_overlay.png,/Users/kimsumin/projects/RGMC/data/map/robot4/masks/0990_mask.png
991,0.0290625,0.9375,,163.90817263544537,63.95945945945946,1,0.0,0.04928629837983818,0.07228013567820532,1775842959.3839984,5,/Users/kimsumin/projects/RGMC/data/map/robot4/images/0991.png,/Users/kimsumin/projects/RGMC/data/map/robot4/overlays/0991_overlay.png,/Users/kimsumin/projects/RGMC/data/map/robot4/masks/0991_mask.png
992,0.058125,0.9375,,163.83425925925926,76.52346570397111,1,0.0,0.31105611424639895,0.044531756257165024,1775842969.4246953,5,/Users/kimsumin/projects/RGMC/data/map/robot4/images/0992.png,/Users/kimsumin/projects/RGMC/data/map/robot4/overlays/0992_overlay.png,/Users/kimsumin/projects/RGMC/data/map/robot4/masks/0992_mask.png
993,0.0871875,0.9375,,163.89204025617568,89.23588342440802,1,0.0,0.03363491498391235,0.1178655777219457,1775842978.7177756,5,/Users/kimsumin/projects/RGMC/data/map/robot4/images/0993.png,/Users/kimsumin/projects/RGMC/data/map/robot4/overlays/0993_overlay.png,/Users/kimsumin/projects/RGMC/data/map/robot4/masks/0993_mask.png
994,0.11625,0.9375,,164.99732142857144,102.72435325602142,1,0.0,0.0636595047187277,0.04584941608881545,1775842987.7763987,5,/Users/kimsumin/projects/RGMC/data/map/robot4/images/0994.png,/Users/kimsumin/projects/RGMC/data/map/robot4/overlays/0994_overlay.png,/Users/kimsumin/projects/RGMC/data/map/robot4/masks/0994_mask.png
995,0.1453125,0.9375,,164.77925531914894,115.06079295154186,1,0.0,0.41815837332394884,0.03862148597721834,1775842996.877267,5,/Users/kimsumin/projects/RGMC/data/map/robot4/images/0995.png,/Users/kimsumin/projects/RGMC/data/map/robot4/overlays/0995_overlay.png,/Users/kimsumin/projects/RGMC/data/map/robot4/masks/0995_mask.png
996,0.174375,0.9375,,164.2861111111111,127.28703703703704,1,0.0,0.027733406357862863,0.061273967124977506,1775843005.7809846,5,/Users/kimsumin/projects/RGMC/data/map/robot4/images/0996.png,/Users/kimsumin/projects/RGMC/data/map/robot4/overlays/0996_overlay.png,/Users/kimsumin/projects/RGMC/data/map/robot4/masks/0996_mask.png
997,0.20343750000000002,0.9375,,164.2843779232928,139.743947858473,1,0.0,0.27680041886179796,0.0310822838990127,1775843014.7685246,5,/Users/kimsumin/projects/RGMC/data/map/robot4/images/0997.png,/Users/kimsumin/projects/RGMC/data/map/robot4/overlays/0997_overlay.png,/Users/kimsumin/projects/RGMC/data/map/robot4/masks/0997_mask.png
998,0.2325,0.9375,,164.0586592178771,152.40689013035382,1,0.0,0.03493121882526051,0.08571049571344,1775843023.794382,5,/Users/kimsumin/projects/RGMC/data/map/robot4/images/0998.png,/Users/kimsumin/projects/RGMC/data/map/robot4/overlays/0998_overlay.png,/Users/kimsumin/projects/RGMC/data/map/robot4/masks/0998_mask.png
999,0.26156250000000003,0.9375,,163.95363636363638,164.96809480401095,1,0.0,0.06395622080072795,0.0805386547138767,1775843032.9010403,5,/Users/kimsumin/projects/RGMC/data/map/robot4/images/0999.png,/Users/kimsumin/projects/RGMC/data/map/robot4/overlays/0999_overlay.png,/Users/kimsumin/projects/RGMC/data/map/robot4/masks/0999_mask.png
1000,0.290625,0.9375,,163.86856617647058,177.64154411764707,1,0.0,0.05680380809479171,0.04302330922994121,1775843043.9538934,5,/Users/kimsumin/projects/RGMC/data/map/robot4/images/1000.png,/Users/kimsumin/projects/RGMC/data/map/robot4/overlays/1000_overlay.png,/Users/kimsumin/projects/RGMC/data/map/robot4/masks/1000_mask.png
1001,0.3196875,0.9375,,163.7685098406748,190.593808630394,1,0.0,0.01779012669832318,0.3597152381937928,1775843052.9094148,5,/Users/kimsumin/projects/RGMC/data/map/robot4/images/1001.png,/Users/kimsumin/projects/RGMC/data/map/robot4/overlays/1001_overlay.png,/Users/kimsumin/projects/RGMC/data/map/robot4/masks/1001_mask.png
1002,0.34875,0.9375,,163.81404174573055,203.3599240265907,1,0.0,0.051399330616117414,0.3055247383702488,1775843061.7827349,5,/Users/kimsumin/projects/RGMC/data/map/robot4/images/1002.png,/Users/kimsumin/projects/RGMC/data/map/robot4/overlays/1002_overlay.png,/Users/kimsumin/projects/RGMC/data/map/robot4/masks/1002_mask.png
1003,0.3778125,0.9375,,163.97588126159556,215.69485294117646,1,0.0,0.07817397388799417,0.18308096148739414,1775843071.0459077,5,/Users/kimsumin/projects/RGMC/data/map/robot4/images/1003.png,/Users/kimsumin/projects/RGMC/data/map/robot4/overlays/1003_overlay.png,/Users/kimsumin/projects/RGMC/data/map/robot4/masks/1003_mask.png
1004,0.40687500000000004,0.9375,,163.71223021582733,229.01436265709157,1,0.0,0.040276413546460284,0.06659818222356982,1775843079.9827046,5,/Users/kimsumin/projects/RGMC/data/map/robot4/images/1004.png,/Users/kimsumin/projects/RGMC/data/map/robot4/overlays/1004_overlay.png,/Users/kimsumin/projects/RGMC/data/map/robot4/masks/1004_mask.png
1005,0.43593750000000003,0.9375,,163.6564952048823,241.66230366492147,1,0.0,0.061662730761264606,0.10914321322181667,1775843091.4942994,5,/Users/kimsumin/projects/RGMC/data/map/robot4/images/1005.png,/Users/kimsumin/projects/RGMC/data/map/robot4/overlays/1005_overlay.png,/Users/kimsumin/projects/RGMC/data/map/robot4/masks/1005_mask.png
1006,0.465,0.9375,,163.88108108108108,254.19602529358627,1,0.0,0.04901453507580624,0.06002281556990132,1775843100.4562721,5,/Users/kimsumin/projects/RGMC/data/map/robot4/images/1006.png,/Users/kimsumin/projects/RGMC/data/map/robot4/overlays/1006_overlay.png,/Users/kimsumin/projects/RGMC/data/map/robot4/masks/1006_mask.png
1007,0.4940625,0.9375,,163.4060773480663,267.63211009174313,1,0.0,0.10623392420188364,0.30836349727301227,1775843109.7062047,5,/Users/kimsumin/projects/RGMC/data/map/robot4/images/1007.png,/Users/kimsumin/projects/RGMC/data/map/robot4/overlays/1007_overlay.png,/Users/kimsumin/projects/RGMC/data/map/robot4/masks/1007_mask.png
1008,0.5231250000000001,0.9375,,163.92789373814043,279.6885090218424,1,0.0,0.024375963090559342,0.09029482039812352,1775843118.8055172,5,/Users/kimsumin/projects/RGMC/data/map/robot4/images/1008.png,/Users/kimsumin/projects/RGMC/data/map/robot4/overlays/1008_overlay.png,/Users/kimsumin/projects/RGMC/data/map/robot4/masks/1008_mask.png
1009,0.5521875,0.9375,,163.5463917525773,292.4151291512915,1,0.0,0.02421639328691905,0.12290113473815674,1775843127.7281334,5,/Users/kimsumin/projects/RGMC/data/map/robot4/images/1009.png,/Users/kimsumin/projects/RGMC/data/map/robot4/overlays/1009_overlay.png,/Users/kimsumin/projects/RGMC/data/map/robot4/masks/1009_mask.png
1010,0.58125,0.9375,,163.66138059701493,305.1539179104478,1,0.0,0.033667650160503916,0.10092356466411126,1775843136.8960679,5,/Users/kimsumin/projects/RGMC/data/map/robot4/images/1010.png,/Users/kimsumin/projects/RGMC/data/map/robot4/overlays/1010_overlay.png,/Users/kimsumin/projects/RGMC/data/map/robot4/masks/1010_mask.png
1011,0.6103125,0.9375,,163.6613358419567,318.6374045801527,1,0.0,0.04224873576638576,0.07943089528494322,1775843145.9131455,5,/Users/kimsumin/projects/RGMC/data/map/robot4/images/1011.png,/Users/kimsumin/projects/RGMC/data/map/robot4/overlays/1011_overlay.png,/Users/kimsumin/projects/RGMC/data/map/robot4/masks/1011_mask.png
1012,0.639375,0.9375,,163.61786372007367,331.4926335174954,1,0.0,0.019308446059228945,0.008365112368109886,1775843154.954512,5,/Users/kimsumin/projects/RGMC/data/map/robot4/images/1012.png,/Users/kimsumin/projects/RGMC/data/map/robot4/overlays/1012_overlay.png,/Users/kimsumin/projects/RGMC/data/map/robot4/masks/1012_mask.png
1013,0.6684375,0.9375,,163.7732342007435,343.796468401487,1,0.0,0.03576329529467316,0.059147935733840765,1775843163.8289378,5,/Users/kimsumin/projects/RGMC/data/map/robot4/images/1013.png,/Users/kimsumin/projects/RGMC/data/map/robot4/overlays/1013_overlay.png,/Users/kimsumin/projects/RGMC/data/map/robot4/masks/1013_mask.png
1014,0.6975,0.9375,,163.6781395348837,356.31050656660415,1,0.0,0.04933448641438825,0.0732541831740061,1775843172.8457685,5,/Users/kimsumin/projects/RGMC/data/map/robot4/images/1014.png,/Users/kimsumin/projects/RGMC/data/map/robot4/overlays/1014_overlay.png,/Users/kimsumin/projects/RGMC/data/map/robot4/masks/1014_mask.png
1015,0.7265625,0.9375,,163.49636363636364,369.71090909090907,1,0.0,0.02647518034285745,0.03289648853903921,1775843182.5912,5,/Users/kimsumin/projects/RGMC/data/map/robot4/images/1015.png,/Users/kimsumin/projects/RGMC/data/map/robot4/overlays/1015_overlay.png,/Users/kimsumin/projects/RGMC/data/map/robot4/masks/1015_mask.png
1016,0.755625,0.9375,,163.5149051490515,382.09596412556056,1,0.0,0.09561460566093932,0.40617611268542025,1775843191.3467472,5,/Users/kimsumin/projects/RGMC/data/map/robot4/images/1016.png,/Users/kimsumin/projects/RGMC/data/map/robot4/overlays/1016_overlay.png,/Users/kimsumin/projects/RGMC/data/map/robot4/masks/1016_mask.png
1017,0.7846875000000001,0.9375,,163.41890639481002,395.72541743970316,1,0.0,0.08103898602521892,0.03846157396900055,1775843200.327202,5,/Users/kimsumin/projects/RGMC/data/map/robot4/images/1017.png,/Users/kimsumin/projects/RGMC/data/map/robot4/overlays/1017_overlay.png,/Users/kimsumin/projects/RGMC/data/map/robot4/masks/1017_mask.png
1018,0.8137500000000001,0.9375,,163.44434389140272,408.6578947368421,1,0.0,0.03333946351901488,0.06155709509521001,1775843209.5304687,5,/Users/kimsumin/projects/RGMC/data/map/robot4/images/1018.png,/Users/kimsumin/projects/RGMC/data/map/robot4/overlays/1018_overlay.png,/Users/kimsumin/projects/RGMC/data/map/robot4/masks/1018_mask.png
1019,0.8428125000000001,0.9375,,163.6903460837887,421.335466179159,1,0.0,0.039694921420639726,0.07864892779582185,1775843218.6809695,5,/Users/kimsumin/projects/RGMC/data/map/robot4/images/1019.png,/Users/kimsumin/projects/RGMC/data/map/robot4/overlays/1019_overlay.png,/Users/kimsumin/projects/RGMC/data/map/robot4/masks/1019_mask.png
1020,0.8718750000000001,0.9375,,163.6095060577819,434.0931966449208,1,0.0,0.04947024738840318,0.13942599664808977,1775843227.589637,5,/Users/kimsumin/projects/RGMC/data/map/robot4/images/1020.png,/Users/kimsumin/projects/RGMC/data/map/robot4/overlays/1020_overlay.png,/Users/kimsumin/projects/RGMC/data/map/robot4/masks/1020_mask.png
1021,0.9009375000000001,0.9375,,163.68485915492957,446.69325153374234,1,0.0,0.03857034095679976,0.3253545487133286,1775843236.4427073,5,/Users/kimsumin/projects/RGMC/data/map/robot4/images/1021.png,/Users/kimsumin/projects/RGMC/data/map/robot4/overlays/1021_overlay.png,/Users/kimsumin/projects/RGMC/data/map/robot4/masks/1021_mask.png
1022,0.93,0.9375,,163.7730294396961,459.5242165242165,1,0.0,0.02392302206684891,0.016782431343119533,1775843245.5547614,5,/Users/kimsumin/projects/RGMC/data/map/robot4/images/1022.png,/Users/kimsumin/projects/RGMC/data/map/robot4/overlays/1022_overlay.png,/Users/kimsumin/projects/RGMC/data/map/robot4/masks/1022_mask.png
1023,0.93,0.96875,,150.63619047619048,459.71782650142995,1,0.0,0.04334519709951687,0.03252509669692484,1775843254.4569802,5,/Users/kimsumin/projects/RGMC/data/map/robot4/images/1023.png,/Users/kimsumin/projects/RGMC/data/map/robot4/overlays/1023_overlay.png,/Users/kimsumin/projects/RGMC/data/map/robot4/masks/1023_mask.png
1024,0.9009375000000001,0.96875,,150.30342275670677,447.52222222222224,1,0.0,0.04743067529009649,0.042065879732656505,1775843263.2585692,5,/Users/kimsumin/projects/RGMC/data/map/robot4/images/1024.png,/Users/kimsumin/projects/RGMC/data/map/robot4/overlays/1024_overlay.png,/Users/kimsumin/projects/RGMC/data/map/robot4/masks/1024_mask.png
1025,0.8718750000000001,0.96875,,150.40110395584176,434.3625461254613,1,0.0,0.060143218053809934,0.2926757314786005,1775843272.2172768,5,/Users/kimsumin/projects/RGMC/data/map/robot4/images/1025.png,/Users/kimsumin/projects/RGMC/data/map/robot4/overlays/1025_overlay.png,/Users/kimsumin/projects/RGMC/data/map/robot4/masks/1025_mask.png
1026,0.8428125000000001,0.96875,,150.37883008356545,421.5358139534884,1,0.0,0.02187629102442778,0.06666193741197021,1775843281.3316092,5,/Users/kimsumin/projects/RGMC/data/map/robot4/images/1026.png,/Users/kimsumin/projects/RGMC/data/map/robot4/overlays/1026_overlay.png,/Users/kimsumin/projects/RGMC/data/map/robot4/masks/1026_mask.png
1027,0.8137500000000001,0.96875,,150.3556370302475,409.15837937384896,1,0.0,0.07592104506836941,0.04180161936838689,1775843290.5153537,5,/Users/kimsumin/projects/RGMC/data/map/robot4/images/1027.png,/Users/kimsumin/projects/RGMC/data/map/robot4/overlays/1027_overlay.png,/Users/kimsumin/projects/RGMC/data/map/robot4/masks/1027_mask.png
1028,0.7846875000000001,0.96875,,150.4315503173164,396.5249320036265,1,0.0,0.24194951469296616,0.08100567701029916,1775843299.4570274,5,/Users/kimsumin/projects/RGMC/data/map/robot4/images/1028.png,/Users/kimsumin/projects/RGMC/data/map/robot4/overlays/1028_overlay.png,/Users/kimsumin/projects/RGMC/data/map/robot4/masks/1028_mask.png
1029,0.755625,0.96875,,149.68547641073081,383.3600729261623,1,0.0,0.2659633189359614,0.04858470945826332,1775843308.323648,5,/Users/kimsumin/projects/RGMC/data/map/robot4/images/1029.png,/Users/kimsumin/projects/RGMC/data/map/robot4/overlays/1029_overlay.png,/Users/kimsumin/projects/RGMC/data/map/robot4/masks/1029_mask.png
1030,0.7265625,0.96875,,149.47943831494484,371.16183816183815,1,0.0,0.46333836270457046,0.06255556944640604,1775843317.2774744,5,/Users/kimsumin/projects/RGMC/data/map/robot4/images/1030.png,/Users/kimsumin/projects/RGMC/data/map/robot4/overlays/1030_overlay.png,/Users/kimsumin/projects/RGMC/data/map/robot4/masks/1030_mask.png
1031,0.6975,0.96875,,149.7461468721668,356.94355597365944,1,0.0,0.3635847316275674,0.07482447242258292,1775843326.2707856,5,/Users/kimsumin/projects/RGMC/data/map/robot4/images/1031.png,/Users/kimsumin/projects/RGMC/data/map/robot4/overlays/1031_overlay.png,/Users/kimsumin/projects/RGMC/data/map/robot4/masks/1031_mask.png
1032,0.6684375,0.96875,,149.6767955801105,344.1289134438306,1,0.0,0.38481773476862036,0.03136776908314922,1775843335.4261477,5,/Users/kimsumin/projects/RGMC/data/map/robot4/images/1032.png,/Users/kimsumin/projects/RGMC/data/map/robot4/overlays/1032_overlay.png,/Users/kimsumin/projects/RGMC/data/map/robot4/masks/1032_mask.png
1033,0.639375,0.96875,,150.64509990485251,331.73929590865845,1,0.0,0.0459284283265436,0.034393814649541145,1775843344.2859993,5,/Users/kimsumin/projects/RGMC/data/map/robot4/images/1033.png,/Users/kimsumin/projects/RGMC/data/map/robot4/overlays/1033_overlay.png,/Users/kimsumin/projects/RGMC/data/map/robot4/masks/1033_mask.png
1034,0.6103125,0.96875,,150.51569933396766,319.1208372978116,1,0.0,0.030771433002227178,0.040648536878476776,1775843353.4205906,5,/Users/kimsumin/projects/RGMC/data/map/robot4/images/1034.png,/Users/kimsumin/projects/RGMC/data/map/robot4/overlays/1034_overlay.png,/Users/kimsumin/projects/RGMC/data/map/robot4/masks/1034_mask.png
1035,0.58125,0.96875,,150.0170293282876,306.4976348155156,1,0.0,0.31718548777615785,0.27669945529210455,1775843362.4722712,5,/Users/kimsumin/projects/RGMC/data/map/robot4/images/1035.png,/Users/kimsumin/projects/RGMC/data/map/robot4/overlays/1035_overlay.png,/Users/kimsumin/projects/RGMC/data/map/robot4/masks/1035_mask.png
1036,0.5521875,0.96875,,150.4829222011385,292.7466918714556,1,0.0,0.09065856575986243,0.12247963708611485,1775843371.752038,5,/Users/kimsumin/projects/RGMC/data/map/robot4/images/1036.png,/Users/kimsumin/projects/RGMC/data/map/robot4/overlays/1036_overlay.png,/Users/kimsumin/projects/RGMC/data/map/robot4/masks/1036_mask.png
1037,0.5231250000000001,0.96875,,150.61398467432952,279.7758620689655,1,0.0,0.07261862403404068,0.03233336900632416,1775843380.9714081,5,/Users/kimsumin/projects/RGMC/data/map/robot4/images/1037.png,/Users/kimsumin/projects/RGMC/data/map/robot4/overlays/1037_overlay.png,/Users/kimsumin/projects/RGMC/data/map/robot4/masks/1037_mask.png
1038,0.4940625,0.96875,,150.47407407407408,267.71243042671614,1,0.0,0.13552660871466865,0.13395178454439596,1775843390.2239456,5,/Users/kimsumin/projects/RGMC/data/map/robot4/images/1038.png,/Users/kimsumin/projects/RGMC/data/map/robot4/overlays/1038_overlay.png,/Users/kimsumin/projects/RGMC/data/map/robot4/masks/1038_mask.png
1039,0.465,0.96875,,150.492700729927,254.75273722627736,1,0.0,0.07938644223672031,0.2763452336179435,1775843399.3030238,5,/Users/kimsumin/projects/RGMC/data/map/robot4/images/1039.png,/Users/kimsumin/projects/RGMC/data/map/robot4/overlays/1039_overlay.png,/Users/kimsumin/projects/RGMC/data/map/robot4/masks/1039_mask.png
1040,0.43593750000000003,0.96875,,150.4343612334802,241.85152838427948,1,0.0,0.05425382602541253,0.1220821195996629,1775843408.4031835,5,/Users/kimsumin/projects/RGMC/data/map/robot4/images/1040.png,/Users/kimsumin/projects/RGMC/data/map/robot4/overlays/1040_overlay.png,/Users/kimsumin/projects/RGMC/data/map/robot4/masks/1040_mask.png
1041,0.40687500000000004,0.96875,,150.6038077969175,229.0716228467815,1,0.0,0.04248008638752639,0.07200701586251444,1775843417.6090136,5,/Users/kimsumin/projects/RGMC/data/map/robot4/images/1041.png,/Users/kimsumin/projects/RGMC/data/map/robot4/overlays/1041_overlay.png,/Users/kimsumin/projects/RGMC/data/map/robot4/masks/1041_mask.png
1042,0.3778125,0.96875,,150.2961210974456,215.77777777777777,1,0.0,0.09525055864831512,0.0794408595236406,1775843426.9325984,5,/Users/kimsumin/projects/RGMC/data/map/robot4/images/1042.png,/Users/kimsumin/projects/RGMC/data/map/robot4/overlays/1042_overlay.png,/Users/kimsumin/projects/RGMC/data/map/robot4/masks/1042_mask.png
1043,0.34875,0.96875,,150.56457564575646,203.55194805194805,1,0.0,0.03422896361428788,0.08895030856927846,1775843438.0606956,5,/Users/kimsumin/projects/RGMC/data/map/robot4/images/1043.png,/Users/kimsumin/projects/RGMC/data/map/robot4/overlays/1043_overlay.png,/Users/kimsumin/projects/RGMC/data/map/robot4/masks/1043_mask.png
1044,0.3196875,0.96875,,150.43661971830986,190.88457987072945,1,0.0,0.05640415615365058,0.0567435937591759,1775843447.0747952,5,/Users/kimsumin/projects/RGMC/data/map/robot4/images/1044.png,/Users/kimsumin/projects/RGMC/data/map/robot4/overlays/1044_overlay.png,/Users/kimsumin/projects/RGMC/data/map/robot4/masks/1044_mask.png
1045,0.290625,0.96875,,150.66730038022814,178.56315289648623,1,0.0,0.0890373130672432,0.3680531869874149,1775843458.06502,5,/Users/kimsumin/projects/RGMC/data/map/robot4/images/1045.png,/Users/kimsumin/projects/RGMC/data/map/robot4/overlays/1045_overlay.png,/Users/kimsumin/projects/RGMC/data/map/robot4/masks/1045_mask.png
1046,0.26156250000000003,0.96875,,150.65050320219578,165.02648401826485,1,0.0,0.03962187023634555,0.06910531348938627,1775843467.385627,5,/Users/kimsumin/projects/RGMC/data/map/robot4/images/1046.png,/Users/kimsumin/projects/RGMC/data/map/robot4/overlays/1046_overlay.png,/Users/kimsumin/projects/RGMC/data/map/robot4/masks/1046_mask.png
1047,0.2325,0.96875,,150.9859287054409,152.70252572497662,1,0.0,0.05637576862340457,0.11593941913038489,1775843476.2747095,5,/Users/kimsumin/projects/RGMC/data/map/robot4/images/1047.png,/Users/kimsumin/projects/RGMC/data/map/robot4/overlays/1047_overlay.png,/Users/kimsumin/projects/RGMC/data/map/robot4/masks/1047_mask.png
1048,0.20343750000000002,0.96875,,151.22714681440442,140.22622345337027,1,0.0,0.017691792834982775,0.050295050742551604,1775843485.2198408,5,/Users/kimsumin/projects/RGMC/data/map/robot4/images/1048.png,/Users/kimsumin/projects/RGMC/data/map/robot4/overlays/1048_overlay.png,/Users/kimsumin/projects/RGMC/data/map/robot4/masks/1048_mask.png
1049,0.174375,0.96875,,151.463436928702,127.59286367795059,1,0.0,0.061955203138934274,0.06522963673273954,1775843494.2995625,5,/Users/kimsumin/projects/RGMC/data/map/robot4/images/1049.png,/Users/kimsumin/projects/RGMC/data/map/robot4/overlays/1049_overlay.png,/Users/kimsumin/projects/RGMC/data/map/robot4/masks/1049_mask.png
1050,0.1453125,0.96875,,152.44269466316712,115.72003499562555,1,0.0,0.42927346319876086,0.14096977294841495,1775843503.2260654,5,/Users/kimsumin/projects/RGMC/data/map/robot4/images/1050.png,/Users/kimsumin/projects/RGMC/data/map/robot4/overlays/1050_overlay.png,/Users/kimsumin/projects/RGMC/data/map/robot4/masks/1050_mask.png
1051,0.11625,0.96875,,151.093370681606,102.63786764705883,1,0.0,0.3032019557923543,0.09720029264952629,1775843512.2560158,5,/Users/kimsumin/projects/RGMC/data/map/robot4/images/1051.png,/Users/kimsumin/projects/RGMC/data/map/robot4/overlays/1051_overlay.png,/Users/kimsumin/projects/RGMC/data/map/robot4/masks/1051_mask.png
1052,0.0871875,0.96875,,150.95450324976787,89.13253012048193,1,0.0,0.062201378082601594,0.053588471274393576,1775843521.1967647,5,/Users/kimsumin/projects/RGMC/data/map/robot4/images/1052.png,/Users/kimsumin/projects/RGMC/data/map/robot4/overlays/1052_overlay.png,/Users/kimsumin/projects/RGMC/data/map/robot4/masks/1052_mask.png
1053,0.058125,0.96875,,150.9656108597285,76.59584086799276,1,0.0,0.025473988403297464,0.06700686056658815,1775843530.3634965,5,/Users/kimsumin/projects/RGMC/data/map/robot4/images/1053.png,/Users/kimsumin/projects/RGMC/data/map/robot4/overlays/1053_overlay.png,/Users/kimsumin/projects/RGMC/data/map/robot4/masks/1053_mask.png
1054,0.0290625,0.96875,,150.97592592592594,64.07685185185186,1,0.0,0.06498409267706376,0.07376890384759975,1775843540.7130783,5,/Users/kimsumin/projects/RGMC/data/map/robot4/images/1054.png,/Users/kimsumin/projects/RGMC/data/map/robot4/overlays/1054_overlay.png,/Users/kimsumin/projects/RGMC/data/map/robot4/masks/1054_mask.png
1055,0.0,0.96875,,151.22595281306715,51.66818181818182,1,0.0,0.04853703404159963,0.032630365775636716,1775843549.640931,5,/Users/kimsumin/projects/RGMC/data/map/robot4/images/1055.png,/Users/kimsumin/projects/RGMC/data/map/robot4/overlays/1055_overlay.png,/Users/kimsumin/projects/RGMC/data/map/robot4/masks/1055_mask.png
1056,0.0,1.0,,137.40586145648314,51.57181088314005,1,0.0,0.12857182404641984,0.0799018068768309,1775843558.730873,5,/Users/kimsumin/projects/RGMC/data/map/robot4/images/1056.png,/Users/kimsumin/projects/RGMC/data/map/robot4/overlays/1056_overlay.png,/Users/kimsumin/projects/RGMC/data/map/robot4/masks/1056_mask.png
1057,0.0290625,1.0,,137.20735155513665,63.71860245514637,1,0.0,0.05663548175651768,0.06856395985908718,1775843567.6317327,5,/Users/kimsumin/projects/RGMC/data/map/robot4/images/1057.png,/Users/kimsumin/projects/RGMC/data/map/robot4/overlays/1057_overlay.png,/Users/kimsumin/projects/RGMC/data/map/robot4/masks/1057_mask.png
1058,0.058125,1.0,,136.1013953488372,76.06883720930233,1,0.0,0.3292222418199716,0.0412584792445374,1775843576.6225846,5,/Users/kimsumin/projects/RGMC/data/map/robot4/images/1058.png,/Users/kimsumin/projects/RGMC/data/map/robot4/overlays/1058_overlay.png,/Users/kimsumin/projects/RGMC/data/map/robot4/masks/1058_mask.png
1059,0.0871875,1.0,,136.58250676284942,88.89464123524068,1,0.0,0.23046447664116734,0.07975756485563501,1775843585.648734,5,/Users/kimsumin/projects/RGMC/data/map/robot4/images/1059.png,/Users/kimsumin/projects/RGMC/data/map/robot4/overlays/1059_overlay.png,/Users/kimsumin/projects/RGMC/data/map/robot4/masks/1059_mask.png
1060,0.11625,1.0,,137.11035653650254,101.07333908541847,1,0.0,0.05328256975638562,0.09825201115947783,1775843595.7373214,5,/Users/kimsumin/projects/RGMC/data/map/robot4/images/1060.png,/Users/kimsumin/projects/RGMC/data/map/robot4/overlays/1060_overlay.png,/Users/kimsumin/projects/RGMC/data/map/robot4/masks/1060_mask.png
1061,0.1453125,1.0,,136.97808219178083,114.71469194312796,1,0.0,0.38492974176967115,0.06247496804183389,1775843604.5777535,5,/Users/kimsumin/projects/RGMC/data/map/robot4/images/1061.png,/Users/kimsumin/projects/RGMC/data/map/robot4/overlays/1061_overlay.png,/Users/kimsumin/projects/RGMC/data/map/robot4/masks/1061_mask.png
1062,0.174375,1.0,,136.84831460674158,127.19756554307116,1,0.0,0.12286173997464855,0.06977386912232236,1775843613.7113028,5,/Users/kimsumin/projects/RGMC/data/map/robot4/images/1062.png,/Users/kimsumin/projects/RGMC/data/map/robot4/overlays/1062_overlay.png,/Users/kimsumin/projects/RGMC/data/map/robot4/masks/1062_mask.png
1063,0.20343750000000002,1.0,,136.29026387625115,139.820110701107,1,0.0,0.042708355168017624,0.13221864719470977,1775843622.9390204,5,/Users/kimsumin/projects/RGMC/data/map/robot4/images/1063.png,/Users/kimsumin/projects/RGMC/data/map/robot4/overlays/1063_overlay.png,/Users/kimsumin/projects/RGMC/data/map/robot4/masks/1063_mask.png
1064,0.2325,1.0,,136.18423551756885,152.09831460674158,1,0.0,0.05769721801101215,0.0623770058335243,1775843634.0902262,5,/Users/kimsumin/projects/RGMC/data/map/robot4/images/1064.png,/Users/kimsumin/projects/RGMC/data/map/robot4/overlays/1064_overlay.png,/Users/kimsumin/projects/RGMC/data/map/robot4/masks/1064_mask.png
1065,0.26156250000000003,1.0,,135.80714285714285,164.41964285714286,1,0.0,0.09266755674343774,0.05373646540381849,1775843642.977347,5,/Users/kimsumin/projects/RGMC/data/map/robot4/images/1065.png,/Users/kimsumin/projects/RGMC/data/map/robot4/overlays/1065_overlay.png,/Users/kimsumin/projects/RGMC/data/map/robot4/masks/1065_mask.png
1066,0.290625,1.0,,136.05509641873277,177.1274238227147,1,0.0,0.04525705643852329,0.05263614159559665,1775843651.867747,5,/Users/kimsumin/projects/RGMC/data/map/robot4/images/1066.png,/Users/kimsumin/projects/RGMC/data/map/robot4/overlays/1066_overlay.png,/Users/kimsumin/projects/RGMC/data/map/robot4/masks/1066_mask.png
1067,0.3196875,1.0,,135.7140287769784,189.76888489208633,1,0.0,0.09942149366914409,0.1182929927789469,1775843660.7454617,5,/Users/kimsumin/projects/RGMC/data/map/robot4/images/1067.png,/Users/kimsumin/projects/RGMC/data/map/robot4/overlays/1067_overlay.png,/Users/kimsumin/projects/RGMC/data/map/robot4/masks/1067_mask.png
1068,0.34875,1.0,,135.8045871559633,203.12615955473098,1,0.0,0.08100759097994113,0.028773501061463442,1775843669.7209425,5,/Users/kimsumin/projects/RGMC/data/map/robot4/images/1068.png,/Users/kimsumin/projects/RGMC/data/map/robot4/overlays/1068_overlay.png,/Users/kimsumin/projects/RGMC/data/map/robot4/masks/1068_mask.png
1069,0.3778125,1.0,,136.00184162062615,215.58780036968577,1,0.0,0.07927104231973998,0.15596728467727092,1775843678.739459,5,/Users/kimsumin/projects/RGMC/data/map/robot4/images/1069.png,/Users/kimsumin/projects/RGMC/data/map/robot4/overlays/1069_overlay.png,/Users/kimsumin/projects/RGMC/data/map/robot4/masks/1069_mask.png
1070,0.40687500000000004,1.0,,135.84320875113949,228.3306010928962,1,0.0,0.07116546087566725,0.04378115511589166,1775843691.7484488,5,/Users/kimsumin/projects/RGMC/data/map/robot4/images/1070.png,/Users/kimsumin/projects/RGMC/data/map/robot4/overlays/1070_overlay.png,/Users/kimsumin/projects/RGMC/data/map/robot4/masks/1070_mask.png
1071,0.43593750000000003,1.0,,135.6551111111111,241.50666666666666,1,0.0,0.15478227098504546,0.09548575231932623,1775843700.7813087,5,/Users/kimsumin/projects/RGMC/data/map/robot4/images/1071.png,/Users/kimsumin/projects/RGMC/data/map/robot4/overlays/1071_overlay.png,/Users/kimsumin/projects/RGMC/data/map/robot4/masks/1071_mask.png
1072,0.465,1.0,,136.31793960923625,253.75045045045044,1,0.0,0.1905908981522622,0.10407591543938556,1775843709.6234677,5,/Users/kimsumin/projects/RGMC/data/map/robot4/images/1072.png,/Users/kimsumin/projects/RGMC/data/map/robot4/overlays/1072_overlay.png,/Users/kimsumin/projects/RGMC/data/map/robot4/masks/1072_mask.png
1073,0.4940625,1.0,,135.7896150402865,267.1117318435754,1,0.0,0.08127052981502622,0.3424610299718592,1775843718.7399032,5,/Users/kimsumin/projects/RGMC/data/map/robot4/images/1073.png,/Users/kimsumin/projects/RGMC/data/map/robot4/overlays/1073_overlay.png,/Users/kimsumin/projects/RGMC/data/map/robot4/masks/1073_mask.png
1074,0.5231250000000001,1.0,,135.86078252957233,279.5832549388523,1,0.0,0.02068949948810337,0.31886181105293704,1775843727.8097117,5,/Users/kimsumin/projects/RGMC/data/map/robot4/images/1074.png,/Users/kimsumin/projects/RGMC/data/map/robot4/overlays/1074_overlay.png,/Users/kimsumin/projects/RGMC/data/map/robot4/masks/1074_mask.png
1075,0.5521875,1.0,,135.8420091324201,292.36211699164346,1,0.0,0.05940992086288478,0.05947855031769109,1775843738.559269,5,/Users/kimsumin/projects/RGMC/data/map/robot4/images/1075.png,/Users/kimsumin/projects/RGMC/data/map/robot4/overlays/1075_overlay.png,/Users/kimsumin/projects/RGMC/data/map/robot4/masks/1075_mask.png
1076,0.58125,1.0,,136.0814393939394,305.1316287878788,1,0.0,0.2237488419951355,0.05703501308147043,1775843747.6222305,5,/Users/kimsumin/projects/RGMC/data/map/robot4/images/1076.png,/Users/kimsumin/projects/RGMC/data/map/robot4/overlays/1076_overlay.png,/Users/kimsumin/projects/RGMC/data/map/robot4/masks/1076_mask.png
1077,0.6103125,1.0,,135.890625,318.1456043956044,1,0.0,0.04888817675992646,0.034393520096199004,1775843756.6698701,5,/Users/kimsumin/projects/RGMC/data/map/robot4/images/1077.png,/Users/kimsumin/projects/RGMC/data/map/robot4/overlays/1077_overlay.png,/Users/kimsumin/projects/RGMC/data/map/robot4/masks/1077_mask.png
1078,0.639375,1.0,,136.1677788369876,331.3199617956065,1,0.0,0.19209980856572914,0.07663186288459228,1775843765.571986,5,/Users/kimsumin/projects/RGMC/data/map/robot4/images/1078.png,/Users/kimsumin/projects/RGMC/data/map/robot4/overlays/1078_overlay.png,/Users/kimsumin/projects/RGMC/data/map/robot4/masks/1078_mask.png
1079,0.6684375,1.0,,136.0728476821192,343.9446036294174,1,0.0,0.03406769494016298,0.10279186095986727,1775843774.891716,5,/Users/kimsumin/projects/RGMC/data/map/robot4/images/1079.png,/Users/kimsumin/projects/RGMC/data/map/robot4/overlays/1079_overlay.png,/Users/kimsumin/projects/RGMC/data/map/robot4/masks/1079_mask.png
1080,0.6975,1.0,,135.88723205964584,356.5060577819199,1,0.0,0.044546861966152394,0.04455074980685599,1775843787.422248,5,/Users/kimsumin/projects/RGMC/data/map/robot4/images/1080.png,/Users/kimsumin/projects/RGMC/data/map/robot4/overlays/1080_overlay.png,/Users/kimsumin/projects/RGMC/data/map/robot4/masks/1080_mask.png
1081,0.7265625,1.0,,135.95110701107012,369.77389705882354,1,0.0,0.026246763854645395,0.313367816441939,1775843796.6119246,5,/Users/kimsumin/projects/RGMC/data/map/robot4/images/1081.png,/Users/kimsumin/projects/RGMC/data/map/robot4/overlays/1081_overlay.png,/Users/kimsumin/projects/RGMC/data/map/robot4/masks/1081_mask.png
1082,0.755625,1.0,,135.89736346516008,383.03389830508473,1,0.0,0.04289088632623743,0.32752401693805583,1775843805.7128208,5,/Users/kimsumin/projects/RGMC/data/map/robot4/images/1082.png,/Users/kimsumin/projects/RGMC/data/map/robot4/overlays/1082_overlay.png,/Users/kimsumin/projects/RGMC/data/map/robot4/masks/1082_mask.png
1083,0.7846875000000001,1.0,,136.03497164461248,395.53521126760563,1,0.0,0.022492250057084117,0.05040097097833099,1775843814.6891952,5,/Users/kimsumin/projects/RGMC/data/map/robot4/images/1083.png,/Users/kimsumin/projects/RGMC/data/map/robot4/overlays/1083_overlay.png,/Users/kimsumin/projects/RGMC/data/map/robot4/masks/1083_mask.png
1084,0.8137500000000001,1.0,,136.08295350957155,408.7477148080439,1,0.0,0.017490473466625262,0.03679541061738786,1775843823.9128957,5,/Users/kimsumin/projects/RGMC/data/map/robot4/images/1084.png,/Users/kimsumin/projects/RGMC/data/map/robot4/overlays/1084_overlay.png,/Users/kimsumin/projects/RGMC/data/map/robot4/masks/1084_mask.png
1085,0.8428125000000001,1.0,,135.82449725776965,421.08463661453544,1,0.0,0.11023492084583535,0.06032904474529662,1775843832.9938352,5,/Users/kimsumin/projects/RGMC/data/map/robot4/images/1085.png,/Users/kimsumin/projects/RGMC/data/map/robot4/overlays/1085_overlay.png,/Users/kimsumin/projects/RGMC/data/map/robot4/masks/1085_mask.png
1086,0.8718750000000001,1.0,,136.0,434.825918762089,1,0.0,0.05415008009097409,0.045963125610129565,1775843842.0368032,5,/Users/kimsumin/projects/RGMC/data/map/robot4/images/1086.png,/Users/kimsumin/projects/RGMC/data/map/robot4/overlays/1086_overlay.png,/Users/kimsumin/projects/RGMC/data/map/robot4/masks/1086_mask.png
1087,0.9009375000000001,1.0,,135.87120515179393,447.40478380864766,1,0.0,0.008574226616190117,0.008918131753989655,1775843851.0186155,5,/Users/kimsumin/projects/RGMC/data/map/robot4/images/1087.png,/Users/kimsumin/projects/RGMC/data/map/robot4/overlays/1087_overlay.png,/Users/kimsumin/projects/RGMC/data/map/robot4/masks/1087_mask.png
1088,0.93,1.0,,135.97994269340975,459.45,1,0.0,0.06430111393624403,0.05444318989896707,1775843861.535806,5,/Users/kimsumin/projects/RGMC/data/map/robot4/images/1088.png,/Users/kimsumin/projects/RGMC/data/map/robot4/overlays/1088_overlay.png,/Users/kimsumin/projects/RGMC/data/map/robot4/masks/1088_mask.png
938,0.40687500000000004,0.875,,191.63547237076648,229.36185383244208,1,0.0,0.04598308814826882,0.08077388256849466,1775881923.2886434,5,/Users/kimsumin/projects/RGMC/data/map/robot4/images/0938.png,/Users/kimsumin/projects/RGMC/data/map/robot4/overlays/0938_overlay.png,/Users/kimsumin/projects/RGMC/data/map/robot4/masks/0938_mask.png
