idx,x,y,z,u,v,ok,confidence,std_u,std_v,timestamp,n_valid,image_path,overlay_path,mask_path
0,0.03,0.0,0.0,595.7144152311877,22.73430391264786,1,0.0,0.02124755588020358,0.055273697629207176,1776270906.221144,5,/Users/kimsumin/projects/RGMC/data/map/robot22/images/0000.png,/Users/kimsumin/projects/RGMC/data/map/robot22/overlays/0000_overlay.png,/Users/kimsumin/projects/RGMC/data/map/robot22/masks/0000_mask.png
1,0.06,0.0,0.0,595.5412926391382,35.45381165919282,1,0.0,0.033141045822836265,0.03272775387732777,1776270919.0971622,5,/Users/kimsumin/projects/RGMC/data/map/robot22/images/0001.png,/Users/kimsumin/projects/RGMC/data/map/robot22/overlays/0001_overlay.png,/Users/kimsumin/projects/RGMC/data/map/robot22/masks/0001_mask.png
2,0.09,0.0,0.0,595.7110507246376,48.429475587703436,1,0.0,0.04533364907527342,0.08028518705179341,1776270931.1630077,5,/Users/kimsumin/projects/RGMC/data/map/robot22/images/0002.png,/Users/kimsumin/projects/RGMC/data/map/robot22/overlays/0002_overlay.png,/Users/kimsumin/projects/RGMC/data/map/robot22/masks/0002_mask.png
3,0.12,0.0,0.0,595.8023679417122,62.735694822888284,1,0.0,0.2620490058458736,0.045752944515829494,1776270941.0708728,5,/Users/kimsumin/projects/RGMC/data/map/robot22/images/0003.png,/Users/kimsumin/projects/RGMC/data/map/robot22/overlays/0003_overlay.png,/Users/kimsumin/projects/RGMC/data/map/robot22/masks/0003_mask.png
4,0.15,0.0,0.0,596.3240418118467,75.86355785837651,1,0.0,0.06299494066136051,0.02274322593216442,1776270953.92008,5,/Users/kimsumin/projects/RGMC/data/map/robot22/images/0004.png,/Users/kimsumin/projects/RGMC/data/map/robot22/overlays/0004_overlay.png,/Users/kimsumin/projects/RGMC/data/map/robot22/masks/0004_mask.png
5,0.18,0.0,0.0,596.4001736111111,89.06499133448874,1,0.0,0.21744012345476607,0.07928522236080285,1776270963.769896,5,/Users/kimsumin/projects/RGMC/data/map/robot22/images/0005.png,/Users/kimsumin/projects/RGMC/data/map/robot22/overlays/0005_overlay.png,/Users/kimsumin/projects/RGMC/data/map/robot22/masks/0005_mask.png
6,0.21,0.0,0.0,596.4075704225352,103.06972639011474,1,0.0,0.08442620849375805,0.03817210170181443,1776270974.2315958,5,/Users/kimsumin/projects/RGMC/data/map/robot22/images/0006.png,/Users/kimsumin/projects/RGMC/data/map/robot22/overlays/0006_overlay.png,/Users/kimsumin/projects/RGMC/data/map/robot22/masks/0006_mask.png
7,0.24,0.0,0.0,596.0251346499102,116.08468468468469,1,0.0,0.024432047728414168,0.038256201912534496,1776270985.0768967,5,/Users/kimsumin/projects/RGMC/data/map/robot22/images/0007.png,/Users/kimsumin/projects/RGMC/data/map/robot22/overlays/0007_overlay.png,/Users/kimsumin/projects/RGMC/data/map/robot22/masks/0007_mask.png
8,0.27,0.0,0.0,596.405636208369,130.4227353463588,1,0.0,0.0519428458503678,0.39516042370034543,1776270995.3777485,5,/Users/kimsumin/projects/RGMC/data/map/robot22/images/0008.png,/Users/kimsumin/projects/RGMC/data/map/robot22/overlays/0008_overlay.png,/Users/kimsumin/projects/RGMC/data/map/robot22/masks/0008_mask.png
9,0.30000000000000004,0.0,0.0,596.04869251578,143.41388638412985,1,0.0,0.25559601289070527,0.05186015415927907,1776271005.2106783,5,/Users/kimsumin/projects/RGMC/data/map/robot22/images/0009.png,/Users/kimsumin/projects/RGMC/data/map/robot22/overlays/0009_overlay.png,/Users/kimsumin/projects/RGMC/data/map/robot22/masks/0009_mask.png
10,0.32999999999999996,0.0,0.0,596.7174657534247,156.74058219178082,1,0.0,0.03132449037914554,0.019083134506151987,1776271015.2669442,5,/Users/kimsumin/projects/RGMC/data/map/robot22/images/0010.png,/Users/kimsumin/projects/RGMC/data/map/robot22/overlays/0010_overlay.png,/Users/kimsumin/projects/RGMC/data/map/robot22/masks/0010_mask.png
11,0.36,0.0,0.0,596.7145299145299,170.86433447098977,1,0.0,0.03884393350112528,0.024430845016936723,1776271025.536599,5,/Users/kimsumin/projects/RGMC/data/map/robot22/images/0011.png,/Users/kimsumin/projects/RGMC/data/map/robot22/overlays/0011_overlay.png,/Users/kimsumin/projects/RGMC/data/map/robot22/masks/0011_mask.png
12,0.39,0.0,0.0,596.9177101967799,183.50617283950618,1,0.0,0.06018733318171147,0.04767714494282697,1776271035.754891,5,/Users/kimsumin/projects/RGMC/data/map/robot22/images/0012.png,/Users/kimsumin/projects/RGMC/data/map/robot22/overlays/0012_overlay.png,/Users/kimsumin/projects/RGMC/data/map/robot22/masks/0012_mask.png
13,0.42000000000000004,0.0,0.0,597.0214408233276,197.07179487179488,1,0.0,0.053235827056768464,0.0807202654224063,1776271048.5791812,5,/Users/kimsumin/projects/RGMC/data/map/robot22/images/0013.png,/Users/kimsumin/projects/RGMC/data/map/robot22/overlays/0013_overlay.png,/Users/kimsumin/projects/RGMC/data/map/robot22/masks/0013_mask.png
14,0.44999999999999996,0.0,0.0,597.079754601227,211.1315789473684,1,0.0,0.03589654453598784,0.06132290481369795,1776271059.0991342,5,/Users/kimsumin/projects/RGMC/data/map/robot22/images/0014.png,/Users/kimsumin/projects/RGMC/data/map/robot22/overlays/0014_overlay.png,/Users/kimsumin/projects/RGMC/data/map/robot22/masks/0014_mask.png
15,0.48,0.0,0.0,596.832895888014,223.77914110429447,1,0.0,0.05426273276158614,0.06345128756065402,1776271069.0404308,5,/Users/kimsumin/projects/RGMC/data/map/robot22/images/0015.png,/Users/kimsumin/projects/RGMC/data/map/robot22/overlays/0015_overlay.png,/Users/kimsumin/projects/RGMC/data/map/robot22/masks/0015_mask.png
16,0.51,0.0,0.0,595.9530558015944,237.17391304347825,1,0.0,0.028473021124769342,0.08710537892997243,1776271082.1992686,5,/Users/kimsumin/projects/RGMC/data/map/robot22/images/0016.png,/Users/kimsumin/projects/RGMC/data/map/robot22/overlays/0016_overlay.png,/Users/kimsumin/projects/RGMC/data/map/robot22/masks/0016_mask.png
17,0.54,0.0,0.0,595.8792792792793,251.25313059033988,1,0.0,0.16052818616711015,0.29960375043291404,1776271093.6965053,5,/Users/kimsumin/projects/RGMC/data/map/robot22/images/0017.png,/Users/kimsumin/projects/RGMC/data/map/robot22/overlays/0017_overlay.png,/Users/kimsumin/projects/RGMC/data/map/robot22/masks/0017_mask.png
18,0.5700000000000001,0.0,0.0,596.873593073593,264.64588744588747,1,0.0,0.03776704954258399,0.057018653346935955,1776271103.9464474,5,/Users/kimsumin/projects/RGMC/data/map/robot22/images/0018.png,/Users/kimsumin/projects/RGMC/data/map/robot22/overlays/0018_overlay.png,/Users/kimsumin/projects/RGMC/data/map/robot22/masks/0018_mask.png
19,0.6,0.0,0.0,597.0839350180505,278.7701252236136,1,0.0,0.059123951561615026,0.059785835859451554,1776271113.8830423,5,/Users/kimsumin/projects/RGMC/data/map/robot22/images/0019.png,/Users/kimsumin/projects/RGMC/data/map/robot22/overlays/0019_overlay.png,/Users/kimsumin/projects/RGMC/data/map/robot22/masks/0019_mask.png
20,0.63,0.0,0.0,597.2044247787611,291.71264367816093,1,0.0,0.023694696273656193,0.0331626915711602,1776271123.79755,5,/Users/kimsumin/projects/RGMC/data/map/robot22/images/0020.png,/Users/kimsumin/projects/RGMC/data/map/robot22/overlays/0020_overlay.png,/Users/kimsumin/projects/RGMC/data/map/robot22/masks/0020_mask.png
21,0.66,0.0,0.0,597.6258561643835,305.4166666666667,1,0.0,0.06982275162002106,0.05058754593521347,1776271135.0904405,5,/Users/kimsumin/projects/RGMC/data/map/robot22/images/0021.png,/Users/kimsumin/projects/RGMC/data/map/robot22/overlays/0021_overlay.png,/Users/kimsumin/projects/RGMC/data/map/robot22/masks/0021_mask.png
22,0.69,0.0,0.0,597.6817777777778,319.10295434198747,1,0.0,0.055087541726932455,0.028424936942810373,1776271145.703591,5,/Users/kimsumin/projects/RGMC/data/map/robot22/images/0022.png,/Users/kimsumin/projects/RGMC/data/map/robot22/overlays/0022_overlay.png,/Users/kimsumin/projects/RGMC/data/map/robot22/masks/0022_mask.png
23,0.72,0.0,0.0,597.7032201914708,332.81407471763686,1,0.0,0.04987238066453829,0.0777817337408543,1776271157.57163,5,/Users/kimsumin/projects/RGMC/data/map/robot22/images/0023.png,/Users/kimsumin/projects/RGMC/data/map/robot22/overlays/0023_overlay.png,/Users/kimsumin/projects/RGMC/data/map/robot22/masks/0023_mask.png
24,0.75,0.0,0.0,598.0297833935018,346.073756432247,1,0.0,0.09720899149959775,0.37857901478904527,1776271167.6834717,5,/Users/kimsumin/projects/RGMC/data/map/robot22/images/0024.png,/Users/kimsumin/projects/RGMC/data/map/robot22/overlays/0024_overlay.png,/Users/kimsumin/projects/RGMC/data/map/robot22/masks/0024_mask.png
25,0.78,0.0,0.0,598.2198088618593,360.3892267593397,1,0.0,0.021194724058710656,0.06513545916033656,1776271177.527137,5,/Users/kimsumin/projects/RGMC/data/map/robot22/images/0025.png,/Users/kimsumin/projects/RGMC/data/map/robot22/overlays/0025_overlay.png,/Users/kimsumin/projects/RGMC/data/map/robot22/masks/0025_mask.png
26,0.81,0.0,0.0,598.9714285714285,373.50758251561103,1,0.0,0.013705590376169181,0.013654797673016923,1776271187.3242662,5,/Users/kimsumin/projects/RGMC/data/map/robot22/images/0026.png,/Users/kimsumin/projects/RGMC/data/map/robot22/overlays/0026_overlay.png,/Users/kimsumin/projects/RGMC/data/map/robot22/masks/0026_mask.png
27,0.84,0.0,0.0,598.9926605504587,387.3855534709193,1,0.0,0.09364289165782283,0.056998279308700106,1776271197.1090798,5,/Users/kimsumin/projects/RGMC/data/map/robot22/images/0027.png,/Users/kimsumin/projects/RGMC/data/map/robot22/overlays/0027_overlay.png,/Users/kimsumin/projects/RGMC/data/map/robot22/masks/0027_mask.png
28,0.87,0.0,0.0,598.9168157423971,401.0769230769231,1,0.0,0.031592916362758725,0.04165184796257637,1776271207.1003044,5,/Users/kimsumin/projects/RGMC/data/map/robot22/images/0028.png,/Users/kimsumin/projects/RGMC/data/map/robot22/overlays/0028_overlay.png,/Users/kimsumin/projects/RGMC/data/map/robot22/masks/0028_mask.png
29,0.9,0.0,0.0,599.1973214285714,413.77966101694915,1,0.0,0.015338172718517316,0.027020933105633853,1776271217.0227568,5,/Users/kimsumin/projects/RGMC/data/map/robot22/images/0029.png,/Users/kimsumin/projects/RGMC/data/map/robot22/overlays/0029_overlay.png,/Users/kimsumin/projects/RGMC/data/map/robot22/masks/0029_mask.png
30,0.9299999999999999,0.0,0.0,599.1836183618362,428.35373537353735,1,0.0,0.03189762004032964,0.054531811487800584,1776271229.4724357,5,/Users/kimsumin/projects/RGMC/data/map/robot22/images/0030.png,/Users/kimsumin/projects/RGMC/data/map/robot22/overlays/0030_overlay.png,/Users/kimsumin/projects/RGMC/data/map/robot22/masks/0030_mask.png
31,0.96,0.0,0.0,599.2263814616756,441.6286472148541,1,0.0,0.018348155686310364,0.04902646380566715,1776271239.4307644,5,/Users/kimsumin/projects/RGMC/data/map/robot22/images/0031.png,/Users/kimsumin/projects/RGMC/data/map/robot22/overlays/0031_overlay.png,/Users/kimsumin/projects/RGMC/data/map/robot22/masks/0031_mask.png
32,0.99,0.0,0.0,599.3253456221198,455.31404958677683,1,0.0,0.05681825473466702,0.06788275926272756,1776271251.4089415,5,/Users/kimsumin/projects/RGMC/data/map/robot22/images/0032.png,/Users/kimsumin/projects/RGMC/data/map/robot22/overlays/0032_overlay.png,/Users/kimsumin/projects/RGMC/data/map/robot22/masks/0032_mask.png
33,0.99,0.03125,0.0,584.3244239631337,455.67557603686635,1,0.0,0.031235264326188235,0.029967584982660868,1776271261.4987855,5,/Users/kimsumin/projects/RGMC/data/map/robot22/images/0033.png,/Users/kimsumin/projects/RGMC/data/map/robot22/overlays/0033_overlay.png,/Users/kimsumin/projects/RGMC/data/map/robot22/masks/0033_mask.png
34,0.96,0.03125,0.0,584.1701323251418,442.65794392523367,1,0.0,0.04976271993269623,0.31253475415410764,1776271271.4083397,5,/Users/kimsumin/projects/RGMC/data/map/robot22/images/0034.png,/Users/kimsumin/projects/RGMC/data/map/robot22/overlays/0034_overlay.png,/Users/kimsumin/projects/RGMC/data/map/robot22/masks/0034_mask.png
35,0.9299999999999999,0.03125,0.0,584.0644007155635,428.93738819320214,1,0.0,0.023260393751239658,0.03753567927377341,1776271284.5654042,5,/Users/kimsumin/projects/RGMC/data/map/robot22/images/0035.png,/Users/kimsumin/projects/RGMC/data/map/robot22/overlays/0035_overlay.png,/Users/kimsumin/projects/RGMC/data/map/robot22/masks/0035_mask.png
36,0.9,0.03125,0.0,583.9492619926199,415.21153846153845,1,0.0,0.016419942123077354,0.05731009815710691,1776271294.6289234,5,/Users/kimsumin/projects/RGMC/data/map/robot22/images/0036.png,/Users/kimsumin/projects/RGMC/data/map/robot22/overlays/0036_overlay.png,/Users/kimsumin/projects/RGMC/data/map/robot22/masks/0036_mask.png
37,0.87,0.03125,0.0,584.1375985977213,401.30284191829486,1,0.0,0.010334373067529578,0.05688465167239925,1776271305.7551801,5,/Users/kimsumin/projects/RGMC/data/map/robot22/images/0037.png,/Users/kimsumin/projects/RGMC/data/map/robot22/overlays/0037_overlay.png,/Users/kimsumin/projects/RGMC/data/map/robot22/masks/0037_mask.png
38,0.84,0.03125,0.0,584.1687725631768,388.28021486123544,1,0.0,0.02918554052491232,0.03471210482467555,1776271315.8730888,5,/Users/kimsumin/projects/RGMC/data/map/robot22/images/0038.png,/Users/kimsumin/projects/RGMC/data/map/robot22/overlays/0038_overlay.png,/Users/kimsumin/projects/RGMC/data/map/robot22/masks/0038_mask.png
39,0.81,0.03125,0.0,583.8031634446397,373.9305799648506,1,0.0,0.04612912719042175,0.3704461534978873,1776271325.6845531,5,/Users/kimsumin/projects/RGMC/data/map/robot22/images/0039.png,/Users/kimsumin/projects/RGMC/data/map/robot22/overlays/0039_overlay.png,/Users/kimsumin/projects/RGMC/data/map/robot22/masks/0039_mask.png
40,0.78,0.03125,0.0,583.8913624220837,360.3770197486535,1,0.0,0.042148657402880645,0.057782342214843886,1776271335.5351472,5,/Users/kimsumin/projects/RGMC/data/map/robot22/images/0040.png,/Users/kimsumin/projects/RGMC/data/map/robot22/overlays/0040_overlay.png,/Users/kimsumin/projects/RGMC/data/map/robot22/masks/0040_mask.png
41,0.75,0.03125,0.0,583.8111824014666,347.16498625114576,1,0.0,0.031868872221450566,0.023828943492096744,1776271345.5321035,5,/Users/kimsumin/projects/RGMC/data/map/robot22/images/0041.png,/Users/kimsumin/projects/RGMC/data/map/robot22/overlays/0041_overlay.png,/Users/kimsumin/projects/RGMC/data/map/robot22/masks/0041_mask.png
42,0.72,0.03125,0.0,583.6333038086802,333.18548387096774,1,0.0,0.017667497647203736,0.08726947415073787,1776271355.2558205,5,/Users/kimsumin/projects/RGMC/data/map/robot22/images/0042.png,/Users/kimsumin/projects/RGMC/data/map/robot22/overlays/0042_overlay.png,/Users/kimsumin/projects/RGMC/data/map/robot22/masks/0042_mask.png
43,0.69,0.03125,0.0,583.6398891966759,319.8454461821527,1,0.0,0.024189447516648407,0.03338644094468012,1776271365.1623564,5,/Users/kimsumin/projects/RGMC/data/map/robot22/images/0043.png,/Users/kimsumin/projects/RGMC/data/map/robot22/overlays/0043_overlay.png,/Users/kimsumin/projects/RGMC/data/map/robot22/masks/0043_mask.png
44,0.66,0.03125,0.0,583.4933569530558,306.16106194690263,1,0.0,0.03552593769157873,0.04963163806199199,1776271375.1026168,5,/Users/kimsumin/projects/RGMC/data/map/robot22/images/0044.png,/Users/kimsumin/projects/RGMC/data/map/robot22/overlays/0044_overlay.png,/Users/kimsumin/projects/RGMC/data/map/robot22/masks/0044_mask.png
45,0.63,0.03125,0.0,583.5491433724076,292.57871198568876,1,0.0,0.036198061130008466,0.0924998201763068,1776271384.8767514,5,/Users/kimsumin/projects/RGMC/data/map/robot22/images/0045.png,/Users/kimsumin/projects/RGMC/data/map/robot22/overlays/0045_overlay.png,/Users/kimsumin/projects/RGMC/data/map/robot22/masks/0045_mask.png
46,0.6,0.03125,0.0,583.5175600739371,279.21831637372804,1,0.0,0.04864317652552154,0.06257265322714019,1776271394.733912,5,/Users/kimsumin/projects/RGMC/data/map/robot22/images/0046.png,/Users/kimsumin/projects/RGMC/data/map/robot22/overlays/0046_overlay.png,/Users/kimsumin/projects/RGMC/data/map/robot22/masks/0046_mask.png
47,0.5700000000000001,0.03125,0.0,583.2705570291777,265.2645502645503,1,0.0,0.05730089260156525,0.07289408149167206,1776271405.29931,5,/Users/kimsumin/projects/RGMC/data/map/robot22/images/0047.png,/Users/kimsumin/projects/RGMC/data/map/robot22/overlays/0047_overlay.png,/Users/kimsumin/projects/RGMC/data/map/robot22/masks/0047_mask.png
48,0.54,0.03125,0.0,583.1901345291479,251.68104222821205,1,0.0,0.035603527436065645,0.04405090145918211,1776271415.2378736,5,/Users/kimsumin/projects/RGMC/data/map/robot22/images/0048.png,/Users/kimsumin/projects/RGMC/data/map/robot22/overlays/0048_overlay.png,/Users/kimsumin/projects/RGMC/data/map/robot22/masks/0048_mask.png
49,0.51,0.03125,0.0,583.0863436123348,237.8957597173145,1,0.0,0.05633220787666944,0.07145141335548018,1776271426.221632,5,/Users/kimsumin/projects/RGMC/data/map/robot22/images/0049.png,/Users/kimsumin/projects/RGMC/data/map/robot22/overlays/0049_overlay.png,/Users/kimsumin/projects/RGMC/data/map/robot22/masks/0049_mask.png
50,0.48,0.03125,0.0,583.2329246935201,224.7435669920142,1,0.0,0.11677850728696616,0.05407229659394628,1776271435.9507864,5,/Users/kimsumin/projects/RGMC/data/map/robot22/images/0050.png,/Users/kimsumin/projects/RGMC/data/map/robot22/overlays/0050_overlay.png,/Users/kimsumin/projects/RGMC/data/map/robot22/masks/0050_mask.png
51,0.44999999999999996,0.03125,0.0,583.0699551569506,211.54275427542754,1,0.0,0.030341807253523086,0.036938797255594895,1776271445.7465224,5,/Users/kimsumin/projects/RGMC/data/map/robot22/images/0051.png,/Users/kimsumin/projects/RGMC/data/map/robot22/overlays/0051_overlay.png,/Users/kimsumin/projects/RGMC/data/map/robot22/masks/0051_mask.png
52,0.42000000000000004,0.03125,0.0,582.9347442680776,197.56392294220666,1,0.0,0.41900760591638414,0.057905300491286484,1776271456.686627,5,/Users/kimsumin/projects/RGMC/data/map/robot22/images/0052.png,/Users/kimsumin/projects/RGMC/data/map/robot22/overlays/0052_overlay.png,/Users/kimsumin/projects/RGMC/data/map/robot22/masks/0052_mask.png
53,0.39,0.03125,0.0,583.1158267020336,184.38698328935797,1,0.0,0.3374881048680214,0.058407846277805965,1776271467.8634741,5,/Users/kimsumin/projects/RGMC/data/map/robot22/images/0053.png,/Users/kimsumin/projects/RGMC/data/map/robot22/overlays/0053_overlay.png,/Users/kimsumin/projects/RGMC/data/map/robot22/masks/0053_mask.png
54,0.36,0.03125,0.0,582.952036199095,171.3063063063063,1,0.0,0.04427608227577558,0.0343966267276494,1776271479.2573848,5,/Users/kimsumin/projects/RGMC/data/map/robot22/images/0054.png,/Users/kimsumin/projects/RGMC/data/map/robot22/overlays/0054_overlay.png,/Users/kimsumin/projects/RGMC/data/map/robot22/masks/0054_mask.png
55,0.32999999999999996,0.03125,0.0,582.7044854881267,157.07218309859155,1,0.0,0.33101507414235665,0.06796599240192802,1776271489.6948721,5,/Users/kimsumin/projects/RGMC/data/map/robot22/images/0055.png,/Users/kimsumin/projects/RGMC/data/map/robot22/overlays/0055_overlay.png,/Users/kimsumin/projects/RGMC/data/map/robot22/masks/0055_mask.png
56,0.30000000000000004,0.03125,0.0,581.7721297107801,143.71628721541157,1,0.0,0.07872361596165829,0.08828080809286903,1776271500.203355,5,/Users/kimsumin/projects/RGMC/data/map/robot22/images/0056.png,/Users/kimsumin/projects/RGMC/data/map/robot22/overlays/0056_overlay.png,/Users/kimsumin/projects/RGMC/data/map/robot22/masks/0056_mask.png
57,0.27,0.03125,0.0,581.6846220677671,130.79401408450704,1,0.0,0.0879324505269473,0.010198440798758313,1776271509.9483175,5,/Users/kimsumin/projects/RGMC/data/map/robot22/images/0057.png,/Users/kimsumin/projects/RGMC/data/map/robot22/overlays/0057_overlay.png,/Users/kimsumin/projects/RGMC/data/map/robot22/masks/0057_mask.png
58,0.24,0.03125,0.0,581.7261200338123,116.8069432684166,1,0.0,0.05727871741068743,0.03808476140109387,1776271520.6650202,5,/Users/kimsumin/projects/RGMC/data/map/robot22/images/0058.png,/Users/kimsumin/projects/RGMC/data/map/robot22/overlays/0058_overlay.png,/Users/kimsumin/projects/RGMC/data/map/robot22/masks/0058_mask.png
59,0.21,0.03125,0.0,581.7212121212121,103.28967909800521,1,0.0,0.06377210563969744,0.01104971674229221,1776271532.7626908,5,/Users/kimsumin/projects/RGMC/data/map/robot22/images/0059.png,/Users/kimsumin/projects/RGMC/data/map/robot22/overlays/0059_overlay.png,/Users/kimsumin/projects/RGMC/data/map/robot22/masks/0059_mask.png
60,0.18,0.03125,0.0,582.6490765171504,89.69305189094108,1,0.0,0.4399017027676638,0.436674635800081,1776271542.640729,5,/Users/kimsumin/projects/RGMC/data/map/robot22/images/0060.png,/Users/kimsumin/projects/RGMC/data/map/robot22/overlays/0060_overlay.png,/Users/kimsumin/projects/RGMC/data/map/robot22/masks/0060_mask.png
61,0.15,0.03125,0.0,582.5759781619654,76.51912568306011,1,0.0,0.3652039679408837,0.049025406922785425,1776271553.3768756,5,/Users/kimsumin/projects/RGMC/data/map/robot22/images/0061.png,/Users/kimsumin/projects/RGMC/data/map/robot22/overlays/0061_overlay.png,/Users/kimsumin/projects/RGMC/data/map/robot22/masks/0061_mask.png
62,0.12,0.03125,0.0,581.5433628318584,62.961301671064206,1,0.0,0.03728472822310884,0.05584379802535295,1776271564.0167084,5,/Users/kimsumin/projects/RGMC/data/map/robot22/images/0062.png,/Users/kimsumin/projects/RGMC/data/map/robot22/overlays/0062_overlay.png,/Users/kimsumin/projects/RGMC/data/map/robot22/masks/0062_mask.png
63,0.09,0.03125,0.0,581.4820819112628,49.13117699910153,1,0.0,0.3543970120789847,0.027383642863361413,1776271573.9682589,5,/Users/kimsumin/projects/RGMC/data/map/robot22/images/0063.png,/Users/kimsumin/projects/RGMC/data/map/robot22/overlays/0063_overlay.png,/Users/kimsumin/projects/RGMC/data/map/robot22/masks/0063_mask.png
64,0.06,0.03125,0.0,581.5380622837371,35.78806228373703,1,0.0,0.043727050665345525,0.061340553125530904,1776271583.8426244,5,/Users/kimsumin/projects/RGMC/data/map/robot22/images/0064.png,/Users/kimsumin/projects/RGMC/data/map/robot22/overlays/0064_overlay.png,/Users/kimsumin/projects/RGMC/data/map/robot22/masks/0064_mask.png
65,0.03,0.03125,0.0,581.4809902740938,22.704225352112676,1,0.0,0.07776504223595693,0.05927235344454703,1776271593.50166,5,/Users/kimsumin/projects/RGMC/data/map/robot22/images/0065.png,/Users/kimsumin/projects/RGMC/data/map/robot22/overlays/0065_overlay.png,/Users/kimsumin/projects/RGMC/data/map/robot22/masks/0065_mask.png
66,0.03,0.0625,0.0,567.2786596119929,22.613970588235293,1,0.0,0.04691100408358361,0.4426963358718293,1776271603.3277302,5,/Users/kimsumin/projects/RGMC/data/map/robot22/images/0066.png,/Users/kimsumin/projects/RGMC/data/map/robot22/overlays/0066_overlay.png,/Users/kimsumin/projects/RGMC/data/map/robot22/masks/0066_mask.png
67,0.06,0.0625,0.0,567.2334525939177,35.681003584229394,1,0.0,0.01903196638652939,0.05110944817570177,1776271612.9868352,5,/Users/kimsumin/projects/RGMC/data/map/robot22/images/0067.png,/Users/kimsumin/projects/RGMC/data/map/robot22/overlays/0067_overlay.png,/Users/kimsumin/projects/RGMC/data/map/robot22/masks/0067_mask.png
68,0.09,0.0625,0.0,567.5798394290812,48.876122082585276,1,0.0,0.026722867326750048,0.03441926081052046,1776271623.6047063,5,/Users/kimsumin/projects/RGMC/data/map/robot22/images/0068.png,/Users/kimsumin/projects/RGMC/data/map/robot22/overlays/0068_overlay.png,/Users/kimsumin/projects/RGMC/data/map/robot22/masks/0068_mask.png
69,0.12,0.0625,0.0,567.3827272727273,62.78798908098271,1,0.0,0.05636333999143041,0.4095322478944322,1776271633.9895225,5,/Users/kimsumin/projects/RGMC/data/map/robot22/images/0069.png,/Users/kimsumin/projects/RGMC/data/map/robot22/overlays/0069_overlay.png,/Users/kimsumin/projects/RGMC/data/map/robot22/masks/0069_mask.png
70,0.15,0.0625,0.0,567.3011617515639,75.93237150586114,1,0.0,0.07054995375722571,0.06973299775114417,1776271644.6372175,5,/Users/kimsumin/projects/RGMC/data/map/robot22/images/0070.png,/Users/kimsumin/projects/RGMC/data/map/robot22/overlays/0070_overlay.png,/Users/kimsumin/projects/RGMC/data/map/robot22/masks/0070_mask.png
71,0.18,0.0625,0.0,567.7159498207885,89.2100089365505,1,0.0,0.19436333145310808,0.06682842889216604,1776271657.1185484,5,/Users/kimsumin/projects/RGMC/data/map/robot22/images/0071.png,/Users/kimsumin/projects/RGMC/data/map/robot22/overlays/0071_overlay.png,/Users/kimsumin/projects/RGMC/data/map/robot22/masks/0071_mask.png
72,0.21,0.0625,0.0,567.845259391771,103.2611060743427,1,0.0,0.13928396178075975,0.021195099568157832,1776271671.1566143,5,/Users/kimsumin/projects/RGMC/data/map/robot22/images/0072.png,/Users/kimsumin/projects/RGMC/data/map/robot22/overlays/0072_overlay.png,/Users/kimsumin/projects/RGMC/data/map/robot22/masks/0072_mask.png
73,0.24,0.0625,0.0,567.5555555555555,116.17232142857142,1,0.0,0.009968889465153537,0.04668880587155036,1776271683.3425052,5,/Users/kimsumin/projects/RGMC/data/map/robot22/images/0073.png,/Users/kimsumin/projects/RGMC/data/map/robot22/overlays/0073_overlay.png,/Users/kimsumin/projects/RGMC/data/map/robot22/masks/0073_mask.png
74,0.27,0.0625,0.0,567.5927306616961,130.43056849953402,1,0.0,0.04573448880105051,0.41651614745090376,1776271693.8213367,5,/Users/kimsumin/projects/RGMC/data/map/robot22/images/0074.png,/Users/kimsumin/projects/RGMC/data/map/robot22/overlays/0074_overlay.png,/Users/kimsumin/projects/RGMC/data/map/robot22/masks/0074_mask.png
75,0.30000000000000004,0.0625,0.0,567.510054844607,143.47575480329368,1,0.0,0.050633417404860825,0.1732111507714083,1776271703.8466132,5,/Users/kimsumin/projects/RGMC/data/map/robot22/images/0075.png,/Users/kimsumin/projects/RGMC/data/map/robot22/overlays/0075_overlay.png,/Users/kimsumin/projects/RGMC/data/map/robot22/masks/0075_mask.png
76,0.32999999999999996,0.0625,0.0,567.7021466905188,156.68032056990205,1,0.0,0.053015875079750245,0.04266442783221463,1776271713.9847214,5,/Users/kimsumin/projects/RGMC/data/map/robot22/images/0076.png,/Users/kimsumin/projects/RGMC/data/map/robot22/overlays/0076_overlay.png,/Users/kimsumin/projects/RGMC/data/map/robot22/masks/0076_mask.png
77,0.36,0.0625,0.0,567.7039711191336,170.88929219600726,1,0.0,0.08121444111906946,0.04675515899224366,1776271723.9226222,5,/Users/kimsumin/projects/RGMC/data/map/robot22/images/0077.png,/Users/kimsumin/projects/RGMC/data/map/robot22/overlays/0077_overlay.png,/Users/kimsumin/projects/RGMC/data/map/robot22/masks/0077_mask.png
78,0.39,0.0625,0.0,568.2888307155323,184.06140350877192,1,0.0,0.06293168726031532,0.0870764869333111,1776271733.843316,5,/Users/kimsumin/projects/RGMC/data/map/robot22/images/0078.png,/Users/kimsumin/projects/RGMC/data/map/robot22/overlays/0078_overlay.png,/Users/kimsumin/projects/RGMC/data/map/robot22/masks/0078_mask.png
79,0.42000000000000004,0.0625,0.0,568.5600691443389,197.27941176470588,1,0.0,0.05874992334425702,0.052468918395342366,1776271743.8880022,5,/Users/kimsumin/projects/RGMC/data/map/robot22/images/0079.png,/Users/kimsumin/projects/RGMC/data/map/robot22/overlays/0079_overlay.png,/Users/kimsumin/projects/RGMC/data/map/robot22/masks/0079_mask.png
80,0.44999999999999996,0.0625,0.0,568.4522348816828,211.24758560140475,1,0.0,0.2578438089126255,0.04810795140775601,1776271754.6741674,5,/Users/kimsumin/projects/RGMC/data/map/robot22/images/0080.png,/Users/kimsumin/projects/RGMC/data/map/robot22/overlays/0080_overlay.png,/Users/kimsumin/projects/RGMC/data/map/robot22/masks/0080_mask.png
81,0.48,0.0625,0.0,568.7341991341991,224.52925989672977,1,0.0,0.06923347719471648,0.03615100946656287,1776271764.733921,5,/Users/kimsumin/projects/RGMC/data/map/robot22/images/0081.png,/Users/kimsumin/projects/RGMC/data/map/robot22/overlays/0081_overlay.png,/Users/kimsumin/projects/RGMC/data/map/robot22/masks/0081_mask.png
82,0.51,0.0625,0.0,568.8702611625948,237.77000842459984,1,0.0,0.06595219949026788,0.07597032858810705,1776271774.6921742,5,/Users/kimsumin/projects/RGMC/data/map/robot22/images/0082.png,/Users/kimsumin/projects/RGMC/data/map/robot22/overlays/0082_overlay.png,/Users/kimsumin/projects/RGMC/data/map/robot22/masks/0082_mask.png
83,0.54,0.0625,0.0,568.8218340611354,251.6008733624454,1,0.0,0.05310340462320918,0.039975294564289096,1776271784.6166427,5,/Users/kimsumin/projects/RGMC/data/map/robot22/images/0083.png,/Users/kimsumin/projects/RGMC/data/map/robot22/overlays/0083_overlay.png,/Users/kimsumin/projects/RGMC/data/map/robot22/masks/0083_mask.png
84,0.5700000000000001,0.0625,0.0,568.9930374238468,264.8097731239092,1,0.0,0.04078233166003071,0.025418734368320126,1776271796.9933279,5,/Users/kimsumin/projects/RGMC/data/map/robot22/images/0084.png,/Users/kimsumin/projects/RGMC/data/map/robot22/overlays/0084_overlay.png,/Users/kimsumin/projects/RGMC/data/map/robot22/masks/0084_mask.png
85,0.6,0.0625,0.0,568.954425942156,279.0368098159509,1,0.0,0.03064937769334504,0.036900172043669945,1776271806.9383497,5,/Users/kimsumin/projects/RGMC/data/map/robot22/images/0085.png,/Users/kimsumin/projects/RGMC/data/map/robot22/overlays/0085_overlay.png,/Users/kimsumin/projects/RGMC/data/map/robot22/masks/0085_mask.png
86,0.63,0.0625,0.0,569.1254448398577,291.886323268206,1,0.0,0.011310708283135457,0.04823065466258326,1776271817.013388,5,/Users/kimsumin/projects/RGMC/data/map/robot22/images/0086.png,/Users/kimsumin/projects/RGMC/data/map/robot22/overlays/0086_overlay.png,/Users/kimsumin/projects/RGMC/data/map/robot22/masks/0086_mask.png
87,0.66,0.0625,0.0,569.238421955403,305.78754266211604,1,0.0,0.04489286221914716,0.023556628697896216,1776271827.0780425,5,/Users/kimsumin/projects/RGMC/data/map/robot22/images/0087.png,/Users/kimsumin/projects/RGMC/data/map/robot22/overlays/0087_overlay.png,/Users/kimsumin/projects/RGMC/data/map/robot22/masks/0087_mask.png
88,0.69,0.0625,0.0,569.1939501779359,319.6423487544484,1,0.0,0.05907934022810007,0.02001776188821402,1776271837.0624318,5,/Users/kimsumin/projects/RGMC/data/map/robot22/images/0088.png,/Users/kimsumin/projects/RGMC/data/map/robot22/overlays/0088_overlay.png,/Users/kimsumin/projects/RGMC/data/map/robot22/masks/0088_mask.png
89,0.72,0.0625,0.0,569.5701830863121,333.0121951219512,1,0.0,0.022396573691499114,0.044206167352868496,1776271849.2606072,5,/Users/kimsumin/projects/RGMC/data/map/robot22/images/0089.png,/Users/kimsumin/projects/RGMC/data/map/robot22/overlays/0089_overlay.png,/Users/kimsumin/projects/RGMC/data/map/robot22/masks/0089_mask.png
90,0.75,0.0625,0.0,569.472972972973,346.9333933393339,1,0.0,0.06257835394154965,0.3148469557772183,1776271859.2225747,5,/Users/kimsumin/projects/RGMC/data/map/robot22/images/0090.png,/Users/kimsumin/projects/RGMC/data/map/robot22/overlays/0090_overlay.png,/Users/kimsumin/projects/RGMC/data/map/robot22/masks/0090_mask.png
91,0.78,0.0625,0.0,569.5061295971979,360.3078947368421,1,0.0,0.4328216583367538,0.03868088476867896,1776271870.2517476,5,/Users/kimsumin/projects/RGMC/data/map/robot22/images/0091.png,/Users/kimsumin/projects/RGMC/data/map/robot22/overlays/0091_overlay.png,/Users/kimsumin/projects/RGMC/data/map/robot22/masks/0091_mask.png
92,0.81,0.0625,0.0,569.6370757180157,373.9492119089317,1,0.0,0.08532929579521821,0.3062233949979775,1776271880.2571805,5,/Users/kimsumin/projects/RGMC/data/map/robot22/images/0092.png,/Users/kimsumin/projects/RGMC/data/map/robot22/overlays/0092_overlay.png,/Users/kimsumin/projects/RGMC/data/map/robot22/masks/0092_mask.png
93,0.84,0.0625,0.0,569.7268643306379,387.4537366548043,1,0.0,0.1176911812309298,0.11234362705214283,1776271890.394728,5,/Users/kimsumin/projects/RGMC/data/map/robot22/images/0093.png,/Users/kimsumin/projects/RGMC/data/map/robot22/overlays/0093_overlay.png,/Users/kimsumin/projects/RGMC/data/map/robot22/masks/0093_mask.png
94,0.87,0.0625,0.0,570.3874439461883,401.40627802690585,1,0.0,0.011322673687282526,0.010735761671053697,1776271900.211951,5,/Users/kimsumin/projects/RGMC/data/map/robot22/images/0094.png,/Users/kimsumin/projects/RGMC/data/map/robot22/overlays/0094_overlay.png,/Users/kimsumin/projects/RGMC/data/map/robot22/masks/0094_mask.png
95,0.9,0.0625,0.0,570.734693877551,415.0527777777778,1,0.0,0.03278944491346087,0.04073812565774727,1776271910.0362904,5,/Users/kimsumin/projects/RGMC/data/map/robot22/images/0095.png,/Users/kimsumin/projects/RGMC/data/map/robot22/overlays/0095_overlay.png,/Users/kimsumin/projects/RGMC/data/map/robot22/masks/0095_mask.png
96,0.9299999999999999,0.0625,0.0,570.7874087591241,428.3905109489051,1,0.0,0.027008887624749053,0.03453025367699053,1776271922.0525262,5,/Users/kimsumin/projects/RGMC/data/map/robot22/images/0096.png,/Users/kimsumin/projects/RGMC/data/map/robot22/overlays/0096_overlay.png,/Users/kimsumin/projects/RGMC/data/map/robot22/masks/0096_mask.png
97,0.96,0.0625,0.0,570.7226345083488,441.5098039215686,1,0.0,0.038516122654792796,0.03242533068020011,1776271932.0752132,5,/Users/kimsumin/projects/RGMC/data/map/robot22/images/0097.png,/Users/kimsumin/projects/RGMC/data/map/robot22/overlays/0097_overlay.png,/Users/kimsumin/projects/RGMC/data/map/robot22/masks/0097_mask.png
98,0.99,0.0625,0.0,570.6431261770244,455.4557438794727,1,0.0,0.02316936118056047,0.021974970870740032,1776271944.563964,5,/Users/kimsumin/projects/RGMC/data/map/robot22/images/0098.png,/Users/kimsumin/projects/RGMC/data/map/robot22/overlays/0098_overlay.png,/Users/kimsumin/projects/RGMC/data/map/robot22/masks/0098_mask.png
99,0.99,0.09375,0.0,555.9370829361296,455.4280266920877,1,0.0,0.03868672179307108,0.026939534618386992,1776271955.1126745,5,/Users/kimsumin/projects/RGMC/data/map/robot22/images/0099.png,/Users/kimsumin/projects/RGMC/data/map/robot22/overlays/0099_overlay.png,/Users/kimsumin/projects/RGMC/data/map/robot22/masks/0099_mask.png
100,0.96,0.09375,0.0,555.7948003714021,443.2007469654528,1,0.0,0.047564183502014065,0.33613271666954264,1776271965.3051178,5,/Users/kimsumin/projects/RGMC/data/map/robot22/images/0100.png,/Users/kimsumin/projects/RGMC/data/map/robot22/overlays/0100_overlay.png,/Users/kimsumin/projects/RGMC/data/map/robot22/masks/0100_mask.png
101,0.9299999999999999,0.09375,0.0,555.9173333333333,428.9928251121076,1,0.0,0.0399104875151485,0.06159011805676824,1776271975.1834447,5,/Users/kimsumin/projects/RGMC/data/map/robot22/images/0101.png,/Users/kimsumin/projects/RGMC/data/map/robot22/overlays/0101_overlay.png,/Users/kimsumin/projects/RGMC/data/map/robot22/masks/0101_mask.png
102,0.9,0.09375,0.0,555.6821493624773,415.72545454545457,1,0.0,0.06482956968666652,0.06909426385503133,1776271986.3596838,5,/Users/kimsumin/projects/RGMC/data/map/robot22/images/0102.png,/Users/kimsumin/projects/RGMC/data/map/robot22/overlays/0102_overlay.png,/Users/kimsumin/projects/RGMC/data/map/robot22/masks/0102_mask.png
103,0.87,0.09375,0.0,555.6542222222222,401.824,1,0.0,0.01226461962405665,0.025050132860928897,1776271998.314101,5,/Users/kimsumin/projects/RGMC/data/map/robot22/images/0103.png,/Users/kimsumin/projects/RGMC/data/map/robot22/overlays/0103_overlay.png,/Users/kimsumin/projects/RGMC/data/map/robot22/masks/0103_mask.png
104,0.84,0.09375,0.0,555.7153284671533,388.0109389243391,1,0.0,0.021562017220521753,0.019284934669981796,1776272008.7683108,5,/Users/kimsumin/projects/RGMC/data/map/robot22/images/0104.png,/Users/kimsumin/projects/RGMC/data/map/robot22/overlays/0104_overlay.png,/Users/kimsumin/projects/RGMC/data/map/robot22/masks/0104_mask.png
105,0.81,0.09375,0.0,555.4653739612188,374.82119815668204,1,0.0,0.030548159193629822,0.05943557017676283,1776272022.390818,5,/Users/kimsumin/projects/RGMC/data/map/robot22/images/0105.png,/Users/kimsumin/projects/RGMC/data/map/robot22/overlays/0105_overlay.png,/Users/kimsumin/projects/RGMC/data/map/robot22/masks/0105_mask.png
106,0.78,0.09375,0.0,555.2161671207992,360.86988171064604,1,0.0,0.01958542154746259,0.0330375157771149,1776272035.8083575,5,/Users/kimsumin/projects/RGMC/data/map/robot22/images/0106.png,/Users/kimsumin/projects/RGMC/data/map/robot22/overlays/0106_overlay.png,/Users/kimsumin/projects/RGMC/data/map/robot22/masks/0106_mask.png
107,0.75,0.09375,0.0,555.2981481481481,347.4,1,0.0,0.03078892037452324,0.04555060468208758,1776272046.3432982,5,/Users/kimsumin/projects/RGMC/data/map/robot22/images/0107.png,/Users/kimsumin/projects/RGMC/data/map/robot22/overlays/0107_overlay.png,/Users/kimsumin/projects/RGMC/data/map/robot22/masks/0107_mask.png
108,0.72,0.09375,0.0,555.4969108561341,333.4783759929391,1,0.0,0.028753861660781182,0.027239606330699297,1776272056.6554337,5,/Users/kimsumin/projects/RGMC/data/map/robot22/images/0108.png,/Users/kimsumin/projects/RGMC/data/map/robot22/overlays/0108_overlay.png,/Users/kimsumin/projects/RGMC/data/map/robot22/masks/0108_mask.png
109,0.69,0.09375,0.0,555.25,320.1372727272727,1,0.0,0.012130424778301504,0.03130435519490053,1776272070.310784,5,/Users/kimsumin/projects/RGMC/data/map/robot22/images/0109.png,/Users/kimsumin/projects/RGMC/data/map/robot22/overlays/0109_overlay.png,/Users/kimsumin/projects/RGMC/data/map/robot22/masks/0109_mask.png
110,0.66,0.09375,0.0,555.2195555555555,306.1886625332152,1,0.0,0.01961644775256514,0.050582256626966256,1776272080.5586224,5,/Users/kimsumin/projects/RGMC/data/map/robot22/images/0110.png,/Users/kimsumin/projects/RGMC/data/map/robot22/overlays/0110_overlay.png,/Users/kimsumin/projects/RGMC/data/map/robot22/masks/0110_mask.png
111,0.63,0.09375,0.0,555.1594982078853,292.57757847533634,1,0.0,0.024428412514988077,0.044603310803300524,1776272090.995207,5,/Users/kimsumin/projects/RGMC/data/map/robot22/images/0111.png,/Users/kimsumin/projects/RGMC/data/map/robot22/overlays/0111_overlay.png,/Users/kimsumin/projects/RGMC/data/map/robot22/masks/0111_mask.png
112,0.6,0.09375,0.0,555.0819672131148,279.3469945355191,1,0.0,0.036737505356826905,0.028471842416283283,1776272103.2132456,5,/Users/kimsumin/projects/RGMC/data/map/robot22/images/0112.png,/Users/kimsumin/projects/RGMC/data/map/robot22/overlays/0112_overlay.png,/Users/kimsumin/projects/RGMC/data/map/robot22/masks/0112_mask.png
113,0.5700000000000001,0.09375,0.0,554.9348214285715,265.0914855072464,1,0.0,0.0663399072405936,0.06166983649430586,1776272112.911627,5,/Users/kimsumin/projects/RGMC/data/map/robot22/images/0113.png,/Users/kimsumin/projects/RGMC/data/map/robot22/overlays/0113_overlay.png,/Users/kimsumin/projects/RGMC/data/map/robot22/masks/0113_mask.png
114,0.54,0.09375,0.0,555.0902591599643,251.74508050089446,1,0.0,0.025069798412343334,0.038251457499505884,1776272123.0279238,5,/Users/kimsumin/projects/RGMC/data/map/robot22/images/0114.png,/Users/kimsumin/projects/RGMC/data/map/robot22/overlays/0114_overlay.png,/Users/kimsumin/projects/RGMC/data/map/robot22/masks/0114_mask.png
115,0.51,0.09375,0.0,554.9169642857142,238.96326164874552,1,0.0,0.04462941726609856,0.03321257044870229,1776272133.1632948,5,/Users/kimsumin/projects/RGMC/data/map/robot22/images/0115.png,/Users/kimsumin/projects/RGMC/data/map/robot22/overlays/0115_overlay.png,/Users/kimsumin/projects/RGMC/data/map/robot22/masks/0115_mask.png
116,0.48,0.09375,0.0,554.8906666666667,225.04626334519574,1,0.0,0.32643001960174356,0.007902790854730436,1776272143.217406,5,/Users/kimsumin/projects/RGMC/data/map/robot22/images/0116.png,/Users/kimsumin/projects/RGMC/data/map/robot22/overlays/0116_overlay.png,/Users/kimsumin/projects/RGMC/data/map/robot22/masks/0116_mask.png
117,0.44999999999999996,0.09375,0.0,554.9230072463768,211.5326086956522,1,0.0,0.021807573939901362,0.05075651402850813,1776272153.1048934,5,/Users/kimsumin/projects/RGMC/data/map/robot22/images/0117.png,/Users/kimsumin/projects/RGMC/data/map/robot22/overlays/0117_overlay.png,/Users/kimsumin/projects/RGMC/data/map/robot22/masks/0117_mask.png
118,0.42000000000000004,0.09375,0.0,554.899392888118,197.73054873054872,1,0.0,0.49847769983232676,0.05900227775708036,1776272163.124226,5,/Users/kimsumin/projects/RGMC/data/map/robot22/images/0118.png,/Users/kimsumin/projects/RGMC/data/map/robot22/overlays/0118_overlay.png,/Users/kimsumin/projects/RGMC/data/map/robot22/masks/0118_mask.png
119,0.39,0.09375,0.0,553.8403716216217,184.61407972858353,1,0.0,0.0330883206409279,0.053973694355179874,1776272174.1796455,5,/Users/kimsumin/projects/RGMC/data/map/robot22/images/0119.png,/Users/kimsumin/projects/RGMC/data/map/robot22/overlays/0119_overlay.png,/Users/kimsumin/projects/RGMC/data/map/robot22/masks/0119_mask.png
120,0.36,0.09375,0.0,553.8167400881057,171.07288888888888,1,0.0,0.07090123406863666,0.020584351418187638,1776272185.1185186,5,/Users/kimsumin/projects/RGMC/data/map/robot22/images/0120.png,/Users/kimsumin/projects/RGMC/data/map/robot22/overlays/0120_overlay.png,/Users/kimsumin/projects/RGMC/data/map/robot22/masks/0120_mask.png
121,0.32999999999999996,0.09375,0.0,553.4601018675721,157.40152801358235,1,0.0,0.03311450542984744,0.0832725496243935,1776272197.861702,5,/Users/kimsumin/projects/RGMC/data/map/robot22/images/0121.png,/Users/kimsumin/projects/RGMC/data/map/robot22/overlays/0121_overlay.png,/Users/kimsumin/projects/RGMC/data/map/robot22/masks/0121_mask.png
122,0.30000000000000004,0.09375,0.0,553.4427684117126,143.86925795053003,1,0.0,0.04932358498924589,0.10493432059817602,1776272207.6328862,5,/Users/kimsumin/projects/RGMC/data/map/robot22/images/0122.png,/Users/kimsumin/projects/RGMC/data/map/robot22/overlays/0122_overlay.png,/Users/kimsumin/projects/RGMC/data/map/robot22/masks/0122_mask.png
123,0.27,0.09375,0.0,553.4472271914133,130.69299820466787,1,0.0,0.08428376724048815,0.04814511722978685,1776272217.5137193,5,/Users/kimsumin/projects/RGMC/data/map/robot22/images/0123.png,/Users/kimsumin/projects/RGMC/data/map/robot22/overlays/0123_overlay.png,/Users/kimsumin/projects/RGMC/data/map/robot22/masks/0123_mask.png
124,0.24,0.09375,0.0,553.417808219178,116.90496575342466,1,0.0,0.08481888304063319,0.08915991217112026,1776272227.812513,5,/Users/kimsumin/projects/RGMC/data/map/robot22/images/0124.png,/Users/kimsumin/projects/RGMC/data/map/robot22/overlays/0124_overlay.png,/Users/kimsumin/projects/RGMC/data/map/robot22/masks/0124_mask.png
125,0.21,0.09375,0.0,553.5195035460993,103.40401396160559,1,0.0,0.04903303250836721,0.15601201949622764,1776272238.6825337,5,/Users/kimsumin/projects/RGMC/data/map/robot22/images/0125.png,/Users/kimsumin/projects/RGMC/data/map/robot22/overlays/0125_overlay.png,/Users/kimsumin/projects/RGMC/data/map/robot22/masks/0125_mask.png
126,0.18,0.09375,0.0,553.4643179765131,90.50496838301716,1,0.0,0.006869042195572534,0.004202585299578076,1776272249.6850495,5,/Users/kimsumin/projects/RGMC/data/map/robot22/images/0126.png,/Users/kimsumin/projects/RGMC/data/map/robot22/overlays/0126_overlay.png,/Users/kimsumin/projects/RGMC/data/map/robot22/masks/0126_mask.png
127,0.15,0.09375,0.0,553.3131487889274,76.38020833333333,1,0.0,0.1011865606804816,0.07642321600310753,1776272259.5194116,5,/Users/kimsumin/projects/RGMC/data/map/robot22/images/0127.png,/Users/kimsumin/projects/RGMC/data/map/robot22/overlays/0127_overlay.png,/Users/kimsumin/projects/RGMC/data/map/robot22/masks/0127_mask.png
128,0.12,0.09375,0.0,553.2625649913344,63.09146341463415,1,0.0,0.051923994067656805,0.053953175311430956,1776272270.0989568,5,/Users/kimsumin/projects/RGMC/data/map/robot22/images/0128.png,/Users/kimsumin/projects/RGMC/data/map/robot22/overlays/0128_overlay.png,/Users/kimsumin/projects/RGMC/data/map/robot22/masks/0128_mask.png
129,0.09,0.09375,0.0,553.2094827586207,49.29458041958042,1,0.0,0.046193921367122436,0.049315217905512326,1776272279.9528909,5,/Users/kimsumin/projects/RGMC/data/map/robot22/images/0129.png,/Users/kimsumin/projects/RGMC/data/map/robot22/overlays/0129_overlay.png,/Users/kimsumin/projects/RGMC/data/map/robot22/masks/0129_mask.png
130,0.06,0.09375,0.0,552.973544973545,35.66489361702128,1,0.0,0.07271339107394222,0.04572525288738062,1776272289.9878802,5,/Users/kimsumin/projects/RGMC/data/map/robot22/images/0130.png,/Users/kimsumin/projects/RGMC/data/map/robot22/overlays/0130_overlay.png,/Users/kimsumin/projects/RGMC/data/map/robot22/masks/0130_mask.png
131,0.03,0.09375,0.0,553.1350626118068,22.778175313059034,1,0.0,0.036680686600520804,0.04821998644316557,1776272299.750784,5,/Users/kimsumin/projects/RGMC/data/map/robot22/images/0131.png,/Users/kimsumin/projects/RGMC/data/map/robot22/overlays/0131_overlay.png,/Users/kimsumin/projects/RGMC/data/map/robot22/masks/0131_mask.png
132,0.03,0.125,0.0,539.2875341219291,22.851548269581055,1,0.0,0.04370461693180817,0.03967672385083221,1776272309.73452,5,/Users/kimsumin/projects/RGMC/data/map/robot22/images/0132.png,/Users/kimsumin/projects/RGMC/data/map/robot22/overlays/0132_overlay.png,/Users/kimsumin/projects/RGMC/data/map/robot22/masks/0132_mask.png
133,0.06,0.125,0.0,539.1004524886878,35.75567665758401,1,0.0,0.03811186166268052,0.04974729764290621,1776272321.137789,5,/Users/kimsumin/projects/RGMC/data/map/robot22/images/0133.png,/Users/kimsumin/projects/RGMC/data/map/robot22/overlays/0133_overlay.png,/Users/kimsumin/projects/RGMC/data/map/robot22/masks/0133_mask.png
134,0.09,0.125,0.0,539.2017857142857,48.780748663101605,1,0.0,0.017580721932834366,0.06640275928814332,1776272331.4367282,5,/Users/kimsumin/projects/RGMC/data/map/robot22/images/0134.png,/Users/kimsumin/projects/RGMC/data/map/robot22/overlays/0134_overlay.png,/Users/kimsumin/projects/RGMC/data/map/robot22/masks/0134_mask.png
135,0.12,0.125,0.0,539.328125,62.09012131715771,1,0.0,0.04416074456695572,0.3595815222646385,1776272341.476587,5,/Users/kimsumin/projects/RGMC/data/map/robot22/images/0135.png,/Users/kimsumin/projects/RGMC/data/map/robot22/overlays/0135_overlay.png,/Users/kimsumin/projects/RGMC/data/map/robot22/masks/0135_mask.png
136,0.15,0.125,0.0,539.3078307830783,75.9024612579763,1,0.0,0.02311893378858302,0.04303567506502527,1776272353.88514,5,/Users/kimsumin/projects/RGMC/data/map/robot22/images/0136.png,/Users/kimsumin/projects/RGMC/data/map/robot22/overlays/0136_overlay.png,/Users/kimsumin/projects/RGMC/data/map/robot22/masks/0136_mask.png
137,0.18,0.125,0.0,539.2255772646537,89.01422222222222,1,0.0,0.043676683471281716,0.05074269802673938,1776272364.3579226,5,/Users/kimsumin/projects/RGMC/data/map/robot22/images/0137.png,/Users/kimsumin/projects/RGMC/data/map/robot22/overlays/0137_overlay.png,/Users/kimsumin/projects/RGMC/data/map/robot22/masks/0137_mask.png
138,0.21,0.125,0.0,539.3592493297588,103.13903743315508,1,0.0,0.042123126275597736,0.030075239564213416,1776272375.5562282,5,/Users/kimsumin/projects/RGMC/data/map/robot22/images/0138.png,/Users/kimsumin/projects/RGMC/data/map/robot22/overlays/0138_overlay.png,/Users/kimsumin/projects/RGMC/data/map/robot22/masks/0138_mask.png
139,0.24,0.125,0.0,539.3934280639431,116.32606800348736,1,0.0,0.0765953650571439,0.2039715648529953,1776272388.0679834,5,/Users/kimsumin/projects/RGMC/data/map/robot22/images/0139.png,/Users/kimsumin/projects/RGMC/data/map/robot22/overlays/0139_overlay.png,/Users/kimsumin/projects/RGMC/data/map/robot22/masks/0139_mask.png
140,0.27,0.125,0.0,539.4201754385965,129.55516941789747,1,0.0,0.061322107363233166,0.05052023802771596,1776272397.9770987,5,/Users/kimsumin/projects/RGMC/data/map/robot22/images/0140.png,/Users/kimsumin/projects/RGMC/data/map/robot22/overlays/0140_overlay.png,/Users/kimsumin/projects/RGMC/data/map/robot22/masks/0140_mask.png
141,0.30000000000000004,0.125,0.0,539.3820921985815,143.56455921638468,1,0.0,0.030798090559127758,0.08235962541253394,1776272409.8066342,5,/Users/kimsumin/projects/RGMC/data/map/robot22/images/0141.png,/Users/kimsumin/projects/RGMC/data/map/robot22/overlays/0141_overlay.png,/Users/kimsumin/projects/RGMC/data/map/robot22/masks/0141_mask.png
142,0.32999999999999996,0.125,0.0,539.8103448275862,156.88291413703382,1,0.0,0.033820805435952055,0.05439717880056384,1776272423.3916833,5,/Users/kimsumin/projects/RGMC/data/map/robot22/images/0142.png,/Users/kimsumin/projects/RGMC/data/map/robot22/overlays/0142_overlay.png,/Users/kimsumin/projects/RGMC/data/map/robot22/masks/0142_mask.png
143,0.36,0.125,0.0,539.6415739948674,170.0470487596236,1,0.0,0.02063781385845453,0.012764512000697054,1776272436.090344,5,/Users/kimsumin/projects/RGMC/data/map/robot22/images/0143.png,/Users/kimsumin/projects/RGMC/data/map/robot22/overlays/0143_overlay.png,/Users/kimsumin/projects/RGMC/data/map/robot22/masks/0143_mask.png
144,0.39,0.125,0.0,539.5842105263158,184.15310586176727,1,0.0,0.07963037632025968,0.07887398420136461,1776272446.0324664,5,/Users/kimsumin/projects/RGMC/data/map/robot22/images/0144.png,/Users/kimsumin/projects/RGMC/data/map/robot22/overlays/0144_overlay.png,/Users/kimsumin/projects/RGMC/data/map/robot22/masks/0144_mask.png
145,0.42000000000000004,0.125,0.0,539.9344827586207,197.4636678200692,1,0.0,0.030844021370414546,0.03255959708106175,1776272458.1982822,5,/Users/kimsumin/projects/RGMC/data/map/robot22/images/0145.png,/Users/kimsumin/projects/RGMC/data/map/robot22/overlays/0145_overlay.png,/Users/kimsumin/projects/RGMC/data/map/robot22/masks/0145_mask.png
146,0.44999999999999996,0.125,0.0,539.9041591320072,211.45471014492753,1,0.0,0.06294197574657946,0.06187095320267641,1776272468.2456756,5,/Users/kimsumin/projects/RGMC/data/map/robot22/images/0146.png,/Users/kimsumin/projects/RGMC/data/map/robot22/overlays/0146_overlay.png,/Users/kimsumin/projects/RGMC/data/map/robot22/masks/0146_mask.png
147,0.48,0.125,0.0,539.9163732394367,224.71767810026384,1,0.0,0.07244928134083331,0.07489743672487292,1776272480.4745264,5,/Users/kimsumin/projects/RGMC/data/map/robot22/images/0147.png,/Users/kimsumin/projects/RGMC/data/map/robot22/overlays/0147_overlay.png,/Users/kimsumin/projects/RGMC/data/map/robot22/masks/0147_mask.png
148,0.51,0.125,0.0,540.4108658743634,237.6890756302521,1,0.0,0.24660367176231074,0.06242098877082976,1776272490.2680867,5,/Users/kimsumin/projects/RGMC/data/map/robot22/images/0148.png,/Users/kimsumin/projects/RGMC/data/map/robot22/overlays/0148_overlay.png,/Users/kimsumin/projects/RGMC/data/map/robot22/masks/0148_mask.png
149,0.54,0.125,0.0,540.1454381210478,251.72620126926563,1,0.0,0.25992974759053883,0.040064040388505064,1776272500.4984784,5,/Users/kimsumin/projects/RGMC/data/map/robot22/images/0149.png,/Users/kimsumin/projects/RGMC/data/map/robot22/overlays/0149_overlay.png,/Users/kimsumin/projects/RGMC/data/map/robot22/masks/0149_mask.png
150,0.5700000000000001,0.125,0.0,540.7580372250424,265.188393608074,1,0.0,0.08536511764244101,0.04514571666503401,1776272510.338996,5,/Users/kimsumin/projects/RGMC/data/map/robot22/images/0150.png,/Users/kimsumin/projects/RGMC/data/map/robot22/overlays/0150_overlay.png,/Users/kimsumin/projects/RGMC/data/map/robot22/masks/0150_mask.png
151,0.6,0.125,0.0,540.1158759124088,279.0154405086285,1,0.0,0.04111523854479634,0.06713882009520575,1776272523.483434,5,/Users/kimsumin/projects/RGMC/data/map/robot22/images/0151.png,/Users/kimsumin/projects/RGMC/data/map/robot22/overlays/0151_overlay.png,/Users/kimsumin/projects/RGMC/data/map/robot22/masks/0151_mask.png
152,0.63,0.125,0.0,540.7814159292035,292.00442086648985,1,0.0,0.2579891753018452,0.05213836804806179,1776272533.2496452,5,/Users/kimsumin/projects/RGMC/data/map/robot22/images/0152.png,/Users/kimsumin/projects/RGMC/data/map/robot22/overlays/0152_overlay.png,/Users/kimsumin/projects/RGMC/data/map/robot22/masks/0152_mask.png
153,0.66,0.125,0.0,540.9914965986394,305.98894557823127,1,0.0,0.06845607004937239,0.0512894981885115,1776272543.3148737,5,/Users/kimsumin/projects/RGMC/data/map/robot22/images/0153.png,/Users/kimsumin/projects/RGMC/data/map/robot22/overlays/0153_overlay.png,/Users/kimsumin/projects/RGMC/data/map/robot22/masks/0153_mask.png
154,0.69,0.125,0.0,541.0088573959256,319.4154929577465,1,0.0,0.0786520723618993,0.04833760767973546,1776272553.4667623,5,/Users/kimsumin/projects/RGMC/data/map/robot22/images/0154.png,/Users/kimsumin/projects/RGMC/data/map/robot22/overlays/0154_overlay.png,/Users/kimsumin/projects/RGMC/data/map/robot22/masks/0154_mask.png
155,0.72,0.125,0.0,541.326105810928,332.99392888117956,1,0.0,0.027722796416784316,0.0394870187676716,1776272564.194804,5,/Users/kimsumin/projects/RGMC/data/map/robot22/images/0155.png,/Users/kimsumin/projects/RGMC/data/map/robot22/overlays/0155_overlay.png,/Users/kimsumin/projects/RGMC/data/map/robot22/masks/0155_mask.png
156,0.75,0.125,0.0,540.5555555555555,347.3639705882353,1,0.0,0.2671813024687219,0.056203553261246444,1776272574.0345697,5,/Users/kimsumin/projects/RGMC/data/map/robot22/images/0156.png,/Users/kimsumin/projects/RGMC/data/map/robot22/overlays/0156_overlay.png,/Users/kimsumin/projects/RGMC/data/map/robot22/masks/0156_mask.png
157,0.78,0.125,0.0,541.523768366465,360.6257562662057,1,0.0,0.03240664570064045,0.030566178302553353,1776272586.299538,5,/Users/kimsumin/projects/RGMC/data/map/robot22/images/0157.png,/Users/kimsumin/projects/RGMC/data/map/robot22/overlays/0157_overlay.png,/Users/kimsumin/projects/RGMC/data/map/robot22/masks/0157_mask.png
158,0.81,0.125,0.0,541.6323024054983,373.8333333333333,1,0.0,0.08652823271386857,0.06574587028108005,1776272597.280344,5,/Users/kimsumin/projects/RGMC/data/map/robot22/images/0158.png,/Users/kimsumin/projects/RGMC/data/map/robot22/overlays/0158_overlay.png,/Users/kimsumin/projects/RGMC/data/map/robot22/masks/0158_mask.png
159,0.84,0.125,0.0,541.4392191659273,387.77639751552795,1,0.0,0.042837408118565776,0.18106039367580154,1776272608.068452,5,/Users/kimsumin/projects/RGMC/data/map/robot22/images/0159.png,/Users/kimsumin/projects/RGMC/data/map/robot22/overlays/0159_overlay.png,/Users/kimsumin/projects/RGMC/data/map/robot22/masks/0159_mask.png
160,0.87,0.125,0.0,541.3985952589991,401.3198237885463,1,0.0,0.04847581269242219,0.031099611344777983,1776272618.2052436,5,/Users/kimsumin/projects/RGMC/data/map/robot22/images/0160.png,/Users/kimsumin/projects/RGMC/data/map/robot22/overlays/0160_overlay.png,/Users/kimsumin/projects/RGMC/data/map/robot22/masks/0160_mask.png
161,0.9,0.125,0.0,542.4257518796992,415.03548085901025,1,0.0,0.021060960703851137,0.030708403673064898,1776272632.5931125,5,/Users/kimsumin/projects/RGMC/data/map/robot22/images/0161.png,/Users/kimsumin/projects/RGMC/data/map/robot22/overlays/0161_overlay.png,/Users/kimsumin/projects/RGMC/data/map/robot22/masks/0161_mask.png
162,0.9299999999999999,0.125,0.0,542.5860165593376,428.5983455882353,1,0.0,0.03233080568394556,0.022770679880811294,1776272644.0842893,5,/Users/kimsumin/projects/RGMC/data/map/robot22/images/0162.png,/Users/kimsumin/projects/RGMC/data/map/robot22/overlays/0162_overlay.png,/Users/kimsumin/projects/RGMC/data/map/robot22/masks/0162_mask.png
163,0.96,0.125,0.0,542.5811320754717,442.7603383458647,1,0.0,0.3579754779180631,0.34802590846992715,1776272654.0996697,5,/Users/kimsumin/projects/RGMC/data/map/robot22/images/0163.png,/Users/kimsumin/projects/RGMC/data/map/robot22/overlays/0163_overlay.png,/Users/kimsumin/projects/RGMC/data/map/robot22/masks/0163_mask.png
164,0.99,0.125,0.0,541.8660714285714,455.66875,1,0.0,0.02345470879514706,0.03380977041914187,1776272664.5907469,5,/Users/kimsumin/projects/RGMC/data/map/robot22/images/0164.png,/Users/kimsumin/projects/RGMC/data/map/robot22/overlays/0164_overlay.png,/Users/kimsumin/projects/RGMC/data/map/robot22/masks/0164_mask.png
165,0.99,0.15625,0.0,527.7926267281106,455.8579335793358,1,0.0,0.017906004766311483,0.0790177888877565,1776272674.469635,5,/Users/kimsumin/projects/RGMC/data/map/robot22/images/0165.png,/Users/kimsumin/projects/RGMC/data/map/robot22/overlays/0165_overlay.png,/Users/kimsumin/projects/RGMC/data/map/robot22/masks/0165_mask.png
166,0.96,0.15625,0.0,527.4701011959521,443.327506899724,1,0.0,0.015354868848316982,0.023211742474404672,1776272686.481918,5,/Users/kimsumin/projects/RGMC/data/map/robot22/images/0166.png,/Users/kimsumin/projects/RGMC/data/map/robot22/overlays/0166_overlay.png,/Users/kimsumin/projects/RGMC/data/map/robot22/masks/0166_mask.png
167,0.9299999999999999,0.15625,0.0,527.4995633187773,429.19876868953384,1,0.0,0.049762284640396864,0.0401496614595271,1776272697.721494,5,/Users/kimsumin/projects/RGMC/data/map/robot22/images/0167.png,/Users/kimsumin/projects/RGMC/data/map/robot22/overlays/0167_overlay.png,/Users/kimsumin/projects/RGMC/data/map/robot22/masks/0167_mask.png
168,0.9,0.15625,0.0,527.3694267515923,415.8062730627306,1,0.0,0.023009484805203328,0.08306479715447875,1776272709.810011,5,/Users/kimsumin/projects/RGMC/data/map/robot22/images/0168.png,/Users/kimsumin/projects/RGMC/data/map/robot22/overlays/0168_overlay.png,/Users/kimsumin/projects/RGMC/data/map/robot22/masks/0168_mask.png
169,0.87,0.15625,0.0,527.3880463871543,401.94023193577164,1,0.0,0.014877835084395354,0.09314120032721356,1776272720.763387,5,/Users/kimsumin/projects/RGMC/data/map/robot22/images/0169.png,/Users/kimsumin/projects/RGMC/data/map/robot22/overlays/0169_overlay.png,/Users/kimsumin/projects/RGMC/data/map/robot22/masks/0169_mask.png
170,0.84,0.15625,0.0,527.5419580419581,388.64597902097904,1,0.0,0.03929357851855894,0.08102881098683576,1776272732.5516236,5,/Users/kimsumin/projects/RGMC/data/map/robot22/images/0170.png,/Users/kimsumin/projects/RGMC/data/map/robot22/overlays/0170_overlay.png,/Users/kimsumin/projects/RGMC/data/map/robot22/masks/0170_mask.png
171,0.81,0.15625,0.0,527.5436179981634,375.1454711802379,1,0.0,0.01772081096320007,0.019794500769980173,1776272744.9375854,5,/Users/kimsumin/projects/RGMC/data/map/robot22/images/0171.png,/Users/kimsumin/projects/RGMC/data/map/robot22/overlays/0171_overlay.png,/Users/kimsumin/projects/RGMC/data/map/robot22/masks/0171_mask.png
172,0.78,0.15625,0.0,527.3809106830123,361.21754385964914,1,0.0,0.037300618173010586,0.023029960331204646,1776272757.8324375,5,/Users/kimsumin/projects/RGMC/data/map/robot22/images/0172.png,/Users/kimsumin/projects/RGMC/data/map/robot22/overlays/0172_overlay.png,/Users/kimsumin/projects/RGMC/data/map/robot22/masks/0172_mask.png
173,0.75,0.15625,0.0,527.4820466786356,347.65976597659767,1,0.0,0.0652055291962576,0.07702518600208168,1776272767.6322594,5,/Users/kimsumin/projects/RGMC/data/map/robot22/images/0173.png,/Users/kimsumin/projects/RGMC/data/map/robot22/overlays/0173_overlay.png,/Users/kimsumin/projects/RGMC/data/map/robot22/masks/0173_mask.png
174,0.72,0.15625,0.0,527.3662842012357,333.72486772486775,1,0.0,0.0456238425495542,0.03780596632703842,1776272778.0063057,5,/Users/kimsumin/projects/RGMC/data/map/robot22/images/0174.png,/Users/kimsumin/projects/RGMC/data/map/robot22/overlays/0174_overlay.png,/Users/kimsumin/projects/RGMC/data/map/robot22/masks/0174_mask.png
175,0.69,0.15625,0.0,527.4194690265487,320.4911504424779,1,0.0,0.008231311984576268,0.024047806608962264,1776272789.7810807,5,/Users/kimsumin/projects/RGMC/data/map/robot22/images/0175.png,/Users/kimsumin/projects/RGMC/data/map/robot22/overlays/0175_overlay.png,/Users/kimsumin/projects/RGMC/data/map/robot22/masks/0175_mask.png
176,0.66,0.15625,0.0,527.2810218978102,307.161496350365,1,0.0,0.021563067001526236,0.42747341685320406,1776272800.1791933,5,/Users/kimsumin/projects/RGMC/data/map/robot22/images/0176.png,/Users/kimsumin/projects/RGMC/data/map/robot22/overlays/0176_overlay.png,/Users/kimsumin/projects/RGMC/data/map/robot22/masks/0176_mask.png
177,0.63,0.15625,0.0,527.1065353625784,293.02148612354523,1,0.0,0.040051453307257755,0.09545022336171374,1776272810.7725074,5,/Users/kimsumin/projects/RGMC/data/map/robot22/images/0177.png,/Users/kimsumin/projects/RGMC/data/map/robot22/overlays/0177_overlay.png,/Users/kimsumin/projects/RGMC/data/map/robot22/masks/0177_mask.png
178,0.6,0.15625,0.0,527.2228260869565,279.4538812785388,1,0.0,0.06771373614200385,0.05661588607770469,1776272820.8096433,5,/Users/kimsumin/projects/RGMC/data/map/robot22/images/0178.png,/Users/kimsumin/projects/RGMC/data/map/robot22/overlays/0178_overlay.png,/Users/kimsumin/projects/RGMC/data/map/robot22/masks/0178_mask.png
179,0.5700000000000001,0.15625,0.0,527.1135371179039,265.68434782608693,1,0.0,0.06965896778519612,0.0565128565878451,1776272830.6542618,5,/Users/kimsumin/projects/RGMC/data/map/robot22/images/0179.png,/Users/kimsumin/projects/RGMC/data/map/robot22/overlays/0179_overlay.png,/Users/kimsumin/projects/RGMC/data/map/robot22/masks/0179_mask.png
180,0.54,0.15625,0.0,527.0,252.16576086956522,1,0.0,0.0449209921827125,0.08322455744175603,1776272840.583663,5,/Users/kimsumin/projects/RGMC/data/map/robot22/images/0180.png,/Users/kimsumin/projects/RGMC/data/map/robot22/overlays/0180_overlay.png,/Users/kimsumin/projects/RGMC/data/map/robot22/masks/0180_mask.png
181,0.51,0.15625,0.0,527.0366636113657,238.08995633187772,1,0.0,0.04010913287630203,0.4121439492783894,1776272850.5569441,5,/Users/kimsumin/projects/RGMC/data/map/robot22/images/0181.png,/Users/kimsumin/projects/RGMC/data/map/robot22/overlays/0181_overlay.png,/Users/kimsumin/projects/RGMC/data/map/robot22/masks/0181_mask.png
182,0.48,0.15625,0.0,526.9675438596491,225.3482671174979,1,0.0,0.3180380948314638,0.06165100500080231,1776272860.4900303,5,/Users/kimsumin/projects/RGMC/data/map/robot22/images/0182.png,/Users/kimsumin/projects/RGMC/data/map/robot22/overlays/0182_overlay.png,/Users/kimsumin/projects/RGMC/data/map/robot22/masks/0182_mask.png
183,0.44999999999999996,0.15625,0.0,526.8988149498632,211.74773139745918,1,0.0,0.06776257715255778,0.04646344039226704,1776272870.3664863,5,/Users/kimsumin/projects/RGMC/data/map/robot22/images/0183.png,/Users/kimsumin/projects/RGMC/data/map/robot22/overlays/0183_overlay.png,/Users/kimsumin/projects/RGMC/data/map/robot22/masks/0183_mask.png
184,0.42000000000000004,0.15625,0.0,525.8470588235294,197.81024349286315,1,0.0,0.08127503530556406,0.013025523698295308,1776272883.2413888,5,/Users/kimsumin/projects/RGMC/data/map/robot22/images/0184.png,/Users/kimsumin/projects/RGMC/data/map/robot22/overlays/0184_overlay.png,/Users/kimsumin/projects/RGMC/data/map/robot22/masks/0184_mask.png
185,0.39,0.15625,0.0,525.8187919463087,184.90619765494137,1,0.0,0.033729357693083335,0.05684670854095695,1776272893.6655421,5,/Users/kimsumin/projects/RGMC/data/map/robot22/images/0185.png,/Users/kimsumin/projects/RGMC/data/map/robot22/overlays/0185_overlay.png,/Users/kimsumin/projects/RGMC/data/map/robot22/masks/0185_mask.png
186,0.36,0.15625,0.0,525.6986899563319,171.24628820960697,1,0.0,0.07104186727820583,0.09654107604827501,1776272904.2781723,5,/Users/kimsumin/projects/RGMC/data/map/robot22/images/0186.png,/Users/kimsumin/projects/RGMC/data/map/robot22/overlays/0186_overlay.png,/Users/kimsumin/projects/RGMC/data/map/robot22/masks/0186_mask.png
187,0.32999999999999996,0.15625,0.0,525.3475409836066,157.44756399669694,1,0.0,0.04028319444125993,0.04516854491134175,1776272915.7746346,5,/Users/kimsumin/projects/RGMC/data/map/robot22/images/0187.png,/Users/kimsumin/projects/RGMC/data/map/robot22/overlays/0187_overlay.png,/Users/kimsumin/projects/RGMC/data/map/robot22/masks/0187_mask.png
188,0.30000000000000004,0.15625,0.0,525.5277067348678,144.05996621621622,1,0.0,0.08131995835811433,0.044244251804587374,1776272926.1005535,5,/Users/kimsumin/projects/RGMC/data/map/robot22/images/0188.png,/Users/kimsumin/projects/RGMC/data/map/robot22/overlays/0188_overlay.png,/Users/kimsumin/projects/RGMC/data/map/robot22/masks/0188_mask.png
189,0.27,0.15625,0.0,525.4565030146425,130.9879414298019,1,0.0,0.033257374559365914,0.030660140916604735,1776272936.564215,5,/Users/kimsumin/projects/RGMC/data/map/robot22/images/0189.png,/Users/kimsumin/projects/RGMC/data/map/robot22/overlays/0189_overlay.png,/Users/kimsumin/projects/RGMC/data/map/robot22/masks/0189_mask.png
190,0.24,0.15625,0.0,525.2091062394604,116.91701244813278,1,0.0,0.12480875843159282,0.06635477188078936,1776272949.3075833,5,/Users/kimsumin/projects/RGMC/data/map/robot22/images/0190.png,/Users/kimsumin/projects/RGMC/data/map/robot22/overlays/0190_overlay.png,/Users/kimsumin/projects/RGMC/data/map/robot22/masks/0190_mask.png
191,0.21,0.15625,0.0,525.4057093425605,103.47491349480968,1,0.0,0.047299085541179765,0.020198391286185103,1776272959.8752723,5,/Users/kimsumin/projects/RGMC/data/map/robot22/images/0191.png,/Users/kimsumin/projects/RGMC/data/map/robot22/overlays/0191_overlay.png,/Users/kimsumin/projects/RGMC/data/map/robot22/masks/0191_mask.png
192,0.18,0.15625,0.0,525.3108945969885,90.49471830985915,1,0.0,0.07712031236780566,0.040894571916747,1776272971.445007,5,/Users/kimsumin/projects/RGMC/data/map/robot22/images/0192.png,/Users/kimsumin/projects/RGMC/data/map/robot22/overlays/0192_overlay.png,/Users/kimsumin/projects/RGMC/data/map/robot22/masks/0192_mask.png
193,0.15,0.15625,0.0,525.0601185436071,76.70787468247248,1,0.0,0.018376978341254596,0.06899689369315701,1776272983.4264438,5,/Users/kimsumin/projects/RGMC/data/map/robot22/images/0193.png,/Users/kimsumin/projects/RGMC/data/map/robot22/overlays/0193_overlay.png,/Users/kimsumin/projects/RGMC/data/map/robot22/masks/0193_mask.png
194,0.12,0.15625,0.0,525.1823681936041,63.087144089732526,1,0.0,0.07806381279234842,0.03203222643427321,1776272995.7328672,5,/Users/kimsumin/projects/RGMC/data/map/robot22/images/0194.png,/Users/kimsumin/projects/RGMC/data/map/robot22/overlays/0194_overlay.png,/Users/kimsumin/projects/RGMC/data/map/robot22/masks/0194_mask.png
195,0.09,0.15625,0.0,525.121186440678,49.41016949152542,1,0.0,0.07498804577737987,0.05777990011253215,1776273006.12283,5,/Users/kimsumin/projects/RGMC/data/map/robot22/images/0195.png,/Users/kimsumin/projects/RGMC/data/map/robot22/overlays/0195_overlay.png,/Users/kimsumin/projects/RGMC/data/map/robot22/masks/0195_mask.png
196,0.06,0.15625,0.0,524.9796264855688,36.53225806451613,1,0.0,0.05871147434399554,0.06291661384577149,1776273015.8533366,5,/Users/kimsumin/projects/RGMC/data/map/robot22/images/0196.png,/Users/kimsumin/projects/RGMC/data/map/robot22/overlays/0196_overlay.png,/Users/kimsumin/projects/RGMC/data/map/robot22/masks/0196_mask.png
197,0.03,0.15625,0.0,525.0053428317008,22.873114463176574,1,0.0,0.04524962586577776,0.05179217963699079,1776273026.0438151,5,/Users/kimsumin/projects/RGMC/data/map/robot22/images/0197.png,/Users/kimsumin/projects/RGMC/data/map/robot22/overlays/0197_overlay.png,/Users/kimsumin/projects/RGMC/data/map/robot22/masks/0197_mask.png
198,0.03,0.1875,0.0,511.1334552102377,22.74314442413163,1,0.0,0.05706332347547042,0.047712616223634575,1776273037.1947296,5,/Users/kimsumin/projects/RGMC/data/map/robot22/images/0198.png,/Users/kimsumin/projects/RGMC/data/map/robot22/overlays/0198_overlay.png,/Users/kimsumin/projects/RGMC/data/map/robot22/masks/0198_mask.png
199,0.06,0.1875,0.0,511.06871609403254,35.732368896925855,1,0.0,0.06620224482256065,0.04670795484718266,1776273047.2449522,5,/Users/kimsumin/projects/RGMC/data/map/robot22/images/0199.png,/Users/kimsumin/projects/RGMC/data/map/robot22/overlays/0199_overlay.png,/Users/kimsumin/projects/RGMC/data/map/robot22/masks/0199_mask.png
200,0.09,0.1875,0.0,511.41055456171733,48.92844364937388,1,0.0,0.03863259184237941,0.043842736624847084,1776273058.0304735,5,/Users/kimsumin/projects/RGMC/data/map/robot22/images/0200.png,/Users/kimsumin/projects/RGMC/data/map/robot22/overlays/0200_overlay.png,/Users/kimsumin/projects/RGMC/data/map/robot22/masks/0200_mask.png
201,0.12,0.1875,0.0,511.2169403630078,61.88658008658009,1,0.0,0.013906062748229838,0.047673460079299394,1776273067.7013488,5,/Users/kimsumin/projects/RGMC/data/map/robot22/images/0201.png,/Users/kimsumin/projects/RGMC/data/map/robot22/overlays/0201_overlay.png,/Users/kimsumin/projects/RGMC/data/map/robot22/masks/0201_mask.png
202,0.15,0.1875,0.0,511.19820627802693,75.745960502693,1,0.0,0.032050957875306,0.037062737087772926,1776273078.4948943,5,/Users/kimsumin/projects/RGMC/data/map/robot22/images/0202.png,/Users/kimsumin/projects/RGMC/data/map/robot22/overlays/0202_overlay.png,/Users/kimsumin/projects/RGMC/data/map/robot22/masks/0202_mask.png
203,0.18,0.1875,0.0,511.34424778761064,89.15700267618197,1,0.0,0.050301257529731316,0.11427595219102114,1776273089.448677,5,/Users/kimsumin/projects/RGMC/data/map/robot22/images/0203.png,/Users/kimsumin/projects/RGMC/data/map/robot22/overlays/0203_overlay.png,/Users/kimsumin/projects/RGMC/data/map/robot22/masks/0203_mask.png
204,0.21,0.1875,0.0,511.33572068039393,103.21396598030438,1,0.0,0.049127773963524156,0.03380753642487824,1776273099.5818458,5,/Users/kimsumin/projects/RGMC/data/map/robot22/images/0204.png,/Users/kimsumin/projects/RGMC/data/map/robot22/overlays/0204_overlay.png,/Users/kimsumin/projects/RGMC/data/map/robot22/masks/0204_mask.png
205,0.24,0.1875,0.0,511.2909579230081,116.3082373782108,1,0.0,0.06070061305989419,0.09980240384049271,1776273109.3735325,5,/Users/kimsumin/projects/RGMC/data/map/robot22/images/0205.png,/Users/kimsumin/projects/RGMC/data/map/robot22/overlays/0205_overlay.png,/Users/kimsumin/projects/RGMC/data/map/robot22/masks/0205_mask.png
206,0.27,0.1875,0.0,511.3388072601556,129.60503472222223,1,0.0,0.040628858676127595,0.015405604938798341,1776273119.9501774,5,/Users/kimsumin/projects/RGMC/data/map/robot22/images/0206.png,/Users/kimsumin/projects/RGMC/data/map/robot22/overlays/0206_overlay.png,/Users/kimsumin/projects/RGMC/data/map/robot22/masks/0206_mask.png
207,0.30000000000000004,0.1875,0.0,511.41276978417267,143.67739052725648,1,0.0,0.03330866003233598,0.08357860912530692,1776273129.923457,5,/Users/kimsumin/projects/RGMC/data/map/robot22/images/0207.png,/Users/kimsumin/projects/RGMC/data/map/robot22/overlays/0207_overlay.png,/Users/kimsumin/projects/RGMC/data/map/robot22/masks/0207_mask.png
208,0.32999999999999996,0.1875,0.0,511.53427065026364,156.68859649122808,1,0.0,0.03748914277333082,0.09729157612192554,1776273139.6471846,5,/Users/kimsumin/projects/RGMC/data/map/robot22/images/0208.png,/Users/kimsumin/projects/RGMC/data/map/robot22/overlays/0208_overlay.png,/Users/kimsumin/projects/RGMC/data/map/robot22/masks/0208_mask.png
209,0.36,0.1875,0.0,511.3623931623932,170.11976047904193,1,0.0,0.03907159205922212,0.4414744687515309,1776273150.113905,5,/Users/kimsumin/projects/RGMC/data/map/robot22/images/0209.png,/Users/kimsumin/projects/RGMC/data/map/robot22/overlays/0209_overlay.png,/Users/kimsumin/projects/RGMC/data/map/robot22/masks/0209_mask.png
210,0.39,0.1875,0.0,511.6132743362832,184.23805309734513,1,0.0,0.0588073244950007,0.11310113243931201,1776273160.2093945,5,/Users/kimsumin/projects/RGMC/data/map/robot22/images/0210.png,/Users/kimsumin/projects/RGMC/data/map/robot22/overlays/0210_overlay.png,/Users/kimsumin/projects/RGMC/data/map/robot22/masks/0210_mask.png
211,0.42000000000000004,0.1875,0.0,511.7589519650655,197.56272084805653,1,0.0,0.0469818994663639,0.09876515915364778,1776273170.2055395,5,/Users/kimsumin/projects/RGMC/data/map/robot22/images/0211.png,/Users/kimsumin/projects/RGMC/data/map/robot22/overlays/0211_overlay.png,/Users/kimsumin/projects/RGMC/data/map/robot22/masks/0211_mask.png
212,0.44999999999999996,0.1875,0.0,511.70178571428573,211.51423487544483,1,0.0,0.07633869943261576,0.041112710037944464,1776273180.1329956,5,/Users/kimsumin/projects/RGMC/data/map/robot22/images/0212.png,/Users/kimsumin/projects/RGMC/data/map/robot22/overlays/0212_overlay.png,/Users/kimsumin/projects/RGMC/data/map/robot22/masks/0212_mask.png
213,0.48,0.1875,0.0,512.0026223776224,224.9137323943662,1,0.0,0.1708306062094014,0.054141990925827055,1776273190.1732495,5,/Users/kimsumin/projects/RGMC/data/map/robot22/images/0213.png,/Users/kimsumin/projects/RGMC/data/map/robot22/overlays/0213_overlay.png,/Users/kimsumin/projects/RGMC/data/map/robot22/masks/0213_mask.png
214,0.51,0.1875,0.0,511.8326105810928,238.02775368603642,1,0.0,0.2648818950038475,0.034588170813119185,1776273200.46633,5,/Users/kimsumin/projects/RGMC/data/map/robot22/images/0214.png,/Users/kimsumin/projects/RGMC/data/map/robot22/overlays/0214_overlay.png,/Users/kimsumin/projects/RGMC/data/map/robot22/masks/0214_mask.png
215,0.54,0.1875,0.0,511.8977578475336,251.868677905945,1,0.0,0.22054222218979272,0.06996696651180571,1776273211.530729,5,/Users/kimsumin/projects/RGMC/data/map/robot22/images/0215.png,/Users/kimsumin/projects/RGMC/data/map/robot22/overlays/0215_overlay.png,/Users/kimsumin/projects/RGMC/data/map/robot22/masks/0215_mask.png
216,0.5700000000000001,0.1875,0.0,512.6778350515464,265.0782459157352,1,0.0,0.057433175355417636,0.03073461109708998,1776273223.6889205,5,/Users/kimsumin/projects/RGMC/data/map/robot22/images/0216.png,/Users/kimsumin/projects/RGMC/data/map/robot22/overlays/0216_overlay.png,/Users/kimsumin/projects/RGMC/data/map/robot22/masks/0216_mask.png
217,0.6,0.1875,0.0,512.0576923076923,279.4065934065934,1,0.0,0.2505684202554676,0.029328000766111348,1776273233.7530222,5,/Users/kimsumin/projects/RGMC/data/map/robot22/images/0217.png,/Users/kimsumin/projects/RGMC/data/map/robot22/overlays/0217_overlay.png,/Users/kimsumin/projects/RGMC/data/map/robot22/masks/0217_mask.png
218,0.63,0.1875,0.0,512.611734253667,292.5244755244755,1,0.0,0.0555946721831764,0.05534898261487999,1776273244.30305,5,/Users/kimsumin/projects/RGMC/data/map/robot22/images/0218.png,/Users/kimsumin/projects/RGMC/data/map/robot22/overlays/0218_overlay.png,/Users/kimsumin/projects/RGMC/data/map/robot22/masks/0218_mask.png
219,0.66,0.1875,0.0,512.8046075085324,305.96516567544603,1,0.0,0.044858997392014266,0.03137657862313492,1776273255.9902835,5,/Users/kimsumin/projects/RGMC/data/map/robot22/images/0219.png,/Users/kimsumin/projects/RGMC/data/map/robot22/overlays/0219_overlay.png,/Users/kimsumin/projects/RGMC/data/map/robot22/masks/0219_mask.png
220,0.69,0.1875,0.0,512.8051948051948,320.0262008733624,1,0.0,0.03675617066067457,0.07452644294447723,1776273265.948544,5,/Users/kimsumin/projects/RGMC/data/map/robot22/images/0220.png,/Users/kimsumin/projects/RGMC/data/map/robot22/overlays/0220_overlay.png,/Users/kimsumin/projects/RGMC/data/map/robot22/masks/0220_mask.png
221,0.72,0.1875,0.0,513.0852713178294,333.17743324720067,1,0.0,0.022266221196775803,0.0971192264765746,1776273277.0889332,5,/Users/kimsumin/projects/RGMC/data/map/robot22/images/0221.png,/Users/kimsumin/projects/RGMC/data/map/robot22/overlays/0221_overlay.png,/Users/kimsumin/projects/RGMC/data/map/robot22/masks/0221_mask.png
222,0.75,0.1875,0.0,513.0631672597865,347.13125,1,0.0,0.07463062688153856,0.023970089891072084,1776273287.070286,5,/Users/kimsumin/projects/RGMC/data/map/robot22/images/0222.png,/Users/kimsumin/projects/RGMC/data/map/robot22/overlays/0222_overlay.png,/Users/kimsumin/projects/RGMC/data/map/robot22/masks/0222_mask.png
223,0.78,0.1875,0.0,513.1457068516912,360.94449262792716,1,0.0,0.05104077597496805,0.025795569307195662,1776273299.416207,5,/Users/kimsumin/projects/RGMC/data/map/robot22/images/0223.png,/Users/kimsumin/projects/RGMC/data/map/robot22/overlays/0223_overlay.png,/Users/kimsumin/projects/RGMC/data/map/robot22/masks/0223_mask.png
224,0.81,0.1875,0.0,512.9637809187279,374.22089041095893,1,0.0,0.0502145356498248,0.3661613861086193,1776273310.163575,5,/Users/kimsumin/projects/RGMC/data/map/robot22/images/0224.png,/Users/kimsumin/projects/RGMC/data/map/robot22/overlays/0224_overlay.png,/Users/kimsumin/projects/RGMC/data/map/robot22/masks/0224_mask.png
225,0.84,0.1875,0.0,513.2384682332463,388.10791993037424,1,0.0,0.042033543859871556,0.07094029675143339,1776273320.3291385,5,/Users/kimsumin/projects/RGMC/data/map/robot22/images/0225.png,/Users/kimsumin/projects/RGMC/data/map/robot22/overlays/0225_overlay.png,/Users/kimsumin/projects/RGMC/data/map/robot22/masks/0225_mask.png
226,0.87,0.1875,0.0,513.1150442477876,401.4362831858407,1,0.0,0.035292786804216957,0.050742382577313686,1776273330.7160761,5,/Users/kimsumin/projects/RGMC/data/map/robot22/images/0226.png,/Users/kimsumin/projects/RGMC/data/map/robot22/overlays/0226_overlay.png,/Users/kimsumin/projects/RGMC/data/map/robot22/masks/0226_mask.png
227,0.9,0.1875,0.0,512.5972972972972,415.2826086956522,1,0.0,0.04094730900265817,0.02984294558761248,1776273342.4272215,5,/Users/kimsumin/projects/RGMC/data/map/robot22/images/0227.png,/Users/kimsumin/projects/RGMC/data/map/robot22/overlays/0227_overlay.png,/Users/kimsumin/projects/RGMC/data/map/robot22/masks/0227_mask.png
228,0.9299999999999999,0.1875,0.0,513.2837370242214,428.9605488850772,1,0.0,0.04938962422383355,0.053398009642096914,1776273352.3579319,5,/Users/kimsumin/projects/RGMC/data/map/robot22/images/0228.png,/Users/kimsumin/projects/RGMC/data/map/robot22/overlays/0228_overlay.png,/Users/kimsumin/projects/RGMC/data/map/robot22/masks/0228_mask.png
229,0.96,0.1875,0.0,513.2827832292596,442.90501792114696,1,0.0,0.3424766641260202,0.3892937115838032,1776273362.4197419,5,/Users/kimsumin/projects/RGMC/data/map/robot22/images/0229.png,/Users/kimsumin/projects/RGMC/data/map/robot22/overlays/0229_overlay.png,/Users/kimsumin/projects/RGMC/data/map/robot22/masks/0229_mask.png
230,0.99,0.1875,0.0,513.5174825174826,456.25524475524475,1,0.0,0.37062611436716103,0.0350659908671649,1776273372.2123947,5,/Users/kimsumin/projects/RGMC/data/map/robot22/images/0230.png,/Users/kimsumin/projects/RGMC/data/map/robot22/overlays/0230_overlay.png,/Users/kimsumin/projects/RGMC/data/map/robot22/masks/0230_mask.png
231,0.99,0.21875,0.0,499.3955357142857,456.4267968056788,1,0.0,0.06938381886361815,0.05393864337376033,1776273382.8171873,5,/Users/kimsumin/projects/RGMC/data/map/robot22/images/0231.png,/Users/kimsumin/projects/RGMC/data/map/robot22/overlays/0231_overlay.png,/Users/kimsumin/projects/RGMC/data/map/robot22/masks/0231_mask.png
232,0.96,0.21875,0.0,499.14848762603117,443.29330889092574,1,0.0,0.049870499849742324,0.3505894987390733,1776273392.9295907,5,/Users/kimsumin/projects/RGMC/data/map/robot22/images/0232.png,/Users/kimsumin/projects/RGMC/data/map/robot22/overlays/0232_overlay.png,/Users/kimsumin/projects/RGMC/data/map/robot22/masks/0232_mask.png
233,0.9299999999999999,0.21875,0.0,499.3492201039861,429.4588031222897,1,0.0,0.04156061586344463,0.0497648225352496,1776273404.8086407,5,/Users/kimsumin/projects/RGMC/data/map/robot22/images/0233.png,/Users/kimsumin/projects/RGMC/data/map/robot22/overlays/0233_overlay.png,/Users/kimsumin/projects/RGMC/data/map/robot22/masks/0233_mask.png
234,0.9,0.21875,0.0,499.1041095890411,415.89132420091323,1,0.0,0.053850389365742275,0.028869254636017094,1776273416.0125666,5,/Users/kimsumin/projects/RGMC/data/map/robot22/images/0234.png,/Users/kimsumin/projects/RGMC/data/map/robot22/overlays/0234_overlay.png,/Users/kimsumin/projects/RGMC/data/map/robot22/masks/0234_mask.png
235,0.87,0.21875,0.0,498.9148745519713,401.7900900900901,1,0.0,0.01795561415983033,0.036501537281713806,1776273427.8442595,5,/Users/kimsumin/projects/RGMC/data/map/robot22/images/0235.png,/Users/kimsumin/projects/RGMC/data/map/robot22/overlays/0235_overlay.png,/Users/kimsumin/projects/RGMC/data/map/robot22/masks/0235_mask.png
236,0.84,0.21875,0.0,499.4294532627866,388.74313551815766,1,0.0,0.050196685980976964,0.060153332790441535,1776273438.590043,5,/Users/kimsumin/projects/RGMC/data/map/robot22/images/0236.png,/Users/kimsumin/projects/RGMC/data/map/robot22/overlays/0236_overlay.png,/Users/kimsumin/projects/RGMC/data/map/robot22/masks/0236_mask.png
237,0.81,0.21875,0.0,499.2788990825688,375.15229357798165,1,0.0,0.006384944285330497,0.007827542353047131,1776273448.4577558,5,/Users/kimsumin/projects/RGMC/data/map/robot22/images/0237.png,/Users/kimsumin/projects/RGMC/data/map/robot22/overlays/0237_overlay.png,/Users/kimsumin/projects/RGMC/data/map/robot22/masks/0237_mask.png
238,0.78,0.21875,0.0,499.1008174386921,361.086917562724,1,0.0,0.05325512401236172,0.049374323062401436,1776273458.3030314,5,/Users/kimsumin/projects/RGMC/data/map/robot22/images/0238.png,/Users/kimsumin/projects/RGMC/data/map/robot22/overlays/0238_overlay.png,/Users/kimsumin/projects/RGMC/data/map/robot22/masks/0238_mask.png
239,0.75,0.21875,0.0,499.2554945054945,347.5778985507246,1,0.0,0.07654564155475933,0.07067795221769062,1776273470.6749218,5,/Users/kimsumin/projects/RGMC/data/map/robot22/images/0239.png,/Users/kimsumin/projects/RGMC/data/map/robot22/overlays/0239_overlay.png,/Users/kimsumin/projects/RGMC/data/map/robot22/masks/0239_mask.png
240,0.72,0.21875,0.0,499.0921985815603,333.82165039929015,1,0.0,0.03534880341664855,0.01891991634856543,1776273482.1161897,5,/Users/kimsumin/projects/RGMC/data/map/robot22/images/0240.png,/Users/kimsumin/projects/RGMC/data/map/robot22/overlays/0240_overlay.png,/Users/kimsumin/projects/RGMC/data/map/robot22/masks/0240_mask.png
241,0.69,0.21875,0.0,498.8391734052111,320.3971119133574,1,0.0,0.03093049591066493,0.06224776828231547,1776273492.768238,5,/Users/kimsumin/projects/RGMC/data/map/robot22/images/0241.png,/Users/kimsumin/projects/RGMC/data/map/robot22/overlays/0241_overlay.png,/Users/kimsumin/projects/RGMC/data/map/robot22/masks/0241_mask.png
242,0.66,0.21875,0.0,498.0585106382979,307.131322094055,1,0.0,0.026978177344022122,0.31185665054217704,1776273502.803659,5,/Users/kimsumin/projects/RGMC/data/map/robot22/images/0242.png,/Users/kimsumin/projects/RGMC/data/map/robot22/overlays/0242_overlay.png,/Users/kimsumin/projects/RGMC/data/map/robot22/masks/0242_mask.png
243,0.63,0.21875,0.0,497.9764705882353,293.16346955796496,1,0.0,0.4546516090883013,0.07932249124379276,1776273513.827598,5,/Users/kimsumin/projects/RGMC/data/map/robot22/images/0243.png,/Users/kimsumin/projects/RGMC/data/map/robot22/overlays/0243_overlay.png,/Users/kimsumin/projects/RGMC/data/map/robot22/masks/0243_mask.png
244,0.6,0.21875,0.0,498.8835930339138,279.54036697247705,1,0.0,0.034775481000667054,0.054419414365016086,1776273523.7669227,5,/Users/kimsumin/projects/RGMC/data/map/robot22/images/0244.png,/Users/kimsumin/projects/RGMC/data/map/robot22/overlays/0244_overlay.png,/Users/kimsumin/projects/RGMC/data/map/robot22/masks/0244_mask.png
245,0.5700000000000001,0.21875,0.0,497.79694137638063,265.7088285229202,1,0.0,0.06518134799869708,0.023670113644382235,1776273533.654003,5,/Users/kimsumin/projects/RGMC/data/map/robot22/images/0245.png,/Users/kimsumin/projects/RGMC/data/map/robot22/overlays/0245_overlay.png,/Users/kimsumin/projects/RGMC/data/map/robot22/masks/0245_mask.png
246,0.54,0.21875,0.0,497.91398783666375,252.2267593397046,1,0.0,0.05377408021297951,0.08082520764668168,1776273543.5332944,5,/Users/kimsumin/projects/RGMC/data/map/robot22/images/0246.png,/Users/kimsumin/projects/RGMC/data/map/robot22/overlays/0246_overlay.png,/Users/kimsumin/projects/RGMC/data/map/robot22/masks/0246_mask.png
247,0.51,0.21875,0.0,497.77787532923617,239.27831431079895,1,0.0,0.051992533144290504,0.04487023808313318,1776273553.5340934,5,/Users/kimsumin/projects/RGMC/data/map/robot22/images/0247.png,/Users/kimsumin/projects/RGMC/data/map/robot22/overlays/0247_overlay.png,/Users/kimsumin/projects/RGMC/data/map/robot22/masks/0247_mask.png
248,0.48,0.21875,0.0,497.8252595155709,225.56623376623378,1,0.0,0.007214052615110231,0.0728761775649126,1776273563.4601116,5,/Users/kimsumin/projects/RGMC/data/map/robot22/images/0248.png,/Users/kimsumin/projects/RGMC/data/map/robot22/overlays/0248_overlay.png,/Users/kimsumin/projects/RGMC/data/map/robot22/masks/0248_mask.png
249,0.44999999999999996,0.21875,0.0,497.76787290379525,211.79283216783216,1,0.0,0.05915949277439932,0.02913338172457647,1776273573.380157,5,/Users/kimsumin/projects/RGMC/data/map/robot22/images/0249.png,/Users/kimsumin/projects/RGMC/data/map/robot22/overlays/0249_overlay.png,/Users/kimsumin/projects/RGMC/data/map/robot22/masks/0249_mask.png
250,0.42000000000000004,0.21875,0.0,497.5100087032202,198.79982593559617,1,0.0,0.03533585611026821,0.013761481664723968,1776273583.505194,5,/Users/kimsumin/projects/RGMC/data/map/robot22/images/0250.png,/Users/kimsumin/projects/RGMC/data/map/robot22/overlays/0250_overlay.png,/Users/kimsumin/projects/RGMC/data/map/robot22/masks/0250_mask.png
251,0.39,0.21875,0.0,497.36348122866895,184.5736170212766,1,0.0,0.038102374796660066,0.033312444815126886,1776273594.3481896,5,/Users/kimsumin/projects/RGMC/data/map/robot22/images/0251.png,/Users/kimsumin/projects/RGMC/data/map/robot22/overlays/0251_overlay.png,/Users/kimsumin/projects/RGMC/data/map/robot22/masks/0251_mask.png
252,0.36,0.21875,0.0,497.4226713532513,171.27240773286468,1,0.0,0.0375122796537485,0.026993720216394217,1776273604.5908017,5,/Users/kimsumin/projects/RGMC/data/map/robot22/images/0252.png,/Users/kimsumin/projects/RGMC/data/map/robot22/overlays/0252_overlay.png,/Users/kimsumin/projects/RGMC/data/map/robot22/masks/0252_mask.png
253,0.32999999999999996,0.21875,0.0,497.23607647547794,157.64422277639235,1,0.0,0.04487275987997074,0.030029088716322306,1776273619.5036042,5,/Users/kimsumin/projects/RGMC/data/map/robot22/images/0253.png,/Users/kimsumin/projects/RGMC/data/map/robot22/overlays/0253_overlay.png,/Users/kimsumin/projects/RGMC/data/map/robot22/masks/0253_mask.png
254,0.30000000000000004,0.21875,0.0,497.0711261642676,144.4100169779287,1,0.0,0.026243474914499437,0.06635516143976602,1776273629.2163506,5,/Users/kimsumin/projects/RGMC/data/map/robot22/images/0254.png,/Users/kimsumin/projects/RGMC/data/map/robot22/overlays/0254_overlay.png,/Users/kimsumin/projects/RGMC/data/map/robot22/masks/0254_mask.png
255,0.27,0.21875,0.0,497.0499561787905,130.83595113438045,1,0.0,0.03152766769967606,0.04869808750751703,1776273641.6756465,5,/Users/kimsumin/projects/RGMC/data/map/robot22/images/0255.png,/Users/kimsumin/projects/RGMC/data/map/robot22/overlays/0255_overlay.png,/Users/kimsumin/projects/RGMC/data/map/robot22/masks/0255_mask.png
256,0.24,0.21875,0.0,496.9330472103004,117.1718882303133,1,0.0,0.05392446633695384,0.03212640954363125,1776273651.7647152,5,/Users/kimsumin/projects/RGMC/data/map/robot22/images/0256.png,/Users/kimsumin/projects/RGMC/data/map/robot22/overlays/0256_overlay.png,/Users/kimsumin/projects/RGMC/data/map/robot22/masks/0256_mask.png
257,0.21,0.21875,0.0,496.9755244755245,103.73601398601399,1,0.0,0.02258167824665146,0.01375622419393251,1776273661.5297582,5,/Users/kimsumin/projects/RGMC/data/map/robot22/images/0257.png,/Users/kimsumin/projects/RGMC/data/map/robot22/overlays/0257_overlay.png,/Users/kimsumin/projects/RGMC/data/map/robot22/masks/0257_mask.png
258,0.18,0.21875,0.0,496.98032200357784,90.45855855855856,1,0.0,0.048960549503486085,0.3171500903535834,1776273671.5585089,5,/Users/kimsumin/projects/RGMC/data/map/robot22/images/0258.png,/Users/kimsumin/projects/RGMC/data/map/robot22/overlays/0258_overlay.png,/Users/kimsumin/projects/RGMC/data/map/robot22/masks/0258_mask.png
259,0.15,0.21875,0.0,496.78987993138935,76.45797598627787,1,0.0,0.09349465826068513,0.06562369254139351,1776273681.9930365,5,/Users/kimsumin/projects/RGMC/data/map/robot22/images/0259.png,/Users/kimsumin/projects/RGMC/data/map/robot22/overlays/0259_overlay.png,/Users/kimsumin/projects/RGMC/data/map/robot22/masks/0259_mask.png
260,0.12,0.21875,0.0,496.8363636363636,63.1,1,0.0,0.051210742879217154,0.02796287910092166,1776273692.550374,5,/Users/kimsumin/projects/RGMC/data/map/robot22/images/0260.png,/Users/kimsumin/projects/RGMC/data/map/robot22/overlays/0260_overlay.png,/Users/kimsumin/projects/RGMC/data/map/robot22/masks/0260_mask.png
261,0.09,0.21875,0.0,496.93201376936315,49.566005176876615,1,0.0,0.06081026738139438,0.09323388091050827,1776273702.5120983,5,/Users/kimsumin/projects/RGMC/data/map/robot22/images/0261.png,/Users/kimsumin/projects/RGMC/data/map/robot22/overlays/0261_overlay.png,/Users/kimsumin/projects/RGMC/data/map/robot22/masks/0261_mask.png
262,0.06,0.21875,0.0,496.6690017513135,35.887915936952716,1,0.0,0.06026426675269023,0.13439161836815575,1776273712.3885508,5,/Users/kimsumin/projects/RGMC/data/map/robot22/images/0262.png,/Users/kimsumin/projects/RGMC/data/map/robot22/overlays/0262_overlay.png,/Users/kimsumin/projects/RGMC/data/map/robot22/masks/0262_mask.png
263,0.03,0.21875,0.0,496.7453580901857,22.160639192598822,1,0.0,0.038416684878414604,0.4068812714978779,1776273723.1305068,5,/Users/kimsumin/projects/RGMC/data/map/robot22/images/0263.png,/Users/kimsumin/projects/RGMC/data/map/robot22/overlays/0263_overlay.png,/Users/kimsumin/projects/RGMC/data/map/robot22/masks/0263_mask.png
264,0.03,0.25,0.0,482.9974137931035,22.91171171171171,1,0.0,0.39033212374124826,0.3206959532966383,1776273733.2356536,5,/Users/kimsumin/projects/RGMC/data/map/robot22/images/0264.png,/Users/kimsumin/projects/RGMC/data/map/robot22/overlays/0264_overlay.png,/Users/kimsumin/projects/RGMC/data/map/robot22/masks/0264_mask.png
265,0.06,0.25,0.0,482.16190476190474,35.89811643835616,1,0.0,0.41182800105164197,0.15578819497105184,1776273745.1500392,5,/Users/kimsumin/projects/RGMC/data/map/robot22/images/0265.png,/Users/kimsumin/projects/RGMC/data/map/robot22/overlays/0265_overlay.png,/Users/kimsumin/projects/RGMC/data/map/robot22/masks/0265_mask.png
266,0.09,0.25,0.0,482.87432675044886,49.17783505154639,1,0.0,0.34098875922716443,0.08165537131838119,1776273756.179968,5,/Users/kimsumin/projects/RGMC/data/map/robot22/images/0266.png,/Users/kimsumin/projects/RGMC/data/map/robot22/overlays/0266_overlay.png,/Users/kimsumin/projects/RGMC/data/map/robot22/masks/0266_mask.png
267,0.12,0.25,0.0,482.9694793536804,62.8213644524237,1,0.0,0.004753752156466335,0.011954548427877016,1776273766.613045,5,/Users/kimsumin/projects/RGMC/data/map/robot22/images/0267.png,/Users/kimsumin/projects/RGMC/data/map/robot22/overlays/0267_overlay.png,/Users/kimsumin/projects/RGMC/data/map/robot22/masks/0267_mask.png
268,0.15,0.25,0.0,482.91884580703334,76.165770609319,1,0.0,0.308881638704306,0.08758662309120434,1776273776.5407586,5,/Users/kimsumin/projects/RGMC/data/map/robot22/images/0268.png,/Users/kimsumin/projects/RGMC/data/map/robot22/overlays/0268_overlay.png,/Users/kimsumin/projects/RGMC/data/map/robot22/masks/0268_mask.png
269,0.18,0.25,0.0,482.8705035971223,89.39732142857143,1,0.0,0.05804061707192614,0.044005967642391085,1776273788.7052686,5,/Users/kimsumin/projects/RGMC/data/map/robot22/images/0269.png,/Users/kimsumin/projects/RGMC/data/map/robot22/overlays/0269_overlay.png,/Users/kimsumin/projects/RGMC/data/map/robot22/masks/0269_mask.png
270,0.21,0.25,0.0,483.12432432432433,103.30520646319569,1,0.0,0.04030234647801626,0.03135789971418463,1776273798.7960906,5,/Users/kimsumin/projects/RGMC/data/map/robot22/images/0270.png,/Users/kimsumin/projects/RGMC/data/map/robot22/overlays/0270_overlay.png,/Users/kimsumin/projects/RGMC/data/map/robot22/masks/0270_mask.png
271,0.24,0.25,0.0,483.07927927927926,116.5536519386835,1,0.0,0.07674773246877703,0.05253412398662855,1776273811.192205,5,/Users/kimsumin/projects/RGMC/data/map/robot22/images/0271.png,/Users/kimsumin/projects/RGMC/data/map/robot22/overlays/0271_overlay.png,/Users/kimsumin/projects/RGMC/data/map/robot22/masks/0271_mask.png
272,0.27,0.25,0.0,483.08355555555556,129.6296625222025,1,0.0,0.046546807738701665,0.04302706669853674,1776273821.552703,5,/Users/kimsumin/projects/RGMC/data/map/robot22/images/0272.png,/Users/kimsumin/projects/RGMC/data/map/robot22/overlays/0272_overlay.png,/Users/kimsumin/projects/RGMC/data/map/robot22/masks/0272_mask.png
273,0.30000000000000004,0.25,0.0,483.14390467461044,143.6651501364877,1,0.0,0.01020940351857593,0.06497899710946653,1776273831.3169925,5,/Users/kimsumin/projects/RGMC/data/map/robot22/images/0273.png,/Users/kimsumin/projects/RGMC/data/map/robot22/overlays/0273_overlay.png,/Users/kimsumin/projects/RGMC/data/map/robot22/masks/0273_mask.png
274,0.32999999999999996,0.25,0.0,483.32060390763763,157.18561278863234,1,0.0,0.03403754915303041,0.08764497203363479,1776273844.133076,5,/Users/kimsumin/projects/RGMC/data/map/robot22/images/0274.png,/Users/kimsumin/projects/RGMC/data/map/robot22/overlays/0274_overlay.png,/Users/kimsumin/projects/RGMC/data/map/robot22/masks/0274_mask.png
275,0.36,0.25,0.0,483.2810218978102,170.36929824561403,1,0.0,0.022831210058658104,0.4184773861273367,1776273855.8113642,5,/Users/kimsumin/projects/RGMC/data/map/robot22/images/0275.png,/Users/kimsumin/projects/RGMC/data/map/robot22/overlays/0275_overlay.png,/Users/kimsumin/projects/RGMC/data/map/robot22/masks/0275_mask.png
276,0.39,0.25,0.0,483.32769367764917,184.29017857142858,1,0.0,0.029568574732639737,0.05939857369139215,1776273868.0749226,5,/Users/kimsumin/projects/RGMC/data/map/robot22/images/0276.png,/Users/kimsumin/projects/RGMC/data/map/robot22/overlays/0276_overlay.png,/Users/kimsumin/projects/RGMC/data/map/robot22/masks/0276_mask.png
277,0.42000000000000004,0.25,0.0,483.4754816112084,197.6184668989547,1,0.0,0.03703071792035443,0.47110049426727363,1776273879.4661727,5,/Users/kimsumin/projects/RGMC/data/map/robot22/images/0277.png,/Users/kimsumin/projects/RGMC/data/map/robot22/overlays/0277_overlay.png,/Users/kimsumin/projects/RGMC/data/map/robot22/masks/0277_mask.png
278,0.44999999999999996,0.25,0.0,483.5711727842435,211.63644524236983,1,0.0,0.02124819930732374,0.033199430753300896,1776273889.8904822,5,/Users/kimsumin/projects/RGMC/data/map/robot22/images/0278.png,/Users/kimsumin/projects/RGMC/data/map/robot22/overlays/0278_overlay.png,/Users/kimsumin/projects/RGMC/data/map/robot22/masks/0278_mask.png
279,0.48,0.25,0.0,483.50044603033007,225.0452528837622,1,0.0,0.045408478352420484,0.06403805392936586,1776273901.7791603,5,/Users/kimsumin/projects/RGMC/data/map/robot22/images/0279.png,/Users/kimsumin/projects/RGMC/data/map/robot22/overlays/0279_overlay.png,/Users/kimsumin/projects/RGMC/data/map/robot22/masks/0279_mask.png
280,0.51,0.25,0.0,483.66303360581287,239.05696202531647,1,0.0,0.027247514270808952,0.05145654815649723,1776273912.1595058,5,/Users/kimsumin/projects/RGMC/data/map/robot22/images/0280.png,/Users/kimsumin/projects/RGMC/data/map/robot22/overlays/0280_overlay.png,/Users/kimsumin/projects/RGMC/data/map/robot22/masks/0280_mask.png
281,0.54,0.25,0.0,483.70758122743683,252.06025179856115,1,0.0,0.04636518430365033,0.07792770215132534,1776273924.512889,5,/Users/kimsumin/projects/RGMC/data/map/robot22/images/0281.png,/Users/kimsumin/projects/RGMC/data/map/robot22/overlays/0281_overlay.png,/Users/kimsumin/projects/RGMC/data/map/robot22/masks/0281_mask.png
282,0.5700000000000001,0.25,0.0,483.8075904677846,265.4779151943463,1,0.0,0.069041349408242,0.08525070202398818,1776273934.7315207,5,/Users/kimsumin/projects/RGMC/data/map/robot22/images/0282.png,/Users/kimsumin/projects/RGMC/data/map/robot22/overlays/0282_overlay.png,/Users/kimsumin/projects/RGMC/data/map/robot22/masks/0282_mask.png
283,0.6,0.25,0.0,483.9053685168335,279.4821917808219,1,0.0,0.04429094526991022,0.0309900077247115,1776273946.9373715,5,/Users/kimsumin/projects/RGMC/data/map/robot22/images/0283.png,/Users/kimsumin/projects/RGMC/data/map/robot22/overlays/0283_overlay.png,/Users/kimsumin/projects/RGMC/data/map/robot22/masks/0283_mask.png
284,0.63,0.25,0.0,484.02922940655446,292.80728241563054,1,0.0,0.035784906956284196,0.03726407347129949,1776273958.0738502,5,/Users/kimsumin/projects/RGMC/data/map/robot22/images/0284.png,/Users/kimsumin/projects/RGMC/data/map/robot22/overlays/0284_overlay.png,/Users/kimsumin/projects/RGMC/data/map/robot22/masks/0284_mask.png
285,0.66,0.25,0.0,484.0302197802198,306.3533039647577,1,0.0,0.02319769679504818,0.316820104116924,1776273970.1822875,5,/Users/kimsumin/projects/RGMC/data/map/robot22/images/0285.png,/Users/kimsumin/projects/RGMC/data/map/robot22/overlays/0285_overlay.png,/Users/kimsumin/projects/RGMC/data/map/robot22/masks/0285_mask.png
286,0.69,0.25,0.0,483.94732142857146,320.1580357142857,1,0.0,0.04204722273526796,0.006855720367237579,1776273981.734868,5,/Users/kimsumin/projects/RGMC/data/map/robot22/images/0286.png,/Users/kimsumin/projects/RGMC/data/map/robot22/overlays/0286_overlay.png,/Users/kimsumin/projects/RGMC/data/map/robot22/masks/0286_mask.png
287,0.72,0.25,0.0,484.1674127126231,333.4357142857143,1,0.0,0.025736325339922376,0.031977993998441,1776273991.6622128,5,/Users/kimsumin/projects/RGMC/data/map/robot22/images/0287.png,/Users/kimsumin/projects/RGMC/data/map/robot22/overlays/0287_overlay.png,/Users/kimsumin/projects/RGMC/data/map/robot22/masks/0287_mask.png
288,0.75,0.25,0.0,484.4143897996357,347.4379562043796,1,0.0,0.07882793257478397,0.0661672347059318,1776274002.5789423,5,/Users/kimsumin/projects/RGMC/data/map/robot22/images/0288.png,/Users/kimsumin/projects/RGMC/data/map/robot22/overlays/0288_overlay.png,/Users/kimsumin/projects/RGMC/data/map/robot22/masks/0288_mask.png
289,0.78,0.25,0.0,484.5765529308836,361.04119193689746,1,0.0,0.06047396183192618,0.04244424768455913,1776274013.5067277,5,/Users/kimsumin/projects/RGMC/data/map/robot22/images/0289.png,/Users/kimsumin/projects/RGMC/data/map/robot22/overlays/0289_overlay.png,/Users/kimsumin/projects/RGMC/data/map/robot22/masks/0289_mask.png
290,0.81,0.25,0.0,484.3699906803355,374.88600556070435,1,0.0,0.05069168102987562,0.021909393215239166,1776274023.4673831,5,/Users/kimsumin/projects/RGMC/data/map/robot22/images/0290.png,/Users/kimsumin/projects/RGMC/data/map/robot22/overlays/0290_overlay.png,/Users/kimsumin/projects/RGMC/data/map/robot22/masks/0290_mask.png
291,0.84,0.25,0.0,484.99913494809687,388.4948096885813,1,0.0,0.2793422735389359,0.06690569463665598,1776274036.2449224,5,/Users/kimsumin/projects/RGMC/data/map/robot22/images/0291.png,/Users/kimsumin/projects/RGMC/data/map/robot22/overlays/0291_overlay.png,/Users/kimsumin/projects/RGMC/data/map/robot22/masks/0291_mask.png
292,0.87,0.25,0.0,484.68989547038325,401.7160278745645,1,0.0,0.17903666085694792,0.023612327407866465,1776274047.295179,5,/Users/kimsumin/projects/RGMC/data/map/robot22/images/0292.png,/Users/kimsumin/projects/RGMC/data/map/robot22/overlays/0292_overlay.png,/Users/kimsumin/projects/RGMC/data/map/robot22/masks/0292_mask.png
293,0.9,0.25,0.0,484.18686401480113,415.36355226641996,1,0.0,0.04820329877875894,0.02258935325919933,1776274057.1035662,5,/Users/kimsumin/projects/RGMC/data/map/robot22/images/0293.png,/Users/kimsumin/projects/RGMC/data/map/robot22/overlays/0293_overlay.png,/Users/kimsumin/projects/RGMC/data/map/robot22/masks/0293_mask.png
294,0.9299999999999999,0.25,0.0,484.8415159345392,428.9539249146758,1,0.0,0.08258708005880015,0.023087023940022804,1776274066.855465,5,/Users/kimsumin/projects/RGMC/data/map/robot22/images/0294.png,/Users/kimsumin/projects/RGMC/data/map/robot22/overlays/0294_overlay.png,/Users/kimsumin/projects/RGMC/data/map/robot22/masks/0294_mask.png
295,0.96,0.25,0.0,484.80845323741005,442.24675324675326,1,0.0,0.12644895176548307,0.361472181309794,1776274079.0157986,5,/Users/kimsumin/projects/RGMC/data/map/robot22/images/0295.png,/Users/kimsumin/projects/RGMC/data/map/robot22/overlays/0295_overlay.png,/Users/kimsumin/projects/RGMC/data/map/robot22/masks/0295_mask.png
296,0.99,0.25,0.0,484.88072601555746,456.56266205704407,1,0.0,0.05637551802412068,0.05750720360489769,1776274089.9084628,5,/Users/kimsumin/projects/RGMC/data/map/robot22/images/0296.png,/Users/kimsumin/projects/RGMC/data/map/robot22/overlays/0296_overlay.png,/Users/kimsumin/projects/RGMC/data/map/robot22/masks/0296_mask.png
297,0.99,0.28125,0.0,470.8543103448276,456.9681309216193,1,0.0,0.015646799811911995,0.028853814235563123,1776274100.646968,5,/Users/kimsumin/projects/RGMC/data/map/robot22/images/0297.png,/Users/kimsumin/projects/RGMC/data/map/robot22/overlays/0297_overlay.png,/Users/kimsumin/projects/RGMC/data/map/robot22/masks/0297_mask.png
298,0.96,0.28125,0.0,471.03136200716847,443.7605004468275,1,0.0,0.44796847112784727,0.08073534537357374,1776274110.5166256,5,/Users/kimsumin/projects/RGMC/data/map/robot22/images/0298.png,/Users/kimsumin/projects/RGMC/data/map/robot22/overlays/0298_overlay.png,/Users/kimsumin/projects/RGMC/data/map/robot22/masks/0298_mask.png
299,0.9299999999999999,0.28125,0.0,471.1631762652705,429.31037489102005,1,0.0,0.03234618498674826,0.04099597086331652,1776274120.3487718,5,/Users/kimsumin/projects/RGMC/data/map/robot22/images/0299.png,/Users/kimsumin/projects/RGMC/data/map/robot22/overlays/0299_overlay.png,/Users/kimsumin/projects/RGMC/data/map/robot22/masks/0299_mask.png
300,0.9,0.28125,0.0,470.7766816143498,416.4498207885305,1,0.0,0.0184705815157486,0.058923858473446646,1776274130.2566743,5,/Users/kimsumin/projects/RGMC/data/map/robot22/images/0300.png,/Users/kimsumin/projects/RGMC/data/map/robot22/overlays/0300_overlay.png,/Users/kimsumin/projects/RGMC/data/map/robot22/masks/0300_mask.png
301,0.87,0.28125,0.0,469.6235489220564,402.197520661157,1,0.0,0.07340330605181508,0.033527378186192475,1776274140.0342546,5,/Users/kimsumin/projects/RGMC/data/map/robot22/images/0301.png,/Users/kimsumin/projects/RGMC/data/map/robot22/overlays/0301_overlay.png,/Users/kimsumin/projects/RGMC/data/map/robot22/masks/0301_mask.png
302,0.84,0.28125,0.0,471.03097345132744,388.82300884955754,1,0.0,0.03671674216197774,0.020531513754886658,1776274149.8842895,5,/Users/kimsumin/projects/RGMC/data/map/robot22/images/0302.png,/Users/kimsumin/projects/RGMC/data/map/robot22/overlays/0302_overlay.png,/Users/kimsumin/projects/RGMC/data/map/robot22/masks/0302_mask.png
303,0.81,0.28125,0.0,469.92672413793105,375.39451114922815,1,0.0,0.4023096891885418,0.04745227171421722,1776274159.5798604,5,/Users/kimsumin/projects/RGMC/data/map/robot22/images/0303.png,/Users/kimsumin/projects/RGMC/data/map/robot22/overlays/0303_overlay.png,/Users/kimsumin/projects/RGMC/data/map/robot22/masks/0303_mask.png
304,0.78,0.28125,0.0,469.8854080791426,361.80791426215995,1,0.0,0.05538842346190456,0.04994414266007796,1776274169.6732728,5,/Users/kimsumin/projects/RGMC/data/map/robot22/images/0304.png,/Users/kimsumin/projects/RGMC/data/map/robot22/overlays/0304_overlay.png,/Users/kimsumin/projects/RGMC/data/map/robot22/masks/0304_mask.png
305,0.75,0.28125,0.0,471.051912568306,347.63385464581415,1,0.0,0.049548977926846094,0.13260078364976513,1776274180.7537334,5,/Users/kimsumin/projects/RGMC/data/map/robot22/images/0305.png,/Users/kimsumin/projects/RGMC/data/map/robot22/overlays/0305_overlay.png,/Users/kimsumin/projects/RGMC/data/map/robot22/masks/0305_mask.png
306,0.72,0.28125,0.0,470.9099821746881,333.7894736842105,1,0.0,0.4700358440990234,0.07905210732152619,1776274190.6625366,5,/Users/kimsumin/projects/RGMC/data/map/robot22/images/0306.png,/Users/kimsumin/projects/RGMC/data/map/robot22/overlays/0306_overlay.png,/Users/kimsumin/projects/RGMC/data/map/robot22/masks/0306_mask.png
307,0.69,0.28125,0.0,469.92554991539765,320.9754445385267,1,0.0,0.3955741616837868,0.05823156901419229,1776274200.8784297,5,/Users/kimsumin/projects/RGMC/data/map/robot22/images/0307.png,/Users/kimsumin/projects/RGMC/data/map/robot22/overlays/0307_overlay.png,/Users/kimsumin/projects/RGMC/data/map/robot22/masks/0307_mask.png
308,0.66,0.28125,0.0,469.77396657871594,307.39191564147626,1,0.0,0.032721144904698025,0.060298491862373585,1776274211.1886933,5,/Users/kimsumin/projects/RGMC/data/map/robot22/images/0308.png,/Users/kimsumin/projects/RGMC/data/map/robot22/overlays/0308_overlay.png,/Users/kimsumin/projects/RGMC/data/map/robot22/masks/0308_mask.png
309,0.63,0.28125,0.0,470.54806828391736,293.19766397124886,1,0.0,0.4831669094864217,0.04834095677552342,1776274224.6273167,5,/Users/kimsumin/projects/RGMC/data/map/robot22/images/0309.png,/Users/kimsumin/projects/RGMC/data/map/robot22/overlays/0309_overlay.png,/Users/kimsumin/projects/RGMC/data/map/robot22/masks/0309_mask.png
310,0.6,0.28125,0.0,469.8117229129663,279.81343943412907,1,0.0,0.37002824994946665,0.04436667278796082,1776274234.5568495,5,/Users/kimsumin/projects/RGMC/data/map/robot22/images/0310.png,/Users/kimsumin/projects/RGMC/data/map/robot22/overlays/0310_overlay.png,/Users/kimsumin/projects/RGMC/data/map/robot22/masks/0310_mask.png
311,0.5700000000000001,0.28125,0.0,469.5844385499558,266.84519572953735,1,0.0,0.1206025994916186,0.06895734603238536,1776274244.7089908,5,/Users/kimsumin/projects/RGMC/data/map/robot22/images/0311.png,/Users/kimsumin/projects/RGMC/data/map/robot22/overlays/0311_overlay.png,/Users/kimsumin/projects/RGMC/data/map/robot22/masks/0311_mask.png
312,0.54,0.28125,0.0,470.434940855323,252.67304189435336,1,0.0,0.028630079769065894,0.04970442722871402,1776274257.292147,5,/Users/kimsumin/projects/RGMC/data/map/robot22/images/0312.png,/Users/kimsumin/projects/RGMC/data/map/robot22/overlays/0312_overlay.png,/Users/kimsumin/projects/RGMC/data/map/robot22/masks/0312_mask.png
313,0.51,0.28125,0.0,469.5048287971905,239.36042402826854,1,0.0,0.0661979419121545,0.017669338669646685,1776274267.5271306,5,/Users/kimsumin/projects/RGMC/data/map/robot22/images/0313.png,/Users/kimsumin/projects/RGMC/data/map/robot22/overlays/0313_overlay.png,/Users/kimsumin/projects/RGMC/data/map/robot22/masks/0313_mask.png
314,0.48,0.28125,0.0,469.44727891156464,225.73813559322033,1,0.0,0.044080531804489426,0.05913836767357382,1776274277.6689973,5,/Users/kimsumin/projects/RGMC/data/map/robot22/images/0314.png,/Users/kimsumin/projects/RGMC/data/map/robot22/overlays/0314_overlay.png,/Users/kimsumin/projects/RGMC/data/map/robot22/masks/0314_mask.png
315,0.44999999999999996,0.28125,0.0,469.3964601769911,212.09734513274336,1,0.0,0.01067387973357654,0.008211865137725668,1776274290.0959792,5,/Users/kimsumin/projects/RGMC/data/map/robot22/images/0315.png,/Users/kimsumin/projects/RGMC/data/map/robot22/overlays/0315_overlay.png,/Users/kimsumin/projects/RGMC/data/map/robot22/masks/0315_mask.png
316,0.42000000000000004,0.28125,0.0,468.97133220910627,198.12395309882746,1,0.0,0.07069971997841226,0.45443949957609,1776274300.1837153,5,/Users/kimsumin/projects/RGMC/data/map/robot22/images/0316.png,/Users/kimsumin/projects/RGMC/data/map/robot22/overlays/0316_overlay.png,/Users/kimsumin/projects/RGMC/data/map/robot22/masks/0316_mask.png
317,0.39,0.28125,0.0,469.14878892733566,184.85220397579948,1,0.0,0.05871630436811717,0.05356762652515413,1776274310.0570247,5,/Users/kimsumin/projects/RGMC/data/map/robot22/images/0317.png,/Users/kimsumin/projects/RGMC/data/map/robot22/overlays/0317_overlay.png,/Users/kimsumin/projects/RGMC/data/map/robot22/masks/0317_mask.png
318,0.36,0.28125,0.0,468.8810572687225,171.6077057793345,1,0.0,0.29735204930521686,0.03897900446512808,1776274319.9004917,5,/Users/kimsumin/projects/RGMC/data/map/robot22/images/0318.png,/Users/kimsumin/projects/RGMC/data/map/robot22/overlays/0318_overlay.png,/Users/kimsumin/projects/RGMC/data/map/robot22/masks/0318_mask.png
319,0.32999999999999996,0.28125,0.0,468.7395388556789,157.68300929839393,1,0.0,0.07164203186151873,0.024890389767816375,1776274329.7177932,5,/Users/kimsumin/projects/RGMC/data/map/robot22/images/0319.png,/Users/kimsumin/projects/RGMC/data/map/robot22/overlays/0319_overlay.png,/Users/kimsumin/projects/RGMC/data/map/robot22/masks/0319_mask.png
320,0.30000000000000004,0.28125,0.0,468.79545454545456,144.0017605633803,1,0.0,0.2633501874503931,0.01856497717413098,1776274342.390274,5,/Users/kimsumin/projects/RGMC/data/map/robot22/images/0320.png,/Users/kimsumin/projects/RGMC/data/map/robot22/overlays/0320_overlay.png,/Users/kimsumin/projects/RGMC/data/map/robot22/masks/0320_mask.png
321,0.27,0.28125,0.0,468.1485239852399,130.96586715867159,1,0.0,0.2286503716501638,0.06543638913360016,1776274352.5833416,5,/Users/kimsumin/projects/RGMC/data/map/robot22/images/0321.png,/Users/kimsumin/projects/RGMC/data/map/robot22/overlays/0321_overlay.png,/Users/kimsumin/projects/RGMC/data/map/robot22/masks/0321_mask.png
322,0.24,0.28125,0.0,468.25488454706925,117.31471631205673,1,0.0,0.2189578064498285,0.0425234770868394,1776274362.5669801,5,/Users/kimsumin/projects/RGMC/data/map/robot22/images/0322.png,/Users/kimsumin/projects/RGMC/data/map/robot22/overlays/0322_overlay.png,/Users/kimsumin/projects/RGMC/data/map/robot22/masks/0322_mask.png
323,0.21,0.28125,0.0,468.6033421284081,103.46899563318777,1,0.0,0.05828048235901016,0.02160914443633822,1776274372.406152,5,/Users/kimsumin/projects/RGMC/data/map/robot22/images/0323.png,/Users/kimsumin/projects/RGMC/data/map/robot22/overlays/0323_overlay.png,/Users/kimsumin/projects/RGMC/data/map/robot22/masks/0323_mask.png
324,0.18,0.28125,0.0,468.00552995391706,90.70046082949308,1,0.0,0.04567843559852912,0.053500086582361085,1776274385.2342367,5,/Users/kimsumin/projects/RGMC/data/map/robot22/images/0324.png,/Users/kimsumin/projects/RGMC/data/map/robot22/overlays/0324_overlay.png,/Users/kimsumin/projects/RGMC/data/map/robot22/masks/0324_mask.png
325,0.15,0.28125,0.0,468.5103448275862,76.94117647058823,1,0.0,0.046064127793362095,0.06950203575495507,1776274395.2648275,5,/Users/kimsumin/projects/RGMC/data/map/robot22/images/0325.png,/Users/kimsumin/projects/RGMC/data/map/robot22/overlays/0325_overlay.png,/Users/kimsumin/projects/RGMC/data/map/robot22/masks/0325_mask.png
326,0.12,0.28125,0.0,468.43304347826086,63.232682060390765,1,0.0,0.2388416841763764,0.167406899540402,1776274405.469115,5,/Users/kimsumin/projects/RGMC/data/map/robot22/images/0326.png,/Users/kimsumin/projects/RGMC/data/map/robot22/overlays/0326_overlay.png,/Users/kimsumin/projects/RGMC/data/map/robot22/masks/0326_mask.png
327,0.09,0.28125,0.0,468.6473099914603,49.581554227156275,1,0.0,0.2272889123465621,0.03404301588839134,1776274415.3277566,5,/Users/kimsumin/projects/RGMC/data/map/robot22/images/0327.png,/Users/kimsumin/projects/RGMC/data/map/robot22/overlays/0327_overlay.png,/Users/kimsumin/projects/RGMC/data/map/robot22/masks/0327_mask.png
328,0.06,0.28125,0.0,468.6078431372549,36.560204953031594,1,0.0,0.019698607203937533,0.01638108248439676,1776274424.9952033,5,/Users/kimsumin/projects/RGMC/data/map/robot22/images/0328.png,/Users/kimsumin/projects/RGMC/data/map/robot22/overlays/0328_overlay.png,/Users/kimsumin/projects/RGMC/data/map/robot22/masks/0328_mask.png
329,0.03,0.28125,0.0,467.90636363636366,22.983606557377048,1,0.0,0.0715075124212356,0.10218214800057644,1776274434.8633506,5,/Users/kimsumin/projects/RGMC/data/map/robot22/images/0329.png,/Users/kimsumin/projects/RGMC/data/map/robot22/overlays/0329_overlay.png,/Users/kimsumin/projects/RGMC/data/map/robot22/masks/0329_mask.png
330,0.03,0.3125,0.0,454.87052341597797,22.88224471021159,1,0.0,0.021807524080544136,0.29496658377827256,1776274444.901852,5,/Users/kimsumin/projects/RGMC/data/map/robot22/images/0330.png,/Users/kimsumin/projects/RGMC/data/map/robot22/overlays/0330_overlay.png,/Users/kimsumin/projects/RGMC/data/map/robot22/masks/0330_mask.png
331,0.06,0.3125,0.0,454.86425339366514,35.825339366515834,1,0.0,0.06779384647784896,0.08908116131309599,1776274454.7704818,5,/Users/kimsumin/projects/RGMC/data/map/robot22/images/0331.png,/Users/kimsumin/projects/RGMC/data/map/robot22/overlays/0331_overlay.png,/Users/kimsumin/projects/RGMC/data/map/robot22/masks/0331_mask.png
332,0.09,0.3125,0.0,454.946584938704,49.251318101933215,1,0.0,0.04652665053070034,0.06164725163293088,1776274464.7447515,5,/Users/kimsumin/projects/RGMC/data/map/robot22/images/0332.png,/Users/kimsumin/projects/RGMC/data/map/robot22/overlays/0332_overlay.png,/Users/kimsumin/projects/RGMC/data/map/robot22/masks/0332_mask.png
333,0.12,0.3125,0.0,454.81943171402384,63.0788267644363,1,0.0,0.007119683193333451,0.0063927353202560735,1776274474.7057562,5,/Users/kimsumin/projects/RGMC/data/map/robot22/images/0333.png,/Users/kimsumin/projects/RGMC/data/map/robot22/overlays/0333_overlay.png,/Users/kimsumin/projects/RGMC/data/map/robot22/masks/0333_mask.png
334,0.15,0.3125,0.0,454.80575539568343,76.24021352313167,1,0.0,0.07580847403065909,0.08674103572406977,1776274484.528286,5,/Users/kimsumin/projects/RGMC/data/map/robot22/images/0334.png,/Users/kimsumin/projects/RGMC/data/map/robot22/overlays/0334_overlay.png,/Users/kimsumin/projects/RGMC/data/map/robot22/masks/0334_mask.png
335,0.18,0.3125,0.0,454.8637200736648,90.3809963099631,1,0.0,0.03873049313549329,0.39192188201221884,1776274494.7637365,5,/Users/kimsumin/projects/RGMC/data/map/robot22/images/0335.png,/Users/kimsumin/projects/RGMC/data/map/robot22/overlays/0335_overlay.png,/Users/kimsumin/projects/RGMC/data/map/robot22/masks/0335_mask.png
336,0.21,0.3125,0.0,454.95600366636114,103.31530705774519,1,0.0,0.04856417442159677,0.0450788173046853,1776274507.1269028,5,/Users/kimsumin/projects/RGMC/data/map/robot22/images/0336.png,/Users/kimsumin/projects/RGMC/data/map/robot22/overlays/0336_overlay.png,/Users/kimsumin/projects/RGMC/data/map/robot22/masks/0336_mask.png
337,0.24,0.3125,0.0,454.9749328558639,116.76007162041182,1,0.0,0.10117921719865808,0.03840608805667314,1776274516.9127142,5,/Users/kimsumin/projects/RGMC/data/map/robot22/images/0337.png,/Users/kimsumin/projects/RGMC/data/map/robot22/overlays/0337_overlay.png,/Users/kimsumin/projects/RGMC/data/map/robot22/masks/0337_mask.png
338,0.27,0.3125,0.0,454.95806150978564,130.70934579439253,1,0.0,0.06607396264085981,0.07226578976432449,1776274530.1223404,5,/Users/kimsumin/projects/RGMC/data/map/robot22/images/0338.png,/Users/kimsumin/projects/RGMC/data/map/robot22/overlays/0338_overlay.png,/Users/kimsumin/projects/RGMC/data/map/robot22/masks/0338_mask.png
339,0.30000000000000004,0.3125,0.0,455.19029850746267,143.73364055299538,1,0.0,0.059150720037757044,0.13424616183126786,1776274541.267285,5,/Users/kimsumin/projects/RGMC/data/map/robot22/images/0339.png,/Users/kimsumin/projects/RGMC/data/map/robot22/overlays/0339_overlay.png,/Users/kimsumin/projects/RGMC/data/map/robot22/masks/0339_mask.png
340,0.32999999999999996,0.3125,0.0,455.0169794459339,157.22520107238606,1,0.0,0.04072040474242476,0.043086511838862813,1776274552.3823545,5,/Users/kimsumin/projects/RGMC/data/map/robot22/images/0340.png,/Users/kimsumin/projects/RGMC/data/map/robot22/overlays/0340_overlay.png,/Users/kimsumin/projects/RGMC/data/map/robot22/masks/0340_mask.png
341,0.36,0.3125,0.0,455.22563176895306,171.10454545454544,1,0.0,0.03246668879507978,0.021971796963159554,1776274562.152147,5,/Users/kimsumin/projects/RGMC/data/map/robot22/images/0341.png,/Users/kimsumin/projects/RGMC/data/map/robot22/overlays/0341_overlay.png,/Users/kimsumin/projects/RGMC/data/map/robot22/masks/0341_mask.png
342,0.39,0.3125,0.0,455.35830324909745,184.1453068592058,1,0.0,0.04595226244654545,0.05137952586608079,1776274571.9129488,5,/Users/kimsumin/projects/RGMC/data/map/robot22/images/0342.png,/Users/kimsumin/projects/RGMC/data/map/robot22/overlays/0342_overlay.png,/Users/kimsumin/projects/RGMC/data/map/robot22/masks/0342_mask.png
343,0.42000000000000004,0.3125,0.0,455.3695652173913,197.71068635968723,1,0.0,0.04170054649236498,0.012499225336599133,1776274586.4525192,5,/Users/kimsumin/projects/RGMC/data/map/robot22/images/0343.png,/Users/kimsumin/projects/RGMC/data/map/robot22/overlays/0343_overlay.png,/Users/kimsumin/projects/RGMC/data/map/robot22/masks/0343_mask.png
344,0.44999999999999996,0.3125,0.0,455.57894736842104,211.67967332123413,1,0.0,0.062331571795608214,0.020176559650152897,1776274596.272393,5,/Users/kimsumin/projects/RGMC/data/map/robot22/images/0344.png,/Users/kimsumin/projects/RGMC/data/map/robot22/overlays/0344_overlay.png,/Users/kimsumin/projects/RGMC/data/map/robot22/masks/0344_mask.png
345,0.48,0.3125,0.0,455.6796805678793,225.05013428827215,1,0.0,0.03224609644219637,0.08583160272909156,1776274605.992404,5,/Users/kimsumin/projects/RGMC/data/map/robot22/images/0345.png,/Users/kimsumin/projects/RGMC/data/map/robot22/overlays/0345_overlay.png,/Users/kimsumin/projects/RGMC/data/map/robot22/masks/0345_mask.png
346,0.51,0.3125,0.0,455.6243093922652,239.2054794520548,1,0.0,0.043915887986445246,0.07332741354009235,1776274617.2664497,5,/Users/kimsumin/projects/RGMC/data/map/robot22/images/0346.png,/Users/kimsumin/projects/RGMC/data/map/robot22/overlays/0346_overlay.png,/Users/kimsumin/projects/RGMC/data/map/robot22/masks/0346_mask.png
347,0.54,0.3125,0.0,455.5829555757026,252.0919017288444,1,0.0,0.0698524857107578,0.0334935800351966,1776274627.0911605,5,/Users/kimsumin/projects/RGMC/data/map/robot22/images/0347.png,/Users/kimsumin/projects/RGMC/data/map/robot22/overlays/0347_overlay.png,/Users/kimsumin/projects/RGMC/data/map/robot22/masks/0347_mask.png
348,0.5700000000000001,0.3125,0.0,455.71128608923885,265.6865671641791,1,0.0,0.015959171423261344,0.04531940035817096,1776274636.9965851,5,/Users/kimsumin/projects/RGMC/data/map/robot22/images/0348.png,/Users/kimsumin/projects/RGMC/data/map/robot22/overlays/0348_overlay.png,/Users/kimsumin/projects/RGMC/data/map/robot22/masks/0348_mask.png
349,0.6,0.3125,0.0,455.7032258064516,279.7158671586716,1,0.0,0.049507421946992126,0.04121003029086825,1776274647.0336044,5,/Users/kimsumin/projects/RGMC/data/map/robot22/images/0349.png,/Users/kimsumin/projects/RGMC/data/map/robot22/overlays/0349_overlay.png,/Users/kimsumin/projects/RGMC/data/map/robot22/masks/0349_mask.png
350,0.63,0.3125,0.0,455.6830357142857,292.9179304192685,1,0.0,0.018830208798922433,0.05362405481160474,1776274657.1519394,5,/Users/kimsumin/projects/RGMC/data/map/robot22/images/0350.png,/Users/kimsumin/projects/RGMC/data/map/robot22/overlays/0350_overlay.png,/Users/kimsumin/projects/RGMC/data/map/robot22/masks/0350_mask.png
351,0.66,0.3125,0.0,455.73132969034606,307.03545454545457,1,0.0,0.02412353433729905,0.04269260100314872,1776274669.0613666,5,/Users/kimsumin/projects/RGMC/data/map/robot22/images/0351.png,/Users/kimsumin/projects/RGMC/data/map/robot22/overlays/0351_overlay.png,/Users/kimsumin/projects/RGMC/data/map/robot22/masks/0351_mask.png
352,0.69,0.3125,0.0,455.9891402714932,320.13562386980107,1,0.0,0.02896013229682529,0.0980043424332991,1776274681.413792,5,/Users/kimsumin/projects/RGMC/data/map/robot22/images/0352.png,/Users/kimsumin/projects/RGMC/data/map/robot22/overlays/0352_overlay.png,/Users/kimsumin/projects/RGMC/data/map/robot22/masks/0352_mask.png
353,0.72,0.3125,0.0,455.96289752650176,333.401055408971,1,0.0,0.023952075383934995,0.07624684599175342,1776274691.2787092,5,/Users/kimsumin/projects/RGMC/data/map/robot22/images/0353.png,/Users/kimsumin/projects/RGMC/data/map/robot22/overlays/0353_overlay.png,/Users/kimsumin/projects/RGMC/data/map/robot22/masks/0353_mask.png
354,0.75,0.3125,0.0,456.4521894548704,347.38741134751774,1,0.0,0.1698894493183468,0.02497472738624889,1776274702.272319,5,/Users/kimsumin/projects/RGMC/data/map/robot22/images/0354.png,/Users/kimsumin/projects/RGMC/data/map/robot22/overlays/0354_overlay.png,/Users/kimsumin/projects/RGMC/data/map/robot22/masks/0354_mask.png
355,0.78,0.3125,0.0,456.22184300341297,361.14547038327527,1,0.0,0.17702447090074577,0.04391035496200618,1776274712.1031141,5,/Users/kimsumin/projects/RGMC/data/map/robot22/images/0355.png,/Users/kimsumin/projects/RGMC/data/map/robot22/overlays/0355_overlay.png,/Users/kimsumin/projects/RGMC/data/map/robot22/masks/0355_mask.png
356,0.81,0.3125,0.0,456.27941176470586,374.2136678200692,1,0.0,0.11013053564611884,0.01839830384735063,1776274721.8155863,5,/Users/kimsumin/projects/RGMC/data/map/robot22/images/0356.png,/Users/kimsumin/projects/RGMC/data/map/robot22/overlays/0356_overlay.png,/Users/kimsumin/projects/RGMC/data/map/robot22/masks/0356_mask.png
357,0.84,0.3125,0.0,456.73060156931126,388.48476936466494,1,0.0,0.05735616562354737,0.036948974964693765,1776274731.7337742,5,/Users/kimsumin/projects/RGMC/data/map/robot22/images/0357.png,/Users/kimsumin/projects/RGMC/data/map/robot22/overlays/0357_overlay.png,/Users/kimsumin/projects/RGMC/data/map/robot22/masks/0357_mask.png
358,0.87,0.3125,0.0,455.84809027777777,402.09461805555554,1,0.0,0.06110096000208842,0.059986468680555995,1776274741.5239654,5,/Users/kimsumin/projects/RGMC/data/map/robot22/images/0358.png,/Users/kimsumin/projects/RGMC/data/map/robot22/overlays/0358_overlay.png,/Users/kimsumin/projects/RGMC/data/map/robot22/masks/0358_mask.png
359,0.9,0.3125,0.0,456.0968888888889,416.1475555555555,1,0.0,0.03092657076060993,0.04508305466240186,1776274751.2785766,5,/Users/kimsumin/projects/RGMC/data/map/robot22/images/0359.png,/Users/kimsumin/projects/RGMC/data/map/robot22/overlays/0359_overlay.png,/Users/kimsumin/projects/RGMC/data/map/robot22/masks/0359_mask.png
360,0.9299999999999999,0.3125,0.0,456.25391304347824,429.3008695652174,1,0.0,0.13930127474657417,0.03961627839600206,1776274761.3135972,5,/Users/kimsumin/projects/RGMC/data/map/robot22/images/0360.png,/Users/kimsumin/projects/RGMC/data/map/robot22/overlays/0360_overlay.png,/Users/kimsumin/projects/RGMC/data/map/robot22/masks/0360_mask.png
361,0.96,0.3125,0.0,456.12047101449275,443.2032667876588,1,0.0,0.018400601260967115,0.034672407649782,1776274771.4313397,5,/Users/kimsumin/projects/RGMC/data/map/robot22/images/0361.png,/Users/kimsumin/projects/RGMC/data/map/robot22/overlays/0361_overlay.png,/Users/kimsumin/projects/RGMC/data/map/robot22/masks/0361_mask.png
362,0.99,0.3125,0.0,456.8170731707317,456.6313043478261,1,0.0,0.054366781577089934,0.03867276236215907,1776274783.6005135,5,/Users/kimsumin/projects/RGMC/data/map/robot22/images/0362.png,/Users/kimsumin/projects/RGMC/data/map/robot22/overlays/0362_overlay.png,/Users/kimsumin/projects/RGMC/data/map/robot22/masks/0362_mask.png
363,0.99,0.34375,0.0,442.07155025553664,456.89270386266094,1,0.0,0.0657005801330281,0.06210000335178578,1776274795.1906042,5,/Users/kimsumin/projects/RGMC/data/map/robot22/images/0363.png,/Users/kimsumin/projects/RGMC/data/map/robot22/overlays/0363_overlay.png,/Users/kimsumin/projects/RGMC/data/map/robot22/masks/0363_mask.png
364,0.96,0.34375,0.0,441.8956896551724,443.975,1,0.0,0.019979738494241037,0.032201863127003835,1776274806.3298118,5,/Users/kimsumin/projects/RGMC/data/map/robot22/images/0364.png,/Users/kimsumin/projects/RGMC/data/map/robot22/overlays/0364_overlay.png,/Users/kimsumin/projects/RGMC/data/map/robot22/masks/0364_mask.png
365,0.9299999999999999,0.34375,0.0,441.8928870292887,429.872590108969,1,0.0,0.3879911973523679,0.05483416879744631,1776274818.2649753,5,/Users/kimsumin/projects/RGMC/data/map/robot22/images/0365.png,/Users/kimsumin/projects/RGMC/data/map/robot22/overlays/0365_overlay.png,/Users/kimsumin/projects/RGMC/data/map/robot22/masks/0365_mask.png
366,0.9,0.34375,0.0,442.59697508896795,416.55160142348757,1,0.0,0.02683421543165321,0.04029676611173391,1776274828.589836,5,/Users/kimsumin/projects/RGMC/data/map/robot22/images/0366.png,/Users/kimsumin/projects/RGMC/data/map/robot22/overlays/0366_overlay.png,/Users/kimsumin/projects/RGMC/data/map/robot22/masks/0366_mask.png
367,0.87,0.34375,0.0,441.42786479802146,402.4013212221305,1,0.0,0.03798556072854942,0.08943066021473776,1776274840.8797321,5,/Users/kimsumin/projects/RGMC/data/map/robot22/images/0367.png,/Users/kimsumin/projects/RGMC/data/map/robot22/overlays/0367_overlay.png,/Users/kimsumin/projects/RGMC/data/map/robot22/masks/0367_mask.png
368,0.84,0.34375,0.0,441.77116512992455,388.9823973176865,1,0.0,0.3939297091165899,0.0524599424068618,1776274850.9371538,5,/Users/kimsumin/projects/RGMC/data/map/robot22/images/0368.png,/Users/kimsumin/projects/RGMC/data/map/robot22/overlays/0368_overlay.png,/Users/kimsumin/projects/RGMC/data/map/robot22/masks/0368_mask.png
369,0.81,0.34375,0.0,441.9372275501308,375.3169877408056,1,0.0,0.39277432927336686,0.06536097603238586,1776274863.0113568,5,/Users/kimsumin/projects/RGMC/data/map/robot22/images/0369.png,/Users/kimsumin/projects/RGMC/data/map/robot22/overlays/0369_overlay.png,/Users/kimsumin/projects/RGMC/data/map/robot22/masks/0369_mask.png
370,0.78,0.34375,0.0,441.3723849372385,361.726359832636,1,0.0,0.06403612116098811,0.09233045667050066,1776274873.662978,5,/Users/kimsumin/projects/RGMC/data/map/robot22/images/0370.png,/Users/kimsumin/projects/RGMC/data/map/robot22/overlays/0370_overlay.png,/Users/kimsumin/projects/RGMC/data/map/robot22/masks/0370_mask.png
371,0.75,0.34375,0.0,441.9894551845343,347.8690685413005,1,0.0,0.05330189494421405,0.14582888242369682,1776274884.191825,5,/Users/kimsumin/projects/RGMC/data/map/robot22/images/0371.png,/Users/kimsumin/projects/RGMC/data/map/robot22/overlays/0371_overlay.png,/Users/kimsumin/projects/RGMC/data/map/robot22/masks/0371_mask.png
372,0.72,0.34375,0.0,441.87146529562983,334.00945829750646,1,0.0,0.07735831641351401,0.3071097822470079,1776274894.5357754,5,/Users/kimsumin/projects/RGMC/data/map/robot22/images/0372.png,/Users/kimsumin/projects/RGMC/data/map/robot22/overlays/0372_overlay.png,/Users/kimsumin/projects/RGMC/data/map/robot22/masks/0372_mask.png
373,0.69,0.34375,0.0,441.36118363794606,320.7484822202949,1,0.0,0.03851000266969653,0.016006295261049543,1776274907.7236457,5,/Users/kimsumin/projects/RGMC/data/map/robot22/images/0373.png,/Users/kimsumin/projects/RGMC/data/map/robot22/overlays/0373_overlay.png,/Users/kimsumin/projects/RGMC/data/map/robot22/masks/0373_mask.png
374,0.66,0.34375,0.0,441.45704162976085,307.5438441098317,1,0.0,0.11776474109121766,0.0779263579847205,1776274917.6335137,5,/Users/kimsumin/projects/RGMC/data/map/robot22/images/0374.png,/Users/kimsumin/projects/RGMC/data/map/robot22/overlays/0374_overlay.png,/Users/kimsumin/projects/RGMC/data/map/robot22/masks/0374_mask.png
375,0.63,0.34375,0.0,441.4765558397272,293.44871794871796,1,0.0,0.03848020346979691,0.030080397553620686,1776274929.9307384,5,/Users/kimsumin/projects/RGMC/data/map/robot22/images/0375.png,/Users/kimsumin/projects/RGMC/data/map/robot22/overlays/0375_overlay.png,/Users/kimsumin/projects/RGMC/data/map/robot22/masks/0375_mask.png
376,0.6,0.34375,0.0,441.5939447907391,280.36628420123566,1,0.0,0.05244124625628762,0.02487162136935968,1776274942.4819767,5,/Users/kimsumin/projects/RGMC/data/map/robot22/images/0376.png,/Users/kimsumin/projects/RGMC/data/map/robot22/overlays/0376_overlay.png,/Users/kimsumin/projects/RGMC/data/map/robot22/masks/0376_mask.png
377,0.5700000000000001,0.34375,0.0,441.4253597122302,266.87432675044886,1,0.0,0.025358976551908403,0.030068277960337623,1776274952.5322158,5,/Users/kimsumin/projects/RGMC/data/map/robot22/images/0377.png,/Users/kimsumin/projects/RGMC/data/map/robot22/overlays/0377_overlay.png,/Users/kimsumin/projects/RGMC/data/map/robot22/masks/0377_mask.png
378,0.54,0.34375,0.0,441.2965811965812,253.15603448275863,1,0.0,0.03948591435886196,0.09235436867577151,1776274962.5668948,5,/Users/kimsumin/projects/RGMC/data/map/robot22/images/0378.png,/Users/kimsumin/projects/RGMC/data/map/robot22/overlays/0378_overlay.png,/Users/kimsumin/projects/RGMC/data/map/robot22/masks/0378_mask.png
379,0.51,0.34375,0.0,441.2725615314494,239.79745685740235,1,0.0,0.07944564402511699,0.04372032382265915,1776274972.6689286,5,/Users/kimsumin/projects/RGMC/data/map/robot22/images/0379.png,/Users/kimsumin/projects/RGMC/data/map/robot22/overlays/0379_overlay.png,/Users/kimsumin/projects/RGMC/data/map/robot22/masks/0379_mask.png
380,0.48,0.34375,0.0,441.30313588850174,225.67013888888889,1,0.0,0.04746253798679356,0.31967601157344944,1776274985.4475,5,/Users/kimsumin/projects/RGMC/data/map/robot22/images/0380.png,/Users/kimsumin/projects/RGMC/data/map/robot22/overlays/0380_overlay.png,/Users/kimsumin/projects/RGMC/data/map/robot22/masks/0380_mask.png
381,0.44999999999999996,0.34375,0.0,441.3727598566308,211.8714539007092,1,0.0,0.07666792690287258,0.15488690726902216,1776274995.3290863,5,/Users/kimsumin/projects/RGMC/data/map/robot22/images/0381.png,/Users/kimsumin/projects/RGMC/data/map/robot22/overlays/0381_overlay.png,/Users/kimsumin/projects/RGMC/data/map/robot22/masks/0381_mask.png
382,0.42000000000000004,0.34375,0.0,441.0644038294169,199.13998250218722,1,0.0,0.04192989828454863,0.05153932426684626,1776275007.178049,5,/Users/kimsumin/projects/RGMC/data/map/robot22/images/0382.png,/Users/kimsumin/projects/RGMC/data/map/robot22/overlays/0382_overlay.png,/Users/kimsumin/projects/RGMC/data/map/robot22/masks/0382_mask.png
383,0.39,0.34375,0.0,440.90561224489795,185.09268707482994,1,0.0,0.05447520668577829,0.060413527058946086,1776275019.5690625,5,/Users/kimsumin/projects/RGMC/data/map/robot22/images/0383.png,/Users/kimsumin/projects/RGMC/data/map/robot22/overlays/0383_overlay.png,/Users/kimsumin/projects/RGMC/data/map/robot22/masks/0383_mask.png
384,0.36,0.34375,0.0,440.84615384615387,171.5427046263345,1,0.0,0.04244988044030923,0.01027975853678097,1776275030.213806,5,/Users/kimsumin/projects/RGMC/data/map/robot22/images/0384.png,/Users/kimsumin/projects/RGMC/data/map/robot22/overlays/0384_overlay.png,/Users/kimsumin/projects/RGMC/data/map/robot22/masks/0384_mask.png
385,0.32999999999999996,0.34375,0.0,440.57105263157894,157.891797556719,1,0.0,0.038586378640869175,0.027224958098706935,1776275040.159709,5,/Users/kimsumin/projects/RGMC/data/map/robot22/images/0385.png,/Users/kimsumin/projects/RGMC/data/map/robot22/overlays/0385_overlay.png,/Users/kimsumin/projects/RGMC/data/map/robot22/masks/0385_mask.png
386,0.30000000000000004,0.34375,0.0,440.6693476318141,144.49464285714285,1,0.0,0.01778563915547414,0.017860869695929253,1776275050.2255456,5,/Users/kimsumin/projects/RGMC/data/map/robot22/images/0386.png,/Users/kimsumin/projects/RGMC/data/map/robot22/overlays/0386_overlay.png,/Users/kimsumin/projects/RGMC/data/map/robot22/masks/0386_mask.png
387,0.27,0.34375,0.0,440.4809902740937,130.99644760213144,1,0.0,0.06683455140763413,0.043344895801153666,1776275063.8646827,5,/Users/kimsumin/projects/RGMC/data/map/robot22/images/0387.png,/Users/kimsumin/projects/RGMC/data/map/robot22/overlays/0387_overlay.png,/Users/kimsumin/projects/RGMC/data/map/robot22/masks/0387_mask.png
388,0.24,0.34375,0.0,440.3307426597582,117.23056994818653,1,0.0,0.0791325569138822,0.0779203414971902,1776275073.9225805,5,/Users/kimsumin/projects/RGMC/data/map/robot22/images/0388.png,/Users/kimsumin/projects/RGMC/data/map/robot22/overlays/0388_overlay.png,/Users/kimsumin/projects/RGMC/data/map/robot22/masks/0388_mask.png
389,0.21,0.34375,0.0,440.5119266055046,103.63157894736842,1,0.0,0.06842661908238414,0.1298729414602856,1776275083.8739538,5,/Users/kimsumin/projects/RGMC/data/map/robot22/images/0389.png,/Users/kimsumin/projects/RGMC/data/map/robot22/overlays/0389_overlay.png,/Users/kimsumin/projects/RGMC/data/map/robot22/masks/0389_mask.png
390,0.18,0.34375,0.0,440.53859964093357,90.79982046678636,1,0.0,0.22096336154096216,0.009180331624749506,1776275093.677495,5,/Users/kimsumin/projects/RGMC/data/map/robot22/images/0390.png,/Users/kimsumin/projects/RGMC/data/map/robot22/overlays/0390_overlay.png,/Users/kimsumin/projects/RGMC/data/map/robot22/masks/0390_mask.png
391,0.15,0.34375,0.0,440.363321799308,77.02076124567473,1,0.0,0.06312237736184305,0.037344499272922105,1776275104.0909028,5,/Users/kimsumin/projects/RGMC/data/map/robot22/images/0391.png,/Users/kimsumin/projects/RGMC/data/map/robot22/overlays/0391_overlay.png,/Users/kimsumin/projects/RGMC/data/map/robot22/masks/0391_mask.png
392,0.12,0.34375,0.0,440.16180371352783,63.5,1,0.0,0.036286742793490465,0.062247514404684415,1776275113.975,5,/Users/kimsumin/projects/RGMC/data/map/robot22/images/0392.png,/Users/kimsumin/projects/RGMC/data/map/robot22/overlays/0392_overlay.png,/Users/kimsumin/projects/RGMC/data/map/robot22/masks/0392_mask.png
393,0.09,0.34375,0.0,440.43739279588334,49.81554227156277,1,0.0,0.1786639836466375,0.04356690541076984,1776275123.8524442,5,/Users/kimsumin/projects/RGMC/data/map/robot22/images/0393.png,/Users/kimsumin/projects/RGMC/data/map/robot22/overlays/0393_overlay.png,/Users/kimsumin/projects/RGMC/data/map/robot22/masks/0393_mask.png
394,0.06,0.34375,0.0,440.30624465355004,36.636208368915455,1,0.0,0.030378489172079068,0.028905807385925627,1776275134.1445284,5,/Users/kimsumin/projects/RGMC/data/map/robot22/images/0394.png,/Users/kimsumin/projects/RGMC/data/map/robot22/overlays/0394_overlay.png,/Users/kimsumin/projects/RGMC/data/map/robot22/masks/0394_mask.png
395,0.03,0.34375,0.0,439.9569892473118,23.180918091809183,1,0.0,0.026336747445898336,0.032642750944342526,1776275144.7168498,5,/Users/kimsumin/projects/RGMC/data/map/robot22/images/0395.png,/Users/kimsumin/projects/RGMC/data/map/robot22/overlays/0395_overlay.png,/Users/kimsumin/projects/RGMC/data/map/robot22/masks/0395_mask.png
396,0.03,0.375,0.0,425.4488188976378,22.95800524934383,1,0.0,0.055442769740364856,0.054750032301220365,1776275154.661833,5,/Users/kimsumin/projects/RGMC/data/map/robot22/images/0396.png,/Users/kimsumin/projects/RGMC/data/map/robot22/overlays/0396_overlay.png,/Users/kimsumin/projects/RGMC/data/map/robot22/masks/0396_mask.png
397,0.06,0.375,0.0,425.50041911148367,36.26487845766974,1,0.0,0.08465899348753038,0.033670821799825675,1776275164.4640112,5,/Users/kimsumin/projects/RGMC/data/map/robot22/images/0397.png,/Users/kimsumin/projects/RGMC/data/map/robot22/overlays/0397_overlay.png,/Users/kimsumin/projects/RGMC/data/map/robot22/masks/0397_mask.png
398,0.09,0.375,0.0,425.2514919011083,49.812395309882746,1,0.0,0.09767653917616073,0.04629148418507906,1776275176.68339,5,/Users/kimsumin/projects/RGMC/data/map/robot22/images/0398.png,/Users/kimsumin/projects/RGMC/data/map/robot22/overlays/0398_overlay.png,/Users/kimsumin/projects/RGMC/data/map/robot22/masks/0398_mask.png
399,0.12,0.375,0.0,425.74718614718614,63.16103896103896,1,0.0,0.022964806139390462,0.020480239160739117,1776275187.017727,5,/Users/kimsumin/projects/RGMC/data/map/robot22/images/0399.png,/Users/kimsumin/projects/RGMC/data/map/robot22/overlays/0399_overlay.png,/Users/kimsumin/projects/RGMC/data/map/robot22/masks/0399_mask.png
400,0.15,0.375,0.0,425.6130696474635,76.76010318142734,1,0.0,0.027899753195892833,0.06788736942047027,1776275197.2500422,5,/Users/kimsumin/projects/RGMC/data/map/robot22/images/0400.png,/Users/kimsumin/projects/RGMC/data/map/robot22/overlays/0400_overlay.png,/Users/kimsumin/projects/RGMC/data/map/robot22/masks/0400_mask.png
401,0.18,0.375,0.0,425.435807860262,89.83779264214047,1,0.0,0.08605855880506252,0.33213739318647495,1776275209.5235045,5,/Users/kimsumin/projects/RGMC/data/map/robot22/images/0401.png,/Users/kimsumin/projects/RGMC/data/map/robot22/overlays/0401_overlay.png,/Users/kimsumin/projects/RGMC/data/map/robot22/masks/0401_mask.png
402,0.21,0.375,0.0,425.8961937716263,103.53287197231833,1,0.0,0.07062932562767404,0.06547575253950362,1776275219.2503052,5,/Users/kimsumin/projects/RGMC/data/map/robot22/images/0402.png,/Users/kimsumin/projects/RGMC/data/map/robot22/overlays/0402_overlay.png,/Users/kimsumin/projects/RGMC/data/map/robot22/masks/0402_mask.png
403,0.24,0.375,0.0,425.52259164535377,116.83748925193466,1,0.0,0.054072315742018165,0.05692230290983407,1776275229.358732,5,/Users/kimsumin/projects/RGMC/data/map/robot22/images/0403.png,/Users/kimsumin/projects/RGMC/data/map/robot22/overlays/0403_overlay.png,/Users/kimsumin/projects/RGMC/data/map/robot22/masks/0403_mask.png
404,0.27,0.375,0.0,425.7147736976943,129.88003427592116,1,0.0,0.31682996815017905,0.047493886373939746,1776275239.2670693,5,/Users/kimsumin/projects/RGMC/data/map/robot22/images/0404.png,/Users/kimsumin/projects/RGMC/data/map/robot22/overlays/0404_overlay.png,/Users/kimsumin/projects/RGMC/data/map/robot22/masks/0404_mask.png
405,0.30000000000000004,0.375,0.0,426.9004694835681,143.3431001890359,1,0.0,0.04255273144953152,0.19222276380048173,1776275249.124531,5,/Users/kimsumin/projects/RGMC/data/map/robot22/images/0405.png,/Users/kimsumin/projects/RGMC/data/map/robot22/overlays/0405_overlay.png,/Users/kimsumin/projects/RGMC/data/map/robot22/masks/0405_mask.png
406,0.32999999999999996,0.375,0.0,426.8128390596745,157.22784810126583,1,0.0,0.3283739249118865,0.03421759469978959,1776275259.3150465,5,/Users/kimsumin/projects/RGMC/data/map/robot22/images/0406.png,/Users/kimsumin/projects/RGMC/data/map/robot22/overlays/0406_overlay.png,/Users/kimsumin/projects/RGMC/data/map/robot22/masks/0406_mask.png
407,0.36,0.375,0.0,426.9897003745318,171.01216089803555,1,0.0,0.04210227305546709,0.03549326725035977,1776275269.125242,5,/Users/kimsumin/projects/RGMC/data/map/robot22/images/0407.png,/Users/kimsumin/projects/RGMC/data/map/robot22/overlays/0407_overlay.png,/Users/kimsumin/projects/RGMC/data/map/robot22/masks/0407_mask.png
408,0.39,0.375,0.0,426.81209302325584,184.1837686567164,1,0.0,0.05072977811817624,0.08041386152986588,1776275279.1186798,5,/Users/kimsumin/projects/RGMC/data/map/robot22/images/0408.png,/Users/kimsumin/projects/RGMC/data/map/robot22/overlays/0408_overlay.png,/Users/kimsumin/projects/RGMC/data/map/robot22/masks/0408_mask.png
409,0.42000000000000004,0.375,0.0,426.98821396192204,198.27238095238096,1,0.0,0.037331722132796966,0.37403052557876115,1776275289.0352356,5,/Users/kimsumin/projects/RGMC/data/map/robot22/images/0409.png,/Users/kimsumin/projects/RGMC/data/map/robot22/overlays/0409_overlay.png,/Users/kimsumin/projects/RGMC/data/map/robot22/masks/0409_mask.png
410,0.44999999999999996,0.375,0.0,427.0132827324478,211.5061262959472,1,0.0,0.053872650720051415,0.06570047167879728,1776275299.1198857,5,/Users/kimsumin/projects/RGMC/data/map/robot22/images/0410.png,/Users/kimsumin/projects/RGMC/data/map/robot22/overlays/0410_overlay.png,/Users/kimsumin/projects/RGMC/data/map/robot22/masks/0410_mask.png
411,0.48,0.375,0.0,427.09698078682527,225.50591446769792,1,0.0,0.06610979905087332,0.04044741699342521,1776275309.087386,5,/Users/kimsumin/projects/RGMC/data/map/robot22/images/0411.png,/Users/kimsumin/projects/RGMC/data/map/robot22/overlays/0411_overlay.png,/Users/kimsumin/projects/RGMC/data/map/robot22/masks/0411_mask.png
412,0.51,0.375,0.0,427.4096385542169,239.28544949026877,1,0.0,0.009366069077601895,0.011136584119734554,1776275318.8831568,5,/Users/kimsumin/projects/RGMC/data/map/robot22/images/0412.png,/Users/kimsumin/projects/RGMC/data/map/robot22/overlays/0412_overlay.png,/Users/kimsumin/projects/RGMC/data/map/robot22/masks/0412_mask.png
413,0.54,0.375,0.0,427.3014440433213,252.6317689530686,1,0.0,0.03490455094769803,0.060001644880923764,1776275328.7832801,5,/Users/kimsumin/projects/RGMC/data/map/robot22/images/0413.png,/Users/kimsumin/projects/RGMC/data/map/robot22/overlays/0413_overlay.png,/Users/kimsumin/projects/RGMC/data/map/robot22/masks/0413_mask.png
414,0.5700000000000001,0.375,0.0,427.2739602169982,265.96126126126126,1,0.0,0.05334194520131151,0.03772408828409791,1776275339.7803512,5,/Users/kimsumin/projects/RGMC/data/map/robot22/images/0414.png,/Users/kimsumin/projects/RGMC/data/map/robot22/overlays/0414_overlay.png,/Users/kimsumin/projects/RGMC/data/map/robot22/masks/0414_mask.png
415,0.6,0.375,0.0,427.5041782729805,279.7379182156134,1,0.0,0.046789880562078855,0.03443745333183248,1776275351.3298466,5,/Users/kimsumin/projects/RGMC/data/map/robot22/images/0415.png,/Users/kimsumin/projects/RGMC/data/map/robot22/overlays/0415_overlay.png,/Users/kimsumin/projects/RGMC/data/map/robot22/masks/0415_mask.png
416,0.63,0.375,0.0,427.4763181411975,292.9070598748883,1,0.0,0.04586542220370041,0.04557882272308098,1776275361.6712372,5,/Users/kimsumin/projects/RGMC/data/map/robot22/images/0416.png,/Users/kimsumin/projects/RGMC/data/map/robot22/overlays/0416_overlay.png,/Users/kimsumin/projects/RGMC/data/map/robot22/masks/0416_mask.png
417,0.66,0.375,0.0,427.6645512239347,307.37568058076226,1,0.0,0.11410373676427457,0.031602492771464444,1776275371.803519,5,/Users/kimsumin/projects/RGMC/data/map/robot22/images/0417.png,/Users/kimsumin/projects/RGMC/data/map/robot22/overlays/0417_overlay.png,/Users/kimsumin/projects/RGMC/data/map/robot22/masks/0417_mask.png
418,0.69,0.375,0.0,427.64831261101244,320.58901682905224,1,0.0,0.014778085019391426,0.04590066102563317,1776275381.684392,5,/Users/kimsumin/projects/RGMC/data/map/robot22/images/0418.png,/Users/kimsumin/projects/RGMC/data/map/robot22/overlays/0418_overlay.png,/Users/kimsumin/projects/RGMC/data/map/robot22/masks/0418_mask.png
419,0.72,0.375,0.0,427.7098765432099,333.54545454545456,1,0.0,0.03948958263587566,0.06720311885826248,1776275394.2288914,5,/Users/kimsumin/projects/RGMC/data/map/robot22/images/0419.png,/Users/kimsumin/projects/RGMC/data/map/robot22/overlays/0419_overlay.png,/Users/kimsumin/projects/RGMC/data/map/robot22/masks/0419_mask.png
420,0.75,0.375,0.0,427.66425339366515,347.55956678700363,1,0.0,0.02994311742515318,0.04490309590335911,1776275404.2148597,5,/Users/kimsumin/projects/RGMC/data/map/robot22/images/0420.png,/Users/kimsumin/projects/RGMC/data/map/robot22/overlays/0420_overlay.png,/Users/kimsumin/projects/RGMC/data/map/robot22/masks/0420_mask.png
421,0.78,0.375,0.0,427.61409691629956,361.1330396475771,1,0.0,0.01264758045107954,0.07321826629086284,1776275415.0526915,5,/Users/kimsumin/projects/RGMC/data/map/robot22/images/0421.png,/Users/kimsumin/projects/RGMC/data/map/robot22/overlays/0421_overlay.png,/Users/kimsumin/projects/RGMC/data/map/robot22/masks/0421_mask.png
422,0.81,0.375,0.0,427.89201451905626,375.2518181818182,1,0.0,0.04508410482205573,0.04317350045008975,1776275425.0755866,5,/Users/kimsumin/projects/RGMC/data/map/robot22/images/0422.png,/Users/kimsumin/projects/RGMC/data/map/robot22/overlays/0422_overlay.png,/Users/kimsumin/projects/RGMC/data/map/robot22/masks/0422_mask.png
423,0.84,0.375,0.0,427.6695427092321,388.75694444444446,1,0.0,0.3037260273221575,0.035097171975475315,1776275435.7142153,5,/Users/kimsumin/projects/RGMC/data/map/robot22/images/0423.png,/Users/kimsumin/projects/RGMC/data/map/robot22/overlays/0423_overlay.png,/Users/kimsumin/projects/RGMC/data/map/robot22/masks/0423_mask.png
424,0.87,0.375,0.0,427.1855400696864,403.08369659982566,1,0.0,0.23267401158315892,0.07522544603493483,1776275446.7443984,5,/Users/kimsumin/projects/RGMC/data/map/robot22/images/0424.png,/Users/kimsumin/projects/RGMC/data/map/robot22/overlays/0424_overlay.png,/Users/kimsumin/projects/RGMC/data/map/robot22/masks/0424_mask.png
425,0.9,0.375,0.0,427.7899461400359,416.01702508960574,1,0.0,0.10468349398895013,0.055946942191065295,1776275456.719258,5,/Users/kimsumin/projects/RGMC/data/map/robot22/images/0425.png,/Users/kimsumin/projects/RGMC/data/map/robot22/overlays/0425_overlay.png,/Users/kimsumin/projects/RGMC/data/map/robot22/masks/0425_mask.png
426,0.9299999999999999,0.375,0.0,427.9343696027634,429.3605851979346,1,0.0,0.03329413558430289,0.03381908753250223,1776275466.858458,5,/Users/kimsumin/projects/RGMC/data/map/robot22/images/0426.png,/Users/kimsumin/projects/RGMC/data/map/robot22/overlays/0426_overlay.png,/Users/kimsumin/projects/RGMC/data/map/robot22/masks/0426_mask.png
427,0.96,0.375,0.0,427.1130284728214,443.5025641025641,1,0.0,0.3098175965840794,0.07430767555122449,1776275479.259897,5,/Users/kimsumin/projects/RGMC/data/map/robot22/images/0427.png,/Users/kimsumin/projects/RGMC/data/map/robot22/overlays/0427_overlay.png,/Users/kimsumin/projects/RGMC/data/map/robot22/masks/0427_mask.png
428,0.99,0.375,0.0,427.98078602620086,456.6183074265976,1,0.0,0.12670237956933983,0.05174392860547685,1776275492.1380851,5,/Users/kimsumin/projects/RGMC/data/map/robot22/images/0428.png,/Users/kimsumin/projects/RGMC/data/map/robot22/overlays/0428_overlay.png,/Users/kimsumin/projects/RGMC/data/map/robot22/masks/0428_mask.png
429,0.99,0.40625,0.0,413.9991482112436,456.76070528967256,1,0.0,0.095175006509144,0.05352338853670937,1776275501.937136,5,/Users/kimsumin/projects/RGMC/data/map/robot22/images/0429.png,/Users/kimsumin/projects/RGMC/data/map/robot22/overlays/0429_overlay.png,/Users/kimsumin/projects/RGMC/data/map/robot22/masks/0429_mask.png
430,0.96,0.40625,0.0,413.7238421955403,443.71845493562233,1,0.0,0.04581900993390619,0.03838096153908736,1776275511.7747152,5,/Users/kimsumin/projects/RGMC/data/map/robot22/images/0430.png,/Users/kimsumin/projects/RGMC/data/map/robot22/overlays/0430_overlay.png,/Users/kimsumin/projects/RGMC/data/map/robot22/masks/0430_mask.png
431,0.9299999999999999,0.40625,0.0,413.7309941520468,429.8070175438597,1,0.0,0.021956198437356807,0.022513571792845584,1776275521.5833647,5,/Users/kimsumin/projects/RGMC/data/map/robot22/images/0431.png,/Users/kimsumin/projects/RGMC/data/map/robot22/overlays/0431_overlay.png,/Users/kimsumin/projects/RGMC/data/map/robot22/masks/0431_mask.png
432,0.9,0.40625,0.0,413.49122807017545,416.74228523769807,1,0.0,0.08283093964334397,0.05755416301661019,1776275531.8297806,5,/Users/kimsumin/projects/RGMC/data/map/robot22/images/0432.png,/Users/kimsumin/projects/RGMC/data/map/robot22/overlays/0432_overlay.png,/Users/kimsumin/projects/RGMC/data/map/robot22/masks/0432_mask.png
433,0.87,0.40625,0.0,413.2810902896082,403.36371379897787,1,0.0,0.023857809243874293,0.026751072299090423,1776275542.450906,5,/Users/kimsumin/projects/RGMC/data/map/robot22/images/0433.png,/Users/kimsumin/projects/RGMC/data/map/robot22/overlays/0433_overlay.png,/Users/kimsumin/projects/RGMC/data/map/robot22/masks/0433_mask.png
434,0.84,0.40625,0.0,413.5403158769742,389.2236076475478,1,0.0,0.047505165318136,0.04677080195805425,1776275553.6743214,5,/Users/kimsumin/projects/RGMC/data/map/robot22/images/0434.png,/Users/kimsumin/projects/RGMC/data/map/robot22/overlays/0434_overlay.png,/Users/kimsumin/projects/RGMC/data/map/robot22/masks/0434_mask.png
435,0.81,0.40625,0.0,413.36842105263156,375.86078098471984,1,0.0,0.054411054110580684,0.04953535485196593,1776275563.7015526,5,/Users/kimsumin/projects/RGMC/data/map/robot22/images/0435.png,/Users/kimsumin/projects/RGMC/data/map/robot22/overlays/0435_overlay.png,/Users/kimsumin/projects/RGMC/data/map/robot22/masks/0435_mask.png
436,0.78,0.40625,0.0,413.4690338563171,362.0238486842105,1,0.0,0.05718632187874962,0.041929471044596066,1776275574.0646744,5,/Users/kimsumin/projects/RGMC/data/map/robot22/images/0436.png,/Users/kimsumin/projects/RGMC/data/map/robot22/overlays/0436_overlay.png,/Users/kimsumin/projects/RGMC/data/map/robot22/masks/0436_mask.png
437,0.75,0.40625,0.0,413.3969204448246,348.311433447099,1,0.0,0.03460508097846172,0.03636308252533563,1776275584.822982,5,/Users/kimsumin/projects/RGMC/data/map/robot22/images/0437.png,/Users/kimsumin/projects/RGMC/data/map/robot22/overlays/0437_overlay.png,/Users/kimsumin/projects/RGMC/data/map/robot22/masks/0437_mask.png
438,0.72,0.40625,0.0,413.3044925124792,334.85726718885985,1,0.0,0.05664971473542662,0.33216930189679855,1776275597.4396365,5,/Users/kimsumin/projects/RGMC/data/map/robot22/images/0438.png,/Users/kimsumin/projects/RGMC/data/map/robot22/overlays/0438_overlay.png,/Users/kimsumin/projects/RGMC/data/map/robot22/masks/0438_mask.png
439,0.69,0.40625,0.0,413.56669498725574,321.1710414902625,1,0.0,0.05763636954805297,0.030167058988425005,1776275607.2189324,5,/Users/kimsumin/projects/RGMC/data/map/robot22/images/0439.png,/Users/kimsumin/projects/RGMC/data/map/robot22/overlays/0439_overlay.png,/Users/kimsumin/projects/RGMC/data/map/robot22/masks/0439_mask.png
440,0.66,0.40625,0.0,413.384140969163,307.6063829787234,1,0.0,0.044147122355825505,0.03717399804203729,1776275617.812465,5,/Users/kimsumin/projects/RGMC/data/map/robot22/images/0440.png,/Users/kimsumin/projects/RGMC/data/map/robot22/overlays/0440_overlay.png,/Users/kimsumin/projects/RGMC/data/map/robot22/masks/0440_mask.png
441,0.63,0.40625,0.0,413.4462596732588,293.68443680137574,1,0.0,0.08706726538548079,0.045301980531418505,1776275627.8312185,5,/Users/kimsumin/projects/RGMC/data/map/robot22/images/0441.png,/Users/kimsumin/projects/RGMC/data/map/robot22/overlays/0441_overlay.png,/Users/kimsumin/projects/RGMC/data/map/robot22/masks/0441_mask.png
442,0.6,0.40625,0.0,413.25338142470696,280.04418394950403,1,0.0,0.08433341969771095,0.19633686584146756,1776275637.909759,5,/Users/kimsumin/projects/RGMC/data/map/robot22/images/0442.png,/Users/kimsumin/projects/RGMC/data/map/robot22/overlays/0442_overlay.png,/Users/kimsumin/projects/RGMC/data/map/robot22/masks/0442_mask.png
443,0.5700000000000001,0.40625,0.0,413.09892086330933,267.1524500907441,1,0.0,0.07136625065002092,0.04906957095602099,1776275647.9088647,5,/Users/kimsumin/projects/RGMC/data/map/robot22/images/0443.png,/Users/kimsumin/projects/RGMC/data/map/robot22/overlays/0443_overlay.png,/Users/kimsumin/projects/RGMC/data/map/robot22/masks/0443_mask.png
444,0.54,0.40625,0.0,412.4561878952123,253.33273219116322,1,0.0,0.04065220205370129,0.03569382285034038,1776275657.8739831,5,/Users/kimsumin/projects/RGMC/data/map/robot22/images/0444.png,/Users/kimsumin/projects/RGMC/data/map/robot22/overlays/0444_overlay.png,/Users/kimsumin/projects/RGMC/data/map/robot22/masks/0444_mask.png
445,0.51,0.40625,0.0,412.47899159663865,239.64494806421152,1,0.0,0.026673167882918042,0.03186745545409734,1776275667.6000404,5,/Users/kimsumin/projects/RGMC/data/map/robot22/images/0445.png,/Users/kimsumin/projects/RGMC/data/map/robot22/overlays/0445_overlay.png,/Users/kimsumin/projects/RGMC/data/map/robot22/masks/0445_mask.png
446,0.48,0.40625,0.0,412.52516010978957,225.53888380603843,1,0.0,0.17071721412485,0.053500094244521706,1776275679.0915754,5,/Users/kimsumin/projects/RGMC/data/map/robot22/images/0446.png,/Users/kimsumin/projects/RGMC/data/map/robot22/overlays/0446_overlay.png,/Users/kimsumin/projects/RGMC/data/map/robot22/masks/0446_mask.png
447,0.44999999999999996,0.40625,0.0,412.2270577105014,212.03503787878788,1,0.0,0.035126430017803544,0.05996135526430514,1776275688.871733,5,/Users/kimsumin/projects/RGMC/data/map/robot22/images/0447.png,/Users/kimsumin/projects/RGMC/data/map/robot22/overlays/0447_overlay.png,/Users/kimsumin/projects/RGMC/data/map/robot22/masks/0447_mask.png
448,0.42000000000000004,0.40625,0.0,412.187145557656,198.9187145557656,1,0.0,0.012354482853165106,0.02671776177546096,1776275699.2816775,5,/Users/kimsumin/projects/RGMC/data/map/robot22/images/0448.png,/Users/kimsumin/projects/RGMC/data/map/robot22/overlays/0448_overlay.png,/Users/kimsumin/projects/RGMC/data/map/robot22/masks/0448_mask.png
449,0.39,0.40625,0.0,412.2411873840445,184.91674462114125,1,0.0,0.03834031248252236,0.040526712064056364,1776275711.609058,5,/Users/kimsumin/projects/RGMC/data/map/robot22/images/0449.png,/Users/kimsumin/projects/RGMC/data/map/robot22/overlays/0449_overlay.png,/Users/kimsumin/projects/RGMC/data/map/robot22/masks/0449_mask.png
450,0.36,0.40625,0.0,412.1146025878004,171.64602587800368,1,0.0,0.15100131910454054,0.06346137273996674,1776275723.581386,5,/Users/kimsumin/projects/RGMC/data/map/robot22/images/0450.png,/Users/kimsumin/projects/RGMC/data/map/robot22/overlays/0450_overlay.png,/Users/kimsumin/projects/RGMC/data/map/robot22/masks/0450_mask.png
451,0.32999999999999996,0.40625,0.0,411.9060523938573,157.93655049151027,1,0.0,0.02684840930168158,0.06081083228049236,1776275734.2326946,5,/Users/kimsumin/projects/RGMC/data/map/robot22/images/0451.png,/Users/kimsumin/projects/RGMC/data/map/robot22/overlays/0451_overlay.png,/Users/kimsumin/projects/RGMC/data/map/robot22/masks/0451_mask.png
452,0.30000000000000004,0.40625,0.0,412.2025316455696,144.14076782449726,1,0.0,0.17508418438551382,0.0750067674536494,1776275745.2466738,5,/Users/kimsumin/projects/RGMC/data/map/robot22/images/0452.png,/Users/kimsumin/projects/RGMC/data/map/robot22/overlays/0452_overlay.png,/Users/kimsumin/projects/RGMC/data/map/robot22/masks/0452_mask.png
453,0.27,0.40625,0.0,411.74724264705884,131.06893382352942,1,0.0,0.04308952172460925,0.04895517297150274,1776275755.014043,5,/Users/kimsumin/projects/RGMC/data/map/robot22/images/0453.png,/Users/kimsumin/projects/RGMC/data/map/robot22/overlays/0453_overlay.png,/Users/kimsumin/projects/RGMC/data/map/robot22/masks/0453_mask.png
454,0.24,0.40625,0.0,411.8382608695652,117.44782608695652,1,0.0,0.01596316057429875,0.0431896849520305,1776275765.6504385,5,/Users/kimsumin/projects/RGMC/data/map/robot22/images/0454.png,/Users/kimsumin/projects/RGMC/data/map/robot22/overlays/0454_overlay.png,/Users/kimsumin/projects/RGMC/data/map/robot22/masks/0454_mask.png
455,0.21,0.40625,0.0,411.69196025293587,103.82836495031617,1,0.0,0.023142871445979707,0.03460908828768899,1776275776.7328982,5,/Users/kimsumin/projects/RGMC/data/map/robot22/images/0455.png,/Users/kimsumin/projects/RGMC/data/map/robot22/overlays/0455_overlay.png,/Users/kimsumin/projects/RGMC/data/map/robot22/masks/0455_mask.png
456,0.18,0.40625,0.0,411.73406193078324,90.99271402550092,1,0.0,0.05037182444313571,0.032050817388455555,1776275786.8575037,5,/Users/kimsumin/projects/RGMC/data/map/robot22/images/0456.png,/Users/kimsumin/projects/RGMC/data/map/robot22/overlays/0456_overlay.png,/Users/kimsumin/projects/RGMC/data/map/robot22/masks/0456_mask.png
457,0.15,0.40625,0.0,411.806310254163,77.14148471615721,1,0.0,0.09858678501326903,0.07951636693502229,1776275799.509061,5,/Users/kimsumin/projects/RGMC/data/map/robot22/images/0457.png,/Users/kimsumin/projects/RGMC/data/map/robot22/overlays/0457_overlay.png,/Users/kimsumin/projects/RGMC/data/map/robot22/masks/0457_mask.png
458,0.12,0.40625,0.0,411.7289972899729,63.34688346883469,1,0.0,0.022375829625559555,0.07825009590435313,1776275810.503027,5,/Users/kimsumin/projects/RGMC/data/map/robot22/images/0458.png,/Users/kimsumin/projects/RGMC/data/map/robot22/overlays/0458_overlay.png,/Users/kimsumin/projects/RGMC/data/map/robot22/masks/0458_mask.png
459,0.09,0.40625,0.0,411.6467391304348,50.81669691470054,1,0.0,0.026296531516406076,0.03499625440553647,1776275820.7518032,5,/Users/kimsumin/projects/RGMC/data/map/robot22/images/0459.png,/Users/kimsumin/projects/RGMC/data/map/robot22/overlays/0459_overlay.png,/Users/kimsumin/projects/RGMC/data/map/robot22/masks/0459_mask.png
460,0.06,0.40625,0.0,411.7396657871592,36.63989408649603,1,0.0,0.06465519696788931,0.0479371142960111,1776275830.889087,5,/Users/kimsumin/projects/RGMC/data/map/robot22/images/0460.png,/Users/kimsumin/projects/RGMC/data/map/robot22/overlays/0460_overlay.png,/Users/kimsumin/projects/RGMC/data/map/robot22/masks/0460_mask.png
461,0.03,0.40625,0.0,411.60382513661204,23.0535390199637,1,0.0,0.05800186043707709,0.03780692251206176,1776275842.2586308,5,/Users/kimsumin/projects/RGMC/data/map/robot22/images/0461.png,/Users/kimsumin/projects/RGMC/data/map/robot22/overlays/0461_overlay.png,/Users/kimsumin/projects/RGMC/data/map/robot22/masks/0461_mask.png
462,0.03,0.4375,0.0,397.38748913987837,23.019982623805387,1,0.0,0.07380253301185788,0.05142069173641495,1776275852.1977453,5,/Users/kimsumin/projects/RGMC/data/map/robot22/images/0462.png,/Users/kimsumin/projects/RGMC/data/map/robot22/overlays/0462_overlay.png,/Users/kimsumin/projects/RGMC/data/map/robot22/masks/0462_mask.png
463,0.06,0.4375,0.0,397.47314578005114,36.18236301369863,1,0.0,0.042493259525352337,0.07900274227779085,1776275862.0930586,5,/Users/kimsumin/projects/RGMC/data/map/robot22/images/0463.png,/Users/kimsumin/projects/RGMC/data/map/robot22/overlays/0463_overlay.png,/Users/kimsumin/projects/RGMC/data/map/robot22/masks/0463_mask.png
464,0.09,0.4375,0.0,397.35191347753744,49.697171381031616,1,0.0,0.06621633917124492,0.07058518152104955,1776275872.2622175,5,/Users/kimsumin/projects/RGMC/data/map/robot22/images/0464.png,/Users/kimsumin/projects/RGMC/data/map/robot22/overlays/0464_overlay.png,/Users/kimsumin/projects/RGMC/data/map/robot22/masks/0464_mask.png
465,0.12,0.4375,0.0,397.48558951965066,63.202108963093146,1,0.0,0.053565285239338394,0.0422304743330992,1776275882.4309561,5,/Users/kimsumin/projects/RGMC/data/map/robot22/images/0465.png,/Users/kimsumin/projects/RGMC/data/map/robot22/overlays/0465_overlay.png,/Users/kimsumin/projects/RGMC/data/map/robot22/masks/0465_mask.png
466,0.15,0.4375,0.0,397.53071672354946,76.47108130762783,1,0.0,0.07148653074463442,0.08383650131783447,1776275892.450436,5,/Users/kimsumin/projects/RGMC/data/map/robot22/images/0466.png,/Users/kimsumin/projects/RGMC/data/map/robot22/overlays/0466_overlay.png,/Users/kimsumin/projects/RGMC/data/map/robot22/masks/0466_mask.png
467,0.18,0.4375,0.0,397.23670212765956,90.84210526315789,1,0.0,0.05564386999923265,0.0743255262814964,1776275904.1534247,5,/Users/kimsumin/projects/RGMC/data/map/robot22/images/0467.png,/Users/kimsumin/projects/RGMC/data/map/robot22/overlays/0467_overlay.png,/Users/kimsumin/projects/RGMC/data/map/robot22/masks/0467_mask.png
468,0.21,0.4375,0.0,397.4365704286964,103.31326352530542,1,0.0,0.057621893621651786,0.04362368635711621,1776275918.8505929,5,/Users/kimsumin/projects/RGMC/data/map/robot22/images/0468.png,/Users/kimsumin/projects/RGMC/data/map/robot22/overlays/0468_overlay.png,/Users/kimsumin/projects/RGMC/data/map/robot22/masks/0468_mask.png
469,0.24,0.4375,0.0,397.30870712401054,116.84380453752182,1,0.0,0.08339249876327408,0.058268924804956906,1776275929.2003152,5,/Users/kimsumin/projects/RGMC/data/map/robot22/images/0469.png,/Users/kimsumin/projects/RGMC/data/map/robot22/overlays/0469_overlay.png,/Users/kimsumin/projects/RGMC/data/map/robot22/masks/0469_mask.png
470,0.27,0.4375,0.0,397.2963620230701,131.05300988319857,1,0.0,0.35182250251906144,0.042709339678941055,1776275940.286949,5,/Users/kimsumin/projects/RGMC/data/map/robot22/images/0470.png,/Users/kimsumin/projects/RGMC/data/map/robot22/overlays/0470_overlay.png,/Users/kimsumin/projects/RGMC/data/map/robot22/masks/0470_mask.png
471,0.30000000000000004,0.4375,0.0,398.3326810176125,143.55859375,1,0.0,0.06640454921643613,0.03134182579980866,1776275952.482749,5,/Users/kimsumin/projects/RGMC/data/map/robot22/images/0471.png,/Users/kimsumin/projects/RGMC/data/map/robot22/overlays/0471_overlay.png,/Users/kimsumin/projects/RGMC/data/map/robot22/masks/0471_mask.png
472,0.32999999999999996,0.4375,0.0,398.3342490842491,157.246336996337,1,0.0,0.02919774135789257,0.05498673940196948,1776275962.2783747,5,/Users/kimsumin/projects/RGMC/data/map/robot22/images/0472.png,/Users/kimsumin/projects/RGMC/data/map/robot22/overlays/0472_overlay.png,/Users/kimsumin/projects/RGMC/data/map/robot22/masks/0472_mask.png
473,0.36,0.4375,0.0,398.73191094619665,171.26610644257704,1,0.0,0.03176727706378141,0.022181575049040506,1776275974.2376544,5,/Users/kimsumin/projects/RGMC/data/map/robot22/images/0473.png,/Users/kimsumin/projects/RGMC/data/map/robot22/overlays/0473_overlay.png,/Users/kimsumin/projects/RGMC/data/map/robot22/masks/0473_mask.png
474,0.39,0.4375,0.0,398.6449480642115,184.52272727272728,1,0.0,0.043386368809956624,0.08009074803168582,1776275984.2964725,5,/Users/kimsumin/projects/RGMC/data/map/robot22/images/0474.png,/Users/kimsumin/projects/RGMC/data/map/robot22/overlays/0474_overlay.png,/Users/kimsumin/projects/RGMC/data/map/robot22/masks/0474_mask.png
475,0.42000000000000004,0.4375,0.0,398.7952380952381,198.77619047619046,1,0.0,0.030819874340989296,0.02320393242459453,1776275997.8643975,5,/Users/kimsumin/projects/RGMC/data/map/robot22/images/0475.png,/Users/kimsumin/projects/RGMC/data/map/robot22/overlays/0475_overlay.png,/Users/kimsumin/projects/RGMC/data/map/robot22/masks/0475_mask.png
476,0.44999999999999996,0.4375,0.0,398.755912961211,211.60359508041628,1,0.0,0.04211093900811579,0.02855669441376315,1776276009.2699914,5,/Users/kimsumin/projects/RGMC/data/map/robot22/images/0476.png,/Users/kimsumin/projects/RGMC/data/map/robot22/overlays/0476_overlay.png,/Users/kimsumin/projects/RGMC/data/map/robot22/masks/0476_mask.png
477,0.48,0.4375,0.0,398.98706099815155,225.05779816513763,1,0.0,0.0723729852168723,0.03992782069391323,1776276019.2130873,5,/Users/kimsumin/projects/RGMC/data/map/robot22/images/0477.png,/Users/kimsumin/projects/RGMC/data/map/robot22/overlays/0477_overlay.png,/Users/kimsumin/projects/RGMC/data/map/robot22/masks/0477_mask.png
478,0.51,0.4375,0.0,398.77874396135263,238.90241545893718,1,0.0,0.0389452760508287,0.05558824647373815,1776276032.5597432,5,/Users/kimsumin/projects/RGMC/data/map/robot22/images/0478.png,/Users/kimsumin/projects/RGMC/data/map/robot22/overlays/0478_overlay.png,/Users/kimsumin/projects/RGMC/data/map/robot22/masks/0478_mask.png
479,0.54,0.4375,0.0,399.048802946593,252.50920810313076,1,0.0,0.015809205703993943,0.05592454568458001,1776276042.326399,5,/Users/kimsumin/projects/RGMC/data/map/robot22/images/0479.png,/Users/kimsumin/projects/RGMC/data/map/robot22/overlays/0479_overlay.png,/Users/kimsumin/projects/RGMC/data/map/robot22/masks/0479_mask.png
480,0.5700000000000001,0.4375,0.0,399.10550458715596,266.7623853211009,1,0.0,0.04589676859386965,0.016566525865726087,1776276052.0780444,5,/Users/kimsumin/projects/RGMC/data/map/robot22/images/0480.png,/Users/kimsumin/projects/RGMC/data/map/robot22/overlays/0480_overlay.png,/Users/kimsumin/projects/RGMC/data/map/robot22/masks/0480_mask.png
481,0.6,0.4375,0.0,399.5321100917431,279.87753222836096,1,0.0,0.03200572708861137,0.056306041207179434,1776276062.2461298,5,/Users/kimsumin/projects/RGMC/data/map/robot22/images/0481.png,/Users/kimsumin/projects/RGMC/data/map/robot22/overlays/0481_overlay.png,/Users/kimsumin/projects/RGMC/data/map/robot22/masks/0481_mask.png
482,0.63,0.4375,0.0,399.30678733031675,293.1601809954751,1,0.0,0.024662653777349993,0.03736948169493483,1776276072.5499003,5,/Users/kimsumin/projects/RGMC/data/map/robot22/images/0482.png,/Users/kimsumin/projects/RGMC/data/map/robot22/overlays/0482_overlay.png,/Users/kimsumin/projects/RGMC/data/map/robot22/masks/0482_mask.png
483,0.66,0.4375,0.0,399.3273219116321,307.32129963898916,1,0.0,0.350186356160036,0.05978534388882482,1776276082.692469,5,/Users/kimsumin/projects/RGMC/data/map/robot22/images/0483.png,/Users/kimsumin/projects/RGMC/data/map/robot22/overlays/0483_overlay.png,/Users/kimsumin/projects/RGMC/data/map/robot22/masks/0483_mask.png
484,0.69,0.4375,0.0,399.46425419240956,320.909649122807,1,0.0,0.03881778834827717,0.10559571812665731,1776276094.9767106,5,/Users/kimsumin/projects/RGMC/data/map/robot22/images/0484.png,/Users/kimsumin/projects/RGMC/data/map/robot22/overlays/0484_overlay.png,/Users/kimsumin/projects/RGMC/data/map/robot22/masks/0484_mask.png
485,0.72,0.4375,0.0,399.48513986013984,334.0839160839161,1,0.0,0.02311138996492512,0.020380053810621846,1776276105.1184096,5,/Users/kimsumin/projects/RGMC/data/map/robot22/images/0485.png,/Users/kimsumin/projects/RGMC/data/map/robot22/overlays/0485_overlay.png,/Users/kimsumin/projects/RGMC/data/map/robot22/masks/0485_mask.png
486,0.75,0.4375,0.0,399.42123585726716,348.30688753269396,1,0.0,0.4214157589726439,0.0798599184475134,1776276114.8245125,5,/Users/kimsumin/projects/RGMC/data/map/robot22/images/0486.png,/Users/kimsumin/projects/RGMC/data/map/robot22/overlays/0486_overlay.png,/Users/kimsumin/projects/RGMC/data/map/robot22/masks/0486_mask.png
487,0.78,0.4375,0.0,398.39870340356566,361.7633711507293,1,0.0,0.05239982331605318,0.07643223993641715,1776276124.6514919,5,/Users/kimsumin/projects/RGMC/data/map/robot22/images/0487.png,/Users/kimsumin/projects/RGMC/data/map/robot22/overlays/0487_overlay.png,/Users/kimsumin/projects/RGMC/data/map/robot22/masks/0487_mask.png
488,0.81,0.4375,0.0,399.70762331838563,375.3677130044843,1,0.0,0.07844335918504002,0.051261008743255676,1776276134.6399856,5,/Users/kimsumin/projects/RGMC/data/map/robot22/images/0488.png,/Users/kimsumin/projects/RGMC/data/map/robot22/overlays/0488_overlay.png,/Users/kimsumin/projects/RGMC/data/map/robot22/masks/0488_mask.png
489,0.84,0.4375,0.0,399.68664383561645,388.9386873920553,1,0.0,0.02371189469506117,0.03346087295464373,1776276144.744063,5,/Users/kimsumin/projects/RGMC/data/map/robot22/images/0489.png,/Users/kimsumin/projects/RGMC/data/map/robot22/overlays/0489_overlay.png,/Users/kimsumin/projects/RGMC/data/map/robot22/masks/0489_mask.png
490,0.87,0.4375,0.0,398.84160958904107,403.10585197934597,1,0.0,0.12133818238045344,0.5059313413366546,1776276154.5542233,5,/Users/kimsumin/projects/RGMC/data/map/robot22/images/0490.png,/Users/kimsumin/projects/RGMC/data/map/robot22/overlays/0490_overlay.png,/Users/kimsumin/projects/RGMC/data/map/robot22/masks/0490_mask.png
491,0.9,0.4375,0.0,399.68024263431545,416.22929380993895,1,0.0,0.03593696692642978,0.08813409062621719,1776276167.3930824,5,/Users/kimsumin/projects/RGMC/data/map/robot22/images/0491.png,/Users/kimsumin/projects/RGMC/data/map/robot22/overlays/0491_overlay.png,/Users/kimsumin/projects/RGMC/data/map/robot22/masks/0491_mask.png
492,0.9299999999999999,0.4375,0.0,399.83996613039795,429.52725724020445,1,0.0,0.02345513716935591,0.04753936847495696,1776276177.4265358,5,/Users/kimsumin/projects/RGMC/data/map/robot22/images/0492.png,/Users/kimsumin/projects/RGMC/data/map/robot22/overlays/0492_overlay.png,/Users/kimsumin/projects/RGMC/data/map/robot22/masks/0492_mask.png
493,0.96,0.4375,0.0,399.801247771836,443.9451219512195,1,0.0,0.06890092012399261,0.19969951691326412,1776276189.5470042,5,/Users/kimsumin/projects/RGMC/data/map/robot22/images/0493.png,/Users/kimsumin/projects/RGMC/data/map/robot22/overlays/0493_overlay.png,/Users/kimsumin/projects/RGMC/data/map/robot22/masks/0493_mask.png
494,0.99,0.4375,0.0,399.95103092783506,457.1875,1,0.0,0.023424224513966637,0.10280456757011798,1776276199.4285223,5,/Users/kimsumin/projects/RGMC/data/map/robot22/images/0494.png,/Users/kimsumin/projects/RGMC/data/map/robot22/overlays/0494_overlay.png,/Users/kimsumin/projects/RGMC/data/map/robot22/masks/0494_mask.png
495,0.99,0.46875,0.0,385.9189640768588,457.3525963149079,1,0.0,0.009863943585899109,0.0181822716438404,1776276209.474887,5,/Users/kimsumin/projects/RGMC/data/map/robot22/images/0495.png,/Users/kimsumin/projects/RGMC/data/map/robot22/overlays/0495_overlay.png,/Users/kimsumin/projects/RGMC/data/map/robot22/masks/0495_mask.png
496,0.96,0.46875,0.0,385.40787269681744,444.38916666666665,1,0.0,0.0376116973954441,0.06646344946041575,1776276222.3859043,5,/Users/kimsumin/projects/RGMC/data/map/robot22/images/0496.png,/Users/kimsumin/projects/RGMC/data/map/robot22/overlays/0496_overlay.png,/Users/kimsumin/projects/RGMC/data/map/robot22/masks/0496_mask.png
497,0.9299999999999999,0.46875,0.0,385.25996677740864,430.0744769874477,1,0.0,0.05750254802273767,0.03888372911492093,1776276234.3524601,5,/Users/kimsumin/projects/RGMC/data/map/robot22/images/0497.png,/Users/kimsumin/projects/RGMC/data/map/robot22/overlays/0497_overlay.png,/Users/kimsumin/projects/RGMC/data/map/robot22/masks/0497_mask.png
498,0.9,0.46875,0.0,385.0985797827903,416.975,1,0.0,0.04164323699949871,0.0860390162904046,1776276246.6617582,5,/Users/kimsumin/projects/RGMC/data/map/robot22/images/0498.png,/Users/kimsumin/projects/RGMC/data/map/robot22/overlays/0498_overlay.png,/Users/kimsumin/projects/RGMC/data/map/robot22/masks/0498_mask.png
499,0.87,0.46875,0.0,385.14358974358976,403.39810017271157,1,0.0,0.06808461905875592,0.04584850299913716,1776276258.8101754,5,/Users/kimsumin/projects/RGMC/data/map/robot22/images/0499.png,/Users/kimsumin/projects/RGMC/data/map/robot22/overlays/0499_overlay.png,/Users/kimsumin/projects/RGMC/data/map/robot22/masks/0499_mask.png
500,0.84,0.46875,0.0,385.4178861788618,389.59574468085106,1,0.0,0.04518545012494969,0.02895503044222853,1776276269.3693156,5,/Users/kimsumin/projects/RGMC/data/map/robot22/images/0500.png,/Users/kimsumin/projects/RGMC/data/map/robot22/overlays/0500_overlay.png,/Users/kimsumin/projects/RGMC/data/map/robot22/masks/0500_mask.png
501,0.81,0.46875,0.0,385.29148375768216,375.4609306409131,1,0.0,0.029060521555499184,0.05523545341274018,1776276280.563596,5,/Users/kimsumin/projects/RGMC/data/map/robot22/images/0501.png,/Users/kimsumin/projects/RGMC/data/map/robot22/overlays/0501_overlay.png,/Users/kimsumin/projects/RGMC/data/map/robot22/masks/0501_mask.png
502,0.78,0.46875,0.0,385.25877192982455,361.9966301600674,1,0.0,0.04357392660417073,0.3336614265723493,1776276290.393219,5,/Users/kimsumin/projects/RGMC/data/map/robot22/images/0502.png,/Users/kimsumin/projects/RGMC/data/map/robot22/overlays/0502_overlay.png,/Users/kimsumin/projects/RGMC/data/map/robot22/masks/0502_mask.png
503,0.75,0.46875,0.0,385.30145175064047,348.88279932546374,1,0.0,0.06090575710211416,0.0060292126312101735,1776276300.302446,5,/Users/kimsumin/projects/RGMC/data/map/robot22/images/0503.png,/Users/kimsumin/projects/RGMC/data/map/robot22/overlays/0503_overlay.png,/Users/kimsumin/projects/RGMC/data/map/robot22/masks/0503_mask.png
504,0.72,0.46875,0.0,384.60213143872113,335.3951828724353,1,0.0,0.02415499160865706,0.05279470175161797,1776276312.526034,5,/Users/kimsumin/projects/RGMC/data/map/robot22/images/0504.png,/Users/kimsumin/projects/RGMC/data/map/robot22/overlays/0504_overlay.png,/Users/kimsumin/projects/RGMC/data/map/robot22/masks/0504_mask.png
505,0.69,0.46875,0.0,384.8468309859155,321.21340388007053,1,0.0,0.027839454458944035,0.04103226360819977,1776276322.5312347,5,/Users/kimsumin/projects/RGMC/data/map/robot22/images/0505.png,/Users/kimsumin/projects/RGMC/data/map/robot22/overlays/0505_overlay.png,/Users/kimsumin/projects/RGMC/data/map/robot22/masks/0505_mask.png
506,0.66,0.46875,0.0,384.91101321585904,307.84635879218473,1,0.0,0.08047638286976055,0.08317810774800326,1776276334.560889,5,/Users/kimsumin/projects/RGMC/data/map/robot22/images/0506.png,/Users/kimsumin/projects/RGMC/data/map/robot22/overlays/0506_overlay.png,/Users/kimsumin/projects/RGMC/data/map/robot22/masks/0506_mask.png
507,0.63,0.46875,0.0,384.781910397295,293.9546232876712,1,0.0,0.050572634035436805,0.06464445491304652,1776276344.4579017,5,/Users/kimsumin/projects/RGMC/data/map/robot22/images/0507.png,/Users/kimsumin/projects/RGMC/data/map/robot22/overlays/0507_overlay.png,/Users/kimsumin/projects/RGMC/data/map/robot22/masks/0507_mask.png
508,0.6,0.46875,0.0,384.2863720073665,280.2614968440036,1,0.0,0.2776770912873329,0.0451676743500571,1776276359.1640034,5,/Users/kimsumin/projects/RGMC/data/map/robot22/images/0508.png,/Users/kimsumin/projects/RGMC/data/map/robot22/overlays/0508_overlay.png,/Users/kimsumin/projects/RGMC/data/map/robot22/masks/0508_mask.png
509,0.5700000000000001,0.46875,0.0,384.31388888888887,267.16434540389974,1,0.0,0.034303531914731004,0.050351849614695375,1776276369.1111746,5,/Users/kimsumin/projects/RGMC/data/map/robot22/images/0509.png,/Users/kimsumin/projects/RGMC/data/map/robot22/overlays/0509_overlay.png,/Users/kimsumin/projects/RGMC/data/map/robot22/masks/0509_mask.png
510,0.54,0.46875,0.0,384.0662431941924,252.9270738377393,1,0.0,0.05473206898526547,0.07634038935661613,1776276381.7273235,5,/Users/kimsumin/projects/RGMC/data/map/robot22/images/0510.png,/Users/kimsumin/projects/RGMC/data/map/robot22/overlays/0510_overlay.png,/Users/kimsumin/projects/RGMC/data/map/robot22/masks/0510_mask.png
511,0.51,0.46875,0.0,384.0438432835821,239.53708920187793,1,0.0,0.04829197245631542,0.02453042324930212,1776276391.4357715,5,/Users/kimsumin/projects/RGMC/data/map/robot22/images/0511.png,/Users/kimsumin/projects/RGMC/data/map/robot22/overlays/0511_overlay.png,/Users/kimsumin/projects/RGMC/data/map/robot22/masks/0511_mask.png
512,0.48,0.46875,0.0,384.28360957642724,225.77643784786642,1,0.0,0.06752366252690563,0.04700542711552425,1776276403.749617,5,/Users/kimsumin/projects/RGMC/data/map/robot22/images/0512.png,/Users/kimsumin/projects/RGMC/data/map/robot22/overlays/0512_overlay.png,/Users/kimsumin/projects/RGMC/data/map/robot22/masks/0512_mask.png
513,0.44999999999999996,0.46875,0.0,384.1374045801527,211.91690273843247,1,0.0,0.04077388021262052,0.0706920756159903,1776276413.865607,5,/Users/kimsumin/projects/RGMC/data/map/robot22/images/0513.png,/Users/kimsumin/projects/RGMC/data/map/robot22/overlays/0513_overlay.png,/Users/kimsumin/projects/RGMC/data/map/robot22/masks/0513_mask.png
514,0.42000000000000004,0.46875,0.0,384.0095238095238,199.0952380952381,1,0.0,0.09201308917710864,0.04780979761965114,1776276424.0749607,5,/Users/kimsumin/projects/RGMC/data/map/robot22/images/0514.png,/Users/kimsumin/projects/RGMC/data/map/robot22/overlays/0514_overlay.png,/Users/kimsumin/projects/RGMC/data/map/robot22/masks/0514_mask.png
515,0.39,0.46875,0.0,384.02692664809655,184.91457753017642,1,0.0,0.021103168379650785,0.05899536588411916,1776276434.6351635,5,/Users/kimsumin/projects/RGMC/data/map/robot22/images/0515.png,/Users/kimsumin/projects/RGMC/data/map/robot22/overlays/0515_overlay.png,/Users/kimsumin/projects/RGMC/data/map/robot22/masks/0515_mask.png
516,0.36,0.46875,0.0,383.8878504672897,171.59158878504672,1,0.0,0.035034210723051906,0.03652384012491829,1776276444.3838685,5,/Users/kimsumin/projects/RGMC/data/map/robot22/images/0516.png,/Users/kimsumin/projects/RGMC/data/map/robot22/overlays/0516_overlay.png,/Users/kimsumin/projects/RGMC/data/map/robot22/masks/0516_mask.png
517,0.32999999999999996,0.46875,0.0,383.55466666666666,157.83733333333333,1,0.0,0.03535423243340188,0.026843181569559848,1776276454.230508,5,/Users/kimsumin/projects/RGMC/data/map/robot22/images/0517.png,/Users/kimsumin/projects/RGMC/data/map/robot22/overlays/0517_overlay.png,/Users/kimsumin/projects/RGMC/data/map/robot22/masks/0517_mask.png
518,0.30000000000000004,0.46875,0.0,383.903342366757,144.579945799458,1,0.0,0.02789158541982379,0.026197193823269696,1776276464.1284695,5,/Users/kimsumin/projects/RGMC/data/map/robot22/images/0518.png,/Users/kimsumin/projects/RGMC/data/map/robot22/overlays/0518_overlay.png,/Users/kimsumin/projects/RGMC/data/map/robot22/masks/0518_mask.png
519,0.27,0.46875,0.0,383.1891402714932,131.44032549728752,1,0.0,0.05830446307243448,0.029828327346296105,1776276474.5872433,5,/Users/kimsumin/projects/RGMC/data/map/robot22/images/0519.png,/Users/kimsumin/projects/RGMC/data/map/robot22/overlays/0519_overlay.png,/Users/kimsumin/projects/RGMC/data/map/robot22/masks/0519_mask.png
520,0.24,0.46875,0.0,383.5088339222615,117.66871165644172,1,0.0,0.0336765408206574,0.06992287581630338,1776276484.4444656,5,/Users/kimsumin/projects/RGMC/data/map/robot22/images/0520.png,/Users/kimsumin/projects/RGMC/data/map/robot22/overlays/0520_overlay.png,/Users/kimsumin/projects/RGMC/data/map/robot22/masks/0520_mask.png
521,0.21,0.46875,0.0,383.3140350877193,104.47944006999126,1,0.0,0.02742050650218336,0.05885093872849245,1776276495.5311084,5,/Users/kimsumin/projects/RGMC/data/map/robot22/images/0521.png,/Users/kimsumin/projects/RGMC/data/map/robot22/overlays/0521_overlay.png,/Users/kimsumin/projects/RGMC/data/map/robot22/masks/0521_mask.png
522,0.18,0.46875,0.0,383.36799276672696,91.24864376130199,1,0.0,0.04384743882200538,0.031404029550316515,1776276506.7406583,5,/Users/kimsumin/projects/RGMC/data/map/robot22/images/0522.png,/Users/kimsumin/projects/RGMC/data/map/robot22/overlays/0522_overlay.png,/Users/kimsumin/projects/RGMC/data/map/robot22/masks/0522_mask.png
523,0.15,0.46875,0.0,383.3625110521662,77.42933333333333,1,0.0,0.04393468419997876,0.05944862022786208,1776276517.7916176,5,/Users/kimsumin/projects/RGMC/data/map/robot22/images/0523.png,/Users/kimsumin/projects/RGMC/data/map/robot22/overlays/0523_overlay.png,/Users/kimsumin/projects/RGMC/data/map/robot22/masks/0523_mask.png
524,0.12,0.46875,0.0,382.85884353741494,64.43254637436762,1,0.0,0.26573377035600565,0.08915919570798002,1776276530.4631712,5,/Users/kimsumin/projects/RGMC/data/map/robot22/images/0524.png,/Users/kimsumin/projects/RGMC/data/map/robot22/overlays/0524_overlay.png,/Users/kimsumin/projects/RGMC/data/map/robot22/masks/0524_mask.png
525,0.09,0.46875,0.0,383.4043517679057,50.86799276672694,1,0.0,0.07814780093708616,0.3449667956173345,1776276541.2112176,5,/Users/kimsumin/projects/RGMC/data/map/robot22/images/0525.png,/Users/kimsumin/projects/RGMC/data/map/robot22/overlays/0525_overlay.png,/Users/kimsumin/projects/RGMC/data/map/robot22/masks/0525_mask.png
526,0.06,0.46875,0.0,383.4385813148789,36.86149825783972,1,0.0,0.009097387276131281,0.0571517954114838,1776276553.1273923,5,/Users/kimsumin/projects/RGMC/data/map/robot22/images/0526.png,/Users/kimsumin/projects/RGMC/data/map/robot22/overlays/0526_overlay.png,/Users/kimsumin/projects/RGMC/data/map/robot22/masks/0526_mask.png
527,0.03,0.46875,0.0,383.63554757630163,23.437163375224415,1,0.0,0.04245916144654068,0.041152374208966384,1776276565.0607338,5,/Users/kimsumin/projects/RGMC/data/map/robot22/images/0527.png,/Users/kimsumin/projects/RGMC/data/map/robot22/overlays/0527_overlay.png,/Users/kimsumin/projects/RGMC/data/map/robot22/masks/0527_mask.png
528,0.03,0.5,0.0,369.32690622261174,23.189774696707104,1,0.0,0.12425497496818312,0.057541128934396016,1776276577.501635,5,/Users/kimsumin/projects/RGMC/data/map/robot22/images/0528.png,/Users/kimsumin/projects/RGMC/data/map/robot22/overlays/0528_overlay.png,/Users/kimsumin/projects/RGMC/data/map/robot22/masks/0528_mask.png
529,0.06,0.5,0.0,369.17574692442884,36.00878734622144,1,0.0,0.1114464130610527,0.1435200656118599,1776276590.1245112,5,/Users/kimsumin/projects/RGMC/data/map/robot22/images/0529.png,/Users/kimsumin/projects/RGMC/data/map/robot22/overlays/0529_overlay.png,/Users/kimsumin/projects/RGMC/data/map/robot22/masks/0529_mask.png
530,0.09,0.5,0.0,368.83664649956785,49.8809318377912,1,0.0,0.12714706343767193,0.062493218472088524,1776276603.3445494,5,/Users/kimsumin/projects/RGMC/data/map/robot22/images/0530.png,/Users/kimsumin/projects/RGMC/data/map/robot22/overlays/0530_overlay.png,/Users/kimsumin/projects/RGMC/data/map/robot22/masks/0530_mask.png
531,0.12,0.5,0.0,368.98240985048375,63.412173913043475,1,0.0,0.05946519694406213,0.06164186089964501,1776276613.2532666,5,/Users/kimsumin/projects/RGMC/data/map/robot22/images/0531.png,/Users/kimsumin/projects/RGMC/data/map/robot22/overlays/0531_overlay.png,/Users/kimsumin/projects/RGMC/data/map/robot22/masks/0531_mask.png
532,0.15,0.5,0.0,369.03389830508473,76.97542372881355,1,0.0,0.027427524776280566,0.038842354401562536,1776276623.3781087,5,/Users/kimsumin/projects/RGMC/data/map/robot22/images/0532.png,/Users/kimsumin/projects/RGMC/data/map/robot22/overlays/0532_overlay.png,/Users/kimsumin/projects/RGMC/data/map/robot22/masks/0532_mask.png
533,0.18,0.5,0.0,368.9348392701998,91.1876629018245,1,0.0,0.08179582800939678,0.021422749530952502,1776276635.3300242,5,/Users/kimsumin/projects/RGMC/data/map/robot22/images/0533.png,/Users/kimsumin/projects/RGMC/data/map/robot22/overlays/0533_overlay.png,/Users/kimsumin/projects/RGMC/data/map/robot22/masks/0533_mask.png
534,0.21,0.5,0.0,369.01572052401747,104.13799126637555,1,0.0,0.06875497453917145,0.05470484951921237,1776276645.7016351,5,/Users/kimsumin/projects/RGMC/data/map/robot22/images/0534.png,/Users/kimsumin/projects/RGMC/data/map/robot22/overlays/0534_overlay.png,/Users/kimsumin/projects/RGMC/data/map/robot22/masks/0534_mask.png
535,0.24,0.5,0.0,369.1168614357262,117.38461538461539,1,0.0,0.08096286708334412,0.08928117875737024,1776276657.7906811,5,/Users/kimsumin/projects/RGMC/data/map/robot22/images/0535.png,/Users/kimsumin/projects/RGMC/data/map/robot22/overlays/0535_overlay.png,/Users/kimsumin/projects/RGMC/data/map/robot22/masks/0535_mask.png
536,0.27,0.5,0.0,368.7666378565255,131.16162489196196,1,0.0,0.060984352251116584,0.054672002847572274,1776276667.8390436,5,/Users/kimsumin/projects/RGMC/data/map/robot22/images/0536.png,/Users/kimsumin/projects/RGMC/data/map/robot22/overlays/0536_overlay.png,/Users/kimsumin/projects/RGMC/data/map/robot22/masks/0536_mask.png
537,0.30000000000000004,0.5,0.0,368.927304964539,144.0962047661077,1,0.0,0.03432258940643914,0.03631203384914562,1776276678.0973048,5,/Users/kimsumin/projects/RGMC/data/map/robot22/images/0537.png,/Users/kimsumin/projects/RGMC/data/map/robot22/overlays/0537_overlay.png,/Users/kimsumin/projects/RGMC/data/map/robot22/masks/0537_mask.png
538,0.32999999999999996,0.5,0.0,369.08821034775235,157.43437764606267,1,0.0,0.030619644428281096,0.06022049205068149,1776276690.4495893,5,/Users/kimsumin/projects/RGMC/data/map/robot22/images/0538.png,/Users/kimsumin/projects/RGMC/data/map/robot22/overlays/0538_overlay.png,/Users/kimsumin/projects/RGMC/data/map/robot22/masks/0538_mask.png
539,0.36,0.5,0.0,369.3878260869565,171.2531418312388,1,0.0,0.0421599338468462,0.3007008964274778,1776276700.5993955,5,/Users/kimsumin/projects/RGMC/data/map/robot22/images/0539.png,/Users/kimsumin/projects/RGMC/data/map/robot22/overlays/0539_overlay.png,/Users/kimsumin/projects/RGMC/data/map/robot22/masks/0539_mask.png
540,0.39,0.5,0.0,369.7816196542311,184.46139534883721,1,0.0,0.32093304584571697,0.07622285198077795,1776276710.5065563,5,/Users/kimsumin/projects/RGMC/data/map/robot22/images/0540.png,/Users/kimsumin/projects/RGMC/data/map/robot22/overlays/0540_overlay.png,/Users/kimsumin/projects/RGMC/data/map/robot22/masks/0540_mask.png
541,0.42000000000000004,0.5,0.0,370.7531418312388,197.93960310612596,1,0.0,0.3868478321721179,0.30921454090987005,1776276721.7838242,5,/Users/kimsumin/projects/RGMC/data/map/robot22/images/0541.png,/Users/kimsumin/projects/RGMC/data/map/robot22/overlays/0541_overlay.png,/Users/kimsumin/projects/RGMC/data/map/robot22/masks/0541_mask.png
542,0.44999999999999996,0.5,0.0,369.8761467889908,211.78669097538742,1,0.0,0.0641025441728039,0.035956546977079056,1776276731.6412895,5,/Users/kimsumin/projects/RGMC/data/map/robot22/images/0542.png,/Users/kimsumin/projects/RGMC/data/map/robot22/overlays/0542_overlay.png,/Users/kimsumin/projects/RGMC/data/map/robot22/masks/0542_mask.png
543,0.48,0.5,0.0,370.55575868372944,225.28330373001776,1,0.0,0.2690057790625172,0.05966044579184395,1776276742.8781176,5,/Users/kimsumin/projects/RGMC/data/map/robot22/images/0543.png,/Users/kimsumin/projects/RGMC/data/map/robot22/overlays/0543_overlay.png,/Users/kimsumin/projects/RGMC/data/map/robot22/masks/0543_mask.png
544,0.51,0.5,0.0,370.7511737089202,239.4296435272045,1,0.0,0.03687222201048022,0.035753347707047085,1776276755.6126835,5,/Users/kimsumin/projects/RGMC/data/map/robot22/images/0544.png,/Users/kimsumin/projects/RGMC/data/map/robot22/overlays/0544_overlay.png,/Users/kimsumin/projects/RGMC/data/map/robot22/masks/0544_mask.png
545,0.54,0.5,0.0,370.7226890756302,252.39587242026266,1,0.0,0.033946674343240425,0.035396555640456594,1776276766.2709827,5,/Users/kimsumin/projects/RGMC/data/map/robot22/images/0545.png,/Users/kimsumin/projects/RGMC/data/map/robot22/overlays/0545_overlay.png,/Users/kimsumin/projects/RGMC/data/map/robot22/masks/0545_mask.png
546,0.5700000000000001,0.5,0.0,370.9604415823367,265.89072543618,1,0.0,0.03275857681214258,0.07053084583572555,1776276776.046683,5,/Users/kimsumin/projects/RGMC/data/map/robot22/images/0546.png,/Users/kimsumin/projects/RGMC/data/map/robot22/overlays/0546_overlay.png,/Users/kimsumin/projects/RGMC/data/map/robot22/masks/0546_mask.png
547,0.6,0.5,0.0,371.0513068731849,279.3794428434198,1,0.0,0.06431136262482517,0.09581278103197736,1776276786.035324,5,/Users/kimsumin/projects/RGMC/data/map/robot22/images/0547.png,/Users/kimsumin/projects/RGMC/data/map/robot22/overlays/0547_overlay.png,/Users/kimsumin/projects/RGMC/data/map/robot22/masks/0547_mask.png
548,0.63,0.5,0.0,370.55272407732866,293.3739763421292,1,0.0,0.4060679852272472,0.06544206484136533,1776276796.0254912,5,/Users/kimsumin/projects/RGMC/data/map/robot22/images/0548.png,/Users/kimsumin/projects/RGMC/data/map/robot22/overlays/0548_overlay.png,/Users/kimsumin/projects/RGMC/data/map/robot22/masks/0548_mask.png
549,0.66,0.5,0.0,370.22115384615387,307.6587301587302,1,0.0,0.08791534170886091,0.048653052058163865,1776276808.238396,5,/Users/kimsumin/projects/RGMC/data/map/robot22/images/0549.png,/Users/kimsumin/projects/RGMC/data/map/robot22/overlays/0549_overlay.png,/Users/kimsumin/projects/RGMC/data/map/robot22/masks/0549_mask.png
550,0.69,0.5,0.0,370.47168216398984,321.0118343195266,1,0.0,0.03598095035705951,0.046679421677828715,1776276819.158056,5,/Users/kimsumin/projects/RGMC/data/map/robot22/images/0550.png,/Users/kimsumin/projects/RGMC/data/map/robot22/overlays/0550_overlay.png,/Users/kimsumin/projects/RGMC/data/map/robot22/masks/0550_mask.png
551,0.72,0.5,0.0,370.57201986754967,334.1405990016639,1,0.0,0.08466211082320563,0.06344592124192715,1776276829.1020525,5,/Users/kimsumin/projects/RGMC/data/map/robot22/images/0551.png,/Users/kimsumin/projects/RGMC/data/map/robot22/overlays/0551_overlay.png,/Users/kimsumin/projects/RGMC/data/map/robot22/masks/0551_mask.png
552,0.75,0.5,0.0,370.73835732430143,348.4868977176669,1,0.0,0.028570808009481925,0.019678809449268392,1776276841.7228172,5,/Users/kimsumin/projects/RGMC/data/map/robot22/images/0552.png,/Users/kimsumin/projects/RGMC/data/map/robot22/overlays/0552_overlay.png,/Users/kimsumin/projects/RGMC/data/map/robot22/masks/0552_mask.png
553,0.78,0.5,0.0,370.6838174273859,361.69916666666666,1,0.0,0.05631001635760141,0.03232055575977598,1776276852.3779807,5,/Users/kimsumin/projects/RGMC/data/map/robot22/images/0553.png,/Users/kimsumin/projects/RGMC/data/map/robot22/overlays/0553_overlay.png,/Users/kimsumin/projects/RGMC/data/map/robot22/masks/0553_mask.png
554,0.81,0.5,0.0,370.64635193133046,375.48970840480274,1,0.0,0.057138753122659015,0.04976387871808195,1776276862.8067489,5,/Users/kimsumin/projects/RGMC/data/map/robot22/images/0554.png,/Users/kimsumin/projects/RGMC/data/map/robot22/overlays/0554_overlay.png,/Users/kimsumin/projects/RGMC/data/map/robot22/masks/0554_mask.png
555,0.84,0.5,0.0,370.7408906882591,389.18704453441296,1,0.0,0.036138658503294764,0.024697103402028867,1776276872.6435394,5,/Users/kimsumin/projects/RGMC/data/map/robot22/images/0555.png,/Users/kimsumin/projects/RGMC/data/map/robot22/overlays/0555_overlay.png,/Users/kimsumin/projects/RGMC/data/map/robot22/masks/0555_mask.png
556,0.87,0.5,0.0,370.8447857720291,401.9611964430073,1,0.0,0.025641711205285814,0.029793668088344535,1776276884.7719204,5,/Users/kimsumin/projects/RGMC/data/map/robot22/images/0556.png,/Users/kimsumin/projects/RGMC/data/map/robot22/overlays/0556_overlay.png,/Users/kimsumin/projects/RGMC/data/map/robot22/masks/0556_mask.png
557,0.9,0.5,0.0,371.4702842377261,416.36520241171405,1,0.0,0.2902735910862891,0.035014955834290026,1776276894.5329378,5,/Users/kimsumin/projects/RGMC/data/map/robot22/images/0557.png,/Users/kimsumin/projects/RGMC/data/map/robot22/overlays/0557_overlay.png,/Users/kimsumin/projects/RGMC/data/map/robot22/masks/0557_mask.png
558,0.9299999999999999,0.5,0.0,370.7571780147662,429.5004101722724,1,0.0,0.026824639401963248,0.02952134511178829,1776276904.484968,5,/Users/kimsumin/projects/RGMC/data/map/robot22/images/0558.png,/Users/kimsumin/projects/RGMC/data/map/robot22/overlays/0558_overlay.png,/Users/kimsumin/projects/RGMC/data/map/robot22/masks/0558_mask.png
559,0.96,0.5,0.0,371.62056737588654,443.4574468085106,1,0.0,0.017282126138416086,0.11483463904501762,1776276914.2964036,5,/Users/kimsumin/projects/RGMC/data/map/robot22/images/0559.png,/Users/kimsumin/projects/RGMC/data/map/robot22/overlays/0559_overlay.png,/Users/kimsumin/projects/RGMC/data/map/robot22/masks/0559_mask.png
560,0.99,0.5,0.0,371.5857019810508,456.9795046968403,1,0.0,0.055133030315411176,0.07679899342524808,1776276924.1273942,5,/Users/kimsumin/projects/RGMC/data/map/robot22/images/0560.png,/Users/kimsumin/projects/RGMC/data/map/robot22/overlays/0560_overlay.png,/Users/kimsumin/projects/RGMC/data/map/robot22/masks/0560_mask.png
561,0.99,0.53125,0.0,357.35121951219514,457.5583468395462,1,0.0,0.0432500243834085,0.0506273890949024,1776276934.2883818,5,/Users/kimsumin/projects/RGMC/data/map/robot22/images/0561.png,/Users/kimsumin/projects/RGMC/data/map/robot22/overlays/0561_overlay.png,/Users/kimsumin/projects/RGMC/data/map/robot22/masks/0561_mask.png
562,0.96,0.53125,0.0,357.07185628742513,444.2997438087105,1,0.0,0.07498794476926723,0.07592696449524078,1776276944.9515312,5,/Users/kimsumin/projects/RGMC/data/map/robot22/images/0562.png,/Users/kimsumin/projects/RGMC/data/map/robot22/overlays/0562_overlay.png,/Users/kimsumin/projects/RGMC/data/map/robot22/masks/0562_mask.png
563,0.9299999999999999,0.53125,0.0,356.8913764510779,429.90588235294115,1,0.0,0.054403610242848115,0.4641421707098788,1776276954.8430965,5,/Users/kimsumin/projects/RGMC/data/map/robot22/images/0563.png,/Users/kimsumin/projects/RGMC/data/map/robot22/overlays/0563_overlay.png,/Users/kimsumin/projects/RGMC/data/map/robot22/masks/0563_mask.png
564,0.9,0.53125,0.0,357.004979253112,416.99750830564784,1,0.0,0.041371098601139494,0.053425499740409735,1776276967.3402977,5,/Users/kimsumin/projects/RGMC/data/map/robot22/images/0564.png,/Users/kimsumin/projects/RGMC/data/map/robot22/overlays/0564_overlay.png,/Users/kimsumin/projects/RGMC/data/map/robot22/masks/0564_mask.png
565,0.87,0.53125,0.0,357.1850294365013,403.8194092827004,1,0.0,0.0347213802315074,0.016146652835765468,1776276979.9421089,5,/Users/kimsumin/projects/RGMC/data/map/robot22/images/0565.png,/Users/kimsumin/projects/RGMC/data/map/robot22/overlays/0565_overlay.png,/Users/kimsumin/projects/RGMC/data/map/robot22/masks/0565_mask.png
566,0.84,0.53125,0.0,356.9685690653433,389.6046511627907,1,0.0,0.08480284624119609,0.0827013780722364,1776276992.4299724,5,/Users/kimsumin/projects/RGMC/data/map/robot22/images/0566.png,/Users/kimsumin/projects/RGMC/data/map/robot22/overlays/0566_overlay.png,/Users/kimsumin/projects/RGMC/data/map/robot22/masks/0566_mask.png
567,0.81,0.53125,0.0,356.95868465430016,376.36424957841484,1,0.0,0.06364346051754974,0.03477649039017368,1776277004.7269185,5,/Users/kimsumin/projects/RGMC/data/map/robot22/images/0567.png,/Users/kimsumin/projects/RGMC/data/map/robot22/overlays/0567_overlay.png,/Users/kimsumin/projects/RGMC/data/map/robot22/masks/0567_mask.png
568,0.78,0.53125,0.0,357.1949221949222,362.20246913580246,1,0.0,0.0390468154816947,0.38647018446787823,1776277017.5297284,5,/Users/kimsumin/projects/RGMC/data/map/robot22/images/0568.png,/Users/kimsumin/projects/RGMC/data/map/robot22/overlays/0568_overlay.png,/Users/kimsumin/projects/RGMC/data/map/robot22/masks/0568_mask.png
569,0.75,0.53125,0.0,357.02782462057337,348.8887015177066,1,0.0,0.032417221821786635,0.053408620410868315,1776277029.8335533,5,/Users/kimsumin/projects/RGMC/data/map/robot22/images/0569.png,/Users/kimsumin/projects/RGMC/data/map/robot22/overlays/0569_overlay.png,/Users/kimsumin/projects/RGMC/data/map/robot22/masks/0569_mask.png
570,0.72,0.53125,0.0,356.2723915050785,335.2123730378578,1,0.0,0.05294928549084877,0.10027581604875,1776277039.6697006,5,/Users/kimsumin/projects/RGMC/data/map/robot22/images/0570.png,/Users/kimsumin/projects/RGMC/data/map/robot22/overlays/0570_overlay.png,/Users/kimsumin/projects/RGMC/data/map/robot22/masks/0570_mask.png
571,0.69,0.53125,0.0,356.2599118942731,321.3213345039508,1,0.0,0.097240551679285,0.06000012407250618,1776277050.1329114,5,/Users/kimsumin/projects/RGMC/data/map/robot22/images/0571.png,/Users/kimsumin/projects/RGMC/data/map/robot22/overlays/0571_overlay.png,/Users/kimsumin/projects/RGMC/data/map/robot22/masks/0571_mask.png
572,0.66,0.53125,0.0,356.3269054178145,307.6960873521383,1,0.0,0.02311317075431576,0.018746532239294216,1776277061.2317438,5,/Users/kimsumin/projects/RGMC/data/map/robot22/images/0572.png,/Users/kimsumin/projects/RGMC/data/map/robot22/overlays/0572_overlay.png,/Users/kimsumin/projects/RGMC/data/map/robot22/masks/0572_mask.png
573,0.63,0.53125,0.0,356.28418230563005,293.7551385165326,1,0.0,0.033818724296528185,0.05584183321733698,1776277071.077129,5,/Users/kimsumin/projects/RGMC/data/map/robot22/images/0573.png,/Users/kimsumin/projects/RGMC/data/map/robot22/overlays/0573_overlay.png,/Users/kimsumin/projects/RGMC/data/map/robot22/masks/0573_mask.png
574,0.6,0.53125,0.0,356.04189435336974,280.46696832579187,1,0.0,0.036539738777709746,0.09998708105532433,1776277081.1263597,5,/Users/kimsumin/projects/RGMC/data/map/robot22/images/0574.png,/Users/kimsumin/projects/RGMC/data/map/robot22/overlays/0574_overlay.png,/Users/kimsumin/projects/RGMC/data/map/robot22/masks/0574_mask.png
575,0.5700000000000001,0.53125,0.0,356.08471615720526,266.41572052401744,1,0.0,0.05368374216612371,0.3728650826505893,1776277091.004461,5,/Users/kimsumin/projects/RGMC/data/map/robot22/images/0575.png,/Users/kimsumin/projects/RGMC/data/map/robot22/overlays/0575_overlay.png,/Users/kimsumin/projects/RGMC/data/map/robot22/masks/0575_mask.png
576,0.54,0.53125,0.0,356.1019503546099,253.15309734513275,1,0.0,0.06572069551893946,0.026408172857852366,1776277102.427643,5,/Users/kimsumin/projects/RGMC/data/map/robot22/images/0576.png,/Users/kimsumin/projects/RGMC/data/map/robot22/overlays/0576_overlay.png,/Users/kimsumin/projects/RGMC/data/map/robot22/masks/0576_mask.png
577,0.51,0.53125,0.0,356.06416131989,239.98260073260073,1,0.0,0.0270832792666121,0.041845888227248884,1776277112.6068523,5,/Users/kimsumin/projects/RGMC/data/map/robot22/images/0577.png,/Users/kimsumin/projects/RGMC/data/map/robot22/overlays/0577_overlay.png,/Users/kimsumin/projects/RGMC/data/map/robot22/masks/0577_mask.png
578,0.48,0.53125,0.0,356.18727598566306,225.83333333333334,1,0.0,0.020660788492629055,0.08369826836823335,1776277122.545058,5,/Users/kimsumin/projects/RGMC/data/map/robot22/images/0578.png,/Users/kimsumin/projects/RGMC/data/map/robot22/overlays/0578_overlay.png,/Users/kimsumin/projects/RGMC/data/map/robot22/masks/0578_mask.png
579,0.44999999999999996,0.53125,0.0,355.90892531876136,212.59853345554538,1,0.0,0.02090263552690388,0.0623851515287968,1776277132.2747164,5,/Users/kimsumin/projects/RGMC/data/map/robot22/images/0579.png,/Users/kimsumin/projects/RGMC/data/map/robot22/overlays/0579_overlay.png,/Users/kimsumin/projects/RGMC/data/map/robot22/masks/0579_mask.png
580,0.42000000000000004,0.53125,0.0,355.90027958993477,199.11234911792016,1,0.0,0.030258990472766447,0.03383418881331346,1776277143.2992854,5,/Users/kimsumin/projects/RGMC/data/map/robot22/images/0580.png,/Users/kimsumin/projects/RGMC/data/map/robot22/overlays/0580_overlay.png,/Users/kimsumin/projects/RGMC/data/map/robot22/masks/0580_mask.png
581,0.39,0.53125,0.0,355.8231597845601,185.0744394618834,1,0.0,0.040355052433767725,0.03787072616612631,1776277154.2270248,5,/Users/kimsumin/projects/RGMC/data/map/robot22/images/0581.png,/Users/kimsumin/projects/RGMC/data/map/robot22/overlays/0581_overlay.png,/Users/kimsumin/projects/RGMC/data/map/robot22/masks/0581_mask.png
582,0.36,0.53125,0.0,355.8283917340521,171.80503144654088,1,0.0,0.05238897719586687,0.04166671137078502,1776277165.3991299,5,/Users/kimsumin/projects/RGMC/data/map/robot22/images/0582.png,/Users/kimsumin/projects/RGMC/data/map/robot22/overlays/0582_overlay.png,/Users/kimsumin/projects/RGMC/data/map/robot22/masks/0582_mask.png
583,0.32999999999999996,0.53125,0.0,355.6169284467714,158.08376963350784,1,0.0,0.012407397769261445,0.004761288363213586,1776277175.9588518,5,/Users/kimsumin/projects/RGMC/data/map/robot22/images/0583.png,/Users/kimsumin/projects/RGMC/data/map/robot22/overlays/0583_overlay.png,/Users/kimsumin/projects/RGMC/data/map/robot22/masks/0583_mask.png
584,0.30000000000000004,0.53125,0.0,355.572695035461,145.0531914893617,1,0.0,0.04102231749273438,0.0959099506085561,1776277186.6485207,5,/Users/kimsumin/projects/RGMC/data/map/robot22/images/0584.png,/Users/kimsumin/projects/RGMC/data/map/robot22/overlays/0584_overlay.png,/Users/kimsumin/projects/RGMC/data/map/robot22/masks/0584_mask.png
585,0.27,0.53125,0.0,355.40054495912807,131.91253381424707,1,0.0,0.07271067116575115,0.04186231365275698,1776277196.7419872,5,/Users/kimsumin/projects/RGMC/data/map/robot22/images/0585.png,/Users/kimsumin/projects/RGMC/data/map/robot22/overlays/0585_overlay.png,/Users/kimsumin/projects/RGMC/data/map/robot22/masks/0585_mask.png
586,0.24,0.53125,0.0,355.54959053685167,118.11811023622047,1,0.0,0.037001042900970636,0.32241488801965035,1776277207.1882172,5,/Users/kimsumin/projects/RGMC/data/map/robot22/images/0586.png,/Users/kimsumin/projects/RGMC/data/map/robot22/overlays/0586_overlay.png,/Users/kimsumin/projects/RGMC/data/map/robot22/masks/0586_mask.png
587,0.21,0.53125,0.0,355.3014059753954,104.90359333917615,1,0.0,0.05477123676788503,0.06771413171250443,1776277217.10489,5,/Users/kimsumin/projects/RGMC/data/map/robot22/images/0587.png,/Users/kimsumin/projects/RGMC/data/map/robot22/overlays/0587_overlay.png,/Users/kimsumin/projects/RGMC/data/map/robot22/masks/0587_mask.png
588,0.18,0.53125,0.0,355.42831700801423,91.7693677649154,1,0.0,0.041535710817968245,0.07164063563549608,1776277226.9598835,5,/Users/kimsumin/projects/RGMC/data/map/robot22/images/0588.png,/Users/kimsumin/projects/RGMC/data/map/robot22/overlays/0588_overlay.png,/Users/kimsumin/projects/RGMC/data/map/robot22/masks/0588_mask.png
589,0.15,0.53125,0.0,355.6438596491228,77.69824561403509,1,0.0,0.025714243452803983,0.022110259772999796,1776277236.7558136,5,/Users/kimsumin/projects/RGMC/data/map/robot22/images/0589.png,/Users/kimsumin/projects/RGMC/data/map/robot22/overlays/0589_overlay.png,/Users/kimsumin/projects/RGMC/data/map/robot22/masks/0589_mask.png
590,0.12,0.53125,0.0,355.4107299912049,64.44159292035398,1,0.0,0.04675102515512912,0.08040006803956568,1776277246.7411206,5,/Users/kimsumin/projects/RGMC/data/map/robot22/images/0590.png,/Users/kimsumin/projects/RGMC/data/map/robot22/overlays/0590_overlay.png,/Users/kimsumin/projects/RGMC/data/map/robot22/masks/0590_mask.png
591,0.09,0.53125,0.0,355.3163992869875,51.189407540394974,1,0.0,0.06819914228442833,0.2930050320308772,1776277256.5990658,5,/Users/kimsumin/projects/RGMC/data/map/robot22/images/0591.png,/Users/kimsumin/projects/RGMC/data/map/robot22/overlays/0591_overlay.png,/Users/kimsumin/projects/RGMC/data/map/robot22/masks/0591_mask.png
592,0.06,0.53125,0.0,355.5531167690957,37.02107111501317,1,0.0,0.03871203495422697,0.06969352759628267,1776277266.5610015,5,/Users/kimsumin/projects/RGMC/data/map/robot22/images/0592.png,/Users/kimsumin/projects/RGMC/data/map/robot22/overlays/0592_overlay.png,/Users/kimsumin/projects/RGMC/data/map/robot22/masks/0592_mask.png
593,0.03,0.53125,0.0,355.48520179372196,23.733632286995515,1,0.0,0.04128430110210296,0.09159073275209641,1776277276.5306137,5,/Users/kimsumin/projects/RGMC/data/map/robot22/images/0593.png,/Users/kimsumin/projects/RGMC/data/map/robot22/overlays/0593_overlay.png,/Users/kimsumin/projects/RGMC/data/map/robot22/masks/0593_mask.png
594,0.03,0.5625,0.0,341.674678111588,23.440343347639484,1,0.0,0.08391525192098356,0.11098939649861163,1776277288.6783762,5,/Users/kimsumin/projects/RGMC/data/map/robot22/images/0594.png,/Users/kimsumin/projects/RGMC/data/map/robot22/overlays/0594_overlay.png,/Users/kimsumin/projects/RGMC/data/map/robot22/masks/0594_mask.png
595,0.06,0.5625,0.0,341.25211505922164,36.622673434856175,1,0.0,0.041862584654145614,0.10894982131990984,1776277298.81091,5,/Users/kimsumin/projects/RGMC/data/map/robot22/images/0595.png,/Users/kimsumin/projects/RGMC/data/map/robot22/overlays/0595_overlay.png,/Users/kimsumin/projects/RGMC/data/map/robot22/masks/0595_mask.png
596,0.09,0.5625,0.0,340.73279714030383,50.98411297440423,1,0.0,0.22565995418551613,0.1386398024537838,1776277310.6506395,5,/Users/kimsumin/projects/RGMC/data/map/robot22/images/0596.png,/Users/kimsumin/projects/RGMC/data/map/robot22/overlays/0596_overlay.png,/Users/kimsumin/projects/RGMC/data/map/robot22/masks/0596_mask.png
597,0.12,0.5625,0.0,341.20389170896783,63.74611398963731,1,0.0,0.06742780666849599,0.17943580811805165,1776277325.7591085,5,/Users/kimsumin/projects/RGMC/data/map/robot22/images/0597.png,/Users/kimsumin/projects/RGMC/data/map/robot22/overlays/0597_overlay.png,/Users/kimsumin/projects/RGMC/data/map/robot22/masks/0597_mask.png
598,0.15,0.5625,0.0,341.080372250423,77.44444444444444,1,0.0,0.06640080462841869,0.05288063655357509,1776277335.5555186,5,/Users/kimsumin/projects/RGMC/data/map/robot22/images/0598.png,/Users/kimsumin/projects/RGMC/data/map/robot22/overlays/0598_overlay.png,/Users/kimsumin/projects/RGMC/data/map/robot22/masks/0598_mask.png
599,0.18,0.5625,0.0,341.1351118760757,91.53012048192771,1,0.0,0.07258175844764735,0.07624965830599731,1776277345.3092995,5,/Users/kimsumin/projects/RGMC/data/map/robot22/images/0599.png,/Users/kimsumin/projects/RGMC/data/map/robot22/overlays/0599_overlay.png,/Users/kimsumin/projects/RGMC/data/map/robot22/masks/0599_mask.png
600,0.21,0.5625,0.0,341.1421319796954,104.69458544839256,1,0.0,0.042655153672539525,0.08774997484425491,1776277355.2364516,5,/Users/kimsumin/projects/RGMC/data/map/robot22/images/0600.png,/Users/kimsumin/projects/RGMC/data/map/robot22/overlays/0600_overlay.png,/Users/kimsumin/projects/RGMC/data/map/robot22/masks/0600_mask.png
601,0.24,0.5625,0.0,341.4377133105802,117.71500843170321,1,0.0,0.0722211962653391,0.0587923848470673,1776277367.4349296,5,/Users/kimsumin/projects/RGMC/data/map/robot22/images/0601.png,/Users/kimsumin/projects/RGMC/data/map/robot22/overlays/0601_overlay.png,/Users/kimsumin/projects/RGMC/data/map/robot22/masks/0601_mask.png
602,0.27,0.5625,0.0,341.14891774891777,131.5878787878788,1,0.0,0.026127181327052475,0.011500413740509894,1776277377.3223433,5,/Users/kimsumin/projects/RGMC/data/map/robot22/images/0602.png,/Users/kimsumin/projects/RGMC/data/map/robot22/overlays/0602_overlay.png,/Users/kimsumin/projects/RGMC/data/map/robot22/masks/0602_mask.png
603,0.30000000000000004,0.5625,0.0,341.40293356341675,144.55717970765264,1,0.0,0.03551513736339723,0.056273501666186186,1776277387.6939516,5,/Users/kimsumin/projects/RGMC/data/map/robot22/images/0603.png,/Users/kimsumin/projects/RGMC/data/map/robot22/overlays/0603_overlay.png,/Users/kimsumin/projects/RGMC/data/map/robot22/masks/0603_mask.png
604,0.32999999999999996,0.5625,0.0,341.26532325776657,157.47439126784215,1,0.0,0.013621197980626921,0.04219197228621144,1776277401.397222,5,/Users/kimsumin/projects/RGMC/data/map/robot22/images/0604.png,/Users/kimsumin/projects/RGMC/data/map/robot22/overlays/0604_overlay.png,/Users/kimsumin/projects/RGMC/data/map/robot22/masks/0604_mask.png
605,0.36,0.5625,0.0,341.448606271777,171.4390243902439,1,0.0,0.04651105716717619,0.4161873915389736,1776277411.3539948,5,/Users/kimsumin/projects/RGMC/data/map/robot22/images/0605.png,/Users/kimsumin/projects/RGMC/data/map/robot22/overlays/0605_overlay.png,/Users/kimsumin/projects/RGMC/data/map/robot22/masks/0605_mask.png
606,0.39,0.5625,0.0,341.52714535901924,184.41994750656167,1,0.0,0.07358405333444724,0.07107059141155937,1776277424.208446,5,/Users/kimsumin/projects/RGMC/data/map/robot22/images/0606.png,/Users/kimsumin/projects/RGMC/data/map/robot22/overlays/0606_overlay.png,/Users/kimsumin/projects/RGMC/data/map/robot22/masks/0606_mask.png
607,0.42000000000000004,0.5625,0.0,341.6875,197.88364249578416,1,0.0,0.37186697895548215,0.47009679479318317,1776277434.481493,5,/Users/kimsumin/projects/RGMC/data/map/robot22/images/0607.png,/Users/kimsumin/projects/RGMC/data/map/robot22/overlays/0607_overlay.png,/Users/kimsumin/projects/RGMC/data/map/robot22/masks/0607_mask.png
608,0.44999999999999996,0.5625,0.0,342.5774647887324,211.9233644859813,1,0.0,0.0411124748686182,0.03003014494488677,1776277446.7301884,5,/Users/kimsumin/projects/RGMC/data/map/robot22/images/0608.png,/Users/kimsumin/projects/RGMC/data/map/robot22/overlays/0608_overlay.png,/Users/kimsumin/projects/RGMC/data/map/robot22/masks/0608_mask.png
609,0.48,0.5625,0.0,342.46559428060766,225.24355555555556,1,0.0,0.020032204627442415,0.06546055172701491,1776277456.6368048,5,/Users/kimsumin/projects/RGMC/data/map/robot22/images/0609.png,/Users/kimsumin/projects/RGMC/data/map/robot22/overlays/0609_overlay.png,/Users/kimsumin/projects/RGMC/data/map/robot22/masks/0609_mask.png
610,0.51,0.5625,0.0,342.5510579576817,239.73785517873512,1,0.0,0.39473503643714775,0.054138107509113964,1776277471.7679033,5,/Users/kimsumin/projects/RGMC/data/map/robot22/images/0610.png,/Users/kimsumin/projects/RGMC/data/map/robot22/overlays/0610_overlay.png,/Users/kimsumin/projects/RGMC/data/map/robot22/masks/0610_mask.png
611,0.54,0.5625,0.0,342.65622202327665,252.75290957923008,1,0.0,0.06935066953184496,0.03996376232757685,1776277481.7888749,5,/Users/kimsumin/projects/RGMC/data/map/robot22/images/0611.png,/Users/kimsumin/projects/RGMC/data/map/robot22/overlays/0611_overlay.png,/Users/kimsumin/projects/RGMC/data/map/robot22/masks/0611_mask.png
612,0.5700000000000001,0.5625,0.0,342.1679135494597,266.0307053941909,1,0.0,0.33469414384364815,0.05266375836119208,1776277492.27398,5,/Users/kimsumin/projects/RGMC/data/map/robot22/images/0612.png,/Users/kimsumin/projects/RGMC/data/map/robot22/overlays/0612_overlay.png,/Users/kimsumin/projects/RGMC/data/map/robot22/masks/0612_mask.png
613,0.6,0.5625,0.0,342.03568320278504,280.04525674499564,1,0.0,0.031050414930183585,0.061211010332054464,1776277502.4582922,5,/Users/kimsumin/projects/RGMC/data/map/robot22/images/0613.png,/Users/kimsumin/projects/RGMC/data/map/robot22/overlays/0613_overlay.png,/Users/kimsumin/projects/RGMC/data/map/robot22/masks/0613_mask.png
614,0.63,0.5625,0.0,343.0372670807453,293.3149955634428,1,0.0,0.06713756301275868,0.11192474393157636,1776277512.4610803,5,/Users/kimsumin/projects/RGMC/data/map/robot22/images/0614.png,/Users/kimsumin/projects/RGMC/data/map/robot22/overlays/0614_overlay.png,/Users/kimsumin/projects/RGMC/data/map/robot22/masks/0614_mask.png
615,0.66,0.5625,0.0,342.9438305709024,307.19244935543276,1,0.0,0.34494941681039604,0.06106994188749307,1776277522.2397015,5,/Users/kimsumin/projects/RGMC/data/map/robot22/images/0615.png,/Users/kimsumin/projects/RGMC/data/map/robot22/overlays/0615_overlay.png,/Users/kimsumin/projects/RGMC/data/map/robot22/masks/0615_mask.png
616,0.69,0.5625,0.0,342.02463891248937,320.9264581572274,1,0.0,0.06343029355044301,0.032756955846563234,1776277532.003334,5,/Users/kimsumin/projects/RGMC/data/map/robot22/images/0616.png,/Users/kimsumin/projects/RGMC/data/map/robot22/overlays/0616_overlay.png,/Users/kimsumin/projects/RGMC/data/map/robot22/masks/0616_mask.png
617,0.72,0.5625,0.0,342.4568121104185,335.1334569045412,1,0.0,0.35961227094160936,0.060640084145279195,1776277541.969934,5,/Users/kimsumin/projects/RGMC/data/map/robot22/images/0617.png,/Users/kimsumin/projects/RGMC/data/map/robot22/overlays/0617_overlay.png,/Users/kimsumin/projects/RGMC/data/map/robot22/masks/0617_mask.png
618,0.75,0.5625,0.0,343.2992056487202,348.2647837599294,1,0.0,0.0230414885958182,0.0463123598164588,1776277551.9701502,5,/Users/kimsumin/projects/RGMC/data/map/robot22/images/0618.png,/Users/kimsumin/projects/RGMC/data/map/robot22/overlays/0618_overlay.png,/Users/kimsumin/projects/RGMC/data/map/robot22/masks/0618_mask.png
619,0.78,0.5625,0.0,343.2957867583835,361.84608770421323,1,0.0,0.23042260622570737,0.37594297478586697,1776277562.137499,5,/Users/kimsumin/projects/RGMC/data/map/robot22/images/0619.png,/Users/kimsumin/projects/RGMC/data/map/robot22/overlays/0619_overlay.png,/Users/kimsumin/projects/RGMC/data/map/robot22/masks/0619_mask.png
620,0.81,0.5625,0.0,343.4226713532513,376.24868189806676,1,0.0,0.01958735773076651,0.020939466774989965,1776277574.7842352,5,/Users/kimsumin/projects/RGMC/data/map/robot22/images/0620.png,/Users/kimsumin/projects/RGMC/data/map/robot22/overlays/0620_overlay.png,/Users/kimsumin/projects/RGMC/data/map/robot22/masks/0620_mask.png
621,0.84,0.5625,0.0,343.4631396357329,389.2246313963573,1,0.0,0.04150563526514778,0.07444449988717987,1776277587.413248,5,/Users/kimsumin/projects/RGMC/data/map/robot22/images/0621.png,/Users/kimsumin/projects/RGMC/data/map/robot22/overlays/0621_overlay.png,/Users/kimsumin/projects/RGMC/data/map/robot22/masks/0621_mask.png
622,0.87,0.5625,0.0,343.4626998223801,403.1829484902309,1,0.0,0.04017230247874461,0.04477071704774346,1776277598.584884,5,/Users/kimsumin/projects/RGMC/data/map/robot22/images/0622.png,/Users/kimsumin/projects/RGMC/data/map/robot22/overlays/0622_overlay.png,/Users/kimsumin/projects/RGMC/data/map/robot22/masks/0622_mask.png
623,0.9,0.5625,0.0,343.44125326370755,416.8419689119171,1,0.0,0.19975673796391616,0.051360256290843787,1776277608.5084953,5,/Users/kimsumin/projects/RGMC/data/map/robot22/images/0623.png,/Users/kimsumin/projects/RGMC/data/map/robot22/overlays/0623_overlay.png,/Users/kimsumin/projects/RGMC/data/map/robot22/masks/0623_mask.png
624,0.9299999999999999,0.5625,0.0,343.57523645743765,429.923941227312,1,0.0,0.2972217050941437,0.36600507520201947,1776277619.0287445,5,/Users/kimsumin/projects/RGMC/data/map/robot22/images/0624.png,/Users/kimsumin/projects/RGMC/data/map/robot22/overlays/0624_overlay.png,/Users/kimsumin/projects/RGMC/data/map/robot22/masks/0624_mask.png
625,0.96,0.5625,0.0,343.4267015706806,444.283595113438,1,0.0,0.08208464366660698,0.034564836142423234,1776277633.6648595,5,/Users/kimsumin/projects/RGMC/data/map/robot22/images/0625.png,/Users/kimsumin/projects/RGMC/data/map/robot22/overlays/0625_overlay.png,/Users/kimsumin/projects/RGMC/data/map/robot22/masks/0625_mask.png
626,0.99,0.5625,0.0,343.437074829932,457.8001700680272,1,0.0,0.05507525108135393,0.07617490149927054,1776277646.8084772,5,/Users/kimsumin/projects/RGMC/data/map/robot22/images/0626.png,/Users/kimsumin/projects/RGMC/data/map/robot22/overlays/0626_overlay.png,/Users/kimsumin/projects/RGMC/data/map/robot22/masks/0626_mask.png
627,0.99,0.59375,0.0,329.35624476110644,457.6963835155593,1,0.0,0.09789532449574355,0.4360572630277778,1776277657.526909,5,/Users/kimsumin/projects/RGMC/data/map/robot22/images/0627.png,/Users/kimsumin/projects/RGMC/data/map/robot22/overlays/0627_overlay.png,/Users/kimsumin/projects/RGMC/data/map/robot22/masks/0627_mask.png
628,0.96,0.59375,0.0,329.0725,444.835,1,0.0,0.05132464001000905,0.025942700260378305,1776277668.7716866,5,/Users/kimsumin/projects/RGMC/data/map/robot22/images/0628.png,/Users/kimsumin/projects/RGMC/data/map/robot22/overlays/0628_overlay.png,/Users/kimsumin/projects/RGMC/data/map/robot22/masks/0628_mask.png
629,0.9299999999999999,0.59375,0.0,328.99738448125544,431.1201044386423,1,0.0,0.0660234732394362,0.3229060121948516,1776277678.6045396,5,/Users/kimsumin/projects/RGMC/data/map/robot22/images/0629.png,/Users/kimsumin/projects/RGMC/data/map/robot22/overlays/0629_overlay.png,/Users/kimsumin/projects/RGMC/data/map/robot22/masks/0629_mask.png
630,0.9,0.59375,0.0,328.9933829611249,417.55172413793105,1,0.0,0.11286257984063745,0.09476419781138398,1776277690.698414,5,/Users/kimsumin/projects/RGMC/data/map/robot22/images/0630.png,/Users/kimsumin/projects/RGMC/data/map/robot22/overlays/0630_overlay.png,/Users/kimsumin/projects/RGMC/data/map/robot22/masks/0630_mask.png
631,0.87,0.59375,0.0,328.9550084889643,403.93972835314094,1,0.0,0.05478984384225848,0.06940123011136773,1776277700.8736222,5,/Users/kimsumin/projects/RGMC/data/map/robot22/images/0631.png,/Users/kimsumin/projects/RGMC/data/map/robot22/overlays/0631_overlay.png,/Users/kimsumin/projects/RGMC/data/map/robot22/masks/0631_mask.png
632,0.84,0.59375,0.0,328.98845836768345,389.93693693693695,1,0.0,0.0426422853321103,0.03751103575948071,1776277711.3491383,5,/Users/kimsumin/projects/RGMC/data/map/robot22/images/0632.png,/Users/kimsumin/projects/RGMC/data/map/robot22/overlays/0632_overlay.png,/Users/kimsumin/projects/RGMC/data/map/robot22/masks/0632_mask.png
633,0.81,0.59375,0.0,328.88284518828453,376.5785953177257,1,0.0,0.06113411685358409,0.07600473082523909,1776277721.9555192,5,/Users/kimsumin/projects/RGMC/data/map/robot22/images/0633.png,/Users/kimsumin/projects/RGMC/data/map/robot22/overlays/0633_overlay.png,/Users/kimsumin/projects/RGMC/data/map/robot22/masks/0633_mask.png
634,0.78,0.59375,0.0,328.73181419807185,363.2418930762489,1,0.0,0.04508161556823566,0.0707572257969243,1776277733.8960745,5,/Users/kimsumin/projects/RGMC/data/map/robot22/images/0634.png,/Users/kimsumin/projects/RGMC/data/map/robot22/overlays/0634_overlay.png,/Users/kimsumin/projects/RGMC/data/map/robot22/masks/0634_mask.png
635,0.75,0.59375,0.0,328.5582978723404,348.9335604770017,1,0.0,0.009904022087848447,0.03533839493693764,1776277745.7954366,5,/Users/kimsumin/projects/RGMC/data/map/robot22/images/0635.png,/Users/kimsumin/projects/RGMC/data/map/robot22/overlays/0635_overlay.png,/Users/kimsumin/projects/RGMC/data/map/robot22/masks/0635_mask.png
636,0.72,0.59375,0.0,328.38879159369526,335.73805309734513,1,0.0,0.09188142394560592,0.06449654617294495,1776277756.259288,5,/Users/kimsumin/projects/RGMC/data/map/robot22/images/0636.png,/Users/kimsumin/projects/RGMC/data/map/robot22/overlays/0636_overlay.png,/Users/kimsumin/projects/RGMC/data/map/robot22/masks/0636_mask.png
637,0.69,0.59375,0.0,328.53508771929825,321.38689956331876,1,0.0,0.13293331699776545,0.033771203424029506,1776277766.179559,5,/Users/kimsumin/projects/RGMC/data/map/robot22/images/0637.png,/Users/kimsumin/projects/RGMC/data/map/robot22/overlays/0637_overlay.png,/Users/kimsumin/projects/RGMC/data/map/robot22/masks/0637_mask.png
638,0.66,0.59375,0.0,328.34273127753306,307.8246696035242,1,0.0,0.04684294081378592,0.0668929294153953,1776277780.8254287,5,/Users/kimsumin/projects/RGMC/data/map/robot22/images/0638.png,/Users/kimsumin/projects/RGMC/data/map/robot22/overlays/0638_overlay.png,/Users/kimsumin/projects/RGMC/data/map/robot22/masks/0638_mask.png
639,0.63,0.59375,0.0,328.4273356401384,294.0604255319149,1,0.0,0.08930387771402995,0.035929437168474805,1776277790.7515373,5,/Users/kimsumin/projects/RGMC/data/map/robot22/images/0639.png,/Users/kimsumin/projects/RGMC/data/map/robot22/overlays/0639_overlay.png,/Users/kimsumin/projects/RGMC/data/map/robot22/masks/0639_mask.png
640,0.6,0.59375,0.0,327.8646551724138,281.2851063829787,1,0.0,0.15627432017814774,0.08176261744097252,1776277801.7153337,5,/Users/kimsumin/projects/RGMC/data/map/robot22/images/0640.png,/Users/kimsumin/projects/RGMC/data/map/robot22/overlays/0640_overlay.png,/Users/kimsumin/projects/RGMC/data/map/robot22/masks/0640_mask.png
641,0.5700000000000001,0.59375,0.0,328.28851291184327,267.3840579710145,1,0.0,0.12267530965418766,0.1403675941868129,1776277811.9719138,5,/Users/kimsumin/projects/RGMC/data/map/robot22/images/0641.png,/Users/kimsumin/projects/RGMC/data/map/robot22/overlays/0641_overlay.png,/Users/kimsumin/projects/RGMC/data/map/robot22/masks/0641_mask.png
642,0.54,0.59375,0.0,327.96932515337426,253.39141856392294,1,0.0,0.05017389714759726,0.03542342030362938,1776277821.8413491,5,/Users/kimsumin/projects/RGMC/data/map/robot22/images/0642.png,/Users/kimsumin/projects/RGMC/data/map/robot22/overlays/0642_overlay.png,/Users/kimsumin/projects/RGMC/data/map/robot22/masks/0642_mask.png
643,0.51,0.59375,0.0,328.03812056737587,240.21000893655048,1,0.0,0.058215696772433885,0.06433773757422784,1776277832.0320456,5,/Users/kimsumin/projects/RGMC/data/map/robot22/images/0643.png,/Users/kimsumin/projects/RGMC/data/map/robot22/overlays/0643_overlay.png,/Users/kimsumin/projects/RGMC/data/map/robot22/masks/0643_mask.png
644,0.48,0.59375,0.0,328.177304964539,225.885536823425,1,0.0,0.017555685910056417,0.03970661866256706,1776277842.5909727,5,/Users/kimsumin/projects/RGMC/data/map/robot22/images/0644.png,/Users/kimsumin/projects/RGMC/data/map/robot22/overlays/0644_overlay.png,/Users/kimsumin/projects/RGMC/data/map/robot22/masks/0644_mask.png
645,0.44999999999999996,0.59375,0.0,327.65013286093887,212.85346358792185,1,0.0,0.009669118876451,0.025887418349358197,1776277852.533002,5,/Users/kimsumin/projects/RGMC/data/map/robot22/images/0645.png,/Users/kimsumin/projects/RGMC/data/map/robot22/overlays/0645_overlay.png,/Users/kimsumin/projects/RGMC/data/map/robot22/masks/0645_mask.png
646,0.42000000000000004,0.59375,0.0,327.7764489420423,199.27029520295204,1,0.0,0.025618207264527376,0.07440991603727307,1776277863.2146235,5,/Users/kimsumin/projects/RGMC/data/map/robot22/images/0646.png,/Users/kimsumin/projects/RGMC/data/map/robot22/overlays/0646_overlay.png,/Users/kimsumin/projects/RGMC/data/map/robot22/masks/0646_mask.png
647,0.39,0.59375,0.0,327.553415061296,185.0943231441048,1,0.0,0.031774824448373276,0.00918490704960285,1776277875.5375476,5,/Users/kimsumin/projects/RGMC/data/map/robot22/images/0647.png,/Users/kimsumin/projects/RGMC/data/map/robot22/overlays/0647_overlay.png,/Users/kimsumin/projects/RGMC/data/map/robot22/masks/0647_mask.png
648,0.36,0.59375,0.0,327.5379061371841,171.8071748878924,1,0.0,0.054769587456367924,0.04443627497689411,1776277888.222175,5,/Users/kimsumin/projects/RGMC/data/map/robot22/images/0648.png,/Users/kimsumin/projects/RGMC/data/map/robot22/overlays/0648_overlay.png,/Users/kimsumin/projects/RGMC/data/map/robot22/masks/0648_mask.png
649,0.32999999999999996,0.59375,0.0,327.5406360424028,158.15459363957598,1,0.0,0.04507784431460016,0.06435456329202408,1776277900.9565365,5,/Users/kimsumin/projects/RGMC/data/map/robot22/images/0649.png,/Users/kimsumin/projects/RGMC/data/map/robot22/overlays/0649_overlay.png,/Users/kimsumin/projects/RGMC/data/map/robot22/masks/0649_mask.png
650,0.30000000000000004,0.59375,0.0,327.4887931034483,145.2008620689655,1,0.0,0.03679538354572787,0.02923842166713004,1776277911.0418806,5,/Users/kimsumin/projects/RGMC/data/map/robot22/images/0650.png,/Users/kimsumin/projects/RGMC/data/map/robot22/overlays/0650_overlay.png,/Users/kimsumin/projects/RGMC/data/map/robot22/masks/0650_mask.png
651,0.27,0.59375,0.0,327.45366284201236,131.9297777777778,1,0.0,0.02647514608077477,0.06407687435314584,1776277920.969963,5,/Users/kimsumin/projects/RGMC/data/map/robot22/images/0651.png,/Users/kimsumin/projects/RGMC/data/map/robot22/overlays/0651_overlay.png,/Users/kimsumin/projects/RGMC/data/map/robot22/masks/0651_mask.png
652,0.24,0.59375,0.0,327.60432900432903,118.23056994818653,1,0.0,0.028622819179865654,0.030188071557512415,1776277930.9815917,5,/Users/kimsumin/projects/RGMC/data/map/robot22/images/0652.png,/Users/kimsumin/projects/RGMC/data/map/robot22/overlays/0652_overlay.png,/Users/kimsumin/projects/RGMC/data/map/robot22/masks/0652_mask.png
653,0.21,0.59375,0.0,327.3594827586207,105.26424870466322,1,0.0,0.04010550723127229,0.050674473579609046,1776277941.7257826,5,/Users/kimsumin/projects/RGMC/data/map/robot22/images/0653.png,/Users/kimsumin/projects/RGMC/data/map/robot22/overlays/0653_overlay.png,/Users/kimsumin/projects/RGMC/data/map/robot22/masks/0653_mask.png
654,0.18,0.59375,0.0,327.485254691689,91.81663685152057,1,0.0,0.04585372666373012,0.013102549089217149,1776277956.099033,5,/Users/kimsumin/projects/RGMC/data/map/robot22/images/0654.png,/Users/kimsumin/projects/RGMC/data/map/robot22/overlays/0654_overlay.png,/Users/kimsumin/projects/RGMC/data/map/robot22/masks/0654_mask.png
655,0.15,0.59375,0.0,327.5141093474427,77.97707231040565,1,0.0,0.04989627632080093,0.06966992397966539,1776277966.0330033,5,/Users/kimsumin/projects/RGMC/data/map/robot22/images/0655.png,/Users/kimsumin/projects/RGMC/data/map/robot22/overlays/0655_overlay.png,/Users/kimsumin/projects/RGMC/data/map/robot22/masks/0655_mask.png
656,0.12,0.59375,0.0,327.3438045375218,64.68875326939843,1,0.0,0.025119814742753044,0.07319567483359155,1776277976.5776517,5,/Users/kimsumin/projects/RGMC/data/map/robot22/images/0656.png,/Users/kimsumin/projects/RGMC/data/map/robot22/overlays/0656_overlay.png,/Users/kimsumin/projects/RGMC/data/map/robot22/masks/0656_mask.png
657,0.09,0.59375,0.0,327.3142345568487,51.41271262309758,1,0.0,0.016679058616455224,0.022712167883099713,1776277986.7462208,5,/Users/kimsumin/projects/RGMC/data/map/robot22/images/0657.png,/Users/kimsumin/projects/RGMC/data/map/robot22/overlays/0657_overlay.png,/Users/kimsumin/projects/RGMC/data/map/robot22/masks/0657_mask.png
658,0.06,0.59375,0.0,327.36054421768705,37.218696397941684,1,0.0,0.07149943904162585,0.10246436360005468,1776277996.7175133,5,/Users/kimsumin/projects/RGMC/data/map/robot22/images/0658.png,/Users/kimsumin/projects/RGMC/data/map/robot22/overlays/0658_overlay.png,/Users/kimsumin/projects/RGMC/data/map/robot22/masks/0658_mask.png
659,0.03,0.59375,0.0,327.4392764857881,24.267011197243754,1,0.0,0.08775632548466304,0.09090768101479041,1776278010.938113,5,/Users/kimsumin/projects/RGMC/data/map/robot22/images/0659.png,/Users/kimsumin/projects/RGMC/data/map/robot22/overlays/0659_overlay.png,/Users/kimsumin/projects/RGMC/data/map/robot22/masks/0659_mask.png
660,0.03,0.625,0.0,313.09461805555554,23.545611015490532,1,0.0,0.023399242208140866,0.18268205036924512,1776278021.0522814,5,/Users/kimsumin/projects/RGMC/data/map/robot22/images/0660.png,/Users/kimsumin/projects/RGMC/data/map/robot22/overlays/0660_overlay.png,/Users/kimsumin/projects/RGMC/data/map/robot22/masks/0660_mask.png
661,0.06,0.625,0.0,312.94545454545454,36.90756302521008,1,0.0,0.09817670357126239,0.07463070282184815,1776278032.7502759,5,/Users/kimsumin/projects/RGMC/data/map/robot22/images/0661.png,/Users/kimsumin/projects/RGMC/data/map/robot22/overlays/0661_overlay.png,/Users/kimsumin/projects/RGMC/data/map/robot22/masks/0661_mask.png
662,0.09,0.625,0.0,312.7370653095844,50.27195945945946,1,0.0,0.052917781293521024,0.03289511275591646,1776278042.7636046,5,/Users/kimsumin/projects/RGMC/data/map/robot22/images/0662.png,/Users/kimsumin/projects/RGMC/data/map/robot22/overlays/0662_overlay.png,/Users/kimsumin/projects/RGMC/data/map/robot22/masks/0662_mask.png
663,0.12,0.625,0.0,312.7929883138564,63.85423728813559,1,0.0,0.023019315615267842,0.07855845229713632,1776278054.2409387,5,/Users/kimsumin/projects/RGMC/data/map/robot22/images/0663.png,/Users/kimsumin/projects/RGMC/data/map/robot22/overlays/0663_overlay.png,/Users/kimsumin/projects/RGMC/data/map/robot22/masks/0663_mask.png
664,0.15,0.625,0.0,313.11651299245597,77.50751252086812,1,0.0,0.06766999272124094,0.07162661867013312,1776278064.1514683,5,/Users/kimsumin/projects/RGMC/data/map/robot22/images/0664.png,/Users/kimsumin/projects/RGMC/data/map/robot22/overlays/0664_overlay.png,/Users/kimsumin/projects/RGMC/data/map/robot22/masks/0664_mask.png
665,0.18,0.625,0.0,313.10243055555554,91.5085910652921,1,0.0,0.08477021167438625,0.04170551152418035,1776278074.0387702,5,/Users/kimsumin/projects/RGMC/data/map/robot22/images/0665.png,/Users/kimsumin/projects/RGMC/data/map/robot22/overlays/0665_overlay.png,/Users/kimsumin/projects/RGMC/data/map/robot22/masks/0665_mask.png
666,0.21,0.625,0.0,313.04006820119355,104.75510204081633,1,0.0,0.03772008694006356,0.06604316645917262,1776278083.9141345,5,/Users/kimsumin/projects/RGMC/data/map/robot22/images/0666.png,/Users/kimsumin/projects/RGMC/data/map/robot22/overlays/0666_overlay.png,/Users/kimsumin/projects/RGMC/data/map/robot22/masks/0666_mask.png
667,0.24,0.625,0.0,313.0962343096234,117.75628140703517,1,0.0,0.03991956379392606,0.05032968423132364,1776278094.368405,5,/Users/kimsumin/projects/RGMC/data/map/robot22/images/0667.png,/Users/kimsumin/projects/RGMC/data/map/robot22/overlays/0667_overlay.png,/Users/kimsumin/projects/RGMC/data/map/robot22/masks/0667_mask.png
668,0.27,0.625,0.0,313.1982608695652,131.5208695652174,1,0.0,0.05969774932970667,0.05512309774530456,1776278104.2384508,5,/Users/kimsumin/projects/RGMC/data/map/robot22/images/0668.png,/Users/kimsumin/projects/RGMC/data/map/robot22/overlays/0668_overlay.png,/Users/kimsumin/projects/RGMC/data/map/robot22/masks/0668_mask.png
669,0.30000000000000004,0.625,0.0,313.3032367972743,144.69617021276596,1,0.0,0.014674875101532887,0.006571460641900545,1776278114.1540656,5,/Users/kimsumin/projects/RGMC/data/map/robot22/images/0669.png,/Users/kimsumin/projects/RGMC/data/map/robot22/overlays/0669_overlay.png,/Users/kimsumin/projects/RGMC/data/map/robot22/masks/0669_mask.png
670,0.32999999999999996,0.625,0.0,313.45516074450086,157.81634372367313,1,0.0,0.049635132939676155,0.07398869677741758,1776278124.1892347,5,/Users/kimsumin/projects/RGMC/data/map/robot22/images/0670.png,/Users/kimsumin/projects/RGMC/data/map/robot22/overlays/0670_overlay.png,/Users/kimsumin/projects/RGMC/data/map/robot22/masks/0670_mask.png
671,0.36,0.625,0.0,313.4632867132867,171.54728546409808,1,0.0,0.0362810734996169,0.041494993681382326,1776278134.7735431,5,/Users/kimsumin/projects/RGMC/data/map/robot22/images/0671.png,/Users/kimsumin/projects/RGMC/data/map/robot22/overlays/0671_overlay.png,/Users/kimsumin/projects/RGMC/data/map/robot22/masks/0671_mask.png
672,0.39,0.625,0.0,313.4721508140531,184.58254105445116,1,0.0,0.0497008792287939,0.09542722902533016,1776278144.590202,5,/Users/kimsumin/projects/RGMC/data/map/robot22/images/0672.png,/Users/kimsumin/projects/RGMC/data/map/robot22/overlays/0672_overlay.png,/Users/kimsumin/projects/RGMC/data/map/robot22/masks/0672_mask.png
673,0.42000000000000004,0.625,0.0,313.70578373847445,198.1693210393965,1,0.0,0.02747325210039319,0.011231640822330217,1776278155.2467244,5,/Users/kimsumin/projects/RGMC/data/map/robot22/images/0673.png,/Users/kimsumin/projects/RGMC/data/map/robot22/overlays/0673_overlay.png,/Users/kimsumin/projects/RGMC/data/map/robot22/masks/0673_mask.png
674,0.44999999999999996,0.625,0.0,313.38285229202035,212.28947368421052,1,0.0,0.07286590576237963,0.1829415616618621,1776278165.2081819,5,/Users/kimsumin/projects/RGMC/data/map/robot22/images/0674.png,/Users/kimsumin/projects/RGMC/data/map/robot22/overlays/0674_overlay.png,/Users/kimsumin/projects/RGMC/data/map/robot22/masks/0674_mask.png
675,0.48,0.625,0.0,313.36006683375103,225.68019884009942,1,0.0,0.05023916765037982,0.03226011910617496,1776278179.961,5,/Users/kimsumin/projects/RGMC/data/map/robot22/images/0675.png,/Users/kimsumin/projects/RGMC/data/map/robot22/overlays/0675_overlay.png,/Users/kimsumin/projects/RGMC/data/map/robot22/masks/0675_mask.png
676,0.51,0.625,0.0,313.8050699300699,240.07124239791486,1,0.0,0.32410726477447394,0.12363092032456673,1776278189.806694,5,/Users/kimsumin/projects/RGMC/data/map/robot22/images/0676.png,/Users/kimsumin/projects/RGMC/data/map/robot22/overlays/0676_overlay.png,/Users/kimsumin/projects/RGMC/data/map/robot22/masks/0676_mask.png
677,0.54,0.625,0.0,314.60156931124675,252.90322580645162,1,0.0,0.026559090874478164,0.05426346896270277,1776278199.8411295,5,/Users/kimsumin/projects/RGMC/data/map/robot22/images/0677.png,/Users/kimsumin/projects/RGMC/data/map/robot22/overlays/0677_overlay.png,/Users/kimsumin/projects/RGMC/data/map/robot22/masks/0677_mask.png
678,0.5700000000000001,0.625,0.0,313.92851205320034,267.0559930008749,1,0.0,0.07144235861064036,0.42888615498011823,1776278211.410033,5,/Users/kimsumin/projects/RGMC/data/map/robot22/images/0678.png,/Users/kimsumin/projects/RGMC/data/map/robot22/overlays/0678_overlay.png,/Users/kimsumin/projects/RGMC/data/map/robot22/masks/0678_mask.png
679,0.6,0.625,0.0,314.0298634812287,280.5561224489796,1,0.0,0.015137797902437541,0.05909304225121095,1776278224.1753223,5,/Users/kimsumin/projects/RGMC/data/map/robot22/images/0679.png,/Users/kimsumin/projects/RGMC/data/map/robot22/overlays/0679_overlay.png,/Users/kimsumin/projects/RGMC/data/map/robot22/masks/0679_mask.png
680,0.63,0.625,0.0,314.1009251471825,293.9126050420168,1,0.0,0.04442777762835078,0.050044901785642124,1776278239.525077,5,/Users/kimsumin/projects/RGMC/data/map/robot22/images/0680.png,/Users/kimsumin/projects/RGMC/data/map/robot22/overlays/0680_overlay.png,/Users/kimsumin/projects/RGMC/data/map/robot22/masks/0680_mask.png
681,0.66,0.625,0.0,314.2899824253076,307.5816416593116,1,0.0,0.0691341266393661,0.03918826527389158,1776278250.2421794,5,/Users/kimsumin/projects/RGMC/data/map/robot22/images/0681.png,/Users/kimsumin/projects/RGMC/data/map/robot22/overlays/0681_overlay.png,/Users/kimsumin/projects/RGMC/data/map/robot22/masks/0681_mask.png
682,0.69,0.625,0.0,314.9964850615114,321.09226713532513,1,0.0,0.03285886060469471,0.06548849962513979,1776278264.1412935,5,/Users/kimsumin/projects/RGMC/data/map/robot22/images/0682.png,/Users/kimsumin/projects/RGMC/data/map/robot22/overlays/0682_overlay.png,/Users/kimsumin/projects/RGMC/data/map/robot22/masks/0682_mask.png
683,0.72,0.625,0.0,315.02272727272725,335.29,1,0.0,0.35246699620237615,0.04286691313616054,1776278273.8699768,5,/Users/kimsumin/projects/RGMC/data/map/robot22/images/0683.png,/Users/kimsumin/projects/RGMC/data/map/robot22/overlays/0683_overlay.png,/Users/kimsumin/projects/RGMC/data/map/robot22/masks/0683_mask.png
684,0.75,0.625,0.0,314.57514693534847,348.6691919191919,1,0.0,0.06546154769760915,0.0723706854783743,1776278283.6621287,5,/Users/kimsumin/projects/RGMC/data/map/robot22/images/0684.png,/Users/kimsumin/projects/RGMC/data/map/robot22/overlays/0684_overlay.png,/Users/kimsumin/projects/RGMC/data/map/robot22/masks/0684_mask.png
685,0.78,0.625,0.0,315.205083260298,361.7817703768624,1,0.0,0.023600242985531924,0.04870474392048961,1776278294.168914,5,/Users/kimsumin/projects/RGMC/data/map/robot22/images/0685.png,/Users/kimsumin/projects/RGMC/data/map/robot22/overlays/0685_overlay.png,/Users/kimsumin/projects/RGMC/data/map/robot22/masks/0685_mask.png
686,0.81,0.625,0.0,314.3873417721519,376.3717409587889,1,0.0,0.03064655405174302,0.05952478085470906,1776278303.967231,5,/Users/kimsumin/projects/RGMC/data/map/robot22/images/0686.png,/Users/kimsumin/projects/RGMC/data/map/robot22/overlays/0686_overlay.png,/Users/kimsumin/projects/RGMC/data/map/robot22/masks/0686_mask.png
687,0.84,0.625,0.0,315.19880546075086,389.59761295822676,1,0.0,0.2892433519539242,0.03135709046635994,1776278316.2214043,5,/Users/kimsumin/projects/RGMC/data/map/robot22/images/0687.png,/Users/kimsumin/projects/RGMC/data/map/robot22/overlays/0687_overlay.png,/Users/kimsumin/projects/RGMC/data/map/robot22/masks/0687_mask.png
688,0.87,0.625,0.0,314.3023850085179,403.36139455782313,1,0.0,0.2846912554424309,0.044677367183118634,1776278326.6093225,5,/Users/kimsumin/projects/RGMC/data/map/robot22/images/0688.png,/Users/kimsumin/projects/RGMC/data/map/robot22/overlays/0688_overlay.png,/Users/kimsumin/projects/RGMC/data/map/robot22/masks/0688_mask.png
689,0.9,0.625,0.0,314.57178841309826,417.0789252728799,1,0.0,0.2598629685734846,0.04013471340022211,1776278337.1257718,5,/Users/kimsumin/projects/RGMC/data/map/robot22/images/0689.png,/Users/kimsumin/projects/RGMC/data/map/robot22/overlays/0689_overlay.png,/Users/kimsumin/projects/RGMC/data/map/robot22/masks/0689_mask.png
690,0.9299999999999999,0.625,0.0,315.21897163120565,430.9160035366932,1,0.0,0.048482926492409734,0.044259388977959675,1776278347.1868517,5,/Users/kimsumin/projects/RGMC/data/map/robot22/images/0690.png,/Users/kimsumin/projects/RGMC/data/map/robot22/overlays/0690_overlay.png,/Users/kimsumin/projects/RGMC/data/map/robot22/masks/0690_mask.png
691,0.96,0.625,0.0,315.22569444444446,444.73637961335675,1,0.0,0.03721756046722352,0.06777226922545625,1776278357.3354526,5,/Users/kimsumin/projects/RGMC/data/map/robot22/images/0691.png,/Users/kimsumin/projects/RGMC/data/map/robot22/overlays/0691_overlay.png,/Users/kimsumin/projects/RGMC/data/map/robot22/masks/0691_mask.png
692,0.99,0.625,0.0,315.2446619217082,457.6021126760563,1,0.0,0.0339645427021906,0.05443307898388454,1776278368.1020434,5,/Users/kimsumin/projects/RGMC/data/map/robot22/images/0692.png,/Users/kimsumin/projects/RGMC/data/map/robot22/overlays/0692_overlay.png,/Users/kimsumin/projects/RGMC/data/map/robot22/masks/0692_mask.png
693,0.99,0.65625,0.0,301.01751459549627,457.8793677204659,1,0.0,0.07671816701843064,0.07214255679057661,1776278378.224751,5,/Users/kimsumin/projects/RGMC/data/map/robot22/images/0693.png,/Users/kimsumin/projects/RGMC/data/map/robot22/overlays/0693_overlay.png,/Users/kimsumin/projects/RGMC/data/map/robot22/masks/0693_mask.png
694,0.96,0.65625,0.0,300.20456540825285,445.1062717770035,1,0.0,0.04144627929882096,0.04985456979095188,1776278388.8233893,5,/Users/kimsumin/projects/RGMC/data/map/robot22/images/0694.png,/Users/kimsumin/projects/RGMC/data/map/robot22/overlays/0694_overlay.png,/Users/kimsumin/projects/RGMC/data/map/robot22/masks/0694_mask.png
695,0.9299999999999999,0.65625,0.0,299.98118279569894,431.32347670250897,1,0.0,0.03139956213358418,0.05173044119197088,1776278400.4467037,5,/Users/kimsumin/projects/RGMC/data/map/robot22/images/0695.png,/Users/kimsumin/projects/RGMC/data/map/robot22/overlays/0695_overlay.png,/Users/kimsumin/projects/RGMC/data/map/robot22/masks/0695_mask.png
696,0.9,0.65625,0.0,300.1860465116279,417.7341442224153,1,0.0,0.07072491500680594,0.10305519286010474,1776278410.6756501,5,/Users/kimsumin/projects/RGMC/data/map/robot22/images/0696.png,/Users/kimsumin/projects/RGMC/data/map/robot22/overlays/0696_overlay.png,/Users/kimsumin/projects/RGMC/data/map/robot22/masks/0696_mask.png
697,0.87,0.65625,0.0,300.2573656845754,404.39357080799306,1,0.0,0.060009660767517105,0.05434706027351141,1776278421.5690494,5,/Users/kimsumin/projects/RGMC/data/map/robot22/images/0697.png,/Users/kimsumin/projects/RGMC/data/map/robot22/overlays/0697_overlay.png,/Users/kimsumin/projects/RGMC/data/map/robot22/masks/0697_mask.png
698,0.84,0.65625,0.0,300.3099209833187,390.21665250637216,1,0.0,0.2565277484162085,0.441389370013249,1776278431.4010093,5,/Users/kimsumin/projects/RGMC/data/map/robot22/images/0698.png,/Users/kimsumin/projects/RGMC/data/map/robot22/overlays/0698_overlay.png,/Users/kimsumin/projects/RGMC/data/map/robot22/masks/0698_mask.png
699,0.81,0.65625,0.0,300.13931623931626,376.90264730999144,1,0.0,0.008058989756462617,0.013768201397074483,1776278442.1386957,5,/Users/kimsumin/projects/RGMC/data/map/robot22/images/0699.png,/Users/kimsumin/projects/RGMC/data/map/robot22/overlays/0699_overlay.png,/Users/kimsumin/projects/RGMC/data/map/robot22/masks/0699_mask.png
700,0.78,0.65625,0.0,300.2887511071745,363.33569530558015,1,0.0,0.08660689051585302,0.08805781659628854,1776278452.1484988,5,/Users/kimsumin/projects/RGMC/data/map/robot22/images/0700.png,/Users/kimsumin/projects/RGMC/data/map/robot22/overlays/0700_overlay.png,/Users/kimsumin/projects/RGMC/data/map/robot22/masks/0700_mask.png
701,0.75,0.65625,0.0,300.35395189003435,349.30464716006884,1,0.0,0.12003073854089243,0.05071586574252518,1776278462.258866,5,/Users/kimsumin/projects/RGMC/data/map/robot22/images/0701.png,/Users/kimsumin/projects/RGMC/data/map/robot22/overlays/0701_overlay.png,/Users/kimsumin/projects/RGMC/data/map/robot22/masks/0701_mask.png
702,0.72,0.65625,0.0,299.86607142857144,336.0177304964539,1,0.0,0.01590781026945898,0.08083418599913426,1776278472.1570978,5,/Users/kimsumin/projects/RGMC/data/map/robot22/images/0702.png,/Users/kimsumin/projects/RGMC/data/map/robot22/overlays/0702_overlay.png,/Users/kimsumin/projects/RGMC/data/map/robot22/masks/0702_mask.png
703,0.69,0.65625,0.0,300.35253654342216,321.6345657781599,1,0.0,0.0958769763677482,0.04805560963777809,1776278482.887778,5,/Users/kimsumin/projects/RGMC/data/map/robot22/images/0703.png,/Users/kimsumin/projects/RGMC/data/map/robot22/overlays/0703_overlay.png,/Users/kimsumin/projects/RGMC/data/map/robot22/masks/0703_mask.png
704,0.66,0.65625,0.0,300.0371352785146,308.55083996463304,1,0.0,0.0421514280352424,0.023347361689667435,1776278492.9667335,5,/Users/kimsumin/projects/RGMC/data/map/robot22/images/0704.png,/Users/kimsumin/projects/RGMC/data/map/robot22/overlays/0704_overlay.png,/Users/kimsumin/projects/RGMC/data/map/robot22/masks/0704_mask.png
705,0.63,0.65625,0.0,299.9408553230209,295.17379435850773,1,0.0,0.07519687939520717,0.025056328909891436,1776278503.084081,5,/Users/kimsumin/projects/RGMC/data/map/robot22/images/0705.png,/Users/kimsumin/projects/RGMC/data/map/robot22/overlays/0705_overlay.png,/Users/kimsumin/projects/RGMC/data/map/robot22/masks/0705_mask.png
706,0.6,0.65625,0.0,299.74935400516796,281.367558239862,1,0.0,0.0076480461752032255,0.048276918905432904,1776278512.9906352,5,/Users/kimsumin/projects/RGMC/data/map/robot22/images/0706.png,/Users/kimsumin/projects/RGMC/data/map/robot22/overlays/0706_overlay.png,/Users/kimsumin/projects/RGMC/data/map/robot22/masks/0706_mask.png
707,0.5700000000000001,0.65625,0.0,299.6071733561059,268.37382378100943,1,0.0,0.04418298368570911,0.07311495788877491,1776278524.863491,5,/Users/kimsumin/projects/RGMC/data/map/robot22/images/0707.png,/Users/kimsumin/projects/RGMC/data/map/robot22/overlays/0707_overlay.png,/Users/kimsumin/projects/RGMC/data/map/robot22/masks/0707_mask.png
708,0.54,0.65625,0.0,299.7430795847751,253.80017376194613,1,0.0,0.06902565052683819,0.08841487338919465,1776278535.7802815,5,/Users/kimsumin/projects/RGMC/data/map/robot22/images/0708.png,/Users/kimsumin/projects/RGMC/data/map/robot22/overlays/0708_overlay.png,/Users/kimsumin/projects/RGMC/data/map/robot22/masks/0708_mask.png
709,0.51,0.65625,0.0,299.76486013986016,240.69466316710412,1,0.0,0.029604744097714582,0.041429170077321255,1776278548.6170206,5,/Users/kimsumin/projects/RGMC/data/map/robot22/images/0709.png,/Users/kimsumin/projects/RGMC/data/map/robot22/overlays/0709_overlay.png,/Users/kimsumin/projects/RGMC/data/map/robot22/masks/0709_mask.png
710,0.48,0.65625,0.0,299.60034602076126,225.87304347826088,1,0.0,0.053836076007401305,0.07061789837185864,1776278558.35063,5,/Users/kimsumin/projects/RGMC/data/map/robot22/images/0710.png,/Users/kimsumin/projects/RGMC/data/map/robot22/overlays/0710_overlay.png,/Users/kimsumin/projects/RGMC/data/map/robot22/masks/0710_mask.png
711,0.44999999999999996,0.65625,0.0,299.61491228070173,212.99214659685865,1,0.0,0.02627165694910838,0.09034843339595974,1776278568.8195965,5,/Users/kimsumin/projects/RGMC/data/map/robot22/images/0711.png,/Users/kimsumin/projects/RGMC/data/map/robot22/overlays/0711_overlay.png,/Users/kimsumin/projects/RGMC/data/map/robot22/masks/0711_mask.png
712,0.42000000000000004,0.65625,0.0,299.5898825654923,199.295799821269,1,0.0,0.05734651386034101,0.0360653218716361,1776278579.9586062,5,/Users/kimsumin/projects/RGMC/data/map/robot22/images/0712.png,/Users/kimsumin/projects/RGMC/data/map/robot22/overlays/0712_overlay.png,/Users/kimsumin/projects/RGMC/data/map/robot22/masks/0712_mask.png
713,0.39,0.65625,0.0,299.50868055555554,185.10664335664336,1,0.0,0.050485215820622355,0.04651290063584983,1776278590.8187432,5,/Users/kimsumin/projects/RGMC/data/map/robot22/images/0713.png,/Users/kimsumin/projects/RGMC/data/map/robot22/overlays/0713_overlay.png,/Users/kimsumin/projects/RGMC/data/map/robot22/masks/0713_mask.png
714,0.36,0.65625,0.0,299.56053811659194,171.8211743772242,1,0.0,0.048812397058922125,0.04293539309582501,1776278602.5849364,5,/Users/kimsumin/projects/RGMC/data/map/robot22/images/0714.png,/Users/kimsumin/projects/RGMC/data/map/robot22/overlays/0714_overlay.png,/Users/kimsumin/projects/RGMC/data/map/robot22/masks/0714_mask.png
715,0.32999999999999996,0.65625,0.0,299.53078924544667,158.2697311361665,1,0.0,0.0170033106336931,0.34989610178756714,1776278612.6223912,5,/Users/kimsumin/projects/RGMC/data/map/robot22/images/0715.png,/Users/kimsumin/projects/RGMC/data/map/robot22/overlays/0715_overlay.png,/Users/kimsumin/projects/RGMC/data/map/robot22/masks/0715_mask.png
716,0.30000000000000004,0.65625,0.0,299.45264986967857,145.249348392702,1,0.0,0.031247190466161694,0.08432523795965079,1776278625.215356,5,/Users/kimsumin/projects/RGMC/data/map/robot22/images/0716.png,/Users/kimsumin/projects/RGMC/data/map/robot22/overlays/0716_overlay.png,/Users/kimsumin/projects/RGMC/data/map/robot22/masks/0716_mask.png
717,0.27,0.65625,0.0,299.3969804618117,132.25154457193293,1,0.0,0.04655264739574971,0.10222527831466734,1776278635.0935593,5,/Users/kimsumin/projects/RGMC/data/map/robot22/images/0717.png,/Users/kimsumin/projects/RGMC/data/map/robot22/overlays/0717_overlay.png,/Users/kimsumin/projects/RGMC/data/map/robot22/masks/0717_mask.png
718,0.24,0.65625,0.0,299.4201077199282,118.8967684021544,1,0.0,0.027697699670823552,0.03934468785155361,1776278645.1795032,5,/Users/kimsumin/projects/RGMC/data/map/robot22/images/0718.png,/Users/kimsumin/projects/RGMC/data/map/robot22/overlays/0718_overlay.png,/Users/kimsumin/projects/RGMC/data/map/robot22/masks/0718_mask.png
719,0.21,0.65625,0.0,299.09306260575295,105.30964467005076,1,0.0,0.03584035694709358,0.03090198275466115,1776278655.3439791,5,/Users/kimsumin/projects/RGMC/data/map/robot22/images/0719.png,/Users/kimsumin/projects/RGMC/data/map/robot22/overlays/0719_overlay.png,/Users/kimsumin/projects/RGMC/data/map/robot22/masks/0719_mask.png
720,0.18,0.65625,0.0,299.30599647266314,92.06010452961672,1,0.0,0.049774873464380844,0.10582313414774779,1776278666.9940243,5,/Users/kimsumin/projects/RGMC/data/map/robot22/images/0720.png,/Users/kimsumin/projects/RGMC/data/map/robot22/overlays/0720_overlay.png,/Users/kimsumin/projects/RGMC/data/map/robot22/masks/0720_mask.png
721,0.15,0.65625,0.0,299.32675814751286,77.71416309012875,1,0.0,0.025729479231369146,0.04077134222013278,1776278677.030651,5,/Users/kimsumin/projects/RGMC/data/map/robot22/images/0721.png,/Users/kimsumin/projects/RGMC/data/map/robot22/overlays/0721_overlay.png,/Users/kimsumin/projects/RGMC/data/map/robot22/masks/0721_mask.png
722,0.12,0.65625,0.0,299.36418685121106,64.70247229326513,1,0.0,0.03735484063879278,0.04655122090990397,1776278689.9771974,5,/Users/kimsumin/projects/RGMC/data/map/robot22/images/0722.png,/Users/kimsumin/projects/RGMC/data/map/robot22/overlays/0722_overlay.png,/Users/kimsumin/projects/RGMC/data/map/robot22/masks/0722_mask.png
723,0.09,0.65625,0.0,299.2276350752879,51.611160318866254,1,0.0,0.05259758134466441,0.054281228525590655,1776278700.0863476,5,/Users/kimsumin/projects/RGMC/data/map/robot22/images/0723.png,/Users/kimsumin/projects/RGMC/data/map/robot22/overlays/0723_overlay.png,/Users/kimsumin/projects/RGMC/data/map/robot22/masks/0723_mask.png
724,0.06,0.65625,0.0,299.191088260497,37.224419604471194,1,0.0,0.034905870147285634,0.08472630169072656,1776278712.6890454,5,/Users/kimsumin/projects/RGMC/data/map/robot22/images/0724.png,/Users/kimsumin/projects/RGMC/data/map/robot22/overlays/0724_overlay.png,/Users/kimsumin/projects/RGMC/data/map/robot22/masks/0724_mask.png
725,0.03,0.65625,0.0,299.2,23.387379491673972,1,0.0,0.258649457997217,0.09406714151892419,1776278723.9089916,5,/Users/kimsumin/projects/RGMC/data/map/robot22/images/0725.png,/Users/kimsumin/projects/RGMC/data/map/robot22/overlays/0725_overlay.png,/Users/kimsumin/projects/RGMC/data/map/robot22/masks/0725_mask.png
726,0.03,0.6875,0.0,285.2318220701454,23.48296422487223,1,0.0,0.07204049826874455,0.0952588462953654,1776278733.8364635,5,/Users/kimsumin/projects/RGMC/data/map/robot22/images/0726.png,/Users/kimsumin/projects/RGMC/data/map/robot22/overlays/0726_overlay.png,/Users/kimsumin/projects/RGMC/data/map/robot22/masks/0726_mask.png
727,0.06,0.6875,0.0,285.1308089500861,36.66069906223359,1,0.0,0.11252793325943274,0.14370531159955766,1776278743.6940029,5,/Users/kimsumin/projects/RGMC/data/map/robot22/images/0727.png,/Users/kimsumin/projects/RGMC/data/map/robot22/overlays/0727_overlay.png,/Users/kimsumin/projects/RGMC/data/map/robot22/masks/0727_mask.png
728,0.09,0.6875,0.0,284.50181488203265,51.04130052724077,1,0.0,0.2692042250468852,0.09632154968512115,1776278753.728055,5,/Users/kimsumin/projects/RGMC/data/map/robot22/images/0728.png,/Users/kimsumin/projects/RGMC/data/map/robot22/overlays/0728_overlay.png,/Users/kimsumin/projects/RGMC/data/map/robot22/masks/0728_mask.png
729,0.12,0.6875,0.0,285.0197255574614,64.02775441547519,1,0.0,0.04776851311219379,0.10375885744429629,1776278765.694762,5,/Users/kimsumin/projects/RGMC/data/map/robot22/images/0729.png,/Users/kimsumin/projects/RGMC/data/map/robot22/overlays/0729_overlay.png,/Users/kimsumin/projects/RGMC/data/map/robot22/masks/0729_mask.png
730,0.15,0.6875,0.0,285.11531986531986,77.65345699831366,1,0.0,0.04587853694249105,0.04777999094717341,1776278777.5436745,5,/Users/kimsumin/projects/RGMC/data/map/robot22/images/0730.png,/Users/kimsumin/projects/RGMC/data/map/robot22/overlays/0730_overlay.png,/Users/kimsumin/projects/RGMC/data/map/robot22/masks/0730_mask.png
731,0.18,0.6875,0.0,285.0988626421697,91.72495606326889,1,0.0,0.06744968141737509,0.05016904520188143,1776278787.7265282,5,/Users/kimsumin/projects/RGMC/data/map/robot22/images/0731.png,/Users/kimsumin/projects/RGMC/data/map/robot22/overlays/0731_overlay.png,/Users/kimsumin/projects/RGMC/data/map/robot22/masks/0731_mask.png
732,0.21,0.6875,0.0,285.1531914893617,104.96513605442176,1,0.0,0.030159783003029173,0.04580705600689281,1776278797.7176025,5,/Users/kimsumin/projects/RGMC/data/map/robot22/images/0732.png,/Users/kimsumin/projects/RGMC/data/map/robot22/overlays/0732_overlay.png,/Users/kimsumin/projects/RGMC/data/map/robot22/masks/0732_mask.png
733,0.24,0.6875,0.0,285.3705318221447,118.73583260680034,1,0.0,0.07723362488069381,0.31066247416647014,1776278807.719602,5,/Users/kimsumin/projects/RGMC/data/map/robot22/images/0733.png,/Users/kimsumin/projects/RGMC/data/map/robot22/overlays/0733_overlay.png,/Users/kimsumin/projects/RGMC/data/map/robot22/masks/0733_mask.png
734,0.27,0.6875,0.0,284.91135972461274,131.74288179465057,1,0.0,0.06538226788496634,0.06518733795263619,1776278817.7779295,5,/Users/kimsumin/projects/RGMC/data/map/robot22/images/0734.png,/Users/kimsumin/projects/RGMC/data/map/robot22/overlays/0734_overlay.png,/Users/kimsumin/projects/RGMC/data/map/robot22/masks/0734_mask.png
735,0.30000000000000004,0.6875,0.0,284.9671717171717,144.97984886649874,1,0.0,0.07308422605810294,0.05594185791916765,1776278828.6019404,5,/Users/kimsumin/projects/RGMC/data/map/robot22/images/0735.png,/Users/kimsumin/projects/RGMC/data/map/robot22/overlays/0735_overlay.png,/Users/kimsumin/projects/RGMC/data/map/robot22/masks/0735_mask.png
736,0.32999999999999996,0.6875,0.0,285.11158432708686,158.02736098852603,1,0.0,0.34458793373726243,0.043358494817048204,1776278841.905194,5,/Users/kimsumin/projects/RGMC/data/map/robot22/images/0736.png,/Users/kimsumin/projects/RGMC/data/map/robot22/overlays/0736_overlay.png,/Users/kimsumin/projects/RGMC/data/map/robot22/masks/0736_mask.png
737,0.36,0.6875,0.0,285.1799824407375,171.65095986038395,1,0.0,0.06369515418087697,0.02232622712036186,1776278852.568353,5,/Users/kimsumin/projects/RGMC/data/map/robot22/images/0737.png,/Users/kimsumin/projects/RGMC/data/map/robot22/overlays/0737_overlay.png,/Users/kimsumin/projects/RGMC/data/map/robot22/masks/0737_mask.png
738,0.39,0.6875,0.0,285.34131736526945,184.9110350727117,1,0.0,0.033542578853579336,0.054549963193680835,1776278862.6835446,5,/Users/kimsumin/projects/RGMC/data/map/robot22/images/0738.png,/Users/kimsumin/projects/RGMC/data/map/robot22/overlays/0738_overlay.png,/Users/kimsumin/projects/RGMC/data/map/robot22/masks/0738_mask.png
739,0.42000000000000004,0.6875,0.0,285.34208223972,199.32552083333334,1,0.0,0.08557110719008369,0.2914132390743656,1776278872.7643795,5,/Users/kimsumin/projects/RGMC/data/map/robot22/images/0739.png,/Users/kimsumin/projects/RGMC/data/map/robot22/overlays/0739_overlay.png,/Users/kimsumin/projects/RGMC/data/map/robot22/masks/0739_mask.png
740,0.44999999999999996,0.6875,0.0,285.3916449086162,212.5073593073593,1,0.0,0.03444567147000425,0.09948103158890156,1776278882.5667977,5,/Users/kimsumin/projects/RGMC/data/map/robot22/images/0740.png,/Users/kimsumin/projects/RGMC/data/map/robot22/overlays/0740_overlay.png,/Users/kimsumin/projects/RGMC/data/map/robot22/masks/0740_mask.png
741,0.48,0.6875,0.0,285.5615062761506,225.675,1,0.0,0.014464888788730161,0.03969617500467744,1776278893.860868,5,/Users/kimsumin/projects/RGMC/data/map/robot22/images/0741.png,/Users/kimsumin/projects/RGMC/data/map/robot22/overlays/0741_overlay.png,/Users/kimsumin/projects/RGMC/data/map/robot22/masks/0741_mask.png
742,0.51,0.6875,0.0,285.58916083916085,240.15825491873397,1,0.0,0.07134152292379052,0.029244966604107334,1776278904.9353147,5,/Users/kimsumin/projects/RGMC/data/map/robot22/images/0742.png,/Users/kimsumin/projects/RGMC/data/map/robot22/overlays/0742_overlay.png,/Users/kimsumin/projects/RGMC/data/map/robot22/masks/0742_mask.png
743,0.54,0.6875,0.0,286.42756804214224,253.34729493891797,1,0.0,0.06680652451108073,0.07228552983416373,1776278916.047664,5,/Users/kimsumin/projects/RGMC/data/map/robot22/images/0743.png,/Users/kimsumin/projects/RGMC/data/map/robot22/overlays/0743_overlay.png,/Users/kimsumin/projects/RGMC/data/map/robot22/masks/0743_mask.png
744,0.5700000000000001,0.6875,0.0,285.8061224489796,268.0586236193713,1,0.0,0.03260691739226438,0.017975287212419856,1776278925.9988344,5,/Users/kimsumin/projects/RGMC/data/map/robot22/images/0744.png,/Users/kimsumin/projects/RGMC/data/map/robot22/overlays/0744_overlay.png,/Users/kimsumin/projects/RGMC/data/map/robot22/masks/0744_mask.png
745,0.6,0.6875,0.0,286.00350877192983,280.5725524475524,1,0.0,0.036038146234902396,0.029309260968273278,1776278936.392078,5,/Users/kimsumin/projects/RGMC/data/map/robot22/images/0745.png,/Users/kimsumin/projects/RGMC/data/map/robot22/overlays/0745_overlay.png,/Users/kimsumin/projects/RGMC/data/map/robot22/masks/0745_mask.png
746,0.63,0.6875,0.0,286.73151408450707,293.9850352112676,1,0.0,0.34340267703216765,0.3594310220268778,1776278946.6512163,5,/Users/kimsumin/projects/RGMC/data/map/robot22/images/0746.png,/Users/kimsumin/projects/RGMC/data/map/robot22/overlays/0746_overlay.png,/Users/kimsumin/projects/RGMC/data/map/robot22/masks/0746_mask.png
747,0.66,0.6875,0.0,285.8581623550401,308.1031468531468,1,0.0,0.08892633127252239,0.1443027621220799,1776278958.1286223,5,/Users/kimsumin/projects/RGMC/data/map/robot22/images/0747.png,/Users/kimsumin/projects/RGMC/data/map/robot22/overlays/0747_overlay.png,/Users/kimsumin/projects/RGMC/data/map/robot22/masks/0747_mask.png
748,0.69,0.6875,0.0,286.03231292517006,321.570826306914,1,0.0,0.054542799940829875,0.06402932644911022,1776278967.9701688,5,/Users/kimsumin/projects/RGMC/data/map/robot22/images/0748.png,/Users/kimsumin/projects/RGMC/data/map/robot22/overlays/0748_overlay.png,/Users/kimsumin/projects/RGMC/data/map/robot22/masks/0748_mask.png
749,0.72,0.6875,0.0,286.02902374670185,335.5639894086496,1,0.0,0.028371498121835613,0.048675783101165,1776278978.0330598,5,/Users/kimsumin/projects/RGMC/data/map/robot22/images/0749.png,/Users/kimsumin/projects/RGMC/data/map/robot22/overlays/0749_overlay.png,/Users/kimsumin/projects/RGMC/data/map/robot22/masks/0749_mask.png
750,0.75,0.6875,0.0,286.16511430990687,349.0574809805579,1,0.0,0.07887479670614314,0.09228825739055711,1776278989.0418823,5,/Users/kimsumin/projects/RGMC/data/map/robot22/images/0750.png,/Users/kimsumin/projects/RGMC/data/map/robot22/overlays/0750_overlay.png,/Users/kimsumin/projects/RGMC/data/map/robot22/masks/0750_mask.png
751,0.78,0.6875,0.0,286.14446366782005,363.08369659982566,1,0.0,0.05563613131164307,0.403783429378887,1776278999.858648,5,/Users/kimsumin/projects/RGMC/data/map/robot22/images/0751.png,/Users/kimsumin/projects/RGMC/data/map/robot22/overlays/0751_overlay.png,/Users/kimsumin/projects/RGMC/data/map/robot22/masks/0751_mask.png
752,0.81,0.6875,0.0,287.00764655904845,376.87360275150473,1,0.0,0.023997681495332608,0.06476117437367451,1776279009.6242948,5,/Users/kimsumin/projects/RGMC/data/map/robot22/images/0752.png,/Users/kimsumin/projects/RGMC/data/map/robot22/overlays/0752_overlay.png,/Users/kimsumin/projects/RGMC/data/map/robot22/masks/0752_mask.png
753,0.84,0.6875,0.0,287.0149516270888,389.99561787905344,1,0.0,0.08548540112009359,0.06722073429707252,1776279019.7780542,5,/Users/kimsumin/projects/RGMC/data/map/robot22/images/0753.png,/Users/kimsumin/projects/RGMC/data/map/robot22/overlays/0753_overlay.png,/Users/kimsumin/projects/RGMC/data/map/robot22/masks/0753_mask.png
754,0.87,0.6875,0.0,286.9180765805877,404.06015693112465,1,0.0,0.22554764187434748,0.062068181623338305,1776279031.0733988,5,/Users/kimsumin/projects/RGMC/data/map/robot22/images/0754.png,/Users/kimsumin/projects/RGMC/data/map/robot22/overlays/0754_overlay.png,/Users/kimsumin/projects/RGMC/data/map/robot22/masks/0754_mask.png
755,0.9,0.6875,0.0,286.28986710963454,417.55462885738115,1,0.0,0.23800952264220093,0.06454461679836446,1776279041.19887,5,/Users/kimsumin/projects/RGMC/data/map/robot22/images/0755.png,/Users/kimsumin/projects/RGMC/data/map/robot22/overlays/0755_overlay.png,/Users/kimsumin/projects/RGMC/data/map/robot22/masks/0755_mask.png
756,0.9299999999999999,0.6875,0.0,285.9861351819757,431.3324630113142,1,0.0,0.0356735776190824,0.029050052824353582,1776279052.1590986,5,/Users/kimsumin/projects/RGMC/data/map/robot22/images/0756.png,/Users/kimsumin/projects/RGMC/data/map/robot22/overlays/0756_overlay.png,/Users/kimsumin/projects/RGMC/data/map/robot22/masks/0756_mask.png
757,0.96,0.6875,0.0,286.9028268551237,445.07712765957444,1,0.0,0.06079318865626135,0.06371457838921873,1776279062.689747,5,/Users/kimsumin/projects/RGMC/data/map/robot22/images/0757.png,/Users/kimsumin/projects/RGMC/data/map/robot22/overlays/0757_overlay.png,/Users/kimsumin/projects/RGMC/data/map/robot22/masks/0757_mask.png
758,0.99,0.6875,0.0,286.9059753954306,458.2467306015693,1,0.0,0.0500224020262828,0.03189704314170522,1776279072.6041715,5,/Users/kimsumin/projects/RGMC/data/map/robot22/images/0758.png,/Users/kimsumin/projects/RGMC/data/map/robot22/overlays/0758_overlay.png,/Users/kimsumin/projects/RGMC/data/map/robot22/masks/0758_mask.png
759,0.99,0.71875,0.0,272.39982190561,459.32769367764917,1,0.0,0.16357928400188287,0.0811088759737238,1776279084.1900089,5,/Users/kimsumin/projects/RGMC/data/map/robot22/images/0759.png,/Users/kimsumin/projects/RGMC/data/map/robot22/overlays/0759_overlay.png,/Users/kimsumin/projects/RGMC/data/map/robot22/masks/0759_mask.png
760,0.96,0.71875,0.0,271.84965034965035,445.5518744551003,1,0.0,0.03550938011509416,0.023194514073379392,1776279096.5615087,5,/Users/kimsumin/projects/RGMC/data/map/robot22/images/0760.png,/Users/kimsumin/projects/RGMC/data/map/robot22/overlays/0760_overlay.png,/Users/kimsumin/projects/RGMC/data/map/robot22/masks/0760_mask.png
761,0.9299999999999999,0.71875,0.0,271.70350404312666,431.95507637017073,1,0.0,0.031586737667937924,0.09415275066140946,1776279106.4072697,5,/Users/kimsumin/projects/RGMC/data/map/robot22/images/0761.png,/Users/kimsumin/projects/RGMC/data/map/robot22/overlays/0761_overlay.png,/Users/kimsumin/projects/RGMC/data/map/robot22/masks/0761_mask.png
762,0.9,0.71875,0.0,271.6582506762849,419.1271415689811,1,0.0,0.046655817269614965,0.3803794178147399,1776279116.5344741,5,/Users/kimsumin/projects/RGMC/data/map/robot22/images/0762.png,/Users/kimsumin/projects/RGMC/data/map/robot22/overlays/0762_overlay.png,/Users/kimsumin/projects/RGMC/data/map/robot22/masks/0762_mask.png
763,0.87,0.71875,0.0,271.6337412587413,404.9833187006146,1,0.0,0.039825472457494016,0.1006772068831131,1776279126.4375112,5,/Users/kimsumin/projects/RGMC/data/map/robot22/images/0763.png,/Users/kimsumin/projects/RGMC/data/map/robot22/overlays/0763_overlay.png,/Users/kimsumin/projects/RGMC/data/map/robot22/masks/0763_mask.png
764,0.84,0.71875,0.0,271.7989228007181,391.3940754039497,1,0.0,0.04001803271841757,0.05307099240920311,1776279136.4089122,5,/Users/kimsumin/projects/RGMC/data/map/robot22/images/0764.png,/Users/kimsumin/projects/RGMC/data/map/robot22/overlays/0764_overlay.png,/Users/kimsumin/projects/RGMC/data/map/robot22/masks/0764_mask.png
765,0.81,0.71875,0.0,271.7617021276596,377.5878889823381,1,0.0,0.05356907909113318,0.056404704770870374,1776279146.1040785,5,/Users/kimsumin/projects/RGMC/data/map/robot22/images/0765.png,/Users/kimsumin/projects/RGMC/data/map/robot22/overlays/0765_overlay.png,/Users/kimsumin/projects/RGMC/data/map/robot22/masks/0765_mask.png
766,0.78,0.71875,0.0,271.8981233243968,363.91354723707667,1,0.0,0.03439313516215997,0.05696123461055125,1776279156.0969145,5,/Users/kimsumin/projects/RGMC/data/map/robot22/images/0766.png,/Users/kimsumin/projects/RGMC/data/map/robot22/overlays/0766_overlay.png,/Users/kimsumin/projects/RGMC/data/map/robot22/masks/0766_mask.png
767,0.75,0.71875,0.0,271.9061154177433,349.4926787252369,1,0.0,0.06478136510123915,0.05795631065863334,1776279166.7148252,5,/Users/kimsumin/projects/RGMC/data/map/robot22/images/0767.png,/Users/kimsumin/projects/RGMC/data/map/robot22/overlays/0767_overlay.png,/Users/kimsumin/projects/RGMC/data/map/robot22/masks/0767_mask.png
768,0.72,0.71875,0.0,271.93292144748455,336.34656084656086,1,0.0,0.056156584626749446,0.10649498348340723,1776279177.5662713,5,/Users/kimsumin/projects/RGMC/data/map/robot22/images/0768.png,/Users/kimsumin/projects/RGMC/data/map/robot22/overlays/0768_overlay.png,/Users/kimsumin/projects/RGMC/data/map/robot22/masks/0768_mask.png
769,0.69,0.71875,0.0,271.79128856624317,323.0290381125227,1,0.0,0.05130198417211887,0.006186753174392834,1776279187.4950225,5,/Users/kimsumin/projects/RGMC/data/map/robot22/images/0769.png,/Users/kimsumin/projects/RGMC/data/map/robot22/overlays/0769_overlay.png,/Users/kimsumin/projects/RGMC/data/map/robot22/masks/0769_mask.png
770,0.66,0.71875,0.0,271.7734303912648,307.9600725952813,1,0.0,0.05289032163699825,0.09092553220678566,1776279199.1544647,5,/Users/kimsumin/projects/RGMC/data/map/robot22/images/0770.png,/Users/kimsumin/projects/RGMC/data/map/robot22/overlays/0770_overlay.png,/Users/kimsumin/projects/RGMC/data/map/robot22/masks/0770_mask.png
771,0.63,0.71875,0.0,271.7985414767548,295.2984670874662,1,0.0,0.06910139961285701,0.061046993285351805,1776279209.1780052,5,/Users/kimsumin/projects/RGMC/data/map/robot22/images/0771.png,/Users/kimsumin/projects/RGMC/data/map/robot22/overlays/0771_overlay.png,/Users/kimsumin/projects/RGMC/data/map/robot22/masks/0771_mask.png
772,0.6,0.71875,0.0,271.7673397717296,281.2785145888594,1,0.0,0.058197423039390656,0.060866252532496314,1776279219.1091955,5,/Users/kimsumin/projects/RGMC/data/map/robot22/images/0772.png,/Users/kimsumin/projects/RGMC/data/map/robot22/overlays/0772_overlay.png,/Users/kimsumin/projects/RGMC/data/map/robot22/masks/0772_mask.png
773,0.5700000000000001,0.71875,0.0,271.7045650301464,268.409793814433,1,0.0,0.06609996433198292,0.05255843979627217,1776279229.106768,5,/Users/kimsumin/projects/RGMC/data/map/robot22/images/0773.png,/Users/kimsumin/projects/RGMC/data/map/robot22/overlays/0773_overlay.png,/Users/kimsumin/projects/RGMC/data/map/robot22/masks/0773_mask.png
774,0.54,0.71875,0.0,271.5763888888889,254.17795138888889,1,0.0,0.03133846887318165,0.03422509569542607,1776279238.9667778,5,/Users/kimsumin/projects/RGMC/data/map/robot22/images/0774.png,/Users/kimsumin/projects/RGMC/data/map/robot22/overlays/0774_overlay.png,/Users/kimsumin/projects/RGMC/data/map/robot22/masks/0774_mask.png
775,0.51,0.71875,0.0,271.6345311130587,240.71929824561403,1,0.0,0.030484370670499847,0.035638198027470695,1776279248.9761493,5,/Users/kimsumin/projects/RGMC/data/map/robot22/images/0775.png,/Users/kimsumin/projects/RGMC/data/map/robot22/overlays/0775_overlay.png,/Users/kimsumin/projects/RGMC/data/map/robot22/masks/0775_mask.png
776,0.48,0.71875,0.0,271.52034632034633,226.1974025974026,1,0.0,0.03481622762340971,0.08326178566134834,1776279260.9192984,5,/Users/kimsumin/projects/RGMC/data/map/robot22/images/0776.png,/Users/kimsumin/projects/RGMC/data/map/robot22/overlays/0776_overlay.png,/Users/kimsumin/projects/RGMC/data/map/robot22/masks/0776_mask.png
777,0.44999999999999996,0.71875,0.0,271.35820895522386,213.0956979806848,1,0.0,0.048904663747733564,0.11991369668388613,1776279270.766839,5,/Users/kimsumin/projects/RGMC/data/map/robot22/images/0777.png,/Users/kimsumin/projects/RGMC/data/map/robot22/overlays/0777_overlay.png,/Users/kimsumin/projects/RGMC/data/map/robot22/masks/0777_mask.png
778,0.42000000000000004,0.71875,0.0,271.4079782411605,199.65185856754306,1,0.0,0.0,0.0,1776279281.2326207,5,/Users/kimsumin/projects/RGMC/data/map/robot22/images/0778.png,/Users/kimsumin/projects/RGMC/data/map/robot22/overlays/0778_overlay.png,/Users/kimsumin/projects/RGMC/data/map/robot22/masks/0778_mask.png
779,0.39,0.71875,0.0,271.345406360424,185.23851590106008,1,0.0,0.04941516293172469,0.053354526038853295,1776279293.2117891,5,/Users/kimsumin/projects/RGMC/data/map/robot22/images/0779.png,/Users/kimsumin/projects/RGMC/data/map/robot22/overlays/0779_overlay.png,/Users/kimsumin/projects/RGMC/data/map/robot22/masks/0779_mask.png
780,0.36,0.71875,0.0,271.2618409294013,172.16772438803264,1,0.0,0.04269097481117443,0.15884717549991437,1776279303.4342816,5,/Users/kimsumin/projects/RGMC/data/map/robot22/images/0780.png,/Users/kimsumin/projects/RGMC/data/map/robot22/overlays/0780_overlay.png,/Users/kimsumin/projects/RGMC/data/map/robot22/masks/0780_mask.png
781,0.32999999999999996,0.71875,0.0,271.16,159.1209090909091,1,0.0,0.06959674407759321,0.3789876563323425,1776279313.2152436,5,/Users/kimsumin/projects/RGMC/data/map/robot22/images/0781.png,/Users/kimsumin/projects/RGMC/data/map/robot22/overlays/0781_overlay.png,/Users/kimsumin/projects/RGMC/data/map/robot22/masks/0781_mask.png
782,0.30000000000000004,0.71875,0.0,271.23417172593236,145.20103986135183,1,0.0,0.03446862989182627,0.021104027115417277,1776279324.3005812,5,/Users/kimsumin/projects/RGMC/data/map/robot22/images/0782.png,/Users/kimsumin/projects/RGMC/data/map/robot22/overlays/0782_overlay.png,/Users/kimsumin/projects/RGMC/data/map/robot22/masks/0782_mask.png
783,0.27,0.71875,0.0,271.0964912280702,132.4205685618729,1,0.0,0.46290610280184663,0.08122685542528614,1776279334.269291,5,/Users/kimsumin/projects/RGMC/data/map/robot22/images/0783.png,/Users/kimsumin/projects/RGMC/data/map/robot22/overlays/0783_overlay.png,/Users/kimsumin/projects/RGMC/data/map/robot22/masks/0783_mask.png
784,0.24,0.71875,0.0,271.2171581769437,119.08482142857143,1,0.0,0.04361611971229909,0.0662333889886123,1776279346.8378332,5,/Users/kimsumin/projects/RGMC/data/map/robot22/images/0784.png,/Users/kimsumin/projects/RGMC/data/map/robot22/overlays/0784_overlay.png,/Users/kimsumin/projects/RGMC/data/map/robot22/masks/0784_mask.png
785,0.21,0.71875,0.0,270.91787852865696,105.45352564102564,1,0.0,0.40503436223729167,0.0568943060757371,1776279359.4744523,5,/Users/kimsumin/projects/RGMC/data/map/robot22/images/0785.png,/Users/kimsumin/projects/RGMC/data/map/robot22/overlays/0785_overlay.png,/Users/kimsumin/projects/RGMC/data/map/robot22/masks/0785_mask.png
786,0.18,0.71875,0.0,271.06678539626,91.832,1,0.0,0.02611985942957154,0.06576412955888818,1776279369.2716107,5,/Users/kimsumin/projects/RGMC/data/map/robot22/images/0786.png,/Users/kimsumin/projects/RGMC/data/map/robot22/overlays/0786_overlay.png,/Users/kimsumin/projects/RGMC/data/map/robot22/masks/0786_mask.png
787,0.15,0.71875,0.0,271.01119724375536,77.97846683893195,1,0.0,0.024235538223786046,0.019020675393095376,1776279379.2861137,5,/Users/kimsumin/projects/RGMC/data/map/robot22/images/0787.png,/Users/kimsumin/projects/RGMC/data/map/robot22/overlays/0787_overlay.png,/Users/kimsumin/projects/RGMC/data/map/robot22/masks/0787_mask.png
788,0.12,0.71875,0.0,271.1786324786325,64.89297945205479,1,0.0,0.031009608461213572,0.05444066380712048,1776279389.2680786,5,/Users/kimsumin/projects/RGMC/data/map/robot22/images/0788.png,/Users/kimsumin/projects/RGMC/data/map/robot22/overlays/0788_overlay.png,/Users/kimsumin/projects/RGMC/data/map/robot22/masks/0788_mask.png
789,0.09,0.71875,0.0,270.985494106981,51.25902527075812,1,0.0,0.09564052297569182,0.06746656832456947,1776279399.2466097,5,/Users/kimsumin/projects/RGMC/data/map/robot22/images/0789.png,/Users/kimsumin/projects/RGMC/data/map/robot22/overlays/0789_overlay.png,/Users/kimsumin/projects/RGMC/data/map/robot22/masks/0789_mask.png
790,0.06,0.71875,0.0,270.8551236749117,37.07136563876652,1,0.0,0.041296858198816185,0.09645858956099335,1776279409.290608,5,/Users/kimsumin/projects/RGMC/data/map/robot22/images/0790.png,/Users/kimsumin/projects/RGMC/data/map/robot22/overlays/0790_overlay.png,/Users/kimsumin/projects/RGMC/data/map/robot22/masks/0790_mask.png
791,0.03,0.71875,0.0,270.40140845070425,23.79911111111111,1,0.0,0.21317733908778647,0.17303136140725944,1776279419.9941726,5,/Users/kimsumin/projects/RGMC/data/map/robot22/images/0791.png,/Users/kimsumin/projects/RGMC/data/map/robot22/overlays/0791_overlay.png,/Users/kimsumin/projects/RGMC/data/map/robot22/masks/0791_mask.png
792,0.03,0.75,0.0,256.016,23.397697077059345,1,0.0,0.23427144925172197,0.02504372714627182,1776279430.7079148,5,/Users/kimsumin/projects/RGMC/data/map/robot22/images/0792.png,/Users/kimsumin/projects/RGMC/data/map/robot22/overlays/0792_overlay.png,/Users/kimsumin/projects/RGMC/data/map/robot22/masks/0792_mask.png
793,0.06,0.75,0.0,255.92165492957747,36.42831700801425,1,0.0,0.041858913881522616,0.12713513135229043,1776279442.3191206,5,/Users/kimsumin/projects/RGMC/data/map/robot22/images/0793.png,/Users/kimsumin/projects/RGMC/data/map/robot22/overlays/0793_overlay.png,/Users/kimsumin/projects/RGMC/data/map/robot22/masks/0793_mask.png
794,0.09,0.75,0.0,255.72552607502288,50.97716894977169,1,0.0,0.051673127600463775,0.04912485685778787,1776279452.2755308,5,/Users/kimsumin/projects/RGMC/data/map/robot22/images/0794.png,/Users/kimsumin/projects/RGMC/data/map/robot22/overlays/0794_overlay.png,/Users/kimsumin/projects/RGMC/data/map/robot22/masks/0794_mask.png
795,0.12,0.75,0.0,256.3374449339207,63.824360105913506,1,0.0,0.034720942325201065,0.14146427882688764,1776279464.4539888,5,/Users/kimsumin/projects/RGMC/data/map/robot22/images/0795.png,/Users/kimsumin/projects/RGMC/data/map/robot22/overlays/0795_overlay.png,/Users/kimsumin/projects/RGMC/data/map/robot22/masks/0795_mask.png
796,0.15,0.75,0.0,256.24871355060037,77.44797936371454,1,0.0,0.3275582218024247,0.12286448776957352,1776279474.5290086,5,/Users/kimsumin/projects/RGMC/data/map/robot22/images/0796.png,/Users/kimsumin/projects/RGMC/data/map/robot22/overlays/0796_overlay.png,/Users/kimsumin/projects/RGMC/data/map/robot22/masks/0796_mask.png
797,0.18,0.75,0.0,256.36301369863014,91.66495726495727,1,0.0,0.0196405154431507,0.04141388500234515,1776279487.688075,5,/Users/kimsumin/projects/RGMC/data/map/robot22/images/0797.png,/Users/kimsumin/projects/RGMC/data/map/robot22/overlays/0797_overlay.png,/Users/kimsumin/projects/RGMC/data/map/robot22/masks/0797_mask.png
798,0.21,0.75,0.0,256.1572273879966,104.91234042553191,1,0.0,0.1867672515505378,0.10471105717463816,1776279498.2337155,5,/Users/kimsumin/projects/RGMC/data/map/robot22/images/0798.png,/Users/kimsumin/projects/RGMC/data/map/robot22/overlays/0798_overlay.png,/Users/kimsumin/projects/RGMC/data/map/robot22/masks/0798_mask.png
799,0.24,0.75,0.0,256.5232558139535,117.81478405315615,1,0.0,0.07893948467082085,0.04908208441047703,1776279508.2453153,5,/Users/kimsumin/projects/RGMC/data/map/robot22/images/0799.png,/Users/kimsumin/projects/RGMC/data/map/robot22/overlays/0799_overlay.png,/Users/kimsumin/projects/RGMC/data/map/robot22/masks/0799_mask.png
800,0.27,0.75,0.0,256.45300592718036,131.7718405428329,1,0.0,0.025056334351690513,0.0866443719546284,1776279518.2540767,5,/Users/kimsumin/projects/RGMC/data/map/robot22/images/0800.png,/Users/kimsumin/projects/RGMC/data/map/robot22/overlays/0800_overlay.png,/Users/kimsumin/projects/RGMC/data/map/robot22/masks/0800_mask.png
801,0.30000000000000004,0.75,0.0,256.01307759372276,145.02353966870095,1,0.0,0.029946045692762425,0.06900374524175115,1776279528.339551,5,/Users/kimsumin/projects/RGMC/data/map/robot22/images/0801.png,/Users/kimsumin/projects/RGMC/data/map/robot22/overlays/0801_overlay.png,/Users/kimsumin/projects/RGMC/data/map/robot22/masks/0801_mask.png
802,0.32999999999999996,0.75,0.0,256.59751773049646,158.9196113074205,1,0.0,0.055723427429671214,0.4041503461973592,1776279538.1790626,5,/Users/kimsumin/projects/RGMC/data/map/robot22/images/0802.png,/Users/kimsumin/projects/RGMC/data/map/robot22/overlays/0802_overlay.png,/Users/kimsumin/projects/RGMC/data/map/robot22/masks/0802_mask.png
803,0.36,0.75,0.0,256.67376490630323,172.48305084745763,1,0.0,0.03481882419489892,0.047628453293016834,1776279548.2705371,5,/Users/kimsumin/projects/RGMC/data/map/robot22/images/0803.png,/Users/kimsumin/projects/RGMC/data/map/robot22/overlays/0803_overlay.png,/Users/kimsumin/projects/RGMC/data/map/robot22/masks/0803_mask.png
804,0.39,0.75,0.0,256.838003502627,184.97407087294727,1,0.0,0.048892181472001695,0.08004052300795529,1776279558.4352233,5,/Users/kimsumin/projects/RGMC/data/map/robot22/images/0804.png,/Users/kimsumin/projects/RGMC/data/map/robot22/overlays/0804_overlay.png,/Users/kimsumin/projects/RGMC/data/map/robot22/masks/0804_mask.png
805,0.42000000000000004,0.75,0.0,256.95671378091873,199.339222614841,1,0.0,0.026218469060207417,0.02425039382889055,1776279568.9714022,5,/Users/kimsumin/projects/RGMC/data/map/robot22/images/0805.png,/Users/kimsumin/projects/RGMC/data/map/robot22/overlays/0805_overlay.png,/Users/kimsumin/projects/RGMC/data/map/robot22/masks/0805_mask.png
806,0.44999999999999996,0.75,0.0,256.8622183708839,212.40264317180618,1,0.0,0.08702893303855798,0.08839056490329882,1776279578.9284396,5,/Users/kimsumin/projects/RGMC/data/map/robot22/images/0806.png,/Users/kimsumin/projects/RGMC/data/map/robot22/overlays/0806_overlay.png,/Users/kimsumin/projects/RGMC/data/map/robot22/masks/0806_mask.png
807,0.48,0.75,0.0,257.2695652173913,225.57217391304349,1,0.0,0.024038349556411435,0.055665889633019376,1776279590.4477978,5,/Users/kimsumin/projects/RGMC/data/map/robot22/images/0807.png,/Users/kimsumin/projects/RGMC/data/map/robot22/overlays/0807_overlay.png,/Users/kimsumin/projects/RGMC/data/map/robot22/masks/0807_mask.png
808,0.51,0.75,0.0,257.0831873905429,240.15310586176727,1,0.0,0.05684821151121246,0.10615795900545946,1776279600.5193503,5,/Users/kimsumin/projects/RGMC/data/map/robot22/images/0808.png,/Users/kimsumin/projects/RGMC/data/map/robot22/overlays/0808_overlay.png,/Users/kimsumin/projects/RGMC/data/map/robot22/masks/0808_mask.png
809,0.54,0.75,0.0,257.0489864864865,253.60167364016738,1,0.0,0.03430498912813513,0.03611150200804843,1776279610.7582529,5,/Users/kimsumin/projects/RGMC/data/map/robot22/images/0809.png,/Users/kimsumin/projects/RGMC/data/map/robot22/overlays/0809_overlay.png,/Users/kimsumin/projects/RGMC/data/map/robot22/masks/0809_mask.png
810,0.5700000000000001,0.75,0.0,257.3638720829732,267.7173725151253,1,0.0,0.044666143929412726,0.04440386721752285,1776279621.3879972,5,/Users/kimsumin/projects/RGMC/data/map/robot22/images/0810.png,/Users/kimsumin/projects/RGMC/data/map/robot22/overlays/0810_overlay.png,/Users/kimsumin/projects/RGMC/data/map/robot22/masks/0810_mask.png
811,0.6,0.75,0.0,257.5742832319722,281.12872154115587,1,0.0,0.06448895246948574,0.06768822329933973,1776279632.4957373,5,/Users/kimsumin/projects/RGMC/data/map/robot22/images/0811.png,/Users/kimsumin/projects/RGMC/data/map/robot22/overlays/0811_overlay.png,/Users/kimsumin/projects/RGMC/data/map/robot22/masks/0811_mask.png
812,0.63,0.75,0.0,257.93528368794324,294.91875,1,0.0,0.052494485722033406,0.04600902489193259,1776279642.696677,5,/Users/kimsumin/projects/RGMC/data/map/robot22/images/0812.png,/Users/kimsumin/projects/RGMC/data/map/robot22/overlays/0812_overlay.png,/Users/kimsumin/projects/RGMC/data/map/robot22/masks/0812_mask.png
813,0.66,0.75,0.0,257.64539007092196,308.3022222222222,1,0.0,0.042777168174608714,0.09763828055116455,1776279653.0607767,5,/Users/kimsumin/projects/RGMC/data/map/robot22/images/0813.png,/Users/kimsumin/projects/RGMC/data/map/robot22/overlays/0813_overlay.png,/Users/kimsumin/projects/RGMC/data/map/robot22/masks/0813_mask.png
814,0.69,0.75,0.0,257.6409791477788,322.63595302619694,1,0.0,0.04684597101564648,0.4398873284409503,1776279663.1079788,5,/Users/kimsumin/projects/RGMC/data/map/robot22/images/0814.png,/Users/kimsumin/projects/RGMC/data/map/robot22/overlays/0814_overlay.png,/Users/kimsumin/projects/RGMC/data/map/robot22/masks/0814_mask.png
815,0.72,0.75,0.0,257.75744308231174,335.74100087796313,1,0.0,0.011938776950736689,0.03653739796988424,1776279677.753334,5,/Users/kimsumin/projects/RGMC/data/map/robot22/images/0815.png,/Users/kimsumin/projects/RGMC/data/map/robot22/overlays/0815_overlay.png,/Users/kimsumin/projects/RGMC/data/map/robot22/masks/0815_mask.png
816,0.75,0.75,0.0,257.62820512820514,349.3740392826644,1,0.0,0.05904105437931017,0.08774243655749624,1776279687.6096392,5,/Users/kimsumin/projects/RGMC/data/map/robot22/images/0816.png,/Users/kimsumin/projects/RGMC/data/map/robot22/overlays/0816_overlay.png,/Users/kimsumin/projects/RGMC/data/map/robot22/masks/0816_mask.png
817,0.78,0.75,0.0,257.6651982378855,363.0669603524229,1,0.0,0.09393617865542155,0.08427943391784425,1776279697.570531,5,/Users/kimsumin/projects/RGMC/data/map/robot22/images/0817.png,/Users/kimsumin/projects/RGMC/data/map/robot22/overlays/0817_overlay.png,/Users/kimsumin/projects/RGMC/data/map/robot22/masks/0817_mask.png
818,0.81,0.75,0.0,257.489898989899,377.04237288135596,1,0.0,0.106104274976188,0.05453612075358237,1776279707.53132,5,/Users/kimsumin/projects/RGMC/data/map/robot22/images/0818.png,/Users/kimsumin/projects/RGMC/data/map/robot22/overlays/0818_overlay.png,/Users/kimsumin/projects/RGMC/data/map/robot22/masks/0818_mask.png
819,0.84,0.75,0.0,257.3727272727273,391.2709232096635,1,0.0,0.025448709936290788,0.4026261135727797,1776279717.6294022,5,/Users/kimsumin/projects/RGMC/data/map/robot22/images/0819.png,/Users/kimsumin/projects/RGMC/data/map/robot22/overlays/0819_overlay.png,/Users/kimsumin/projects/RGMC/data/map/robot22/masks/0819_mask.png
820,0.87,0.75,0.0,257.47381756756755,404.5168918918919,1,0.0,0.015177789792037964,0.02886016816646036,1776279727.48567,5,/Users/kimsumin/projects/RGMC/data/map/robot22/images/0820.png,/Users/kimsumin/projects/RGMC/data/map/robot22/overlays/0820_overlay.png,/Users/kimsumin/projects/RGMC/data/map/robot22/masks/0820_mask.png
821,0.9,0.75,0.0,257.7324185248714,417.682905982906,1,0.0,0.08327931950917473,0.07800634515753116,1776279738.7292993,5,/Users/kimsumin/projects/RGMC/data/map/robot22/images/0821.png,/Users/kimsumin/projects/RGMC/data/map/robot22/overlays/0821_overlay.png,/Users/kimsumin/projects/RGMC/data/map/robot22/masks/0821_mask.png
822,0.9299999999999999,0.75,0.0,257.62282229965155,431.4891774891775,1,0.0,0.05276814952452074,0.06264972432321705,1776279748.8639083,5,/Users/kimsumin/projects/RGMC/data/map/robot22/images/0822.png,/Users/kimsumin/projects/RGMC/data/map/robot22/overlays/0822_overlay.png,/Users/kimsumin/projects/RGMC/data/map/robot22/masks/0822_mask.png
823,0.96,0.75,0.0,258.66753472222223,445.35809682804677,1,0.0,0.42379771509793146,0.03709520224885925,1776279758.7613912,5,/Users/kimsumin/projects/RGMC/data/map/robot22/images/0823.png,/Users/kimsumin/projects/RGMC/data/map/robot22/overlays/0823_overlay.png,/Users/kimsumin/projects/RGMC/data/map/robot22/masks/0823_mask.png
824,0.99,0.75,0.0,257.9251063829787,458.48167092924126,1,0.0,0.25206064133725226,0.10195980420988918,1776279769.5609987,5,/Users/kimsumin/projects/RGMC/data/map/robot22/images/0824.png,/Users/kimsumin/projects/RGMC/data/map/robot22/overlays/0824_overlay.png,/Users/kimsumin/projects/RGMC/data/map/robot22/masks/0824_mask.png
825,0.99,0.78125,0.0,243.5990990990991,459.61878952122856,1,0.0,0.007614850915531888,0.3616973187051531,1776279779.3814309,5,/Users/kimsumin/projects/RGMC/data/map/robot22/images/0825.png,/Users/kimsumin/projects/RGMC/data/map/robot22/overlays/0825_overlay.png,/Users/kimsumin/projects/RGMC/data/map/robot22/masks/0825_mask.png
826,0.96,0.78125,0.0,243.41904761904763,445.73160173160176,1,0.0,0.023883825498161315,0.037910661694978094,1776279789.2056324,5,/Users/kimsumin/projects/RGMC/data/map/robot22/images/0826.png,/Users/kimsumin/projects/RGMC/data/map/robot22/overlays/0826_overlay.png,/Users/kimsumin/projects/RGMC/data/map/robot22/masks/0826_mask.png
827,0.9299999999999999,0.78125,0.0,243.36103663985702,432.3167701863354,1,0.0,0.04510988317087028,0.06030762616993601,1776279799.6377213,5,/Users/kimsumin/projects/RGMC/data/map/robot22/images/0827.png,/Users/kimsumin/projects/RGMC/data/map/robot22/overlays/0827_overlay.png,/Users/kimsumin/projects/RGMC/data/map/robot22/masks/0827_mask.png
828,0.9,0.78125,0.0,243.34965034965035,418.2260869565217,1,0.0,0.037807791767467916,0.32718213295714027,1776279810.16523,5,/Users/kimsumin/projects/RGMC/data/map/robot22/images/0828.png,/Users/kimsumin/projects/RGMC/data/map/robot22/overlays/0828_overlay.png,/Users/kimsumin/projects/RGMC/data/map/robot22/masks/0828_mask.png
829,0.87,0.78125,0.0,243.30492091388402,405.2214411247803,1,0.0,0.03094831324323195,0.01674177153513483,1776279820.234748,5,/Users/kimsumin/projects/RGMC/data/map/robot22/images/0829.png,/Users/kimsumin/projects/RGMC/data/map/robot22/overlays/0829_overlay.png,/Users/kimsumin/projects/RGMC/data/map/robot22/masks/0829_mask.png
830,0.84,0.78125,0.0,243.27807486631016,391.89126559714794,1,0.0,0.027458779783933313,0.018954204878247217,1776279834.2762928,5,/Users/kimsumin/projects/RGMC/data/map/robot22/images/0830.png,/Users/kimsumin/projects/RGMC/data/map/robot22/overlays/0830_overlay.png,/Users/kimsumin/projects/RGMC/data/map/robot22/masks/0830_mask.png
831,0.81,0.78125,0.0,243.05856643356643,377.87116564417175,1,0.0,0.05546780794720776,0.06378221482259104,1776279846.6555777,5,/Users/kimsumin/projects/RGMC/data/map/robot22/images/0831.png,/Users/kimsumin/projects/RGMC/data/map/robot22/overlays/0831_overlay.png,/Users/kimsumin/projects/RGMC/data/map/robot22/masks/0831_mask.png
832,0.78,0.78125,0.0,243.26264418811002,364.26998223801064,1,0.0,0.035328255777213886,0.05035132760585249,1776279856.7713826,5,/Users/kimsumin/projects/RGMC/data/map/robot22/images/0832.png,/Users/kimsumin/projects/RGMC/data/map/robot22/overlays/0832_overlay.png,/Users/kimsumin/projects/RGMC/data/map/robot22/masks/0832_mask.png
833,0.75,0.78125,0.0,243.3275261324042,349.97027972027973,1,0.0,0.03113651653657965,0.03308405609470963,1776279869.2252276,5,/Users/kimsumin/projects/RGMC/data/map/robot22/images/0833.png,/Users/kimsumin/projects/RGMC/data/map/robot22/overlays/0833_overlay.png,/Users/kimsumin/projects/RGMC/data/map/robot22/masks/0833_mask.png
834,0.72,0.78125,0.0,243.323396567299,336.29829290206646,1,0.0,0.026777394625919822,0.05819080852426369,1776279879.2865996,5,/Users/kimsumin/projects/RGMC/data/map/robot22/images/0834.png,/Users/kimsumin/projects/RGMC/data/map/robot22/overlays/0834_overlay.png,/Users/kimsumin/projects/RGMC/data/map/robot22/masks/0834_mask.png
835,0.69,0.78125,0.0,243.25,323.0228728270814,1,0.0,0.029351351340387296,0.020960811311001543,1776279889.071266,5,/Users/kimsumin/projects/RGMC/data/map/robot22/images/0835.png,/Users/kimsumin/projects/RGMC/data/map/robot22/overlays/0835_overlay.png,/Users/kimsumin/projects/RGMC/data/map/robot22/masks/0835_mask.png
836,0.66,0.78125,0.0,243.36607142857142,308.6392572944297,1,0.0,0.07590889683104386,0.06751049376381961,1776279899.3011932,5,/Users/kimsumin/projects/RGMC/data/map/robot22/images/0836.png,/Users/kimsumin/projects/RGMC/data/map/robot22/overlays/0836_overlay.png,/Users/kimsumin/projects/RGMC/data/map/robot22/masks/0836_mask.png
837,0.63,0.78125,0.0,243.36813681368136,295.6070460704607,1,0.0,0.027669259268145067,0.04690616546199389,1776279909.2305632,5,/Users/kimsumin/projects/RGMC/data/map/robot22/images/0837.png,/Users/kimsumin/projects/RGMC/data/map/robot22/overlays/0837_overlay.png,/Users/kimsumin/projects/RGMC/data/map/robot22/masks/0837_mask.png
838,0.6,0.78125,0.0,243.31578947368422,281.6178790534619,1,0.0,0.05092443319066778,0.07812273900340803,1776279920.3962357,5,/Users/kimsumin/projects/RGMC/data/map/robot22/images/0838.png,/Users/kimsumin/projects/RGMC/data/map/robot22/overlays/0838_overlay.png,/Users/kimsumin/projects/RGMC/data/map/robot22/masks/0838_mask.png
839,0.5700000000000001,0.78125,0.0,243.28281938325992,268.4029850746269,1,0.0,0.03138324301940687,0.049287715824787616,1776279931.8628378,5,/Users/kimsumin/projects/RGMC/data/map/robot22/images/0839.png,/Users/kimsumin/projects/RGMC/data/map/robot22/overlays/0839_overlay.png,/Users/kimsumin/projects/RGMC/data/map/robot22/masks/0839_mask.png
840,0.54,0.78125,0.0,243.26048951048952,254.12717770034843,1,0.0,0.029661400844388966,0.04037506530624149,1776279945.1765873,5,/Users/kimsumin/projects/RGMC/data/map/robot22/images/0840.png,/Users/kimsumin/projects/RGMC/data/map/robot22/overlays/0840_overlay.png,/Users/kimsumin/projects/RGMC/data/map/robot22/masks/0840_mask.png
841,0.51,0.78125,0.0,243.25249772933697,240.2425068119891,1,0.0,0.31313839179632463,0.2001239989686779,1776279955.6509151,5,/Users/kimsumin/projects/RGMC/data/map/robot22/images/0841.png,/Users/kimsumin/projects/RGMC/data/map/robot22/overlays/0841_overlay.png,/Users/kimsumin/projects/RGMC/data/map/robot22/masks/0841_mask.png
842,0.48,0.78125,0.0,243.13793103448276,225.94091710758377,1,0.0,0.043589688193041105,0.3410141005662748,1776279965.6664946,5,/Users/kimsumin/projects/RGMC/data/map/robot22/images/0842.png,/Users/kimsumin/projects/RGMC/data/map/robot22/overlays/0842_overlay.png,/Users/kimsumin/projects/RGMC/data/map/robot22/masks/0842_mask.png
843,0.44999999999999996,0.78125,0.0,243.0691823899371,212.77358490566039,1,0.0,0.03258853638524538,0.09564545781453032,1776279976.4604335,5,/Users/kimsumin/projects/RGMC/data/map/robot22/images/0843.png,/Users/kimsumin/projects/RGMC/data/map/robot22/overlays/0843_overlay.png,/Users/kimsumin/projects/RGMC/data/map/robot22/masks/0843_mask.png
844,0.42000000000000004,0.78125,0.0,243.23636363636365,199.5209090909091,1,0.0,0.03318917468598956,0.04246926140977194,1776279986.3873885,5,/Users/kimsumin/projects/RGMC/data/map/robot22/images/0844.png,/Users/kimsumin/projects/RGMC/data/map/robot22/overlays/0844_overlay.png,/Users/kimsumin/projects/RGMC/data/map/robot22/masks/0844_mask.png
845,0.39,0.78125,0.0,243.0115864527629,185.63002680965147,1,0.0,0.09064417856652557,0.07226639276310871,1776279996.4349337,5,/Users/kimsumin/projects/RGMC/data/map/robot22/images/0845.png,/Users/kimsumin/projects/RGMC/data/map/robot22/overlays/0845_overlay.png,/Users/kimsumin/projects/RGMC/data/map/robot22/masks/0845_mask.png
846,0.36,0.78125,0.0,242.94288224956063,172.49622799664712,1,0.0,0.41866331666304635,0.06728687005663335,1776280007.248745,5,/Users/kimsumin/projects/RGMC/data/map/robot22/images/0846.png,/Users/kimsumin/projects/RGMC/data/map/robot22/overlays/0846_overlay.png,/Users/kimsumin/projects/RGMC/data/map/robot22/masks/0846_mask.png
847,0.32999999999999996,0.78125,0.0,242.02894736842106,159.27927146574154,1,0.0,0.05418121842863865,0.06458950713310481,1776280018.264108,5,/Users/kimsumin/projects/RGMC/data/map/robot22/images/0847.png,/Users/kimsumin/projects/RGMC/data/map/robot22/overlays/0847_overlay.png,/Users/kimsumin/projects/RGMC/data/map/robot22/masks/0847_mask.png
848,0.30000000000000004,0.78125,0.0,242.00170648464163,145.48497854077254,1,0.0,0.03553496705547539,0.055211526750659816,1776280031.2850666,5,/Users/kimsumin/projects/RGMC/data/map/robot22/images/0848.png,/Users/kimsumin/projects/RGMC/data/map/robot22/overlays/0848_overlay.png,/Users/kimsumin/projects/RGMC/data/map/robot22/masks/0848_mask.png
849,0.27,0.78125,0.0,242.04537671232876,132.19777397260273,1,0.0,0.04413331024257338,0.04172067925290304,1776280042.960366,5,/Users/kimsumin/projects/RGMC/data/map/robot22/images/0849.png,/Users/kimsumin/projects/RGMC/data/map/robot22/overlays/0849_overlay.png,/Users/kimsumin/projects/RGMC/data/map/robot22/masks/0849_mask.png
850,0.24,0.78125,0.0,241.95678478824547,118.90980052038161,1,0.0,0.04413613260882268,0.05230338193636254,1776280053.0810065,5,/Users/kimsumin/projects/RGMC/data/map/robot22/images/0850.png,/Users/kimsumin/projects/RGMC/data/map/robot22/overlays/0850_overlay.png,/Users/kimsumin/projects/RGMC/data/map/robot22/masks/0850_mask.png
851,0.21,0.78125,0.0,241.49832775919734,105.31270903010034,1,0.0,0.052011592889310676,0.06345552500244338,1776280063.1325219,5,/Users/kimsumin/projects/RGMC/data/map/robot22/images/0851.png,/Users/kimsumin/projects/RGMC/data/map/robot22/overlays/0851_overlay.png,/Users/kimsumin/projects/RGMC/data/map/robot22/masks/0851_mask.png
852,0.18,0.78125,0.0,241.4935952177626,91.89527896995708,1,0.0,0.06272703840115516,0.06112036752372755,1776280075.8992515,5,/Users/kimsumin/projects/RGMC/data/map/robot22/images/0852.png,/Users/kimsumin/projects/RGMC/data/map/robot22/overlays/0852_overlay.png,/Users/kimsumin/projects/RGMC/data/map/robot22/masks/0852_mask.png
853,0.15,0.78125,0.0,241.575456053068,77.7910447761194,1,0.0,0.03769306543408652,0.05357957553163742,1776280085.8097055,5,/Users/kimsumin/projects/RGMC/data/map/robot22/images/0853.png,/Users/kimsumin/projects/RGMC/data/map/robot22/overlays/0853_overlay.png,/Users/kimsumin/projects/RGMC/data/map/robot22/masks/0853_mask.png
854,0.12,0.78125,0.0,241.43076923076924,64.66296928327645,1,0.0,0.058145505408387414,0.044835725105247214,1776280096.3177195,5,/Users/kimsumin/projects/RGMC/data/map/robot22/images/0854.png,/Users/kimsumin/projects/RGMC/data/map/robot22/overlays/0854_overlay.png,/Users/kimsumin/projects/RGMC/data/map/robot22/masks/0854_mask.png
855,0.09,0.78125,0.0,241.60613810741688,50.309060118543606,1,0.0,0.07866205321167483,0.39349534781188916,1776280106.1183329,5,/Users/kimsumin/projects/RGMC/data/map/robot22/images/0855.png,/Users/kimsumin/projects/RGMC/data/map/robot22/overlays/0855_overlay.png,/Users/kimsumin/projects/RGMC/data/map/robot22/masks/0855_mask.png
856,0.06,0.78125,0.0,241.46286701208982,36.7979274611399,1,0.0,0.040717723439206786,0.10328666250709781,1776280116.0161278,5,/Users/kimsumin/projects/RGMC/data/map/robot22/images/0856.png,/Users/kimsumin/projects/RGMC/data/map/robot22/overlays/0856_overlay.png,/Users/kimsumin/projects/RGMC/data/map/robot22/masks/0856_mask.png
857,0.03,0.78125,0.0,241.38008658008658,23.251082251082252,1,0.0,0.04438610125954685,0.3050810146712061,1776280126.0241964,5,/Users/kimsumin/projects/RGMC/data/map/robot22/images/0857.png,/Users/kimsumin/projects/RGMC/data/map/robot22/overlays/0857_overlay.png,/Users/kimsumin/projects/RGMC/data/map/robot22/masks/0857_mask.png
858,0.03,0.8125,0.0,227.34642857142856,23.34375,1,0.0,0.02959387706786073,0.12182606088905998,1776280138.1952999,5,/Users/kimsumin/projects/RGMC/data/map/robot22/images/0858.png,/Users/kimsumin/projects/RGMC/data/map/robot22/overlays/0858_overlay.png,/Users/kimsumin/projects/RGMC/data/map/robot22/masks/0858_mask.png
859,0.06,0.8125,0.0,227.1820534943917,36.7736660929432,1,0.0,0.042090830125717085,0.06312851880145123,1776280148.3784316,5,/Users/kimsumin/projects/RGMC/data/map/robot22/images/0859.png,/Users/kimsumin/projects/RGMC/data/map/robot22/overlays/0859_overlay.png,/Users/kimsumin/projects/RGMC/data/map/robot22/masks/0859_mask.png
860,0.09,0.8125,0.0,227.02067183462532,50.08412017167382,1,0.0,0.2859507020589755,0.13753339365643216,1776280159.052691,5,/Users/kimsumin/projects/RGMC/data/map/robot22/images/0860.png,/Users/kimsumin/projects/RGMC/data/map/robot22/overlays/0860_overlay.png,/Users/kimsumin/projects/RGMC/data/map/robot22/masks/0860_mask.png
861,0.12,0.8125,0.0,227.29248658318426,63.75985663082437,1,0.0,0.03194863673143469,0.14329551878627897,1776280169.9697826,5,/Users/kimsumin/projects/RGMC/data/map/robot22/images/0861.png,/Users/kimsumin/projects/RGMC/data/map/robot22/overlays/0861_overlay.png,/Users/kimsumin/projects/RGMC/data/map/robot22/masks/0861_mask.png
862,0.15,0.8125,0.0,227.3530950305144,77.26431718061674,1,0.0,0.007780458212077172,0.07126539085370363,1776280179.872322,5,/Users/kimsumin/projects/RGMC/data/map/robot22/images/0862.png,/Users/kimsumin/projects/RGMC/data/map/robot22/overlays/0862_overlay.png,/Users/kimsumin/projects/RGMC/data/map/robot22/masks/0862_mask.png
863,0.18,0.8125,0.0,227.32214156079854,91.4516711833785,1,0.0,0.06391057472426626,0.06424196412906108,1776280192.8859994,5,/Users/kimsumin/projects/RGMC/data/map/robot22/images/0863.png,/Users/kimsumin/projects/RGMC/data/map/robot22/overlays/0863_overlay.png,/Users/kimsumin/projects/RGMC/data/map/robot22/masks/0863_mask.png
864,0.21,0.8125,0.0,227.3904593639576,104.61754385964912,1,0.0,0.06022363195028247,0.041396063863918586,1776280202.7677455,5,/Users/kimsumin/projects/RGMC/data/map/robot22/images/0864.png,/Users/kimsumin/projects/RGMC/data/map/robot22/overlays/0864_overlay.png,/Users/kimsumin/projects/RGMC/data/map/robot22/masks/0864_mask.png
865,0.24,0.8125,0.0,227.65616561656165,118.73703366696998,1,0.0,0.05540008744092975,0.027684233206483628,1776280212.6466064,5,/Users/kimsumin/projects/RGMC/data/map/robot22/images/0865.png,/Users/kimsumin/projects/RGMC/data/map/robot22/overlays/0865_overlay.png,/Users/kimsumin/projects/RGMC/data/map/robot22/masks/0865_mask.png
866,0.27,0.8125,0.0,227.6342105263158,131.48904469763366,1,0.0,0.08123942363821597,0.04138601312883057,1776280222.6453197,5,/Users/kimsumin/projects/RGMC/data/map/robot22/images/0866.png,/Users/kimsumin/projects/RGMC/data/map/robot22/overlays/0866_overlay.png,/Users/kimsumin/projects/RGMC/data/map/robot22/masks/0866_mask.png
867,0.30000000000000004,0.8125,0.0,227.6364428945074,145.17102966841188,1,0.0,0.05734194768442336,0.042329243449866466,1776280233.0324066,5,/Users/kimsumin/projects/RGMC/data/map/robot22/images/0867.png,/Users/kimsumin/projects/RGMC/data/map/robot22/overlays/0867_overlay.png,/Users/kimsumin/projects/RGMC/data/map/robot22/masks/0867_mask.png
868,0.32999999999999996,0.8125,0.0,227.62363636363636,158.97549909255898,1,0.0,0.05360159137847516,0.06028603331149425,1776280243.0673802,5,/Users/kimsumin/projects/RGMC/data/map/robot22/images/0868.png,/Users/kimsumin/projects/RGMC/data/map/robot22/overlays/0868_overlay.png,/Users/kimsumin/projects/RGMC/data/map/robot22/masks/0868_mask.png
869,0.36,0.8125,0.0,227.5585344057194,171.98123324396784,1,0.0,0.026654414220849364,0.02645997692628563,1776280252.9229214,5,/Users/kimsumin/projects/RGMC/data/map/robot22/images/0869.png,/Users/kimsumin/projects/RGMC/data/map/robot22/overlays/0869_overlay.png,/Users/kimsumin/projects/RGMC/data/map/robot22/masks/0869_mask.png
870,0.39,0.8125,0.0,227.46233766233766,185.49006050129645,1,0.0,0.06013785227779758,0.06350722039462045,1776280263.1093,5,/Users/kimsumin/projects/RGMC/data/map/robot22/images/0870.png,/Users/kimsumin/projects/RGMC/data/map/robot22/overlays/0870_overlay.png,/Users/kimsumin/projects/RGMC/data/map/robot22/masks/0870_mask.png
871,0.42000000000000004,0.8125,0.0,227.75202885482418,199.33574007220216,1,0.0,0.010592272618409625,0.012391788847774662,1776280273.443434,5,/Users/kimsumin/projects/RGMC/data/map/robot22/images/0871.png,/Users/kimsumin/projects/RGMC/data/map/robot22/overlays/0871_overlay.png,/Users/kimsumin/projects/RGMC/data/map/robot22/masks/0871_mask.png
872,0.44999999999999996,0.8125,0.0,227.88,212.5544642857143,1,0.0,0.21984619988826454,0.0947086981104013,1776280283.4643643,5,/Users/kimsumin/projects/RGMC/data/map/robot22/images/0872.png,/Users/kimsumin/projects/RGMC/data/map/robot22/overlays/0872_overlay.png,/Users/kimsumin/projects/RGMC/data/map/robot22/masks/0872_mask.png
873,0.48,0.8125,0.0,228.11020776874435,225.77727682596935,1,0.0,0.056151991628888225,0.031775076307419284,1776280295.0740752,5,/Users/kimsumin/projects/RGMC/data/map/robot22/images/0873.png,/Users/kimsumin/projects/RGMC/data/map/robot22/overlays/0873_overlay.png,/Users/kimsumin/projects/RGMC/data/map/robot22/masks/0873_mask.png
874,0.51,0.8125,0.0,228.1187669990934,239.93914623069935,1,0.0,0.07110037781602778,0.10201948218651033,1776280305.0552356,5,/Users/kimsumin/projects/RGMC/data/map/robot22/images/0874.png,/Users/kimsumin/projects/RGMC/data/map/robot22/overlays/0874_overlay.png,/Users/kimsumin/projects/RGMC/data/map/robot22/masks/0874_mask.png
875,0.54,0.8125,0.0,228.12852112676057,253.57482394366198,1,0.0,0.024811300691160425,0.04218357948863184,1776280314.9349146,5,/Users/kimsumin/projects/RGMC/data/map/robot22/images/0875.png,/Users/kimsumin/projects/RGMC/data/map/robot22/overlays/0875_overlay.png,/Users/kimsumin/projects/RGMC/data/map/robot22/masks/0875_mask.png
876,0.5700000000000001,0.8125,0.0,228.22597864768684,267.94395017793596,1,0.0,0.24761426778111034,0.0959530899308664,1776280324.9329853,5,/Users/kimsumin/projects/RGMC/data/map/robot22/images/0876.png,/Users/kimsumin/projects/RGMC/data/map/robot22/overlays/0876_overlay.png,/Users/kimsumin/projects/RGMC/data/map/robot22/masks/0876_mask.png
877,0.6,0.8125,0.0,228.48936170212767,281.21758436944936,1,0.0,0.028976175929231424,0.05001738274328386,1776280335.6219695,5,/Users/kimsumin/projects/RGMC/data/map/robot22/images/0877.png,/Users/kimsumin/projects/RGMC/data/map/robot22/overlays/0877_overlay.png,/Users/kimsumin/projects/RGMC/data/map/robot22/masks/0877_mask.png
878,0.63,0.8125,0.0,228.87301587301587,295.10044052863435,1,0.0,0.025813152274878876,0.038935290518959255,1776280348.443063,5,/Users/kimsumin/projects/RGMC/data/map/robot22/images/0878.png,/Users/kimsumin/projects/RGMC/data/map/robot22/overlays/0878_overlay.png,/Users/kimsumin/projects/RGMC/data/map/robot22/masks/0878_mask.png
879,0.66,0.8125,0.0,228.19514388489208,308.2821203953279,1,0.0,0.03107985131790432,0.01700776049323993,1776280360.5439475,5,/Users/kimsumin/projects/RGMC/data/map/robot22/images/0879.png,/Users/kimsumin/projects/RGMC/data/map/robot22/overlays/0879_overlay.png,/Users/kimsumin/projects/RGMC/data/map/robot22/masks/0879_mask.png
880,0.69,0.8125,0.0,228.28371278458843,322.0470793374019,1,0.0,0.336991692506615,0.06290677487936062,1776280370.6189613,5,/Users/kimsumin/projects/RGMC/data/map/robot22/images/0880.png,/Users/kimsumin/projects/RGMC/data/map/robot22/overlays/0880_overlay.png,/Users/kimsumin/projects/RGMC/data/map/robot22/masks/0880_mask.png
881,0.72,0.8125,0.0,228.23593466424683,336.1523118766999,1,0.0,0.010941655348022113,0.02229203095726076,1776280380.692482,5,/Users/kimsumin/projects/RGMC/data/map/robot22/images/0881.png,/Users/kimsumin/projects/RGMC/data/map/robot22/overlays/0881_overlay.png,/Users/kimsumin/projects/RGMC/data/map/robot22/masks/0881_mask.png
882,0.75,0.8125,0.0,228.94334763948498,349.56995708154506,1,0.0,0.04391802085436138,0.03869064167230389,1776280391.0172884,5,/Users/kimsumin/projects/RGMC/data/map/robot22/images/0882.png,/Users/kimsumin/projects/RGMC/data/map/robot22/overlays/0882_overlay.png,/Users/kimsumin/projects/RGMC/data/map/robot22/masks/0882_mask.png
883,0.78,0.8125,0.0,228.9631217838765,364.15627668659266,1,0.0,0.05682743643238168,0.026646488801256262,1776280401.745816,5,/Users/kimsumin/projects/RGMC/data/map/robot22/images/0883.png,/Users/kimsumin/projects/RGMC/data/map/robot22/overlays/0883_overlay.png,/Users/kimsumin/projects/RGMC/data/map/robot22/masks/0883_mask.png
884,0.81,0.8125,0.0,228.29380993897124,377.75307557117753,1,0.0,0.04250985601686545,0.06070851226378517,1776280412.036241,5,/Users/kimsumin/projects/RGMC/data/map/robot22/images/0884.png,/Users/kimsumin/projects/RGMC/data/map/robot22/overlays/0884_overlay.png,/Users/kimsumin/projects/RGMC/data/map/robot22/masks/0884_mask.png
885,0.84,0.8125,0.0,228.9164490861619,391.4877161055505,1,0.0,0.3063815411002573,0.09447682302553523,1776280423.2184587,5,/Users/kimsumin/projects/RGMC/data/map/robot22/images/0885.png,/Users/kimsumin/projects/RGMC/data/map/robot22/overlays/0885_overlay.png,/Users/kimsumin/projects/RGMC/data/map/robot22/masks/0885_mask.png
886,0.87,0.8125,0.0,229.05194805194805,404.8909090909091,1,0.0,0.28724655485946254,0.05451612796247848,1776280434.82751,5,/Users/kimsumin/projects/RGMC/data/map/robot22/images/0886.png,/Users/kimsumin/projects/RGMC/data/map/robot22/overlays/0886_overlay.png,/Users/kimsumin/projects/RGMC/data/map/robot22/masks/0886_mask.png
887,0.9,0.8125,0.0,228.97842968075926,418.1742160278746,1,0.0,0.03493802481967975,0.07775694619643102,1776280446.2138035,5,/Users/kimsumin/projects/RGMC/data/map/robot22/images/0887.png,/Users/kimsumin/projects/RGMC/data/map/robot22/overlays/0887_overlay.png,/Users/kimsumin/projects/RGMC/data/map/robot22/masks/0887_mask.png
888,0.9299999999999999,0.8125,0.0,228.30899376669635,432.1847246891652,1,0.0,0.020046846775074314,0.08525822431089174,1776280459.8380513,5,/Users/kimsumin/projects/RGMC/data/map/robot22/images/0888.png,/Users/kimsumin/projects/RGMC/data/map/robot22/overlays/0888_overlay.png,/Users/kimsumin/projects/RGMC/data/map/robot22/masks/0888_mask.png
889,0.96,0.8125,0.0,229.02085143353605,445.6062176165803,1,0.0,0.21188168208229585,0.07083035625726293,1776280470.08103,5,/Users/kimsumin/projects/RGMC/data/map/robot22/images/0889.png,/Users/kimsumin/projects/RGMC/data/map/robot22/overlays/0889_overlay.png,/Users/kimsumin/projects/RGMC/data/map/robot22/masks/0889_mask.png
890,0.99,0.8125,0.0,230.00645756457564,459.7850553505535,1,0.0,0.49028326741215994,0.07011680546471903,1776280480.2343254,5,/Users/kimsumin/projects/RGMC/data/map/robot22/images/0890.png,/Users/kimsumin/projects/RGMC/data/map/robot22/overlays/0890_overlay.png,/Users/kimsumin/projects/RGMC/data/map/robot22/masks/0890_mask.png
891,0.99,0.84375,0.0,215.22660550458716,459.9117100371747,1,0.0,0.06283175164128155,0.014491446267316641,1776280490.6557276,5,/Users/kimsumin/projects/RGMC/data/map/robot22/images/0891.png,/Users/kimsumin/projects/RGMC/data/map/robot22/overlays/0891_overlay.png,/Users/kimsumin/projects/RGMC/data/map/robot22/masks/0891_mask.png
892,0.96,0.84375,0.0,215.0535236396075,446.3336306868867,1,0.0,0.08044367735217384,0.3886663833494053,1776280500.5128722,5,/Users/kimsumin/projects/RGMC/data/map/robot22/images/0892.png,/Users/kimsumin/projects/RGMC/data/map/robot22/overlays/0892_overlay.png,/Users/kimsumin/projects/RGMC/data/map/robot22/masks/0892_mask.png
893,0.9299999999999999,0.84375,0.0,214.8507462686567,432.9089316987741,1,0.0,0.03306956039422852,0.025060232818205554,1776280513.5727477,5,/Users/kimsumin/projects/RGMC/data/map/robot22/images/0893.png,/Users/kimsumin/projects/RGMC/data/map/robot22/overlays/0893_overlay.png,/Users/kimsumin/projects/RGMC/data/map/robot22/masks/0893_mask.png
894,0.9,0.84375,0.0,214.95255474452554,419.5031905195989,1,0.0,0.03485274895321894,0.0688532776882378,1776280524.5869386,5,/Users/kimsumin/projects/RGMC/data/map/robot22/images/0894.png,/Users/kimsumin/projects/RGMC/data/map/robot22/overlays/0894_overlay.png,/Users/kimsumin/projects/RGMC/data/map/robot22/masks/0894_mask.png
895,0.87,0.84375,0.0,214.90339892665475,405.5298840321142,1,0.0,0.02165048592033506,0.055303166555861316,1776280536.2208798,5,/Users/kimsumin/projects/RGMC/data/map/robot22/images/0895.png,/Users/kimsumin/projects/RGMC/data/map/robot22/overlays/0895_overlay.png,/Users/kimsumin/projects/RGMC/data/map/robot22/masks/0895_mask.png
896,0.84,0.84375,0.0,214.17558528428094,392.7365771812081,1,0.0,0.04304602726038865,0.05401926175985725,1776280547.4671426,5,/Users/kimsumin/projects/RGMC/data/map/robot22/images/0896.png,/Users/kimsumin/projects/RGMC/data/map/robot22/overlays/0896_overlay.png,/Users/kimsumin/projects/RGMC/data/map/robot22/masks/0896_mask.png
897,0.81,0.84375,0.0,214.89818181818183,379.16818181818184,1,0.0,0.020012702115709838,0.32641419762048923,1776280558.1707234,5,/Users/kimsumin/projects/RGMC/data/map/robot22/images/0897.png,/Users/kimsumin/projects/RGMC/data/map/robot22/overlays/0897_overlay.png,/Users/kimsumin/projects/RGMC/data/map/robot22/masks/0897_mask.png
898,0.78,0.84375,0.0,214.98053097345132,364.80353982300886,1,0.0,0.046365672091437944,0.055497349591984,1776280571.9038107,5,/Users/kimsumin/projects/RGMC/data/map/robot22/images/0898.png,/Users/kimsumin/projects/RGMC/data/map/robot22/overlays/0898_overlay.png,/Users/kimsumin/projects/RGMC/data/map/robot22/masks/0898_mask.png
899,0.75,0.84375,0.0,214.85621521335807,351.0537534754402,1,0.0,0.04694485745699587,0.023661190565186365,1776280583.7873287,5,/Users/kimsumin/projects/RGMC/data/map/robot22/images/0899.png,/Users/kimsumin/projects/RGMC/data/map/robot22/overlays/0899_overlay.png,/Users/kimsumin/projects/RGMC/data/map/robot22/masks/0899_mask.png
900,0.72,0.84375,0.0,214.18244406196214,337.236660929432,1,0.0,0.0351633045492073,0.03649994309438049,1776280593.658633,5,/Users/kimsumin/projects/RGMC/data/map/robot22/images/0900.png,/Users/kimsumin/projects/RGMC/data/map/robot22/overlays/0900_overlay.png,/Users/kimsumin/projects/RGMC/data/map/robot22/masks/0900_mask.png
901,0.69,0.84375,0.0,214.80730593607305,323.40070609002646,1,0.0,0.3484047384808376,0.04132702502050318,1776280604.5625188,5,/Users/kimsumin/projects/RGMC/data/map/robot22/images/0901.png,/Users/kimsumin/projects/RGMC/data/map/robot22/overlays/0901_overlay.png,/Users/kimsumin/projects/RGMC/data/map/robot22/masks/0901_mask.png
902,0.66,0.84375,0.0,213.99137931034483,308.80500894454383,1,0.0,0.40286110991234936,0.040393371797388146,1776280614.4420664,5,/Users/kimsumin/projects/RGMC/data/map/robot22/images/0902.png,/Users/kimsumin/projects/RGMC/data/map/robot22/overlays/0902_overlay.png,/Users/kimsumin/projects/RGMC/data/map/robot22/masks/0902_mask.png
903,0.63,0.84375,0.0,214.30769230769232,295.68355555555553,1,0.0,0.05334713614898834,0.031199772504984874,1776280624.5180025,5,/Users/kimsumin/projects/RGMC/data/map/robot22/images/0903.png,/Users/kimsumin/projects/RGMC/data/map/robot22/overlays/0903_overlay.png,/Users/kimsumin/projects/RGMC/data/map/robot22/masks/0903_mask.png
904,0.6,0.84375,0.0,214.14567266495288,281.63023057216054,1,0.0,0.02480318281721212,0.03644817750485988,1776280634.4341707,5,/Users/kimsumin/projects/RGMC/data/map/robot22/images/0904.png,/Users/kimsumin/projects/RGMC/data/map/robot22/overlays/0904_overlay.png,/Users/kimsumin/projects/RGMC/data/map/robot22/masks/0904_mask.png
905,0.5700000000000001,0.84375,0.0,215.0389492753623,268.03629764065334,1,0.0,0.0362616867456844,0.11055634504410934,1776280644.6783092,5,/Users/kimsumin/projects/RGMC/data/map/robot22/images/0905.png,/Users/kimsumin/projects/RGMC/data/map/robot22/overlays/0905_overlay.png,/Users/kimsumin/projects/RGMC/data/map/robot22/masks/0905_mask.png
906,0.54,0.84375,0.0,214.7368896925859,255.1789375582479,1,0.0,0.3473891988145414,0.4352206098346724,1776280654.7971237,5,/Users/kimsumin/projects/RGMC/data/map/robot22/images/0906.png,/Users/kimsumin/projects/RGMC/data/map/robot22/overlays/0906_overlay.png,/Users/kimsumin/projects/RGMC/data/map/robot22/masks/0906_mask.png
907,0.51,0.84375,0.0,214.8802177858439,240.9939024390244,1,0.0,0.303495318464959,0.03627322212397149,1776280665.3923497,5,/Users/kimsumin/projects/RGMC/data/map/robot22/images/0907.png,/Users/kimsumin/projects/RGMC/data/map/robot22/overlays/0907_overlay.png,/Users/kimsumin/projects/RGMC/data/map/robot22/masks/0907_mask.png
908,0.48,0.84375,0.0,214.6088464874241,226.46053772766695,1,0.0,0.03861235792303851,0.3776803207031211,1776280676.6296904,5,/Users/kimsumin/projects/RGMC/data/map/robot22/images/0908.png,/Users/kimsumin/projects/RGMC/data/map/robot22/overlays/0908_overlay.png,/Users/kimsumin/projects/RGMC/data/map/robot22/masks/0908_mask.png
909,0.44999999999999996,0.84375,0.0,214.62111801242236,213.54787234042553,1,0.0,0.3361580793551468,0.1416573064857894,1776280689.1402423,5,/Users/kimsumin/projects/RGMC/data/map/robot22/images/0909.png,/Users/kimsumin/projects/RGMC/data/map/robot22/overlays/0909_overlay.png,/Users/kimsumin/projects/RGMC/data/map/robot22/masks/0909_mask.png
910,0.42000000000000004,0.84375,0.0,213.78608695652173,200.0513043478261,1,0.0,0.0358488484351179,0.022160905401983694,1776280700.9359732,5,/Users/kimsumin/projects/RGMC/data/map/robot22/images/0910.png,/Users/kimsumin/projects/RGMC/data/map/robot22/overlays/0910_overlay.png,/Users/kimsumin/projects/RGMC/data/map/robot22/masks/0910_mask.png
911,0.39,0.84375,0.0,213.36348547717841,187.08892763731473,1,0.0,0.056714167469767304,0.40983486919743856,1776280711.2190707,5,/Users/kimsumin/projects/RGMC/data/map/robot22/images/0911.png,/Users/kimsumin/projects/RGMC/data/map/robot22/overlays/0911_overlay.png,/Users/kimsumin/projects/RGMC/data/map/robot22/masks/0911_mask.png
912,0.36,0.84375,0.0,213.45112781954887,172.97173732335827,1,0.0,0.052487908203437746,0.07714261411634568,1776280721.5463285,5,/Users/kimsumin/projects/RGMC/data/map/robot22/images/0912.png,/Users/kimsumin/projects/RGMC/data/map/robot22/overlays/0912_overlay.png,/Users/kimsumin/projects/RGMC/data/map/robot22/masks/0912_mask.png
913,0.32999999999999996,0.84375,0.0,213.54900260190806,159.4335360556038,1,0.0,0.07304533289395936,0.05390241840933806,1776280731.9046316,5,/Users/kimsumin/projects/RGMC/data/map/robot22/images/0913.png,/Users/kimsumin/projects/RGMC/data/map/robot22/overlays/0913_overlay.png,/Users/kimsumin/projects/RGMC/data/map/robot22/masks/0913_mask.png
914,0.30000000000000004,0.84375,0.0,213.49196956889264,145.82248520710058,1,0.0,0.06779765540485032,0.106819341846919,1776280742.1781049,5,/Users/kimsumin/projects/RGMC/data/map/robot22/images/0914.png,/Users/kimsumin/projects/RGMC/data/map/robot22/overlays/0914_overlay.png,/Users/kimsumin/projects/RGMC/data/map/robot22/masks/0914_mask.png
915,0.27,0.84375,0.0,213.58693808312128,132.1718882303133,1,0.0,0.06909481366764975,0.15569398013034003,1776280754.0316656,5,/Users/kimsumin/projects/RGMC/data/map/robot22/images/0915.png,/Users/kimsumin/projects/RGMC/data/map/robot22/overlays/0915_overlay.png,/Users/kimsumin/projects/RGMC/data/map/robot22/masks/0915_mask.png
916,0.24,0.84375,0.0,213.78333333333333,118.87631578947368,1,0.0,0.06046530509481964,0.030370678631232655,1776280763.7798216,5,/Users/kimsumin/projects/RGMC/data/map/robot22/images/0916.png,/Users/kimsumin/projects/RGMC/data/map/robot22/overlays/0916_overlay.png,/Users/kimsumin/projects/RGMC/data/map/robot22/masks/0916_mask.png
917,0.21,0.84375,0.0,213.44273504273505,104.68034188034189,1,0.0,0.03630389045275287,0.04328788461774402,1776280774.6295395,5,/Users/kimsumin/projects/RGMC/data/map/robot22/images/0917.png,/Users/kimsumin/projects/RGMC/data/map/robot22/overlays/0917_overlay.png,/Users/kimsumin/projects/RGMC/data/map/robot22/masks/0917_mask.png
918,0.18,0.84375,0.0,213.14912280701753,91.64577893820713,1,0.0,0.10771894672060801,0.06111637100322681,1776280791.0170155,5,/Users/kimsumin/projects/RGMC/data/map/robot22/images/0918.png,/Users/kimsumin/projects/RGMC/data/map/robot22/overlays/0918_overlay.png,/Users/kimsumin/projects/RGMC/data/map/robot22/masks/0918_mask.png
919,0.15,0.84375,0.0,213.23056994818654,77.90248075278015,1,0.0,0.10195460837614109,0.028554979939428002,1776280801.010726,5,/Users/kimsumin/projects/RGMC/data/map/robot22/images/0919.png,/Users/kimsumin/projects/RGMC/data/map/robot22/overlays/0919_overlay.png,/Users/kimsumin/projects/RGMC/data/map/robot22/masks/0919_mask.png
920,0.12,0.84375,0.0,212.8278201865988,64.45316681534344,1,0.0,0.3495124493941481,0.06952635309730065,1776280810.9076543,5,/Users/kimsumin/projects/RGMC/data/map/robot22/images/0920.png,/Users/kimsumin/projects/RGMC/data/map/robot22/overlays/0920_overlay.png,/Users/kimsumin/projects/RGMC/data/map/robot22/masks/0920_mask.png
921,0.09,0.84375,0.0,212.81436077057793,51.063533507397736,1,0.0,0.0656502177191254,0.02967251972589453,1776280820.8535657,5,/Users/kimsumin/projects/RGMC/data/map/robot22/images/0921.png,/Users/kimsumin/projects/RGMC/data/map/robot22/overlays/0921_overlay.png,/Users/kimsumin/projects/RGMC/data/map/robot22/masks/0921_mask.png
922,0.06,0.84375,0.0,212.90397350993376,37.4271523178808,1,0.0,0.06134983636667629,0.06800594103168361,1776280830.8736181,5,/Users/kimsumin/projects/RGMC/data/map/robot22/images/0922.png,/Users/kimsumin/projects/RGMC/data/map/robot22/overlays/0922_overlay.png,/Users/kimsumin/projects/RGMC/data/map/robot22/masks/0922_mask.png
923,0.03,0.84375,0.0,212.9428327645051,23.737789203084834,1,0.0,0.06421596108589614,0.06763867775134139,1776280840.79397,5,/Users/kimsumin/projects/RGMC/data/map/robot22/images/0923.png,/Users/kimsumin/projects/RGMC/data/map/robot22/overlays/0923_overlay.png,/Users/kimsumin/projects/RGMC/data/map/robot22/masks/0923_mask.png
924,0.03,0.875,0.0,197.98328935795953,23.47581354441513,1,0.0,0.09475895833161956,0.07322076624754506,1776280853.1785104,5,/Users/kimsumin/projects/RGMC/data/map/robot22/images/0924.png,/Users/kimsumin/projects/RGMC/data/map/robot22/overlays/0924_overlay.png,/Users/kimsumin/projects/RGMC/data/map/robot22/masks/0924_mask.png
925,0.06,0.875,0.0,198.6253321523472,36.46654772524532,1,0.0,0.03670546073066479,0.07305803731572537,1776280863.190927,5,/Users/kimsumin/projects/RGMC/data/map/robot22/images/0925.png,/Users/kimsumin/projects/RGMC/data/map/robot22/overlays/0925_overlay.png,/Users/kimsumin/projects/RGMC/data/map/robot22/masks/0925_mask.png
926,0.09,0.875,0.0,198.69266055045873,50.79297597042514,1,0.0,0.023163588287455412,0.025687650398597217,1776280873.0403774,5,/Users/kimsumin/projects/RGMC/data/map/robot22/images/0926.png,/Users/kimsumin/projects/RGMC/data/map/robot22/overlays/0926_overlay.png,/Users/kimsumin/projects/RGMC/data/map/robot22/masks/0926_mask.png
927,0.12,0.875,0.0,198.64135407136322,63.70265324794145,1,0.0,0.05891562725315648,0.06275358821575563,1776280884.226197,5,/Users/kimsumin/projects/RGMC/data/map/robot22/images/0927.png,/Users/kimsumin/projects/RGMC/data/map/robot22/overlays/0927_overlay.png,/Users/kimsumin/projects/RGMC/data/map/robot22/masks/0927_mask.png
928,0.15,0.875,0.0,198.88718411552347,77.07699358386802,1,0.0,0.07131217753669239,0.04910004255246132,1776280894.1242256,5,/Users/kimsumin/projects/RGMC/data/map/robot22/images/0928.png,/Users/kimsumin/projects/RGMC/data/map/robot22/overlays/0928_overlay.png,/Users/kimsumin/projects/RGMC/data/map/robot22/masks/0928_mask.png
929,0.18,0.875,0.0,199.1361587015329,91.41382405745063,1,0.0,0.04629313175458152,0.029316664834672584,1776280904.254046,5,/Users/kimsumin/projects/RGMC/data/map/robot22/images/0929.png,/Users/kimsumin/projects/RGMC/data/map/robot22/overlays/0929_overlay.png,/Users/kimsumin/projects/RGMC/data/map/robot22/masks/0929_mask.png
930,0.21,0.875,0.0,199.165770609319,104.28352835283529,1,0.0,0.0727043326344468,0.09914758803144613,1776280914.3289614,5,/Users/kimsumin/projects/RGMC/data/map/robot22/images/0930.png,/Users/kimsumin/projects/RGMC/data/map/robot22/overlays/0930_overlay.png,/Users/kimsumin/projects/RGMC/data/map/robot22/masks/0930_mask.png
931,0.24,0.875,0.0,199.22849213691026,118.57592592592593,1,0.0,0.022347951172684174,0.03361958998722528,1776280928.507926,5,/Users/kimsumin/projects/RGMC/data/map/robot22/images/0931.png,/Users/kimsumin/projects/RGMC/data/map/robot22/overlays/0931_overlay.png,/Users/kimsumin/projects/RGMC/data/map/robot22/masks/0931_mask.png
932,0.27,0.875,0.0,199.41696113074204,132.0625,1,0.0,0.02281278236467684,0.0433605900333655,1776280938.607154,5,/Users/kimsumin/projects/RGMC/data/map/robot22/images/0932.png,/Users/kimsumin/projects/RGMC/data/map/robot22/overlays/0932_overlay.png,/Users/kimsumin/projects/RGMC/data/map/robot22/masks/0932_mask.png
933,0.30000000000000004,0.875,0.0,199.1954425942156,145.54697102721687,1,0.0,0.06639810649102275,0.06245010855748579,1776280949.23204,5,/Users/kimsumin/projects/RGMC/data/map/robot22/images/0933.png,/Users/kimsumin/projects/RGMC/data/map/robot22/overlays/0933_overlay.png,/Users/kimsumin/projects/RGMC/data/map/robot22/masks/0933_mask.png
934,0.32999999999999996,0.875,0.0,198.96675651392633,159.09329710144928,1,0.0,0.04366704038105758,0.39289203063434663,1776280962.138956,5,/Users/kimsumin/projects/RGMC/data/map/robot22/images/0934.png,/Users/kimsumin/projects/RGMC/data/map/robot22/overlays/0934_overlay.png,/Users/kimsumin/projects/RGMC/data/map/robot22/masks/0934_mask.png
935,0.36,0.875,0.0,199.0897212543554,172.54821894005212,1,0.0,0.03791621043180291,0.02543796311081959,1776280972.7672715,5,/Users/kimsumin/projects/RGMC/data/map/robot22/images/0935.png,/Users/kimsumin/projects/RGMC/data/map/robot22/overlays/0935_overlay.png,/Users/kimsumin/projects/RGMC/data/map/robot22/masks/0935_mask.png
936,0.39,0.875,0.0,198.86099410278013,185.82630691399663,1,0.0,0.06220044898130526,0.041872526056009184,1776280984.0584805,5,/Users/kimsumin/projects/RGMC/data/map/robot22/images/0936.png,/Users/kimsumin/projects/RGMC/data/map/robot22/overlays/0936_overlay.png,/Users/kimsumin/projects/RGMC/data/map/robot22/masks/0936_mask.png
937,0.42000000000000004,0.875,0.0,199.18505338078293,199.65627782724843,1,0.0,0.05408572242796174,0.04593108210512653,1776280994.6454895,5,/Users/kimsumin/projects/RGMC/data/map/robot22/images/0937.png,/Users/kimsumin/projects/RGMC/data/map/robot22/overlays/0937_overlay.png,/Users/kimsumin/projects/RGMC/data/map/robot22/masks/0937_mask.png
938,0.44999999999999996,0.875,0.0,199.12869565217392,213.50782608695653,1,0.0,0.05737771038045922,0.05259278927161862,1776281005.762672,5,/Users/kimsumin/projects/RGMC/data/map/robot22/images/0938.png,/Users/kimsumin/projects/RGMC/data/map/robot22/overlays/0938_overlay.png,/Users/kimsumin/projects/RGMC/data/map/robot22/masks/0938_mask.png
939,0.48,0.875,0.0,199.41310043668122,226.2288209606987,1,0.0,0.03619892659139647,0.40352399191031435,1776281017.8167572,5,/Users/kimsumin/projects/RGMC/data/map/robot22/images/0939.png,/Users/kimsumin/projects/RGMC/data/map/robot22/overlays/0939_overlay.png,/Users/kimsumin/projects/RGMC/data/map/robot22/masks/0939_mask.png
940,0.51,0.875,0.0,199.6094182825485,240.48482060717572,1,0.0,0.05568901789550871,0.07705709578538492,1776281028.4594438,5,/Users/kimsumin/projects/RGMC/data/map/robot22/images/0940.png,/Users/kimsumin/projects/RGMC/data/map/robot22/overlays/0940_overlay.png,/Users/kimsumin/projects/RGMC/data/map/robot22/masks/0940_mask.png
941,0.54,0.875,0.0,199.63245614035088,254.00964912280702,1,0.0,0.15576248225527953,0.10023493369491213,1776281039.28482,5,/Users/kimsumin/projects/RGMC/data/map/robot22/images/0941.png,/Users/kimsumin/projects/RGMC/data/map/robot22/overlays/0941_overlay.png,/Users/kimsumin/projects/RGMC/data/map/robot22/masks/0941_mask.png
942,0.5700000000000001,0.875,0.0,200.4568888888889,267.69677996422183,1,0.0,0.05453803494122155,0.017672349810314087,1776281049.8008025,5,/Users/kimsumin/projects/RGMC/data/map/robot22/images/0942.png,/Users/kimsumin/projects/RGMC/data/map/robot22/overlays/0942_overlay.png,/Users/kimsumin/projects/RGMC/data/map/robot22/masks/0942_mask.png
943,0.6,0.875,0.0,200.5424321959755,281.50391644908615,1,0.0,0.08809450443097121,0.08480780455586139,1776281064.2043338,5,/Users/kimsumin/projects/RGMC/data/map/robot22/images/0943.png,/Users/kimsumin/projects/RGMC/data/map/robot22/overlays/0943_overlay.png,/Users/kimsumin/projects/RGMC/data/map/robot22/masks/0943_mask.png
944,0.63,0.875,0.0,199.83501374885427,295.4857405703772,1,0.0,0.24105059892259,0.05483528997636939,1776281076.677636,5,/Users/kimsumin/projects/RGMC/data/map/robot22/images/0944.png,/Users/kimsumin/projects/RGMC/data/map/robot22/overlays/0944_overlay.png,/Users/kimsumin/projects/RGMC/data/map/robot22/masks/0944_mask.png
945,0.66,0.875,0.0,199.9013698630137,308.4328767123288,1,0.0,0.038294902411824844,0.06251848529583634,1776281086.739928,5,/Users/kimsumin/projects/RGMC/data/map/robot22/images/0945.png,/Users/kimsumin/projects/RGMC/data/map/robot22/overlays/0945_overlay.png,/Users/kimsumin/projects/RGMC/data/map/robot22/masks/0945_mask.png
946,0.69,0.875,0.0,199.71113155473782,323.1021159153634,1,0.0,0.03518816865241654,0.0332668868858159,1776281097.4822176,5,/Users/kimsumin/projects/RGMC/data/map/robot22/images/0946.png,/Users/kimsumin/projects/RGMC/data/map/robot22/overlays/0946_overlay.png,/Users/kimsumin/projects/RGMC/data/map/robot22/masks/0946_mask.png
947,0.72,0.875,0.0,199.62577228596646,336.9137323943662,1,0.0,0.05347721929674674,0.0292675993753301,1776281108.1854336,5,/Users/kimsumin/projects/RGMC/data/map/robot22/images/0947.png,/Users/kimsumin/projects/RGMC/data/map/robot22/overlays/0947_overlay.png,/Users/kimsumin/projects/RGMC/data/map/robot22/masks/0947_mask.png
948,0.75,0.875,0.0,199.79079861111111,350.4140625,1,0.0,0.03986867796999091,0.04481009941285284,1776281119.701729,5,/Users/kimsumin/projects/RGMC/data/map/robot22/images/0948.png,/Users/kimsumin/projects/RGMC/data/map/robot22/overlays/0948_overlay.png,/Users/kimsumin/projects/RGMC/data/map/robot22/masks/0948_mask.png
949,0.78,0.875,0.0,199.89594356261023,364.61862917398946,1,0.0,0.03237237490705039,0.03282040550090866,1776281134.2102537,5,/Users/kimsumin/projects/RGMC/data/map/robot22/images/0949.png,/Users/kimsumin/projects/RGMC/data/map/robot22/overlays/0949_overlay.png,/Users/kimsumin/projects/RGMC/data/map/robot22/masks/0949_mask.png
950,0.81,0.875,0.0,199.72126696832578,379.07988980716254,1,0.0,0.05060781259709203,0.3576579449369963,1776281145.1008158,5,/Users/kimsumin/projects/RGMC/data/map/robot22/images/0950.png,/Users/kimsumin/projects/RGMC/data/map/robot22/overlays/0950_overlay.png,/Users/kimsumin/projects/RGMC/data/map/robot22/masks/0950_mask.png
951,0.84,0.875,0.0,200.45103092783506,392.17657192075797,1,0.0,0.035098798527501154,0.044202029026030036,1776281156.6398642,5,/Users/kimsumin/projects/RGMC/data/map/robot22/images/0951.png,/Users/kimsumin/projects/RGMC/data/map/robot22/overlays/0951_overlay.png,/Users/kimsumin/projects/RGMC/data/map/robot22/masks/0951_mask.png
952,0.87,0.875,0.0,200.5136752136752,405.4299145299145,1,0.0,0.050982988380475554,0.02096043481517707,1776281168.3231385,5,/Users/kimsumin/projects/RGMC/data/map/robot22/images/0952.png,/Users/kimsumin/projects/RGMC/data/map/robot22/overlays/0952_overlay.png,/Users/kimsumin/projects/RGMC/data/map/robot22/masks/0952_mask.png
953,0.9,0.875,0.0,200.67667844522967,419.3303964757709,1,0.0,0.04087353768206486,0.3478130053163681,1776281179.4423797,5,/Users/kimsumin/projects/RGMC/data/map/robot22/images/0953.png,/Users/kimsumin/projects/RGMC/data/map/robot22/overlays/0953_overlay.png,/Users/kimsumin/projects/RGMC/data/map/robot22/masks/0953_mask.png
954,0.9299999999999999,0.875,0.0,200.6681109185442,432.59705372616986,1,0.0,0.04618405430143844,0.022890791736371888,1776281191.1018012,5,/Users/kimsumin/projects/RGMC/data/map/robot22/images/0954.png,/Users/kimsumin/projects/RGMC/data/map/robot22/overlays/0954_overlay.png,/Users/kimsumin/projects/RGMC/data/map/robot22/masks/0954_mask.png
955,0.96,0.875,0.0,200.6313963573287,446.09272097053724,1,0.0,0.06359624020138811,0.053780166604336405,1776281200.9187965,5,/Users/kimsumin/projects/RGMC/data/map/robot22/images/0955.png,/Users/kimsumin/projects/RGMC/data/map/robot22/overlays/0955_overlay.png,/Users/kimsumin/projects/RGMC/data/map/robot22/masks/0955_mask.png
956,0.99,0.875,0.0,200.8921832884097,459.90463458110514,1,0.0,0.07248134949035744,0.0789476770708112,1776281214.3674164,5,/Users/kimsumin/projects/RGMC/data/map/robot22/images/0956.png,/Users/kimsumin/projects/RGMC/data/map/robot22/overlays/0956_overlay.png,/Users/kimsumin/projects/RGMC/data/map/robot22/masks/0956_mask.png
957,0.99,0.90625,0.0,186.72910927456383,460.26142595978064,1,0.0,0.03239358229299059,0.036487100526228375,1776281227.5463092,5,/Users/kimsumin/projects/RGMC/data/map/robot22/images/0957.png,/Users/kimsumin/projects/RGMC/data/map/robot22/overlays/0957_overlay.png,/Users/kimsumin/projects/RGMC/data/map/robot22/masks/0957_mask.png
958,0.96,0.90625,0.0,186.61192660550458,447.2904411764706,1,0.0,0.035280543633267394,0.023491331862536418,1776281237.9371824,5,/Users/kimsumin/projects/RGMC/data/map/robot22/images/0958.png,/Users/kimsumin/projects/RGMC/data/map/robot22/overlays/0958_overlay.png,/Users/kimsumin/projects/RGMC/data/map/robot22/masks/0958_mask.png
959,0.9299999999999999,0.90625,0.0,185.76916451335055,433.21269296740996,1,0.0,0.059101419179624734,0.05499511907629686,1776281249.4968052,5,/Users/kimsumin/projects/RGMC/data/map/robot22/images/0959.png,/Users/kimsumin/projects/RGMC/data/map/robot22/overlays/0959_overlay.png,/Users/kimsumin/projects/RGMC/data/map/robot22/masks/0959_mask.png
960,0.9,0.90625,0.0,185.71672354948805,420.1682322801025,1,0.0,0.03464316087269888,0.018296603012080387,1776281260.4037395,5,/Users/kimsumin/projects/RGMC/data/map/robot22/images/0960.png,/Users/kimsumin/projects/RGMC/data/map/robot22/overlays/0960_overlay.png,/Users/kimsumin/projects/RGMC/data/map/robot22/masks/0960_mask.png
961,0.87,0.90625,0.0,185.80876158382478,405.9983235540654,1,0.0,0.05954172498150341,0.06340675268417258,1776281273.6253805,5,/Users/kimsumin/projects/RGMC/data/map/robot22/images/0961.png,/Users/kimsumin/projects/RGMC/data/map/robot22/overlays/0961_overlay.png,/Users/kimsumin/projects/RGMC/data/map/robot22/masks/0961_mask.png
962,0.84,0.90625,0.0,185.55102040816325,392.74493243243245,1,0.0,0.07353695699544761,0.04725560538871213,1776281285.8381646,5,/Users/kimsumin/projects/RGMC/data/map/robot22/images/0962.png,/Users/kimsumin/projects/RGMC/data/map/robot22/overlays/0962_overlay.png,/Users/kimsumin/projects/RGMC/data/map/robot22/masks/0962_mask.png
963,0.81,0.90625,0.0,185.26029798422437,379.1586327782647,1,0.0,0.044023059656183354,0.02141630676946672,1776281298.172078,5,/Users/kimsumin/projects/RGMC/data/map/robot22/images/0963.png,/Users/kimsumin/projects/RGMC/data/map/robot22/overlays/0963_overlay.png,/Users/kimsumin/projects/RGMC/data/map/robot22/masks/0963_mask.png
964,0.78,0.90625,0.0,185.3367088607595,365.21838111298484,1,0.0,0.061812523199834116,0.05431117450572454,1776281309.4536264,5,/Users/kimsumin/projects/RGMC/data/map/robot22/images/0964.png,/Users/kimsumin/projects/RGMC/data/map/robot22/overlays/0964_overlay.png,/Users/kimsumin/projects/RGMC/data/map/robot22/masks/0964_mask.png
965,0.75,0.90625,0.0,185.2008583690987,351.6507798960139,1,0.0,0.055953893920957676,0.08337382199410025,1776281322.3231,5,/Users/kimsumin/projects/RGMC/data/map/robot22/images/0965.png,/Users/kimsumin/projects/RGMC/data/map/robot22/overlays/0965_overlay.png,/Users/kimsumin/projects/RGMC/data/map/robot22/masks/0965_mask.png
966,0.72,0.90625,0.0,185.27735368956743,337.46909398814563,1,0.0,0.03243798641146122,0.01131565668777038,1776281332.8026521,5,/Users/kimsumin/projects/RGMC/data/map/robot22/images/0966.png,/Users/kimsumin/projects/RGMC/data/map/robot22/overlays/0966_overlay.png,/Users/kimsumin/projects/RGMC/data/map/robot22/masks/0966_mask.png
967,0.69,0.90625,0.0,185.32,323.7244718309859,1,0.0,0.0528937945004938,0.1485063708600835,1776281342.754884,5,/Users/kimsumin/projects/RGMC/data/map/robot22/images/0967.png,/Users/kimsumin/projects/RGMC/data/map/robot22/overlays/0967_overlay.png,/Users/kimsumin/projects/RGMC/data/map/robot22/masks/0967_mask.png
968,0.66,0.90625,0.0,185.35144312393888,309.6153184165232,1,0.0,0.03207182256668905,0.06344043519561664,1776281352.7309186,5,/Users/kimsumin/projects/RGMC/data/map/robot22/images/0968.png,/Users/kimsumin/projects/RGMC/data/map/robot22/overlays/0968_overlay.png,/Users/kimsumin/projects/RGMC/data/map/robot22/masks/0968_mask.png
969,0.63,0.90625,0.0,185.43630017452006,296.1511728931364,1,0.0,0.09277187198590912,0.07369958323721827,1776281363.0743442,5,/Users/kimsumin/projects/RGMC/data/map/robot22/images/0969.png,/Users/kimsumin/projects/RGMC/data/map/robot22/overlays/0969_overlay.png,/Users/kimsumin/projects/RGMC/data/map/robot22/masks/0969_mask.png
970,0.6,0.90625,0.0,185.43264942016057,282.8770053475936,1,0.0,0.07370559916292474,0.020657331088970565,1776281374.7708914,5,/Users/kimsumin/projects/RGMC/data/map/robot22/images/0970.png,/Users/kimsumin/projects/RGMC/data/map/robot22/overlays/0970_overlay.png,/Users/kimsumin/projects/RGMC/data/map/robot22/masks/0970_mask.png
971,0.5700000000000001,0.90625,0.0,185.5628272251309,268.41773231031544,1,0.0,0.047459692539139973,0.10310785160117779,1776281386.5304282,5,/Users/kimsumin/projects/RGMC/data/map/robot22/images/0971.png,/Users/kimsumin/projects/RGMC/data/map/robot22/overlays/0971_overlay.png,/Users/kimsumin/projects/RGMC/data/map/robot22/masks/0971_mask.png
972,0.54,0.90625,0.0,185.48037542662115,254.63822525597269,1,0.0,0.04296179518870695,0.32081741649183926,1776281397.5895183,5,/Users/kimsumin/projects/RGMC/data/map/robot22/images/0972.png,/Users/kimsumin/projects/RGMC/data/map/robot22/overlays/0972_overlay.png,/Users/kimsumin/projects/RGMC/data/map/robot22/masks/0972_mask.png
973,0.51,0.90625,0.0,185.3885462555066,240.8327205882353,1,0.0,0.34881121612925475,0.08281904515793115,1776281408.39468,5,/Users/kimsumin/projects/RGMC/data/map/robot22/images/0973.png,/Users/kimsumin/projects/RGMC/data/map/robot22/overlays/0973_overlay.png,/Users/kimsumin/projects/RGMC/data/map/robot22/masks/0973_mask.png
974,0.48,0.90625,0.0,184.95407279029462,227.39536878216123,1,0.0,0.07501153331777405,0.02480603110333953,1776281419.631476,5,/Users/kimsumin/projects/RGMC/data/map/robot22/images/0974.png,/Users/kimsumin/projects/RGMC/data/map/robot22/overlays/0974_overlay.png,/Users/kimsumin/projects/RGMC/data/map/robot22/masks/0974_mask.png
975,0.44999999999999996,0.90625,0.0,184.97451146983857,213.64401019541205,1,0.0,0.06654681556597804,0.08411257425065705,1776281432.023342,5,/Users/kimsumin/projects/RGMC/data/map/robot22/images/0975.png,/Users/kimsumin/projects/RGMC/data/map/robot22/overlays/0975_overlay.png,/Users/kimsumin/projects/RGMC/data/map/robot22/masks/0975_mask.png
976,0.42000000000000004,0.90625,0.0,184.7532355478861,200.1696813092162,1,0.0,0.05636415899648841,0.05959135992270954,1776281443.0229807,5,/Users/kimsumin/projects/RGMC/data/map/robot22/images/0976.png,/Users/kimsumin/projects/RGMC/data/map/robot22/overlays/0976_overlay.png,/Users/kimsumin/projects/RGMC/data/map/robot22/masks/0976_mask.png
977,0.39,0.90625,0.0,184.45611015490533,187.0513489991297,1,0.0,0.22177158340486947,0.08672441482737149,1776281454.5585968,5,/Users/kimsumin/projects/RGMC/data/map/robot22/images/0977.png,/Users/kimsumin/projects/RGMC/data/map/robot22/overlays/0977_overlay.png,/Users/kimsumin/projects/RGMC/data/map/robot22/masks/0977_mask.png
978,0.36,0.90625,0.0,184.6705685618729,172.99748533109806,1,0.0,0.029382949831662907,0.03396022634186626,1776281466.2330298,5,/Users/kimsumin/projects/RGMC/data/map/robot22/images/0978.png,/Users/kimsumin/projects/RGMC/data/map/robot22/overlays/0978_overlay.png,/Users/kimsumin/projects/RGMC/data/map/robot22/masks/0978_mask.png
979,0.32999999999999996,0.90625,0.0,184.7513611615245,159.38369963369962,1,0.0,0.07871720545701869,0.041866211810995986,1776281479.1561518,5,/Users/kimsumin/projects/RGMC/data/map/robot22/images/0979.png,/Users/kimsumin/projects/RGMC/data/map/robot22/overlays/0979_overlay.png,/Users/kimsumin/projects/RGMC/data/map/robot22/masks/0979_mask.png
980,0.30000000000000004,0.90625,0.0,184.75215146299485,145.88372093023256,1,0.0,0.060785831102661995,0.02012917367712094,1776281490.044118,5,/Users/kimsumin/projects/RGMC/data/map/robot22/images/0980.png,/Users/kimsumin/projects/RGMC/data/map/robot22/overlays/0980_overlay.png,/Users/kimsumin/projects/RGMC/data/map/robot22/masks/0980_mask.png
981,0.27,0.90625,0.0,184.62478336221838,132.27532467532467,1,0.0,0.26202402053987217,0.07037083894399299,1776281501.3853638,5,/Users/kimsumin/projects/RGMC/data/map/robot22/images/0981.png,/Users/kimsumin/projects/RGMC/data/map/robot22/overlays/0981_overlay.png,/Users/kimsumin/projects/RGMC/data/map/robot22/masks/0981_mask.png
982,0.24,0.90625,0.0,184.8217468805704,119.01247771836007,1,0.0,0.04510082904476665,0.08146345765527968,1776281513.544651,5,/Users/kimsumin/projects/RGMC/data/map/robot22/images/0982.png,/Users/kimsumin/projects/RGMC/data/map/robot22/overlays/0982_overlay.png,/Users/kimsumin/projects/RGMC/data/map/robot22/masks/0982_mask.png
983,0.21,0.90625,0.0,184.75109170305677,104.95109170305678,1,0.0,0.04067265757860258,0.07145534764408769,1776281524.4986658,5,/Users/kimsumin/projects/RGMC/data/map/robot22/images/0983.png,/Users/kimsumin/projects/RGMC/data/map/robot22/overlays/0983_overlay.png,/Users/kimsumin/projects/RGMC/data/map/robot22/masks/0983_mask.png
984,0.18,0.90625,0.0,184.7594050743657,91.74653979238754,1,0.0,0.07454750906494699,0.02958347755301834,1776281535.432196,5,/Users/kimsumin/projects/RGMC/data/map/robot22/images/0984.png,/Users/kimsumin/projects/RGMC/data/map/robot22/overlays/0984_overlay.png,/Users/kimsumin/projects/RGMC/data/map/robot22/masks/0984_mask.png
985,0.15,0.90625,0.0,184.36902654867257,77.43276936776492,1,0.0,0.1673861276270899,0.07170586199122378,1776281545.8253624,5,/Users/kimsumin/projects/RGMC/data/map/robot22/images/0985.png,/Users/kimsumin/projects/RGMC/data/map/robot22/overlays/0985_overlay.png,/Users/kimsumin/projects/RGMC/data/map/robot22/masks/0985_mask.png
986,0.12,0.90625,0.0,183.73798730734362,64.00090334236675,1,0.0,0.06486314971271093,0.08812198500290144,1776281555.8301494,5,/Users/kimsumin/projects/RGMC/data/map/robot22/images/0986.png,/Users/kimsumin/projects/RGMC/data/map/robot22/overlays/0986_overlay.png,/Users/kimsumin/projects/RGMC/data/map/robot22/masks/0986_mask.png
987,0.09,0.90625,0.0,183.70036429872496,51.04936014625228,1,0.0,0.04123024185239869,0.027436607167915784,1776281565.7776394,5,/Users/kimsumin/projects/RGMC/data/map/robot22/images/0987.png,/Users/kimsumin/projects/RGMC/data/map/robot22/overlays/0987_overlay.png,/Users/kimsumin/projects/RGMC/data/map/robot22/masks/0987_mask.png
988,0.06,0.90625,0.0,183.67502238137868,36.71403353927626,1,0.0,0.048505223619965815,0.11110650555524235,1776281575.810362,5,/Users/kimsumin/projects/RGMC/data/map/robot22/images/0988.png,/Users/kimsumin/projects/RGMC/data/map/robot22/overlays/0988_overlay.png,/Users/kimsumin/projects/RGMC/data/map/robot22/masks/0988_mask.png
989,0.03,0.90625,0.0,183.83788706739526,23.27141568981064,1,0.0,0.07172126255924327,0.04726852230373208,1776281585.8822305,5,/Users/kimsumin/projects/RGMC/data/map/robot22/images/0989.png,/Users/kimsumin/projects/RGMC/data/map/robot22/overlays/0989_overlay.png,/Users/kimsumin/projects/RGMC/data/map/robot22/masks/0989_mask.png
990,0.03,0.9375,0.0,169.49289520426288,23.210714285714285,1,0.0,0.058391186400711885,0.05588718609515459,1776281596.894624,5,/Users/kimsumin/projects/RGMC/data/map/robot22/images/0990.png,/Users/kimsumin/projects/RGMC/data/map/robot22/overlays/0990_overlay.png,/Users/kimsumin/projects/RGMC/data/map/robot22/masks/0990_mask.png
991,0.06,0.9375,0.0,169.28346456692913,36.31846019247594,1,0.0,0.09121210486583468,0.05519741417308492,1776281607.607411,5,/Users/kimsumin/projects/RGMC/data/map/robot22/images/0991.png,/Users/kimsumin/projects/RGMC/data/map/robot22/overlays/0991_overlay.png,/Users/kimsumin/projects/RGMC/data/map/robot22/masks/0991_mask.png
992,0.09,0.9375,0.0,169.47864768683274,50.69973427812223,1,0.0,0.04989149326866091,0.34097689566814043,1776281618.321473,5,/Users/kimsumin/projects/RGMC/data/map/robot22/images/0992.png,/Users/kimsumin/projects/RGMC/data/map/robot22/overlays/0992_overlay.png,/Users/kimsumin/projects/RGMC/data/map/robot22/masks/0992_mask.png
993,0.12,0.9375,0.0,170.39656729900634,63.56987295825771,1,0.0,0.4730306610137836,0.11077628791695228,1776281628.3810523,5,/Users/kimsumin/projects/RGMC/data/map/robot22/images/0993.png,/Users/kimsumin/projects/RGMC/data/map/robot22/overlays/0993_overlay.png,/Users/kimsumin/projects/RGMC/data/map/robot22/masks/0993_mask.png
994,0.15,0.9375,0.0,169.72179813401186,77.2350936967632,1,0.0,0.04035549311152154,0.03477194089167231,1776281639.4680626,5,/Users/kimsumin/projects/RGMC/data/map/robot22/images/0994.png,/Users/kimsumin/projects/RGMC/data/map/robot22/overlays/0994_overlay.png,/Users/kimsumin/projects/RGMC/data/map/robot22/masks/0994_mask.png
995,0.18,0.9375,0.0,170.4963436928702,91.03473491773309,1,0.0,0.045736866306307744,0.04596223105160764,1776281650.4282758,5,/Users/kimsumin/projects/RGMC/data/map/robot22/images/0995.png,/Users/kimsumin/projects/RGMC/data/map/robot22/overlays/0995_overlay.png,/Users/kimsumin/projects/RGMC/data/map/robot22/masks/0995_mask.png
996,0.21,0.9375,0.0,170.59322033898306,104.6946366782007,1,0.0,0.3332517427044306,0.05415664379862331,1776281661.355287,5,/Users/kimsumin/projects/RGMC/data/map/robot22/images/0996.png,/Users/kimsumin/projects/RGMC/data/map/robot22/overlays/0996_overlay.png,/Users/kimsumin/projects/RGMC/data/map/robot22/masks/0996_mask.png
997,0.24,0.9375,0.0,170.71009174311928,118.76084949215144,1,0.0,0.06437459890154844,0.05052980187565363,1776281673.00655,5,/Users/kimsumin/projects/RGMC/data/map/robot22/images/0997.png,/Users/kimsumin/projects/RGMC/data/map/robot22/overlays/0997_overlay.png,/Users/kimsumin/projects/RGMC/data/map/robot22/masks/0997_mask.png
998,0.27,0.9375,0.0,170.77502295684113,131.82407407407408,1,0.0,0.07326351569193132,0.2040885930218572,1776281683.939868,5,/Users/kimsumin/projects/RGMC/data/map/robot22/images/0998.png,/Users/kimsumin/projects/RGMC/data/map/robot22/overlays/0998_overlay.png,/Users/kimsumin/projects/RGMC/data/map/robot22/masks/0998_mask.png
999,0.30000000000000004,0.9375,0.0,170.6490765171504,145.77563540753724,1,0.0,0.32628388458860996,0.09322422722386571,1776281695.3315673,5,/Users/kimsumin/projects/RGMC/data/map/robot22/images/0999.png,/Users/kimsumin/projects/RGMC/data/map/robot22/overlays/0999_overlay.png,/Users/kimsumin/projects/RGMC/data/map/robot22/masks/0999_mask.png
1000,0.32999999999999996,0.9375,0.0,170.83948339483396,159.25994449583717,1,0.0,0.044319576845276515,0.042828622078348796,1776281706.2993073,5,/Users/kimsumin/projects/RGMC/data/map/robot22/images/1000.png,/Users/kimsumin/projects/RGMC/data/map/robot22/overlays/1000_overlay.png,/Users/kimsumin/projects/RGMC/data/map/robot22/masks/1000_mask.png
1001,0.36,0.9375,0.0,170.78785211267606,173.12422907488985,1,0.0,0.3838169079366588,0.06467871922061452,1776281717.3050654,5,/Users/kimsumin/projects/RGMC/data/map/robot22/images/1001.png,/Users/kimsumin/projects/RGMC/data/map/robot22/overlays/1001_overlay.png,/Users/kimsumin/projects/RGMC/data/map/robot22/masks/1001_mask.png
1002,0.39,0.9375,0.0,170.50589301903898,186.22521739130434,1,0.0,0.03160982282085965,0.3853983977783997,1776281728.6357133,5,/Users/kimsumin/projects/RGMC/data/map/robot22/images/1002.png,/Users/kimsumin/projects/RGMC/data/map/robot22/overlays/1002_overlay.png,/Users/kimsumin/projects/RGMC/data/map/robot22/masks/1002_mask.png
1003,0.42000000000000004,0.9375,0.0,170.82252252252252,199.92432432432432,1,0.0,0.05266157072312103,0.0839999629695156,1776281739.5033598,5,/Users/kimsumin/projects/RGMC/data/map/robot22/images/1003.png,/Users/kimsumin/projects/RGMC/data/map/robot22/overlays/1003_overlay.png,/Users/kimsumin/projects/RGMC/data/map/robot22/masks/1003_mask.png
1004,0.44999999999999996,0.9375,0.0,170.93472584856397,213.5057167985928,1,0.0,0.07020095484407782,0.08590921356668622,1776281750.6476123,5,/Users/kimsumin/projects/RGMC/data/map/robot22/images/1004.png,/Users/kimsumin/projects/RGMC/data/map/robot22/overlays/1004_overlay.png,/Users/kimsumin/projects/RGMC/data/map/robot22/masks/1004_mask.png
1005,0.48,0.9375,0.0,170.89497307001795,226.29543419874665,1,0.0,0.06426478589421034,0.09698856751699066,1776281761.6770434,5,/Users/kimsumin/projects/RGMC/data/map/robot22/images/1005.png,/Users/kimsumin/projects/RGMC/data/map/robot22/overlays/1005_overlay.png,/Users/kimsumin/projects/RGMC/data/map/robot22/masks/1005_mask.png
1006,0.51,0.9375,0.0,171.10045662100455,240.50045578851413,1,0.0,0.04642280130005186,0.054301934563106634,1776281772.617757,5,/Users/kimsumin/projects/RGMC/data/map/robot22/images/1006.png,/Users/kimsumin/projects/RGMC/data/map/robot22/overlays/1006_overlay.png,/Users/kimsumin/projects/RGMC/data/map/robot22/masks/1006_mask.png
1007,0.54,0.9375,0.0,171.21334503950834,254.11707746478874,1,0.0,0.0470979380688978,0.03170252090720776,1776281785.7299159,5,/Users/kimsumin/projects/RGMC/data/map/robot22/images/1007.png,/Users/kimsumin/projects/RGMC/data/map/robot22/overlays/1007_overlay.png,/Users/kimsumin/projects/RGMC/data/map/robot22/masks/1007_mask.png
1008,0.5700000000000001,0.9375,0.0,171.39564428312158,267.824065633546,1,0.0,0.04535766342935132,0.037940052505300255,1776281796.8069532,5,/Users/kimsumin/projects/RGMC/data/map/robot22/images/1008.png,/Users/kimsumin/projects/RGMC/data/map/robot22/overlays/1008_overlay.png,/Users/kimsumin/projects/RGMC/data/map/robot22/masks/1008_mask.png
1009,0.6,0.9375,0.0,171.41351351351352,281.6675675675676,1,0.0,0.06923280413841346,0.08280683047603087,1776281808.0680285,5,/Users/kimsumin/projects/RGMC/data/map/robot22/images/1009.png,/Users/kimsumin/projects/RGMC/data/map/robot22/overlays/1009_overlay.png,/Users/kimsumin/projects/RGMC/data/map/robot22/masks/1009_mask.png
1010,0.63,0.9375,0.0,171.3244729605866,295.8709677419355,1,0.0,0.03006371759125773,0.044527767234557994,1776281818.886404,5,/Users/kimsumin/projects/RGMC/data/map/robot22/images/1010.png,/Users/kimsumin/projects/RGMC/data/map/robot22/overlays/1010_overlay.png,/Users/kimsumin/projects/RGMC/data/map/robot22/masks/1010_mask.png
1011,0.66,0.9375,0.0,171.41607142857143,309.6375,1,0.0,0.043567169787745726,0.05002416945837624,1776281830.2661638,5,/Users/kimsumin/projects/RGMC/data/map/robot22/images/1011.png,/Users/kimsumin/projects/RGMC/data/map/robot22/overlays/1011_overlay.png,/Users/kimsumin/projects/RGMC/data/map/robot22/masks/1011_mask.png
1012,0.69,0.9375,0.0,171.2014585232452,323.6770356816102,1,0.0,0.03103541373768941,0.02985777401481786,1776281841.641801,5,/Users/kimsumin/projects/RGMC/data/map/robot22/images/1012.png,/Users/kimsumin/projects/RGMC/data/map/robot22/overlays/1012_overlay.png,/Users/kimsumin/projects/RGMC/data/map/robot22/masks/1012_mask.png
1013,0.72,0.9375,0.0,171.30871886120997,337.2415329768271,1,0.0,0.046651225511484595,0.03585631957968276,1776281853.479713,5,/Users/kimsumin/projects/RGMC/data/map/robot22/images/1013.png,/Users/kimsumin/projects/RGMC/data/map/robot22/overlays/1013_overlay.png,/Users/kimsumin/projects/RGMC/data/map/robot22/masks/1013_mask.png
1014,0.75,0.9375,0.0,171.36175942549372,351.2997299729973,1,0.0,0.0670194470322953,0.06712753460370165,1776281864.95609,5,/Users/kimsumin/projects/RGMC/data/map/robot22/images/1014.png,/Users/kimsumin/projects/RGMC/data/map/robot22/overlays/1014_overlay.png,/Users/kimsumin/projects/RGMC/data/map/robot22/masks/1014_mask.png
1015,0.78,0.9375,0.0,171.56514084507043,364.92341166231506,1,0.0,0.04216984269080408,0.02247454014530676,1776281876.0411627,5,/Users/kimsumin/projects/RGMC/data/map/robot22/images/1015.png,/Users/kimsumin/projects/RGMC/data/map/robot22/overlays/1015_overlay.png,/Users/kimsumin/projects/RGMC/data/map/robot22/masks/1015_mask.png
1016,0.81,0.9375,0.0,171.49771689497717,378.50835532102025,1,0.0,0.029763631883188844,0.27231605994960306,1776281886.7291634,5,/Users/kimsumin/projects/RGMC/data/map/robot22/images/1016.png,/Users/kimsumin/projects/RGMC/data/map/robot22/overlays/1016_overlay.png,/Users/kimsumin/projects/RGMC/data/map/robot22/masks/1016_mask.png
1017,0.84,0.9375,0.0,171.52443280977312,392.5187445510026,1,0.0,0.04380778928123043,0.0677710103035067,1776281900.6466963,5,/Users/kimsumin/projects/RGMC/data/map/robot22/images/1017.png,/Users/kimsumin/projects/RGMC/data/map/robot22/overlays/1017_overlay.png,/Users/kimsumin/projects/RGMC/data/map/robot22/masks/1017_mask.png
1018,0.87,0.9375,0.0,171.68347826086958,405.73848827106866,1,0.0,0.02531723034275584,0.04750735232584513,1776281911.9189224,5,/Users/kimsumin/projects/RGMC/data/map/robot22/images/1018.png,/Users/kimsumin/projects/RGMC/data/map/robot22/overlays/1018_overlay.png,/Users/kimsumin/projects/RGMC/data/map/robot22/masks/1018_mask.png
1019,0.9,0.9375,0.0,171.6182310469314,419.58265582655827,1,0.0,0.033003638716652836,0.020426853289295766,1776281923.2888496,5,/Users/kimsumin/projects/RGMC/data/map/robot22/images/1019.png,/Users/kimsumin/projects/RGMC/data/map/robot22/overlays/1019_overlay.png,/Users/kimsumin/projects/RGMC/data/map/robot22/masks/1019_mask.png
1020,0.9299999999999999,0.9375,0.0,171.57294429708222,433.1368049426302,1,0.0,0.01799761650344512,0.03699164048658514,1776281934.2065258,5,/Users/kimsumin/projects/RGMC/data/map/robot22/images/1020.png,/Users/kimsumin/projects/RGMC/data/map/robot22/overlays/1020_overlay.png,/Users/kimsumin/projects/RGMC/data/map/robot22/masks/1020_mask.png
1021,0.96,0.9375,0.0,171.6876712328767,447.2246575342466,1,0.0,0.04099699127190301,0.05145113123369206,1776281945.6984122,5,/Users/kimsumin/projects/RGMC/data/map/robot22/images/1021.png,/Users/kimsumin/projects/RGMC/data/map/robot22/overlays/1021_overlay.png,/Users/kimsumin/projects/RGMC/data/map/robot22/masks/1021_mask.png
1022,0.99,0.9375,0.0,171.7784867821331,460.4850948509485,1,0.0,0.016748291753897405,0.1175169881956659,1776281958.0490918,5,/Users/kimsumin/projects/RGMC/data/map/robot22/images/1022.png,/Users/kimsumin/projects/RGMC/data/map/robot22/overlays/1022_overlay.png,/Users/kimsumin/projects/RGMC/data/map/robot22/masks/1022_mask.png
1023,0.99,0.96875,0.0,158.33394495412844,460.7341306347746,1,0.0,0.04544540334707024,0.06257840544085813,1776281971.5394323,5,/Users/kimsumin/projects/RGMC/data/map/robot22/images/1023.png,/Users/kimsumin/projects/RGMC/data/map/robot22/overlays/1023_overlay.png,/Users/kimsumin/projects/RGMC/data/map/robot22/masks/1023_mask.png
1024,0.96,0.96875,0.0,157.20625,447.5452103849597,1,0.0,0.09083435077971459,0.038840030211253866,1776281984.5845604,5,/Users/kimsumin/projects/RGMC/data/map/robot22/images/1024.png,/Users/kimsumin/projects/RGMC/data/map/robot22/overlays/1024_overlay.png,/Users/kimsumin/projects/RGMC/data/map/robot22/masks/1024_mask.png
1025,0.9299999999999999,0.96875,0.0,156.9470538001708,433.8940170940171,1,0.0,0.32338115237903386,0.06333566548894881,1776281995.3388157,5,/Users/kimsumin/projects/RGMC/data/map/robot22/images/1025.png,/Users/kimsumin/projects/RGMC/data/map/robot22/overlays/1025_overlay.png,/Users/kimsumin/projects/RGMC/data/map/robot22/masks/1025_mask.png
1026,0.9,0.96875,0.0,157.28321678321677,420.75174825174827,1,0.0,0.06620390383353177,0.050786555088000694,1776282007.0846412,5,/Users/kimsumin/projects/RGMC/data/map/robot22/images/1026.png,/Users/kimsumin/projects/RGMC/data/map/robot22/overlays/1026_overlay.png,/Users/kimsumin/projects/RGMC/data/map/robot22/masks/1026_mask.png
1027,0.87,0.96875,0.0,157.03374777975134,406.1576692373608,1,0.0,0.042278691638185685,0.37857109854788357,1776282017.7677207,5,/Users/kimsumin/projects/RGMC/data/map/robot22/images/1027.png,/Users/kimsumin/projects/RGMC/data/map/robot22/overlays/1027_overlay.png,/Users/kimsumin/projects/RGMC/data/map/robot22/masks/1027_mask.png
1028,0.84,0.96875,0.0,156.37576285963382,393.37934027777777,1,0.0,0.029645069396758643,0.03296158972275671,1776282028.7256823,5,/Users/kimsumin/projects/RGMC/data/map/robot22/images/1028.png,/Users/kimsumin/projects/RGMC/data/map/robot22/overlays/1028_overlay.png,/Users/kimsumin/projects/RGMC/data/map/robot22/masks/1028_mask.png
1029,0.81,0.96875,0.0,157.04925241864555,379.65526315789475,1,0.0,0.06889320715299109,0.02892507379420943,1776282041.5067003,5,/Users/kimsumin/projects/RGMC/data/map/robot22/images/1029.png,/Users/kimsumin/projects/RGMC/data/map/robot22/overlays/1029_overlay.png,/Users/kimsumin/projects/RGMC/data/map/robot22/masks/1029_mask.png
1030,0.78,0.96875,0.0,157.01597981497056,365.69983277591973,1,0.0,0.0397477241331123,0.04806213436545216,1776282053.5760524,5,/Users/kimsumin/projects/RGMC/data/map/robot22/images/1030.png,/Users/kimsumin/projects/RGMC/data/map/robot22/overlays/1030_overlay.png,/Users/kimsumin/projects/RGMC/data/map/robot22/masks/1030_mask.png
1031,0.75,0.96875,0.0,156.88235294117646,352.2326388888889,1,0.0,0.09600942901318132,0.054557138731051266,1776282064.1888056,5,/Users/kimsumin/projects/RGMC/data/map/robot22/images/1031.png,/Users/kimsumin/projects/RGMC/data/map/robot22/overlays/1031_overlay.png,/Users/kimsumin/projects/RGMC/data/map/robot22/masks/1031_mask.png
1032,0.72,0.96875,0.0,156.84290540540542,338.12897822445564,1,0.0,0.253554648412106,0.039770024949270434,1776282075.1529026,5,/Users/kimsumin/projects/RGMC/data/map/robot22/images/1032.png,/Users/kimsumin/projects/RGMC/data/map/robot22/overlays/1032_overlay.png,/Users/kimsumin/projects/RGMC/data/map/robot22/masks/1032_mask.png
1033,0.69,0.96875,0.0,156.40535549399814,324.3610341643583,1,0.0,0.006369475318714117,0.1559602394744632,1776282086.4214056,5,/Users/kimsumin/projects/RGMC/data/map/robot22/images/1033.png,/Users/kimsumin/projects/RGMC/data/map/robot22/overlays/1033_overlay.png,/Users/kimsumin/projects/RGMC/data/map/robot22/masks/1033_mask.png
1034,0.66,0.96875,0.0,156.14451382694023,310.8949814126394,1,0.0,0.04263545727550286,0.3722933064143902,1776282097.1528935,5,/Users/kimsumin/projects/RGMC/data/map/robot22/images/1034.png,/Users/kimsumin/projects/RGMC/data/map/robot22/overlays/1034_overlay.png,/Users/kimsumin/projects/RGMC/data/map/robot22/masks/1034_mask.png
1035,0.63,0.96875,0.0,156.1085201793722,296.58303249097474,1,0.0,0.035531585535240384,0.03922335058993622,1776282107.7436302,5,/Users/kimsumin/projects/RGMC/data/map/robot22/images/1035.png,/Users/kimsumin/projects/RGMC/data/map/robot22/overlays/1035_overlay.png,/Users/kimsumin/projects/RGMC/data/map/robot22/masks/1035_mask.png
1036,0.6,0.96875,0.0,156.2151543498597,283.24463118580763,1,0.0,0.07628411864829461,0.04327853119948358,1776282118.4929833,5,/Users/kimsumin/projects/RGMC/data/map/robot22/images/1036.png,/Users/kimsumin/projects/RGMC/data/map/robot22/overlays/1036_overlay.png,/Users/kimsumin/projects/RGMC/data/map/robot22/masks/1036_mask.png
1037,0.5700000000000001,0.96875,0.0,156.12269372693726,268.3596654275093,1,0.0,0.0650256247976165,0.05331450533115036,1776282129.1395674,5,/Users/kimsumin/projects/RGMC/data/map/robot22/images/1037.png,/Users/kimsumin/projects/RGMC/data/map/robot22/overlays/1037_overlay.png,/Users/kimsumin/projects/RGMC/data/map/robot22/masks/1037_mask.png
1038,0.54,0.96875,0.0,156.00178094390026,254.66931216931218,1,0.0,0.21326330455462955,0.055387945455177494,1776282140.5654159,5,/Users/kimsumin/projects/RGMC/data/map/robot22/images/1038.png,/Users/kimsumin/projects/RGMC/data/map/robot22/overlays/1038_overlay.png,/Users/kimsumin/projects/RGMC/data/map/robot22/masks/1038_mask.png
1039,0.51,0.96875,0.0,156.18549127640037,241.22415370539798,1,0.0,0.06648654078681585,0.037556426585634795,1776282153.9577188,5,/Users/kimsumin/projects/RGMC/data/map/robot22/images/1039.png,/Users/kimsumin/projects/RGMC/data/map/robot22/overlays/1039_overlay.png,/Users/kimsumin/projects/RGMC/data/map/robot22/masks/1039_mask.png
1040,0.48,0.96875,0.0,155.87035358114233,227.68902991840434,1,0.0,0.01699511558610706,0.05234412542644943,1776282166.1722097,5,/Users/kimsumin/projects/RGMC/data/map/robot22/images/1040.png,/Users/kimsumin/projects/RGMC/data/map/robot22/overlays/1040_overlay.png,/Users/kimsumin/projects/RGMC/data/map/robot22/masks/1040_mask.png
1041,0.44999999999999996,0.96875,0.0,155.99104744852283,213.88620071684588,1,0.0,0.026639528531503878,0.03308189125652937,1776282178.1919036,5,/Users/kimsumin/projects/RGMC/data/map/robot22/images/1041.png,/Users/kimsumin/projects/RGMC/data/map/robot22/overlays/1041_overlay.png,/Users/kimsumin/projects/RGMC/data/map/robot22/masks/1041_mask.png
1042,0.42000000000000004,0.96875,0.0,155.9290263876251,200.37902483900643,1,0.0,0.031122686985647647,0.0863306586426676,1776282190.4312344,5,/Users/kimsumin/projects/RGMC/data/map/robot22/images/1042.png,/Users/kimsumin/projects/RGMC/data/map/robot22/overlays/1042_overlay.png,/Users/kimsumin/projects/RGMC/data/map/robot22/masks/1042_mask.png
1043,0.39,0.96875,0.0,155.7693710118505,187.57692307692307,1,0.0,0.05630409095504445,0.033067102127294086,1776282202.4896638,5,/Users/kimsumin/projects/RGMC/data/map/robot22/images/1043.png,/Users/kimsumin/projects/RGMC/data/map/robot22/overlays/1043_overlay.png,/Users/kimsumin/projects/RGMC/data/map/robot22/masks/1043_mask.png
1044,0.36,0.96875,0.0,155.91971454058876,173.34639358860196,1,0.0,0.020218082749078766,0.013690591541975678,1776282214.475893,5,/Users/kimsumin/projects/RGMC/data/map/robot22/images/1044.png,/Users/kimsumin/projects/RGMC/data/map/robot22/overlays/1044_overlay.png,/Users/kimsumin/projects/RGMC/data/map/robot22/masks/1044_mask.png
1045,0.32999999999999996,0.96875,0.0,155.77859778597787,159.61623616236162,1,0.0,0.0199456258314984,0.04817351203885275,1776282226.7925875,5,/Users/kimsumin/projects/RGMC/data/map/robot22/images/1045.png,/Users/kimsumin/projects/RGMC/data/map/robot22/overlays/1045_overlay.png,/Users/kimsumin/projects/RGMC/data/map/robot22/masks/1045_mask.png
1046,0.30000000000000004,0.96875,0.0,155.841059602649,146.70766319772943,1,0.0,0.06137815621772906,0.0852669277595584,1776282238.9505813,5,/Users/kimsumin/projects/RGMC/data/map/robot22/images/1046.png,/Users/kimsumin/projects/RGMC/data/map/robot22/overlays/1046_overlay.png,/Users/kimsumin/projects/RGMC/data/map/robot22/masks/1046_mask.png
1047,0.27,0.96875,0.0,155.79964221824687,132.79697239536955,1,0.0,0.03909632380048338,0.039405120195256854,1776282251.1366985,5,/Users/kimsumin/projects/RGMC/data/map/robot22/images/1047.png,/Users/kimsumin/projects/RGMC/data/map/robot22/overlays/1047_overlay.png,/Users/kimsumin/projects/RGMC/data/map/robot22/masks/1047_mask.png
1048,0.24,0.96875,0.0,155.8787037037037,119.17129629629629,1,0.0,0.04743408168568558,0.06451403542723518,1776282263.1136768,5,/Users/kimsumin/projects/RGMC/data/map/robot22/images/1048.png,/Users/kimsumin/projects/RGMC/data/map/robot22/overlays/1048_overlay.png,/Users/kimsumin/projects/RGMC/data/map/robot22/masks/1048_mask.png
1049,0.21,0.96875,0.0,155.645648312611,105.19607843137256,1,0.0,0.06299769990499815,0.08637959228597032,1776282275.2218146,5,/Users/kimsumin/projects/RGMC/data/map/robot22/images/1049.png,/Users/kimsumin/projects/RGMC/data/map/robot22/overlays/1049_overlay.png,/Users/kimsumin/projects/RGMC/data/map/robot22/masks/1049_mask.png
1050,0.18,0.96875,0.0,155.58785648574056,91.4053064958829,1,0.0,0.031896246853503875,0.04564165146715036,1776282287.294953,5,/Users/kimsumin/projects/RGMC/data/map/robot22/images/1050.png,/Users/kimsumin/projects/RGMC/data/map/robot22/overlays/1050_overlay.png,/Users/kimsumin/projects/RGMC/data/map/robot22/masks/1050_mask.png
1051,0.15,0.96875,0.0,155.67049469964664,78.4649446494465,1,0.0,0.040118487244295835,0.37405315581348275,1776282299.4934163,5,/Users/kimsumin/projects/RGMC/data/map/robot22/images/1051.png,/Users/kimsumin/projects/RGMC/data/map/robot22/overlays/1051_overlay.png,/Users/kimsumin/projects/RGMC/data/map/robot22/masks/1051_mask.png
1052,0.12,0.96875,0.0,155.55345911949686,64.23899371069183,1,0.0,0.05154374466484752,0.09992001479403098,1776282311.4488475,5,/Users/kimsumin/projects/RGMC/data/map/robot22/images/1052.png,/Users/kimsumin/projects/RGMC/data/map/robot22/overlays/1052_overlay.png,/Users/kimsumin/projects/RGMC/data/map/robot22/masks/1052_mask.png
1053,0.09,0.96875,0.0,155.46117867165574,50.86915887850467,1,0.0,0.05541379399905141,0.042912238752104724,1776282322.716665,5,/Users/kimsumin/projects/RGMC/data/map/robot22/images/1053.png,/Users/kimsumin/projects/RGMC/data/map/robot22/overlays/1053_overlay.png,/Users/kimsumin/projects/RGMC/data/map/robot22/masks/1053_mask.png
1054,0.06,0.96875,0.0,155.28989361702128,36.89115044247787,1,0.0,0.029074495596152904,0.08467584774286155,1776282333.366988,5,/Users/kimsumin/projects/RGMC/data/map/robot22/images/1054.png,/Users/kimsumin/projects/RGMC/data/map/robot22/overlays/1054_overlay.png,/Users/kimsumin/projects/RGMC/data/map/robot22/masks/1054_mask.png
1055,0.03,0.96875,0.0,155.3514259429623,23.351054078826763,1,0.0,0.02451317061268886,0.020152932952396806,1776282344.119541,5,/Users/kimsumin/projects/RGMC/data/map/robot22/images/1055.png,/Users/kimsumin/projects/RGMC/data/map/robot22/overlays/1055_overlay.png,/Users/kimsumin/projects/RGMC/data/map/robot22/masks/1055_mask.png
1056,0.03,1.0,0.0,140.22079116835326,23.239190432382706,1,0.0,0.3497389297981442,0.04125503380453797,1776282354.765787,5,/Users/kimsumin/projects/RGMC/data/map/robot22/images/1056.png,/Users/kimsumin/projects/RGMC/data/map/robot22/overlays/1056_overlay.png,/Users/kimsumin/projects/RGMC/data/map/robot22/masks/1056_mask.png
1057,0.06,1.0,0.0,140.18157181571814,36.404545454545456,1,0.0,0.020709269616487648,0.04333888427245791,1776282365.5179577,5,/Users/kimsumin/projects/RGMC/data/map/robot22/images/1057.png,/Users/kimsumin/projects/RGMC/data/map/robot22/overlays/1057_overlay.png,/Users/kimsumin/projects/RGMC/data/map/robot22/masks/1057_mask.png
1058,0.09,1.0,0.0,140.2795089707271,50.55671077504726,1,0.0,0.09660481170993857,0.07526491011982263,1776282376.5746086,5,/Users/kimsumin/projects/RGMC/data/map/robot22/images/1058.png,/Users/kimsumin/projects/RGMC/data/map/robot22/overlays/1058_overlay.png,/Users/kimsumin/projects/RGMC/data/map/robot22/masks/1058_mask.png
1059,0.12,1.0,0.0,140.1560218978102,63.596877869605144,1,0.0,0.2359420896748003,0.13617458737057742,1776282388.3872473,5,/Users/kimsumin/projects/RGMC/data/map/robot22/images/1059.png,/Users/kimsumin/projects/RGMC/data/map/robot22/overlays/1059_overlay.png,/Users/kimsumin/projects/RGMC/data/map/robot22/masks/1059_mask.png
1060,0.15,1.0,0.0,140.486388384755,77.27949183303085,1,0.0,0.04053085407803164,0.01509694040409079,1776282400.8691075,5,/Users/kimsumin/projects/RGMC/data/map/robot22/images/1060.png,/Users/kimsumin/projects/RGMC/data/map/robot22/overlays/1060_overlay.png,/Users/kimsumin/projects/RGMC/data/map/robot22/masks/1060_mask.png
1061,0.18,1.0,0.0,140.2,91.26944444444445,1,0.0,0.06261294823409597,0.041686514377446166,1776282413.3399985,5,/Users/kimsumin/projects/RGMC/data/map/robot22/images/1061.png,/Users/kimsumin/projects/RGMC/data/map/robot22/overlays/1061_overlay.png,/Users/kimsumin/projects/RGMC/data/map/robot22/masks/1061_mask.png
1062,0.21,1.0,0.0,140.34639927073837,104.66606334841629,1,0.0,0.048903904139188964,0.08026201774283219,1776282425.2206404,5,/Users/kimsumin/projects/RGMC/data/map/robot22/images/1062.png,/Users/kimsumin/projects/RGMC/data/map/robot22/overlays/1062_overlay.png,/Users/kimsumin/projects/RGMC/data/map/robot22/masks/1062_mask.png
1063,0.24,1.0,0.0,140.440036900369,118.80442804428044,1,0.0,0.002961984038449827,0.030600875311080245,1776282437.199498,5,/Users/kimsumin/projects/RGMC/data/map/robot22/images/1063.png,/Users/kimsumin/projects/RGMC/data/map/robot22/overlays/1063_overlay.png,/Users/kimsumin/projects/RGMC/data/map/robot22/masks/1063_mask.png
1064,0.27,1.0,0.0,141.20420683610868,132.50785340314135,1,0.0,0.03306990411638488,0.11070746844692728,1776282449.2220688,5,/Users/kimsumin/projects/RGMC/data/map/robot22/images/1064.png,/Users/kimsumin/projects/RGMC/data/map/robot22/overlays/1064_overlay.png,/Users/kimsumin/projects/RGMC/data/map/robot22/masks/1064_mask.png
1065,0.30000000000000004,1.0,0.0,140.7275953859805,145.95932802829356,1,0.0,0.24730582935735207,0.04688563052604472,1776282462.2855718,5,/Users/kimsumin/projects/RGMC/data/map/robot22/images/1065.png,/Users/kimsumin/projects/RGMC/data/map/robot22/overlays/1065_overlay.png,/Users/kimsumin/projects/RGMC/data/map/robot22/masks/1065_mask.png
1066,0.32999999999999996,1.0,0.0,141.2140350877193,159.5630472854641,1,0.0,0.06124189378967671,0.029112034933710944,1776282474.1677394,5,/Users/kimsumin/projects/RGMC/data/map/robot22/images/1066.png,/Users/kimsumin/projects/RGMC/data/map/robot22/overlays/1066_overlay.png,/Users/kimsumin/projects/RGMC/data/map/robot22/masks/1066_mask.png
1067,0.36,1.0,0.0,141.23870417732311,173.25660699062234,1,0.0,0.02116425495141197,0.02195303363687428,1776282485.7347,5,/Users/kimsumin/projects/RGMC/data/map/robot22/images/1067.png,/Users/kimsumin/projects/RGMC/data/map/robot22/overlays/1067_overlay.png,/Users/kimsumin/projects/RGMC/data/map/robot22/masks/1067_mask.png
1068,0.39,1.0,0.0,141.50132158590307,187.26278659611992,1,0.0,0.09112885562183362,0.028626564660855603,1776282497.8714013,5,/Users/kimsumin/projects/RGMC/data/map/robot22/images/1068.png,/Users/kimsumin/projects/RGMC/data/map/robot22/overlays/1068_overlay.png,/Users/kimsumin/projects/RGMC/data/map/robot22/masks/1068_mask.png
1069,0.42000000000000004,1.0,0.0,141.5181660899654,200.00871080139373,1,0.0,0.06412424621091105,0.0508847128472982,1776282510.209012,5,/Users/kimsumin/projects/RGMC/data/map/robot22/images/1069.png,/Users/kimsumin/projects/RGMC/data/map/robot22/overlays/1069_overlay.png,/Users/kimsumin/projects/RGMC/data/map/robot22/masks/1069_mask.png
1070,0.44999999999999996,1.0,0.0,142.34611953612847,213.83689839572193,1,0.0,0.023966996769682718,0.0266831634217214,1776282523.4301212,5,/Users/kimsumin/projects/RGMC/data/map/robot22/images/1070.png,/Users/kimsumin/projects/RGMC/data/map/robot22/overlays/1070_overlay.png,/Users/kimsumin/projects/RGMC/data/map/robot22/masks/1070_mask.png
1071,0.48,1.0,0.0,142.13711790393012,226.79188712522046,1,0.0,0.04122289356523034,0.11710787101549754,1776282535.0913575,5,/Users/kimsumin/projects/RGMC/data/map/robot22/images/1071.png,/Users/kimsumin/projects/RGMC/data/map/robot22/overlays/1071_overlay.png,/Users/kimsumin/projects/RGMC/data/map/robot22/masks/1071_mask.png
1072,0.51,1.0,0.0,141.80732345248475,240.88888888888889,1,0.0,0.390741213818752,0.06576986595576167,1776282547.1788592,5,/Users/kimsumin/projects/RGMC/data/map/robot22/images/1072.png,/Users/kimsumin/projects/RGMC/data/map/robot22/overlays/1072_overlay.png,/Users/kimsumin/projects/RGMC/data/map/robot22/masks/1072_mask.png
1073,0.54,1.0,0.0,142.44703770197486,254.29084380610414,1,0.0,0.024956843503418865,0.043428160480786404,1776282559.4860277,5,/Users/kimsumin/projects/RGMC/data/map/robot22/images/1073.png,/Users/kimsumin/projects/RGMC/data/map/robot22/overlays/1073_overlay.png,/Users/kimsumin/projects/RGMC/data/map/robot22/masks/1073_mask.png
1074,0.5700000000000001,1.0,0.0,142.6851851851852,268.0389249304912,1,0.0,0.06183398286758908,0.023395604147566272,1776282572.520773,5,/Users/kimsumin/projects/RGMC/data/map/robot22/images/1074.png,/Users/kimsumin/projects/RGMC/data/map/robot22/overlays/1074_overlay.png,/Users/kimsumin/projects/RGMC/data/map/robot22/masks/1074_mask.png
1075,0.6,1.0,0.0,142.6335740072202,281.85457809694793,1,0.0,0.05675902487142415,0.3372539242749298,1776282585.3689487,5,/Users/kimsumin/projects/RGMC/data/map/robot22/images/1075.png,/Users/kimsumin/projects/RGMC/data/map/robot22/overlays/1075_overlay.png,/Users/kimsumin/projects/RGMC/data/map/robot22/masks/1075_mask.png
1076,0.63,1.0,0.0,142.81158088235293,295.8838709677419,1,0.0,0.05125732131247607,0.03917153606240207,1776282597.5601075,5,/Users/kimsumin/projects/RGMC/data/map/robot22/images/1076.png,/Users/kimsumin/projects/RGMC/data/map/robot22/overlays/1076_overlay.png,/Users/kimsumin/projects/RGMC/data/map/robot22/masks/1076_mask.png
1077,0.66,1.0,0.0,142.88563829787233,309.76616474756423,1,0.0,0.04426168593846273,0.0675640869130808,1776282610.5702438,5,/Users/kimsumin/projects/RGMC/data/map/robot22/images/1077.png,/Users/kimsumin/projects/RGMC/data/map/robot22/overlays/1077_overlay.png,/Users/kimsumin/projects/RGMC/data/map/robot22/masks/1077_mask.png
1078,0.69,1.0,0.0,142.8421052631579,324.12259835315643,1,0.0,0.06576648451681981,0.09443085031023082,1776282623.7930686,5,/Users/kimsumin/projects/RGMC/data/map/robot22/images/1078.png,/Users/kimsumin/projects/RGMC/data/map/robot22/overlays/1078_overlay.png,/Users/kimsumin/projects/RGMC/data/map/robot22/masks/1078_mask.png
1079,0.72,1.0,0.0,142.92924935289042,337.8565217391304,1,0.0,0.04267811437025699,0.08274851622952935,1776282637.6346931,5,/Users/kimsumin/projects/RGMC/data/map/robot22/images/1079.png,/Users/kimsumin/projects/RGMC/data/map/robot22/overlays/1079_overlay.png,/Users/kimsumin/projects/RGMC/data/map/robot22/masks/1079_mask.png
1080,0.75,1.0,0.0,142.8397435897436,351.4835164835165,1,0.0,0.06181235943188018,0.016833468911330446,1776282649.3765244,5,/Users/kimsumin/projects/RGMC/data/map/robot22/images/1080.png,/Users/kimsumin/projects/RGMC/data/map/robot22/overlays/1080_overlay.png,/Users/kimsumin/projects/RGMC/data/map/robot22/masks/1080_mask.png
1081,0.78,1.0,0.0,143.0236013986014,365.2768558951965,1,0.0,0.010055881319002244,0.027366144243770797,1776282662.186652,5,/Users/kimsumin/projects/RGMC/data/map/robot22/images/1081.png,/Users/kimsumin/projects/RGMC/data/map/robot22/overlays/1081_overlay.png,/Users/kimsumin/projects/RGMC/data/map/robot22/masks/1081_mask.png
1082,0.81,1.0,0.0,143.0929401251117,379.40427426536064,1,0.0,0.07264111254480946,0.05217801333223601,1776282674.9735425,5,/Users/kimsumin/projects/RGMC/data/map/robot22/images/1082.png,/Users/kimsumin/projects/RGMC/data/map/robot22/overlays/1082_overlay.png,/Users/kimsumin/projects/RGMC/data/map/robot22/masks/1082_mask.png
1083,0.84,1.0,0.0,143.0181190681622,392.97497842968073,1,0.0,0.04630043315206651,0.0432310127811544,1776282687.9180894,5,/Users/kimsumin/projects/RGMC/data/map/robot22/images/1083.png,/Users/kimsumin/projects/RGMC/data/map/robot22/overlays/1083_overlay.png,/Users/kimsumin/projects/RGMC/data/map/robot22/masks/1083_mask.png
1084,0.87,1.0,0.0,143.1740674955595,405.92767857142854,1,0.0,0.02843631454018963,0.03338225461106515,1776282700.0835192,5,/Users/kimsumin/projects/RGMC/data/map/robot22/images/1084.png,/Users/kimsumin/projects/RGMC/data/map/robot22/overlays/1084_overlay.png,/Users/kimsumin/projects/RGMC/data/map/robot22/masks/1084_mask.png
1085,0.9,1.0,0.0,143.27305282005372,420.2072072072072,1,0.0,0.04540515385065713,0.06342811089108663,1776282713.3750086,5,/Users/kimsumin/projects/RGMC/data/map/robot22/images/1085.png,/Users/kimsumin/projects/RGMC/data/map/robot22/overlays/1085_overlay.png,/Users/kimsumin/projects/RGMC/data/map/robot22/masks/1085_mask.png
1086,0.9299999999999999,1.0,0.0,143.24544666088465,433.48537005163513,1,0.0,0.06812525857528326,0.03113631734115838,1776282725.4017286,5,/Users/kimsumin/projects/RGMC/data/map/robot22/images/1086.png,/Users/kimsumin/projects/RGMC/data/map/robot22/overlays/1086_overlay.png,/Users/kimsumin/projects/RGMC/data/map/robot22/masks/1086_mask.png
1087,0.96,1.0,0.0,143.35212569316081,447.49041095890414,1,0.0,0.02712250318826669,0.03698214319037969,1776282737.3633647,5,/Users/kimsumin/projects/RGMC/data/map/robot22/images/1087.png,/Users/kimsumin/projects/RGMC/data/map/robot22/overlays/1087_overlay.png,/Users/kimsumin/projects/RGMC/data/map/robot22/masks/1087_mask.png
1088,0.99,1.0,0.0,143.35888187556358,460.6005434782609,1,0.0,0.03511633680598233,0.04515556832935068,1776282747.9030159,5,/Users/kimsumin/projects/RGMC/data/map/robot22/images/1088.png,/Users/kimsumin/projects/RGMC/data/map/robot22/overlays/1088_overlay.png,/Users/kimsumin/projects/RGMC/data/map/robot22/masks/1088_mask.png
